round,class_id,n,acc,bwt,forgetting
1,0,51,0.49019607843137253,,
1,1,45,0.5555555555555556,,
1,2,51,0.0,,
1,3,54,0.37037037037037035,,
1,4,49,0.0,,
1,5,53,0.018867924528301886,,
1,6,52,0.057692307692307696,,
1,7,58,0.0,,
1,8,62,0.0,,
2,0,51,0.0,-0.49019607843137253,0.49019607843137253
2,1,45,1.0,0.4444444444444444,0.0
2,2,51,0.0,0.0,0.0
2,3,54,0.0,-0.37037037037037035,0.37037037037037035
2,4,49,0.0,0.0,0.0
2,5,53,0.018867924528301886,0.0,0.0
2,6,52,0.0,-0.057692307692307696,0.057692307692307696
2,7,58,0.0,0.0,0.0
2,8,62,0.0,0.0,0.0
3,0,51,0.0196078431372549,-0.47058823529411764,0.47058823529411764
3,1,45,0.9333333333333333,0.37777777777777777,0.06666666666666665
3,2,51,0.0,0.0,0.0
3,3,54,0.0,-0.37037037037037035,0.37037037037037035
3,4,49,0.0,0.0,0.0
3,5,53,0.0,-0.018867924528301886,0.018867924528301886
3,6,52,0.0,-0.057692307692307696,0.057692307692307696
3,7,58,0.0,0.0,0.0
3,8,62,0.0,0.0,0.0
4,0,51,0.29411764705882354,-0.196078431372549,0.196078431372549
4,1,45,0.8,0.24444444444444446,0.19999999999999996
4,2,51,0.0,0.0,0.0
4,3,54,0.0,-0.37037037037037035,0.37037037037037035
4,4,49,0.0,0.0,0.0
4,5,53,0.0,-0.018867924528301886,0.018867924528301886
4,6,52,0.0,-0.057692307692307696,0.057692307692307696
4,7,58,0.0,0.0,0.0
4,8,62,0.0,0.0,0.0
5,0,51,0.3333333333333333,-0.1568627450980392,0.1568627450980392
5,1,45,0.8,0.24444444444444446,0.19999999999999996
5,2,51,0.0,0.0,0.0
5,3,54,0.0,-0.37037037037037035,0.37037037037037035
5,4,49,0.0,0.0,0.0
5,5,53,0.0,-0.018867924528301886,0.018867924528301886
5,6,52,0.0,-0.057692307692307696,0.057692307692307696
5,7,58,0.0,0.0,0.0
5,8,62,0.0,0.0,0.0
6,0,51,0.4117647058823529,-0.0784313725490196,0.0784313725490196
6,1,45,0.6666666666666666,0.11111111111111105,0.33333333333333337
6,2,51,0.0,0.0,0.0
6,3,54,0.037037037037037035,-0.3333333333333333,0.3333333333333333
6,4,49,0.2857142857142857,0.2857142857142857,0.0
6,5,53,0.05660377358490566,0.03773584905660378,0.0
6,6,52,0.09615384615384616,0.038461538461538464,0.0
6,7,58,0.0,0.0,0.0
6,8,62,0.0,0.0,0.0
7,0,51,0.37254901960784315,-0.11764705882352938,0.11764705882352938
7,1,45,0.6888888888888889,0.1333333333333333,0.3111111111111111
7,2,51,0.0,0.0,0.0
7,3,54,0.0,-0.37037037037037035,0.37037037037037035
7,4,49,0.16326530612244897,0.16326530612244897,0.12244897959183673
7,5,53,0.05660377358490566,0.03773584905660378,0.0
7,6,52,0.019230769230769232,-0.038461538461538464,0.07692307692307693
7,7,58,0.0,0.0,0.0
7,8,62,0.0,0.0,0.0
8,0,51,0.3333333333333333,-0.1568627450980392,0.1568627450980392
8,1,45,0.6666666666666666,0.11111111111111105,0.33333333333333337
8,2,51,0.0,0.0,0.0
8,3,54,0.037037037037037035,-0.3333333333333333,0.3333333333333333
8,4,49,0.20408163265306123,0.20408163265306123,0.08163265306122447
8,5,53,0.11320754716981132,0.09433962264150944,0.0
8,6,52,0.17307692307692307,0.11538461538461538,0.0
8,7,58,0.017241379310344827,0.017241379310344827,0.0
8,8,62,0.16129032258064516,0.16129032258064516,0.0
9,0,51,0.4117647058823529,-0.0784313725490196,0.0784313725490196
9,1,45,0.6666666666666666,0.11111111111111105,0.33333333333333337
9,2,51,0.0,0.0,0.0
9,3,54,0.0,-0.37037037037037035,0.37037037037037035
9,4,49,0.24489795918367346,0.24489795918367346,0.040816326530612235
9,5,53,0.07547169811320754,0.05660377358490566,0.03773584905660378
9,6,52,0.09615384615384616,0.038461538461538464,0.07692307692307691
9,7,58,0.0,0.0,0.017241379310344827
9,8,62,0.12903225806451613,0.12903225806451613,0.03225806451612903
10,0,51,0.3333333333333333,-0.1568627450980392,0.1568627450980392
10,1,45,0.5333333333333333,-0.022222222222222254,0.4666666666666667
10,2,51,0.0196078431372549,0.0196078431372549,0.0
10,3,54,0.05555555555555555,-0.31481481481481477,0.31481481481481477
10,4,49,0.2857142857142857,0.2857142857142857,0.0
10,5,53,0.09433962264150944,0.07547169811320756,0.018867924528301883
10,6,52,0.15384615384615385,0.09615384615384616,0.019230769230769218
10,7,58,0.017241379310344827,0.017241379310344827,0.0
10,8,62,0.14516129032258066,0.14516129032258066,0.016129032258064502
11,0,51,0.0,-0.49019607843137253,0.49019607843137253
11,1,45,0.35555555555555557,-0.2,0.6444444444444444
11,2,51,0.0,0.0,0.0196078431372549
11,3,54,0.0,-0.37037037037037035,0.37037037037037035
11,4,49,0.0,0.0,0.2857142857142857
11,5,53,0.0,-0.018867924528301886,0.11320754716981132
11,6,52,0.057692307692307696,0.0,0.11538461538461538
11,7,58,0.0,0.0,0.017241379310344827
11,8,62,0.0,0.0,0.16129032258064516
11,9,66,0.0,,
11,10,71,0.028169014084507043,,
11,11,68,0.04411764705882353,,
11,12,54,0.12962962962962962,,
11,13,66,0.015151515151515152,,
11,14,60,0.26666666666666666,,
11,15,54,0.018518518518518517,,
11,16,71,0.028169014084507043,,
11,17,60,0.1,,
12,0,51,0.0,-0.49019607843137253,0.49019607843137253
12,1,45,0.0,-0.5555555555555556,1.0
12,2,51,0.0,0.0,0.0196078431372549
12,3,54,0.0,-0.37037037037037035,0.37037037037037035
12,4,49,0.0,0.0,0.2857142857142857
12,5,53,0.0,-0.018867924528301886,0.11320754716981132
12,6,52,0.0,-0.057692307692307696,0.17307692307692307
12,7,58,0.0,0.0,0.017241379310344827
12,8,62,0.0,0.0,0.16129032258064516
12,9,66,0.2878787878787879,0.2878787878787879,0.0
12,10,71,0.014084507042253521,-0.014084507042253521,0.014084507042253521
12,11,68,0.014705882352941176,-0.029411764705882356,0.029411764705882356
12,12,54,0.1111111111111111,-0.018518518518518517,0.018518518518518517
12,13,66,0.045454545454545456,0.030303030303030304,0.0
12,14,60,0.1,-0.16666666666666666,0.16666666666666666
12,15,54,0.0,-0.018518518518518517,0.018518518518518517
12,16,71,0.36619718309859156,0.3380281690140845,0.0
12,17,60,0.25,0.15,0.0
13,0,51,0.0,-0.49019607843137253,0.49019607843137253
13,1,45,0.0,-0.5555555555555556,1.0
13,2,51,0.0,0.0,0.0196078431372549
13,3,54,0.0,-0.37037037037037035,0.37037037037037035
13,4,49,0.0,0.0,0.2857142857142857
13,5,53,0.0,-0.018867924528301886,0.11320754716981132
13,6,52,0.0,-0.057692307692307696,0.17307692307692307
13,7,58,0.0,0.0,0.017241379310344827
13,8,62,0.0,0.0,0.16129032258064516
13,9,66,0.2727272727272727,0.2727272727272727,0.015151515151515194
13,10,71,0.0,-0.028169014084507043,0.028169014084507043
13,11,68,0.014705882352941176,-0.029411764705882356,0.029411764705882356
13,12,54,0.0,-0.12962962962962962,0.12962962962962962
13,13,66,0.045454545454545456,0.030303030303030304,0.0
13,14,60,0.0,-0.26666666666666666,0.26666666666666666
13,15,54,0.1111111111111111,0.09259259259259259,0.0
13,16,71,0.6056338028169014,0.5774647887323944,0.0
13,17,60,0.18333333333333332,0.08333333333333331,0.06666666666666668
14,0,51,0.0,-0.49019607843137253,0.49019607843137253
14,1,45,0.0,-0.5555555555555556,1.0
14,2,51,0.0,0.0,0.0196078431372549
14,3,54,0.0,-0.37037037037037035,0.37037037037037035
14,4,49,0.0,0.0,0.2857142857142857
14,5,53,0.0,-0.018867924528301886,0.11320754716981132
14,6,52,0.0,-0.057692307692307696,0.17307692307692307
14,7,58,0.0,0.0,0.017241379310344827
14,8,62,0.0,0.0,0.16129032258064516
14,9,66,0.5,0.5,0.0
14,10,71,0.0,-0.028169014084507043,0.028169014084507043
14,11,68,0.0,-0.04411764705882353,0.04411764705882353
14,12,54,0.0,-0.12962962962962962,0.12962962962962962
14,13,66,0.0,-0.015151515151515152,0.045454545454545456
14,14,60,0.0,-0.26666666666666666,0.26666666666666666
14,15,54,0.2962962962962963,0.2777777777777778,0.0
14,16,71,0.5211267605633803,0.4929577464788732,0.08450704225352113
14,17,60,0.13333333333333333,0.033333333333333326,0.11666666666666667
15,0,51,0.0,-0.49019607843137253,0.49019607843137253
15,1,45,0.0,-0.5555555555555556,1.0
15,2,51,0.0,0.0,0.0196078431372549
15,3,54,0.0,-0.37037037037037035,0.37037037037037035
15,4,49,0.0,0.0,0.2857142857142857
15,5,53,0.0,-0.018867924528301886,0.11320754716981132
15,6,52,0.0,-0.057692307692307696,0.17307692307692307
15,7,58,0.0,0.0,0.017241379310344827
15,8,62,0.0,0.0,0.16129032258064516
15,9,66,0.36363636363636365,0.36363636363636365,0.13636363636363635
15,10,71,0.0,-0.028169014084507043,0.028169014084507043
15,11,68,0.0,-0.04411764705882353,0.04411764705882353
15,12,54,0.0,-0.12962962962962962,0.12962962962962962
15,13,66,0.0,-0.015151515151515152,0.045454545454545456
15,14,60,0.0,-0.26666666666666666,0.26666666666666666
15,15,54,0.5740740740740741,0.5555555555555556,0.0
15,16,71,0.676056338028169,0.647887323943662,0.0
15,17,60,0.13333333333333333,0.033333333333333326,0.11666666666666667
16,0,51,0.0,-0.49019607843137253,0.49019607843137253
16,1,45,0.0,-0.5555555555555556,1.0
16,2,51,0.0,0.0,0.0196078431372549
16,3,54,0.0,-0.37037037037037035,0.37037037037037035
16,4,49,0.0,0.0,0.2857142857142857
16,5,53,0.0,-0.018867924528301886,0.11320754716981132
16,6,52,0.0,-0.057692307692307696,0.17307692307692307
16,7,58,0.0,0.0,0.017241379310344827
16,8,62,0.0,0.0,0.16129032258064516
16,9,66,0.6363636363636364,0.6363636363636364,0.0
16,10,71,0.0,-0.028169014084507043,0.028169014084507043
16,11,68,0.029411764705882353,-0.01470588235294118,0.01470588235294118
16,12,54,0.0,-0.12962962962962962,0.12962962962962962
16,13,66,0.0,-0.015151515151515152,0.045454545454545456
16,14,60,0.0,-0.26666666666666666,0.26666666666666666
16,15,54,0.5925925925925926,0.5740740740740741,0.0
16,16,71,0.4788732394366197,0.45070422535211263,0.1971830985915493
16,17,60,0.06666666666666667,-0.03333333333333334,0.18333333333333335
17,0,51,0.0,-0.49019607843137253,0.49019607843137253
17,1,45,0.0,-0.5555555555555556,1.0
17,2,51,0.0,0.0,0.0196078431372549
17,3,54,0.0,-0.37037037037037035,0.37037037037037035
17,4,49,0.0,0.0,0.2857142857142857
17,5,53,0.0,-0.018867924528301886,0.11320754716981132
17,6,52,0.0,-0.057692307692307696,0.17307692307692307
17,7,58,0.0,0.0,0.017241379310344827
17,8,62,0.0,0.0,0.16129032258064516
17,9,66,0.3181818181818182,0.3181818181818182,0.3181818181818182
17,10,71,0.0,-0.028169014084507043,0.028169014084507043
17,11,68,0.0,-0.04411764705882353,0.04411764705882353
17,12,54,0.0,-0.12962962962962962,0.12962962962962962
17,13,66,0.0,-0.015151515151515152,0.045454545454545456
17,14,60,0.06666666666666667,-0.2,0.2
17,15,54,0.8333333333333334,0.8148148148148149,0.0
17,16,71,0.6197183098591549,0.5915492957746479,0.05633802816901412
17,17,60,0.06666666666666667,-0.03333333333333334,0.18333333333333335
18,0,51,0.0,-0.49019607843137253,0.49019607843137253
18,1,45,0.0,-0.5555555555555556,1.0
18,2,51,0.0,0.0,0.0196078431372549
18,3,54,0.0,-0.37037037037037035,0.37037037037037035
18,4,49,0.0,0.0,0.2857142857142857
18,5,53,0.0,-0.018867924528301886,0.11320754716981132
18,6,52,0.0,-0.057692307692307696,0.17307692307692307
18,7,58,0.0,0.0,0.017241379310344827
18,8,62,0.0,0.0,0.16129032258064516
18,9,66,0.6363636363636364,0.6363636363636364,0.0
18,10,71,0.0,-0.028169014084507043,0.028169014084507043
18,11,68,0.04411764705882353,0.0,0.0
18,12,54,0.0,-0.12962962962962962,0.12962962962962962
18,13,66,0.030303030303030304,0.015151515151515152,0.015151515151515152
18,14,60,0.0,-0.26666666666666666,0.26666666666666666
18,15,54,0.6851851851851852,0.6666666666666667,0.14814814814814814
18,16,71,0.5211267605633803,0.4929577464788732,0.15492957746478875
18,17,60,0.06666666666666667,-0.03333333333333334,0.18333333333333335
19,0,51,0.0,-0.49019607843137253,0.49019607843137253
19,1,45,0.0,-0.5555555555555556,1.0
19,2,51,0.0,0.0,0.0196078431372549
19,3,54,0.0,-0.37037037037037035,0.37037037037037035
19,4,49,0.0,0.0,0.2857142857142857
19,5,53,0.0,-0.018867924528301886,0.11320754716981132
19,6,52,0.0,-0.057692307692307696,0.17307692307692307
19,7,58,0.0,0.0,0.017241379310344827
19,8,62,0.0,0.0,0.16129032258064516
19,9,66,0.36363636363636365,0.36363636363636365,0.2727272727272727
19,10,71,0.0,-0.028169014084507043,0.028169014084507043
19,11,68,0.014705882352941176,-0.029411764705882356,0.029411764705882356
19,12,54,0.0,-0.12962962962962962,0.12962962962962962
19,13,66,0.030303030303030304,0.015151515151515152,0.015151515151515152
19,14,60,0.06666666666666667,-0.2,0.2
19,15,54,0.8333333333333334,0.8148148148148149,0.0
19,16,71,0.6197183098591549,0.5915492957746479,0.05633802816901412
19,17,60,0.05,-0.05,0.2
20,0,51,0.0,-0.49019607843137253,0.49019607843137253
20,1,45,0.0,-0.5555555555555556,1.0
20,2,51,0.0,0.0,0.0196078431372549
20,3,54,0.0,-0.37037037037037035,0.37037037037037035
20,4,49,0.0,0.0,0.2857142857142857
20,5,53,0.0,-0.018867924528301886,0.11320754716981132
20,6,52,0.0,-0.057692307692307696,0.17307692307692307
20,7,58,0.0,0.0,0.017241379310344827
20,8,62,0.0,0.0,0.16129032258064516
20,9,66,0.5606060606060606,0.5606060606060606,0.0757575757575758
20,10,71,0.0,-0.028169014084507043,0.028169014084507043
20,11,68,0.04411764705882353,0.0,0.0
20,12,54,0.0,-0.12962962962962962,0.12962962962962962
20,13,66,0.09090909090909091,0.07575757575757576,0.0
20,14,60,0.03333333333333333,-0.23333333333333334,0.23333333333333334
20,15,54,0.7407407407407407,0.7222222222222222,0.09259259259259267
20,16,71,0.5633802816901409,0.5352112676056339,0.11267605633802813
20,17,60,0.08333333333333333,-0.016666666666666677,0.16666666666666669
21,0,51,0.0,-0.49019607843137253,0.49019607843137253
21,1,45,0.0,-0.5555555555555556,1.0
21,2,51,0.0,0.0,0.0196078431372549
21,3,54,0.0,-0.37037037037037035,0.37037037037037035
21,4,49,0.0,0.0,0.2857142857142857
21,5,53,0.0,-0.018867924528301886,0.11320754716981132
21,6,52,0.0,-0.057692307692307696,0.17307692307692307
21,7,58,0.0,0.0,0.017241379310344827
21,8,62,0.0,0.0,0.16129032258064516
21,9,66,0.0,0.0,0.6363636363636364
21,10,71,0.0,-0.028169014084507043,0.028169014084507043
21,11,68,0.0,-0.04411764705882353,0.04411764705882353
21,12,54,0.0,-0.12962962962962962,0.12962962962962962
21,13,66,0.0,-0.015151515151515152,0.09090909090909091
21,14,60,0.0,-0.26666666666666666,0.26666666666666666
21,15,54,0.0,-0.018518518518518517,0.8333333333333334
21,16,71,0.0,-0.028169014084507043,0.676056338028169
21,17,60,0.0,-0.1,0.25
21,18,66,0.07575757575757576,,
21,19,52,0.25,,
21,20,92,0.8369565217391305,,
21,21,55,0.0,,
21,22,57,0.0,,
21,23,46,0.043478260869565216,,
21,24,48,0.4166666666666667,,
21,25,81,0.0,,
21,26,73,0.0136986301369863,,
22,0,51,0.0,-0.49019607843137253,0.49019607843137253
22,1,45,0.0,-0.5555555555555556,1.0
22,2,51,0.0,0.0,0.0196078431372549
22,3,54,0.0,-0.37037037037037035,0.37037037037037035
22,4,49,0.0,0.0,0.2857142857142857
22,5,53,0.0,-0.018867924528301886,0.11320754716981132
22,6,52,0.0,-0.057692307692307696,0.17307692307692307
22,7,58,0.0,0.0,0.017241379310344827
22,8,62,0.0,0.0,0.16129032258064516
22,9,66,0.0,0.0,0.6363636363636364
22,10,71,0.0,-0.028169014084507043,0.028169014084507043
22,11,68,0.0,-0.04411764705882353,0.04411764705882353
22,12,54,0.0,-0.12962962962962962,0.12962962962962962
22,13,66,0.0,-0.015151515151515152,0.09090909090909091
22,14,60,0.0,-0.26666666666666666,0.26666666666666666
22,15,54,0.2037037037037037,0.18518518518518517,0.6296296296296297
22,16,71,0.0,-0.028169014084507043,0.676056338028169
22,17,60,0.0,-0.1,0.25
22,18,66,0.6060606060606061,0.5303030303030303,0.0
22,19,52,0.28846153846153844,0.038461538461538436,0.0
22,20,92,0.043478260869565216,-0.7934782608695653,0.7934782608695653
22,21,55,0.10909090909090909,0.10909090909090909,0.0
22,22,57,0.19298245614035087,0.19298245614035087,0.0
22,23,46,0.2608695652173913,0.21739130434782608,0.0
22,24,48,0.625,0.20833333333333331,0.0
22,25,81,0.16049382716049382,0.16049382716049382,0.0
22,26,73,0.0,-0.0136986301369863,0.0136986301369863
23,0,51,0.0,-0.49019607843137253,0.49019607843137253
23,1,45,0.0,-0.5555555555555556,1.0
23,2,51,0.0,0.0,0.0196078431372549
23,3,54,0.0,-0.37037037037037035,0.37037037037037035
23,4,49,0.0,0.0,0.2857142857142857
23,5,53,0.0,-0.018867924528301886,0.11320754716981132
23,6,52,0.0,-0.057692307692307696,0.17307692307692307
23,7,58,0.0,0.0,0.017241379310344827
23,8,62,0.0,0.0,0.16129032258064516
23,9,66,0.0,0.0,0.6363636363636364
23,10,71,0.0,-0.028169014084507043,0.028169014084507043
23,11,68,0.0,-0.04411764705882353,0.04411764705882353
23,12,54,0.0,-0.12962962962962962,0.12962962962962962
23,13,66,0.0,-0.015151515151515152,0.09090909090909091
23,14,60,0.0,-0.26666666666666666,0.26666666666666666
23,15,54,0.018518518518518517,0.0,0.8148148148148149
23,16,71,0.0,-0.028169014084507043,0.676056338028169
23,17,60,0.0,-0.1,0.25
23,18,66,0.7121212121212122,0.6363636363636364,0.0
23,19,52,0.25,0.0,0.038461538461538436
23,20,92,0.1956521739130435,-0.641304347826087,0.641304347826087
23,21,55,0.0,0.0,0.10909090909090909
23,22,57,0.0,0.0,0.19298245614035087
23,23,46,0.15217391304347827,0.10869565217391305,0.10869565217391303
23,24,48,0.6041666666666666,0.18749999999999994,0.02083333333333337
23,25,81,0.37037037037037035,0.37037037037037035,0.0
23,26,73,0.0273972602739726,0.0136986301369863,0.0
24,0,51,0.0,-0.49019607843137253,0.49019607843137253
24,1,45,0.0,-0.5555555555555556,1.0
24,2,51,0.0,0.0,0.0196078431372549
24,3,54,0.0,-0.37037037037037035,0.37037037037037035
24,4,49,0.0,0.0,0.2857142857142857
24,5,53,0.0,-0.018867924528301886,0.11320754716981132
24,6,52,0.0,-0.057692307692307696,0.17307692307692307
24,7,58,0.0,0.0,0.017241379310344827
24,8,62,0.0,0.0,0.16129032258064516
24,9,66,0.0,0.0,0.6363636363636364
24,10,71,0.0,-0.028169014084507043,0.028169014084507043
24,11,68,0.0,-0.04411764705882353,0.04411764705882353
24,12,54,0.0,-0.12962962962962962,0.12962962962962962
24,13,66,0.0,-0.015151515151515152,0.09090909090909091
24,14,60,0.0,-0.26666666666666666,0.26666666666666666
24,15,54,0.018518518518518517,0.0,0.8148148148148149
24,16,71,0.0,-0.028169014084507043,0.676056338028169
24,17,60,0.0,-0.1,0.25
24,18,66,0.6818181818181818,0.606060606060606,0.030303030303030387
24,19,52,0.25,0.0,0.038461538461538436
24,20,92,0.07608695652173914,-0.7608695652173914,0.7608695652173914
24,21,55,0.0,0.0,0.10909090909090909
24,22,57,0.12280701754385964,0.12280701754385964,0.07017543859649122
24,23,46,0.2608695652173913,0.21739130434782608,0.0
24,24,48,0.6458333333333334,0.22916666666666669,0.0
24,25,81,0.37037037037037035,0.37037037037037035,0.0
24,26,73,0.0273972602739726,0.0136986301369863,0.0
25,0,51,0.0,-0.49019607843137253,0.49019607843137253
25,1,45,0.0,-0.5555555555555556,1.0
25,2,51,0.0,0.0,0.0196078431372549
25,3,54,0.0,-0.37037037037037035,0.37037037037037035
25,4,49,0.0,0.0,0.2857142857142857
25,5,53,0.0,-0.018867924528301886,0.11320754716981132
25,6,52,0.0,-0.057692307692307696,0.17307692307692307
25,7,58,0.0,0.0,0.017241379310344827
25,8,62,0.0,0.0,0.16129032258064516
25,9,66,0.0,0.0,0.6363636363636364
25,10,71,0.0,-0.028169014084507043,0.028169014084507043
25,11,68,0.0,-0.04411764705882353,0.04411764705882353
25,12,54,0.0,-0.12962962962962962,0.12962962962962962
25,13,66,0.0,-0.015151515151515152,0.09090909090909091
25,14,60,0.0,-0.26666666666666666,0.26666666666666666
25,15,54,0.0,-0.018518518518518517,0.8333333333333334
25,16,71,0.0,-0.028169014084507043,0.676056338028169
25,17,60,0.0,-0.1,0.25
25,18,66,0.6818181818181818,0.606060606060606,0.030303030303030387
25,19,52,0.28846153846153844,0.038461538461538436,0.0
25,20,92,0.13043478260869565,-0.7065217391304348,0.7065217391304348
25,21,55,0.0,0.0,0.10909090909090909
25,22,57,0.03508771929824561,0.03508771929824561,0.15789473684210525
25,23,46,0.2826086956521739,0.23913043478260868,0.0
25,24,48,0.4791666666666667,0.0625,0.16666666666666669
25,25,81,0.49382716049382713,0.49382716049382713,0.0
25,26,73,0.0410958904109589,0.0273972602739726,0.0
26,0,51,0.0,-0.49019607843137253,0.49019607843137253
26,1,45,0.0,-0.5555555555555556,1.0
26,2,51,0.0,0.0,0.0196078431372549
26,3,54,0.0,-0.37037037037037035,0.37037037037037035
26,4,49,0.0,0.0,0.2857142857142857
26,5,53,0.0,-0.018867924528301886,0.11320754716981132
26,6,52,0.0,-0.057692307692307696,0.17307692307692307
26,7,58,0.0,0.0,0.017241379310344827
26,8,62,0.0,0.0,0.16129032258064516
26,9,66,0.0,0.0,0.6363636363636364
26,10,71,0.0,-0.028169014084507043,0.028169014084507043
26,11,68,0.0,-0.04411764705882353,0.04411764705882353
26,12,54,0.0,-0.12962962962962962,0.12962962962962962
26,13,66,0.0,-0.015151515151515152,0.09090909090909091
26,14,60,0.0,-0.26666666666666666,0.26666666666666666
26,15,54,0.0,-0.018518518518518517,0.8333333333333334
26,16,71,0.0,-0.028169014084507043,0.676056338028169
26,17,60,0.0,-0.1,0.25
26,18,66,0.5303030303030303,0.45454545454545453,0.18181818181818188
26,19,52,0.38461538461538464,0.13461538461538464,0.0
26,20,92,0.08695652173913043,-0.75,0.75
26,21,55,0.0,0.0,0.10909090909090909
26,22,57,0.14035087719298245,0.14035087719298245,0.05263157894736842
26,23,46,0.32608695652173914,0.28260869565217395,0.0
26,24,48,0.4791666666666667,0.0625,0.16666666666666669
26,25,81,0.5185185185185185,0.5185185185185185,0.0
26,26,73,0.0273972602739726,0.0136986301369863,0.0136986301369863
27,0,51,0.0,-0.49019607843137253,0.49019607843137253
27,1,45,0.0,-0.5555555555555556,1.0
27,2,51,0.0,0.0,0.0196078431372549
27,3,54,0.0,-0.37037037037037035,0.37037037037037035
27,4,49,0.0,0.0,0.2857142857142857
27,5,53,0.0,-0.018867924528301886,0.11320754716981132
27,6,52,0.0,-0.057692307692307696,0.17307692307692307
27,7,58,0.0,0.0,0.017241379310344827
27,8,62,0.0,0.0,0.16129032258064516
27,9,66,0.0,0.0,0.6363636363636364
27,10,71,0.0,-0.028169014084507043,0.028169014084507043
27,11,68,0.0,-0.04411764705882353,0.04411764705882353
27,12,54,0.0,-0.12962962962962962,0.12962962962962962
27,13,66,0.0,-0.015151515151515152,0.09090909090909091
27,14,60,0.0,-0.26666666666666666,0.26666666666666666
27,15,54,0.0,-0.018518518518518517,0.8333333333333334
27,16,71,0.0,-0.028169014084507043,0.676056338028169
27,17,60,0.0,-0.1,0.25
27,18,66,0.6666666666666666,0.5909090909090908,0.045454545454545525
27,19,52,0.3076923076923077,0.05769230769230771,0.07692307692307693
27,20,92,0.08695652173913043,-0.75,0.75
27,21,55,0.0,0.0,0.10909090909090909
27,22,57,0.15789473684210525,0.15789473684210525,0.03508771929824561
27,23,46,0.34782608695652173,0.30434782608695654,0.0
27,24,48,0.3125,-0.10416666666666669,0.33333333333333337
27,25,81,0.4567901234567901,0.4567901234567901,0.06172839506172839
27,26,73,0.0547945205479452,0.0410958904109589,0.0
28,0,51,0.0,-0.49019607843137253,0.49019607843137253
28,1,45,0.0,-0.5555555555555556,1.0
28,2,51,0.0,0.0,0.0196078431372549
28,3,54,0.0,-0.37037037037037035,0.37037037037037035
28,4,49,0.0,0.0,0.2857142857142857
28,5,53,0.0,-0.018867924528301886,0.11320754716981132
28,6,52,0.0,-0.057692307692307696,0.17307692307692307
28,7,58,0.0,0.0,0.017241379310344827
28,8,62,0.0,0.0,0.16129032258064516
28,9,66,0.0,0.0,0.6363636363636364
28,10,71,0.0,-0.028169014084507043,0.028169014084507043
28,11,68,0.0,-0.04411764705882353,0.04411764705882353
28,12,54,0.0,-0.12962962962962962,0.12962962962962962
28,13,66,0.0,-0.015151515151515152,0.09090909090909091
28,14,60,0.0,-0.26666666666666666,0.26666666666666666
28,15,54,0.0,-0.018518518518518517,0.8333333333333334
28,16,71,0.0,-0.028169014084507043,0.676056338028169
28,17,60,0.0,-0.1,0.25
28,18,66,0.5,0.42424242424242425,0.21212121212121215
28,19,52,0.46153846153846156,0.21153846153846156,0.0
28,20,92,0.09782608695652174,-0.7391304347826088,0.7391304347826088
28,21,55,0.0,0.0,0.10909090909090909
28,22,57,0.17543859649122806,0.17543859649122806,0.017543859649122806
28,23,46,0.34782608695652173,0.30434782608695654,0.0
28,24,48,0.3958333333333333,-0.02083333333333337,0.25000000000000006
28,25,81,0.5432098765432098,0.5432098765432098,0.0
28,26,73,0.0410958904109589,0.0273972602739726,0.0136986301369863
29,0,51,0.0,-0.49019607843137253,0.49019607843137253
29,1,45,0.0,-0.5555555555555556,1.0
29,2,51,0.0,0.0,0.0196078431372549
29,3,54,0.0,-0.37037037037037035,0.37037037037037035
29,4,49,0.0,0.0,0.2857142857142857
29,5,53,0.0,-0.018867924528301886,0.11320754716981132
29,6,52,0.0,-0.057692307692307696,0.17307692307692307
29,7,58,0.0,0.0,0.017241379310344827
29,8,62,0.0,0.0,0.16129032258064516
29,9,66,0.0,0.0,0.6363636363636364
29,10,71,0.0,-0.028169014084507043,0.028169014084507043
29,11,68,0.0,-0.04411764705882353,0.04411764705882353
29,12,54,0.0,-0.12962962962962962,0.12962962962962962
29,13,66,0.0,-0.015151515151515152,0.09090909090909091
29,14,60,0.0,-0.26666666666666666,0.26666666666666666
29,15,54,0.0,-0.018518518518518517,0.8333333333333334
29,16,71,0.0,-0.028169014084507043,0.676056338028169
29,17,60,0.0,-0.1,0.25
29,18,66,0.7121212121212122,0.6363636363636364,0.0
29,19,52,0.3269230769230769,0.07692307692307693,0.13461538461538464
29,20,92,0.11956521739130435,-0.7173913043478262,0.7173913043478262
29,21,55,0.0,0.0,0.10909090909090909
29,22,57,0.19298245614035087,0.19298245614035087,0.0
29,23,46,0.391304347826087,0.34782608695652173,0.0
29,24,48,0.2708333333333333,-0.14583333333333337,0.37500000000000006
29,25,81,0.5185185185185185,0.5185185185185185,0.024691358024691357
29,26,73,0.0684931506849315,0.0547945205479452,0.0
30,0,51,0.0,-0.49019607843137253,0.49019607843137253
30,1,45,0.0,-0.5555555555555556,1.0
30,2,51,0.0,0.0,0.0196078431372549
30,3,54,0.0,-0.37037037037037035,0.37037037037037035
30,4,49,0.0,0.0,0.2857142857142857
30,5,53,0.0,-0.018867924528301886,0.11320754716981132
30,6,52,0.0,-0.057692307692307696,0.17307692307692307
30,7,58,0.0,0.0,0.017241379310344827
30,8,62,0.0,0.0,0.16129032258064516
30,9,66,0.0,0.0,0.6363636363636364
30,10,71,0.0,-0.028169014084507043,0.028169014084507043
30,11,68,0.0,-0.04411764705882353,0.04411764705882353
30,12,54,0.0,-0.12962962962962962,0.12962962962962962
30,13,66,0.0,-0.015151515151515152,0.09090909090909091
30,14,60,0.0,-0.26666666666666666,0.26666666666666666
30,15,54,0.0,-0.018518518518518517,0.8333333333333334
30,16,71,0.0,-0.028169014084507043,0.676056338028169
30,17,60,0.0,-0.1,0.25
30,18,66,0.4393939393939394,0.36363636363636365,0.27272727272727276
30,19,52,0.5192307692307693,0.2692307692307693,0.0
30,20,92,0.13043478260869565,-0.7065217391304348,0.7065217391304348
30,21,55,0.0,0.0,0.10909090909090909
30,22,57,0.19298245614035087,0.19298245614035087,0.0
30,23,46,0.34782608695652173,0.30434782608695654,0.043478260869565244
30,24,48,0.2916666666666667,-0.125,0.3541666666666667
30,25,81,0.5555555555555556,0.5555555555555556,0.0
30,26,73,0.0821917808219178,0.0684931506849315,0.0
31,0,51,0.0,-0.49019607843137253,0.49019607843137253
31,1,45,0.0,-0.5555555555555556,1.0
31,2,51,0.0,0.0,0.0196078431372549
31,3,54,0.0,-0.37037037037037035,0.37037037037037035
31,4,49,0.0,0.0,0.2857142857142857
31,5,53,0.0,-0.018867924528301886,0.11320754716981132
31,6,52,0.0,-0.057692307692307696,0.17307692307692307
31,7,58,0.0,0.0,0.017241379310344827
31,8,62,0.0,0.0,0.16129032258064516
31,9,66,0.0,0.0,0.6363636363636364
31,10,71,0.0,-0.028169014084507043,0.028169014084507043
31,11,68,0.0,-0.04411764705882353,0.04411764705882353
31,12,54,0.0,-0.12962962962962962,0.12962962962962962
31,13,66,0.0,-0.015151515151515152,0.09090909090909091
31,14,60,0.0,-0.26666666666666666,0.26666666666666666
31,15,54,0.0,-0.018518518518518517,0.8333333333333334
31,16,71,0.0,-0.028169014084507043,0.676056338028169
31,17,60,0.0,-0.1,0.25
31,18,66,0.696969696969697,0.6212121212121212,0.015151515151515138
31,19,52,0.34615384615384615,0.09615384615384615,0.17307692307692313
31,20,92,0.11956521739130435,-0.7173913043478262,0.7173913043478262
31,21,55,0.0,0.0,0.10909090909090909
31,22,57,0.14035087719298245,0.14035087719298245,0.05263157894736842
31,23,46,0.391304347826087,0.34782608695652173,0.0
31,24,48,0.2708333333333333,-0.14583333333333337,0.37500000000000006
31,25,81,0.5432098765432098,0.5432098765432098,0.012345679012345734
31,26,73,0.1232876712328767,0.1095890410958904,0.0
32,0,51,0.0,-0.49019607843137253,0.49019607843137253
32,1,45,0.0,-0.5555555555555556,1.0
32,2,51,0.0,0.0,0.0196078431372549
32,3,54,0.0,-0.37037037037037035,0.37037037037037035
32,4,49,0.0,0.0,0.2857142857142857
32,5,53,0.0,-0.018867924528301886,0.11320754716981132
32,6,52,0.0,-0.057692307692307696,0.17307692307692307
32,7,58,0.0,0.0,0.017241379310344827
32,8,62,0.0,0.0,0.16129032258064516
32,9,66,0.0,0.0,0.6363636363636364
32,10,71,0.0,-0.028169014084507043,0.028169014084507043
32,11,68,0.0,-0.04411764705882353,0.04411764705882353
32,12,54,0.0,-0.12962962962962962,0.12962962962962962
32,13,66,0.0,-0.015151515151515152,0.09090909090909091
32,14,60,0.0,-0.26666666666666666,0.26666666666666666
32,15,54,0.0,-0.018518518518518517,0.8333333333333334
32,16,71,0.0,-0.028169014084507043,0.676056338028169
32,17,60,0.0,-0.1,0.25
32,18,66,0.4393939393939394,0.36363636363636365,0.27272727272727276
32,19,52,0.4807692307692308,0.23076923076923078,0.03846153846153849
32,20,92,0.14130434782608695,-0.6956521739130436,0.6956521739130436
32,21,55,0.01818181818181818,0.01818181818181818,0.09090909090909091
32,22,57,0.3157894736842105,0.3157894736842105,0.0
32,23,46,0.34782608695652173,0.30434782608695654,0.043478260869565244
32,24,48,0.2708333333333333,-0.14583333333333337,0.37500000000000006
32,25,81,0.5061728395061729,0.5061728395061729,0.04938271604938271
32,26,73,0.1232876712328767,0.1095890410958904,0.0
33,0,51,0.0,-0.49019607843137253,0.49019607843137253
33,1,45,0.0,-0.5555555555555556,1.0
33,2,51,0.0,0.0,0.0196078431372549
33,3,54,0.0,-0.37037037037037035,0.37037037037037035
33,4,49,0.0,0.0,0.2857142857142857
33,5,53,0.0,-0.018867924528301886,0.11320754716981132
33,6,52,0.0,-0.057692307692307696,0.17307692307692307
33,7,58,0.0,0.0,0.017241379310344827
33,8,62,0.0,0.0,0.16129032258064516
33,9,66,0.0,0.0,0.6363636363636364
33,10,71,0.0,-0.028169014084507043,0.028169014084507043
33,11,68,0.0,-0.04411764705882353,0.04411764705882353
33,12,54,0.0,-0.12962962962962962,0.12962962962962962
33,13,66,0.0,-0.015151515151515152,0.09090909090909091
33,14,60,0.0,-0.26666666666666666,0.26666666666666666
33,15,54,0.0,-0.018518518518518517,0.8333333333333334
33,16,71,0.0,-0.028169014084507043,0.676056338028169
33,17,60,0.0,-0.1,0.25
33,18,66,0.6515151515151515,0.5757575757575757,0.06060606060606066
33,19,52,0.4423076923076923,0.1923076923076923,0.07692307692307698
33,20,92,0.14130434782608695,-0.6956521739130436,0.6956521739130436
33,21,55,0.03636363636363636,0.03636363636363636,0.07272727272727272
33,22,57,0.08771929824561403,0.08771929824561403,0.22807017543859648
33,23,46,0.3695652173913043,0.32608695652173914,0.02173913043478265
33,24,48,0.2708333333333333,-0.14583333333333337,0.37500000000000006
33,25,81,0.5308641975308642,0.5308641975308642,0.024691358024691357
33,26,73,0.1506849315068493,0.136986301369863,0.0
34,0,51,0.0,-0.49019607843137253,0.49019607843137253
34,1,45,0.0,-0.5555555555555556,1.0
34,2,51,0.0,0.0,0.0196078431372549
34,3,54,0.0,-0.37037037037037035,0.37037037037037035
34,4,49,0.0,0.0,0.2857142857142857
34,5,53,0.0,-0.018867924528301886,0.11320754716981132
34,6,52,0.0,-0.057692307692307696,0.17307692307692307
34,7,58,0.0,0.0,0.017241379310344827
34,8,62,0.0,0.0,0.16129032258064516
34,9,66,0.0,0.0,0.6363636363636364
34,10,71,0.0,-0.028169014084507043,0.028169014084507043
34,11,68,0.0,-0.04411764705882353,0.04411764705882353
34,12,54,0.0,-0.12962962962962962,0.12962962962962962
34,13,66,0.0,-0.015151515151515152,0.09090909090909091
34,14,60,0.0,-0.26666666666666666,0.26666666666666666
34,15,54,0.0,-0.018518518518518517,0.8333333333333334
34,16,71,0.0,-0.028169014084507043,0.676056338028169
34,17,60,0.0,-0.1,0.25
34,18,66,0.48484848484848486,0.4090909090909091,0.2272727272727273
34,19,52,0.46153846153846156,0.21153846153846156,0.05769230769230771
34,20,92,0.15217391304347827,-0.6847826086956522,0.6847826086956522
34,21,55,0.01818181818181818,0.01818181818181818,0.09090909090909091
34,22,57,0.43859649122807015,0.43859649122807015,0.0
34,23,46,0.34782608695652173,0.30434782608695654,0.043478260869565244
34,24,48,0.2708333333333333,-0.14583333333333337,0.37500000000000006
34,25,81,0.4691358024691358,0.4691358024691358,0.0864197530864198
34,26,73,0.1232876712328767,0.1095890410958904,0.0273972602739726
35,0,51,0.0,-0.49019607843137253,0.49019607843137253
35,1,45,0.0,-0.5555555555555556,1.0
35,2,51,0.0,0.0,0.0196078431372549
35,3,54,0.0,-0.37037037037037035,0.37037037037037035
35,4,49,0.0,0.0,0.2857142857142857
35,5,53,0.0,-0.018867924528301886,0.11320754716981132
35,6,52,0.0,-0.057692307692307696,0.17307692307692307
35,7,58,0.0,0.0,0.017241379310344827
35,8,62,0.0,0.0,0.16129032258064516
35,9,66,0.0,0.0,0.6363636363636364
35,10,71,0.0,-0.028169014084507043,0.028169014084507043
35,11,68,0.0,-0.04411764705882353,0.04411764705882353
35,12,54,0.0,-0.12962962962962962,0.12962962962962962
35,13,66,0.0,-0.015151515151515152,0.09090909090909091
35,14,60,0.0,-0.26666666666666666,0.26666666666666666
35,15,54,0.0,-0.018518518518518517,0.8333333333333334
35,16,71,0.0,-0.028169014084507043,0.676056338028169
35,17,60,0.0,-0.1,0.25
35,18,66,0.5757575757575758,0.5,0.13636363636363635
35,19,52,0.4423076923076923,0.1923076923076923,0.07692307692307698
35,20,92,0.16304347826086957,-0.673913043478261,0.673913043478261
35,21,55,0.03636363636363636,0.03636363636363636,0.07272727272727272
35,22,57,0.07017543859649122,0.07017543859649122,0.3684210526315789
35,23,46,0.34782608695652173,0.30434782608695654,0.043478260869565244
35,24,48,0.25,-0.16666666666666669,0.39583333333333337
35,25,81,0.5185185185185185,0.5185185185185185,0.03703703703703709
35,26,73,0.2191780821917808,0.2054794520547945,0.0
36,0,51,0.0,-0.49019607843137253,0.49019607843137253
36,1,45,0.0,-0.5555555555555556,1.0
36,2,51,0.0,0.0,0.0196078431372549
36,3,54,0.0,-0.37037037037037035,0.37037037037037035
36,4,49,0.0,0.0,0.2857142857142857
36,5,53,0.0,-0.018867924528301886,0.11320754716981132
36,6,52,0.0,-0.057692307692307696,0.17307692307692307
36,7,58,0.0,0.0,0.017241379310344827
36,8,62,0.0,0.0,0.16129032258064516
36,9,66,0.0,0.0,0.6363636363636364
36,10,71,0.0,-0.028169014084507043,0.028169014084507043
36,11,68,0.0,-0.04411764705882353,0.04411764705882353
36,12,54,0.0,-0.12962962962962962,0.12962962962962962
36,13,66,0.0,-0.015151515151515152,0.09090909090909091
36,14,60,0.0,-0.26666666666666666,0.26666666666666666
36,15,54,0.0,-0.018518518518518517,0.8333333333333334
36,16,71,0.0,-0.028169014084507043,0.676056338028169
36,17,60,0.0,-0.1,0.25
36,18,66,0.5,0.42424242424242425,0.21212121212121215
36,19,52,0.4230769230769231,0.17307692307692307,0.0961538461538462
36,20,92,0.15217391304347827,-0.6847826086956522,0.6847826086956522
36,21,55,0.01818181818181818,0.01818181818181818,0.09090909090909091
36,22,57,0.42105263157894735,0.42105263157894735,0.017543859649122806
36,23,46,0.3695652173913043,0.32608695652173914,0.02173913043478265
36,24,48,0.25,-0.16666666666666669,0.39583333333333337
36,25,81,0.4444444444444444,0.4444444444444444,0.11111111111111116
36,26,73,0.1506849315068493,0.136986301369863,0.0684931506849315
37,0,51,0.0,-0.49019607843137253,0.49019607843137253
37,1,45,0.0,-0.5555555555555556,1.0
37,2,51,0.0,0.0,0.0196078431372549
37,3,54,0.0,-0.37037037037037035,0.37037037037037035
37,4,49,0.0,0.0,0.2857142857142857
37,5,53,0.0,-0.018867924528301886,0.11320754716981132
37,6,52,0.0,-0.057692307692307696,0.17307692307692307
37,7,58,0.0,0.0,0.017241379310344827
37,8,62,0.0,0.0,0.16129032258064516
37,9,66,0.0,0.0,0.6363636363636364
37,10,71,0.0,-0.028169014084507043,0.028169014084507043
37,11,68,0.0,-0.04411764705882353,0.04411764705882353
37,12,54,0.0,-0.12962962962962962,0.12962962962962962
37,13,66,0.0,-0.015151515151515152,0.09090909090909091
37,14,60,0.0,-0.26666666666666666,0.26666666666666666
37,15,54,0.0,-0.018518518518518517,0.8333333333333334
37,16,71,0.0,-0.028169014084507043,0.676056338028169
37,17,60,0.0,-0.1,0.25
37,18,66,0.5454545454545454,0.46969696969696967,0.16666666666666674
37,19,52,0.4807692307692308,0.23076923076923078,0.03846153846153849
37,20,92,0.15217391304347827,-0.6847826086956522,0.6847826086956522
37,21,55,0.07272727272727272,0.07272727272727272,0.03636363636363636
37,22,57,0.07017543859649122,0.07017543859649122,0.3684210526315789
37,23,46,0.32608695652173914,0.28260869565217395,0.06521739130434784
37,24,48,0.20833333333333334,-0.20833333333333334,0.4375
37,25,81,0.49382716049382713,0.49382716049382713,0.06172839506172845
37,26,73,0.2602739726027397,0.2465753424657534,0.0
38,0,51,0.0,-0.49019607843137253,0.49019607843137253
38,1,45,0.0,-0.5555555555555556,1.0
38,2,51,0.0,0.0,0.0196078431372549
38,3,54,0.0,-0.37037037037037035,0.37037037037037035
38,4,49,0.0,0.0,0.2857142857142857
38,5,53,0.0,-0.018867924528301886,0.11320754716981132
38,6,52,0.0,-0.057692307692307696,0.17307692307692307
38,7,58,0.0,0.0,0.017241379310344827
38,8,62,0.0,0.0,0.16129032258064516
38,9,66,0.0,0.0,0.6363636363636364
38,10,71,0.0,-0.028169014084507043,0.028169014084507043
38,11,68,0.0,-0.04411764705882353,0.04411764705882353
38,12,54,0.0,-0.12962962962962962,0.12962962962962962
38,13,66,0.0,-0.015151515151515152,0.09090909090909091
38,14,60,0.0,-0.26666666666666666,0.26666666666666666
38,15,54,0.0,-0.018518518518518517,0.8333333333333334
38,16,71,0.0,-0.028169014084507043,0.676056338028169
38,17,60,0.0,-0.1,0.25
38,18,66,0.5606060606060606,0.4848484848484848,0.1515151515151516
38,19,52,0.34615384615384615,0.09615384615384615,0.17307692307692313
38,20,92,0.11956521739130435,-0.7173913043478262,0.7173913043478262
38,21,55,0.05454545454545454,0.05454545454545454,0.05454545454545454
38,22,57,0.45614035087719296,0.45614035087719296,0.0
38,23,46,0.391304347826087,0.34782608695652173,0.0
38,24,48,0.20833333333333334,-0.20833333333333334,0.4375
38,25,81,0.41975308641975306,0.41975308641975306,0.13580246913580252
38,26,73,0.1917808219178082,0.1780821917808219,0.0684931506849315
39,0,51,0.0,-0.49019607843137253,0.49019607843137253
39,1,45,0.0,-0.5555555555555556,1.0
39,2,51,0.0,0.0,0.0196078431372549
39,3,54,0.0,-0.37037037037037035,0.37037037037037035
39,4,49,0.0,0.0,0.2857142857142857
39,5,53,0.0,-0.018867924528301886,0.11320754716981132
39,6,52,0.0,-0.057692307692307696,0.17307692307692307
39,7,58,0.0,0.0,0.017241379310344827
39,8,62,0.0,0.0,0.16129032258064516
39,9,66,0.0,0.0,0.6363636363636364
39,10,71,0.0,-0.028169014084507043,0.028169014084507043
39,11,68,0.0,-0.04411764705882353,0.04411764705882353
39,12,54,0.0,-0.12962962962962962,0.12962962962962962
39,13,66,0.0,-0.015151515151515152,0.09090909090909091
39,14,60,0.0,-0.26666666666666666,0.26666666666666666
39,15,54,0.0,-0.018518518518518517,0.8333333333333334
39,16,71,0.0,-0.028169014084507043,0.676056338028169
39,17,60,0.0,-0.1,0.25
39,18,66,0.45454545454545453,0.3787878787878788,0.2575757575757576
39,19,52,0.4423076923076923,0.1923076923076923,0.07692307692307698
39,20,92,0.2391304347826087,-0.5978260869565217,0.5978260869565217
39,21,55,0.12727272727272726,0.12727272727272726,0.0
39,22,57,0.07017543859649122,0.07017543859649122,0.38596491228070173
39,23,46,0.32608695652173914,0.28260869565217395,0.06521739130434784
39,24,48,0.1875,-0.22916666666666669,0.45833333333333337
39,25,81,0.5061728395061729,0.5061728395061729,0.04938271604938271
39,26,73,0.2602739726027397,0.2465753424657534,0.0
40,0,51,0.0,-0.49019607843137253,0.49019607843137253
40,1,45,0.0,-0.5555555555555556,1.0
40,2,51,0.0,0.0,0.0196078431372549
40,3,54,0.0,-0.37037037037037035,0.37037037037037035
40,4,49,0.0,0.0,0.2857142857142857
40,5,53,0.0,-0.018867924528301886,0.11320754716981132
40,6,52,0.0,-0.057692307692307696,0.17307692307692307
40,7,58,0.0,0.0,0.017241379310344827
40,8,62,0.0,0.0,0.16129032258064516
40,9,66,0.0,0.0,0.6363636363636364
40,10,71,0.0,-0.028169014084507043,0.028169014084507043
40,11,68,0.0,-0.04411764705882353,0.04411764705882353
40,12,54,0.0,-0.12962962962962962,0.12962962962962962
40,13,66,0.0,-0.015151515151515152,0.09090909090909091
40,14,60,0.0,-0.26666666666666666,0.26666666666666666
40,15,54,0.0,-0.018518518518518517,0.8333333333333334
40,16,71,0.0,-0.028169014084507043,0.676056338028169
40,17,60,0.0,-0.1,0.25
40,18,66,0.6515151515151515,0.5757575757575757,0.06060606060606066
40,19,52,0.3269230769230769,0.07692307692307693,0.19230769230769235
40,20,92,0.13043478260869565,-0.7065217391304348,0.7065217391304348
40,21,55,0.05454545454545454,0.05454545454545454,0.07272727272727272
40,22,57,0.45614035087719296,0.45614035087719296,0.0
40,23,46,0.45652173913043476,0.4130434782608695,0.0
40,24,48,0.20833333333333334,-0.20833333333333334,0.4375
40,25,81,0.4074074074074074,0.4074074074074074,0.1481481481481482
40,26,73,0.1780821917808219,0.1643835616438356,0.0821917808219178
41,0,51,0.0,-0.49019607843137253,0.49019607843137253
41,1,45,0.0,-0.5555555555555556,1.0
41,2,51,0.0,0.0,0.0196078431372549
41,3,54,0.0,-0.37037037037037035,0.37037037037037035
41,4,49,0.0,0.0,0.2857142857142857
41,5,53,0.0,-0.018867924528301886,0.11320754716981132
41,6,52,0.0,-0.057692307692307696,0.17307692307692307
41,7,58,0.0,0.0,0.017241379310344827
41,8,62,0.0,0.0,0.16129032258064516
41,9,66,0.0,0.0,0.6363636363636364
41,10,71,0.0,-0.028169014084507043,0.028169014084507043
41,11,68,0.0,-0.04411764705882353,0.04411764705882353
41,12,54,0.0,-0.12962962962962962,0.12962962962962962
41,13,66,0.0,-0.015151515151515152,0.09090909090909091
41,14,60,0.0,-0.26666666666666666,0.26666666666666666
41,15,54,0.0,-0.018518518518518517,0.8333333333333334
41,16,71,0.0,-0.028169014084507043,0.676056338028169
41,17,60,0.0,-0.1,0.25
41,18,66,0.4696969696969697,0.393939393939394,0.24242424242424243
41,19,52,0.4807692307692308,0.23076923076923078,0.03846153846153849
41,20,92,0.18478260869565216,-0.6521739130434783,0.6521739130434783
41,21,55,0.12727272727272726,0.12727272727272726,0.0
41,22,57,0.14035087719298245,0.14035087719298245,0.3157894736842105
41,23,46,0.3695652173913043,0.32608695652173914,0.08695652173913043
41,24,48,0.20833333333333334,-0.20833333333333334,0.4375
41,25,81,0.5308641975308642,0.5308641975308642,0.024691358024691357
41,26,73,0.2465753424657534,0.2328767123287671,0.0136986301369863
42,0,51,0.0,-0.49019607843137253,0.49019607843137253
42,1,45,0.0,-0.5555555555555556,1.0
42,2,51,0.0,0.0,0.0196078431372549
42,3,54,0.0,-0.37037037037037035,0.37037037037037035
42,4,49,0.0,0.0,0.2857142857142857
42,5,53,0.0,-0.018867924528301886,0.11320754716981132
42,6,52,0.0,-0.057692307692307696,0.17307692307692307
42,7,58,0.0,0.0,0.017241379310344827
42,8,62,0.0,0.0,0.16129032258064516
42,9,66,0.0,0.0,0.6363636363636364
42,10,71,0.0,-0.028169014084507043,0.028169014084507043
42,11,68,0.0,-0.04411764705882353,0.04411764705882353
42,12,54,0.0,-0.12962962962962962,0.12962962962962962
42,13,66,0.0,-0.015151515151515152,0.09090909090909091
42,14,60,0.0,-0.26666666666666666,0.26666666666666666
42,15,54,0.0,-0.018518518518518517,0.8333333333333334
42,16,71,0.0,-0.028169014084507043,0.676056338028169
42,17,60,0.0,-0.1,0.25
42,18,66,0.696969696969697,0.6212121212121212,0.015151515151515138
42,19,52,0.3269230769230769,0.07692307692307693,0.19230769230769235
42,20,92,0.15217391304347827,-0.6847826086956522,0.6847826086956522
42,21,55,0.05454545454545454,0.05454545454545454,0.07272727272727272
42,22,57,0.43859649122807015,0.43859649122807015,0.017543859649122806
42,23,46,0.43478260869565216,0.3913043478260869,0.021739130434782594
42,24,48,0.20833333333333334,-0.20833333333333334,0.4375
42,25,81,0.4444444444444444,0.4444444444444444,0.11111111111111116
42,26,73,0.2191780821917808,0.2054794520547945,0.0410958904109589
43,0,51,0.0,-0.49019607843137253,0.49019607843137253
43,1,45,0.0,-0.5555555555555556,1.0
43,2,51,0.0,0.0,0.0196078431372549
43,3,54,0.0,-0.37037037037037035,0.37037037037037035
43,4,49,0.0,0.0,0.2857142857142857
43,5,53,0.0,-0.018867924528301886,0.11320754716981132
43,6,52,0.0,-0.057692307692307696,0.17307692307692307
43,7,58,0.0,0.0,0.017241379310344827
43,8,62,0.0,0.0,0.16129032258064516
43,9,66,0.0,0.0,0.6363636363636364
43,10,71,0.0,-0.028169014084507043,0.028169014084507043
43,11,68,0.0,-0.04411764705882353,0.04411764705882353
43,12,54,0.0,-0.12962962962962962,0.12962962962962962
43,13,66,0.0,-0.015151515151515152,0.09090909090909091
43,14,60,0.0,-0.26666666666666666,0.26666666666666666
43,15,54,0.0,-0.018518518518518517,0.8333333333333334
43,16,71,0.0,-0.028169014084507043,0.676056338028169
43,17,60,0.0,-0.1,0.25
43,18,66,0.5,0.42424242424242425,0.21212121212121215
43,19,52,0.4230769230769231,0.17307692307692307,0.0961538461538462
43,20,92,0.15217391304347827,-0.6847826086956522,0.6847826086956522
43,21,55,0.09090909090909091,0.09090909090909091,0.03636363636363635
43,22,57,0.22807017543859648,0.22807017543859648,0.22807017543859648
43,23,46,0.391304347826087,0.34782608695652173,0.06521739130434778
43,24,48,0.1875,-0.22916666666666669,0.45833333333333337
43,25,81,0.5555555555555556,0.5555555555555556,0.0
43,26,73,0.2465753424657534,0.2328767123287671,0.0136986301369863
44,0,51,0.0,-0.49019607843137253,0.49019607843137253
44,1,45,0.0,-0.5555555555555556,1.0
44,2,51,0.0,0.0,0.0196078431372549
44,3,54,0.0,-0.37037037037037035,0.37037037037037035
44,4,49,0.0,0.0,0.2857142857142857
44,5,53,0.0,-0.018867924528301886,0.11320754716981132
44,6,52,0.0,-0.057692307692307696,0.17307692307692307
44,7,58,0.0,0.0,0.017241379310344827
44,8,62,0.0,0.0,0.16129032258064516
44,9,66,0.0,0.0,0.6363636363636364
44,10,71,0.0,-0.028169014084507043,0.028169014084507043
44,11,68,0.0,-0.04411764705882353,0.04411764705882353
44,12,54,0.0,-0.12962962962962962,0.12962962962962962
44,13,66,0.0,-0.015151515151515152,0.09090909090909091
44,14,60,0.0,-0.26666666666666666,0.26666666666666666
44,15,54,0.0,-0.018518518518518517,0.8333333333333334
44,16,71,0.0,-0.028169014084507043,0.676056338028169
44,17,60,0.0,-0.1,0.25
44,18,66,0.6818181818181818,0.606060606060606,0.030303030303030387
44,19,52,0.34615384615384615,0.09615384615384615,0.17307692307692313
44,20,92,0.15217391304347827,-0.6847826086956522,0.6847826086956522
44,21,55,0.09090909090909091,0.09090909090909091,0.03636363636363635
44,22,57,0.40350877192982454,0.40350877192982454,0.05263157894736842
44,23,46,0.41304347826086957,0.3695652173913043,0.04347826086956519
44,24,48,0.2916666666666667,-0.125,0.3541666666666667
44,25,81,0.4444444444444444,0.4444444444444444,0.11111111111111116
44,26,73,0.2328767123287671,0.2191780821917808,0.0273972602739726
45,0,51,0.0,-0.49019607843137253,0.49019607843137253
45,1,45,0.0,-0.5555555555555556,1.0
45,2,51,0.0,0.0,0.0196078431372549
45,3,54,0.0,-0.37037037037037035,0.37037037037037035
45,4,49,0.0,0.0,0.2857142857142857
45,5,53,0.0,-0.018867924528301886,0.11320754716981132
45,6,52,0.0,-0.057692307692307696,0.17307692307692307
45,7,58,0.0,0.0,0.017241379310344827
45,8,62,0.0,0.0,0.16129032258064516
45,9,66,0.0,0.0,0.6363636363636364
45,10,71,0.0,-0.028169014084507043,0.028169014084507043
45,11,68,0.0,-0.04411764705882353,0.04411764705882353
45,12,54,0.0,-0.12962962962962962,0.12962962962962962
45,13,66,0.0,-0.015151515151515152,0.09090909090909091
45,14,60,0.0,-0.26666666666666666,0.26666666666666666
45,15,54,0.0,-0.018518518518518517,0.8333333333333334
45,16,71,0.0,-0.028169014084507043,0.676056338028169
45,17,60,0.0,-0.1,0.25
45,18,66,0.5303030303030303,0.45454545454545453,0.18181818181818188
45,19,52,0.40384615384615385,0.15384615384615385,0.11538461538461542
45,20,92,0.16304347826086957,-0.673913043478261,0.673913043478261
45,21,55,0.09090909090909091,0.09090909090909091,0.03636363636363635
45,22,57,0.3157894736842105,0.3157894736842105,0.14035087719298245
45,23,46,0.41304347826086957,0.3695652173913043,0.04347826086956519
45,24,48,0.20833333333333334,-0.20833333333333334,0.4375
45,25,81,0.5308641975308642,0.5308641975308642,0.024691358024691357
45,26,73,0.1780821917808219,0.1643835616438356,0.0821917808219178
46,0,51,0.0,-0.49019607843137253,0.49019607843137253
46,1,45,0.0,-0.5555555555555556,1.0
46,2,51,0.0,0.0,0.0196078431372549
46,3,54,0.0,-0.37037037037037035,0.37037037037037035
46,4,49,0.0,0.0,0.2857142857142857
46,5,53,0.0,-0.018867924528301886,0.11320754716981132
46,6,52,0.0,-0.057692307692307696,0.17307692307692307
46,7,58,0.0,0.0,0.017241379310344827
46,8,62,0.0,0.0,0.16129032258064516
46,9,66,0.0,0.0,0.6363636363636364
46,10,71,0.0,-0.028169014084507043,0.028169014084507043
46,11,68,0.0,-0.04411764705882353,0.04411764705882353
46,12,54,0.0,-0.12962962962962962,0.12962962962962962
46,13,66,0.0,-0.015151515151515152,0.09090909090909091
46,14,60,0.0,-0.26666666666666666,0.26666666666666666
46,15,54,0.0,-0.018518518518518517,0.8333333333333334
46,16,71,0.0,-0.028169014084507043,0.676056338028169
46,17,60,0.0,-0.1,0.25
46,18,66,0.6515151515151515,0.5757575757575757,0.06060606060606066
46,19,52,0.34615384615384615,0.09615384615384615,0.17307692307692313
46,20,92,0.15217391304347827,-0.6847826086956522,0.6847826086956522
46,21,55,0.14545454545454545,0.14545454545454545,0.0
46,22,57,0.3508771929824561,0.3508771929824561,0.10526315789473684
46,23,46,0.391304347826087,0.34782608695652173,0.06521739130434778
46,24,48,0.3333333333333333,-0.08333333333333337,0.31250000000000006
46,25,81,0.4567901234567901,0.4567901234567901,0.09876543209876548
46,26,73,0.1780821917808219,0.1643835616438356,0.0821917808219178
47,0,51,0.0,-0.49019607843137253,0.49019607843137253
47,1,45,0.0,-0.5555555555555556,1.0
47,2,51,0.0,0.0,0.0196078431372549
47,3,54,0.0,-0.37037037037037035,0.37037037037037035
47,4,49,0.0,0.0,0.2857142857142857
47,5,53,0.0,-0.018867924528301886,0.11320754716981132
47,6,52,0.0,-0.057692307692307696,0.17307692307692307
47,7,58,0.0,0.0,0.017241379310344827
47,8,62,0.0,0.0,0.16129032258064516
47,9,66,0.0,0.0,0.6363636363636364
47,10,71,0.0,-0.028169014084507043,0.028169014084507043
47,11,68,0.0,-0.04411764705882353,0.04411764705882353
47,12,54,0.0,-0.12962962962962962,0.12962962962962962
47,13,66,0.0,-0.015151515151515152,0.09090909090909091
47,14,60,0.0,-0.26666666666666666,0.26666666666666666
47,15,54,0.0,-0.018518518518518517,0.8333333333333334
47,16,71,0.0,-0.028169014084507043,0.676056338028169
47,17,60,0.0,-0.1,0.25
47,18,66,0.4696969696969697,0.393939393939394,0.24242424242424243
47,19,52,0.38461538461538464,0.13461538461538464,0.13461538461538464
47,20,92,0.16304347826086957,-0.673913043478261,0.673913043478261
47,21,55,0.10909090909090909,0.10909090909090909,0.03636363636363636
47,22,57,0.3333333333333333,0.3333333333333333,0.12280701754385964
47,23,46,0.43478260869565216,0.3913043478260869,0.021739130434782594
47,24,48,0.16666666666666666,-0.25,0.47916666666666674
47,25,81,0.5185185185185185,0.5185185185185185,0.03703703703703709
47,26,73,0.2054794520547945,0.1917808219178082,0.0547945205479452
48,0,51,0.0,-0.49019607843137253,0.49019607843137253
48,1,45,0.0,-0.5555555555555556,1.0
48,2,51,0.0,0.0,0.0196078431372549
48,3,54,0.0,-0.37037037037037035,0.37037037037037035
48,4,49,0.0,0.0,0.2857142857142857
48,5,53,0.0,-0.018867924528301886,0.11320754716981132
48,6,52,0.0,-0.057692307692307696,0.17307692307692307
48,7,58,0.0,0.0,0.017241379310344827
48,8,62,0.0,0.0,0.16129032258064516
48,9,66,0.0,0.0,0.6363636363636364
48,10,71,0.0,-0.028169014084507043,0.028169014084507043
48,11,68,0.0,-0.04411764705882353,0.04411764705882353
48,12,54,0.0,-0.12962962962962962,0.12962962962962962
48,13,66,0.0,-0.015151515151515152,0.09090909090909091
48,14,60,0.0,-0.26666666666666666,0.26666666666666666
48,15,54,0.0,-0.018518518518518517,0.8333333333333334
48,16,71,0.0,-0.028169014084507043,0.676056338028169
48,17,60,0.0,-0.1,0.25
48,18,66,0.6363636363636364,0.5606060606060606,0.0757575757575758
48,19,52,0.34615384615384615,0.09615384615384615,0.17307692307692313
48,20,92,0.17391304347826086,-0.6630434782608696,0.6630434782608696
48,21,55,0.16363636363636364,0.16363636363636364,0.0
48,22,57,0.3508771929824561,0.3508771929824561,0.10526315789473684
48,23,46,0.391304347826087,0.34782608695652173,0.06521739130434778
48,24,48,0.4166666666666667,0.0,0.22916666666666669
48,25,81,0.4567901234567901,0.4567901234567901,0.09876543209876548
48,26,73,0.136986301369863,0.1232876712328767,0.1232876712328767
49,0,51,0.0,-0.49019607843137253,0.49019607843137253
49,1,45,0.0,-0.5555555555555556,1.0
49,2,51,0.0,0.0,0.0196078431372549
49,3,54,0.0,-0.37037037037037035,0.37037037037037035
49,4,49,0.0,0.0,0.2857142857142857
49,5,53,0.0,-0.018867924528301886,0.11320754716981132
49,6,52,0.0,-0.057692307692307696,0.17307692307692307
49,7,58,0.0,0.0,0.017241379310344827
49,8,62,0.0,0.0,0.16129032258064516
49,9,66,0.0,0.0,0.6363636363636364
49,10,71,0.0,-0.028169014084507043,0.028169014084507043
49,11,68,0.0,-0.04411764705882353,0.04411764705882353
49,12,54,0.0,-0.12962962962962962,0.12962962962962962
49,13,66,0.0,-0.015151515151515152,0.09090909090909091
49,14,60,0.0,-0.26666666666666666,0.26666666666666666
49,15,54,0.0,-0.018518518518518517,0.8333333333333334
49,16,71,0.0,-0.028169014084507043,0.676056338028169
49,17,60,0.0,-0.1,0.25
49,18,66,0.48484848484848486,0.4090909090909091,0.2272727272727273
49,19,52,0.38461538461538464,0.13461538461538464,0.13461538461538464
49,20,92,0.15217391304347827,-0.6847826086956522,0.6847826086956522
49,21,55,0.14545454545454545,0.14545454545454545,0.018181818181818188
49,22,57,0.3333333333333333,0.3333333333333333,0.12280701754385964
49,23,46,0.45652173913043476,0.4130434782608695,0.0
49,24,48,0.14583333333333334,-0.27083333333333337,0.5
49,25,81,0.5432098765432098,0.5432098765432098,0.012345679012345734
49,26,73,0.2191780821917808,0.2054794520547945,0.0410958904109589
50,0,51,0.0,-0.49019607843137253,0.49019607843137253
50,1,45,0.0,-0.5555555555555556,1.0
50,2,51,0.0,0.0,0.0196078431372549
50,3,54,0.0,-0.37037037037037035,0.37037037037037035
50,4,49,0.0,0.0,0.2857142857142857
50,5,53,0.0,-0.018867924528301886,0.11320754716981132
50,6,52,0.0,-0.057692307692307696,0.17307692307692307
50,7,58,0.0,0.0,0.017241379310344827
50,8,62,0.0,0.0,0.16129032258064516
50,9,66,0.0,0.0,0.6363636363636364
50,10,71,0.0,-0.028169014084507043,0.028169014084507043
50,11,68,0.0,-0.04411764705882353,0.04411764705882353
50,12,54,0.0,-0.12962962962962962,0.12962962962962962
50,13,66,0.0,-0.015151515151515152,0.09090909090909091
50,14,60,0.0,-0.26666666666666666,0.26666666666666666
50,15,54,0.0,-0.018518518518518517,0.8333333333333334
50,16,71,0.0,-0.028169014084507043,0.676056338028169
50,17,60,0.0,-0.1,0.25
50,18,66,0.6363636363636364,0.5606060606060606,0.0757575757575758
50,19,52,0.3269230769230769,0.07692307692307693,0.19230769230769235
50,20,92,0.1956521739130435,-0.641304347826087,0.641304347826087
50,21,55,0.2727272727272727,0.2727272727272727,0.0
50,22,57,0.3157894736842105,0.3157894736842105,0.14035087719298245
50,23,46,0.391304347826087,0.34782608695652173,0.06521739130434778
50,24,48,0.4791666666666667,0.0625,0.16666666666666669
50,25,81,0.4074074074074074,0.4074074074074074,0.1481481481481482
50,26,73,0.1095890410958904,0.0958904109589041,0.1506849315068493
51,0,51,0.0,-0.49019607843137253,0.49019607843137253
51,1,45,0.0,-0.5555555555555556,1.0
51,2,51,0.0,0.0,0.0196078431372549
51,3,54,0.0,-0.37037037037037035,0.37037037037037035
51,4,49,0.0,0.0,0.2857142857142857
51,5,53,0.0,-0.018867924528301886,0.11320754716981132
51,6,52,0.0,-0.057692307692307696,0.17307692307692307
51,7,58,0.0,0.0,0.017241379310344827
51,8,62,0.0,0.0,0.16129032258064516
51,9,66,0.0,0.0,0.6363636363636364
51,10,71,0.0,-0.028169014084507043,0.028169014084507043
51,11,68,0.0,-0.04411764705882353,0.04411764705882353
51,12,54,0.0,-0.12962962962962962,0.12962962962962962
51,13,66,0.0,-0.015151515151515152,0.09090909090909091
51,14,60,0.0,-0.26666666666666666,0.26666666666666666
51,15,54,0.0,-0.018518518518518517,0.8333333333333334
51,16,71,0.0,-0.028169014084507043,0.676056338028169
51,17,60,0.0,-0.1,0.25
51,18,66,0.5,0.42424242424242425,0.21212121212121215
51,19,52,0.40384615384615385,0.15384615384615385,0.11538461538461542
51,20,92,0.14130434782608695,-0.6956521739130436,0.6956521739130436
51,21,55,0.16363636363636364,0.16363636363636364,0.10909090909090907
51,22,57,0.2982456140350877,0.2982456140350877,0.15789473684210525
51,23,46,0.4782608695652174,0.4347826086956522,0.0
51,24,48,0.125,-0.2916666666666667,0.5208333333333334
51,25,81,0.5555555555555556,0.5555555555555556,0.0
51,26,73,0.2191780821917808,0.2054794520547945,0.0410958904109589
52,0,51,0.0,-0.49019607843137253,0.49019607843137253
52,1,45,0.0,-0.5555555555555556,1.0
52,2,51,0.0,0.0,0.0196078431372549
52,3,54,0.0,-0.37037037037037035,0.37037037037037035
52,4,49,0.0,0.0,0.2857142857142857
52,5,53,0.0,-0.018867924528301886,0.11320754716981132
52,6,52,0.0,-0.057692307692307696,0.17307692307692307
52,7,58,0.0,0.0,0.017241379310344827
52,8,62,0.0,0.0,0.16129032258064516
52,9,66,0.0,0.0,0.6363636363636364
52,10,71,0.0,-0.028169014084507043,0.028169014084507043
52,11,68,0.0,-0.04411764705882353,0.04411764705882353
52,12,54,0.0,-0.12962962962962962,0.12962962962962962
52,13,66,0.0,-0.015151515151515152,0.09090909090909091
52,14,60,0.0,-0.26666666666666666,0.26666666666666666
52,15,54,0.0,-0.018518518518518517,0.8333333333333334
52,16,71,0.0,-0.028169014084507043,0.676056338028169
52,17,60,0.0,-0.1,0.25
52,18,66,0.6060606060606061,0.5303030303030303,0.10606060606060608
52,19,52,0.36538461538461536,0.11538461538461536,0.1538461538461539
52,20,92,0.18478260869565216,-0.6521739130434783,0.6521739130434783
52,21,55,0.36363636363636365,0.36363636363636365,0.0
52,22,57,0.3157894736842105,0.3157894736842105,0.14035087719298245
52,23,46,0.391304347826087,0.34782608695652173,0.08695652173913043
52,24,48,0.4791666666666667,0.0625,0.16666666666666669
52,25,81,0.3950617283950617,0.3950617283950617,0.16049382716049387
52,26,73,0.1095890410958904,0.0958904109589041,0.1506849315068493
53,0,51,0.0,-0.49019607843137253,0.49019607843137253
53,1,45,0.0,-0.5555555555555556,1.0
53,2,51,0.0,0.0,0.0196078431372549
53,3,54,0.0,-0.37037037037037035,0.37037037037037035
53,4,49,0.0,0.0,0.2857142857142857
53,5,53,0.0,-0.018867924528301886,0.11320754716981132
53,6,52,0.0,-0.057692307692307696,0.17307692307692307
53,7,58,0.0,0.0,0.017241379310344827
53,8,62,0.0,0.0,0.16129032258064516
53,9,66,0.0,0.0,0.6363636363636364
53,10,71,0.0,-0.028169014084507043,0.028169014084507043
53,11,68,0.0,-0.04411764705882353,0.04411764705882353
53,12,54,0.0,-0.12962962962962962,0.12962962962962962
53,13,66,0.0,-0.015151515151515152,0.09090909090909091
53,14,60,0.0,-0.26666666666666666,0.26666666666666666
53,15,54,0.0,-0.018518518518518517,0.8333333333333334
53,16,71,0.0,-0.028169014084507043,0.676056338028169
53,17,60,0.0,-0.1,0.25
53,18,66,0.5151515151515151,0.4393939393939394,0.19696969696969702
53,19,52,0.38461538461538464,0.13461538461538464,0.13461538461538464
53,20,92,0.13043478260869565,-0.7065217391304348,0.7065217391304348
53,21,55,0.14545454545454545,0.14545454545454545,0.2181818181818182
53,22,57,0.3333333333333333,0.3333333333333333,0.12280701754385964
53,23,46,0.5217391304347826,0.4782608695652174,0.0
53,24,48,0.125,-0.2916666666666667,0.5208333333333334
53,25,81,0.5432098765432098,0.5432098765432098,0.012345679012345734
53,26,73,0.2328767123287671,0.2191780821917808,0.0273972602739726
54,0,51,0.0,-0.49019607843137253,0.49019607843137253
54,1,45,0.0,-0.5555555555555556,1.0
54,2,51,0.0,0.0,0.0196078431372549
54,3,54,0.0,-0.37037037037037035,0.37037037037037035
54,4,49,0.0,0.0,0.2857142857142857
54,5,53,0.0,-0.018867924528301886,0.11320754716981132
54,6,52,0.0,-0.057692307692307696,0.17307692307692307
54,7,58,0.0,0.0,0.017241379310344827
54,8,62,0.0,0.0,0.16129032258064516
54,9,66,0.0,0.0,0.6363636363636364
54,10,71,0.0,-0.028169014084507043,0.028169014084507043
54,11,68,0.0,-0.04411764705882353,0.04411764705882353
54,12,54,0.0,-0.12962962962962962,0.12962962962962962
54,13,66,0.0,-0.015151515151515152,0.09090909090909091
54,14,60,0.0,-0.26666666666666666,0.26666666666666666
54,15,54,0.0,-0.018518518518518517,0.8333333333333334
54,16,71,0.0,-0.028169014084507043,0.676056338028169
54,17,60,0.0,-0.1,0.25
54,18,66,0.5606060606060606,0.4848484848484848,0.1515151515151516
54,19,52,0.36538461538461536,0.11538461538461536,0.1538461538461539
54,20,92,0.17391304347826086,-0.6630434782608696,0.6630434782608696
54,21,55,0.36363636363636365,0.36363636363636365,0.0
54,22,57,0.3333333333333333,0.3333333333333333,0.12280701754385964
54,23,46,0.32608695652173914,0.28260869565217395,0.19565217391304346
54,24,48,0.4583333333333333,0.04166666666666663,0.18750000000000006
54,25,81,0.38271604938271603,0.38271604938271603,0.17283950617283955
54,26,73,0.1095890410958904,0.0958904109589041,0.1506849315068493
55,0,51,0.0,-0.49019607843137253,0.49019607843137253
55,1,45,0.0,-0.5555555555555556,1.0
55,2,51,0.0,0.0,0.0196078431372549
55,3,54,0.0,-0.37037037037037035,0.37037037037037035
55,4,49,0.0,0.0,0.2857142857142857
55,5,53,0.0,-0.018867924528301886,0.11320754716981132
55,6,52,0.0,-0.057692307692307696,0.17307692307692307
55,7,58,0.0,0.0,0.017241379310344827
55,8,62,0.0,0.0,0.16129032258064516
55,9,66,0.0,0.0,0.6363636363636364
55,10,71,0.0,-0.028169014084507043,0.028169014084507043
55,11,68,0.0,-0.04411764705882353,0.04411764705882353
55,12,54,0.0,-0.12962962962962962,0.12962962962962962
55,13,66,0.0,-0.015151515151515152,0.09090909090909091
55,14,60,0.0,-0.26666666666666666,0.26666666666666666
55,15,54,0.0,-0.018518518518518517,0.8333333333333334
55,16,71,0.0,-0.028169014084507043,0.676056338028169
55,17,60,0.0,-0.1,0.25
55,18,66,0.48484848484848486,0.4090909090909091,0.2272727272727273
55,19,52,0.4230769230769231,0.17307692307692307,0.0961538461538462
55,20,92,0.11956521739130435,-0.7173913043478262,0.7173913043478262
55,21,55,0.18181818181818182,0.18181818181818182,0.18181818181818182
55,22,57,0.2807017543859649,0.2807017543859649,0.17543859649122806
55,23,46,0.5,0.4565217391304348,0.021739130434782594
55,24,48,0.125,-0.2916666666666667,0.5208333333333334
55,25,81,0.5555555555555556,0.5555555555555556,0.0
55,26,73,0.2328767123287671,0.2191780821917808,0.0273972602739726
56,0,51,0.0,-0.49019607843137253,0.49019607843137253
56,1,45,0.0,-0.5555555555555556,1.0
56,2,51,0.0,0.0,0.0196078431372549
56,3,54,0.0,-0.37037037037037035,0.37037037037037035
56,4,49,0.0,0.0,0.2857142857142857
56,5,53,0.0,-0.018867924528301886,0.11320754716981132
56,6,52,0.0,-0.057692307692307696,0.17307692307692307
56,7,58,0.0,0.0,0.017241379310344827
56,8,62,0.0,0.0,0.16129032258064516
56,9,66,0.0,0.0,0.6363636363636364
56,10,71,0.0,-0.028169014084507043,0.028169014084507043
56,11,68,0.0,-0.04411764705882353,0.04411764705882353
56,12,54,0.0,-0.12962962962962962,0.12962962962962962
56,13,66,0.0,-0.015151515151515152,0.09090909090909091
56,14,60,0.0,-0.26666666666666666,0.26666666666666666
56,15,54,0.0,-0.018518518518518517,0.8333333333333334
56,16,71,0.0,-0.028169014084507043,0.676056338028169
56,17,60,0.0,-0.1,0.25
56,18,66,0.6212121212121212,0.5454545454545454,0.09090909090909094
56,19,52,0.34615384615384615,0.09615384615384615,0.17307692307692313
56,20,92,0.16304347826086957,-0.673913043478261,0.673913043478261
56,21,55,0.32727272727272727,0.32727272727272727,0.036363636363636376
56,22,57,0.3684210526315789,0.3684210526315789,0.08771929824561403
56,23,46,0.3695652173913043,0.32608695652173914,0.15217391304347827
56,24,48,0.4375,0.020833333333333315,0.20833333333333337
56,25,81,0.3950617283950617,0.3950617283950617,0.16049382716049387
56,26,73,0.1095890410958904,0.0958904109589041,0.1506849315068493
57,0,51,0.0,-0.49019607843137253,0.49019607843137253
57,1,45,0.0,-0.5555555555555556,1.0
57,2,51,0.0,0.0,0.0196078431372549
57,3,54,0.0,-0.37037037037037035,0.37037037037037035
57,4,49,0.0,0.0,0.2857142857142857
57,5,53,0.0,-0.018867924528301886,0.11320754716981132
57,6,52,0.0,-0.057692307692307696,0.17307692307692307
57,7,58,0.0,0.0,0.017241379310344827
57,8,62,0.0,0.0,0.16129032258064516
57,9,66,0.0,0.0,0.6363636363636364
57,10,71,0.0,-0.028169014084507043,0.028169014084507043
57,11,68,0.0,-0.04411764705882353,0.04411764705882353
57,12,54,0.0,-0.12962962962962962,0.12962962962962962
57,13,66,0.0,-0.015151515151515152,0.09090909090909091
57,14,60,0.0,-0.26666666666666666,0.26666666666666666
57,15,54,0.0,-0.018518518518518517,0.8333333333333334
57,16,71,0.0,-0.028169014084507043,0.676056338028169
57,17,60,0.0,-0.1,0.25
57,18,66,0.5303030303030303,0.45454545454545453,0.18181818181818188
57,19,52,0.40384615384615385,0.15384615384615385,0.11538461538461542
57,20,92,0.10869565217391304,-0.7282608695652174,0.7282608695652174
57,21,55,0.2,0.2,0.16363636363636364
57,22,57,0.3333333333333333,0.3333333333333333,0.12280701754385964
57,23,46,0.4782608695652174,0.4347826086956522,0.04347826086956519
57,24,48,0.14583333333333334,-0.27083333333333337,0.5
57,25,81,0.5432098765432098,0.5432098765432098,0.012345679012345734
57,26,73,0.2054794520547945,0.1917808219178082,0.0547945205479452
58,0,51,0.0,-0.49019607843137253,0.49019607843137253
58,1,45,0.0,-0.5555555555555556,1.0
58,2,51,0.0,0.0,0.0196078431372549
58,3,54,0.0,-0.37037037037037035,0.37037037037037035
58,4,49,0.0,0.0,0.2857142857142857
58,5,53,0.0,-0.018867924528301886,0.11320754716981132
58,6,52,0.0,-0.057692307692307696,0.17307692307692307
58,7,58,0.0,0.0,0.017241379310344827
58,8,62,0.0,0.0,0.16129032258064516
58,9,66,0.0,0.0,0.6363636363636364
58,10,71,0.0,-0.028169014084507043,0.028169014084507043
58,11,68,0.0,-0.04411764705882353,0.04411764705882353
58,12,54,0.0,-0.12962962962962962,0.12962962962962962
58,13,66,0.0,-0.015151515151515152,0.09090909090909091
58,14,60,0.0,-0.26666666666666666,0.26666666666666666
58,15,54,0.0,-0.018518518518518517,0.8333333333333334
58,16,71,0.0,-0.028169014084507043,0.676056338028169
58,17,60,0.0,-0.1,0.25
58,18,66,0.4696969696969697,0.393939393939394,0.24242424242424243
58,19,52,0.3076923076923077,0.05769230769230771,0.21153846153846156
58,20,92,0.15217391304347827,-0.6847826086956522,0.6847826086956522
58,21,55,0.41818181818181815,0.41818181818181815,0.0
58,22,57,0.3333333333333333,0.3333333333333333,0.12280701754385964
58,23,46,0.41304347826086957,0.3695652173913043,0.10869565217391303
58,24,48,0.4166666666666667,0.0,0.22916666666666669
58,25,81,0.4074074074074074,0.4074074074074074,0.1481481481481482
58,26,73,0.1095890410958904,0.0958904109589041,0.1506849315068493
59,0,51,0.0,-0.49019607843137253,0.49019607843137253
59,1,45,0.0,-0.5555555555555556,1.0
59,2,51,0.0,0.0,0.0196078431372549
59,3,54,0.0,-0.37037037037037035,0.37037037037037035
59,4,49,0.0,0.0,0.2857142857142857
59,5,53,0.0,-0.018867924528301886,0.11320754716981132
59,6,52,0.0,-0.057692307692307696,0.17307692307692307
59,7,58,0.0,0.0,0.017241379310344827
59,8,62,0.0,0.0,0.16129032258064516
59,9,66,0.0,0.0,0.6363636363636364
59,10,71,0.0,-0.028169014084507043,0.028169014084507043
59,11,68,0.0,-0.04411764705882353,0.04411764705882353
59,12,54,0.0,-0.12962962962962962,0.12962962962962962
59,13,66,0.0,-0.015151515151515152,0.09090909090909091
59,14,60,0.0,-0.26666666666666666,0.26666666666666666
59,15,54,0.0,-0.018518518518518517,0.8333333333333334
59,16,71,0.0,-0.028169014084507043,0.676056338028169
59,17,60,0.0,-0.1,0.25
59,18,66,0.5151515151515151,0.4393939393939394,0.19696969696969702
59,19,52,0.40384615384615385,0.15384615384615385,0.11538461538461542
59,20,92,0.11956521739130435,-0.7173913043478262,0.7173913043478262
59,21,55,0.21818181818181817,0.21818181818181817,0.19999999999999998
59,22,57,0.3333333333333333,0.3333333333333333,0.12280701754385964
59,23,46,0.45652173913043476,0.4130434782608695,0.06521739130434784
59,24,48,0.16666666666666666,-0.25,0.47916666666666674
59,25,81,0.5308641975308642,0.5308641975308642,0.024691358024691357
59,26,73,0.2465753424657534,0.2328767123287671,0.0136986301369863
60,0,51,0.0,-0.49019607843137253,0.49019607843137253
60,1,45,0.0,-0.5555555555555556,1.0
60,2,51,0.0,0.0,0.0196078431372549
60,3,54,0.0,-0.37037037037037035,0.37037037037037035
60,4,49,0.0,0.0,0.2857142857142857
60,5,53,0.0,-0.018867924528301886,0.11320754716981132
60,6,52,0.0,-0.057692307692307696,0.17307692307692307
60,7,58,0.0,0.0,0.017241379310344827
60,8,62,0.0,0.0,0.16129032258064516
60,9,66,0.0,0.0,0.6363636363636364
60,10,71,0.0,-0.028169014084507043,0.028169014084507043
60,11,68,0.0,-0.04411764705882353,0.04411764705882353
60,12,54,0.0,-0.12962962962962962,0.12962962962962962
60,13,66,0.0,-0.015151515151515152,0.09090909090909091
60,14,60,0.0,-0.26666666666666666,0.26666666666666666
60,15,54,0.0,-0.018518518518518517,0.8333333333333334
60,16,71,0.0,-0.028169014084507043,0.676056338028169
60,17,60,0.0,-0.1,0.25
60,18,66,0.48484848484848486,0.4090909090909091,0.2272727272727273
60,19,52,0.3076923076923077,0.05769230769230771,0.21153846153846156
60,20,92,0.14130434782608695,-0.6956521739130436,0.6956521739130436
60,21,55,0.34545454545454546,0.34545454545454546,0.0727272727272727
60,22,57,0.3333333333333333,0.3333333333333333,0.12280701754385964
60,23,46,0.43478260869565216,0.3913043478260869,0.08695652173913043
60,24,48,0.4166666666666667,0.0,0.22916666666666669
60,25,81,0.4567901234567901,0.4567901234567901,0.09876543209876548
60,26,73,0.1095890410958904,0.0958904109589041,0.1506849315068493
61,0,51,0.0,-0.49019607843137253,0.49019607843137253
61,1,45,0.0,-0.5555555555555556,1.0
61,2,51,0.0,0.0,0.0196078431372549
61,3,54,0.0,-0.37037037037037035,0.37037037037037035
61,4,49,0.0,0.0,0.2857142857142857
61,5,53,0.0,-0.018867924528301886,0.11320754716981132
61,6,52,0.0,-0.057692307692307696,0.17307692307692307
61,7,58,0.0,0.0,0.017241379310344827
61,8,62,0.0,0.0,0.16129032258064516
61,9,66,0.0,0.0,0.6363636363636364
61,10,71,0.0,-0.028169014084507043,0.028169014084507043
61,11,68,0.0,-0.04411764705882353,0.04411764705882353
61,12,54,0.0,-0.12962962962962962,0.12962962962962962
61,13,66,0.0,-0.015151515151515152,0.09090909090909091
61,14,60,0.0,-0.26666666666666666,0.26666666666666666
61,15,54,0.0,-0.018518518518518517,0.8333333333333334
61,16,71,0.0,-0.028169014084507043,0.676056338028169
61,17,60,0.0,-0.1,0.25
61,18,66,0.4696969696969697,0.393939393939394,0.24242424242424243
61,19,52,0.40384615384615385,0.15384615384615385,0.11538461538461542
61,20,92,0.14130434782608695,-0.6956521739130436,0.6956521739130436
61,21,55,0.2545454545454545,0.2545454545454545,0.16363636363636364
61,22,57,0.3333333333333333,0.3333333333333333,0.12280701754385964
61,23,46,0.43478260869565216,0.3913043478260869,0.08695652173913043
61,24,48,0.16666666666666666,-0.25,0.47916666666666674
61,25,81,0.5185185185185185,0.5185185185185185,0.03703703703703709
61,26,73,0.2328767123287671,0.2191780821917808,0.0273972602739726
62,0,51,0.0,-0.49019607843137253,0.49019607843137253
62,1,45,0.0,-0.5555555555555556,1.0
62,2,51,0.0,0.0,0.0196078431372549
62,3,54,0.0,-0.37037037037037035,0.37037037037037035
62,4,49,0.0,0.0,0.2857142857142857
62,5,53,0.0,-0.018867924528301886,0.11320754716981132
62,6,52,0.0,-0.057692307692307696,0.17307692307692307
62,7,58,0.0,0.0,0.017241379310344827
62,8,62,0.0,0.0,0.16129032258064516
62,9,66,0.0,0.0,0.6363636363636364
62,10,71,0.0,-0.028169014084507043,0.028169014084507043
62,11,68,0.0,-0.04411764705882353,0.04411764705882353
62,12,54,0.0,-0.12962962962962962,0.12962962962962962
62,13,66,0.0,-0.015151515151515152,0.09090909090909091
62,14,60,0.0,-0.26666666666666666,0.26666666666666666
62,15,54,0.0,-0.018518518518518517,0.8333333333333334
62,16,71,0.0,-0.028169014084507043,0.676056338028169
62,17,60,0.0,-0.1,0.25
62,18,66,0.5909090909090909,0.5151515151515151,0.12121212121212122
62,19,52,0.3076923076923077,0.05769230769230771,0.21153846153846156
62,20,92,0.11956521739130435,-0.7173913043478262,0.7173913043478262
62,21,55,0.32727272727272727,0.32727272727272727,0.09090909090909088
62,22,57,0.3333333333333333,0.3333333333333333,0.12280701754385964
62,23,46,0.43478260869565216,0.3913043478260869,0.08695652173913043
62,24,48,0.4166666666666667,0.0,0.22916666666666669
62,25,81,0.4567901234567901,0.4567901234567901,0.09876543209876548
62,26,73,0.1232876712328767,0.1095890410958904,0.136986301369863
63,0,51,0.0,-0.49019607843137253,0.49019607843137253
63,1,45,0.0,-0.5555555555555556,1.0
63,2,51,0.0,0.0,0.0196078431372549
63,3,54,0.0,-0.37037037037037035,0.37037037037037035
63,4,49,0.0,0.0,0.2857142857142857
63,5,53,0.0,-0.018867924528301886,0.11320754716981132
63,6,52,0.0,-0.057692307692307696,0.17307692307692307
63,7,58,0.0,0.0,0.017241379310344827
63,8,62,0.0,0.0,0.16129032258064516
63,9,66,0.0,0.0,0.6363636363636364
63,10,71,0.0,-0.028169014084507043,0.028169014084507043
63,11,68,0.0,-0.04411764705882353,0.04411764705882353
63,12,54,0.0,-0.12962962962962962,0.12962962962962962
63,13,66,0.0,-0.015151515151515152,0.09090909090909091
63,14,60,0.0,-0.26666666666666666,0.26666666666666666
63,15,54,0.0,-0.018518518518518517,0.8333333333333334
63,16,71,0.0,-0.028169014084507043,0.676056338028169
63,17,60,0.0,-0.1,0.25
63,18,66,0.4696969696969697,0.393939393939394,0.24242424242424243
63,19,52,0.38461538461538464,0.13461538461538464,0.13461538461538464
63,20,92,0.13043478260869565,-0.7065217391304348,0.7065217391304348
63,21,55,0.2727272727272727,0.2727272727272727,0.14545454545454545
63,22,57,0.3333333333333333,0.3333333333333333,0.12280701754385964
63,23,46,0.43478260869565216,0.3913043478260869,0.08695652173913043
63,24,48,0.1875,-0.22916666666666669,0.45833333333333337
63,25,81,0.5308641975308642,0.5308641975308642,0.024691358024691357
63,26,73,0.1917808219178082,0.1780821917808219,0.0684931506849315
64,0,51,0.0,-0.49019607843137253,0.49019607843137253
64,1,45,0.0,-0.5555555555555556,1.0
64,2,51,0.0,0.0,0.0196078431372549
64,3,54,0.0,-0.37037037037037035,0.37037037037037035
64,4,49,0.0,0.0,0.2857142857142857
64,5,53,0.0,-0.018867924528301886,0.11320754716981132
64,6,52,0.0,-0.057692307692307696,0.17307692307692307
64,7,58,0.0,0.0,0.017241379310344827
64,8,62,0.0,0.0,0.16129032258064516
64,9,66,0.0,0.0,0.6363636363636364
64,10,71,0.0,-0.028169014084507043,0.028169014084507043
64,11,68,0.0,-0.04411764705882353,0.04411764705882353
64,12,54,0.0,-0.12962962962962962,0.12962962962962962
64,13,66,0.0,-0.015151515151515152,0.09090909090909091
64,14,60,0.0,-0.26666666666666666,0.26666666666666666
64,15,54,0.0,-0.018518518518518517,0.8333333333333334
64,16,71,0.0,-0.028169014084507043,0.676056338028169
64,17,60,0.0,-0.1,0.25
64,18,66,0.5757575757575758,0.5,0.13636363636363635
64,19,52,0.36538461538461536,0.11538461538461536,0.1538461538461539
64,20,92,0.11956521739130435,-0.7173913043478262,0.7173913043478262
64,21,55,0.38181818181818183,0.38181818181818183,0.03636363636363632
64,22,57,0.3333333333333333,0.3333333333333333,0.12280701754385964
64,23,46,0.43478260869565216,0.3913043478260869,0.08695652173913043
64,24,48,0.4166666666666667,0.0,0.22916666666666669
64,25,81,0.4444444444444444,0.4444444444444444,0.11111111111111116
64,26,73,0.136986301369863,0.1232876712328767,0.1232876712328767
65,0,51,0.0,-0.49019607843137253,0.49019607843137253
65,1,45,0.0,-0.5555555555555556,1.0
65,2,51,0.0,0.0,0.0196078431372549
65,3,54,0.0,-0.37037037037037035,0.37037037037037035
65,4,49,0.0,0.0,0.2857142857142857
65,5,53,0.0,-0.018867924528301886,0.11320754716981132
65,6,52,0.0,-0.057692307692307696,0.17307692307692307
65,7,58,0.0,0.0,0.017241379310344827
65,8,62,0.0,0.0,0.16129032258064516
65,9,66,0.0,0.0,0.6363636363636364
65,10,71,0.0,-0.028169014084507043,0.028169014084507043
65,11,68,0.0,-0.04411764705882353,0.04411764705882353
65,12,54,0.0,-0.12962962962962962,0.12962962962962962
65,13,66,0.0,-0.015151515151515152,0.09090909090909091
65,14,60,0.0,-0.26666666666666666,0.26666666666666666
65,15,54,0.0,-0.018518518518518517,0.8333333333333334
65,16,71,0.0,-0.028169014084507043,0.676056338028169
65,17,60,0.0,-0.1,0.25
65,18,66,0.45454545454545453,0.3787878787878788,0.2575757575757576
65,19,52,0.38461538461538464,0.13461538461538464,0.13461538461538464
65,20,92,0.10869565217391304,-0.7282608695652174,0.7282608695652174
65,21,55,0.34545454545454546,0.34545454545454546,0.0727272727272727
65,22,57,0.3157894736842105,0.3157894736842105,0.14035087719298245
65,23,46,0.45652173913043476,0.4130434782608695,0.06521739130434784
65,24,48,0.1875,-0.22916666666666669,0.45833333333333337
65,25,81,0.5555555555555556,0.5555555555555556,0.0
65,26,73,0.2328767123287671,0.2191780821917808,0.0273972602739726
66,0,51,0.0,-0.49019607843137253,0.49019607843137253
66,1,45,0.0,-0.5555555555555556,1.0
66,2,51,0.0,0.0,0.0196078431372549
66,3,54,0.0,-0.37037037037037035,0.37037037037037035
66,4,49,0.0,0.0,0.2857142857142857
66,5,53,0.0,-0.018867924528301886,0.11320754716981132
66,6,52,0.0,-0.057692307692307696,0.17307692307692307
66,7,58,0.0,0.0,0.017241379310344827
66,8,62,0.0,0.0,0.16129032258064516
66,9,66,0.0,0.0,0.6363636363636364
66,10,71,0.0,-0.028169014084507043,0.028169014084507043
66,11,68,0.0,-0.04411764705882353,0.04411764705882353
66,12,54,0.0,-0.12962962962962962,0.12962962962962962
66,13,66,0.0,-0.015151515151515152,0.09090909090909091
66,14,60,0.0,-0.26666666666666666,0.26666666666666666
66,15,54,0.0,-0.018518518518518517,0.8333333333333334
66,16,71,0.0,-0.028169014084507043,0.676056338028169
66,17,60,0.0,-0.1,0.25
66,18,66,0.5151515151515151,0.4393939393939394,0.19696969696969702
66,19,52,0.36538461538461536,0.11538461538461536,0.1538461538461539
66,20,92,0.13043478260869565,-0.7065217391304348,0.7065217391304348
66,21,55,0.41818181818181815,0.41818181818181815,0.0
66,22,57,0.3333333333333333,0.3333333333333333,0.12280701754385964
66,23,46,0.43478260869565216,0.3913043478260869,0.08695652173913043
66,24,48,0.4166666666666667,0.0,0.22916666666666669
66,25,81,0.4444444444444444,0.4444444444444444,0.11111111111111116
66,26,73,0.136986301369863,0.1232876712328767,0.1232876712328767
67,0,51,0.0,-0.49019607843137253,0.49019607843137253
67,1,45,0.0,-0.5555555555555556,1.0
67,2,51,0.0,0.0,0.0196078431372549
67,3,54,0.0,-0.37037037037037035,0.37037037037037035
67,4,49,0.0,0.0,0.2857142857142857
67,5,53,0.0,-0.018867924528301886,0.11320754716981132
67,6,52,0.0,-0.057692307692307696,0.17307692307692307
67,7,58,0.0,0.0,0.017241379310344827
67,8,62,0.0,0.0,0.16129032258064516
67,9,66,0.0,0.0,0.6363636363636364
67,10,71,0.0,-0.028169014084507043,0.028169014084507043
67,11,68,0.0,-0.04411764705882353,0.04411764705882353
67,12,54,0.0,-0.12962962962962962,0.12962962962962962
67,13,66,0.0,-0.015151515151515152,0.09090909090909091
67,14,60,0.0,-0.26666666666666666,0.26666666666666666
67,15,54,0.0,-0.018518518518518517,0.8333333333333334
67,16,71,0.0,-0.028169014084507043,0.676056338028169
67,17,60,0.0,-0.1,0.25
67,18,66,0.45454545454545453,0.3787878787878788,0.2575757575757576
67,19,52,0.36538461538461536,0.11538461538461536,0.1538461538461539
67,20,92,0.09782608695652174,-0.7391304347826088,0.7391304347826088
67,21,55,0.36363636363636365,0.36363636363636365,0.05454545454545451
67,22,57,0.3157894736842105,0.3157894736842105,0.14035087719298245
67,23,46,0.4782608695652174,0.4347826086956522,0.04347826086956519
67,24,48,0.1875,-0.22916666666666669,0.45833333333333337
67,25,81,0.5679012345679012,0.5679012345679012,0.0
67,26,73,0.2602739726027397,0.2465753424657534,0.0
68,0,51,0.0,-0.49019607843137253,0.49019607843137253
68,1,45,0.0,-0.5555555555555556,1.0
68,2,51,0.0,0.0,0.0196078431372549
68,3,54,0.0,-0.37037037037037035,0.37037037037037035
68,4,49,0.0,0.0,0.2857142857142857
68,5,53,0.0,-0.018867924528301886,0.11320754716981132
68,6,52,0.0,-0.057692307692307696,0.17307692307692307
68,7,58,0.0,0.0,0.017241379310344827
68,8,62,0.0,0.0,0.16129032258064516
68,9,66,0.0,0.0,0.6363636363636364
68,10,71,0.0,-0.028169014084507043,0.028169014084507043
68,11,68,0.0,-0.04411764705882353,0.04411764705882353
68,12,54,0.0,-0.12962962962962962,0.12962962962962962
68,13,66,0.0,-0.015151515151515152,0.09090909090909091
68,14,60,0.0,-0.26666666666666666,0.26666666666666666
68,15,54,0.0,-0.018518518518518517,0.8333333333333334
68,16,71,0.0,-0.028169014084507043,0.676056338028169
68,17,60,0.0,-0.1,0.25
68,18,66,0.48484848484848486,0.4090909090909091,0.2272727272727273
68,19,52,0.36538461538461536,0.11538461538461536,0.1538461538461539
68,20,92,0.13043478260869565,-0.7065217391304348,0.7065217391304348
68,21,55,0.4,0.4,0.018181818181818132
68,22,57,0.3508771929824561,0.3508771929824561,0.10526315789473684
68,23,46,0.43478260869565216,0.3913043478260869,0.08695652173913043
68,24,48,0.4166666666666667,0.0,0.22916666666666669
68,25,81,0.4444444444444444,0.4444444444444444,0.12345679012345678
68,26,73,0.136986301369863,0.1232876712328767,0.1232876712328767
69,0,51,0.0,-0.49019607843137253,0.49019607843137253
69,1,45,0.0,-0.5555555555555556,1.0
69,2,51,0.0,0.0,0.0196078431372549
69,3,54,0.0,-0.37037037037037035,0.37037037037037035
69,4,49,0.0,0.0,0.2857142857142857
69,5,53,0.0,-0.018867924528301886,0.11320754716981132
69,6,52,0.0,-0.057692307692307696,0.17307692307692307
69,7,58,0.0,0.0,0.017241379310344827
69,8,62,0.0,0.0,0.16129032258064516
69,9,66,0.0,0.0,0.6363636363636364
69,10,71,0.0,-0.028169014084507043,0.028169014084507043
69,11,68,0.0,-0.04411764705882353,0.04411764705882353
69,12,54,0.0,-0.12962962962962962,0.12962962962962962
69,13,66,0.0,-0.015151515151515152,0.09090909090909091
69,14,60,0.0,-0.26666666666666666,0.26666666666666666
69,15,54,0.0,-0.018518518518518517,0.8333333333333334
69,16,71,0.0,-0.028169014084507043,0.676056338028169
69,17,60,0.0,-0.1,0.25
69,18,66,0.4393939393939394,0.36363636363636365,0.27272727272727276
69,19,52,0.36538461538461536,0.11538461538461536,0.1538461538461539
69,20,92,0.09782608695652174,-0.7391304347826088,0.7391304347826088
69,21,55,0.36363636363636365,0.36363636363636365,0.05454545454545451
69,22,57,0.3333333333333333,0.3333333333333333,0.12280701754385964
69,23,46,0.45652173913043476,0.4130434782608695,0.06521739130434784
69,24,48,0.1875,-0.22916666666666669,0.45833333333333337
69,25,81,0.5679012345679012,0.5679012345679012,0.0
69,26,73,0.2602739726027397,0.2465753424657534,0.0
70,0,51,0.0,-0.49019607843137253,0.49019607843137253
70,1,45,0.0,-0.5555555555555556,1.0
70,2,51,0.0,0.0,0.0196078431372549
70,3,54,0.0,-0.37037037037037035,0.37037037037037035
70,4,49,0.0,0.0,0.2857142857142857
70,5,53,0.0,-0.018867924528301886,0.11320754716981132
70,6,52,0.0,-0.057692307692307696,0.17307692307692307
70,7,58,0.0,0.0,0.017241379310344827
70,8,62,0.0,0.0,0.16129032258064516
70,9,66,0.0,0.0,0.6363636363636364
70,10,71,0.0,-0.028169014084507043,0.028169014084507043
70,11,68,0.0,-0.04411764705882353,0.04411764705882353
70,12,54,0.0,-0.12962962962962962,0.12962962962962962
70,13,66,0.0,-0.015151515151515152,0.09090909090909091
70,14,60,0.0,-0.26666666666666666,0.26666666666666666
70,15,54,0.0,-0.018518518518518517,0.8333333333333334
70,16,71,0.0,-0.028169014084507043,0.676056338028169
70,17,60,0.0,-0.1,0.25
70,18,66,0.48484848484848486,0.4090909090909091,0.2272727272727273
70,19,52,0.36538461538461536,0.11538461538461536,0.1538461538461539
70,20,92,0.09782608695652174,-0.7391304347826088,0.7391304347826088
70,21,55,0.34545454545454546,0.34545454545454546,0.0727272727272727
70,22,57,0.42105263157894735,0.42105263157894735,0.03508771929824561
70,23,46,0.43478260869565216,0.3913043478260869,0.08695652173913043
70,24,48,0.4166666666666667,0.0,0.22916666666666669
70,25,81,0.4567901234567901,0.4567901234567901,0.1111111111111111
70,26,73,0.1232876712328767,0.1095890410958904,0.136986301369863
71,0,51,0.0,-0.49019607843137253,0.49019607843137253
71,1,45,0.0,-0.5555555555555556,1.0
71,2,51,0.0,0.0,0.0196078431372549
71,3,54,0.0,-0.37037037037037035,0.37037037037037035
71,4,49,0.0,0.0,0.2857142857142857
71,5,53,0.0,-0.018867924528301886,0.11320754716981132
71,6,52,0.0,-0.057692307692307696,0.17307692307692307
71,7,58,0.0,0.0,0.017241379310344827
71,8,62,0.0,0.0,0.16129032258064516
71,9,66,0.0,0.0,0.6363636363636364
71,10,71,0.0,-0.028169014084507043,0.028169014084507043
71,11,68,0.0,-0.04411764705882353,0.04411764705882353
71,12,54,0.0,-0.12962962962962962,0.12962962962962962
71,13,66,0.0,-0.015151515151515152,0.09090909090909091
71,14,60,0.0,-0.26666666666666666,0.26666666666666666
71,15,54,0.0,-0.018518518518518517,0.8333333333333334
71,16,71,0.0,-0.028169014084507043,0.676056338028169
71,17,60,0.0,-0.1,0.25
71,18,66,0.4393939393939394,0.36363636363636365,0.27272727272727276
71,19,52,0.36538461538461536,0.11538461538461536,0.1538461538461539
71,20,92,0.09782608695652174,-0.7391304347826088,0.7391304347826088
71,21,55,0.34545454545454546,0.34545454545454546,0.0727272727272727
71,22,57,0.3508771929824561,0.3508771929824561,0.10526315789473684
71,23,46,0.45652173913043476,0.4130434782608695,0.06521739130434784
71,24,48,0.20833333333333334,-0.20833333333333334,0.4375
71,25,81,0.5925925925925926,0.5925925925925926,0.0
71,26,73,0.2054794520547945,0.1917808219178082,0.0547945205479452
72,0,51,0.0,-0.49019607843137253,0.49019607843137253
72,1,45,0.0,-0.5555555555555556,1.0
72,2,51,0.0,0.0,0.0196078431372549
72,3,54,0.0,-0.37037037037037035,0.37037037037037035
72,4,49,0.0,0.0,0.2857142857142857
72,5,53,0.0,-0.018867924528301886,0.11320754716981132
72,6,52,0.0,-0.057692307692307696,0.17307692307692307
72,7,58,0.0,0.0,0.017241379310344827
72,8,62,0.0,0.0,0.16129032258064516
72,9,66,0.0,0.0,0.6363636363636364
72,10,71,0.0,-0.028169014084507043,0.028169014084507043
72,11,68,0.0,-0.04411764705882353,0.04411764705882353
72,12,54,0.0,-0.12962962962962962,0.12962962962962962
72,13,66,0.0,-0.015151515151515152,0.09090909090909091
72,14,60,0.0,-0.26666666666666666,0.26666666666666666
72,15,54,0.0,-0.018518518518518517,0.8333333333333334
72,16,71,0.0,-0.028169014084507043,0.676056338028169
72,17,60,0.0,-0.1,0.25
72,18,66,0.5454545454545454,0.46969696969696967,0.16666666666666674
72,19,52,0.40384615384615385,0.15384615384615385,0.11538461538461542
72,20,92,0.06521739130434782,-0.7717391304347827,0.7717391304347827
72,21,55,0.10909090909090909,0.10909090909090909,0.3090909090909091
72,22,57,0.5614035087719298,0.5614035087719298,0.0
72,23,46,0.32608695652173914,0.28260869565217395,0.19565217391304346
72,24,48,0.3958333333333333,-0.02083333333333337,0.25000000000000006
72,25,81,0.4567901234567901,0.4567901234567901,0.13580246913580246
72,26,73,0.0958904109589041,0.0821917808219178,0.1643835616438356
73,0,51,0.0,-0.49019607843137253,0.49019607843137253
73,1,45,0.0,-0.5555555555555556,1.0
73,2,51,0.0,0.0,0.0196078431372549
73,3,54,0.0,-0.37037037037037035,0.37037037037037035
73,4,49,0.0,0.0,0.2857142857142857
73,5,53,0.0,-0.018867924528301886,0.11320754716981132
73,6,52,0.0,-0.057692307692307696,0.17307692307692307
73,7,58,0.0,0.0,0.017241379310344827
73,8,62,0.0,0.0,0.16129032258064516
73,9,66,0.0,0.0,0.6363636363636364
73,10,71,0.0,-0.028169014084507043,0.028169014084507043
73,11,68,0.0,-0.04411764705882353,0.04411764705882353
73,12,54,0.0,-0.12962962962962962,0.12962962962962962
73,13,66,0.0,-0.015151515151515152,0.09090909090909091
73,14,60,0.0,-0.26666666666666666,0.26666666666666666
73,15,54,0.0,-0.018518518518518517,0.8333333333333334
73,16,71,0.0,-0.028169014084507043,0.676056338028169
73,17,60,0.0,-0.1,0.25
73,18,66,0.45454545454545453,0.3787878787878788,0.2575757575757576
73,19,52,0.38461538461538464,0.13461538461538464,0.13461538461538464
73,20,92,0.07608695652173914,-0.7608695652173914,0.7608695652173914
73,21,55,0.2,0.2,0.21818181818181814
73,22,57,0.3157894736842105,0.3157894736842105,0.24561403508771928
73,23,46,0.2826086956521739,0.23913043478260868,0.2391304347826087
73,24,48,0.125,-0.2916666666666667,0.5208333333333334
73,25,81,0.6666666666666666,0.6666666666666666,0.0
73,26,73,0.1780821917808219,0.1643835616438356,0.0821917808219178
74,0,51,0.0,-0.49019607843137253,0.49019607843137253
74,1,45,0.0,-0.5555555555555556,1.0
74,2,51,0.0,0.0,0.0196078431372549
74,3,54,0.0,-0.37037037037037035,0.37037037037037035
74,4,49,0.0,0.0,0.2857142857142857
74,5,53,0.0,-0.018867924528301886,0.11320754716981132
74,6,52,0.0,-0.057692307692307696,0.17307692307692307
74,7,58,0.0,0.0,0.017241379310344827
74,8,62,0.0,0.0,0.16129032258064516
74,9,66,0.0,0.0,0.6363636363636364
74,10,71,0.0,-0.028169014084507043,0.028169014084507043
74,11,68,0.0,-0.04411764705882353,0.04411764705882353
74,12,54,0.0,-0.12962962962962962,0.12962962962962962
74,13,66,0.0,-0.015151515151515152,0.09090909090909091
74,14,60,0.0,-0.26666666666666666,0.26666666666666666
74,15,54,0.0,-0.018518518518518517,0.8333333333333334
74,16,71,0.0,-0.028169014084507043,0.676056338028169
74,17,60,0.0,-0.1,0.25
74,18,66,0.5303030303030303,0.45454545454545453,0.18181818181818188
74,19,52,0.34615384615384615,0.09615384615384615,0.17307692307692313
74,20,92,0.09782608695652174,-0.7391304347826088,0.7391304347826088
74,21,55,0.2,0.2,0.21818181818181814
74,22,57,0.5263157894736842,0.5263157894736842,0.03508771929824561
74,23,46,0.41304347826086957,0.3695652173913043,0.10869565217391303
74,24,48,0.3958333333333333,-0.02083333333333337,0.25000000000000006
74,25,81,0.345679012345679,0.345679012345679,0.32098765432098764
74,26,73,0.1095890410958904,0.0958904109589041,0.1506849315068493
75,0,51,0.0,-0.49019607843137253,0.49019607843137253
75,1,45,0.0,-0.5555555555555556,1.0
75,2,51,0.0,0.0,0.0196078431372549
75,3,54,0.0,-0.37037037037037035,0.37037037037037035
75,4,49,0.0,0.0,0.2857142857142857
75,5,53,0.0,-0.018867924528301886,0.11320754716981132
75,6,52,0.0,-0.057692307692307696,0.17307692307692307
75,7,58,0.0,0.0,0.017241379310344827
75,8,62,0.0,0.0,0.16129032258064516
75,9,66,0.0,0.0,0.6363636363636364
75,10,71,0.0,-0.028169014084507043,0.028169014084507043
75,11,68,0.0,-0.04411764705882353,0.04411764705882353
75,12,54,0.0,-0.12962962962962962,0.12962962962962962
75,13,66,0.0,-0.015151515151515152,0.09090909090909091
75,14,60,0.0,-0.26666666666666666,0.26666666666666666
75,15,54,0.0,-0.018518518518518517,0.8333333333333334
75,16,71,0.0,-0.028169014084507043,0.676056338028169
75,17,60,0.0,-0.1,0.25
75,18,66,0.4393939393939394,0.36363636363636365,0.27272727272727276
75,19,52,0.38461538461538464,0.13461538461538464,0.13461538461538464
75,20,92,0.10869565217391304,-0.7282608695652174,0.7282608695652174
75,21,55,0.34545454545454546,0.34545454545454546,0.0727272727272727
75,22,57,0.3333333333333333,0.3333333333333333,0.22807017543859648
75,23,46,0.34782608695652173,0.30434782608695654,0.17391304347826086
75,24,48,0.2708333333333333,-0.14583333333333337,0.37500000000000006
75,25,81,0.5925925925925926,0.5925925925925926,0.07407407407407407
75,26,73,0.2054794520547945,0.1917808219178082,0.0547945205479452
76,0,51,0.0,-0.49019607843137253,0.49019607843137253
76,1,45,0.0,-0.5555555555555556,1.0
76,2,51,0.0,0.0,0.0196078431372549
76,3,54,0.0,-0.37037037037037035,0.37037037037037035
76,4,49,0.0,0.0,0.2857142857142857
76,5,53,0.0,-0.018867924528301886,0.11320754716981132
76,6,52,0.0,-0.057692307692307696,0.17307692307692307
76,7,58,0.0,0.0,0.017241379310344827
76,8,62,0.0,0.0,0.16129032258064516
76,9,66,0.0,0.0,0.6363636363636364
76,10,71,0.0,-0.028169014084507043,0.028169014084507043
76,11,68,0.0,-0.04411764705882353,0.04411764705882353
76,12,54,0.0,-0.12962962962962962,0.12962962962962962
76,13,66,0.0,-0.015151515151515152,0.09090909090909091
76,14,60,0.0,-0.26666666666666666,0.26666666666666666
76,15,54,0.0,-0.018518518518518517,0.8333333333333334
76,16,71,0.0,-0.028169014084507043,0.676056338028169
76,17,60,0.0,-0.1,0.25
76,18,66,0.5606060606060606,0.4848484848484848,0.1515151515151516
76,19,52,0.40384615384615385,0.15384615384615385,0.11538461538461542
76,20,92,0.09782608695652174,-0.7391304347826088,0.7391304347826088
76,21,55,0.12727272727272726,0.12727272727272726,0.2909090909090909
76,22,57,0.5789473684210527,0.5789473684210527,0.0
76,23,46,0.3695652173913043,0.32608695652173914,0.15217391304347827
76,24,48,0.3541666666666667,-0.0625,0.2916666666666667
76,25,81,0.43209876543209874,0.43209876543209874,0.2345679012345679
76,26,73,0.0821917808219178,0.0684931506849315,0.1780821917808219
77,0,51,0.0,-0.49019607843137253,0.49019607843137253
77,1,45,0.0,-0.5555555555555556,1.0
77,2,51,0.0,0.0,0.0196078431372549
77,3,54,0.0,-0.37037037037037035,0.37037037037037035
77,4,49,0.0,0.0,0.2857142857142857
77,5,53,0.0,-0.018867924528301886,0.11320754716981132
77,6,52,0.0,-0.057692307692307696,0.17307692307692307
77,7,58,0.0,0.0,0.017241379310344827
77,8,62,0.0,0.0,0.16129032258064516
77,9,66,0.0,0.0,0.6363636363636364
77,10,71,0.0,-0.028169014084507043,0.028169014084507043
77,11,68,0.0,-0.04411764705882353,0.04411764705882353
77,12,54,0.0,-0.12962962962962962,0.12962962962962962
77,13,66,0.0,-0.015151515151515152,0.09090909090909091
77,14,60,0.0,-0.26666666666666666,0.26666666666666666
77,15,54,0.0,-0.018518518518518517,0.8333333333333334
77,16,71,0.0,-0.028169014084507043,0.676056338028169
77,17,60,0.0,-0.1,0.25
77,18,66,0.4393939393939394,0.36363636363636365,0.27272727272727276
77,19,52,0.38461538461538464,0.13461538461538464,0.13461538461538464
77,20,92,0.10869565217391304,-0.7282608695652174,0.7282608695652174
77,21,55,0.23636363636363636,0.23636363636363636,0.1818181818181818
77,22,57,0.3508771929824561,0.3508771929824561,0.22807017543859653
77,23,46,0.34782608695652173,0.30434782608695654,0.17391304347826086
77,24,48,0.16666666666666666,-0.25,0.47916666666666674
77,25,81,0.6790123456790124,0.6790123456790124,0.0
77,26,73,0.1917808219178082,0.1780821917808219,0.0684931506849315
78,0,51,0.0,-0.49019607843137253,0.49019607843137253
78,1,45,0.0,-0.5555555555555556,1.0
78,2,51,0.0,0.0,0.0196078431372549
78,3,54,0.0,-0.37037037037037035,0.37037037037037035
78,4,49,0.0,0.0,0.2857142857142857
78,5,53,0.0,-0.018867924528301886,0.11320754716981132
78,6,52,0.0,-0.057692307692307696,0.17307692307692307
78,7,58,0.0,0.0,0.017241379310344827
78,8,62,0.0,0.0,0.16129032258064516
78,9,66,0.0,0.0,0.6363636363636364
78,10,71,0.0,-0.028169014084507043,0.028169014084507043
78,11,68,0.0,-0.04411764705882353,0.04411764705882353
78,12,54,0.0,-0.12962962962962962,0.12962962962962962
78,13,66,0.0,-0.015151515151515152,0.09090909090909091
78,14,60,0.0,-0.26666666666666666,0.26666666666666666
78,15,54,0.0,-0.018518518518518517,0.8333333333333334
78,16,71,0.0,-0.028169014084507043,0.676056338028169
78,17,60,0.0,-0.1,0.25
78,18,66,0.5606060606060606,0.4848484848484848,0.1515151515151516
78,19,52,0.36538461538461536,0.11538461538461536,0.1538461538461539
78,20,92,0.09782608695652174,-0.7391304347826088,0.7391304347826088
78,21,55,0.18181818181818182,0.18181818181818182,0.23636363636363633
78,22,57,0.543859649122807,0.543859649122807,0.03508771929824561
78,23,46,0.30434782608695654,0.26086956521739135,0.21739130434782605
78,24,48,0.3958333333333333,-0.02083333333333337,0.25000000000000006
78,25,81,0.41975308641975306,0.41975308641975306,0.2592592592592593
78,26,73,0.0821917808219178,0.0684931506849315,0.1780821917808219
79,0,51,0.0,-0.49019607843137253,0.49019607843137253
79,1,45,0.0,-0.5555555555555556,1.0
79,2,51,0.0,0.0,0.0196078431372549
79,3,54,0.0,-0.37037037037037035,0.37037037037037035
79,4,49,0.0,0.0,0.2857142857142857
79,5,53,0.0,-0.018867924528301886,0.11320754716981132
79,6,52,0.0,-0.057692307692307696,0.17307692307692307
79,7,58,0.0,0.0,0.017241379310344827
79,8,62,0.0,0.0,0.16129032258064516
79,9,66,0.0,0.0,0.6363636363636364
79,10,71,0.0,-0.028169014084507043,0.028169014084507043
79,11,68,0.0,-0.04411764705882353,0.04411764705882353
79,12,54,0.0,-0.12962962962962962,0.12962962962962962
79,13,66,0.0,-0.015151515151515152,0.09090909090909091
79,14,60,0.0,-0.26666666666666666,0.26666666666666666
79,15,54,0.0,-0.018518518518518517,0.8333333333333334
79,16,71,0.0,-0.028169014084507043,0.676056338028169
79,17,60,0.0,-0.1,0.25
79,18,66,0.42424242424242425,0.3484848484848485,0.2878787878787879
79,19,52,0.40384615384615385,0.15384615384615385,0.11538461538461542
79,20,92,0.13043478260869565,-0.7065217391304348,0.7065217391304348
79,21,55,0.2545454545454545,0.2545454545454545,0.16363636363636364
79,22,57,0.3157894736842105,0.3157894736842105,0.26315789473684215
79,23,46,0.34782608695652173,0.30434782608695654,0.17391304347826086
79,24,48,0.1875,-0.22916666666666669,0.45833333333333337
79,25,81,0.6790123456790124,0.6790123456790124,0.0
79,26,73,0.1917808219178082,0.1780821917808219,0.0684931506849315
80,0,51,0.0,-0.49019607843137253,0.49019607843137253
80,1,45,0.0,-0.5555555555555556,1.0
80,2,51,0.0,0.0,0.0196078431372549
80,3,54,0.0,-0.37037037037037035,0.37037037037037035
80,4,49,0.0,0.0,0.2857142857142857
80,5,53,0.0,-0.018867924528301886,0.11320754716981132
80,6,52,0.0,-0.057692307692307696,0.17307692307692307
80,7,58,0.0,0.0,0.017241379310344827
80,8,62,0.0,0.0,0.16129032258064516
80,9,66,0.0,0.0,0.6363636363636364
80,10,71,0.0,-0.028169014084507043,0.028169014084507043
80,11,68,0.0,-0.04411764705882353,0.04411764705882353
80,12,54,0.0,-0.12962962962962962,0.12962962962962962
80,13,66,0.0,-0.015151515151515152,0.09090909090909091
80,14,60,0.0,-0.26666666666666666,0.26666666666666666
80,15,54,0.0,-0.018518518518518517,0.8333333333333334
80,16,71,0.0,-0.028169014084507043,0.676056338028169
80,17,60,0.0,-0.1,0.25
80,18,66,0.7121212121212122,0.6363636363636364,0.0
80,19,52,0.38461538461538464,0.13461538461538464,0.13461538461538464
80,20,92,0.11956521739130435,-0.7173913043478262,0.7173913043478262
80,21,55,0.10909090909090909,0.10909090909090909,0.3090909090909091
80,22,57,0.6140350877192983,0.6140350877192983,0.0
80,23,46,0.30434782608695654,0.26086956521739135,0.21739130434782605
80,24,48,0.3541666666666667,-0.0625,0.2916666666666667
80,25,81,0.41975308641975306,0.41975308641975306,0.2592592592592593
80,26,73,0.0684931506849315,0.0547945205479452,0.1917808219178082
81,0,51,0.0,-0.49019607843137253,0.49019607843137253
81,1,45,0.0,-0.5555555555555556,1.0
81,2,51,0.0,0.0,0.0196078431372549
81,3,54,0.0,-0.37037037037037035,0.37037037037037035
81,4,49,0.0,0.0,0.2857142857142857
81,5,53,0.0,-0.018867924528301886,0.11320754716981132
81,6,52,0.0,-0.057692307692307696,0.17307692307692307
81,7,58,0.0,0.0,0.017241379310344827
81,8,62,0.0,0.0,0.16129032258064516
81,9,66,0.0,0.0,0.6363636363636364
81,10,71,0.0,-0.028169014084507043,0.028169014084507043
81,11,68,0.0,-0.04411764705882353,0.04411764705882353
81,12,54,0.0,-0.12962962962962962,0.12962962962962962
81,13,66,0.0,-0.015151515151515152,0.09090909090909091
81,14,60,0.0,-0.26666666666666666,0.26666666666666666
81,15,54,0.0,-0.018518518518518517,0.8333333333333334
81,16,71,0.0,-0.028169014084507043,0.676056338028169
81,17,60,0.0,-0.1,0.25
81,18,66,0.4393939393939394,0.36363636363636365,0.27272727272727276
81,19,52,0.4230769230769231,0.17307692307692307,0.0961538461538462
81,20,92,0.15217391304347827,-0.6847826086956522,0.6847826086956522
81,21,55,0.2727272727272727,0.2727272727272727,0.14545454545454545
81,22,57,0.2631578947368421,0.2631578947368421,0.3508771929824562
81,23,46,0.41304347826086957,0.3695652173913043,0.10869565217391303
81,24,48,0.1875,-0.22916666666666669,0.45833333333333337
81,25,81,0.654320987654321,0.654320987654321,0.024691358024691357
81,26,73,0.1917808219178082,0.1780821917808219,0.0684931506849315
82,0,51,0.0,-0.49019607843137253,0.49019607843137253
82,1,45,0.0,-0.5555555555555556,1.0
82,2,51,0.0,0.0,0.0196078431372549
82,3,54,0.0,-0.37037037037037035,0.37037037037037035
82,4,49,0.0,0.0,0.2857142857142857
82,5,53,0.0,-0.018867924528301886,0.11320754716981132
82,6,52,0.0,-0.057692307692307696,0.17307692307692307
82,7,58,0.0,0.0,0.017241379310344827
82,8,62,0.0,0.0,0.16129032258064516
82,9,66,0.0,0.0,0.6363636363636364
82,10,71,0.0,-0.028169014084507043,0.028169014084507043
82,11,68,0.0,-0.04411764705882353,0.04411764705882353
82,12,54,0.0,-0.12962962962962962,0.12962962962962962
82,13,66,0.0,-0.015151515151515152,0.09090909090909091
82,14,60,0.0,-0.26666666666666666,0.26666666666666666
82,15,54,0.0,-0.018518518518518517,0.8333333333333334
82,16,71,0.0,-0.028169014084507043,0.676056338028169
82,17,60,0.0,-0.1,0.25
82,18,66,0.5909090909090909,0.5151515151515151,0.12121212121212122
82,19,52,0.36538461538461536,0.11538461538461536,0.1538461538461539
82,20,92,0.10869565217391304,-0.7282608695652174,0.7282608695652174
82,21,55,0.12727272727272726,0.12727272727272726,0.2909090909090909
82,22,57,0.5964912280701754,0.5964912280701754,0.01754385964912286
82,23,46,0.2826086956521739,0.23913043478260868,0.2391304347826087
82,24,48,0.375,-0.041666666666666685,0.27083333333333337
82,25,81,0.43209876543209874,0.43209876543209874,0.24691358024691362
82,26,73,0.0958904109589041,0.0821917808219178,0.1643835616438356
83,0,51,0.0,-0.49019607843137253,0.49019607843137253
83,1,45,0.0,-0.5555555555555556,1.0
83,2,51,0.0,0.0,0.0196078431372549
83,3,54,0.0,-0.37037037037037035,0.37037037037037035
83,4,49,0.0,0.0,0.2857142857142857
83,5,53,0.0,-0.018867924528301886,0.11320754716981132
83,6,52,0.0,-0.057692307692307696,0.17307692307692307
83,7,58,0.0,0.0,0.017241379310344827
83,8,62,0.0,0.0,0.16129032258064516
83,9,66,0.0,0.0,0.6363636363636364
83,10,71,0.0,-0.028169014084507043,0.028169014084507043
83,11,68,0.0,-0.04411764705882353,0.04411764705882353
83,12,54,0.0,-0.12962962962962962,0.12962962962962962
83,13,66,0.0,-0.015151515151515152,0.09090909090909091
83,14,60,0.0,-0.26666666666666666,0.26666666666666666
83,15,54,0.0,-0.018518518518518517,0.8333333333333334
83,16,71,0.0,-0.028169014084507043,0.676056338028169
83,17,60,0.0,-0.1,0.25
83,18,66,0.4393939393939394,0.36363636363636365,0.27272727272727276
83,19,52,0.40384615384615385,0.15384615384615385,0.11538461538461542
83,20,92,0.18478260869565216,-0.6521739130434783,0.6521739130434783
83,21,55,0.36363636363636365,0.36363636363636365,0.05454545454545451
83,22,57,0.17543859649122806,0.17543859649122806,0.4385964912280702
83,23,46,0.41304347826086957,0.3695652173913043,0.10869565217391303
83,24,48,0.14583333333333334,-0.27083333333333337,0.5
83,25,81,0.7037037037037037,0.7037037037037037,0.0
83,26,73,0.1780821917808219,0.1643835616438356,0.0821917808219178
84,0,51,0.0,-0.49019607843137253,0.49019607843137253
84,1,45,0.0,-0.5555555555555556,1.0
84,2,51,0.0,0.0,0.0196078431372549
84,3,54,0.0,-0.37037037037037035,0.37037037037037035
84,4,49,0.0,0.0,0.2857142857142857
84,5,53,0.0,-0.018867924528301886,0.11320754716981132
84,6,52,0.0,-0.057692307692307696,0.17307692307692307
84,7,58,0.0,0.0,0.017241379310344827
84,8,62,0.0,0.0,0.16129032258064516
84,9,66,0.0,0.0,0.6363636363636364
84,10,71,0.0,-0.028169014084507043,0.028169014084507043
84,11,68,0.0,-0.04411764705882353,0.04411764705882353
84,12,54,0.0,-0.12962962962962962,0.12962962962962962
84,13,66,0.0,-0.015151515151515152,0.09090909090909091
84,14,60,0.0,-0.26666666666666666,0.26666666666666666
84,15,54,0.0,-0.018518518518518517,0.8333333333333334
84,16,71,0.0,-0.028169014084507043,0.676056338028169
84,17,60,0.0,-0.1,0.25
84,18,66,0.5454545454545454,0.46969696969696967,0.16666666666666674
84,19,52,0.40384615384615385,0.15384615384615385,0.11538461538461542
84,20,92,0.08695652173913043,-0.75,0.75
84,21,55,0.09090909090909091,0.09090909090909091,0.32727272727272727
84,22,57,0.6140350877192983,0.6140350877192983,0.0
84,23,46,0.2826086956521739,0.23913043478260868,0.2391304347826087
84,24,48,0.3541666666666667,-0.0625,0.2916666666666667
84,25,81,0.4567901234567901,0.4567901234567901,0.24691358024691362
84,26,73,0.0958904109589041,0.0821917808219178,0.1643835616438356
85,0,51,0.0,-0.49019607843137253,0.49019607843137253
85,1,45,0.0,-0.5555555555555556,1.0
85,2,51,0.0,0.0,0.0196078431372549
85,3,54,0.0,-0.37037037037037035,0.37037037037037035
85,4,49,0.0,0.0,0.2857142857142857
85,5,53,0.0,-0.018867924528301886,0.11320754716981132
85,6,52,0.0,-0.057692307692307696,0.17307692307692307
85,7,58,0.0,0.0,0.017241379310344827
85,8,62,0.0,0.0,0.16129032258064516
85,9,66,0.0,0.0,0.6363636363636364
85,10,71,0.0,-0.028169014084507043,0.028169014084507043
85,11,68,0.0,-0.04411764705882353,0.04411764705882353
85,12,54,0.0,-0.12962962962962962,0.12962962962962962
85,13,66,0.0,-0.015151515151515152,0.09090909090909091
85,14,60,0.0,-0.26666666666666666,0.26666666666666666
85,15,54,0.0,-0.018518518518518517,0.8333333333333334
85,16,71,0.0,-0.028169014084507043,0.676056338028169
85,17,60,0.0,-0.1,0.25
85,18,66,0.45454545454545453,0.3787878787878788,0.2575757575757576
85,19,52,0.4230769230769231,0.17307692307692307,0.0961538461538462
85,20,92,0.17391304347826086,-0.6630434782608696,0.6630434782608696
85,21,55,0.41818181818181815,0.41818181818181815,0.0
85,22,57,0.17543859649122806,0.17543859649122806,0.4385964912280702
85,23,46,0.34782608695652173,0.30434782608695654,0.17391304347826086
85,24,48,0.16666666666666666,-0.25,0.47916666666666674
85,25,81,0.7160493827160493,0.7160493827160493,0.0
85,26,73,0.1780821917808219,0.1643835616438356,0.0821917808219178
86,0,51,0.0,-0.49019607843137253,0.49019607843137253
86,1,45,0.0,-0.5555555555555556,1.0
86,2,51,0.0,0.0,0.0196078431372549
86,3,54,0.0,-0.37037037037037035,0.37037037037037035
86,4,49,0.0,0.0,0.2857142857142857
86,5,53,0.0,-0.018867924528301886,0.11320754716981132
86,6,52,0.0,-0.057692307692307696,0.17307692307692307
86,7,58,0.0,0.0,0.017241379310344827
86,8,62,0.0,0.0,0.16129032258064516
86,9,66,0.0,0.0,0.6363636363636364
86,10,71,0.0,-0.028169014084507043,0.028169014084507043
86,11,68,0.0,-0.04411764705882353,0.04411764705882353
86,12,54,0.0,-0.12962962962962962,0.12962962962962962
86,13,66,0.0,-0.015151515151515152,0.09090909090909091
86,14,60,0.0,-0.26666666666666666,0.26666666666666666
86,15,54,0.0,-0.018518518518518517,0.8333333333333334
86,16,71,0.0,-0.028169014084507043,0.676056338028169
86,17,60,0.0,-0.1,0.25
86,18,66,0.5303030303030303,0.45454545454545453,0.18181818181818188
86,19,52,0.38461538461538464,0.13461538461538464,0.13461538461538464
86,20,92,0.08695652173913043,-0.75,0.75
86,21,55,0.14545454545454545,0.14545454545454545,0.2727272727272727
86,22,57,0.5789473684210527,0.5789473684210527,0.03508771929824561
86,23,46,0.3695652173913043,0.32608695652173914,0.15217391304347827
86,24,48,0.375,-0.041666666666666685,0.27083333333333337
86,25,81,0.4074074074074074,0.4074074074074074,0.30864197530864196
86,26,73,0.0821917808219178,0.0684931506849315,0.1780821917808219
87,0,51,0.0,-0.49019607843137253,0.49019607843137253
87,1,45,0.0,-0.5555555555555556,1.0
87,2,51,0.0,0.0,0.0196078431372549
87,3,54,0.0,-0.37037037037037035,0.37037037037037035
87,4,49,0.0,0.0,0.2857142857142857
87,5,53,0.0,-0.018867924528301886,0.11320754716981132
87,6,52,0.0,-0.057692307692307696,0.17307692307692307
87,7,58,0.0,0.0,0.017241379310344827
87,8,62,0.0,0.0,0.16129032258064516
87,9,66,0.0,0.0,0.6363636363636364
87,10,71,0.0,-0.028169014084507043,0.028169014084507043
87,11,68,0.0,-0.04411764705882353,0.04411764705882353
87,12,54,0.0,-0.12962962962962962,0.12962962962962962
87,13,66,0.0,-0.015151515151515152,0.09090909090909091
87,14,60,0.0,-0.26666666666666666,0.26666666666666666
87,15,54,0.0,-0.018518518518518517,0.8333333333333334
87,16,71,0.0,-0.028169014084507043,0.676056338028169
87,17,60,0.0,-0.1,0.25
87,18,66,0.42424242424242425,0.3484848484848485,0.2878787878787879
87,19,52,0.46153846153846156,0.21153846153846156,0.05769230769230771
87,20,92,0.16304347826086957,-0.673913043478261,0.673913043478261
87,21,55,0.4,0.4,0.018181818181818132
87,22,57,0.19298245614035087,0.19298245614035087,0.4210526315789474
87,23,46,0.30434782608695654,0.26086956521739135,0.21739130434782605
87,24,48,0.16666666666666666,-0.25,0.47916666666666674
87,25,81,0.7160493827160493,0.7160493827160493,0.0
87,26,73,0.1917808219178082,0.1780821917808219,0.0684931506849315
88,0,51,0.0,-0.49019607843137253,0.49019607843137253
88,1,45,0.0,-0.5555555555555556,1.0
88,2,51,0.0,0.0,0.0196078431372549
88,3,54,0.0,-0.37037037037037035,0.37037037037037035
88,4,49,0.0,0.0,0.2857142857142857
88,5,53,0.0,-0.018867924528301886,0.11320754716981132
88,6,52,0.0,-0.057692307692307696,0.17307692307692307
88,7,58,0.0,0.0,0.017241379310344827
88,8,62,0.0,0.0,0.16129032258064516
88,9,66,0.0,0.0,0.6363636363636364
88,10,71,0.0,-0.028169014084507043,0.028169014084507043
88,11,68,0.0,-0.04411764705882353,0.04411764705882353
88,12,54,0.0,-0.12962962962962962,0.12962962962962962
88,13,66,0.0,-0.015151515151515152,0.09090909090909091
88,14,60,0.0,-0.26666666666666666,0.26666666666666666
88,15,54,0.0,-0.018518518518518517,0.8333333333333334
88,16,71,0.0,-0.028169014084507043,0.676056338028169
88,17,60,0.0,-0.1,0.25
88,18,66,0.48484848484848486,0.4090909090909091,0.2272727272727273
88,19,52,0.40384615384615385,0.15384615384615385,0.11538461538461542
88,20,92,0.08695652173913043,-0.75,0.75
88,21,55,0.12727272727272726,0.12727272727272726,0.2909090909090909
88,22,57,0.6140350877192983,0.6140350877192983,0.0
88,23,46,0.30434782608695654,0.26086956521739135,0.21739130434782605
88,24,48,0.375,-0.041666666666666685,0.27083333333333337
88,25,81,0.4691358024691358,0.4691358024691358,0.24691358024691357
88,26,73,0.0958904109589041,0.0821917808219178,0.1643835616438356
89,0,51,0.0,-0.49019607843137253,0.49019607843137253
89,1,45,0.0,-0.5555555555555556,1.0
89,2,51,0.0,0.0,0.0196078431372549
89,3,54,0.0,-0.37037037037037035,0.37037037037037035
89,4,49,0.0,0.0,0.2857142857142857
89,5,53,0.0,-0.018867924528301886,0.11320754716981132
89,6,52,0.0,-0.057692307692307696,0.17307692307692307
89,7,58,0.0,0.0,0.017241379310344827
89,8,62,0.0,0.0,0.16129032258064516
89,9,66,0.0,0.0,0.6363636363636364
89,10,71,0.0,-0.028169014084507043,0.028169014084507043
89,11,68,0.0,-0.04411764705882353,0.04411764705882353
89,12,54,0.0,-0.12962962962962962,0.12962962962962962
89,13,66,0.0,-0.015151515151515152,0.09090909090909091
89,14,60,0.0,-0.26666666666666666,0.26666666666666666
89,15,54,0.0,-0.018518518518518517,0.8333333333333334
89,16,71,0.0,-0.028169014084507043,0.676056338028169
89,17,60,0.0,-0.1,0.25
89,18,66,0.42424242424242425,0.3484848484848485,0.2878787878787879
89,19,52,0.4230769230769231,0.17307692307692307,0.0961538461538462
89,20,92,0.16304347826086957,-0.673913043478261,0.673913043478261
89,21,55,0.38181818181818183,0.38181818181818183,0.03636363636363632
89,22,57,0.21052631578947367,0.21052631578947367,0.4035087719298246
89,23,46,0.32608695652173914,0.28260869565217395,0.19565217391304346
89,24,48,0.16666666666666666,-0.25,0.47916666666666674
89,25,81,0.7160493827160493,0.7160493827160493,0.0
89,26,73,0.2054794520547945,0.1917808219178082,0.0547945205479452
90,0,51,0.0,-0.49019607843137253,0.49019607843137253
90,1,45,0.0,-0.5555555555555556,1.0
90,2,51,0.0,0.0,0.0196078431372549
90,3,54,0.0,-0.37037037037037035,0.37037037037037035
90,4,49,0.0,0.0,0.2857142857142857
90,5,53,0.0,-0.018867924528301886,0.11320754716981132
90,6,52,0.0,-0.057692307692307696,0.17307692307692307
90,7,58,0.0,0.0,0.017241379310344827
90,8,62,0.0,0.0,0.16129032258064516
90,9,66,0.0,0.0,0.6363636363636364
90,10,71,0.0,-0.028169014084507043,0.028169014084507043
90,11,68,0.0,-0.04411764705882353,0.04411764705882353
90,12,54,0.0,-0.12962962962962962,0.12962962962962962
90,13,66,0.0,-0.015151515151515152,0.09090909090909091
90,14,60,0.0,-0.26666666666666666,0.26666666666666666
90,15,54,0.0,-0.018518518518518517,0.8333333333333334
90,16,71,0.0,-0.028169014084507043,0.676056338028169
90,17,60,0.0,-0.1,0.25
90,18,66,0.5606060606060606,0.4848484848484848,0.1515151515151516
90,19,52,0.40384615384615385,0.15384615384615385,0.11538461538461542
90,20,92,0.06521739130434782,-0.7717391304347827,0.7717391304347827
90,21,55,0.07272727272727272,0.07272727272727272,0.34545454545454546
90,22,57,0.6140350877192983,0.6140350877192983,0.0
90,23,46,0.2826086956521739,0.23913043478260868,0.2391304347826087
90,24,48,0.3541666666666667,-0.0625,0.2916666666666667
90,25,81,0.5061728395061729,0.5061728395061729,0.20987654320987648
90,26,73,0.1095890410958904,0.0958904109589041,0.1506849315068493
