round,class_id,n,acc,bwt,forgetting
1,0,51,0.5098039215686274,,
1,1,45,0.7777777777777778,,
1,2,51,0.1568627450980392,,
1,3,54,0.037037037037037035,,
1,4,49,0.0,,
1,5,53,0.1320754716981132,,
1,6,52,0.0,,
1,7,58,0.0,,
1,8,62,0.0,,
2,0,51,0.5294117647058824,0.019607843137254943,0.0
2,1,45,0.7777777777777778,0.0,0.0
2,2,51,0.27450980392156865,0.11764705882352944,0.0
2,3,54,0.07407407407407407,0.037037037037037035,0.0
2,4,49,0.12244897959183673,0.12244897959183673,0.0
2,5,53,0.07547169811320754,-0.05660377358490566,0.05660377358490566
2,6,52,0.0,0.0,0.0
2,7,58,0.10344827586206896,0.10344827586206896,0.0
2,8,62,0.0,0.0,0.0
3,0,51,0.6274509803921569,0.11764705882352944,0.0
3,1,45,0.8,0.022222222222222254,0.0
3,2,51,0.058823529411764705,-0.09803921568627451,0.21568627450980393
3,3,54,0.05555555555555555,0.018518518518518517,0.018518518518518517
3,4,49,0.0,0.0,0.12244897959183673
3,5,53,0.09433962264150944,-0.037735849056603765,0.037735849056603765
3,6,52,0.0,0.0,0.0
3,7,58,0.0,0.0,0.10344827586206896
3,8,62,0.0,0.0,0.0
4,0,51,0.43137254901960786,-0.07843137254901955,0.196078431372549
4,1,45,0.6888888888888889,-0.0888888888888889,0.11111111111111116
4,2,51,0.29411764705882354,0.13725490196078433,0.0
4,3,54,0.09259259259259259,0.05555555555555555,0.0
4,4,49,0.12244897959183673,0.12244897959183673,0.0
4,5,53,0.1509433962264151,0.018867924528301883,0.0
4,6,52,0.1346153846153846,0.1346153846153846,0.0
4,7,58,0.05172413793103448,0.05172413793103448,0.05172413793103448
4,8,62,0.0,0.0,0.0
5,0,51,0.4117647058823529,-0.0980392156862745,0.21568627450980393
5,1,45,0.6444444444444445,-0.1333333333333333,0.15555555555555556
5,2,51,0.27450980392156865,0.11764705882352944,0.019607843137254888
5,3,54,0.1111111111111111,0.07407407407407407,0.0
5,4,49,0.14285714285714285,0.14285714285714285,0.0
5,5,53,0.16981132075471697,0.037735849056603765,0.0
5,6,52,0.11538461538461539,0.11538461538461539,0.019230769230769218
5,7,58,0.13793103448275862,0.13793103448275862,0.0
5,8,62,0.0,0.0,0.0
6,0,51,0.35294117647058826,-0.15686274509803916,0.2745098039215686
6,1,45,0.6222222222222222,-0.15555555555555556,0.1777777777777778
6,2,51,0.23529411764705882,0.0784313725490196,0.05882352941176472
6,3,54,0.1111111111111111,0.07407407407407407,0.0
6,4,49,0.14285714285714285,0.14285714285714285,0.0
6,5,53,0.22641509433962265,0.09433962264150944,0.0
6,6,52,0.15384615384615385,0.15384615384615385,0.0
6,7,58,0.27586206896551724,0.27586206896551724,0.0
6,8,62,0.0,0.0,0.0
7,0,51,0.29411764705882354,-0.21568627450980388,0.3333333333333333
7,1,45,0.6444444444444445,-0.1333333333333333,0.15555555555555556
7,2,51,0.2549019607843137,0.0980392156862745,0.03921568627450983
7,3,54,0.12962962962962962,0.09259259259259259,0.0
7,4,49,0.14285714285714285,0.14285714285714285,0.0
7,5,53,0.16981132075471697,0.037735849056603765,0.056603773584905676
7,6,52,0.1346153846153846,0.1346153846153846,0.019230769230769246
7,7,58,0.27586206896551724,0.27586206896551724,0.0
7,8,62,0.0,0.0,0.0
8,0,51,0.29411764705882354,-0.21568627450980388,0.3333333333333333
8,1,45,0.6222222222222222,-0.15555555555555556,0.1777777777777778
8,2,51,0.29411764705882354,0.13725490196078433,0.0
8,3,54,0.12962962962962962,0.09259259259259259,0.0
8,4,49,0.16326530612244897,0.16326530612244897,0.0
8,5,53,0.18867924528301888,0.056603773584905676,0.037735849056603765
8,6,52,0.21153846153846154,0.21153846153846154,0.0
8,7,58,0.27586206896551724,0.27586206896551724,0.0
8,8,62,0.0,0.0,0.0
9,0,51,0.21568627450980393,-0.2941176470588235,0.4117647058823529
9,1,45,0.6444444444444445,-0.1333333333333333,0.15555555555555556
9,2,51,0.3333333333333333,0.1764705882352941,0.0
9,3,54,0.14814814814814814,0.1111111111111111,0.0
9,4,49,0.2653061224489796,0.2653061224489796,0.0
9,5,53,0.1509433962264151,0.018867924528301883,0.07547169811320756
9,6,52,0.21153846153846154,0.21153846153846154,0.0
9,7,58,0.27586206896551724,0.27586206896551724,0.0
9,8,62,0.016129032258064516,0.016129032258064516,0.0
10,0,51,0.21568627450980393,-0.2941176470588235,0.4117647058823529
10,1,45,0.6222222222222222,-0.15555555555555556,0.1777777777777778
10,2,51,0.3137254901960784,0.1568627450980392,0.019607843137254888
10,3,54,0.16666666666666666,0.12962962962962962,0.0
10,4,49,0.2653061224489796,0.2653061224489796,0.0
10,5,53,0.24528301886792453,0.11320754716981132,0.0
10,6,52,0.23076923076923078,0.23076923076923078,0.0
10,7,58,0.27586206896551724,0.27586206896551724,0.0
10,8,62,0.016129032258064516,0.016129032258064516,0.0
11,0,51,0.0,-0.5098039215686274,0.6274509803921569
11,1,45,0.0,-0.7777777777777778,0.8
11,2,51,0.0,-0.1568627450980392,0.3333333333333333
11,3,54,0.0,-0.037037037037037035,0.16666666666666666
11,4,49,0.0,0.0,0.2653061224489796
11,5,53,0.0,-0.1320754716981132,0.24528301886792453
11,6,52,0.0,0.0,0.23076923076923078
11,7,58,0.0,0.0,0.27586206896551724
11,8,62,0.0,0.0,0.016129032258064516
11,9,66,0.0,,
11,10,71,0.0,,
11,11,68,0.0,,
11,12,54,0.0,,
11,13,66,0.0,,
11,14,60,0.0,,
11,15,54,0.0,,
11,16,71,0.9859154929577465,,
11,17,60,0.0,,
12,0,51,0.0,-0.5098039215686274,0.6274509803921569
12,1,45,0.0,-0.7777777777777778,0.8
12,2,51,0.0,-0.1568627450980392,0.3333333333333333
12,3,54,0.0,-0.037037037037037035,0.16666666666666666
12,4,49,0.0,0.0,0.2653061224489796
12,5,53,0.0,-0.1320754716981132,0.24528301886792453
12,6,52,0.0,0.0,0.23076923076923078
12,7,58,0.0,0.0,0.27586206896551724
12,8,62,0.0,0.0,0.016129032258064516
12,9,66,0.0,0.0,0.0
12,10,71,0.0,0.0,0.0
12,11,68,0.0,0.0,0.0
12,12,54,0.2222222222222222,0.2222222222222222,0.0
12,13,66,0.0,0.0,0.0
12,14,60,0.13333333333333333,0.13333333333333333,0.0
12,15,54,0.2962962962962963,0.2962962962962963,0.0
12,16,71,0.7323943661971831,-0.2535211267605634,0.2535211267605634
12,17,60,0.0,0.0,0.0
13,0,51,0.0,-0.5098039215686274,0.6274509803921569
13,1,45,0.044444444444444446,-0.7333333333333334,0.7555555555555556
13,2,51,0.0,-0.1568627450980392,0.3333333333333333
13,3,54,0.0,-0.037037037037037035,0.16666666666666666
13,4,49,0.0,0.0,0.2653061224489796
13,5,53,0.0,-0.1320754716981132,0.24528301886792453
13,6,52,0.0,0.0,0.23076923076923078
13,7,58,0.0,0.0,0.27586206896551724
13,8,62,0.0,0.0,0.016129032258064516
13,9,66,0.015151515151515152,0.015151515151515152,0.0
13,10,71,0.11267605633802817,0.11267605633802817,0.0
13,11,68,0.014705882352941176,0.014705882352941176,0.0
13,12,54,0.18518518518518517,0.18518518518518517,0.037037037037037035
13,13,66,0.0,0.0,0.0
13,14,60,0.16666666666666666,0.16666666666666666,0.0
13,15,54,0.42592592592592593,0.42592592592592593,0.0
13,16,71,0.7183098591549296,-0.2676056338028169,0.2676056338028169
13,17,60,0.0,0.0,0.0
14,0,51,0.0,-0.5098039215686274,0.6274509803921569
14,1,45,0.06666666666666667,-0.7111111111111111,0.7333333333333334
14,2,51,0.0,-0.1568627450980392,0.3333333333333333
14,3,54,0.0,-0.037037037037037035,0.16666666666666666
14,4,49,0.0,0.0,0.2653061224489796
14,5,53,0.0,-0.1320754716981132,0.24528301886792453
14,6,52,0.0,0.0,0.23076923076923078
14,7,58,0.0,0.0,0.27586206896551724
14,8,62,0.0,0.0,0.016129032258064516
14,9,66,0.24242424242424243,0.24242424242424243,0.0
14,10,71,0.028169014084507043,0.028169014084507043,0.08450704225352113
14,11,68,0.1323529411764706,0.1323529411764706,0.0
14,12,54,0.3148148148148148,0.3148148148148148,0.0
14,13,66,0.0,0.0,0.0
14,14,60,0.36666666666666664,0.36666666666666664,0.0
14,15,54,0.4074074074074074,0.4074074074074074,0.018518518518518545
14,16,71,0.49295774647887325,-0.49295774647887325,0.49295774647887325
14,17,60,0.16666666666666666,0.16666666666666666,0.0
15,0,51,0.0,-0.5098039215686274,0.6274509803921569
15,1,45,0.0,-0.7777777777777778,0.8
15,2,51,0.0,-0.1568627450980392,0.3333333333333333
15,3,54,0.0,-0.037037037037037035,0.16666666666666666
15,4,49,0.0,0.0,0.2653061224489796
15,5,53,0.0,-0.1320754716981132,0.24528301886792453
15,6,52,0.0,0.0,0.23076923076923078
15,7,58,0.0,0.0,0.27586206896551724
15,8,62,0.0,0.0,0.016129032258064516
15,9,66,0.16666666666666666,0.16666666666666666,0.07575757575757577
15,10,71,0.18309859154929578,0.18309859154929578,0.0
15,11,68,0.11764705882352941,0.11764705882352941,0.01470588235294118
15,12,54,0.2962962962962963,0.2962962962962963,0.018518518518518545
15,13,66,0.0,0.0,0.0
15,14,60,0.25,0.25,0.11666666666666664
15,15,54,0.2962962962962963,0.2962962962962963,0.12962962962962965
15,16,71,0.6338028169014085,-0.352112676056338,0.352112676056338
15,17,60,0.05,0.05,0.11666666666666665
16,0,51,0.0,-0.5098039215686274,0.6274509803921569
16,1,45,0.044444444444444446,-0.7333333333333334,0.7555555555555556
16,2,51,0.0,-0.1568627450980392,0.3333333333333333
16,3,54,0.0,-0.037037037037037035,0.16666666666666666
16,4,49,0.0,0.0,0.2653061224489796
16,5,53,0.0,-0.1320754716981132,0.24528301886792453
16,6,52,0.0,0.0,0.23076923076923078
16,7,58,0.0,0.0,0.27586206896551724
16,8,62,0.0,0.0,0.016129032258064516
16,9,66,0.015151515151515152,0.015151515151515152,0.2272727272727273
16,10,71,0.1267605633802817,0.1267605633802817,0.05633802816901409
16,11,68,0.1323529411764706,0.1323529411764706,0.0
16,12,54,0.2777777777777778,0.2777777777777778,0.037037037037037035
16,13,66,0.0,0.0,0.0
16,14,60,0.2833333333333333,0.2833333333333333,0.08333333333333331
16,15,54,0.35185185185185186,0.35185185185185186,0.07407407407407407
16,16,71,0.676056338028169,-0.3098591549295775,0.3098591549295775
16,17,60,0.06666666666666667,0.06666666666666667,0.09999999999999999
17,0,51,0.0,-0.5098039215686274,0.6274509803921569
17,1,45,0.0,-0.7777777777777778,0.8
17,2,51,0.0,-0.1568627450980392,0.3333333333333333
17,3,54,0.0,-0.037037037037037035,0.16666666666666666
17,4,49,0.0,0.0,0.2653061224489796
17,5,53,0.018867924528301886,-0.11320754716981132,0.22641509433962265
17,6,52,0.0,0.0,0.23076923076923078
17,7,58,0.0,0.0,0.27586206896551724
17,8,62,0.0,0.0,0.016129032258064516
17,9,66,0.12121212121212122,0.12121212121212122,0.12121212121212122
17,10,71,0.14084507042253522,0.14084507042253522,0.04225352112676056
17,11,68,0.19117647058823528,0.19117647058823528,0.0
17,12,54,0.42592592592592593,0.42592592592592593,0.0
17,13,66,0.0,0.0,0.0
17,14,60,0.2833333333333333,0.2833333333333333,0.08333333333333331
17,15,54,0.2962962962962963,0.2962962962962963,0.12962962962962965
17,16,71,0.6197183098591549,-0.3661971830985916,0.3661971830985916
17,17,60,0.06666666666666667,0.06666666666666667,0.09999999999999999
18,0,51,0.0,-0.5098039215686274,0.6274509803921569
18,1,45,0.06666666666666667,-0.7111111111111111,0.7333333333333334
18,2,51,0.0,-0.1568627450980392,0.3333333333333333
18,3,54,0.0,-0.037037037037037035,0.16666666666666666
18,4,49,0.0,0.0,0.2653061224489796
18,5,53,0.0,-0.1320754716981132,0.24528301886792453
18,6,52,0.0,0.0,0.23076923076923078
18,7,58,0.0,0.0,0.27586206896551724
18,8,62,0.0,0.0,0.016129032258064516
18,9,66,0.030303030303030304,0.030303030303030304,0.21212121212121213
18,10,71,0.11267605633802817,0.11267605633802817,0.07042253521126761
18,11,68,0.25,0.25,0.0
18,12,54,0.2962962962962963,0.2962962962962963,0.12962962962962965
18,13,66,0.015151515151515152,0.015151515151515152,0.0
18,14,60,0.2,0.2,0.16666666666666663
18,15,54,0.3888888888888889,0.3888888888888889,0.037037037037037035
18,16,71,0.704225352112676,-0.2816901408450705,0.2816901408450705
18,17,60,0.06666666666666667,0.06666666666666667,0.09999999999999999
19,0,51,0.0,-0.5098039215686274,0.6274509803921569
19,1,45,0.08888888888888889,-0.6888888888888889,0.7111111111111111
19,2,51,0.0,-0.1568627450980392,0.3333333333333333
19,3,54,0.0,-0.037037037037037035,0.16666666666666666
19,4,49,0.0,0.0,0.2653061224489796
19,5,53,0.018867924528301886,-0.11320754716981132,0.22641509433962265
19,6,52,0.0,0.0,0.23076923076923078
19,7,58,0.0,0.0,0.27586206896551724
19,8,62,0.0,0.0,0.016129032258064516
19,9,66,0.07575757575757576,0.07575757575757576,0.16666666666666669
19,10,71,0.07042253521126761,0.07042253521126761,0.11267605633802817
19,11,68,0.25,0.25,0.0
19,12,54,0.24074074074074073,0.24074074074074073,0.1851851851851852
19,13,66,0.015151515151515152,0.015151515151515152,0.0
19,14,60,0.26666666666666666,0.26666666666666666,0.09999999999999998
19,15,54,0.6296296296296297,0.6296296296296297,0.0
19,16,71,0.647887323943662,-0.3380281690140845,0.3380281690140845
19,17,60,0.11666666666666667,0.11666666666666667,0.04999999999999999
20,0,51,0.0,-0.5098039215686274,0.6274509803921569
20,1,45,0.0,-0.7777777777777778,0.8
20,2,51,0.0,-0.1568627450980392,0.3333333333333333
20,3,54,0.0,-0.037037037037037035,0.16666666666666666
20,4,49,0.0,0.0,0.2653061224489796
20,5,53,0.0,-0.1320754716981132,0.24528301886792453
20,6,52,0.0,0.0,0.23076923076923078
20,7,58,0.0,0.0,0.27586206896551724
20,8,62,0.0,0.0,0.016129032258064516
20,9,66,0.09090909090909091,0.09090909090909091,0.15151515151515152
20,10,71,0.014084507042253521,0.014084507042253521,0.16901408450704225
20,11,68,0.23529411764705882,0.23529411764705882,0.01470588235294118
20,12,54,0.42592592592592593,0.42592592592592593,0.0
20,13,66,0.09090909090909091,0.09090909090909091,0.0
20,14,60,0.26666666666666666,0.26666666666666666,0.09999999999999998
20,15,54,0.6111111111111112,0.6111111111111112,0.01851851851851849
20,16,71,0.6197183098591549,-0.3661971830985916,0.3661971830985916
20,17,60,0.13333333333333333,0.13333333333333333,0.033333333333333326
21,0,51,0.0,-0.5098039215686274,0.6274509803921569
21,1,45,0.0,-0.7777777777777778,0.8
21,2,51,0.0,-0.1568627450980392,0.3333333333333333
21,3,54,0.0,-0.037037037037037035,0.16666666666666666
21,4,49,0.0,0.0,0.2653061224489796
21,5,53,0.0,-0.1320754716981132,0.24528301886792453
21,6,52,0.0,0.0,0.23076923076923078
21,7,58,0.0,0.0,0.27586206896551724
21,8,62,0.0,0.0,0.016129032258064516
21,9,66,0.0,0.0,0.24242424242424243
21,10,71,0.0,0.0,0.18309859154929578
21,11,68,0.0,0.0,0.25
21,12,54,0.0,0.0,0.42592592592592593
21,13,66,0.0,0.0,0.09090909090909091
21,14,60,0.0,0.0,0.36666666666666664
21,15,54,0.0,0.0,0.6296296296296297
21,16,71,0.0,-0.9859154929577465,0.9859154929577465
21,17,60,0.0,0.0,0.16666666666666666
21,18,66,0.24242424242424243,,
21,19,52,0.07692307692307693,,
21,20,92,0.25,,
21,21,55,0.0,,
21,22,57,0.0,,
21,23,46,0.0,,
21,24,48,0.3541666666666667,,
21,25,81,0.0,,
21,26,73,0.2054794520547945,,
22,0,51,0.0,-0.5098039215686274,0.6274509803921569
22,1,45,0.0,-0.7777777777777778,0.8
22,2,51,0.0,-0.1568627450980392,0.3333333333333333
22,3,54,0.0,-0.037037037037037035,0.16666666666666666
22,4,49,0.0,0.0,0.2653061224489796
22,5,53,0.0,-0.1320754716981132,0.24528301886792453
22,6,52,0.0,0.0,0.23076923076923078
22,7,58,0.0,0.0,0.27586206896551724
22,8,62,0.0,0.0,0.016129032258064516
22,9,66,0.0,0.0,0.24242424242424243
22,10,71,0.0,0.0,0.18309859154929578
22,11,68,0.0,0.0,0.25
22,12,54,0.0,0.0,0.42592592592592593
22,13,66,0.0,0.0,0.09090909090909091
22,14,60,0.0,0.0,0.36666666666666664
22,15,54,0.0,0.0,0.6296296296296297
22,16,71,0.0,-0.9859154929577465,0.9859154929577465
22,17,60,0.0,0.0,0.16666666666666666
22,18,66,0.0,-0.24242424242424243,0.24242424242424243
22,19,52,0.057692307692307696,-0.019230769230769232,0.019230769230769232
22,20,92,0.15217391304347827,-0.09782608695652173,0.09782608695652173
22,21,55,0.05454545454545454,0.05454545454545454,0.0
22,22,57,0.19298245614035087,0.19298245614035087,0.0
22,23,46,0.5,0.5,0.0
22,24,48,0.020833333333333332,-0.33333333333333337,0.33333333333333337
22,25,81,0.0,0.0,0.0
22,26,73,0.4246575342465753,0.2191780821917808,0.0
23,0,51,0.0,-0.5098039215686274,0.6274509803921569
23,1,45,0.0,-0.7777777777777778,0.8
23,2,51,0.0,-0.1568627450980392,0.3333333333333333
23,3,54,0.0,-0.037037037037037035,0.16666666666666666
23,4,49,0.0,0.0,0.2653061224489796
23,5,53,0.0,-0.1320754716981132,0.24528301886792453
23,6,52,0.0,0.0,0.23076923076923078
23,7,58,0.0,0.0,0.27586206896551724
23,8,62,0.0,0.0,0.016129032258064516
23,9,66,0.0,0.0,0.24242424242424243
23,10,71,0.0,0.0,0.18309859154929578
23,11,68,0.0,0.0,0.25
23,12,54,0.0,0.0,0.42592592592592593
23,13,66,0.0,0.0,0.09090909090909091
23,14,60,0.0,0.0,0.36666666666666664
23,15,54,0.0,0.0,0.6296296296296297
23,16,71,0.0,-0.9859154929577465,0.9859154929577465
23,17,60,0.0,0.0,0.16666666666666666
23,18,66,0.015151515151515152,-0.2272727272727273,0.2272727272727273
23,19,52,0.5,0.4230769230769231,0.0
23,20,92,0.2391304347826087,-0.010869565217391297,0.010869565217391297
23,21,55,0.05454545454545454,0.05454545454545454,0.0
23,22,57,0.19298245614035087,0.19298245614035087,0.0
23,23,46,0.3695652173913043,0.3695652173913043,0.13043478260869568
23,24,48,0.6041666666666666,0.24999999999999994,0.0
23,25,81,0.12345679012345678,0.12345679012345678,0.0
23,26,73,0.2876712328767123,0.0821917808219178,0.136986301369863
24,0,51,0.0,-0.5098039215686274,0.6274509803921569
24,1,45,0.0,-0.7777777777777778,0.8
24,2,51,0.0,-0.1568627450980392,0.3333333333333333
24,3,54,0.0,-0.037037037037037035,0.16666666666666666
24,4,49,0.0,0.0,0.2653061224489796
24,5,53,0.0,-0.1320754716981132,0.24528301886792453
24,6,52,0.0,0.0,0.23076923076923078
24,7,58,0.0,0.0,0.27586206896551724
24,8,62,0.0,0.0,0.016129032258064516
24,9,66,0.0,0.0,0.24242424242424243
24,10,71,0.0,0.0,0.18309859154929578
24,11,68,0.0,0.0,0.25
24,12,54,0.0,0.0,0.42592592592592593
24,13,66,0.0,0.0,0.09090909090909091
24,14,60,0.0,0.0,0.36666666666666664
24,15,54,0.0,0.0,0.6296296296296297
24,16,71,0.0,-0.9859154929577465,0.9859154929577465
24,17,60,0.0,0.0,0.16666666666666666
24,18,66,0.030303030303030304,-0.21212121212121213,0.21212121212121213
24,19,52,0.25,0.17307692307692307,0.25
24,20,92,0.42391304347826086,0.17391304347826086,0.0
24,21,55,0.10909090909090909,0.10909090909090909,0.0
24,22,57,0.15789473684210525,0.15789473684210525,0.03508771929824561
24,23,46,0.34782608695652173,0.34782608695652173,0.15217391304347827
24,24,48,0.22916666666666666,-0.12500000000000003,0.375
24,25,81,0.06172839506172839,0.06172839506172839,0.06172839506172839
24,26,73,0.5205479452054794,0.3150684931506849,0.0
25,0,51,0.0,-0.5098039215686274,0.6274509803921569
25,1,45,0.0,-0.7777777777777778,0.8
25,2,51,0.0,-0.1568627450980392,0.3333333333333333
25,3,54,0.0,-0.037037037037037035,0.16666666666666666
25,4,49,0.0,0.0,0.2653061224489796
25,5,53,0.0,-0.1320754716981132,0.24528301886792453
25,6,52,0.0,0.0,0.23076923076923078
25,7,58,0.0,0.0,0.27586206896551724
25,8,62,0.0,0.0,0.016129032258064516
25,9,66,0.0,0.0,0.24242424242424243
25,10,71,0.0,0.0,0.18309859154929578
25,11,68,0.0,0.0,0.25
25,12,54,0.0,0.0,0.42592592592592593
25,13,66,0.0,0.0,0.09090909090909091
25,14,60,0.0,0.0,0.36666666666666664
25,15,54,0.0,0.0,0.6296296296296297
25,16,71,0.0,-0.9859154929577465,0.9859154929577465
25,17,60,0.0,0.0,0.16666666666666666
25,18,66,0.15151515151515152,-0.09090909090909091,0.09090909090909091
25,19,52,0.46153846153846156,0.38461538461538464,0.038461538461538436
25,20,92,0.22826086956521738,-0.021739130434782622,0.1956521739130435
25,21,55,0.09090909090909091,0.09090909090909091,0.018181818181818174
25,22,57,0.12280701754385964,0.12280701754385964,0.07017543859649122
25,23,46,0.6956521739130435,0.6956521739130435,0.0
25,24,48,0.4583333333333333,0.10416666666666663,0.14583333333333331
25,25,81,0.18518518518518517,0.18518518518518517,0.0
25,26,73,0.3150684931506849,0.1095890410958904,0.2054794520547945
26,0,51,0.0,-0.5098039215686274,0.6274509803921569
26,1,45,0.0,-0.7777777777777778,0.8
26,2,51,0.0,-0.1568627450980392,0.3333333333333333
26,3,54,0.0,-0.037037037037037035,0.16666666666666666
26,4,49,0.0,0.0,0.2653061224489796
26,5,53,0.0,-0.1320754716981132,0.24528301886792453
26,6,52,0.0,0.0,0.23076923076923078
26,7,58,0.0,0.0,0.27586206896551724
26,8,62,0.0,0.0,0.016129032258064516
26,9,66,0.0,0.0,0.24242424242424243
26,10,71,0.0,0.0,0.18309859154929578
26,11,68,0.0,0.0,0.25
26,12,54,0.0,0.0,0.42592592592592593
26,13,66,0.0,0.0,0.09090909090909091
26,14,60,0.0,0.0,0.36666666666666664
26,15,54,0.0,0.0,0.6296296296296297
26,16,71,0.0,-0.9859154929577465,0.9859154929577465
26,17,60,0.0,0.0,0.16666666666666666
26,18,66,0.09090909090909091,-0.15151515151515152,0.15151515151515152
26,19,52,0.38461538461538464,0.3076923076923077,0.11538461538461536
26,20,92,0.391304347826087,0.14130434782608697,0.03260869565217389
26,21,55,0.10909090909090909,0.10909090909090909,0.0
26,22,57,0.3508771929824561,0.3508771929824561,0.0
26,23,46,0.30434782608695654,0.30434782608695654,0.3913043478260869
26,24,48,0.3125,-0.041666666666666685,0.29166666666666663
26,25,81,0.07407407407407407,0.07407407407407407,0.1111111111111111
26,26,73,0.4383561643835616,0.2328767123287671,0.0821917808219178
27,0,51,0.0,-0.5098039215686274,0.6274509803921569
27,1,45,0.0,-0.7777777777777778,0.8
27,2,51,0.0,-0.1568627450980392,0.3333333333333333
27,3,54,0.0,-0.037037037037037035,0.16666666666666666
27,4,49,0.0,0.0,0.2653061224489796
27,5,53,0.0,-0.1320754716981132,0.24528301886792453
27,6,52,0.0,0.0,0.23076923076923078
27,7,58,0.0,0.0,0.27586206896551724
27,8,62,0.0,0.0,0.016129032258064516
27,9,66,0.0,0.0,0.24242424242424243
27,10,71,0.0,0.0,0.18309859154929578
27,11,68,0.0,0.0,0.25
27,12,54,0.0,0.0,0.42592592592592593
27,13,66,0.0,0.0,0.09090909090909091
27,14,60,0.0,0.0,0.36666666666666664
27,15,54,0.0,0.0,0.6296296296296297
27,16,71,0.0,-0.9859154929577465,0.9859154929577465
27,17,60,0.0,0.0,0.16666666666666666
27,18,66,0.19696969696969696,-0.04545454545454547,0.04545454545454547
27,19,52,0.38461538461538464,0.3076923076923077,0.11538461538461536
27,20,92,0.29347826086956524,0.043478260869565244,0.13043478260869562
27,21,55,0.16363636363636364,0.16363636363636364,0.0
27,22,57,0.22807017543859648,0.22807017543859648,0.12280701754385964
27,23,46,0.43478260869565216,0.43478260869565216,0.2608695652173913
27,24,48,0.3541666666666667,0.0,0.24999999999999994
27,25,81,0.1728395061728395,0.1728395061728395,0.012345679012345678
27,26,73,0.4794520547945205,0.273972602739726,0.0410958904109589
28,0,51,0.0,-0.5098039215686274,0.6274509803921569
28,1,45,0.0,-0.7777777777777778,0.8
28,2,51,0.0,-0.1568627450980392,0.3333333333333333
28,3,54,0.0,-0.037037037037037035,0.16666666666666666
28,4,49,0.0,0.0,0.2653061224489796
28,5,53,0.0,-0.1320754716981132,0.24528301886792453
28,6,52,0.0,0.0,0.23076923076923078
28,7,58,0.0,0.0,0.27586206896551724
28,8,62,0.0,0.0,0.016129032258064516
28,9,66,0.0,0.0,0.24242424242424243
28,10,71,0.0,0.0,0.18309859154929578
28,11,68,0.0,0.0,0.25
28,12,54,0.0,0.0,0.42592592592592593
28,13,66,0.0,0.0,0.09090909090909091
28,14,60,0.0,0.0,0.36666666666666664
28,15,54,0.0,0.0,0.6296296296296297
28,16,71,0.0,-0.9859154929577465,0.9859154929577465
28,17,60,0.0,0.0,0.16666666666666666
28,18,66,0.13636363636363635,-0.10606060606060608,0.10606060606060608
28,19,52,0.4230769230769231,0.34615384615384615,0.07692307692307693
28,20,92,0.34782608695652173,0.09782608695652173,0.07608695652173914
28,21,55,0.18181818181818182,0.18181818181818182,0.0
28,22,57,0.2807017543859649,0.2807017543859649,0.07017543859649122
28,23,46,0.34782608695652173,0.34782608695652173,0.34782608695652173
28,24,48,0.3125,-0.041666666666666685,0.29166666666666663
28,25,81,0.13580246913580246,0.13580246913580246,0.04938271604938271
28,26,73,0.5068493150684932,0.30136986301369867,0.013698630136986245
29,0,51,0.0,-0.5098039215686274,0.6274509803921569
29,1,45,0.0,-0.7777777777777778,0.8
29,2,51,0.0,-0.1568627450980392,0.3333333333333333
29,3,54,0.0,-0.037037037037037035,0.16666666666666666
29,4,49,0.0,0.0,0.2653061224489796
29,5,53,0.0,-0.1320754716981132,0.24528301886792453
29,6,52,0.0,0.0,0.23076923076923078
29,7,58,0.0,0.0,0.27586206896551724
29,8,62,0.0,0.0,0.016129032258064516
29,9,66,0.0,0.0,0.24242424242424243
29,10,71,0.0,0.0,0.18309859154929578
29,11,68,0.0,0.0,0.25
29,12,54,0.0,0.0,0.42592592592592593
29,13,66,0.0,0.0,0.09090909090909091
29,14,60,0.0,0.0,0.36666666666666664
29,15,54,0.0,0.0,0.6296296296296297
29,16,71,0.0,-0.9859154929577465,0.9859154929577465
29,17,60,0.0,0.0,0.16666666666666666
29,18,66,0.21212121212121213,-0.030303030303030304,0.030303030303030304
29,19,52,0.34615384615384615,0.2692307692307692,0.15384615384615385
29,20,92,0.358695652173913,0.10869565217391303,0.06521739130434784
29,21,55,0.16363636363636364,0.16363636363636364,0.018181818181818188
29,22,57,0.2631578947368421,0.2631578947368421,0.08771929824561403
29,23,46,0.32608695652173914,0.32608695652173914,0.3695652173913043
29,24,48,0.4583333333333333,0.10416666666666663,0.14583333333333331
29,25,81,0.18518518518518517,0.18518518518518517,0.0
29,26,73,0.4931506849315068,0.2876712328767123,0.0273972602739726
30,0,51,0.0,-0.5098039215686274,0.6274509803921569
30,1,45,0.0,-0.7777777777777778,0.8
30,2,51,0.0,-0.1568627450980392,0.3333333333333333
30,3,54,0.0,-0.037037037037037035,0.16666666666666666
30,4,49,0.0,0.0,0.2653061224489796
30,5,53,0.0,-0.1320754716981132,0.24528301886792453
30,6,52,0.0,0.0,0.23076923076923078
30,7,58,0.0,0.0,0.27586206896551724
30,8,62,0.0,0.0,0.016129032258064516
30,9,66,0.0,0.0,0.24242424242424243
30,10,71,0.0,0.0,0.18309859154929578
30,11,68,0.0,0.0,0.25
30,12,54,0.0,0.0,0.42592592592592593
30,13,66,0.0,0.0,0.09090909090909091
30,14,60,0.0,0.0,0.36666666666666664
30,15,54,0.0,0.0,0.6296296296296297
30,16,71,0.0,-0.9859154929577465,0.9859154929577465
30,17,60,0.0,0.0,0.16666666666666666
30,18,66,0.18181818181818182,-0.06060606060606061,0.06060606060606061
30,19,52,0.5,0.4230769230769231,0.0
30,20,92,0.30434782608695654,0.05434782608695654,0.11956521739130432
30,21,55,0.14545454545454545,0.14545454545454545,0.036363636363636376
30,22,57,0.3157894736842105,0.3157894736842105,0.03508771929824561
30,23,46,0.2608695652173913,0.2608695652173913,0.43478260869565216
30,24,48,0.25,-0.10416666666666669,0.35416666666666663
30,25,81,0.2345679012345679,0.2345679012345679,0.0
30,26,73,0.547945205479452,0.3424657534246575,0.0
31,0,51,0.0,-0.5098039215686274,0.6274509803921569
31,1,45,0.0,-0.7777777777777778,0.8
31,2,51,0.0,-0.1568627450980392,0.3333333333333333
31,3,54,0.0,-0.037037037037037035,0.16666666666666666
31,4,49,0.0,0.0,0.2653061224489796
31,5,53,0.0,-0.1320754716981132,0.24528301886792453
31,6,52,0.0,0.0,0.23076923076923078
31,7,58,0.0,0.0,0.27586206896551724
31,8,62,0.0,0.0,0.016129032258064516
31,9,66,0.0,0.0,0.24242424242424243
31,10,71,0.0,0.0,0.18309859154929578
31,11,68,0.0,0.0,0.25
31,12,54,0.0,0.0,0.42592592592592593
31,13,66,0.0,0.0,0.09090909090909091
31,14,60,0.0,0.0,0.36666666666666664
31,15,54,0.0,0.0,0.6296296296296297
31,16,71,0.0,-0.9859154929577465,0.9859154929577465
31,17,60,0.0,0.0,0.16666666666666666
31,18,66,0.24242424242424243,0.0,0.0
31,19,52,0.3269230769230769,0.25,0.17307692307692307
31,20,92,0.32608695652173914,0.07608695652173914,0.09782608695652173
31,21,55,0.18181818181818182,0.18181818181818182,0.0
31,22,57,0.3684210526315789,0.3684210526315789,0.0
31,23,46,0.391304347826087,0.391304347826087,0.3043478260869565
31,24,48,0.4583333333333333,0.10416666666666663,0.14583333333333331
31,25,81,0.32098765432098764,0.32098765432098764,0.0
31,26,73,0.4657534246575342,0.2602739726027397,0.0821917808219178
32,0,51,0.0,-0.5098039215686274,0.6274509803921569
32,1,45,0.0,-0.7777777777777778,0.8
32,2,51,0.0,-0.1568627450980392,0.3333333333333333
32,3,54,0.0,-0.037037037037037035,0.16666666666666666
32,4,49,0.0,0.0,0.2653061224489796
32,5,53,0.0,-0.1320754716981132,0.24528301886792453
32,6,52,0.0,0.0,0.23076923076923078
32,7,58,0.0,0.0,0.27586206896551724
32,8,62,0.0,0.0,0.016129032258064516
32,9,66,0.0,0.0,0.24242424242424243
32,10,71,0.0,0.0,0.18309859154929578
32,11,68,0.0,0.0,0.25
32,12,54,0.0,0.0,0.42592592592592593
32,13,66,0.0,0.0,0.09090909090909091
32,14,60,0.0,0.0,0.36666666666666664
32,15,54,0.0,0.0,0.6296296296296297
32,16,71,0.0,-0.9859154929577465,0.9859154929577465
32,17,60,0.0,0.0,0.16666666666666666
32,18,66,0.21212121212121213,-0.030303030303030304,0.030303030303030304
32,19,52,0.4230769230769231,0.34615384615384615,0.07692307692307693
32,20,92,0.32608695652173914,0.07608695652173914,0.09782608695652173
32,21,55,0.21818181818181817,0.21818181818181817,0.0
32,22,57,0.2982456140350877,0.2982456140350877,0.07017543859649122
32,23,46,0.1956521739130435,0.1956521739130435,0.5
32,24,48,0.20833333333333334,-0.14583333333333334,0.39583333333333326
32,25,81,0.2345679012345679,0.2345679012345679,0.08641975308641975
32,26,73,0.684931506849315,0.4794520547945205,0.0
33,0,51,0.0,-0.5098039215686274,0.6274509803921569
33,1,45,0.0,-0.7777777777777778,0.8
33,2,51,0.0,-0.1568627450980392,0.3333333333333333
33,3,54,0.0,-0.037037037037037035,0.16666666666666666
33,4,49,0.0,0.0,0.2653061224489796
33,5,53,0.0,-0.1320754716981132,0.24528301886792453
33,6,52,0.0,0.0,0.23076923076923078
33,7,58,0.0,0.0,0.27586206896551724
33,8,62,0.0,0.0,0.016129032258064516
33,9,66,0.0,0.0,0.24242424242424243
33,10,71,0.0,0.0,0.18309859154929578
33,11,68,0.0,0.0,0.25
33,12,54,0.0,0.0,0.42592592592592593
33,13,66,0.0,0.0,0.09090909090909091
33,14,60,0.0,0.0,0.36666666666666664
33,15,54,0.0,0.0,0.6296296296296297
33,16,71,0.0,-0.9859154929577465,0.9859154929577465
33,17,60,0.0,0.0,0.16666666666666666
33,18,66,0.25757575757575757,0.015151515151515138,0.0
33,19,52,0.28846153846153844,0.2115384615384615,0.21153846153846156
33,20,92,0.33695652173913043,0.08695652173913043,0.08695652173913043
33,21,55,0.23636363636363636,0.23636363636363636,0.0
33,22,57,0.45614035087719296,0.45614035087719296,0.0
33,23,46,0.391304347826087,0.391304347826087,0.3043478260869565
33,24,48,0.4583333333333333,0.10416666666666663,0.14583333333333331
33,25,81,0.345679012345679,0.345679012345679,0.0
33,26,73,0.5068493150684932,0.30136986301369867,0.17808219178082185
34,0,51,0.0,-0.5098039215686274,0.6274509803921569
34,1,45,0.0,-0.7777777777777778,0.8
34,2,51,0.0,-0.1568627450980392,0.3333333333333333
34,3,54,0.0,-0.037037037037037035,0.16666666666666666
34,4,49,0.0,0.0,0.2653061224489796
34,5,53,0.0,-0.1320754716981132,0.24528301886792453
34,6,52,0.0,0.0,0.23076923076923078
34,7,58,0.0,0.0,0.27586206896551724
34,8,62,0.0,0.0,0.016129032258064516
34,9,66,0.0,0.0,0.24242424242424243
34,10,71,0.0,0.0,0.18309859154929578
34,11,68,0.0,0.0,0.25
34,12,54,0.0,0.0,0.42592592592592593
34,13,66,0.0,0.0,0.09090909090909091
34,14,60,0.0,0.0,0.36666666666666664
34,15,54,0.0,0.0,0.6296296296296297
34,16,71,0.0,-0.9859154929577465,0.9859154929577465
34,17,60,0.0,0.0,0.16666666666666666
34,18,66,0.13636363636363635,-0.10606060606060608,0.12121212121212122
34,19,52,0.3269230769230769,0.25,0.17307692307692307
34,20,92,0.45652173913043476,0.20652173913043476,0.0
34,21,55,0.23636363636363636,0.23636363636363636,0.0
34,22,57,0.3508771929824561,0.3508771929824561,0.10526315789473684
34,23,46,0.2826086956521739,0.2826086956521739,0.41304347826086957
34,24,48,0.22916666666666666,-0.12500000000000003,0.375
34,25,81,0.1728395061728395,0.1728395061728395,0.1728395061728395
34,26,73,0.6986301369863014,0.4931506849315069,0.0
35,0,51,0.0,-0.5098039215686274,0.6274509803921569
35,1,45,0.0,-0.7777777777777778,0.8
35,2,51,0.0,-0.1568627450980392,0.3333333333333333
35,3,54,0.0,-0.037037037037037035,0.16666666666666666
35,4,49,0.0,0.0,0.2653061224489796
35,5,53,0.0,-0.1320754716981132,0.24528301886792453
35,6,52,0.0,0.0,0.23076923076923078
35,7,58,0.0,0.0,0.27586206896551724
35,8,62,0.0,0.0,0.016129032258064516
35,9,66,0.0,0.0,0.24242424242424243
35,10,71,0.0,0.0,0.18309859154929578
35,11,68,0.0,0.0,0.25
35,12,54,0.0,0.0,0.42592592592592593
35,13,66,0.0,0.0,0.09090909090909091
35,14,60,0.0,0.0,0.36666666666666664
35,15,54,0.0,0.0,0.6296296296296297
35,16,71,0.0,-0.9859154929577465,0.9859154929577465
35,17,60,0.0,0.0,0.16666666666666666
35,18,66,0.21212121212121213,-0.030303030303030304,0.04545454545454544
35,19,52,0.5,0.4230769230769231,0.0
35,20,92,0.2391304347826087,-0.010869565217391297,0.21739130434782605
35,21,55,0.2727272727272727,0.2727272727272727,0.0
35,22,57,0.2807017543859649,0.2807017543859649,0.17543859649122806
35,23,46,0.391304347826087,0.391304347826087,0.3043478260869565
35,24,48,0.4583333333333333,0.10416666666666663,0.14583333333333331
35,25,81,0.49382716049382713,0.49382716049382713,0.0
35,26,73,0.5068493150684932,0.30136986301369867,0.1917808219178082
36,0,51,0.0,-0.5098039215686274,0.6274509803921569
36,1,45,0.0,-0.7777777777777778,0.8
36,2,51,0.0,-0.1568627450980392,0.3333333333333333
36,3,54,0.0,-0.037037037037037035,0.16666666666666666
36,4,49,0.0,0.0,0.2653061224489796
36,5,53,0.0,-0.1320754716981132,0.24528301886792453
36,6,52,0.0,0.0,0.23076923076923078
36,7,58,0.0,0.0,0.27586206896551724
36,8,62,0.0,0.0,0.016129032258064516
36,9,66,0.0,0.0,0.24242424242424243
36,10,71,0.0,0.0,0.18309859154929578
36,11,68,0.0,0.0,0.25
36,12,54,0.0,0.0,0.42592592592592593
36,13,66,0.0,0.0,0.09090909090909091
36,14,60,0.0,0.0,0.36666666666666664
36,15,54,0.0,0.0,0.6296296296296297
36,16,71,0.0,-0.9859154929577465,0.9859154929577465
36,17,60,0.0,0.0,0.16666666666666666
36,18,66,0.15151515151515152,-0.09090909090909091,0.10606060606060605
36,19,52,0.4230769230769231,0.34615384615384615,0.07692307692307693
36,20,92,0.33695652173913043,0.08695652173913043,0.11956521739130432
36,21,55,0.2909090909090909,0.2909090909090909,0.0
36,22,57,0.3157894736842105,0.3157894736842105,0.14035087719298245
36,23,46,0.2391304347826087,0.2391304347826087,0.45652173913043476
36,24,48,0.16666666666666666,-0.18750000000000003,0.4375
36,25,81,0.32098765432098764,0.32098765432098764,0.1728395061728395
36,26,73,0.7397260273972602,0.5342465753424657,0.0
37,0,51,0.0,-0.5098039215686274,0.6274509803921569
37,1,45,0.0,-0.7777777777777778,0.8
37,2,51,0.0,-0.1568627450980392,0.3333333333333333
37,3,54,0.0,-0.037037037037037035,0.16666666666666666
37,4,49,0.0,0.0,0.2653061224489796
37,5,53,0.0,-0.1320754716981132,0.24528301886792453
37,6,52,0.0,0.0,0.23076923076923078
37,7,58,0.0,0.0,0.27586206896551724
37,8,62,0.0,0.0,0.016129032258064516
37,9,66,0.0,0.0,0.24242424242424243
37,10,71,0.0,0.0,0.18309859154929578
37,11,68,0.0,0.0,0.25
37,12,54,0.0,0.0,0.42592592592592593
37,13,66,0.0,0.0,0.09090909090909091
37,14,60,0.0,0.0,0.36666666666666664
37,15,54,0.0,0.0,0.6296296296296297
37,16,71,0.0,-0.9859154929577465,0.9859154929577465
37,17,60,0.0,0.0,0.16666666666666666
37,18,66,0.24242424242424243,0.0,0.015151515151515138
37,19,52,0.38461538461538464,0.3076923076923077,0.11538461538461536
37,20,92,0.33695652173913043,0.08695652173913043,0.11956521739130432
37,21,55,0.2909090909090909,0.2909090909090909,0.0
37,22,57,0.38596491228070173,0.38596491228070173,0.07017543859649122
37,23,46,0.32608695652173914,0.32608695652173914,0.3695652173913043
37,24,48,0.4375,0.08333333333333331,0.16666666666666663
37,25,81,0.49382716049382713,0.49382716049382713,0.0
37,26,73,0.5068493150684932,0.30136986301369867,0.23287671232876705
38,0,51,0.0,-0.5098039215686274,0.6274509803921569
38,1,45,0.0,-0.7777777777777778,0.8
38,2,51,0.0,-0.1568627450980392,0.3333333333333333
38,3,54,0.0,-0.037037037037037035,0.16666666666666666
38,4,49,0.0,0.0,0.2653061224489796
38,5,53,0.0,-0.1320754716981132,0.24528301886792453
38,6,52,0.0,0.0,0.23076923076923078
38,7,58,0.0,0.0,0.27586206896551724
38,8,62,0.0,0.0,0.016129032258064516
38,9,66,0.0,0.0,0.24242424242424243
38,10,71,0.0,0.0,0.18309859154929578
38,11,68,0.0,0.0,0.25
38,12,54,0.0,0.0,0.42592592592592593
38,13,66,0.0,0.0,0.09090909090909091
38,14,60,0.0,0.0,0.36666666666666664
38,15,54,0.0,0.0,0.6296296296296297
38,16,71,0.0,-0.9859154929577465,0.9859154929577465
38,17,60,0.0,0.0,0.16666666666666666
38,18,66,0.16666666666666666,-0.07575757575757577,0.09090909090909091
38,19,52,0.3269230769230769,0.25,0.17307692307692307
38,20,92,0.3804347826086957,0.13043478260869568,0.07608695652173908
38,21,55,0.2909090909090909,0.2909090909090909,0.0
38,22,57,0.49122807017543857,0.49122807017543857,0.0
38,23,46,0.30434782608695654,0.30434782608695654,0.3913043478260869
38,24,48,0.20833333333333334,-0.14583333333333334,0.39583333333333326
38,25,81,0.3333333333333333,0.3333333333333333,0.16049382716049382
38,26,73,0.684931506849315,0.4794520547945205,0.0547945205479452
39,0,51,0.0,-0.5098039215686274,0.6274509803921569
39,1,45,0.0,-0.7777777777777778,0.8
39,2,51,0.0,-0.1568627450980392,0.3333333333333333
39,3,54,0.0,-0.037037037037037035,0.16666666666666666
39,4,49,0.0,0.0,0.2653061224489796
39,5,53,0.0,-0.1320754716981132,0.24528301886792453
39,6,52,0.0,0.0,0.23076923076923078
39,7,58,0.0,0.0,0.27586206896551724
39,8,62,0.0,0.0,0.016129032258064516
39,9,66,0.0,0.0,0.24242424242424243
39,10,71,0.0,0.0,0.18309859154929578
39,11,68,0.0,0.0,0.25
39,12,54,0.0,0.0,0.42592592592592593
39,13,66,0.0,0.0,0.09090909090909091
39,14,60,0.0,0.0,0.36666666666666664
39,15,54,0.0,0.0,0.6296296296296297
39,16,71,0.0,-0.9859154929577465,0.9859154929577465
39,17,60,0.0,0.0,0.16666666666666666
39,18,66,0.16666666666666666,-0.07575757575757577,0.09090909090909091
39,19,52,0.4807692307692308,0.40384615384615385,0.019230769230769218
39,20,92,0.3804347826086957,0.13043478260869568,0.07608695652173908
39,21,55,0.3090909090909091,0.3090909090909091,0.0
39,22,57,0.3333333333333333,0.3333333333333333,0.15789473684210525
39,23,46,0.17391304347826086,0.17391304347826086,0.5217391304347826
39,24,48,0.4583333333333333,0.10416666666666663,0.14583333333333331
39,25,81,0.43209876543209874,0.43209876543209874,0.06172839506172839
39,26,73,0.6027397260273972,0.3972602739726027,0.136986301369863
40,0,51,0.0,-0.5098039215686274,0.6274509803921569
40,1,45,0.0,-0.7777777777777778,0.8
40,2,51,0.0,-0.1568627450980392,0.3333333333333333
40,3,54,0.0,-0.037037037037037035,0.16666666666666666
40,4,49,0.0,0.0,0.2653061224489796
40,5,53,0.0,-0.1320754716981132,0.24528301886792453
40,6,52,0.0,0.0,0.23076923076923078
40,7,58,0.0,0.0,0.27586206896551724
40,8,62,0.0,0.0,0.016129032258064516
40,9,66,0.0,0.0,0.24242424242424243
40,10,71,0.0,0.0,0.18309859154929578
40,11,68,0.0,0.0,0.25
40,12,54,0.0,0.0,0.42592592592592593
40,13,66,0.0,0.0,0.09090909090909091
40,14,60,0.0,0.0,0.36666666666666664
40,15,54,0.0,0.0,0.6296296296296297
40,16,71,0.0,-0.9859154929577465,0.9859154929577465
40,17,60,0.0,0.0,0.16666666666666666
40,18,66,0.22727272727272727,-0.015151515151515166,0.030303030303030304
40,19,52,0.36538461538461536,0.28846153846153844,0.13461538461538464
40,20,92,0.358695652173913,0.10869565217391303,0.09782608695652173
40,21,55,0.36363636363636365,0.36363636363636365,0.0
40,22,57,0.3508771929824561,0.3508771929824561,0.14035087719298245
40,23,46,0.45652173913043476,0.45652173913043476,0.2391304347826087
40,24,48,0.14583333333333334,-0.20833333333333334,0.45833333333333326
40,25,81,0.3950617283950617,0.3950617283950617,0.09876543209876543
40,26,73,0.6438356164383562,0.4383561643835617,0.09589041095890405
41,0,51,0.0,-0.5098039215686274,0.6274509803921569
41,1,45,0.0,-0.7777777777777778,0.8
41,2,51,0.0,-0.1568627450980392,0.3333333333333333
41,3,54,0.0,-0.037037037037037035,0.16666666666666666
41,4,49,0.0,0.0,0.2653061224489796
41,5,53,0.0,-0.1320754716981132,0.24528301886792453
41,6,52,0.0,0.0,0.23076923076923078
41,7,58,0.0,0.0,0.27586206896551724
41,8,62,0.0,0.0,0.016129032258064516
41,9,66,0.0,0.0,0.24242424242424243
41,10,71,0.0,0.0,0.18309859154929578
41,11,68,0.0,0.0,0.25
41,12,54,0.0,0.0,0.42592592592592593
41,13,66,0.0,0.0,0.09090909090909091
41,14,60,0.0,0.0,0.36666666666666664
41,15,54,0.0,0.0,0.6296296296296297
41,16,71,0.0,-0.9859154929577465,0.9859154929577465
41,17,60,0.0,0.0,0.16666666666666666
41,18,66,0.25757575757575757,0.015151515151515138,0.0
41,19,52,0.38461538461538464,0.3076923076923077,0.11538461538461536
41,20,92,0.40217391304347827,0.15217391304347827,0.054347826086956486
41,21,55,0.2909090909090909,0.2909090909090909,0.07272727272727275
41,22,57,0.2807017543859649,0.2807017543859649,0.21052631578947367
41,23,46,0.3695652173913043,0.3695652173913043,0.32608695652173914
41,24,48,0.3541666666666667,0.0,0.24999999999999994
41,25,81,0.5925925925925926,0.5925925925925926,0.0
41,26,73,0.5616438356164384,0.35616438356164387,0.17808219178082185
42,0,51,0.0,-0.5098039215686274,0.6274509803921569
42,1,45,0.0,-0.7777777777777778,0.8
42,2,51,0.0,-0.1568627450980392,0.3333333333333333
42,3,54,0.0,-0.037037037037037035,0.16666666666666666
42,4,49,0.0,0.0,0.2653061224489796
42,5,53,0.0,-0.1320754716981132,0.24528301886792453
42,6,52,0.0,0.0,0.23076923076923078
42,7,58,0.0,0.0,0.27586206896551724
42,8,62,0.0,0.0,0.016129032258064516
42,9,66,0.0,0.0,0.24242424242424243
42,10,71,0.0,0.0,0.18309859154929578
42,11,68,0.0,0.0,0.25
42,12,54,0.0,0.0,0.42592592592592593
42,13,66,0.0,0.0,0.09090909090909091
42,14,60,0.0,0.0,0.36666666666666664
42,15,54,0.0,0.0,0.6296296296296297
42,16,71,0.0,-0.9859154929577465,0.9859154929577465
42,17,60,0.0,0.0,0.16666666666666666
42,18,66,0.21212121212121213,-0.030303030303030304,0.04545454545454544
42,19,52,0.38461538461538464,0.3076923076923077,0.11538461538461536
42,20,92,0.391304347826087,0.14130434782608697,0.06521739130434778
42,21,55,0.2727272727272727,0.2727272727272727,0.09090909090909094
42,22,57,0.38596491228070173,0.38596491228070173,0.10526315789473684
42,23,46,0.41304347826086957,0.41304347826086957,0.2826086956521739
42,24,48,0.22916666666666666,-0.12500000000000003,0.375
42,25,81,0.37037037037037035,0.37037037037037035,0.2222222222222222
42,26,73,0.6712328767123288,0.4657534246575343,0.06849315068493145
43,0,51,0.0,-0.5098039215686274,0.6274509803921569
43,1,45,0.0,-0.7777777777777778,0.8
43,2,51,0.0,-0.1568627450980392,0.3333333333333333
43,3,54,0.0,-0.037037037037037035,0.16666666666666666
43,4,49,0.0,0.0,0.2653061224489796
43,5,53,0.0,-0.1320754716981132,0.24528301886792453
43,6,52,0.0,0.0,0.23076923076923078
43,7,58,0.0,0.0,0.27586206896551724
43,8,62,0.0,0.0,0.016129032258064516
43,9,66,0.0,0.0,0.24242424242424243
43,10,71,0.0,0.0,0.18309859154929578
43,11,68,0.0,0.0,0.25
43,12,54,0.0,0.0,0.42592592592592593
43,13,66,0.0,0.0,0.09090909090909091
43,14,60,0.0,0.0,0.36666666666666664
43,15,54,0.0,0.0,0.6296296296296297
43,16,71,0.0,-0.9859154929577465,0.9859154929577465
43,17,60,0.0,0.0,0.16666666666666666
43,18,66,0.2727272727272727,0.030303030303030276,0.0
43,19,52,0.4423076923076923,0.36538461538461536,0.05769230769230771
43,20,92,0.358695652173913,0.10869565217391303,0.09782608695652173
43,21,55,0.3090909090909091,0.3090909090909091,0.054545454545454564
43,22,57,0.17543859649122806,0.17543859649122806,0.3157894736842105
43,23,46,0.21739130434782608,0.21739130434782608,0.4782608695652174
43,24,48,0.2708333333333333,-0.08333333333333337,0.3333333333333333
43,25,81,0.5679012345679012,0.5679012345679012,0.024691358024691357
43,26,73,0.6027397260273972,0.3972602739726027,0.136986301369863
44,0,51,0.0,-0.5098039215686274,0.6274509803921569
44,1,45,0.0,-0.7777777777777778,0.8
44,2,51,0.0,-0.1568627450980392,0.3333333333333333
44,3,54,0.0,-0.037037037037037035,0.16666666666666666
44,4,49,0.0,0.0,0.2653061224489796
44,5,53,0.0,-0.1320754716981132,0.24528301886792453
44,6,52,0.0,0.0,0.23076923076923078
44,7,58,0.0,0.0,0.27586206896551724
44,8,62,0.0,0.0,0.016129032258064516
44,9,66,0.0,0.0,0.24242424242424243
44,10,71,0.0,0.0,0.18309859154929578
44,11,68,0.0,0.0,0.25
44,12,54,0.0,0.0,0.42592592592592593
44,13,66,0.0,0.0,0.09090909090909091
44,14,60,0.0,0.0,0.36666666666666664
44,15,54,0.0,0.0,0.6296296296296297
44,16,71,0.0,-0.9859154929577465,0.9859154929577465
44,17,60,0.0,0.0,0.16666666666666666
44,18,66,0.18181818181818182,-0.06060606060606061,0.09090909090909088
44,19,52,0.34615384615384615,0.2692307692307692,0.15384615384615385
44,20,92,0.4782608695652174,0.2282608695652174,0.0
44,21,55,0.23636363636363636,0.23636363636363636,0.1272727272727273
44,22,57,0.45614035087719296,0.45614035087719296,0.03508771929824561
44,23,46,0.1956521739130435,0.1956521739130435,0.5
44,24,48,0.22916666666666666,-0.12500000000000003,0.375
44,25,81,0.2839506172839506,0.2839506172839506,0.30864197530864196
44,26,73,0.6986301369863014,0.4931506849315069,0.041095890410958846
45,0,51,0.0,-0.5098039215686274,0.6274509803921569
45,1,45,0.0,-0.7777777777777778,0.8
45,2,51,0.0,-0.1568627450980392,0.3333333333333333
45,3,54,0.0,-0.037037037037037035,0.16666666666666666
45,4,49,0.0,0.0,0.2653061224489796
45,5,53,0.0,-0.1320754716981132,0.24528301886792453
45,6,52,0.0,0.0,0.23076923076923078
45,7,58,0.0,0.0,0.27586206896551724
45,8,62,0.0,0.0,0.016129032258064516
45,9,66,0.0,0.0,0.24242424242424243
45,10,71,0.0,0.0,0.18309859154929578
45,11,68,0.0,0.0,0.25
45,12,54,0.0,0.0,0.42592592592592593
45,13,66,0.0,0.0,0.09090909090909091
45,14,60,0.0,0.0,0.36666666666666664
45,15,54,0.0,0.0,0.6296296296296297
45,16,71,0.0,-0.9859154929577465,0.9859154929577465
45,17,60,0.0,0.0,0.16666666666666666
45,18,66,0.2727272727272727,0.030303030303030276,0.0
45,19,52,0.4423076923076923,0.36538461538461536,0.05769230769230771
45,20,92,0.33695652173913043,0.08695652173913043,0.14130434782608697
45,21,55,0.34545454545454546,0.34545454545454546,0.018181818181818188
45,22,57,0.3333333333333333,0.3333333333333333,0.15789473684210525
45,23,46,0.21739130434782608,0.21739130434782608,0.4782608695652174
45,24,48,0.25,-0.10416666666666669,0.35416666666666663
45,25,81,0.6296296296296297,0.6296296296296297,0.0
45,26,73,0.589041095890411,0.3835616438356165,0.15068493150684925
46,0,51,0.0,-0.5098039215686274,0.6274509803921569
46,1,45,0.0,-0.7777777777777778,0.8
46,2,51,0.0,-0.1568627450980392,0.3333333333333333
46,3,54,0.0,-0.037037037037037035,0.16666666666666666
46,4,49,0.0,0.0,0.2653061224489796
46,5,53,0.0,-0.1320754716981132,0.24528301886792453
46,6,52,0.0,0.0,0.23076923076923078
46,7,58,0.0,0.0,0.27586206896551724
46,8,62,0.0,0.0,0.016129032258064516
46,9,66,0.0,0.0,0.24242424242424243
46,10,71,0.0,0.0,0.18309859154929578
46,11,68,0.0,0.0,0.25
46,12,54,0.0,0.0,0.42592592592592593
46,13,66,0.0,0.0,0.09090909090909091
46,14,60,0.0,0.0,0.36666666666666664
46,15,54,0.0,0.0,0.6296296296296297
46,16,71,0.0,-0.9859154929577465,0.9859154929577465
46,17,60,0.0,0.0,0.16666666666666666
46,18,66,0.18181818181818182,-0.06060606060606061,0.09090909090909088
46,19,52,0.36538461538461536,0.28846153846153844,0.13461538461538464
46,20,92,0.42391304347826086,0.17391304347826086,0.05434782608695654
46,21,55,0.23636363636363636,0.23636363636363636,0.1272727272727273
46,22,57,0.5263157894736842,0.5263157894736842,0.0
46,23,46,0.2391304347826087,0.2391304347826087,0.45652173913043476
46,24,48,0.2916666666666667,-0.0625,0.31249999999999994
46,25,81,0.30864197530864196,0.30864197530864196,0.3209876543209877
46,26,73,0.6575342465753424,0.4520547945205479,0.0821917808219178
47,0,51,0.0,-0.5098039215686274,0.6274509803921569
47,1,45,0.0,-0.7777777777777778,0.8
47,2,51,0.0,-0.1568627450980392,0.3333333333333333
47,3,54,0.0,-0.037037037037037035,0.16666666666666666
47,4,49,0.0,0.0,0.2653061224489796
47,5,53,0.0,-0.1320754716981132,0.24528301886792453
47,6,52,0.0,0.0,0.23076923076923078
47,7,58,0.0,0.0,0.27586206896551724
47,8,62,0.0,0.0,0.016129032258064516
47,9,66,0.0,0.0,0.24242424242424243
47,10,71,0.0,0.0,0.18309859154929578
47,11,68,0.0,0.0,0.25
47,12,54,0.0,0.0,0.42592592592592593
47,13,66,0.0,0.0,0.09090909090909091
47,14,60,0.0,0.0,0.36666666666666664
47,15,54,0.0,0.0,0.6296296296296297
47,16,71,0.0,-0.9859154929577465,0.9859154929577465
47,17,60,0.0,0.0,0.16666666666666666
47,18,66,0.3181818181818182,0.07575757575757575,0.0
47,19,52,0.34615384615384615,0.2692307692307692,0.15384615384615385
47,20,92,0.3804347826086957,0.13043478260869568,0.09782608695652173
47,21,55,0.2545454545454545,0.2545454545454545,0.10909090909090913
47,22,57,0.45614035087719296,0.45614035087719296,0.07017543859649122
47,23,46,0.21739130434782608,0.21739130434782608,0.4782608695652174
47,24,48,0.25,-0.10416666666666669,0.35416666666666663
47,25,81,0.6296296296296297,0.6296296296296297,0.0
47,26,73,0.6027397260273972,0.3972602739726027,0.136986301369863
48,0,51,0.0,-0.5098039215686274,0.6274509803921569
48,1,45,0.0,-0.7777777777777778,0.8
48,2,51,0.0,-0.1568627450980392,0.3333333333333333
48,3,54,0.0,-0.037037037037037035,0.16666666666666666
48,4,49,0.0,0.0,0.2653061224489796
48,5,53,0.0,-0.1320754716981132,0.24528301886792453
48,6,52,0.0,0.0,0.23076923076923078
48,7,58,0.0,0.0,0.27586206896551724
48,8,62,0.0,0.0,0.016129032258064516
48,9,66,0.0,0.0,0.24242424242424243
48,10,71,0.0,0.0,0.18309859154929578
48,11,68,0.0,0.0,0.25
48,12,54,0.0,0.0,0.42592592592592593
48,13,66,0.0,0.0,0.09090909090909091
48,14,60,0.0,0.0,0.36666666666666664
48,15,54,0.0,0.0,0.6296296296296297
48,16,71,0.0,-0.9859154929577465,0.9859154929577465
48,17,60,0.0,0.0,0.16666666666666666
48,18,66,0.2878787878787879,0.04545454545454547,0.030303030303030276
48,19,52,0.34615384615384615,0.2692307692307692,0.15384615384615385
48,20,92,0.40217391304347827,0.15217391304347827,0.07608695652173914
48,21,55,0.2727272727272727,0.2727272727272727,0.09090909090909094
48,22,57,0.5087719298245614,0.5087719298245614,0.01754385964912275
48,23,46,0.43478260869565216,0.43478260869565216,0.2608695652173913
48,24,48,0.22916666666666666,-0.12500000000000003,0.375
48,25,81,0.43209876543209874,0.43209876543209874,0.1975308641975309
48,26,73,0.6301369863013698,0.4246575342465753,0.1095890410958904
49,0,51,0.0,-0.5098039215686274,0.6274509803921569
49,1,45,0.0,-0.7777777777777778,0.8
49,2,51,0.0,-0.1568627450980392,0.3333333333333333
49,3,54,0.0,-0.037037037037037035,0.16666666666666666
49,4,49,0.0,0.0,0.2653061224489796
49,5,53,0.0,-0.1320754716981132,0.24528301886792453
49,6,52,0.0,0.0,0.23076923076923078
49,7,58,0.0,0.0,0.27586206896551724
49,8,62,0.0,0.0,0.016129032258064516
49,9,66,0.0,0.0,0.24242424242424243
49,10,71,0.0,0.0,0.18309859154929578
49,11,68,0.0,0.0,0.25
49,12,54,0.0,0.0,0.42592592592592593
49,13,66,0.0,0.0,0.09090909090909091
49,14,60,0.0,0.0,0.36666666666666664
49,15,54,0.0,0.0,0.6296296296296297
49,16,71,0.0,-0.9859154929577465,0.9859154929577465
49,17,60,0.0,0.0,0.16666666666666666
49,18,66,0.3181818181818182,0.07575757575757575,0.0
49,19,52,0.3076923076923077,0.23076923076923078,0.1923076923076923
49,20,92,0.32608695652173914,0.07608695652173914,0.15217391304347827
49,21,55,0.36363636363636365,0.36363636363636365,0.0
49,22,57,0.40350877192982454,0.40350877192982454,0.12280701754385964
49,23,46,0.17391304347826086,0.17391304347826086,0.5217391304347826
49,24,48,0.3958333333333333,0.04166666666666663,0.20833333333333331
49,25,81,0.5555555555555556,0.5555555555555556,0.07407407407407407
49,26,73,0.589041095890411,0.3835616438356165,0.15068493150684925
50,0,51,0.0,-0.5098039215686274,0.6274509803921569
50,1,45,0.0,-0.7777777777777778,0.8
50,2,51,0.0,-0.1568627450980392,0.3333333333333333
50,3,54,0.0,-0.037037037037037035,0.16666666666666666
50,4,49,0.0,0.0,0.2653061224489796
50,5,53,0.0,-0.1320754716981132,0.24528301886792453
50,6,52,0.0,0.0,0.23076923076923078
50,7,58,0.0,0.0,0.27586206896551724
50,8,62,0.0,0.0,0.016129032258064516
50,9,66,0.0,0.0,0.24242424242424243
50,10,71,0.0,0.0,0.18309859154929578
50,11,68,0.0,0.0,0.25
50,12,54,0.0,0.0,0.42592592592592593
50,13,66,0.0,0.0,0.09090909090909091
50,14,60,0.0,0.0,0.36666666666666664
50,15,54,0.0,0.0,0.6296296296296297
50,16,71,0.0,-0.9859154929577465,0.9859154929577465
50,17,60,0.0,0.0,0.16666666666666666
50,18,66,0.2727272727272727,0.030303030303030276,0.04545454545454547
50,19,52,0.34615384615384615,0.2692307692307692,0.15384615384615385
50,20,92,0.42391304347826086,0.17391304347826086,0.05434782608695654
50,21,55,0.23636363636363636,0.23636363636363636,0.1272727272727273
50,22,57,0.6140350877192983,0.6140350877192983,0.0
50,23,46,0.43478260869565216,0.43478260869565216,0.2608695652173913
50,24,48,0.14583333333333334,-0.20833333333333334,0.45833333333333326
50,25,81,0.5432098765432098,0.5432098765432098,0.0864197530864198
50,26,73,0.6575342465753424,0.4520547945205479,0.0821917808219178
51,0,51,0.0,-0.5098039215686274,0.6274509803921569
51,1,45,0.0,-0.7777777777777778,0.8
51,2,51,0.0,-0.1568627450980392,0.3333333333333333
51,3,54,0.0,-0.037037037037037035,0.16666666666666666
51,4,49,0.0,0.0,0.2653061224489796
51,5,53,0.0,-0.1320754716981132,0.24528301886792453
51,6,52,0.0,0.0,0.23076923076923078
51,7,58,0.0,0.0,0.27586206896551724
51,8,62,0.0,0.0,0.016129032258064516
51,9,66,0.0,0.0,0.24242424242424243
51,10,71,0.0,0.0,0.18309859154929578
51,11,68,0.0,0.0,0.25
51,12,54,0.0,0.0,0.42592592592592593
51,13,66,0.0,0.0,0.09090909090909091
51,14,60,0.0,0.0,0.36666666666666664
51,15,54,0.0,0.0,0.6296296296296297
51,16,71,0.0,-0.9859154929577465,0.9859154929577465
51,17,60,0.0,0.0,0.16666666666666666
51,18,66,0.19696969696969696,-0.04545454545454547,0.12121212121212122
51,19,52,0.36538461538461536,0.28846153846153844,0.13461538461538464
51,20,92,0.4782608695652174,0.2282608695652174,0.0
51,21,55,0.2545454545454545,0.2545454545454545,0.10909090909090913
51,22,57,0.45614035087719296,0.45614035087719296,0.1578947368421053
51,23,46,0.2608695652173913,0.2608695652173913,0.43478260869565216
51,24,48,0.3958333333333333,0.04166666666666663,0.20833333333333331
51,25,81,0.5432098765432098,0.5432098765432098,0.0864197530864198
51,26,73,0.4931506849315068,0.2876712328767123,0.2465753424657534
52,0,51,0.0,-0.5098039215686274,0.6274509803921569
52,1,45,0.0,-0.7777777777777778,0.8
52,2,51,0.0,-0.1568627450980392,0.3333333333333333
52,3,54,0.0,-0.037037037037037035,0.16666666666666666
52,4,49,0.0,0.0,0.2653061224489796
52,5,53,0.0,-0.1320754716981132,0.24528301886792453
52,6,52,0.0,0.0,0.23076923076923078
52,7,58,0.0,0.0,0.27586206896551724
52,8,62,0.0,0.0,0.016129032258064516
52,9,66,0.0,0.0,0.24242424242424243
52,10,71,0.0,0.0,0.18309859154929578
52,11,68,0.0,0.0,0.25
52,12,54,0.0,0.0,0.42592592592592593
52,13,66,0.0,0.0,0.09090909090909091
52,14,60,0.0,0.0,0.36666666666666664
52,15,54,0.0,0.0,0.6296296296296297
52,16,71,0.0,-0.9859154929577465,0.9859154929577465
52,17,60,0.0,0.0,0.16666666666666666
52,18,66,0.22727272727272727,-0.015151515151515166,0.09090909090909091
52,19,52,0.36538461538461536,0.28846153846153844,0.13461538461538464
52,20,92,0.3695652173913043,0.11956521739130432,0.10869565217391308
52,21,55,0.2727272727272727,0.2727272727272727,0.09090909090909094
52,22,57,0.6140350877192983,0.6140350877192983,0.0
52,23,46,0.2608695652173913,0.2608695652173913,0.43478260869565216
52,24,48,0.125,-0.22916666666666669,0.47916666666666663
52,25,81,0.4444444444444444,0.4444444444444444,0.18518518518518523
52,26,73,0.7534246575342466,0.547945205479452,0.0
53,0,51,0.0,-0.5098039215686274,0.6274509803921569
53,1,45,0.0,-0.7777777777777778,0.8
53,2,51,0.0,-0.1568627450980392,0.3333333333333333
53,3,54,0.0,-0.037037037037037035,0.16666666666666666
53,4,49,0.0,0.0,0.2653061224489796
53,5,53,0.0,-0.1320754716981132,0.24528301886792453
53,6,52,0.0,0.0,0.23076923076923078
53,7,58,0.0,0.0,0.27586206896551724
53,8,62,0.0,0.0,0.016129032258064516
53,9,66,0.0,0.0,0.24242424242424243
53,10,71,0.0,0.0,0.18309859154929578
53,11,68,0.0,0.0,0.25
53,12,54,0.0,0.0,0.42592592592592593
53,13,66,0.0,0.0,0.09090909090909091
53,14,60,0.0,0.0,0.36666666666666664
53,15,54,0.0,0.0,0.6296296296296297
53,16,71,0.0,-0.9859154929577465,0.9859154929577465
53,17,60,0.0,0.0,0.16666666666666666
53,18,66,0.3181818181818182,0.07575757575757575,0.0
53,19,52,0.4230769230769231,0.34615384615384615,0.07692307692307693
53,20,92,0.391304347826087,0.14130434782608697,0.08695652173913043
53,21,55,0.3090909090909091,0.3090909090909091,0.054545454545454564
53,22,57,0.3333333333333333,0.3333333333333333,0.28070175438596495
53,23,46,0.21739130434782608,0.21739130434782608,0.4782608695652174
53,24,48,0.3125,-0.041666666666666685,0.29166666666666663
53,25,81,0.5802469135802469,0.5802469135802469,0.04938271604938271
53,26,73,0.6027397260273972,0.3972602739726027,0.15068493150684936
54,0,51,0.0,-0.5098039215686274,0.6274509803921569
54,1,45,0.0,-0.7777777777777778,0.8
54,2,51,0.0,-0.1568627450980392,0.3333333333333333
54,3,54,0.0,-0.037037037037037035,0.16666666666666666
54,4,49,0.0,0.0,0.2653061224489796
54,5,53,0.0,-0.1320754716981132,0.24528301886792453
54,6,52,0.0,0.0,0.23076923076923078
54,7,58,0.0,0.0,0.27586206896551724
54,8,62,0.0,0.0,0.016129032258064516
54,9,66,0.0,0.0,0.24242424242424243
54,10,71,0.0,0.0,0.18309859154929578
54,11,68,0.0,0.0,0.25
54,12,54,0.0,0.0,0.42592592592592593
54,13,66,0.0,0.0,0.09090909090909091
54,14,60,0.0,0.0,0.36666666666666664
54,15,54,0.0,0.0,0.6296296296296297
54,16,71,0.0,-0.9859154929577465,0.9859154929577465
54,17,60,0.0,0.0,0.16666666666666666
54,18,66,0.22727272727272727,-0.015151515151515166,0.09090909090909091
54,19,52,0.40384615384615385,0.3269230769230769,0.09615384615384615
54,20,92,0.41304347826086957,0.16304347826086957,0.06521739130434784
54,21,55,0.2545454545454545,0.2545454545454545,0.10909090909090913
54,22,57,0.543859649122807,0.543859649122807,0.07017543859649122
54,23,46,0.21739130434782608,0.21739130434782608,0.4782608695652174
54,24,48,0.125,-0.22916666666666669,0.47916666666666663
54,25,81,0.3950617283950617,0.3950617283950617,0.23456790123456794
54,26,73,0.7534246575342466,0.547945205479452,0.0
55,0,51,0.0,-0.5098039215686274,0.6274509803921569
55,1,45,0.0,-0.7777777777777778,0.8
55,2,51,0.0,-0.1568627450980392,0.3333333333333333
55,3,54,0.0,-0.037037037037037035,0.16666666666666666
55,4,49,0.0,0.0,0.2653061224489796
55,5,53,0.0,-0.1320754716981132,0.24528301886792453
55,6,52,0.0,0.0,0.23076923076923078
55,7,58,0.0,0.0,0.27586206896551724
55,8,62,0.0,0.0,0.016129032258064516
55,9,66,0.0,0.0,0.24242424242424243
55,10,71,0.0,0.0,0.18309859154929578
55,11,68,0.0,0.0,0.25
55,12,54,0.0,0.0,0.42592592592592593
55,13,66,0.0,0.0,0.09090909090909091
55,14,60,0.0,0.0,0.36666666666666664
55,15,54,0.0,0.0,0.6296296296296297
55,16,71,0.0,-0.9859154929577465,0.9859154929577465
55,17,60,0.0,0.0,0.16666666666666666
55,18,66,0.3939393939393939,0.1515151515151515,0.0
55,19,52,0.38461538461538464,0.3076923076923077,0.11538461538461536
55,20,92,0.43478260869565216,0.18478260869565216,0.043478260869565244
55,21,55,0.2727272727272727,0.2727272727272727,0.09090909090909094
55,22,57,0.5789473684210527,0.5789473684210527,0.03508771929824561
55,23,46,0.43478260869565216,0.43478260869565216,0.2608695652173913
55,24,48,0.4375,0.08333333333333331,0.16666666666666663
55,25,81,0.6666666666666666,0.6666666666666666,0.0
55,26,73,0.3424657534246575,0.136986301369863,0.4109589041095891
56,0,51,0.0,-0.5098039215686274,0.6274509803921569
56,1,45,0.0,-0.7777777777777778,0.8
56,2,51,0.0,-0.1568627450980392,0.3333333333333333
56,3,54,0.0,-0.037037037037037035,0.16666666666666666
56,4,49,0.0,0.0,0.2653061224489796
56,5,53,0.0,-0.1320754716981132,0.24528301886792453
56,6,52,0.0,0.0,0.23076923076923078
56,7,58,0.0,0.0,0.27586206896551724
56,8,62,0.0,0.0,0.016129032258064516
56,9,66,0.0,0.0,0.24242424242424243
56,10,71,0.0,0.0,0.18309859154929578
56,11,68,0.0,0.0,0.25
56,12,54,0.0,0.0,0.42592592592592593
56,13,66,0.0,0.0,0.09090909090909091
56,14,60,0.0,0.0,0.36666666666666664
56,15,54,0.0,0.0,0.6296296296296297
56,16,71,0.0,-0.9859154929577465,0.9859154929577465
56,17,60,0.0,0.0,0.16666666666666666
56,18,66,0.2878787878787879,0.04545454545454547,0.10606060606060602
56,19,52,0.4423076923076923,0.36538461538461536,0.05769230769230771
56,20,92,0.32608695652173914,0.07608695652173914,0.15217391304347827
56,21,55,0.3090909090909091,0.3090909090909091,0.054545454545454564
56,22,57,0.40350877192982454,0.40350877192982454,0.21052631578947373
56,23,46,0.1956521739130435,0.1956521739130435,0.5
56,24,48,0.14583333333333334,-0.20833333333333334,0.45833333333333326
56,25,81,0.38271604938271603,0.38271604938271603,0.2839506172839506
56,26,73,0.7123287671232876,0.5068493150684932,0.04109589041095896
57,0,51,0.0,-0.5098039215686274,0.6274509803921569
57,1,45,0.0,-0.7777777777777778,0.8
57,2,51,0.0,-0.1568627450980392,0.3333333333333333
57,3,54,0.0,-0.037037037037037035,0.16666666666666666
57,4,49,0.0,0.0,0.2653061224489796
57,5,53,0.0,-0.1320754716981132,0.24528301886792453
57,6,52,0.0,0.0,0.23076923076923078
57,7,58,0.0,0.0,0.27586206896551724
57,8,62,0.0,0.0,0.016129032258064516
57,9,66,0.0,0.0,0.24242424242424243
57,10,71,0.0,0.0,0.18309859154929578
57,11,68,0.0,0.0,0.25
57,12,54,0.0,0.0,0.42592592592592593
57,13,66,0.0,0.0,0.09090909090909091
57,14,60,0.0,0.0,0.36666666666666664
57,15,54,0.0,0.0,0.6296296296296297
57,16,71,0.0,-0.9859154929577465,0.9859154929577465
57,17,60,0.0,0.0,0.16666666666666666
57,18,66,0.3484848484848485,0.10606060606060608,0.045454545454545414
57,19,52,0.34615384615384615,0.2692307692307692,0.15384615384615385
57,20,92,0.5108695652173914,0.26086956521739135,0.0
57,21,55,0.18181818181818182,0.18181818181818182,0.18181818181818182
57,22,57,0.6491228070175439,0.6491228070175439,0.0
57,23,46,0.43478260869565216,0.43478260869565216,0.2608695652173913
57,24,48,0.4583333333333333,0.10416666666666663,0.14583333333333331
57,25,81,0.654320987654321,0.654320987654321,0.012345679012345623
57,26,73,0.2876712328767123,0.0821917808219178,0.4657534246575343
58,0,51,0.0,-0.5098039215686274,0.6274509803921569
58,1,45,0.0,-0.7777777777777778,0.8
58,2,51,0.0,-0.1568627450980392,0.3333333333333333
58,3,54,0.0,-0.037037037037037035,0.16666666666666666
58,4,49,0.0,0.0,0.2653061224489796
58,5,53,0.0,-0.1320754716981132,0.24528301886792453
58,6,52,0.0,0.0,0.23076923076923078
58,7,58,0.0,0.0,0.27586206896551724
58,8,62,0.0,0.0,0.016129032258064516
58,9,66,0.0,0.0,0.24242424242424243
58,10,71,0.0,0.0,0.18309859154929578
58,11,68,0.0,0.0,0.25
58,12,54,0.0,0.0,0.42592592592592593
58,13,66,0.0,0.0,0.09090909090909091
58,14,60,0.0,0.0,0.36666666666666664
58,15,54,0.0,0.0,0.6296296296296297
58,16,71,0.0,-0.9859154929577465,0.9859154929577465
58,17,60,0.0,0.0,0.16666666666666666
58,18,66,0.30303030303030304,0.06060606060606061,0.09090909090909088
58,19,52,0.4230769230769231,0.34615384615384615,0.07692307692307693
58,20,92,0.34782608695652173,0.09782608695652173,0.16304347826086962
58,21,55,0.2909090909090909,0.2909090909090909,0.07272727272727275
58,22,57,0.6140350877192983,0.6140350877192983,0.03508771929824561
58,23,46,0.30434782608695654,0.30434782608695654,0.3913043478260869
58,24,48,0.16666666666666666,-0.18750000000000003,0.4375
58,25,81,0.30864197530864196,0.30864197530864196,0.35802469135802467
58,26,73,0.6712328767123288,0.4657534246575343,0.0821917808219178
59,0,51,0.0,-0.5098039215686274,0.6274509803921569
59,1,45,0.0,-0.7777777777777778,0.8
59,2,51,0.0,-0.1568627450980392,0.3333333333333333
59,3,54,0.0,-0.037037037037037035,0.16666666666666666
59,4,49,0.0,0.0,0.2653061224489796
59,5,53,0.0,-0.1320754716981132,0.24528301886792453
59,6,52,0.0,0.0,0.23076923076923078
59,7,58,0.0,0.0,0.27586206896551724
59,8,62,0.0,0.0,0.016129032258064516
59,9,66,0.0,0.0,0.24242424242424243
59,10,71,0.0,0.0,0.18309859154929578
59,11,68,0.0,0.0,0.25
59,12,54,0.0,0.0,0.42592592592592593
59,13,66,0.0,0.0,0.09090909090909091
59,14,60,0.0,0.0,0.36666666666666664
59,15,54,0.0,0.0,0.6296296296296297
59,16,71,0.0,-0.9859154929577465,0.9859154929577465
59,17,60,0.0,0.0,0.16666666666666666
59,18,66,0.3939393939393939,0.1515151515151515,0.0
59,19,52,0.2692307692307692,0.1923076923076923,0.23076923076923078
59,20,92,0.391304347826087,0.14130434782608697,0.11956521739130438
59,21,55,0.36363636363636365,0.36363636363636365,0.0
59,22,57,0.5087719298245614,0.5087719298245614,0.14035087719298245
59,23,46,0.2608695652173913,0.2608695652173913,0.43478260869565216
59,24,48,0.25,-0.10416666666666669,0.35416666666666663
59,25,81,0.7037037037037037,0.7037037037037037,0.0
59,26,73,0.4383561643835616,0.2328767123287671,0.31506849315068497
60,0,51,0.0,-0.5098039215686274,0.6274509803921569
60,1,45,0.0,-0.7777777777777778,0.8
60,2,51,0.0,-0.1568627450980392,0.3333333333333333
60,3,54,0.0,-0.037037037037037035,0.16666666666666666
60,4,49,0.0,0.0,0.2653061224489796
60,5,53,0.0,-0.1320754716981132,0.24528301886792453
60,6,52,0.0,0.0,0.23076923076923078
60,7,58,0.0,0.0,0.27586206896551724
60,8,62,0.0,0.0,0.016129032258064516
60,9,66,0.0,0.0,0.24242424242424243
60,10,71,0.0,0.0,0.18309859154929578
60,11,68,0.0,0.0,0.25
60,12,54,0.0,0.0,0.42592592592592593
60,13,66,0.0,0.0,0.09090909090909091
60,14,60,0.0,0.0,0.36666666666666664
60,15,54,0.0,0.0,0.6296296296296297
60,16,71,0.0,-0.9859154929577465,0.9859154929577465
60,17,60,0.0,0.0,0.16666666666666666
60,18,66,0.25757575757575757,0.015151515151515138,0.13636363636363635
60,19,52,0.4230769230769231,0.34615384615384615,0.07692307692307693
60,20,92,0.40217391304347827,0.15217391304347827,0.10869565217391308
60,21,55,0.23636363636363636,0.23636363636363636,0.1272727272727273
60,22,57,0.6140350877192983,0.6140350877192983,0.03508771929824561
60,23,46,0.30434782608695654,0.30434782608695654,0.3913043478260869
60,24,48,0.10416666666666667,-0.25,0.49999999999999994
60,25,81,0.32098765432098764,0.32098765432098764,0.3827160493827161
60,26,73,0.7123287671232876,0.5068493150684932,0.04109589041095896
61,0,51,0.0,-0.5098039215686274,0.6274509803921569
61,1,45,0.0,-0.7777777777777778,0.8
61,2,51,0.0,-0.1568627450980392,0.3333333333333333
61,3,54,0.0,-0.037037037037037035,0.16666666666666666
61,4,49,0.0,0.0,0.2653061224489796
61,5,53,0.0,-0.1320754716981132,0.24528301886792453
61,6,52,0.0,0.0,0.23076923076923078
61,7,58,0.0,0.0,0.27586206896551724
61,8,62,0.0,0.0,0.016129032258064516
61,9,66,0.0,0.0,0.24242424242424243
61,10,71,0.0,0.0,0.18309859154929578
61,11,68,0.0,0.0,0.25
61,12,54,0.0,0.0,0.42592592592592593
61,13,66,0.0,0.0,0.09090909090909091
61,14,60,0.0,0.0,0.36666666666666664
61,15,54,0.0,0.0,0.6296296296296297
61,16,71,0.0,-0.9859154929577465,0.9859154929577465
61,17,60,0.0,0.0,0.16666666666666666
61,18,66,0.45454545454545453,0.2121212121212121,0.0
61,19,52,0.36538461538461536,0.28846153846153844,0.13461538461538464
61,20,92,0.44565217391304346,0.19565217391304346,0.0652173913043479
61,21,55,0.23636363636363636,0.23636363636363636,0.1272727272727273
61,22,57,0.5614035087719298,0.5614035087719298,0.08771929824561409
61,23,46,0.2391304347826087,0.2391304347826087,0.45652173913043476
61,24,48,0.3125,-0.041666666666666685,0.29166666666666663
61,25,81,0.6296296296296297,0.6296296296296297,0.07407407407407407
61,26,73,0.4657534246575342,0.2602739726027397,0.28767123287671237
62,0,51,0.0,-0.5098039215686274,0.6274509803921569
62,1,45,0.0,-0.7777777777777778,0.8
62,2,51,0.0,-0.1568627450980392,0.3333333333333333
62,3,54,0.0,-0.037037037037037035,0.16666666666666666
62,4,49,0.0,0.0,0.2653061224489796
62,5,53,0.0,-0.1320754716981132,0.24528301886792453
62,6,52,0.0,0.0,0.23076923076923078
62,7,58,0.0,0.0,0.27586206896551724
62,8,62,0.0,0.0,0.016129032258064516
62,9,66,0.0,0.0,0.24242424242424243
62,10,71,0.0,0.0,0.18309859154929578
62,11,68,0.0,0.0,0.25
62,12,54,0.0,0.0,0.42592592592592593
62,13,66,0.0,0.0,0.09090909090909091
62,14,60,0.0,0.0,0.36666666666666664
62,15,54,0.0,0.0,0.6296296296296297
62,16,71,0.0,-0.9859154929577465,0.9859154929577465
62,17,60,0.0,0.0,0.16666666666666666
62,18,66,0.45454545454545453,0.2121212121212121,0.0
62,19,52,0.46153846153846156,0.38461538461538464,0.038461538461538436
62,20,92,0.31521739130434784,0.06521739130434784,0.19565217391304351
62,21,55,0.2909090909090909,0.2909090909090909,0.07272727272727275
62,22,57,0.49122807017543857,0.49122807017543857,0.1578947368421053
62,23,46,0.34782608695652173,0.34782608695652173,0.34782608695652173
62,24,48,0.14583333333333334,-0.20833333333333334,0.45833333333333326
62,25,81,0.4567901234567901,0.4567901234567901,0.24691358024691362
62,26,73,0.6164383561643836,0.4109589041095891,0.136986301369863
63,0,51,0.0,-0.5098039215686274,0.6274509803921569
63,1,45,0.0,-0.7777777777777778,0.8
63,2,51,0.0,-0.1568627450980392,0.3333333333333333
63,3,54,0.0,-0.037037037037037035,0.16666666666666666
63,4,49,0.0,0.0,0.2653061224489796
63,5,53,0.0,-0.1320754716981132,0.24528301886792453
63,6,52,0.0,0.0,0.23076923076923078
63,7,58,0.0,0.0,0.27586206896551724
63,8,62,0.0,0.0,0.016129032258064516
63,9,66,0.0,0.0,0.24242424242424243
63,10,71,0.0,0.0,0.18309859154929578
63,11,68,0.0,0.0,0.25
63,12,54,0.0,0.0,0.42592592592592593
63,13,66,0.0,0.0,0.09090909090909091
63,14,60,0.0,0.0,0.36666666666666664
63,15,54,0.0,0.0,0.6296296296296297
63,16,71,0.0,-0.9859154929577465,0.9859154929577465
63,17,60,0.0,0.0,0.16666666666666666
63,18,66,0.2727272727272727,0.030303030303030276,0.18181818181818182
63,19,52,0.3269230769230769,0.25,0.17307692307692307
63,20,92,0.532608695652174,0.28260869565217395,0.0
63,21,55,0.21818181818181817,0.21818181818181817,0.14545454545454548
63,22,57,0.631578947368421,0.631578947368421,0.01754385964912286
63,23,46,0.43478260869565216,0.43478260869565216,0.2608695652173913
63,24,48,0.25,-0.10416666666666669,0.35416666666666663
63,25,81,0.5679012345679012,0.5679012345679012,0.13580246913580252
63,26,73,0.4383561643835616,0.2328767123287671,0.31506849315068497
64,0,51,0.0,-0.5098039215686274,0.6274509803921569
64,1,45,0.0,-0.7777777777777778,0.8
64,2,51,0.0,-0.1568627450980392,0.3333333333333333
64,3,54,0.0,-0.037037037037037035,0.16666666666666666
64,4,49,0.0,0.0,0.2653061224489796
64,5,53,0.0,-0.1320754716981132,0.24528301886792453
64,6,52,0.0,0.0,0.23076923076923078
64,7,58,0.0,0.0,0.27586206896551724
64,8,62,0.0,0.0,0.016129032258064516
64,9,66,0.0,0.0,0.24242424242424243
64,10,71,0.0,0.0,0.18309859154929578
64,11,68,0.0,0.0,0.25
64,12,54,0.0,0.0,0.42592592592592593
64,13,66,0.0,0.0,0.09090909090909091
64,14,60,0.0,0.0,0.36666666666666664
64,15,54,0.0,0.0,0.6296296296296297
64,16,71,0.0,-0.9859154929577465,0.9859154929577465
64,17,60,0.0,0.0,0.16666666666666666
64,18,66,0.3333333333333333,0.09090909090909088,0.12121212121212122
64,19,52,0.5,0.4230769230769231,0.0
64,20,92,0.31521739130434784,0.06521739130434784,0.2173913043478261
64,21,55,0.3090909090909091,0.3090909090909091,0.054545454545454564
64,22,57,0.43859649122807015,0.43859649122807015,0.21052631578947373
64,23,46,0.1956521739130435,0.1956521739130435,0.5
64,24,48,0.08333333333333333,-0.27083333333333337,0.5208333333333333
64,25,81,0.5061728395061729,0.5061728395061729,0.19753086419753085
64,26,73,0.7534246575342466,0.547945205479452,0.0
65,0,51,0.0,-0.5098039215686274,0.6274509803921569
65,1,45,0.0,-0.7777777777777778,0.8
65,2,51,0.0,-0.1568627450980392,0.3333333333333333
65,3,54,0.0,-0.037037037037037035,0.16666666666666666
65,4,49,0.0,0.0,0.2653061224489796
65,5,53,0.0,-0.1320754716981132,0.24528301886792453
65,6,52,0.0,0.0,0.23076923076923078
65,7,58,0.0,0.0,0.27586206896551724
65,8,62,0.0,0.0,0.016129032258064516
65,9,66,0.0,0.0,0.24242424242424243
65,10,71,0.0,0.0,0.18309859154929578
65,11,68,0.0,0.0,0.25
65,12,54,0.0,0.0,0.42592592592592593
65,13,66,0.0,0.0,0.09090909090909091
65,14,60,0.0,0.0,0.36666666666666664
65,15,54,0.0,0.0,0.6296296296296297
65,16,71,0.0,-0.9859154929577465,0.9859154929577465
65,17,60,0.0,0.0,0.16666666666666666
65,18,66,0.30303030303030304,0.06060606060606061,0.1515151515151515
65,19,52,0.19230769230769232,0.11538461538461539,0.3076923076923077
65,20,92,0.5652173913043478,0.3152173913043478,0.0
65,21,55,0.2,0.2,0.16363636363636364
65,22,57,0.543859649122807,0.543859649122807,0.10526315789473684
65,23,46,0.6086956521739131,0.6086956521739131,0.08695652173913038
65,24,48,0.3333333333333333,-0.02083333333333337,0.2708333333333333
65,25,81,0.7407407407407407,0.7407407407407407,0.0
65,26,73,0.3698630136986301,0.1643835616438356,0.3835616438356165
66,0,51,0.0,-0.5098039215686274,0.6274509803921569
66,1,45,0.0,-0.7777777777777778,0.8
66,2,51,0.0,-0.1568627450980392,0.3333333333333333
66,3,54,0.0,-0.037037037037037035,0.16666666666666666
66,4,49,0.0,0.0,0.2653061224489796
66,5,53,0.0,-0.1320754716981132,0.24528301886792453
66,6,52,0.0,0.0,0.23076923076923078
66,7,58,0.0,0.0,0.27586206896551724
66,8,62,0.0,0.0,0.016129032258064516
66,9,66,0.0,0.0,0.24242424242424243
66,10,71,0.0,0.0,0.18309859154929578
66,11,68,0.0,0.0,0.25
66,12,54,0.0,0.0,0.42592592592592593
66,13,66,0.0,0.0,0.09090909090909091
66,14,60,0.0,0.0,0.36666666666666664
66,15,54,0.0,0.0,0.6296296296296297
66,16,71,0.0,-0.9859154929577465,0.9859154929577465
66,17,60,0.0,0.0,0.16666666666666666
66,18,66,0.3939393939393939,0.1515151515151515,0.06060606060606061
66,19,52,0.3269230769230769,0.25,0.17307692307692307
66,20,92,0.1956521739130435,-0.05434782608695651,0.3695652173913043
66,21,55,0.36363636363636365,0.36363636363636365,0.0
66,22,57,0.43859649122807015,0.43859649122807015,0.21052631578947373
66,23,46,0.10869565217391304,0.10869565217391304,0.5869565217391304
66,24,48,0.20833333333333334,-0.14583333333333334,0.39583333333333326
66,25,81,0.5308641975308642,0.5308641975308642,0.20987654320987648
66,26,73,0.726027397260274,0.5205479452054795,0.0273972602739726
67,0,51,0.0,-0.5098039215686274,0.6274509803921569
67,1,45,0.0,-0.7777777777777778,0.8
67,2,51,0.0,-0.1568627450980392,0.3333333333333333
67,3,54,0.0,-0.037037037037037035,0.16666666666666666
67,4,49,0.0,0.0,0.2653061224489796
67,5,53,0.0,-0.1320754716981132,0.24528301886792453
67,6,52,0.0,0.0,0.23076923076923078
67,7,58,0.0,0.0,0.27586206896551724
67,8,62,0.0,0.0,0.016129032258064516
67,9,66,0.0,0.0,0.24242424242424243
67,10,71,0.0,0.0,0.18309859154929578
67,11,68,0.0,0.0,0.25
67,12,54,0.0,0.0,0.42592592592592593
67,13,66,0.0,0.0,0.09090909090909091
67,14,60,0.0,0.0,0.36666666666666664
67,15,54,0.0,0.0,0.6296296296296297
67,16,71,0.0,-0.9859154929577465,0.9859154929577465
67,17,60,0.0,0.0,0.16666666666666666
67,18,66,0.3484848484848485,0.10606060606060608,0.10606060606060602
67,19,52,0.36538461538461536,0.28846153846153844,0.13461538461538464
67,20,92,0.41304347826086957,0.16304347826086957,0.15217391304347822
67,21,55,0.2727272727272727,0.2727272727272727,0.09090909090909094
67,22,57,0.5789473684210527,0.5789473684210527,0.07017543859649122
67,23,46,0.5,0.5,0.19565217391304346
67,24,48,0.16666666666666666,-0.18750000000000003,0.4375
67,25,81,0.5925925925925926,0.5925925925925926,0.14814814814814814
67,26,73,0.5205479452054794,0.3150684931506849,0.23287671232876717
68,0,51,0.0,-0.5098039215686274,0.6274509803921569
68,1,45,0.0,-0.7777777777777778,0.8
68,2,51,0.0,-0.1568627450980392,0.3333333333333333
68,3,54,0.0,-0.037037037037037035,0.16666666666666666
68,4,49,0.0,0.0,0.2653061224489796
68,5,53,0.0,-0.1320754716981132,0.24528301886792453
68,6,52,0.0,0.0,0.23076923076923078
68,7,58,0.0,0.0,0.27586206896551724
68,8,62,0.0,0.0,0.016129032258064516
68,9,66,0.0,0.0,0.24242424242424243
68,10,71,0.0,0.0,0.18309859154929578
68,11,68,0.0,0.0,0.25
68,12,54,0.0,0.0,0.42592592592592593
68,13,66,0.0,0.0,0.09090909090909091
68,14,60,0.0,0.0,0.36666666666666664
68,15,54,0.0,0.0,0.6296296296296297
68,16,71,0.0,-0.9859154929577465,0.9859154929577465
68,17,60,0.0,0.0,0.16666666666666666
68,18,66,0.30303030303030304,0.06060606060606061,0.1515151515151515
68,19,52,0.3076923076923077,0.23076923076923078,0.1923076923076923
68,20,92,0.42391304347826086,0.17391304347826086,0.14130434782608692
68,21,55,0.2545454545454545,0.2545454545454545,0.10909090909090913
68,22,57,0.5263157894736842,0.5263157894736842,0.1228070175438597
68,23,46,0.30434782608695654,0.30434782608695654,0.3913043478260869
68,24,48,0.2708333333333333,-0.08333333333333337,0.3333333333333333
68,25,81,0.5679012345679012,0.5679012345679012,0.1728395061728395
68,26,73,0.6027397260273972,0.3972602739726027,0.15068493150684936
69,0,51,0.0,-0.5098039215686274,0.6274509803921569
69,1,45,0.0,-0.7777777777777778,0.8
69,2,51,0.0,-0.1568627450980392,0.3333333333333333
69,3,54,0.0,-0.037037037037037035,0.16666666666666666
69,4,49,0.0,0.0,0.2653061224489796
69,5,53,0.0,-0.1320754716981132,0.24528301886792453
69,6,52,0.0,0.0,0.23076923076923078
69,7,58,0.0,0.0,0.27586206896551724
69,8,62,0.0,0.0,0.016129032258064516
69,9,66,0.0,0.0,0.24242424242424243
69,10,71,0.0,0.0,0.18309859154929578
69,11,68,0.0,0.0,0.25
69,12,54,0.0,0.0,0.42592592592592593
69,13,66,0.0,0.0,0.09090909090909091
69,14,60,0.0,0.0,0.36666666666666664
69,15,54,0.0,0.0,0.6296296296296297
69,16,71,0.0,-0.9859154929577465,0.9859154929577465
69,17,60,0.0,0.0,0.16666666666666666
69,18,66,0.36363636363636365,0.12121212121212122,0.09090909090909088
69,19,52,0.4230769230769231,0.34615384615384615,0.07692307692307693
69,20,92,0.41304347826086957,0.16304347826086957,0.15217391304347822
69,21,55,0.32727272727272727,0.32727272727272727,0.036363636363636376
69,22,57,0.43859649122807015,0.43859649122807015,0.21052631578947373
69,23,46,0.2391304347826087,0.2391304347826087,0.45652173913043476
69,24,48,0.10416666666666667,-0.25,0.49999999999999994
69,25,81,0.6419753086419753,0.6419753086419753,0.09876543209876543
69,26,73,0.6438356164383562,0.4383561643835617,0.1095890410958904
70,0,51,0.0,-0.5098039215686274,0.6274509803921569
70,1,45,0.0,-0.7777777777777778,0.8
70,2,51,0.0,-0.1568627450980392,0.3333333333333333
70,3,54,0.0,-0.037037037037037035,0.16666666666666666
70,4,49,0.0,0.0,0.2653061224489796
70,5,53,0.0,-0.1320754716981132,0.24528301886792453
70,6,52,0.0,0.0,0.23076923076923078
70,7,58,0.0,0.0,0.27586206896551724
70,8,62,0.0,0.0,0.016129032258064516
70,9,66,0.0,0.0,0.24242424242424243
70,10,71,0.0,0.0,0.18309859154929578
70,11,68,0.0,0.0,0.25
70,12,54,0.0,0.0,0.42592592592592593
70,13,66,0.0,0.0,0.09090909090909091
70,14,60,0.0,0.0,0.36666666666666664
70,15,54,0.0,0.0,0.6296296296296297
70,16,71,0.0,-0.9859154929577465,0.9859154929577465
70,17,60,0.0,0.0,0.16666666666666666
70,18,66,0.3484848484848485,0.10606060606060608,0.10606060606060602
70,19,52,0.21153846153846154,0.1346153846153846,0.28846153846153844
70,20,92,0.532608695652174,0.28260869565217395,0.032608695652173836
70,21,55,0.21818181818181817,0.21818181818181817,0.14545454545454548
70,22,57,0.5614035087719298,0.5614035087719298,0.08771929824561409
70,23,46,0.1956521739130435,0.1956521739130435,0.5
70,24,48,0.3125,-0.041666666666666685,0.29166666666666663
70,25,81,0.6172839506172839,0.6172839506172839,0.12345679012345678
70,26,73,0.5616438356164384,0.35616438356164387,0.1917808219178082
71,0,51,0.0,-0.5098039215686274,0.6274509803921569
71,1,45,0.0,-0.7777777777777778,0.8
71,2,51,0.0,-0.1568627450980392,0.3333333333333333
71,3,54,0.0,-0.037037037037037035,0.16666666666666666
71,4,49,0.0,0.0,0.2653061224489796
71,5,53,0.0,-0.1320754716981132,0.24528301886792453
71,6,52,0.0,0.0,0.23076923076923078
71,7,58,0.0,0.0,0.27586206896551724
71,8,62,0.0,0.0,0.016129032258064516
71,9,66,0.0,0.0,0.24242424242424243
71,10,71,0.0,0.0,0.18309859154929578
71,11,68,0.0,0.0,0.25
71,12,54,0.0,0.0,0.42592592592592593
71,13,66,0.0,0.0,0.09090909090909091
71,14,60,0.0,0.0,0.36666666666666664
71,15,54,0.0,0.0,0.6296296296296297
71,16,71,0.0,-0.9859154929577465,0.9859154929577465
71,17,60,0.0,0.0,0.16666666666666666
71,18,66,0.25757575757575757,0.015151515151515138,0.19696969696969696
71,19,52,0.5192307692307693,0.44230769230769235,0.0
71,20,92,0.391304347826087,0.14130434782608697,0.1739130434782608
71,21,55,0.2545454545454545,0.2545454545454545,0.10909090909090913
71,22,57,0.6140350877192983,0.6140350877192983,0.03508771929824561
71,23,46,0.41304347826086957,0.41304347826086957,0.2826086956521739
71,24,48,0.20833333333333334,-0.14583333333333334,0.39583333333333326
71,25,81,0.5802469135802469,0.5802469135802469,0.16049382716049376
71,26,73,0.6438356164383562,0.4383561643835617,0.1095890410958904
72,0,51,0.0,-0.5098039215686274,0.6274509803921569
72,1,45,0.0,-0.7777777777777778,0.8
72,2,51,0.0,-0.1568627450980392,0.3333333333333333
72,3,54,0.0,-0.037037037037037035,0.16666666666666666
72,4,49,0.0,0.0,0.2653061224489796
72,5,53,0.0,-0.1320754716981132,0.24528301886792453
72,6,52,0.0,0.0,0.23076923076923078
72,7,58,0.0,0.0,0.27586206896551724
72,8,62,0.0,0.0,0.016129032258064516
72,9,66,0.0,0.0,0.24242424242424243
72,10,71,0.0,0.0,0.18309859154929578
72,11,68,0.0,0.0,0.25
72,12,54,0.0,0.0,0.42592592592592593
72,13,66,0.0,0.0,0.09090909090909091
72,14,60,0.0,0.0,0.36666666666666664
72,15,54,0.0,0.0,0.6296296296296297
72,16,71,0.0,-0.9859154929577465,0.9859154929577465
72,17,60,0.0,0.0,0.16666666666666666
72,18,66,0.4696969696969697,0.2272727272727273,0.0
72,19,52,0.3076923076923077,0.23076923076923078,0.21153846153846156
72,20,92,0.391304347826087,0.14130434782608697,0.1739130434782608
72,21,55,0.34545454545454546,0.34545454545454546,0.018181818181818188
72,22,57,0.22807017543859648,0.22807017543859648,0.4210526315789474
72,23,46,0.2391304347826087,0.2391304347826087,0.45652173913043476
72,24,48,0.25,-0.10416666666666669,0.35416666666666663
72,25,81,0.7777777777777778,0.7777777777777778,0.0
72,26,73,0.6438356164383562,0.4383561643835617,0.1095890410958904
73,0,51,0.0,-0.5098039215686274,0.6274509803921569
73,1,45,0.0,-0.7777777777777778,0.8
73,2,51,0.0,-0.1568627450980392,0.3333333333333333
73,3,54,0.0,-0.037037037037037035,0.16666666666666666
73,4,49,0.0,0.0,0.2653061224489796
73,5,53,0.0,-0.1320754716981132,0.24528301886792453
73,6,52,0.0,0.0,0.23076923076923078
73,7,58,0.0,0.0,0.27586206896551724
73,8,62,0.0,0.0,0.016129032258064516
73,9,66,0.0,0.0,0.24242424242424243
73,10,71,0.0,0.0,0.18309859154929578
73,11,68,0.0,0.0,0.25
73,12,54,0.0,0.0,0.42592592592592593
73,13,66,0.0,0.0,0.09090909090909091
73,14,60,0.0,0.0,0.36666666666666664
73,15,54,0.0,0.0,0.6296296296296297
73,16,71,0.0,-0.9859154929577465,0.9859154929577465
73,17,60,0.0,0.0,0.16666666666666666
73,18,66,0.36363636363636365,0.12121212121212122,0.10606060606060608
73,19,52,0.4423076923076923,0.36538461538461536,0.07692307692307698
73,20,92,0.3695652173913043,0.11956521739130432,0.19565217391304346
73,21,55,0.23636363636363636,0.23636363636363636,0.1272727272727273
73,22,57,0.5964912280701754,0.5964912280701754,0.052631578947368474
73,23,46,0.2608695652173913,0.2608695652173913,0.43478260869565216
73,24,48,0.08333333333333333,-0.27083333333333337,0.5208333333333333
73,25,81,0.5308641975308642,0.5308641975308642,0.24691358024691357
73,26,73,0.684931506849315,0.4794520547945205,0.06849315068493156
74,0,51,0.0,-0.5098039215686274,0.6274509803921569
74,1,45,0.0,-0.7777777777777778,0.8
74,2,51,0.0,-0.1568627450980392,0.3333333333333333
74,3,54,0.0,-0.037037037037037035,0.16666666666666666
74,4,49,0.0,0.0,0.2653061224489796
74,5,53,0.0,-0.1320754716981132,0.24528301886792453
74,6,52,0.0,0.0,0.23076923076923078
74,7,58,0.0,0.0,0.27586206896551724
74,8,62,0.0,0.0,0.016129032258064516
74,9,66,0.0,0.0,0.24242424242424243
74,10,71,0.0,0.0,0.18309859154929578
74,11,68,0.0,0.0,0.25
74,12,54,0.0,0.0,0.42592592592592593
74,13,66,0.0,0.0,0.09090909090909091
74,14,60,0.0,0.0,0.36666666666666664
74,15,54,0.0,0.0,0.6296296296296297
74,16,71,0.0,-0.9859154929577465,0.9859154929577465
74,17,60,0.0,0.0,0.16666666666666666
74,18,66,0.42424242424242425,0.18181818181818182,0.04545454545454547
74,19,52,0.3269230769230769,0.25,0.19230769230769235
74,20,92,0.4673913043478261,0.2173913043478261,0.09782608695652167
74,21,55,0.21818181818181817,0.21818181818181817,0.14545454545454548
74,22,57,0.5789473684210527,0.5789473684210527,0.07017543859649122
74,23,46,0.1956521739130435,0.1956521739130435,0.5
74,24,48,0.375,0.020833333333333315,0.22916666666666663
74,25,81,0.6666666666666666,0.6666666666666666,0.11111111111111116
74,26,73,0.5205479452054794,0.3150684931506849,0.23287671232876717
75,0,51,0.0,-0.5098039215686274,0.6274509803921569
75,1,45,0.0,-0.7777777777777778,0.8
75,2,51,0.0,-0.1568627450980392,0.3333333333333333
75,3,54,0.0,-0.037037037037037035,0.16666666666666666
75,4,49,0.0,0.0,0.2653061224489796
75,5,53,0.0,-0.1320754716981132,0.24528301886792453
75,6,52,0.0,0.0,0.23076923076923078
75,7,58,0.0,0.0,0.27586206896551724
75,8,62,0.0,0.0,0.016129032258064516
75,9,66,0.0,0.0,0.24242424242424243
75,10,71,0.0,0.0,0.18309859154929578
75,11,68,0.0,0.0,0.25
75,12,54,0.0,0.0,0.42592592592592593
75,13,66,0.0,0.0,0.09090909090909091
75,14,60,0.0,0.0,0.36666666666666664
75,15,54,0.0,0.0,0.6296296296296297
75,16,71,0.0,-0.9859154929577465,0.9859154929577465
75,17,60,0.0,0.0,0.16666666666666666
75,18,66,0.45454545454545453,0.2121212121212121,0.015151515151515194
75,19,52,0.38461538461538464,0.3076923076923077,0.13461538461538464
75,20,92,0.34782608695652173,0.09782608695652173,0.21739130434782605
75,21,55,0.32727272727272727,0.32727272727272727,0.036363636363636376
75,22,57,0.2982456140350877,0.2982456140350877,0.3508771929824562
75,23,46,0.43478260869565216,0.43478260869565216,0.2608695652173913
75,24,48,0.0625,-0.2916666666666667,0.5416666666666666
75,25,81,0.7037037037037037,0.7037037037037037,0.07407407407407407
75,26,73,0.6712328767123288,0.4657534246575343,0.0821917808219178
76,0,51,0.0,-0.5098039215686274,0.6274509803921569
76,1,45,0.0,-0.7777777777777778,0.8
76,2,51,0.0,-0.1568627450980392,0.3333333333333333
76,3,54,0.0,-0.037037037037037035,0.16666666666666666
76,4,49,0.0,0.0,0.2653061224489796
76,5,53,0.0,-0.1320754716981132,0.24528301886792453
76,6,52,0.0,0.0,0.23076923076923078
76,7,58,0.0,0.0,0.27586206896551724
76,8,62,0.0,0.0,0.016129032258064516
76,9,66,0.0,0.0,0.24242424242424243
76,10,71,0.0,0.0,0.18309859154929578
76,11,68,0.0,0.0,0.25
76,12,54,0.0,0.0,0.42592592592592593
76,13,66,0.0,0.0,0.09090909090909091
76,14,60,0.0,0.0,0.36666666666666664
76,15,54,0.0,0.0,0.6296296296296297
76,16,71,0.0,-0.9859154929577465,0.9859154929577465
76,17,60,0.0,0.0,0.16666666666666666
76,18,66,0.42424242424242425,0.18181818181818182,0.04545454545454547
76,19,52,0.34615384615384615,0.2692307692307692,0.17307692307692313
76,20,92,0.43478260869565216,0.18478260869565216,0.13043478260869562
76,21,55,0.18181818181818182,0.18181818181818182,0.18181818181818182
76,22,57,0.631578947368421,0.631578947368421,0.01754385964912286
76,23,46,0.2608695652173913,0.2608695652173913,0.43478260869565216
76,24,48,0.3125,-0.041666666666666685,0.29166666666666663
76,25,81,0.6049382716049383,0.6049382716049383,0.1728395061728395
76,26,73,0.4520547945205479,0.2465753424657534,0.30136986301369867
77,0,51,0.0,-0.5098039215686274,0.6274509803921569
77,1,45,0.0,-0.7777777777777778,0.8
77,2,51,0.0,-0.1568627450980392,0.3333333333333333
77,3,54,0.0,-0.037037037037037035,0.16666666666666666
77,4,49,0.0,0.0,0.2653061224489796
77,5,53,0.0,-0.1320754716981132,0.24528301886792453
77,6,52,0.0,0.0,0.23076923076923078
77,7,58,0.0,0.0,0.27586206896551724
77,8,62,0.0,0.0,0.016129032258064516
77,9,66,0.0,0.0,0.24242424242424243
77,10,71,0.0,0.0,0.18309859154929578
77,11,68,0.0,0.0,0.25
77,12,54,0.0,0.0,0.42592592592592593
77,13,66,0.0,0.0,0.09090909090909091
77,14,60,0.0,0.0,0.36666666666666664
77,15,54,0.0,0.0,0.6296296296296297
77,16,71,0.0,-0.9859154929577465,0.9859154929577465
77,17,60,0.0,0.0,0.16666666666666666
77,18,66,0.5303030303030303,0.28787878787878785,0.0
77,19,52,0.38461538461538464,0.3076923076923077,0.13461538461538464
77,20,92,0.31521739130434784,0.06521739130434784,0.24999999999999994
77,21,55,0.36363636363636365,0.36363636363636365,0.0
77,22,57,0.3333333333333333,0.3333333333333333,0.31578947368421056
77,23,46,0.2391304347826087,0.2391304347826087,0.45652173913043476
77,24,48,0.08333333333333333,-0.27083333333333337,0.5208333333333333
77,25,81,0.6666666666666666,0.6666666666666666,0.11111111111111116
77,26,73,0.7397260273972602,0.5342465753424657,0.013698630136986356
78,0,51,0.0,-0.5098039215686274,0.6274509803921569
78,1,45,0.0,-0.7777777777777778,0.8
78,2,51,0.0,-0.1568627450980392,0.3333333333333333
78,3,54,0.0,-0.037037037037037035,0.16666666666666666
78,4,49,0.0,0.0,0.2653061224489796
78,5,53,0.0,-0.1320754716981132,0.24528301886792453
78,6,52,0.0,0.0,0.23076923076923078
78,7,58,0.0,0.0,0.27586206896551724
78,8,62,0.0,0.0,0.016129032258064516
78,9,66,0.0,0.0,0.24242424242424243
78,10,71,0.0,0.0,0.18309859154929578
78,11,68,0.0,0.0,0.25
78,12,54,0.0,0.0,0.42592592592592593
78,13,66,0.0,0.0,0.09090909090909091
78,14,60,0.0,0.0,0.36666666666666664
78,15,54,0.0,0.0,0.6296296296296297
78,16,71,0.0,-0.9859154929577465,0.9859154929577465
78,17,60,0.0,0.0,0.16666666666666666
78,18,66,0.3333333333333333,0.09090909090909088,0.19696969696969696
78,19,52,0.3076923076923077,0.23076923076923078,0.21153846153846156
78,20,92,0.5,0.25,0.06521739130434778
78,21,55,0.2545454545454545,0.2545454545454545,0.10909090909090913
78,22,57,0.5263157894736842,0.5263157894736842,0.1228070175438597
78,23,46,0.2608695652173913,0.2608695652173913,0.43478260869565216
78,24,48,0.2708333333333333,-0.08333333333333337,0.3333333333333333
78,25,81,0.6790123456790124,0.6790123456790124,0.09876543209876543
78,26,73,0.547945205479452,0.3424657534246575,0.20547945205479456
79,0,51,0.0,-0.5098039215686274,0.6274509803921569
79,1,45,0.0,-0.7777777777777778,0.8
79,2,51,0.0,-0.1568627450980392,0.3333333333333333
79,3,54,0.0,-0.037037037037037035,0.16666666666666666
79,4,49,0.0,0.0,0.2653061224489796
79,5,53,0.0,-0.1320754716981132,0.24528301886792453
79,6,52,0.0,0.0,0.23076923076923078
79,7,58,0.0,0.0,0.27586206896551724
79,8,62,0.0,0.0,0.016129032258064516
79,9,66,0.0,0.0,0.24242424242424243
79,10,71,0.0,0.0,0.18309859154929578
79,11,68,0.0,0.0,0.25
79,12,54,0.0,0.0,0.42592592592592593
79,13,66,0.0,0.0,0.09090909090909091
79,14,60,0.0,0.0,0.36666666666666664
79,15,54,0.0,0.0,0.6296296296296297
79,16,71,0.0,-0.9859154929577465,0.9859154929577465
79,17,60,0.0,0.0,0.16666666666666666
79,18,66,0.5909090909090909,0.3484848484848485,0.0
79,19,52,0.36538461538461536,0.28846153846153844,0.1538461538461539
79,20,92,0.32608695652173914,0.07608695652173914,0.23913043478260865
79,21,55,0.36363636363636365,0.36363636363636365,0.0
79,22,57,0.42105263157894735,0.42105263157894735,0.22807017543859653
79,23,46,0.2826086956521739,0.2826086956521739,0.41304347826086957
79,24,48,0.08333333333333333,-0.27083333333333337,0.5208333333333333
79,25,81,0.6049382716049383,0.6049382716049383,0.1728395061728395
79,26,73,0.726027397260274,0.5205479452054795,0.0273972602739726
80,0,51,0.0,-0.5098039215686274,0.6274509803921569
80,1,45,0.0,-0.7777777777777778,0.8
80,2,51,0.0,-0.1568627450980392,0.3333333333333333
80,3,54,0.0,-0.037037037037037035,0.16666666666666666
80,4,49,0.0,0.0,0.2653061224489796
80,5,53,0.0,-0.1320754716981132,0.24528301886792453
80,6,52,0.0,0.0,0.23076923076923078
80,7,58,0.0,0.0,0.27586206896551724
80,8,62,0.0,0.0,0.016129032258064516
80,9,66,0.0,0.0,0.24242424242424243
80,10,71,0.0,0.0,0.18309859154929578
80,11,68,0.0,0.0,0.25
80,12,54,0.0,0.0,0.42592592592592593
80,13,66,0.0,0.0,0.09090909090909091
80,14,60,0.0,0.0,0.36666666666666664
80,15,54,0.0,0.0,0.6296296296296297
80,16,71,0.0,-0.9859154929577465,0.9859154929577465
80,17,60,0.0,0.0,0.16666666666666666
80,18,66,0.2878787878787879,0.04545454545454547,0.30303030303030304
80,19,52,0.3076923076923077,0.23076923076923078,0.21153846153846156
80,20,92,0.5217391304347826,0.2717391304347826,0.04347826086956519
80,21,55,0.32727272727272727,0.32727272727272727,0.036363636363636376
80,22,57,0.42105263157894735,0.42105263157894735,0.22807017543859653
80,23,46,0.2391304347826087,0.2391304347826087,0.45652173913043476
80,24,48,0.2708333333333333,-0.08333333333333337,0.3333333333333333
80,25,81,0.654320987654321,0.654320987654321,0.12345679012345678
80,26,73,0.5068493150684932,0.30136986301369867,0.2465753424657534
81,0,51,0.0,-0.5098039215686274,0.6274509803921569
81,1,45,0.0,-0.7777777777777778,0.8
81,2,51,0.0,-0.1568627450980392,0.3333333333333333
81,3,54,0.0,-0.037037037037037035,0.16666666666666666
81,4,49,0.0,0.0,0.2653061224489796
81,5,53,0.0,-0.1320754716981132,0.24528301886792453
81,6,52,0.0,0.0,0.23076923076923078
81,7,58,0.0,0.0,0.27586206896551724
81,8,62,0.0,0.0,0.016129032258064516
81,9,66,0.0,0.0,0.24242424242424243
81,10,71,0.0,0.0,0.18309859154929578
81,11,68,0.0,0.0,0.25
81,12,54,0.0,0.0,0.42592592592592593
81,13,66,0.0,0.0,0.09090909090909091
81,14,60,0.0,0.0,0.36666666666666664
81,15,54,0.0,0.0,0.6296296296296297
81,16,71,0.0,-0.9859154929577465,0.9859154929577465
81,17,60,0.0,0.0,0.16666666666666666
81,18,66,0.42424242424242425,0.18181818181818182,0.16666666666666669
81,19,52,0.5576923076923077,0.4807692307692308,0.0
81,20,92,0.391304347826087,0.14130434782608697,0.1739130434782608
81,21,55,0.3090909090909091,0.3090909090909091,0.054545454545454564
81,22,57,0.543859649122807,0.543859649122807,0.10526315789473684
81,23,46,0.4782608695652174,0.4782608695652174,0.21739130434782605
81,24,48,0.0625,-0.2916666666666667,0.5416666666666666
81,25,81,0.6419753086419753,0.6419753086419753,0.13580246913580252
81,26,73,0.6575342465753424,0.4520547945205479,0.09589041095890416
82,0,51,0.0,-0.5098039215686274,0.6274509803921569
82,1,45,0.0,-0.7777777777777778,0.8
82,2,51,0.0,-0.1568627450980392,0.3333333333333333
82,3,54,0.0,-0.037037037037037035,0.16666666666666666
82,4,49,0.0,0.0,0.2653061224489796
82,5,53,0.0,-0.1320754716981132,0.24528301886792453
82,6,52,0.0,0.0,0.23076923076923078
82,7,58,0.0,0.0,0.27586206896551724
82,8,62,0.0,0.0,0.016129032258064516
82,9,66,0.0,0.0,0.24242424242424243
82,10,71,0.0,0.0,0.18309859154929578
82,11,68,0.0,0.0,0.25
82,12,54,0.0,0.0,0.42592592592592593
82,13,66,0.0,0.0,0.09090909090909091
82,14,60,0.0,0.0,0.36666666666666664
82,15,54,0.0,0.0,0.6296296296296297
82,16,71,0.0,-0.9859154929577465,0.9859154929577465
82,17,60,0.0,0.0,0.16666666666666666
82,18,66,0.4696969696969697,0.2272727272727273,0.12121212121212122
82,19,52,0.4423076923076923,0.36538461538461536,0.11538461538461542
82,20,92,0.40217391304347827,0.15217391304347827,0.1630434782608695
82,21,55,0.2909090909090909,0.2909090909090909,0.07272727272727275
82,22,57,0.543859649122807,0.543859649122807,0.10526315789473684
82,23,46,0.2608695652173913,0.2608695652173913,0.43478260869565216
82,24,48,0.20833333333333334,-0.14583333333333334,0.39583333333333326
82,25,81,0.5925925925925926,0.5925925925925926,0.18518518518518523
82,26,73,0.5342465753424658,0.32876712328767127,0.2191780821917808
83,0,51,0.0,-0.5098039215686274,0.6274509803921569
83,1,45,0.0,-0.7777777777777778,0.8
83,2,51,0.0,-0.1568627450980392,0.3333333333333333
83,3,54,0.0,-0.037037037037037035,0.16666666666666666
83,4,49,0.0,0.0,0.2653061224489796
83,5,53,0.0,-0.1320754716981132,0.24528301886792453
83,6,52,0.0,0.0,0.23076923076923078
83,7,58,0.0,0.0,0.27586206896551724
83,8,62,0.0,0.0,0.016129032258064516
83,9,66,0.0,0.0,0.24242424242424243
83,10,71,0.0,0.0,0.18309859154929578
83,11,68,0.0,0.0,0.25
83,12,54,0.0,0.0,0.42592592592592593
83,13,66,0.0,0.0,0.09090909090909091
83,14,60,0.0,0.0,0.36666666666666664
83,15,54,0.0,0.0,0.6296296296296297
83,16,71,0.0,-0.9859154929577465,0.9859154929577465
83,17,60,0.0,0.0,0.16666666666666666
83,18,66,0.3939393939393939,0.1515151515151515,0.19696969696969702
83,19,52,0.4423076923076923,0.36538461538461536,0.11538461538461542
83,20,92,0.45652173913043476,0.20652173913043476,0.10869565217391303
83,21,55,0.2909090909090909,0.2909090909090909,0.07272727272727275
83,22,57,0.47368421052631576,0.47368421052631576,0.17543859649122812
83,23,46,0.2391304347826087,0.2391304347826087,0.45652173913043476
83,24,48,0.10416666666666667,-0.25,0.49999999999999994
83,25,81,0.7037037037037037,0.7037037037037037,0.07407407407407407
83,26,73,0.6712328767123288,0.4657534246575343,0.0821917808219178
84,0,51,0.0,-0.5098039215686274,0.6274509803921569
84,1,45,0.0,-0.7777777777777778,0.8
84,2,51,0.0,-0.1568627450980392,0.3333333333333333
84,3,54,0.0,-0.037037037037037035,0.16666666666666666
84,4,49,0.0,0.0,0.2653061224489796
84,5,53,0.0,-0.1320754716981132,0.24528301886792453
84,6,52,0.0,0.0,0.23076923076923078
84,7,58,0.0,0.0,0.27586206896551724
84,8,62,0.0,0.0,0.016129032258064516
84,9,66,0.0,0.0,0.24242424242424243
84,10,71,0.0,0.0,0.18309859154929578
84,11,68,0.0,0.0,0.25
84,12,54,0.0,0.0,0.42592592592592593
84,13,66,0.0,0.0,0.09090909090909091
84,14,60,0.0,0.0,0.36666666666666664
84,15,54,0.0,0.0,0.6296296296296297
84,16,71,0.0,-0.9859154929577465,0.9859154929577465
84,17,60,0.0,0.0,0.16666666666666666
84,18,66,0.36363636363636365,0.12121212121212122,0.2272727272727273
84,19,52,0.40384615384615385,0.3269230769230769,0.15384615384615385
84,20,92,0.4673913043478261,0.2173913043478261,0.09782608695652167
84,21,55,0.2727272727272727,0.2727272727272727,0.09090909090909094
84,22,57,0.3157894736842105,0.3157894736842105,0.33333333333333337
84,23,46,0.21739130434782608,0.21739130434782608,0.4782608695652174
84,24,48,0.25,-0.10416666666666669,0.35416666666666663
84,25,81,0.6296296296296297,0.6296296296296297,0.14814814814814814
84,26,73,0.5616438356164384,0.35616438356164387,0.1917808219178082
85,0,51,0.0,-0.5098039215686274,0.6274509803921569
85,1,45,0.0,-0.7777777777777778,0.8
85,2,51,0.0,-0.1568627450980392,0.3333333333333333
85,3,54,0.0,-0.037037037037037035,0.16666666666666666
85,4,49,0.0,0.0,0.2653061224489796
85,5,53,0.0,-0.1320754716981132,0.24528301886792453
85,6,52,0.0,0.0,0.23076923076923078
85,7,58,0.0,0.0,0.27586206896551724
85,8,62,0.0,0.0,0.016129032258064516
85,9,66,0.0,0.0,0.24242424242424243
85,10,71,0.0,0.0,0.18309859154929578
85,11,68,0.0,0.0,0.25
85,12,54,0.0,0.0,0.42592592592592593
85,13,66,0.0,0.0,0.09090909090909091
85,14,60,0.0,0.0,0.36666666666666664
85,15,54,0.0,0.0,0.6296296296296297
85,16,71,0.0,-0.9859154929577465,0.9859154929577465
85,17,60,0.0,0.0,0.16666666666666666
85,18,66,0.4696969696969697,0.2272727272727273,0.12121212121212122
85,19,52,0.4230769230769231,0.34615384615384615,0.13461538461538464
85,20,92,0.42391304347826086,0.17391304347826086,0.14130434782608692
85,21,55,0.41818181818181815,0.41818181818181815,0.0
85,22,57,0.3684210526315789,0.3684210526315789,0.28070175438596495
85,23,46,0.2608695652173913,0.2608695652173913,0.43478260869565216
85,24,48,0.0625,-0.2916666666666667,0.5416666666666666
85,25,81,0.6666666666666666,0.6666666666666666,0.11111111111111116
85,26,73,0.726027397260274,0.5205479452054795,0.0273972602739726
86,0,51,0.0,-0.5098039215686274,0.6274509803921569
86,1,45,0.0,-0.7777777777777778,0.8
86,2,51,0.0,-0.1568627450980392,0.3333333333333333
86,3,54,0.0,-0.037037037037037035,0.16666666666666666
86,4,49,0.0,0.0,0.2653061224489796
86,5,53,0.0,-0.1320754716981132,0.24528301886792453
86,6,52,0.0,0.0,0.23076923076923078
86,7,58,0.0,0.0,0.27586206896551724
86,8,62,0.0,0.0,0.016129032258064516
86,9,66,0.0,0.0,0.24242424242424243
86,10,71,0.0,0.0,0.18309859154929578
86,11,68,0.0,0.0,0.25
86,12,54,0.0,0.0,0.42592592592592593
86,13,66,0.0,0.0,0.09090909090909091
86,14,60,0.0,0.0,0.36666666666666664
86,15,54,0.0,0.0,0.6296296296296297
86,16,71,0.0,-0.9859154929577465,0.9859154929577465
86,17,60,0.0,0.0,0.16666666666666666
86,18,66,0.3484848484848485,0.10606060606060608,0.24242424242424243
86,19,52,0.4230769230769231,0.34615384615384615,0.13461538461538464
86,20,92,0.44565217391304346,0.19565217391304346,0.11956521739130432
86,21,55,0.2909090909090909,0.2909090909090909,0.12727272727272726
86,22,57,0.47368421052631576,0.47368421052631576,0.17543859649122812
86,23,46,0.2826086956521739,0.2826086956521739,0.41304347826086957
86,24,48,0.2708333333333333,-0.08333333333333337,0.3333333333333333
86,25,81,0.6666666666666666,0.6666666666666666,0.11111111111111116
86,26,73,0.4794520547945205,0.273972602739726,0.27397260273972607
87,0,51,0.0,-0.5098039215686274,0.6274509803921569
87,1,45,0.0,-0.7777777777777778,0.8
87,2,51,0.0,-0.1568627450980392,0.3333333333333333
87,3,54,0.0,-0.037037037037037035,0.16666666666666666
87,4,49,0.0,0.0,0.2653061224489796
87,5,53,0.0,-0.1320754716981132,0.24528301886792453
87,6,52,0.0,0.0,0.23076923076923078
87,7,58,0.0,0.0,0.27586206896551724
87,8,62,0.0,0.0,0.016129032258064516
87,9,66,0.0,0.0,0.24242424242424243
87,10,71,0.0,0.0,0.18309859154929578
87,11,68,0.0,0.0,0.25
87,12,54,0.0,0.0,0.42592592592592593
87,13,66,0.0,0.0,0.09090909090909091
87,14,60,0.0,0.0,0.36666666666666664
87,15,54,0.0,0.0,0.6296296296296297
87,16,71,0.0,-0.9859154929577465,0.9859154929577465
87,17,60,0.0,0.0,0.16666666666666666
87,18,66,0.45454545454545453,0.2121212121212121,0.1363636363636364
87,19,52,0.4230769230769231,0.34615384615384615,0.13461538461538464
87,20,92,0.44565217391304346,0.19565217391304346,0.11956521739130432
87,21,55,0.4,0.4,0.018181818181818132
87,22,57,0.43859649122807015,0.43859649122807015,0.21052631578947373
87,23,46,0.2608695652173913,0.2608695652173913,0.43478260869565216
87,24,48,0.0625,-0.2916666666666667,0.5416666666666666
87,25,81,0.6296296296296297,0.6296296296296297,0.14814814814814814
87,26,73,0.7397260273972602,0.5342465753424657,0.013698630136986356
88,0,51,0.0,-0.5098039215686274,0.6274509803921569
88,1,45,0.0,-0.7777777777777778,0.8
88,2,51,0.0,-0.1568627450980392,0.3333333333333333
88,3,54,0.0,-0.037037037037037035,0.16666666666666666
88,4,49,0.0,0.0,0.2653061224489796
88,5,53,0.0,-0.1320754716981132,0.24528301886792453
88,6,52,0.0,0.0,0.23076923076923078
88,7,58,0.0,0.0,0.27586206896551724
88,8,62,0.0,0.0,0.016129032258064516
88,9,66,0.0,0.0,0.24242424242424243
88,10,71,0.0,0.0,0.18309859154929578
88,11,68,0.0,0.0,0.25
88,12,54,0.0,0.0,0.42592592592592593
88,13,66,0.0,0.0,0.09090909090909091
88,14,60,0.0,0.0,0.36666666666666664
88,15,54,0.0,0.0,0.6296296296296297
88,16,71,0.0,-0.9859154929577465,0.9859154929577465
88,17,60,0.0,0.0,0.16666666666666666
88,18,66,0.2878787878787879,0.04545454545454547,0.30303030303030304
88,19,52,0.4807692307692308,0.40384615384615385,0.07692307692307693
88,20,92,0.45652173913043476,0.20652173913043476,0.10869565217391303
88,21,55,0.2545454545454545,0.2545454545454545,0.16363636363636364
88,22,57,0.42105263157894735,0.42105263157894735,0.22807017543859653
88,23,46,0.2608695652173913,0.2608695652173913,0.43478260869565216
88,24,48,0.2916666666666667,-0.0625,0.31249999999999994
88,25,81,0.6296296296296297,0.6296296296296297,0.14814814814814814
88,26,73,0.5205479452054794,0.3150684931506849,0.23287671232876717
89,0,51,0.0,-0.5098039215686274,0.6274509803921569
89,1,45,0.0,-0.7777777777777778,0.8
89,2,51,0.0,-0.1568627450980392,0.3333333333333333
89,3,54,0.0,-0.037037037037037035,0.16666666666666666
89,4,49,0.0,0.0,0.2653061224489796
89,5,53,0.0,-0.1320754716981132,0.24528301886792453
89,6,52,0.0,0.0,0.23076923076923078
89,7,58,0.0,0.0,0.27586206896551724
89,8,62,0.0,0.0,0.016129032258064516
89,9,66,0.0,0.0,0.24242424242424243
89,10,71,0.0,0.0,0.18309859154929578
89,11,68,0.0,0.0,0.25
89,12,54,0.0,0.0,0.42592592592592593
89,13,66,0.0,0.0,0.09090909090909091
89,14,60,0.0,0.0,0.36666666666666664
89,15,54,0.0,0.0,0.6296296296296297
89,16,71,0.0,-0.9859154929577465,0.9859154929577465
89,17,60,0.0,0.0,0.16666666666666666
89,18,66,0.5757575757575758,0.33333333333333337,0.015151515151515138
89,19,52,0.23076923076923078,0.15384615384615385,0.3269230769230769
89,20,92,0.43478260869565216,0.18478260869565216,0.13043478260869562
89,21,55,0.3090909090909091,0.3090909090909091,0.10909090909090907
89,22,57,0.3684210526315789,0.3684210526315789,0.28070175438596495
89,23,46,0.2826086956521739,0.2826086956521739,0.41304347826086957
89,24,48,0.020833333333333332,-0.33333333333333337,0.5833333333333333
89,25,81,0.5802469135802469,0.5802469135802469,0.19753086419753085
89,26,73,0.7671232876712328,0.5616438356164384,0.0
90,0,51,0.0,-0.5098039215686274,0.6274509803921569
90,1,45,0.0,-0.7777777777777778,0.8
90,2,51,0.0,-0.1568627450980392,0.3333333333333333
90,3,54,0.0,-0.037037037037037035,0.16666666666666666
90,4,49,0.0,0.0,0.2653061224489796
90,5,53,0.0,-0.1320754716981132,0.24528301886792453
90,6,52,0.0,0.0,0.23076923076923078
90,7,58,0.0,0.0,0.27586206896551724
90,8,62,0.0,0.0,0.016129032258064516
90,9,66,0.0,0.0,0.24242424242424243
90,10,71,0.0,0.0,0.18309859154929578
90,11,68,0.0,0.0,0.25
90,12,54,0.0,0.0,0.42592592592592593
90,13,66,0.0,0.0,0.09090909090909091
90,14,60,0.0,0.0,0.36666666666666664
90,15,54,0.0,0.0,0.6296296296296297
90,16,71,0.0,-0.9859154929577465,0.9859154929577465
90,17,60,0.0,0.0,0.16666666666666666
90,18,66,0.3181818181818182,0.07575757575757575,0.27272727272727276
90,19,52,0.5384615384615384,0.4615384615384615,0.019230769230769273
90,20,92,0.43478260869565216,0.18478260869565216,0.13043478260869562
90,21,55,0.23636363636363636,0.23636363636363636,0.1818181818181818
90,22,57,0.5087719298245614,0.5087719298245614,0.14035087719298245
90,23,46,0.32608695652173914,0.32608695652173914,0.3695652173913043
90,24,48,0.25,-0.10416666666666669,0.35416666666666663
90,25,81,0.4567901234567901,0.4567901234567901,0.3209876543209877
90,26,73,0.5616438356164384,0.35616438356164387,0.20547945205479445
