round,class_id,n,acc,bwt,forgetting
1,0,51,0.37254901960784315,,
1,1,45,0.8,,
1,2,51,0.0,,
1,3,54,0.07407407407407407,,
1,4,49,0.0,,
1,5,53,0.0,,
1,6,52,0.0,,
1,7,58,0.0,,
1,8,62,0.0,,
2,0,51,0.47058823529411764,0.0980392156862745,0.0
2,1,45,0.7333333333333333,-0.06666666666666676,0.06666666666666676
2,2,51,0.0,0.0,0.0
2,3,54,0.0,-0.07407407407407407,0.07407407407407407
2,4,49,0.0,0.0,0.0
2,5,53,0.0,0.0,0.0
2,6,52,0.0,0.0,0.0
2,7,58,0.0,0.0,0.0
2,8,62,0.0,0.0,0.0
3,0,51,0.2549019607843137,-0.11764705882352944,0.21568627450980393
3,1,45,0.8,0.0,0.0
3,2,51,0.0,0.0,0.0
3,3,54,0.0,-0.07407407407407407,0.07407407407407407
3,4,49,0.0,0.0,0.0
3,5,53,0.0,0.0,0.0
3,6,52,0.0,0.0,0.0
3,7,58,0.0,0.0,0.0
3,8,62,0.0,0.0,0.0
4,0,51,0.23529411764705882,-0.13725490196078433,0.23529411764705882
4,1,45,0.5777777777777777,-0.22222222222222232,0.22222222222222232
4,2,51,0.0,0.0,0.0
4,3,54,0.037037037037037035,-0.037037037037037035,0.037037037037037035
4,4,49,0.24489795918367346,0.24489795918367346,0.0
4,5,53,0.03773584905660377,0.03773584905660377,0.0
4,6,52,0.07692307692307693,0.07692307692307693,0.0
4,7,58,0.0,0.0,0.0
4,8,62,0.0,0.0,0.0
5,0,51,0.23529411764705882,-0.13725490196078433,0.23529411764705882
5,1,45,0.6888888888888889,-0.11111111111111116,0.11111111111111116
5,2,51,0.0,0.0,0.0
5,3,54,0.037037037037037035,-0.037037037037037035,0.037037037037037035
5,4,49,0.22448979591836735,0.22448979591836735,0.020408163265306117
5,5,53,0.018867924528301886,0.018867924528301886,0.018867924528301886
5,6,52,0.0,0.0,0.07692307692307693
5,7,58,0.0,0.0,0.0
5,8,62,0.0,0.0,0.0
6,0,51,0.21568627450980393,-0.1568627450980392,0.2549019607843137
6,1,45,0.6666666666666666,-0.13333333333333341,0.13333333333333341
6,2,51,0.0,0.0,0.0
6,3,54,0.16666666666666666,0.09259259259259259,0.0
6,4,49,0.40816326530612246,0.40816326530612246,0.0
6,5,53,0.1320754716981132,0.1320754716981132,0.0
6,6,52,0.21153846153846154,0.21153846153846154,0.0
6,7,58,0.017241379310344827,0.017241379310344827,0.0
6,8,62,0.0967741935483871,0.0967741935483871,0.0
7,0,51,0.27450980392156865,-0.0980392156862745,0.196078431372549
7,1,45,0.6666666666666666,-0.13333333333333341,0.13333333333333341
7,2,51,0.0,0.0,0.0
7,3,54,0.09259259259259259,0.018518518518518517,0.07407407407407407
7,4,49,0.22448979591836735,0.22448979591836735,0.1836734693877551
7,5,53,0.09433962264150944,0.09433962264150944,0.037735849056603765
7,6,52,0.09615384615384616,0.09615384615384616,0.11538461538461538
7,7,58,0.0,0.0,0.017241379310344827
7,8,62,0.16129032258064516,0.16129032258064516,0.0
8,0,51,0.39215686274509803,0.019607843137254888,0.0784313725490196
8,1,45,0.6222222222222222,-0.1777777777777778,0.1777777777777778
8,2,51,0.0,0.0,0.0
8,3,54,0.12962962962962962,0.05555555555555555,0.037037037037037035
8,4,49,0.2857142857142857,0.2857142857142857,0.12244897959183676
8,5,53,0.09433962264150944,0.09433962264150944,0.037735849056603765
8,6,52,0.15384615384615385,0.15384615384615385,0.05769230769230768
8,7,58,0.0,0.0,0.017241379310344827
8,8,62,0.12903225806451613,0.12903225806451613,0.03225806451612903
9,0,51,0.43137254901960786,0.05882352941176472,0.039215686274509776
9,1,45,0.6222222222222222,-0.1777777777777778,0.1777777777777778
9,2,51,0.0196078431372549,0.0196078431372549,0.0
9,3,54,0.09259259259259259,0.018518518518518517,0.07407407407407407
9,4,49,0.3877551020408163,0.3877551020408163,0.020408163265306145
9,5,53,0.03773584905660377,0.03773584905660377,0.09433962264150944
9,6,52,0.1346153846153846,0.1346153846153846,0.07692307692307693
9,7,58,0.0,0.0,0.017241379310344827
9,8,62,0.04838709677419355,0.04838709677419355,0.11290322580645161
10,0,51,0.43137254901960786,0.05882352941176472,0.039215686274509776
10,1,45,0.5555555555555556,-0.24444444444444446,0.24444444444444446
10,2,51,0.0,0.0,0.0196078431372549
10,3,54,0.09259259259259259,0.018518518518518517,0.07407407407407407
10,4,49,0.46938775510204084,0.46938775510204084,0.0
10,5,53,0.07547169811320754,0.07547169811320754,0.05660377358490566
10,6,52,0.19230769230769232,0.19230769230769232,0.019230769230769218
10,7,58,0.017241379310344827,0.017241379310344827,0.0
10,8,62,0.11290322580645161,0.11290322580645161,0.04838709677419355
11,0,51,0.0,-0.37254901960784315,0.47058823529411764
11,1,45,0.1111111111111111,-0.6888888888888889,0.6888888888888889
11,2,51,0.0,0.0,0.0196078431372549
11,3,54,0.0,-0.07407407407407407,0.16666666666666666
11,4,49,0.04081632653061224,0.04081632653061224,0.4285714285714286
11,5,53,0.0,0.0,0.1320754716981132
11,6,52,0.0,0.0,0.21153846153846154
11,7,58,0.0,0.0,0.017241379310344827
11,8,62,0.0,0.0,0.16129032258064516
11,9,66,0.5454545454545454,,
11,10,71,0.028169014084507043,,
11,11,68,0.014705882352941176,,
11,12,54,0.037037037037037035,,
11,13,66,0.015151515151515152,,
11,14,60,0.13333333333333333,,
11,15,54,0.018518518518518517,,
11,16,71,0.09859154929577464,,
11,17,60,0.13333333333333333,,
12,0,51,0.0,-0.37254901960784315,0.47058823529411764
12,1,45,0.15555555555555556,-0.6444444444444445,0.6444444444444445
12,2,51,0.0,0.0,0.0196078431372549
12,3,54,0.0,-0.07407407407407407,0.16666666666666666
12,4,49,0.0,0.0,0.46938775510204084
12,5,53,0.018867924528301886,0.018867924528301886,0.11320754716981132
12,6,52,0.0,0.0,0.21153846153846154
12,7,58,0.0,0.0,0.017241379310344827
12,8,62,0.0,0.0,0.16129032258064516
12,9,66,0.18181818181818182,-0.3636363636363636,0.3636363636363636
12,10,71,0.028169014084507043,0.0,0.0
12,11,68,0.10294117647058823,0.08823529411764705,0.0
12,12,54,0.07407407407407407,0.037037037037037035,0.0
12,13,66,0.09090909090909091,0.07575757575757576,0.0
12,14,60,0.03333333333333333,-0.1,0.1
12,15,54,0.07407407407407407,0.05555555555555555,0.0
12,16,71,0.22535211267605634,0.1267605633802817,0.0
12,17,60,0.25,0.11666666666666667,0.0
13,0,51,0.0,-0.37254901960784315,0.47058823529411764
13,1,45,0.0,-0.8,0.8
13,2,51,0.0,0.0,0.0196078431372549
13,3,54,0.0,-0.07407407407407407,0.16666666666666666
13,4,49,0.0,0.0,0.46938775510204084
13,5,53,0.0,0.0,0.1320754716981132
13,6,52,0.0,0.0,0.21153846153846154
13,7,58,0.0,0.0,0.017241379310344827
13,8,62,0.0,0.0,0.16129032258064516
13,9,66,0.16666666666666666,-0.3787878787878788,0.3787878787878788
13,10,71,0.014084507042253521,-0.014084507042253521,0.014084507042253521
13,11,68,0.14705882352941177,0.1323529411764706,0.0
13,12,54,0.05555555555555555,0.018518518518518517,0.018518518518518517
13,13,66,0.13636363636363635,0.1212121212121212,0.0
13,14,60,0.1,-0.033333333333333326,0.033333333333333326
13,15,54,0.2777777777777778,0.2592592592592593,0.0
13,16,71,0.5774647887323944,0.47887323943661975,0.0
13,17,60,0.11666666666666667,-0.016666666666666663,0.13333333333333333
14,0,51,0.0,-0.37254901960784315,0.47058823529411764
14,1,45,0.0,-0.8,0.8
14,2,51,0.0,0.0,0.0196078431372549
14,3,54,0.0,-0.07407407407407407,0.16666666666666666
14,4,49,0.0,0.0,0.46938775510204084
14,5,53,0.0,0.0,0.1320754716981132
14,6,52,0.0,0.0,0.21153846153846154
14,7,58,0.0,0.0,0.017241379310344827
14,8,62,0.0,0.0,0.16129032258064516
14,9,66,0.3333333333333333,-0.2121212121212121,0.2121212121212121
14,10,71,0.028169014084507043,0.0,0.0
14,11,68,0.029411764705882353,0.014705882352941176,0.11764705882352941
14,12,54,0.16666666666666666,0.12962962962962962,0.0
14,13,66,0.06060606060606061,0.045454545454545456,0.07575757575757575
14,14,60,0.0,-0.13333333333333333,0.13333333333333333
14,15,54,0.2222222222222222,0.2037037037037037,0.05555555555555558
14,16,71,0.6338028169014085,0.5352112676056339,0.0
14,17,60,0.1,-0.033333333333333326,0.15
15,0,51,0.0,-0.37254901960784315,0.47058823529411764
15,1,45,0.0,-0.8,0.8
15,2,51,0.0,0.0,0.0196078431372549
15,3,54,0.0,-0.07407407407407407,0.16666666666666666
15,4,49,0.0,0.0,0.46938775510204084
15,5,53,0.0,0.0,0.1320754716981132
15,6,52,0.0,0.0,0.21153846153846154
15,7,58,0.0,0.0,0.017241379310344827
15,8,62,0.0,0.0,0.16129032258064516
15,9,66,0.19696969696969696,-0.34848484848484845,0.34848484848484845
15,10,71,0.028169014084507043,0.0,0.0
15,11,68,0.04411764705882353,0.029411764705882356,0.10294117647058823
15,12,54,0.1111111111111111,0.07407407407407407,0.05555555555555555
15,13,66,0.10606060606060606,0.09090909090909091,0.03030303030303029
15,14,60,0.016666666666666666,-0.11666666666666667,0.11666666666666667
15,15,54,0.48148148148148145,0.4629629629629629,0.0
15,16,71,0.647887323943662,0.5492957746478874,0.0
15,17,60,0.11666666666666667,-0.016666666666666663,0.13333333333333333
16,0,51,0.0,-0.37254901960784315,0.47058823529411764
16,1,45,0.0,-0.8,0.8
16,2,51,0.0,0.0,0.0196078431372549
16,3,54,0.0,-0.07407407407407407,0.16666666666666666
16,4,49,0.0,0.0,0.46938775510204084
16,5,53,0.0,0.0,0.1320754716981132
16,6,52,0.0,0.0,0.21153846153846154
16,7,58,0.0,0.0,0.017241379310344827
16,8,62,0.0,0.0,0.16129032258064516
16,9,66,0.4090909090909091,-0.1363636363636363,0.1363636363636363
16,10,71,0.014084507042253521,-0.014084507042253521,0.014084507042253521
16,11,68,0.058823529411764705,0.044117647058823525,0.08823529411764706
16,12,54,0.18518518518518517,0.14814814814814814,0.0
16,13,66,0.10606060606060606,0.09090909090909091,0.03030303030303029
16,14,60,0.03333333333333333,-0.1,0.1
16,15,54,0.48148148148148145,0.4629629629629629,0.0
16,16,71,0.6901408450704225,0.5915492957746479,0.0
16,17,60,0.1,-0.033333333333333326,0.15
17,0,51,0.0,-0.37254901960784315,0.47058823529411764
17,1,45,0.0,-0.8,0.8
17,2,51,0.0,0.0,0.0196078431372549
17,3,54,0.0,-0.07407407407407407,0.16666666666666666
17,4,49,0.0,0.0,0.46938775510204084
17,5,53,0.0,0.0,0.1320754716981132
17,6,52,0.0,0.0,0.21153846153846154
17,7,58,0.0,0.0,0.017241379310344827
17,8,62,0.0,0.0,0.16129032258064516
17,9,66,0.24242424242424243,-0.303030303030303,0.303030303030303
17,10,71,0.028169014084507043,0.0,0.0
17,11,68,0.04411764705882353,0.029411764705882356,0.10294117647058823
17,12,54,0.07407407407407407,0.037037037037037035,0.1111111111111111
17,13,66,0.13636363636363635,0.1212121212121212,0.0
17,14,60,0.016666666666666666,-0.11666666666666667,0.11666666666666667
17,15,54,0.5555555555555556,0.5370370370370371,0.0
17,16,71,0.6619718309859155,0.5633802816901409,0.028169014084507005
17,17,60,0.1,-0.033333333333333326,0.15
18,0,51,0.0,-0.37254901960784315,0.47058823529411764
18,1,45,0.0,-0.8,0.8
18,2,51,0.0,0.0,0.0196078431372549
18,3,54,0.0,-0.07407407407407407,0.16666666666666666
18,4,49,0.0,0.0,0.46938775510204084
18,5,53,0.0,0.0,0.1320754716981132
18,6,52,0.0,0.0,0.21153846153846154
18,7,58,0.0,0.0,0.017241379310344827
18,8,62,0.0,0.0,0.16129032258064516
18,9,66,0.45454545454545453,-0.09090909090909088,0.09090909090909088
18,10,71,0.028169014084507043,0.0,0.0
18,11,68,0.058823529411764705,0.044117647058823525,0.08823529411764706
18,12,54,0.14814814814814814,0.1111111111111111,0.037037037037037035
18,13,66,0.10606060606060606,0.09090909090909091,0.03030303030303029
18,14,60,0.016666666666666666,-0.11666666666666667,0.11666666666666667
18,15,54,0.5555555555555556,0.5370370370370371,0.0
18,16,71,0.6901408450704225,0.5915492957746479,0.0
18,17,60,0.1,-0.033333333333333326,0.15
19,0,51,0.0,-0.37254901960784315,0.47058823529411764
19,1,45,0.0,-0.8,0.8
19,2,51,0.0,0.0,0.0196078431372549
19,3,54,0.0,-0.07407407407407407,0.16666666666666666
19,4,49,0.0,0.0,0.46938775510204084
19,5,53,0.0,0.0,0.1320754716981132
19,6,52,0.0,0.0,0.21153846153846154
19,7,58,0.0,0.0,0.017241379310344827
19,8,62,0.0,0.0,0.16129032258064516
19,9,66,0.25757575757575757,-0.28787878787878785,0.28787878787878785
19,10,71,0.04225352112676056,0.01408450704225352,0.0
19,11,68,0.07352941176470588,0.058823529411764705,0.07352941176470588
19,12,54,0.12962962962962962,0.09259259259259259,0.05555555555555555
19,13,66,0.16666666666666666,0.1515151515151515,0.0
19,14,60,0.016666666666666666,-0.11666666666666667,0.11666666666666667
19,15,54,0.6296296296296297,0.6111111111111112,0.0
19,16,71,0.6901408450704225,0.5915492957746479,0.0
19,17,60,0.1,-0.033333333333333326,0.15
20,0,51,0.0,-0.37254901960784315,0.47058823529411764
20,1,45,0.0,-0.8,0.8
20,2,51,0.0,0.0,0.0196078431372549
20,3,54,0.0,-0.07407407407407407,0.16666666666666666
20,4,49,0.0,0.0,0.46938775510204084
20,5,53,0.0,0.0,0.1320754716981132
20,6,52,0.0,0.0,0.21153846153846154
20,7,58,0.0,0.0,0.017241379310344827
20,8,62,0.0,0.0,0.16129032258064516
20,9,66,0.5151515151515151,-0.030303030303030276,0.030303030303030276
20,10,71,0.04225352112676056,0.01408450704225352,0.0
20,11,68,0.07352941176470588,0.058823529411764705,0.07352941176470588
20,12,54,0.16666666666666666,0.12962962962962962,0.018518518518518517
20,13,66,0.07575757575757576,0.06060606060606061,0.0909090909090909
20,14,60,0.05,-0.08333333333333333,0.08333333333333333
20,15,54,0.5555555555555556,0.5370370370370371,0.07407407407407407
20,16,71,0.676056338028169,0.5774647887323944,0.014084507042253502
20,17,60,0.11666666666666667,-0.016666666666666663,0.13333333333333333
21,0,51,0.0,-0.37254901960784315,0.47058823529411764
21,1,45,0.0,-0.8,0.8
21,2,51,0.0,0.0,0.0196078431372549
21,3,54,0.0,-0.07407407407407407,0.16666666666666666
21,4,49,0.0,0.0,0.46938775510204084
21,5,53,0.0,0.0,0.1320754716981132
21,6,52,0.0,0.0,0.21153846153846154
21,7,58,0.0,0.0,0.017241379310344827
21,8,62,0.0,0.0,0.16129032258064516
21,9,66,0.0,-0.5454545454545454,0.5454545454545454
21,10,71,0.0,-0.028169014084507043,0.04225352112676056
21,11,68,0.0,-0.014705882352941176,0.14705882352941177
21,12,54,0.0,-0.037037037037037035,0.18518518518518517
21,13,66,0.0,-0.015151515151515152,0.16666666666666666
21,14,60,0.0,-0.13333333333333333,0.13333333333333333
21,15,54,0.2777777777777778,0.2592592592592593,0.35185185185185186
21,16,71,0.0,-0.09859154929577464,0.6901408450704225
21,17,60,0.0,-0.13333333333333333,0.25
21,18,66,0.42424242424242425,,
21,19,52,0.0,,
21,20,92,0.0,,
21,21,55,0.0,,
21,22,57,0.8771929824561403,,
21,23,46,0.06521739130434782,,
21,24,48,0.0,,
21,25,81,0.0,,
21,26,73,0.0,,
22,0,51,0.0,-0.37254901960784315,0.47058823529411764
22,1,45,0.0,-0.8,0.8
22,2,51,0.0,0.0,0.0196078431372549
22,3,54,0.0,-0.07407407407407407,0.16666666666666666
22,4,49,0.0,0.0,0.46938775510204084
22,5,53,0.0,0.0,0.1320754716981132
22,6,52,0.0,0.0,0.21153846153846154
22,7,58,0.0,0.0,0.017241379310344827
22,8,62,0.0,0.0,0.16129032258064516
22,9,66,0.0,-0.5454545454545454,0.5454545454545454
22,10,71,0.0,-0.028169014084507043,0.04225352112676056
22,11,68,0.0,-0.014705882352941176,0.14705882352941177
22,12,54,0.0,-0.037037037037037035,0.18518518518518517
22,13,66,0.0,-0.015151515151515152,0.16666666666666666
22,14,60,0.0,-0.13333333333333333,0.13333333333333333
22,15,54,0.0,-0.018518518518518517,0.6296296296296297
22,16,71,0.0,-0.09859154929577464,0.6901408450704225
22,17,60,0.0,-0.13333333333333333,0.25
22,18,66,0.30303030303030304,-0.12121212121212122,0.12121212121212122
22,19,52,0.057692307692307696,0.057692307692307696,0.0
22,20,92,0.0,0.0,0.0
22,21,55,0.0,0.0,0.0
22,22,57,0.0,-0.8771929824561403,0.8771929824561403
22,23,46,0.7391304347826086,0.6739130434782609,0.0
22,24,48,0.020833333333333332,0.020833333333333332,0.0
22,25,81,0.2962962962962963,0.2962962962962963,0.0
22,26,73,0.0410958904109589,0.0410958904109589,0.0
23,0,51,0.0,-0.37254901960784315,0.47058823529411764
23,1,45,0.0,-0.8,0.8
23,2,51,0.0,0.0,0.0196078431372549
23,3,54,0.0,-0.07407407407407407,0.16666666666666666
23,4,49,0.0,0.0,0.46938775510204084
23,5,53,0.0,0.0,0.1320754716981132
23,6,52,0.0,0.0,0.21153846153846154
23,7,58,0.0,0.0,0.017241379310344827
23,8,62,0.0,0.0,0.16129032258064516
23,9,66,0.0,-0.5454545454545454,0.5454545454545454
23,10,71,0.0,-0.028169014084507043,0.04225352112676056
23,11,68,0.04411764705882353,0.029411764705882356,0.10294117647058823
23,12,54,0.0,-0.037037037037037035,0.18518518518518517
23,13,66,0.0,-0.015151515151515152,0.16666666666666666
23,14,60,0.0,-0.13333333333333333,0.13333333333333333
23,15,54,0.0,-0.018518518518518517,0.6296296296296297
23,16,71,0.0,-0.09859154929577464,0.6901408450704225
23,17,60,0.0,-0.13333333333333333,0.25
23,18,66,1.0,0.5757575757575757,0.0
23,19,52,0.0,0.0,0.057692307692307696
23,20,92,0.0,0.0,0.0
23,21,55,0.0,0.0,0.0
23,22,57,0.2631578947368421,-0.6140350877192982,0.6140350877192982
23,23,46,0.3695652173913043,0.3043478260869565,0.3695652173913043
23,24,48,0.2916666666666667,0.2916666666666667,0.0
23,25,81,0.012345679012345678,0.012345679012345678,0.2839506172839506
23,26,73,0.0273972602739726,0.0273972602739726,0.0136986301369863
24,0,51,0.0,-0.37254901960784315,0.47058823529411764
24,1,45,0.0,-0.8,0.8
24,2,51,0.0,0.0,0.0196078431372549
24,3,54,0.0,-0.07407407407407407,0.16666666666666666
24,4,49,0.0,0.0,0.46938775510204084
24,5,53,0.0,0.0,0.1320754716981132
24,6,52,0.0,0.0,0.21153846153846154
24,7,58,0.0,0.0,0.017241379310344827
24,8,62,0.0,0.0,0.16129032258064516
24,9,66,0.0,-0.5454545454545454,0.5454545454545454
24,10,71,0.0,-0.028169014084507043,0.04225352112676056
24,11,68,0.0,-0.014705882352941176,0.14705882352941177
24,12,54,0.0,-0.037037037037037035,0.18518518518518517
24,13,66,0.0,-0.015151515151515152,0.16666666666666666
24,14,60,0.0,-0.13333333333333333,0.13333333333333333
24,15,54,0.0,-0.018518518518518517,0.6296296296296297
24,16,71,0.0,-0.09859154929577464,0.6901408450704225
24,17,60,0.0,-0.13333333333333333,0.25
24,18,66,0.7878787878787878,0.3636363636363636,0.21212121212121215
24,19,52,0.09615384615384616,0.09615384615384616,0.0
24,20,92,0.14130434782608695,0.14130434782608695,0.0
24,21,55,0.01818181818181818,0.01818181818181818,0.0
24,22,57,0.017543859649122806,-0.8596491228070176,0.8596491228070176
24,23,46,0.5,0.43478260869565216,0.23913043478260865
24,24,48,0.125,0.125,0.16666666666666669
24,25,81,0.38271604938271603,0.38271604938271603,0.0
24,26,73,0.1232876712328767,0.1232876712328767,0.0
25,0,51,0.0,-0.37254901960784315,0.47058823529411764
25,1,45,0.0,-0.8,0.8
25,2,51,0.0,0.0,0.0196078431372549
25,3,54,0.0,-0.07407407407407407,0.16666666666666666
25,4,49,0.0,0.0,0.46938775510204084
25,5,53,0.0,0.0,0.1320754716981132
25,6,52,0.0,0.0,0.21153846153846154
25,7,58,0.0,0.0,0.017241379310344827
25,8,62,0.0,0.0,0.16129032258064516
25,9,66,0.0,-0.5454545454545454,0.5454545454545454
25,10,71,0.0,-0.028169014084507043,0.04225352112676056
25,11,68,0.0,-0.014705882352941176,0.14705882352941177
25,12,54,0.0,-0.037037037037037035,0.18518518518518517
25,13,66,0.0,-0.015151515151515152,0.16666666666666666
25,14,60,0.0,-0.13333333333333333,0.13333333333333333
25,15,54,0.0,-0.018518518518518517,0.6296296296296297
25,16,71,0.0,-0.09859154929577464,0.6901408450704225
25,17,60,0.0,-0.13333333333333333,0.25
25,18,66,0.7727272727272727,0.34848484848484845,0.2272727272727273
25,19,52,0.07692307692307693,0.07692307692307693,0.019230769230769232
25,20,92,0.17391304347826086,0.17391304347826086,0.0
25,21,55,0.0,0.0,0.01818181818181818
25,22,57,0.2807017543859649,-0.5964912280701754,0.5964912280701754
25,23,46,0.5217391304347826,0.45652173913043476,0.21739130434782605
25,24,48,0.375,0.375,0.0
25,25,81,0.3333333333333333,0.3333333333333333,0.04938271604938271
25,26,73,0.0684931506849315,0.0684931506849315,0.0547945205479452
26,0,51,0.0,-0.37254901960784315,0.47058823529411764
26,1,45,0.0,-0.8,0.8
26,2,51,0.0,0.0,0.0196078431372549
26,3,54,0.0,-0.07407407407407407,0.16666666666666666
26,4,49,0.0,0.0,0.46938775510204084
26,5,53,0.0,0.0,0.1320754716981132
26,6,52,0.0,0.0,0.21153846153846154
26,7,58,0.0,0.0,0.017241379310344827
26,8,62,0.0,0.0,0.16129032258064516
26,9,66,0.0,-0.5454545454545454,0.5454545454545454
26,10,71,0.0,-0.028169014084507043,0.04225352112676056
26,11,68,0.0,-0.014705882352941176,0.14705882352941177
26,12,54,0.0,-0.037037037037037035,0.18518518518518517
26,13,66,0.0,-0.015151515151515152,0.16666666666666666
26,14,60,0.0,-0.13333333333333333,0.13333333333333333
26,15,54,0.0,-0.018518518518518517,0.6296296296296297
26,16,71,0.0,-0.09859154929577464,0.6901408450704225
26,17,60,0.0,-0.13333333333333333,0.25
26,18,66,0.6212121212121212,0.19696969696969696,0.3787878787878788
26,19,52,0.34615384615384615,0.34615384615384615,0.0
26,20,92,0.15217391304347827,0.15217391304347827,0.021739130434782594
26,21,55,0.01818181818181818,0.01818181818181818,0.0
26,22,57,0.2631578947368421,-0.6140350877192982,0.6140350877192982
26,23,46,0.5217391304347826,0.45652173913043476,0.21739130434782605
26,24,48,0.3333333333333333,0.3333333333333333,0.041666666666666685
26,25,81,0.49382716049382713,0.49382716049382713,0.0
26,26,73,0.1506849315068493,0.1506849315068493,0.0
27,0,51,0.0,-0.37254901960784315,0.47058823529411764
27,1,45,0.0,-0.8,0.8
27,2,51,0.0,0.0,0.0196078431372549
27,3,54,0.0,-0.07407407407407407,0.16666666666666666
27,4,49,0.0,0.0,0.46938775510204084
27,5,53,0.0,0.0,0.1320754716981132
27,6,52,0.0,0.0,0.21153846153846154
27,7,58,0.0,0.0,0.017241379310344827
27,8,62,0.0,0.0,0.16129032258064516
27,9,66,0.0,-0.5454545454545454,0.5454545454545454
27,10,71,0.0,-0.028169014084507043,0.04225352112676056
27,11,68,0.0,-0.014705882352941176,0.14705882352941177
27,12,54,0.0,-0.037037037037037035,0.18518518518518517
27,13,66,0.0,-0.015151515151515152,0.16666666666666666
27,14,60,0.0,-0.13333333333333333,0.13333333333333333
27,15,54,0.0,-0.018518518518518517,0.6296296296296297
27,16,71,0.0,-0.09859154929577464,0.6901408450704225
27,17,60,0.0,-0.13333333333333333,0.25
27,18,66,0.5,0.07575757575757575,0.5
27,19,52,0.34615384615384615,0.34615384615384615,0.0
27,20,92,0.18478260869565216,0.18478260869565216,0.0
27,21,55,0.0,0.0,0.01818181818181818
27,22,57,0.3684210526315789,-0.5087719298245614,0.5087719298245614
27,23,46,0.4782608695652174,0.41304347826086957,0.26086956521739124
27,24,48,0.2916666666666667,0.2916666666666667,0.08333333333333331
27,25,81,0.4691358024691358,0.4691358024691358,0.024691358024691357
27,26,73,0.1780821917808219,0.1780821917808219,0.0
28,0,51,0.0,-0.37254901960784315,0.47058823529411764
28,1,45,0.0,-0.8,0.8
28,2,51,0.0,0.0,0.0196078431372549
28,3,54,0.0,-0.07407407407407407,0.16666666666666666
28,4,49,0.0,0.0,0.46938775510204084
28,5,53,0.0,0.0,0.1320754716981132
28,6,52,0.0,0.0,0.21153846153846154
28,7,58,0.0,0.0,0.017241379310344827
28,8,62,0.0,0.0,0.16129032258064516
28,9,66,0.0,-0.5454545454545454,0.5454545454545454
28,10,71,0.0,-0.028169014084507043,0.04225352112676056
28,11,68,0.0,-0.014705882352941176,0.14705882352941177
28,12,54,0.0,-0.037037037037037035,0.18518518518518517
28,13,66,0.0,-0.015151515151515152,0.16666666666666666
28,14,60,0.0,-0.13333333333333333,0.13333333333333333
28,15,54,0.0,-0.018518518518518517,0.6296296296296297
28,16,71,0.0,-0.09859154929577464,0.6901408450704225
28,17,60,0.0,-0.13333333333333333,0.25
28,18,66,0.48484848484848486,0.06060606060606061,0.5151515151515151
28,19,52,0.34615384615384615,0.34615384615384615,0.0
28,20,92,0.18478260869565216,0.18478260869565216,0.0
28,21,55,0.03636363636363636,0.03636363636363636,0.0
28,22,57,0.3157894736842105,-0.5614035087719298,0.5614035087719298
28,23,46,0.45652173913043476,0.3913043478260869,0.2826086956521739
28,24,48,0.1875,0.1875,0.1875
28,25,81,0.5061728395061729,0.5061728395061729,0.0
28,26,73,0.2054794520547945,0.2054794520547945,0.0
29,0,51,0.0,-0.37254901960784315,0.47058823529411764
29,1,45,0.0,-0.8,0.8
29,2,51,0.0,0.0,0.0196078431372549
29,3,54,0.0,-0.07407407407407407,0.16666666666666666
29,4,49,0.0,0.0,0.46938775510204084
29,5,53,0.0,0.0,0.1320754716981132
29,6,52,0.0,0.0,0.21153846153846154
29,7,58,0.0,0.0,0.017241379310344827
29,8,62,0.0,0.0,0.16129032258064516
29,9,66,0.0,-0.5454545454545454,0.5454545454545454
29,10,71,0.0,-0.028169014084507043,0.04225352112676056
29,11,68,0.0,-0.014705882352941176,0.14705882352941177
29,12,54,0.0,-0.037037037037037035,0.18518518518518517
29,13,66,0.0,-0.015151515151515152,0.16666666666666666
29,14,60,0.0,-0.13333333333333333,0.13333333333333333
29,15,54,0.0,-0.018518518518518517,0.6296296296296297
29,16,71,0.0,-0.09859154929577464,0.6901408450704225
29,17,60,0.0,-0.13333333333333333,0.25
29,18,66,0.4393939393939394,0.015151515151515138,0.5606060606060606
29,19,52,0.34615384615384615,0.34615384615384615,0.0
29,20,92,0.21739130434782608,0.21739130434782608,0.0
29,21,55,0.01818181818181818,0.01818181818181818,0.01818181818181818
29,22,57,0.3508771929824561,-0.5263157894736842,0.5263157894736842
29,23,46,0.43478260869565216,0.3695652173913043,0.3043478260869565
29,24,48,0.20833333333333334,0.20833333333333334,0.16666666666666666
29,25,81,0.4567901234567901,0.4567901234567901,0.04938271604938277
29,26,73,0.2191780821917808,0.2191780821917808,0.0
30,0,51,0.0,-0.37254901960784315,0.47058823529411764
30,1,45,0.0,-0.8,0.8
30,2,51,0.0,0.0,0.0196078431372549
30,3,54,0.0,-0.07407407407407407,0.16666666666666666
30,4,49,0.0,0.0,0.46938775510204084
30,5,53,0.0,0.0,0.1320754716981132
30,6,52,0.0,0.0,0.21153846153846154
30,7,58,0.0,0.0,0.017241379310344827
30,8,62,0.0,0.0,0.16129032258064516
30,9,66,0.0,-0.5454545454545454,0.5454545454545454
30,10,71,0.0,-0.028169014084507043,0.04225352112676056
30,11,68,0.0,-0.014705882352941176,0.14705882352941177
30,12,54,0.0,-0.037037037037037035,0.18518518518518517
30,13,66,0.0,-0.015151515151515152,0.16666666666666666
30,14,60,0.0,-0.13333333333333333,0.13333333333333333
30,15,54,0.0,-0.018518518518518517,0.6296296296296297
30,16,71,0.0,-0.09859154929577464,0.6901408450704225
30,17,60,0.0,-0.13333333333333333,0.25
30,18,66,0.42424242424242425,0.0,0.5757575757575757
30,19,52,0.34615384615384615,0.34615384615384615,0.0
30,20,92,0.21739130434782608,0.21739130434782608,0.0
30,21,55,0.03636363636363636,0.03636363636363636,0.0
30,22,57,0.3157894736842105,-0.5614035087719298,0.5614035087719298
30,23,46,0.41304347826086957,0.34782608695652173,0.3260869565217391
30,24,48,0.1875,0.1875,0.1875
30,25,81,0.49382716049382713,0.49382716049382713,0.012345679012345734
30,26,73,0.2328767123287671,0.2328767123287671,0.0
31,0,51,0.0,-0.37254901960784315,0.47058823529411764
31,1,45,0.0,-0.8,0.8
31,2,51,0.0,0.0,0.0196078431372549
31,3,54,0.0,-0.07407407407407407,0.16666666666666666
31,4,49,0.0,0.0,0.46938775510204084
31,5,53,0.0,0.0,0.1320754716981132
31,6,52,0.0,0.0,0.21153846153846154
31,7,58,0.0,0.0,0.017241379310344827
31,8,62,0.0,0.0,0.16129032258064516
31,9,66,0.0,-0.5454545454545454,0.5454545454545454
31,10,71,0.0,-0.028169014084507043,0.04225352112676056
31,11,68,0.0,-0.014705882352941176,0.14705882352941177
31,12,54,0.0,-0.037037037037037035,0.18518518518518517
31,13,66,0.0,-0.015151515151515152,0.16666666666666666
31,14,60,0.0,-0.13333333333333333,0.13333333333333333
31,15,54,0.0,-0.018518518518518517,0.6296296296296297
31,16,71,0.0,-0.09859154929577464,0.6901408450704225
31,17,60,0.0,-0.13333333333333333,0.25
31,18,66,0.4090909090909091,-0.015151515151515138,0.5909090909090908
31,19,52,0.34615384615384615,0.34615384615384615,0.0
31,20,92,0.22826086956521738,0.22826086956521738,0.0
31,21,55,0.05454545454545454,0.05454545454545454,0.0
31,22,57,0.3157894736842105,-0.5614035087719298,0.5614035087719298
31,23,46,0.41304347826086957,0.34782608695652173,0.3260869565217391
31,24,48,0.1875,0.1875,0.1875
31,25,81,0.4444444444444444,0.4444444444444444,0.06172839506172845
31,26,73,0.2191780821917808,0.2191780821917808,0.0136986301369863
32,0,51,0.0,-0.37254901960784315,0.47058823529411764
32,1,45,0.0,-0.8,0.8
32,2,51,0.0,0.0,0.0196078431372549
32,3,54,0.0,-0.07407407407407407,0.16666666666666666
32,4,49,0.0,0.0,0.46938775510204084
32,5,53,0.0,0.0,0.1320754716981132
32,6,52,0.0,0.0,0.21153846153846154
32,7,58,0.0,0.0,0.017241379310344827
32,8,62,0.0,0.0,0.16129032258064516
32,9,66,0.0,-0.5454545454545454,0.5454545454545454
32,10,71,0.0,-0.028169014084507043,0.04225352112676056
32,11,68,0.0,-0.014705882352941176,0.14705882352941177
32,12,54,0.0,-0.037037037037037035,0.18518518518518517
32,13,66,0.0,-0.015151515151515152,0.16666666666666666
32,14,60,0.0,-0.13333333333333333,0.13333333333333333
32,15,54,0.0,-0.018518518518518517,0.6296296296296297
32,16,71,0.0,-0.09859154929577464,0.6901408450704225
32,17,60,0.0,-0.13333333333333333,0.25
32,18,66,0.45454545454545453,0.030303030303030276,0.5454545454545454
32,19,52,0.36538461538461536,0.36538461538461536,0.0
32,20,92,0.2391304347826087,0.2391304347826087,0.0
32,21,55,0.01818181818181818,0.01818181818181818,0.03636363636363636
32,22,57,0.2807017543859649,-0.5964912280701754,0.5964912280701754
32,23,46,0.391304347826087,0.32608695652173914,0.3478260869565217
32,24,48,0.1875,0.1875,0.1875
32,25,81,0.5061728395061729,0.5061728395061729,0.0
32,26,73,0.2328767123287671,0.2328767123287671,0.0
33,0,51,0.0,-0.37254901960784315,0.47058823529411764
33,1,45,0.0,-0.8,0.8
33,2,51,0.0,0.0,0.0196078431372549
33,3,54,0.0,-0.07407407407407407,0.16666666666666666
33,4,49,0.0,0.0,0.46938775510204084
33,5,53,0.0,0.0,0.1320754716981132
33,6,52,0.0,0.0,0.21153846153846154
33,7,58,0.0,0.0,0.017241379310344827
33,8,62,0.0,0.0,0.16129032258064516
33,9,66,0.0,-0.5454545454545454,0.5454545454545454
33,10,71,0.0,-0.028169014084507043,0.04225352112676056
33,11,68,0.0,-0.014705882352941176,0.14705882352941177
33,12,54,0.0,-0.037037037037037035,0.18518518518518517
33,13,66,0.0,-0.015151515151515152,0.16666666666666666
33,14,60,0.0,-0.13333333333333333,0.13333333333333333
33,15,54,0.0,-0.018518518518518517,0.6296296296296297
33,16,71,0.0,-0.09859154929577464,0.6901408450704225
33,17,60,0.0,-0.13333333333333333,0.25
33,18,66,0.45454545454545453,0.030303030303030276,0.5454545454545454
33,19,52,0.38461538461538464,0.38461538461538464,0.0
33,20,92,0.2391304347826087,0.2391304347826087,0.0
33,21,55,0.01818181818181818,0.01818181818181818,0.03636363636363636
33,22,57,0.3157894736842105,-0.5614035087719298,0.5614035087719298
33,23,46,0.391304347826087,0.32608695652173914,0.3478260869565217
33,24,48,0.20833333333333334,0.20833333333333334,0.16666666666666666
33,25,81,0.4444444444444444,0.4444444444444444,0.06172839506172845
33,26,73,0.2465753424657534,0.2465753424657534,0.0
34,0,51,0.0,-0.37254901960784315,0.47058823529411764
34,1,45,0.0,-0.8,0.8
34,2,51,0.0,0.0,0.0196078431372549
34,3,54,0.0,-0.07407407407407407,0.16666666666666666
34,4,49,0.0,0.0,0.46938775510204084
34,5,53,0.0,0.0,0.1320754716981132
34,6,52,0.0,0.0,0.21153846153846154
34,7,58,0.0,0.0,0.017241379310344827
34,8,62,0.0,0.0,0.16129032258064516
34,9,66,0.0,-0.5454545454545454,0.5454545454545454
34,10,71,0.0,-0.028169014084507043,0.04225352112676056
34,11,68,0.0,-0.014705882352941176,0.14705882352941177
34,12,54,0.0,-0.037037037037037035,0.18518518518518517
34,13,66,0.0,-0.015151515151515152,0.16666666666666666
34,14,60,0.0,-0.13333333333333333,0.13333333333333333
34,15,54,0.0,-0.018518518518518517,0.6296296296296297
34,16,71,0.0,-0.09859154929577464,0.6901408450704225
34,17,60,0.0,-0.13333333333333333,0.25
34,18,66,0.45454545454545453,0.030303030303030276,0.5454545454545454
34,19,52,0.38461538461538464,0.38461538461538464,0.0
34,20,92,0.22826086956521738,0.22826086956521738,0.010869565217391325
34,21,55,0.01818181818181818,0.01818181818181818,0.03636363636363636
34,22,57,0.2982456140350877,-0.5789473684210527,0.5789473684210527
34,23,46,0.3695652173913043,0.3043478260869565,0.3695652173913043
34,24,48,0.22916666666666666,0.22916666666666666,0.14583333333333334
34,25,81,0.5061728395061729,0.5061728395061729,0.0
34,26,73,0.2465753424657534,0.2465753424657534,0.0
35,0,51,0.0,-0.37254901960784315,0.47058823529411764
35,1,45,0.0,-0.8,0.8
35,2,51,0.0,0.0,0.0196078431372549
35,3,54,0.0,-0.07407407407407407,0.16666666666666666
35,4,49,0.0,0.0,0.46938775510204084
35,5,53,0.0,0.0,0.1320754716981132
35,6,52,0.0,0.0,0.21153846153846154
35,7,58,0.0,0.0,0.017241379310344827
35,8,62,0.0,0.0,0.16129032258064516
35,9,66,0.0,-0.5454545454545454,0.5454545454545454
35,10,71,0.0,-0.028169014084507043,0.04225352112676056
35,11,68,0.0,-0.014705882352941176,0.14705882352941177
35,12,54,0.0,-0.037037037037037035,0.18518518518518517
35,13,66,0.0,-0.015151515151515152,0.16666666666666666
35,14,60,0.0,-0.13333333333333333,0.13333333333333333
35,15,54,0.0,-0.018518518518518517,0.6296296296296297
35,16,71,0.0,-0.09859154929577464,0.6901408450704225
35,17,60,0.0,-0.13333333333333333,0.25
35,18,66,0.45454545454545453,0.030303030303030276,0.5454545454545454
35,19,52,0.36538461538461536,0.36538461538461536,0.019230769230769273
35,20,92,0.22826086956521738,0.22826086956521738,0.010869565217391325
35,21,55,0.03636363636363636,0.03636363636363636,0.01818181818181818
35,22,57,0.3333333333333333,-0.5438596491228069,0.5438596491228069
35,23,46,0.34782608695652173,0.2826086956521739,0.3913043478260869
35,24,48,0.25,0.25,0.125
35,25,81,0.4567901234567901,0.4567901234567901,0.04938271604938277
35,26,73,0.2465753424657534,0.2465753424657534,0.0
36,0,51,0.0,-0.37254901960784315,0.47058823529411764
36,1,45,0.0,-0.8,0.8
36,2,51,0.0,0.0,0.0196078431372549
36,3,54,0.0,-0.07407407407407407,0.16666666666666666
36,4,49,0.0,0.0,0.46938775510204084
36,5,53,0.0,0.0,0.1320754716981132
36,6,52,0.0,0.0,0.21153846153846154
36,7,58,0.0,0.0,0.017241379310344827
36,8,62,0.0,0.0,0.16129032258064516
36,9,66,0.0,-0.5454545454545454,0.5454545454545454
36,10,71,0.0,-0.028169014084507043,0.04225352112676056
36,11,68,0.0,-0.014705882352941176,0.14705882352941177
36,12,54,0.0,-0.037037037037037035,0.18518518518518517
36,13,66,0.0,-0.015151515151515152,0.16666666666666666
36,14,60,0.0,-0.13333333333333333,0.13333333333333333
36,15,54,0.0,-0.018518518518518517,0.6296296296296297
36,16,71,0.0,-0.09859154929577464,0.6901408450704225
36,17,60,0.0,-0.13333333333333333,0.25
36,18,66,0.15151515151515152,-0.2727272727272727,0.8484848484848485
36,19,52,0.1346153846153846,0.1346153846153846,0.25
36,20,92,0.33695652173913043,0.33695652173913043,0.0
36,21,55,0.07272727272727272,0.07272727272727272,0.0
36,22,57,0.0,-0.8771929824561403,0.8771929824561403
36,23,46,0.2608695652173913,0.19565217391304346,0.47826086956521735
36,24,48,0.125,0.125,0.25
36,25,81,0.18518518518518517,0.18518518518518517,0.3209876543209877
36,26,73,0.5342465753424658,0.5342465753424658,0.0
37,0,51,0.0,-0.37254901960784315,0.47058823529411764
37,1,45,0.0,-0.8,0.8
37,2,51,0.0,0.0,0.0196078431372549
37,3,54,0.0,-0.07407407407407407,0.16666666666666666
37,4,49,0.0,0.0,0.46938775510204084
37,5,53,0.0,0.0,0.1320754716981132
37,6,52,0.0,0.0,0.21153846153846154
37,7,58,0.0,0.0,0.017241379310344827
37,8,62,0.0,0.0,0.16129032258064516
37,9,66,0.0,-0.5454545454545454,0.5454545454545454
37,10,71,0.0,-0.028169014084507043,0.04225352112676056
37,11,68,0.0,-0.014705882352941176,0.14705882352941177
37,12,54,0.0,-0.037037037037037035,0.18518518518518517
37,13,66,0.0,-0.015151515151515152,0.16666666666666666
37,14,60,0.0,-0.13333333333333333,0.13333333333333333
37,15,54,0.0,-0.018518518518518517,0.6296296296296297
37,16,71,0.0,-0.09859154929577464,0.6901408450704225
37,17,60,0.0,-0.13333333333333333,0.25
37,18,66,0.6060606060606061,0.18181818181818182,0.3939393939393939
37,19,52,0.36538461538461536,0.36538461538461536,0.019230769230769273
37,20,92,0.25,0.25,0.08695652173913043
37,21,55,0.09090909090909091,0.09090909090909091,0.0
37,22,57,0.43859649122807015,-0.43859649122807015,0.43859649122807015
37,23,46,0.391304347826087,0.32608695652173914,0.3478260869565217
37,24,48,0.4166666666666667,0.4166666666666667,0.0
37,25,81,0.30864197530864196,0.30864197530864196,0.1975308641975309
37,26,73,0.136986301369863,0.136986301369863,0.3972602739726028
38,0,51,0.0,-0.37254901960784315,0.47058823529411764
38,1,45,0.0,-0.8,0.8
38,2,51,0.0,0.0,0.0196078431372549
38,3,54,0.0,-0.07407407407407407,0.16666666666666666
38,4,49,0.0,0.0,0.46938775510204084
38,5,53,0.0,0.0,0.1320754716981132
38,6,52,0.0,0.0,0.21153846153846154
38,7,58,0.0,0.0,0.017241379310344827
38,8,62,0.0,0.0,0.16129032258064516
38,9,66,0.0,-0.5454545454545454,0.5454545454545454
38,10,71,0.0,-0.028169014084507043,0.04225352112676056
38,11,68,0.0,-0.014705882352941176,0.14705882352941177
38,12,54,0.0,-0.037037037037037035,0.18518518518518517
38,13,66,0.0,-0.015151515151515152,0.16666666666666666
38,14,60,0.0,-0.13333333333333333,0.13333333333333333
38,15,54,0.0,-0.018518518518518517,0.6296296296296297
38,16,71,0.0,-0.09859154929577464,0.6901408450704225
38,17,60,0.0,-0.13333333333333333,0.25
38,18,66,0.4393939393939394,0.015151515151515138,0.5606060606060606
38,19,52,0.3269230769230769,0.3269230769230769,0.05769230769230771
38,20,92,0.17391304347826086,0.17391304347826086,0.16304347826086957
38,21,55,0.12727272727272726,0.12727272727272726,0.0
38,22,57,0.21052631578947367,-0.6666666666666666,0.6666666666666666
38,23,46,0.3695652173913043,0.3043478260869565,0.3695652173913043
38,24,48,0.1875,0.1875,0.22916666666666669
38,25,81,0.6790123456790124,0.6790123456790124,0.0
38,26,73,0.3013698630136986,0.3013698630136986,0.23287671232876717
39,0,51,0.0,-0.37254901960784315,0.47058823529411764
39,1,45,0.0,-0.8,0.8
39,2,51,0.0,0.0,0.0196078431372549
39,3,54,0.0,-0.07407407407407407,0.16666666666666666
39,4,49,0.0,0.0,0.46938775510204084
39,5,53,0.0,0.0,0.1320754716981132
39,6,52,0.0,0.0,0.21153846153846154
39,7,58,0.0,0.0,0.017241379310344827
39,8,62,0.0,0.0,0.16129032258064516
39,9,66,0.0,-0.5454545454545454,0.5454545454545454
39,10,71,0.0,-0.028169014084507043,0.04225352112676056
39,11,68,0.0,-0.014705882352941176,0.14705882352941177
39,12,54,0.0,-0.037037037037037035,0.18518518518518517
39,13,66,0.0,-0.015151515151515152,0.16666666666666666
39,14,60,0.0,-0.13333333333333333,0.13333333333333333
39,15,54,0.0,-0.018518518518518517,0.6296296296296297
39,16,71,0.0,-0.09859154929577464,0.6901408450704225
39,17,60,0.0,-0.13333333333333333,0.25
39,18,66,0.4696969696969697,0.04545454545454547,0.5303030303030303
39,19,52,0.38461538461538464,0.38461538461538464,0.0
39,20,92,0.2391304347826087,0.2391304347826087,0.09782608695652173
39,21,55,0.16363636363636364,0.16363636363636364,0.0
39,22,57,0.3684210526315789,-0.5087719298245614,0.5087719298245614
39,23,46,0.43478260869565216,0.3695652173913043,0.3043478260869565
39,24,48,0.3333333333333333,0.3333333333333333,0.08333333333333337
39,25,81,0.41975308641975306,0.41975308641975306,0.2592592592592593
39,26,73,0.2465753424657534,0.2465753424657534,0.28767123287671237
40,0,51,0.0,-0.37254901960784315,0.47058823529411764
40,1,45,0.0,-0.8,0.8
40,2,51,0.0392156862745098,0.0392156862745098,0.0
40,3,54,0.0,-0.07407407407407407,0.16666666666666666
40,4,49,0.0,0.0,0.46938775510204084
40,5,53,0.0,0.0,0.1320754716981132
40,6,52,0.0,0.0,0.21153846153846154
40,7,58,0.0,0.0,0.017241379310344827
40,8,62,0.0,0.0,0.16129032258064516
40,9,66,0.42424242424242425,-0.12121212121212116,0.12121212121212116
40,10,71,0.0,-0.028169014084507043,0.04225352112676056
40,11,68,0.0,-0.014705882352941176,0.14705882352941177
40,12,54,0.0,-0.037037037037037035,0.18518518518518517
40,13,66,0.0,-0.015151515151515152,0.16666666666666666
40,14,60,0.0,-0.13333333333333333,0.13333333333333333
40,15,54,0.0,-0.018518518518518517,0.6296296296296297
40,16,71,0.0,-0.09859154929577464,0.6901408450704225
40,17,60,0.0,-0.13333333333333333,0.25
40,18,66,0.22727272727272727,-0.196969696969697,0.7727272727272727
40,19,52,0.25,0.25,0.13461538461538464
40,20,92,0.05434782608695652,0.05434782608695652,0.2826086956521739
40,21,55,0.0,0.0,0.16363636363636364
40,22,57,0.0,-0.8771929824561403,0.8771929824561403
40,23,46,0.2391304347826087,0.17391304347826086,0.49999999999999994
40,24,48,0.041666666666666664,0.041666666666666664,0.375
40,25,81,0.24691358024691357,0.24691358024691357,0.4320987654320988
40,26,73,0.0,0.0,0.5342465753424658
41,0,51,0.0,-0.37254901960784315,0.47058823529411764
41,1,45,0.0,-0.8,0.8
41,2,51,0.0,0.0,0.0392156862745098
41,3,54,0.0,-0.07407407407407407,0.16666666666666666
41,4,49,0.0,0.0,0.46938775510204084
41,5,53,0.0,0.0,0.1320754716981132
41,6,52,0.0,0.0,0.21153846153846154
41,7,58,0.0,0.0,0.017241379310344827
41,8,62,0.0,0.0,0.16129032258064516
41,9,66,0.0,-0.5454545454545454,0.5454545454545454
41,10,71,0.0,-0.028169014084507043,0.04225352112676056
41,11,68,0.0,-0.014705882352941176,0.14705882352941177
41,12,54,0.0,-0.037037037037037035,0.18518518518518517
41,13,66,0.0,-0.015151515151515152,0.16666666666666666
41,14,60,0.0,-0.13333333333333333,0.13333333333333333
41,15,54,0.0,-0.018518518518518517,0.6296296296296297
41,16,71,0.0,-0.09859154929577464,0.6901408450704225
41,17,60,0.0,-0.13333333333333333,0.25
41,18,66,0.4393939393939394,0.015151515151515138,0.5606060606060606
41,19,52,0.40384615384615385,0.40384615384615385,0.0
41,20,92,0.16304347826086957,0.16304347826086957,0.17391304347826086
41,21,55,0.16363636363636364,0.16363636363636364,0.0
41,22,57,0.3333333333333333,-0.5438596491228069,0.5438596491228069
41,23,46,0.43478260869565216,0.3695652173913043,0.3043478260869565
41,24,48,0.16666666666666666,0.16666666666666666,0.25
41,25,81,0.4074074074074074,0.4074074074074074,0.271604938271605
41,26,73,0.2876712328767123,0.2876712328767123,0.24657534246575347
42,0,51,0.0,-0.37254901960784315,0.47058823529411764
42,1,45,0.0,-0.8,0.8
42,2,51,0.0,0.0,0.0392156862745098
42,3,54,0.0,-0.07407407407407407,0.16666666666666666
42,4,49,0.0,0.0,0.46938775510204084
42,5,53,0.0,0.0,0.1320754716981132
42,6,52,0.0,0.0,0.21153846153846154
42,7,58,0.0,0.0,0.017241379310344827
42,8,62,0.0,0.0,0.16129032258064516
42,9,66,0.0,-0.5454545454545454,0.5454545454545454
42,10,71,0.0,-0.028169014084507043,0.04225352112676056
42,11,68,0.0,-0.014705882352941176,0.14705882352941177
42,12,54,0.0,-0.037037037037037035,0.18518518518518517
42,13,66,0.0,-0.015151515151515152,0.16666666666666666
42,14,60,0.0,-0.13333333333333333,0.13333333333333333
42,15,54,0.0,-0.018518518518518517,0.6296296296296297
42,16,71,0.0,-0.09859154929577464,0.6901408450704225
42,17,60,0.0,-0.13333333333333333,0.25
42,18,66,0.5303030303030303,0.10606060606060602,0.4696969696969697
42,19,52,0.3269230769230769,0.3269230769230769,0.07692307692307693
42,20,92,0.20652173913043478,0.20652173913043478,0.13043478260869565
42,21,55,0.18181818181818182,0.18181818181818182,0.0
42,22,57,0.3157894736842105,-0.5614035087719298,0.5614035087719298
42,23,46,0.43478260869565216,0.3695652173913043,0.3043478260869565
42,24,48,0.2708333333333333,0.2708333333333333,0.14583333333333337
42,25,81,0.4691358024691358,0.4691358024691358,0.2098765432098766
42,26,73,0.273972602739726,0.273972602739726,0.26027397260273977
43,0,51,0.0,-0.37254901960784315,0.47058823529411764
43,1,45,0.0,-0.8,0.8
43,2,51,0.0,0.0,0.0392156862745098
43,3,54,0.0,-0.07407407407407407,0.16666666666666666
43,4,49,0.0,0.0,0.46938775510204084
43,5,53,0.0,0.0,0.1320754716981132
43,6,52,0.0,0.0,0.21153846153846154
43,7,58,0.0,0.0,0.017241379310344827
43,8,62,0.0,0.0,0.16129032258064516
43,9,66,0.0,-0.5454545454545454,0.5454545454545454
43,10,71,0.0,-0.028169014084507043,0.04225352112676056
43,11,68,0.0,-0.014705882352941176,0.14705882352941177
43,12,54,0.0,-0.037037037037037035,0.18518518518518517
43,13,66,0.0,-0.015151515151515152,0.16666666666666666
43,14,60,0.0,-0.13333333333333333,0.13333333333333333
43,15,54,0.0,-0.018518518518518517,0.6296296296296297
43,16,71,0.0,-0.09859154929577464,0.6901408450704225
43,17,60,0.0,-0.13333333333333333,0.25
43,18,66,0.42424242424242425,0.0,0.5757575757575757
43,19,52,0.36538461538461536,0.36538461538461536,0.03846153846153849
43,20,92,0.20652173913043478,0.20652173913043478,0.13043478260869565
43,21,55,0.2,0.2,0.0
43,22,57,0.3508771929824561,-0.5263157894736842,0.5263157894736842
43,23,46,0.41304347826086957,0.34782608695652173,0.3260869565217391
43,24,48,0.25,0.25,0.16666666666666669
43,25,81,0.49382716049382713,0.49382716049382713,0.18518518518518523
43,26,73,0.273972602739726,0.273972602739726,0.26027397260273977
44,0,51,0.0,-0.37254901960784315,0.47058823529411764
44,1,45,0.0,-0.8,0.8
44,2,51,0.0,0.0,0.0392156862745098
44,3,54,0.0,-0.07407407407407407,0.16666666666666666
44,4,49,0.0,0.0,0.46938775510204084
44,5,53,0.0,0.0,0.1320754716981132
44,6,52,0.0,0.0,0.21153846153846154
44,7,58,0.0,0.0,0.017241379310344827
44,8,62,0.0,0.0,0.16129032258064516
44,9,66,0.0,-0.5454545454545454,0.5454545454545454
44,10,71,0.0,-0.028169014084507043,0.04225352112676056
44,11,68,0.0,-0.014705882352941176,0.14705882352941177
44,12,54,0.0,-0.037037037037037035,0.18518518518518517
44,13,66,0.0,-0.015151515151515152,0.16666666666666666
44,14,60,0.0,-0.13333333333333333,0.13333333333333333
44,15,54,0.0,-0.018518518518518517,0.6296296296296297
44,16,71,0.0,-0.09859154929577464,0.6901408450704225
44,17,60,0.0,-0.13333333333333333,0.25
44,18,66,0.5454545454545454,0.12121212121212116,0.4545454545454546
44,19,52,0.3269230769230769,0.3269230769230769,0.07692307692307693
44,20,92,0.14130434782608695,0.14130434782608695,0.1956521739130435
44,21,55,0.2,0.2,0.0
44,22,57,0.3157894736842105,-0.5614035087719298,0.5614035087719298
44,23,46,0.391304347826087,0.32608695652173914,0.3478260869565217
44,24,48,0.25,0.25,0.16666666666666669
44,25,81,0.5185185185185185,0.5185185185185185,0.16049382716049387
44,26,73,0.2602739726027397,0.2602739726027397,0.27397260273972607
45,0,51,0.0,-0.37254901960784315,0.47058823529411764
45,1,45,0.0,-0.8,0.8
45,2,51,0.0,0.0,0.0392156862745098
45,3,54,0.0,-0.07407407407407407,0.16666666666666666
45,4,49,0.0,0.0,0.46938775510204084
45,5,53,0.0,0.0,0.1320754716981132
45,6,52,0.0,0.0,0.21153846153846154
45,7,58,0.0,0.0,0.017241379310344827
45,8,62,0.0,0.0,0.16129032258064516
45,9,66,0.0,-0.5454545454545454,0.5454545454545454
45,10,71,0.0,-0.028169014084507043,0.04225352112676056
45,11,68,0.0,-0.014705882352941176,0.14705882352941177
45,12,54,0.0,-0.037037037037037035,0.18518518518518517
45,13,66,0.0,-0.015151515151515152,0.16666666666666666
45,14,60,0.0,-0.13333333333333333,0.13333333333333333
45,15,54,0.0,-0.018518518518518517,0.6296296296296297
45,16,71,0.0,-0.09859154929577464,0.6901408450704225
45,17,60,0.0,-0.13333333333333333,0.25
45,18,66,0.4696969696969697,0.04545454545454547,0.5303030303030303
45,19,52,0.34615384615384615,0.34615384615384615,0.05769230769230771
45,20,92,0.20652173913043478,0.20652173913043478,0.13043478260869565
45,21,55,0.21818181818181817,0.21818181818181817,0.0
45,22,57,0.3508771929824561,-0.5263157894736842,0.5263157894736842
45,23,46,0.34782608695652173,0.2826086956521739,0.3913043478260869
45,24,48,0.1875,0.1875,0.22916666666666669
45,25,81,0.4567901234567901,0.4567901234567901,0.22222222222222227
45,26,73,0.3424657534246575,0.3424657534246575,0.19178082191780826
46,0,51,0.0,-0.37254901960784315,0.47058823529411764
46,1,45,0.0,-0.8,0.8
46,2,51,0.0,0.0,0.0392156862745098
46,3,54,0.0,-0.07407407407407407,0.16666666666666666
46,4,49,0.0,0.0,0.46938775510204084
46,5,53,0.0,0.0,0.1320754716981132
46,6,52,0.0,0.0,0.21153846153846154
46,7,58,0.0,0.0,0.017241379310344827
46,8,62,0.0,0.0,0.16129032258064516
46,9,66,0.0,-0.5454545454545454,0.5454545454545454
46,10,71,0.0,-0.028169014084507043,0.04225352112676056
46,11,68,0.0,-0.014705882352941176,0.14705882352941177
46,12,54,0.0,-0.037037037037037035,0.18518518518518517
46,13,66,0.0,-0.015151515151515152,0.16666666666666666
46,14,60,0.0,-0.13333333333333333,0.13333333333333333
46,15,54,0.0,-0.018518518518518517,0.6296296296296297
46,16,71,0.0,-0.09859154929577464,0.6901408450704225
46,17,60,0.0,-0.13333333333333333,0.25
46,18,66,0.5454545454545454,0.12121212121212116,0.4545454545454546
46,19,52,0.36538461538461536,0.36538461538461536,0.03846153846153849
46,20,92,0.11956521739130435,0.11956521739130435,0.21739130434782608
46,21,55,0.16363636363636364,0.16363636363636364,0.054545454545454536
46,22,57,0.3684210526315789,-0.5087719298245614,0.5087719298245614
46,23,46,0.391304347826087,0.32608695652173914,0.3478260869565217
46,24,48,0.3541666666666667,0.3541666666666667,0.0625
46,25,81,0.4567901234567901,0.4567901234567901,0.22222222222222227
46,26,73,0.2602739726027397,0.2602739726027397,0.27397260273972607
47,0,51,0.0,-0.37254901960784315,0.47058823529411764
47,1,45,0.0,-0.8,0.8
47,2,51,0.0,0.0,0.0392156862745098
47,3,54,0.0,-0.07407407407407407,0.16666666666666666
47,4,49,0.0,0.0,0.46938775510204084
47,5,53,0.0,0.0,0.1320754716981132
47,6,52,0.0,0.0,0.21153846153846154
47,7,58,0.0,0.0,0.017241379310344827
47,8,62,0.0,0.0,0.16129032258064516
47,9,66,0.0,-0.5454545454545454,0.5454545454545454
47,10,71,0.0,-0.028169014084507043,0.04225352112676056
47,11,68,0.0,-0.014705882352941176,0.14705882352941177
47,12,54,0.0,-0.037037037037037035,0.18518518518518517
47,13,66,0.0,-0.015151515151515152,0.16666666666666666
47,14,60,0.0,-0.13333333333333333,0.13333333333333333
47,15,54,0.0,-0.018518518518518517,0.6296296296296297
47,16,71,0.0,-0.09859154929577464,0.6901408450704225
47,17,60,0.0,-0.13333333333333333,0.25
47,18,66,0.5,0.07575757575757575,0.5
47,19,52,0.34615384615384615,0.34615384615384615,0.05769230769230771
47,20,92,0.16304347826086957,0.16304347826086957,0.17391304347826086
47,21,55,0.21818181818181817,0.21818181818181817,0.0
47,22,57,0.3508771929824561,-0.5263157894736842,0.5263157894736842
47,23,46,0.34782608695652173,0.2826086956521739,0.3913043478260869
47,24,48,0.1875,0.1875,0.22916666666666669
47,25,81,0.5061728395061729,0.5061728395061729,0.1728395061728395
47,26,73,0.3561643835616438,0.3561643835616438,0.17808219178082196
48,0,51,0.0,-0.37254901960784315,0.47058823529411764
48,1,45,0.0,-0.8,0.8
48,2,51,0.0,0.0,0.0392156862745098
48,3,54,0.0,-0.07407407407407407,0.16666666666666666
48,4,49,0.0,0.0,0.46938775510204084
48,5,53,0.0,0.0,0.1320754716981132
48,6,52,0.0,0.0,0.21153846153846154
48,7,58,0.0,0.0,0.017241379310344827
48,8,62,0.0,0.0,0.16129032258064516
48,9,66,0.0,-0.5454545454545454,0.5454545454545454
48,10,71,0.0,-0.028169014084507043,0.04225352112676056
48,11,68,0.0,-0.014705882352941176,0.14705882352941177
48,12,54,0.0,-0.037037037037037035,0.18518518518518517
48,13,66,0.0,-0.015151515151515152,0.16666666666666666
48,14,60,0.0,-0.13333333333333333,0.13333333333333333
48,15,54,0.0,-0.018518518518518517,0.6296296296296297
48,16,71,0.0,-0.09859154929577464,0.6901408450704225
48,17,60,0.0,-0.13333333333333333,0.25
48,18,66,0.5757575757575758,0.15151515151515155,0.4242424242424242
48,19,52,0.36538461538461536,0.36538461538461536,0.03846153846153849
48,20,92,0.10869565217391304,0.10869565217391304,0.2282608695652174
48,21,55,0.16363636363636364,0.16363636363636364,0.054545454545454536
48,22,57,0.38596491228070173,-0.49122807017543857,0.49122807017543857
48,23,46,0.391304347826087,0.32608695652173914,0.3478260869565217
48,24,48,0.375,0.375,0.041666666666666685
48,25,81,0.4691358024691358,0.4691358024691358,0.2098765432098766
48,26,73,0.273972602739726,0.273972602739726,0.26027397260273977
49,0,51,0.0,-0.37254901960784315,0.47058823529411764
49,1,45,0.0,-0.8,0.8
49,2,51,0.0,0.0,0.0392156862745098
49,3,54,0.0,-0.07407407407407407,0.16666666666666666
49,4,49,0.0,0.0,0.46938775510204084
49,5,53,0.0,0.0,0.1320754716981132
49,6,52,0.0,0.0,0.21153846153846154
49,7,58,0.0,0.0,0.017241379310344827
49,8,62,0.0,0.0,0.16129032258064516
49,9,66,0.0,-0.5454545454545454,0.5454545454545454
49,10,71,0.0,-0.028169014084507043,0.04225352112676056
49,11,68,0.0,-0.014705882352941176,0.14705882352941177
49,12,54,0.0,-0.037037037037037035,0.18518518518518517
49,13,66,0.0,-0.015151515151515152,0.16666666666666666
49,14,60,0.0,-0.13333333333333333,0.13333333333333333
49,15,54,0.0,-0.018518518518518517,0.6296296296296297
49,16,71,0.0,-0.09859154929577464,0.6901408450704225
49,17,60,0.0,-0.13333333333333333,0.25
49,18,66,0.5303030303030303,0.10606060606060602,0.4696969696969697
49,19,52,0.34615384615384615,0.34615384615384615,0.05769230769230771
49,20,92,0.14130434782608695,0.14130434782608695,0.1956521739130435
49,21,55,0.2727272727272727,0.2727272727272727,0.0
49,22,57,0.42105263157894735,-0.45614035087719296,0.45614035087719296
49,23,46,0.34782608695652173,0.2826086956521739,0.3913043478260869
49,24,48,0.1875,0.1875,0.22916666666666669
49,25,81,0.4567901234567901,0.4567901234567901,0.22222222222222227
49,26,73,0.3013698630136986,0.3013698630136986,0.23287671232876717
50,0,51,0.0,-0.37254901960784315,0.47058823529411764
50,1,45,0.0,-0.8,0.8
50,2,51,0.0,0.0,0.0392156862745098
50,3,54,0.0,-0.07407407407407407,0.16666666666666666
50,4,49,0.0,0.0,0.46938775510204084
50,5,53,0.0,0.0,0.1320754716981132
50,6,52,0.0,0.0,0.21153846153846154
50,7,58,0.0,0.0,0.017241379310344827
50,8,62,0.0,0.0,0.16129032258064516
50,9,66,0.0,-0.5454545454545454,0.5454545454545454
50,10,71,0.0,-0.028169014084507043,0.04225352112676056
50,11,68,0.0,-0.014705882352941176,0.14705882352941177
50,12,54,0.0,-0.037037037037037035,0.18518518518518517
50,13,66,0.0,-0.015151515151515152,0.16666666666666666
50,14,60,0.0,-0.13333333333333333,0.13333333333333333
50,15,54,0.0,-0.018518518518518517,0.6296296296296297
50,16,71,0.0,-0.09859154929577464,0.6901408450704225
50,17,60,0.0,-0.13333333333333333,0.25
50,18,66,0.6363636363636364,0.2121212121212121,0.36363636363636365
50,19,52,0.34615384615384615,0.34615384615384615,0.05769230769230771
50,20,92,0.06521739130434782,0.06521739130434782,0.2717391304347826
50,21,55,0.16363636363636364,0.16363636363636364,0.10909090909090907
50,22,57,0.3157894736842105,-0.5614035087719298,0.5614035087719298
50,23,46,0.41304347826086957,0.34782608695652173,0.3260869565217391
50,24,48,0.375,0.375,0.041666666666666685
50,25,81,0.5925925925925926,0.5925925925925926,0.0864197530864198
50,26,73,0.2602739726027397,0.2602739726027397,0.27397260273972607
51,0,51,0.0,-0.37254901960784315,0.47058823529411764
51,1,45,0.0,-0.8,0.8
51,2,51,0.0,0.0,0.0392156862745098
51,3,54,0.0,-0.07407407407407407,0.16666666666666666
51,4,49,0.0,0.0,0.46938775510204084
51,5,53,0.0,0.0,0.1320754716981132
51,6,52,0.0,0.0,0.21153846153846154
51,7,58,0.0,0.0,0.017241379310344827
51,8,62,0.0,0.0,0.16129032258064516
51,9,66,0.0,-0.5454545454545454,0.5454545454545454
51,10,71,0.0,-0.028169014084507043,0.04225352112676056
51,11,68,0.0,-0.014705882352941176,0.14705882352941177
51,12,54,0.0,-0.037037037037037035,0.18518518518518517
51,13,66,0.0,-0.015151515151515152,0.16666666666666666
51,14,60,0.0,-0.13333333333333333,0.13333333333333333
51,15,54,0.0,-0.018518518518518517,0.6296296296296297
51,16,71,0.0,-0.09859154929577464,0.6901408450704225
51,17,60,0.0,-0.13333333333333333,0.25
51,18,66,0.5909090909090909,0.16666666666666669,0.40909090909090906
51,19,52,0.38461538461538464,0.38461538461538464,0.019230769230769218
51,20,92,0.11956521739130435,0.11956521739130435,0.21739130434782608
51,21,55,0.2,0.2,0.0727272727272727
51,22,57,0.5614035087719298,-0.3157894736842105,0.3157894736842105
51,23,46,0.34782608695652173,0.2826086956521739,0.3913043478260869
51,24,48,0.20833333333333334,0.20833333333333334,0.20833333333333334
51,25,81,0.48148148148148145,0.48148148148148145,0.1975308641975309
51,26,73,0.2465753424657534,0.2465753424657534,0.28767123287671237
52,0,51,0.0,-0.37254901960784315,0.47058823529411764
52,1,45,0.0,-0.8,0.8
52,2,51,0.0,0.0,0.0392156862745098
52,3,54,0.0,-0.07407407407407407,0.16666666666666666
52,4,49,0.0,0.0,0.46938775510204084
52,5,53,0.0,0.0,0.1320754716981132
52,6,52,0.0,0.0,0.21153846153846154
52,7,58,0.0,0.0,0.017241379310344827
52,8,62,0.0,0.0,0.16129032258064516
52,9,66,0.0,-0.5454545454545454,0.5454545454545454
52,10,71,0.0,-0.028169014084507043,0.04225352112676056
52,11,68,0.0,-0.014705882352941176,0.14705882352941177
52,12,54,0.0,-0.037037037037037035,0.18518518518518517
52,13,66,0.0,-0.015151515151515152,0.16666666666666666
52,14,60,0.0,-0.13333333333333333,0.13333333333333333
52,15,54,0.0,-0.018518518518518517,0.6296296296296297
52,16,71,0.0,-0.09859154929577464,0.6901408450704225
52,17,60,0.0,-0.13333333333333333,0.25
52,18,66,0.6818181818181818,0.2575757575757575,0.31818181818181823
52,19,52,0.4230769230769231,0.4230769230769231,0.0
52,20,92,0.05434782608695652,0.05434782608695652,0.2826086956521739
52,21,55,0.18181818181818182,0.18181818181818182,0.09090909090909088
52,22,57,0.2982456140350877,-0.5789473684210527,0.5789473684210527
52,23,46,0.41304347826086957,0.34782608695652173,0.3260869565217391
52,24,48,0.3125,0.3125,0.10416666666666669
52,25,81,0.6172839506172839,0.6172839506172839,0.06172839506172845
52,26,73,0.273972602739726,0.273972602739726,0.26027397260273977
53,0,51,0.0,-0.37254901960784315,0.47058823529411764
53,1,45,0.0,-0.8,0.8
53,2,51,0.0,0.0,0.0392156862745098
53,3,54,0.0,-0.07407407407407407,0.16666666666666666
53,4,49,0.0,0.0,0.46938775510204084
53,5,53,0.0,0.0,0.1320754716981132
53,6,52,0.0,0.0,0.21153846153846154
53,7,58,0.0,0.0,0.017241379310344827
53,8,62,0.0,0.0,0.16129032258064516
53,9,66,0.0,-0.5454545454545454,0.5454545454545454
53,10,71,0.0,-0.028169014084507043,0.04225352112676056
53,11,68,0.0,-0.014705882352941176,0.14705882352941177
53,12,54,0.0,-0.037037037037037035,0.18518518518518517
53,13,66,0.0,-0.015151515151515152,0.16666666666666666
53,14,60,0.0,-0.13333333333333333,0.13333333333333333
53,15,54,0.0,-0.018518518518518517,0.6296296296296297
53,16,71,0.0,-0.09859154929577464,0.6901408450704225
53,17,60,0.0,-0.13333333333333333,0.25
53,18,66,0.5606060606060606,0.1363636363636363,0.43939393939393945
53,19,52,0.38461538461538464,0.38461538461538464,0.038461538461538436
53,20,92,0.11956521739130435,0.11956521739130435,0.21739130434782608
53,21,55,0.2727272727272727,0.2727272727272727,0.0
53,22,57,0.5263157894736842,-0.3508771929824561,0.3508771929824561
53,23,46,0.41304347826086957,0.34782608695652173,0.3260869565217391
53,24,48,0.2708333333333333,0.2708333333333333,0.14583333333333337
53,25,81,0.4444444444444444,0.4444444444444444,0.23456790123456794
53,26,73,0.273972602739726,0.273972602739726,0.26027397260273977
54,0,51,0.0,-0.37254901960784315,0.47058823529411764
54,1,45,0.0,-0.8,0.8
54,2,51,0.0,0.0,0.0392156862745098
54,3,54,0.0,-0.07407407407407407,0.16666666666666666
54,4,49,0.0,0.0,0.46938775510204084
54,5,53,0.0,0.0,0.1320754716981132
54,6,52,0.0,0.0,0.21153846153846154
54,7,58,0.0,0.0,0.017241379310344827
54,8,62,0.0,0.0,0.16129032258064516
54,9,66,0.0,-0.5454545454545454,0.5454545454545454
54,10,71,0.0,-0.028169014084507043,0.04225352112676056
54,11,68,0.0,-0.014705882352941176,0.14705882352941177
54,12,54,0.0,-0.037037037037037035,0.18518518518518517
54,13,66,0.0,-0.015151515151515152,0.16666666666666666
54,14,60,0.0,-0.13333333333333333,0.13333333333333333
54,15,54,0.0,-0.018518518518518517,0.6296296296296297
54,16,71,0.0,-0.09859154929577464,0.6901408450704225
54,17,60,0.0,-0.13333333333333333,0.25
54,18,66,0.6212121212121212,0.19696969696969696,0.3787878787878788
54,19,52,0.40384615384615385,0.40384615384615385,0.019230769230769218
54,20,92,0.07608695652173914,0.07608695652173914,0.2608695652173913
54,21,55,0.32727272727272727,0.32727272727272727,0.0
54,22,57,0.3333333333333333,-0.5438596491228069,0.5438596491228069
54,23,46,0.391304347826087,0.32608695652173914,0.3478260869565217
54,24,48,0.3125,0.3125,0.10416666666666669
54,25,81,0.5555555555555556,0.5555555555555556,0.12345679012345678
54,26,73,0.3150684931506849,0.3150684931506849,0.21917808219178087
55,0,51,0.0,-0.37254901960784315,0.47058823529411764
55,1,45,0.0,-0.8,0.8
55,2,51,0.0,0.0,0.0392156862745098
55,3,54,0.0,-0.07407407407407407,0.16666666666666666
55,4,49,0.0,0.0,0.46938775510204084
55,5,53,0.0,0.0,0.1320754716981132
55,6,52,0.0,0.0,0.21153846153846154
55,7,58,0.0,0.0,0.017241379310344827
55,8,62,0.0,0.0,0.16129032258064516
55,9,66,0.0,-0.5454545454545454,0.5454545454545454
55,10,71,0.0,-0.028169014084507043,0.04225352112676056
55,11,68,0.0,-0.014705882352941176,0.14705882352941177
55,12,54,0.0,-0.037037037037037035,0.18518518518518517
55,13,66,0.0,-0.015151515151515152,0.16666666666666666
55,14,60,0.0,-0.13333333333333333,0.13333333333333333
55,15,54,0.0,-0.018518518518518517,0.6296296296296297
55,16,71,0.0,-0.09859154929577464,0.6901408450704225
55,17,60,0.0,-0.13333333333333333,0.25
55,18,66,0.48484848484848486,0.06060606060606061,0.5151515151515151
55,19,52,0.40384615384615385,0.40384615384615385,0.019230769230769218
55,20,92,0.15217391304347827,0.15217391304347827,0.18478260869565216
55,21,55,0.3090909090909091,0.3090909090909091,0.018181818181818188
55,22,57,0.40350877192982454,-0.47368421052631576,0.47368421052631576
55,23,46,0.34782608695652173,0.2826086956521739,0.3913043478260869
55,24,48,0.2916666666666667,0.2916666666666667,0.125
55,25,81,0.48148148148148145,0.48148148148148145,0.1975308641975309
55,26,73,0.3150684931506849,0.3150684931506849,0.21917808219178087
56,0,51,0.0,-0.37254901960784315,0.47058823529411764
56,1,45,0.0,-0.8,0.8
56,2,51,0.0,0.0,0.0392156862745098
56,3,54,0.0,-0.07407407407407407,0.16666666666666666
56,4,49,0.0,0.0,0.46938775510204084
56,5,53,0.0,0.0,0.1320754716981132
56,6,52,0.0,0.0,0.21153846153846154
56,7,58,0.0,0.0,0.017241379310344827
56,8,62,0.0,0.0,0.16129032258064516
56,9,66,0.0,-0.5454545454545454,0.5454545454545454
56,10,71,0.0,-0.028169014084507043,0.04225352112676056
56,11,68,0.0,-0.014705882352941176,0.14705882352941177
56,12,54,0.0,-0.037037037037037035,0.18518518518518517
56,13,66,0.0,-0.015151515151515152,0.16666666666666666
56,14,60,0.0,-0.13333333333333333,0.13333333333333333
56,15,54,0.0,-0.018518518518518517,0.6296296296296297
56,16,71,0.0,-0.09859154929577464,0.6901408450704225
56,17,60,0.0,-0.13333333333333333,0.25
56,18,66,0.7424242424242424,0.3181818181818182,0.25757575757575757
56,19,52,0.3076923076923077,0.3076923076923077,0.11538461538461536
56,20,92,0.09782608695652174,0.09782608695652174,0.2391304347826087
56,21,55,0.32727272727272727,0.32727272727272727,0.0
56,22,57,0.40350877192982454,-0.47368421052631576,0.47368421052631576
56,23,46,0.41304347826086957,0.34782608695652173,0.3260869565217391
56,24,48,0.3333333333333333,0.3333333333333333,0.08333333333333337
56,25,81,0.5185185185185185,0.5185185185185185,0.16049382716049387
56,26,73,0.2602739726027397,0.2602739726027397,0.27397260273972607
57,0,51,0.0,-0.37254901960784315,0.47058823529411764
57,1,45,0.0,-0.8,0.8
57,2,51,0.0,0.0,0.0392156862745098
57,3,54,0.0,-0.07407407407407407,0.16666666666666666
57,4,49,0.0,0.0,0.46938775510204084
57,5,53,0.0,0.0,0.1320754716981132
57,6,52,0.0,0.0,0.21153846153846154
57,7,58,0.0,0.0,0.017241379310344827
57,8,62,0.0,0.0,0.16129032258064516
57,9,66,0.0,-0.5454545454545454,0.5454545454545454
57,10,71,0.0,-0.028169014084507043,0.04225352112676056
57,11,68,0.0,-0.014705882352941176,0.14705882352941177
57,12,54,0.0,-0.037037037037037035,0.18518518518518517
57,13,66,0.0,-0.015151515151515152,0.16666666666666666
57,14,60,0.0,-0.13333333333333333,0.13333333333333333
57,15,54,0.0,-0.018518518518518517,0.6296296296296297
57,16,71,0.0,-0.09859154929577464,0.6901408450704225
57,17,60,0.0,-0.13333333333333333,0.25
57,18,66,0.5151515151515151,0.09090909090909088,0.48484848484848486
57,19,52,0.40384615384615385,0.40384615384615385,0.019230769230769218
57,20,92,0.15217391304347827,0.15217391304347827,0.18478260869565216
57,21,55,0.3090909090909091,0.3090909090909091,0.018181818181818188
57,22,57,0.5087719298245614,-0.36842105263157887,0.36842105263157887
57,23,46,0.41304347826086957,0.34782608695652173,0.3260869565217391
57,24,48,0.25,0.25,0.16666666666666669
57,25,81,0.48148148148148145,0.48148148148148145,0.1975308641975309
57,26,73,0.2191780821917808,0.2191780821917808,0.31506849315068497
58,0,51,0.0,-0.37254901960784315,0.47058823529411764
58,1,45,0.0,-0.8,0.8
58,2,51,0.0,0.0,0.0392156862745098
58,3,54,0.0,-0.07407407407407407,0.16666666666666666
58,4,49,0.0,0.0,0.46938775510204084
58,5,53,0.0,0.0,0.1320754716981132
58,6,52,0.0,0.0,0.21153846153846154
58,7,58,0.0,0.0,0.017241379310344827
58,8,62,0.0,0.0,0.16129032258064516
58,9,66,0.0,-0.5454545454545454,0.5454545454545454
58,10,71,0.0,-0.028169014084507043,0.04225352112676056
58,11,68,0.0,-0.014705882352941176,0.14705882352941177
58,12,54,0.0,-0.037037037037037035,0.18518518518518517
58,13,66,0.0,-0.015151515151515152,0.16666666666666666
58,14,60,0.0,-0.13333333333333333,0.13333333333333333
58,15,54,0.0,-0.018518518518518517,0.6296296296296297
58,16,71,0.0,-0.09859154929577464,0.6901408450704225
58,17,60,0.0,-0.13333333333333333,0.25
58,18,66,0.6212121212121212,0.19696969696969696,0.3787878787878788
58,19,52,0.3269230769230769,0.3269230769230769,0.09615384615384615
58,20,92,0.09782608695652174,0.09782608695652174,0.2391304347826087
58,21,55,0.36363636363636365,0.36363636363636365,0.0
58,22,57,0.3333333333333333,-0.5438596491228069,0.5438596491228069
58,23,46,0.3695652173913043,0.3043478260869565,0.3695652173913043
58,24,48,0.3125,0.3125,0.10416666666666669
58,25,81,0.48148148148148145,0.48148148148148145,0.1975308641975309
58,26,73,0.3698630136986301,0.3698630136986301,0.16438356164383566
59,0,51,0.0,-0.37254901960784315,0.47058823529411764
59,1,45,0.0,-0.8,0.8
59,2,51,0.0,0.0,0.0392156862745098
59,3,54,0.0,-0.07407407407407407,0.16666666666666666
59,4,49,0.0,0.0,0.46938775510204084
59,5,53,0.0,0.0,0.1320754716981132
59,6,52,0.0,0.0,0.21153846153846154
59,7,58,0.0,0.0,0.017241379310344827
59,8,62,0.0,0.0,0.16129032258064516
59,9,66,0.0,-0.5454545454545454,0.5454545454545454
59,10,71,0.0,-0.028169014084507043,0.04225352112676056
59,11,68,0.0,-0.014705882352941176,0.14705882352941177
59,12,54,0.0,-0.037037037037037035,0.18518518518518517
59,13,66,0.0,-0.015151515151515152,0.16666666666666666
59,14,60,0.0,-0.13333333333333333,0.13333333333333333
59,15,54,0.0,-0.018518518518518517,0.6296296296296297
59,16,71,0.0,-0.09859154929577464,0.6901408450704225
59,17,60,0.0,-0.13333333333333333,0.25
59,18,66,0.45454545454545453,0.030303030303030276,0.5454545454545454
59,19,52,0.38461538461538464,0.38461538461538464,0.038461538461538436
59,20,92,0.11956521739130435,0.11956521739130435,0.21739130434782608
59,21,55,0.3090909090909091,0.3090909090909091,0.054545454545454564
59,22,57,0.45614035087719296,-0.42105263157894735,0.42105263157894735
59,23,46,0.41304347826086957,0.34782608695652173,0.3260869565217391
59,24,48,0.3958333333333333,0.3958333333333333,0.02083333333333337
59,25,81,0.48148148148148145,0.48148148148148145,0.1975308641975309
59,26,73,0.1917808219178082,0.1917808219178082,0.34246575342465757
60,0,51,0.0,-0.37254901960784315,0.47058823529411764
60,1,45,0.0,-0.8,0.8
60,2,51,0.0,0.0,0.0392156862745098
60,3,54,0.0,-0.07407407407407407,0.16666666666666666
60,4,49,0.0,0.0,0.46938775510204084
60,5,53,0.0,0.0,0.1320754716981132
60,6,52,0.0,0.0,0.21153846153846154
60,7,58,0.0,0.0,0.017241379310344827
60,8,62,0.0,0.0,0.16129032258064516
60,9,66,0.0,-0.5454545454545454,0.5454545454545454
60,10,71,0.0,-0.028169014084507043,0.04225352112676056
60,11,68,0.0,-0.014705882352941176,0.14705882352941177
60,12,54,0.0,-0.037037037037037035,0.18518518518518517
60,13,66,0.0,-0.015151515151515152,0.16666666666666666
60,14,60,0.0,-0.13333333333333333,0.13333333333333333
60,15,54,0.0,-0.018518518518518517,0.6296296296296297
60,16,71,0.0,-0.09859154929577464,0.6901408450704225
60,17,60,0.0,-0.13333333333333333,0.25
60,18,66,0.696969696969697,0.27272727272727276,0.303030303030303
60,19,52,0.3269230769230769,0.3269230769230769,0.09615384615384615
60,20,92,0.09782608695652174,0.09782608695652174,0.2391304347826087
60,21,55,0.36363636363636365,0.36363636363636365,0.0
60,22,57,0.3684210526315789,-0.5087719298245614,0.5087719298245614
60,23,46,0.41304347826086957,0.34782608695652173,0.3260869565217391
60,24,48,0.16666666666666666,0.16666666666666666,0.25
60,25,81,0.43209876543209874,0.43209876543209874,0.24691358024691362
60,26,73,0.4246575342465753,0.4246575342465753,0.10958904109589046
61,0,51,0.0,-0.37254901960784315,0.47058823529411764
61,1,45,0.0,-0.8,0.8
61,2,51,0.0,0.0,0.0392156862745098
61,3,54,0.0,-0.07407407407407407,0.16666666666666666
61,4,49,0.0,0.0,0.46938775510204084
61,5,53,0.0,0.0,0.1320754716981132
61,6,52,0.0,0.0,0.21153846153846154
61,7,58,0.0,0.0,0.017241379310344827
61,8,62,0.0,0.0,0.16129032258064516
61,9,66,0.0,-0.5454545454545454,0.5454545454545454
61,10,71,0.0,-0.028169014084507043,0.04225352112676056
61,11,68,0.0,-0.014705882352941176,0.14705882352941177
61,12,54,0.0,-0.037037037037037035,0.18518518518518517
61,13,66,0.0,-0.015151515151515152,0.16666666666666666
61,14,60,0.0,-0.13333333333333333,0.13333333333333333
61,15,54,0.0,-0.018518518518518517,0.6296296296296297
61,16,71,0.0,-0.09859154929577464,0.6901408450704225
61,17,60,0.0,-0.13333333333333333,0.25
61,18,66,0.48484848484848486,0.06060606060606061,0.5151515151515151
61,19,52,0.38461538461538464,0.38461538461538464,0.038461538461538436
61,20,92,0.14130434782608695,0.14130434782608695,0.1956521739130435
61,21,55,0.2909090909090909,0.2909090909090909,0.07272727272727275
61,22,57,0.47368421052631576,-0.40350877192982454,0.40350877192982454
61,23,46,0.5217391304347826,0.45652173913043476,0.21739130434782605
61,24,48,0.4583333333333333,0.4583333333333333,0.0
61,25,81,0.43209876543209874,0.43209876543209874,0.24691358024691362
61,26,73,0.1917808219178082,0.1917808219178082,0.34246575342465757
62,0,51,0.0,-0.37254901960784315,0.47058823529411764
62,1,45,0.0,-0.8,0.8
62,2,51,0.0,0.0,0.0392156862745098
62,3,54,0.0,-0.07407407407407407,0.16666666666666666
62,4,49,0.0,0.0,0.46938775510204084
62,5,53,0.0,0.0,0.1320754716981132
62,6,52,0.0,0.0,0.21153846153846154
62,7,58,0.0,0.0,0.017241379310344827
62,8,62,0.0,0.0,0.16129032258064516
62,9,66,0.0,-0.5454545454545454,0.5454545454545454
62,10,71,0.0,-0.028169014084507043,0.04225352112676056
62,11,68,0.0,-0.014705882352941176,0.14705882352941177
62,12,54,0.0,-0.037037037037037035,0.18518518518518517
62,13,66,0.0,-0.015151515151515152,0.16666666666666666
62,14,60,0.0,-0.13333333333333333,0.13333333333333333
62,15,54,0.0,-0.018518518518518517,0.6296296296296297
62,16,71,0.0,-0.09859154929577464,0.6901408450704225
62,17,60,0.0,-0.13333333333333333,0.25
62,18,66,0.7272727272727273,0.30303030303030304,0.2727272727272727
62,19,52,0.34615384615384615,0.34615384615384615,0.07692307692307693
62,20,92,0.11956521739130435,0.11956521739130435,0.21739130434782608
62,21,55,0.2909090909090909,0.2909090909090909,0.07272727272727275
62,22,57,0.45614035087719296,-0.42105263157894735,0.42105263157894735
62,23,46,0.5869565217391305,0.5217391304347827,0.15217391304347816
62,24,48,0.20833333333333334,0.20833333333333334,0.24999999999999997
62,25,81,0.43209876543209874,0.43209876543209874,0.24691358024691362
62,26,73,0.3150684931506849,0.3150684931506849,0.21917808219178087
63,0,51,0.0,-0.37254901960784315,0.47058823529411764
63,1,45,0.0,-0.8,0.8
63,2,51,0.0,0.0,0.0392156862745098
63,3,54,0.0,-0.07407407407407407,0.16666666666666666
63,4,49,0.0,0.0,0.46938775510204084
63,5,53,0.0,0.0,0.1320754716981132
63,6,52,0.0,0.0,0.21153846153846154
63,7,58,0.0,0.0,0.017241379310344827
63,8,62,0.0,0.0,0.16129032258064516
63,9,66,0.0,-0.5454545454545454,0.5454545454545454
63,10,71,0.0,-0.028169014084507043,0.04225352112676056
63,11,68,0.0,-0.014705882352941176,0.14705882352941177
63,12,54,0.0,-0.037037037037037035,0.18518518518518517
63,13,66,0.0,-0.015151515151515152,0.16666666666666666
63,14,60,0.0,-0.13333333333333333,0.13333333333333333
63,15,54,0.0,-0.018518518518518517,0.6296296296296297
63,16,71,0.0,-0.09859154929577464,0.6901408450704225
63,17,60,0.0,-0.13333333333333333,0.25
63,18,66,0.6212121212121212,0.19696969696969696,0.3787878787878788
63,19,52,0.3269230769230769,0.3269230769230769,0.09615384615384615
63,20,92,0.08695652173913043,0.08695652173913043,0.25
63,21,55,0.2909090909090909,0.2909090909090909,0.07272727272727275
63,22,57,0.42105263157894735,-0.45614035087719296,0.45614035087719296
63,23,46,0.5,0.43478260869565216,0.23913043478260865
63,24,48,0.3125,0.3125,0.14583333333333331
63,25,81,0.5555555555555556,0.5555555555555556,0.12345679012345678
63,26,73,0.2054794520547945,0.2054794520547945,0.32876712328767127
64,0,51,0.0,-0.37254901960784315,0.47058823529411764
64,1,45,0.0,-0.8,0.8
64,2,51,0.0,0.0,0.0392156862745098
64,3,54,0.0,-0.07407407407407407,0.16666666666666666
64,4,49,0.0,0.0,0.46938775510204084
64,5,53,0.0,0.0,0.1320754716981132
64,6,52,0.0,0.0,0.21153846153846154
64,7,58,0.0,0.0,0.017241379310344827
64,8,62,0.0,0.0,0.16129032258064516
64,9,66,0.0,-0.5454545454545454,0.5454545454545454
64,10,71,0.0,-0.028169014084507043,0.04225352112676056
64,11,68,0.0,-0.014705882352941176,0.14705882352941177
64,12,54,0.0,-0.037037037037037035,0.18518518518518517
64,13,66,0.0,-0.015151515151515152,0.16666666666666666
64,14,60,0.0,-0.13333333333333333,0.13333333333333333
64,15,54,0.0,-0.018518518518518517,0.6296296296296297
64,16,71,0.0,-0.09859154929577464,0.6901408450704225
64,17,60,0.0,-0.13333333333333333,0.25
64,18,66,0.696969696969697,0.27272727272727276,0.303030303030303
64,19,52,0.3269230769230769,0.3269230769230769,0.09615384615384615
64,20,92,0.07608695652173914,0.07608695652173914,0.2608695652173913
64,21,55,0.34545454545454546,0.34545454545454546,0.018181818181818188
64,22,57,0.5263157894736842,-0.3508771929824561,0.3508771929824561
64,23,46,0.5,0.43478260869565216,0.23913043478260865
64,24,48,0.22916666666666666,0.22916666666666666,0.22916666666666666
64,25,81,0.5679012345679012,0.5679012345679012,0.11111111111111116
64,26,73,0.2465753424657534,0.2465753424657534,0.28767123287671237
65,0,51,0.0,-0.37254901960784315,0.47058823529411764
65,1,45,0.0,-0.8,0.8
65,2,51,0.0,0.0,0.0392156862745098
65,3,54,0.0,-0.07407407407407407,0.16666666666666666
65,4,49,0.0,0.0,0.46938775510204084
65,5,53,0.0,0.0,0.1320754716981132
65,6,52,0.0,0.0,0.21153846153846154
65,7,58,0.0,0.0,0.017241379310344827
65,8,62,0.0,0.0,0.16129032258064516
65,9,66,0.0,-0.5454545454545454,0.5454545454545454
65,10,71,0.0,-0.028169014084507043,0.04225352112676056
65,11,68,0.0,-0.014705882352941176,0.14705882352941177
65,12,54,0.0,-0.037037037037037035,0.18518518518518517
65,13,66,0.0,-0.015151515151515152,0.16666666666666666
65,14,60,0.0,-0.13333333333333333,0.13333333333333333
65,15,54,0.0,-0.018518518518518517,0.6296296296296297
65,16,71,0.0,-0.09859154929577464,0.6901408450704225
65,17,60,0.0,-0.13333333333333333,0.25
65,18,66,0.6363636363636364,0.2121212121212121,0.36363636363636365
65,19,52,0.3269230769230769,0.3269230769230769,0.09615384615384615
65,20,92,0.07608695652173914,0.07608695652173914,0.2608695652173913
65,21,55,0.32727272727272727,0.32727272727272727,0.036363636363636376
65,22,57,0.42105263157894735,-0.45614035087719296,0.45614035087719296
65,23,46,0.4782608695652174,0.41304347826086957,0.26086956521739124
65,24,48,0.3333333333333333,0.3333333333333333,0.125
65,25,81,0.5925925925925926,0.5925925925925926,0.0864197530864198
65,26,73,0.2054794520547945,0.2054794520547945,0.32876712328767127
66,0,51,0.0,-0.37254901960784315,0.47058823529411764
66,1,45,0.0,-0.8,0.8
66,2,51,0.0,0.0,0.0392156862745098
66,3,54,0.0,-0.07407407407407407,0.16666666666666666
66,4,49,0.0,0.0,0.46938775510204084
66,5,53,0.0,0.0,0.1320754716981132
66,6,52,0.0,0.0,0.21153846153846154
66,7,58,0.0,0.0,0.017241379310344827
66,8,62,0.0,0.0,0.16129032258064516
66,9,66,0.0,-0.5454545454545454,0.5454545454545454
66,10,71,0.0,-0.028169014084507043,0.04225352112676056
66,11,68,0.0,-0.014705882352941176,0.14705882352941177
66,12,54,0.0,-0.037037037037037035,0.18518518518518517
66,13,66,0.0,-0.015151515151515152,0.16666666666666666
66,14,60,0.0,-0.13333333333333333,0.13333333333333333
66,15,54,0.0,-0.018518518518518517,0.6296296296296297
66,16,71,0.0,-0.09859154929577464,0.6901408450704225
66,17,60,0.0,-0.13333333333333333,0.25
66,18,66,0.7727272727272727,0.34848484848484845,0.2272727272727273
66,19,52,0.34615384615384615,0.34615384615384615,0.07692307692307693
66,20,92,0.07608695652173914,0.07608695652173914,0.2608695652173913
66,21,55,0.34545454545454546,0.34545454545454546,0.018181818181818188
66,22,57,0.543859649122807,-0.33333333333333326,0.33333333333333326
66,23,46,0.41304347826086957,0.34782608695652173,0.3260869565217391
66,24,48,0.22916666666666666,0.22916666666666666,0.22916666666666666
66,25,81,0.5925925925925926,0.5925925925925926,0.0864197530864198
66,26,73,0.2602739726027397,0.2602739726027397,0.27397260273972607
67,0,51,0.0,-0.37254901960784315,0.47058823529411764
67,1,45,0.0,-0.8,0.8
67,2,51,0.0,0.0,0.0392156862745098
67,3,54,0.0,-0.07407407407407407,0.16666666666666666
67,4,49,0.0,0.0,0.46938775510204084
67,5,53,0.0,0.0,0.1320754716981132
67,6,52,0.0,0.0,0.21153846153846154
67,7,58,0.0,0.0,0.017241379310344827
67,8,62,0.0,0.0,0.16129032258064516
67,9,66,0.0,-0.5454545454545454,0.5454545454545454
67,10,71,0.0,-0.028169014084507043,0.04225352112676056
67,11,68,0.0,-0.014705882352941176,0.14705882352941177
67,12,54,0.0,-0.037037037037037035,0.18518518518518517
67,13,66,0.0,-0.015151515151515152,0.16666666666666666
67,14,60,0.0,-0.13333333333333333,0.13333333333333333
67,15,54,0.0,-0.018518518518518517,0.6296296296296297
67,16,71,0.0,-0.09859154929577464,0.6901408450704225
67,17,60,0.0,-0.13333333333333333,0.25
67,18,66,0.6060606060606061,0.18181818181818182,0.3939393939393939
67,19,52,0.34615384615384615,0.34615384615384615,0.07692307692307693
67,20,92,0.10869565217391304,0.10869565217391304,0.2282608695652174
67,21,55,0.34545454545454546,0.34545454545454546,0.018181818181818188
67,22,57,0.3684210526315789,-0.5087719298245614,0.5087719298245614
67,23,46,0.4782608695652174,0.41304347826086957,0.26086956521739124
67,24,48,0.3541666666666667,0.3541666666666667,0.10416666666666663
67,25,81,0.6296296296296297,0.6296296296296297,0.04938271604938271
67,26,73,0.136986301369863,0.136986301369863,0.3972602739726028
68,0,51,0.0,-0.37254901960784315,0.47058823529411764
68,1,45,0.0,-0.8,0.8
68,2,51,0.0,0.0,0.0392156862745098
68,3,54,0.0,-0.07407407407407407,0.16666666666666666
68,4,49,0.0,0.0,0.46938775510204084
68,5,53,0.0,0.0,0.1320754716981132
68,6,52,0.0,0.0,0.21153846153846154
68,7,58,0.0,0.0,0.017241379310344827
68,8,62,0.0,0.0,0.16129032258064516
68,9,66,0.0,-0.5454545454545454,0.5454545454545454
68,10,71,0.0,-0.028169014084507043,0.04225352112676056
68,11,68,0.0,-0.014705882352941176,0.14705882352941177
68,12,54,0.0,-0.037037037037037035,0.18518518518518517
68,13,66,0.0,-0.015151515151515152,0.16666666666666666
68,14,60,0.0,-0.13333333333333333,0.13333333333333333
68,15,54,0.0,-0.018518518518518517,0.6296296296296297
68,16,71,0.0,-0.09859154929577464,0.6901408450704225
68,17,60,0.0,-0.13333333333333333,0.25
68,18,66,0.7727272727272727,0.34848484848484845,0.2272727272727273
68,19,52,0.34615384615384615,0.34615384615384615,0.07692307692307693
68,20,92,0.06521739130434782,0.06521739130434782,0.2717391304347826
68,21,55,0.41818181818181815,0.41818181818181815,0.0
68,22,57,0.43859649122807015,-0.43859649122807015,0.43859649122807015
68,23,46,0.41304347826086957,0.34782608695652173,0.3260869565217391
68,24,48,0.1875,0.1875,0.2708333333333333
68,25,81,0.5432098765432098,0.5432098765432098,0.13580246913580252
68,26,73,0.3561643835616438,0.3561643835616438,0.17808219178082196
69,0,51,0.0,-0.37254901960784315,0.47058823529411764
69,1,45,0.0,-0.8,0.8
69,2,51,0.0,0.0,0.0392156862745098
69,3,54,0.0,-0.07407407407407407,0.16666666666666666
69,4,49,0.0,0.0,0.46938775510204084
69,5,53,0.0,0.0,0.1320754716981132
69,6,52,0.0,0.0,0.21153846153846154
69,7,58,0.0,0.0,0.017241379310344827
69,8,62,0.0,0.0,0.16129032258064516
69,9,66,0.0,-0.5454545454545454,0.5454545454545454
69,10,71,0.0,-0.028169014084507043,0.04225352112676056
69,11,68,0.0,-0.014705882352941176,0.14705882352941177
69,12,54,0.0,-0.037037037037037035,0.18518518518518517
69,13,66,0.0,-0.015151515151515152,0.16666666666666666
69,14,60,0.0,-0.13333333333333333,0.13333333333333333
69,15,54,0.0,-0.018518518518518517,0.6296296296296297
69,16,71,0.0,-0.09859154929577464,0.6901408450704225
69,17,60,0.0,-0.13333333333333333,0.25
69,18,66,0.5303030303030303,0.10606060606060602,0.4696969696969697
69,19,52,0.36538461538461536,0.36538461538461536,0.05769230769230771
69,20,92,0.13043478260869565,0.13043478260869565,0.20652173913043478
69,21,55,0.34545454545454546,0.34545454545454546,0.0727272727272727
69,22,57,0.43859649122807015,-0.43859649122807015,0.43859649122807015
69,23,46,0.4782608695652174,0.41304347826086957,0.26086956521739124
69,24,48,0.3125,0.3125,0.14583333333333331
69,25,81,0.5432098765432098,0.5432098765432098,0.13580246913580252
69,26,73,0.1643835616438356,0.1643835616438356,0.36986301369863017
70,0,51,0.0,-0.37254901960784315,0.47058823529411764
70,1,45,0.0,-0.8,0.8
70,2,51,0.0,0.0,0.0392156862745098
70,3,54,0.0,-0.07407407407407407,0.16666666666666666
70,4,49,0.0,0.0,0.46938775510204084
70,5,53,0.0,0.0,0.1320754716981132
70,6,52,0.0,0.0,0.21153846153846154
70,7,58,0.0,0.0,0.017241379310344827
70,8,62,0.0,0.0,0.16129032258064516
70,9,66,0.0,-0.5454545454545454,0.5454545454545454
70,10,71,0.0,-0.028169014084507043,0.04225352112676056
70,11,68,0.0,-0.014705882352941176,0.14705882352941177
70,12,54,0.0,-0.037037037037037035,0.18518518518518517
70,13,66,0.0,-0.015151515151515152,0.16666666666666666
70,14,60,0.0,-0.13333333333333333,0.13333333333333333
70,15,54,0.0,-0.018518518518518517,0.6296296296296297
70,16,71,0.0,-0.09859154929577464,0.6901408450704225
70,17,60,0.0,-0.13333333333333333,0.25
70,18,66,0.8484848484848485,0.42424242424242425,0.1515151515151515
70,19,52,0.3269230769230769,0.3269230769230769,0.09615384615384615
70,20,92,0.06521739130434782,0.06521739130434782,0.2717391304347826
70,21,55,0.34545454545454546,0.34545454545454546,0.0727272727272727
70,22,57,0.45614035087719296,-0.42105263157894735,0.42105263157894735
70,23,46,0.5,0.43478260869565216,0.23913043478260865
70,24,48,0.14583333333333334,0.14583333333333334,0.3125
70,25,81,0.5555555555555556,0.5555555555555556,0.12345679012345678
70,26,73,0.2876712328767123,0.2876712328767123,0.24657534246575347
71,0,51,0.0,-0.37254901960784315,0.47058823529411764
71,1,45,0.0,-0.8,0.8
71,2,51,0.0,0.0,0.0392156862745098
71,3,54,0.0,-0.07407407407407407,0.16666666666666666
71,4,49,0.0,0.0,0.46938775510204084
71,5,53,0.0,0.0,0.1320754716981132
71,6,52,0.0,0.0,0.21153846153846154
71,7,58,0.0,0.0,0.017241379310344827
71,8,62,0.0,0.0,0.16129032258064516
71,9,66,0.0,-0.5454545454545454,0.5454545454545454
71,10,71,0.0,-0.028169014084507043,0.04225352112676056
71,11,68,0.0,-0.014705882352941176,0.14705882352941177
71,12,54,0.0,-0.037037037037037035,0.18518518518518517
71,13,66,0.0,-0.015151515151515152,0.16666666666666666
71,14,60,0.0,-0.13333333333333333,0.13333333333333333
71,15,54,0.0,-0.018518518518518517,0.6296296296296297
71,16,71,0.0,-0.09859154929577464,0.6901408450704225
71,17,60,0.0,-0.13333333333333333,0.25
71,18,66,0.5151515151515151,0.09090909090909088,0.48484848484848486
71,19,52,0.34615384615384615,0.34615384615384615,0.07692307692307693
71,20,92,0.15217391304347827,0.15217391304347827,0.18478260869565216
71,21,55,0.32727272727272727,0.32727272727272727,0.09090909090909088
71,22,57,0.543859649122807,-0.33333333333333326,0.33333333333333326
71,23,46,0.4782608695652174,0.41304347826086957,0.26086956521739124
71,24,48,0.2708333333333333,0.2708333333333333,0.1875
71,25,81,0.5308641975308642,0.5308641975308642,0.14814814814814814
71,26,73,0.2328767123287671,0.2328767123287671,0.30136986301369867
72,0,51,0.0,-0.37254901960784315,0.47058823529411764
72,1,45,0.0,-0.8,0.8
72,2,51,0.0,0.0,0.0392156862745098
72,3,54,0.0,-0.07407407407407407,0.16666666666666666
72,4,49,0.0,0.0,0.46938775510204084
72,5,53,0.0,0.0,0.1320754716981132
72,6,52,0.0,0.0,0.21153846153846154
72,7,58,0.0,0.0,0.017241379310344827
72,8,62,0.0,0.0,0.16129032258064516
72,9,66,0.0,-0.5454545454545454,0.5454545454545454
72,10,71,0.0,-0.028169014084507043,0.04225352112676056
72,11,68,0.0,-0.014705882352941176,0.14705882352941177
72,12,54,0.0,-0.037037037037037035,0.18518518518518517
72,13,66,0.0,-0.015151515151515152,0.16666666666666666
72,14,60,0.0,-0.13333333333333333,0.13333333333333333
72,15,54,0.0,-0.018518518518518517,0.6296296296296297
72,16,71,0.0,-0.09859154929577464,0.6901408450704225
72,17,60,0.0,-0.13333333333333333,0.25
72,18,66,0.803030303030303,0.37878787878787873,0.19696969696969702
72,19,52,0.3269230769230769,0.3269230769230769,0.09615384615384615
72,20,92,0.06521739130434782,0.06521739130434782,0.2717391304347826
72,21,55,0.4,0.4,0.018181818181818132
72,22,57,0.40350877192982454,-0.47368421052631576,0.47368421052631576
72,23,46,0.5,0.43478260869565216,0.23913043478260865
72,24,48,0.25,0.25,0.20833333333333331
72,25,81,0.6172839506172839,0.6172839506172839,0.06172839506172845
72,26,73,0.2465753424657534,0.2465753424657534,0.28767123287671237
73,0,51,0.0,-0.37254901960784315,0.47058823529411764
73,1,45,0.0,-0.8,0.8
73,2,51,0.0,0.0,0.0392156862745098
73,3,54,0.0,-0.07407407407407407,0.16666666666666666
73,4,49,0.0,0.0,0.46938775510204084
73,5,53,0.0,0.0,0.1320754716981132
73,6,52,0.0,0.0,0.21153846153846154
73,7,58,0.0,0.0,0.017241379310344827
73,8,62,0.0,0.0,0.16129032258064516
73,9,66,0.0,-0.5454545454545454,0.5454545454545454
73,10,71,0.0,-0.028169014084507043,0.04225352112676056
73,11,68,0.0,-0.014705882352941176,0.14705882352941177
73,12,54,0.0,-0.037037037037037035,0.18518518518518517
73,13,66,0.0,-0.015151515151515152,0.16666666666666666
73,14,60,0.0,-0.13333333333333333,0.13333333333333333
73,15,54,0.0,-0.018518518518518517,0.6296296296296297
73,16,71,0.0,-0.09859154929577464,0.6901408450704225
73,17,60,0.0,-0.13333333333333333,0.25
73,18,66,0.5909090909090909,0.16666666666666669,0.40909090909090906
73,19,52,0.34615384615384615,0.34615384615384615,0.07692307692307693
73,20,92,0.14130434782608695,0.14130434782608695,0.1956521739130435
73,21,55,0.32727272727272727,0.32727272727272727,0.09090909090909088
73,22,57,0.5263157894736842,-0.3508771929824561,0.3508771929824561
73,23,46,0.5,0.43478260869565216,0.23913043478260865
73,24,48,0.2916666666666667,0.2916666666666667,0.16666666666666663
73,25,81,0.5925925925925926,0.5925925925925926,0.0864197530864198
73,26,73,0.2191780821917808,0.2191780821917808,0.31506849315068497
74,0,51,0.0,-0.37254901960784315,0.47058823529411764
74,1,45,0.0,-0.8,0.8
74,2,51,0.0,0.0,0.0392156862745098
74,3,54,0.0,-0.07407407407407407,0.16666666666666666
74,4,49,0.0,0.0,0.46938775510204084
74,5,53,0.0,0.0,0.1320754716981132
74,6,52,0.0,0.0,0.21153846153846154
74,7,58,0.0,0.0,0.017241379310344827
74,8,62,0.0,0.0,0.16129032258064516
74,9,66,0.0,-0.5454545454545454,0.5454545454545454
74,10,71,0.0,-0.028169014084507043,0.04225352112676056
74,11,68,0.0,-0.014705882352941176,0.14705882352941177
74,12,54,0.0,-0.037037037037037035,0.18518518518518517
74,13,66,0.0,-0.015151515151515152,0.16666666666666666
74,14,60,0.0,-0.13333333333333333,0.13333333333333333
74,15,54,0.0,-0.018518518518518517,0.6296296296296297
74,16,71,0.0,-0.09859154929577464,0.6901408450704225
74,17,60,0.0,-0.13333333333333333,0.25
74,18,66,0.6363636363636364,0.2121212121212121,0.36363636363636365
74,19,52,0.3076923076923077,0.3076923076923077,0.11538461538461536
74,20,92,0.13043478260869565,0.13043478260869565,0.20652173913043478
74,21,55,0.41818181818181815,0.41818181818181815,0.0
74,22,57,0.40350877192982454,-0.47368421052631576,0.47368421052631576
74,23,46,0.5217391304347826,0.45652173913043476,0.21739130434782605
74,24,48,0.25,0.25,0.20833333333333331
74,25,81,0.5308641975308642,0.5308641975308642,0.14814814814814814
74,26,73,0.3013698630136986,0.3013698630136986,0.23287671232876717
75,0,51,0.0,-0.37254901960784315,0.47058823529411764
75,1,45,0.0,-0.8,0.8
75,2,51,0.0,0.0,0.0392156862745098
75,3,54,0.0,-0.07407407407407407,0.16666666666666666
75,4,49,0.0,0.0,0.46938775510204084
75,5,53,0.0,0.0,0.1320754716981132
75,6,52,0.0,0.0,0.21153846153846154
75,7,58,0.0,0.0,0.017241379310344827
75,8,62,0.0,0.0,0.16129032258064516
75,9,66,0.0,-0.5454545454545454,0.5454545454545454
75,10,71,0.0,-0.028169014084507043,0.04225352112676056
75,11,68,0.0,-0.014705882352941176,0.14705882352941177
75,12,54,0.0,-0.037037037037037035,0.18518518518518517
75,13,66,0.0,-0.015151515151515152,0.16666666666666666
75,14,60,0.0,-0.13333333333333333,0.13333333333333333
75,15,54,0.0,-0.018518518518518517,0.6296296296296297
75,16,71,0.0,-0.09859154929577464,0.6901408450704225
75,17,60,0.0,-0.13333333333333333,0.25
75,18,66,0.6818181818181818,0.2575757575757575,0.31818181818181823
75,19,52,0.3269230769230769,0.3269230769230769,0.09615384615384615
75,20,92,0.09782608695652174,0.09782608695652174,0.2391304347826087
75,21,55,0.32727272727272727,0.32727272727272727,0.09090909090909088
75,22,57,0.5614035087719298,-0.3157894736842105,0.3157894736842105
75,23,46,0.43478260869565216,0.3695652173913043,0.3043478260869565
75,24,48,0.25,0.25,0.20833333333333331
75,25,81,0.5679012345679012,0.5679012345679012,0.11111111111111116
75,26,73,0.2465753424657534,0.2465753424657534,0.28767123287671237
76,0,51,0.0,-0.37254901960784315,0.47058823529411764
76,1,45,0.0,-0.8,0.8
76,2,51,0.0,0.0,0.0392156862745098
76,3,54,0.0,-0.07407407407407407,0.16666666666666666
76,4,49,0.0,0.0,0.46938775510204084
76,5,53,0.0,0.0,0.1320754716981132
76,6,52,0.0,0.0,0.21153846153846154
76,7,58,0.0,0.0,0.017241379310344827
76,8,62,0.0,0.0,0.16129032258064516
76,9,66,0.0,-0.5454545454545454,0.5454545454545454
76,10,71,0.0,-0.028169014084507043,0.04225352112676056
76,11,68,0.0,-0.014705882352941176,0.14705882352941177
76,12,54,0.0,-0.037037037037037035,0.18518518518518517
76,13,66,0.0,-0.015151515151515152,0.16666666666666666
76,14,60,0.0,-0.13333333333333333,0.13333333333333333
76,15,54,0.0,-0.018518518518518517,0.6296296296296297
76,16,71,0.0,-0.09859154929577464,0.6901408450704225
76,17,60,0.0,-0.13333333333333333,0.25
76,18,66,0.6212121212121212,0.19696969696969696,0.3787878787878788
76,19,52,0.3076923076923077,0.3076923076923077,0.11538461538461536
76,20,92,0.11956521739130435,0.11956521739130435,0.21739130434782608
76,21,55,0.45454545454545453,0.45454545454545453,0.0
76,22,57,0.38596491228070173,-0.49122807017543857,0.49122807017543857
76,23,46,0.5217391304347826,0.45652173913043476,0.21739130434782605
76,24,48,0.2708333333333333,0.2708333333333333,0.1875
76,25,81,0.5308641975308642,0.5308641975308642,0.14814814814814814
76,26,73,0.2465753424657534,0.2465753424657534,0.28767123287671237
77,0,51,0.0,-0.37254901960784315,0.47058823529411764
77,1,45,0.0,-0.8,0.8
77,2,51,0.0,0.0,0.0392156862745098
77,3,54,0.0,-0.07407407407407407,0.16666666666666666
77,4,49,0.0,0.0,0.46938775510204084
77,5,53,0.0,0.0,0.1320754716981132
77,6,52,0.0,0.0,0.21153846153846154
77,7,58,0.0,0.0,0.017241379310344827
77,8,62,0.0,0.0,0.16129032258064516
77,9,66,0.0,-0.5454545454545454,0.5454545454545454
77,10,71,0.0,-0.028169014084507043,0.04225352112676056
77,11,68,0.0,-0.014705882352941176,0.14705882352941177
77,12,54,0.0,-0.037037037037037035,0.18518518518518517
77,13,66,0.0,-0.015151515151515152,0.16666666666666666
77,14,60,0.0,-0.13333333333333333,0.13333333333333333
77,15,54,0.0,-0.018518518518518517,0.6296296296296297
77,16,71,0.0,-0.09859154929577464,0.6901408450704225
77,17,60,0.0,-0.13333333333333333,0.25
77,18,66,0.7727272727272727,0.34848484848484845,0.2272727272727273
77,19,52,0.3269230769230769,0.3269230769230769,0.09615384615384615
77,20,92,0.09782608695652174,0.09782608695652174,0.2391304347826087
77,21,55,0.3090909090909091,0.3090909090909091,0.14545454545454545
77,22,57,0.5789473684210527,-0.29824561403508765,0.29824561403508765
77,23,46,0.41304347826086957,0.34782608695652173,0.3260869565217391
77,24,48,0.25,0.25,0.20833333333333331
77,25,81,0.5802469135802469,0.5802469135802469,0.09876543209876543
77,26,73,0.2602739726027397,0.2602739726027397,0.27397260273972607
78,0,51,0.0,-0.37254901960784315,0.47058823529411764
78,1,45,0.0,-0.8,0.8
78,2,51,0.0,0.0,0.0392156862745098
78,3,54,0.0,-0.07407407407407407,0.16666666666666666
78,4,49,0.0,0.0,0.46938775510204084
78,5,53,0.0,0.0,0.1320754716981132
78,6,52,0.0,0.0,0.21153846153846154
78,7,58,0.0,0.0,0.017241379310344827
78,8,62,0.0,0.0,0.16129032258064516
78,9,66,0.0,-0.5454545454545454,0.5454545454545454
78,10,71,0.0,-0.028169014084507043,0.04225352112676056
78,11,68,0.0,-0.014705882352941176,0.14705882352941177
78,12,54,0.0,-0.037037037037037035,0.18518518518518517
78,13,66,0.0,-0.015151515151515152,0.16666666666666666
78,14,60,0.0,-0.13333333333333333,0.13333333333333333
78,15,54,0.0,-0.018518518518518517,0.6296296296296297
78,16,71,0.0,-0.09859154929577464,0.6901408450704225
78,17,60,0.0,-0.13333333333333333,0.25
78,18,66,0.48484848484848486,0.06060606060606061,0.5151515151515151
78,19,52,0.3269230769230769,0.3269230769230769,0.09615384615384615
78,20,92,0.13043478260869565,0.13043478260869565,0.20652173913043478
78,21,55,0.45454545454545453,0.45454545454545453,0.0
78,22,57,0.42105263157894735,-0.45614035087719296,0.45614035087719296
78,23,46,0.5217391304347826,0.45652173913043476,0.21739130434782605
78,24,48,0.2708333333333333,0.2708333333333333,0.1875
78,25,81,0.5308641975308642,0.5308641975308642,0.14814814814814814
78,26,73,0.2602739726027397,0.2602739726027397,0.27397260273972607
79,0,51,0.0,-0.37254901960784315,0.47058823529411764
79,1,45,0.0,-0.8,0.8
79,2,51,0.0,0.0,0.0392156862745098
79,3,54,0.0,-0.07407407407407407,0.16666666666666666
79,4,49,0.0,0.0,0.46938775510204084
79,5,53,0.0,0.0,0.1320754716981132
79,6,52,0.0,0.0,0.21153846153846154
79,7,58,0.0,0.0,0.017241379310344827
79,8,62,0.0,0.0,0.16129032258064516
79,9,66,0.0,-0.5454545454545454,0.5454545454545454
79,10,71,0.0,-0.028169014084507043,0.04225352112676056
79,11,68,0.0,-0.014705882352941176,0.14705882352941177
79,12,54,0.0,-0.037037037037037035,0.18518518518518517
79,13,66,0.0,-0.015151515151515152,0.16666666666666666
79,14,60,0.0,-0.13333333333333333,0.13333333333333333
79,15,54,0.0,-0.018518518518518517,0.6296296296296297
79,16,71,0.0,-0.09859154929577464,0.6901408450704225
79,17,60,0.0,-0.13333333333333333,0.25
79,18,66,0.6666666666666666,0.24242424242424238,0.33333333333333337
79,19,52,0.3076923076923077,0.3076923076923077,0.11538461538461536
79,20,92,0.16304347826086957,0.16304347826086957,0.17391304347826086
79,21,55,0.43636363636363634,0.43636363636363634,0.018181818181818188
79,22,57,0.49122807017543857,-0.38596491228070173,0.38596491228070173
79,23,46,0.5,0.43478260869565216,0.23913043478260865
79,24,48,0.20833333333333334,0.20833333333333334,0.24999999999999997
79,25,81,0.4567901234567901,0.4567901234567901,0.22222222222222227
79,26,73,0.3287671232876712,0.3287671232876712,0.20547945205479456
80,0,51,0.0,-0.37254901960784315,0.47058823529411764
80,1,45,0.0,-0.8,0.8
80,2,51,0.0,0.0,0.0392156862745098
80,3,54,0.0,-0.07407407407407407,0.16666666666666666
80,4,49,0.0,0.0,0.46938775510204084
80,5,53,0.0,0.0,0.1320754716981132
80,6,52,0.0,0.0,0.21153846153846154
80,7,58,0.0,0.0,0.017241379310344827
80,8,62,0.0,0.0,0.16129032258064516
80,9,66,0.0,-0.5454545454545454,0.5454545454545454
80,10,71,0.0,-0.028169014084507043,0.04225352112676056
80,11,68,0.0,-0.014705882352941176,0.14705882352941177
80,12,54,0.0,-0.037037037037037035,0.18518518518518517
80,13,66,0.0,-0.015151515151515152,0.16666666666666666
80,14,60,0.0,-0.13333333333333333,0.13333333333333333
80,15,54,0.0,-0.018518518518518517,0.6296296296296297
80,16,71,0.0,-0.09859154929577464,0.6901408450704225
80,17,60,0.0,-0.13333333333333333,0.25
80,18,66,0.6212121212121212,0.19696969696969696,0.3787878787878788
80,19,52,0.3076923076923077,0.3076923076923077,0.11538461538461536
80,20,92,0.13043478260869565,0.13043478260869565,0.20652173913043478
80,21,55,0.41818181818181815,0.41818181818181815,0.036363636363636376
80,22,57,0.42105263157894735,-0.45614035087719296,0.45614035087719296
80,23,46,0.4782608695652174,0.41304347826086957,0.26086956521739124
80,24,48,0.2708333333333333,0.2708333333333333,0.1875
80,25,81,0.5308641975308642,0.5308641975308642,0.14814814814814814
80,26,73,0.2602739726027397,0.2602739726027397,0.27397260273972607
81,0,51,0.0,-0.37254901960784315,0.47058823529411764
81,1,45,0.0,-0.8,0.8
81,2,51,0.0,0.0,0.0392156862745098
81,3,54,0.0,-0.07407407407407407,0.16666666666666666
81,4,49,0.0,0.0,0.46938775510204084
81,5,53,0.0,0.0,0.1320754716981132
81,6,52,0.0,0.0,0.21153846153846154
81,7,58,0.0,0.0,0.017241379310344827
81,8,62,0.0,0.0,0.16129032258064516
81,9,66,0.0,-0.5454545454545454,0.5454545454545454
81,10,71,0.0,-0.028169014084507043,0.04225352112676056
81,11,68,0.0,-0.014705882352941176,0.14705882352941177
81,12,54,0.0,-0.037037037037037035,0.18518518518518517
81,13,66,0.0,-0.015151515151515152,0.16666666666666666
81,14,60,0.0,-0.13333333333333333,0.13333333333333333
81,15,54,0.0,-0.018518518518518517,0.6296296296296297
81,16,71,0.0,-0.09859154929577464,0.6901408450704225
81,17,60,0.0,-0.13333333333333333,0.25
81,18,66,0.6666666666666666,0.24242424242424238,0.33333333333333337
81,19,52,0.3076923076923077,0.3076923076923077,0.11538461538461536
81,20,92,0.13043478260869565,0.13043478260869565,0.20652173913043478
81,21,55,0.41818181818181815,0.41818181818181815,0.036363636363636376
81,22,57,0.5263157894736842,-0.3508771929824561,0.3508771929824561
81,23,46,0.41304347826086957,0.34782608695652173,0.3260869565217391
81,24,48,0.1875,0.1875,0.2708333333333333
81,25,81,0.5185185185185185,0.5185185185185185,0.16049382716049387
81,26,73,0.273972602739726,0.273972602739726,0.26027397260273977
82,0,51,0.0,-0.37254901960784315,0.47058823529411764
82,1,45,0.0,-0.8,0.8
82,2,51,0.0,0.0,0.0392156862745098
82,3,54,0.0,-0.07407407407407407,0.16666666666666666
82,4,49,0.0,0.0,0.46938775510204084
82,5,53,0.0,0.0,0.1320754716981132
82,6,52,0.0,0.0,0.21153846153846154
82,7,58,0.0,0.0,0.017241379310344827
82,8,62,0.0,0.0,0.16129032258064516
82,9,66,0.0,-0.5454545454545454,0.5454545454545454
82,10,71,0.0,-0.028169014084507043,0.04225352112676056
82,11,68,0.0,-0.014705882352941176,0.14705882352941177
82,12,54,0.0,-0.037037037037037035,0.18518518518518517
82,13,66,0.0,-0.015151515151515152,0.16666666666666666
82,14,60,0.0,-0.13333333333333333,0.13333333333333333
82,15,54,0.0,-0.018518518518518517,0.6296296296296297
82,16,71,0.0,-0.09859154929577464,0.6901408450704225
82,17,60,0.0,-0.13333333333333333,0.25
82,18,66,0.5757575757575758,0.15151515151515155,0.4242424242424242
82,19,52,0.34615384615384615,0.34615384615384615,0.07692307692307693
82,20,92,0.14130434782608695,0.14130434782608695,0.1956521739130435
82,21,55,0.45454545454545453,0.45454545454545453,0.0
82,22,57,0.45614035087719296,-0.42105263157894735,0.42105263157894735
82,23,46,0.6304347826086957,0.5652173913043479,0.10869565217391297
82,24,48,0.2708333333333333,0.2708333333333333,0.1875
82,25,81,0.5061728395061729,0.5061728395061729,0.1728395061728395
82,26,73,0.3013698630136986,0.3013698630136986,0.23287671232876717
83,0,51,0.0,-0.37254901960784315,0.47058823529411764
83,1,45,0.0,-0.8,0.8
83,2,51,0.0,0.0,0.0392156862745098
83,3,54,0.0,-0.07407407407407407,0.16666666666666666
83,4,49,0.0,0.0,0.46938775510204084
83,5,53,0.0,0.0,0.1320754716981132
83,6,52,0.0,0.0,0.21153846153846154
83,7,58,0.0,0.0,0.017241379310344827
83,8,62,0.0,0.0,0.16129032258064516
83,9,66,0.0,-0.5454545454545454,0.5454545454545454
83,10,71,0.0,-0.028169014084507043,0.04225352112676056
83,11,68,0.0,-0.014705882352941176,0.14705882352941177
83,12,54,0.0,-0.037037037037037035,0.18518518518518517
83,13,66,0.0,-0.015151515151515152,0.16666666666666666
83,14,60,0.0,-0.13333333333333333,0.13333333333333333
83,15,54,0.0,-0.018518518518518517,0.6296296296296297
83,16,71,0.0,-0.09859154929577464,0.6901408450704225
83,17,60,0.0,-0.13333333333333333,0.25
83,18,66,0.6818181818181818,0.2575757575757575,0.31818181818181823
83,19,52,0.3076923076923077,0.3076923076923077,0.11538461538461536
83,20,92,0.14130434782608695,0.14130434782608695,0.1956521739130435
83,21,55,0.43636363636363634,0.43636363636363634,0.018181818181818188
83,22,57,0.49122807017543857,-0.38596491228070173,0.38596491228070173
83,23,46,0.43478260869565216,0.3695652173913043,0.3043478260869565
83,24,48,0.1875,0.1875,0.2708333333333333
83,25,81,0.48148148148148145,0.48148148148148145,0.1975308641975309
83,26,73,0.3561643835616438,0.3561643835616438,0.17808219178082196
84,0,51,0.0,-0.37254901960784315,0.47058823529411764
84,1,45,0.0,-0.8,0.8
84,2,51,0.0,0.0,0.0392156862745098
84,3,54,0.0,-0.07407407407407407,0.16666666666666666
84,4,49,0.0,0.0,0.46938775510204084
84,5,53,0.0,0.0,0.1320754716981132
84,6,52,0.0,0.0,0.21153846153846154
84,7,58,0.0,0.0,0.017241379310344827
84,8,62,0.0,0.0,0.16129032258064516
84,9,66,0.0,-0.5454545454545454,0.5454545454545454
84,10,71,0.0,-0.028169014084507043,0.04225352112676056
84,11,68,0.0,-0.014705882352941176,0.14705882352941177
84,12,54,0.0,-0.037037037037037035,0.18518518518518517
84,13,66,0.0,-0.015151515151515152,0.16666666666666666
84,14,60,0.0,-0.13333333333333333,0.13333333333333333
84,15,54,0.0,-0.018518518518518517,0.6296296296296297
84,16,71,0.0,-0.09859154929577464,0.6901408450704225
84,17,60,0.0,-0.13333333333333333,0.25
84,18,66,0.5909090909090909,0.16666666666666669,0.40909090909090906
84,19,52,0.3269230769230769,0.3269230769230769,0.09615384615384615
84,20,92,0.13043478260869565,0.13043478260869565,0.20652173913043478
84,21,55,0.38181818181818183,0.38181818181818183,0.0727272727272727
84,22,57,0.49122807017543857,-0.38596491228070173,0.38596491228070173
84,23,46,0.6086956521739131,0.5434782608695653,0.13043478260869557
84,24,48,0.2708333333333333,0.2708333333333333,0.1875
84,25,81,0.5555555555555556,0.5555555555555556,0.12345679012345678
84,26,73,0.2876712328767123,0.2876712328767123,0.24657534246575347
85,0,51,0.0,-0.37254901960784315,0.47058823529411764
85,1,45,0.0,-0.8,0.8
85,2,51,0.0,0.0,0.0392156862745098
85,3,54,0.0,-0.07407407407407407,0.16666666666666666
85,4,49,0.0,0.0,0.46938775510204084
85,5,53,0.0,0.0,0.1320754716981132
85,6,52,0.0,0.0,0.21153846153846154
85,7,58,0.0,0.0,0.017241379310344827
85,8,62,0.0,0.0,0.16129032258064516
85,9,66,0.0,-0.5454545454545454,0.5454545454545454
85,10,71,0.0,-0.028169014084507043,0.04225352112676056
85,11,68,0.0,-0.014705882352941176,0.14705882352941177
85,12,54,0.0,-0.037037037037037035,0.18518518518518517
85,13,66,0.0,-0.015151515151515152,0.16666666666666666
85,14,60,0.0,-0.13333333333333333,0.13333333333333333
85,15,54,0.0,-0.018518518518518517,0.6296296296296297
85,16,71,0.0,-0.09859154929577464,0.6901408450704225
85,17,60,0.0,-0.13333333333333333,0.25
85,18,66,0.6666666666666666,0.24242424242424238,0.33333333333333337
85,19,52,0.3076923076923077,0.3076923076923077,0.11538461538461536
85,20,92,0.15217391304347827,0.15217391304347827,0.18478260869565216
85,21,55,0.36363636363636365,0.36363636363636365,0.09090909090909088
85,22,57,0.5614035087719298,-0.3157894736842105,0.3157894736842105
85,23,46,0.5217391304347826,0.45652173913043476,0.21739130434782605
85,24,48,0.1875,0.1875,0.2708333333333333
85,25,81,0.48148148148148145,0.48148148148148145,0.1975308641975309
85,26,73,0.3287671232876712,0.3287671232876712,0.20547945205479456
86,0,51,0.0,-0.37254901960784315,0.47058823529411764
86,1,45,0.0,-0.8,0.8
86,2,51,0.0,0.0,0.0392156862745098
86,3,54,0.0,-0.07407407407407407,0.16666666666666666
86,4,49,0.0,0.0,0.46938775510204084
86,5,53,0.0,0.0,0.1320754716981132
86,6,52,0.0,0.0,0.21153846153846154
86,7,58,0.0,0.0,0.017241379310344827
86,8,62,0.0,0.0,0.16129032258064516
86,9,66,0.0,-0.5454545454545454,0.5454545454545454
86,10,71,0.0,-0.028169014084507043,0.04225352112676056
86,11,68,0.0,-0.014705882352941176,0.14705882352941177
86,12,54,0.0,-0.037037037037037035,0.18518518518518517
86,13,66,0.0,-0.015151515151515152,0.16666666666666666
86,14,60,0.0,-0.13333333333333333,0.13333333333333333
86,15,54,0.0,-0.018518518518518517,0.6296296296296297
86,16,71,0.0,-0.09859154929577464,0.6901408450704225
86,17,60,0.0,-0.13333333333333333,0.25
86,18,66,0.5757575757575758,0.15151515151515155,0.4242424242424242
86,19,52,0.3269230769230769,0.3269230769230769,0.09615384615384615
86,20,92,0.15217391304347827,0.15217391304347827,0.18478260869565216
86,21,55,0.41818181818181815,0.41818181818181815,0.036363636363636376
86,22,57,0.5614035087719298,-0.3157894736842105,0.3157894736842105
86,23,46,0.6086956521739131,0.5434782608695653,0.13043478260869557
86,24,48,0.3125,0.3125,0.14583333333333331
86,25,81,0.5308641975308642,0.5308641975308642,0.14814814814814814
86,26,73,0.2876712328767123,0.2876712328767123,0.24657534246575347
87,0,51,0.0,-0.37254901960784315,0.47058823529411764
87,1,45,0.0,-0.8,0.8
87,2,51,0.0,0.0,0.0392156862745098
87,3,54,0.0,-0.07407407407407407,0.16666666666666666
87,4,49,0.0,0.0,0.46938775510204084
87,5,53,0.0,0.0,0.1320754716981132
87,6,52,0.0,0.0,0.21153846153846154
87,7,58,0.0,0.0,0.017241379310344827
87,8,62,0.0,0.0,0.16129032258064516
87,9,66,0.0,-0.5454545454545454,0.5454545454545454
87,10,71,0.0,-0.028169014084507043,0.04225352112676056
87,11,68,0.0,-0.014705882352941176,0.14705882352941177
87,12,54,0.0,-0.037037037037037035,0.18518518518518517
87,13,66,0.0,-0.015151515151515152,0.16666666666666666
87,14,60,0.0,-0.13333333333333333,0.13333333333333333
87,15,54,0.0,-0.018518518518518517,0.6296296296296297
87,16,71,0.0,-0.09859154929577464,0.6901408450704225
87,17,60,0.0,-0.13333333333333333,0.25
87,18,66,0.7121212121212122,0.2878787878787879,0.28787878787878785
87,19,52,0.3269230769230769,0.3269230769230769,0.09615384615384615
87,20,92,0.11956521739130435,0.11956521739130435,0.21739130434782608
87,21,55,0.4,0.4,0.05454545454545451
87,22,57,0.5087719298245614,-0.36842105263157887,0.36842105263157887
87,23,46,0.4782608695652174,0.41304347826086957,0.26086956521739124
87,24,48,0.125,0.125,0.3333333333333333
87,25,81,0.5308641975308642,0.5308641975308642,0.14814814814814814
87,26,73,0.3561643835616438,0.3561643835616438,0.17808219178082196
88,0,51,0.0,-0.37254901960784315,0.47058823529411764
88,1,45,0.0,-0.8,0.8
88,2,51,0.0,0.0,0.0392156862745098
88,3,54,0.0,-0.07407407407407407,0.16666666666666666
88,4,49,0.0,0.0,0.46938775510204084
88,5,53,0.0,0.0,0.1320754716981132
88,6,52,0.0,0.0,0.21153846153846154
88,7,58,0.0,0.0,0.017241379310344827
88,8,62,0.0,0.0,0.16129032258064516
88,9,66,0.0,-0.5454545454545454,0.5454545454545454
88,10,71,0.0,-0.028169014084507043,0.04225352112676056
88,11,68,0.0,-0.014705882352941176,0.14705882352941177
88,12,54,0.0,-0.037037037037037035,0.18518518518518517
88,13,66,0.0,-0.015151515151515152,0.16666666666666666
88,14,60,0.0,-0.13333333333333333,0.13333333333333333
88,15,54,0.0,-0.018518518518518517,0.6296296296296297
88,16,71,0.0,-0.09859154929577464,0.6901408450704225
88,17,60,0.0,-0.13333333333333333,0.25
88,18,66,0.6363636363636364,0.2121212121212121,0.36363636363636365
88,19,52,0.3269230769230769,0.3269230769230769,0.09615384615384615
88,20,92,0.14130434782608695,0.14130434782608695,0.1956521739130435
88,21,55,0.4,0.4,0.05454545454545451
88,22,57,0.5789473684210527,-0.29824561403508765,0.29824561403508765
88,23,46,0.5652173913043478,0.49999999999999994,0.17391304347826086
88,24,48,0.2708333333333333,0.2708333333333333,0.1875
88,25,81,0.5555555555555556,0.5555555555555556,0.12345679012345678
88,26,73,0.273972602739726,0.273972602739726,0.26027397260273977
89,0,51,0.0,-0.37254901960784315,0.47058823529411764
89,1,45,0.0,-0.8,0.8
89,2,51,0.0,0.0,0.0392156862745098
89,3,54,0.0,-0.07407407407407407,0.16666666666666666
89,4,49,0.0,0.0,0.46938775510204084
89,5,53,0.0,0.0,0.1320754716981132
89,6,52,0.0,0.0,0.21153846153846154
89,7,58,0.0,0.0,0.017241379310344827
89,8,62,0.0,0.0,0.16129032258064516
89,9,66,0.0,-0.5454545454545454,0.5454545454545454
89,10,71,0.0,-0.028169014084507043,0.04225352112676056
89,11,68,0.0,-0.014705882352941176,0.14705882352941177
89,12,54,0.0,-0.037037037037037035,0.18518518518518517
89,13,66,0.0,-0.015151515151515152,0.16666666666666666
89,14,60,0.0,-0.13333333333333333,0.13333333333333333
89,15,54,0.0,-0.018518518518518517,0.6296296296296297
89,16,71,0.0,-0.09859154929577464,0.6901408450704225
89,17,60,0.0,-0.13333333333333333,0.25
89,18,66,0.6666666666666666,0.24242424242424238,0.33333333333333337
89,19,52,0.34615384615384615,0.34615384615384615,0.07692307692307693
89,20,92,0.17391304347826086,0.17391304347826086,0.16304347826086957
89,21,55,0.38181818181818183,0.38181818181818183,0.0727272727272727
89,22,57,0.5087719298245614,-0.36842105263157887,0.36842105263157887
89,23,46,0.6739130434782609,0.6086956521739131,0.06521739130434778
89,24,48,0.125,0.125,0.3333333333333333
89,25,81,0.4567901234567901,0.4567901234567901,0.22222222222222227
89,26,73,0.3287671232876712,0.3287671232876712,0.20547945205479456
90,0,51,0.0,-0.37254901960784315,0.47058823529411764
90,1,45,0.0,-0.8,0.8
90,2,51,0.0,0.0,0.0392156862745098
90,3,54,0.0,-0.07407407407407407,0.16666666666666666
90,4,49,0.0,0.0,0.46938775510204084
90,5,53,0.0,0.0,0.1320754716981132
90,6,52,0.0,0.0,0.21153846153846154
90,7,58,0.0,0.0,0.017241379310344827
90,8,62,0.0,0.0,0.16129032258064516
90,9,66,0.0,-0.5454545454545454,0.5454545454545454
90,10,71,0.0,-0.028169014084507043,0.04225352112676056
90,11,68,0.0,-0.014705882352941176,0.14705882352941177
90,12,54,0.0,-0.037037037037037035,0.18518518518518517
90,13,66,0.0,-0.015151515151515152,0.16666666666666666
90,14,60,0.0,-0.13333333333333333,0.13333333333333333
90,15,54,0.0,-0.018518518518518517,0.6296296296296297
90,16,71,0.0,-0.09859154929577464,0.6901408450704225
90,17,60,0.0,-0.13333333333333333,0.25
90,18,66,0.6515151515151515,0.22727272727272724,0.3484848484848485
90,19,52,0.3269230769230769,0.3269230769230769,0.09615384615384615
90,20,92,0.10869565217391304,0.10869565217391304,0.2282608695652174
90,21,55,0.38181818181818183,0.38181818181818183,0.0727272727272727
90,22,57,0.543859649122807,-0.33333333333333326,0.33333333333333326
90,23,46,0.6304347826086957,0.5652173913043479,0.10869565217391297
90,24,48,0.3125,0.3125,0.14583333333333331
90,25,81,0.6172839506172839,0.6172839506172839,0.06172839506172845
90,26,73,0.2876712328767123,0.2876712328767123,0.24657534246575347
