round,class_id,n,acc,bwt,forgetting
1,0,51,0.8431372549019608,,
1,1,45,0.4222222222222222,,
1,2,51,0.0,,
1,3,54,0.0,,
1,4,49,0.0,,
1,5,53,0.0,,
1,6,52,0.0,,
1,7,58,0.0,,
1,8,62,0.0,,
2,0,51,0.0,-0.8431372549019608,0.8431372549019608
2,1,45,1.0,0.5777777777777777,0.0
2,2,51,0.0,0.0,0.0
2,3,54,0.0,0.0,0.0
2,4,49,0.0,0.0,0.0
2,5,53,0.0,0.0,0.0
2,6,52,0.0,0.0,0.0
2,7,58,0.0,0.0,0.0
2,8,62,0.0,0.0,0.0
3,0,51,0.9803921568627451,0.13725490196078427,0.0
3,1,45,0.0,-0.4222222222222222,1.0
3,2,51,0.0,0.0,0.0
3,3,54,0.0,0.0,0.0
3,4,49,0.02040816326530612,0.02040816326530612,0.0
3,5,53,0.0,0.0,0.0
3,6,52,0.0,0.0,0.0
3,7,58,0.0,0.0,0.0
3,8,62,0.0,0.0,0.0
4,0,51,0.27450980392156865,-0.5686274509803921,0.7058823529411764
4,1,45,0.7333333333333333,0.31111111111111106,0.2666666666666667
4,2,51,0.0,0.0,0.0
4,3,54,0.0,0.0,0.0
4,4,49,0.12244897959183673,0.12244897959183673,0.0
4,5,53,0.0,0.0,0.0
4,6,52,0.0,0.0,0.0
4,7,58,0.0,0.0,0.0
4,8,62,0.0,0.0,0.0
5,0,51,0.6470588235294118,-0.196078431372549,0.33333333333333326
5,1,45,0.0,-0.4222222222222222,1.0
5,2,51,0.1568627450980392,0.1568627450980392,0.0
5,3,54,0.037037037037037035,0.037037037037037035,0.0
5,4,49,0.6326530612244898,0.6326530612244898,0.0
5,5,53,0.0,0.0,0.0
5,6,52,0.019230769230769232,0.019230769230769232,0.0
5,7,58,0.0,0.0,0.0
5,8,62,0.43548387096774194,0.43548387096774194,0.0
6,0,51,0.43137254901960786,-0.4117647058823529,0.5490196078431372
6,1,45,0.6444444444444445,0.22222222222222227,0.3555555555555555
6,2,51,0.0,0.0,0.1568627450980392
6,3,54,0.0,0.0,0.037037037037037035
6,4,49,0.4897959183673469,0.4897959183673469,0.1428571428571429
6,5,53,0.0,0.0,0.0
6,6,52,0.0,0.0,0.019230769230769232
6,7,58,0.0,0.0,0.0
6,8,62,0.08064516129032258,0.08064516129032258,0.3548387096774194
7,0,51,0.5294117647058824,-0.3137254901960784,0.4509803921568627
7,1,45,0.4444444444444444,0.0222222222222222,0.5555555555555556
7,2,51,0.37254901960784315,0.37254901960784315,0.0
7,3,54,0.05555555555555555,0.05555555555555555,0.0
7,4,49,0.5102040816326531,0.5102040816326531,0.12244897959183676
7,5,53,0.0,0.0,0.0
7,6,52,0.019230769230769232,0.019230769230769232,0.0
7,7,58,0.034482758620689655,0.034482758620689655,0.0
7,8,62,0.4838709677419355,0.4838709677419355,0.0
8,0,51,0.3137254901960784,-0.5294117647058824,0.6666666666666666
8,1,45,0.5111111111111111,0.08888888888888885,0.48888888888888893
8,2,51,0.0,0.0,0.37254901960784315
8,3,54,0.018518518518518517,0.018518518518518517,0.037037037037037035
8,4,49,0.673469387755102,0.673469387755102,0.0
8,5,53,0.0,0.0,0.0
8,6,52,0.0,0.0,0.019230769230769232
8,7,58,0.0,0.0,0.034482758620689655
8,8,62,0.5483870967741935,0.5483870967741935,0.0
9,0,51,0.49019607843137253,-0.35294117647058826,0.49019607843137253
9,1,45,0.4222222222222222,0.0,0.5777777777777777
9,2,51,0.21568627450980393,0.21568627450980393,0.1568627450980392
9,3,54,0.16666666666666666,0.16666666666666666,0.0
9,4,49,0.5102040816326531,0.5102040816326531,0.16326530612244894
9,5,53,0.05660377358490566,0.05660377358490566,0.0
9,6,52,0.019230769230769232,0.019230769230769232,0.0
9,7,58,0.0,0.0,0.034482758620689655
9,8,62,0.5645161290322581,0.5645161290322581,0.0
10,0,51,0.5490196078431373,-0.2941176470588235,0.43137254901960775
10,1,45,0.4222222222222222,0.0,0.5777777777777777
10,2,51,0.1568627450980392,0.1568627450980392,0.21568627450980393
10,3,54,0.1111111111111111,0.1111111111111111,0.05555555555555555
10,4,49,0.6122448979591837,0.6122448979591837,0.061224489795918324
10,5,53,0.03773584905660377,0.03773584905660377,0.01886792452830189
10,6,52,0.019230769230769232,0.019230769230769232,0.0
10,7,58,0.0,0.0,0.034482758620689655
10,8,62,0.5161290322580645,0.5161290322580645,0.048387096774193616
11,0,51,0.0,-0.8431372549019608,0.9803921568627451
11,1,45,0.0,-0.4222222222222222,1.0
11,2,51,0.0,0.0,0.37254901960784315
11,3,54,0.0,0.0,0.16666666666666666
11,4,49,0.0,0.0,0.673469387755102
11,5,53,0.0,0.0,0.05660377358490566
11,6,52,0.0,0.0,0.019230769230769232
11,7,58,0.0,0.0,0.034482758620689655
11,8,62,0.0,0.0,0.5645161290322581
11,9,66,0.12121212121212122,,
11,10,71,0.028169014084507043,,
11,11,68,0.014705882352941176,,
11,12,54,0.0,,
11,13,66,0.0,,
11,14,60,0.0,,
11,15,54,0.7592592592592593,,
11,16,71,0.5070422535211268,,
11,17,60,0.0,,
12,0,51,0.0,-0.8431372549019608,0.9803921568627451
12,1,45,0.0,-0.4222222222222222,1.0
12,2,51,0.0,0.0,0.37254901960784315
12,3,54,0.0,0.0,0.16666666666666666
12,4,49,0.0,0.0,0.673469387755102
12,5,53,0.0,0.0,0.05660377358490566
12,6,52,0.0,0.0,0.019230769230769232
12,7,58,0.0,0.0,0.034482758620689655
12,8,62,0.0,0.0,0.5645161290322581
12,9,66,0.9242424242424242,0.803030303030303,0.0
12,10,71,0.04225352112676056,0.01408450704225352,0.0
12,11,68,0.0,-0.014705882352941176,0.014705882352941176
12,12,54,0.0,0.0,0.0
12,13,66,0.0,0.0,0.0
12,14,60,0.0,0.0,0.0
12,15,54,0.037037037037037035,-0.7222222222222223,0.7222222222222223
12,16,71,0.15492957746478872,-0.352112676056338,0.352112676056338
12,17,60,0.1,0.1,0.0
13,0,51,0.0,-0.8431372549019608,0.9803921568627451
13,1,45,0.0,-0.4222222222222222,1.0
13,2,51,0.0,0.0,0.37254901960784315
13,3,54,0.0,0.0,0.16666666666666666
13,4,49,0.0,0.0,0.673469387755102
13,5,53,0.0,0.0,0.05660377358490566
13,6,52,0.0,0.0,0.019230769230769232
13,7,58,0.0,0.0,0.034482758620689655
13,8,62,0.0,0.0,0.5645161290322581
13,9,66,0.030303030303030304,-0.09090909090909091,0.8939393939393939
13,10,71,0.11267605633802817,0.08450704225352113,0.0
13,11,68,0.04411764705882353,0.029411764705882356,0.0
13,12,54,0.1111111111111111,0.1111111111111111,0.0
13,13,66,0.030303030303030304,0.030303030303030304,0.0
13,14,60,0.13333333333333333,0.13333333333333333,0.0
13,15,54,0.46296296296296297,-0.29629629629629634,0.29629629629629634
13,16,71,0.4788732394366197,-0.02816901408450706,0.02816901408450706
13,17,60,0.3,0.3,0.0
14,0,51,0.0,-0.8431372549019608,0.9803921568627451
14,1,45,0.0,-0.4222222222222222,1.0
14,2,51,0.0,0.0,0.37254901960784315
14,3,54,0.0,0.0,0.16666666666666666
14,4,49,0.0,0.0,0.673469387755102
14,5,53,0.0,0.0,0.05660377358490566
14,6,52,0.0,0.0,0.019230769230769232
14,7,58,0.0,0.0,0.034482758620689655
14,8,62,0.0,0.0,0.5645161290322581
14,9,66,0.8636363636363636,0.7424242424242424,0.06060606060606055
14,10,71,0.0,-0.028169014084507043,0.11267605633802817
14,11,68,0.19117647058823528,0.1764705882352941,0.0
14,12,54,0.0,0.0,0.1111111111111111
14,13,66,0.0,0.0,0.030303030303030304
14,14,60,0.0,0.0,0.13333333333333333
14,15,54,0.12962962962962962,-0.6296296296296297,0.6296296296296297
14,16,71,0.2676056338028169,-0.23943661971830987,0.23943661971830987
14,17,60,0.0,0.0,0.3
15,0,51,0.0,-0.8431372549019608,0.9803921568627451
15,1,45,0.0,-0.4222222222222222,1.0
15,2,51,0.0,0.0,0.37254901960784315
15,3,54,0.0,0.0,0.16666666666666666
15,4,49,0.0,0.0,0.673469387755102
15,5,53,0.0,0.0,0.05660377358490566
15,6,52,0.0,0.0,0.019230769230769232
15,7,58,0.0,0.0,0.034482758620689655
15,8,62,0.0,0.0,0.5645161290322581
15,9,66,0.015151515151515152,-0.10606060606060606,0.9090909090909091
15,10,71,0.11267605633802817,0.08450704225352113,0.0
15,11,68,0.35294117647058826,0.3382352941176471,0.0
15,12,54,0.2037037037037037,0.2037037037037037,0.0
15,13,66,0.16666666666666666,0.16666666666666666,0.0
15,14,60,0.03333333333333333,0.03333333333333333,0.1
15,15,54,0.4074074074074074,-0.3518518518518519,0.3518518518518519
15,16,71,0.4788732394366197,-0.02816901408450706,0.02816901408450706
15,17,60,0.23333333333333334,0.23333333333333334,0.06666666666666665
16,0,51,0.0,-0.8431372549019608,0.9803921568627451
16,1,45,0.0,-0.4222222222222222,1.0
16,2,51,0.0,0.0,0.37254901960784315
16,3,54,0.0,0.0,0.16666666666666666
16,4,49,0.0,0.0,0.673469387755102
16,5,53,0.0,0.0,0.05660377358490566
16,6,52,0.0,0.0,0.019230769230769232
16,7,58,0.0,0.0,0.034482758620689655
16,8,62,0.0,0.0,0.5645161290322581
16,9,66,0.7727272727272727,0.6515151515151515,0.1515151515151515
16,10,71,0.0,-0.028169014084507043,0.11267605633802817
16,11,68,0.35294117647058826,0.3382352941176471,0.0
16,12,54,0.1111111111111111,0.1111111111111111,0.09259259259259259
16,13,66,0.0,0.0,0.16666666666666666
16,14,60,0.0,0.0,0.13333333333333333
16,15,54,0.2222222222222222,-0.5370370370370371,0.5370370370370371
16,16,71,0.30985915492957744,-0.1971830985915493,0.1971830985915493
16,17,60,0.11666666666666667,0.11666666666666667,0.18333333333333332
17,0,51,0.0,-0.8431372549019608,0.9803921568627451
17,1,45,0.0,-0.4222222222222222,1.0
17,2,51,0.0,0.0,0.37254901960784315
17,3,54,0.0,0.0,0.16666666666666666
17,4,49,0.0,0.0,0.673469387755102
17,5,53,0.0,0.0,0.05660377358490566
17,6,52,0.0,0.0,0.019230769230769232
17,7,58,0.0,0.0,0.034482758620689655
17,8,62,0.0,0.0,0.5645161290322581
17,9,66,0.07575757575757576,-0.045454545454545456,0.8484848484848484
17,10,71,0.11267605633802817,0.08450704225352113,0.0
17,11,68,0.39705882352941174,0.38235294117647056,0.0
17,12,54,0.18518518518518517,0.18518518518518517,0.018518518518518517
17,13,66,0.18181818181818182,0.18181818181818182,0.0
17,14,60,0.06666666666666667,0.06666666666666667,0.06666666666666667
17,15,54,0.4074074074074074,-0.3518518518518519,0.3518518518518519
17,16,71,0.43661971830985913,-0.07042253521126762,0.07042253521126762
17,17,60,0.26666666666666666,0.26666666666666666,0.033333333333333326
18,0,51,0.0,-0.8431372549019608,0.9803921568627451
18,1,45,0.0,-0.4222222222222222,1.0
18,2,51,0.0,0.0,0.37254901960784315
18,3,54,0.0,0.0,0.16666666666666666
18,4,49,0.0,0.0,0.673469387755102
18,5,53,0.0,0.0,0.05660377358490566
18,6,52,0.0,0.0,0.019230769230769232
18,7,58,0.0,0.0,0.034482758620689655
18,8,62,0.0,0.0,0.5645161290322581
18,9,66,0.6515151515151515,0.5303030303030303,0.2727272727272727
18,10,71,0.0,-0.028169014084507043,0.11267605633802817
18,11,68,0.5,0.4852941176470588,0.0
18,12,54,0.3888888888888889,0.3888888888888889,0.0
18,13,66,0.0,0.0,0.18181818181818182
18,14,60,0.0,0.0,0.13333333333333333
18,15,54,0.2777777777777778,-0.4814814814814815,0.4814814814814815
18,16,71,0.19718309859154928,-0.3098591549295775,0.3098591549295775
18,17,60,0.13333333333333333,0.13333333333333333,0.16666666666666666
19,0,51,0.0,-0.8431372549019608,0.9803921568627451
19,1,45,0.0,-0.4222222222222222,1.0
19,2,51,0.0,0.0,0.37254901960784315
19,3,54,0.0,0.0,0.16666666666666666
19,4,49,0.0,0.0,0.673469387755102
19,5,53,0.0,0.0,0.05660377358490566
19,6,52,0.0,0.0,0.019230769230769232
19,7,58,0.0,0.0,0.034482758620689655
19,8,62,0.0,0.0,0.5645161290322581
19,9,66,0.10606060606060606,-0.015151515151515152,0.8181818181818181
19,10,71,0.11267605633802817,0.08450704225352113,0.0
19,11,68,0.3382352941176471,0.3235294117647059,0.16176470588235292
19,12,54,0.25925925925925924,0.25925925925925924,0.12962962962962965
19,13,66,0.16666666666666666,0.16666666666666666,0.015151515151515166
19,14,60,0.13333333333333333,0.13333333333333333,0.0
19,15,54,0.4444444444444444,-0.3148148148148149,0.3148148148148149
19,16,71,0.43661971830985913,-0.07042253521126762,0.07042253521126762
19,17,60,0.31666666666666665,0.31666666666666665,0.0
20,0,51,0.0,-0.8431372549019608,0.9803921568627451
20,1,45,0.0,-0.4222222222222222,1.0
20,2,51,0.0,0.0,0.37254901960784315
20,3,54,0.0,0.0,0.16666666666666666
20,4,49,0.0,0.0,0.673469387755102
20,5,53,0.0,0.0,0.05660377358490566
20,6,52,0.0,0.0,0.019230769230769232
20,7,58,0.0,0.0,0.034482758620689655
20,8,62,0.0,0.0,0.5645161290322581
20,9,66,0.7121212121212122,0.5909090909090909,0.21212121212121204
20,10,71,0.028169014084507043,0.0,0.08450704225352113
20,11,68,0.5147058823529411,0.49999999999999994,0.0
20,12,54,0.4444444444444444,0.4444444444444444,0.0
20,13,66,0.0,0.0,0.18181818181818182
20,14,60,0.0,0.0,0.13333333333333333
20,15,54,0.3148148148148148,-0.4444444444444445,0.4444444444444445
20,16,71,0.2535211267605634,-0.2535211267605634,0.2535211267605634
20,17,60,0.16666666666666666,0.16666666666666666,0.15
21,0,51,0.0,-0.8431372549019608,0.9803921568627451
21,1,45,0.0,-0.4222222222222222,1.0
21,2,51,0.0,0.0,0.37254901960784315
21,3,54,0.0,0.0,0.16666666666666666
21,4,49,0.0,0.0,0.673469387755102
21,5,53,0.0,0.0,0.05660377358490566
21,6,52,0.0,0.0,0.019230769230769232
21,7,58,0.0,0.0,0.034482758620689655
21,8,62,0.0,0.0,0.5645161290322581
21,9,66,0.0,-0.12121212121212122,0.9242424242424242
21,10,71,0.0,-0.028169014084507043,0.11267605633802817
21,11,68,0.0,-0.014705882352941176,0.5147058823529411
21,12,54,0.0,0.0,0.4444444444444444
21,13,66,0.0,0.0,0.18181818181818182
21,14,60,0.0,0.0,0.13333333333333333
21,15,54,0.0,-0.7592592592592593,0.7592592592592593
21,16,71,0.0,-0.5070422535211268,0.5070422535211268
21,17,60,0.0,0.0,0.31666666666666665
21,18,66,0.6515151515151515,,
21,19,52,0.6730769230769231,,
21,20,92,0.0,,
21,21,55,0.0,,
21,22,57,0.0,,
21,23,46,0.0,,
21,24,48,0.0,,
21,25,81,0.0,,
21,26,73,0.0,,
22,0,51,0.0,-0.8431372549019608,0.9803921568627451
22,1,45,0.0,-0.4222222222222222,1.0
22,2,51,0.0,0.0,0.37254901960784315
22,3,54,0.0,0.0,0.16666666666666666
22,4,49,0.0,0.0,0.673469387755102
22,5,53,0.0,0.0,0.05660377358490566
22,6,52,0.0,0.0,0.019230769230769232
22,7,58,0.0,0.0,0.034482758620689655
22,8,62,0.0,0.0,0.5645161290322581
22,9,66,0.0,-0.12121212121212122,0.9242424242424242
22,10,71,0.0,-0.028169014084507043,0.11267605633802817
22,11,68,0.0,-0.014705882352941176,0.5147058823529411
22,12,54,0.0,0.0,0.4444444444444444
22,13,66,0.0,0.0,0.18181818181818182
22,14,60,0.0,0.0,0.13333333333333333
22,15,54,0.0,-0.7592592592592593,0.7592592592592593
22,16,71,0.0,-0.5070422535211268,0.5070422535211268
22,17,60,0.0,0.0,0.31666666666666665
22,18,66,0.015151515151515152,-0.6363636363636364,0.6363636363636364
22,19,52,0.1346153846153846,-0.5384615384615385,0.5384615384615385
22,20,92,0.07608695652173914,0.07608695652173914,0.0
22,21,55,0.01818181818181818,0.01818181818181818,0.0
22,22,57,0.0,0.0,0.0
22,23,46,0.10869565217391304,0.10869565217391304,0.0
22,24,48,0.041666666666666664,0.041666666666666664,0.0
22,25,81,0.5679012345679012,0.5679012345679012,0.0
22,26,73,0.4520547945205479,0.4520547945205479,0.0
23,0,51,0.0,-0.8431372549019608,0.9803921568627451
23,1,45,0.0,-0.4222222222222222,1.0
23,2,51,0.0,0.0,0.37254901960784315
23,3,54,0.0,0.0,0.16666666666666666
23,4,49,0.0,0.0,0.673469387755102
23,5,53,0.0,0.0,0.05660377358490566
23,6,52,0.0,0.0,0.019230769230769232
23,7,58,0.0,0.0,0.034482758620689655
23,8,62,0.0,0.0,0.5645161290322581
23,9,66,0.0,-0.12121212121212122,0.9242424242424242
23,10,71,0.0,-0.028169014084507043,0.11267605633802817
23,11,68,0.0,-0.014705882352941176,0.5147058823529411
23,12,54,0.0,0.0,0.4444444444444444
23,13,66,0.0,0.0,0.18181818181818182
23,14,60,0.0,0.0,0.13333333333333333
23,15,54,0.0,-0.7592592592592593,0.7592592592592593
23,16,71,0.0,-0.5070422535211268,0.5070422535211268
23,17,60,0.0,0.0,0.31666666666666665
23,18,66,0.803030303030303,0.1515151515151515,0.0
23,19,52,0.38461538461538464,-0.2884615384615385,0.2884615384615385
23,20,92,0.0,0.0,0.07608695652173914
23,21,55,0.0,0.0,0.01818181818181818
23,22,57,0.0,0.0,0.0
23,23,46,0.06521739130434782,0.06521739130434782,0.043478260869565216
23,24,48,0.0,0.0,0.041666666666666664
23,25,81,0.5679012345679012,0.5679012345679012,0.0
23,26,73,0.0547945205479452,0.0547945205479452,0.3972602739726027
24,0,51,0.0,-0.8431372549019608,0.9803921568627451
24,1,45,0.0,-0.4222222222222222,1.0
24,2,51,0.0,0.0,0.37254901960784315
24,3,54,0.0,0.0,0.16666666666666666
24,4,49,0.0,0.0,0.673469387755102
24,5,53,0.0,0.0,0.05660377358490566
24,6,52,0.0,0.0,0.019230769230769232
24,7,58,0.0,0.0,0.034482758620689655
24,8,62,0.0,0.0,0.5645161290322581
24,9,66,0.0,-0.12121212121212122,0.9242424242424242
24,10,71,0.0,-0.028169014084507043,0.11267605633802817
24,11,68,0.0,-0.014705882352941176,0.5147058823529411
24,12,54,0.0,0.0,0.4444444444444444
24,13,66,0.0,0.0,0.18181818181818182
24,14,60,0.0,0.0,0.13333333333333333
24,15,54,0.0,-0.7592592592592593,0.7592592592592593
24,16,71,0.0,-0.5070422535211268,0.5070422535211268
24,17,60,0.0,0.0,0.31666666666666665
24,18,66,0.6515151515151515,0.0,0.1515151515151515
24,19,52,0.4230769230769231,-0.25000000000000006,0.25000000000000006
24,20,92,0.010869565217391304,0.010869565217391304,0.06521739130434784
24,21,55,0.0,0.0,0.01818181818181818
24,22,57,0.0,0.0,0.0
24,23,46,0.2391304347826087,0.2391304347826087,0.0
24,24,48,0.0,0.0,0.041666666666666664
24,25,81,0.654320987654321,0.654320987654321,0.0
24,26,73,0.3287671232876712,0.3287671232876712,0.1232876712328767
25,0,51,0.0,-0.8431372549019608,0.9803921568627451
25,1,45,0.0,-0.4222222222222222,1.0
25,2,51,0.0,0.0,0.37254901960784315
25,3,54,0.0,0.0,0.16666666666666666
25,4,49,0.0,0.0,0.673469387755102
25,5,53,0.0,0.0,0.05660377358490566
25,6,52,0.0,0.0,0.019230769230769232
25,7,58,0.0,0.0,0.034482758620689655
25,8,62,0.0,0.0,0.5645161290322581
25,9,66,0.0,-0.12121212121212122,0.9242424242424242
25,10,71,0.0,-0.028169014084507043,0.11267605633802817
25,11,68,0.0,-0.014705882352941176,0.5147058823529411
25,12,54,0.0,0.0,0.4444444444444444
25,13,66,0.0,0.0,0.18181818181818182
25,14,60,0.0,0.0,0.13333333333333333
25,15,54,0.0,-0.7592592592592593,0.7592592592592593
25,16,71,0.0,-0.5070422535211268,0.5070422535211268
25,17,60,0.0,0.0,0.31666666666666665
25,18,66,0.696969696969697,0.045454545454545525,0.10606060606060597
25,19,52,0.40384615384615385,-0.2692307692307693,0.2692307692307693
25,20,92,0.0,0.0,0.07608695652173914
25,21,55,0.0,0.0,0.01818181818181818
25,22,57,0.10526315789473684,0.10526315789473684,0.0
25,23,46,0.2826086956521739,0.2826086956521739,0.0
25,24,48,0.0,0.0,0.041666666666666664
25,25,81,0.7037037037037037,0.7037037037037037,0.0
25,26,73,0.3698630136986301,0.3698630136986301,0.0821917808219178
26,0,51,0.0,-0.8431372549019608,0.9803921568627451
26,1,45,0.0,-0.4222222222222222,1.0
26,2,51,0.0,0.0,0.37254901960784315
26,3,54,0.0,0.0,0.16666666666666666
26,4,49,0.0,0.0,0.673469387755102
26,5,53,0.0,0.0,0.05660377358490566
26,6,52,0.0,0.0,0.019230769230769232
26,7,58,0.0,0.0,0.034482758620689655
26,8,62,0.0,0.0,0.5645161290322581
26,9,66,0.0,-0.12121212121212122,0.9242424242424242
26,10,71,0.0,-0.028169014084507043,0.11267605633802817
26,11,68,0.0,-0.014705882352941176,0.5147058823529411
26,12,54,0.0,0.0,0.4444444444444444
26,13,66,0.0,0.0,0.18181818181818182
26,14,60,0.0,0.0,0.13333333333333333
26,15,54,0.0,-0.7592592592592593,0.7592592592592593
26,16,71,0.0,-0.5070422535211268,0.5070422535211268
26,17,60,0.0,0.0,0.31666666666666665
26,18,66,0.7424242424242424,0.09090909090909094,0.06060606060606055
26,19,52,0.46153846153846156,-0.21153846153846156,0.21153846153846156
26,20,92,0.0,0.0,0.07608695652173914
26,21,55,0.0,0.0,0.01818181818181818
26,22,57,0.10526315789473684,0.10526315789473684,0.0
26,23,46,0.30434782608695654,0.30434782608695654,0.0
26,24,48,0.0625,0.0625,0.0
26,25,81,0.691358024691358,0.691358024691358,0.012345679012345734
26,26,73,0.3698630136986301,0.3698630136986301,0.0821917808219178
27,0,51,0.0,-0.8431372549019608,0.9803921568627451
27,1,45,0.0,-0.4222222222222222,1.0
27,2,51,0.0,0.0,0.37254901960784315
27,3,54,0.0,0.0,0.16666666666666666
27,4,49,0.0,0.0,0.673469387755102
27,5,53,0.0,0.0,0.05660377358490566
27,6,52,0.0,0.0,0.019230769230769232
27,7,58,0.0,0.0,0.034482758620689655
27,8,62,0.0,0.0,0.5645161290322581
27,9,66,0.0,-0.12121212121212122,0.9242424242424242
27,10,71,0.0,-0.028169014084507043,0.11267605633802817
27,11,68,0.0,-0.014705882352941176,0.5147058823529411
27,12,54,0.0,0.0,0.4444444444444444
27,13,66,0.0,0.0,0.18181818181818182
27,14,60,0.0,0.0,0.13333333333333333
27,15,54,0.0,-0.7592592592592593,0.7592592592592593
27,16,71,0.0,-0.5070422535211268,0.5070422535211268
27,17,60,0.0,0.0,0.31666666666666665
27,18,66,0.7424242424242424,0.09090909090909094,0.06060606060606055
27,19,52,0.4807692307692308,-0.19230769230769235,0.19230769230769235
27,20,92,0.010869565217391304,0.010869565217391304,0.06521739130434784
27,21,55,0.0,0.0,0.01818181818181818
27,22,57,0.12280701754385964,0.12280701754385964,0.0
27,23,46,0.30434782608695654,0.30434782608695654,0.0
27,24,48,0.08333333333333333,0.08333333333333333,0.0
27,25,81,0.654320987654321,0.654320987654321,0.04938271604938271
27,26,73,0.410958904109589,0.410958904109589,0.0410958904109589
28,0,51,0.0,-0.8431372549019608,0.9803921568627451
28,1,45,0.0,-0.4222222222222222,1.0
28,2,51,0.0,0.0,0.37254901960784315
28,3,54,0.0,0.0,0.16666666666666666
28,4,49,0.0,0.0,0.673469387755102
28,5,53,0.0,0.0,0.05660377358490566
28,6,52,0.0,0.0,0.019230769230769232
28,7,58,0.0,0.0,0.034482758620689655
28,8,62,0.0,0.0,0.5645161290322581
28,9,66,0.0,-0.12121212121212122,0.9242424242424242
28,10,71,0.0,-0.028169014084507043,0.11267605633802817
28,11,68,0.0,-0.014705882352941176,0.5147058823529411
28,12,54,0.0,0.0,0.4444444444444444
28,13,66,0.0,0.0,0.18181818181818182
28,14,60,0.0,0.0,0.13333333333333333
28,15,54,0.0,-0.7592592592592593,0.7592592592592593
28,16,71,0.0,-0.5070422535211268,0.5070422535211268
28,17,60,0.0,0.0,0.31666666666666665
28,18,66,0.7575757575757576,0.10606060606060608,0.045454545454545414
28,19,52,0.5,-0.17307692307692313,0.17307692307692313
28,20,92,0.010869565217391304,0.010869565217391304,0.06521739130434784
28,21,55,0.0,0.0,0.01818181818181818
28,22,57,0.12280701754385964,0.12280701754385964,0.0
28,23,46,0.32608695652173914,0.32608695652173914,0.0
28,24,48,0.14583333333333334,0.14583333333333334,0.0
28,25,81,0.7160493827160493,0.7160493827160493,0.0
28,26,73,0.3561643835616438,0.3561643835616438,0.0958904109589041
29,0,51,0.0,-0.8431372549019608,0.9803921568627451
29,1,45,0.0,-0.4222222222222222,1.0
29,2,51,0.0,0.0,0.37254901960784315
29,3,54,0.0,0.0,0.16666666666666666
29,4,49,0.0,0.0,0.673469387755102
29,5,53,0.0,0.0,0.05660377358490566
29,6,52,0.0,0.0,0.019230769230769232
29,7,58,0.0,0.0,0.034482758620689655
29,8,62,0.0,0.0,0.5645161290322581
29,9,66,0.0,-0.12121212121212122,0.9242424242424242
29,10,71,0.0,-0.028169014084507043,0.11267605633802817
29,11,68,0.0,-0.014705882352941176,0.5147058823529411
29,12,54,0.0,0.0,0.4444444444444444
29,13,66,0.0,0.0,0.18181818181818182
29,14,60,0.0,0.0,0.13333333333333333
29,15,54,0.0,-0.7592592592592593,0.7592592592592593
29,16,71,0.0,-0.5070422535211268,0.5070422535211268
29,17,60,0.0,0.0,0.31666666666666665
29,18,66,0.7121212121212122,0.06060606060606066,0.09090909090909083
29,19,52,0.5,-0.17307692307692313,0.17307692307692313
29,20,92,0.03260869565217391,0.03260869565217391,0.04347826086956522
29,21,55,0.0,0.0,0.01818181818181818
29,22,57,0.14035087719298245,0.14035087719298245,0.0
29,23,46,0.3695652173913043,0.3695652173913043,0.0
29,24,48,0.2708333333333333,0.2708333333333333,0.0
29,25,81,0.7407407407407407,0.7407407407407407,0.0
29,26,73,0.3424657534246575,0.3424657534246575,0.1095890410958904
30,0,51,0.0,-0.8431372549019608,0.9803921568627451
30,1,45,0.0,-0.4222222222222222,1.0
30,2,51,0.0,0.0,0.37254901960784315
30,3,54,0.0,0.0,0.16666666666666666
30,4,49,0.0,0.0,0.673469387755102
30,5,53,0.0,0.0,0.05660377358490566
30,6,52,0.0,0.0,0.019230769230769232
30,7,58,0.0,0.0,0.034482758620689655
30,8,62,0.0,0.0,0.5645161290322581
30,9,66,0.0,-0.12121212121212122,0.9242424242424242
30,10,71,0.0,-0.028169014084507043,0.11267605633802817
30,11,68,0.0,-0.014705882352941176,0.5147058823529411
30,12,54,0.0,0.0,0.4444444444444444
30,13,66,0.0,0.0,0.18181818181818182
30,14,60,0.0,0.0,0.13333333333333333
30,15,54,0.0,-0.7592592592592593,0.7592592592592593
30,16,71,0.0,-0.5070422535211268,0.5070422535211268
30,17,60,0.0,0.0,0.31666666666666665
30,18,66,0.696969696969697,0.045454545454545525,0.10606060606060597
30,19,52,0.4423076923076923,-0.23076923076923084,0.23076923076923084
30,20,92,0.07608695652173914,0.07608695652173914,0.0
30,21,55,0.12727272727272726,0.12727272727272726,0.0
30,22,57,0.12280701754385964,0.12280701754385964,0.017543859649122806
30,23,46,0.391304347826087,0.391304347826087,0.0
30,24,48,0.3333333333333333,0.3333333333333333,0.0
30,25,81,0.6419753086419753,0.6419753086419753,0.09876543209876543
30,26,73,0.3150684931506849,0.3150684931506849,0.136986301369863
31,0,51,0.0,-0.8431372549019608,0.9803921568627451
31,1,45,0.0,-0.4222222222222222,1.0
31,2,51,0.0,0.0,0.37254901960784315
31,3,54,0.0,0.0,0.16666666666666666
31,4,49,0.0,0.0,0.673469387755102
31,5,53,0.0,0.0,0.05660377358490566
31,6,52,0.0,0.0,0.019230769230769232
31,7,58,0.0,0.0,0.034482758620689655
31,8,62,0.0,0.0,0.5645161290322581
31,9,66,0.0,-0.12121212121212122,0.9242424242424242
31,10,71,0.0,-0.028169014084507043,0.11267605633802817
31,11,68,0.0,-0.014705882352941176,0.5147058823529411
31,12,54,0.0,0.0,0.4444444444444444
31,13,66,0.0,0.0,0.18181818181818182
31,14,60,0.0,0.0,0.13333333333333333
31,15,54,0.0,-0.7592592592592593,0.7592592592592593
31,16,71,0.0,-0.5070422535211268,0.5070422535211268
31,17,60,0.0,0.0,0.31666666666666665
31,18,66,0.696969696969697,0.045454545454545525,0.10606060606060597
31,19,52,0.4230769230769231,-0.25000000000000006,0.25000000000000006
31,20,92,0.09782608695652174,0.09782608695652174,0.0
31,21,55,0.21818181818181817,0.21818181818181817,0.0
31,22,57,0.17543859649122806,0.17543859649122806,0.0
31,23,46,0.3695652173913043,0.3695652173913043,0.02173913043478265
31,24,48,0.4166666666666667,0.4166666666666667,0.0
31,25,81,0.654320987654321,0.654320987654321,0.08641975308641969
31,26,73,0.2876712328767123,0.2876712328767123,0.1643835616438356
32,0,51,0.0,-0.8431372549019608,0.9803921568627451
32,1,45,0.0,-0.4222222222222222,1.0
32,2,51,0.0,0.0,0.37254901960784315
32,3,54,0.0,0.0,0.16666666666666666
32,4,49,0.0,0.0,0.673469387755102
32,5,53,0.0,0.0,0.05660377358490566
32,6,52,0.0,0.0,0.019230769230769232
32,7,58,0.0,0.0,0.034482758620689655
32,8,62,0.0,0.0,0.5645161290322581
32,9,66,0.0,-0.12121212121212122,0.9242424242424242
32,10,71,0.0,-0.028169014084507043,0.11267605633802817
32,11,68,0.0,-0.014705882352941176,0.5147058823529411
32,12,54,0.0,0.0,0.4444444444444444
32,13,66,0.0,0.0,0.18181818181818182
32,14,60,0.0,0.0,0.13333333333333333
32,15,54,0.0,-0.7592592592592593,0.7592592592592593
32,16,71,0.0,-0.5070422535211268,0.5070422535211268
32,17,60,0.0,0.0,0.31666666666666665
32,18,66,0.696969696969697,0.045454545454545525,0.10606060606060597
32,19,52,0.40384615384615385,-0.2692307692307693,0.2692307692307693
32,20,92,0.13043478260869565,0.13043478260869565,0.0
32,21,55,0.2909090909090909,0.2909090909090909,0.0
32,22,57,0.21052631578947367,0.21052631578947367,0.0
32,23,46,0.391304347826087,0.391304347826087,0.0
32,24,48,0.4166666666666667,0.4166666666666667,0.0
32,25,81,0.6419753086419753,0.6419753086419753,0.09876543209876543
32,26,73,0.3013698630136986,0.3013698630136986,0.1506849315068493
33,0,51,0.0,-0.8431372549019608,0.9803921568627451
33,1,45,0.0,-0.4222222222222222,1.0
33,2,51,0.0,0.0,0.37254901960784315
33,3,54,0.0,0.0,0.16666666666666666
33,4,49,0.0,0.0,0.673469387755102
33,5,53,0.0,0.0,0.05660377358490566
33,6,52,0.0,0.0,0.019230769230769232
33,7,58,0.0,0.0,0.034482758620689655
33,8,62,0.0,0.0,0.5645161290322581
33,9,66,0.0,-0.12121212121212122,0.9242424242424242
33,10,71,0.0,-0.028169014084507043,0.11267605633802817
33,11,68,0.0,-0.014705882352941176,0.5147058823529411
33,12,54,0.0,0.0,0.4444444444444444
33,13,66,0.0,0.0,0.18181818181818182
33,14,60,0.0,0.0,0.13333333333333333
33,15,54,0.0,-0.7592592592592593,0.7592592592592593
33,16,71,0.0,-0.5070422535211268,0.5070422535211268
33,17,60,0.0,0.0,0.31666666666666665
33,18,66,0.696969696969697,0.045454545454545525,0.10606060606060597
33,19,52,0.40384615384615385,-0.2692307692307693,0.2692307692307693
33,20,92,0.10869565217391304,0.10869565217391304,0.021739130434782608
33,21,55,0.2909090909090909,0.2909090909090909,0.0
33,22,57,0.15789473684210525,0.15789473684210525,0.05263157894736842
33,23,46,0.3695652173913043,0.3695652173913043,0.02173913043478265
33,24,48,0.4166666666666667,0.4166666666666667,0.0
33,25,81,0.654320987654321,0.654320987654321,0.08641975308641969
33,26,73,0.3013698630136986,0.3013698630136986,0.1506849315068493
34,0,51,0.0,-0.8431372549019608,0.9803921568627451
34,1,45,0.0,-0.4222222222222222,1.0
34,2,51,0.0,0.0,0.37254901960784315
34,3,54,0.0,0.0,0.16666666666666666
34,4,49,0.0,0.0,0.673469387755102
34,5,53,0.0,0.0,0.05660377358490566
34,6,52,0.0,0.0,0.019230769230769232
34,7,58,0.0,0.0,0.034482758620689655
34,8,62,0.0,0.0,0.5645161290322581
34,9,66,0.0,-0.12121212121212122,0.9242424242424242
34,10,71,0.0,-0.028169014084507043,0.11267605633802817
34,11,68,0.0,-0.014705882352941176,0.5147058823529411
34,12,54,0.0,0.0,0.4444444444444444
34,13,66,0.0,0.0,0.18181818181818182
34,14,60,0.0,0.0,0.13333333333333333
34,15,54,0.0,-0.7592592592592593,0.7592592592592593
34,16,71,0.0,-0.5070422535211268,0.5070422535211268
34,17,60,0.0,0.0,0.31666666666666665
34,18,66,0.6818181818181818,0.030303030303030276,0.12121212121212122
34,19,52,0.40384615384615385,-0.2692307692307693,0.2692307692307693
34,20,92,0.13043478260869565,0.13043478260869565,0.0
34,21,55,0.32727272727272727,0.32727272727272727,0.0
34,22,57,0.19298245614035087,0.19298245614035087,0.017543859649122806
34,23,46,0.41304347826086957,0.41304347826086957,0.0
34,24,48,0.4791666666666667,0.4791666666666667,0.0
34,25,81,0.6296296296296297,0.6296296296296297,0.11111111111111105
34,26,73,0.3424657534246575,0.3424657534246575,0.1095890410958904
35,0,51,0.0,-0.8431372549019608,0.9803921568627451
35,1,45,0.0,-0.4222222222222222,1.0
35,2,51,0.0,0.0,0.37254901960784315
35,3,54,0.0,0.0,0.16666666666666666
35,4,49,0.0,0.0,0.673469387755102
35,5,53,0.0,0.0,0.05660377358490566
35,6,52,0.0,0.0,0.019230769230769232
35,7,58,0.0,0.0,0.034482758620689655
35,8,62,0.0,0.0,0.5645161290322581
35,9,66,0.0,-0.12121212121212122,0.9242424242424242
35,10,71,0.0,-0.028169014084507043,0.11267605633802817
35,11,68,0.0,-0.014705882352941176,0.5147058823529411
35,12,54,0.0,0.0,0.4444444444444444
35,13,66,0.0,0.0,0.18181818181818182
35,14,60,0.0,0.0,0.13333333333333333
35,15,54,0.0,-0.7592592592592593,0.7592592592592593
35,16,71,0.0,-0.5070422535211268,0.5070422535211268
35,17,60,0.0,0.0,0.31666666666666665
35,18,66,0.696969696969697,0.045454545454545525,0.10606060606060597
35,19,52,0.40384615384615385,-0.2692307692307693,0.2692307692307693
35,20,92,0.15217391304347827,0.15217391304347827,0.0
35,21,55,0.43636363636363634,0.43636363636363634,0.0
35,22,57,0.19298245614035087,0.19298245614035087,0.017543859649122806
35,23,46,0.41304347826086957,0.41304347826086957,0.0
35,24,48,0.4791666666666667,0.4791666666666667,0.0
35,25,81,0.6666666666666666,0.6666666666666666,0.07407407407407407
35,26,73,0.3287671232876712,0.3287671232876712,0.1232876712328767
36,0,51,0.0,-0.8431372549019608,0.9803921568627451
36,1,45,0.0,-0.4222222222222222,1.0
36,2,51,0.0,0.0,0.37254901960784315
36,3,54,0.0,0.0,0.16666666666666666
36,4,49,0.0,0.0,0.673469387755102
36,5,53,0.0,0.0,0.05660377358490566
36,6,52,0.0,0.0,0.019230769230769232
36,7,58,0.0,0.0,0.034482758620689655
36,8,62,0.0,0.0,0.5645161290322581
36,9,66,0.0,-0.12121212121212122,0.9242424242424242
36,10,71,0.0,-0.028169014084507043,0.11267605633802817
36,11,68,0.0,-0.014705882352941176,0.5147058823529411
36,12,54,0.0,0.0,0.4444444444444444
36,13,66,0.0,0.0,0.18181818181818182
36,14,60,0.0,0.0,0.13333333333333333
36,15,54,0.0,-0.7592592592592593,0.7592592592592593
36,16,71,0.0,-0.5070422535211268,0.5070422535211268
36,17,60,0.0,0.0,0.31666666666666665
36,18,66,0.6515151515151515,0.0,0.1515151515151515
36,19,52,0.40384615384615385,-0.2692307692307693,0.2692307692307693
36,20,92,0.15217391304347827,0.15217391304347827,0.0
36,21,55,0.45454545454545453,0.45454545454545453,0.0
36,22,57,0.19298245614035087,0.19298245614035087,0.017543859649122806
36,23,46,0.41304347826086957,0.41304347826086957,0.0
36,24,48,0.4166666666666667,0.4166666666666667,0.0625
36,25,81,0.6790123456790124,0.6790123456790124,0.061728395061728336
36,26,73,0.3287671232876712,0.3287671232876712,0.1232876712328767
37,0,51,0.0,-0.8431372549019608,0.9803921568627451
37,1,45,0.0,-0.4222222222222222,1.0
37,2,51,0.0,0.0,0.37254901960784315
37,3,54,0.0,0.0,0.16666666666666666
37,4,49,0.0,0.0,0.673469387755102
37,5,53,0.0,0.0,0.05660377358490566
37,6,52,0.0,0.0,0.019230769230769232
37,7,58,0.0,0.0,0.034482758620689655
37,8,62,0.0,0.0,0.5645161290322581
37,9,66,0.0,-0.12121212121212122,0.9242424242424242
37,10,71,0.0,-0.028169014084507043,0.11267605633802817
37,11,68,0.0,-0.014705882352941176,0.5147058823529411
37,12,54,0.0,0.0,0.4444444444444444
37,13,66,0.0,0.0,0.18181818181818182
37,14,60,0.0,0.0,0.13333333333333333
37,15,54,0.0,-0.7592592592592593,0.7592592592592593
37,16,71,0.0,-0.5070422535211268,0.5070422535211268
37,17,60,0.0,0.0,0.31666666666666665
37,18,66,0.6818181818181818,0.030303030303030276,0.12121212121212122
37,19,52,0.38461538461538464,-0.2884615384615385,0.2884615384615385
37,20,92,0.15217391304347827,0.15217391304347827,0.0
37,21,55,0.5272727272727272,0.5272727272727272,0.0
37,22,57,0.22807017543859648,0.22807017543859648,0.0
37,23,46,0.3695652173913043,0.3695652173913043,0.043478260869565244
37,24,48,0.4791666666666667,0.4791666666666667,0.0
37,25,81,0.6666666666666666,0.6666666666666666,0.07407407407407407
37,26,73,0.3424657534246575,0.3424657534246575,0.1095890410958904
38,0,51,0.0,-0.8431372549019608,0.9803921568627451
38,1,45,0.0,-0.4222222222222222,1.0
38,2,51,0.0,0.0,0.37254901960784315
38,3,54,0.0,0.0,0.16666666666666666
38,4,49,0.0,0.0,0.673469387755102
38,5,53,0.0,0.0,0.05660377358490566
38,6,52,0.0,0.0,0.019230769230769232
38,7,58,0.0,0.0,0.034482758620689655
38,8,62,0.0,0.0,0.5645161290322581
38,9,66,0.0,-0.12121212121212122,0.9242424242424242
38,10,71,0.0,-0.028169014084507043,0.11267605633802817
38,11,68,0.0,-0.014705882352941176,0.5147058823529411
38,12,54,0.0,0.0,0.4444444444444444
38,13,66,0.0,0.0,0.18181818181818182
38,14,60,0.0,0.0,0.13333333333333333
38,15,54,0.0,-0.7592592592592593,0.7592592592592593
38,16,71,0.0,-0.5070422535211268,0.5070422535211268
38,17,60,0.0,0.0,0.31666666666666665
38,18,66,0.6818181818181818,0.030303030303030276,0.12121212121212122
38,19,52,0.38461538461538464,-0.2884615384615385,0.2884615384615385
38,20,92,0.10869565217391304,0.10869565217391304,0.04347826086956523
38,21,55,0.4909090909090909,0.4909090909090909,0.03636363636363632
38,22,57,0.17543859649122806,0.17543859649122806,0.05263157894736842
38,23,46,0.391304347826087,0.391304347826087,0.021739130434782594
38,24,48,0.3958333333333333,0.3958333333333333,0.08333333333333337
38,25,81,0.7283950617283951,0.7283950617283951,0.012345679012345623
38,26,73,0.3835616438356164,0.3835616438356164,0.0684931506849315
39,0,51,0.0,-0.8431372549019608,0.9803921568627451
39,1,45,0.0,-0.4222222222222222,1.0
39,2,51,0.0,0.0,0.37254901960784315
39,3,54,0.0,0.0,0.16666666666666666
39,4,49,0.0,0.0,0.673469387755102
39,5,53,0.0,0.0,0.05660377358490566
39,6,52,0.0,0.0,0.019230769230769232
39,7,58,0.0,0.0,0.034482758620689655
39,8,62,0.0,0.0,0.5645161290322581
39,9,66,0.0,-0.12121212121212122,0.9242424242424242
39,10,71,0.0,-0.028169014084507043,0.11267605633802817
39,11,68,0.0,-0.014705882352941176,0.5147058823529411
39,12,54,0.0,0.0,0.4444444444444444
39,13,66,0.0,0.0,0.18181818181818182
39,14,60,0.0,0.0,0.13333333333333333
39,15,54,0.0,-0.7592592592592593,0.7592592592592593
39,16,71,0.0,-0.5070422535211268,0.5070422535211268
39,17,60,0.0,0.0,0.31666666666666665
39,18,66,0.5303030303030303,-0.12121212121212122,0.2727272727272727
39,19,52,0.4230769230769231,-0.25000000000000006,0.25000000000000006
39,20,92,0.08695652173913043,0.08695652173913043,0.06521739130434784
39,21,55,0.4727272727272727,0.4727272727272727,0.05454545454545451
39,22,57,0.19298245614035087,0.19298245614035087,0.03508771929824561
39,23,46,0.2826086956521739,0.2826086956521739,0.13043478260869568
39,24,48,0.4166666666666667,0.4166666666666667,0.0625
39,25,81,0.6419753086419753,0.6419753086419753,0.09876543209876543
39,26,73,0.3972602739726027,0.3972602739726027,0.0547945205479452
40,0,51,0.0,-0.8431372549019608,0.9803921568627451
40,1,45,0.0,-0.4222222222222222,1.0
40,2,51,0.0,0.0,0.37254901960784315
40,3,54,0.0,0.0,0.16666666666666666
40,4,49,0.0,0.0,0.673469387755102
40,5,53,0.0,0.0,0.05660377358490566
40,6,52,0.0,0.0,0.019230769230769232
40,7,58,0.0,0.0,0.034482758620689655
40,8,62,0.0,0.0,0.5645161290322581
40,9,66,0.0,-0.12121212121212122,0.9242424242424242
40,10,71,0.0,-0.028169014084507043,0.11267605633802817
40,11,68,0.0,-0.014705882352941176,0.5147058823529411
40,12,54,0.0,0.0,0.4444444444444444
40,13,66,0.0,0.0,0.18181818181818182
40,14,60,0.0,0.0,0.13333333333333333
40,15,54,0.0,-0.7592592592592593,0.7592592592592593
40,16,71,0.0,-0.5070422535211268,0.5070422535211268
40,17,60,0.0,0.0,0.31666666666666665
40,18,66,0.696969696969697,0.045454545454545525,0.10606060606060597
40,19,52,0.5,-0.17307692307692313,0.17307692307692313
40,20,92,0.05434782608695652,0.05434782608695652,0.09782608695652176
40,21,55,0.41818181818181815,0.41818181818181815,0.10909090909090907
40,22,57,0.17543859649122806,0.17543859649122806,0.05263157894736842
40,23,46,0.2391304347826087,0.2391304347826087,0.17391304347826086
40,24,48,0.375,0.375,0.10416666666666669
40,25,81,0.7777777777777778,0.7777777777777778,0.0
40,26,73,0.3424657534246575,0.3424657534246575,0.1095890410958904
41,0,51,0.0,-0.8431372549019608,0.9803921568627451
41,1,45,0.0,-0.4222222222222222,1.0
41,2,51,0.0,0.0,0.37254901960784315
41,3,54,0.0,0.0,0.16666666666666666
41,4,49,0.0,0.0,0.673469387755102
41,5,53,0.0,0.0,0.05660377358490566
41,6,52,0.0,0.0,0.019230769230769232
41,7,58,0.0,0.0,0.034482758620689655
41,8,62,0.0,0.0,0.5645161290322581
41,9,66,0.0,-0.12121212121212122,0.9242424242424242
41,10,71,0.0,-0.028169014084507043,0.11267605633802817
41,11,68,0.0,-0.014705882352941176,0.5147058823529411
41,12,54,0.0,0.0,0.4444444444444444
41,13,66,0.0,0.0,0.18181818181818182
41,14,60,0.0,0.0,0.13333333333333333
41,15,54,0.0,-0.7592592592592593,0.7592592592592593
41,16,71,0.0,-0.5070422535211268,0.5070422535211268
41,17,60,0.0,0.0,0.31666666666666665
41,18,66,0.6818181818181818,0.030303030303030276,0.12121212121212122
41,19,52,0.46153846153846156,-0.21153846153846156,0.21153846153846156
41,20,92,0.06521739130434782,0.06521739130434782,0.08695652173913045
41,21,55,0.4727272727272727,0.4727272727272727,0.05454545454545451
41,22,57,0.15789473684210525,0.15789473684210525,0.07017543859649122
41,23,46,0.2826086956521739,0.2826086956521739,0.13043478260869568
41,24,48,0.25,0.25,0.22916666666666669
41,25,81,0.7901234567901234,0.7901234567901234,0.0
41,26,73,0.3972602739726027,0.3972602739726027,0.0547945205479452
42,0,51,0.0,-0.8431372549019608,0.9803921568627451
42,1,45,0.0,-0.4222222222222222,1.0
42,2,51,0.0,0.0,0.37254901960784315
42,3,54,0.0,0.0,0.16666666666666666
42,4,49,0.0,0.0,0.673469387755102
42,5,53,0.0,0.0,0.05660377358490566
42,6,52,0.0,0.0,0.019230769230769232
42,7,58,0.0,0.0,0.034482758620689655
42,8,62,0.0,0.0,0.5645161290322581
42,9,66,0.0,-0.12121212121212122,0.9242424242424242
42,10,71,0.0,-0.028169014084507043,0.11267605633802817
42,11,68,0.0,-0.014705882352941176,0.5147058823529411
42,12,54,0.0,0.0,0.4444444444444444
42,13,66,0.0,0.0,0.18181818181818182
42,14,60,0.0,0.0,0.13333333333333333
42,15,54,0.0,-0.7592592592592593,0.7592592592592593
42,16,71,0.0,-0.5070422535211268,0.5070422535211268
42,17,60,0.0,0.0,0.31666666666666665
42,18,66,0.6666666666666666,0.015151515151515138,0.13636363636363635
42,19,52,0.4807692307692308,-0.19230769230769235,0.19230769230769235
42,20,92,0.06521739130434782,0.06521739130434782,0.08695652173913045
42,21,55,0.4727272727272727,0.4727272727272727,0.05454545454545451
42,22,57,0.22807017543859648,0.22807017543859648,0.0
42,23,46,0.2826086956521739,0.2826086956521739,0.13043478260869568
42,24,48,0.2916666666666667,0.2916666666666667,0.1875
42,25,81,0.7777777777777778,0.7777777777777778,0.012345679012345623
42,26,73,0.3835616438356164,0.3835616438356164,0.0684931506849315
43,0,51,0.0,-0.8431372549019608,0.9803921568627451
43,1,45,0.0,-0.4222222222222222,1.0
43,2,51,0.0,0.0,0.37254901960784315
43,3,54,0.0,0.0,0.16666666666666666
43,4,49,0.0,0.0,0.673469387755102
43,5,53,0.0,0.0,0.05660377358490566
43,6,52,0.0,0.0,0.019230769230769232
43,7,58,0.0,0.0,0.034482758620689655
43,8,62,0.0,0.0,0.5645161290322581
43,9,66,0.0,-0.12121212121212122,0.9242424242424242
43,10,71,0.0,-0.028169014084507043,0.11267605633802817
43,11,68,0.0,-0.014705882352941176,0.5147058823529411
43,12,54,0.0,0.0,0.4444444444444444
43,13,66,0.0,0.0,0.18181818181818182
43,14,60,0.0,0.0,0.13333333333333333
43,15,54,0.0,-0.7592592592592593,0.7592592592592593
43,16,71,0.0,-0.5070422535211268,0.5070422535211268
43,17,60,0.0,0.0,0.31666666666666665
43,18,66,0.6666666666666666,0.015151515151515138,0.13636363636363635
43,19,52,0.4423076923076923,-0.23076923076923084,0.23076923076923084
43,20,92,0.07608695652173914,0.07608695652173914,0.07608695652173914
43,21,55,0.5454545454545454,0.5454545454545454,0.0
43,22,57,0.17543859649122806,0.17543859649122806,0.05263157894736842
43,23,46,0.30434782608695654,0.30434782608695654,0.10869565217391303
43,24,48,0.25,0.25,0.22916666666666669
43,25,81,0.7530864197530864,0.7530864197530864,0.03703703703703698
43,26,73,0.4246575342465753,0.4246575342465753,0.0273972602739726
44,0,51,0.0,-0.8431372549019608,0.9803921568627451
44,1,45,0.0,-0.4222222222222222,1.0
44,2,51,0.0,0.0,0.37254901960784315
44,3,54,0.0,0.0,0.16666666666666666
44,4,49,0.0,0.0,0.673469387755102
44,5,53,0.0,0.0,0.05660377358490566
44,6,52,0.0,0.0,0.019230769230769232
44,7,58,0.0,0.0,0.034482758620689655
44,8,62,0.0,0.0,0.5645161290322581
44,9,66,0.0,-0.12121212121212122,0.9242424242424242
44,10,71,0.0,-0.028169014084507043,0.11267605633802817
44,11,68,0.0,-0.014705882352941176,0.5147058823529411
44,12,54,0.0,0.0,0.4444444444444444
44,13,66,0.0,0.0,0.18181818181818182
44,14,60,0.0,0.0,0.13333333333333333
44,15,54,0.0,-0.7592592592592593,0.7592592592592593
44,16,71,0.0,-0.5070422535211268,0.5070422535211268
44,17,60,0.0,0.0,0.31666666666666665
44,18,66,0.6818181818181818,0.030303030303030276,0.12121212121212122
44,19,52,0.5384615384615384,-0.1346153846153847,0.1346153846153847
44,20,92,0.043478260869565216,0.043478260869565216,0.10869565217391305
44,21,55,0.4727272727272727,0.4727272727272727,0.0727272727272727
44,22,57,0.21052631578947367,0.21052631578947367,0.017543859649122806
44,23,46,0.2826086956521739,0.2826086956521739,0.13043478260869568
44,24,48,0.2708333333333333,0.2708333333333333,0.20833333333333337
44,25,81,0.7777777777777778,0.7777777777777778,0.012345679012345623
44,26,73,0.3561643835616438,0.3561643835616438,0.0958904109589041
45,0,51,0.0,-0.8431372549019608,0.9803921568627451
45,1,45,0.0,-0.4222222222222222,1.0
45,2,51,0.0,0.0,0.37254901960784315
45,3,54,0.0,0.0,0.16666666666666666
45,4,49,0.0,0.0,0.673469387755102
45,5,53,0.0,0.0,0.05660377358490566
45,6,52,0.0,0.0,0.019230769230769232
45,7,58,0.0,0.0,0.034482758620689655
45,8,62,0.0,0.0,0.5645161290322581
45,9,66,0.0,-0.12121212121212122,0.9242424242424242
45,10,71,0.0,-0.028169014084507043,0.11267605633802817
45,11,68,0.0,-0.014705882352941176,0.5147058823529411
45,12,54,0.0,0.0,0.4444444444444444
45,13,66,0.0,0.0,0.18181818181818182
45,14,60,0.0,0.0,0.13333333333333333
45,15,54,0.0,-0.7592592592592593,0.7592592592592593
45,16,71,0.0,-0.5070422535211268,0.5070422535211268
45,17,60,0.0,0.0,0.31666666666666665
45,18,66,0.7121212121212122,0.06060606060606066,0.09090909090909083
45,19,52,0.5384615384615384,-0.1346153846153847,0.1346153846153847
45,20,92,0.03260869565217391,0.03260869565217391,0.11956521739130435
45,21,55,0.32727272727272727,0.32727272727272727,0.21818181818181814
45,22,57,0.24561403508771928,0.24561403508771928,0.0
45,23,46,0.21739130434782608,0.21739130434782608,0.1956521739130435
45,24,48,0.22916666666666666,0.22916666666666666,0.25
45,25,81,0.8395061728395061,0.8395061728395061,0.0
45,26,73,0.3972602739726027,0.3972602739726027,0.0547945205479452
46,0,51,0.0,-0.8431372549019608,0.9803921568627451
46,1,45,0.0,-0.4222222222222222,1.0
46,2,51,0.0,0.0,0.37254901960784315
46,3,54,0.0,0.0,0.16666666666666666
46,4,49,0.0,0.0,0.673469387755102
46,5,53,0.0,0.0,0.05660377358490566
46,6,52,0.0,0.0,0.019230769230769232
46,7,58,0.0,0.0,0.034482758620689655
46,8,62,0.0,0.0,0.5645161290322581
46,9,66,0.0,-0.12121212121212122,0.9242424242424242
46,10,71,0.0,-0.028169014084507043,0.11267605633802817
46,11,68,0.0,-0.014705882352941176,0.5147058823529411
46,12,54,0.0,0.0,0.4444444444444444
46,13,66,0.0,0.0,0.18181818181818182
46,14,60,0.0,0.0,0.13333333333333333
46,15,54,0.0,-0.7592592592592593,0.7592592592592593
46,16,71,0.0,-0.5070422535211268,0.5070422535211268
46,17,60,0.0,0.0,0.31666666666666665
46,18,66,0.7121212121212122,0.06060606060606066,0.09090909090909083
46,19,52,0.4807692307692308,-0.19230769230769235,0.19230769230769235
46,20,92,0.03260869565217391,0.03260869565217391,0.11956521739130435
46,21,55,0.36363636363636365,0.36363636363636365,0.18181818181818177
46,22,57,0.21052631578947367,0.21052631578947367,0.03508771929824561
46,23,46,0.30434782608695654,0.30434782608695654,0.10869565217391303
46,24,48,0.20833333333333334,0.20833333333333334,0.27083333333333337
46,25,81,0.8765432098765432,0.8765432098765432,0.0
46,26,73,0.410958904109589,0.410958904109589,0.0410958904109589
47,0,51,0.0,-0.8431372549019608,0.9803921568627451
47,1,45,0.0,-0.4222222222222222,1.0
47,2,51,0.0,0.0,0.37254901960784315
47,3,54,0.0,0.0,0.16666666666666666
47,4,49,0.0,0.0,0.673469387755102
47,5,53,0.0,0.0,0.05660377358490566
47,6,52,0.0,0.0,0.019230769230769232
47,7,58,0.0,0.0,0.034482758620689655
47,8,62,0.0,0.0,0.5645161290322581
47,9,66,0.0,-0.12121212121212122,0.9242424242424242
47,10,71,0.0,-0.028169014084507043,0.11267605633802817
47,11,68,0.0,-0.014705882352941176,0.5147058823529411
47,12,54,0.0,0.0,0.4444444444444444
47,13,66,0.0,0.0,0.18181818181818182
47,14,60,0.0,0.0,0.13333333333333333
47,15,54,0.0,-0.7592592592592593,0.7592592592592593
47,16,71,0.0,-0.5070422535211268,0.5070422535211268
47,17,60,0.0,0.0,0.31666666666666665
47,18,66,0.7424242424242424,0.09090909090909094,0.06060606060606055
47,19,52,0.5,-0.17307692307692313,0.17307692307692313
47,20,92,0.03260869565217391,0.03260869565217391,0.11956521739130435
47,21,55,0.3090909090909091,0.3090909090909091,0.23636363636363633
47,22,57,0.17543859649122806,0.17543859649122806,0.07017543859649122
47,23,46,0.1956521739130435,0.1956521739130435,0.21739130434782608
47,24,48,0.1875,0.1875,0.2916666666666667
47,25,81,0.8395061728395061,0.8395061728395061,0.03703703703703709
47,26,73,0.3424657534246575,0.3424657534246575,0.1095890410958904
48,0,51,0.0,-0.8431372549019608,0.9803921568627451
48,1,45,0.0,-0.4222222222222222,1.0
48,2,51,0.0,0.0,0.37254901960784315
48,3,54,0.0,0.0,0.16666666666666666
48,4,49,0.0,0.0,0.673469387755102
48,5,53,0.0,0.0,0.05660377358490566
48,6,52,0.0,0.0,0.019230769230769232
48,7,58,0.0,0.0,0.034482758620689655
48,8,62,0.0,0.0,0.5645161290322581
48,9,66,0.0,-0.12121212121212122,0.9242424242424242
48,10,71,0.0,-0.028169014084507043,0.11267605633802817
48,11,68,0.0,-0.014705882352941176,0.5147058823529411
48,12,54,0.0,0.0,0.4444444444444444
48,13,66,0.0,0.0,0.18181818181818182
48,14,60,0.0,0.0,0.13333333333333333
48,15,54,0.0,-0.7592592592592593,0.7592592592592593
48,16,71,0.0,-0.5070422535211268,0.5070422535211268
48,17,60,0.0,0.0,0.31666666666666665
48,18,66,0.7424242424242424,0.09090909090909094,0.06060606060606055
48,19,52,0.5192307692307693,-0.15384615384615385,0.15384615384615385
48,20,92,0.010869565217391304,0.010869565217391304,0.14130434782608697
48,21,55,0.18181818181818182,0.18181818181818182,0.3636363636363636
48,22,57,0.22807017543859648,0.22807017543859648,0.017543859649122806
48,23,46,0.2391304347826087,0.2391304347826087,0.17391304347826086
48,24,48,0.125,0.125,0.3541666666666667
48,25,81,0.8641975308641975,0.8641975308641975,0.012345679012345734
48,26,73,0.3698630136986301,0.3698630136986301,0.0821917808219178
49,0,51,0.0,-0.8431372549019608,0.9803921568627451
49,1,45,0.0,-0.4222222222222222,1.0
49,2,51,0.0,0.0,0.37254901960784315
49,3,54,0.0,0.0,0.16666666666666666
49,4,49,0.0,0.0,0.673469387755102
49,5,53,0.0,0.0,0.05660377358490566
49,6,52,0.0,0.0,0.019230769230769232
49,7,58,0.0,0.0,0.034482758620689655
49,8,62,0.0,0.0,0.5645161290322581
49,9,66,0.0,-0.12121212121212122,0.9242424242424242
49,10,71,0.0,-0.028169014084507043,0.11267605633802817
49,11,68,0.0,-0.014705882352941176,0.5147058823529411
49,12,54,0.0,0.0,0.4444444444444444
49,13,66,0.0,0.0,0.18181818181818182
49,14,60,0.0,0.0,0.13333333333333333
49,15,54,0.0,-0.7592592592592593,0.7592592592592593
49,16,71,0.0,-0.5070422535211268,0.5070422535211268
49,17,60,0.0,0.0,0.31666666666666665
49,18,66,0.7424242424242424,0.09090909090909094,0.06060606060606055
49,19,52,0.5192307692307693,-0.15384615384615385,0.15384615384615385
49,20,92,0.010869565217391304,0.010869565217391304,0.14130434782608697
49,21,55,0.23636363636363636,0.23636363636363636,0.3090909090909091
49,22,57,0.19298245614035087,0.19298245614035087,0.05263157894736842
49,23,46,0.2391304347826087,0.2391304347826087,0.17391304347826086
49,24,48,0.1875,0.1875,0.2916666666666667
49,25,81,0.8395061728395061,0.8395061728395061,0.03703703703703709
49,26,73,0.3561643835616438,0.3561643835616438,0.0958904109589041
50,0,51,0.0,-0.8431372549019608,0.9803921568627451
50,1,45,0.0,-0.4222222222222222,1.0
50,2,51,0.0,0.0,0.37254901960784315
50,3,54,0.0,0.0,0.16666666666666666
50,4,49,0.0,0.0,0.673469387755102
50,5,53,0.0,0.0,0.05660377358490566
50,6,52,0.0,0.0,0.019230769230769232
50,7,58,0.0,0.0,0.034482758620689655
50,8,62,0.0,0.0,0.5645161290322581
50,9,66,0.0,-0.12121212121212122,0.9242424242424242
50,10,71,0.0,-0.028169014084507043,0.11267605633802817
50,11,68,0.0,-0.014705882352941176,0.5147058823529411
50,12,54,0.0,0.0,0.4444444444444444
50,13,66,0.0,0.0,0.18181818181818182
50,14,60,0.0,0.0,0.13333333333333333
50,15,54,0.0,-0.7592592592592593,0.7592592592592593
50,16,71,0.0,-0.5070422535211268,0.5070422535211268
50,17,60,0.0,0.0,0.31666666666666665
50,18,66,0.7424242424242424,0.09090909090909094,0.06060606060606055
50,19,52,0.5,-0.17307692307692313,0.17307692307692313
50,20,92,0.010869565217391304,0.010869565217391304,0.14130434782608697
50,21,55,0.18181818181818182,0.18181818181818182,0.3636363636363636
50,22,57,0.24561403508771928,0.24561403508771928,0.0
50,23,46,0.2608695652173913,0.2608695652173913,0.15217391304347827
50,24,48,0.0625,0.0625,0.4166666666666667
50,25,81,0.9012345679012346,0.9012345679012346,0.0
50,26,73,0.3972602739726027,0.3972602739726027,0.0547945205479452
51,0,51,0.0,-0.8431372549019608,0.9803921568627451
51,1,45,0.0,-0.4222222222222222,1.0
51,2,51,0.0,0.0,0.37254901960784315
51,3,54,0.0,0.0,0.16666666666666666
51,4,49,0.0,0.0,0.673469387755102
51,5,53,0.0,0.0,0.05660377358490566
51,6,52,0.0,0.0,0.019230769230769232
51,7,58,0.0,0.0,0.034482758620689655
51,8,62,0.0,0.0,0.5645161290322581
51,9,66,0.0,-0.12121212121212122,0.9242424242424242
51,10,71,0.0,-0.028169014084507043,0.11267605633802817
51,11,68,0.0,-0.014705882352941176,0.5147058823529411
51,12,54,0.0,0.0,0.4444444444444444
51,13,66,0.0,0.0,0.18181818181818182
51,14,60,0.0,0.0,0.13333333333333333
51,15,54,0.0,-0.7592592592592593,0.7592592592592593
51,16,71,0.0,-0.5070422535211268,0.5070422535211268
51,17,60,0.0,0.0,0.31666666666666665
51,18,66,0.7878787878787878,0.13636363636363635,0.015151515151515138
51,19,52,0.46153846153846156,-0.21153846153846156,0.21153846153846156
51,20,92,0.010869565217391304,0.010869565217391304,0.14130434782608697
51,21,55,0.18181818181818182,0.18181818181818182,0.3636363636363636
51,22,57,0.2631578947368421,0.2631578947368421,0.0
51,23,46,0.30434782608695654,0.30434782608695654,0.10869565217391303
51,24,48,0.125,0.125,0.3541666666666667
51,25,81,0.8518518518518519,0.8518518518518519,0.04938271604938271
51,26,73,0.3835616438356164,0.3835616438356164,0.0684931506849315
52,0,51,0.0,-0.8431372549019608,0.9803921568627451
52,1,45,0.0,-0.4222222222222222,1.0
52,2,51,0.0,0.0,0.37254901960784315
52,3,54,0.0,0.0,0.16666666666666666
52,4,49,0.0,0.0,0.673469387755102
52,5,53,0.0,0.0,0.05660377358490566
52,6,52,0.0,0.0,0.019230769230769232
52,7,58,0.0,0.0,0.034482758620689655
52,8,62,0.0,0.0,0.5645161290322581
52,9,66,0.0,-0.12121212121212122,0.9242424242424242
52,10,71,0.0,-0.028169014084507043,0.11267605633802817
52,11,68,0.0,-0.014705882352941176,0.5147058823529411
52,12,54,0.0,0.0,0.4444444444444444
52,13,66,0.0,0.0,0.18181818181818182
52,14,60,0.0,0.0,0.13333333333333333
52,15,54,0.0,-0.7592592592592593,0.7592592592592593
52,16,71,0.0,-0.5070422535211268,0.5070422535211268
52,17,60,0.0,0.0,0.31666666666666665
52,18,66,0.7727272727272727,0.12121212121212122,0.030303030303030276
52,19,52,0.46153846153846156,-0.21153846153846156,0.21153846153846156
52,20,92,0.010869565217391304,0.010869565217391304,0.14130434782608697
52,21,55,0.2909090909090909,0.2909090909090909,0.2545454545454545
52,22,57,0.22807017543859648,0.22807017543859648,0.03508771929824561
52,23,46,0.34782608695652173,0.34782608695652173,0.06521739130434784
52,24,48,0.14583333333333334,0.14583333333333334,0.33333333333333337
52,25,81,0.8271604938271605,0.8271604938271605,0.07407407407407407
52,26,73,0.3561643835616438,0.3561643835616438,0.0958904109589041
53,0,51,0.0,-0.8431372549019608,0.9803921568627451
53,1,45,0.0,-0.4222222222222222,1.0
53,2,51,0.0,0.0,0.37254901960784315
53,3,54,0.0,0.0,0.16666666666666666
53,4,49,0.0,0.0,0.673469387755102
53,5,53,0.0,0.0,0.05660377358490566
53,6,52,0.0,0.0,0.019230769230769232
53,7,58,0.0,0.0,0.034482758620689655
53,8,62,0.0,0.0,0.5645161290322581
53,9,66,0.0,-0.12121212121212122,0.9242424242424242
53,10,71,0.0,-0.028169014084507043,0.11267605633802817
53,11,68,0.0,-0.014705882352941176,0.5147058823529411
53,12,54,0.0,0.0,0.4444444444444444
53,13,66,0.0,0.0,0.18181818181818182
53,14,60,0.0,0.0,0.13333333333333333
53,15,54,0.0,-0.7592592592592593,0.7592592592592593
53,16,71,0.0,-0.5070422535211268,0.5070422535211268
53,17,60,0.0,0.0,0.31666666666666665
53,18,66,0.7424242424242424,0.09090909090909094,0.06060606060606055
53,19,52,0.46153846153846156,-0.21153846153846156,0.21153846153846156
53,20,92,0.021739130434782608,0.021739130434782608,0.13043478260869568
53,21,55,0.32727272727272727,0.32727272727272727,0.21818181818181814
53,22,57,0.2982456140350877,0.2982456140350877,0.0
53,23,46,0.30434782608695654,0.30434782608695654,0.10869565217391303
53,24,48,0.16666666666666666,0.16666666666666666,0.3125
53,25,81,0.8148148148148148,0.8148148148148148,0.0864197530864198
53,26,73,0.410958904109589,0.410958904109589,0.0410958904109589
54,0,51,0.0,-0.8431372549019608,0.9803921568627451
54,1,45,0.0,-0.4222222222222222,1.0
54,2,51,0.0,0.0,0.37254901960784315
54,3,54,0.0,0.0,0.16666666666666666
54,4,49,0.0,0.0,0.673469387755102
54,5,53,0.0,0.0,0.05660377358490566
54,6,52,0.0,0.0,0.019230769230769232
54,7,58,0.0,0.0,0.034482758620689655
54,8,62,0.0,0.0,0.5645161290322581
54,9,66,0.0,-0.12121212121212122,0.9242424242424242
54,10,71,0.0,-0.028169014084507043,0.11267605633802817
54,11,68,0.0,-0.014705882352941176,0.5147058823529411
54,12,54,0.0,0.0,0.4444444444444444
54,13,66,0.0,0.0,0.18181818181818182
54,14,60,0.0,0.0,0.13333333333333333
54,15,54,0.0,-0.7592592592592593,0.7592592592592593
54,16,71,0.0,-0.5070422535211268,0.5070422535211268
54,17,60,0.0,0.0,0.31666666666666665
54,18,66,0.7121212121212122,0.06060606060606066,0.09090909090909083
54,19,52,0.46153846153846156,-0.21153846153846156,0.21153846153846156
54,20,92,0.021739130434782608,0.021739130434782608,0.13043478260869568
54,21,55,0.4727272727272727,0.4727272727272727,0.0727272727272727
54,22,57,0.2982456140350877,0.2982456140350877,0.0
54,23,46,0.34782608695652173,0.34782608695652173,0.06521739130434784
54,24,48,0.22916666666666666,0.22916666666666666,0.25
54,25,81,0.7530864197530864,0.7530864197530864,0.14814814814814814
54,26,73,0.3835616438356164,0.3835616438356164,0.0684931506849315
55,0,51,0.0,-0.8431372549019608,0.9803921568627451
55,1,45,0.0,-0.4222222222222222,1.0
55,2,51,0.0,0.0,0.37254901960784315
55,3,54,0.0,0.0,0.16666666666666666
55,4,49,0.0,0.0,0.673469387755102
55,5,53,0.0,0.0,0.05660377358490566
55,6,52,0.0,0.0,0.019230769230769232
55,7,58,0.0,0.0,0.034482758620689655
55,8,62,0.0,0.0,0.5645161290322581
55,9,66,0.0,-0.12121212121212122,0.9242424242424242
55,10,71,0.0,-0.028169014084507043,0.11267605633802817
55,11,68,0.0,-0.014705882352941176,0.5147058823529411
55,12,54,0.0,0.0,0.4444444444444444
55,13,66,0.0,0.0,0.18181818181818182
55,14,60,0.0,0.0,0.13333333333333333
55,15,54,0.0,-0.7592592592592593,0.7592592592592593
55,16,71,0.0,-0.5070422535211268,0.5070422535211268
55,17,60,0.0,0.0,0.31666666666666665
55,18,66,0.7121212121212122,0.06060606060606066,0.09090909090909083
55,19,52,0.5192307692307693,-0.15384615384615385,0.15384615384615385
55,20,92,0.021739130434782608,0.021739130434782608,0.13043478260869568
55,21,55,0.41818181818181815,0.41818181818181815,0.12727272727272726
55,22,57,0.2982456140350877,0.2982456140350877,0.0
55,23,46,0.30434782608695654,0.30434782608695654,0.10869565217391303
55,24,48,0.22916666666666666,0.22916666666666666,0.25
55,25,81,0.7407407407407407,0.7407407407407407,0.16049382716049387
55,26,73,0.3561643835616438,0.3561643835616438,0.0958904109589041
56,0,51,0.0,-0.8431372549019608,0.9803921568627451
56,1,45,0.0,-0.4222222222222222,1.0
56,2,51,0.0,0.0,0.37254901960784315
56,3,54,0.0,0.0,0.16666666666666666
56,4,49,0.0,0.0,0.673469387755102
56,5,53,0.0,0.0,0.05660377358490566
56,6,52,0.0,0.0,0.019230769230769232
56,7,58,0.0,0.0,0.034482758620689655
56,8,62,0.0,0.0,0.5645161290322581
56,9,66,0.0,-0.12121212121212122,0.9242424242424242
56,10,71,0.0,-0.028169014084507043,0.11267605633802817
56,11,68,0.0,-0.014705882352941176,0.5147058823529411
56,12,54,0.0,0.0,0.4444444444444444
56,13,66,0.0,0.0,0.18181818181818182
56,14,60,0.0,0.0,0.13333333333333333
56,15,54,0.0,-0.7592592592592593,0.7592592592592593
56,16,71,0.0,-0.5070422535211268,0.5070422535211268
56,17,60,0.0,0.0,0.31666666666666665
56,18,66,0.6666666666666666,0.015151515151515138,0.13636363636363635
56,19,52,0.46153846153846156,-0.21153846153846156,0.21153846153846156
56,20,92,0.043478260869565216,0.043478260869565216,0.10869565217391305
56,21,55,0.43636363636363634,0.43636363636363634,0.10909090909090907
56,22,57,0.3157894736842105,0.3157894736842105,0.0
56,23,46,0.32608695652173914,0.32608695652173914,0.08695652173913043
56,24,48,0.16666666666666666,0.16666666666666666,0.3125
56,25,81,0.7530864197530864,0.7530864197530864,0.14814814814814814
56,26,73,0.3698630136986301,0.3698630136986301,0.0821917808219178
57,0,51,0.0,-0.8431372549019608,0.9803921568627451
57,1,45,0.0,-0.4222222222222222,1.0
57,2,51,0.0,0.0,0.37254901960784315
57,3,54,0.0,0.0,0.16666666666666666
57,4,49,0.0,0.0,0.673469387755102
57,5,53,0.0,0.0,0.05660377358490566
57,6,52,0.0,0.0,0.019230769230769232
57,7,58,0.0,0.0,0.034482758620689655
57,8,62,0.0,0.0,0.5645161290322581
57,9,66,0.0,-0.12121212121212122,0.9242424242424242
57,10,71,0.0,-0.028169014084507043,0.11267605633802817
57,11,68,0.0,-0.014705882352941176,0.5147058823529411
57,12,54,0.0,0.0,0.4444444444444444
57,13,66,0.0,0.0,0.18181818181818182
57,14,60,0.0,0.0,0.13333333333333333
57,15,54,0.0,-0.7592592592592593,0.7592592592592593
57,16,71,0.0,-0.5070422535211268,0.5070422535211268
57,17,60,0.0,0.0,0.31666666666666665
57,18,66,0.5757575757575758,-0.07575757575757569,0.22727272727272718
57,19,52,0.4423076923076923,-0.23076923076923084,0.23076923076923084
57,20,92,0.05434782608695652,0.05434782608695652,0.09782608695652176
57,21,55,0.6,0.6,0.0
57,22,57,0.7017543859649122,0.7017543859649122,0.0
57,23,46,0.5,0.5,0.0
57,24,48,0.22916666666666666,0.22916666666666666,0.25
57,25,81,0.5308641975308642,0.5308641975308642,0.37037037037037035
57,26,73,0.3287671232876712,0.3287671232876712,0.1232876712328767
58,0,51,0.0,-0.8431372549019608,0.9803921568627451
58,1,45,0.0,-0.4222222222222222,1.0
58,2,51,0.0,0.0,0.37254901960784315
58,3,54,0.0,0.0,0.16666666666666666
58,4,49,0.0,0.0,0.673469387755102
58,5,53,0.0,0.0,0.05660377358490566
58,6,52,0.0,0.0,0.019230769230769232
58,7,58,0.0,0.0,0.034482758620689655
58,8,62,0.0,0.0,0.5645161290322581
58,9,66,0.0,-0.12121212121212122,0.9242424242424242
58,10,71,0.0,-0.028169014084507043,0.11267605633802817
58,11,68,0.0,-0.014705882352941176,0.5147058823529411
58,12,54,0.0,0.0,0.4444444444444444
58,13,66,0.0,0.0,0.18181818181818182
58,14,60,0.0,0.0,0.13333333333333333
58,15,54,0.0,-0.7592592592592593,0.7592592592592593
58,16,71,0.0,-0.5070422535211268,0.5070422535211268
58,17,60,0.0,0.0,0.31666666666666665
58,18,66,0.7272727272727273,0.0757575757575758,0.07575757575757569
58,19,52,0.38461538461538464,-0.2884615384615385,0.2884615384615385
58,20,92,0.021739130434782608,0.021739130434782608,0.13043478260869568
58,21,55,0.5272727272727272,0.5272727272727272,0.07272727272727275
58,22,57,0.42105263157894735,0.42105263157894735,0.2807017543859649
58,23,46,0.391304347826087,0.391304347826087,0.10869565217391303
58,24,48,0.14583333333333334,0.14583333333333334,0.33333333333333337
58,25,81,0.7901234567901234,0.7901234567901234,0.11111111111111116
58,26,73,0.3287671232876712,0.3287671232876712,0.1232876712328767
59,0,51,0.0,-0.8431372549019608,0.9803921568627451
59,1,45,0.0,-0.4222222222222222,1.0
59,2,51,0.0,0.0,0.37254901960784315
59,3,54,0.0,0.0,0.16666666666666666
59,4,49,0.0,0.0,0.673469387755102
59,5,53,0.0,0.0,0.05660377358490566
59,6,52,0.0,0.0,0.019230769230769232
59,7,58,0.0,0.0,0.034482758620689655
59,8,62,0.0,0.0,0.5645161290322581
59,9,66,0.0,-0.12121212121212122,0.9242424242424242
59,10,71,0.0,-0.028169014084507043,0.11267605633802817
59,11,68,0.0,-0.014705882352941176,0.5147058823529411
59,12,54,0.0,0.0,0.4444444444444444
59,13,66,0.0,0.0,0.18181818181818182
59,14,60,0.0,0.0,0.13333333333333333
59,15,54,0.0,-0.7592592592592593,0.7592592592592593
59,16,71,0.0,-0.5070422535211268,0.5070422535211268
59,17,60,0.0,0.0,0.31666666666666665
59,18,66,0.7272727272727273,0.0757575757575758,0.07575757575757569
59,19,52,0.4230769230769231,-0.25000000000000006,0.25000000000000006
59,20,92,0.03260869565217391,0.03260869565217391,0.11956521739130435
59,21,55,0.509090909090909,0.509090909090909,0.09090909090909094
59,22,57,0.45614035087719296,0.45614035087719296,0.24561403508771928
59,23,46,0.34782608695652173,0.34782608695652173,0.15217391304347827
59,24,48,0.2708333333333333,0.2708333333333333,0.20833333333333337
59,25,81,0.7037037037037037,0.7037037037037037,0.19753086419753085
59,26,73,0.273972602739726,0.273972602739726,0.1780821917808219
60,0,51,0.0,-0.8431372549019608,0.9803921568627451
60,1,45,0.0,-0.4222222222222222,1.0
60,2,51,0.0,0.0,0.37254901960784315
60,3,54,0.0,0.0,0.16666666666666666
60,4,49,0.0,0.0,0.673469387755102
60,5,53,0.0,0.0,0.05660377358490566
60,6,52,0.0,0.0,0.019230769230769232
60,7,58,0.0,0.0,0.034482758620689655
60,8,62,0.0,0.0,0.5645161290322581
60,9,66,0.0,-0.12121212121212122,0.9242424242424242
60,10,71,0.0,-0.028169014084507043,0.11267605633802817
60,11,68,0.0,-0.014705882352941176,0.5147058823529411
60,12,54,0.0,0.0,0.4444444444444444
60,13,66,0.0,0.0,0.18181818181818182
60,14,60,0.0,0.0,0.13333333333333333
60,15,54,0.0,-0.7592592592592593,0.7592592592592593
60,16,71,0.0,-0.5070422535211268,0.5070422535211268
60,17,60,0.0,0.0,0.31666666666666665
60,18,66,0.7121212121212122,0.06060606060606066,0.09090909090909083
60,19,52,0.40384615384615385,-0.2692307692307693,0.2692307692307693
60,20,92,0.021739130434782608,0.021739130434782608,0.13043478260869568
60,21,55,0.34545454545454546,0.34545454545454546,0.2545454545454545
60,22,57,0.3157894736842105,0.3157894736842105,0.38596491228070173
60,23,46,0.32608695652173914,0.32608695652173914,0.17391304347826086
60,24,48,0.10416666666666667,0.10416666666666667,0.375
60,25,81,0.8148148148148148,0.8148148148148148,0.0864197530864198
60,26,73,0.3561643835616438,0.3561643835616438,0.0958904109589041
61,0,51,0.0,-0.8431372549019608,0.9803921568627451
61,1,45,0.0,-0.4222222222222222,1.0
61,2,51,0.0,0.0,0.37254901960784315
61,3,54,0.0,0.0,0.16666666666666666
61,4,49,0.0,0.0,0.673469387755102
61,5,53,0.0,0.0,0.05660377358490566
61,6,52,0.0,0.0,0.019230769230769232
61,7,58,0.0,0.0,0.034482758620689655
61,8,62,0.0,0.0,0.5645161290322581
61,9,66,0.0,-0.12121212121212122,0.9242424242424242
61,10,71,0.0,-0.028169014084507043,0.11267605633802817
61,11,68,0.0,-0.014705882352941176,0.5147058823529411
61,12,54,0.0,0.0,0.4444444444444444
61,13,66,0.0,0.0,0.18181818181818182
61,14,60,0.0,0.0,0.13333333333333333
61,15,54,0.0,-0.7592592592592593,0.7592592592592593
61,16,71,0.0,-0.5070422535211268,0.5070422535211268
61,17,60,0.0,0.0,0.31666666666666665
61,18,66,0.696969696969697,0.045454545454545525,0.10606060606060597
61,19,52,0.4807692307692308,-0.19230769230769235,0.19230769230769235
61,20,92,0.021739130434782608,0.021739130434782608,0.13043478260869568
61,21,55,0.34545454545454546,0.34545454545454546,0.2545454545454545
61,22,57,0.3333333333333333,0.3333333333333333,0.3684210526315789
61,23,46,0.21739130434782608,0.21739130434782608,0.28260869565217395
61,24,48,0.16666666666666666,0.16666666666666666,0.3125
61,25,81,0.7777777777777778,0.7777777777777778,0.12345679012345678
61,26,73,0.3698630136986301,0.3698630136986301,0.0821917808219178
62,0,51,0.0,-0.8431372549019608,0.9803921568627451
62,1,45,0.0,-0.4222222222222222,1.0
62,2,51,0.0,0.0,0.37254901960784315
62,3,54,0.0,0.0,0.16666666666666666
62,4,49,0.0,0.0,0.673469387755102
62,5,53,0.0,0.0,0.05660377358490566
62,6,52,0.0,0.0,0.019230769230769232
62,7,58,0.0,0.0,0.034482758620689655
62,8,62,0.0,0.0,0.5645161290322581
62,9,66,0.0,-0.12121212121212122,0.9242424242424242
62,10,71,0.0,-0.028169014084507043,0.11267605633802817
62,11,68,0.0,-0.014705882352941176,0.5147058823529411
62,12,54,0.0,0.0,0.4444444444444444
62,13,66,0.0,0.0,0.18181818181818182
62,14,60,0.0,0.0,0.13333333333333333
62,15,54,0.0,-0.7592592592592593,0.7592592592592593
62,16,71,0.0,-0.5070422535211268,0.5070422535211268
62,17,60,0.0,0.0,0.31666666666666665
62,18,66,0.8181818181818182,0.16666666666666674,0.0
62,19,52,0.3269230769230769,-0.3461538461538462,0.3461538461538462
62,20,92,0.010869565217391304,0.010869565217391304,0.14130434782608697
62,21,55,0.2,0.2,0.39999999999999997
62,22,57,0.631578947368421,0.631578947368421,0.07017543859649122
62,23,46,0.17391304347826086,0.17391304347826086,0.32608695652173914
62,24,48,0.125,0.125,0.3541666666666667
62,25,81,0.7283950617283951,0.7283950617283951,0.1728395061728395
62,26,73,0.3972602739726027,0.3972602739726027,0.0547945205479452
63,0,51,0.0,-0.8431372549019608,0.9803921568627451
63,1,45,0.0,-0.4222222222222222,1.0
63,2,51,0.0,0.0,0.37254901960784315
63,3,54,0.0,0.0,0.16666666666666666
63,4,49,0.0,0.0,0.673469387755102
63,5,53,0.0,0.0,0.05660377358490566
63,6,52,0.0,0.0,0.019230769230769232
63,7,58,0.0,0.0,0.034482758620689655
63,8,62,0.0,0.0,0.5645161290322581
63,9,66,0.0,-0.12121212121212122,0.9242424242424242
63,10,71,0.0,-0.028169014084507043,0.11267605633802817
63,11,68,0.0,-0.014705882352941176,0.5147058823529411
63,12,54,0.0,0.0,0.4444444444444444
63,13,66,0.0,0.0,0.18181818181818182
63,14,60,0.0,0.0,0.13333333333333333
63,15,54,0.0,-0.7592592592592593,0.7592592592592593
63,16,71,0.0,-0.5070422535211268,0.5070422535211268
63,17,60,0.0,0.0,0.31666666666666665
63,18,66,0.696969696969697,0.045454545454545525,0.12121212121212122
63,19,52,0.38461538461538464,-0.2884615384615385,0.2884615384615385
63,20,92,0.043478260869565216,0.043478260869565216,0.10869565217391305
63,21,55,0.38181818181818183,0.38181818181818183,0.21818181818181814
63,22,57,0.3508771929824561,0.3508771929824561,0.3508771929824561
63,23,46,0.391304347826087,0.391304347826087,0.10869565217391303
63,24,48,0.08333333333333333,0.08333333333333333,0.39583333333333337
63,25,81,0.7901234567901234,0.7901234567901234,0.11111111111111116
63,26,73,0.4931506849315068,0.4931506849315068,0.0
64,0,51,0.0,-0.8431372549019608,0.9803921568627451
64,1,45,0.0,-0.4222222222222222,1.0
64,2,51,0.0,0.0,0.37254901960784315
64,3,54,0.0,0.0,0.16666666666666666
64,4,49,0.0,0.0,0.673469387755102
64,5,53,0.0,0.0,0.05660377358490566
64,6,52,0.0,0.0,0.019230769230769232
64,7,58,0.0,0.0,0.034482758620689655
64,8,62,0.0,0.0,0.5645161290322581
64,9,66,0.0,-0.12121212121212122,0.9242424242424242
64,10,71,0.0,-0.028169014084507043,0.11267605633802817
64,11,68,0.0,-0.014705882352941176,0.5147058823529411
64,12,54,0.0,0.0,0.4444444444444444
64,13,66,0.0,0.0,0.18181818181818182
64,14,60,0.0,0.0,0.13333333333333333
64,15,54,0.0,-0.7592592592592593,0.7592592592592593
64,16,71,0.0,-0.5070422535211268,0.5070422535211268
64,17,60,0.0,0.0,0.31666666666666665
64,18,66,0.7424242424242424,0.09090909090909094,0.0757575757575758
64,19,52,0.38461538461538464,-0.2884615384615385,0.2884615384615385
64,20,92,0.021739130434782608,0.021739130434782608,0.13043478260869568
64,21,55,0.4727272727272727,0.4727272727272727,0.12727272727272726
64,22,57,0.3333333333333333,0.3333333333333333,0.3684210526315789
64,23,46,0.34782608695652173,0.34782608695652173,0.15217391304347827
64,24,48,0.125,0.125,0.3541666666666667
64,25,81,0.7901234567901234,0.7901234567901234,0.11111111111111116
64,26,73,0.3561643835616438,0.3561643835616438,0.136986301369863
65,0,51,0.0,-0.8431372549019608,0.9803921568627451
65,1,45,0.0,-0.4222222222222222,1.0
65,2,51,0.0,0.0,0.37254901960784315
65,3,54,0.0,0.0,0.16666666666666666
65,4,49,0.0,0.0,0.673469387755102
65,5,53,0.0,0.0,0.05660377358490566
65,6,52,0.0,0.0,0.019230769230769232
65,7,58,0.0,0.0,0.034482758620689655
65,8,62,0.0,0.0,0.5645161290322581
65,9,66,0.0,-0.12121212121212122,0.9242424242424242
65,10,71,0.0,-0.028169014084507043,0.11267605633802817
65,11,68,0.0,-0.014705882352941176,0.5147058823529411
65,12,54,0.0,0.0,0.4444444444444444
65,13,66,0.0,0.0,0.18181818181818182
65,14,60,0.0,0.0,0.13333333333333333
65,15,54,0.0,-0.7592592592592593,0.7592592592592593
65,16,71,0.0,-0.5070422535211268,0.5070422535211268
65,17,60,0.0,0.0,0.31666666666666665
65,18,66,0.6818181818181818,0.030303030303030276,0.13636363636363646
65,19,52,0.40384615384615385,-0.2692307692307693,0.2692307692307693
65,20,92,0.021739130434782608,0.021739130434782608,0.13043478260869568
65,21,55,0.41818181818181815,0.41818181818181815,0.18181818181818182
65,22,57,0.3508771929824561,0.3508771929824561,0.3508771929824561
65,23,46,0.34782608695652173,0.34782608695652173,0.15217391304347827
65,24,48,0.10416666666666667,0.10416666666666667,0.375
65,25,81,0.8148148148148148,0.8148148148148148,0.0864197530864198
65,26,73,0.4383561643835616,0.4383561643835616,0.0547945205479452
66,0,51,0.0,-0.8431372549019608,0.9803921568627451
66,1,45,0.0,-0.4222222222222222,1.0
66,2,51,0.0,0.0,0.37254901960784315
66,3,54,0.0,0.0,0.16666666666666666
66,4,49,0.0,0.0,0.673469387755102
66,5,53,0.0,0.0,0.05660377358490566
66,6,52,0.0,0.0,0.019230769230769232
66,7,58,0.0,0.0,0.034482758620689655
66,8,62,0.0,0.0,0.5645161290322581
66,9,66,0.0,-0.12121212121212122,0.9242424242424242
66,10,71,0.0,-0.028169014084507043,0.11267605633802817
66,11,68,0.0,-0.014705882352941176,0.5147058823529411
66,12,54,0.0,0.0,0.4444444444444444
66,13,66,0.0,0.0,0.18181818181818182
66,14,60,0.0,0.0,0.13333333333333333
66,15,54,0.0,-0.7592592592592593,0.7592592592592593
66,16,71,0.0,-0.5070422535211268,0.5070422535211268
66,17,60,0.0,0.0,0.31666666666666665
66,18,66,0.8181818181818182,0.16666666666666674,0.0
66,19,52,0.36538461538461536,-0.30769230769230776,0.30769230769230776
66,20,92,0.021739130434782608,0.021739130434782608,0.13043478260869568
66,21,55,0.41818181818181815,0.41818181818181815,0.18181818181818182
66,22,57,0.38596491228070173,0.38596491228070173,0.3157894736842105
66,23,46,0.391304347826087,0.391304347826087,0.10869565217391303
66,24,48,0.10416666666666667,0.10416666666666667,0.375
66,25,81,0.8148148148148148,0.8148148148148148,0.0864197530864198
66,26,73,0.4246575342465753,0.4246575342465753,0.0684931506849315
67,0,51,0.0,-0.8431372549019608,0.9803921568627451
67,1,45,0.0,-0.4222222222222222,1.0
67,2,51,0.0,0.0,0.37254901960784315
67,3,54,0.0,0.0,0.16666666666666666
67,4,49,0.0,0.0,0.673469387755102
67,5,53,0.0,0.0,0.05660377358490566
67,6,52,0.0,0.0,0.019230769230769232
67,7,58,0.0,0.0,0.034482758620689655
67,8,62,0.0,0.0,0.5645161290322581
67,9,66,0.0,-0.12121212121212122,0.9242424242424242
67,10,71,0.0,-0.028169014084507043,0.11267605633802817
67,11,68,0.0,-0.014705882352941176,0.5147058823529411
67,12,54,0.0,0.0,0.4444444444444444
67,13,66,0.0,0.0,0.18181818181818182
67,14,60,0.0,0.0,0.13333333333333333
67,15,54,0.0,-0.7592592592592593,0.7592592592592593
67,16,71,0.0,-0.5070422535211268,0.5070422535211268
67,17,60,0.0,0.0,0.31666666666666665
67,18,66,0.7121212121212122,0.06060606060606066,0.10606060606060608
67,19,52,0.36538461538461536,-0.30769230769230776,0.30769230769230776
67,20,92,0.043478260869565216,0.043478260869565216,0.10869565217391305
67,21,55,0.5272727272727272,0.5272727272727272,0.07272727272727275
67,22,57,0.3508771929824561,0.3508771929824561,0.3508771929824561
67,23,46,0.5217391304347826,0.5217391304347826,0.0
67,24,48,0.08333333333333333,0.08333333333333333,0.39583333333333337
67,25,81,0.7901234567901234,0.7901234567901234,0.11111111111111116
67,26,73,0.4246575342465753,0.4246575342465753,0.0684931506849315
68,0,51,0.0,-0.8431372549019608,0.9803921568627451
68,1,45,0.0,-0.4222222222222222,1.0
68,2,51,0.0,0.0,0.37254901960784315
68,3,54,0.0,0.0,0.16666666666666666
68,4,49,0.0,0.0,0.673469387755102
68,5,53,0.0,0.0,0.05660377358490566
68,6,52,0.0,0.0,0.019230769230769232
68,7,58,0.0,0.0,0.034482758620689655
68,8,62,0.0,0.0,0.5645161290322581
68,9,66,0.0,-0.12121212121212122,0.9242424242424242
68,10,71,0.0,-0.028169014084507043,0.11267605633802817
68,11,68,0.0,-0.014705882352941176,0.5147058823529411
68,12,54,0.0,0.0,0.4444444444444444
68,13,66,0.0,0.0,0.18181818181818182
68,14,60,0.0,0.0,0.13333333333333333
68,15,54,0.0,-0.7592592592592593,0.7592592592592593
68,16,71,0.0,-0.5070422535211268,0.5070422535211268
68,17,60,0.0,0.0,0.31666666666666665
68,18,66,0.7575757575757576,0.10606060606060608,0.06060606060606066
68,19,52,0.38461538461538464,-0.2884615384615385,0.2884615384615385
68,20,92,0.03260869565217391,0.03260869565217391,0.11956521739130435
68,21,55,0.45454545454545453,0.45454545454545453,0.14545454545454545
68,22,57,0.3684210526315789,0.3684210526315789,0.3333333333333333
68,23,46,0.5,0.5,0.021739130434782594
68,24,48,0.10416666666666667,0.10416666666666667,0.375
68,25,81,0.8148148148148148,0.8148148148148148,0.0864197530864198
68,26,73,0.4246575342465753,0.4246575342465753,0.0684931506849315
69,0,51,0.0,-0.8431372549019608,0.9803921568627451
69,1,45,0.0,-0.4222222222222222,1.0
69,2,51,0.0,0.0,0.37254901960784315
69,3,54,0.0,0.0,0.16666666666666666
69,4,49,0.0,0.0,0.673469387755102
69,5,53,0.0,0.0,0.05660377358490566
69,6,52,0.0,0.0,0.019230769230769232
69,7,58,0.0,0.0,0.034482758620689655
69,8,62,0.0,0.0,0.5645161290322581
69,9,66,0.0,-0.12121212121212122,0.9242424242424242
69,10,71,0.0,-0.028169014084507043,0.11267605633802817
69,11,68,0.0,-0.014705882352941176,0.5147058823529411
69,12,54,0.0,0.0,0.4444444444444444
69,13,66,0.0,0.0,0.18181818181818182
69,14,60,0.0,0.0,0.13333333333333333
69,15,54,0.0,-0.7592592592592593,0.7592592592592593
69,16,71,0.0,-0.5070422535211268,0.5070422535211268
69,17,60,0.0,0.0,0.31666666666666665
69,18,66,0.7575757575757576,0.10606060606060608,0.06060606060606066
69,19,52,0.38461538461538464,-0.2884615384615385,0.2884615384615385
69,20,92,0.021739130434782608,0.021739130434782608,0.13043478260869568
69,21,55,0.509090909090909,0.509090909090909,0.09090909090909094
69,22,57,0.3333333333333333,0.3333333333333333,0.3684210526315789
69,23,46,0.43478260869565216,0.43478260869565216,0.08695652173913043
69,24,48,0.10416666666666667,0.10416666666666667,0.375
69,25,81,0.8148148148148148,0.8148148148148148,0.0864197530864198
69,26,73,0.3698630136986301,0.3698630136986301,0.1232876712328767
70,0,51,0.0,-0.8431372549019608,0.9803921568627451
70,1,45,0.0,-0.4222222222222222,1.0
70,2,51,0.0,0.0,0.37254901960784315
70,3,54,0.0,0.0,0.16666666666666666
70,4,49,0.0,0.0,0.673469387755102
70,5,53,0.0,0.0,0.05660377358490566
70,6,52,0.0,0.0,0.019230769230769232
70,7,58,0.0,0.0,0.034482758620689655
70,8,62,0.0,0.0,0.5645161290322581
70,9,66,0.0,-0.12121212121212122,0.9242424242424242
70,10,71,0.0,-0.028169014084507043,0.11267605633802817
70,11,68,0.0,-0.014705882352941176,0.5147058823529411
70,12,54,0.0,0.0,0.4444444444444444
70,13,66,0.0,0.0,0.18181818181818182
70,14,60,0.0,0.0,0.13333333333333333
70,15,54,0.0,-0.7592592592592593,0.7592592592592593
70,16,71,0.0,-0.5070422535211268,0.5070422535211268
70,17,60,0.0,0.0,0.31666666666666665
70,18,66,0.696969696969697,0.045454545454545525,0.12121212121212122
70,19,52,0.4230769230769231,-0.25000000000000006,0.25000000000000006
70,20,92,0.010869565217391304,0.010869565217391304,0.14130434782608697
70,21,55,0.45454545454545453,0.45454545454545453,0.14545454545454545
70,22,57,0.3684210526315789,0.3684210526315789,0.3333333333333333
70,23,46,0.34782608695652173,0.34782608695652173,0.17391304347826086
70,24,48,0.10416666666666667,0.10416666666666667,0.375
70,25,81,0.7901234567901234,0.7901234567901234,0.11111111111111116
70,26,73,0.410958904109589,0.410958904109589,0.0821917808219178
71,0,51,0.0,-0.8431372549019608,0.9803921568627451
71,1,45,0.0,-0.4222222222222222,1.0
71,2,51,0.0,0.0,0.37254901960784315
71,3,54,0.0,0.0,0.16666666666666666
71,4,49,0.0,0.0,0.673469387755102
71,5,53,0.0,0.0,0.05660377358490566
71,6,52,0.0,0.0,0.019230769230769232
71,7,58,0.0,0.0,0.034482758620689655
71,8,62,0.0,0.0,0.5645161290322581
71,9,66,0.0,-0.12121212121212122,0.9242424242424242
71,10,71,0.0,-0.028169014084507043,0.11267605633802817
71,11,68,0.0,-0.014705882352941176,0.5147058823529411
71,12,54,0.0,0.0,0.4444444444444444
71,13,66,0.0,0.0,0.18181818181818182
71,14,60,0.0,0.0,0.13333333333333333
71,15,54,0.0,-0.7592592592592593,0.7592592592592593
71,16,71,0.0,-0.5070422535211268,0.5070422535211268
71,17,60,0.0,0.0,0.31666666666666665
71,18,66,0.7878787878787878,0.13636363636363635,0.030303030303030387
71,19,52,0.3269230769230769,-0.3461538461538462,0.3461538461538462
71,20,92,0.03260869565217391,0.03260869565217391,0.11956521739130435
71,21,55,0.5454545454545454,0.5454545454545454,0.054545454545454564
71,22,57,0.3508771929824561,0.3508771929824561,0.3508771929824561
71,23,46,0.41304347826086957,0.41304347826086957,0.10869565217391303
71,24,48,0.10416666666666667,0.10416666666666667,0.375
71,25,81,0.7777777777777778,0.7777777777777778,0.12345679012345678
71,26,73,0.3835616438356164,0.3835616438356164,0.1095890410958904
72,0,51,0.0,-0.8431372549019608,0.9803921568627451
72,1,45,0.0,-0.4222222222222222,1.0
72,2,51,0.0,0.0,0.37254901960784315
72,3,54,0.0,0.0,0.16666666666666666
72,4,49,0.0,0.0,0.673469387755102
72,5,53,0.0,0.0,0.05660377358490566
72,6,52,0.0,0.0,0.019230769230769232
72,7,58,0.0,0.0,0.034482758620689655
72,8,62,0.0,0.0,0.5645161290322581
72,9,66,0.0,-0.12121212121212122,0.9242424242424242
72,10,71,0.0,-0.028169014084507043,0.11267605633802817
72,11,68,0.0,-0.014705882352941176,0.5147058823529411
72,12,54,0.0,0.0,0.4444444444444444
72,13,66,0.0,0.0,0.18181818181818182
72,14,60,0.0,0.0,0.13333333333333333
72,15,54,0.0,-0.7592592592592593,0.7592592592592593
72,16,71,0.0,-0.5070422535211268,0.5070422535211268
72,17,60,0.0,0.0,0.31666666666666665
72,18,66,0.7575757575757576,0.10606060606060608,0.06060606060606066
72,19,52,0.34615384615384615,-0.326923076923077,0.326923076923077
72,20,92,0.021739130434782608,0.021739130434782608,0.13043478260869568
72,21,55,0.4,0.4,0.19999999999999996
72,22,57,0.3684210526315789,0.3684210526315789,0.3333333333333333
72,23,46,0.391304347826087,0.391304347826087,0.13043478260869562
72,24,48,0.08333333333333333,0.08333333333333333,0.39583333333333337
72,25,81,0.8271604938271605,0.8271604938271605,0.07407407407407407
72,26,73,0.4383561643835616,0.4383561643835616,0.0547945205479452
73,0,51,0.0,-0.8431372549019608,0.9803921568627451
73,1,45,0.0,-0.4222222222222222,1.0
73,2,51,0.0,0.0,0.37254901960784315
73,3,54,0.0,0.0,0.16666666666666666
73,4,49,0.0,0.0,0.673469387755102
73,5,53,0.0,0.0,0.05660377358490566
73,6,52,0.0,0.0,0.019230769230769232
73,7,58,0.0,0.0,0.034482758620689655
73,8,62,0.0,0.0,0.5645161290322581
73,9,66,0.0,-0.12121212121212122,0.9242424242424242
73,10,71,0.0,-0.028169014084507043,0.11267605633802817
73,11,68,0.0,-0.014705882352941176,0.5147058823529411
73,12,54,0.0,0.0,0.4444444444444444
73,13,66,0.0,0.0,0.18181818181818182
73,14,60,0.0,0.0,0.13333333333333333
73,15,54,0.0,-0.7592592592592593,0.7592592592592593
73,16,71,0.0,-0.5070422535211268,0.5070422535211268
73,17,60,0.0,0.0,0.31666666666666665
73,18,66,0.7575757575757576,0.10606060606060608,0.06060606060606066
73,19,52,0.2692307692307692,-0.4038461538461539,0.4038461538461539
73,20,92,0.043478260869565216,0.043478260869565216,0.10869565217391305
73,21,55,0.5818181818181818,0.5818181818181818,0.018181818181818188
73,22,57,0.3508771929824561,0.3508771929824561,0.3508771929824561
73,23,46,0.5,0.5,0.021739130434782594
73,24,48,0.10416666666666667,0.10416666666666667,0.375
73,25,81,0.7777777777777778,0.7777777777777778,0.12345679012345678
73,26,73,0.3561643835616438,0.3561643835616438,0.136986301369863
74,0,51,0.0,-0.8431372549019608,0.9803921568627451
74,1,45,0.0,-0.4222222222222222,1.0
74,2,51,0.0,0.0,0.37254901960784315
74,3,54,0.0,0.0,0.16666666666666666
74,4,49,0.0,0.0,0.673469387755102
74,5,53,0.0,0.0,0.05660377358490566
74,6,52,0.0,0.0,0.019230769230769232
74,7,58,0.0,0.0,0.034482758620689655
74,8,62,0.0,0.0,0.5645161290322581
74,9,66,0.0,-0.12121212121212122,0.9242424242424242
74,10,71,0.0,-0.028169014084507043,0.11267605633802817
74,11,68,0.0,-0.014705882352941176,0.5147058823529411
74,12,54,0.0,0.0,0.4444444444444444
74,13,66,0.0,0.0,0.18181818181818182
74,14,60,0.0,0.0,0.13333333333333333
74,15,54,0.0,-0.7592592592592593,0.7592592592592593
74,16,71,0.0,-0.5070422535211268,0.5070422535211268
74,17,60,0.0,0.0,0.31666666666666665
74,18,66,0.7727272727272727,0.12121212121212122,0.045454545454545525
74,19,52,0.36538461538461536,-0.30769230769230776,0.30769230769230776
74,20,92,0.021739130434782608,0.021739130434782608,0.13043478260869568
74,21,55,0.41818181818181815,0.41818181818181815,0.18181818181818182
74,22,57,0.3684210526315789,0.3684210526315789,0.3333333333333333
74,23,46,0.41304347826086957,0.41304347826086957,0.10869565217391303
74,24,48,0.10416666666666667,0.10416666666666667,0.375
74,25,81,0.8518518518518519,0.8518518518518519,0.04938271604938271
74,26,73,0.3835616438356164,0.3835616438356164,0.1095890410958904
75,0,51,0.0,-0.8431372549019608,0.9803921568627451
75,1,45,0.0,-0.4222222222222222,1.0
75,2,51,0.0,0.0,0.37254901960784315
75,3,54,0.0,0.0,0.16666666666666666
75,4,49,0.0,0.0,0.673469387755102
75,5,53,0.0,0.0,0.05660377358490566
75,6,52,0.0,0.0,0.019230769230769232
75,7,58,0.0,0.0,0.034482758620689655
75,8,62,0.0,0.0,0.5645161290322581
75,9,66,0.0,-0.12121212121212122,0.9242424242424242
75,10,71,0.0,-0.028169014084507043,0.11267605633802817
75,11,68,0.0,-0.014705882352941176,0.5147058823529411
75,12,54,0.0,0.0,0.4444444444444444
75,13,66,0.0,0.0,0.18181818181818182
75,14,60,0.0,0.0,0.13333333333333333
75,15,54,0.0,-0.7592592592592593,0.7592592592592593
75,16,71,0.0,-0.5070422535211268,0.5070422535211268
75,17,60,0.0,0.0,0.31666666666666665
75,18,66,0.7424242424242424,0.09090909090909094,0.0757575757575758
75,19,52,0.4230769230769231,-0.25000000000000006,0.25000000000000006
75,20,92,0.03260869565217391,0.03260869565217391,0.11956521739130435
75,21,55,0.5272727272727272,0.5272727272727272,0.07272727272727275
75,22,57,0.3157894736842105,0.3157894736842105,0.38596491228070173
75,23,46,0.41304347826086957,0.41304347826086957,0.10869565217391303
75,24,48,0.20833333333333334,0.20833333333333334,0.27083333333333337
75,25,81,0.7901234567901234,0.7901234567901234,0.11111111111111116
75,26,73,0.3013698630136986,0.3013698630136986,0.1917808219178082
76,0,51,0.0,-0.8431372549019608,0.9803921568627451
76,1,45,0.0,-0.4222222222222222,1.0
76,2,51,0.0,0.0,0.37254901960784315
76,3,54,0.0,0.0,0.16666666666666666
76,4,49,0.0,0.0,0.673469387755102
76,5,53,0.0,0.0,0.05660377358490566
76,6,52,0.0,0.0,0.019230769230769232
76,7,58,0.0,0.0,0.034482758620689655
76,8,62,0.0,0.0,0.5645161290322581
76,9,66,0.0,-0.12121212121212122,0.9242424242424242
76,10,71,0.0,-0.028169014084507043,0.11267605633802817
76,11,68,0.0,-0.014705882352941176,0.5147058823529411
76,12,54,0.0,0.0,0.4444444444444444
76,13,66,0.0,0.0,0.18181818181818182
76,14,60,0.0,0.0,0.13333333333333333
76,15,54,0.0,-0.7592592592592593,0.7592592592592593
76,16,71,0.0,-0.5070422535211268,0.5070422535211268
76,17,60,0.0,0.0,0.31666666666666665
76,18,66,0.6515151515151515,0.0,0.16666666666666674
76,19,52,0.5384615384615384,-0.1346153846153847,0.1346153846153847
76,20,92,0.03260869565217391,0.03260869565217391,0.11956521739130435
76,21,55,0.34545454545454546,0.34545454545454546,0.2545454545454545
76,22,57,0.22807017543859648,0.22807017543859648,0.47368421052631576
76,23,46,0.3695652173913043,0.3695652173913043,0.15217391304347827
76,24,48,0.1875,0.1875,0.2916666666666667
76,25,81,0.8271604938271605,0.8271604938271605,0.07407407407407407
76,26,73,0.273972602739726,0.273972602739726,0.2191780821917808
77,0,51,0.0,-0.8431372549019608,0.9803921568627451
77,1,45,0.0,-0.4222222222222222,1.0
77,2,51,0.0,0.0,0.37254901960784315
77,3,54,0.0,0.0,0.16666666666666666
77,4,49,0.0,0.0,0.673469387755102
77,5,53,0.0,0.0,0.05660377358490566
77,6,52,0.0,0.0,0.019230769230769232
77,7,58,0.0,0.0,0.034482758620689655
77,8,62,0.0,0.0,0.5645161290322581
77,9,66,0.0,-0.12121212121212122,0.9242424242424242
77,10,71,0.0,-0.028169014084507043,0.11267605633802817
77,11,68,0.0,-0.014705882352941176,0.5147058823529411
77,12,54,0.0,0.0,0.4444444444444444
77,13,66,0.0,0.0,0.18181818181818182
77,14,60,0.0,0.0,0.13333333333333333
77,15,54,0.0,-0.7592592592592593,0.7592592592592593
77,16,71,0.0,-0.5070422535211268,0.5070422535211268
77,17,60,0.0,0.0,0.31666666666666665
77,18,66,0.7878787878787878,0.13636363636363635,0.030303030303030387
77,19,52,0.3269230769230769,-0.3461538461538462,0.3461538461538462
77,20,92,0.043478260869565216,0.043478260869565216,0.10869565217391305
77,21,55,0.5272727272727272,0.5272727272727272,0.07272727272727275
77,22,57,0.2631578947368421,0.2631578947368421,0.43859649122807015
77,23,46,0.41304347826086957,0.41304347826086957,0.10869565217391303
77,24,48,0.2708333333333333,0.2708333333333333,0.20833333333333337
77,25,81,0.7407407407407407,0.7407407407407407,0.16049382716049387
77,26,73,0.2602739726027397,0.2602739726027397,0.2328767123287671
78,0,51,0.0,-0.8431372549019608,0.9803921568627451
78,1,45,0.0,-0.4222222222222222,1.0
78,2,51,0.0,0.0,0.37254901960784315
78,3,54,0.0,0.0,0.16666666666666666
78,4,49,0.0,0.0,0.673469387755102
78,5,53,0.0,0.0,0.05660377358490566
78,6,52,0.0,0.0,0.019230769230769232
78,7,58,0.0,0.0,0.034482758620689655
78,8,62,0.0,0.0,0.5645161290322581
78,9,66,0.0,-0.12121212121212122,0.9242424242424242
78,10,71,0.0,-0.028169014084507043,0.11267605633802817
78,11,68,0.0,-0.014705882352941176,0.5147058823529411
78,12,54,0.0,0.0,0.4444444444444444
78,13,66,0.0,0.0,0.18181818181818182
78,14,60,0.0,0.0,0.13333333333333333
78,15,54,0.0,-0.7592592592592593,0.7592592592592593
78,16,71,0.0,-0.5070422535211268,0.5070422535211268
78,17,60,0.0,0.0,0.31666666666666665
78,18,66,0.7121212121212122,0.06060606060606066,0.10606060606060608
78,19,52,0.4807692307692308,-0.19230769230769235,0.19230769230769235
78,20,92,0.043478260869565216,0.043478260869565216,0.10869565217391305
78,21,55,0.43636363636363634,0.43636363636363634,0.16363636363636364
78,22,57,0.3157894736842105,0.3157894736842105,0.38596491228070173
78,23,46,0.41304347826086957,0.41304347826086957,0.10869565217391303
78,24,48,0.125,0.125,0.3541666666666667
78,25,81,0.8148148148148148,0.8148148148148148,0.0864197530864198
78,26,73,0.3150684931506849,0.3150684931506849,0.1780821917808219
79,0,51,0.0,-0.8431372549019608,0.9803921568627451
79,1,45,0.0,-0.4222222222222222,1.0
79,2,51,0.0,0.0,0.37254901960784315
79,3,54,0.0,0.0,0.16666666666666666
79,4,49,0.0,0.0,0.673469387755102
79,5,53,0.0,0.0,0.05660377358490566
79,6,52,0.0,0.0,0.019230769230769232
79,7,58,0.0,0.0,0.034482758620689655
79,8,62,0.0,0.0,0.5645161290322581
79,9,66,0.0,-0.12121212121212122,0.9242424242424242
79,10,71,0.0,-0.028169014084507043,0.11267605633802817
79,11,68,0.0,-0.014705882352941176,0.5147058823529411
79,12,54,0.0,0.0,0.4444444444444444
79,13,66,0.0,0.0,0.18181818181818182
79,14,60,0.0,0.0,0.13333333333333333
79,15,54,0.0,-0.7592592592592593,0.7592592592592593
79,16,71,0.0,-0.5070422535211268,0.5070422535211268
79,17,60,0.0,0.0,0.31666666666666665
79,18,66,0.7575757575757576,0.10606060606060608,0.06060606060606066
79,19,52,0.34615384615384615,-0.326923076923077,0.326923076923077
79,20,92,0.03260869565217391,0.03260869565217391,0.11956521739130435
79,21,55,0.4909090909090909,0.4909090909090909,0.10909090909090907
79,22,57,0.2807017543859649,0.2807017543859649,0.42105263157894735
79,23,46,0.43478260869565216,0.43478260869565216,0.08695652173913043
79,24,48,0.20833333333333334,0.20833333333333334,0.27083333333333337
79,25,81,0.8271604938271605,0.8271604938271605,0.07407407407407407
79,26,73,0.2602739726027397,0.2602739726027397,0.2328767123287671
80,0,51,0.0,-0.8431372549019608,0.9803921568627451
80,1,45,0.0,-0.4222222222222222,1.0
80,2,51,0.0,0.0,0.37254901960784315
80,3,54,0.0,0.0,0.16666666666666666
80,4,49,0.0,0.0,0.673469387755102
80,5,53,0.0,0.0,0.05660377358490566
80,6,52,0.0,0.0,0.019230769230769232
80,7,58,0.0,0.0,0.034482758620689655
80,8,62,0.0,0.0,0.5645161290322581
80,9,66,0.0,-0.12121212121212122,0.9242424242424242
80,10,71,0.0,-0.028169014084507043,0.11267605633802817
80,11,68,0.0,-0.014705882352941176,0.5147058823529411
80,12,54,0.0,0.0,0.4444444444444444
80,13,66,0.0,0.0,0.18181818181818182
80,14,60,0.0,0.0,0.13333333333333333
80,15,54,0.0,-0.7592592592592593,0.7592592592592593
80,16,71,0.0,-0.5070422535211268,0.5070422535211268
80,17,60,0.0,0.0,0.31666666666666665
80,18,66,0.7575757575757576,0.10606060606060608,0.06060606060606066
80,19,52,0.3269230769230769,-0.3461538461538462,0.3461538461538462
80,20,92,0.043478260869565216,0.043478260869565216,0.10869565217391305
80,21,55,0.509090909090909,0.509090909090909,0.09090909090909094
80,22,57,0.3508771929824561,0.3508771929824561,0.3508771929824561
80,23,46,0.43478260869565216,0.43478260869565216,0.08695652173913043
80,24,48,0.125,0.125,0.3541666666666667
80,25,81,0.8395061728395061,0.8395061728395061,0.06172839506172845
80,26,73,0.3424657534246575,0.3424657534246575,0.1506849315068493
81,0,51,0.0,-0.8431372549019608,0.9803921568627451
81,1,45,0.0,-0.4222222222222222,1.0
81,2,51,0.0,0.0,0.37254901960784315
81,3,54,0.0,0.0,0.16666666666666666
81,4,49,0.0,0.0,0.673469387755102
81,5,53,0.0,0.0,0.05660377358490566
81,6,52,0.0,0.0,0.019230769230769232
81,7,58,0.0,0.0,0.034482758620689655
81,8,62,0.0,0.0,0.5645161290322581
81,9,66,0.0,-0.12121212121212122,0.9242424242424242
81,10,71,0.0,-0.028169014084507043,0.11267605633802817
81,11,68,0.0,-0.014705882352941176,0.5147058823529411
81,12,54,0.0,0.0,0.4444444444444444
81,13,66,0.0,0.0,0.18181818181818182
81,14,60,0.0,0.0,0.13333333333333333
81,15,54,0.0,-0.7592592592592593,0.7592592592592593
81,16,71,0.0,-0.5070422535211268,0.5070422535211268
81,17,60,0.0,0.0,0.31666666666666665
81,18,66,0.7575757575757576,0.10606060606060608,0.06060606060606066
81,19,52,0.25,-0.42307692307692313,0.42307692307692313
81,20,92,0.05434782608695652,0.05434782608695652,0.09782608695652176
81,21,55,0.6,0.6,0.0
81,22,57,0.38596491228070173,0.38596491228070173,0.3157894736842105
81,23,46,0.4782608695652174,0.4782608695652174,0.04347826086956519
81,24,48,0.16666666666666666,0.16666666666666666,0.3125
81,25,81,0.7530864197530864,0.7530864197530864,0.14814814814814814
81,26,73,0.3424657534246575,0.3424657534246575,0.1506849315068493
82,0,51,0.0,-0.8431372549019608,0.9803921568627451
82,1,45,0.0,-0.4222222222222222,1.0
82,2,51,0.0,0.0,0.37254901960784315
82,3,54,0.0,0.0,0.16666666666666666
82,4,49,0.0,0.0,0.673469387755102
82,5,53,0.0,0.0,0.05660377358490566
82,6,52,0.0,0.0,0.019230769230769232
82,7,58,0.0,0.0,0.034482758620689655
82,8,62,0.0,0.0,0.5645161290322581
82,9,66,0.0,-0.12121212121212122,0.9242424242424242
82,10,71,0.0,-0.028169014084507043,0.11267605633802817
82,11,68,0.0,-0.014705882352941176,0.5147058823529411
82,12,54,0.0,0.0,0.4444444444444444
82,13,66,0.0,0.0,0.18181818181818182
82,14,60,0.0,0.0,0.13333333333333333
82,15,54,0.0,-0.7592592592592593,0.7592592592592593
82,16,71,0.0,-0.5070422535211268,0.5070422535211268
82,17,60,0.0,0.0,0.31666666666666665
82,18,66,0.7575757575757576,0.10606060606060608,0.06060606060606066
82,19,52,0.23076923076923078,-0.44230769230769235,0.44230769230769235
82,20,92,0.06521739130434782,0.06521739130434782,0.08695652173913045
82,21,55,0.6363636363636364,0.6363636363636364,0.0
82,22,57,0.40350877192982454,0.40350877192982454,0.2982456140350877
82,23,46,0.4782608695652174,0.4782608695652174,0.04347826086956519
82,24,48,0.125,0.125,0.3541666666666667
82,25,81,0.7283950617283951,0.7283950617283951,0.1728395061728395
82,26,73,0.3835616438356164,0.3835616438356164,0.1095890410958904
83,0,51,0.0,-0.8431372549019608,0.9803921568627451
83,1,45,0.0,-0.4222222222222222,1.0
83,2,51,0.0,0.0,0.37254901960784315
83,3,54,0.0,0.0,0.16666666666666666
83,4,49,0.0,0.0,0.673469387755102
83,5,53,0.0,0.0,0.05660377358490566
83,6,52,0.0,0.0,0.019230769230769232
83,7,58,0.0,0.0,0.034482758620689655
83,8,62,0.0,0.0,0.5645161290322581
83,9,66,0.0,-0.12121212121212122,0.9242424242424242
83,10,71,0.0,-0.028169014084507043,0.11267605633802817
83,11,68,0.0,-0.014705882352941176,0.5147058823529411
83,12,54,0.0,0.0,0.4444444444444444
83,13,66,0.0,0.0,0.18181818181818182
83,14,60,0.0,0.0,0.13333333333333333
83,15,54,0.0,-0.7592592592592593,0.7592592592592593
83,16,71,0.0,-0.5070422535211268,0.5070422535211268
83,17,60,0.0,0.0,0.31666666666666665
83,18,66,0.7878787878787878,0.13636363636363635,0.030303030303030387
83,19,52,0.25,-0.42307692307692313,0.42307692307692313
83,20,92,0.021739130434782608,0.021739130434782608,0.13043478260869568
83,21,55,0.43636363636363634,0.43636363636363634,0.2
83,22,57,0.45614035087719296,0.45614035087719296,0.24561403508771928
83,23,46,0.45652173913043476,0.45652173913043476,0.06521739130434784
83,24,48,0.10416666666666667,0.10416666666666667,0.375
83,25,81,0.8271604938271605,0.8271604938271605,0.07407407407407407
83,26,73,0.3972602739726027,0.3972602739726027,0.0958904109589041
84,0,51,0.0,-0.8431372549019608,0.9803921568627451
84,1,45,0.0,-0.4222222222222222,1.0
84,2,51,0.0,0.0,0.37254901960784315
84,3,54,0.0,0.0,0.16666666666666666
84,4,49,0.0,0.0,0.673469387755102
84,5,53,0.0,0.0,0.05660377358490566
84,6,52,0.0,0.0,0.019230769230769232
84,7,58,0.0,0.0,0.034482758620689655
84,8,62,0.0,0.0,0.5645161290322581
84,9,66,0.0,-0.12121212121212122,0.9242424242424242
84,10,71,0.0,-0.028169014084507043,0.11267605633802817
84,11,68,0.0,-0.014705882352941176,0.5147058823529411
84,12,54,0.0,0.0,0.4444444444444444
84,13,66,0.0,0.0,0.18181818181818182
84,14,60,0.0,0.0,0.13333333333333333
84,15,54,0.0,-0.7592592592592593,0.7592592592592593
84,16,71,0.0,-0.5070422535211268,0.5070422535211268
84,17,60,0.0,0.0,0.31666666666666665
84,18,66,0.803030303030303,0.1515151515151515,0.015151515151515249
84,19,52,0.25,-0.42307692307692313,0.42307692307692313
84,20,92,0.021739130434782608,0.021739130434782608,0.13043478260869568
84,21,55,0.4909090909090909,0.4909090909090909,0.14545454545454545
84,22,57,0.43859649122807015,0.43859649122807015,0.2631578947368421
84,23,46,0.5217391304347826,0.5217391304347826,0.0
84,24,48,0.125,0.125,0.3541666666666667
84,25,81,0.8148148148148148,0.8148148148148148,0.0864197530864198
84,26,73,0.3561643835616438,0.3561643835616438,0.136986301369863
85,0,51,0.0,-0.8431372549019608,0.9803921568627451
85,1,45,0.0,-0.4222222222222222,1.0
85,2,51,0.0,0.0,0.37254901960784315
85,3,54,0.0,0.0,0.16666666666666666
85,4,49,0.0,0.0,0.673469387755102
85,5,53,0.0,0.0,0.05660377358490566
85,6,52,0.0,0.0,0.019230769230769232
85,7,58,0.0,0.0,0.034482758620689655
85,8,62,0.0,0.0,0.5645161290322581
85,9,66,0.0,-0.12121212121212122,0.9242424242424242
85,10,71,0.0,-0.028169014084507043,0.11267605633802817
85,11,68,0.0,-0.014705882352941176,0.5147058823529411
85,12,54,0.0,0.0,0.4444444444444444
85,13,66,0.0,0.0,0.18181818181818182
85,14,60,0.0,0.0,0.13333333333333333
85,15,54,0.0,-0.7592592592592593,0.7592592592592593
85,16,71,0.0,-0.5070422535211268,0.5070422535211268
85,17,60,0.0,0.0,0.31666666666666665
85,18,66,0.7575757575757576,0.10606060606060608,0.06060606060606066
85,19,52,0.2692307692307692,-0.4038461538461539,0.4038461538461539
85,20,92,0.05434782608695652,0.05434782608695652,0.09782608695652176
85,21,55,0.5818181818181818,0.5818181818181818,0.054545454545454564
85,22,57,0.38596491228070173,0.38596491228070173,0.3157894736842105
85,23,46,0.4782608695652174,0.4782608695652174,0.04347826086956519
85,24,48,0.125,0.125,0.3541666666666667
85,25,81,0.8148148148148148,0.8148148148148148,0.0864197530864198
85,26,73,0.3698630136986301,0.3698630136986301,0.1232876712328767
86,0,51,0.0,-0.8431372549019608,0.9803921568627451
86,1,45,0.0,-0.4222222222222222,1.0
86,2,51,0.0,0.0,0.37254901960784315
86,3,54,0.0,0.0,0.16666666666666666
86,4,49,0.0,0.0,0.673469387755102
86,5,53,0.0,0.0,0.05660377358490566
86,6,52,0.0,0.0,0.019230769230769232
86,7,58,0.0,0.0,0.034482758620689655
86,8,62,0.0,0.0,0.5645161290322581
86,9,66,0.0,-0.12121212121212122,0.9242424242424242
86,10,71,0.0,-0.028169014084507043,0.11267605633802817
86,11,68,0.0,-0.014705882352941176,0.5147058823529411
86,12,54,0.0,0.0,0.4444444444444444
86,13,66,0.0,0.0,0.18181818181818182
86,14,60,0.0,0.0,0.13333333333333333
86,15,54,0.0,-0.7592592592592593,0.7592592592592593
86,16,71,0.0,-0.5070422535211268,0.5070422535211268
86,17,60,0.0,0.0,0.31666666666666665
86,18,66,0.7878787878787878,0.13636363636363635,0.030303030303030387
86,19,52,0.2692307692307692,-0.4038461538461539,0.4038461538461539
86,20,92,0.043478260869565216,0.043478260869565216,0.10869565217391305
86,21,55,0.5272727272727272,0.5272727272727272,0.10909090909090913
86,22,57,0.45614035087719296,0.45614035087719296,0.24561403508771928
86,23,46,0.45652173913043476,0.45652173913043476,0.06521739130434784
86,24,48,0.14583333333333334,0.14583333333333334,0.33333333333333337
86,25,81,0.7407407407407407,0.7407407407407407,0.16049382716049387
86,26,73,0.3561643835616438,0.3561643835616438,0.136986301369863
87,0,51,0.0,-0.8431372549019608,0.9803921568627451
87,1,45,0.0,-0.4222222222222222,1.0
87,2,51,0.0,0.0,0.37254901960784315
87,3,54,0.0,0.0,0.16666666666666666
87,4,49,0.0,0.0,0.673469387755102
87,5,53,0.0,0.0,0.05660377358490566
87,6,52,0.0,0.0,0.019230769230769232
87,7,58,0.0,0.0,0.034482758620689655
87,8,62,0.0,0.0,0.5645161290322581
87,9,66,0.0,-0.12121212121212122,0.9242424242424242
87,10,71,0.0,-0.028169014084507043,0.11267605633802817
87,11,68,0.0,-0.014705882352941176,0.5147058823529411
87,12,54,0.0,0.0,0.4444444444444444
87,13,66,0.0,0.0,0.18181818181818182
87,14,60,0.0,0.0,0.13333333333333333
87,15,54,0.0,-0.7592592592592593,0.7592592592592593
87,16,71,0.0,-0.5070422535211268,0.5070422535211268
87,17,60,0.0,0.0,0.31666666666666665
87,18,66,0.7575757575757576,0.10606060606060608,0.06060606060606066
87,19,52,0.25,-0.42307692307692313,0.42307692307692313
87,20,92,0.043478260869565216,0.043478260869565216,0.10869565217391305
87,21,55,0.5818181818181818,0.5818181818181818,0.054545454545454564
87,22,57,0.40350877192982454,0.40350877192982454,0.2982456140350877
87,23,46,0.5,0.5,0.021739130434782594
87,24,48,0.10416666666666667,0.10416666666666667,0.375
87,25,81,0.7901234567901234,0.7901234567901234,0.11111111111111116
87,26,73,0.410958904109589,0.410958904109589,0.0821917808219178
88,0,51,0.0,-0.8431372549019608,0.9803921568627451
88,1,45,0.0,-0.4222222222222222,1.0
88,2,51,0.0,0.0,0.37254901960784315
88,3,54,0.0,0.0,0.16666666666666666
88,4,49,0.0,0.0,0.673469387755102
88,5,53,0.0,0.0,0.05660377358490566
88,6,52,0.0,0.0,0.019230769230769232
88,7,58,0.0,0.0,0.034482758620689655
88,8,62,0.0,0.0,0.5645161290322581
88,9,66,0.0,-0.12121212121212122,0.9242424242424242
88,10,71,0.0,-0.028169014084507043,0.11267605633802817
88,11,68,0.0,-0.014705882352941176,0.5147058823529411
88,12,54,0.0,0.0,0.4444444444444444
88,13,66,0.0,0.0,0.18181818181818182
88,14,60,0.0,0.0,0.13333333333333333
88,15,54,0.0,-0.7592592592592593,0.7592592592592593
88,16,71,0.0,-0.5070422535211268,0.5070422535211268
88,17,60,0.0,0.0,0.31666666666666665
88,18,66,0.7878787878787878,0.13636363636363635,0.030303030303030387
88,19,52,0.23076923076923078,-0.44230769230769235,0.44230769230769235
88,20,92,0.021739130434782608,0.021739130434782608,0.13043478260869568
88,21,55,0.5636363636363636,0.5636363636363636,0.07272727272727275
88,22,57,0.42105263157894735,0.42105263157894735,0.2807017543859649
88,23,46,0.5434782608695652,0.5434782608695652,0.0
88,24,48,0.10416666666666667,0.10416666666666667,0.375
88,25,81,0.8024691358024691,0.8024691358024691,0.09876543209876543
88,26,73,0.3698630136986301,0.3698630136986301,0.1232876712328767
89,0,51,0.0,-0.8431372549019608,0.9803921568627451
89,1,45,0.0,-0.4222222222222222,1.0
89,2,51,0.0,0.0,0.37254901960784315
89,3,54,0.0,0.0,0.16666666666666666
89,4,49,0.0,0.0,0.673469387755102
89,5,53,0.0,0.0,0.05660377358490566
89,6,52,0.0,0.0,0.019230769230769232
89,7,58,0.0,0.0,0.034482758620689655
89,8,62,0.0,0.0,0.5645161290322581
89,9,66,0.0,-0.12121212121212122,0.9242424242424242
89,10,71,0.0,-0.028169014084507043,0.11267605633802817
89,11,68,0.0,-0.014705882352941176,0.5147058823529411
89,12,54,0.0,0.0,0.4444444444444444
89,13,66,0.0,0.0,0.18181818181818182
89,14,60,0.0,0.0,0.13333333333333333
89,15,54,0.0,-0.7592592592592593,0.7592592592592593
89,16,71,0.0,-0.5070422535211268,0.5070422535211268
89,17,60,0.0,0.0,0.31666666666666665
89,18,66,0.7727272727272727,0.12121212121212122,0.045454545454545525
89,19,52,0.23076923076923078,-0.44230769230769235,0.44230769230769235
89,20,92,0.03260869565217391,0.03260869565217391,0.11956521739130435
89,21,55,0.5636363636363636,0.5636363636363636,0.07272727272727275
89,22,57,0.3684210526315789,0.3684210526315789,0.3333333333333333
89,23,46,0.5652173913043478,0.5652173913043478,0.0
89,24,48,0.10416666666666667,0.10416666666666667,0.375
89,25,81,0.8271604938271605,0.8271604938271605,0.07407407407407407
89,26,73,0.3698630136986301,0.3698630136986301,0.1232876712328767
90,0,51,0.0,-0.8431372549019608,0.9803921568627451
90,1,45,0.0,-0.4222222222222222,1.0
90,2,51,0.0,0.0,0.37254901960784315
90,3,54,0.0,0.0,0.16666666666666666
90,4,49,0.0,0.0,0.673469387755102
90,5,53,0.0,0.0,0.05660377358490566
90,6,52,0.0,0.0,0.019230769230769232
90,7,58,0.0,0.0,0.034482758620689655
90,8,62,0.0,0.0,0.5645161290322581
90,9,66,0.0,-0.12121212121212122,0.9242424242424242
90,10,71,0.0,-0.028169014084507043,0.11267605633802817
90,11,68,0.0,-0.014705882352941176,0.5147058823529411
90,12,54,0.0,0.0,0.4444444444444444
90,13,66,0.0,0.0,0.18181818181818182
90,14,60,0.0,0.0,0.13333333333333333
90,15,54,0.0,-0.7592592592592593,0.7592592592592593
90,16,71,0.0,-0.5070422535211268,0.5070422535211268
90,17,60,0.0,0.0,0.31666666666666665
90,18,66,0.7575757575757576,0.10606060606060608,0.06060606060606066
90,19,52,0.23076923076923078,-0.44230769230769235,0.44230769230769235
90,20,92,0.06521739130434782,0.06521739130434782,0.08695652173913045
90,21,55,0.6,0.6,0.036363636363636376
90,22,57,0.3684210526315789,0.3684210526315789,0.3333333333333333
90,23,46,0.5434782608695652,0.5434782608695652,0.021739130434782594
90,24,48,0.16666666666666666,0.16666666666666666,0.3125
90,25,81,0.8148148148148148,0.8148148148148148,0.0864197530864198
90,26,73,0.3013698630136986,0.3013698630136986,0.1917808219178082
