round,class_id,n,acc,bwt,forgetting
1,0,51,0.37254901960784315,,
1,1,45,0.8,,
1,2,51,0.0,,
1,3,54,0.07407407407407407,,
1,4,49,0.0,,
1,5,53,0.0,,
1,6,52,0.0,,
1,7,58,0.0,,
1,8,62,0.0,,
2,0,51,0.47058823529411764,0.0980392156862745,0.0
2,1,45,0.7333333333333333,-0.06666666666666676,0.06666666666666676
2,2,51,0.0,0.0,0.0
2,3,54,0.0,-0.07407407407407407,0.07407407407407407
2,4,49,0.0,0.0,0.0
2,5,53,0.0,0.0,0.0
2,6,52,0.0,0.0,0.0
2,7,58,0.0,0.0,0.0
2,8,62,0.0,0.0,0.0
3,0,51,0.2549019607843137,-0.11764705882352944,0.21568627450980393
3,1,45,0.8,0.0,0.0
3,2,51,0.0,0.0,0.0
3,3,54,0.0,-0.07407407407407407,0.07407407407407407
3,4,49,0.0,0.0,0.0
3,5,53,0.0,0.0,0.0
3,6,52,0.0,0.0,0.0
3,7,58,0.0,0.0,0.0
3,8,62,0.0,0.0,0.0
4,0,51,0.23529411764705882,-0.13725490196078433,0.23529411764705882
4,1,45,0.5777777777777777,-0.22222222222222232,0.22222222222222232
4,2,51,0.0,0.0,0.0
4,3,54,0.037037037037037035,-0.037037037037037035,0.037037037037037035
4,4,49,0.24489795918367346,0.24489795918367346,0.0
4,5,53,0.03773584905660377,0.03773584905660377,0.0
4,6,52,0.07692307692307693,0.07692307692307693,0.0
4,7,58,0.0,0.0,0.0
4,8,62,0.0,0.0,0.0
5,0,51,0.23529411764705882,-0.13725490196078433,0.23529411764705882
5,1,45,0.6888888888888889,-0.11111111111111116,0.11111111111111116
5,2,51,0.0,0.0,0.0
5,3,54,0.037037037037037035,-0.037037037037037035,0.037037037037037035
5,4,49,0.22448979591836735,0.22448979591836735,0.020408163265306117
5,5,53,0.018867924528301886,0.018867924528301886,0.018867924528301886
5,6,52,0.0,0.0,0.07692307692307693
5,7,58,0.0,0.0,0.0
5,8,62,0.0,0.0,0.0
6,0,51,0.21568627450980393,-0.1568627450980392,0.2549019607843137
6,1,45,0.6666666666666666,-0.13333333333333341,0.13333333333333341
6,2,51,0.0,0.0,0.0
6,3,54,0.14814814814814814,0.07407407407407407,0.0
6,4,49,0.40816326530612246,0.40816326530612246,0.0
6,5,53,0.1320754716981132,0.1320754716981132,0.0
6,6,52,0.21153846153846154,0.21153846153846154,0.0
6,7,58,0.017241379310344827,0.017241379310344827,0.0
6,8,62,0.11290322580645161,0.11290322580645161,0.0
7,0,51,0.27450980392156865,-0.0980392156862745,0.196078431372549
7,1,45,0.6666666666666666,-0.13333333333333341,0.13333333333333341
7,2,51,0.0,0.0,0.0
7,3,54,0.09259259259259259,0.018518518518518517,0.05555555555555555
7,4,49,0.22448979591836735,0.22448979591836735,0.1836734693877551
7,5,53,0.09433962264150944,0.09433962264150944,0.037735849056603765
7,6,52,0.09615384615384616,0.09615384615384616,0.11538461538461538
7,7,58,0.0,0.0,0.017241379310344827
7,8,62,0.16129032258064516,0.16129032258064516,0.0
8,0,51,0.39215686274509803,0.019607843137254888,0.0784313725490196
8,1,45,0.6222222222222222,-0.1777777777777778,0.1777777777777778
8,2,51,0.0,0.0,0.0
8,3,54,0.12962962962962962,0.05555555555555555,0.018518518518518517
8,4,49,0.2857142857142857,0.2857142857142857,0.12244897959183676
8,5,53,0.07547169811320754,0.07547169811320754,0.05660377358490566
8,6,52,0.15384615384615385,0.15384615384615385,0.05769230769230768
8,7,58,0.0,0.0,0.017241379310344827
8,8,62,0.12903225806451613,0.12903225806451613,0.03225806451612903
9,0,51,0.43137254901960786,0.05882352941176472,0.039215686274509776
9,1,45,0.6222222222222222,-0.1777777777777778,0.1777777777777778
9,2,51,0.0196078431372549,0.0196078431372549,0.0
9,3,54,0.09259259259259259,0.018518518518518517,0.05555555555555555
9,4,49,0.3877551020408163,0.3877551020408163,0.020408163265306145
9,5,53,0.03773584905660377,0.03773584905660377,0.09433962264150944
9,6,52,0.1346153846153846,0.1346153846153846,0.07692307692307693
9,7,58,0.0,0.0,0.017241379310344827
9,8,62,0.04838709677419355,0.04838709677419355,0.11290322580645161
10,0,51,0.4117647058823529,0.039215686274509776,0.05882352941176472
10,1,45,0.5555555555555556,-0.24444444444444446,0.24444444444444446
10,2,51,0.0,0.0,0.0196078431372549
10,3,54,0.07407407407407407,0.0,0.07407407407407407
10,4,49,0.46938775510204084,0.46938775510204084,0.0
10,5,53,0.07547169811320754,0.07547169811320754,0.05660377358490566
10,6,52,0.19230769230769232,0.19230769230769232,0.019230769230769218
10,7,58,0.0,0.0,0.017241379310344827
10,8,62,0.11290322580645161,0.11290322580645161,0.04838709677419355
11,0,51,0.0,-0.37254901960784315,0.47058823529411764
11,1,45,0.1111111111111111,-0.6888888888888889,0.6888888888888889
11,2,51,0.0,0.0,0.0196078431372549
11,3,54,0.0,-0.07407407407407407,0.14814814814814814
11,4,49,0.04081632653061224,0.04081632653061224,0.4285714285714286
11,5,53,0.0,0.0,0.1320754716981132
11,6,52,0.0,0.0,0.21153846153846154
11,7,58,0.0,0.0,0.017241379310344827
11,8,62,0.0,0.0,0.16129032258064516
11,9,66,0.5757575757575758,,
11,10,71,0.028169014084507043,,
11,11,68,0.014705882352941176,,
11,12,54,0.037037037037037035,,
11,13,66,0.030303030303030304,,
11,14,60,0.13333333333333333,,
11,15,54,0.018518518518518517,,
11,16,71,0.09859154929577464,,
11,17,60,0.13333333333333333,,
12,0,51,0.0,-0.37254901960784315,0.47058823529411764
12,1,45,0.17777777777777778,-0.6222222222222222,0.6222222222222222
12,2,51,0.0,0.0,0.0196078431372549
12,3,54,0.0,-0.07407407407407407,0.14814814814814814
12,4,49,0.0,0.0,0.46938775510204084
12,5,53,0.018867924528301886,0.018867924528301886,0.11320754716981132
12,6,52,0.0,0.0,0.21153846153846154
12,7,58,0.0,0.0,0.017241379310344827
12,8,62,0.0,0.0,0.16129032258064516
12,9,66,0.16666666666666666,-0.40909090909090917,0.40909090909090917
12,10,71,0.028169014084507043,0.0,0.0
12,11,68,0.07352941176470588,0.058823529411764705,0.0
12,12,54,0.07407407407407407,0.037037037037037035,0.0
12,13,66,0.09090909090909091,0.06060606060606061,0.0
12,14,60,0.03333333333333333,-0.1,0.1
12,15,54,0.07407407407407407,0.05555555555555555,0.0
12,16,71,0.22535211267605634,0.1267605633802817,0.0
12,17,60,0.25,0.11666666666666667,0.0
13,0,51,0.0,-0.37254901960784315,0.47058823529411764
13,1,45,0.0,-0.8,0.8
13,2,51,0.0,0.0,0.0196078431372549
13,3,54,0.0,-0.07407407407407407,0.14814814814814814
13,4,49,0.0,0.0,0.46938775510204084
13,5,53,0.0,0.0,0.1320754716981132
13,6,52,0.0,0.0,0.21153846153846154
13,7,58,0.0,0.0,0.017241379310344827
13,8,62,0.0,0.0,0.16129032258064516
13,9,66,0.15151515151515152,-0.4242424242424243,0.4242424242424243
13,10,71,0.014084507042253521,-0.014084507042253521,0.014084507042253521
13,11,68,0.11764705882352941,0.10294117647058823,0.0
13,12,54,0.09259259259259259,0.05555555555555555,0.0
13,13,66,0.13636363636363635,0.10606060606060605,0.0
13,14,60,0.1,-0.033333333333333326,0.033333333333333326
13,15,54,0.2962962962962963,0.2777777777777778,0.0
13,16,71,0.5352112676056338,0.43661971830985913,0.0
13,17,60,0.13333333333333333,0.0,0.11666666666666667
14,0,51,0.0,-0.37254901960784315,0.47058823529411764
14,1,45,0.0,-0.8,0.8
14,2,51,0.0,0.0,0.0196078431372549
14,3,54,0.0,-0.07407407407407407,0.14814814814814814
14,4,49,0.0,0.0,0.46938775510204084
14,5,53,0.0,0.0,0.1320754716981132
14,6,52,0.0,0.0,0.21153846153846154
14,7,58,0.0,0.0,0.017241379310344827
14,8,62,0.0,0.0,0.16129032258064516
14,9,66,0.3333333333333333,-0.2424242424242425,0.2424242424242425
14,10,71,0.014084507042253521,-0.014084507042253521,0.014084507042253521
14,11,68,0.04411764705882353,0.029411764705882356,0.07352941176470587
14,12,54,0.16666666666666666,0.12962962962962962,0.0
14,13,66,0.06060606060606061,0.030303030303030304,0.07575757575757575
14,14,60,0.016666666666666666,-0.11666666666666667,0.11666666666666667
14,15,54,0.2037037037037037,0.18518518518518517,0.09259259259259259
14,16,71,0.6197183098591549,0.5211267605633803,0.0
14,17,60,0.1,-0.033333333333333326,0.15
15,0,51,0.0,-0.37254901960784315,0.47058823529411764
15,1,45,0.0,-0.8,0.8
15,2,51,0.0,0.0,0.0196078431372549
15,3,54,0.0,-0.07407407407407407,0.14814814814814814
15,4,49,0.0,0.0,0.46938775510204084
15,5,53,0.0,0.0,0.1320754716981132
15,6,52,0.0,0.0,0.21153846153846154
15,7,58,0.0,0.0,0.017241379310344827
15,8,62,0.0,0.0,0.16129032258064516
15,9,66,0.19696969696969696,-0.37878787878787884,0.37878787878787884
15,10,71,0.028169014084507043,0.0,0.0
15,11,68,0.029411764705882353,0.014705882352941176,0.08823529411764705
15,12,54,0.09259259259259259,0.05555555555555555,0.07407407407407407
15,13,66,0.10606060606060606,0.07575757575757576,0.03030303030303029
15,14,60,0.05,-0.08333333333333333,0.08333333333333333
15,15,54,0.48148148148148145,0.4629629629629629,0.0
15,16,71,0.6619718309859155,0.5633802816901409,0.0
15,17,60,0.11666666666666667,-0.016666666666666663,0.13333333333333333
16,0,51,0.0,-0.37254901960784315,0.47058823529411764
16,1,45,0.0,-0.8,0.8
16,2,51,0.0,0.0,0.0196078431372549
16,3,54,0.0,-0.07407407407407407,0.14814814814814814
16,4,49,0.0,0.0,0.46938775510204084
16,5,53,0.0,0.0,0.1320754716981132
16,6,52,0.0,0.0,0.21153846153846154
16,7,58,0.0,0.0,0.017241379310344827
16,8,62,0.0,0.0,0.16129032258064516
16,9,66,0.42424242424242425,-0.15151515151515155,0.15151515151515155
16,10,71,0.014084507042253521,-0.014084507042253521,0.014084507042253521
16,11,68,0.04411764705882353,0.029411764705882356,0.07352941176470587
16,12,54,0.16666666666666666,0.12962962962962962,0.0
16,13,66,0.12121212121212122,0.09090909090909091,0.015151515151515138
16,14,60,0.05,-0.08333333333333333,0.08333333333333333
16,15,54,0.48148148148148145,0.4629629629629629,0.0
16,16,71,0.676056338028169,0.5774647887323944,0.0
16,17,60,0.1,-0.033333333333333326,0.15
17,0,51,0.0,-0.37254901960784315,0.47058823529411764
17,1,45,0.0,-0.8,0.8
17,2,51,0.0,0.0,0.0196078431372549
17,3,54,0.0,-0.07407407407407407,0.14814814814814814
17,4,49,0.0,0.0,0.46938775510204084
17,5,53,0.0,0.0,0.1320754716981132
17,6,52,0.0,0.0,0.21153846153846154
17,7,58,0.0,0.0,0.017241379310344827
17,8,62,0.0,0.0,0.16129032258064516
17,9,66,0.24242424242424243,-0.33333333333333337,0.33333333333333337
17,10,71,0.028169014084507043,0.0,0.0
17,11,68,0.04411764705882353,0.029411764705882356,0.07352941176470587
17,12,54,0.07407407407407407,0.037037037037037035,0.09259259259259259
17,13,66,0.13636363636363635,0.10606060606060605,0.0
17,14,60,0.016666666666666666,-0.11666666666666667,0.11666666666666667
17,15,54,0.5740740740740741,0.5555555555555556,0.0
17,16,71,0.647887323943662,0.5492957746478874,0.028169014084507005
17,17,60,0.1,-0.033333333333333326,0.15
18,0,51,0.0,-0.37254901960784315,0.47058823529411764
18,1,45,0.0,-0.8,0.8
18,2,51,0.0,0.0,0.0196078431372549
18,3,54,0.0,-0.07407407407407407,0.14814814814814814
18,4,49,0.0,0.0,0.46938775510204084
18,5,53,0.0,0.0,0.1320754716981132
18,6,52,0.0,0.0,0.21153846153846154
18,7,58,0.0,0.0,0.017241379310344827
18,8,62,0.0,0.0,0.16129032258064516
18,9,66,0.48484848484848486,-0.09090909090909094,0.09090909090909094
18,10,71,0.04225352112676056,0.01408450704225352,0.0
18,11,68,0.04411764705882353,0.029411764705882356,0.07352941176470587
18,12,54,0.14814814814814814,0.1111111111111111,0.018518518518518517
18,13,66,0.07575757575757576,0.045454545454545456,0.060606060606060594
18,14,60,0.03333333333333333,-0.1,0.1
18,15,54,0.5370370370370371,0.5185185185185186,0.03703703703703698
18,16,71,0.6619718309859155,0.5633802816901409,0.014084507042253502
18,17,60,0.1,-0.033333333333333326,0.15
19,0,51,0.0,-0.37254901960784315,0.47058823529411764
19,1,45,0.0,-0.8,0.8
19,2,51,0.0,0.0,0.0196078431372549
19,3,54,0.0,-0.07407407407407407,0.14814814814814814
19,4,49,0.0,0.0,0.46938775510204084
19,5,53,0.0,0.0,0.1320754716981132
19,6,52,0.0,0.0,0.21153846153846154
19,7,58,0.0,0.0,0.017241379310344827
19,8,62,0.0,0.0,0.16129032258064516
19,9,66,0.24242424242424243,-0.33333333333333337,0.33333333333333337
19,10,71,0.04225352112676056,0.01408450704225352,0.0
19,11,68,0.07352941176470588,0.058823529411764705,0.044117647058823525
19,12,54,0.12962962962962962,0.09259259259259259,0.037037037037037035
19,13,66,0.16666666666666666,0.13636363636363635,0.0
19,14,60,0.016666666666666666,-0.11666666666666667,0.11666666666666667
19,15,54,0.6296296296296297,0.6111111111111112,0.0
19,16,71,0.6901408450704225,0.5915492957746479,0.0
19,17,60,0.11666666666666667,-0.016666666666666663,0.13333333333333333
20,0,51,0.0,-0.37254901960784315,0.47058823529411764
20,1,45,0.0,-0.8,0.8
20,2,51,0.0,0.0,0.0196078431372549
20,3,54,0.0,-0.07407407407407407,0.14814814814814814
20,4,49,0.0,0.0,0.46938775510204084
20,5,53,0.0,0.0,0.1320754716981132
20,6,52,0.0,0.0,0.21153846153846154
20,7,58,0.0,0.0,0.017241379310344827
20,8,62,0.0,0.0,0.16129032258064516
20,9,66,0.5303030303030303,-0.045454545454545525,0.045454545454545525
20,10,71,0.04225352112676056,0.01408450704225352,0.0
20,11,68,0.07352941176470588,0.058823529411764705,0.044117647058823525
20,12,54,0.12962962962962962,0.09259259259259259,0.037037037037037035
20,13,66,0.07575757575757576,0.045454545454545456,0.0909090909090909
20,14,60,0.05,-0.08333333333333333,0.08333333333333333
20,15,54,0.5740740740740741,0.5555555555555556,0.05555555555555558
20,16,71,0.647887323943662,0.5492957746478874,0.04225352112676051
20,17,60,0.11666666666666667,-0.016666666666666663,0.13333333333333333
21,0,51,0.0,-0.37254901960784315,0.47058823529411764
21,1,45,0.0,-0.8,0.8
21,2,51,0.0,0.0,0.0196078431372549
21,3,54,0.0,-0.07407407407407407,0.14814814814814814
21,4,49,0.0,0.0,0.46938775510204084
21,5,53,0.0,0.0,0.1320754716981132
21,6,52,0.0,0.0,0.21153846153846154
21,7,58,0.0,0.0,0.017241379310344827
21,8,62,0.0,0.0,0.16129032258064516
21,9,66,0.0,-0.5757575757575758,0.5757575757575758
21,10,71,0.0,-0.028169014084507043,0.04225352112676056
21,11,68,0.014705882352941176,0.0,0.10294117647058823
21,12,54,0.0,-0.037037037037037035,0.16666666666666666
21,13,66,0.0,-0.030303030303030304,0.16666666666666666
21,14,60,0.0,-0.13333333333333333,0.13333333333333333
21,15,54,0.2777777777777778,0.2592592592592593,0.35185185185185186
21,16,71,0.0,-0.09859154929577464,0.6901408450704225
21,17,60,0.0,-0.13333333333333333,0.25
21,18,66,0.45454545454545453,,
21,19,52,0.0,,
21,20,92,0.0,,
21,21,55,0.0,,
21,22,57,0.8421052631578947,,
21,23,46,0.06521739130434782,,
21,24,48,0.0,,
21,25,81,0.0,,
21,26,73,0.0,,
22,0,51,0.0,-0.37254901960784315,0.47058823529411764
22,1,45,0.0,-0.8,0.8
22,2,51,0.0,0.0,0.0196078431372549
22,3,54,0.0,-0.07407407407407407,0.14814814814814814
22,4,49,0.0,0.0,0.46938775510204084
22,5,53,0.0,0.0,0.1320754716981132
22,6,52,0.0,0.0,0.21153846153846154
22,7,58,0.0,0.0,0.017241379310344827
22,8,62,0.0,0.0,0.16129032258064516
22,9,66,0.0,-0.5757575757575758,0.5757575757575758
22,10,71,0.0,-0.028169014084507043,0.04225352112676056
22,11,68,0.0,-0.014705882352941176,0.11764705882352941
22,12,54,0.0,-0.037037037037037035,0.16666666666666666
22,13,66,0.0,-0.030303030303030304,0.16666666666666666
22,14,60,0.0,-0.13333333333333333,0.13333333333333333
22,15,54,0.0,-0.018518518518518517,0.6296296296296297
22,16,71,0.0,-0.09859154929577464,0.6901408450704225
22,17,60,0.0,-0.13333333333333333,0.25
22,18,66,0.25757575757575757,-0.19696969696969696,0.19696969696969696
22,19,52,0.057692307692307696,0.057692307692307696,0.0
22,20,92,0.0,0.0,0.0
22,21,55,0.0,0.0,0.0
22,22,57,0.0,-0.8421052631578947,0.8421052631578947
22,23,46,0.7391304347826086,0.6739130434782609,0.0
22,24,48,0.041666666666666664,0.041666666666666664,0.0
22,25,81,0.32098765432098764,0.32098765432098764,0.0
22,26,73,0.0547945205479452,0.0547945205479452,0.0
23,0,51,0.0,-0.37254901960784315,0.47058823529411764
23,1,45,0.0,-0.8,0.8
23,2,51,0.0,0.0,0.0196078431372549
23,3,54,0.0,-0.07407407407407407,0.14814814814814814
23,4,49,0.0,0.0,0.46938775510204084
23,5,53,0.0,0.0,0.1320754716981132
23,6,52,0.0,0.0,0.21153846153846154
23,7,58,0.0,0.0,0.017241379310344827
23,8,62,0.0,0.0,0.16129032258064516
23,9,66,0.0,-0.5757575757575758,0.5757575757575758
23,10,71,0.0,-0.028169014084507043,0.04225352112676056
23,11,68,0.0,-0.014705882352941176,0.11764705882352941
23,12,54,0.0,-0.037037037037037035,0.16666666666666666
23,13,66,0.0,-0.030303030303030304,0.16666666666666666
23,14,60,0.0,-0.13333333333333333,0.13333333333333333
23,15,54,0.0,-0.018518518518518517,0.6296296296296297
23,16,71,0.0,-0.09859154929577464,0.6901408450704225
23,17,60,0.0,-0.13333333333333333,0.25
23,18,66,0.9848484848484849,0.5303030303030303,0.0
23,19,52,0.0,0.0,0.057692307692307696
23,20,92,0.021739130434782608,0.021739130434782608,0.0
23,21,55,0.0,0.0,0.0
23,22,57,0.03508771929824561,-0.8070175438596491,0.8070175438596491
23,23,46,0.34782608695652173,0.2826086956521739,0.3913043478260869
23,24,48,0.1875,0.1875,0.0
23,25,81,0.2345679012345679,0.2345679012345679,0.08641975308641975
23,26,73,0.0684931506849315,0.0684931506849315,0.0
24,0,51,0.0,-0.37254901960784315,0.47058823529411764
24,1,45,0.0,-0.8,0.8
24,2,51,0.0,0.0,0.0196078431372549
24,3,54,0.0,-0.07407407407407407,0.14814814814814814
24,4,49,0.0,0.0,0.46938775510204084
24,5,53,0.0,0.0,0.1320754716981132
24,6,52,0.0,0.0,0.21153846153846154
24,7,58,0.0,0.0,0.017241379310344827
24,8,62,0.0,0.0,0.16129032258064516
24,9,66,0.0,-0.5757575757575758,0.5757575757575758
24,10,71,0.0,-0.028169014084507043,0.04225352112676056
24,11,68,0.0,-0.014705882352941176,0.11764705882352941
24,12,54,0.0,-0.037037037037037035,0.16666666666666666
24,13,66,0.0,-0.030303030303030304,0.16666666666666666
24,14,60,0.0,-0.13333333333333333,0.13333333333333333
24,15,54,0.0,-0.018518518518518517,0.6296296296296297
24,16,71,0.0,-0.09859154929577464,0.6901408450704225
24,17,60,0.0,-0.13333333333333333,0.25
24,18,66,0.7878787878787878,0.3333333333333333,0.19696969696969702
24,19,52,0.07692307692307693,0.07692307692307693,0.0
24,20,92,0.20652173913043478,0.20652173913043478,0.0
24,21,55,0.0,0.0,0.0
24,22,57,0.08771929824561403,-0.7543859649122806,0.7543859649122806
24,23,46,0.3695652173913043,0.3043478260869565,0.3695652173913043
24,24,48,0.10416666666666667,0.10416666666666667,0.08333333333333333
24,25,81,0.2839506172839506,0.2839506172839506,0.037037037037037035
24,26,73,0.2191780821917808,0.2191780821917808,0.0
25,0,51,0.0,-0.37254901960784315,0.47058823529411764
25,1,45,0.0,-0.8,0.8
25,2,51,0.0,0.0,0.0196078431372549
25,3,54,0.0,-0.07407407407407407,0.14814814814814814
25,4,49,0.0,0.0,0.46938775510204084
25,5,53,0.0,0.0,0.1320754716981132
25,6,52,0.0,0.0,0.21153846153846154
25,7,58,0.0,0.0,0.017241379310344827
25,8,62,0.0,0.0,0.16129032258064516
25,9,66,0.0,-0.5757575757575758,0.5757575757575758
25,10,71,0.0,-0.028169014084507043,0.04225352112676056
25,11,68,0.0,-0.014705882352941176,0.11764705882352941
25,12,54,0.0,-0.037037037037037035,0.16666666666666666
25,13,66,0.0,-0.030303030303030304,0.16666666666666666
25,14,60,0.0,-0.13333333333333333,0.13333333333333333
25,15,54,0.0,-0.018518518518518517,0.6296296296296297
25,16,71,0.0,-0.09859154929577464,0.6901408450704225
25,17,60,0.0,-0.13333333333333333,0.25
25,18,66,0.7121212121212122,0.2575757575757576,0.2727272727272727
25,19,52,0.19230769230769232,0.19230769230769232,0.0
25,20,92,0.18478260869565216,0.18478260869565216,0.021739130434782622
25,21,55,0.0,0.0,0.0
25,22,57,0.17543859649122806,-0.6666666666666666,0.6666666666666666
25,23,46,0.5,0.43478260869565216,0.23913043478260865
25,24,48,0.20833333333333334,0.20833333333333334,0.0
25,25,81,0.4074074074074074,0.4074074074074074,0.0
25,26,73,0.1780821917808219,0.1780821917808219,0.0410958904109589
26,0,51,0.0,-0.37254901960784315,0.47058823529411764
26,1,45,0.0,-0.8,0.8
26,2,51,0.0,0.0,0.0196078431372549
26,3,54,0.0,-0.07407407407407407,0.14814814814814814
26,4,49,0.0,0.0,0.46938775510204084
26,5,53,0.0,0.0,0.1320754716981132
26,6,52,0.0,0.0,0.21153846153846154
26,7,58,0.0,0.0,0.017241379310344827
26,8,62,0.0,0.0,0.16129032258064516
26,9,66,0.0,-0.5757575757575758,0.5757575757575758
26,10,71,0.0,-0.028169014084507043,0.04225352112676056
26,11,68,0.0,-0.014705882352941176,0.11764705882352941
26,12,54,0.0,-0.037037037037037035,0.16666666666666666
26,13,66,0.0,-0.030303030303030304,0.16666666666666666
26,14,60,0.0,-0.13333333333333333,0.13333333333333333
26,15,54,0.0,-0.018518518518518517,0.6296296296296297
26,16,71,0.0,-0.09859154929577464,0.6901408450704225
26,17,60,0.0,-0.13333333333333333,0.25
26,18,66,0.5757575757575758,0.12121212121212127,0.40909090909090906
26,19,52,0.4230769230769231,0.4230769230769231,0.0
26,20,92,0.2391304347826087,0.2391304347826087,0.0
26,21,55,0.0,0.0,0.0
26,22,57,0.24561403508771928,-0.5964912280701754,0.5964912280701754
26,23,46,0.4782608695652174,0.41304347826086957,0.26086956521739124
26,24,48,0.125,0.125,0.08333333333333334
26,25,81,0.48148148148148145,0.48148148148148145,0.0
26,26,73,0.2191780821917808,0.2191780821917808,0.0
27,0,51,0.0,-0.37254901960784315,0.47058823529411764
27,1,45,0.0,-0.8,0.8
27,2,51,0.0,0.0,0.0196078431372549
27,3,54,0.0,-0.07407407407407407,0.14814814814814814
27,4,49,0.0,0.0,0.46938775510204084
27,5,53,0.0,0.0,0.1320754716981132
27,6,52,0.0,0.0,0.21153846153846154
27,7,58,0.0,0.0,0.017241379310344827
27,8,62,0.0,0.0,0.16129032258064516
27,9,66,0.0,-0.5757575757575758,0.5757575757575758
27,10,71,0.0,-0.028169014084507043,0.04225352112676056
27,11,68,0.0,-0.014705882352941176,0.11764705882352941
27,12,54,0.0,-0.037037037037037035,0.16666666666666666
27,13,66,0.0,-0.030303030303030304,0.16666666666666666
27,14,60,0.0,-0.13333333333333333,0.13333333333333333
27,15,54,0.0,-0.018518518518518517,0.6296296296296297
27,16,71,0.0,-0.09859154929577464,0.6901408450704225
27,17,60,0.0,-0.13333333333333333,0.25
27,18,66,0.4696969696969697,0.015151515151515194,0.5151515151515151
27,19,52,0.38461538461538464,0.38461538461538464,0.038461538461538436
27,20,92,0.25,0.25,0.0
27,21,55,0.0,0.0,0.0
27,22,57,0.2982456140350877,-0.5438596491228069,0.5438596491228069
27,23,46,0.3695652173913043,0.3043478260869565,0.3695652173913043
27,24,48,0.14583333333333334,0.14583333333333334,0.0625
27,25,81,0.5061728395061729,0.5061728395061729,0.0
27,26,73,0.2602739726027397,0.2602739726027397,0.0
28,0,51,0.0,-0.37254901960784315,0.47058823529411764
28,1,45,0.0,-0.8,0.8
28,2,51,0.0,0.0,0.0196078431372549
28,3,54,0.0,-0.07407407407407407,0.14814814814814814
28,4,49,0.0,0.0,0.46938775510204084
28,5,53,0.0,0.0,0.1320754716981132
28,6,52,0.0,0.0,0.21153846153846154
28,7,58,0.0,0.0,0.017241379310344827
28,8,62,0.0,0.0,0.16129032258064516
28,9,66,0.0,-0.5757575757575758,0.5757575757575758
28,10,71,0.0,-0.028169014084507043,0.04225352112676056
28,11,68,0.0,-0.014705882352941176,0.11764705882352941
28,12,54,0.0,-0.037037037037037035,0.16666666666666666
28,13,66,0.0,-0.030303030303030304,0.16666666666666666
28,14,60,0.0,-0.13333333333333333,0.13333333333333333
28,15,54,0.0,-0.018518518518518517,0.6296296296296297
28,16,71,0.0,-0.09859154929577464,0.6901408450704225
28,17,60,0.0,-0.13333333333333333,0.25
28,18,66,0.45454545454545453,0.0,0.5303030303030303
28,19,52,0.36538461538461536,0.36538461538461536,0.05769230769230771
28,20,92,0.2608695652173913,0.2608695652173913,0.0
28,21,55,0.0,0.0,0.0
28,22,57,0.2807017543859649,-0.5614035087719298,0.5614035087719298
28,23,46,0.43478260869565216,0.3695652173913043,0.3043478260869565
28,24,48,0.1875,0.1875,0.020833333333333343
28,25,81,0.48148148148148145,0.48148148148148145,0.024691358024691412
28,26,73,0.2465753424657534,0.2465753424657534,0.0136986301369863
29,0,51,0.0,-0.37254901960784315,0.47058823529411764
29,1,45,0.0,-0.8,0.8
29,2,51,0.0,0.0,0.0196078431372549
29,3,54,0.0,-0.07407407407407407,0.14814814814814814
29,4,49,0.0,0.0,0.46938775510204084
29,5,53,0.0,0.0,0.1320754716981132
29,6,52,0.0,0.0,0.21153846153846154
29,7,58,0.0,0.0,0.017241379310344827
29,8,62,0.0,0.0,0.16129032258064516
29,9,66,0.0,-0.5757575757575758,0.5757575757575758
29,10,71,0.0,-0.028169014084507043,0.04225352112676056
29,11,68,0.0,-0.014705882352941176,0.11764705882352941
29,12,54,0.0,-0.037037037037037035,0.16666666666666666
29,13,66,0.0,-0.030303030303030304,0.16666666666666666
29,14,60,0.0,-0.13333333333333333,0.13333333333333333
29,15,54,0.0,-0.018518518518518517,0.6296296296296297
29,16,71,0.0,-0.09859154929577464,0.6901408450704225
29,17,60,0.0,-0.13333333333333333,0.25
29,18,66,0.4393939393939394,-0.015151515151515138,0.5454545454545454
29,19,52,0.36538461538461536,0.36538461538461536,0.05769230769230771
29,20,92,0.21739130434782608,0.21739130434782608,0.043478260869565216
29,21,55,0.01818181818181818,0.01818181818181818,0.0
29,22,57,0.2807017543859649,-0.5614035087719298,0.5614035087719298
29,23,46,0.43478260869565216,0.3695652173913043,0.3043478260869565
29,24,48,0.20833333333333334,0.20833333333333334,0.0
29,25,81,0.49382716049382713,0.49382716049382713,0.012345679012345734
29,26,73,0.2328767123287671,0.2328767123287671,0.0273972602739726
30,0,51,0.0,-0.37254901960784315,0.47058823529411764
30,1,45,0.0,-0.8,0.8
30,2,51,0.0,0.0,0.0196078431372549
30,3,54,0.0,-0.07407407407407407,0.14814814814814814
30,4,49,0.0,0.0,0.46938775510204084
30,5,53,0.0,0.0,0.1320754716981132
30,6,52,0.0,0.0,0.21153846153846154
30,7,58,0.0,0.0,0.017241379310344827
30,8,62,0.0,0.0,0.16129032258064516
30,9,66,0.0,-0.5757575757575758,0.5757575757575758
30,10,71,0.0,-0.028169014084507043,0.04225352112676056
30,11,68,0.0,-0.014705882352941176,0.11764705882352941
30,12,54,0.0,-0.037037037037037035,0.16666666666666666
30,13,66,0.0,-0.030303030303030304,0.16666666666666666
30,14,60,0.0,-0.13333333333333333,0.13333333333333333
30,15,54,0.0,-0.018518518518518517,0.6296296296296297
30,16,71,0.0,-0.09859154929577464,0.6901408450704225
30,17,60,0.0,-0.13333333333333333,0.25
30,18,66,0.4393939393939394,-0.015151515151515138,0.5454545454545454
30,19,52,0.36538461538461536,0.36538461538461536,0.05769230769230771
30,20,92,0.2391304347826087,0.2391304347826087,0.021739130434782594
30,21,55,0.01818181818181818,0.01818181818181818,0.0
30,22,57,0.2807017543859649,-0.5614035087719298,0.5614035087719298
30,23,46,0.41304347826086957,0.34782608695652173,0.3260869565217391
30,24,48,0.1875,0.1875,0.020833333333333343
30,25,81,0.49382716049382713,0.49382716049382713,0.012345679012345734
30,26,73,0.2328767123287671,0.2328767123287671,0.0273972602739726
31,0,51,0.0,-0.37254901960784315,0.47058823529411764
31,1,45,0.0,-0.8,0.8
31,2,51,0.0,0.0,0.0196078431372549
31,3,54,0.0,-0.07407407407407407,0.14814814814814814
31,4,49,0.0,0.0,0.46938775510204084
31,5,53,0.0,0.0,0.1320754716981132
31,6,52,0.0,0.0,0.21153846153846154
31,7,58,0.0,0.0,0.017241379310344827
31,8,62,0.0,0.0,0.16129032258064516
31,9,66,0.0,-0.5757575757575758,0.5757575757575758
31,10,71,0.0,-0.028169014084507043,0.04225352112676056
31,11,68,0.0,-0.014705882352941176,0.11764705882352941
31,12,54,0.0,-0.037037037037037035,0.16666666666666666
31,13,66,0.0,-0.030303030303030304,0.16666666666666666
31,14,60,0.0,-0.13333333333333333,0.13333333333333333
31,15,54,0.0,-0.018518518518518517,0.6296296296296297
31,16,71,0.0,-0.09859154929577464,0.6901408450704225
31,17,60,0.0,-0.13333333333333333,0.25
31,18,66,0.4393939393939394,-0.015151515151515138,0.5454545454545454
31,19,52,0.38461538461538464,0.38461538461538464,0.038461538461538436
31,20,92,0.2391304347826087,0.2391304347826087,0.021739130434782594
31,21,55,0.03636363636363636,0.03636363636363636,0.0
31,22,57,0.2807017543859649,-0.5614035087719298,0.5614035087719298
31,23,46,0.41304347826086957,0.34782608695652173,0.3260869565217391
31,24,48,0.16666666666666666,0.16666666666666666,0.041666666666666685
31,25,81,0.48148148148148145,0.48148148148148145,0.024691358024691412
31,26,73,0.2465753424657534,0.2465753424657534,0.0136986301369863
32,0,51,0.0,-0.37254901960784315,0.47058823529411764
32,1,45,0.0,-0.8,0.8
32,2,51,0.0,0.0,0.0196078431372549
32,3,54,0.0,-0.07407407407407407,0.14814814814814814
32,4,49,0.0,0.0,0.46938775510204084
32,5,53,0.0,0.0,0.1320754716981132
32,6,52,0.0,0.0,0.21153846153846154
32,7,58,0.0,0.0,0.017241379310344827
32,8,62,0.0,0.0,0.16129032258064516
32,9,66,0.0,-0.5757575757575758,0.5757575757575758
32,10,71,0.0,-0.028169014084507043,0.04225352112676056
32,11,68,0.0,-0.014705882352941176,0.11764705882352941
32,12,54,0.0,-0.037037037037037035,0.16666666666666666
32,13,66,0.0,-0.030303030303030304,0.16666666666666666
32,14,60,0.0,-0.13333333333333333,0.13333333333333333
32,15,54,0.0,-0.018518518518518517,0.6296296296296297
32,16,71,0.0,-0.09859154929577464,0.6901408450704225
32,17,60,0.0,-0.13333333333333333,0.25
32,18,66,0.48484848484848486,0.03030303030303033,0.5
32,19,52,0.38461538461538464,0.38461538461538464,0.038461538461538436
32,20,92,0.2391304347826087,0.2391304347826087,0.021739130434782594
32,21,55,0.01818181818181818,0.01818181818181818,0.01818181818181818
32,22,57,0.2631578947368421,-0.5789473684210527,0.5789473684210527
32,23,46,0.3695652173913043,0.3043478260869565,0.3695652173913043
32,24,48,0.16666666666666666,0.16666666666666666,0.041666666666666685
32,25,81,0.49382716049382713,0.49382716049382713,0.012345679012345734
32,26,73,0.2328767123287671,0.2328767123287671,0.0273972602739726
33,0,51,0.0,-0.37254901960784315,0.47058823529411764
33,1,45,0.0,-0.8,0.8
33,2,51,0.0,0.0,0.0196078431372549
33,3,54,0.0,-0.07407407407407407,0.14814814814814814
33,4,49,0.0,0.0,0.46938775510204084
33,5,53,0.0,0.0,0.1320754716981132
33,6,52,0.0,0.0,0.21153846153846154
33,7,58,0.0,0.0,0.017241379310344827
33,8,62,0.0,0.0,0.16129032258064516
33,9,66,0.0,-0.5757575757575758,0.5757575757575758
33,10,71,0.0,-0.028169014084507043,0.04225352112676056
33,11,68,0.0,-0.014705882352941176,0.11764705882352941
33,12,54,0.0,-0.037037037037037035,0.16666666666666666
33,13,66,0.0,-0.030303030303030304,0.16666666666666666
33,14,60,0.0,-0.13333333333333333,0.13333333333333333
33,15,54,0.0,-0.018518518518518517,0.6296296296296297
33,16,71,0.0,-0.09859154929577464,0.6901408450704225
33,17,60,0.0,-0.13333333333333333,0.25
33,18,66,0.48484848484848486,0.03030303030303033,0.5
33,19,52,0.40384615384615385,0.40384615384615385,0.019230769230769218
33,20,92,0.2391304347826087,0.2391304347826087,0.021739130434782594
33,21,55,0.03636363636363636,0.03636363636363636,0.0
33,22,57,0.2631578947368421,-0.5789473684210527,0.5789473684210527
33,23,46,0.391304347826087,0.32608695652173914,0.3478260869565217
33,24,48,0.16666666666666666,0.16666666666666666,0.041666666666666685
33,25,81,0.5061728395061729,0.5061728395061729,0.0
33,26,73,0.2465753424657534,0.2465753424657534,0.0136986301369863
34,0,51,0.0,-0.37254901960784315,0.47058823529411764
34,1,45,0.0,-0.8,0.8
34,2,51,0.0,0.0,0.0196078431372549
34,3,54,0.0,-0.07407407407407407,0.14814814814814814
34,4,49,0.0,0.0,0.46938775510204084
34,5,53,0.0,0.0,0.1320754716981132
34,6,52,0.0,0.0,0.21153846153846154
34,7,58,0.0,0.0,0.017241379310344827
34,8,62,0.0,0.0,0.16129032258064516
34,9,66,0.0,-0.5757575757575758,0.5757575757575758
34,10,71,0.0,-0.028169014084507043,0.04225352112676056
34,11,68,0.0,-0.014705882352941176,0.11764705882352941
34,12,54,0.0,-0.037037037037037035,0.16666666666666666
34,13,66,0.0,-0.030303030303030304,0.16666666666666666
34,14,60,0.0,-0.13333333333333333,0.13333333333333333
34,15,54,0.0,-0.018518518518518517,0.6296296296296297
34,16,71,0.0,-0.09859154929577464,0.6901408450704225
34,17,60,0.0,-0.13333333333333333,0.25
34,18,66,0.4696969696969697,0.015151515151515194,0.5151515151515151
34,19,52,0.4230769230769231,0.4230769230769231,0.0
34,20,92,0.25,0.25,0.010869565217391297
34,21,55,0.07272727272727272,0.07272727272727272,0.0
34,22,57,0.2631578947368421,-0.5789473684210527,0.5789473684210527
34,23,46,0.3695652173913043,0.3043478260869565,0.3695652173913043
34,24,48,0.1875,0.1875,0.020833333333333343
34,25,81,0.5185185185185185,0.5185185185185185,0.0
34,26,73,0.2602739726027397,0.2602739726027397,0.0
35,0,51,0.0,-0.37254901960784315,0.47058823529411764
35,1,45,0.0,-0.8,0.8
35,2,51,0.0,0.0,0.0196078431372549
35,3,54,0.0,-0.07407407407407407,0.14814814814814814
35,4,49,0.0,0.0,0.46938775510204084
35,5,53,0.0,0.0,0.1320754716981132
35,6,52,0.0,0.0,0.21153846153846154
35,7,58,0.0,0.0,0.017241379310344827
35,8,62,0.0,0.0,0.16129032258064516
35,9,66,0.0,-0.5757575757575758,0.5757575757575758
35,10,71,0.0,-0.028169014084507043,0.04225352112676056
35,11,68,0.0,-0.014705882352941176,0.11764705882352941
35,12,54,0.0,-0.037037037037037035,0.16666666666666666
35,13,66,0.0,-0.030303030303030304,0.16666666666666666
35,14,60,0.0,-0.13333333333333333,0.13333333333333333
35,15,54,0.0,-0.018518518518518517,0.6296296296296297
35,16,71,0.0,-0.09859154929577464,0.6901408450704225
35,17,60,0.0,-0.13333333333333333,0.25
35,18,66,0.4696969696969697,0.015151515151515194,0.5151515151515151
35,19,52,0.38461538461538464,0.38461538461538464,0.038461538461538436
35,20,92,0.22826086956521738,0.22826086956521738,0.03260869565217392
35,21,55,0.05454545454545454,0.05454545454545454,0.01818181818181818
35,22,57,0.2631578947368421,-0.5789473684210527,0.5789473684210527
35,23,46,0.3695652173913043,0.3043478260869565,0.3695652173913043
35,24,48,0.22916666666666666,0.22916666666666666,0.0
35,25,81,0.5061728395061729,0.5061728395061729,0.012345679012345623
35,26,73,0.273972602739726,0.273972602739726,0.0
36,0,51,0.0,-0.37254901960784315,0.47058823529411764
36,1,45,0.0,-0.8,0.8
36,2,51,0.0,0.0,0.0196078431372549
36,3,54,0.0,-0.07407407407407407,0.14814814814814814
36,4,49,0.0,0.0,0.46938775510204084
36,5,53,0.0,0.0,0.1320754716981132
36,6,52,0.0,0.0,0.21153846153846154
36,7,58,0.0,0.0,0.017241379310344827
36,8,62,0.0,0.0,0.16129032258064516
36,9,66,0.0,-0.5757575757575758,0.5757575757575758
36,10,71,0.0,-0.028169014084507043,0.04225352112676056
36,11,68,0.0,-0.014705882352941176,0.11764705882352941
36,12,54,0.0,-0.037037037037037035,0.16666666666666666
36,13,66,0.0,-0.030303030303030304,0.16666666666666666
36,14,60,0.0,-0.13333333333333333,0.13333333333333333
36,15,54,0.0,-0.018518518518518517,0.6296296296296297
36,16,71,0.0,-0.09859154929577464,0.6901408450704225
36,17,60,0.0,-0.13333333333333333,0.25
36,18,66,0.48484848484848486,0.03030303030303033,0.5
36,19,52,0.40384615384615385,0.40384615384615385,0.019230769230769218
36,20,92,0.2391304347826087,0.2391304347826087,0.021739130434782594
36,21,55,0.09090909090909091,0.09090909090909091,0.0
36,22,57,0.2631578947368421,-0.5789473684210527,0.5789473684210527
36,23,46,0.3695652173913043,0.3043478260869565,0.3695652173913043
36,24,48,0.22916666666666666,0.22916666666666666,0.0
36,25,81,0.49382716049382713,0.49382716049382713,0.024691358024691357
36,26,73,0.273972602739726,0.273972602739726,0.0
37,0,51,0.0,-0.37254901960784315,0.47058823529411764
37,1,45,0.0,-0.8,0.8
37,2,51,0.0,0.0,0.0196078431372549
37,3,54,0.0,-0.07407407407407407,0.14814814814814814
37,4,49,0.0,0.0,0.46938775510204084
37,5,53,0.0,0.0,0.1320754716981132
37,6,52,0.0,0.0,0.21153846153846154
37,7,58,0.0,0.0,0.017241379310344827
37,8,62,0.0,0.0,0.16129032258064516
37,9,66,0.0,-0.5757575757575758,0.5757575757575758
37,10,71,0.0,-0.028169014084507043,0.04225352112676056
37,11,68,0.0,-0.014705882352941176,0.11764705882352941
37,12,54,0.0,-0.037037037037037035,0.16666666666666666
37,13,66,0.0,-0.030303030303030304,0.16666666666666666
37,14,60,0.0,-0.13333333333333333,0.13333333333333333
37,15,54,0.0,-0.018518518518518517,0.6296296296296297
37,16,71,0.0,-0.09859154929577464,0.6901408450704225
37,17,60,0.0,-0.13333333333333333,0.25
37,18,66,0.48484848484848486,0.03030303030303033,0.5
37,19,52,0.40384615384615385,0.40384615384615385,0.019230769230769218
37,20,92,0.2391304347826087,0.2391304347826087,0.021739130434782594
37,21,55,0.09090909090909091,0.09090909090909091,0.0
37,22,57,0.2807017543859649,-0.5614035087719298,0.5614035087719298
37,23,46,0.3695652173913043,0.3043478260869565,0.3695652173913043
37,24,48,0.22916666666666666,0.22916666666666666,0.0
37,25,81,0.49382716049382713,0.49382716049382713,0.024691358024691357
37,26,73,0.273972602739726,0.273972602739726,0.0
38,0,51,0.0,-0.37254901960784315,0.47058823529411764
38,1,45,0.0,-0.8,0.8
38,2,51,0.0,0.0,0.0196078431372549
38,3,54,0.0,-0.07407407407407407,0.14814814814814814
38,4,49,0.0,0.0,0.46938775510204084
38,5,53,0.0,0.0,0.1320754716981132
38,6,52,0.0,0.0,0.21153846153846154
38,7,58,0.0,0.0,0.017241379310344827
38,8,62,0.0,0.0,0.16129032258064516
38,9,66,0.0,-0.5757575757575758,0.5757575757575758
38,10,71,0.0,-0.028169014084507043,0.04225352112676056
38,11,68,0.0,-0.014705882352941176,0.11764705882352941
38,12,54,0.0,-0.037037037037037035,0.16666666666666666
38,13,66,0.0,-0.030303030303030304,0.16666666666666666
38,14,60,0.0,-0.13333333333333333,0.13333333333333333
38,15,54,0.0,-0.018518518518518517,0.6296296296296297
38,16,71,0.0,-0.09859154929577464,0.6901408450704225
38,17,60,0.0,-0.13333333333333333,0.25
38,18,66,0.48484848484848486,0.03030303030303033,0.5
38,19,52,0.38461538461538464,0.38461538461538464,0.038461538461538436
38,20,92,0.2391304347826087,0.2391304347826087,0.021739130434782594
38,21,55,0.14545454545454545,0.14545454545454545,0.0
38,22,57,0.2807017543859649,-0.5614035087719298,0.5614035087719298
38,23,46,0.3695652173913043,0.3043478260869565,0.3695652173913043
38,24,48,0.22916666666666666,0.22916666666666666,0.0
38,25,81,0.49382716049382713,0.49382716049382713,0.024691358024691357
38,26,73,0.273972602739726,0.273972602739726,0.0
39,0,51,0.0,-0.37254901960784315,0.47058823529411764
39,1,45,0.0,-0.8,0.8
39,2,51,0.0,0.0,0.0196078431372549
39,3,54,0.0,-0.07407407407407407,0.14814814814814814
39,4,49,0.0,0.0,0.46938775510204084
39,5,53,0.0,0.0,0.1320754716981132
39,6,52,0.0,0.0,0.21153846153846154
39,7,58,0.0,0.0,0.017241379310344827
39,8,62,0.0,0.0,0.16129032258064516
39,9,66,0.0,-0.5757575757575758,0.5757575757575758
39,10,71,0.0,-0.028169014084507043,0.04225352112676056
39,11,68,0.0,-0.014705882352941176,0.11764705882352941
39,12,54,0.0,-0.037037037037037035,0.16666666666666666
39,13,66,0.0,-0.030303030303030304,0.16666666666666666
39,14,60,0.0,-0.13333333333333333,0.13333333333333333
39,15,54,0.0,-0.018518518518518517,0.6296296296296297
39,16,71,0.0,-0.09859154929577464,0.6901408450704225
39,17,60,0.0,-0.13333333333333333,0.25
39,18,66,0.48484848484848486,0.03030303030303033,0.5
39,19,52,0.38461538461538464,0.38461538461538464,0.038461538461538436
39,20,92,0.2391304347826087,0.2391304347826087,0.021739130434782594
39,21,55,0.14545454545454545,0.14545454545454545,0.0
39,22,57,0.2982456140350877,-0.5438596491228069,0.5438596491228069
39,23,46,0.391304347826087,0.32608695652173914,0.3478260869565217
39,24,48,0.22916666666666666,0.22916666666666666,0.0
39,25,81,0.48148148148148145,0.48148148148148145,0.037037037037037035
39,26,73,0.2876712328767123,0.2876712328767123,0.0
40,0,51,0.0,-0.37254901960784315,0.47058823529411764
40,1,45,0.0,-0.8,0.8
40,2,51,0.0,0.0,0.0196078431372549
40,3,54,0.0,-0.07407407407407407,0.14814814814814814
40,4,49,0.0,0.0,0.46938775510204084
40,5,53,0.0,0.0,0.1320754716981132
40,6,52,0.0,0.0,0.21153846153846154
40,7,58,0.0,0.0,0.017241379310344827
40,8,62,0.0,0.0,0.16129032258064516
40,9,66,0.0,-0.5757575757575758,0.5757575757575758
40,10,71,0.0,-0.028169014084507043,0.04225352112676056
40,11,68,0.0,-0.014705882352941176,0.11764705882352941
40,12,54,0.0,-0.037037037037037035,0.16666666666666666
40,13,66,0.0,-0.030303030303030304,0.16666666666666666
40,14,60,0.0,-0.13333333333333333,0.13333333333333333
40,15,54,0.0,-0.018518518518518517,0.6296296296296297
40,16,71,0.0,-0.09859154929577464,0.6901408450704225
40,17,60,0.0,-0.13333333333333333,0.25
40,18,66,0.48484848484848486,0.03030303030303033,0.5
40,19,52,0.38461538461538464,0.38461538461538464,0.038461538461538436
40,20,92,0.2391304347826087,0.2391304347826087,0.021739130434782594
40,21,55,0.16363636363636364,0.16363636363636364,0.0
40,22,57,0.3157894736842105,-0.5263157894736842,0.5263157894736842
40,23,46,0.391304347826087,0.32608695652173914,0.3478260869565217
40,24,48,0.25,0.25,0.0
40,25,81,0.4691358024691358,0.4691358024691358,0.04938271604938271
40,26,73,0.3013698630136986,0.3013698630136986,0.0
41,0,51,0.0,-0.37254901960784315,0.47058823529411764
41,1,45,0.0,-0.8,0.8
41,2,51,0.0,0.0,0.0196078431372549
41,3,54,0.0,-0.07407407407407407,0.14814814814814814
41,4,49,0.0,0.0,0.46938775510204084
41,5,53,0.0,0.0,0.1320754716981132
41,6,52,0.0,0.0,0.21153846153846154
41,7,58,0.0,0.0,0.017241379310344827
41,8,62,0.0,0.0,0.16129032258064516
41,9,66,0.0,-0.5757575757575758,0.5757575757575758
41,10,71,0.0,-0.028169014084507043,0.04225352112676056
41,11,68,0.0,-0.014705882352941176,0.11764705882352941
41,12,54,0.0,-0.037037037037037035,0.16666666666666666
41,13,66,0.0,-0.030303030303030304,0.16666666666666666
41,14,60,0.0,-0.13333333333333333,0.13333333333333333
41,15,54,0.0,-0.018518518518518517,0.6296296296296297
41,16,71,0.0,-0.09859154929577464,0.6901408450704225
41,17,60,0.0,-0.13333333333333333,0.25
41,18,66,0.5151515151515151,0.06060606060606061,0.4696969696969697
41,19,52,0.36538461538461536,0.36538461538461536,0.05769230769230771
41,20,92,0.21739130434782608,0.21739130434782608,0.043478260869565216
41,21,55,0.16363636363636364,0.16363636363636364,0.0
41,22,57,0.2982456140350877,-0.5438596491228069,0.5438596491228069
41,23,46,0.3695652173913043,0.3043478260869565,0.3695652173913043
41,24,48,0.20833333333333334,0.20833333333333334,0.04166666666666666
41,25,81,0.4567901234567901,0.4567901234567901,0.06172839506172839
41,26,73,0.3287671232876712,0.3287671232876712,0.0
42,0,51,0.0,-0.37254901960784315,0.47058823529411764
42,1,45,0.0,-0.8,0.8
42,2,51,0.0,0.0,0.0196078431372549
42,3,54,0.0,-0.07407407407407407,0.14814814814814814
42,4,49,0.0,0.0,0.46938775510204084
42,5,53,0.0,0.0,0.1320754716981132
42,6,52,0.0,0.0,0.21153846153846154
42,7,58,0.0,0.0,0.017241379310344827
42,8,62,0.0,0.0,0.16129032258064516
42,9,66,0.0,-0.5757575757575758,0.5757575757575758
42,10,71,0.0,-0.028169014084507043,0.04225352112676056
42,11,68,0.0,-0.014705882352941176,0.11764705882352941
42,12,54,0.0,-0.037037037037037035,0.16666666666666666
42,13,66,0.0,-0.030303030303030304,0.16666666666666666
42,14,60,0.0,-0.13333333333333333,0.13333333333333333
42,15,54,0.0,-0.018518518518518517,0.6296296296296297
42,16,71,0.0,-0.09859154929577464,0.6901408450704225
42,17,60,0.0,-0.13333333333333333,0.25
42,18,66,0.5,0.04545454545454547,0.48484848484848486
42,19,52,0.36538461538461536,0.36538461538461536,0.05769230769230771
42,20,92,0.20652173913043478,0.20652173913043478,0.05434782608695651
42,21,55,0.2,0.2,0.0
42,22,57,0.3508771929824561,-0.49122807017543857,0.49122807017543857
42,23,46,0.391304347826087,0.32608695652173914,0.3478260869565217
42,24,48,0.25,0.25,0.0
42,25,81,0.43209876543209874,0.43209876543209874,0.08641975308641975
42,26,73,0.2876712328767123,0.2876712328767123,0.0410958904109589
43,0,51,0.0,-0.37254901960784315,0.47058823529411764
43,1,45,0.0,-0.8,0.8
43,2,51,0.0,0.0,0.0196078431372549
43,3,54,0.0,-0.07407407407407407,0.14814814814814814
43,4,49,0.0,0.0,0.46938775510204084
43,5,53,0.0,0.0,0.1320754716981132
43,6,52,0.0,0.0,0.21153846153846154
43,7,58,0.0,0.0,0.017241379310344827
43,8,62,0.0,0.0,0.16129032258064516
43,9,66,0.0,-0.5757575757575758,0.5757575757575758
43,10,71,0.0,-0.028169014084507043,0.04225352112676056
43,11,68,0.0,-0.014705882352941176,0.11764705882352941
43,12,54,0.0,-0.037037037037037035,0.16666666666666666
43,13,66,0.0,-0.030303030303030304,0.16666666666666666
43,14,60,0.0,-0.13333333333333333,0.13333333333333333
43,15,54,0.0,-0.018518518518518517,0.6296296296296297
43,16,71,0.0,-0.09859154929577464,0.6901408450704225
43,17,60,0.0,-0.13333333333333333,0.25
43,18,66,0.5454545454545454,0.09090909090909088,0.43939393939393945
43,19,52,0.40384615384615385,0.40384615384615385,0.019230769230769218
43,20,92,0.16304347826086957,0.16304347826086957,0.09782608695652173
43,21,55,0.16363636363636364,0.16363636363636364,0.036363636363636376
43,22,57,0.2807017543859649,-0.5614035087719298,0.5614035087719298
43,23,46,0.3695652173913043,0.3043478260869565,0.3695652173913043
43,24,48,0.0625,0.0625,0.1875
43,25,81,0.43209876543209874,0.43209876543209874,0.08641975308641975
43,26,73,0.4657534246575342,0.4657534246575342,0.0
44,0,51,0.0,-0.37254901960784315,0.47058823529411764
44,1,45,0.0,-0.8,0.8
44,2,51,0.0,0.0,0.0196078431372549
44,3,54,0.0,-0.07407407407407407,0.14814814814814814
44,4,49,0.0,0.0,0.46938775510204084
44,5,53,0.0,0.0,0.1320754716981132
44,6,52,0.0,0.0,0.21153846153846154
44,7,58,0.0,0.0,0.017241379310344827
44,8,62,0.0,0.0,0.16129032258064516
44,9,66,0.0,-0.5757575757575758,0.5757575757575758
44,10,71,0.0,-0.028169014084507043,0.04225352112676056
44,11,68,0.0,-0.014705882352941176,0.11764705882352941
44,12,54,0.0,-0.037037037037037035,0.16666666666666666
44,13,66,0.0,-0.030303030303030304,0.16666666666666666
44,14,60,0.0,-0.13333333333333333,0.13333333333333333
44,15,54,0.0,-0.018518518518518517,0.6296296296296297
44,16,71,0.0,-0.09859154929577464,0.6901408450704225
44,17,60,0.0,-0.13333333333333333,0.25
44,18,66,0.5454545454545454,0.09090909090909088,0.43939393939393945
44,19,52,0.4230769230769231,0.4230769230769231,0.0
44,20,92,0.09782608695652174,0.09782608695652174,0.16304347826086957
44,21,55,0.21818181818181817,0.21818181818181817,0.0
44,22,57,0.3333333333333333,-0.5087719298245614,0.5087719298245614
44,23,46,0.3695652173913043,0.3043478260869565,0.3695652173913043
44,24,48,0.3333333333333333,0.3333333333333333,0.0
44,25,81,0.4074074074074074,0.4074074074074074,0.1111111111111111
44,26,73,0.2328767123287671,0.2328767123287671,0.2328767123287671
45,0,51,0.0,-0.37254901960784315,0.47058823529411764
45,1,45,0.0,-0.8,0.8
45,2,51,0.0,0.0,0.0196078431372549
45,3,54,0.0,-0.07407407407407407,0.14814814814814814
45,4,49,0.0,0.0,0.46938775510204084
45,5,53,0.0,0.0,0.1320754716981132
45,6,52,0.0,0.0,0.21153846153846154
45,7,58,0.0,0.0,0.017241379310344827
45,8,62,0.0,0.0,0.16129032258064516
45,9,66,0.0,-0.5757575757575758,0.5757575757575758
45,10,71,0.0,-0.028169014084507043,0.04225352112676056
45,11,68,0.0,-0.014705882352941176,0.11764705882352941
45,12,54,0.0,-0.037037037037037035,0.16666666666666666
45,13,66,0.0,-0.030303030303030304,0.16666666666666666
45,14,60,0.0,-0.13333333333333333,0.13333333333333333
45,15,54,0.0,-0.018518518518518517,0.6296296296296297
45,16,71,0.0,-0.09859154929577464,0.6901408450704225
45,17,60,0.0,-0.13333333333333333,0.25
45,18,66,0.5909090909090909,0.1363636363636364,0.3939393939393939
45,19,52,0.36538461538461536,0.36538461538461536,0.05769230769230771
45,20,92,0.11956521739130435,0.11956521739130435,0.14130434782608695
45,21,55,0.16363636363636364,0.16363636363636364,0.054545454545454536
45,22,57,0.2982456140350877,-0.5438596491228069,0.5438596491228069
45,23,46,0.34782608695652173,0.2826086956521739,0.3913043478260869
45,24,48,0.041666666666666664,0.041666666666666664,0.29166666666666663
45,25,81,0.4444444444444444,0.4444444444444444,0.07407407407407407
45,26,73,0.4657534246575342,0.4657534246575342,0.0
46,0,51,0.0,-0.37254901960784315,0.47058823529411764
46,1,45,0.0,-0.8,0.8
46,2,51,0.0,0.0,0.0196078431372549
46,3,54,0.0,-0.07407407407407407,0.14814814814814814
46,4,49,0.0,0.0,0.46938775510204084
46,5,53,0.0,0.0,0.1320754716981132
46,6,52,0.0,0.0,0.21153846153846154
46,7,58,0.0,0.0,0.017241379310344827
46,8,62,0.0,0.0,0.16129032258064516
46,9,66,0.0,-0.5757575757575758,0.5757575757575758
46,10,71,0.0,-0.028169014084507043,0.04225352112676056
46,11,68,0.0,-0.014705882352941176,0.11764705882352941
46,12,54,0.0,-0.037037037037037035,0.16666666666666666
46,13,66,0.0,-0.030303030303030304,0.16666666666666666
46,14,60,0.0,-0.13333333333333333,0.13333333333333333
46,15,54,0.0,-0.018518518518518517,0.6296296296296297
46,16,71,0.0,-0.09859154929577464,0.6901408450704225
46,17,60,0.0,-0.13333333333333333,0.25
46,18,66,0.6060606060606061,0.15151515151515155,0.3787878787878788
46,19,52,0.46153846153846156,0.46153846153846156,0.0
46,20,92,0.08695652173913043,0.08695652173913043,0.17391304347826086
46,21,55,0.2,0.2,0.01818181818181816
46,22,57,0.40350877192982454,-0.43859649122807015,0.43859649122807015
46,23,46,0.391304347826087,0.32608695652173914,0.3478260869565217
46,24,48,0.3333333333333333,0.3333333333333333,0.0
46,25,81,0.4567901234567901,0.4567901234567901,0.06172839506172839
46,26,73,0.1917808219178082,0.1917808219178082,0.273972602739726
47,0,51,0.0,-0.37254901960784315,0.47058823529411764
47,1,45,0.0,-0.8,0.8
47,2,51,0.0,0.0,0.0196078431372549
47,3,54,0.0,-0.07407407407407407,0.14814814814814814
47,4,49,0.0,0.0,0.46938775510204084
47,5,53,0.0,0.0,0.1320754716981132
47,6,52,0.0,0.0,0.21153846153846154
47,7,58,0.0,0.0,0.017241379310344827
47,8,62,0.0,0.0,0.16129032258064516
47,9,66,0.0,-0.5757575757575758,0.5757575757575758
47,10,71,0.0,-0.028169014084507043,0.04225352112676056
47,11,68,0.0,-0.014705882352941176,0.11764705882352941
47,12,54,0.0,-0.037037037037037035,0.16666666666666666
47,13,66,0.0,-0.030303030303030304,0.16666666666666666
47,14,60,0.0,-0.13333333333333333,0.13333333333333333
47,15,54,0.0,-0.018518518518518517,0.6296296296296297
47,16,71,0.0,-0.09859154929577464,0.6901408450704225
47,17,60,0.0,-0.13333333333333333,0.25
47,18,66,0.6212121212121212,0.16666666666666669,0.36363636363636365
47,19,52,0.40384615384615385,0.40384615384615385,0.05769230769230771
47,20,92,0.07608695652173914,0.07608695652173914,0.18478260869565216
47,21,55,0.16363636363636364,0.16363636363636364,0.054545454545454536
47,22,57,0.3333333333333333,-0.5087719298245614,0.5087719298245614
47,23,46,0.3695652173913043,0.3043478260869565,0.3695652173913043
47,24,48,0.0625,0.0625,0.2708333333333333
47,25,81,0.5061728395061729,0.5061728395061729,0.012345679012345623
47,26,73,0.3698630136986301,0.3698630136986301,0.0958904109589041
48,0,51,0.0,-0.37254901960784315,0.47058823529411764
48,1,45,0.0,-0.8,0.8
48,2,51,0.0,0.0,0.0196078431372549
48,3,54,0.0,-0.07407407407407407,0.14814814814814814
48,4,49,0.0,0.0,0.46938775510204084
48,5,53,0.0,0.0,0.1320754716981132
48,6,52,0.0,0.0,0.21153846153846154
48,7,58,0.0,0.0,0.017241379310344827
48,8,62,0.0,0.0,0.16129032258064516
48,9,66,0.0,-0.5757575757575758,0.5757575757575758
48,10,71,0.0,-0.028169014084507043,0.04225352112676056
48,11,68,0.0,-0.014705882352941176,0.11764705882352941
48,12,54,0.0,-0.037037037037037035,0.16666666666666666
48,13,66,0.0,-0.030303030303030304,0.16666666666666666
48,14,60,0.0,-0.13333333333333333,0.13333333333333333
48,15,54,0.0,-0.018518518518518517,0.6296296296296297
48,16,71,0.0,-0.09859154929577464,0.6901408450704225
48,17,60,0.0,-0.13333333333333333,0.25
48,18,66,0.5606060606060606,0.10606060606060602,0.4242424242424243
48,19,52,0.38461538461538464,0.38461538461538464,0.07692307692307693
48,20,92,0.11956521739130435,0.11956521739130435,0.14130434782608695
48,21,55,0.32727272727272727,0.32727272727272727,0.0
48,22,57,0.40350877192982454,-0.43859649122807015,0.43859649122807015
48,23,46,0.41304347826086957,0.34782608695652173,0.3260869565217391
48,24,48,0.3333333333333333,0.3333333333333333,0.0
48,25,81,0.49382716049382713,0.49382716049382713,0.024691358024691357
48,26,73,0.2465753424657534,0.2465753424657534,0.2191780821917808
49,0,51,0.0,-0.37254901960784315,0.47058823529411764
49,1,45,0.0,-0.8,0.8
49,2,51,0.0,0.0,0.0196078431372549
49,3,54,0.0,-0.07407407407407407,0.14814814814814814
49,4,49,0.0,0.0,0.46938775510204084
49,5,53,0.0,0.0,0.1320754716981132
49,6,52,0.0,0.0,0.21153846153846154
49,7,58,0.0,0.0,0.017241379310344827
49,8,62,0.0,0.0,0.16129032258064516
49,9,66,0.0,-0.5757575757575758,0.5757575757575758
49,10,71,0.0,-0.028169014084507043,0.04225352112676056
49,11,68,0.0,-0.014705882352941176,0.11764705882352941
49,12,54,0.0,-0.037037037037037035,0.16666666666666666
49,13,66,0.0,-0.030303030303030304,0.16666666666666666
49,14,60,0.0,-0.13333333333333333,0.13333333333333333
49,15,54,0.0,-0.018518518518518517,0.6296296296296297
49,16,71,0.0,-0.09859154929577464,0.6901408450704225
49,17,60,0.0,-0.13333333333333333,0.25
49,18,66,0.5757575757575758,0.12121212121212127,0.40909090909090906
49,19,52,0.34615384615384615,0.34615384615384615,0.11538461538461542
49,20,92,0.13043478260869565,0.13043478260869565,0.13043478260869565
49,21,55,0.23636363636363636,0.23636363636363636,0.09090909090909091
49,22,57,0.3157894736842105,-0.5263157894736842,0.5263157894736842
49,23,46,0.43478260869565216,0.3695652173913043,0.3043478260869565
49,24,48,0.0625,0.0625,0.2708333333333333
49,25,81,0.5432098765432098,0.5432098765432098,0.0
49,26,73,0.4520547945205479,0.4520547945205479,0.0136986301369863
50,0,51,0.0,-0.37254901960784315,0.47058823529411764
50,1,45,0.0,-0.8,0.8
50,2,51,0.0,0.0,0.0196078431372549
50,3,54,0.0,-0.07407407407407407,0.14814814814814814
50,4,49,0.0,0.0,0.46938775510204084
50,5,53,0.0,0.0,0.1320754716981132
50,6,52,0.0,0.0,0.21153846153846154
50,7,58,0.0,0.0,0.017241379310344827
50,8,62,0.0,0.0,0.16129032258064516
50,9,66,0.0,-0.5757575757575758,0.5757575757575758
50,10,71,0.0,-0.028169014084507043,0.04225352112676056
50,11,68,0.0,-0.014705882352941176,0.11764705882352941
50,12,54,0.0,-0.037037037037037035,0.16666666666666666
50,13,66,0.0,-0.030303030303030304,0.16666666666666666
50,14,60,0.0,-0.13333333333333333,0.13333333333333333
50,15,54,0.0,-0.018518518518518517,0.6296296296296297
50,16,71,0.0,-0.09859154929577464,0.6901408450704225
50,17,60,0.0,-0.13333333333333333,0.25
50,18,66,0.48484848484848486,0.03030303030303033,0.5
50,19,52,0.40384615384615385,0.40384615384615385,0.05769230769230771
50,20,92,0.15217391304347827,0.15217391304347827,0.10869565217391303
50,21,55,0.34545454545454546,0.34545454545454546,0.0
50,22,57,0.40350877192982454,-0.43859649122807015,0.43859649122807015
50,23,46,0.45652173913043476,0.3913043478260869,0.2826086956521739
50,24,48,0.4166666666666667,0.4166666666666667,0.0
50,25,81,0.43209876543209874,0.43209876543209874,0.1111111111111111
50,26,73,0.2465753424657534,0.2465753424657534,0.2191780821917808
51,0,51,0.0,-0.37254901960784315,0.47058823529411764
51,1,45,0.0,-0.8,0.8
51,2,51,0.0,0.0,0.0196078431372549
51,3,54,0.0,-0.07407407407407407,0.14814814814814814
51,4,49,0.0,0.0,0.46938775510204084
51,5,53,0.0,0.0,0.1320754716981132
51,6,52,0.0,0.0,0.21153846153846154
51,7,58,0.0,0.0,0.017241379310344827
51,8,62,0.0,0.0,0.16129032258064516
51,9,66,0.0,-0.5757575757575758,0.5757575757575758
51,10,71,0.0,-0.028169014084507043,0.04225352112676056
51,11,68,0.0,-0.014705882352941176,0.11764705882352941
51,12,54,0.0,-0.037037037037037035,0.16666666666666666
51,13,66,0.0,-0.030303030303030304,0.16666666666666666
51,14,60,0.0,-0.13333333333333333,0.13333333333333333
51,15,54,0.0,-0.018518518518518517,0.6296296296296297
51,16,71,0.0,-0.09859154929577464,0.6901408450704225
51,17,60,0.0,-0.13333333333333333,0.25
51,18,66,0.6363636363636364,0.18181818181818182,0.3484848484848485
51,19,52,0.34615384615384615,0.34615384615384615,0.11538461538461542
51,20,92,0.13043478260869565,0.13043478260869565,0.13043478260869565
51,21,55,0.2,0.2,0.14545454545454545
51,22,57,0.3333333333333333,-0.5087719298245614,0.5087719298245614
51,23,46,0.43478260869565216,0.3695652173913043,0.3043478260869565
51,24,48,0.0625,0.0625,0.3541666666666667
51,25,81,0.49382716049382713,0.49382716049382713,0.04938271604938271
51,26,73,0.4657534246575342,0.4657534246575342,0.0
52,0,51,0.0,-0.37254901960784315,0.47058823529411764
52,1,45,0.0,-0.8,0.8
52,2,51,0.0,0.0,0.0196078431372549
52,3,54,0.0,-0.07407407407407407,0.14814814814814814
52,4,49,0.0,0.0,0.46938775510204084
52,5,53,0.0,0.0,0.1320754716981132
52,6,52,0.0,0.0,0.21153846153846154
52,7,58,0.0,0.0,0.017241379310344827
52,8,62,0.0,0.0,0.16129032258064516
52,9,66,0.0,-0.5757575757575758,0.5757575757575758
52,10,71,0.0,-0.028169014084507043,0.04225352112676056
52,11,68,0.0,-0.014705882352941176,0.11764705882352941
52,12,54,0.0,-0.037037037037037035,0.16666666666666666
52,13,66,0.0,-0.030303030303030304,0.16666666666666666
52,14,60,0.0,-0.13333333333333333,0.13333333333333333
52,15,54,0.0,-0.018518518518518517,0.6296296296296297
52,16,71,0.0,-0.09859154929577464,0.6901408450704225
52,17,60,0.0,-0.13333333333333333,0.25
52,18,66,0.48484848484848486,0.03030303030303033,0.5
52,19,52,0.40384615384615385,0.40384615384615385,0.05769230769230771
52,20,92,0.16304347826086957,0.16304347826086957,0.09782608695652173
52,21,55,0.32727272727272727,0.32727272727272727,0.018181818181818188
52,22,57,0.40350877192982454,-0.43859649122807015,0.43859649122807015
52,23,46,0.43478260869565216,0.3695652173913043,0.3043478260869565
52,24,48,0.375,0.375,0.041666666666666685
52,25,81,0.4444444444444444,0.4444444444444444,0.09876543209876543
52,26,73,0.2328767123287671,0.2328767123287671,0.2328767123287671
53,0,51,0.0,-0.37254901960784315,0.47058823529411764
53,1,45,0.0,-0.8,0.8
53,2,51,0.0,0.0,0.0196078431372549
53,3,54,0.0,-0.07407407407407407,0.14814814814814814
53,4,49,0.0,0.0,0.46938775510204084
53,5,53,0.0,0.0,0.1320754716981132
53,6,52,0.0,0.0,0.21153846153846154
53,7,58,0.0,0.0,0.017241379310344827
53,8,62,0.0,0.0,0.16129032258064516
53,9,66,0.0,-0.5757575757575758,0.5757575757575758
53,10,71,0.0,-0.028169014084507043,0.04225352112676056
53,11,68,0.0,-0.014705882352941176,0.11764705882352941
53,12,54,0.0,-0.037037037037037035,0.16666666666666666
53,13,66,0.0,-0.030303030303030304,0.16666666666666666
53,14,60,0.0,-0.13333333333333333,0.13333333333333333
53,15,54,0.0,-0.018518518518518517,0.6296296296296297
53,16,71,0.0,-0.09859154929577464,0.6901408450704225
53,17,60,0.0,-0.13333333333333333,0.25
53,18,66,0.7272727272727273,0.27272727272727276,0.25757575757575757
53,19,52,0.28846153846153844,0.28846153846153844,0.17307692307692313
53,20,92,0.13043478260869565,0.13043478260869565,0.13043478260869565
53,21,55,0.23636363636363636,0.23636363636363636,0.1090909090909091
53,22,57,0.3333333333333333,-0.5087719298245614,0.5087719298245614
53,23,46,0.4782608695652174,0.41304347826086957,0.26086956521739124
53,24,48,0.08333333333333333,0.08333333333333333,0.33333333333333337
53,25,81,0.5185185185185185,0.5185185185185185,0.024691358024691357
53,26,73,0.4931506849315068,0.4931506849315068,0.0
54,0,51,0.0,-0.37254901960784315,0.47058823529411764
54,1,45,0.0,-0.8,0.8
54,2,51,0.0,0.0,0.0196078431372549
54,3,54,0.0,-0.07407407407407407,0.14814814814814814
54,4,49,0.0,0.0,0.46938775510204084
54,5,53,0.0,0.0,0.1320754716981132
54,6,52,0.0,0.0,0.21153846153846154
54,7,58,0.0,0.0,0.017241379310344827
54,8,62,0.0,0.0,0.16129032258064516
54,9,66,0.0,-0.5757575757575758,0.5757575757575758
54,10,71,0.0,-0.028169014084507043,0.04225352112676056
54,11,68,0.0,-0.014705882352941176,0.11764705882352941
54,12,54,0.0,-0.037037037037037035,0.16666666666666666
54,13,66,0.0,-0.030303030303030304,0.16666666666666666
54,14,60,0.0,-0.13333333333333333,0.13333333333333333
54,15,54,0.0,-0.018518518518518517,0.6296296296296297
54,16,71,0.0,-0.09859154929577464,0.6901408450704225
54,17,60,0.0,-0.13333333333333333,0.25
54,18,66,0.48484848484848486,0.03030303030303033,0.5
54,19,52,0.4423076923076923,0.4423076923076923,0.019230769230769273
54,20,92,0.1956521739130435,0.1956521739130435,0.06521739130434781
54,21,55,0.2727272727272727,0.2727272727272727,0.07272727272727275
54,22,57,0.45614035087719296,-0.38596491228070173,0.38596491228070173
54,23,46,0.45652173913043476,0.3913043478260869,0.2826086956521739
54,24,48,0.375,0.375,0.041666666666666685
54,25,81,0.4074074074074074,0.4074074074074074,0.13580246913580246
54,26,73,0.2328767123287671,0.2328767123287671,0.2602739726027397
55,0,51,0.0,-0.37254901960784315,0.47058823529411764
55,1,45,0.0,-0.8,0.8
55,2,51,0.0,0.0,0.0196078431372549
55,3,54,0.0,-0.07407407407407407,0.14814814814814814
55,4,49,0.0,0.0,0.46938775510204084
55,5,53,0.0,0.0,0.1320754716981132
55,6,52,0.0,0.0,0.21153846153846154
55,7,58,0.0,0.0,0.017241379310344827
55,8,62,0.0,0.0,0.16129032258064516
55,9,66,0.0,-0.5757575757575758,0.5757575757575758
55,10,71,0.0,-0.028169014084507043,0.04225352112676056
55,11,68,0.0,-0.014705882352941176,0.11764705882352941
55,12,54,0.0,-0.037037037037037035,0.16666666666666666
55,13,66,0.0,-0.030303030303030304,0.16666666666666666
55,14,60,0.0,-0.13333333333333333,0.13333333333333333
55,15,54,0.0,-0.018518518518518517,0.6296296296296297
55,16,71,0.0,-0.09859154929577464,0.6901408450704225
55,17,60,0.0,-0.13333333333333333,0.25
55,18,66,0.7424242424242424,0.2878787878787879,0.24242424242424243
55,19,52,0.3269230769230769,0.3269230769230769,0.13461538461538464
55,20,92,0.13043478260869565,0.13043478260869565,0.13043478260869565
55,21,55,0.23636363636363636,0.23636363636363636,0.1090909090909091
55,22,57,0.3684210526315789,-0.47368421052631576,0.47368421052631576
55,23,46,0.4782608695652174,0.41304347826086957,0.26086956521739124
55,24,48,0.10416666666666667,0.10416666666666667,0.3125
55,25,81,0.5308641975308642,0.5308641975308642,0.012345679012345623
55,26,73,0.4657534246575342,0.4657534246575342,0.0273972602739726
56,0,51,0.0,-0.37254901960784315,0.47058823529411764
56,1,45,0.0,-0.8,0.8
56,2,51,0.0,0.0,0.0196078431372549
56,3,54,0.0,-0.07407407407407407,0.14814814814814814
56,4,49,0.0,0.0,0.46938775510204084
56,5,53,0.0,0.0,0.1320754716981132
56,6,52,0.0,0.0,0.21153846153846154
56,7,58,0.0,0.0,0.017241379310344827
56,8,62,0.0,0.0,0.16129032258064516
56,9,66,0.0,-0.5757575757575758,0.5757575757575758
56,10,71,0.0,-0.028169014084507043,0.04225352112676056
56,11,68,0.0,-0.014705882352941176,0.11764705882352941
56,12,54,0.0,-0.037037037037037035,0.16666666666666666
56,13,66,0.0,-0.030303030303030304,0.16666666666666666
56,14,60,0.0,-0.13333333333333333,0.13333333333333333
56,15,54,0.0,-0.018518518518518517,0.6296296296296297
56,16,71,0.0,-0.09859154929577464,0.6901408450704225
56,17,60,0.0,-0.13333333333333333,0.25
56,18,66,0.5151515151515151,0.06060606060606061,0.4696969696969697
56,19,52,0.4423076923076923,0.4423076923076923,0.019230769230769273
56,20,92,0.1956521739130435,0.1956521739130435,0.06521739130434781
56,21,55,0.23636363636363636,0.23636363636363636,0.1090909090909091
56,22,57,0.43859649122807015,-0.40350877192982454,0.40350877192982454
56,23,46,0.4782608695652174,0.41304347826086957,0.26086956521739124
56,24,48,0.375,0.375,0.041666666666666685
56,25,81,0.4567901234567901,0.4567901234567901,0.08641975308641975
56,26,73,0.1917808219178082,0.1917808219178082,0.3013698630136986
57,0,51,0.0,-0.37254901960784315,0.47058823529411764
57,1,45,0.0,-0.8,0.8
57,2,51,0.0,0.0,0.0196078431372549
57,3,54,0.0,-0.07407407407407407,0.14814814814814814
57,4,49,0.0,0.0,0.46938775510204084
57,5,53,0.0,0.0,0.1320754716981132
57,6,52,0.0,0.0,0.21153846153846154
57,7,58,0.0,0.0,0.017241379310344827
57,8,62,0.0,0.0,0.16129032258064516
57,9,66,0.0,-0.5757575757575758,0.5757575757575758
57,10,71,0.0,-0.028169014084507043,0.04225352112676056
57,11,68,0.0,-0.014705882352941176,0.11764705882352941
57,12,54,0.0,-0.037037037037037035,0.16666666666666666
57,13,66,0.0,-0.030303030303030304,0.16666666666666666
57,14,60,0.0,-0.13333333333333333,0.13333333333333333
57,15,54,0.0,-0.018518518518518517,0.6296296296296297
57,16,71,0.0,-0.09859154929577464,0.6901408450704225
57,17,60,0.0,-0.13333333333333333,0.25
57,18,66,0.696969696969697,0.2424242424242425,0.28787878787878785
57,19,52,0.34615384615384615,0.34615384615384615,0.11538461538461542
57,20,92,0.13043478260869565,0.13043478260869565,0.13043478260869565
57,21,55,0.21818181818181817,0.21818181818181817,0.1272727272727273
57,22,57,0.38596491228070173,-0.45614035087719296,0.45614035087719296
57,23,46,0.4782608695652174,0.41304347826086957,0.26086956521739124
57,24,48,0.10416666666666667,0.10416666666666667,0.3125
57,25,81,0.49382716049382713,0.49382716049382713,0.04938271604938271
57,26,73,0.4246575342465753,0.4246575342465753,0.0684931506849315
58,0,51,0.0,-0.37254901960784315,0.47058823529411764
58,1,45,0.0,-0.8,0.8
58,2,51,0.0,0.0,0.0196078431372549
58,3,54,0.0,-0.07407407407407407,0.14814814814814814
58,4,49,0.0,0.0,0.46938775510204084
58,5,53,0.0,0.0,0.1320754716981132
58,6,52,0.0,0.0,0.21153846153846154
58,7,58,0.0,0.0,0.017241379310344827
58,8,62,0.0,0.0,0.16129032258064516
58,9,66,0.0,-0.5757575757575758,0.5757575757575758
58,10,71,0.0,-0.028169014084507043,0.04225352112676056
58,11,68,0.0,-0.014705882352941176,0.11764705882352941
58,12,54,0.0,-0.037037037037037035,0.16666666666666666
58,13,66,0.0,-0.030303030303030304,0.16666666666666666
58,14,60,0.0,-0.13333333333333333,0.13333333333333333
58,15,54,0.0,-0.018518518518518517,0.6296296296296297
58,16,71,0.0,-0.09859154929577464,0.6901408450704225
58,17,60,0.0,-0.13333333333333333,0.25
58,18,66,0.5303030303030303,0.07575757575757575,0.4545454545454546
58,19,52,0.4423076923076923,0.4423076923076923,0.019230769230769273
58,20,92,0.18478260869565216,0.18478260869565216,0.07608695652173914
58,21,55,0.23636363636363636,0.23636363636363636,0.1090909090909091
58,22,57,0.43859649122807015,-0.40350877192982454,0.40350877192982454
58,23,46,0.4782608695652174,0.41304347826086957,0.26086956521739124
58,24,48,0.3958333333333333,0.3958333333333333,0.02083333333333337
58,25,81,0.4074074074074074,0.4074074074074074,0.13580246913580246
58,26,73,0.2191780821917808,0.2191780821917808,0.273972602739726
59,0,51,0.0,-0.37254901960784315,0.47058823529411764
59,1,45,0.0,-0.8,0.8
59,2,51,0.0,0.0,0.0196078431372549
59,3,54,0.0,-0.07407407407407407,0.14814814814814814
59,4,49,0.0,0.0,0.46938775510204084
59,5,53,0.0,0.0,0.1320754716981132
59,6,52,0.0,0.0,0.21153846153846154
59,7,58,0.0,0.0,0.017241379310344827
59,8,62,0.0,0.0,0.16129032258064516
59,9,66,0.0,-0.5757575757575758,0.5757575757575758
59,10,71,0.0,-0.028169014084507043,0.04225352112676056
59,11,68,0.0,-0.014705882352941176,0.11764705882352941
59,12,54,0.0,-0.037037037037037035,0.16666666666666666
59,13,66,0.0,-0.030303030303030304,0.16666666666666666
59,14,60,0.0,-0.13333333333333333,0.13333333333333333
59,15,54,0.0,-0.018518518518518517,0.6296296296296297
59,16,71,0.0,-0.09859154929577464,0.6901408450704225
59,17,60,0.0,-0.13333333333333333,0.25
59,18,66,0.7575757575757576,0.30303030303030304,0.2272727272727273
59,19,52,0.36538461538461536,0.36538461538461536,0.0961538461538462
59,20,92,0.14130434782608695,0.14130434782608695,0.11956521739130435
59,21,55,0.14545454545454545,0.14545454545454545,0.2
59,22,57,0.42105263157894735,-0.42105263157894735,0.42105263157894735
59,23,46,0.41304347826086957,0.34782608695652173,0.3260869565217391
59,24,48,0.08333333333333333,0.08333333333333333,0.33333333333333337
59,25,81,0.5061728395061729,0.5061728395061729,0.03703703703703698
59,26,73,0.4520547945205479,0.4520547945205479,0.0410958904109589
60,0,51,0.0,-0.37254901960784315,0.47058823529411764
60,1,45,0.0,-0.8,0.8
60,2,51,0.0,0.0,0.0196078431372549
60,3,54,0.0,-0.07407407407407407,0.14814814814814814
60,4,49,0.0,0.0,0.46938775510204084
60,5,53,0.0,0.0,0.1320754716981132
60,6,52,0.0,0.0,0.21153846153846154
60,7,58,0.0,0.0,0.017241379310344827
60,8,62,0.0,0.0,0.16129032258064516
60,9,66,0.0,-0.5757575757575758,0.5757575757575758
60,10,71,0.0,-0.028169014084507043,0.04225352112676056
60,11,68,0.0,-0.014705882352941176,0.11764705882352941
60,12,54,0.0,-0.037037037037037035,0.16666666666666666
60,13,66,0.0,-0.030303030303030304,0.16666666666666666
60,14,60,0.0,-0.13333333333333333,0.13333333333333333
60,15,54,0.0,-0.018518518518518517,0.6296296296296297
60,16,71,0.0,-0.09859154929577464,0.6901408450704225
60,17,60,0.0,-0.13333333333333333,0.25
60,18,66,0.5454545454545454,0.09090909090909088,0.43939393939393945
60,19,52,0.40384615384615385,0.40384615384615385,0.05769230769230771
60,20,92,0.14130434782608695,0.14130434782608695,0.11956521739130435
60,21,55,0.18181818181818182,0.18181818181818182,0.16363636363636364
60,22,57,0.43859649122807015,-0.40350877192982454,0.40350877192982454
60,23,46,0.43478260869565216,0.3695652173913043,0.3043478260869565
60,24,48,0.375,0.375,0.041666666666666685
60,25,81,0.48148148148148145,0.48148148148148145,0.06172839506172839
60,26,73,0.2328767123287671,0.2328767123287671,0.2602739726027397
61,0,51,0.0,-0.37254901960784315,0.47058823529411764
61,1,45,0.0,-0.8,0.8
61,2,51,0.0,0.0,0.0196078431372549
61,3,54,0.0,-0.07407407407407407,0.14814814814814814
61,4,49,0.0,0.0,0.46938775510204084
61,5,53,0.0,0.0,0.1320754716981132
61,6,52,0.0,0.0,0.21153846153846154
61,7,58,0.0,0.0,0.017241379310344827
61,8,62,0.0,0.0,0.16129032258064516
61,9,66,0.0,-0.5757575757575758,0.5757575757575758
61,10,71,0.0,-0.028169014084507043,0.04225352112676056
61,11,68,0.0,-0.014705882352941176,0.11764705882352941
61,12,54,0.0,-0.037037037037037035,0.16666666666666666
61,13,66,0.0,-0.030303030303030304,0.16666666666666666
61,14,60,0.0,-0.13333333333333333,0.13333333333333333
61,15,54,0.0,-0.018518518518518517,0.6296296296296297
61,16,71,0.0,-0.09859154929577464,0.6901408450704225
61,17,60,0.0,-0.13333333333333333,0.25
61,18,66,0.6818181818181818,0.22727272727272724,0.3030303030303031
61,19,52,0.38461538461538464,0.38461538461538464,0.07692307692307693
61,20,92,0.14130434782608695,0.14130434782608695,0.11956521739130435
61,21,55,0.16363636363636364,0.16363636363636364,0.18181818181818182
61,22,57,0.45614035087719296,-0.38596491228070173,0.38596491228070173
61,23,46,0.41304347826086957,0.34782608695652173,0.3260869565217391
61,24,48,0.08333333333333333,0.08333333333333333,0.33333333333333337
61,25,81,0.49382716049382713,0.49382716049382713,0.04938271604938271
61,26,73,0.4383561643835616,0.4383561643835616,0.0547945205479452
62,0,51,0.0,-0.37254901960784315,0.47058823529411764
62,1,45,0.0,-0.8,0.8
62,2,51,0.0,0.0,0.0196078431372549
62,3,54,0.0,-0.07407407407407407,0.14814814814814814
62,4,49,0.0,0.0,0.46938775510204084
62,5,53,0.0,0.0,0.1320754716981132
62,6,52,0.0,0.0,0.21153846153846154
62,7,58,0.0,0.0,0.017241379310344827
62,8,62,0.0,0.0,0.16129032258064516
62,9,66,0.0,-0.5757575757575758,0.5757575757575758
62,10,71,0.0,-0.028169014084507043,0.04225352112676056
62,11,68,0.0,-0.014705882352941176,0.11764705882352941
62,12,54,0.0,-0.037037037037037035,0.16666666666666666
62,13,66,0.0,-0.030303030303030304,0.16666666666666666
62,14,60,0.0,-0.13333333333333333,0.13333333333333333
62,15,54,0.0,-0.018518518518518517,0.6296296296296297
62,16,71,0.0,-0.09859154929577464,0.6901408450704225
62,17,60,0.0,-0.13333333333333333,0.25
62,18,66,0.6515151515151515,0.19696969696969696,0.33333333333333337
62,19,52,0.38461538461538464,0.38461538461538464,0.07692307692307693
62,20,92,0.11956521739130435,0.11956521739130435,0.14130434782608695
62,21,55,0.23636363636363636,0.23636363636363636,0.1090909090909091
62,22,57,0.42105263157894735,-0.42105263157894735,0.42105263157894735
62,23,46,0.45652173913043476,0.3913043478260869,0.2826086956521739
62,24,48,0.375,0.375,0.041666666666666685
62,25,81,0.5802469135802469,0.5802469135802469,0.0
62,26,73,0.2054794520547945,0.2054794520547945,0.2876712328767123
63,0,51,0.0,-0.37254901960784315,0.47058823529411764
63,1,45,0.0,-0.8,0.8
63,2,51,0.0,0.0,0.0196078431372549
63,3,54,0.0,-0.07407407407407407,0.14814814814814814
63,4,49,0.0,0.0,0.46938775510204084
63,5,53,0.0,0.0,0.1320754716981132
63,6,52,0.0,0.0,0.21153846153846154
63,7,58,0.0,0.0,0.017241379310344827
63,8,62,0.0,0.0,0.16129032258064516
63,9,66,0.0,-0.5757575757575758,0.5757575757575758
63,10,71,0.0,-0.028169014084507043,0.04225352112676056
63,11,68,0.0,-0.014705882352941176,0.11764705882352941
63,12,54,0.0,-0.037037037037037035,0.16666666666666666
63,13,66,0.0,-0.030303030303030304,0.16666666666666666
63,14,60,0.0,-0.13333333333333333,0.13333333333333333
63,15,54,0.0,-0.018518518518518517,0.6296296296296297
63,16,71,0.0,-0.09859154929577464,0.6901408450704225
63,17,60,0.0,-0.13333333333333333,0.25
63,18,66,0.7424242424242424,0.2878787878787879,0.24242424242424243
63,19,52,0.4423076923076923,0.4423076923076923,0.019230769230769273
63,20,92,0.10869565217391304,0.10869565217391304,0.15217391304347827
63,21,55,0.21818181818181817,0.21818181818181817,0.1272727272727273
63,22,57,0.47368421052631576,-0.3684210526315789,0.3684210526315789
63,23,46,0.41304347826086957,0.34782608695652173,0.3260869565217391
63,24,48,0.08333333333333333,0.08333333333333333,0.33333333333333337
63,25,81,0.5555555555555556,0.5555555555555556,0.024691358024691357
63,26,73,0.273972602739726,0.273972602739726,0.2191780821917808
64,0,51,0.0,-0.37254901960784315,0.47058823529411764
64,1,45,0.0,-0.8,0.8
64,2,51,0.0,0.0,0.0196078431372549
64,3,54,0.0,-0.07407407407407407,0.14814814814814814
64,4,49,0.0,0.0,0.46938775510204084
64,5,53,0.0,0.0,0.1320754716981132
64,6,52,0.0,0.0,0.21153846153846154
64,7,58,0.0,0.0,0.017241379310344827
64,8,62,0.0,0.0,0.16129032258064516
64,9,66,0.0,-0.5757575757575758,0.5757575757575758
64,10,71,0.0,-0.028169014084507043,0.04225352112676056
64,11,68,0.0,-0.014705882352941176,0.11764705882352941
64,12,54,0.0,-0.037037037037037035,0.16666666666666666
64,13,66,0.0,-0.030303030303030304,0.16666666666666666
64,14,60,0.0,-0.13333333333333333,0.13333333333333333
64,15,54,0.0,-0.018518518518518517,0.6296296296296297
64,16,71,0.0,-0.09859154929577464,0.6901408450704225
64,17,60,0.0,-0.13333333333333333,0.25
64,18,66,0.7727272727272727,0.3181818181818182,0.21212121212121215
64,19,52,0.4230769230769231,0.4230769230769231,0.03846153846153849
64,20,92,0.05434782608695652,0.05434782608695652,0.20652173913043478
64,21,55,0.2909090909090909,0.2909090909090909,0.054545454545454564
64,22,57,0.40350877192982454,-0.43859649122807015,0.43859649122807015
64,23,46,0.41304347826086957,0.34782608695652173,0.3260869565217391
64,24,48,0.3541666666666667,0.3541666666666667,0.0625
64,25,81,0.6666666666666666,0.6666666666666666,0.0
64,26,73,0.1506849315068493,0.1506849315068493,0.3424657534246575
65,0,51,0.0,-0.37254901960784315,0.47058823529411764
65,1,45,0.0,-0.8,0.8
65,2,51,0.0,0.0,0.0196078431372549
65,3,54,0.0,-0.07407407407407407,0.14814814814814814
65,4,49,0.0,0.0,0.46938775510204084
65,5,53,0.0,0.0,0.1320754716981132
65,6,52,0.0,0.0,0.21153846153846154
65,7,58,0.0,0.0,0.017241379310344827
65,8,62,0.0,0.0,0.16129032258064516
65,9,66,0.0,-0.5757575757575758,0.5757575757575758
65,10,71,0.0,-0.028169014084507043,0.04225352112676056
65,11,68,0.0,-0.014705882352941176,0.11764705882352941
65,12,54,0.0,-0.037037037037037035,0.16666666666666666
65,13,66,0.0,-0.030303030303030304,0.16666666666666666
65,14,60,0.0,-0.13333333333333333,0.13333333333333333
65,15,54,0.0,-0.018518518518518517,0.6296296296296297
65,16,71,0.0,-0.09859154929577464,0.6901408450704225
65,17,60,0.0,-0.13333333333333333,0.25
65,18,66,0.8636363636363636,0.4090909090909091,0.12121212121212122
65,19,52,0.46153846153846156,0.46153846153846156,0.0
65,20,92,0.07608695652173914,0.07608695652173914,0.18478260869565216
65,21,55,0.23636363636363636,0.23636363636363636,0.1090909090909091
65,22,57,0.45614035087719296,-0.38596491228070173,0.38596491228070173
65,23,46,0.41304347826086957,0.34782608695652173,0.3260869565217391
65,24,48,0.041666666666666664,0.041666666666666664,0.375
65,25,81,0.6666666666666666,0.6666666666666666,0.0
65,26,73,0.273972602739726,0.273972602739726,0.2191780821917808
66,0,51,0.0,-0.37254901960784315,0.47058823529411764
66,1,45,0.0,-0.8,0.8
66,2,51,0.0,0.0,0.0196078431372549
66,3,54,0.0,-0.07407407407407407,0.14814814814814814
66,4,49,0.0,0.0,0.46938775510204084
66,5,53,0.0,0.0,0.1320754716981132
66,6,52,0.0,0.0,0.21153846153846154
66,7,58,0.0,0.0,0.017241379310344827
66,8,62,0.0,0.0,0.16129032258064516
66,9,66,0.0,-0.5757575757575758,0.5757575757575758
66,10,71,0.0,-0.028169014084507043,0.04225352112676056
66,11,68,0.0,-0.014705882352941176,0.11764705882352941
66,12,54,0.0,-0.037037037037037035,0.16666666666666666
66,13,66,0.0,-0.030303030303030304,0.16666666666666666
66,14,60,0.0,-0.13333333333333333,0.13333333333333333
66,15,54,0.0,-0.018518518518518517,0.6296296296296297
66,16,71,0.0,-0.09859154929577464,0.6901408450704225
66,17,60,0.0,-0.13333333333333333,0.25
66,18,66,0.8333333333333334,0.37878787878787884,0.1515151515151515
66,19,52,0.40384615384615385,0.40384615384615385,0.05769230769230771
66,20,92,0.05434782608695652,0.05434782608695652,0.20652173913043478
66,21,55,0.2909090909090909,0.2909090909090909,0.054545454545454564
66,22,57,0.47368421052631576,-0.3684210526315789,0.3684210526315789
66,23,46,0.43478260869565216,0.3695652173913043,0.3043478260869565
66,24,48,0.3333333333333333,0.3333333333333333,0.08333333333333337
66,25,81,0.5802469135802469,0.5802469135802469,0.08641975308641969
66,26,73,0.1643835616438356,0.1643835616438356,0.3287671232876712
67,0,51,0.0,-0.37254901960784315,0.47058823529411764
67,1,45,0.0,-0.8,0.8
67,2,51,0.0,0.0,0.0196078431372549
67,3,54,0.0,-0.07407407407407407,0.14814814814814814
67,4,49,0.0,0.0,0.46938775510204084
67,5,53,0.0,0.0,0.1320754716981132
67,6,52,0.0,0.0,0.21153846153846154
67,7,58,0.0,0.0,0.017241379310344827
67,8,62,0.0,0.0,0.16129032258064516
67,9,66,0.0,-0.5757575757575758,0.5757575757575758
67,10,71,0.0,-0.028169014084507043,0.04225352112676056
67,11,68,0.0,-0.014705882352941176,0.11764705882352941
67,12,54,0.0,-0.037037037037037035,0.16666666666666666
67,13,66,0.0,-0.030303030303030304,0.16666666666666666
67,14,60,0.0,-0.13333333333333333,0.13333333333333333
67,15,54,0.0,-0.018518518518518517,0.6296296296296297
67,16,71,0.0,-0.09859154929577464,0.6901408450704225
67,17,60,0.0,-0.13333333333333333,0.25
67,18,66,0.8939393939393939,0.4393939393939394,0.09090909090909094
67,19,52,0.4230769230769231,0.4230769230769231,0.03846153846153849
67,20,92,0.05434782608695652,0.05434782608695652,0.20652173913043478
67,21,55,0.2727272727272727,0.2727272727272727,0.07272727272727275
67,22,57,0.45614035087719296,-0.38596491228070173,0.38596491228070173
67,23,46,0.43478260869565216,0.3695652173913043,0.3043478260869565
67,24,48,0.10416666666666667,0.10416666666666667,0.3125
67,25,81,0.7037037037037037,0.7037037037037037,0.0
67,26,73,0.2465753424657534,0.2465753424657534,0.2465753424657534
68,0,51,0.0,-0.37254901960784315,0.47058823529411764
68,1,45,0.0,-0.8,0.8
68,2,51,0.0,0.0,0.0196078431372549
68,3,54,0.0,-0.07407407407407407,0.14814814814814814
68,4,49,0.0,0.0,0.46938775510204084
68,5,53,0.0,0.0,0.1320754716981132
68,6,52,0.0,0.0,0.21153846153846154
68,7,58,0.0,0.0,0.017241379310344827
68,8,62,0.0,0.0,0.16129032258064516
68,9,66,0.0,-0.5757575757575758,0.5757575757575758
68,10,71,0.0,-0.028169014084507043,0.04225352112676056
68,11,68,0.0,-0.014705882352941176,0.11764705882352941
68,12,54,0.0,-0.037037037037037035,0.16666666666666666
68,13,66,0.0,-0.030303030303030304,0.16666666666666666
68,14,60,0.0,-0.13333333333333333,0.13333333333333333
68,15,54,0.0,-0.018518518518518517,0.6296296296296297
68,16,71,0.0,-0.09859154929577464,0.6901408450704225
68,17,60,0.0,-0.13333333333333333,0.25
68,18,66,0.6818181818181818,0.22727272727272724,0.3030303030303031
68,19,52,0.4230769230769231,0.4230769230769231,0.03846153846153849
68,20,92,0.09782608695652174,0.09782608695652174,0.16304347826086957
68,21,55,0.32727272727272727,0.32727272727272727,0.018181818181818188
68,22,57,0.43859649122807015,-0.40350877192982454,0.40350877192982454
68,23,46,0.43478260869565216,0.3695652173913043,0.3043478260869565
68,24,48,0.2708333333333333,0.2708333333333333,0.14583333333333337
68,25,81,0.5432098765432098,0.5432098765432098,0.16049382716049387
68,26,73,0.2465753424657534,0.2465753424657534,0.2465753424657534
69,0,51,0.0,-0.37254901960784315,0.47058823529411764
69,1,45,0.0,-0.8,0.8
69,2,51,0.0,0.0,0.0196078431372549
69,3,54,0.0,-0.07407407407407407,0.14814814814814814
69,4,49,0.0,0.0,0.46938775510204084
69,5,53,0.0,0.0,0.1320754716981132
69,6,52,0.0,0.0,0.21153846153846154
69,7,58,0.0,0.0,0.017241379310344827
69,8,62,0.0,0.0,0.16129032258064516
69,9,66,0.0,-0.5757575757575758,0.5757575757575758
69,10,71,0.0,-0.028169014084507043,0.04225352112676056
69,11,68,0.0,-0.014705882352941176,0.11764705882352941
69,12,54,0.0,-0.037037037037037035,0.16666666666666666
69,13,66,0.0,-0.030303030303030304,0.16666666666666666
69,14,60,0.0,-0.13333333333333333,0.13333333333333333
69,15,54,0.0,-0.018518518518518517,0.6296296296296297
69,16,71,0.0,-0.09859154929577464,0.6901408450704225
69,17,60,0.0,-0.13333333333333333,0.25
69,18,66,0.7575757575757576,0.30303030303030304,0.2272727272727273
69,19,52,0.38461538461538464,0.38461538461538464,0.07692307692307693
69,20,92,0.06521739130434782,0.06521739130434782,0.19565217391304346
69,21,55,0.21818181818181817,0.21818181818181817,0.1272727272727273
69,22,57,0.40350877192982454,-0.43859649122807015,0.43859649122807015
69,23,46,0.43478260869565216,0.3695652173913043,0.3043478260869565
69,24,48,0.22916666666666666,0.22916666666666666,0.18750000000000003
69,25,81,0.6790123456790124,0.6790123456790124,0.024691358024691357
69,26,73,0.3424657534246575,0.3424657534246575,0.1506849315068493
70,0,51,0.0,-0.37254901960784315,0.47058823529411764
70,1,45,0.0,-0.8,0.8
70,2,51,0.0,0.0,0.0196078431372549
70,3,54,0.0,-0.07407407407407407,0.14814814814814814
70,4,49,0.0,0.0,0.46938775510204084
70,5,53,0.0,0.0,0.1320754716981132
70,6,52,0.0,0.0,0.21153846153846154
70,7,58,0.0,0.0,0.017241379310344827
70,8,62,0.0,0.0,0.16129032258064516
70,9,66,0.0,-0.5757575757575758,0.5757575757575758
70,10,71,0.0,-0.028169014084507043,0.04225352112676056
70,11,68,0.0,-0.014705882352941176,0.11764705882352941
70,12,54,0.0,-0.037037037037037035,0.16666666666666666
70,13,66,0.0,-0.030303030303030304,0.16666666666666666
70,14,60,0.0,-0.13333333333333333,0.13333333333333333
70,15,54,0.0,-0.018518518518518517,0.6296296296296297
70,16,71,0.0,-0.09859154929577464,0.6901408450704225
70,17,60,0.0,-0.13333333333333333,0.25
70,18,66,0.803030303030303,0.34848484848484845,0.18181818181818188
70,19,52,0.38461538461538464,0.38461538461538464,0.07692307692307693
70,20,92,0.09782608695652174,0.09782608695652174,0.16304347826086957
70,21,55,0.2909090909090909,0.2909090909090909,0.054545454545454564
70,22,57,0.5263157894736842,-0.3157894736842105,0.3157894736842105
70,23,46,0.45652173913043476,0.3913043478260869,0.2826086956521739
70,24,48,0.2916666666666667,0.2916666666666667,0.125
70,25,81,0.5308641975308642,0.5308641975308642,0.1728395061728395
70,26,73,0.2465753424657534,0.2465753424657534,0.2465753424657534
71,0,51,0.0,-0.37254901960784315,0.47058823529411764
71,1,45,0.0,-0.8,0.8
71,2,51,0.0,0.0,0.0196078431372549
71,3,54,0.0,-0.07407407407407407,0.14814814814814814
71,4,49,0.0,0.0,0.46938775510204084
71,5,53,0.0,0.0,0.1320754716981132
71,6,52,0.0,0.0,0.21153846153846154
71,7,58,0.0,0.0,0.017241379310344827
71,8,62,0.0,0.0,0.16129032258064516
71,9,66,0.0,-0.5757575757575758,0.5757575757575758
71,10,71,0.0,-0.028169014084507043,0.04225352112676056
71,11,68,0.0,-0.014705882352941176,0.11764705882352941
71,12,54,0.0,-0.037037037037037035,0.16666666666666666
71,13,66,0.0,-0.030303030303030304,0.16666666666666666
71,14,60,0.0,-0.13333333333333333,0.13333333333333333
71,15,54,0.0,-0.018518518518518517,0.6296296296296297
71,16,71,0.0,-0.09859154929577464,0.6901408450704225
71,17,60,0.0,-0.13333333333333333,0.25
71,18,66,0.8636363636363636,0.4090909090909091,0.12121212121212122
71,19,52,0.38461538461538464,0.38461538461538464,0.07692307692307693
71,20,92,0.06521739130434782,0.06521739130434782,0.19565217391304346
71,21,55,0.3090909090909091,0.3090909090909091,0.036363636363636376
71,22,57,0.42105263157894735,-0.42105263157894735,0.42105263157894735
71,23,46,0.45652173913043476,0.3913043478260869,0.2826086956521739
71,24,48,0.25,0.25,0.16666666666666669
71,25,81,0.654320987654321,0.654320987654321,0.04938271604938271
71,26,73,0.2602739726027397,0.2602739726027397,0.2328767123287671
72,0,51,0.0,-0.37254901960784315,0.47058823529411764
72,1,45,0.0,-0.8,0.8
72,2,51,0.0,0.0,0.0196078431372549
72,3,54,0.0,-0.07407407407407407,0.14814814814814814
72,4,49,0.0,0.0,0.46938775510204084
72,5,53,0.0,0.0,0.1320754716981132
72,6,52,0.0,0.0,0.21153846153846154
72,7,58,0.0,0.0,0.017241379310344827
72,8,62,0.0,0.0,0.16129032258064516
72,9,66,0.0,-0.5757575757575758,0.5757575757575758
72,10,71,0.0,-0.028169014084507043,0.04225352112676056
72,11,68,0.0,-0.014705882352941176,0.11764705882352941
72,12,54,0.0,-0.037037037037037035,0.16666666666666666
72,13,66,0.0,-0.030303030303030304,0.16666666666666666
72,14,60,0.0,-0.13333333333333333,0.13333333333333333
72,15,54,0.0,-0.018518518518518517,0.6296296296296297
72,16,71,0.0,-0.09859154929577464,0.6901408450704225
72,17,60,0.0,-0.13333333333333333,0.25
72,18,66,0.5454545454545454,0.09090909090909088,0.43939393939393945
72,19,52,0.4230769230769231,0.4230769230769231,0.03846153846153849
72,20,92,0.13043478260869565,0.13043478260869565,0.13043478260869565
72,21,55,0.3090909090909091,0.3090909090909091,0.036363636363636376
72,22,57,0.47368421052631576,-0.3684210526315789,0.3684210526315789
72,23,46,0.43478260869565216,0.3695652173913043,0.3043478260869565
72,24,48,0.3125,0.3125,0.10416666666666669
72,25,81,0.5802469135802469,0.5802469135802469,0.12345679012345678
72,26,73,0.2328767123287671,0.2328767123287671,0.2602739726027397
73,0,51,0.0,-0.37254901960784315,0.47058823529411764
73,1,45,0.0,-0.8,0.8
73,2,51,0.0,0.0,0.0196078431372549
73,3,54,0.0,-0.07407407407407407,0.14814814814814814
73,4,49,0.0,0.0,0.46938775510204084
73,5,53,0.0,0.0,0.1320754716981132
73,6,52,0.0,0.0,0.21153846153846154
73,7,58,0.0,0.0,0.017241379310344827
73,8,62,0.0,0.0,0.16129032258064516
73,9,66,0.0,-0.5757575757575758,0.5757575757575758
73,10,71,0.0,-0.028169014084507043,0.04225352112676056
73,11,68,0.0,-0.014705882352941176,0.11764705882352941
73,12,54,0.0,-0.037037037037037035,0.16666666666666666
73,13,66,0.0,-0.030303030303030304,0.16666666666666666
73,14,60,0.0,-0.13333333333333333,0.13333333333333333
73,15,54,0.0,-0.018518518518518517,0.6296296296296297
73,16,71,0.0,-0.09859154929577464,0.6901408450704225
73,17,60,0.0,-0.13333333333333333,0.25
73,18,66,0.803030303030303,0.34848484848484845,0.18181818181818188
73,19,52,0.36538461538461536,0.36538461538461536,0.0961538461538462
73,20,92,0.08695652173913043,0.08695652173913043,0.17391304347826086
73,21,55,0.32727272727272727,0.32727272727272727,0.018181818181818188
73,22,57,0.45614035087719296,-0.38596491228070173,0.38596491228070173
73,23,46,0.43478260869565216,0.3695652173913043,0.3043478260869565
73,24,48,0.22916666666666666,0.22916666666666666,0.18750000000000003
73,25,81,0.6172839506172839,0.6172839506172839,0.0864197530864198
73,26,73,0.2602739726027397,0.2602739726027397,0.2328767123287671
74,0,51,0.0,-0.37254901960784315,0.47058823529411764
74,1,45,0.0,-0.8,0.8
74,2,51,0.0,0.0,0.0196078431372549
74,3,54,0.0,-0.07407407407407407,0.14814814814814814
74,4,49,0.0,0.0,0.46938775510204084
74,5,53,0.0,0.0,0.1320754716981132
74,6,52,0.0,0.0,0.21153846153846154
74,7,58,0.0,0.0,0.017241379310344827
74,8,62,0.0,0.0,0.16129032258064516
74,9,66,0.0,-0.5757575757575758,0.5757575757575758
74,10,71,0.0,-0.028169014084507043,0.04225352112676056
74,11,68,0.0,-0.014705882352941176,0.11764705882352941
74,12,54,0.0,-0.037037037037037035,0.16666666666666666
74,13,66,0.0,-0.030303030303030304,0.16666666666666666
74,14,60,0.0,-0.13333333333333333,0.13333333333333333
74,15,54,0.0,-0.018518518518518517,0.6296296296296297
74,16,71,0.0,-0.09859154929577464,0.6901408450704225
74,17,60,0.0,-0.13333333333333333,0.25
74,18,66,0.8181818181818182,0.3636363636363637,0.16666666666666663
74,19,52,0.3269230769230769,0.3269230769230769,0.13461538461538464
74,20,92,0.08695652173913043,0.08695652173913043,0.17391304347826086
74,21,55,0.32727272727272727,0.32727272727272727,0.018181818181818188
74,22,57,0.42105263157894735,-0.42105263157894735,0.42105263157894735
74,23,46,0.41304347826086957,0.34782608695652173,0.3260869565217391
74,24,48,0.2916666666666667,0.2916666666666667,0.125
74,25,81,0.6172839506172839,0.6172839506172839,0.0864197530864198
74,26,73,0.273972602739726,0.273972602739726,0.2191780821917808
75,0,51,0.0,-0.37254901960784315,0.47058823529411764
75,1,45,0.0,-0.8,0.8
75,2,51,0.0,0.0,0.0196078431372549
75,3,54,0.0,-0.07407407407407407,0.14814814814814814
75,4,49,0.0,0.0,0.46938775510204084
75,5,53,0.0,0.0,0.1320754716981132
75,6,52,0.0,0.0,0.21153846153846154
75,7,58,0.0,0.0,0.017241379310344827
75,8,62,0.0,0.0,0.16129032258064516
75,9,66,0.0,-0.5757575757575758,0.5757575757575758
75,10,71,0.0,-0.028169014084507043,0.04225352112676056
75,11,68,0.0,-0.014705882352941176,0.11764705882352941
75,12,54,0.0,-0.037037037037037035,0.16666666666666666
75,13,66,0.0,-0.030303030303030304,0.16666666666666666
75,14,60,0.0,-0.13333333333333333,0.13333333333333333
75,15,54,0.0,-0.018518518518518517,0.6296296296296297
75,16,71,0.0,-0.09859154929577464,0.6901408450704225
75,17,60,0.0,-0.13333333333333333,0.25
75,18,66,0.803030303030303,0.34848484848484845,0.18181818181818188
75,19,52,0.3076923076923077,0.3076923076923077,0.15384615384615385
75,20,92,0.08695652173913043,0.08695652173913043,0.17391304347826086
75,21,55,0.32727272727272727,0.32727272727272727,0.018181818181818188
75,22,57,0.45614035087719296,-0.38596491228070173,0.38596491228070173
75,23,46,0.41304347826086957,0.34782608695652173,0.3260869565217391
75,24,48,0.10416666666666667,0.10416666666666667,0.3125
75,25,81,0.5925925925925926,0.5925925925925926,0.11111111111111116
75,26,73,0.3150684931506849,0.3150684931506849,0.1780821917808219
76,0,51,0.0,-0.37254901960784315,0.47058823529411764
76,1,45,0.0,-0.8,0.8
76,2,51,0.0,0.0,0.0196078431372549
76,3,54,0.0,-0.07407407407407407,0.14814814814814814
76,4,49,0.0,0.0,0.46938775510204084
76,5,53,0.0,0.0,0.1320754716981132
76,6,52,0.0,0.0,0.21153846153846154
76,7,58,0.0,0.0,0.017241379310344827
76,8,62,0.0,0.0,0.16129032258064516
76,9,66,0.0,-0.5757575757575758,0.5757575757575758
76,10,71,0.0,-0.028169014084507043,0.04225352112676056
76,11,68,0.0,-0.014705882352941176,0.11764705882352941
76,12,54,0.0,-0.037037037037037035,0.16666666666666666
76,13,66,0.0,-0.030303030303030304,0.16666666666666666
76,14,60,0.0,-0.13333333333333333,0.13333333333333333
76,15,54,0.0,-0.018518518518518517,0.6296296296296297
76,16,71,0.0,-0.09859154929577464,0.6901408450704225
76,17,60,0.0,-0.13333333333333333,0.25
76,18,66,0.7878787878787878,0.3333333333333333,0.19696969696969702
76,19,52,0.3076923076923077,0.3076923076923077,0.15384615384615385
76,20,92,0.09782608695652174,0.09782608695652174,0.16304347826086957
76,21,55,0.2909090909090909,0.2909090909090909,0.054545454545454564
76,22,57,0.3508771929824561,-0.49122807017543857,0.49122807017543857
76,23,46,0.41304347826086957,0.34782608695652173,0.3260869565217391
76,24,48,0.2916666666666667,0.2916666666666667,0.125
76,25,81,0.6172839506172839,0.6172839506172839,0.0864197530864198
76,26,73,0.273972602739726,0.273972602739726,0.2191780821917808
77,0,51,0.0,-0.37254901960784315,0.47058823529411764
77,1,45,0.0,-0.8,0.8
77,2,51,0.0,0.0,0.0196078431372549
77,3,54,0.0,-0.07407407407407407,0.14814814814814814
77,4,49,0.0,0.0,0.46938775510204084
77,5,53,0.0,0.0,0.1320754716981132
77,6,52,0.0,0.0,0.21153846153846154
77,7,58,0.0,0.0,0.017241379310344827
77,8,62,0.0,0.0,0.16129032258064516
77,9,66,0.0,-0.5757575757575758,0.5757575757575758
77,10,71,0.0,-0.028169014084507043,0.04225352112676056
77,11,68,0.0,-0.014705882352941176,0.11764705882352941
77,12,54,0.0,-0.037037037037037035,0.16666666666666666
77,13,66,0.0,-0.030303030303030304,0.16666666666666666
77,14,60,0.0,-0.13333333333333333,0.13333333333333333
77,15,54,0.0,-0.018518518518518517,0.6296296296296297
77,16,71,0.0,-0.09859154929577464,0.6901408450704225
77,17,60,0.0,-0.13333333333333333,0.25
77,18,66,0.7575757575757576,0.30303030303030304,0.2272727272727273
77,19,52,0.3269230769230769,0.3269230769230769,0.13461538461538464
77,20,92,0.13043478260869565,0.13043478260869565,0.13043478260869565
77,21,55,0.4,0.4,0.0
77,22,57,0.49122807017543857,-0.3508771929824561,0.3508771929824561
77,23,46,0.41304347826086957,0.34782608695652173,0.3260869565217391
77,24,48,0.0625,0.0625,0.3541666666666667
77,25,81,0.5308641975308642,0.5308641975308642,0.1728395061728395
77,26,73,0.3561643835616438,0.3561643835616438,0.136986301369863
78,0,51,0.0,-0.37254901960784315,0.47058823529411764
78,1,45,0.0,-0.8,0.8
78,2,51,0.0,0.0,0.0196078431372549
78,3,54,0.0,-0.07407407407407407,0.14814814814814814
78,4,49,0.0,0.0,0.46938775510204084
78,5,53,0.0,0.0,0.1320754716981132
78,6,52,0.0,0.0,0.21153846153846154
78,7,58,0.0,0.0,0.017241379310344827
78,8,62,0.0,0.0,0.16129032258064516
78,9,66,0.0,-0.5757575757575758,0.5757575757575758
78,10,71,0.0,-0.028169014084507043,0.04225352112676056
78,11,68,0.0,-0.014705882352941176,0.11764705882352941
78,12,54,0.0,-0.037037037037037035,0.16666666666666666
78,13,66,0.0,-0.030303030303030304,0.16666666666666666
78,14,60,0.0,-0.13333333333333333,0.13333333333333333
78,15,54,0.0,-0.018518518518518517,0.6296296296296297
78,16,71,0.0,-0.09859154929577464,0.6901408450704225
78,17,60,0.0,-0.13333333333333333,0.25
78,18,66,0.7121212121212122,0.2575757575757576,0.2727272727272727
78,19,52,0.34615384615384615,0.34615384615384615,0.11538461538461542
78,20,92,0.10869565217391304,0.10869565217391304,0.15217391304347827
78,21,55,0.2909090909090909,0.2909090909090909,0.10909090909090913
78,22,57,0.3333333333333333,-0.5087719298245614,0.5087719298245614
78,23,46,0.41304347826086957,0.34782608695652173,0.3260869565217391
78,24,48,0.2708333333333333,0.2708333333333333,0.14583333333333337
78,25,81,0.691358024691358,0.691358024691358,0.012345679012345734
78,26,73,0.2465753424657534,0.2465753424657534,0.2465753424657534
79,0,51,0.0,-0.37254901960784315,0.47058823529411764
79,1,45,0.0,-0.8,0.8
79,2,51,0.0,0.0,0.0196078431372549
79,3,54,0.0,-0.07407407407407407,0.14814814814814814
79,4,49,0.0,0.0,0.46938775510204084
79,5,53,0.0,0.0,0.1320754716981132
79,6,52,0.0,0.0,0.21153846153846154
79,7,58,0.0,0.0,0.017241379310344827
79,8,62,0.0,0.0,0.16129032258064516
79,9,66,0.0,-0.5757575757575758,0.5757575757575758
79,10,71,0.0,-0.028169014084507043,0.04225352112676056
79,11,68,0.0,-0.014705882352941176,0.11764705882352941
79,12,54,0.0,-0.037037037037037035,0.16666666666666666
79,13,66,0.0,-0.030303030303030304,0.16666666666666666
79,14,60,0.0,-0.13333333333333333,0.13333333333333333
79,15,54,0.0,-0.018518518518518517,0.6296296296296297
79,16,71,0.0,-0.09859154929577464,0.6901408450704225
79,17,60,0.0,-0.13333333333333333,0.25
79,18,66,0.7121212121212122,0.2575757575757576,0.2727272727272727
79,19,52,0.40384615384615385,0.40384615384615385,0.05769230769230771
79,20,92,0.07608695652173914,0.07608695652173914,0.18478260869565216
79,21,55,0.23636363636363636,0.23636363636363636,0.16363636363636366
79,22,57,0.47368421052631576,-0.3684210526315789,0.3684210526315789
79,23,46,0.391304347826087,0.32608695652173914,0.3478260869565217
79,24,48,0.08333333333333333,0.08333333333333333,0.33333333333333337
79,25,81,0.5432098765432098,0.5432098765432098,0.16049382716049387
79,26,73,0.3424657534246575,0.3424657534246575,0.1506849315068493
80,0,51,0.0,-0.37254901960784315,0.47058823529411764
80,1,45,0.0,-0.8,0.8
80,2,51,0.0,0.0,0.0196078431372549
80,3,54,0.0,-0.07407407407407407,0.14814814814814814
80,4,49,0.0,0.0,0.46938775510204084
80,5,53,0.0,0.0,0.1320754716981132
80,6,52,0.0,0.0,0.21153846153846154
80,7,58,0.0,0.0,0.017241379310344827
80,8,62,0.0,0.0,0.16129032258064516
80,9,66,0.0,-0.5757575757575758,0.5757575757575758
80,10,71,0.0,-0.028169014084507043,0.04225352112676056
80,11,68,0.0,-0.014705882352941176,0.11764705882352941
80,12,54,0.0,-0.037037037037037035,0.16666666666666666
80,13,66,0.0,-0.030303030303030304,0.16666666666666666
80,14,60,0.0,-0.13333333333333333,0.13333333333333333
80,15,54,0.0,-0.018518518518518517,0.6296296296296297
80,16,71,0.0,-0.09859154929577464,0.6901408450704225
80,17,60,0.0,-0.13333333333333333,0.25
80,18,66,0.696969696969697,0.2424242424242425,0.28787878787878785
80,19,52,0.3076923076923077,0.3076923076923077,0.15384615384615385
80,20,92,0.10869565217391304,0.10869565217391304,0.15217391304347827
80,21,55,0.36363636363636365,0.36363636363636365,0.036363636363636376
80,22,57,0.45614035087719296,-0.38596491228070173,0.38596491228070173
80,23,46,0.43478260869565216,0.3695652173913043,0.3043478260869565
80,24,48,0.2708333333333333,0.2708333333333333,0.14583333333333337
80,25,81,0.5185185185185185,0.5185185185185185,0.18518518518518523
80,26,73,0.273972602739726,0.273972602739726,0.2191780821917808
81,0,51,0.0,-0.37254901960784315,0.47058823529411764
81,1,45,0.0,-0.8,0.8
81,2,51,0.0,0.0,0.0196078431372549
81,3,54,0.0,-0.07407407407407407,0.14814814814814814
81,4,49,0.0,0.0,0.46938775510204084
81,5,53,0.0,0.0,0.1320754716981132
81,6,52,0.0,0.0,0.21153846153846154
81,7,58,0.0,0.0,0.017241379310344827
81,8,62,0.0,0.0,0.16129032258064516
81,9,66,0.0,-0.5757575757575758,0.5757575757575758
81,10,71,0.0,-0.028169014084507043,0.04225352112676056
81,11,68,0.0,-0.014705882352941176,0.11764705882352941
81,12,54,0.0,-0.037037037037037035,0.16666666666666666
81,13,66,0.0,-0.030303030303030304,0.16666666666666666
81,14,60,0.0,-0.13333333333333333,0.13333333333333333
81,15,54,0.0,-0.018518518518518517,0.6296296296296297
81,16,71,0.0,-0.09859154929577464,0.6901408450704225
81,17,60,0.0,-0.13333333333333333,0.25
81,18,66,0.8181818181818182,0.3636363636363637,0.16666666666666663
81,19,52,0.34615384615384615,0.34615384615384615,0.11538461538461542
81,20,92,0.13043478260869565,0.13043478260869565,0.13043478260869565
81,21,55,0.2545454545454545,0.2545454545454545,0.1454545454545455
81,22,57,0.5087719298245614,-0.33333333333333326,0.33333333333333326
81,23,46,0.391304347826087,0.32608695652173914,0.3478260869565217
81,24,48,0.25,0.25,0.16666666666666669
81,25,81,0.6296296296296297,0.6296296296296297,0.07407407407407407
81,26,73,0.2876712328767123,0.2876712328767123,0.2054794520547945
82,0,51,0.0,-0.37254901960784315,0.47058823529411764
82,1,45,0.0,-0.8,0.8
82,2,51,0.0,0.0,0.0196078431372549
82,3,54,0.0,-0.07407407407407407,0.14814814814814814
82,4,49,0.0,0.0,0.46938775510204084
82,5,53,0.0,0.0,0.1320754716981132
82,6,52,0.0,0.0,0.21153846153846154
82,7,58,0.0,0.0,0.017241379310344827
82,8,62,0.0,0.0,0.16129032258064516
82,9,66,0.0,-0.5757575757575758,0.5757575757575758
82,10,71,0.0,-0.028169014084507043,0.04225352112676056
82,11,68,0.0,-0.014705882352941176,0.11764705882352941
82,12,54,0.0,-0.037037037037037035,0.16666666666666666
82,13,66,0.0,-0.030303030303030304,0.16666666666666666
82,14,60,0.0,-0.13333333333333333,0.13333333333333333
82,15,54,0.0,-0.018518518518518517,0.6296296296296297
82,16,71,0.0,-0.09859154929577464,0.6901408450704225
82,17,60,0.0,-0.13333333333333333,0.25
82,18,66,0.8787878787878788,0.42424242424242425,0.10606060606060608
82,19,52,0.25,0.25,0.21153846153846156
82,20,92,0.09782608695652174,0.09782608695652174,0.16304347826086957
82,21,55,0.32727272727272727,0.32727272727272727,0.07272727272727275
82,22,57,0.49122807017543857,-0.3508771929824561,0.3508771929824561
82,23,46,0.45652173913043476,0.3913043478260869,0.2826086956521739
82,24,48,0.25,0.25,0.16666666666666669
82,25,81,0.5802469135802469,0.5802469135802469,0.12345679012345678
82,26,73,0.2602739726027397,0.2602739726027397,0.2328767123287671
83,0,51,0.0,-0.37254901960784315,0.47058823529411764
83,1,45,0.0,-0.8,0.8
83,2,51,0.0,0.0,0.0196078431372549
83,3,54,0.0,-0.07407407407407407,0.14814814814814814
83,4,49,0.0,0.0,0.46938775510204084
83,5,53,0.0,0.0,0.1320754716981132
83,6,52,0.0,0.0,0.21153846153846154
83,7,58,0.0,0.0,0.017241379310344827
83,8,62,0.0,0.0,0.16129032258064516
83,9,66,0.0,-0.5757575757575758,0.5757575757575758
83,10,71,0.0,-0.028169014084507043,0.04225352112676056
83,11,68,0.0,-0.014705882352941176,0.11764705882352941
83,12,54,0.0,-0.037037037037037035,0.16666666666666666
83,13,66,0.0,-0.030303030303030304,0.16666666666666666
83,14,60,0.0,-0.13333333333333333,0.13333333333333333
83,15,54,0.0,-0.018518518518518517,0.6296296296296297
83,16,71,0.0,-0.09859154929577464,0.6901408450704225
83,17,60,0.0,-0.13333333333333333,0.25
83,18,66,0.5303030303030303,0.07575757575757575,0.4545454545454546
83,19,52,0.40384615384615385,0.40384615384615385,0.05769230769230771
83,20,92,0.14130434782608695,0.14130434782608695,0.11956521739130435
83,21,55,0.2545454545454545,0.2545454545454545,0.1454545454545455
83,22,57,0.43859649122807015,-0.40350877192982454,0.40350877192982454
83,23,46,0.41304347826086957,0.34782608695652173,0.3260869565217391
83,24,48,0.2916666666666667,0.2916666666666667,0.125
83,25,81,0.6049382716049383,0.6049382716049383,0.09876543209876543
83,26,73,0.2602739726027397,0.2602739726027397,0.2328767123287671
84,0,51,0.0,-0.37254901960784315,0.47058823529411764
84,1,45,0.0,-0.8,0.8
84,2,51,0.0,0.0,0.0196078431372549
84,3,54,0.0,-0.07407407407407407,0.14814814814814814
84,4,49,0.0,0.0,0.46938775510204084
84,5,53,0.0,0.0,0.1320754716981132
84,6,52,0.0,0.0,0.21153846153846154
84,7,58,0.0,0.0,0.017241379310344827
84,8,62,0.0,0.0,0.16129032258064516
84,9,66,0.0,-0.5757575757575758,0.5757575757575758
84,10,71,0.0,-0.028169014084507043,0.04225352112676056
84,11,68,0.0,-0.014705882352941176,0.11764705882352941
84,12,54,0.0,-0.037037037037037035,0.16666666666666666
84,13,66,0.0,-0.030303030303030304,0.16666666666666666
84,14,60,0.0,-0.13333333333333333,0.13333333333333333
84,15,54,0.0,-0.018518518518518517,0.6296296296296297
84,16,71,0.0,-0.09859154929577464,0.6901408450704225
84,17,60,0.0,-0.13333333333333333,0.25
84,18,66,0.7878787878787878,0.3333333333333333,0.19696969696969702
84,19,52,0.25,0.25,0.21153846153846156
84,20,92,0.09782608695652174,0.09782608695652174,0.16304347826086957
84,21,55,0.38181818181818183,0.38181818181818183,0.018181818181818188
84,22,57,0.47368421052631576,-0.3684210526315789,0.3684210526315789
84,23,46,0.5,0.43478260869565216,0.23913043478260865
84,24,48,0.25,0.25,0.16666666666666669
84,25,81,0.5802469135802469,0.5802469135802469,0.12345679012345678
84,26,73,0.273972602739726,0.273972602739726,0.2191780821917808
85,0,51,0.0,-0.37254901960784315,0.47058823529411764
85,1,45,0.0,-0.8,0.8
85,2,51,0.0,0.0,0.0196078431372549
85,3,54,0.0,-0.07407407407407407,0.14814814814814814
85,4,49,0.0,0.0,0.46938775510204084
85,5,53,0.0,0.0,0.1320754716981132
85,6,52,0.0,0.0,0.21153846153846154
85,7,58,0.0,0.0,0.017241379310344827
85,8,62,0.0,0.0,0.16129032258064516
85,9,66,0.0,-0.5757575757575758,0.5757575757575758
85,10,71,0.0,-0.028169014084507043,0.04225352112676056
85,11,68,0.0,-0.014705882352941176,0.11764705882352941
85,12,54,0.0,-0.037037037037037035,0.16666666666666666
85,13,66,0.0,-0.030303030303030304,0.16666666666666666
85,14,60,0.0,-0.13333333333333333,0.13333333333333333
85,15,54,0.0,-0.018518518518518517,0.6296296296296297
85,16,71,0.0,-0.09859154929577464,0.6901408450704225
85,17,60,0.0,-0.13333333333333333,0.25
85,18,66,0.5151515151515151,0.06060606060606061,0.4696969696969697
85,19,52,0.40384615384615385,0.40384615384615385,0.05769230769230771
85,20,92,0.10869565217391304,0.10869565217391304,0.15217391304347827
85,21,55,0.2727272727272727,0.2727272727272727,0.12727272727272732
85,22,57,0.42105263157894735,-0.42105263157894735,0.42105263157894735
85,23,46,0.41304347826086957,0.34782608695652173,0.3260869565217391
85,24,48,0.2916666666666667,0.2916666666666667,0.125
85,25,81,0.5802469135802469,0.5802469135802469,0.12345679012345678
85,26,73,0.3150684931506849,0.3150684931506849,0.1780821917808219
86,0,51,0.0,-0.37254901960784315,0.47058823529411764
86,1,45,0.0,-0.8,0.8
86,2,51,0.0,0.0,0.0196078431372549
86,3,54,0.0,-0.07407407407407407,0.14814814814814814
86,4,49,0.0,0.0,0.46938775510204084
86,5,53,0.0,0.0,0.1320754716981132
86,6,52,0.0,0.0,0.21153846153846154
86,7,58,0.0,0.0,0.017241379310344827
86,8,62,0.0,0.0,0.16129032258064516
86,9,66,0.0,-0.5757575757575758,0.5757575757575758
86,10,71,0.0,-0.028169014084507043,0.04225352112676056
86,11,68,0.0,-0.014705882352941176,0.11764705882352941
86,12,54,0.0,-0.037037037037037035,0.16666666666666666
86,13,66,0.0,-0.030303030303030304,0.16666666666666666
86,14,60,0.0,-0.13333333333333333,0.13333333333333333
86,15,54,0.0,-0.018518518518518517,0.6296296296296297
86,16,71,0.0,-0.09859154929577464,0.6901408450704225
86,17,60,0.0,-0.13333333333333333,0.25
86,18,66,0.6666666666666666,0.2121212121212121,0.31818181818181823
86,19,52,0.40384615384615385,0.40384615384615385,0.05769230769230771
86,20,92,0.10869565217391304,0.10869565217391304,0.15217391304347827
86,21,55,0.34545454545454546,0.34545454545454546,0.054545454545454564
86,22,57,0.5087719298245614,-0.33333333333333326,0.33333333333333326
86,23,46,0.4782608695652174,0.41304347826086957,0.26086956521739124
86,24,48,0.22916666666666666,0.22916666666666666,0.18750000000000003
86,25,81,0.5555555555555556,0.5555555555555556,0.14814814814814814
86,26,73,0.273972602739726,0.273972602739726,0.2191780821917808
87,0,51,0.0,-0.37254901960784315,0.47058823529411764
87,1,45,0.0,-0.8,0.8
87,2,51,0.0,0.0,0.0196078431372549
87,3,54,0.0,-0.07407407407407407,0.14814814814814814
87,4,49,0.0,0.0,0.46938775510204084
87,5,53,0.0,0.0,0.1320754716981132
87,6,52,0.0,0.0,0.21153846153846154
87,7,58,0.0,0.0,0.017241379310344827
87,8,62,0.0,0.0,0.16129032258064516
87,9,66,0.0,-0.5757575757575758,0.5757575757575758
87,10,71,0.0,-0.028169014084507043,0.04225352112676056
87,11,68,0.0,-0.014705882352941176,0.11764705882352941
87,12,54,0.0,-0.037037037037037035,0.16666666666666666
87,13,66,0.0,-0.030303030303030304,0.16666666666666666
87,14,60,0.0,-0.13333333333333333,0.13333333333333333
87,15,54,0.0,-0.018518518518518517,0.6296296296296297
87,16,71,0.0,-0.09859154929577464,0.6901408450704225
87,17,60,0.0,-0.13333333333333333,0.25
87,18,66,0.7272727272727273,0.27272727272727276,0.25757575757575757
87,19,52,0.34615384615384615,0.34615384615384615,0.11538461538461542
87,20,92,0.10869565217391304,0.10869565217391304,0.15217391304347827
87,21,55,0.2909090909090909,0.2909090909090909,0.10909090909090913
87,22,57,0.47368421052631576,-0.3684210526315789,0.3684210526315789
87,23,46,0.43478260869565216,0.3695652173913043,0.3043478260869565
87,24,48,0.25,0.25,0.16666666666666669
87,25,81,0.6172839506172839,0.6172839506172839,0.0864197530864198
87,26,73,0.3013698630136986,0.3013698630136986,0.1917808219178082
88,0,51,0.0,-0.37254901960784315,0.47058823529411764
88,1,45,0.0,-0.8,0.8
88,2,51,0.0,0.0,0.0196078431372549
88,3,54,0.0,-0.07407407407407407,0.14814814814814814
88,4,49,0.0,0.0,0.46938775510204084
88,5,53,0.0,0.0,0.1320754716981132
88,6,52,0.0,0.0,0.21153846153846154
88,7,58,0.0,0.0,0.017241379310344827
88,8,62,0.0,0.0,0.16129032258064516
88,9,66,0.0,-0.5757575757575758,0.5757575757575758
88,10,71,0.0,-0.028169014084507043,0.04225352112676056
88,11,68,0.0,-0.014705882352941176,0.11764705882352941
88,12,54,0.0,-0.037037037037037035,0.16666666666666666
88,13,66,0.0,-0.030303030303030304,0.16666666666666666
88,14,60,0.0,-0.13333333333333333,0.13333333333333333
88,15,54,0.0,-0.018518518518518517,0.6296296296296297
88,16,71,0.0,-0.09859154929577464,0.6901408450704225
88,17,60,0.0,-0.13333333333333333,0.25
88,18,66,0.696969696969697,0.2424242424242425,0.28787878787878785
88,19,52,0.34615384615384615,0.34615384615384615,0.11538461538461542
88,20,92,0.10869565217391304,0.10869565217391304,0.15217391304347827
88,21,55,0.36363636363636365,0.36363636363636365,0.036363636363636376
88,22,57,0.47368421052631576,-0.3684210526315789,0.3684210526315789
88,23,46,0.41304347826086957,0.34782608695652173,0.3260869565217391
88,24,48,0.25,0.25,0.16666666666666669
88,25,81,0.5308641975308642,0.5308641975308642,0.1728395061728395
88,26,73,0.3287671232876712,0.3287671232876712,0.1643835616438356
89,0,51,0.0,-0.37254901960784315,0.47058823529411764
89,1,45,0.0,-0.8,0.8
89,2,51,0.0,0.0,0.0196078431372549
89,3,54,0.0,-0.07407407407407407,0.14814814814814814
89,4,49,0.0,0.0,0.46938775510204084
89,5,53,0.0,0.0,0.1320754716981132
89,6,52,0.0,0.0,0.21153846153846154
89,7,58,0.0,0.0,0.017241379310344827
89,8,62,0.0,0.0,0.16129032258064516
89,9,66,0.0,-0.5757575757575758,0.5757575757575758
89,10,71,0.0,-0.028169014084507043,0.04225352112676056
89,11,68,0.0,-0.014705882352941176,0.11764705882352941
89,12,54,0.0,-0.037037037037037035,0.16666666666666666
89,13,66,0.0,-0.030303030303030304,0.16666666666666666
89,14,60,0.0,-0.13333333333333333,0.13333333333333333
89,15,54,0.0,-0.018518518518518517,0.6296296296296297
89,16,71,0.0,-0.09859154929577464,0.6901408450704225
89,17,60,0.0,-0.13333333333333333,0.25
89,18,66,0.7424242424242424,0.2878787878787879,0.24242424242424243
89,19,52,0.3269230769230769,0.3269230769230769,0.13461538461538464
89,20,92,0.10869565217391304,0.10869565217391304,0.15217391304347827
89,21,55,0.2727272727272727,0.2727272727272727,0.12727272727272732
89,22,57,0.47368421052631576,-0.3684210526315789,0.3684210526315789
89,23,46,0.41304347826086957,0.34782608695652173,0.3260869565217391
89,24,48,0.2916666666666667,0.2916666666666667,0.125
89,25,81,0.5925925925925926,0.5925925925925926,0.11111111111111116
89,26,73,0.2876712328767123,0.2876712328767123,0.2054794520547945
90,0,51,0.0,-0.37254901960784315,0.47058823529411764
90,1,45,0.0,-0.8,0.8
90,2,51,0.0,0.0,0.0196078431372549
90,3,54,0.0,-0.07407407407407407,0.14814814814814814
90,4,49,0.0,0.0,0.46938775510204084
90,5,53,0.0,0.0,0.1320754716981132
90,6,52,0.0,0.0,0.21153846153846154
90,7,58,0.0,0.0,0.017241379310344827
90,8,62,0.0,0.0,0.16129032258064516
90,9,66,0.0,-0.5757575757575758,0.5757575757575758
90,10,71,0.0,-0.028169014084507043,0.04225352112676056
90,11,68,0.0,-0.014705882352941176,0.11764705882352941
90,12,54,0.0,-0.037037037037037035,0.16666666666666666
90,13,66,0.0,-0.030303030303030304,0.16666666666666666
90,14,60,0.0,-0.13333333333333333,0.13333333333333333
90,15,54,0.0,-0.018518518518518517,0.6296296296296297
90,16,71,0.0,-0.09859154929577464,0.6901408450704225
90,17,60,0.0,-0.13333333333333333,0.25
90,18,66,0.6060606060606061,0.15151515151515155,0.3787878787878788
90,19,52,0.36538461538461536,0.36538461538461536,0.0961538461538462
90,20,92,0.09782608695652174,0.09782608695652174,0.16304347826086957
90,21,55,0.34545454545454546,0.34545454545454546,0.054545454545454564
90,22,57,0.47368421052631576,-0.3684210526315789,0.3684210526315789
90,23,46,0.45652173913043476,0.3913043478260869,0.2826086956521739
90,24,48,0.25,0.25,0.16666666666666669
90,25,81,0.5308641975308642,0.5308641975308642,0.1728395061728395
90,26,73,0.3287671232876712,0.3287671232876712,0.1643835616438356
