round,class_id,n,acc,bwt,forgetting
1,0,51,0.45098039215686275,,
1,1,45,0.5333333333333333,,
1,2,51,0.0,,
1,3,54,0.0,,
1,4,49,0.0,,
1,5,53,0.0,,
1,6,52,0.0,,
1,7,58,0.0,,
1,8,62,0.3225806451612903,,
2,0,51,0.8235294117647058,0.3725490196078431,0.0
2,1,45,0.26666666666666666,-0.26666666666666666,0.26666666666666666
2,2,51,0.0,0.0,0.0
2,3,54,0.0,0.0,0.0
2,4,49,0.02040816326530612,0.02040816326530612,0.0
2,5,53,0.0,0.0,0.0
2,6,52,0.09615384615384616,0.09615384615384616,0.0
2,7,58,0.0,0.0,0.0
2,8,62,0.27419354838709675,-0.04838709677419356,0.04838709677419356
3,0,51,0.9215686274509803,0.4705882352941176,0.0
3,1,45,0.2,-0.3333333333333333,0.3333333333333333
3,2,51,0.0,0.0,0.0
3,3,54,0.0,0.0,0.0
3,4,49,0.08163265306122448,0.08163265306122448,0.0
3,5,53,0.0,0.0,0.0
3,6,52,0.09615384615384616,0.09615384615384616,0.0
3,7,58,0.0,0.0,0.0
3,8,62,0.0967741935483871,-0.22580645161290322,0.22580645161290322
4,0,51,0.47058823529411764,0.019607843137254888,0.4509803921568627
4,1,45,0.17777777777777778,-0.3555555555555555,0.3555555555555555
4,2,51,0.11764705882352941,0.11764705882352941,0.0
4,3,54,0.1111111111111111,0.1111111111111111,0.0
4,4,49,0.1836734693877551,0.1836734693877551,0.0
4,5,53,0.39622641509433965,0.39622641509433965,0.0
4,6,52,0.038461538461538464,0.038461538461538464,0.057692307692307696
4,7,58,0.06896551724137931,0.06896551724137931,0.0
4,8,62,0.1774193548387097,-0.14516129032258063,0.14516129032258063
5,0,51,0.4117647058823529,-0.03921568627450983,0.5098039215686274
5,1,45,0.26666666666666666,-0.26666666666666666,0.26666666666666666
5,2,51,0.17647058823529413,0.17647058823529413,0.0
5,3,54,0.05555555555555555,0.05555555555555555,0.05555555555555555
5,4,49,0.1836734693877551,0.1836734693877551,0.0
5,5,53,0.39622641509433965,0.39622641509433965,0.0
5,6,52,0.019230769230769232,0.019230769230769232,0.07692307692307693
5,7,58,0.08620689655172414,0.08620689655172414,0.0
5,8,62,0.25806451612903225,-0.06451612903225806,0.06451612903225806
6,0,51,0.17647058823529413,-0.27450980392156865,0.7450980392156862
6,1,45,0.15555555555555556,-0.37777777777777777,0.37777777777777777
6,2,51,0.11764705882352941,0.11764705882352941,0.05882352941176472
6,3,54,0.07407407407407407,0.07407407407407407,0.037037037037037035
6,4,49,0.20408163265306123,0.20408163265306123,0.0
6,5,53,0.39622641509433965,0.39622641509433965,0.0
6,6,52,0.019230769230769232,0.019230769230769232,0.07692307692307693
6,7,58,0.3448275862068966,0.3448275862068966,0.0
6,8,62,0.27419354838709675,-0.04838709677419356,0.04838709677419356
7,0,51,0.19607843137254902,-0.2549019607843137,0.7254901960784313
7,1,45,0.2,-0.3333333333333333,0.3333333333333333
7,2,51,0.23529411764705882,0.23529411764705882,0.0
7,3,54,0.1111111111111111,0.1111111111111111,0.0
7,4,49,0.32653061224489793,0.32653061224489793,0.0
7,5,53,0.3584905660377358,0.3584905660377358,0.03773584905660382
7,6,52,0.038461538461538464,0.038461538461538464,0.057692307692307696
7,7,58,0.1896551724137931,0.1896551724137931,0.15517241379310348
7,8,62,0.3225806451612903,0.0,0.0
8,0,51,0.1568627450980392,-0.29411764705882354,0.7647058823529411
8,1,45,0.17777777777777778,-0.3555555555555555,0.3555555555555555
8,2,51,0.17647058823529413,0.17647058823529413,0.05882352941176469
8,3,54,0.1111111111111111,0.1111111111111111,0.0
8,4,49,0.30612244897959184,0.30612244897959184,0.02040816326530609
8,5,53,0.32075471698113206,0.32075471698113206,0.07547169811320759
8,6,52,0.057692307692307696,0.057692307692307696,0.038461538461538464
8,7,58,0.15517241379310345,0.15517241379310345,0.18965517241379312
8,8,62,0.3387096774193548,0.016129032258064502,0.0
9,0,51,0.0784313725490196,-0.37254901960784315,0.8431372549019607
9,1,45,0.06666666666666667,-0.4666666666666667,0.4666666666666667
9,2,51,0.5882352941176471,0.5882352941176471,0.0
9,3,54,0.2037037037037037,0.2037037037037037,0.0
9,4,49,0.1836734693877551,0.1836734693877551,0.14285714285714282
9,5,53,0.018867924528301886,0.018867924528301886,0.37735849056603776
9,6,52,0.0,0.0,0.09615384615384616
9,7,58,0.6724137931034483,0.6724137931034483,0.0
9,8,62,0.0,-0.3225806451612903,0.3387096774193548
10,0,51,0.17647058823529413,-0.27450980392156865,0.7450980392156862
10,1,45,0.2222222222222222,-0.3111111111111111,0.3111111111111111
10,2,51,0.4117647058823529,0.4117647058823529,0.17647058823529416
10,3,54,0.09259259259259259,0.09259259259259259,0.1111111111111111
10,4,49,0.3469387755102041,0.3469387755102041,0.0
10,5,53,0.24528301886792453,0.24528301886792453,0.15094339622641512
10,6,52,0.09615384615384616,0.09615384615384616,0.0
10,7,58,0.13793103448275862,0.13793103448275862,0.5344827586206897
10,8,62,0.43548387096774194,0.11290322580645162,0.0
11,0,51,0.0,-0.45098039215686275,0.9215686274509803
11,1,45,0.0,-0.5333333333333333,0.5333333333333333
11,2,51,0.0,0.0,0.5882352941176471
11,3,54,0.0,0.0,0.2037037037037037
11,4,49,0.0,0.0,0.3469387755102041
11,5,53,0.0,0.0,0.39622641509433965
11,6,52,0.0,0.0,0.09615384615384616
11,7,58,0.0,0.0,0.6724137931034483
11,8,62,0.0,-0.3225806451612903,0.43548387096774194
11,9,66,0.0,,
11,10,71,0.056338028169014086,,
11,11,68,0.17647058823529413,,
11,12,54,0.0,,
11,13,66,0.6666666666666666,,
11,14,60,0.0,,
11,15,54,0.0,,
11,16,71,0.0,,
11,17,60,0.03333333333333333,,
12,0,51,0.0,-0.45098039215686275,0.9215686274509803
12,1,45,0.0,-0.5333333333333333,0.5333333333333333
12,2,51,0.0,0.0,0.5882352941176471
12,3,54,0.0,0.0,0.2037037037037037
12,4,49,0.0,0.0,0.3469387755102041
12,5,53,0.0,0.0,0.39622641509433965
12,6,52,0.0,0.0,0.09615384615384616
12,7,58,0.0,0.0,0.6724137931034483
12,8,62,0.0,-0.3225806451612903,0.43548387096774194
12,9,66,0.07575757575757576,0.07575757575757576,0.0
12,10,71,0.3380281690140845,0.28169014084507044,0.0
12,11,68,0.08823529411764706,-0.08823529411764706,0.08823529411764706
12,12,54,0.0,0.0,0.0
12,13,66,0.15151515151515152,-0.5151515151515151,0.5151515151515151
12,14,60,0.03333333333333333,0.03333333333333333,0.0
12,15,54,0.0,0.0,0.0
12,16,71,0.0,0.0,0.0
12,17,60,0.6,0.5666666666666667,0.0
13,0,51,0.0,-0.45098039215686275,0.9215686274509803
13,1,45,0.0,-0.5333333333333333,0.5333333333333333
13,2,51,0.0,0.0,0.5882352941176471
13,3,54,0.0,0.0,0.2037037037037037
13,4,49,0.0,0.0,0.3469387755102041
13,5,53,0.0,0.0,0.39622641509433965
13,6,52,0.0,0.0,0.09615384615384616
13,7,58,0.0,0.0,0.6724137931034483
13,8,62,0.0,-0.3225806451612903,0.43548387096774194
13,9,66,0.15151515151515152,0.15151515151515152,0.0
13,10,71,0.1267605633802817,0.0704225352112676,0.2112676056338028
13,11,68,0.16176470588235295,-0.01470588235294118,0.01470588235294118
13,12,54,0.0,0.0,0.0
13,13,66,0.0,-0.6666666666666666,0.6666666666666666
13,14,60,0.3,0.3,0.0
13,15,54,0.18518518518518517,0.18518518518518517,0.0
13,16,71,0.11267605633802817,0.11267605633802817,0.0
13,17,60,0.5,0.4666666666666667,0.09999999999999998
14,0,51,0.0,-0.45098039215686275,0.9215686274509803
14,1,45,0.0,-0.5333333333333333,0.5333333333333333
14,2,51,0.0,0.0,0.5882352941176471
14,3,54,0.0,0.0,0.2037037037037037
14,4,49,0.0,0.0,0.3469387755102041
14,5,53,0.0,0.0,0.39622641509433965
14,6,52,0.0,0.0,0.09615384615384616
14,7,58,0.0,0.0,0.6724137931034483
14,8,62,0.0,-0.3225806451612903,0.43548387096774194
14,9,66,0.16666666666666666,0.16666666666666666,0.0
14,10,71,0.18309859154929578,0.1267605633802817,0.15492957746478872
14,11,68,0.1323529411764706,-0.04411764705882354,0.04411764705882354
14,12,54,0.0,0.0,0.0
14,13,66,0.0,-0.6666666666666666,0.6666666666666666
14,14,60,0.26666666666666666,0.26666666666666666,0.033333333333333326
14,15,54,0.24074074074074073,0.24074074074074073,0.0
14,16,71,0.1267605633802817,0.1267605633802817,0.0
14,17,60,0.55,0.5166666666666667,0.04999999999999993
15,0,51,0.0196078431372549,-0.43137254901960786,0.9019607843137254
15,1,45,0.0,-0.5333333333333333,0.5333333333333333
15,2,51,0.0,0.0,0.5882352941176471
15,3,54,0.0,0.0,0.2037037037037037
15,4,49,0.0,0.0,0.3469387755102041
15,5,53,0.0,0.0,0.39622641509433965
15,6,52,0.0,0.0,0.09615384615384616
15,7,58,0.0,0.0,0.6724137931034483
15,8,62,0.0,-0.3225806451612903,0.43548387096774194
15,9,66,0.22727272727272727,0.22727272727272727,0.0
15,10,71,0.23943661971830985,0.18309859154929575,0.09859154929577466
15,11,68,0.10294117647058823,-0.0735294117647059,0.0735294117647059
15,12,54,0.0,0.0,0.0
15,13,66,0.0,-0.6666666666666666,0.6666666666666666
15,14,60,0.21666666666666667,0.21666666666666667,0.08333333333333331
15,15,54,0.24074074074074073,0.24074074074074073,0.0
15,16,71,0.14084507042253522,0.14084507042253522,0.0
15,17,60,0.55,0.5166666666666667,0.04999999999999993
16,0,51,0.0196078431372549,-0.43137254901960786,0.9019607843137254
16,1,45,0.0,-0.5333333333333333,0.5333333333333333
16,2,51,0.0,0.0,0.5882352941176471
16,3,54,0.0,0.0,0.2037037037037037
16,4,49,0.0,0.0,0.3469387755102041
16,5,53,0.0,0.0,0.39622641509433965
16,6,52,0.0,0.0,0.09615384615384616
16,7,58,0.0,0.0,0.6724137931034483
16,8,62,0.0,-0.3225806451612903,0.43548387096774194
16,9,66,0.25757575757575757,0.25757575757575757,0.0
16,10,71,0.18309859154929578,0.1267605633802817,0.15492957746478872
16,11,68,0.10294117647058823,-0.0735294117647059,0.0735294117647059
16,12,54,0.05555555555555555,0.05555555555555555,0.0
16,13,66,0.0,-0.6666666666666666,0.6666666666666666
16,14,60,0.21666666666666667,0.21666666666666667,0.08333333333333331
16,15,54,0.2037037037037037,0.2037037037037037,0.037037037037037035
16,16,71,0.1267605633802817,0.1267605633802817,0.01408450704225353
16,17,60,0.5833333333333334,0.55,0.016666666666666607
17,0,51,0.0196078431372549,-0.43137254901960786,0.9019607843137254
17,1,45,0.0,-0.5333333333333333,0.5333333333333333
17,2,51,0.0,0.0,0.5882352941176471
17,3,54,0.0,0.0,0.2037037037037037
17,4,49,0.0,0.0,0.3469387755102041
17,5,53,0.0,0.0,0.39622641509433965
17,6,52,0.0,0.0,0.09615384615384616
17,7,58,0.0,0.0,0.6724137931034483
17,8,62,0.0,-0.3225806451612903,0.43548387096774194
17,9,66,0.3787878787878788,0.3787878787878788,0.0
17,10,71,0.19718309859154928,0.1408450704225352,0.14084507042253522
17,11,68,0.10294117647058823,-0.0735294117647059,0.0735294117647059
17,12,54,0.14814814814814814,0.14814814814814814,0.0
17,13,66,0.0,-0.6666666666666666,0.6666666666666666
17,14,60,0.13333333333333333,0.13333333333333333,0.16666666666666666
17,15,54,0.2222222222222222,0.2222222222222222,0.018518518518518517
17,16,71,0.14084507042253522,0.14084507042253522,0.0
17,17,60,0.5666666666666667,0.5333333333333333,0.033333333333333326
18,0,51,0.0,-0.45098039215686275,0.9215686274509803
18,1,45,0.0,-0.5333333333333333,0.5333333333333333
18,2,51,0.0,0.0,0.5882352941176471
18,3,54,0.0,0.0,0.2037037037037037
18,4,49,0.0,0.0,0.3469387755102041
18,5,53,0.0,0.0,0.39622641509433965
18,6,52,0.0,0.0,0.09615384615384616
18,7,58,0.0,0.0,0.6724137931034483
18,8,62,0.0,-0.3225806451612903,0.43548387096774194
18,9,66,0.3939393939393939,0.3939393939393939,0.0
18,10,71,0.19718309859154928,0.1408450704225352,0.14084507042253522
18,11,68,0.10294117647058823,-0.0735294117647059,0.0735294117647059
18,12,54,0.24074074074074073,0.24074074074074073,0.0
18,13,66,0.0,-0.6666666666666666,0.6666666666666666
18,14,60,0.18333333333333332,0.18333333333333332,0.11666666666666667
18,15,54,0.25925925925925924,0.25925925925925924,0.0
18,16,71,0.14084507042253522,0.14084507042253522,0.0
18,17,60,0.5833333333333334,0.55,0.016666666666666607
19,0,51,0.0196078431372549,-0.43137254901960786,0.9019607843137254
19,1,45,0.0,-0.5333333333333333,0.5333333333333333
19,2,51,0.0,0.0,0.5882352941176471
19,3,54,0.0,0.0,0.2037037037037037
19,4,49,0.0,0.0,0.3469387755102041
19,5,53,0.0,0.0,0.39622641509433965
19,6,52,0.0,0.0,0.09615384615384616
19,7,58,0.0,0.0,0.6724137931034483
19,8,62,0.0,-0.3225806451612903,0.43548387096774194
19,9,66,0.3939393939393939,0.3939393939393939,0.0
19,10,71,0.18309859154929578,0.1267605633802817,0.15492957746478872
19,11,68,0.10294117647058823,-0.0735294117647059,0.0735294117647059
19,12,54,0.2777777777777778,0.2777777777777778,0.0
19,13,66,0.0,-0.6666666666666666,0.6666666666666666
19,14,60,0.18333333333333332,0.18333333333333332,0.11666666666666667
19,15,54,0.2777777777777778,0.2777777777777778,0.0
19,16,71,0.15492957746478872,0.15492957746478872,0.0
19,17,60,0.5833333333333334,0.55,0.016666666666666607
20,0,51,0.0392156862745098,-0.4117647058823529,0.8823529411764706
20,1,45,0.0,-0.5333333333333333,0.5333333333333333
20,2,51,0.0,0.0,0.5882352941176471
20,3,54,0.0,0.0,0.2037037037037037
20,4,49,0.0,0.0,0.3469387755102041
20,5,53,0.0,0.0,0.39622641509433965
20,6,52,0.0,0.0,0.09615384615384616
20,7,58,0.0,0.0,0.6724137931034483
20,8,62,0.0,-0.3225806451612903,0.43548387096774194
20,9,66,0.3181818181818182,0.3181818181818182,0.07575757575757575
20,10,71,0.19718309859154928,0.1408450704225352,0.14084507042253522
20,11,68,0.11764705882352941,-0.05882352941176472,0.05882352941176472
20,12,54,0.25925925925925924,0.25925925925925924,0.018518518518518545
20,13,66,0.015151515151515152,-0.6515151515151515,0.6515151515151515
20,14,60,0.23333333333333334,0.23333333333333334,0.06666666666666665
20,15,54,0.25925925925925924,0.25925925925925924,0.018518518518518545
20,16,71,0.15492957746478872,0.15492957746478872,0.0
20,17,60,0.5666666666666667,0.5333333333333333,0.033333333333333326
21,0,51,0.0,-0.45098039215686275,0.9215686274509803
21,1,45,0.0,-0.5333333333333333,0.5333333333333333
21,2,51,0.0,0.0,0.5882352941176471
21,3,54,0.0,0.0,0.2037037037037037
21,4,49,0.0,0.0,0.3469387755102041
21,5,53,0.0,0.0,0.39622641509433965
21,6,52,0.0,0.0,0.09615384615384616
21,7,58,0.0,0.0,0.6724137931034483
21,8,62,0.0,-0.3225806451612903,0.43548387096774194
21,9,66,0.0,0.0,0.3939393939393939
21,10,71,0.0,-0.056338028169014086,0.3380281690140845
21,11,68,0.0,-0.17647058823529413,0.17647058823529413
21,12,54,0.0,0.0,0.2777777777777778
21,13,66,0.0,-0.6666666666666666,0.6666666666666666
21,14,60,0.0,0.0,0.3
21,15,54,0.0,0.0,0.2777777777777778
21,16,71,0.0,0.0,0.15492957746478872
21,17,60,0.0,-0.03333333333333333,0.6
21,18,66,0.015151515151515152,,
21,19,52,0.28846153846153844,,
21,20,92,0.0,,
21,21,55,0.0,,
21,22,57,0.0,,
21,23,46,0.0,,
21,24,48,0.0,,
21,25,81,0.0,,
21,26,73,0.6712328767123288,,
22,0,51,0.0,-0.45098039215686275,0.9215686274509803
22,1,45,0.0,-0.5333333333333333,0.5333333333333333
22,2,51,0.0,0.0,0.5882352941176471
22,3,54,0.0,0.0,0.2037037037037037
22,4,49,0.0,0.0,0.3469387755102041
22,5,53,0.0,0.0,0.39622641509433965
22,6,52,0.0,0.0,0.09615384615384616
22,7,58,0.0,0.0,0.6724137931034483
22,8,62,0.0,-0.3225806451612903,0.43548387096774194
22,9,66,0.0,0.0,0.3939393939393939
22,10,71,0.0,-0.056338028169014086,0.3380281690140845
22,11,68,0.0,-0.17647058823529413,0.17647058823529413
22,12,54,0.0,0.0,0.2777777777777778
22,13,66,0.0,-0.6666666666666666,0.6666666666666666
22,14,60,0.0,0.0,0.3
22,15,54,0.0,0.0,0.2777777777777778
22,16,71,0.0,0.0,0.15492957746478872
22,17,60,0.0,-0.03333333333333333,0.6
22,18,66,0.0,-0.015151515151515152,0.015151515151515152
22,19,52,0.21153846153846154,-0.0769230769230769,0.0769230769230769
22,20,92,0.0,0.0,0.0
22,21,55,0.01818181818181818,0.01818181818181818,0.0
22,22,57,0.0,0.0,0.0
22,23,46,0.0,0.0,0.0
22,24,48,0.0,0.0,0.0
22,25,81,0.0,0.0,0.0
22,26,73,1.0,0.3287671232876712,0.0
23,0,51,0.0,-0.45098039215686275,0.9215686274509803
23,1,45,0.0,-0.5333333333333333,0.5333333333333333
23,2,51,0.0,0.0,0.5882352941176471
23,3,54,0.0,0.0,0.2037037037037037
23,4,49,0.0,0.0,0.3469387755102041
23,5,53,0.0,0.0,0.39622641509433965
23,6,52,0.0,0.0,0.09615384615384616
23,7,58,0.0,0.0,0.6724137931034483
23,8,62,0.0,-0.3225806451612903,0.43548387096774194
23,9,66,0.0,0.0,0.3939393939393939
23,10,71,0.0,-0.056338028169014086,0.3380281690140845
23,11,68,0.0,-0.17647058823529413,0.17647058823529413
23,12,54,0.0,0.0,0.2777777777777778
23,13,66,0.0,-0.6666666666666666,0.6666666666666666
23,14,60,0.0,0.0,0.3
23,15,54,0.0,0.0,0.2777777777777778
23,16,71,0.0,0.0,0.15492957746478872
23,17,60,0.0,-0.03333333333333333,0.6
23,18,66,0.0,-0.015151515151515152,0.015151515151515152
23,19,52,0.7884615384615384,0.5,0.0
23,20,92,0.0,0.0,0.0
23,21,55,0.05454545454545454,0.05454545454545454,0.0
23,22,57,0.0,0.0,0.0
23,23,46,0.043478260869565216,0.043478260869565216,0.0
23,24,48,0.0,0.0,0.0
23,25,81,0.12345679012345678,0.12345679012345678,0.0
23,26,73,0.6575342465753424,-0.013698630136986356,0.34246575342465757
24,0,51,0.0,-0.45098039215686275,0.9215686274509803
24,1,45,0.0,-0.5333333333333333,0.5333333333333333
24,2,51,0.0,0.0,0.5882352941176471
24,3,54,0.0,0.0,0.2037037037037037
24,4,49,0.0,0.0,0.3469387755102041
24,5,53,0.0,0.0,0.39622641509433965
24,6,52,0.0,0.0,0.09615384615384616
24,7,58,0.0,0.0,0.6724137931034483
24,8,62,0.0,-0.3225806451612903,0.43548387096774194
24,9,66,0.0,0.0,0.3939393939393939
24,10,71,0.0,-0.056338028169014086,0.3380281690140845
24,11,68,0.0,-0.17647058823529413,0.17647058823529413
24,12,54,0.0,0.0,0.2777777777777778
24,13,66,0.0,-0.6666666666666666,0.6666666666666666
24,14,60,0.0,0.0,0.3
24,15,54,0.0,0.0,0.2777777777777778
24,16,71,0.0,0.0,0.15492957746478872
24,17,60,0.0,-0.03333333333333333,0.6
24,18,66,0.0,-0.015151515151515152,0.015151515151515152
24,19,52,0.6153846153846154,0.326923076923077,0.17307692307692302
24,20,92,0.0,0.0,0.0
24,21,55,0.0,0.0,0.05454545454545454
24,22,57,0.017543859649122806,0.017543859649122806,0.0
24,23,46,0.13043478260869565,0.13043478260869565,0.0
24,24,48,0.041666666666666664,0.041666666666666664,0.0
24,25,81,0.09876543209876543,0.09876543209876543,0.024691358024691357
24,26,73,0.821917808219178,0.15068493150684925,0.17808219178082196
25,0,51,0.0,-0.45098039215686275,0.9215686274509803
25,1,45,0.0,-0.5333333333333333,0.5333333333333333
25,2,51,0.0,0.0,0.5882352941176471
25,3,54,0.0,0.0,0.2037037037037037
25,4,49,0.0,0.0,0.3469387755102041
25,5,53,0.0,0.0,0.39622641509433965
25,6,52,0.0,0.0,0.09615384615384616
25,7,58,0.0,0.0,0.6724137931034483
25,8,62,0.0,-0.3225806451612903,0.43548387096774194
25,9,66,0.0,0.0,0.3939393939393939
25,10,71,0.0,-0.056338028169014086,0.3380281690140845
25,11,68,0.0,-0.17647058823529413,0.17647058823529413
25,12,54,0.0,0.0,0.2777777777777778
25,13,66,0.0,-0.6666666666666666,0.6666666666666666
25,14,60,0.0,0.0,0.3
25,15,54,0.0,0.0,0.2777777777777778
25,16,71,0.0,0.0,0.15492957746478872
25,17,60,0.016666666666666666,-0.016666666666666666,0.5833333333333333
25,18,66,0.015151515151515152,0.0,0.0
25,19,52,0.5769230769230769,0.28846153846153844,0.21153846153846156
25,20,92,0.0,0.0,0.0
25,21,55,0.2909090909090909,0.2909090909090909,0.0
25,22,57,0.0,0.0,0.017543859649122806
25,23,46,0.10869565217391304,0.10869565217391304,0.021739130434782608
25,24,48,0.041666666666666664,0.041666666666666664,0.0
25,25,81,0.1111111111111111,0.1111111111111111,0.012345679012345678
25,26,73,0.821917808219178,0.15068493150684925,0.17808219178082196
26,0,51,0.0,-0.45098039215686275,0.9215686274509803
26,1,45,0.0,-0.5333333333333333,0.5333333333333333
26,2,51,0.0,0.0,0.5882352941176471
26,3,54,0.0,0.0,0.2037037037037037
26,4,49,0.0,0.0,0.3469387755102041
26,5,53,0.0,0.0,0.39622641509433965
26,6,52,0.0,0.0,0.09615384615384616
26,7,58,0.0,0.0,0.6724137931034483
26,8,62,0.0,-0.3225806451612903,0.43548387096774194
26,9,66,0.0,0.0,0.3939393939393939
26,10,71,0.0,-0.056338028169014086,0.3380281690140845
26,11,68,0.0,-0.17647058823529413,0.17647058823529413
26,12,54,0.0,0.0,0.2777777777777778
26,13,66,0.0,-0.6666666666666666,0.6666666666666666
26,14,60,0.0,0.0,0.3
26,15,54,0.0,0.0,0.2777777777777778
26,16,71,0.0,0.0,0.15492957746478872
26,17,60,0.0,-0.03333333333333333,0.6
26,18,66,0.045454545454545456,0.030303030303030304,0.0
26,19,52,0.5384615384615384,0.25,0.25
26,20,92,0.010869565217391304,0.010869565217391304,0.0
26,21,55,0.41818181818181815,0.41818181818181815,0.0
26,22,57,0.017543859649122806,0.017543859649122806,0.0
26,23,46,0.13043478260869565,0.13043478260869565,0.0
26,24,48,0.10416666666666667,0.10416666666666667,0.0
26,25,81,0.12345679012345678,0.12345679012345678,0.0
26,26,73,0.821917808219178,0.15068493150684925,0.17808219178082196
27,0,51,0.0,-0.45098039215686275,0.9215686274509803
27,1,45,0.0,-0.5333333333333333,0.5333333333333333
27,2,51,0.0,0.0,0.5882352941176471
27,3,54,0.0,0.0,0.2037037037037037
27,4,49,0.0,0.0,0.3469387755102041
27,5,53,0.0,0.0,0.39622641509433965
27,6,52,0.0,0.0,0.09615384615384616
27,7,58,0.0,0.0,0.6724137931034483
27,8,62,0.0,-0.3225806451612903,0.43548387096774194
27,9,66,0.0,0.0,0.3939393939393939
27,10,71,0.0,-0.056338028169014086,0.3380281690140845
27,11,68,0.0,-0.17647058823529413,0.17647058823529413
27,12,54,0.0,0.0,0.2777777777777778
27,13,66,0.0,-0.6666666666666666,0.6666666666666666
27,14,60,0.0,0.0,0.3
27,15,54,0.0,0.0,0.2777777777777778
27,16,71,0.0,0.0,0.15492957746478872
27,17,60,0.0,-0.03333333333333333,0.6
27,18,66,0.13636363636363635,0.1212121212121212,0.0
27,19,52,0.4807692307692308,0.19230769230769235,0.30769230769230765
27,20,92,0.010869565217391304,0.010869565217391304,0.0
27,21,55,0.6,0.6,0.0
27,22,57,0.03508771929824561,0.03508771929824561,0.0
27,23,46,0.13043478260869565,0.13043478260869565,0.0
27,24,48,0.10416666666666667,0.10416666666666667,0.0
27,25,81,0.1111111111111111,0.1111111111111111,0.012345679012345678
27,26,73,0.7945205479452054,0.12328767123287665,0.20547945205479456
28,0,51,0.0,-0.45098039215686275,0.9215686274509803
28,1,45,0.0,-0.5333333333333333,0.5333333333333333
28,2,51,0.0,0.0,0.5882352941176471
28,3,54,0.0,0.0,0.2037037037037037
28,4,49,0.0,0.0,0.3469387755102041
28,5,53,0.0,0.0,0.39622641509433965
28,6,52,0.0,0.0,0.09615384615384616
28,7,58,0.0,0.0,0.6724137931034483
28,8,62,0.0,-0.3225806451612903,0.43548387096774194
28,9,66,0.0,0.0,0.3939393939393939
28,10,71,0.0,-0.056338028169014086,0.3380281690140845
28,11,68,0.0,-0.17647058823529413,0.17647058823529413
28,12,54,0.0,0.0,0.2777777777777778
28,13,66,0.0,-0.6666666666666666,0.6666666666666666
28,14,60,0.0,0.0,0.3
28,15,54,0.0,0.0,0.2777777777777778
28,16,71,0.0,0.0,0.15492957746478872
28,17,60,0.0,-0.03333333333333333,0.6
28,18,66,0.21212121212121213,0.19696969696969696,0.0
28,19,52,0.46153846153846156,0.17307692307692313,0.32692307692307687
28,20,92,0.010869565217391304,0.010869565217391304,0.0
28,21,55,0.7818181818181819,0.7818181818181819,0.0
28,22,57,0.03508771929824561,0.03508771929824561,0.0
28,23,46,0.15217391304347827,0.15217391304347827,0.0
28,24,48,0.10416666666666667,0.10416666666666667,0.0
28,25,81,0.16049382716049382,0.16049382716049382,0.0
28,26,73,0.7945205479452054,0.12328767123287665,0.20547945205479456
29,0,51,0.0,-0.45098039215686275,0.9215686274509803
29,1,45,0.0,-0.5333333333333333,0.5333333333333333
29,2,51,0.0,0.0,0.5882352941176471
29,3,54,0.0,0.0,0.2037037037037037
29,4,49,0.0,0.0,0.3469387755102041
29,5,53,0.0,0.0,0.39622641509433965
29,6,52,0.0,0.0,0.09615384615384616
29,7,58,0.0,0.0,0.6724137931034483
29,8,62,0.0,-0.3225806451612903,0.43548387096774194
29,9,66,0.0,0.0,0.3939393939393939
29,10,71,0.0,-0.056338028169014086,0.3380281690140845
29,11,68,0.0,-0.17647058823529413,0.17647058823529413
29,12,54,0.0,0.0,0.2777777777777778
29,13,66,0.0,-0.6666666666666666,0.6666666666666666
29,14,60,0.0,0.0,0.3
29,15,54,0.0,0.0,0.2777777777777778
29,16,71,0.0,0.0,0.15492957746478872
29,17,60,0.0,-0.03333333333333333,0.6
29,18,66,0.16666666666666666,0.1515151515151515,0.04545454545454547
29,19,52,0.5384615384615384,0.25,0.25
29,20,92,0.010869565217391304,0.010869565217391304,0.0
29,21,55,0.6363636363636364,0.6363636363636364,0.1454545454545455
29,22,57,0.03508771929824561,0.03508771929824561,0.0
29,23,46,0.043478260869565216,0.043478260869565216,0.10869565217391305
29,24,48,0.10416666666666667,0.10416666666666667,0.0
29,25,81,0.1728395061728395,0.1728395061728395,0.0
29,26,73,0.7945205479452054,0.12328767123287665,0.20547945205479456
30,0,51,0.0,-0.45098039215686275,0.9215686274509803
30,1,45,0.0,-0.5333333333333333,0.5333333333333333
30,2,51,0.0,0.0,0.5882352941176471
30,3,54,0.0,0.0,0.2037037037037037
30,4,49,0.0,0.0,0.3469387755102041
30,5,53,0.0,0.0,0.39622641509433965
30,6,52,0.0,0.0,0.09615384615384616
30,7,58,0.0,0.0,0.6724137931034483
30,8,62,0.0,-0.3225806451612903,0.43548387096774194
30,9,66,0.0,0.0,0.3939393939393939
30,10,71,0.0,-0.056338028169014086,0.3380281690140845
30,11,68,0.0,-0.17647058823529413,0.17647058823529413
30,12,54,0.0,0.0,0.2777777777777778
30,13,66,0.0,-0.6666666666666666,0.6666666666666666
30,14,60,0.0,0.0,0.3
30,15,54,0.0,0.0,0.2777777777777778
30,16,71,0.0,0.0,0.15492957746478872
30,17,60,0.0,-0.03333333333333333,0.6
30,18,66,0.18181818181818182,0.16666666666666669,0.030303030303030304
30,19,52,0.6153846153846154,0.326923076923077,0.17307692307692302
30,20,92,0.0,0.0,0.010869565217391304
30,21,55,0.7818181818181819,0.7818181818181819,0.0
30,22,57,0.03508771929824561,0.03508771929824561,0.0
30,23,46,0.1956521739130435,0.1956521739130435,0.0
30,24,48,0.10416666666666667,0.10416666666666667,0.0
30,25,81,0.1728395061728395,0.1728395061728395,0.0
30,26,73,0.8082191780821918,0.136986301369863,0.1917808219178082
31,0,51,0.0,-0.45098039215686275,0.9215686274509803
31,1,45,0.0,-0.5333333333333333,0.5333333333333333
31,2,51,0.0,0.0,0.5882352941176471
31,3,54,0.0,0.0,0.2037037037037037
31,4,49,0.0,0.0,0.3469387755102041
31,5,53,0.0,0.0,0.39622641509433965
31,6,52,0.0,0.0,0.09615384615384616
31,7,58,0.0,0.0,0.6724137931034483
31,8,62,0.0,-0.3225806451612903,0.43548387096774194
31,9,66,0.0,0.0,0.3939393939393939
31,10,71,0.0,-0.056338028169014086,0.3380281690140845
31,11,68,0.0,-0.17647058823529413,0.17647058823529413
31,12,54,0.0,0.0,0.2777777777777778
31,13,66,0.0,-0.6666666666666666,0.6666666666666666
31,14,60,0.0,0.0,0.3
31,15,54,0.0,0.0,0.2777777777777778
31,16,71,0.0,0.0,0.15492957746478872
31,17,60,0.0,-0.03333333333333333,0.6
31,18,66,0.16666666666666666,0.1515151515151515,0.04545454545454547
31,19,52,0.6153846153846154,0.326923076923077,0.17307692307692302
31,20,92,0.03260869565217391,0.03260869565217391,0.0
31,21,55,0.6545454545454545,0.6545454545454545,0.12727272727272732
31,22,57,0.07017543859649122,0.07017543859649122,0.0
31,23,46,0.043478260869565216,0.043478260869565216,0.15217391304347827
31,24,48,0.10416666666666667,0.10416666666666667,0.0
31,25,81,0.1728395061728395,0.1728395061728395,0.0
31,26,73,0.8082191780821918,0.136986301369863,0.1917808219178082
32,0,51,0.0,-0.45098039215686275,0.9215686274509803
32,1,45,0.0,-0.5333333333333333,0.5333333333333333
32,2,51,0.0,0.0,0.5882352941176471
32,3,54,0.0,0.0,0.2037037037037037
32,4,49,0.0,0.0,0.3469387755102041
32,5,53,0.0,0.0,0.39622641509433965
32,6,52,0.0,0.0,0.09615384615384616
32,7,58,0.0,0.0,0.6724137931034483
32,8,62,0.0,-0.3225806451612903,0.43548387096774194
32,9,66,0.0,0.0,0.3939393939393939
32,10,71,0.0,-0.056338028169014086,0.3380281690140845
32,11,68,0.0,-0.17647058823529413,0.17647058823529413
32,12,54,0.0,0.0,0.2777777777777778
32,13,66,0.0,-0.6666666666666666,0.6666666666666666
32,14,60,0.0,0.0,0.3
32,15,54,0.0,0.0,0.2777777777777778
32,16,71,0.0,0.0,0.15492957746478872
32,17,60,0.0,-0.03333333333333333,0.6
32,18,66,0.2727272727272727,0.25757575757575757,0.0
32,19,52,0.6153846153846154,0.326923076923077,0.17307692307692302
32,20,92,0.010869565217391304,0.010869565217391304,0.021739130434782608
32,21,55,0.7454545454545455,0.7454545454545455,0.036363636363636376
32,22,57,0.03508771929824561,0.03508771929824561,0.03508771929824561
32,23,46,0.17391304347826086,0.17391304347826086,0.021739130434782622
32,24,48,0.10416666666666667,0.10416666666666667,0.0
32,25,81,0.16049382716049382,0.16049382716049382,0.012345679012345678
32,26,73,0.7945205479452054,0.12328767123287665,0.20547945205479456
33,0,51,0.0,-0.45098039215686275,0.9215686274509803
33,1,45,0.0,-0.5333333333333333,0.5333333333333333
33,2,51,0.0,0.0,0.5882352941176471
33,3,54,0.0,0.0,0.2037037037037037
33,4,49,0.0,0.0,0.3469387755102041
33,5,53,0.0,0.0,0.39622641509433965
33,6,52,0.0,0.0,0.09615384615384616
33,7,58,0.0,0.0,0.6724137931034483
33,8,62,0.0,-0.3225806451612903,0.43548387096774194
33,9,66,0.0,0.0,0.3939393939393939
33,10,71,0.0,-0.056338028169014086,0.3380281690140845
33,11,68,0.0,-0.17647058823529413,0.17647058823529413
33,12,54,0.0,0.0,0.2777777777777778
33,13,66,0.0,-0.6666666666666666,0.6666666666666666
33,14,60,0.0,0.0,0.3
33,15,54,0.0,0.0,0.2777777777777778
33,16,71,0.0,0.0,0.15492957746478872
33,17,60,0.0,-0.03333333333333333,0.6
33,18,66,0.22727272727272727,0.2121212121212121,0.04545454545454544
33,19,52,0.6346153846153846,0.34615384615384615,0.15384615384615385
33,20,92,0.010869565217391304,0.010869565217391304,0.021739130434782608
33,21,55,0.6545454545454545,0.6545454545454545,0.12727272727272732
33,22,57,0.05263157894736842,0.05263157894736842,0.017543859649122806
33,23,46,0.06521739130434782,0.06521739130434782,0.13043478260869568
33,24,48,0.10416666666666667,0.10416666666666667,0.0
33,25,81,0.18518518518518517,0.18518518518518517,0.0
33,26,73,0.7945205479452054,0.12328767123287665,0.20547945205479456
34,0,51,0.0,-0.45098039215686275,0.9215686274509803
34,1,45,0.0,-0.5333333333333333,0.5333333333333333
34,2,51,0.0,0.0,0.5882352941176471
34,3,54,0.0,0.0,0.2037037037037037
34,4,49,0.0,0.0,0.3469387755102041
34,5,53,0.0,0.0,0.39622641509433965
34,6,52,0.0,0.0,0.09615384615384616
34,7,58,0.0,0.0,0.6724137931034483
34,8,62,0.0,-0.3225806451612903,0.43548387096774194
34,9,66,0.0,0.0,0.3939393939393939
34,10,71,0.0,-0.056338028169014086,0.3380281690140845
34,11,68,0.0,-0.17647058823529413,0.17647058823529413
34,12,54,0.0,0.0,0.2777777777777778
34,13,66,0.0,-0.6666666666666666,0.6666666666666666
34,14,60,0.0,0.0,0.3
34,15,54,0.0,0.0,0.2777777777777778
34,16,71,0.0,0.0,0.15492957746478872
34,17,60,0.0,-0.03333333333333333,0.6
34,18,66,0.15151515151515152,0.13636363636363635,0.12121212121212119
34,19,52,0.6923076923076923,0.40384615384615385,0.09615384615384615
34,20,92,0.010869565217391304,0.010869565217391304,0.021739130434782608
34,21,55,0.8,0.8,0.0
34,22,57,0.03508771929824561,0.03508771929824561,0.03508771929824561
34,23,46,0.1956521739130435,0.1956521739130435,0.0
34,24,48,0.125,0.125,0.0
34,25,81,0.14814814814814814,0.14814814814814814,0.037037037037037035
34,26,73,0.7945205479452054,0.12328767123287665,0.20547945205479456
35,0,51,0.0,-0.45098039215686275,0.9215686274509803
35,1,45,0.0,-0.5333333333333333,0.5333333333333333
35,2,51,0.0,0.0,0.5882352941176471
35,3,54,0.0,0.0,0.2037037037037037
35,4,49,0.0,0.0,0.3469387755102041
35,5,53,0.0,0.0,0.39622641509433965
35,6,52,0.0,0.0,0.09615384615384616
35,7,58,0.0,0.0,0.6724137931034483
35,8,62,0.0,-0.3225806451612903,0.43548387096774194
35,9,66,0.0,0.0,0.3939393939393939
35,10,71,0.0,-0.056338028169014086,0.3380281690140845
35,11,68,0.0,-0.17647058823529413,0.17647058823529413
35,12,54,0.0,0.0,0.2777777777777778
35,13,66,0.0,-0.6666666666666666,0.6666666666666666
35,14,60,0.0,0.0,0.3
35,15,54,0.0,0.0,0.2777777777777778
35,16,71,0.0,0.0,0.15492957746478872
35,17,60,0.0,-0.03333333333333333,0.6
35,18,66,0.24242424242424243,0.2272727272727273,0.030303030303030276
35,19,52,0.6538461538461539,0.3653846153846154,0.13461538461538458
35,20,92,0.010869565217391304,0.010869565217391304,0.021739130434782608
35,21,55,0.6181818181818182,0.6181818181818182,0.18181818181818188
35,22,57,0.10526315789473684,0.10526315789473684,0.0
35,23,46,0.06521739130434782,0.06521739130434782,0.13043478260869568
35,24,48,0.125,0.125,0.0
35,25,81,0.16049382716049382,0.16049382716049382,0.024691358024691357
35,26,73,0.8082191780821918,0.136986301369863,0.1917808219178082
36,0,51,0.0,-0.45098039215686275,0.9215686274509803
36,1,45,0.0,-0.5333333333333333,0.5333333333333333
36,2,51,0.0,0.0,0.5882352941176471
36,3,54,0.0,0.0,0.2037037037037037
36,4,49,0.0,0.0,0.3469387755102041
36,5,53,0.0,0.0,0.39622641509433965
36,6,52,0.0,0.0,0.09615384615384616
36,7,58,0.0,0.0,0.6724137931034483
36,8,62,0.0,-0.3225806451612903,0.43548387096774194
36,9,66,0.0,0.0,0.3939393939393939
36,10,71,0.0,-0.056338028169014086,0.3380281690140845
36,11,68,0.0,-0.17647058823529413,0.17647058823529413
36,12,54,0.0,0.0,0.2777777777777778
36,13,66,0.0,-0.6666666666666666,0.6666666666666666
36,14,60,0.0,0.0,0.3
36,15,54,0.0,0.0,0.2777777777777778
36,16,71,0.0,0.0,0.15492957746478872
36,17,60,0.0,-0.03333333333333333,0.6
36,18,66,0.15151515151515152,0.13636363636363635,0.12121212121212119
36,19,52,0.6538461538461539,0.3653846153846154,0.13461538461538458
36,20,92,0.021739130434782608,0.021739130434782608,0.010869565217391304
36,21,55,0.8727272727272727,0.8727272727272727,0.0
36,22,57,0.03508771929824561,0.03508771929824561,0.07017543859649122
36,23,46,0.1956521739130435,0.1956521739130435,0.0
36,24,48,0.10416666666666667,0.10416666666666667,0.02083333333333333
36,25,81,0.2222222222222222,0.2222222222222222,0.0
36,26,73,0.7671232876712328,0.09589041095890405,0.23287671232876717
37,0,51,0.0,-0.45098039215686275,0.9215686274509803
37,1,45,0.0,-0.5333333333333333,0.5333333333333333
37,2,51,0.0,0.0,0.5882352941176471
37,3,54,0.0,0.0,0.2037037037037037
37,4,49,0.0,0.0,0.3469387755102041
37,5,53,0.0,0.0,0.39622641509433965
37,6,52,0.0,0.0,0.09615384615384616
37,7,58,0.0,0.0,0.6724137931034483
37,8,62,0.0,-0.3225806451612903,0.43548387096774194
37,9,66,0.0,0.0,0.3939393939393939
37,10,71,0.0,-0.056338028169014086,0.3380281690140845
37,11,68,0.0,-0.17647058823529413,0.17647058823529413
37,12,54,0.0,0.0,0.2777777777777778
37,13,66,0.0,-0.6666666666666666,0.6666666666666666
37,14,60,0.0,0.0,0.3
37,15,54,0.0,0.0,0.2777777777777778
37,16,71,0.0,0.0,0.15492957746478872
37,17,60,0.0,-0.03333333333333333,0.6
37,18,66,0.2727272727272727,0.25757575757575757,0.0
37,19,52,0.6346153846153846,0.34615384615384615,0.15384615384615385
37,20,92,0.010869565217391304,0.010869565217391304,0.021739130434782608
37,21,55,0.7272727272727273,0.7272727272727273,0.1454545454545454
37,22,57,0.08771929824561403,0.08771929824561403,0.017543859649122806
37,23,46,0.06521739130434782,0.06521739130434782,0.13043478260869568
37,24,48,0.10416666666666667,0.10416666666666667,0.02083333333333333
37,25,81,0.20987654320987653,0.20987654320987653,0.012345679012345678
37,26,73,0.8082191780821918,0.136986301369863,0.1917808219178082
38,0,51,0.0,-0.45098039215686275,0.9215686274509803
38,1,45,0.0,-0.5333333333333333,0.5333333333333333
38,2,51,0.0,0.0,0.5882352941176471
38,3,54,0.0,0.0,0.2037037037037037
38,4,49,0.0,0.0,0.3469387755102041
38,5,53,0.0,0.0,0.39622641509433965
38,6,52,0.0,0.0,0.09615384615384616
38,7,58,0.0,0.0,0.6724137931034483
38,8,62,0.0,-0.3225806451612903,0.43548387096774194
38,9,66,0.0,0.0,0.3939393939393939
38,10,71,0.0,-0.056338028169014086,0.3380281690140845
38,11,68,0.0,-0.17647058823529413,0.17647058823529413
38,12,54,0.0,0.0,0.2777777777777778
38,13,66,0.0,-0.6666666666666666,0.6666666666666666
38,14,60,0.0,0.0,0.3
38,15,54,0.0,0.0,0.2777777777777778
38,16,71,0.0,0.0,0.15492957746478872
38,17,60,0.0,-0.03333333333333333,0.6
38,18,66,0.25757575757575757,0.24242424242424243,0.015151515151515138
38,19,52,0.6346153846153846,0.34615384615384615,0.15384615384615385
38,20,92,0.010869565217391304,0.010869565217391304,0.021739130434782608
38,21,55,0.8181818181818182,0.8181818181818182,0.05454545454545445
38,22,57,0.07017543859649122,0.07017543859649122,0.03508771929824561
38,23,46,0.1956521739130435,0.1956521739130435,0.0
38,24,48,0.125,0.125,0.0
38,25,81,0.19753086419753085,0.19753086419753085,0.024691358024691357
38,26,73,0.7534246575342466,0.0821917808219178,0.2465753424657534
39,0,51,0.0,-0.45098039215686275,0.9215686274509803
39,1,45,0.0,-0.5333333333333333,0.5333333333333333
39,2,51,0.0,0.0,0.5882352941176471
39,3,54,0.0,0.0,0.2037037037037037
39,4,49,0.0,0.0,0.3469387755102041
39,5,53,0.0,0.0,0.39622641509433965
39,6,52,0.0,0.0,0.09615384615384616
39,7,58,0.0,0.0,0.6724137931034483
39,8,62,0.0,-0.3225806451612903,0.43548387096774194
39,9,66,0.0,0.0,0.3939393939393939
39,10,71,0.0,-0.056338028169014086,0.3380281690140845
39,11,68,0.0,-0.17647058823529413,0.17647058823529413
39,12,54,0.0,0.0,0.2777777777777778
39,13,66,0.0,-0.6666666666666666,0.6666666666666666
39,14,60,0.0,0.0,0.3
39,15,54,0.0,0.0,0.2777777777777778
39,16,71,0.0,0.0,0.15492957746478872
39,17,60,0.0,-0.03333333333333333,0.6
39,18,66,0.25757575757575757,0.24242424242424243,0.015151515151515138
39,19,52,0.6730769230769231,0.3846153846153847,0.11538461538461531
39,20,92,0.010869565217391304,0.010869565217391304,0.021739130434782608
39,21,55,0.6909090909090909,0.6909090909090909,0.18181818181818177
39,22,57,0.08771929824561403,0.08771929824561403,0.017543859649122806
39,23,46,0.10869565217391304,0.10869565217391304,0.08695652173913045
39,24,48,0.10416666666666667,0.10416666666666667,0.02083333333333333
39,25,81,0.24691358024691357,0.24691358024691357,0.0
39,26,73,0.8082191780821918,0.136986301369863,0.1917808219178082
40,0,51,0.0,-0.45098039215686275,0.9215686274509803
40,1,45,0.0,-0.5333333333333333,0.5333333333333333
40,2,51,0.0,0.0,0.5882352941176471
40,3,54,0.0,0.0,0.2037037037037037
40,4,49,0.0,0.0,0.3469387755102041
40,5,53,0.0,0.0,0.39622641509433965
40,6,52,0.0,0.0,0.09615384615384616
40,7,58,0.0,0.0,0.6724137931034483
40,8,62,0.0,-0.3225806451612903,0.43548387096774194
40,9,66,0.0,0.0,0.3939393939393939
40,10,71,0.0,-0.056338028169014086,0.3380281690140845
40,11,68,0.0,-0.17647058823529413,0.17647058823529413
40,12,54,0.0,0.0,0.2777777777777778
40,13,66,0.0,-0.6666666666666666,0.6666666666666666
40,14,60,0.0,0.0,0.3
40,15,54,0.0,0.0,0.2777777777777778
40,16,71,0.0,0.0,0.15492957746478872
40,17,60,0.0,-0.03333333333333333,0.6
40,18,66,0.30303030303030304,0.2878787878787879,0.0
40,19,52,0.6538461538461539,0.3653846153846154,0.13461538461538458
40,20,92,0.021739130434782608,0.021739130434782608,0.010869565217391304
40,21,55,0.8363636363636363,0.8363636363636363,0.036363636363636376
40,22,57,0.08771929824561403,0.08771929824561403,0.017543859649122806
40,23,46,0.17391304347826086,0.17391304347826086,0.021739130434782622
40,24,48,0.10416666666666667,0.10416666666666667,0.02083333333333333
40,25,81,0.19753086419753085,0.19753086419753085,0.04938271604938271
40,26,73,0.8082191780821918,0.136986301369863,0.1917808219178082
41,0,51,0.0,-0.45098039215686275,0.9215686274509803
41,1,45,0.0,-0.5333333333333333,0.5333333333333333
41,2,51,0.0,0.0,0.5882352941176471
41,3,54,0.0,0.0,0.2037037037037037
41,4,49,0.0,0.0,0.3469387755102041
41,5,53,0.0,0.0,0.39622641509433965
41,6,52,0.0,0.0,0.09615384615384616
41,7,58,0.0,0.0,0.6724137931034483
41,8,62,0.0,-0.3225806451612903,0.43548387096774194
41,9,66,0.0,0.0,0.3939393939393939
41,10,71,0.0,-0.056338028169014086,0.3380281690140845
41,11,68,0.0,-0.17647058823529413,0.17647058823529413
41,12,54,0.0,0.0,0.2777777777777778
41,13,66,0.0,-0.6666666666666666,0.6666666666666666
41,14,60,0.0,0.0,0.3
41,15,54,0.0,0.0,0.2777777777777778
41,16,71,0.0,0.0,0.15492957746478872
41,17,60,0.0,-0.03333333333333333,0.6
41,18,66,0.2727272727272727,0.25757575757575757,0.03030303030303033
41,19,52,0.6153846153846154,0.326923076923077,0.17307692307692302
41,20,92,0.0,0.0,0.03260869565217391
41,21,55,0.7636363636363637,0.7636363636363637,0.10909090909090902
41,22,57,0.07017543859649122,0.07017543859649122,0.03508771929824561
41,23,46,0.17391304347826086,0.17391304347826086,0.021739130434782622
41,24,48,0.10416666666666667,0.10416666666666667,0.02083333333333333
41,25,81,0.2222222222222222,0.2222222222222222,0.024691358024691357
41,26,73,0.821917808219178,0.15068493150684925,0.17808219178082196
42,0,51,0.0,-0.45098039215686275,0.9215686274509803
42,1,45,0.0,-0.5333333333333333,0.5333333333333333
42,2,51,0.0,0.0,0.5882352941176471
42,3,54,0.0,0.0,0.2037037037037037
42,4,49,0.0,0.0,0.3469387755102041
42,5,53,0.0,0.0,0.39622641509433965
42,6,52,0.0,0.0,0.09615384615384616
42,7,58,0.0,0.0,0.6724137931034483
42,8,62,0.0,-0.3225806451612903,0.43548387096774194
42,9,66,0.0,0.0,0.3939393939393939
42,10,71,0.0,-0.056338028169014086,0.3380281690140845
42,11,68,0.0,-0.17647058823529413,0.17647058823529413
42,12,54,0.0,0.0,0.2777777777777778
42,13,66,0.0,-0.6666666666666666,0.6666666666666666
42,14,60,0.0,0.0,0.3
42,15,54,0.0,0.0,0.2777777777777778
42,16,71,0.0,0.0,0.15492957746478872
42,17,60,0.0,-0.03333333333333333,0.6
42,18,66,0.24242424242424243,0.2272727272727273,0.06060606060606061
42,19,52,0.7307692307692307,0.4423076923076923,0.05769230769230771
42,20,92,0.021739130434782608,0.021739130434782608,0.010869565217391304
42,21,55,0.7636363636363637,0.7636363636363637,0.10909090909090902
42,22,57,0.10526315789473684,0.10526315789473684,0.0
42,23,46,0.1956521739130435,0.1956521739130435,0.0
42,24,48,0.1875,0.1875,0.0
42,25,81,0.20987654320987653,0.20987654320987653,0.037037037037037035
42,26,73,0.726027397260274,0.0547945205479452,0.273972602739726
43,0,51,0.0,-0.45098039215686275,0.9215686274509803
43,1,45,0.0,-0.5333333333333333,0.5333333333333333
43,2,51,0.0,0.0,0.5882352941176471
43,3,54,0.0,0.0,0.2037037037037037
43,4,49,0.0,0.0,0.3469387755102041
43,5,53,0.0,0.0,0.39622641509433965
43,6,52,0.0,0.0,0.09615384615384616
43,7,58,0.0,0.0,0.6724137931034483
43,8,62,0.0,-0.3225806451612903,0.43548387096774194
43,9,66,0.0,0.0,0.3939393939393939
43,10,71,0.0,-0.056338028169014086,0.3380281690140845
43,11,68,0.0,-0.17647058823529413,0.17647058823529413
43,12,54,0.0,0.0,0.2777777777777778
43,13,66,0.0,-0.6666666666666666,0.6666666666666666
43,14,60,0.0,0.0,0.3
43,15,54,0.0,0.0,0.2777777777777778
43,16,71,0.0,0.0,0.15492957746478872
43,17,60,0.0,-0.03333333333333333,0.6
43,18,66,0.2727272727272727,0.25757575757575757,0.03030303030303033
43,19,52,0.6346153846153846,0.34615384615384615,0.15384615384615385
43,20,92,0.021739130434782608,0.021739130434782608,0.010869565217391304
43,21,55,0.8,0.8,0.07272727272727264
43,22,57,0.10526315789473684,0.10526315789473684,0.0
43,23,46,0.10869565217391304,0.10869565217391304,0.08695652173913045
43,24,48,0.10416666666666667,0.10416666666666667,0.08333333333333333
43,25,81,0.19753086419753085,0.19753086419753085,0.04938271604938271
43,26,73,0.821917808219178,0.15068493150684925,0.17808219178082196
44,0,51,0.0,-0.45098039215686275,0.9215686274509803
44,1,45,0.0,-0.5333333333333333,0.5333333333333333
44,2,51,0.0,0.0,0.5882352941176471
44,3,54,0.0,0.0,0.2037037037037037
44,4,49,0.0,0.0,0.3469387755102041
44,5,53,0.0,0.0,0.39622641509433965
44,6,52,0.0,0.0,0.09615384615384616
44,7,58,0.0,0.0,0.6724137931034483
44,8,62,0.0,-0.3225806451612903,0.43548387096774194
44,9,66,0.0,0.0,0.3939393939393939
44,10,71,0.0,-0.056338028169014086,0.3380281690140845
44,11,68,0.0,-0.17647058823529413,0.17647058823529413
44,12,54,0.0,0.0,0.2777777777777778
44,13,66,0.0,-0.6666666666666666,0.6666666666666666
44,14,60,0.0,0.0,0.3
44,15,54,0.0,0.0,0.2777777777777778
44,16,71,0.0,0.0,0.15492957746478872
44,17,60,0.0,-0.03333333333333333,0.6
44,18,66,0.25757575757575757,0.24242424242424243,0.04545454545454547
44,19,52,0.6923076923076923,0.40384615384615385,0.09615384615384615
44,20,92,0.03260869565217391,0.03260869565217391,0.0
44,21,55,0.7818181818181819,0.7818181818181819,0.09090909090909083
44,22,57,0.08771929824561403,0.08771929824561403,0.017543859649122806
44,23,46,0.1956521739130435,0.1956521739130435,0.0
44,24,48,0.20833333333333334,0.20833333333333334,0.0
44,25,81,0.2839506172839506,0.2839506172839506,0.0
44,26,73,0.6986301369863014,0.0273972602739726,0.3013698630136986
45,0,51,0.0,-0.45098039215686275,0.9215686274509803
45,1,45,0.0,-0.5333333333333333,0.5333333333333333
45,2,51,0.0,0.0,0.5882352941176471
45,3,54,0.0,0.0,0.2037037037037037
45,4,49,0.0,0.0,0.3469387755102041
45,5,53,0.0,0.0,0.39622641509433965
45,6,52,0.0,0.0,0.09615384615384616
45,7,58,0.0,0.0,0.6724137931034483
45,8,62,0.0,-0.3225806451612903,0.43548387096774194
45,9,66,0.0,0.0,0.3939393939393939
45,10,71,0.0,-0.056338028169014086,0.3380281690140845
45,11,68,0.0,-0.17647058823529413,0.17647058823529413
45,12,54,0.0,0.0,0.2777777777777778
45,13,66,0.0,-0.6666666666666666,0.6666666666666666
45,14,60,0.0,0.0,0.3
45,15,54,0.0,0.0,0.2777777777777778
45,16,71,0.0,0.0,0.15492957746478872
45,17,60,0.0,-0.03333333333333333,0.6
45,18,66,0.22727272727272727,0.2121212121212121,0.07575757575757577
45,19,52,0.7115384615384616,0.42307692307692313,0.07692307692307687
45,20,92,0.010869565217391304,0.010869565217391304,0.021739130434782608
45,21,55,0.8363636363636363,0.8363636363636363,0.036363636363636376
45,22,57,0.08771929824561403,0.08771929824561403,0.017543859649122806
45,23,46,0.08695652173913043,0.08695652173913043,0.10869565217391305
45,24,48,0.10416666666666667,0.10416666666666667,0.10416666666666667
45,25,81,0.2345679012345679,0.2345679012345679,0.04938271604938271
45,26,73,0.8356164383561644,0.1643835616438356,0.1643835616438356
46,0,51,0.0,-0.45098039215686275,0.9215686274509803
46,1,45,0.0,-0.5333333333333333,0.5333333333333333
46,2,51,0.0,0.0,0.5882352941176471
46,3,54,0.0,0.0,0.2037037037037037
46,4,49,0.0,0.0,0.3469387755102041
46,5,53,0.0,0.0,0.39622641509433965
46,6,52,0.0,0.0,0.09615384615384616
46,7,58,0.0,0.0,0.6724137931034483
46,8,62,0.0,-0.3225806451612903,0.43548387096774194
46,9,66,0.0,0.0,0.3939393939393939
46,10,71,0.0,-0.056338028169014086,0.3380281690140845
46,11,68,0.0,-0.17647058823529413,0.17647058823529413
46,12,54,0.0,0.0,0.2777777777777778
46,13,66,0.0,-0.6666666666666666,0.6666666666666666
46,14,60,0.0,0.0,0.3
46,15,54,0.0,0.0,0.2777777777777778
46,16,71,0.0,0.0,0.15492957746478872
46,17,60,0.0,-0.03333333333333333,0.6
46,18,66,0.25757575757575757,0.24242424242424243,0.04545454545454547
46,19,52,0.6730769230769231,0.3846153846153847,0.11538461538461531
46,20,92,0.03260869565217391,0.03260869565217391,0.0
46,21,55,0.7454545454545455,0.7454545454545455,0.1272727272727272
46,22,57,0.10526315789473684,0.10526315789473684,0.0
46,23,46,0.1956521739130435,0.1956521739130435,0.0
46,24,48,0.16666666666666666,0.16666666666666666,0.041666666666666685
46,25,81,0.25925925925925924,0.25925925925925924,0.024691358024691357
46,26,73,0.7808219178082192,0.1095890410958904,0.2191780821917808
47,0,51,0.0,-0.45098039215686275,0.9215686274509803
47,1,45,0.0,-0.5333333333333333,0.5333333333333333
47,2,51,0.0,0.0,0.5882352941176471
47,3,54,0.0,0.0,0.2037037037037037
47,4,49,0.0,0.0,0.3469387755102041
47,5,53,0.0,0.0,0.39622641509433965
47,6,52,0.0,0.0,0.09615384615384616
47,7,58,0.0,0.0,0.6724137931034483
47,8,62,0.0,-0.3225806451612903,0.43548387096774194
47,9,66,0.0,0.0,0.3939393939393939
47,10,71,0.0,-0.056338028169014086,0.3380281690140845
47,11,68,0.0,-0.17647058823529413,0.17647058823529413
47,12,54,0.0,0.0,0.2777777777777778
47,13,66,0.0,-0.6666666666666666,0.6666666666666666
47,14,60,0.0,0.0,0.3
47,15,54,0.0,0.0,0.2777777777777778
47,16,71,0.0,0.0,0.15492957746478872
47,17,60,0.0,-0.03333333333333333,0.6
47,18,66,0.25757575757575757,0.24242424242424243,0.04545454545454547
47,19,52,0.6730769230769231,0.3846153846153847,0.11538461538461531
47,20,92,0.03260869565217391,0.03260869565217391,0.0
47,21,55,0.8,0.8,0.07272727272727264
47,22,57,0.17543859649122806,0.17543859649122806,0.0
47,23,46,0.17391304347826086,0.17391304347826086,0.021739130434782622
47,24,48,0.20833333333333334,0.20833333333333334,0.0
47,25,81,0.25925925925925924,0.25925925925925924,0.024691358024691357
47,26,73,0.7671232876712328,0.09589041095890405,0.23287671232876717
48,0,51,0.0,-0.45098039215686275,0.9215686274509803
48,1,45,0.0,-0.5333333333333333,0.5333333333333333
48,2,51,0.0,0.0,0.5882352941176471
48,3,54,0.0,0.0,0.2037037037037037
48,4,49,0.0,0.0,0.3469387755102041
48,5,53,0.0,0.0,0.39622641509433965
48,6,52,0.0,0.0,0.09615384615384616
48,7,58,0.0,0.0,0.6724137931034483
48,8,62,0.0,-0.3225806451612903,0.43548387096774194
48,9,66,0.0,0.0,0.3939393939393939
48,10,71,0.0,-0.056338028169014086,0.3380281690140845
48,11,68,0.0,-0.17647058823529413,0.17647058823529413
48,12,54,0.0,0.0,0.2777777777777778
48,13,66,0.0,-0.6666666666666666,0.6666666666666666
48,14,60,0.0,0.0,0.3
48,15,54,0.0,0.0,0.2777777777777778
48,16,71,0.0,0.0,0.15492957746478872
48,17,60,0.0,-0.03333333333333333,0.6
48,18,66,0.25757575757575757,0.24242424242424243,0.04545454545454547
48,19,52,0.6538461538461539,0.3653846153846154,0.13461538461538458
48,20,92,0.03260869565217391,0.03260869565217391,0.0
48,21,55,0.8727272727272727,0.8727272727272727,0.0
48,22,57,0.14035087719298245,0.14035087719298245,0.03508771929824561
48,23,46,0.08695652173913043,0.08695652173913043,0.10869565217391305
48,24,48,0.10416666666666667,0.10416666666666667,0.10416666666666667
48,25,81,0.20987654320987653,0.20987654320987653,0.07407407407407407
48,26,73,0.8356164383561644,0.1643835616438356,0.1643835616438356
49,0,51,0.0,-0.45098039215686275,0.9215686274509803
49,1,45,0.0,-0.5333333333333333,0.5333333333333333
49,2,51,0.0,0.0,0.5882352941176471
49,3,54,0.0,0.0,0.2037037037037037
49,4,49,0.0,0.0,0.3469387755102041
49,5,53,0.0,0.0,0.39622641509433965
49,6,52,0.0,0.0,0.09615384615384616
49,7,58,0.0,0.0,0.6724137931034483
49,8,62,0.0,-0.3225806451612903,0.43548387096774194
49,9,66,0.0,0.0,0.3939393939393939
49,10,71,0.0,-0.056338028169014086,0.3380281690140845
49,11,68,0.0,-0.17647058823529413,0.17647058823529413
49,12,54,0.0,0.0,0.2777777777777778
49,13,66,0.0,-0.6666666666666666,0.6666666666666666
49,14,60,0.0,0.0,0.3
49,15,54,0.0,0.0,0.2777777777777778
49,16,71,0.0,0.0,0.15492957746478872
49,17,60,0.0,-0.03333333333333333,0.6
49,18,66,0.25757575757575757,0.24242424242424243,0.04545454545454547
49,19,52,0.6153846153846154,0.326923076923077,0.17307692307692302
49,20,92,0.03260869565217391,0.03260869565217391,0.0
49,21,55,0.7090909090909091,0.7090909090909091,0.16363636363636358
49,22,57,0.14035087719298245,0.14035087719298245,0.03508771929824561
49,23,46,0.15217391304347827,0.15217391304347827,0.043478260869565216
49,24,48,0.125,0.125,0.08333333333333334
49,25,81,0.2962962962962963,0.2962962962962963,0.0
49,26,73,0.821917808219178,0.15068493150684925,0.17808219178082196
50,0,51,0.0,-0.45098039215686275,0.9215686274509803
50,1,45,0.0,-0.5333333333333333,0.5333333333333333
50,2,51,0.0,0.0,0.5882352941176471
50,3,54,0.0,0.0,0.2037037037037037
50,4,49,0.0,0.0,0.3469387755102041
50,5,53,0.0,0.0,0.39622641509433965
50,6,52,0.0,0.0,0.09615384615384616
50,7,58,0.0,0.0,0.6724137931034483
50,8,62,0.0,-0.3225806451612903,0.43548387096774194
50,9,66,0.0,0.0,0.3939393939393939
50,10,71,0.0,-0.056338028169014086,0.3380281690140845
50,11,68,0.0,-0.17647058823529413,0.17647058823529413
50,12,54,0.0,0.0,0.2777777777777778
50,13,66,0.0,-0.6666666666666666,0.6666666666666666
50,14,60,0.0,0.0,0.3
50,15,54,0.0,0.0,0.2777777777777778
50,16,71,0.0,0.0,0.15492957746478872
50,17,60,0.0,-0.03333333333333333,0.6
50,18,66,0.24242424242424243,0.2272727272727273,0.06060606060606061
50,19,52,0.7115384615384616,0.42307692307692313,0.07692307692307687
50,20,92,0.021739130434782608,0.021739130434782608,0.010869565217391304
50,21,55,0.7454545454545455,0.7454545454545455,0.1272727272727272
50,22,57,0.12280701754385964,0.12280701754385964,0.05263157894736842
50,23,46,0.2391304347826087,0.2391304347826087,0.0
50,24,48,0.08333333333333333,0.08333333333333333,0.125
50,25,81,0.2222222222222222,0.2222222222222222,0.07407407407407407
50,26,73,0.821917808219178,0.15068493150684925,0.17808219178082196
51,0,51,0.0,-0.45098039215686275,0.9215686274509803
51,1,45,0.0,-0.5333333333333333,0.5333333333333333
51,2,51,0.0,0.0,0.5882352941176471
51,3,54,0.0,0.0,0.2037037037037037
51,4,49,0.0,0.0,0.3469387755102041
51,5,53,0.0,0.0,0.39622641509433965
51,6,52,0.0,0.0,0.09615384615384616
51,7,58,0.0,0.0,0.6724137931034483
51,8,62,0.0,-0.3225806451612903,0.43548387096774194
51,9,66,0.0,0.0,0.3939393939393939
51,10,71,0.0,-0.056338028169014086,0.3380281690140845
51,11,68,0.0,-0.17647058823529413,0.17647058823529413
51,12,54,0.0,0.0,0.2777777777777778
51,13,66,0.0,-0.6666666666666666,0.6666666666666666
51,14,60,0.0,0.0,0.3
51,15,54,0.0,0.0,0.2777777777777778
51,16,71,0.0,0.0,0.15492957746478872
51,17,60,0.0,-0.03333333333333333,0.6
51,18,66,0.2727272727272727,0.25757575757575757,0.03030303030303033
51,19,52,0.6153846153846154,0.326923076923077,0.17307692307692302
51,20,92,0.03260869565217391,0.03260869565217391,0.0
51,21,55,0.7818181818181819,0.7818181818181819,0.09090909090909083
51,22,57,0.17543859649122806,0.17543859649122806,0.0
51,23,46,0.08695652173913043,0.08695652173913043,0.15217391304347827
51,24,48,0.14583333333333334,0.14583333333333334,0.0625
51,25,81,0.2839506172839506,0.2839506172839506,0.012345679012345678
51,26,73,0.821917808219178,0.15068493150684925,0.17808219178082196
52,0,51,0.0,-0.45098039215686275,0.9215686274509803
52,1,45,0.0,-0.5333333333333333,0.5333333333333333
52,2,51,0.0,0.0,0.5882352941176471
52,3,54,0.0,0.0,0.2037037037037037
52,4,49,0.0,0.0,0.3469387755102041
52,5,53,0.0,0.0,0.39622641509433965
52,6,52,0.0,0.0,0.09615384615384616
52,7,58,0.0,0.0,0.6724137931034483
52,8,62,0.0,-0.3225806451612903,0.43548387096774194
52,9,66,0.0,0.0,0.3939393939393939
52,10,71,0.0,-0.056338028169014086,0.3380281690140845
52,11,68,0.0,-0.17647058823529413,0.17647058823529413
52,12,54,0.0,0.0,0.2777777777777778
52,13,66,0.0,-0.6666666666666666,0.6666666666666666
52,14,60,0.0,0.0,0.3
52,15,54,0.0,0.0,0.2777777777777778
52,16,71,0.0,0.0,0.15492957746478872
52,17,60,0.0,-0.03333333333333333,0.6
52,18,66,0.22727272727272727,0.2121212121212121,0.07575757575757577
52,19,52,0.6538461538461539,0.3653846153846154,0.13461538461538458
52,20,92,0.043478260869565216,0.043478260869565216,0.0
52,21,55,0.7818181818181819,0.7818181818181819,0.09090909090909083
52,22,57,0.17543859649122806,0.17543859649122806,0.0
52,23,46,0.1956521739130435,0.1956521739130435,0.043478260869565216
52,24,48,0.20833333333333334,0.20833333333333334,0.0
52,25,81,0.30864197530864196,0.30864197530864196,0.0
52,26,73,0.7671232876712328,0.09589041095890405,0.23287671232876717
53,0,51,0.0,-0.45098039215686275,0.9215686274509803
53,1,45,0.0,-0.5333333333333333,0.5333333333333333
53,2,51,0.0,0.0,0.5882352941176471
53,3,54,0.0,0.0,0.2037037037037037
53,4,49,0.0,0.0,0.3469387755102041
53,5,53,0.0,0.0,0.39622641509433965
53,6,52,0.0,0.0,0.09615384615384616
53,7,58,0.0,0.0,0.6724137931034483
53,8,62,0.0,-0.3225806451612903,0.43548387096774194
53,9,66,0.0,0.0,0.3939393939393939
53,10,71,0.0,-0.056338028169014086,0.3380281690140845
53,11,68,0.0,-0.17647058823529413,0.17647058823529413
53,12,54,0.0,0.0,0.2777777777777778
53,13,66,0.0,-0.6666666666666666,0.6666666666666666
53,14,60,0.0,0.0,0.3
53,15,54,0.0,0.0,0.2777777777777778
53,16,71,0.0,0.0,0.15492957746478872
53,17,60,0.0,-0.03333333333333333,0.6
53,18,66,0.22727272727272727,0.2121212121212121,0.07575757575757577
53,19,52,0.6923076923076923,0.40384615384615385,0.09615384615384615
53,20,92,0.043478260869565216,0.043478260869565216,0.0
53,21,55,0.7454545454545455,0.7454545454545455,0.1272727272727272
53,22,57,0.14035087719298245,0.14035087719298245,0.03508771929824561
53,23,46,0.08695652173913043,0.08695652173913043,0.15217391304347827
53,24,48,0.125,0.125,0.08333333333333334
53,25,81,0.30864197530864196,0.30864197530864196,0.0
53,26,73,0.8082191780821918,0.136986301369863,0.1917808219178082
54,0,51,0.0,-0.45098039215686275,0.9215686274509803
54,1,45,0.0,-0.5333333333333333,0.5333333333333333
54,2,51,0.0,0.0,0.5882352941176471
54,3,54,0.0,0.0,0.2037037037037037
54,4,49,0.0,0.0,0.3469387755102041
54,5,53,0.0,0.0,0.39622641509433965
54,6,52,0.0,0.0,0.09615384615384616
54,7,58,0.0,0.0,0.6724137931034483
54,8,62,0.0,-0.3225806451612903,0.43548387096774194
54,9,66,0.0,0.0,0.3939393939393939
54,10,71,0.0,-0.056338028169014086,0.3380281690140845
54,11,68,0.0,-0.17647058823529413,0.17647058823529413
54,12,54,0.0,0.0,0.2777777777777778
54,13,66,0.0,-0.6666666666666666,0.6666666666666666
54,14,60,0.0,0.0,0.3
54,15,54,0.0,0.0,0.2777777777777778
54,16,71,0.0,0.0,0.15492957746478872
54,17,60,0.0,-0.03333333333333333,0.6
54,18,66,0.19696969696969696,0.18181818181818182,0.10606060606060608
54,19,52,0.8076923076923077,0.5192307692307693,0.0
54,20,92,0.043478260869565216,0.043478260869565216,0.0
54,21,55,0.7636363636363637,0.7636363636363637,0.10909090909090902
54,22,57,0.14035087719298245,0.14035087719298245,0.03508771929824561
54,23,46,0.1956521739130435,0.1956521739130435,0.043478260869565216
54,24,48,0.20833333333333334,0.20833333333333334,0.0
54,25,81,0.1728395061728395,0.1728395061728395,0.13580246913580246
54,26,73,0.821917808219178,0.15068493150684925,0.17808219178082196
55,0,51,0.0,-0.45098039215686275,0.9215686274509803
55,1,45,0.0,-0.5333333333333333,0.5333333333333333
55,2,51,0.0,0.0,0.5882352941176471
55,3,54,0.0,0.0,0.2037037037037037
55,4,49,0.0,0.0,0.3469387755102041
55,5,53,0.0,0.0,0.39622641509433965
55,6,52,0.0,0.0,0.09615384615384616
55,7,58,0.0,0.0,0.6724137931034483
55,8,62,0.0,-0.3225806451612903,0.43548387096774194
55,9,66,0.0,0.0,0.3939393939393939
55,10,71,0.0,-0.056338028169014086,0.3380281690140845
55,11,68,0.0,-0.17647058823529413,0.17647058823529413
55,12,54,0.0,0.0,0.2777777777777778
55,13,66,0.0,-0.6666666666666666,0.6666666666666666
55,14,60,0.0,0.0,0.3
55,15,54,0.0,0.0,0.2777777777777778
55,16,71,0.0,0.0,0.15492957746478872
55,17,60,0.0,-0.03333333333333333,0.6
55,18,66,0.18181818181818182,0.16666666666666669,0.12121212121212122
55,19,52,0.7115384615384616,0.42307692307692313,0.09615384615384615
55,20,92,0.06521739130434782,0.06521739130434782,0.0
55,21,55,0.6181818181818182,0.6181818181818182,0.2545454545454545
55,22,57,0.14035087719298245,0.14035087719298245,0.03508771929824561
55,23,46,0.06521739130434782,0.06521739130434782,0.17391304347826086
55,24,48,0.1875,0.1875,0.020833333333333343
55,25,81,0.32098765432098764,0.32098765432098764,0.0
55,26,73,0.8082191780821918,0.136986301369863,0.1917808219178082
56,0,51,0.0,-0.45098039215686275,0.9215686274509803
56,1,45,0.0,-0.5333333333333333,0.5333333333333333
56,2,51,0.0,0.0,0.5882352941176471
56,3,54,0.0,0.0,0.2037037037037037
56,4,49,0.0,0.0,0.3469387755102041
56,5,53,0.0,0.0,0.39622641509433965
56,6,52,0.0,0.0,0.09615384615384616
56,7,58,0.0,0.0,0.6724137931034483
56,8,62,0.0,-0.3225806451612903,0.43548387096774194
56,9,66,0.0,0.0,0.3939393939393939
56,10,71,0.0,-0.056338028169014086,0.3380281690140845
56,11,68,0.0,-0.17647058823529413,0.17647058823529413
56,12,54,0.0,0.0,0.2777777777777778
56,13,66,0.0,-0.6666666666666666,0.6666666666666666
56,14,60,0.0,0.0,0.3
56,15,54,0.0,0.0,0.2777777777777778
56,16,71,0.0,0.0,0.15492957746478872
56,17,60,0.0,-0.03333333333333333,0.6
56,18,66,0.22727272727272727,0.2121212121212121,0.07575757575757577
56,19,52,0.6346153846153846,0.34615384615384615,0.17307692307692313
56,20,92,0.043478260869565216,0.043478260869565216,0.021739130434782608
56,21,55,0.7636363636363637,0.7636363636363637,0.10909090909090902
56,22,57,0.14035087719298245,0.14035087719298245,0.03508771929824561
56,23,46,0.2391304347826087,0.2391304347826087,0.0
56,24,48,0.1875,0.1875,0.020833333333333343
56,25,81,0.32098765432098764,0.32098765432098764,0.0
56,26,73,0.7945205479452054,0.12328767123287665,0.20547945205479456
57,0,51,0.0,-0.45098039215686275,0.9215686274509803
57,1,45,0.0,-0.5333333333333333,0.5333333333333333
57,2,51,0.0,0.0,0.5882352941176471
57,3,54,0.0,0.0,0.2037037037037037
57,4,49,0.0,0.0,0.3469387755102041
57,5,53,0.0,0.0,0.39622641509433965
57,6,52,0.0,0.0,0.09615384615384616
57,7,58,0.0,0.0,0.6724137931034483
57,8,62,0.0,-0.3225806451612903,0.43548387096774194
57,9,66,0.0,0.0,0.3939393939393939
57,10,71,0.0,-0.056338028169014086,0.3380281690140845
57,11,68,0.0,-0.17647058823529413,0.17647058823529413
57,12,54,0.0,0.0,0.2777777777777778
57,13,66,0.0,-0.6666666666666666,0.6666666666666666
57,14,60,0.0,0.0,0.3
57,15,54,0.0,0.0,0.2777777777777778
57,16,71,0.0,0.0,0.15492957746478872
57,17,60,0.0,-0.03333333333333333,0.6
57,18,66,0.18181818181818182,0.16666666666666669,0.12121212121212122
57,19,52,0.6923076923076923,0.40384615384615385,0.11538461538461542
57,20,92,0.05434782608695652,0.05434782608695652,0.010869565217391304
57,21,55,0.6545454545454545,0.6545454545454545,0.21818181818181814
57,22,57,0.22807017543859648,0.22807017543859648,0.0
57,23,46,0.06521739130434782,0.06521739130434782,0.17391304347826086
57,24,48,0.16666666666666666,0.16666666666666666,0.041666666666666685
57,25,81,0.345679012345679,0.345679012345679,0.0
57,26,73,0.8356164383561644,0.1643835616438356,0.1643835616438356
58,0,51,0.0,-0.45098039215686275,0.9215686274509803
58,1,45,0.0,-0.5333333333333333,0.5333333333333333
58,2,51,0.0,0.0,0.5882352941176471
58,3,54,0.0,0.0,0.2037037037037037
58,4,49,0.0,0.0,0.3469387755102041
58,5,53,0.0,0.0,0.39622641509433965
58,6,52,0.0,0.0,0.09615384615384616
58,7,58,0.0,0.0,0.6724137931034483
58,8,62,0.0,-0.3225806451612903,0.43548387096774194
58,9,66,0.0,0.0,0.3939393939393939
58,10,71,0.0,-0.056338028169014086,0.3380281690140845
58,11,68,0.0,-0.17647058823529413,0.17647058823529413
58,12,54,0.0,0.0,0.2777777777777778
58,13,66,0.0,-0.6666666666666666,0.6666666666666666
58,14,60,0.0,0.0,0.3
58,15,54,0.0,0.0,0.2777777777777778
58,16,71,0.0,0.0,0.15492957746478872
58,17,60,0.0,-0.03333333333333333,0.6
58,18,66,0.22727272727272727,0.2121212121212121,0.07575757575757577
58,19,52,0.6538461538461539,0.3653846153846154,0.15384615384615385
58,20,92,0.043478260869565216,0.043478260869565216,0.021739130434782608
58,21,55,0.6363636363636364,0.6363636363636364,0.23636363636363633
58,22,57,0.08771929824561403,0.08771929824561403,0.14035087719298245
58,23,46,0.21739130434782608,0.21739130434782608,0.021739130434782622
58,24,48,0.1875,0.1875,0.020833333333333343
58,25,81,0.32098765432098764,0.32098765432098764,0.024691358024691357
58,26,73,0.8082191780821918,0.136986301369863,0.1917808219178082
59,0,51,0.0,-0.45098039215686275,0.9215686274509803
59,1,45,0.0,-0.5333333333333333,0.5333333333333333
59,2,51,0.0,0.0,0.5882352941176471
59,3,54,0.0,0.0,0.2037037037037037
59,4,49,0.0,0.0,0.3469387755102041
59,5,53,0.0,0.0,0.39622641509433965
59,6,52,0.0,0.0,0.09615384615384616
59,7,58,0.0,0.0,0.6724137931034483
59,8,62,0.0,-0.3225806451612903,0.43548387096774194
59,9,66,0.0,0.0,0.3939393939393939
59,10,71,0.0,-0.056338028169014086,0.3380281690140845
59,11,68,0.0,-0.17647058823529413,0.17647058823529413
59,12,54,0.0,0.0,0.2777777777777778
59,13,66,0.0,-0.6666666666666666,0.6666666666666666
59,14,60,0.0,0.0,0.3
59,15,54,0.0,0.0,0.2777777777777778
59,16,71,0.0,0.0,0.15492957746478872
59,17,60,0.0,-0.03333333333333333,0.6
59,18,66,0.18181818181818182,0.16666666666666669,0.12121212121212122
59,19,52,0.6538461538461539,0.3653846153846154,0.15384615384615385
59,20,92,0.05434782608695652,0.05434782608695652,0.010869565217391304
59,21,55,0.7636363636363637,0.7636363636363637,0.10909090909090902
59,22,57,0.21052631578947367,0.21052631578947367,0.017543859649122806
59,23,46,0.021739130434782608,0.021739130434782608,0.2173913043478261
59,24,48,0.10416666666666667,0.10416666666666667,0.10416666666666667
59,25,81,0.30864197530864196,0.30864197530864196,0.037037037037037035
59,26,73,0.8356164383561644,0.1643835616438356,0.1643835616438356
60,0,51,0.0,-0.45098039215686275,0.9215686274509803
60,1,45,0.0,-0.5333333333333333,0.5333333333333333
60,2,51,0.0,0.0,0.5882352941176471
60,3,54,0.0,0.0,0.2037037037037037
60,4,49,0.0,0.0,0.3469387755102041
60,5,53,0.0,0.0,0.39622641509433965
60,6,52,0.0,0.0,0.09615384615384616
60,7,58,0.0,0.0,0.6724137931034483
60,8,62,0.0,-0.3225806451612903,0.43548387096774194
60,9,66,0.0,0.0,0.3939393939393939
60,10,71,0.0,-0.056338028169014086,0.3380281690140845
60,11,68,0.0,-0.17647058823529413,0.17647058823529413
60,12,54,0.0,0.0,0.2777777777777778
60,13,66,0.0,-0.6666666666666666,0.6666666666666666
60,14,60,0.0,0.0,0.3
60,15,54,0.0,0.0,0.2777777777777778
60,16,71,0.0,0.0,0.15492957746478872
60,17,60,0.0,-0.03333333333333333,0.6
60,18,66,0.19696969696969696,0.18181818181818182,0.10606060606060608
60,19,52,0.6346153846153846,0.34615384615384615,0.17307692307692313
60,20,92,0.06521739130434782,0.06521739130434782,0.0
60,21,55,0.7272727272727273,0.7272727272727273,0.1454545454545454
60,22,57,0.15789473684210525,0.15789473684210525,0.07017543859649122
60,23,46,0.1956521739130435,0.1956521739130435,0.043478260869565216
60,24,48,0.25,0.25,0.0
60,25,81,0.35802469135802467,0.35802469135802467,0.0
60,26,73,0.7945205479452054,0.12328767123287665,0.20547945205479456
61,0,51,0.0,-0.45098039215686275,0.9215686274509803
61,1,45,0.0,-0.5333333333333333,0.5333333333333333
61,2,51,0.0,0.0,0.5882352941176471
61,3,54,0.0,0.0,0.2037037037037037
61,4,49,0.0,0.0,0.3469387755102041
61,5,53,0.0,0.0,0.39622641509433965
61,6,52,0.0,0.0,0.09615384615384616
61,7,58,0.0,0.0,0.6724137931034483
61,8,62,0.0,-0.3225806451612903,0.43548387096774194
61,9,66,0.0,0.0,0.3939393939393939
61,10,71,0.0,-0.056338028169014086,0.3380281690140845
61,11,68,0.0,-0.17647058823529413,0.17647058823529413
61,12,54,0.0,0.0,0.2777777777777778
61,13,66,0.0,-0.6666666666666666,0.6666666666666666
61,14,60,0.0,0.0,0.3
61,15,54,0.0,0.0,0.2777777777777778
61,16,71,0.0,0.0,0.15492957746478872
61,17,60,0.0,-0.03333333333333333,0.6
61,18,66,0.21212121212121213,0.19696969696969696,0.09090909090909091
61,19,52,0.7307692307692307,0.4423076923076923,0.07692307692307698
61,20,92,0.043478260869565216,0.043478260869565216,0.021739130434782608
61,21,55,0.7454545454545455,0.7454545454545455,0.1272727272727272
61,22,57,0.2631578947368421,0.2631578947368421,0.0
61,23,46,0.08695652173913043,0.08695652173913043,0.15217391304347827
61,24,48,0.125,0.125,0.125
61,25,81,0.2962962962962963,0.2962962962962963,0.06172839506172839
61,26,73,0.8082191780821918,0.136986301369863,0.1917808219178082
62,0,51,0.0,-0.45098039215686275,0.9215686274509803
62,1,45,0.0,-0.5333333333333333,0.5333333333333333
62,2,51,0.0,0.0,0.5882352941176471
62,3,54,0.0,0.0,0.2037037037037037
62,4,49,0.0,0.0,0.3469387755102041
62,5,53,0.0,0.0,0.39622641509433965
62,6,52,0.0,0.0,0.09615384615384616
62,7,58,0.0,0.0,0.6724137931034483
62,8,62,0.0,-0.3225806451612903,0.43548387096774194
62,9,66,0.0,0.0,0.3939393939393939
62,10,71,0.0,-0.056338028169014086,0.3380281690140845
62,11,68,0.0,-0.17647058823529413,0.17647058823529413
62,12,54,0.0,0.0,0.2777777777777778
62,13,66,0.0,-0.6666666666666666,0.6666666666666666
62,14,60,0.0,0.0,0.3
62,15,54,0.0,0.0,0.2777777777777778
62,16,71,0.0,0.0,0.15492957746478872
62,17,60,0.0,-0.03333333333333333,0.6
62,18,66,0.22727272727272727,0.2121212121212121,0.07575757575757577
62,19,52,0.6538461538461539,0.3653846153846154,0.15384615384615385
62,20,92,0.06521739130434782,0.06521739130434782,0.0
62,21,55,0.7272727272727273,0.7272727272727273,0.1454545454545454
62,22,57,0.24561403508771928,0.24561403508771928,0.017543859649122806
62,23,46,0.15217391304347827,0.15217391304347827,0.08695652173913043
62,24,48,0.1875,0.1875,0.0625
62,25,81,0.345679012345679,0.345679012345679,0.012345679012345678
62,26,73,0.7671232876712328,0.09589041095890405,0.23287671232876717
63,0,51,0.0,-0.45098039215686275,0.9215686274509803
63,1,45,0.0,-0.5333333333333333,0.5333333333333333
63,2,51,0.0,0.0,0.5882352941176471
63,3,54,0.0,0.0,0.2037037037037037
63,4,49,0.0,0.0,0.3469387755102041
63,5,53,0.0,0.0,0.39622641509433965
63,6,52,0.0,0.0,0.09615384615384616
63,7,58,0.0,0.0,0.6724137931034483
63,8,62,0.0,-0.3225806451612903,0.43548387096774194
63,9,66,0.0,0.0,0.3939393939393939
63,10,71,0.0,-0.056338028169014086,0.3380281690140845
63,11,68,0.0,-0.17647058823529413,0.17647058823529413
63,12,54,0.0,0.0,0.2777777777777778
63,13,66,0.0,-0.6666666666666666,0.6666666666666666
63,14,60,0.0,0.0,0.3
63,15,54,0.0,0.0,0.2777777777777778
63,16,71,0.0,0.0,0.15492957746478872
63,17,60,0.0,-0.03333333333333333,0.6
63,18,66,0.21212121212121213,0.19696969696969696,0.09090909090909091
63,19,52,0.6346153846153846,0.34615384615384615,0.17307692307692313
63,20,92,0.05434782608695652,0.05434782608695652,0.010869565217391304
63,21,55,0.7636363636363637,0.7636363636363637,0.10909090909090902
63,22,57,0.22807017543859648,0.22807017543859648,0.03508771929824561
63,23,46,0.06521739130434782,0.06521739130434782,0.17391304347826086
63,24,48,0.10416666666666667,0.10416666666666667,0.14583333333333331
63,25,81,0.37037037037037035,0.37037037037037035,0.0
63,26,73,0.8356164383561644,0.1643835616438356,0.1643835616438356
64,0,51,0.0,-0.45098039215686275,0.9215686274509803
64,1,45,0.0,-0.5333333333333333,0.5333333333333333
64,2,51,0.0,0.0,0.5882352941176471
64,3,54,0.0,0.0,0.2037037037037037
64,4,49,0.0,0.0,0.3469387755102041
64,5,53,0.0,0.0,0.39622641509433965
64,6,52,0.0,0.0,0.09615384615384616
64,7,58,0.0,0.0,0.6724137931034483
64,8,62,0.0,-0.3225806451612903,0.43548387096774194
64,9,66,0.0,0.0,0.3939393939393939
64,10,71,0.0,-0.056338028169014086,0.3380281690140845
64,11,68,0.0,-0.17647058823529413,0.17647058823529413
64,12,54,0.0,0.0,0.2777777777777778
64,13,66,0.0,-0.6666666666666666,0.6666666666666666
64,14,60,0.0,0.0,0.3
64,15,54,0.0,0.0,0.2777777777777778
64,16,71,0.0,0.0,0.15492957746478872
64,17,60,0.0,-0.03333333333333333,0.6
64,18,66,0.18181818181818182,0.16666666666666669,0.12121212121212122
64,19,52,0.7307692307692307,0.4423076923076923,0.07692307692307698
64,20,92,0.08695652173913043,0.08695652173913043,0.0
64,21,55,0.6181818181818182,0.6181818181818182,0.2545454545454545
64,22,57,0.19298245614035087,0.19298245614035087,0.07017543859649122
64,23,46,0.17391304347826086,0.17391304347826086,0.06521739130434784
64,24,48,0.22916666666666666,0.22916666666666666,0.020833333333333343
64,25,81,0.2962962962962963,0.2962962962962963,0.07407407407407407
64,26,73,0.7671232876712328,0.09589041095890405,0.23287671232876717
65,0,51,0.0,-0.45098039215686275,0.9215686274509803
65,1,45,0.0,-0.5333333333333333,0.5333333333333333
65,2,51,0.0,0.0,0.5882352941176471
65,3,54,0.0,0.0,0.2037037037037037
65,4,49,0.0,0.0,0.3469387755102041
65,5,53,0.0,0.0,0.39622641509433965
65,6,52,0.0,0.0,0.09615384615384616
65,7,58,0.0,0.0,0.6724137931034483
65,8,62,0.0,-0.3225806451612903,0.43548387096774194
65,9,66,0.0,0.0,0.3939393939393939
65,10,71,0.0,-0.056338028169014086,0.3380281690140845
65,11,68,0.0,-0.17647058823529413,0.17647058823529413
65,12,54,0.0,0.0,0.2777777777777778
65,13,66,0.0,-0.6666666666666666,0.6666666666666666
65,14,60,0.0,0.0,0.3
65,15,54,0.0,0.0,0.2777777777777778
65,16,71,0.0,0.0,0.15492957746478872
65,17,60,0.0,-0.03333333333333333,0.6
65,18,66,0.18181818181818182,0.16666666666666669,0.12121212121212122
65,19,52,0.6346153846153846,0.34615384615384615,0.17307692307692313
65,20,92,0.05434782608695652,0.05434782608695652,0.03260869565217391
65,21,55,0.7454545454545455,0.7454545454545455,0.1272727272727272
65,22,57,0.21052631578947367,0.21052631578947367,0.05263157894736842
65,23,46,0.13043478260869565,0.13043478260869565,0.10869565217391305
65,24,48,0.125,0.125,0.125
65,25,81,0.32098765432098764,0.32098765432098764,0.04938271604938271
65,26,73,0.8082191780821918,0.136986301369863,0.1917808219178082
66,0,51,0.0,-0.45098039215686275,0.9215686274509803
66,1,45,0.0,-0.5333333333333333,0.5333333333333333
66,2,51,0.0,0.0,0.5882352941176471
66,3,54,0.0,0.0,0.2037037037037037
66,4,49,0.0,0.0,0.3469387755102041
66,5,53,0.0,0.0,0.39622641509433965
66,6,52,0.0,0.0,0.09615384615384616
66,7,58,0.0,0.0,0.6724137931034483
66,8,62,0.0,-0.3225806451612903,0.43548387096774194
66,9,66,0.0,0.0,0.3939393939393939
66,10,71,0.0,-0.056338028169014086,0.3380281690140845
66,11,68,0.0,-0.17647058823529413,0.17647058823529413
66,12,54,0.0,0.0,0.2777777777777778
66,13,66,0.0,-0.6666666666666666,0.6666666666666666
66,14,60,0.0,0.0,0.3
66,15,54,0.0,0.0,0.2777777777777778
66,16,71,0.0,0.0,0.15492957746478872
66,17,60,0.0,-0.03333333333333333,0.6
66,18,66,0.18181818181818182,0.16666666666666669,0.12121212121212122
66,19,52,0.6730769230769231,0.3846153846153847,0.13461538461538458
66,20,92,0.08695652173913043,0.08695652173913043,0.0
66,21,55,0.8,0.8,0.07272727272727264
66,22,57,0.22807017543859648,0.22807017543859648,0.03508771929824561
66,23,46,0.10869565217391304,0.10869565217391304,0.13043478260869568
66,24,48,0.1875,0.1875,0.0625
66,25,81,0.3333333333333333,0.3333333333333333,0.037037037037037035
66,26,73,0.821917808219178,0.15068493150684925,0.17808219178082196
67,0,51,0.0,-0.45098039215686275,0.9215686274509803
67,1,45,0.0,-0.5333333333333333,0.5333333333333333
67,2,51,0.0,0.0,0.5882352941176471
67,3,54,0.0,0.0,0.2037037037037037
67,4,49,0.0,0.0,0.3469387755102041
67,5,53,0.0,0.0,0.39622641509433965
67,6,52,0.0,0.0,0.09615384615384616
67,7,58,0.0,0.0,0.6724137931034483
67,8,62,0.0,-0.3225806451612903,0.43548387096774194
67,9,66,0.0,0.0,0.3939393939393939
67,10,71,0.0,-0.056338028169014086,0.3380281690140845
67,11,68,0.0,-0.17647058823529413,0.17647058823529413
67,12,54,0.0,0.0,0.2777777777777778
67,13,66,0.0,-0.6666666666666666,0.6666666666666666
67,14,60,0.0,0.0,0.3
67,15,54,0.0,0.0,0.2777777777777778
67,16,71,0.0,0.0,0.15492957746478872
67,17,60,0.0,-0.03333333333333333,0.6
67,18,66,0.18181818181818182,0.16666666666666669,0.12121212121212122
67,19,52,0.7115384615384616,0.42307692307692313,0.09615384615384615
67,20,92,0.07608695652173914,0.07608695652173914,0.010869565217391297
67,21,55,0.7090909090909091,0.7090909090909091,0.16363636363636358
67,22,57,0.15789473684210525,0.15789473684210525,0.10526315789473684
67,23,46,0.13043478260869565,0.13043478260869565,0.10869565217391305
67,24,48,0.16666666666666666,0.16666666666666666,0.08333333333333334
67,25,81,0.345679012345679,0.345679012345679,0.024691358024691357
67,26,73,0.7945205479452054,0.12328767123287665,0.20547945205479456
68,0,51,0.0,-0.45098039215686275,0.9215686274509803
68,1,45,0.0,-0.5333333333333333,0.5333333333333333
68,2,51,0.0,0.0,0.5882352941176471
68,3,54,0.0,0.0,0.2037037037037037
68,4,49,0.0,0.0,0.3469387755102041
68,5,53,0.0,0.0,0.39622641509433965
68,6,52,0.0,0.0,0.09615384615384616
68,7,58,0.0,0.0,0.6724137931034483
68,8,62,0.0,-0.3225806451612903,0.43548387096774194
68,9,66,0.0,0.0,0.3939393939393939
68,10,71,0.0,-0.056338028169014086,0.3380281690140845
68,11,68,0.0,-0.17647058823529413,0.17647058823529413
68,12,54,0.0,0.0,0.2777777777777778
68,13,66,0.0,-0.6666666666666666,0.6666666666666666
68,14,60,0.0,0.0,0.3
68,15,54,0.0,0.0,0.2777777777777778
68,16,71,0.0,0.0,0.15492957746478872
68,17,60,0.0,-0.03333333333333333,0.6
68,18,66,0.22727272727272727,0.2121212121212121,0.07575757575757577
68,19,52,0.6346153846153846,0.34615384615384615,0.17307692307692313
68,20,92,0.06521739130434782,0.06521739130434782,0.021739130434782608
68,21,55,0.7636363636363637,0.7636363636363637,0.10909090909090902
68,22,57,0.15789473684210525,0.15789473684210525,0.10526315789473684
68,23,46,0.21739130434782608,0.21739130434782608,0.021739130434782622
68,24,48,0.16666666666666666,0.16666666666666666,0.08333333333333334
68,25,81,0.37037037037037035,0.37037037037037035,0.0
68,26,73,0.8356164383561644,0.1643835616438356,0.1643835616438356
69,0,51,0.0,-0.45098039215686275,0.9215686274509803
69,1,45,0.0,-0.5333333333333333,0.5333333333333333
69,2,51,0.0,0.0,0.5882352941176471
69,3,54,0.0,0.0,0.2037037037037037
69,4,49,0.0,0.0,0.3469387755102041
69,5,53,0.0,0.0,0.39622641509433965
69,6,52,0.0,0.0,0.09615384615384616
69,7,58,0.0,0.0,0.6724137931034483
69,8,62,0.0,-0.3225806451612903,0.43548387096774194
69,9,66,0.0,0.0,0.3939393939393939
69,10,71,0.0,-0.056338028169014086,0.3380281690140845
69,11,68,0.0,-0.17647058823529413,0.17647058823529413
69,12,54,0.0,0.0,0.2777777777777778
69,13,66,0.0,-0.6666666666666666,0.6666666666666666
69,14,60,0.0,0.0,0.3
69,15,54,0.0,0.0,0.2777777777777778
69,16,71,0.0,0.0,0.15492957746478872
69,17,60,0.0,-0.03333333333333333,0.6
69,18,66,0.19696969696969696,0.18181818181818182,0.10606060606060608
69,19,52,0.7115384615384616,0.42307692307692313,0.09615384615384615
69,20,92,0.07608695652173914,0.07608695652173914,0.010869565217391297
69,21,55,0.7454545454545455,0.7454545454545455,0.1272727272727272
69,22,57,0.12280701754385964,0.12280701754385964,0.14035087719298245
69,23,46,0.15217391304347827,0.15217391304347827,0.08695652173913043
69,24,48,0.16666666666666666,0.16666666666666666,0.08333333333333334
69,25,81,0.3950617283950617,0.3950617283950617,0.0
69,26,73,0.8082191780821918,0.136986301369863,0.1917808219178082
70,0,51,0.0,-0.45098039215686275,0.9215686274509803
70,1,45,0.0,-0.5333333333333333,0.5333333333333333
70,2,51,0.0,0.0,0.5882352941176471
70,3,54,0.0,0.0,0.2037037037037037
70,4,49,0.0,0.0,0.3469387755102041
70,5,53,0.0,0.0,0.39622641509433965
70,6,52,0.0,0.0,0.09615384615384616
70,7,58,0.0,0.0,0.6724137931034483
70,8,62,0.0,-0.3225806451612903,0.43548387096774194
70,9,66,0.0,0.0,0.3939393939393939
70,10,71,0.0,-0.056338028169014086,0.3380281690140845
70,11,68,0.0,-0.17647058823529413,0.17647058823529413
70,12,54,0.0,0.0,0.2777777777777778
70,13,66,0.0,-0.6666666666666666,0.6666666666666666
70,14,60,0.0,0.0,0.3
70,15,54,0.0,0.0,0.2777777777777778
70,16,71,0.0,0.0,0.15492957746478872
70,17,60,0.0,-0.03333333333333333,0.6
70,18,66,0.16666666666666666,0.1515151515151515,0.13636363636363638
70,19,52,0.6923076923076923,0.40384615384615385,0.11538461538461542
70,20,92,0.10869565217391304,0.10869565217391304,0.0
70,21,55,0.6363636363636364,0.6363636363636364,0.23636363636363633
70,22,57,0.22807017543859648,0.22807017543859648,0.03508771929824561
70,23,46,0.10869565217391304,0.10869565217391304,0.13043478260869568
70,24,48,0.10416666666666667,0.10416666666666667,0.14583333333333331
70,25,81,0.30864197530864196,0.30864197530864196,0.08641975308641975
70,26,73,0.8356164383561644,0.1643835616438356,0.1643835616438356
71,0,51,0.0,-0.45098039215686275,0.9215686274509803
71,1,45,0.0,-0.5333333333333333,0.5333333333333333
71,2,51,0.0,0.0,0.5882352941176471
71,3,54,0.0,0.0,0.2037037037037037
71,4,49,0.0,0.0,0.3469387755102041
71,5,53,0.0,0.0,0.39622641509433965
71,6,52,0.0,0.0,0.09615384615384616
71,7,58,0.0,0.0,0.6724137931034483
71,8,62,0.0,-0.3225806451612903,0.43548387096774194
71,9,66,0.0,0.0,0.3939393939393939
71,10,71,0.0,-0.056338028169014086,0.3380281690140845
71,11,68,0.0,-0.17647058823529413,0.17647058823529413
71,12,54,0.0,0.0,0.2777777777777778
71,13,66,0.0,-0.6666666666666666,0.6666666666666666
71,14,60,0.0,0.0,0.3
71,15,54,0.0,0.0,0.2777777777777778
71,16,71,0.0,0.0,0.15492957746478872
71,17,60,0.0,-0.03333333333333333,0.6
71,18,66,0.24242424242424243,0.2272727272727273,0.06060606060606061
71,19,52,0.5961538461538461,0.3076923076923077,0.21153846153846156
71,20,92,0.07608695652173914,0.07608695652173914,0.032608695652173905
71,21,55,0.6727272727272727,0.6727272727272727,0.19999999999999996
71,22,57,0.21052631578947367,0.21052631578947367,0.05263157894736842
71,23,46,0.1956521739130435,0.1956521739130435,0.043478260869565216
71,24,48,0.22916666666666666,0.22916666666666666,0.020833333333333343
71,25,81,0.37037037037037035,0.37037037037037035,0.024691358024691357
71,26,73,0.7945205479452054,0.12328767123287665,0.20547945205479456
72,0,51,0.0,-0.45098039215686275,0.9215686274509803
72,1,45,0.0,-0.5333333333333333,0.5333333333333333
72,2,51,0.0,0.0,0.5882352941176471
72,3,54,0.0,0.0,0.2037037037037037
72,4,49,0.0,0.0,0.3469387755102041
72,5,53,0.0,0.0,0.39622641509433965
72,6,52,0.0,0.0,0.09615384615384616
72,7,58,0.0,0.0,0.6724137931034483
72,8,62,0.0,-0.3225806451612903,0.43548387096774194
72,9,66,0.0,0.0,0.3939393939393939
72,10,71,0.0,-0.056338028169014086,0.3380281690140845
72,11,68,0.0,-0.17647058823529413,0.17647058823529413
72,12,54,0.0,0.0,0.2777777777777778
72,13,66,0.0,-0.6666666666666666,0.6666666666666666
72,14,60,0.0,0.0,0.3
72,15,54,0.0,0.0,0.2777777777777778
72,16,71,0.0,0.0,0.15492957746478872
72,17,60,0.0,-0.03333333333333333,0.6
72,18,66,0.15151515151515152,0.13636363636363635,0.15151515151515152
72,19,52,0.7307692307692307,0.4423076923076923,0.07692307692307698
72,20,92,0.09782608695652174,0.09782608695652174,0.010869565217391297
72,21,55,0.7090909090909091,0.7090909090909091,0.16363636363636358
72,22,57,0.22807017543859648,0.22807017543859648,0.03508771929824561
72,23,46,0.2391304347826087,0.2391304347826087,0.0
72,24,48,0.10416666666666667,0.10416666666666667,0.14583333333333331
72,25,81,0.35802469135802467,0.35802469135802467,0.037037037037037035
72,26,73,0.7808219178082192,0.1095890410958904,0.2191780821917808
73,0,51,0.0,-0.45098039215686275,0.9215686274509803
73,1,45,0.0,-0.5333333333333333,0.5333333333333333
73,2,51,0.0,0.0,0.5882352941176471
73,3,54,0.0,0.0,0.2037037037037037
73,4,49,0.0,0.0,0.3469387755102041
73,5,53,0.0,0.0,0.39622641509433965
73,6,52,0.0,0.0,0.09615384615384616
73,7,58,0.0,0.0,0.6724137931034483
73,8,62,0.0,-0.3225806451612903,0.43548387096774194
73,9,66,0.0,0.0,0.3939393939393939
73,10,71,0.0,-0.056338028169014086,0.3380281690140845
73,11,68,0.0,-0.17647058823529413,0.17647058823529413
73,12,54,0.0,0.0,0.2777777777777778
73,13,66,0.0,-0.6666666666666666,0.6666666666666666
73,14,60,0.0,0.0,0.3
73,15,54,0.0,0.0,0.2777777777777778
73,16,71,0.0,0.0,0.15492957746478872
73,17,60,0.0,-0.03333333333333333,0.6
73,18,66,0.19696969696969696,0.18181818181818182,0.10606060606060608
73,19,52,0.6538461538461539,0.3653846153846154,0.15384615384615385
73,20,92,0.08695652173913043,0.08695652173913043,0.021739130434782608
73,21,55,0.7818181818181819,0.7818181818181819,0.09090909090909083
73,22,57,0.19298245614035087,0.19298245614035087,0.07017543859649122
73,23,46,0.08695652173913043,0.08695652173913043,0.15217391304347827
73,24,48,0.14583333333333334,0.14583333333333334,0.10416666666666666
73,25,81,0.3950617283950617,0.3950617283950617,0.0
73,26,73,0.8356164383561644,0.1643835616438356,0.1643835616438356
74,0,51,0.0,-0.45098039215686275,0.9215686274509803
74,1,45,0.0,-0.5333333333333333,0.5333333333333333
74,2,51,0.0,0.0,0.5882352941176471
74,3,54,0.0,0.0,0.2037037037037037
74,4,49,0.0,0.0,0.3469387755102041
74,5,53,0.0,0.0,0.39622641509433965
74,6,52,0.0,0.0,0.09615384615384616
74,7,58,0.0,0.0,0.6724137931034483
74,8,62,0.0,-0.3225806451612903,0.43548387096774194
74,9,66,0.0,0.0,0.3939393939393939
74,10,71,0.0,-0.056338028169014086,0.3380281690140845
74,11,68,0.0,-0.17647058823529413,0.17647058823529413
74,12,54,0.0,0.0,0.2777777777777778
74,13,66,0.0,-0.6666666666666666,0.6666666666666666
74,14,60,0.0,0.0,0.3
74,15,54,0.0,0.0,0.2777777777777778
74,16,71,0.0,0.0,0.15492957746478872
74,17,60,0.0,-0.03333333333333333,0.6
74,18,66,0.24242424242424243,0.2272727272727273,0.06060606060606061
74,19,52,0.6153846153846154,0.326923076923077,0.1923076923076923
74,20,92,0.09782608695652174,0.09782608695652174,0.010869565217391297
74,21,55,0.6727272727272727,0.6727272727272727,0.19999999999999996
74,22,57,0.2807017543859649,0.2807017543859649,0.0
74,23,46,0.21739130434782608,0.21739130434782608,0.021739130434782622
74,24,48,0.16666666666666666,0.16666666666666666,0.08333333333333334
74,25,81,0.35802469135802467,0.35802469135802467,0.037037037037037035
74,26,73,0.8356164383561644,0.1643835616438356,0.1643835616438356
75,0,51,0.0,-0.45098039215686275,0.9215686274509803
75,1,45,0.0,-0.5333333333333333,0.5333333333333333
75,2,51,0.0,0.0,0.5882352941176471
75,3,54,0.0,0.0,0.2037037037037037
75,4,49,0.0,0.0,0.3469387755102041
75,5,53,0.0,0.0,0.39622641509433965
75,6,52,0.0,0.0,0.09615384615384616
75,7,58,0.0,0.0,0.6724137931034483
75,8,62,0.0,-0.3225806451612903,0.43548387096774194
75,9,66,0.0,0.0,0.3939393939393939
75,10,71,0.0,-0.056338028169014086,0.3380281690140845
75,11,68,0.0,-0.17647058823529413,0.17647058823529413
75,12,54,0.0,0.0,0.2777777777777778
75,13,66,0.0,-0.6666666666666666,0.6666666666666666
75,14,60,0.0,0.0,0.3
75,15,54,0.0,0.0,0.2777777777777778
75,16,71,0.0,0.0,0.15492957746478872
75,17,60,0.0,-0.03333333333333333,0.6
75,18,66,0.18181818181818182,0.16666666666666669,0.12121212121212122
75,19,52,0.6923076923076923,0.40384615384615385,0.11538461538461542
75,20,92,0.09782608695652174,0.09782608695652174,0.010869565217391297
75,21,55,0.8,0.8,0.07272727272727264
75,22,57,0.24561403508771928,0.24561403508771928,0.03508771929824561
75,23,46,0.10869565217391304,0.10869565217391304,0.13043478260869568
75,24,48,0.14583333333333334,0.14583333333333334,0.10416666666666666
75,25,81,0.3950617283950617,0.3950617283950617,0.0
75,26,73,0.8082191780821918,0.136986301369863,0.1917808219178082
76,0,51,0.0,-0.45098039215686275,0.9215686274509803
76,1,45,0.0,-0.5333333333333333,0.5333333333333333
76,2,51,0.0,0.0,0.5882352941176471
76,3,54,0.0,0.0,0.2037037037037037
76,4,49,0.0,0.0,0.3469387755102041
76,5,53,0.0,0.0,0.39622641509433965
76,6,52,0.0,0.0,0.09615384615384616
76,7,58,0.0,0.0,0.6724137931034483
76,8,62,0.0,-0.3225806451612903,0.43548387096774194
76,9,66,0.0,0.0,0.3939393939393939
76,10,71,0.0,-0.056338028169014086,0.3380281690140845
76,11,68,0.0,-0.17647058823529413,0.17647058823529413
76,12,54,0.0,0.0,0.2777777777777778
76,13,66,0.0,-0.6666666666666666,0.6666666666666666
76,14,60,0.0,0.0,0.3
76,15,54,0.0,0.0,0.2777777777777778
76,16,71,0.0,0.0,0.15492957746478872
76,17,60,0.0,-0.03333333333333333,0.6
76,18,66,0.18181818181818182,0.16666666666666669,0.12121212121212122
76,19,52,0.6730769230769231,0.3846153846153847,0.13461538461538458
76,20,92,0.10869565217391304,0.10869565217391304,0.0
76,21,55,0.8,0.8,0.07272727272727264
76,22,57,0.22807017543859648,0.22807017543859648,0.05263157894736842
76,23,46,0.2391304347826087,0.2391304347826087,0.0
76,24,48,0.14583333333333334,0.14583333333333334,0.10416666666666666
76,25,81,0.3950617283950617,0.3950617283950617,0.0
76,26,73,0.8356164383561644,0.1643835616438356,0.1643835616438356
77,0,51,0.0,-0.45098039215686275,0.9215686274509803
77,1,45,0.0,-0.5333333333333333,0.5333333333333333
77,2,51,0.0,0.0,0.5882352941176471
77,3,54,0.0,0.0,0.2037037037037037
77,4,49,0.0,0.0,0.3469387755102041
77,5,53,0.0,0.0,0.39622641509433965
77,6,52,0.0,0.0,0.09615384615384616
77,7,58,0.0,0.0,0.6724137931034483
77,8,62,0.0,-0.3225806451612903,0.43548387096774194
77,9,66,0.0,0.0,0.3939393939393939
77,10,71,0.0,-0.056338028169014086,0.3380281690140845
77,11,68,0.0,-0.17647058823529413,0.17647058823529413
77,12,54,0.018518518518518517,0.018518518518518517,0.2592592592592593
77,13,66,0.0,-0.6666666666666666,0.6666666666666666
77,14,60,0.0,0.0,0.3
77,15,54,0.0,0.0,0.2777777777777778
77,16,71,0.0,0.0,0.15492957746478872
77,17,60,0.0,-0.03333333333333333,0.6
77,18,66,0.21212121212121213,0.19696969696969696,0.09090909090909091
77,19,52,0.5961538461538461,0.3076923076923077,0.21153846153846156
77,20,92,0.15217391304347827,0.15217391304347827,0.0
77,21,55,0.8181818181818182,0.8181818181818182,0.05454545454545445
77,22,57,0.3333333333333333,0.3333333333333333,0.0
77,23,46,0.10869565217391304,0.10869565217391304,0.13043478260869568
77,24,48,0.14583333333333334,0.14583333333333334,0.10416666666666666
77,25,81,0.35802469135802467,0.35802469135802467,0.037037037037037035
77,26,73,0.8356164383561644,0.1643835616438356,0.1643835616438356
78,0,51,0.0,-0.45098039215686275,0.9215686274509803
78,1,45,0.0,-0.5333333333333333,0.5333333333333333
78,2,51,0.0,0.0,0.5882352941176471
78,3,54,0.0,0.0,0.2037037037037037
78,4,49,0.0,0.0,0.3469387755102041
78,5,53,0.0,0.0,0.39622641509433965
78,6,52,0.0,0.0,0.09615384615384616
78,7,58,0.0,0.0,0.6724137931034483
78,8,62,0.0,-0.3225806451612903,0.43548387096774194
78,9,66,0.0,0.0,0.3939393939393939
78,10,71,0.0,-0.056338028169014086,0.3380281690140845
78,11,68,0.0,-0.17647058823529413,0.17647058823529413
78,12,54,0.0,0.0,0.2777777777777778
78,13,66,0.0,-0.6666666666666666,0.6666666666666666
78,14,60,0.0,0.0,0.3
78,15,54,0.0,0.0,0.2777777777777778
78,16,71,0.0,0.0,0.15492957746478872
78,17,60,0.0,-0.03333333333333333,0.6
78,18,66,0.21212121212121213,0.19696969696969696,0.09090909090909091
78,19,52,0.6538461538461539,0.3653846153846154,0.15384615384615385
78,20,92,0.13043478260869565,0.13043478260869565,0.021739130434782622
78,21,55,0.7818181818181819,0.7818181818181819,0.09090909090909083
78,22,57,0.24561403508771928,0.24561403508771928,0.08771929824561403
78,23,46,0.21739130434782608,0.21739130434782608,0.021739130434782622
78,24,48,0.16666666666666666,0.16666666666666666,0.08333333333333334
78,25,81,0.38271604938271603,0.38271604938271603,0.012345679012345678
78,26,73,0.8082191780821918,0.136986301369863,0.1917808219178082
79,0,51,0.0,-0.45098039215686275,0.9215686274509803
79,1,45,0.0,-0.5333333333333333,0.5333333333333333
79,2,51,0.0,0.0,0.5882352941176471
79,3,54,0.0,0.0,0.2037037037037037
79,4,49,0.0,0.0,0.3469387755102041
79,5,53,0.0,0.0,0.39622641509433965
79,6,52,0.0,0.0,0.09615384615384616
79,7,58,0.0,0.0,0.6724137931034483
79,8,62,0.0,-0.3225806451612903,0.43548387096774194
79,9,66,0.0,0.0,0.3939393939393939
79,10,71,0.0,-0.056338028169014086,0.3380281690140845
79,11,68,0.0,-0.17647058823529413,0.17647058823529413
79,12,54,0.0,0.0,0.2777777777777778
79,13,66,0.0,-0.6666666666666666,0.6666666666666666
79,14,60,0.0,0.0,0.3
79,15,54,0.0,0.0,0.2777777777777778
79,16,71,0.0,0.0,0.15492957746478872
79,17,60,0.0,-0.03333333333333333,0.6
79,18,66,0.19696969696969696,0.18181818181818182,0.10606060606060608
79,19,52,0.5961538461538461,0.3076923076923077,0.21153846153846156
79,20,92,0.11956521739130435,0.11956521739130435,0.03260869565217392
79,21,55,0.7454545454545455,0.7454545454545455,0.1272727272727272
79,22,57,0.14035087719298245,0.14035087719298245,0.19298245614035087
79,23,46,0.1956521739130435,0.1956521739130435,0.043478260869565216
79,24,48,0.10416666666666667,0.10416666666666667,0.14583333333333331
79,25,81,0.5185185185185185,0.5185185185185185,0.0
79,26,73,0.7808219178082192,0.1095890410958904,0.2191780821917808
80,0,51,0.0,-0.45098039215686275,0.9215686274509803
80,1,45,0.0,-0.5333333333333333,0.5333333333333333
80,2,51,0.0,0.0,0.5882352941176471
80,3,54,0.0,0.0,0.2037037037037037
80,4,49,0.0,0.0,0.3469387755102041
80,5,53,0.0,0.0,0.39622641509433965
80,6,52,0.0,0.0,0.09615384615384616
80,7,58,0.0,0.0,0.6724137931034483
80,8,62,0.016129032258064516,-0.3064516129032258,0.41935483870967744
80,9,66,0.0,0.0,0.3939393939393939
80,10,71,0.0,-0.056338028169014086,0.3380281690140845
80,11,68,0.0,-0.17647058823529413,0.17647058823529413
80,12,54,0.09259259259259259,0.09259259259259259,0.1851851851851852
80,13,66,0.0,-0.6666666666666666,0.6666666666666666
80,14,60,0.0,0.0,0.3
80,15,54,0.0,0.0,0.2777777777777778
80,16,71,0.0,0.0,0.15492957746478872
80,17,60,0.0,-0.03333333333333333,0.6
80,18,66,0.19696969696969696,0.18181818181818182,0.10606060606060608
80,19,52,0.5576923076923077,0.2692307692307693,0.25
80,20,92,0.10869565217391304,0.10869565217391304,0.04347826086956523
80,21,55,0.6909090909090909,0.6909090909090909,0.18181818181818177
80,22,57,0.3684210526315789,0.3684210526315789,0.0
80,23,46,0.13043478260869565,0.13043478260869565,0.10869565217391305
80,24,48,0.20833333333333334,0.20833333333333334,0.04166666666666666
80,25,81,0.24691358024691357,0.24691358024691357,0.2716049382716049
80,26,73,0.821917808219178,0.15068493150684925,0.17808219178082196
81,0,51,0.0,-0.45098039215686275,0.9215686274509803
81,1,45,0.0,-0.5333333333333333,0.5333333333333333
81,2,51,0.0,0.0,0.5882352941176471
81,3,54,0.0,0.0,0.2037037037037037
81,4,49,0.0,0.0,0.3469387755102041
81,5,53,0.0,0.0,0.39622641509433965
81,6,52,0.0,0.0,0.09615384615384616
81,7,58,0.0,0.0,0.6724137931034483
81,8,62,0.0,-0.3225806451612903,0.43548387096774194
81,9,66,0.0,0.0,0.3939393939393939
81,10,71,0.0,-0.056338028169014086,0.3380281690140845
81,11,68,0.0,-0.17647058823529413,0.17647058823529413
81,12,54,0.0,0.0,0.2777777777777778
81,13,66,0.0,-0.6666666666666666,0.6666666666666666
81,14,60,0.0,0.0,0.3
81,15,54,0.0,0.0,0.2777777777777778
81,16,71,0.0,0.0,0.15492957746478872
81,17,60,0.0,-0.03333333333333333,0.6
81,18,66,0.16666666666666666,0.1515151515151515,0.13636363636363638
81,19,52,0.7307692307692307,0.4423076923076923,0.07692307692307698
81,20,92,0.08695652173913043,0.08695652173913043,0.06521739130434784
81,21,55,0.7090909090909091,0.7090909090909091,0.16363636363636358
81,22,57,0.19298245614035087,0.19298245614035087,0.17543859649122806
81,23,46,0.17391304347826086,0.17391304347826086,0.06521739130434784
81,24,48,0.125,0.125,0.125
81,25,81,0.2962962962962963,0.2962962962962963,0.2222222222222222
81,26,73,0.821917808219178,0.15068493150684925,0.17808219178082196
82,0,51,0.0,-0.45098039215686275,0.9215686274509803
82,1,45,0.0,-0.5333333333333333,0.5333333333333333
82,2,51,0.0,0.0,0.5882352941176471
82,3,54,0.0,0.0,0.2037037037037037
82,4,49,0.0,0.0,0.3469387755102041
82,5,53,0.0,0.0,0.39622641509433965
82,6,52,0.0,0.0,0.09615384615384616
82,7,58,0.0,0.0,0.6724137931034483
82,8,62,0.0,-0.3225806451612903,0.43548387096774194
82,9,66,0.0,0.0,0.3939393939393939
82,10,71,0.0,-0.056338028169014086,0.3380281690140845
82,11,68,0.0,-0.17647058823529413,0.17647058823529413
82,12,54,0.0,0.0,0.2777777777777778
82,13,66,0.0,-0.6666666666666666,0.6666666666666666
82,14,60,0.0,0.0,0.3
82,15,54,0.0,0.0,0.2777777777777778
82,16,71,0.0,0.0,0.15492957746478872
82,17,60,0.0,-0.03333333333333333,0.6
82,18,66,0.22727272727272727,0.2121212121212121,0.07575757575757577
82,19,52,0.6153846153846154,0.326923076923077,0.1923076923076923
82,20,92,0.16304347826086957,0.16304347826086957,0.0
82,21,55,0.7272727272727273,0.7272727272727273,0.1454545454545454
82,22,57,0.2631578947368421,0.2631578947368421,0.10526315789473684
82,23,46,0.10869565217391304,0.10869565217391304,0.13043478260869568
82,24,48,0.0625,0.0625,0.1875
82,25,81,0.345679012345679,0.345679012345679,0.1728395061728395
82,26,73,0.8356164383561644,0.1643835616438356,0.1643835616438356
83,0,51,0.0,-0.45098039215686275,0.9215686274509803
83,1,45,0.0,-0.5333333333333333,0.5333333333333333
83,2,51,0.0,0.0,0.5882352941176471
83,3,54,0.0,0.0,0.2037037037037037
83,4,49,0.0,0.0,0.3469387755102041
83,5,53,0.0,0.0,0.39622641509433965
83,6,52,0.0,0.0,0.09615384615384616
83,7,58,0.0,0.0,0.6724137931034483
83,8,62,0.0,-0.3225806451612903,0.43548387096774194
83,9,66,0.0,0.0,0.3939393939393939
83,10,71,0.0,-0.056338028169014086,0.3380281690140845
83,11,68,0.0,-0.17647058823529413,0.17647058823529413
83,12,54,0.0,0.0,0.2777777777777778
83,13,66,0.0,-0.6666666666666666,0.6666666666666666
83,14,60,0.0,0.0,0.3
83,15,54,0.0,0.0,0.2777777777777778
83,16,71,0.0,0.0,0.15492957746478872
83,17,60,0.0,-0.03333333333333333,0.6
83,18,66,0.19696969696969696,0.18181818181818182,0.10606060606060608
83,19,52,0.6538461538461539,0.3653846153846154,0.15384615384615385
83,20,92,0.15217391304347827,0.15217391304347827,0.010869565217391297
83,21,55,0.7090909090909091,0.7090909090909091,0.16363636363636358
83,22,57,0.2631578947368421,0.2631578947368421,0.10526315789473684
83,23,46,0.13043478260869565,0.13043478260869565,0.10869565217391305
83,24,48,0.22916666666666666,0.22916666666666666,0.020833333333333343
83,25,81,0.38271604938271603,0.38271604938271603,0.13580246913580246
83,26,73,0.8356164383561644,0.1643835616438356,0.1643835616438356
84,0,51,0.0,-0.45098039215686275,0.9215686274509803
84,1,45,0.0,-0.5333333333333333,0.5333333333333333
84,2,51,0.0,0.0,0.5882352941176471
84,3,54,0.0,0.0,0.2037037037037037
84,4,49,0.0,0.0,0.3469387755102041
84,5,53,0.0,0.0,0.39622641509433965
84,6,52,0.0,0.0,0.09615384615384616
84,7,58,0.0,0.0,0.6724137931034483
84,8,62,0.0,-0.3225806451612903,0.43548387096774194
84,9,66,0.0,0.0,0.3939393939393939
84,10,71,0.0,-0.056338028169014086,0.3380281690140845
84,11,68,0.0,-0.17647058823529413,0.17647058823529413
84,12,54,0.0,0.0,0.2777777777777778
84,13,66,0.0,-0.6666666666666666,0.6666666666666666
84,14,60,0.0,0.0,0.3
84,15,54,0.0,0.0,0.2777777777777778
84,16,71,0.0,0.0,0.15492957746478872
84,17,60,0.0,-0.03333333333333333,0.6
84,18,66,0.22727272727272727,0.2121212121212121,0.07575757575757577
84,19,52,0.5192307692307693,0.23076923076923084,0.28846153846153844
84,20,92,0.17391304347826086,0.17391304347826086,0.0
84,21,55,0.7636363636363637,0.7636363636363637,0.10909090909090902
84,22,57,0.24561403508771928,0.24561403508771928,0.12280701754385964
84,23,46,0.2826086956521739,0.2826086956521739,0.0
84,24,48,0.20833333333333334,0.20833333333333334,0.04166666666666666
84,25,81,0.37037037037037035,0.37037037037037035,0.14814814814814814
84,26,73,0.8356164383561644,0.1643835616438356,0.1643835616438356
85,0,51,0.0,-0.45098039215686275,0.9215686274509803
85,1,45,0.0,-0.5333333333333333,0.5333333333333333
85,2,51,0.0,0.0,0.5882352941176471
85,3,54,0.0,0.0,0.2037037037037037
85,4,49,0.0,0.0,0.3469387755102041
85,5,53,0.0,0.0,0.39622641509433965
85,6,52,0.0,0.0,0.09615384615384616
85,7,58,0.0,0.0,0.6724137931034483
85,8,62,0.0,-0.3225806451612903,0.43548387096774194
85,9,66,0.0,0.0,0.3939393939393939
85,10,71,0.0,-0.056338028169014086,0.3380281690140845
85,11,68,0.0,-0.17647058823529413,0.17647058823529413
85,12,54,0.0,0.0,0.2777777777777778
85,13,66,0.0,-0.6666666666666666,0.6666666666666666
85,14,60,0.0,0.0,0.3
85,15,54,0.0,0.0,0.2777777777777778
85,16,71,0.0,0.0,0.15492957746478872
85,17,60,0.0,-0.03333333333333333,0.6
85,18,66,0.22727272727272727,0.2121212121212121,0.07575757575757577
85,19,52,0.5961538461538461,0.3076923076923077,0.21153846153846156
85,20,92,0.13043478260869565,0.13043478260869565,0.043478260869565216
85,21,55,0.7090909090909091,0.7090909090909091,0.16363636363636358
85,22,57,0.2631578947368421,0.2631578947368421,0.10526315789473684
85,23,46,0.10869565217391304,0.10869565217391304,0.17391304347826086
85,24,48,0.08333333333333333,0.08333333333333333,0.16666666666666669
85,25,81,0.43209876543209874,0.43209876543209874,0.08641975308641975
85,26,73,0.8356164383561644,0.1643835616438356,0.1643835616438356
86,0,51,0.0,-0.45098039215686275,0.9215686274509803
86,1,45,0.0,-0.5333333333333333,0.5333333333333333
86,2,51,0.0,0.0,0.5882352941176471
86,3,54,0.0,0.0,0.2037037037037037
86,4,49,0.0,0.0,0.3469387755102041
86,5,53,0.0,0.0,0.39622641509433965
86,6,52,0.0,0.0,0.09615384615384616
86,7,58,0.0,0.0,0.6724137931034483
86,8,62,0.0,-0.3225806451612903,0.43548387096774194
86,9,66,0.0,0.0,0.3939393939393939
86,10,71,0.0,-0.056338028169014086,0.3380281690140845
86,11,68,0.0,-0.17647058823529413,0.17647058823529413
86,12,54,0.018518518518518517,0.018518518518518517,0.2592592592592593
86,13,66,0.0,-0.6666666666666666,0.6666666666666666
86,14,60,0.0,0.0,0.3
86,15,54,0.0,0.0,0.2777777777777778
86,16,71,0.0,0.0,0.15492957746478872
86,17,60,0.0,-0.03333333333333333,0.6
86,18,66,0.16666666666666666,0.1515151515151515,0.13636363636363638
86,19,52,0.6346153846153846,0.34615384615384615,0.17307692307692313
86,20,92,0.1956521739130435,0.1956521739130435,0.0
86,21,55,0.7090909090909091,0.7090909090909091,0.16363636363636358
86,22,57,0.2631578947368421,0.2631578947368421,0.10526315789473684
86,23,46,0.21739130434782608,0.21739130434782608,0.06521739130434781
86,24,48,0.125,0.125,0.125
86,25,81,0.37037037037037035,0.37037037037037035,0.14814814814814814
86,26,73,0.7945205479452054,0.12328767123287665,0.20547945205479456
87,0,51,0.0,-0.45098039215686275,0.9215686274509803
87,1,45,0.0,-0.5333333333333333,0.5333333333333333
87,2,51,0.0,0.0,0.5882352941176471
87,3,54,0.0,0.0,0.2037037037037037
87,4,49,0.0,0.0,0.3469387755102041
87,5,53,0.0,0.0,0.39622641509433965
87,6,52,0.0,0.0,0.09615384615384616
87,7,58,0.0,0.0,0.6724137931034483
87,8,62,0.0,-0.3225806451612903,0.43548387096774194
87,9,66,0.0,0.0,0.3939393939393939
87,10,71,0.0,-0.056338028169014086,0.3380281690140845
87,11,68,0.0,-0.17647058823529413,0.17647058823529413
87,12,54,0.0,0.0,0.2777777777777778
87,13,66,0.0,-0.6666666666666666,0.6666666666666666
87,14,60,0.0,0.0,0.3
87,15,54,0.0,0.0,0.2777777777777778
87,16,71,0.0,0.0,0.15492957746478872
87,17,60,0.0,-0.03333333333333333,0.6
87,18,66,0.18181818181818182,0.16666666666666669,0.12121212121212122
87,19,52,0.5769230769230769,0.28846153846153844,0.23076923076923084
87,20,92,0.14130434782608695,0.14130434782608695,0.05434782608695654
87,21,55,0.8545454545454545,0.8545454545454545,0.018181818181818188
87,22,57,0.2631578947368421,0.2631578947368421,0.10526315789473684
87,23,46,0.17391304347826086,0.17391304347826086,0.10869565217391303
87,24,48,0.020833333333333332,0.020833333333333332,0.22916666666666666
87,25,81,0.4074074074074074,0.4074074074074074,0.1111111111111111
87,26,73,0.821917808219178,0.15068493150684925,0.17808219178082196
88,0,51,0.0,-0.45098039215686275,0.9215686274509803
88,1,45,0.0,-0.5333333333333333,0.5333333333333333
88,2,51,0.0,0.0,0.5882352941176471
88,3,54,0.0,0.0,0.2037037037037037
88,4,49,0.0,0.0,0.3469387755102041
88,5,53,0.0,0.0,0.39622641509433965
88,6,52,0.0,0.0,0.09615384615384616
88,7,58,0.0,0.0,0.6724137931034483
88,8,62,0.0,-0.3225806451612903,0.43548387096774194
88,9,66,0.0,0.0,0.3939393939393939
88,10,71,0.0,-0.056338028169014086,0.3380281690140845
88,11,68,0.0,-0.17647058823529413,0.17647058823529413
88,12,54,0.0,0.0,0.2777777777777778
88,13,66,0.0,-0.6666666666666666,0.6666666666666666
88,14,60,0.0,0.0,0.3
88,15,54,0.0,0.0,0.2777777777777778
88,16,71,0.0,0.0,0.15492957746478872
88,17,60,0.0,-0.03333333333333333,0.6
88,18,66,0.12121212121212122,0.10606060606060606,0.18181818181818182
88,19,52,0.6346153846153846,0.34615384615384615,0.17307692307692313
88,20,92,0.18478260869565216,0.18478260869565216,0.010869565217391325
88,21,55,0.6363636363636364,0.6363636363636364,0.23636363636363633
88,22,57,0.2807017543859649,0.2807017543859649,0.08771929824561403
88,23,46,0.08695652173913043,0.08695652173913043,0.19565217391304346
88,24,48,0.25,0.25,0.0
88,25,81,0.38271604938271603,0.38271604938271603,0.13580246913580246
88,26,73,0.8356164383561644,0.1643835616438356,0.1643835616438356
89,0,51,0.0,-0.45098039215686275,0.9215686274509803
89,1,45,0.0,-0.5333333333333333,0.5333333333333333
89,2,51,0.0,0.0,0.5882352941176471
89,3,54,0.0,0.0,0.2037037037037037
89,4,49,0.0,0.0,0.3469387755102041
89,5,53,0.0,0.0,0.39622641509433965
89,6,52,0.0,0.0,0.09615384615384616
89,7,58,0.0,0.0,0.6724137931034483
89,8,62,0.0,-0.3225806451612903,0.43548387096774194
89,9,66,0.0,0.0,0.3939393939393939
89,10,71,0.0,-0.056338028169014086,0.3380281690140845
89,11,68,0.0,-0.17647058823529413,0.17647058823529413
89,12,54,0.0,0.0,0.2777777777777778
89,13,66,0.0,-0.6666666666666666,0.6666666666666666
89,14,60,0.0,0.0,0.3
89,15,54,0.0,0.0,0.2777777777777778
89,16,71,0.0,0.0,0.15492957746478872
89,17,60,0.0,-0.03333333333333333,0.6
89,18,66,0.24242424242424243,0.2272727272727273,0.06060606060606061
89,19,52,0.5192307692307693,0.23076923076923084,0.28846153846153844
89,20,92,0.1956521739130435,0.1956521739130435,0.0
89,21,55,0.7818181818181819,0.7818181818181819,0.09090909090909083
89,22,57,0.19298245614035087,0.19298245614035087,0.17543859649122806
89,23,46,0.2391304347826087,0.2391304347826087,0.04347826086956519
89,24,48,0.10416666666666667,0.10416666666666667,0.14583333333333331
89,25,81,0.4691358024691358,0.4691358024691358,0.04938271604938271
89,26,73,0.7808219178082192,0.1095890410958904,0.2191780821917808
90,0,51,0.0,-0.45098039215686275,0.9215686274509803
90,1,45,0.0,-0.5333333333333333,0.5333333333333333
90,2,51,0.0,0.0,0.5882352941176471
90,3,54,0.0,0.0,0.2037037037037037
90,4,49,0.0,0.0,0.3469387755102041
90,5,53,0.0,0.0,0.39622641509433965
90,6,52,0.0,0.0,0.09615384615384616
90,7,58,0.0,0.0,0.6724137931034483
90,8,62,0.0,-0.3225806451612903,0.43548387096774194
90,9,66,0.0,0.0,0.3939393939393939
90,10,71,0.0,-0.056338028169014086,0.3380281690140845
90,11,68,0.0,-0.17647058823529413,0.17647058823529413
90,12,54,0.018518518518518517,0.018518518518518517,0.2592592592592593
90,13,66,0.0,-0.6666666666666666,0.6666666666666666
90,14,60,0.0,0.0,0.3
90,15,54,0.0,0.0,0.2777777777777778
90,16,71,0.0,0.0,0.15492957746478872
90,17,60,0.0,-0.03333333333333333,0.6
90,18,66,0.19696969696969696,0.18181818181818182,0.10606060606060608
90,19,52,0.5769230769230769,0.28846153846153844,0.23076923076923084
90,20,92,0.20652173913043478,0.20652173913043478,0.0
90,21,55,0.6545454545454545,0.6545454545454545,0.21818181818181814
90,22,57,0.2807017543859649,0.2807017543859649,0.08771929824561403
90,23,46,0.10869565217391304,0.10869565217391304,0.17391304347826086
90,24,48,0.08333333333333333,0.08333333333333333,0.16666666666666669
90,25,81,0.35802469135802467,0.35802469135802467,0.16049382716049382
90,26,73,0.8356164383561644,0.1643835616438356,0.1643835616438356
