round,class_id,n,acc,bwt,forgetting
1,0,51,0.9215686274509803,,
1,1,45,0.24444444444444444,,
1,2,51,0.0,,
1,3,54,0.0,,
1,4,49,0.0,,
1,5,53,0.0,,
1,6,52,0.0,,
1,7,58,0.0,,
1,8,62,0.0,,
2,0,51,0.0,-0.9215686274509803,0.9215686274509803
2,1,45,1.0,0.7555555555555555,0.0
2,2,51,0.0,0.0,0.0
2,3,54,0.0,0.0,0.0
2,4,49,0.0,0.0,0.0
2,5,53,0.0,0.0,0.0
2,6,52,0.0,0.0,0.0
2,7,58,0.0,0.0,0.0
2,8,62,0.0,0.0,0.0
3,0,51,0.17647058823529413,-0.7450980392156862,0.7450980392156862
3,1,45,0.8666666666666667,0.6222222222222222,0.1333333333333333
3,2,51,0.0,0.0,0.0
3,3,54,0.0,0.0,0.0
3,4,49,0.0,0.0,0.0
3,5,53,0.0,0.0,0.0
3,6,52,0.0,0.0,0.0
3,7,58,0.0,0.0,0.0
3,8,62,0.0,0.0,0.0
4,0,51,0.4117647058823529,-0.5098039215686274,0.5098039215686274
4,1,45,0.7111111111111111,0.4666666666666667,0.28888888888888886
4,2,51,0.0,0.0,0.0
4,3,54,0.0,0.0,0.0
4,4,49,0.10204081632653061,0.10204081632653061,0.0
4,5,53,0.0,0.0,0.0
4,6,52,0.0,0.0,0.0
4,7,58,0.0,0.0,0.0
4,8,62,0.0,0.0,0.0
5,0,51,0.8235294117647058,-0.0980392156862745,0.0980392156862745
5,1,45,0.24444444444444444,0.0,0.7555555555555555
5,2,51,0.0,0.0,0.0
5,3,54,0.0,0.0,0.0
5,4,49,0.5714285714285714,0.5714285714285714,0.0
5,5,53,0.0,0.0,0.0
5,6,52,0.0,0.0,0.0
5,7,58,0.0,0.0,0.0
5,8,62,0.1935483870967742,0.1935483870967742,0.0
6,0,51,0.5490196078431373,-0.37254901960784303,0.37254901960784303
6,1,45,0.7111111111111111,0.4666666666666667,0.28888888888888886
6,2,51,0.0,0.0,0.0
6,3,54,0.0,0.0,0.0
6,4,49,0.02040816326530612,0.02040816326530612,0.5510204081632653
6,5,53,0.0,0.0,0.0
6,6,52,0.0,0.0,0.0
6,7,58,0.0,0.0,0.0
6,8,62,0.016129032258064516,0.016129032258064516,0.1774193548387097
7,0,51,0.2549019607843137,-0.6666666666666666,0.6666666666666666
7,1,45,0.044444444444444446,-0.19999999999999998,0.9555555555555556
7,2,51,0.45098039215686275,0.45098039215686275,0.0
7,3,54,0.1111111111111111,0.1111111111111111,0.0
7,4,49,0.5306122448979592,0.5306122448979592,0.04081632653061218
7,5,53,0.05660377358490566,0.05660377358490566,0.0
7,6,52,0.0,0.0,0.0
7,7,58,0.0,0.0,0.0
7,8,62,0.7741935483870968,0.7741935483870968,0.0
8,0,51,0.6078431372549019,-0.3137254901960784,0.3137254901960784
8,1,45,0.6444444444444445,0.4,0.3555555555555555
8,2,51,0.0,0.0,0.45098039215686275
8,3,54,0.0,0.0,0.1111111111111111
8,4,49,0.4489795918367347,0.4489795918367347,0.1224489795918367
8,5,53,0.0,0.0,0.05660377358490566
8,6,52,0.0,0.0,0.0
8,7,58,0.0,0.0,0.0
8,8,62,0.12903225806451613,0.12903225806451613,0.6451612903225806
9,0,51,0.45098039215686275,-0.4705882352941176,0.4705882352941176
9,1,45,0.28888888888888886,0.044444444444444425,0.7111111111111111
9,2,51,0.47058823529411764,0.47058823529411764,0.0
9,3,54,0.2777777777777778,0.2777777777777778,0.0
9,4,49,0.4489795918367347,0.4489795918367347,0.1224489795918367
9,5,53,0.05660377358490566,0.05660377358490566,0.0
9,6,52,0.019230769230769232,0.019230769230769232,0.0
9,7,58,0.0,0.0,0.0
9,8,62,0.6612903225806451,0.6612903225806451,0.11290322580645162
10,0,51,0.6862745098039216,-0.23529411764705876,0.23529411764705876
10,1,45,0.4888888888888889,0.24444444444444444,0.5111111111111111
10,2,51,0.0,0.0,0.47058823529411764
10,3,54,0.0,0.0,0.2777777777777778
10,4,49,0.7551020408163265,0.7551020408163265,0.0
10,5,53,0.0,0.0,0.05660377358490566
10,6,52,0.0,0.0,0.019230769230769232
10,7,58,0.0,0.0,0.0
10,8,62,0.43548387096774194,0.43548387096774194,0.3387096774193548
11,0,51,0.0,-0.9215686274509803,0.9215686274509803
11,1,45,0.0,-0.24444444444444444,1.0
11,2,51,0.0,0.0,0.47058823529411764
11,3,54,0.0,0.0,0.2777777777777778
11,4,49,0.0,0.0,0.7551020408163265
11,5,53,0.0,0.0,0.05660377358490566
11,6,52,0.0,0.0,0.019230769230769232
11,7,58,0.0,0.0,0.0
11,8,62,0.0,0.0,0.7741935483870968
11,9,66,0.5303030303030303,,
11,10,71,0.0,,
11,11,68,0.0,,
11,12,54,0.0,,
11,13,66,0.045454545454545456,,
11,14,60,0.0,,
11,15,54,0.1111111111111111,,
11,16,71,0.9014084507042254,,
11,17,60,0.0,,
12,0,51,0.0,-0.9215686274509803,0.9215686274509803
12,1,45,0.0,-0.24444444444444444,1.0
12,2,51,0.0,0.0,0.47058823529411764
12,3,54,0.0,0.0,0.2777777777777778
12,4,49,0.0,0.0,0.7551020408163265
12,5,53,0.0,0.0,0.05660377358490566
12,6,52,0.0,0.0,0.019230769230769232
12,7,58,0.0,0.0,0.0
12,8,62,0.0,0.0,0.7741935483870968
12,9,66,0.4090909090909091,-0.12121212121212116,0.12121212121212116
12,10,71,0.18309859154929578,0.18309859154929578,0.0
12,11,68,0.45588235294117646,0.45588235294117646,0.0
12,12,54,0.09259259259259259,0.09259259259259259,0.0
12,13,66,0.0,-0.045454545454545456,0.045454545454545456
12,14,60,0.0,0.0,0.0
12,15,54,0.25925925925925924,0.14814814814814814,0.0
12,16,71,0.38028169014084506,-0.5211267605633803,0.5211267605633803
12,17,60,0.0,0.0,0.0
13,0,51,0.0,-0.9215686274509803,0.9215686274509803
13,1,45,0.0,-0.24444444444444444,1.0
13,2,51,0.0,0.0,0.47058823529411764
13,3,54,0.0,0.0,0.2777777777777778
13,4,49,0.0,0.0,0.7551020408163265
13,5,53,0.0,0.0,0.05660377358490566
13,6,52,0.0,0.0,0.019230769230769232
13,7,58,0.0,0.0,0.0
13,8,62,0.0,0.0,0.7741935483870968
13,9,66,0.7575757575757576,0.2272727272727273,0.0
13,10,71,0.014084507042253521,0.014084507042253521,0.16901408450704225
13,11,68,0.19117647058823528,0.19117647058823528,0.2647058823529412
13,12,54,0.037037037037037035,0.037037037037037035,0.05555555555555555
13,13,66,0.0,-0.045454545454545456,0.045454545454545456
13,14,60,0.0,0.0,0.0
13,15,54,0.2962962962962963,0.18518518518518517,0.0
13,16,71,0.676056338028169,-0.22535211267605637,0.22535211267605637
13,17,60,0.0,0.0,0.0
14,0,51,0.0,-0.9215686274509803,0.9215686274509803
14,1,45,0.0,-0.24444444444444444,1.0
14,2,51,0.0,0.0,0.47058823529411764
14,3,54,0.0,0.0,0.2777777777777778
14,4,49,0.0,0.0,0.7551020408163265
14,5,53,0.0,0.0,0.05660377358490566
14,6,52,0.0,0.0,0.019230769230769232
14,7,58,0.0,0.0,0.0
14,8,62,0.0,0.0,0.7741935483870968
14,9,66,0.3939393939393939,-0.13636363636363635,0.36363636363636365
14,10,71,0.07042253521126761,0.07042253521126761,0.11267605633802817
14,11,68,0.5147058823529411,0.5147058823529411,0.0
14,12,54,0.18518518518518517,0.18518518518518517,0.0
14,13,66,0.045454545454545456,0.0,0.0
14,14,60,0.016666666666666666,0.016666666666666666,0.0
14,15,54,0.2777777777777778,0.16666666666666669,0.01851851851851849
14,16,71,0.647887323943662,-0.2535211267605634,0.2535211267605634
14,17,60,0.03333333333333333,0.03333333333333333,0.0
15,0,51,0.0,-0.9215686274509803,0.9215686274509803
15,1,45,0.0,-0.24444444444444444,1.0
15,2,51,0.0,0.0,0.47058823529411764
15,3,54,0.0,0.0,0.2777777777777778
15,4,49,0.0,0.0,0.7551020408163265
15,5,53,0.0,0.0,0.05660377358490566
15,6,52,0.0,0.0,0.019230769230769232
15,7,58,0.0,0.0,0.0
15,8,62,0.0,0.0,0.7741935483870968
15,9,66,0.8787878787878788,0.3484848484848485,0.0
15,10,71,0.0,0.0,0.18309859154929578
15,11,68,0.3088235294117647,0.3088235294117647,0.2058823529411764
15,12,54,0.05555555555555555,0.05555555555555555,0.12962962962962962
15,13,66,0.0,-0.045454545454545456,0.045454545454545456
15,14,60,0.06666666666666667,0.06666666666666667,0.0
15,15,54,0.2777777777777778,0.16666666666666669,0.01851851851851849
15,16,71,0.5070422535211268,-0.3943661971830986,0.3943661971830986
15,17,60,0.016666666666666666,0.016666666666666666,0.016666666666666666
16,0,51,0.0,-0.9215686274509803,0.9215686274509803
16,1,45,0.0,-0.24444444444444444,1.0
16,2,51,0.0,0.0,0.47058823529411764
16,3,54,0.0,0.0,0.2777777777777778
16,4,49,0.0,0.0,0.7551020408163265
16,5,53,0.0,0.0,0.05660377358490566
16,6,52,0.0,0.0,0.019230769230769232
16,7,58,0.0,0.0,0.0
16,8,62,0.0,0.0,0.7741935483870968
16,9,66,0.2878787878787879,-0.24242424242424238,0.5909090909090908
16,10,71,0.16901408450704225,0.16901408450704225,0.01408450704225353
16,11,68,0.5294117647058824,0.5294117647058824,0.0
16,12,54,0.2962962962962963,0.2962962962962963,0.0
16,13,66,0.07575757575757576,0.030303030303030304,0.0
16,14,60,0.03333333333333333,0.03333333333333333,0.03333333333333333
16,15,54,0.3888888888888889,0.2777777777777778,0.0
16,16,71,0.7183098591549296,-0.18309859154929575,0.18309859154929575
16,17,60,0.08333333333333333,0.08333333333333333,0.0
17,0,51,0.0,-0.9215686274509803,0.9215686274509803
17,1,45,0.0,-0.24444444444444444,1.0
17,2,51,0.0,0.0,0.47058823529411764
17,3,54,0.0,0.0,0.2777777777777778
17,4,49,0.0,0.0,0.7551020408163265
17,5,53,0.0,0.0,0.05660377358490566
17,6,52,0.0,0.0,0.019230769230769232
17,7,58,0.0,0.0,0.0
17,8,62,0.0,0.0,0.7741935483870968
17,9,66,0.9696969696969697,0.43939393939393945,0.0
17,10,71,0.0,0.0,0.18309859154929578
17,11,68,0.35294117647058826,0.35294117647058826,0.1764705882352941
17,12,54,0.0,0.0,0.2962962962962963
17,13,66,0.0,-0.045454545454545456,0.07575757575757576
17,14,60,0.05,0.05,0.016666666666666663
17,15,54,0.2037037037037037,0.09259259259259259,0.1851851851851852
17,16,71,0.2112676056338028,-0.6901408450704225,0.6901408450704225
17,17,60,0.0,0.0,0.08333333333333333
18,0,51,0.0,-0.9215686274509803,0.9215686274509803
18,1,45,0.0,-0.24444444444444444,1.0
18,2,51,0.0,0.0,0.47058823529411764
18,3,54,0.0,0.0,0.2777777777777778
18,4,49,0.0,0.0,0.7551020408163265
18,5,53,0.0,0.0,0.05660377358490566
18,6,52,0.0,0.0,0.019230769230769232
18,7,58,0.0,0.0,0.0
18,8,62,0.0,0.0,0.7741935483870968
18,9,66,0.045454545454545456,-0.4848484848484848,0.9242424242424243
18,10,71,0.14084507042253522,0.14084507042253522,0.04225352112676056
18,11,68,0.3382352941176471,0.3382352941176471,0.19117647058823528
18,12,54,0.35185185185185186,0.35185185185185186,0.0
18,13,66,0.06060606060606061,0.015151515151515152,0.015151515151515152
18,14,60,0.016666666666666666,0.016666666666666666,0.05
18,15,54,0.7407407407407407,0.6296296296296295,0.0
18,16,71,0.7887323943661971,-0.11267605633802824,0.11267605633802824
18,17,60,0.23333333333333334,0.23333333333333334,0.0
19,0,51,0.0,-0.9215686274509803,0.9215686274509803
19,1,45,0.0,-0.24444444444444444,1.0
19,2,51,0.0,0.0,0.47058823529411764
19,3,54,0.0,0.0,0.2777777777777778
19,4,49,0.0,0.0,0.7551020408163265
19,5,53,0.0,0.0,0.05660377358490566
19,6,52,0.0,0.0,0.019230769230769232
19,7,58,0.0,0.0,0.0
19,8,62,0.0,0.0,0.7741935483870968
19,9,66,0.9696969696969697,0.43939393939393945,0.0
19,10,71,0.0,0.0,0.18309859154929578
19,11,68,0.38235294117647056,0.38235294117647056,0.1470588235294118
19,12,54,0.0,0.0,0.35185185185185186
19,13,66,0.0,-0.045454545454545456,0.07575757575757576
19,14,60,0.016666666666666666,0.016666666666666666,0.05
19,15,54,0.09259259259259259,-0.018518518518518517,0.6481481481481481
19,16,71,0.15492957746478872,-0.7464788732394366,0.7464788732394366
19,17,60,0.0,0.0,0.23333333333333334
20,0,51,0.0,-0.9215686274509803,0.9215686274509803
20,1,45,0.0,-0.24444444444444444,1.0
20,2,51,0.0,0.0,0.47058823529411764
20,3,54,0.0,0.0,0.2777777777777778
20,4,49,0.0,0.0,0.7551020408163265
20,5,53,0.0,0.0,0.05660377358490566
20,6,52,0.0,0.0,0.019230769230769232
20,7,58,0.0,0.0,0.0
20,8,62,0.0,0.0,0.7741935483870968
20,9,66,0.0,-0.5303030303030303,0.9696969696969697
20,10,71,0.1267605633802817,0.1267605633802817,0.05633802816901409
20,11,68,0.17647058823529413,0.17647058823529413,0.3529411764705882
20,12,54,0.3333333333333333,0.3333333333333333,0.018518518518518545
20,13,66,0.06060606060606061,0.015151515151515152,0.015151515151515152
20,14,60,0.08333333333333333,0.08333333333333333,0.0
20,15,54,0.6851851851851852,0.5740740740740742,0.05555555555555547
20,16,71,0.8028169014084507,-0.09859154929577463,0.09859154929577463
20,17,60,0.31666666666666665,0.31666666666666665,0.0
21,0,51,0.0,-0.9215686274509803,0.9215686274509803
21,1,45,0.0,-0.24444444444444444,1.0
21,2,51,0.0,0.0,0.47058823529411764
21,3,54,0.0,0.0,0.2777777777777778
21,4,49,0.0,0.0,0.7551020408163265
21,5,53,0.0,0.0,0.05660377358490566
21,6,52,0.0,0.0,0.019230769230769232
21,7,58,0.0,0.0,0.0
21,8,62,0.0,0.0,0.7741935483870968
21,9,66,0.0,-0.5303030303030303,0.9696969696969697
21,10,71,0.0,0.0,0.18309859154929578
21,11,68,0.0,0.0,0.5294117647058824
21,12,54,0.0,0.0,0.35185185185185186
21,13,66,0.0,-0.045454545454545456,0.07575757575757576
21,14,60,0.0,0.0,0.08333333333333333
21,15,54,0.0,-0.1111111111111111,0.7407407407407407
21,16,71,0.0,-0.9014084507042254,0.9014084507042254
21,17,60,0.0,0.0,0.31666666666666665
21,18,66,0.015151515151515152,,
21,19,52,0.057692307692307696,,
21,20,92,0.31521739130434784,,
21,21,55,0.23636363636363636,,
21,22,57,0.0,,
21,23,46,0.0,,
21,24,48,0.6875,,
21,25,81,0.35802469135802467,,
21,26,73,0.0,,
22,0,51,0.0,-0.9215686274509803,0.9215686274509803
22,1,45,0.0,-0.24444444444444444,1.0
22,2,51,0.0,0.0,0.47058823529411764
22,3,54,0.0,0.0,0.2777777777777778
22,4,49,0.0,0.0,0.7551020408163265
22,5,53,0.0,0.0,0.05660377358490566
22,6,52,0.0,0.0,0.019230769230769232
22,7,58,0.0,0.0,0.0
22,8,62,0.0,0.0,0.7741935483870968
22,9,66,0.0,-0.5303030303030303,0.9696969696969697
22,10,71,0.0,0.0,0.18309859154929578
22,11,68,0.0,0.0,0.5294117647058824
22,12,54,0.0,0.0,0.35185185185185186
22,13,66,0.0,-0.045454545454545456,0.07575757575757576
22,14,60,0.0,0.0,0.08333333333333333
22,15,54,0.0,-0.1111111111111111,0.7407407407407407
22,16,71,0.0,-0.9014084507042254,0.9014084507042254
22,17,60,0.0,0.0,0.31666666666666665
22,18,66,0.9242424242424242,0.9090909090909091,0.0
22,19,52,0.19230769230769232,0.13461538461538464,0.0
22,20,92,0.021739130434782608,-0.29347826086956524,0.29347826086956524
22,21,55,0.03636363636363636,-0.2,0.2
22,22,57,0.0,0.0,0.0
22,23,46,0.0,0.0,0.0
22,24,48,0.0,-0.6875,0.6875
22,25,81,0.13580246913580246,-0.2222222222222222,0.2222222222222222
22,26,73,0.0136986301369863,0.0136986301369863,0.0
23,0,51,0.0,-0.9215686274509803,0.9215686274509803
23,1,45,0.0,-0.24444444444444444,1.0
23,2,51,0.0,0.0,0.47058823529411764
23,3,54,0.0,0.0,0.2777777777777778
23,4,49,0.0,0.0,0.7551020408163265
23,5,53,0.0,0.0,0.05660377358490566
23,6,52,0.0,0.0,0.019230769230769232
23,7,58,0.0,0.0,0.0
23,8,62,0.0,0.0,0.7741935483870968
23,9,66,0.0,-0.5303030303030303,0.9696969696969697
23,10,71,0.0,0.0,0.18309859154929578
23,11,68,0.0,0.0,0.5294117647058824
23,12,54,0.0,0.0,0.35185185185185186
23,13,66,0.0,-0.045454545454545456,0.07575757575757576
23,14,60,0.0,0.0,0.08333333333333333
23,15,54,0.0,-0.1111111111111111,0.7407407407407407
23,16,71,0.0,-0.9014084507042254,0.9014084507042254
23,17,60,0.0,0.0,0.31666666666666665
23,18,66,0.7424242424242424,0.7272727272727273,0.18181818181818177
23,19,52,0.34615384615384615,0.28846153846153844,0.0
23,20,92,0.0,-0.31521739130434784,0.31521739130434784
23,21,55,0.0,-0.23636363636363636,0.23636363636363636
23,22,57,0.03508771929824561,0.03508771929824561,0.0
23,23,46,0.0,0.0,0.0
23,24,48,0.0,-0.6875,0.6875
23,25,81,0.5555555555555556,0.1975308641975309,0.0
23,26,73,0.0821917808219178,0.0821917808219178,0.0
24,0,51,0.0,-0.9215686274509803,0.9215686274509803
24,1,45,0.0,-0.24444444444444444,1.0
24,2,51,0.0,0.0,0.47058823529411764
24,3,54,0.0,0.0,0.2777777777777778
24,4,49,0.0,0.0,0.7551020408163265
24,5,53,0.0,0.0,0.05660377358490566
24,6,52,0.0,0.0,0.019230769230769232
24,7,58,0.0,0.0,0.0
24,8,62,0.0,0.0,0.7741935483870968
24,9,66,0.0,-0.5303030303030303,0.9696969696969697
24,10,71,0.0,0.0,0.18309859154929578
24,11,68,0.0,0.0,0.5294117647058824
24,12,54,0.0,0.0,0.35185185185185186
24,13,66,0.0,-0.045454545454545456,0.07575757575757576
24,14,60,0.0,0.0,0.08333333333333333
24,15,54,0.0,-0.1111111111111111,0.7407407407407407
24,16,71,0.0,-0.9014084507042254,0.9014084507042254
24,17,60,0.0,0.0,0.31666666666666665
24,18,66,0.8333333333333334,0.8181818181818182,0.09090909090909083
24,19,52,0.36538461538461536,0.30769230769230765,0.0
24,20,92,0.0,-0.31521739130434784,0.31521739130434784
24,21,55,0.0,-0.23636363636363636,0.23636363636363636
24,22,57,0.03508771929824561,0.03508771929824561,0.0
24,23,46,0.08695652173913043,0.08695652173913043,0.0
24,24,48,0.0,-0.6875,0.6875
24,25,81,0.49382716049382713,0.13580246913580246,0.06172839506172845
24,26,73,0.0684931506849315,0.0684931506849315,0.0136986301369863
25,0,51,0.0,-0.9215686274509803,0.9215686274509803
25,1,45,0.0,-0.24444444444444444,1.0
25,2,51,0.0,0.0,0.47058823529411764
25,3,54,0.0,0.0,0.2777777777777778
25,4,49,0.0,0.0,0.7551020408163265
25,5,53,0.0,0.0,0.05660377358490566
25,6,52,0.0,0.0,0.019230769230769232
25,7,58,0.0,0.0,0.0
25,8,62,0.0,0.0,0.7741935483870968
25,9,66,0.0,-0.5303030303030303,0.9696969696969697
25,10,71,0.0,0.0,0.18309859154929578
25,11,68,0.0,0.0,0.5294117647058824
25,12,54,0.0,0.0,0.35185185185185186
25,13,66,0.0,-0.045454545454545456,0.07575757575757576
25,14,60,0.0,0.0,0.08333333333333333
25,15,54,0.0,-0.1111111111111111,0.7407407407407407
25,16,71,0.0,-0.9014084507042254,0.9014084507042254
25,17,60,0.0,0.0,0.31666666666666665
25,18,66,0.7424242424242424,0.7272727272727273,0.18181818181818177
25,19,52,0.38461538461538464,0.3269230769230769,0.0
25,20,92,0.0,-0.31521739130434784,0.31521739130434784
25,21,55,0.0,-0.23636363636363636,0.23636363636363636
25,22,57,0.10526315789473684,0.10526315789473684,0.0
25,23,46,0.13043478260869565,0.13043478260869565,0.0
25,24,48,0.0,-0.6875,0.6875
25,25,81,0.5555555555555556,0.1975308641975309,0.0
25,26,73,0.1917808219178082,0.1917808219178082,0.0
26,0,51,0.0,-0.9215686274509803,0.9215686274509803
26,1,45,0.0,-0.24444444444444444,1.0
26,2,51,0.0,0.0,0.47058823529411764
26,3,54,0.0,0.0,0.2777777777777778
26,4,49,0.0,0.0,0.7551020408163265
26,5,53,0.0,0.0,0.05660377358490566
26,6,52,0.0,0.0,0.019230769230769232
26,7,58,0.0,0.0,0.0
26,8,62,0.0,0.0,0.7741935483870968
26,9,66,0.0,-0.5303030303030303,0.9696969696969697
26,10,71,0.0,0.0,0.18309859154929578
26,11,68,0.0,0.0,0.5294117647058824
26,12,54,0.0,0.0,0.35185185185185186
26,13,66,0.0,-0.045454545454545456,0.07575757575757576
26,14,60,0.0,0.0,0.08333333333333333
26,15,54,0.0,-0.1111111111111111,0.7407407407407407
26,16,71,0.0,-0.9014084507042254,0.9014084507042254
26,17,60,0.0,0.0,0.31666666666666665
26,18,66,0.8181818181818182,0.8030303030303031,0.10606060606060597
26,19,52,0.4230769230769231,0.36538461538461536,0.0
26,20,92,0.0,-0.31521739130434784,0.31521739130434784
26,21,55,0.0,-0.23636363636363636,0.23636363636363636
26,22,57,0.10526315789473684,0.10526315789473684,0.0
26,23,46,0.15217391304347827,0.15217391304347827,0.0
26,24,48,0.0,-0.6875,0.6875
26,25,81,0.5185185185185185,0.16049382716049382,0.03703703703703709
26,26,73,0.2191780821917808,0.2191780821917808,0.0
27,0,51,0.0,-0.9215686274509803,0.9215686274509803
27,1,45,0.0,-0.24444444444444444,1.0
27,2,51,0.0,0.0,0.47058823529411764
27,3,54,0.0,0.0,0.2777777777777778
27,4,49,0.0,0.0,0.7551020408163265
27,5,53,0.0,0.0,0.05660377358490566
27,6,52,0.0,0.0,0.019230769230769232
27,7,58,0.0,0.0,0.0
27,8,62,0.0,0.0,0.7741935483870968
27,9,66,0.0,-0.5303030303030303,0.9696969696969697
27,10,71,0.0,0.0,0.18309859154929578
27,11,68,0.0,0.0,0.5294117647058824
27,12,54,0.0,0.0,0.35185185185185186
27,13,66,0.0,-0.045454545454545456,0.07575757575757576
27,14,60,0.0,0.0,0.08333333333333333
27,15,54,0.0,-0.1111111111111111,0.7407407407407407
27,16,71,0.0,-0.9014084507042254,0.9014084507042254
27,17,60,0.0,0.0,0.31666666666666665
27,18,66,0.7878787878787878,0.7727272727272727,0.13636363636363635
27,19,52,0.4230769230769231,0.36538461538461536,0.0
27,20,92,0.0,-0.31521739130434784,0.31521739130434784
27,21,55,0.0,-0.23636363636363636,0.23636363636363636
27,22,57,0.10526315789473684,0.10526315789473684,0.0
27,23,46,0.15217391304347827,0.15217391304347827,0.0
27,24,48,0.0,-0.6875,0.6875
27,25,81,0.6172839506172839,0.25925925925925924,0.0
27,26,73,0.2328767123287671,0.2328767123287671,0.0
28,0,51,0.0,-0.9215686274509803,0.9215686274509803
28,1,45,0.0,-0.24444444444444444,1.0
28,2,51,0.0,0.0,0.47058823529411764
28,3,54,0.0,0.0,0.2777777777777778
28,4,49,0.0,0.0,0.7551020408163265
28,5,53,0.0,0.0,0.05660377358490566
28,6,52,0.0,0.0,0.019230769230769232
28,7,58,0.0,0.0,0.0
28,8,62,0.0,0.0,0.7741935483870968
28,9,66,0.0,-0.5303030303030303,0.9696969696969697
28,10,71,0.0,0.0,0.18309859154929578
28,11,68,0.0,0.0,0.5294117647058824
28,12,54,0.0,0.0,0.35185185185185186
28,13,66,0.0,-0.045454545454545456,0.07575757575757576
28,14,60,0.0,0.0,0.08333333333333333
28,15,54,0.0,-0.1111111111111111,0.7407407407407407
28,16,71,0.0,-0.9014084507042254,0.9014084507042254
28,17,60,0.0,0.0,0.31666666666666665
28,18,66,0.8333333333333334,0.8181818181818182,0.09090909090909083
28,19,52,0.40384615384615385,0.34615384615384615,0.019230769230769218
28,20,92,0.0,-0.31521739130434784,0.31521739130434784
28,21,55,0.0,-0.23636363636363636,0.23636363636363636
28,22,57,0.08771929824561403,0.08771929824561403,0.017543859649122806
28,23,46,0.21739130434782608,0.21739130434782608,0.0
28,24,48,0.0,-0.6875,0.6875
28,25,81,0.5555555555555556,0.1975308641975309,0.061728395061728336
28,26,73,0.2602739726027397,0.2602739726027397,0.0
29,0,51,0.0,-0.9215686274509803,0.9215686274509803
29,1,45,0.0,-0.24444444444444444,1.0
29,2,51,0.0,0.0,0.47058823529411764
29,3,54,0.0,0.0,0.2777777777777778
29,4,49,0.0,0.0,0.7551020408163265
29,5,53,0.0,0.0,0.05660377358490566
29,6,52,0.0,0.0,0.019230769230769232
29,7,58,0.0,0.0,0.0
29,8,62,0.0,0.0,0.7741935483870968
29,9,66,0.0,-0.5303030303030303,0.9696969696969697
29,10,71,0.0,0.0,0.18309859154929578
29,11,68,0.0,0.0,0.5294117647058824
29,12,54,0.0,0.0,0.35185185185185186
29,13,66,0.0,-0.045454545454545456,0.07575757575757576
29,14,60,0.0,0.0,0.08333333333333333
29,15,54,0.0,-0.1111111111111111,0.7407407407407407
29,16,71,0.0,-0.9014084507042254,0.9014084507042254
29,17,60,0.0,0.0,0.31666666666666665
29,18,66,0.8333333333333334,0.8181818181818182,0.09090909090909083
29,19,52,0.40384615384615385,0.34615384615384615,0.019230769230769218
29,20,92,0.0,-0.31521739130434784,0.31521739130434784
29,21,55,0.0,-0.23636363636363636,0.23636363636363636
29,22,57,0.19298245614035087,0.19298245614035087,0.0
29,23,46,0.08695652173913043,0.08695652173913043,0.13043478260869565
29,24,48,0.0,-0.6875,0.6875
29,25,81,0.5679012345679012,0.20987654320987653,0.04938271604938271
29,26,73,0.1780821917808219,0.1780821917808219,0.0821917808219178
30,0,51,0.0,-0.9215686274509803,0.9215686274509803
30,1,45,0.0,-0.24444444444444444,1.0
30,2,51,0.0,0.0,0.47058823529411764
30,3,54,0.0,0.0,0.2777777777777778
30,4,49,0.0,0.0,0.7551020408163265
30,5,53,0.0,0.0,0.05660377358490566
30,6,52,0.0,0.0,0.019230769230769232
30,7,58,0.0,0.0,0.0
30,8,62,0.0,0.0,0.7741935483870968
30,9,66,0.0,-0.5303030303030303,0.9696969696969697
30,10,71,0.0,0.0,0.18309859154929578
30,11,68,0.0,0.0,0.5294117647058824
30,12,54,0.0,0.0,0.35185185185185186
30,13,66,0.0,-0.045454545454545456,0.07575757575757576
30,14,60,0.0,0.0,0.08333333333333333
30,15,54,0.0,-0.1111111111111111,0.7407407407407407
30,16,71,0.0,-0.9014084507042254,0.9014084507042254
30,17,60,0.0,0.0,0.31666666666666665
30,18,66,0.7727272727272727,0.7575757575757576,0.1515151515151515
30,19,52,0.40384615384615385,0.34615384615384615,0.019230769230769218
30,20,92,0.010869565217391304,-0.30434782608695654,0.30434782608695654
30,21,55,0.0,-0.23636363636363636,0.23636363636363636
30,22,57,0.17543859649122806,0.17543859649122806,0.017543859649122806
30,23,46,0.21739130434782608,0.21739130434782608,0.0
30,24,48,0.0,-0.6875,0.6875
30,25,81,0.6419753086419753,0.2839506172839506,0.0
30,26,73,0.3287671232876712,0.3287671232876712,0.0
31,0,51,0.0,-0.9215686274509803,0.9215686274509803
31,1,45,0.0,-0.24444444444444444,1.0
31,2,51,0.0,0.0,0.47058823529411764
31,3,54,0.0,0.0,0.2777777777777778
31,4,49,0.0,0.0,0.7551020408163265
31,5,53,0.0,0.0,0.05660377358490566
31,6,52,0.0,0.0,0.019230769230769232
31,7,58,0.0,0.0,0.0
31,8,62,0.0,0.0,0.7741935483870968
31,9,66,0.0,-0.5303030303030303,0.9696969696969697
31,10,71,0.0,0.0,0.18309859154929578
31,11,68,0.0,0.0,0.5294117647058824
31,12,54,0.0,0.0,0.35185185185185186
31,13,66,0.0,-0.045454545454545456,0.07575757575757576
31,14,60,0.0,0.0,0.08333333333333333
31,15,54,0.0,-0.1111111111111111,0.7407407407407407
31,16,71,0.0,-0.9014084507042254,0.9014084507042254
31,17,60,0.0,0.0,0.31666666666666665
31,18,66,0.8333333333333334,0.8181818181818182,0.09090909090909083
31,19,52,0.36538461538461536,0.30769230769230765,0.05769230769230771
31,20,92,0.0,-0.31521739130434784,0.31521739130434784
31,21,55,0.0,-0.23636363636363636,0.23636363636363636
31,22,57,0.17543859649122806,0.17543859649122806,0.017543859649122806
31,23,46,0.17391304347826086,0.17391304347826086,0.043478260869565216
31,24,48,0.0,-0.6875,0.6875
31,25,81,0.6049382716049383,0.24691358024691362,0.03703703703703698
31,26,73,0.273972602739726,0.273972602739726,0.0547945205479452
32,0,51,0.0,-0.9215686274509803,0.9215686274509803
32,1,45,0.0,-0.24444444444444444,1.0
32,2,51,0.0,0.0,0.47058823529411764
32,3,54,0.0,0.0,0.2777777777777778
32,4,49,0.0,0.0,0.7551020408163265
32,5,53,0.0,0.0,0.05660377358490566
32,6,52,0.0,0.0,0.019230769230769232
32,7,58,0.0,0.0,0.0
32,8,62,0.0,0.0,0.7741935483870968
32,9,66,0.0,-0.5303030303030303,0.9696969696969697
32,10,71,0.0,0.0,0.18309859154929578
32,11,68,0.0,0.0,0.5294117647058824
32,12,54,0.0,0.0,0.35185185185185186
32,13,66,0.0,-0.045454545454545456,0.07575757575757576
32,14,60,0.0,0.0,0.08333333333333333
32,15,54,0.0,-0.1111111111111111,0.7407407407407407
32,16,71,0.0,-0.9014084507042254,0.9014084507042254
32,17,60,0.0,0.0,0.31666666666666665
32,18,66,0.803030303030303,0.7878787878787878,0.12121212121212122
32,19,52,0.4423076923076923,0.3846153846153846,0.0
32,20,92,0.021739130434782608,-0.29347826086956524,0.29347826086956524
32,21,55,0.03636363636363636,-0.2,0.2
32,22,57,0.2982456140350877,0.2982456140350877,0.0
32,23,46,0.1956521739130435,0.1956521739130435,0.021739130434782594
32,24,48,0.0,-0.6875,0.6875
32,25,81,0.49382716049382713,0.13580246913580246,0.14814814814814814
32,26,73,0.3150684931506849,0.3150684931506849,0.0136986301369863
33,0,51,0.0,-0.9215686274509803,0.9215686274509803
33,1,45,0.0,-0.24444444444444444,1.0
33,2,51,0.0,0.0,0.47058823529411764
33,3,54,0.0,0.0,0.2777777777777778
33,4,49,0.0,0.0,0.7551020408163265
33,5,53,0.0,0.0,0.05660377358490566
33,6,52,0.0,0.0,0.019230769230769232
33,7,58,0.0,0.0,0.0
33,8,62,0.0,0.0,0.7741935483870968
33,9,66,0.0,-0.5303030303030303,0.9696969696969697
33,10,71,0.0,0.0,0.18309859154929578
33,11,68,0.0,0.0,0.5294117647058824
33,12,54,0.0,0.0,0.35185185185185186
33,13,66,0.0,-0.045454545454545456,0.07575757575757576
33,14,60,0.0,0.0,0.08333333333333333
33,15,54,0.0,-0.1111111111111111,0.7407407407407407
33,16,71,0.0,-0.9014084507042254,0.9014084507042254
33,17,60,0.0,0.0,0.31666666666666665
33,18,66,0.7878787878787878,0.7727272727272727,0.13636363636363635
33,19,52,0.40384615384615385,0.34615384615384615,0.038461538461538436
33,20,92,0.010869565217391304,-0.30434782608695654,0.30434782608695654
33,21,55,0.01818181818181818,-0.21818181818181817,0.21818181818181817
33,22,57,0.12280701754385964,0.12280701754385964,0.17543859649122806
33,23,46,0.21739130434782608,0.21739130434782608,0.0
33,24,48,0.0,-0.6875,0.6875
33,25,81,0.7160493827160493,0.35802469135802467,0.0
33,26,73,0.3835616438356164,0.3835616438356164,0.0
34,0,51,0.0,-0.9215686274509803,0.9215686274509803
34,1,45,0.0,-0.24444444444444444,1.0
34,2,51,0.0,0.0,0.47058823529411764
34,3,54,0.0,0.0,0.2777777777777778
34,4,49,0.0,0.0,0.7551020408163265
34,5,53,0.0,0.0,0.05660377358490566
34,6,52,0.0,0.0,0.019230769230769232
34,7,58,0.0,0.0,0.0
34,8,62,0.0,0.0,0.7741935483870968
34,9,66,0.0,-0.5303030303030303,0.9696969696969697
34,10,71,0.0,0.0,0.18309859154929578
34,11,68,0.0,0.0,0.5294117647058824
34,12,54,0.0,0.0,0.35185185185185186
34,13,66,0.0,-0.045454545454545456,0.07575757575757576
34,14,60,0.0,0.0,0.08333333333333333
34,15,54,0.0,-0.1111111111111111,0.7407407407407407
34,16,71,0.0,-0.9014084507042254,0.9014084507042254
34,17,60,0.0,0.0,0.31666666666666665
34,18,66,0.803030303030303,0.7878787878787878,0.12121212121212122
34,19,52,0.4230769230769231,0.36538461538461536,0.019230769230769218
34,20,92,0.043478260869565216,-0.2717391304347826,0.2717391304347826
34,21,55,0.10909090909090909,-0.12727272727272726,0.12727272727272726
34,22,57,0.543859649122807,0.543859649122807,0.0
34,23,46,0.1956521739130435,0.1956521739130435,0.021739130434782594
34,24,48,0.20833333333333334,-0.47916666666666663,0.47916666666666663
34,25,81,0.30864197530864196,-0.04938271604938271,0.4074074074074074
34,26,73,0.273972602739726,0.273972602739726,0.1095890410958904
35,0,51,0.0,-0.9215686274509803,0.9215686274509803
35,1,45,0.0,-0.24444444444444444,1.0
35,2,51,0.0,0.0,0.47058823529411764
35,3,54,0.0,0.0,0.2777777777777778
35,4,49,0.0,0.0,0.7551020408163265
35,5,53,0.0,0.0,0.05660377358490566
35,6,52,0.0,0.0,0.019230769230769232
35,7,58,0.0,0.0,0.0
35,8,62,0.0,0.0,0.7741935483870968
35,9,66,0.0,-0.5303030303030303,0.9696969696969697
35,10,71,0.0,0.0,0.18309859154929578
35,11,68,0.0,0.0,0.5294117647058824
35,12,54,0.0,0.0,0.35185185185185186
35,13,66,0.0,-0.045454545454545456,0.07575757575757576
35,14,60,0.0,0.0,0.08333333333333333
35,15,54,0.0,-0.1111111111111111,0.7407407407407407
35,16,71,0.0,-0.9014084507042254,0.9014084507042254
35,17,60,0.0,0.0,0.31666666666666665
35,18,66,0.7878787878787878,0.7727272727272727,0.13636363636363635
35,19,52,0.40384615384615385,0.34615384615384615,0.038461538461538436
35,20,92,0.010869565217391304,-0.30434782608695654,0.30434782608695654
35,21,55,0.07272727272727272,-0.16363636363636364,0.16363636363636364
35,22,57,0.07017543859649122,0.07017543859649122,0.4736842105263158
35,23,46,0.1956521739130435,0.1956521739130435,0.021739130434782594
35,24,48,0.0,-0.6875,0.6875
35,25,81,0.7407407407407407,0.38271604938271603,0.0
35,26,73,0.3835616438356164,0.3835616438356164,0.0
36,0,51,0.0,-0.9215686274509803,0.9215686274509803
36,1,45,0.0,-0.24444444444444444,1.0
36,2,51,0.0,0.0,0.47058823529411764
36,3,54,0.0,0.0,0.2777777777777778
36,4,49,0.0,0.0,0.7551020408163265
36,5,53,0.0,0.0,0.05660377358490566
36,6,52,0.0,0.0,0.019230769230769232
36,7,58,0.0,0.0,0.0
36,8,62,0.0,0.0,0.7741935483870968
36,9,66,0.0,-0.5303030303030303,0.9696969696969697
36,10,71,0.0,0.0,0.18309859154929578
36,11,68,0.0,0.0,0.5294117647058824
36,12,54,0.0,0.0,0.35185185185185186
36,13,66,0.0,-0.045454545454545456,0.07575757575757576
36,14,60,0.0,0.0,0.08333333333333333
36,15,54,0.0,-0.1111111111111111,0.7407407407407407
36,16,71,0.0,-0.9014084507042254,0.9014084507042254
36,17,60,0.0,0.0,0.31666666666666665
36,18,66,0.7727272727272727,0.7575757575757576,0.1515151515151515
36,19,52,0.4423076923076923,0.3846153846153846,0.0
36,20,92,0.03260869565217391,-0.28260869565217395,0.28260869565217395
36,21,55,0.03636363636363636,-0.2,0.2
36,22,57,0.5964912280701754,0.5964912280701754,0.0
36,23,46,0.2608695652173913,0.2608695652173913,0.0
36,24,48,0.2708333333333333,-0.4166666666666667,0.4166666666666667
36,25,81,0.345679012345679,-0.012345679012345678,0.3950617283950617
36,26,73,0.2328767123287671,0.2328767123287671,0.1506849315068493
37,0,51,0.0,-0.9215686274509803,0.9215686274509803
37,1,45,0.0,-0.24444444444444444,1.0
37,2,51,0.0,0.0,0.47058823529411764
37,3,54,0.0,0.0,0.2777777777777778
37,4,49,0.0,0.0,0.7551020408163265
37,5,53,0.0,0.0,0.05660377358490566
37,6,52,0.0,0.0,0.019230769230769232
37,7,58,0.0,0.0,0.0
37,8,62,0.0,0.0,0.7741935483870968
37,9,66,0.0,-0.5303030303030303,0.9696969696969697
37,10,71,0.0,0.0,0.18309859154929578
37,11,68,0.0,0.0,0.5294117647058824
37,12,54,0.0,0.0,0.35185185185185186
37,13,66,0.0,-0.045454545454545456,0.07575757575757576
37,14,60,0.0,0.0,0.08333333333333333
37,15,54,0.0,-0.1111111111111111,0.7407407407407407
37,16,71,0.0,-0.9014084507042254,0.9014084507042254
37,17,60,0.0,0.0,0.31666666666666665
37,18,66,0.7727272727272727,0.7575757575757576,0.1515151515151515
37,19,52,0.36538461538461536,0.30769230769230765,0.07692307692307693
37,20,92,0.05434782608695652,-0.2608695652173913,0.2608695652173913
37,21,55,0.16363636363636364,-0.07272727272727272,0.07272727272727272
37,22,57,0.07017543859649122,0.07017543859649122,0.5263157894736842
37,23,46,0.21739130434782608,0.21739130434782608,0.043478260869565216
37,24,48,0.08333333333333333,-0.6041666666666666,0.6041666666666666
37,25,81,0.691358024691358,0.3333333333333333,0.04938271604938271
37,26,73,0.5205479452054794,0.5205479452054794,0.0
38,0,51,0.0,-0.9215686274509803,0.9215686274509803
38,1,45,0.0,-0.24444444444444444,1.0
38,2,51,0.0,0.0,0.47058823529411764
38,3,54,0.0,0.0,0.2777777777777778
38,4,49,0.0,0.0,0.7551020408163265
38,5,53,0.0,0.0,0.05660377358490566
38,6,52,0.0,0.0,0.019230769230769232
38,7,58,0.0,0.0,0.0
38,8,62,0.0,0.0,0.7741935483870968
38,9,66,0.0,-0.5303030303030303,0.9696969696969697
38,10,71,0.0,0.0,0.18309859154929578
38,11,68,0.0,0.0,0.5294117647058824
38,12,54,0.0,0.0,0.35185185185185186
38,13,66,0.0,-0.045454545454545456,0.07575757575757576
38,14,60,0.0,0.0,0.08333333333333333
38,15,54,0.0,-0.1111111111111111,0.7407407407407407
38,16,71,0.0,-0.9014084507042254,0.9014084507042254
38,17,60,0.0,0.0,0.31666666666666665
38,18,66,0.7727272727272727,0.7575757575757576,0.1515151515151515
38,19,52,0.4423076923076923,0.3846153846153846,0.0
38,20,92,0.021739130434782608,-0.29347826086956524,0.29347826086956524
38,21,55,0.07272727272727272,-0.16363636363636364,0.16363636363636364
38,22,57,0.6491228070175439,0.6491228070175439,0.0
38,23,46,0.2608695652173913,0.2608695652173913,0.0
38,24,48,0.2708333333333333,-0.4166666666666667,0.4166666666666667
38,25,81,0.37037037037037035,0.012345679012345678,0.37037037037037035
38,26,73,0.2191780821917808,0.2191780821917808,0.3013698630136986
39,0,51,0.0,-0.9215686274509803,0.9215686274509803
39,1,45,0.0,-0.24444444444444444,1.0
39,2,51,0.0,0.0,0.47058823529411764
39,3,54,0.0,0.0,0.2777777777777778
39,4,49,0.0,0.0,0.7551020408163265
39,5,53,0.0,0.0,0.05660377358490566
39,6,52,0.0,0.0,0.019230769230769232
39,7,58,0.0,0.0,0.0
39,8,62,0.0,0.0,0.7741935483870968
39,9,66,0.0,-0.5303030303030303,0.9696969696969697
39,10,71,0.0,0.0,0.18309859154929578
39,11,68,0.0,0.0,0.5294117647058824
39,12,54,0.0,0.0,0.35185185185185186
39,13,66,0.0,-0.045454545454545456,0.07575757575757576
39,14,60,0.0,0.0,0.08333333333333333
39,15,54,0.0,-0.1111111111111111,0.7407407407407407
39,16,71,0.0,-0.9014084507042254,0.9014084507042254
39,17,60,0.0,0.0,0.31666666666666665
39,18,66,0.7727272727272727,0.7575757575757576,0.1515151515151515
39,19,52,0.40384615384615385,0.34615384615384615,0.038461538461538436
39,20,92,0.06521739130434782,-0.25,0.25
39,21,55,0.2545454545454545,0.01818181818181816,0.0
39,22,57,0.017543859649122806,0.017543859649122806,0.631578947368421
39,23,46,0.1956521739130435,0.1956521739130435,0.06521739130434781
39,24,48,0.16666666666666666,-0.5208333333333334,0.5208333333333334
39,25,81,0.5925925925925926,0.2345679012345679,0.14814814814814814
39,26,73,0.5342465753424658,0.5342465753424658,0.0
40,0,51,0.0,-0.9215686274509803,0.9215686274509803
40,1,45,0.0,-0.24444444444444444,1.0
40,2,51,0.0,0.0,0.47058823529411764
40,3,54,0.0,0.0,0.2777777777777778
40,4,49,0.0,0.0,0.7551020408163265
40,5,53,0.0,0.0,0.05660377358490566
40,6,52,0.0,0.0,0.019230769230769232
40,7,58,0.0,0.0,0.0
40,8,62,0.0,0.0,0.7741935483870968
40,9,66,0.0,-0.5303030303030303,0.9696969696969697
40,10,71,0.0,0.0,0.18309859154929578
40,11,68,0.0,0.0,0.5294117647058824
40,12,54,0.0,0.0,0.35185185185185186
40,13,66,0.0,-0.045454545454545456,0.07575757575757576
40,14,60,0.0,0.0,0.08333333333333333
40,15,54,0.0,-0.1111111111111111,0.7407407407407407
40,16,71,0.0,-0.9014084507042254,0.9014084507042254
40,17,60,0.0,0.0,0.31666666666666665
40,18,66,0.7424242424242424,0.7272727272727273,0.18181818181818177
40,19,52,0.46153846153846156,0.40384615384615385,0.0
40,20,92,0.021739130434782608,-0.29347826086956524,0.29347826086956524
40,21,55,0.07272727272727272,-0.16363636363636364,0.1818181818181818
40,22,57,0.7017543859649122,0.7017543859649122,0.0
40,23,46,0.2826086956521739,0.2826086956521739,0.0
40,24,48,0.22916666666666666,-0.45833333333333337,0.45833333333333337
40,25,81,0.37037037037037035,0.012345679012345678,0.37037037037037035
40,26,73,0.1643835616438356,0.1643835616438356,0.36986301369863017
41,0,51,0.0,-0.9215686274509803,0.9215686274509803
41,1,45,0.0,-0.24444444444444444,1.0
41,2,51,0.0,0.0,0.47058823529411764
41,3,54,0.0,0.0,0.2777777777777778
41,4,49,0.0,0.0,0.7551020408163265
41,5,53,0.0,0.0,0.05660377358490566
41,6,52,0.0,0.0,0.019230769230769232
41,7,58,0.0,0.0,0.0
41,8,62,0.0,0.0,0.7741935483870968
41,9,66,0.0,-0.5303030303030303,0.9696969696969697
41,10,71,0.0,0.0,0.18309859154929578
41,11,68,0.0,0.0,0.5294117647058824
41,12,54,0.0,0.0,0.35185185185185186
41,13,66,0.0,-0.045454545454545456,0.07575757575757576
41,14,60,0.0,0.0,0.08333333333333333
41,15,54,0.0,-0.1111111111111111,0.7407407407407407
41,16,71,0.0,-0.9014084507042254,0.9014084507042254
41,17,60,0.0,0.0,0.31666666666666665
41,18,66,0.7727272727272727,0.7575757575757576,0.1515151515151515
41,19,52,0.36538461538461536,0.30769230769230765,0.0961538461538462
41,20,92,0.06521739130434782,-0.25,0.25
41,21,55,0.38181818181818183,0.14545454545454548,0.0
41,22,57,0.0,0.0,0.7017543859649122
41,23,46,0.17391304347826086,0.17391304347826086,0.10869565217391303
41,24,48,0.25,-0.4375,0.4375
41,25,81,0.5185185185185185,0.16049382716049382,0.2222222222222222
41,26,73,0.5068493150684932,0.5068493150684932,0.0273972602739726
42,0,51,0.0,-0.9215686274509803,0.9215686274509803
42,1,45,0.0,-0.24444444444444444,1.0
42,2,51,0.0,0.0,0.47058823529411764
42,3,54,0.0,0.0,0.2777777777777778
42,4,49,0.0,0.0,0.7551020408163265
42,5,53,0.0,0.0,0.05660377358490566
42,6,52,0.0,0.0,0.019230769230769232
42,7,58,0.0,0.0,0.0
42,8,62,0.0,0.0,0.7741935483870968
42,9,66,0.0,-0.5303030303030303,0.9696969696969697
42,10,71,0.0,0.0,0.18309859154929578
42,11,68,0.0,0.0,0.5294117647058824
42,12,54,0.0,0.0,0.35185185185185186
42,13,66,0.0,-0.045454545454545456,0.07575757575757576
42,14,60,0.0,0.0,0.08333333333333333
42,15,54,0.0,-0.1111111111111111,0.7407407407407407
42,16,71,0.0,-0.9014084507042254,0.9014084507042254
42,17,60,0.0,0.0,0.31666666666666665
42,18,66,0.7272727272727273,0.7121212121212122,0.1969696969696969
42,19,52,0.46153846153846156,0.40384615384615385,0.0
42,20,92,0.021739130434782608,-0.29347826086956524,0.29347826086956524
42,21,55,0.07272727272727272,-0.16363636363636364,0.3090909090909091
42,22,57,0.7543859649122807,0.7543859649122807,0.0
42,23,46,0.32608695652173914,0.32608695652173914,0.0
42,24,48,0.22916666666666666,-0.45833333333333337,0.45833333333333337
42,25,81,0.35802469135802467,0.0,0.38271604938271603
42,26,73,0.1506849315068493,0.1506849315068493,0.3835616438356165
43,0,51,0.0,-0.9215686274509803,0.9215686274509803
43,1,45,0.0,-0.24444444444444444,1.0
43,2,51,0.0,0.0,0.47058823529411764
43,3,54,0.0,0.0,0.2777777777777778
43,4,49,0.0,0.0,0.7551020408163265
43,5,53,0.0,0.0,0.05660377358490566
43,6,52,0.0,0.0,0.019230769230769232
43,7,58,0.0,0.0,0.0
43,8,62,0.0,0.0,0.7741935483870968
43,9,66,0.0,-0.5303030303030303,0.9696969696969697
43,10,71,0.0,0.0,0.18309859154929578
43,11,68,0.0,0.0,0.5294117647058824
43,12,54,0.0,0.0,0.35185185185185186
43,13,66,0.0,-0.045454545454545456,0.07575757575757576
43,14,60,0.0,0.0,0.08333333333333333
43,15,54,0.0,-0.1111111111111111,0.7407407407407407
43,16,71,0.0,-0.9014084507042254,0.9014084507042254
43,17,60,0.0,0.0,0.31666666666666665
43,18,66,0.7727272727272727,0.7575757575757576,0.1515151515151515
43,19,52,0.38461538461538464,0.3269230769230769,0.07692307692307693
43,20,92,0.05434782608695652,-0.2608695652173913,0.2608695652173913
43,21,55,0.34545454545454546,0.1090909090909091,0.036363636363636376
43,22,57,0.0,0.0,0.7543859649122807
43,23,46,0.1956521739130435,0.1956521739130435,0.13043478260869565
43,24,48,0.22916666666666666,-0.45833333333333337,0.45833333333333337
43,25,81,0.5925925925925926,0.2345679012345679,0.14814814814814814
43,26,73,0.5205479452054794,0.5205479452054794,0.013698630136986356
44,0,51,0.0,-0.9215686274509803,0.9215686274509803
44,1,45,0.0,-0.24444444444444444,1.0
44,2,51,0.0,0.0,0.47058823529411764
44,3,54,0.0,0.0,0.2777777777777778
44,4,49,0.0,0.0,0.7551020408163265
44,5,53,0.0,0.0,0.05660377358490566
44,6,52,0.0,0.0,0.019230769230769232
44,7,58,0.0,0.0,0.0
44,8,62,0.0,0.0,0.7741935483870968
44,9,66,0.0,-0.5303030303030303,0.9696969696969697
44,10,71,0.0,0.0,0.18309859154929578
44,11,68,0.0,0.0,0.5294117647058824
44,12,54,0.0,0.0,0.35185185185185186
44,13,66,0.0,-0.045454545454545456,0.07575757575757576
44,14,60,0.0,0.0,0.08333333333333333
44,15,54,0.0,-0.1111111111111111,0.7407407407407407
44,16,71,0.0,-0.9014084507042254,0.9014084507042254
44,17,60,0.0,0.0,0.31666666666666665
44,18,66,0.7121212121212122,0.696969696969697,0.21212121212121204
44,19,52,0.4423076923076923,0.3846153846153846,0.019230769230769273
44,20,92,0.043478260869565216,-0.2717391304347826,0.2717391304347826
44,21,55,0.07272727272727272,-0.16363636363636364,0.3090909090909091
44,22,57,0.8070175438596491,0.8070175438596491,0.0
44,23,46,0.45652173913043476,0.45652173913043476,0.0
44,24,48,0.2708333333333333,-0.4166666666666667,0.4166666666666667
44,25,81,0.37037037037037035,0.012345679012345678,0.37037037037037035
44,26,73,0.1506849315068493,0.1506849315068493,0.3835616438356165
45,0,51,0.0,-0.9215686274509803,0.9215686274509803
45,1,45,0.0,-0.24444444444444444,1.0
45,2,51,0.0,0.0,0.47058823529411764
45,3,54,0.0,0.0,0.2777777777777778
45,4,49,0.0,0.0,0.7551020408163265
45,5,53,0.0,0.0,0.05660377358490566
45,6,52,0.0,0.0,0.019230769230769232
45,7,58,0.0,0.0,0.0
45,8,62,0.0,0.0,0.7741935483870968
45,9,66,0.0,-0.5303030303030303,0.9696969696969697
45,10,71,0.0,0.0,0.18309859154929578
45,11,68,0.0,0.0,0.5294117647058824
45,12,54,0.0,0.0,0.35185185185185186
45,13,66,0.0,-0.045454545454545456,0.07575757575757576
45,14,60,0.0,0.0,0.08333333333333333
45,15,54,0.0,-0.1111111111111111,0.7407407407407407
45,16,71,0.0,-0.9014084507042254,0.9014084507042254
45,17,60,0.0,0.0,0.31666666666666665
45,18,66,0.7424242424242424,0.7272727272727273,0.18181818181818177
45,19,52,0.40384615384615385,0.34615384615384615,0.05769230769230771
45,20,92,0.05434782608695652,-0.2608695652173913,0.2608695652173913
45,21,55,0.36363636363636365,0.1272727272727273,0.018181818181818188
45,22,57,0.0,0.0,0.8070175438596491
45,23,46,0.1956521739130435,0.1956521739130435,0.26086956521739124
45,24,48,0.3541666666666667,-0.3333333333333333,0.3333333333333333
45,25,81,0.5555555555555556,0.1975308641975309,0.18518518518518512
45,26,73,0.4931506849315068,0.4931506849315068,0.04109589041095896
46,0,51,0.0,-0.9215686274509803,0.9215686274509803
46,1,45,0.0,-0.24444444444444444,1.0
46,2,51,0.0,0.0,0.47058823529411764
46,3,54,0.0,0.0,0.2777777777777778
46,4,49,0.0,0.0,0.7551020408163265
46,5,53,0.0,0.0,0.05660377358490566
46,6,52,0.0,0.0,0.019230769230769232
46,7,58,0.0,0.0,0.0
46,8,62,0.0,0.0,0.7741935483870968
46,9,66,0.0,-0.5303030303030303,0.9696969696969697
46,10,71,0.0,0.0,0.18309859154929578
46,11,68,0.0,0.0,0.5294117647058824
46,12,54,0.0,0.0,0.35185185185185186
46,13,66,0.0,-0.045454545454545456,0.07575757575757576
46,14,60,0.0,0.0,0.08333333333333333
46,15,54,0.0,-0.1111111111111111,0.7407407407407407
46,16,71,0.0,-0.9014084507042254,0.9014084507042254
46,17,60,0.0,0.0,0.31666666666666665
46,18,66,0.6666666666666666,0.6515151515151515,0.25757575757575757
46,19,52,0.46153846153846156,0.40384615384615385,0.0
46,20,92,0.043478260869565216,-0.2717391304347826,0.2717391304347826
46,21,55,0.09090909090909091,-0.14545454545454545,0.2909090909090909
46,22,57,0.8245614035087719,0.8245614035087719,0.0
46,23,46,0.5,0.5,0.0
46,24,48,0.2916666666666667,-0.3958333333333333,0.3958333333333333
46,25,81,0.4074074074074074,0.04938271604938271,0.3333333333333333
46,26,73,0.1506849315068493,0.1506849315068493,0.3835616438356165
47,0,51,0.0,-0.9215686274509803,0.9215686274509803
47,1,45,0.0,-0.24444444444444444,1.0
47,2,51,0.0,0.0,0.47058823529411764
47,3,54,0.0,0.0,0.2777777777777778
47,4,49,0.0,0.0,0.7551020408163265
47,5,53,0.0,0.0,0.05660377358490566
47,6,52,0.0,0.0,0.019230769230769232
47,7,58,0.0,0.0,0.0
47,8,62,0.0,0.0,0.7741935483870968
47,9,66,0.0,-0.5303030303030303,0.9696969696969697
47,10,71,0.0,0.0,0.18309859154929578
47,11,68,0.0,0.0,0.5294117647058824
47,12,54,0.0,0.0,0.35185185185185186
47,13,66,0.0,-0.045454545454545456,0.07575757575757576
47,14,60,0.0,0.0,0.08333333333333333
47,15,54,0.0,-0.1111111111111111,0.7407407407407407
47,16,71,0.0,-0.9014084507042254,0.9014084507042254
47,17,60,0.0,0.0,0.31666666666666665
47,18,66,0.7575757575757576,0.7424242424242424,0.16666666666666663
47,19,52,0.40384615384615385,0.34615384615384615,0.05769230769230771
47,20,92,0.05434782608695652,-0.2608695652173913,0.2608695652173913
47,21,55,0.38181818181818183,0.14545454545454548,0.0
47,22,57,0.0,0.0,0.8245614035087719
47,23,46,0.1956521739130435,0.1956521739130435,0.30434782608695654
47,24,48,0.375,-0.3125,0.3125
47,25,81,0.5555555555555556,0.1975308641975309,0.18518518518518512
47,26,73,0.4383561643835616,0.4383561643835616,0.09589041095890416
48,0,51,0.0,-0.9215686274509803,0.9215686274509803
48,1,45,0.0,-0.24444444444444444,1.0
48,2,51,0.0,0.0,0.47058823529411764
48,3,54,0.0,0.0,0.2777777777777778
48,4,49,0.0,0.0,0.7551020408163265
48,5,53,0.0,0.0,0.05660377358490566
48,6,52,0.0,0.0,0.019230769230769232
48,7,58,0.0,0.0,0.0
48,8,62,0.0,0.0,0.7741935483870968
48,9,66,0.0,-0.5303030303030303,0.9696969696969697
48,10,71,0.0,0.0,0.18309859154929578
48,11,68,0.0,0.0,0.5294117647058824
48,12,54,0.0,0.0,0.35185185185185186
48,13,66,0.0,-0.045454545454545456,0.07575757575757576
48,14,60,0.0,0.0,0.08333333333333333
48,15,54,0.0,-0.1111111111111111,0.7407407407407407
48,16,71,0.0,-0.9014084507042254,0.9014084507042254
48,17,60,0.0,0.0,0.31666666666666665
48,18,66,0.6666666666666666,0.6515151515151515,0.25757575757575757
48,19,52,0.4230769230769231,0.36538461538461536,0.03846153846153849
48,20,92,0.05434782608695652,-0.2608695652173913,0.2608695652173913
48,21,55,0.09090909090909091,-0.14545454545454545,0.2909090909090909
48,22,57,0.8070175438596491,0.8070175438596491,0.01754385964912286
48,23,46,0.5652173913043478,0.5652173913043478,0.0
48,24,48,0.22916666666666666,-0.45833333333333337,0.45833333333333337
48,25,81,0.4567901234567901,0.09876543209876543,0.2839506172839506
48,26,73,0.1506849315068493,0.1506849315068493,0.3835616438356165
49,0,51,0.0,-0.9215686274509803,0.9215686274509803
49,1,45,0.0,-0.24444444444444444,1.0
49,2,51,0.0,0.0,0.47058823529411764
49,3,54,0.0,0.0,0.2777777777777778
49,4,49,0.0,0.0,0.7551020408163265
49,5,53,0.0,0.0,0.05660377358490566
49,6,52,0.0,0.0,0.019230769230769232
49,7,58,0.0,0.0,0.0
49,8,62,0.0,0.0,0.7741935483870968
49,9,66,0.0,-0.5303030303030303,0.9696969696969697
49,10,71,0.0,0.0,0.18309859154929578
49,11,68,0.0,0.0,0.5294117647058824
49,12,54,0.0,0.0,0.35185185185185186
49,13,66,0.0,-0.045454545454545456,0.07575757575757576
49,14,60,0.0,0.0,0.08333333333333333
49,15,54,0.0,-0.1111111111111111,0.7407407407407407
49,16,71,0.0,-0.9014084507042254,0.9014084507042254
49,17,60,0.0,0.0,0.31666666666666665
49,18,66,0.7121212121212122,0.696969696969697,0.21212121212121204
49,19,52,0.36538461538461536,0.30769230769230765,0.0961538461538462
49,20,92,0.07608695652173914,-0.2391304347826087,0.2391304347826087
49,21,55,0.4909090909090909,0.2545454545454545,0.0
49,22,57,0.017543859649122806,0.017543859649122806,0.8070175438596492
49,23,46,0.21739130434782608,0.21739130434782608,0.34782608695652173
49,24,48,0.4375,-0.25,0.25
49,25,81,0.4691358024691358,0.1111111111111111,0.2716049382716049
49,26,73,0.4383561643835616,0.4383561643835616,0.09589041095890416
50,0,51,0.0,-0.9215686274509803,0.9215686274509803
50,1,45,0.0,-0.24444444444444444,1.0
50,2,51,0.0,0.0,0.47058823529411764
50,3,54,0.0,0.0,0.2777777777777778
50,4,49,0.0,0.0,0.7551020408163265
50,5,53,0.0,0.0,0.05660377358490566
50,6,52,0.0,0.0,0.019230769230769232
50,7,58,0.0,0.0,0.0
50,8,62,0.0,0.0,0.7741935483870968
50,9,66,0.0,-0.5303030303030303,0.9696969696969697
50,10,71,0.0,0.0,0.18309859154929578
50,11,68,0.0,0.0,0.5294117647058824
50,12,54,0.0,0.0,0.35185185185185186
50,13,66,0.0,-0.045454545454545456,0.07575757575757576
50,14,60,0.0,0.0,0.08333333333333333
50,15,54,0.0,-0.1111111111111111,0.7407407407407407
50,16,71,0.0,-0.9014084507042254,0.9014084507042254
50,17,60,0.0,0.0,0.31666666666666665
50,18,66,0.696969696969697,0.6818181818181819,0.22727272727272718
50,19,52,0.4807692307692308,0.4230769230769231,0.0
50,20,92,0.043478260869565216,-0.2717391304347826,0.2717391304347826
50,21,55,0.14545454545454545,-0.09090909090909091,0.34545454545454546
50,22,57,0.7719298245614035,0.7719298245614035,0.052631578947368474
50,23,46,0.45652173913043476,0.45652173913043476,0.10869565217391303
50,24,48,0.2708333333333333,-0.4166666666666667,0.4166666666666667
50,25,81,0.4567901234567901,0.09876543209876543,0.2839506172839506
50,26,73,0.1780821917808219,0.1780821917808219,0.35616438356164387
51,0,51,0.0,-0.9215686274509803,0.9215686274509803
51,1,45,0.0,-0.24444444444444444,1.0
51,2,51,0.0,0.0,0.47058823529411764
51,3,54,0.0,0.0,0.2777777777777778
51,4,49,0.0,0.0,0.7551020408163265
51,5,53,0.0,0.0,0.05660377358490566
51,6,52,0.0,0.0,0.019230769230769232
51,7,58,0.0,0.0,0.0
51,8,62,0.0,0.0,0.7741935483870968
51,9,66,0.0,-0.5303030303030303,0.9696969696969697
51,10,71,0.0,0.0,0.18309859154929578
51,11,68,0.0,0.0,0.5294117647058824
51,12,54,0.0,0.0,0.35185185185185186
51,13,66,0.0,-0.045454545454545456,0.07575757575757576
51,14,60,0.0,0.0,0.08333333333333333
51,15,54,0.0,-0.1111111111111111,0.7407407407407407
51,16,71,0.0,-0.9014084507042254,0.9014084507042254
51,17,60,0.0,0.0,0.31666666666666665
51,18,66,0.7424242424242424,0.7272727272727273,0.18181818181818177
51,19,52,0.4230769230769231,0.36538461538461536,0.05769230769230771
51,20,92,0.06521739130434782,-0.25,0.25
51,21,55,0.41818181818181815,0.1818181818181818,0.07272727272727275
51,22,57,0.05263157894736842,0.05263157894736842,0.7719298245614035
51,23,46,0.1956521739130435,0.1956521739130435,0.3695652173913043
51,24,48,0.4166666666666667,-0.2708333333333333,0.2708333333333333
51,25,81,0.5679012345679012,0.20987654320987653,0.1728395061728395
51,26,73,0.4246575342465753,0.4246575342465753,0.10958904109589046
52,0,51,0.0,-0.9215686274509803,0.9215686274509803
52,1,45,0.0,-0.24444444444444444,1.0
52,2,51,0.0,0.0,0.47058823529411764
52,3,54,0.0,0.0,0.2777777777777778
52,4,49,0.0,0.0,0.7551020408163265
52,5,53,0.0,0.0,0.05660377358490566
52,6,52,0.0,0.0,0.019230769230769232
52,7,58,0.0,0.0,0.0
52,8,62,0.0,0.0,0.7741935483870968
52,9,66,0.0,-0.5303030303030303,0.9696969696969697
52,10,71,0.0,0.0,0.18309859154929578
52,11,68,0.0,0.0,0.5294117647058824
52,12,54,0.0,0.0,0.35185185185185186
52,13,66,0.0,-0.045454545454545456,0.07575757575757576
52,14,60,0.0,0.0,0.08333333333333333
52,15,54,0.0,-0.1111111111111111,0.7407407407407407
52,16,71,0.0,-0.9014084507042254,0.9014084507042254
52,17,60,0.0,0.0,0.31666666666666665
52,18,66,0.696969696969697,0.6818181818181819,0.22727272727272718
52,19,52,0.46153846153846156,0.40384615384615385,0.019230769230769218
52,20,92,0.06521739130434782,-0.25,0.25
52,21,55,0.18181818181818182,-0.054545454545454536,0.3090909090909091
52,22,57,0.7017543859649122,0.7017543859649122,0.1228070175438597
52,23,46,0.4782608695652174,0.4782608695652174,0.08695652173913038
52,24,48,0.2708333333333333,-0.4166666666666667,0.4166666666666667
52,25,81,0.5061728395061729,0.1481481481481482,0.23456790123456783
52,26,73,0.2054794520547945,0.2054794520547945,0.32876712328767127
53,0,51,0.0,-0.9215686274509803,0.9215686274509803
53,1,45,0.0,-0.24444444444444444,1.0
53,2,51,0.0,0.0,0.47058823529411764
53,3,54,0.0,0.0,0.2777777777777778
53,4,49,0.0,0.0,0.7551020408163265
53,5,53,0.0,0.0,0.05660377358490566
53,6,52,0.0,0.0,0.019230769230769232
53,7,58,0.0,0.0,0.0
53,8,62,0.0,0.0,0.7741935483870968
53,9,66,0.0,-0.5303030303030303,0.9696969696969697
53,10,71,0.0,0.0,0.18309859154929578
53,11,68,0.0,0.0,0.5294117647058824
53,12,54,0.0,0.0,0.35185185185185186
53,13,66,0.0,-0.045454545454545456,0.07575757575757576
53,14,60,0.0,0.0,0.08333333333333333
53,15,54,0.0,-0.1111111111111111,0.7407407407407407
53,16,71,0.0,-0.9014084507042254,0.9014084507042254
53,17,60,0.0,0.0,0.31666666666666665
53,18,66,0.7727272727272727,0.7575757575757576,0.1515151515151515
53,19,52,0.40384615384615385,0.34615384615384615,0.07692307692307693
53,20,92,0.06521739130434782,-0.25,0.25
53,21,55,0.38181818181818183,0.14545454545454548,0.10909090909090907
53,22,57,0.07017543859649122,0.07017543859649122,0.7543859649122807
53,23,46,0.1956521739130435,0.1956521739130435,0.3695652173913043
53,24,48,0.3958333333333333,-0.2916666666666667,0.2916666666666667
53,25,81,0.5802469135802469,0.22222222222222227,0.16049382716049376
53,26,73,0.4246575342465753,0.4246575342465753,0.10958904109589046
54,0,51,0.0,-0.9215686274509803,0.9215686274509803
54,1,45,0.0,-0.24444444444444444,1.0
54,2,51,0.0,0.0,0.47058823529411764
54,3,54,0.0,0.0,0.2777777777777778
54,4,49,0.0,0.0,0.7551020408163265
54,5,53,0.0,0.0,0.05660377358490566
54,6,52,0.0,0.0,0.019230769230769232
54,7,58,0.0,0.0,0.0
54,8,62,0.0,0.0,0.7741935483870968
54,9,66,0.0,-0.5303030303030303,0.9696969696969697
54,10,71,0.0,0.0,0.18309859154929578
54,11,68,0.0,0.0,0.5294117647058824
54,12,54,0.0,0.0,0.35185185185185186
54,13,66,0.0,-0.045454545454545456,0.07575757575757576
54,14,60,0.0,0.0,0.08333333333333333
54,15,54,0.0,-0.1111111111111111,0.7407407407407407
54,16,71,0.0,-0.9014084507042254,0.9014084507042254
54,17,60,0.0,0.0,0.31666666666666665
54,18,66,0.696969696969697,0.6818181818181819,0.22727272727272718
54,19,52,0.4423076923076923,0.3846153846153846,0.03846153846153849
54,20,92,0.07608695652173914,-0.2391304347826087,0.2391304347826087
54,21,55,0.14545454545454545,-0.09090909090909091,0.34545454545454546
54,22,57,0.7192982456140351,0.7192982456140351,0.10526315789473684
54,23,46,0.5,0.5,0.06521739130434778
54,24,48,0.22916666666666666,-0.45833333333333337,0.45833333333333337
54,25,81,0.5555555555555556,0.1975308641975309,0.18518518518518512
54,26,73,0.1780821917808219,0.1780821917808219,0.35616438356164387
55,0,51,0.0,-0.9215686274509803,0.9215686274509803
55,1,45,0.0,-0.24444444444444444,1.0
55,2,51,0.0,0.0,0.47058823529411764
55,3,54,0.0,0.0,0.2777777777777778
55,4,49,0.0,0.0,0.7551020408163265
55,5,53,0.0,0.0,0.05660377358490566
55,6,52,0.0,0.0,0.019230769230769232
55,7,58,0.0,0.0,0.0
55,8,62,0.0,0.0,0.7741935483870968
55,9,66,0.0,-0.5303030303030303,0.9696969696969697
55,10,71,0.0,0.0,0.18309859154929578
55,11,68,0.0,0.0,0.5294117647058824
55,12,54,0.0,0.0,0.35185185185185186
55,13,66,0.0,-0.045454545454545456,0.07575757575757576
55,14,60,0.0,0.0,0.08333333333333333
55,15,54,0.0,-0.1111111111111111,0.7407407407407407
55,16,71,0.0,-0.9014084507042254,0.9014084507042254
55,17,60,0.0,0.0,0.31666666666666665
55,18,66,0.7424242424242424,0.7272727272727273,0.18181818181818177
55,19,52,0.4230769230769231,0.36538461538461536,0.05769230769230771
55,20,92,0.06521739130434782,-0.25,0.25
55,21,55,0.41818181818181815,0.1818181818181818,0.07272727272727275
55,22,57,0.07017543859649122,0.07017543859649122,0.7543859649122807
55,23,46,0.21739130434782608,0.21739130434782608,0.34782608695652173
55,24,48,0.5,-0.1875,0.1875
55,25,81,0.5555555555555556,0.1975308641975309,0.18518518518518512
55,26,73,0.3972602739726027,0.3972602739726027,0.13698630136986306
56,0,51,0.0,-0.9215686274509803,0.9215686274509803
56,1,45,0.0,-0.24444444444444444,1.0
56,2,51,0.0,0.0,0.47058823529411764
56,3,54,0.0,0.0,0.2777777777777778
56,4,49,0.0,0.0,0.7551020408163265
56,5,53,0.0,0.0,0.05660377358490566
56,6,52,0.0,0.0,0.019230769230769232
56,7,58,0.0,0.0,0.0
56,8,62,0.0,0.0,0.7741935483870968
56,9,66,0.0,-0.5303030303030303,0.9696969696969697
56,10,71,0.0,0.0,0.18309859154929578
56,11,68,0.0,0.0,0.5294117647058824
56,12,54,0.0,0.0,0.35185185185185186
56,13,66,0.0,-0.045454545454545456,0.07575757575757576
56,14,60,0.0,0.0,0.08333333333333333
56,15,54,0.0,-0.1111111111111111,0.7407407407407407
56,16,71,0.0,-0.9014084507042254,0.9014084507042254
56,17,60,0.0,0.0,0.31666666666666665
56,18,66,0.696969696969697,0.6818181818181819,0.22727272727272718
56,19,52,0.40384615384615385,0.34615384615384615,0.07692307692307693
56,20,92,0.08695652173913043,-0.2282608695652174,0.2282608695652174
56,21,55,0.21818181818181817,-0.018181818181818188,0.2727272727272727
56,22,57,0.6140350877192983,0.6140350877192983,0.21052631578947367
56,23,46,0.43478260869565216,0.43478260869565216,0.13043478260869562
56,24,48,0.25,-0.4375,0.4375
56,25,81,0.5061728395061729,0.1481481481481482,0.23456790123456783
56,26,73,0.2191780821917808,0.2191780821917808,0.31506849315068497
57,0,51,0.0,-0.9215686274509803,0.9215686274509803
57,1,45,0.0,-0.24444444444444444,1.0
57,2,51,0.0,0.0,0.47058823529411764
57,3,54,0.0,0.0,0.2777777777777778
57,4,49,0.0,0.0,0.7551020408163265
57,5,53,0.0,0.0,0.05660377358490566
57,6,52,0.0,0.0,0.019230769230769232
57,7,58,0.0,0.0,0.0
57,8,62,0.0,0.0,0.7741935483870968
57,9,66,0.0,-0.5303030303030303,0.9696969696969697
57,10,71,0.0,0.0,0.18309859154929578
57,11,68,0.0,0.0,0.5294117647058824
57,12,54,0.0,0.0,0.35185185185185186
57,13,66,0.0,-0.045454545454545456,0.07575757575757576
57,14,60,0.0,0.0,0.08333333333333333
57,15,54,0.0,-0.1111111111111111,0.7407407407407407
57,16,71,0.0,-0.9014084507042254,0.9014084507042254
57,17,60,0.0,0.0,0.31666666666666665
57,18,66,0.7424242424242424,0.7272727272727273,0.18181818181818177
57,19,52,0.36538461538461536,0.30769230769230765,0.11538461538461542
57,20,92,0.07608695652173914,-0.2391304347826087,0.2391304347826087
57,21,55,0.45454545454545453,0.21818181818181817,0.036363636363636376
57,22,57,0.07017543859649122,0.07017543859649122,0.7543859649122807
57,23,46,0.2391304347826087,0.2391304347826087,0.3260869565217391
57,24,48,0.5,-0.1875,0.1875
57,25,81,0.5432098765432098,0.18518518518518517,0.19753086419753085
57,26,73,0.3698630136986301,0.3698630136986301,0.16438356164383566
58,0,51,0.0,-0.9215686274509803,0.9215686274509803
58,1,45,0.0,-0.24444444444444444,1.0
58,2,51,0.0,0.0,0.47058823529411764
58,3,54,0.0,0.0,0.2777777777777778
58,4,49,0.0,0.0,0.7551020408163265
58,5,53,0.0,0.0,0.05660377358490566
58,6,52,0.0,0.0,0.019230769230769232
58,7,58,0.0,0.0,0.0
58,8,62,0.0,0.0,0.7741935483870968
58,9,66,0.0,-0.5303030303030303,0.9696969696969697
58,10,71,0.0,0.0,0.18309859154929578
58,11,68,0.0,0.0,0.5294117647058824
58,12,54,0.0,0.0,0.35185185185185186
58,13,66,0.0,-0.045454545454545456,0.07575757575757576
58,14,60,0.0,0.0,0.08333333333333333
58,15,54,0.0,-0.1111111111111111,0.7407407407407407
58,16,71,0.0,-0.9014084507042254,0.9014084507042254
58,17,60,0.0,0.0,0.31666666666666665
58,18,66,0.696969696969697,0.6818181818181819,0.22727272727272718
58,19,52,0.38461538461538464,0.3269230769230769,0.09615384615384615
58,20,92,0.08695652173913043,-0.2282608695652174,0.2282608695652174
58,21,55,0.32727272727272727,0.09090909090909091,0.16363636363636364
58,22,57,0.6140350877192983,0.6140350877192983,0.21052631578947367
58,23,46,0.41304347826086957,0.41304347826086957,0.15217391304347822
58,24,48,0.2916666666666667,-0.3958333333333333,0.3958333333333333
58,25,81,0.49382716049382713,0.13580246913580246,0.24691358024691357
58,26,73,0.2054794520547945,0.2054794520547945,0.32876712328767127
59,0,51,0.0,-0.9215686274509803,0.9215686274509803
59,1,45,0.0,-0.24444444444444444,1.0
59,2,51,0.0,0.0,0.47058823529411764
59,3,54,0.0,0.0,0.2777777777777778
59,4,49,0.0,0.0,0.7551020408163265
59,5,53,0.0,0.0,0.05660377358490566
59,6,52,0.0,0.0,0.019230769230769232
59,7,58,0.0,0.0,0.0
59,8,62,0.0,0.0,0.7741935483870968
59,9,66,0.0,-0.5303030303030303,0.9696969696969697
59,10,71,0.0,0.0,0.18309859154929578
59,11,68,0.0,0.0,0.5294117647058824
59,12,54,0.0,0.0,0.35185185185185186
59,13,66,0.0,-0.045454545454545456,0.07575757575757576
59,14,60,0.0,0.0,0.08333333333333333
59,15,54,0.0,-0.1111111111111111,0.7407407407407407
59,16,71,0.0,-0.9014084507042254,0.9014084507042254
59,17,60,0.0,0.0,0.31666666666666665
59,18,66,0.7424242424242424,0.7272727272727273,0.18181818181818177
59,19,52,0.4230769230769231,0.36538461538461536,0.05769230769230771
59,20,92,0.06521739130434782,-0.25,0.25
59,21,55,0.4909090909090909,0.2545454545454545,0.0
59,22,57,0.07017543859649122,0.07017543859649122,0.7543859649122807
59,23,46,0.2391304347826087,0.2391304347826087,0.3260869565217391
59,24,48,0.4791666666666667,-0.20833333333333331,0.20833333333333331
59,25,81,0.5925925925925926,0.2345679012345679,0.14814814814814814
59,26,73,0.3698630136986301,0.3698630136986301,0.16438356164383566
60,0,51,0.0,-0.9215686274509803,0.9215686274509803
60,1,45,0.0,-0.24444444444444444,1.0
60,2,51,0.0,0.0,0.47058823529411764
60,3,54,0.0,0.0,0.2777777777777778
60,4,49,0.0,0.0,0.7551020408163265
60,5,53,0.0,0.0,0.05660377358490566
60,6,52,0.0,0.0,0.019230769230769232
60,7,58,0.0,0.0,0.0
60,8,62,0.0,0.0,0.7741935483870968
60,9,66,0.0,-0.5303030303030303,0.9696969696969697
60,10,71,0.0,0.0,0.18309859154929578
60,11,68,0.0,0.0,0.5294117647058824
60,12,54,0.0,0.0,0.35185185185185186
60,13,66,0.0,-0.045454545454545456,0.07575757575757576
60,14,60,0.0,0.0,0.08333333333333333
60,15,54,0.0,-0.1111111111111111,0.7407407407407407
60,16,71,0.0,-0.9014084507042254,0.9014084507042254
60,17,60,0.0,0.0,0.31666666666666665
60,18,66,0.696969696969697,0.6818181818181819,0.22727272727272718
60,19,52,0.40384615384615385,0.34615384615384615,0.07692307692307693
60,20,92,0.07608695652173914,-0.2391304347826087,0.2391304347826087
60,21,55,0.2909090909090909,0.054545454545454536,0.2
60,22,57,0.5789473684210527,0.5789473684210527,0.24561403508771928
60,23,46,0.41304347826086957,0.41304347826086957,0.15217391304347822
60,24,48,0.22916666666666666,-0.45833333333333337,0.45833333333333337
60,25,81,0.5925925925925926,0.2345679012345679,0.14814814814814814
60,26,73,0.2328767123287671,0.2328767123287671,0.30136986301369867
61,0,51,0.0,-0.9215686274509803,0.9215686274509803
61,1,45,0.0,-0.24444444444444444,1.0
61,2,51,0.0,0.0,0.47058823529411764
61,3,54,0.0,0.0,0.2777777777777778
61,4,49,0.0,0.0,0.7551020408163265
61,5,53,0.0,0.0,0.05660377358490566
61,6,52,0.0,0.0,0.019230769230769232
61,7,58,0.0,0.0,0.0
61,8,62,0.0,0.0,0.7741935483870968
61,9,66,0.0,-0.5303030303030303,0.9696969696969697
61,10,71,0.0,0.0,0.18309859154929578
61,11,68,0.0,0.0,0.5294117647058824
61,12,54,0.0,0.0,0.35185185185185186
61,13,66,0.0,-0.045454545454545456,0.07575757575757576
61,14,60,0.0,0.0,0.08333333333333333
61,15,54,0.0,-0.1111111111111111,0.7407407407407407
61,16,71,0.0,-0.9014084507042254,0.9014084507042254
61,17,60,0.0,0.0,0.31666666666666665
61,18,66,0.7272727272727273,0.7121212121212122,0.1969696969696969
61,19,52,0.4423076923076923,0.3846153846153846,0.03846153846153849
61,20,92,0.07608695652173914,-0.2391304347826087,0.2391304347826087
61,21,55,0.5818181818181818,0.34545454545454546,0.0
61,22,57,0.08771929824561403,0.08771929824561403,0.736842105263158
61,23,46,0.2608695652173913,0.2608695652173913,0.3043478260869565
61,24,48,0.4791666666666667,-0.20833333333333331,0.20833333333333331
61,25,81,0.5925925925925926,0.2345679012345679,0.14814814814814814
61,26,73,0.3150684931506849,0.3150684931506849,0.21917808219178087
62,0,51,0.0,-0.9215686274509803,0.9215686274509803
62,1,45,0.0,-0.24444444444444444,1.0
62,2,51,0.0,0.0,0.47058823529411764
62,3,54,0.0,0.0,0.2777777777777778
62,4,49,0.0,0.0,0.7551020408163265
62,5,53,0.0,0.0,0.05660377358490566
62,6,52,0.0,0.0,0.019230769230769232
62,7,58,0.0,0.0,0.0
62,8,62,0.0,0.0,0.7741935483870968
62,9,66,0.0,-0.5303030303030303,0.9696969696969697
62,10,71,0.0,0.0,0.18309859154929578
62,11,68,0.0,0.0,0.5294117647058824
62,12,54,0.0,0.0,0.35185185185185186
62,13,66,0.0,-0.045454545454545456,0.07575757575757576
62,14,60,0.0,0.0,0.08333333333333333
62,15,54,0.0,-0.1111111111111111,0.7407407407407407
62,16,71,0.0,-0.9014084507042254,0.9014084507042254
62,17,60,0.0,0.0,0.31666666666666665
62,18,66,0.696969696969697,0.6818181818181819,0.22727272727272718
62,19,52,0.40384615384615385,0.34615384615384615,0.07692307692307693
62,20,92,0.07608695652173914,-0.2391304347826087,0.2391304347826087
62,21,55,0.32727272727272727,0.09090909090909091,0.2545454545454545
62,22,57,0.5263157894736842,0.5263157894736842,0.29824561403508776
62,23,46,0.41304347826086957,0.41304347826086957,0.15217391304347822
62,24,48,0.25,-0.4375,0.4375
62,25,81,0.6049382716049383,0.24691358024691362,0.1358024691358024
62,26,73,0.2328767123287671,0.2328767123287671,0.30136986301369867
63,0,51,0.0,-0.9215686274509803,0.9215686274509803
63,1,45,0.0,-0.24444444444444444,1.0
63,2,51,0.0,0.0,0.47058823529411764
63,3,54,0.0,0.0,0.2777777777777778
63,4,49,0.0,0.0,0.7551020408163265
63,5,53,0.0,0.0,0.05660377358490566
63,6,52,0.0,0.0,0.019230769230769232
63,7,58,0.0,0.0,0.0
63,8,62,0.0,0.0,0.7741935483870968
63,9,66,0.0,-0.5303030303030303,0.9696969696969697
63,10,71,0.0,0.0,0.18309859154929578
63,11,68,0.0,0.0,0.5294117647058824
63,12,54,0.0,0.0,0.35185185185185186
63,13,66,0.0,-0.045454545454545456,0.07575757575757576
63,14,60,0.0,0.0,0.08333333333333333
63,15,54,0.0,-0.1111111111111111,0.7407407407407407
63,16,71,0.0,-0.9014084507042254,0.9014084507042254
63,17,60,0.0,0.0,0.31666666666666665
63,18,66,0.7121212121212122,0.696969696969697,0.21212121212121204
63,19,52,0.40384615384615385,0.34615384615384615,0.07692307692307693
63,20,92,0.08695652173913043,-0.2282608695652174,0.2282608695652174
63,21,55,0.6,0.36363636363636365,0.0
63,22,57,0.10526315789473684,0.10526315789473684,0.7192982456140351
63,23,46,0.2826086956521739,0.2826086956521739,0.2826086956521739
63,24,48,0.5,-0.1875,0.1875
63,25,81,0.5802469135802469,0.22222222222222227,0.16049382716049376
63,26,73,0.3150684931506849,0.3150684931506849,0.21917808219178087
64,0,51,0.0,-0.9215686274509803,0.9215686274509803
64,1,45,0.0,-0.24444444444444444,1.0
64,2,51,0.0,0.0,0.47058823529411764
64,3,54,0.0,0.0,0.2777777777777778
64,4,49,0.0,0.0,0.7551020408163265
64,5,53,0.0,0.0,0.05660377358490566
64,6,52,0.0,0.0,0.019230769230769232
64,7,58,0.0,0.0,0.0
64,8,62,0.0,0.0,0.7741935483870968
64,9,66,0.0,-0.5303030303030303,0.9696969696969697
64,10,71,0.0,0.0,0.18309859154929578
64,11,68,0.0,0.0,0.5294117647058824
64,12,54,0.0,0.0,0.35185185185185186
64,13,66,0.0,-0.045454545454545456,0.07575757575757576
64,14,60,0.0,0.0,0.08333333333333333
64,15,54,0.0,-0.1111111111111111,0.7407407407407407
64,16,71,0.0,-0.9014084507042254,0.9014084507042254
64,17,60,0.0,0.0,0.31666666666666665
64,18,66,0.696969696969697,0.6818181818181819,0.22727272727272718
64,19,52,0.4423076923076923,0.3846153846153846,0.03846153846153849
64,20,92,0.07608695652173914,-0.2391304347826087,0.2391304347826087
64,21,55,0.34545454545454546,0.1090909090909091,0.2545454545454545
64,22,57,0.5087719298245614,0.5087719298245614,0.3157894736842105
64,23,46,0.41304347826086957,0.41304347826086957,0.15217391304347822
64,24,48,0.3333333333333333,-0.3541666666666667,0.3541666666666667
64,25,81,0.6049382716049383,0.24691358024691362,0.1358024691358024
64,26,73,0.2876712328767123,0.2876712328767123,0.24657534246575347
65,0,51,0.0,-0.9215686274509803,0.9215686274509803
65,1,45,0.0,-0.24444444444444444,1.0
65,2,51,0.0,0.0,0.47058823529411764
65,3,54,0.0,0.0,0.2777777777777778
65,4,49,0.0,0.0,0.7551020408163265
65,5,53,0.0,0.0,0.05660377358490566
65,6,52,0.0,0.0,0.019230769230769232
65,7,58,0.0,0.0,0.0
65,8,62,0.0,0.0,0.7741935483870968
65,9,66,0.0,-0.5303030303030303,0.9696969696969697
65,10,71,0.0,0.0,0.18309859154929578
65,11,68,0.0,0.0,0.5294117647058824
65,12,54,0.0,0.0,0.35185185185185186
65,13,66,0.0,-0.045454545454545456,0.07575757575757576
65,14,60,0.0,0.0,0.08333333333333333
65,15,54,0.0,-0.1111111111111111,0.7407407407407407
65,16,71,0.0,-0.9014084507042254,0.9014084507042254
65,17,60,0.0,0.0,0.31666666666666665
65,18,66,0.7272727272727273,0.7121212121212122,0.1969696969696969
65,19,52,0.40384615384615385,0.34615384615384615,0.07692307692307693
65,20,92,0.07608695652173914,-0.2391304347826087,0.2391304347826087
65,21,55,0.5272727272727272,0.2909090909090909,0.07272727272727275
65,22,57,0.12280701754385964,0.12280701754385964,0.7017543859649122
65,23,46,0.2826086956521739,0.2826086956521739,0.2826086956521739
65,24,48,0.3125,-0.375,0.375
65,25,81,0.7160493827160493,0.35802469135802467,0.024691358024691357
65,26,73,0.3424657534246575,0.3424657534246575,0.19178082191780826
66,0,51,0.0,-0.9215686274509803,0.9215686274509803
66,1,45,0.0,-0.24444444444444444,1.0
66,2,51,0.0,0.0,0.47058823529411764
66,3,54,0.0,0.0,0.2777777777777778
66,4,49,0.0,0.0,0.7551020408163265
66,5,53,0.0,0.0,0.05660377358490566
66,6,52,0.0,0.0,0.019230769230769232
66,7,58,0.0,0.0,0.0
66,8,62,0.0,0.0,0.7741935483870968
66,9,66,0.0,-0.5303030303030303,0.9696969696969697
66,10,71,0.0,0.0,0.18309859154929578
66,11,68,0.0,0.0,0.5294117647058824
66,12,54,0.0,0.0,0.35185185185185186
66,13,66,0.0,-0.045454545454545456,0.07575757575757576
66,14,60,0.0,0.0,0.08333333333333333
66,15,54,0.0,-0.1111111111111111,0.7407407407407407
66,16,71,0.0,-0.9014084507042254,0.9014084507042254
66,17,60,0.0,0.0,0.31666666666666665
66,18,66,0.696969696969697,0.6818181818181819,0.22727272727272718
66,19,52,0.5,0.4423076923076923,0.0
66,20,92,0.043478260869565216,-0.2717391304347826,0.2717391304347826
66,21,55,0.18181818181818182,-0.054545454545454536,0.41818181818181815
66,22,57,0.47368421052631576,0.47368421052631576,0.3508771929824562
66,23,46,0.391304347826087,0.391304347826087,0.1739130434782608
66,24,48,0.20833333333333334,-0.47916666666666663,0.47916666666666663
66,25,81,0.691358024691358,0.3333333333333333,0.04938271604938271
66,26,73,0.3013698630136986,0.3013698630136986,0.23287671232876717
67,0,51,0.0,-0.9215686274509803,0.9215686274509803
67,1,45,0.0,-0.24444444444444444,1.0
67,2,51,0.0,0.0,0.47058823529411764
67,3,54,0.0,0.0,0.2777777777777778
67,4,49,0.0,0.0,0.7551020408163265
67,5,53,0.0,0.0,0.05660377358490566
67,6,52,0.0,0.0,0.019230769230769232
67,7,58,0.0,0.0,0.0
67,8,62,0.0,0.0,0.7741935483870968
67,9,66,0.0,-0.5303030303030303,0.9696969696969697
67,10,71,0.0,0.0,0.18309859154929578
67,11,68,0.0,0.0,0.5294117647058824
67,12,54,0.0,0.0,0.35185185185185186
67,13,66,0.0,-0.045454545454545456,0.07575757575757576
67,14,60,0.0,0.0,0.08333333333333333
67,15,54,0.0,-0.1111111111111111,0.7407407407407407
67,16,71,0.0,-0.9014084507042254,0.9014084507042254
67,17,60,0.0,0.0,0.31666666666666665
67,18,66,0.7727272727272727,0.7575757575757576,0.1515151515151515
67,19,52,0.4423076923076923,0.3846153846153846,0.05769230769230771
67,20,92,0.043478260869565216,-0.2717391304347826,0.2717391304347826
67,21,55,0.2,-0.03636363636363635,0.39999999999999997
67,22,57,0.12280701754385964,0.12280701754385964,0.7017543859649122
67,23,46,0.17391304347826086,0.17391304347826086,0.3913043478260869
67,24,48,0.125,-0.5625,0.5625
67,25,81,0.7901234567901234,0.43209876543209874,0.0
67,26,73,0.3972602739726027,0.3972602739726027,0.13698630136986306
68,0,51,0.0,-0.9215686274509803,0.9215686274509803
68,1,45,0.0,-0.24444444444444444,1.0
68,2,51,0.0,0.0,0.47058823529411764
68,3,54,0.0,0.0,0.2777777777777778
68,4,49,0.0,0.0,0.7551020408163265
68,5,53,0.0,0.0,0.05660377358490566
68,6,52,0.0,0.0,0.019230769230769232
68,7,58,0.0,0.0,0.0
68,8,62,0.0,0.0,0.7741935483870968
68,9,66,0.0,-0.5303030303030303,0.9696969696969697
68,10,71,0.0,0.0,0.18309859154929578
68,11,68,0.0,0.0,0.5294117647058824
68,12,54,0.0,0.0,0.35185185185185186
68,13,66,0.0,-0.045454545454545456,0.07575757575757576
68,14,60,0.0,0.0,0.08333333333333333
68,15,54,0.0,-0.1111111111111111,0.7407407407407407
68,16,71,0.0,-0.9014084507042254,0.9014084507042254
68,17,60,0.0,0.0,0.31666666666666665
68,18,66,0.7272727272727273,0.7121212121212122,0.1969696969696969
68,19,52,0.46153846153846156,0.40384615384615385,0.038461538461538436
68,20,92,0.043478260869565216,-0.2717391304347826,0.2717391304347826
68,21,55,0.21818181818181817,-0.018181818181818188,0.38181818181818183
68,22,57,0.45614035087719296,0.45614035087719296,0.368421052631579
68,23,46,0.30434782608695654,0.30434782608695654,0.26086956521739124
68,24,48,0.1875,-0.5,0.5
68,25,81,0.7160493827160493,0.35802469135802467,0.07407407407407407
68,26,73,0.3287671232876712,0.3287671232876712,0.20547945205479456
69,0,51,0.0,-0.9215686274509803,0.9215686274509803
69,1,45,0.0,-0.24444444444444444,1.0
69,2,51,0.0,0.0,0.47058823529411764
69,3,54,0.0,0.0,0.2777777777777778
69,4,49,0.0,0.0,0.7551020408163265
69,5,53,0.0,0.0,0.05660377358490566
69,6,52,0.0,0.0,0.019230769230769232
69,7,58,0.0,0.0,0.0
69,8,62,0.0,0.0,0.7741935483870968
69,9,66,0.0,-0.5303030303030303,0.9696969696969697
69,10,71,0.0,0.0,0.18309859154929578
69,11,68,0.0,0.0,0.5294117647058824
69,12,54,0.0,0.0,0.35185185185185186
69,13,66,0.0,-0.045454545454545456,0.07575757575757576
69,14,60,0.0,0.0,0.08333333333333333
69,15,54,0.0,-0.1111111111111111,0.7407407407407407
69,16,71,0.0,-0.9014084507042254,0.9014084507042254
69,17,60,0.0,0.0,0.31666666666666665
69,18,66,0.7575757575757576,0.7424242424242424,0.16666666666666663
69,19,52,0.46153846153846156,0.40384615384615385,0.038461538461538436
69,20,92,0.043478260869565216,-0.2717391304347826,0.2717391304347826
69,21,55,0.23636363636363636,0.0,0.36363636363636365
69,22,57,0.24561403508771928,0.24561403508771928,0.5789473684210527
69,23,46,0.2391304347826087,0.2391304347826087,0.3260869565217391
69,24,48,0.22916666666666666,-0.45833333333333337,0.45833333333333337
69,25,81,0.7160493827160493,0.35802469135802467,0.07407407407407407
69,26,73,0.3561643835616438,0.3561643835616438,0.17808219178082196
70,0,51,0.0,-0.9215686274509803,0.9215686274509803
70,1,45,0.0,-0.24444444444444444,1.0
70,2,51,0.0,0.0,0.47058823529411764
70,3,54,0.0,0.0,0.2777777777777778
70,4,49,0.0,0.0,0.7551020408163265
70,5,53,0.0,0.0,0.05660377358490566
70,6,52,0.0,0.0,0.019230769230769232
70,7,58,0.0,0.0,0.0
70,8,62,0.0,0.0,0.7741935483870968
70,9,66,0.0,-0.5303030303030303,0.9696969696969697
70,10,71,0.0,0.0,0.18309859154929578
70,11,68,0.0,0.0,0.5294117647058824
70,12,54,0.0,0.0,0.35185185185185186
70,13,66,0.0,-0.045454545454545456,0.07575757575757576
70,14,60,0.0,0.0,0.08333333333333333
70,15,54,0.0,-0.1111111111111111,0.7407407407407407
70,16,71,0.0,-0.9014084507042254,0.9014084507042254
70,17,60,0.0,0.0,0.31666666666666665
70,18,66,0.7272727272727273,0.7121212121212122,0.1969696969696969
70,19,52,0.4423076923076923,0.3846153846153846,0.05769230769230771
70,20,92,0.03260869565217391,-0.28260869565217395,0.28260869565217395
70,21,55,0.18181818181818182,-0.054545454545454536,0.41818181818181815
70,22,57,0.3684210526315789,0.3684210526315789,0.456140350877193
70,23,46,0.32608695652173914,0.32608695652173914,0.23913043478260865
70,24,48,0.20833333333333334,-0.47916666666666663,0.47916666666666663
70,25,81,0.7037037037037037,0.34567901234567905,0.08641975308641969
70,26,73,0.3424657534246575,0.3424657534246575,0.19178082191780826
71,0,51,0.0,-0.9215686274509803,0.9215686274509803
71,1,45,0.0,-0.24444444444444444,1.0
71,2,51,0.0,0.0,0.47058823529411764
71,3,54,0.0,0.0,0.2777777777777778
71,4,49,0.0,0.0,0.7551020408163265
71,5,53,0.0,0.0,0.05660377358490566
71,6,52,0.0,0.0,0.019230769230769232
71,7,58,0.0,0.0,0.0
71,8,62,0.0,0.0,0.7741935483870968
71,9,66,0.0,-0.5303030303030303,0.9696969696969697
71,10,71,0.0,0.0,0.18309859154929578
71,11,68,0.0,0.0,0.5294117647058824
71,12,54,0.0,0.0,0.35185185185185186
71,13,66,0.0,-0.045454545454545456,0.07575757575757576
71,14,60,0.0,0.0,0.08333333333333333
71,15,54,0.0,-0.1111111111111111,0.7407407407407407
71,16,71,0.0,-0.9014084507042254,0.9014084507042254
71,17,60,0.0,0.0,0.31666666666666665
71,18,66,0.7424242424242424,0.7272727272727273,0.18181818181818177
71,19,52,0.4423076923076923,0.3846153846153846,0.05769230769230771
71,20,92,0.043478260869565216,-0.2717391304347826,0.2717391304347826
71,21,55,0.23636363636363636,0.0,0.36363636363636365
71,22,57,0.24561403508771928,0.24561403508771928,0.5789473684210527
71,23,46,0.2608695652173913,0.2608695652173913,0.3043478260869565
71,24,48,0.22916666666666666,-0.45833333333333337,0.45833333333333337
71,25,81,0.7160493827160493,0.35802469135802467,0.07407407407407407
71,26,73,0.3424657534246575,0.3424657534246575,0.19178082191780826
72,0,51,0.0,-0.9215686274509803,0.9215686274509803
72,1,45,0.0,-0.24444444444444444,1.0
72,2,51,0.0,0.0,0.47058823529411764
72,3,54,0.0,0.0,0.2777777777777778
72,4,49,0.0,0.0,0.7551020408163265
72,5,53,0.0,0.0,0.05660377358490566
72,6,52,0.0,0.0,0.019230769230769232
72,7,58,0.0,0.0,0.0
72,8,62,0.0,0.0,0.7741935483870968
72,9,66,0.0,-0.5303030303030303,0.9696969696969697
72,10,71,0.0,0.0,0.18309859154929578
72,11,68,0.0,0.0,0.5294117647058824
72,12,54,0.0,0.0,0.35185185185185186
72,13,66,0.0,-0.045454545454545456,0.07575757575757576
72,14,60,0.0,0.0,0.08333333333333333
72,15,54,0.0,-0.1111111111111111,0.7407407407407407
72,16,71,0.0,-0.9014084507042254,0.9014084507042254
72,17,60,0.0,0.0,0.31666666666666665
72,18,66,0.7272727272727273,0.7121212121212122,0.1969696969696969
72,19,52,0.4230769230769231,0.36538461538461536,0.07692307692307693
72,20,92,0.03260869565217391,-0.28260869565217395,0.28260869565217395
72,21,55,0.18181818181818182,-0.054545454545454536,0.41818181818181815
72,22,57,0.38596491228070173,0.38596491228070173,0.4385964912280702
72,23,46,0.30434782608695654,0.30434782608695654,0.26086956521739124
72,24,48,0.20833333333333334,-0.47916666666666663,0.47916666666666663
72,25,81,0.7283950617283951,0.3703703703703704,0.061728395061728336
72,26,73,0.3561643835616438,0.3561643835616438,0.17808219178082196
73,0,51,0.0,-0.9215686274509803,0.9215686274509803
73,1,45,0.0,-0.24444444444444444,1.0
73,2,51,0.0,0.0,0.47058823529411764
73,3,54,0.0,0.0,0.2777777777777778
73,4,49,0.0,0.0,0.7551020408163265
73,5,53,0.0,0.0,0.05660377358490566
73,6,52,0.0,0.0,0.019230769230769232
73,7,58,0.0,0.0,0.0
73,8,62,0.0,0.0,0.7741935483870968
73,9,66,0.0,-0.5303030303030303,0.9696969696969697
73,10,71,0.0,0.0,0.18309859154929578
73,11,68,0.0,0.0,0.5294117647058824
73,12,54,0.0,0.0,0.35185185185185186
73,13,66,0.0,-0.045454545454545456,0.07575757575757576
73,14,60,0.0,0.0,0.08333333333333333
73,15,54,0.0,-0.1111111111111111,0.7407407407407407
73,16,71,0.0,-0.9014084507042254,0.9014084507042254
73,17,60,0.0,0.0,0.31666666666666665
73,18,66,0.7272727272727273,0.7121212121212122,0.1969696969696969
73,19,52,0.4230769230769231,0.36538461538461536,0.07692307692307693
73,20,92,0.03260869565217391,-0.28260869565217395,0.28260869565217395
73,21,55,0.2727272727272727,0.03636363636363635,0.32727272727272727
73,22,57,0.2982456140350877,0.2982456140350877,0.5263157894736843
73,23,46,0.2826086956521739,0.2826086956521739,0.2826086956521739
73,24,48,0.25,-0.4375,0.4375
73,25,81,0.7160493827160493,0.35802469135802467,0.07407407407407407
73,26,73,0.3287671232876712,0.3287671232876712,0.20547945205479456
74,0,51,0.0,-0.9215686274509803,0.9215686274509803
74,1,45,0.0,-0.24444444444444444,1.0
74,2,51,0.0,0.0,0.47058823529411764
74,3,54,0.0,0.0,0.2777777777777778
74,4,49,0.0,0.0,0.7551020408163265
74,5,53,0.0,0.0,0.05660377358490566
74,6,52,0.0,0.0,0.019230769230769232
74,7,58,0.0,0.0,0.0
74,8,62,0.0,0.0,0.7741935483870968
74,9,66,0.0,-0.5303030303030303,0.9696969696969697
74,10,71,0.0,0.0,0.18309859154929578
74,11,68,0.0,0.0,0.5294117647058824
74,12,54,0.0,0.0,0.35185185185185186
74,13,66,0.0,-0.045454545454545456,0.07575757575757576
74,14,60,0.0,0.0,0.08333333333333333
74,15,54,0.0,-0.1111111111111111,0.7407407407407407
74,16,71,0.0,-0.9014084507042254,0.9014084507042254
74,17,60,0.0,0.0,0.31666666666666665
74,18,66,0.7272727272727273,0.7121212121212122,0.1969696969696969
74,19,52,0.4230769230769231,0.36538461538461536,0.07692307692307693
74,20,92,0.05434782608695652,-0.2608695652173913,0.2608695652173913
74,21,55,0.2545454545454545,0.01818181818181816,0.34545454545454546
74,22,57,0.3508771929824561,0.3508771929824561,0.4736842105263158
74,23,46,0.30434782608695654,0.30434782608695654,0.26086956521739124
74,24,48,0.22916666666666666,-0.45833333333333337,0.45833333333333337
74,25,81,0.7160493827160493,0.35802469135802467,0.07407407407407407
74,26,73,0.3424657534246575,0.3424657534246575,0.19178082191780826
75,0,51,0.0,-0.9215686274509803,0.9215686274509803
75,1,45,0.0,-0.24444444444444444,1.0
75,2,51,0.0,0.0,0.47058823529411764
75,3,54,0.0,0.0,0.2777777777777778
75,4,49,0.0,0.0,0.7551020408163265
75,5,53,0.0,0.0,0.05660377358490566
75,6,52,0.0,0.0,0.019230769230769232
75,7,58,0.0,0.0,0.0
75,8,62,0.0,0.0,0.7741935483870968
75,9,66,0.0,-0.5303030303030303,0.9696969696969697
75,10,71,0.0,0.0,0.18309859154929578
75,11,68,0.0,0.0,0.5294117647058824
75,12,54,0.0,0.0,0.35185185185185186
75,13,66,0.0,-0.045454545454545456,0.07575757575757576
75,14,60,0.0,0.0,0.08333333333333333
75,15,54,0.0,-0.1111111111111111,0.7407407407407407
75,16,71,0.0,-0.9014084507042254,0.9014084507042254
75,17,60,0.0,0.0,0.31666666666666665
75,18,66,0.7272727272727273,0.7121212121212122,0.1969696969696969
75,19,52,0.4230769230769231,0.36538461538461536,0.07692307692307693
75,20,92,0.03260869565217391,-0.28260869565217395,0.28260869565217395
75,21,55,0.23636363636363636,0.0,0.36363636363636365
75,22,57,0.2807017543859649,0.2807017543859649,0.543859649122807
75,23,46,0.2826086956521739,0.2826086956521739,0.2826086956521739
75,24,48,0.20833333333333334,-0.47916666666666663,0.47916666666666663
75,25,81,0.7283950617283951,0.3703703703703704,0.061728395061728336
75,26,73,0.3424657534246575,0.3424657534246575,0.19178082191780826
76,0,51,0.0,-0.9215686274509803,0.9215686274509803
76,1,45,0.0,-0.24444444444444444,1.0
76,2,51,0.0,0.0,0.47058823529411764
76,3,54,0.0,0.0,0.2777777777777778
76,4,49,0.0,0.0,0.7551020408163265
76,5,53,0.0,0.0,0.05660377358490566
76,6,52,0.0,0.0,0.019230769230769232
76,7,58,0.0,0.0,0.0
76,8,62,0.0,0.0,0.7741935483870968
76,9,66,0.0,-0.5303030303030303,0.9696969696969697
76,10,71,0.0,0.0,0.18309859154929578
76,11,68,0.0,0.0,0.5294117647058824
76,12,54,0.0,0.0,0.35185185185185186
76,13,66,0.0,-0.045454545454545456,0.07575757575757576
76,14,60,0.0,0.0,0.08333333333333333
76,15,54,0.0,-0.1111111111111111,0.7407407407407407
76,16,71,0.0,-0.9014084507042254,0.9014084507042254
76,17,60,0.0,0.0,0.31666666666666665
76,18,66,0.7272727272727273,0.7121212121212122,0.1969696969696969
76,19,52,0.4230769230769231,0.36538461538461536,0.07692307692307693
76,20,92,0.043478260869565216,-0.2717391304347826,0.2717391304347826
76,21,55,0.21818181818181817,-0.018181818181818188,0.38181818181818183
76,22,57,0.3684210526315789,0.3684210526315789,0.456140350877193
76,23,46,0.30434782608695654,0.30434782608695654,0.26086956521739124
76,24,48,0.1875,-0.5,0.5
76,25,81,0.7283950617283951,0.3703703703703704,0.061728395061728336
76,26,73,0.3424657534246575,0.3424657534246575,0.19178082191780826
77,0,51,0.0,-0.9215686274509803,0.9215686274509803
77,1,45,0.0,-0.24444444444444444,1.0
77,2,51,0.0,0.0,0.47058823529411764
77,3,54,0.0,0.0,0.2777777777777778
77,4,49,0.0,0.0,0.7551020408163265
77,5,53,0.0,0.0,0.05660377358490566
77,6,52,0.0,0.0,0.019230769230769232
77,7,58,0.0,0.0,0.0
77,8,62,0.0,0.0,0.7741935483870968
77,9,66,0.0,-0.5303030303030303,0.9696969696969697
77,10,71,0.0,0.0,0.18309859154929578
77,11,68,0.0,0.0,0.5294117647058824
77,12,54,0.0,0.0,0.35185185185185186
77,13,66,0.0,-0.045454545454545456,0.07575757575757576
77,14,60,0.0,0.0,0.08333333333333333
77,15,54,0.0,-0.1111111111111111,0.7407407407407407
77,16,71,0.0,-0.9014084507042254,0.9014084507042254
77,17,60,0.0,0.0,0.31666666666666665
77,18,66,0.7121212121212122,0.696969696969697,0.21212121212121204
77,19,52,0.4423076923076923,0.3846153846153846,0.05769230769230771
77,20,92,0.05434782608695652,-0.2608695652173913,0.2608695652173913
77,21,55,0.32727272727272727,0.09090909090909091,0.2727272727272727
77,22,57,0.3157894736842105,0.3157894736842105,0.5087719298245614
77,23,46,0.30434782608695654,0.30434782608695654,0.26086956521739124
77,24,48,0.2916666666666667,-0.3958333333333333,0.3958333333333333
77,25,81,0.7160493827160493,0.35802469135802467,0.07407407407407407
77,26,73,0.3150684931506849,0.3150684931506849,0.21917808219178087
78,0,51,0.0,-0.9215686274509803,0.9215686274509803
78,1,45,0.0,-0.24444444444444444,1.0
78,2,51,0.0,0.0,0.47058823529411764
78,3,54,0.0,0.0,0.2777777777777778
78,4,49,0.0,0.0,0.7551020408163265
78,5,53,0.0,0.0,0.05660377358490566
78,6,52,0.0,0.0,0.019230769230769232
78,7,58,0.0,0.0,0.0
78,8,62,0.0,0.0,0.7741935483870968
78,9,66,0.0,-0.5303030303030303,0.9696969696969697
78,10,71,0.0,0.0,0.18309859154929578
78,11,68,0.0,0.0,0.5294117647058824
78,12,54,0.0,0.0,0.35185185185185186
78,13,66,0.0,-0.045454545454545456,0.07575757575757576
78,14,60,0.0,0.0,0.08333333333333333
78,15,54,0.0,-0.1111111111111111,0.7407407407407407
78,16,71,0.0,-0.9014084507042254,0.9014084507042254
78,17,60,0.0,0.0,0.31666666666666665
78,18,66,0.696969696969697,0.6818181818181819,0.22727272727272718
78,19,52,0.4230769230769231,0.36538461538461536,0.07692307692307693
78,20,92,0.06521739130434782,-0.25,0.25
78,21,55,0.2909090909090909,0.054545454545454536,0.3090909090909091
78,22,57,0.3508771929824561,0.3508771929824561,0.4736842105263158
78,23,46,0.32608695652173914,0.32608695652173914,0.23913043478260865
78,24,48,0.25,-0.4375,0.4375
78,25,81,0.7037037037037037,0.34567901234567905,0.08641975308641969
78,26,73,0.3287671232876712,0.3287671232876712,0.20547945205479456
79,0,51,0.0,-0.9215686274509803,0.9215686274509803
79,1,45,0.0,-0.24444444444444444,1.0
79,2,51,0.0,0.0,0.47058823529411764
79,3,54,0.0,0.0,0.2777777777777778
79,4,49,0.0,0.0,0.7551020408163265
79,5,53,0.0,0.0,0.05660377358490566
79,6,52,0.0,0.0,0.019230769230769232
79,7,58,0.0,0.0,0.0
79,8,62,0.0,0.0,0.7741935483870968
79,9,66,0.0,-0.5303030303030303,0.9696969696969697
79,10,71,0.0,0.0,0.18309859154929578
79,11,68,0.0,0.0,0.5294117647058824
79,12,54,0.0,0.0,0.35185185185185186
79,13,66,0.0,-0.045454545454545456,0.07575757575757576
79,14,60,0.0,0.0,0.08333333333333333
79,15,54,0.0,-0.1111111111111111,0.7407407407407407
79,16,71,0.0,-0.9014084507042254,0.9014084507042254
79,17,60,0.0,0.0,0.31666666666666665
79,18,66,0.7121212121212122,0.696969696969697,0.21212121212121204
79,19,52,0.4230769230769231,0.36538461538461536,0.07692307692307693
79,20,92,0.05434782608695652,-0.2608695652173913,0.2608695652173913
79,21,55,0.2909090909090909,0.054545454545454536,0.3090909090909091
79,22,57,0.38596491228070173,0.38596491228070173,0.4385964912280702
79,23,46,0.3695652173913043,0.3695652173913043,0.19565217391304346
79,24,48,0.3125,-0.375,0.375
79,25,81,0.7037037037037037,0.34567901234567905,0.08641975308641969
79,26,73,0.3013698630136986,0.3013698630136986,0.23287671232876717
80,0,51,0.0,-0.9215686274509803,0.9215686274509803
80,1,45,0.0,-0.24444444444444444,1.0
80,2,51,0.0,0.0,0.47058823529411764
80,3,54,0.0,0.0,0.2777777777777778
80,4,49,0.0,0.0,0.7551020408163265
80,5,53,0.0,0.0,0.05660377358490566
80,6,52,0.0,0.0,0.019230769230769232
80,7,58,0.0,0.0,0.0
80,8,62,0.0,0.0,0.7741935483870968
80,9,66,0.0,-0.5303030303030303,0.9696969696969697
80,10,71,0.0,0.0,0.18309859154929578
80,11,68,0.0,0.0,0.5294117647058824
80,12,54,0.0,0.0,0.35185185185185186
80,13,66,0.0,-0.045454545454545456,0.07575757575757576
80,14,60,0.0,0.0,0.08333333333333333
80,15,54,0.0,-0.1111111111111111,0.7407407407407407
80,16,71,0.0,-0.9014084507042254,0.9014084507042254
80,17,60,0.0,0.0,0.31666666666666665
80,18,66,0.7121212121212122,0.696969696969697,0.21212121212121204
80,19,52,0.4230769230769231,0.36538461538461536,0.07692307692307693
80,20,92,0.07608695652173914,-0.2391304347826087,0.2391304347826087
80,21,55,0.32727272727272727,0.09090909090909091,0.2727272727272727
80,22,57,0.3157894736842105,0.3157894736842105,0.5087719298245614
80,23,46,0.2826086956521739,0.2826086956521739,0.2826086956521739
80,24,48,0.3125,-0.375,0.375
80,25,81,0.7037037037037037,0.34567901234567905,0.08641975308641969
80,26,73,0.3150684931506849,0.3150684931506849,0.21917808219178087
81,0,51,0.0,-0.9215686274509803,0.9215686274509803
81,1,45,0.0,-0.24444444444444444,1.0
81,2,51,0.0,0.0,0.47058823529411764
81,3,54,0.0,0.0,0.2777777777777778
81,4,49,0.0,0.0,0.7551020408163265
81,5,53,0.0,0.0,0.05660377358490566
81,6,52,0.0,0.0,0.019230769230769232
81,7,58,0.0,0.0,0.0
81,8,62,0.0,0.0,0.7741935483870968
81,9,66,0.0,-0.5303030303030303,0.9696969696969697
81,10,71,0.0,0.0,0.18309859154929578
81,11,68,0.0,0.0,0.5294117647058824
81,12,54,0.0,0.0,0.35185185185185186
81,13,66,0.0,-0.045454545454545456,0.07575757575757576
81,14,60,0.0,0.0,0.08333333333333333
81,15,54,0.0,-0.1111111111111111,0.7407407407407407
81,16,71,0.0,-0.9014084507042254,0.9014084507042254
81,17,60,0.0,0.0,0.31666666666666665
81,18,66,0.7121212121212122,0.696969696969697,0.21212121212121204
81,19,52,0.4230769230769231,0.36538461538461536,0.07692307692307693
81,20,92,0.05434782608695652,-0.2608695652173913,0.2608695652173913
81,21,55,0.2545454545454545,0.01818181818181816,0.34545454545454546
81,22,57,0.3684210526315789,0.3684210526315789,0.456140350877193
81,23,46,0.3695652173913043,0.3695652173913043,0.19565217391304346
81,24,48,0.22916666666666666,-0.45833333333333337,0.45833333333333337
81,25,81,0.7283950617283951,0.3703703703703704,0.061728395061728336
81,26,73,0.3150684931506849,0.3150684931506849,0.21917808219178087
82,0,51,0.0,-0.9215686274509803,0.9215686274509803
82,1,45,0.0,-0.24444444444444444,1.0
82,2,51,0.0,0.0,0.47058823529411764
82,3,54,0.0,0.0,0.2777777777777778
82,4,49,0.0,0.0,0.7551020408163265
82,5,53,0.0,0.0,0.05660377358490566
82,6,52,0.0,0.0,0.019230769230769232
82,7,58,0.0,0.0,0.0
82,8,62,0.0,0.0,0.7741935483870968
82,9,66,0.0,-0.5303030303030303,0.9696969696969697
82,10,71,0.0,0.0,0.18309859154929578
82,11,68,0.0,0.0,0.5294117647058824
82,12,54,0.0,0.0,0.35185185185185186
82,13,66,0.0,-0.045454545454545456,0.07575757575757576
82,14,60,0.0,0.0,0.08333333333333333
82,15,54,0.0,-0.1111111111111111,0.7407407407407407
82,16,71,0.0,-0.9014084507042254,0.9014084507042254
82,17,60,0.0,0.0,0.31666666666666665
82,18,66,0.7272727272727273,0.7121212121212122,0.1969696969696969
82,19,52,0.4230769230769231,0.36538461538461536,0.07692307692307693
82,20,92,0.06521739130434782,-0.25,0.25
82,21,55,0.3090909090909091,0.07272727272727272,0.2909090909090909
82,22,57,0.3333333333333333,0.3333333333333333,0.4912280701754386
82,23,46,0.32608695652173914,0.32608695652173914,0.23913043478260865
82,24,48,0.2916666666666667,-0.3958333333333333,0.3958333333333333
82,25,81,0.7283950617283951,0.3703703703703704,0.061728395061728336
82,26,73,0.3424657534246575,0.3424657534246575,0.19178082191780826
83,0,51,0.0,-0.9215686274509803,0.9215686274509803
83,1,45,0.0,-0.24444444444444444,1.0
83,2,51,0.0,0.0,0.47058823529411764
83,3,54,0.0,0.0,0.2777777777777778
83,4,49,0.0,0.0,0.7551020408163265
83,5,53,0.0,0.0,0.05660377358490566
83,6,52,0.0,0.0,0.019230769230769232
83,7,58,0.0,0.0,0.0
83,8,62,0.0,0.0,0.7741935483870968
83,9,66,0.0,-0.5303030303030303,0.9696969696969697
83,10,71,0.0,0.0,0.18309859154929578
83,11,68,0.0,0.0,0.5294117647058824
83,12,54,0.0,0.0,0.35185185185185186
83,13,66,0.0,-0.045454545454545456,0.07575757575757576
83,14,60,0.0,0.0,0.08333333333333333
83,15,54,0.0,-0.1111111111111111,0.7407407407407407
83,16,71,0.0,-0.9014084507042254,0.9014084507042254
83,17,60,0.0,0.0,0.31666666666666665
83,18,66,0.7272727272727273,0.7121212121212122,0.1969696969696969
83,19,52,0.4230769230769231,0.36538461538461536,0.07692307692307693
83,20,92,0.043478260869565216,-0.2717391304347826,0.2717391304347826
83,21,55,0.32727272727272727,0.09090909090909091,0.2727272727272727
83,22,57,0.3508771929824561,0.3508771929824561,0.4736842105263158
83,23,46,0.3695652173913043,0.3695652173913043,0.19565217391304346
83,24,48,0.22916666666666666,-0.45833333333333337,0.45833333333333337
83,25,81,0.7283950617283951,0.3703703703703704,0.061728395061728336
83,26,73,0.3287671232876712,0.3287671232876712,0.20547945205479456
84,0,51,0.0,-0.9215686274509803,0.9215686274509803
84,1,45,0.0,-0.24444444444444444,1.0
84,2,51,0.0,0.0,0.47058823529411764
84,3,54,0.0,0.0,0.2777777777777778
84,4,49,0.0,0.0,0.7551020408163265
84,5,53,0.0,0.0,0.05660377358490566
84,6,52,0.0,0.0,0.019230769230769232
84,7,58,0.0,0.0,0.0
84,8,62,0.0,0.0,0.7741935483870968
84,9,66,0.0,-0.5303030303030303,0.9696969696969697
84,10,71,0.0,0.0,0.18309859154929578
84,11,68,0.0,0.0,0.5294117647058824
84,12,54,0.0,0.0,0.35185185185185186
84,13,66,0.0,-0.045454545454545456,0.07575757575757576
84,14,60,0.0,0.0,0.08333333333333333
84,15,54,0.0,-0.1111111111111111,0.7407407407407407
84,16,71,0.0,-0.9014084507042254,0.9014084507042254
84,17,60,0.0,0.0,0.31666666666666665
84,18,66,0.7121212121212122,0.696969696969697,0.21212121212121204
84,19,52,0.4230769230769231,0.36538461538461536,0.07692307692307693
84,20,92,0.05434782608695652,-0.2608695652173913,0.2608695652173913
84,21,55,0.32727272727272727,0.09090909090909091,0.2727272727272727
84,22,57,0.3333333333333333,0.3333333333333333,0.4912280701754386
84,23,46,0.34782608695652173,0.34782608695652173,0.21739130434782605
84,24,48,0.2916666666666667,-0.3958333333333333,0.3958333333333333
84,25,81,0.7283950617283951,0.3703703703703704,0.061728395061728336
84,26,73,0.3287671232876712,0.3287671232876712,0.20547945205479456
85,0,51,0.0,-0.9215686274509803,0.9215686274509803
85,1,45,0.0,-0.24444444444444444,1.0
85,2,51,0.0,0.0,0.47058823529411764
85,3,54,0.0,0.0,0.2777777777777778
85,4,49,0.0,0.0,0.7551020408163265
85,5,53,0.0,0.0,0.05660377358490566
85,6,52,0.0,0.0,0.019230769230769232
85,7,58,0.0,0.0,0.0
85,8,62,0.0,0.0,0.7741935483870968
85,9,66,0.0,-0.5303030303030303,0.9696969696969697
85,10,71,0.0,0.0,0.18309859154929578
85,11,68,0.0,0.0,0.5294117647058824
85,12,54,0.0,0.0,0.35185185185185186
85,13,66,0.0,-0.045454545454545456,0.07575757575757576
85,14,60,0.0,0.0,0.08333333333333333
85,15,54,0.0,-0.1111111111111111,0.7407407407407407
85,16,71,0.0,-0.9014084507042254,0.9014084507042254
85,17,60,0.0,0.0,0.31666666666666665
85,18,66,0.7121212121212122,0.696969696969697,0.21212121212121204
85,19,52,0.4230769230769231,0.36538461538461536,0.07692307692307693
85,20,92,0.06521739130434782,-0.25,0.25
85,21,55,0.32727272727272727,0.09090909090909091,0.2727272727272727
85,22,57,0.3508771929824561,0.3508771929824561,0.4736842105263158
85,23,46,0.3695652173913043,0.3695652173913043,0.19565217391304346
85,24,48,0.2916666666666667,-0.3958333333333333,0.3958333333333333
85,25,81,0.7160493827160493,0.35802469135802467,0.07407407407407407
85,26,73,0.3287671232876712,0.3287671232876712,0.20547945205479456
86,0,51,0.0,-0.9215686274509803,0.9215686274509803
86,1,45,0.0,-0.24444444444444444,1.0
86,2,51,0.0,0.0,0.47058823529411764
86,3,54,0.0,0.0,0.2777777777777778
86,4,49,0.0,0.0,0.7551020408163265
86,5,53,0.0,0.0,0.05660377358490566
86,6,52,0.0,0.0,0.019230769230769232
86,7,58,0.0,0.0,0.0
86,8,62,0.0,0.0,0.7741935483870968
86,9,66,0.0,-0.5303030303030303,0.9696969696969697
86,10,71,0.0,0.0,0.18309859154929578
86,11,68,0.0,0.0,0.5294117647058824
86,12,54,0.0,0.0,0.35185185185185186
86,13,66,0.0,-0.045454545454545456,0.07575757575757576
86,14,60,0.0,0.0,0.08333333333333333
86,15,54,0.0,-0.1111111111111111,0.7407407407407407
86,16,71,0.0,-0.9014084507042254,0.9014084507042254
86,17,60,0.0,0.0,0.31666666666666665
86,18,66,0.696969696969697,0.6818181818181819,0.22727272727272718
86,19,52,0.4423076923076923,0.3846153846153846,0.05769230769230771
86,20,92,0.05434782608695652,-0.2608695652173913,0.2608695652173913
86,21,55,0.32727272727272727,0.09090909090909091,0.2727272727272727
86,22,57,0.3333333333333333,0.3333333333333333,0.4912280701754386
86,23,46,0.3695652173913043,0.3695652173913043,0.19565217391304346
86,24,48,0.2916666666666667,-0.3958333333333333,0.3958333333333333
86,25,81,0.7283950617283951,0.3703703703703704,0.061728395061728336
86,26,73,0.3150684931506849,0.3150684931506849,0.21917808219178087
87,0,51,0.0,-0.9215686274509803,0.9215686274509803
87,1,45,0.0,-0.24444444444444444,1.0
87,2,51,0.0,0.0,0.47058823529411764
87,3,54,0.0,0.0,0.2777777777777778
87,4,49,0.0,0.0,0.7551020408163265
87,5,53,0.0,0.0,0.05660377358490566
87,6,52,0.0,0.0,0.019230769230769232
87,7,58,0.0,0.0,0.0
87,8,62,0.0,0.0,0.7741935483870968
87,9,66,0.0,-0.5303030303030303,0.9696969696969697
87,10,71,0.0,0.0,0.18309859154929578
87,11,68,0.0,0.0,0.5294117647058824
87,12,54,0.0,0.0,0.35185185185185186
87,13,66,0.0,-0.045454545454545456,0.07575757575757576
87,14,60,0.0,0.0,0.08333333333333333
87,15,54,0.0,-0.1111111111111111,0.7407407407407407
87,16,71,0.0,-0.9014084507042254,0.9014084507042254
87,17,60,0.0,0.0,0.31666666666666665
87,18,66,0.7121212121212122,0.696969696969697,0.21212121212121204
87,19,52,0.38461538461538464,0.3269230769230769,0.11538461538461536
87,20,92,0.07608695652173914,-0.2391304347826087,0.2391304347826087
87,21,55,0.34545454545454546,0.1090909090909091,0.2545454545454545
87,22,57,0.42105263157894735,0.42105263157894735,0.4035087719298246
87,23,46,0.41304347826086957,0.41304347826086957,0.15217391304347822
87,24,48,0.3125,-0.375,0.375
87,25,81,0.7283950617283951,0.3703703703703704,0.061728395061728336
87,26,73,0.3013698630136986,0.3013698630136986,0.23287671232876717
88,0,51,0.0,-0.9215686274509803,0.9215686274509803
88,1,45,0.0,-0.24444444444444444,1.0
88,2,51,0.0,0.0,0.47058823529411764
88,3,54,0.0,0.0,0.2777777777777778
88,4,49,0.0,0.0,0.7551020408163265
88,5,53,0.0,0.0,0.05660377358490566
88,6,52,0.0,0.0,0.019230769230769232
88,7,58,0.0,0.0,0.0
88,8,62,0.0,0.0,0.7741935483870968
88,9,66,0.0,-0.5303030303030303,0.9696969696969697
88,10,71,0.0,0.0,0.18309859154929578
88,11,68,0.0,0.0,0.5294117647058824
88,12,54,0.0,0.0,0.35185185185185186
88,13,66,0.0,-0.045454545454545456,0.07575757575757576
88,14,60,0.0,0.0,0.08333333333333333
88,15,54,0.0,-0.1111111111111111,0.7407407407407407
88,16,71,0.0,-0.9014084507042254,0.9014084507042254
88,17,60,0.0,0.0,0.31666666666666665
88,18,66,0.7121212121212122,0.696969696969697,0.21212121212121204
88,19,52,0.4230769230769231,0.36538461538461536,0.07692307692307693
88,20,92,0.07608695652173914,-0.2391304347826087,0.2391304347826087
88,21,55,0.32727272727272727,0.09090909090909091,0.2727272727272727
88,22,57,0.2631578947368421,0.2631578947368421,0.5614035087719298
88,23,46,0.391304347826087,0.391304347826087,0.1739130434782608
88,24,48,0.3541666666666667,-0.3333333333333333,0.3333333333333333
88,25,81,0.7037037037037037,0.34567901234567905,0.08641975308641969
88,26,73,0.2876712328767123,0.2876712328767123,0.24657534246575347
89,0,51,0.0,-0.9215686274509803,0.9215686274509803
89,1,45,0.0,-0.24444444444444444,1.0
89,2,51,0.0,0.0,0.47058823529411764
89,3,54,0.0,0.0,0.2777777777777778
89,4,49,0.0,0.0,0.7551020408163265
89,5,53,0.0,0.0,0.05660377358490566
89,6,52,0.0,0.0,0.019230769230769232
89,7,58,0.0,0.0,0.0
89,8,62,0.0,0.0,0.7741935483870968
89,9,66,0.0,-0.5303030303030303,0.9696969696969697
89,10,71,0.0,0.0,0.18309859154929578
89,11,68,0.0,0.0,0.5294117647058824
89,12,54,0.0,0.0,0.35185185185185186
89,13,66,0.0,-0.045454545454545456,0.07575757575757576
89,14,60,0.0,0.0,0.08333333333333333
89,15,54,0.0,-0.1111111111111111,0.7407407407407407
89,16,71,0.0,-0.9014084507042254,0.9014084507042254
89,17,60,0.0,0.0,0.31666666666666665
89,18,66,0.7121212121212122,0.696969696969697,0.21212121212121204
89,19,52,0.40384615384615385,0.34615384615384615,0.09615384615384615
89,20,92,0.07608695652173914,-0.2391304347826087,0.2391304347826087
89,21,55,0.32727272727272727,0.09090909090909091,0.2727272727272727
89,22,57,0.38596491228070173,0.38596491228070173,0.4385964912280702
89,23,46,0.41304347826086957,0.41304347826086957,0.15217391304347822
89,24,48,0.3125,-0.375,0.375
89,25,81,0.7160493827160493,0.35802469135802467,0.07407407407407407
89,26,73,0.3287671232876712,0.3287671232876712,0.20547945205479456
90,0,51,0.0,-0.9215686274509803,0.9215686274509803
90,1,45,0.0,-0.24444444444444444,1.0
90,2,51,0.0,0.0,0.47058823529411764
90,3,54,0.0,0.0,0.2777777777777778
90,4,49,0.0,0.0,0.7551020408163265
90,5,53,0.0,0.0,0.05660377358490566
90,6,52,0.0,0.0,0.019230769230769232
90,7,58,0.0,0.0,0.0
90,8,62,0.0,0.0,0.7741935483870968
90,9,66,0.0,-0.5303030303030303,0.9696969696969697
90,10,71,0.0,0.0,0.18309859154929578
90,11,68,0.0,0.0,0.5294117647058824
90,12,54,0.0,0.0,0.35185185185185186
90,13,66,0.0,-0.045454545454545456,0.07575757575757576
90,14,60,0.0,0.0,0.08333333333333333
90,15,54,0.0,-0.1111111111111111,0.7407407407407407
90,16,71,0.0,-0.9014084507042254,0.9014084507042254
90,17,60,0.0,0.0,0.31666666666666665
90,18,66,0.696969696969697,0.6818181818181819,0.22727272727272718
90,19,52,0.4423076923076923,0.3846153846153846,0.05769230769230771
90,20,92,0.07608695652173914,-0.2391304347826087,0.2391304347826087
90,21,55,0.4,0.16363636363636366,0.19999999999999996
90,22,57,0.2982456140350877,0.2982456140350877,0.5263157894736843
90,23,46,0.391304347826087,0.391304347826087,0.1739130434782608
90,24,48,0.375,-0.3125,0.3125
90,25,81,0.6790123456790124,0.3209876543209877,0.11111111111111105
90,26,73,0.2602739726027397,0.2602739726027397,0.27397260273972607
