round,class_id,n,acc,bwt,forgetting
1,0,51,0.49019607843137253,,
1,1,45,0.5555555555555556,,
1,2,51,0.0,,
1,3,54,0.37037037037037035,,
1,4,49,0.0,,
1,5,53,0.018867924528301886,,
1,6,52,0.057692307692307696,,
1,7,58,0.0,,
1,8,62,0.0,,
2,0,51,0.27450980392156865,-0.21568627450980388,0.21568627450980388
2,1,45,0.6666666666666666,0.11111111111111105,0.0
2,2,51,0.0,0.0,0.0
2,3,54,0.0,-0.37037037037037035,0.37037037037037035
2,4,49,0.24489795918367346,0.24489795918367346,0.0
2,5,53,0.018867924528301886,0.0,0.0
2,6,52,0.0,-0.057692307692307696,0.057692307692307696
2,7,58,0.0,0.0,0.0
2,8,62,0.0,0.0,0.0
3,0,51,0.27450980392156865,-0.21568627450980388,0.21568627450980388
3,1,45,0.8,0.24444444444444446,0.0
3,2,51,0.0,0.0,0.0
3,3,54,0.0,-0.37037037037037035,0.37037037037037035
3,4,49,0.0,0.0,0.24489795918367346
3,5,53,0.0,-0.018867924528301886,0.018867924528301886
3,6,52,0.0,-0.057692307692307696,0.057692307692307696
3,7,58,0.0,0.0,0.0
3,8,62,0.0,0.0,0.0
4,0,51,0.43137254901960786,-0.05882352941176466,0.05882352941176466
4,1,45,0.2,-0.35555555555555557,0.6000000000000001
4,2,51,0.0,0.0,0.0
4,3,54,0.037037037037037035,-0.3333333333333333,0.3333333333333333
4,4,49,0.6122448979591837,0.6122448979591837,0.0
4,5,53,0.0,-0.018867924528301886,0.018867924528301886
4,6,52,0.0,-0.057692307692307696,0.057692307692307696
4,7,58,0.0,0.0,0.0
4,8,62,0.0,0.0,0.0
5,0,51,0.47058823529411764,-0.019607843137254888,0.019607843137254888
5,1,45,0.6888888888888889,0.1333333333333333,0.11111111111111116
5,2,51,0.0,0.0,0.0
5,3,54,0.0,-0.37037037037037035,0.37037037037037035
5,4,49,0.04081632653061224,0.04081632653061224,0.5714285714285714
5,5,53,0.0,-0.018867924528301886,0.018867924528301886
5,6,52,0.0,-0.057692307692307696,0.057692307692307696
5,7,58,0.0,0.0,0.0
5,8,62,0.0,0.0,0.0
6,0,51,0.2549019607843137,-0.23529411764705882,0.23529411764705882
6,1,45,0.044444444444444446,-0.5111111111111112,0.7555555555555556
6,2,51,0.0784313725490196,0.0784313725490196,0.0
6,3,54,0.1111111111111111,-0.25925925925925924,0.25925925925925924
6,4,49,0.4897959183673469,0.4897959183673469,0.12244897959183676
6,5,53,0.11320754716981132,0.09433962264150944,0.0
6,6,52,0.1346153846153846,0.07692307692307691,0.0
6,7,58,0.017241379310344827,0.017241379310344827,0.0
6,8,62,0.3387096774193548,0.3387096774193548,0.0
7,0,51,0.43137254901960786,-0.05882352941176466,0.05882352941176466
7,1,45,0.6666666666666666,0.11111111111111105,0.13333333333333341
7,2,51,0.0,0.0,0.0784313725490196
7,3,54,0.018518518518518517,-0.35185185185185186,0.35185185185185186
7,4,49,0.32653061224489793,0.32653061224489793,0.28571428571428575
7,5,53,0.0,-0.018867924528301886,0.11320754716981132
7,6,52,0.0,-0.057692307692307696,0.1346153846153846
7,7,58,0.0,0.0,0.017241379310344827
7,8,62,0.0,0.0,0.3387096774193548
8,0,51,0.3333333333333333,-0.1568627450980392,0.1568627450980392
8,1,45,0.4222222222222222,-0.13333333333333336,0.3777777777777778
8,2,51,0.0392156862745098,0.0392156862745098,0.0392156862745098
8,3,54,0.037037037037037035,-0.3333333333333333,0.3333333333333333
8,4,49,0.3673469387755102,0.3673469387755102,0.24489795918367346
8,5,53,0.1509433962264151,0.1320754716981132,0.0
8,6,52,0.1346153846153846,0.07692307692307691,0.0
8,7,58,0.034482758620689655,0.034482758620689655,0.0
8,8,62,0.3064516129032258,0.3064516129032258,0.032258064516129004
9,0,51,0.47058823529411764,-0.019607843137254888,0.019607843137254888
9,1,45,0.5777777777777777,0.022222222222222143,0.22222222222222232
9,2,51,0.0196078431372549,0.0196078431372549,0.058823529411764705
9,3,54,0.018518518518518517,-0.35185185185185186,0.35185185185185186
9,4,49,0.2653061224489796,0.2653061224489796,0.3469387755102041
9,5,53,0.09433962264150944,0.07547169811320756,0.05660377358490565
9,6,52,0.07692307692307693,0.019230769230769232,0.05769230769230768
9,7,58,0.0,0.0,0.034482758620689655
9,8,62,0.11290322580645161,0.11290322580645161,0.2258064516129032
10,0,51,0.3333333333333333,-0.1568627450980392,0.1568627450980392
10,1,45,0.4444444444444444,-0.11111111111111116,0.3555555555555556
10,2,51,0.058823529411764705,0.058823529411764705,0.0196078431372549
10,3,54,0.05555555555555555,-0.31481481481481477,0.31481481481481477
10,4,49,0.40816326530612246,0.40816326530612246,0.20408163265306123
10,5,53,0.1320754716981132,0.11320754716981132,0.018867924528301883
10,6,52,0.21153846153846154,0.15384615384615385,0.0
10,7,58,0.034482758620689655,0.034482758620689655,0.0
10,8,62,0.14516129032258066,0.14516129032258066,0.19354838709677416
11,0,51,0.0,-0.49019607843137253,0.49019607843137253
11,1,45,0.26666666666666666,-0.2888888888888889,0.5333333333333334
11,2,51,0.0196078431372549,0.0196078431372549,0.058823529411764705
11,3,54,0.0,-0.37037037037037035,0.37037037037037035
11,4,49,0.0,0.0,0.6122448979591837
11,5,53,0.1320754716981132,0.11320754716981132,0.018867924528301883
11,6,52,0.1346153846153846,0.07692307692307691,0.07692307692307693
11,7,58,0.0,0.0,0.034482758620689655
11,8,62,0.0,0.0,0.3387096774193548
11,9,66,0.0,,
11,10,71,0.028169014084507043,,
11,11,68,0.029411764705882353,,
11,12,54,0.037037037037037035,,
11,13,66,0.06060606060606061,,
11,14,60,0.45,,
11,15,54,0.05555555555555555,,
11,16,71,0.014084507042253521,,
11,17,60,0.016666666666666666,,
12,0,51,0.0,-0.49019607843137253,0.49019607843137253
12,1,45,0.022222222222222223,-0.5333333333333333,0.7777777777777778
12,2,51,0.0,0.0,0.0784313725490196
12,3,54,0.0,-0.37037037037037035,0.37037037037037035
12,4,49,0.0,0.0,0.6122448979591837
12,5,53,0.05660377358490566,0.03773584905660378,0.09433962264150943
12,6,52,0.0,-0.057692307692307696,0.21153846153846154
12,7,58,0.0,0.0,0.034482758620689655
12,8,62,0.0,0.0,0.3387096774193548
12,9,66,0.21212121212121213,0.21212121212121213,0.0
12,10,71,0.0,-0.028169014084507043,0.028169014084507043
12,11,68,0.07352941176470588,0.04411764705882353,0.0
12,12,54,0.1111111111111111,0.07407407407407407,0.0
12,13,66,0.015151515151515152,-0.045454545454545456,0.045454545454545456
12,14,60,0.0,-0.45,0.45
12,15,54,0.12962962962962962,0.07407407407407407,0.0
12,16,71,0.29577464788732394,0.28169014084507044,0.0
12,17,60,0.2833333333333333,0.26666666666666666,0.0
13,0,51,0.0,-0.49019607843137253,0.49019607843137253
13,1,45,0.0,-0.5555555555555556,0.8
13,2,51,0.0,0.0,0.0784313725490196
13,3,54,0.0,-0.37037037037037035,0.37037037037037035
13,4,49,0.0,0.0,0.6122448979591837
13,5,53,0.0,-0.018867924528301886,0.1509433962264151
13,6,52,0.0,-0.057692307692307696,0.21153846153846154
13,7,58,0.0,0.0,0.034482758620689655
13,8,62,0.0,0.0,0.3387096774193548
13,9,66,0.09090909090909091,0.09090909090909091,0.12121212121212122
13,10,71,0.0,-0.028169014084507043,0.028169014084507043
13,11,68,0.0,-0.029411764705882353,0.07352941176470588
13,12,54,0.0,-0.037037037037037035,0.1111111111111111
13,13,66,0.0,-0.06060606060606061,0.06060606060606061
13,14,60,0.0,-0.45,0.45
13,15,54,0.3888888888888889,0.33333333333333337,0.0
13,16,71,0.6056338028169014,0.5915492957746479,0.0
13,17,60,0.25,0.23333333333333334,0.033333333333333326
14,0,51,0.0,-0.49019607843137253,0.49019607843137253
14,1,45,0.0,-0.5555555555555556,0.8
14,2,51,0.0,0.0,0.0784313725490196
14,3,54,0.0,-0.37037037037037035,0.37037037037037035
14,4,49,0.0,0.0,0.6122448979591837
14,5,53,0.0,-0.018867924528301886,0.1509433962264151
14,6,52,0.0,-0.057692307692307696,0.21153846153846154
14,7,58,0.0,0.0,0.034482758620689655
14,8,62,0.0,0.0,0.3387096774193548
14,9,66,0.4696969696969697,0.4696969696969697,0.0
14,10,71,0.0,-0.028169014084507043,0.028169014084507043
14,11,68,0.04411764705882353,0.01470588235294118,0.029411764705882353
14,12,54,0.0,-0.037037037037037035,0.1111111111111111
14,13,66,0.0,-0.06060606060606061,0.06060606060606061
14,14,60,0.0,-0.45,0.45
14,15,54,0.3333333333333333,0.2777777777777778,0.05555555555555558
14,16,71,0.2676056338028169,0.2535211267605634,0.3380281690140845
14,17,60,0.15,0.13333333333333333,0.13333333333333333
15,0,51,0.0,-0.49019607843137253,0.49019607843137253
15,1,45,0.0,-0.5555555555555556,0.8
15,2,51,0.0,0.0,0.0784313725490196
15,3,54,0.0,-0.37037037037037035,0.37037037037037035
15,4,49,0.0,0.0,0.6122448979591837
15,5,53,0.0,-0.018867924528301886,0.1509433962264151
15,6,52,0.0,-0.057692307692307696,0.21153846153846154
15,7,58,0.0,0.0,0.034482758620689655
15,8,62,0.0,0.0,0.3387096774193548
15,9,66,0.12121212121212122,0.12121212121212122,0.3484848484848485
15,10,71,0.0,-0.028169014084507043,0.028169014084507043
15,11,68,0.0,-0.029411764705882353,0.07352941176470588
15,12,54,0.0,-0.037037037037037035,0.1111111111111111
15,13,66,0.015151515151515152,-0.045454545454545456,0.045454545454545456
15,14,60,0.0,-0.45,0.45
15,15,54,0.6666666666666666,0.611111111111111,0.0
15,16,71,0.676056338028169,0.6619718309859155,0.0
15,17,60,0.13333333333333333,0.11666666666666667,0.15
16,0,51,0.0,-0.49019607843137253,0.49019607843137253
16,1,45,0.0,-0.5555555555555556,0.8
16,2,51,0.0,0.0,0.0784313725490196
16,3,54,0.0,-0.37037037037037035,0.37037037037037035
16,4,49,0.0,0.0,0.6122448979591837
16,5,53,0.0,-0.018867924528301886,0.1509433962264151
16,6,52,0.0,-0.057692307692307696,0.21153846153846154
16,7,58,0.0,0.0,0.034482758620689655
16,8,62,0.0,0.0,0.3387096774193548
16,9,66,0.6818181818181818,0.6818181818181818,0.0
16,10,71,0.0,-0.028169014084507043,0.028169014084507043
16,11,68,0.08823529411764706,0.05882352941176471,0.0
16,12,54,0.018518518518518517,-0.018518518518518517,0.09259259259259259
16,13,66,0.09090909090909091,0.030303030303030304,0.0
16,14,60,0.0,-0.45,0.45
16,15,54,0.3888888888888889,0.33333333333333337,0.27777777777777773
16,16,71,0.29577464788732394,0.28169014084507044,0.38028169014084506
16,17,60,0.016666666666666666,0.0,0.26666666666666666
17,0,51,0.0,-0.49019607843137253,0.49019607843137253
17,1,45,0.0,-0.5555555555555556,0.8
17,2,51,0.0,0.0,0.0784313725490196
17,3,54,0.0,-0.37037037037037035,0.37037037037037035
17,4,49,0.0,0.0,0.6122448979591837
17,5,53,0.0,-0.018867924528301886,0.1509433962264151
17,6,52,0.0,-0.057692307692307696,0.21153846153846154
17,7,58,0.0,0.0,0.034482758620689655
17,8,62,0.0,0.0,0.3387096774193548
17,9,66,0.19696969696969696,0.19696969696969696,0.4848484848484848
17,10,71,0.014084507042253521,-0.014084507042253521,0.014084507042253521
17,11,68,0.014705882352941176,-0.014705882352941176,0.07352941176470588
17,12,54,0.1111111111111111,0.07407407407407407,0.0
17,13,66,0.12121212121212122,0.06060606060606061,0.0
17,14,60,0.08333333333333333,-0.3666666666666667,0.3666666666666667
17,15,54,0.5925925925925926,0.537037037037037,0.07407407407407407
17,16,71,0.6056338028169014,0.5915492957746479,0.07042253521126762
17,17,60,0.18333333333333332,0.16666666666666666,0.1
18,0,51,0.0,-0.49019607843137253,0.49019607843137253
18,1,45,0.0,-0.5555555555555556,0.8
18,2,51,0.0,0.0,0.0784313725490196
18,3,54,0.0,-0.37037037037037035,0.37037037037037035
18,4,49,0.0,0.0,0.6122448979591837
18,5,53,0.0,-0.018867924528301886,0.1509433962264151
18,6,52,0.0,-0.057692307692307696,0.21153846153846154
18,7,58,0.0,0.0,0.034482758620689655
18,8,62,0.0,0.0,0.3387096774193548
18,9,66,0.6666666666666666,0.6666666666666666,0.015151515151515138
18,10,71,0.014084507042253521,-0.014084507042253521,0.014084507042253521
18,11,68,0.10294117647058823,0.07352941176470587,0.0
18,12,54,0.07407407407407407,0.037037037037037035,0.037037037037037035
18,13,66,0.09090909090909091,0.030303030303030304,0.030303030303030304
18,14,60,0.016666666666666666,-0.43333333333333335,0.43333333333333335
18,15,54,0.48148148148148145,0.42592592592592593,0.18518518518518517
18,16,71,0.323943661971831,0.3098591549295775,0.352112676056338
18,17,60,0.08333333333333333,0.06666666666666667,0.2
19,0,51,0.0,-0.49019607843137253,0.49019607843137253
19,1,45,0.0,-0.5555555555555556,0.8
19,2,51,0.0,0.0,0.0784313725490196
19,3,54,0.0,-0.37037037037037035,0.37037037037037035
19,4,49,0.0,0.0,0.6122448979591837
19,5,53,0.0,-0.018867924528301886,0.1509433962264151
19,6,52,0.0,-0.057692307692307696,0.21153846153846154
19,7,58,0.0,0.0,0.034482758620689655
19,8,62,0.0,0.0,0.3387096774193548
19,9,66,0.24242424242424243,0.24242424242424243,0.43939393939393934
19,10,71,0.04225352112676056,0.01408450704225352,0.0
19,11,68,0.058823529411764705,0.029411764705882353,0.044117647058823525
19,12,54,0.25925925925925924,0.2222222222222222,0.0
19,13,66,0.13636363636363635,0.07575757575757575,0.0
19,14,60,0.08333333333333333,-0.3666666666666667,0.3666666666666667
19,15,54,0.6111111111111112,0.5555555555555556,0.05555555555555547
19,16,71,0.4647887323943662,0.4507042253521127,0.2112676056338028
19,17,60,0.16666666666666666,0.15,0.11666666666666667
20,0,51,0.0,-0.49019607843137253,0.49019607843137253
20,1,45,0.0,-0.5555555555555556,0.8
20,2,51,0.0,0.0,0.0784313725490196
20,3,54,0.0,-0.37037037037037035,0.37037037037037035
20,4,49,0.0,0.0,0.6122448979591837
20,5,53,0.0,-0.018867924528301886,0.1509433962264151
20,6,52,0.0,-0.057692307692307696,0.21153846153846154
20,7,58,0.0,0.0,0.034482758620689655
20,8,62,0.0,0.0,0.3387096774193548
20,9,66,0.6666666666666666,0.6666666666666666,0.015151515151515138
20,10,71,0.014084507042253521,-0.014084507042253521,0.02816901408450704
20,11,68,0.07352941176470588,0.04411764705882353,0.029411764705882346
20,12,54,0.1111111111111111,0.07407407407407407,0.14814814814814814
20,13,66,0.06060606060606061,0.0,0.07575757575757575
20,14,60,0.016666666666666666,-0.43333333333333335,0.43333333333333335
20,15,54,0.4444444444444444,0.38888888888888884,0.2222222222222222
20,16,71,0.38028169014084506,0.36619718309859156,0.29577464788732394
20,17,60,0.13333333333333333,0.11666666666666667,0.15
21,0,51,0.0,-0.49019607843137253,0.49019607843137253
21,1,45,0.0,-0.5555555555555556,0.8
21,2,51,0.0,0.0,0.0784313725490196
21,3,54,0.0,-0.37037037037037035,0.37037037037037035
21,4,49,0.0,0.0,0.6122448979591837
21,5,53,0.0,-0.018867924528301886,0.1509433962264151
21,6,52,0.0,-0.057692307692307696,0.21153846153846154
21,7,58,0.0,0.0,0.034482758620689655
21,8,62,0.0,0.0,0.3387096774193548
21,9,66,0.0,0.0,0.6818181818181818
21,10,71,0.0,-0.028169014084507043,0.04225352112676056
21,11,68,0.0,-0.029411764705882353,0.10294117647058823
21,12,54,0.0,-0.037037037037037035,0.25925925925925924
21,13,66,0.0,-0.06060606060606061,0.13636363636363635
21,14,60,0.0,-0.45,0.45
21,15,54,0.2222222222222222,0.16666666666666666,0.4444444444444444
21,16,71,0.0,-0.014084507042253521,0.676056338028169
21,17,60,0.0,-0.016666666666666666,0.2833333333333333
21,18,66,0.5757575757575758,,
21,19,52,0.019230769230769232,,
21,20,92,0.021739130434782608,,
21,21,55,0.0,,
21,22,57,0.05263157894736842,,
21,23,46,0.6739130434782609,,
21,24,48,0.0,,
21,25,81,0.0,,
21,26,73,0.0,,
22,0,51,0.0,-0.49019607843137253,0.49019607843137253
22,1,45,0.0,-0.5555555555555556,0.8
22,2,51,0.0,0.0,0.0784313725490196
22,3,54,0.0,-0.37037037037037035,0.37037037037037035
22,4,49,0.0,0.0,0.6122448979591837
22,5,53,0.0,-0.018867924528301886,0.1509433962264151
22,6,52,0.0,-0.057692307692307696,0.21153846153846154
22,7,58,0.0,0.0,0.034482758620689655
22,8,62,0.0,0.0,0.3387096774193548
22,9,66,0.0,0.0,0.6818181818181818
22,10,71,0.0,-0.028169014084507043,0.04225352112676056
22,11,68,0.0,-0.029411764705882353,0.10294117647058823
22,12,54,0.0,-0.037037037037037035,0.25925925925925924
22,13,66,0.0,-0.06060606060606061,0.13636363636363635
22,14,60,0.0,-0.45,0.45
22,15,54,0.037037037037037035,-0.018518518518518517,0.6296296296296295
22,16,71,0.0,-0.014084507042253521,0.676056338028169
22,17,60,0.0,-0.016666666666666666,0.2833333333333333
22,18,66,0.22727272727272727,-0.3484848484848485,0.3484848484848485
22,19,52,0.4807692307692308,0.46153846153846156,0.0
22,20,92,0.2826086956521739,0.2608695652173913,0.0
22,21,55,0.0,0.0,0.0
22,22,57,0.017543859649122806,-0.03508771929824561,0.03508771929824561
22,23,46,0.06521739130434782,-0.6086956521739131,0.6086956521739131
22,24,48,0.6875,0.6875,0.0
22,25,81,0.4074074074074074,0.4074074074074074,0.0
22,26,73,0.0136986301369863,0.0136986301369863,0.0
23,0,51,0.0,-0.49019607843137253,0.49019607843137253
23,1,45,0.0,-0.5555555555555556,0.8
23,2,51,0.0,0.0,0.0784313725490196
23,3,54,0.0,-0.37037037037037035,0.37037037037037035
23,4,49,0.0,0.0,0.6122448979591837
23,5,53,0.0,-0.018867924528301886,0.1509433962264151
23,6,52,0.0,-0.057692307692307696,0.21153846153846154
23,7,58,0.0,0.0,0.034482758620689655
23,8,62,0.0,0.0,0.3387096774193548
23,9,66,0.0,0.0,0.6818181818181818
23,10,71,0.0,-0.028169014084507043,0.04225352112676056
23,11,68,0.0,-0.029411764705882353,0.10294117647058823
23,12,54,0.0,-0.037037037037037035,0.25925925925925924
23,13,66,0.0,-0.06060606060606061,0.13636363636363635
23,14,60,0.0,-0.45,0.45
23,15,54,0.07407407407407407,0.018518518518518517,0.5925925925925926
23,16,71,0.0,-0.014084507042253521,0.676056338028169
23,17,60,0.0,-0.016666666666666666,0.2833333333333333
23,18,66,0.9242424242424242,0.3484848484848484,0.0
23,19,52,0.0,-0.019230769230769232,0.4807692307692308
23,20,92,0.010869565217391304,-0.010869565217391304,0.2717391304347826
23,21,55,0.0,0.0,0.0
23,22,57,0.12280701754385964,0.07017543859649122,0.0
23,23,46,0.30434782608695654,-0.3695652173913043,0.3695652173913043
23,24,48,0.1875,0.1875,0.5
23,25,81,0.37037037037037035,0.37037037037037035,0.037037037037037035
23,26,73,0.0,0.0,0.0136986301369863
24,0,51,0.0,-0.49019607843137253,0.49019607843137253
24,1,45,0.0,-0.5555555555555556,0.8
24,2,51,0.0,0.0,0.0784313725490196
24,3,54,0.0,-0.37037037037037035,0.37037037037037035
24,4,49,0.0,0.0,0.6122448979591837
24,5,53,0.0,-0.018867924528301886,0.1509433962264151
24,6,52,0.0,-0.057692307692307696,0.21153846153846154
24,7,58,0.0,0.0,0.034482758620689655
24,8,62,0.0,0.0,0.3387096774193548
24,9,66,0.0,0.0,0.6818181818181818
24,10,71,0.0,-0.028169014084507043,0.04225352112676056
24,11,68,0.0,-0.029411764705882353,0.10294117647058823
24,12,54,0.0,-0.037037037037037035,0.25925925925925924
24,13,66,0.0,-0.06060606060606061,0.13636363636363635
24,14,60,0.0,-0.45,0.45
24,15,54,0.018518518518518517,-0.037037037037037035,0.6481481481481481
24,16,71,0.0,-0.014084507042253521,0.676056338028169
24,17,60,0.0,-0.016666666666666666,0.2833333333333333
24,18,66,0.5909090909090909,0.015151515151515138,0.33333333333333326
24,19,52,0.3269230769230769,0.3076923076923077,0.15384615384615385
24,20,92,0.15217391304347827,0.13043478260869568,0.13043478260869562
24,21,55,0.0,0.0,0.0
24,22,57,0.0,-0.05263157894736842,0.12280701754385964
24,23,46,0.21739130434782608,-0.4565217391304348,0.4565217391304348
24,24,48,0.5416666666666666,0.5416666666666666,0.14583333333333337
24,25,81,0.4444444444444444,0.4444444444444444,0.0
24,26,73,0.1095890410958904,0.1095890410958904,0.0
25,0,51,0.0,-0.49019607843137253,0.49019607843137253
25,1,45,0.0,-0.5555555555555556,0.8
25,2,51,0.0,0.0,0.0784313725490196
25,3,54,0.0,-0.37037037037037035,0.37037037037037035
25,4,49,0.0,0.0,0.6122448979591837
25,5,53,0.0,-0.018867924528301886,0.1509433962264151
25,6,52,0.0,-0.057692307692307696,0.21153846153846154
25,7,58,0.0,0.0,0.034482758620689655
25,8,62,0.0,0.0,0.3387096774193548
25,9,66,0.0,0.0,0.6818181818181818
25,10,71,0.0,-0.028169014084507043,0.04225352112676056
25,11,68,0.0,-0.029411764705882353,0.10294117647058823
25,12,54,0.0,-0.037037037037037035,0.25925925925925924
25,13,66,0.0,-0.06060606060606061,0.13636363636363635
25,14,60,0.0,-0.45,0.45
25,15,54,0.0,-0.05555555555555555,0.6666666666666666
25,16,71,0.0,-0.014084507042253521,0.676056338028169
25,17,60,0.0,-0.016666666666666666,0.2833333333333333
25,18,66,0.8181818181818182,0.24242424242424243,0.10606060606060597
25,19,52,0.19230769230769232,0.17307692307692307,0.28846153846153844
25,20,92,0.06521739130434782,0.043478260869565216,0.21739130434782605
25,21,55,0.01818181818181818,0.01818181818181818,0.0
25,22,57,0.08771929824561403,0.03508771929824561,0.03508771929824561
25,23,46,0.3695652173913043,-0.30434782608695654,0.30434782608695654
25,24,48,0.375,0.375,0.3125
25,25,81,0.5308641975308642,0.5308641975308642,0.0
25,26,73,0.0410958904109589,0.0410958904109589,0.0684931506849315
26,0,51,0.0,-0.49019607843137253,0.49019607843137253
26,1,45,0.0,-0.5555555555555556,0.8
26,2,51,0.0,0.0,0.0784313725490196
26,3,54,0.0,-0.37037037037037035,0.37037037037037035
26,4,49,0.0,0.0,0.6122448979591837
26,5,53,0.0,-0.018867924528301886,0.1509433962264151
26,6,52,0.0,-0.057692307692307696,0.21153846153846154
26,7,58,0.0,0.0,0.034482758620689655
26,8,62,0.0,0.0,0.3387096774193548
26,9,66,0.0,0.0,0.6818181818181818
26,10,71,0.0,-0.028169014084507043,0.04225352112676056
26,11,68,0.0,-0.029411764705882353,0.10294117647058823
26,12,54,0.0,-0.037037037037037035,0.25925925925925924
26,13,66,0.0,-0.06060606060606061,0.13636363636363635
26,14,60,0.0,-0.45,0.45
26,15,54,0.0,-0.05555555555555555,0.6666666666666666
26,16,71,0.0,-0.014084507042253521,0.676056338028169
26,17,60,0.0,-0.016666666666666666,0.2833333333333333
26,18,66,0.7121212121212122,0.13636363636363635,0.21212121212121204
26,19,52,0.3076923076923077,0.2884615384615385,0.17307692307692307
26,20,92,0.16304347826086957,0.14130434782608697,0.11956521739130432
26,21,55,0.03636363636363636,0.03636363636363636,0.0
26,22,57,0.03508771929824561,-0.017543859649122806,0.08771929824561403
26,23,46,0.391304347826087,-0.2826086956521739,0.2826086956521739
26,24,48,0.4583333333333333,0.4583333333333333,0.22916666666666669
26,25,81,0.43209876543209874,0.43209876543209874,0.09876543209876548
26,26,73,0.0821917808219178,0.0821917808219178,0.0273972602739726
27,0,51,0.0,-0.49019607843137253,0.49019607843137253
27,1,45,0.0,-0.5555555555555556,0.8
27,2,51,0.0,0.0,0.0784313725490196
27,3,54,0.0,-0.37037037037037035,0.37037037037037035
27,4,49,0.0,0.0,0.6122448979591837
27,5,53,0.0,-0.018867924528301886,0.1509433962264151
27,6,52,0.0,-0.057692307692307696,0.21153846153846154
27,7,58,0.0,0.0,0.034482758620689655
27,8,62,0.0,0.0,0.3387096774193548
27,9,66,0.0,0.0,0.6818181818181818
27,10,71,0.0,-0.028169014084507043,0.04225352112676056
27,11,68,0.0,-0.029411764705882353,0.10294117647058823
27,12,54,0.0,-0.037037037037037035,0.25925925925925924
27,13,66,0.0,-0.06060606060606061,0.13636363636363635
27,14,60,0.0,-0.45,0.45
27,15,54,0.0,-0.05555555555555555,0.6666666666666666
27,16,71,0.0,-0.014084507042253521,0.676056338028169
27,17,60,0.0,-0.016666666666666666,0.2833333333333333
27,18,66,0.7121212121212122,0.13636363636363635,0.21212121212121204
27,19,52,0.2692307692307692,0.25,0.21153846153846156
27,20,92,0.10869565217391304,0.08695652173913043,0.17391304347826086
27,21,55,0.03636363636363636,0.03636363636363636,0.0
27,22,57,0.10526315789473684,0.05263157894736842,0.017543859649122806
27,23,46,0.34782608695652173,-0.32608695652173914,0.32608695652173914
27,24,48,0.4166666666666667,0.4166666666666667,0.2708333333333333
27,25,81,0.5185185185185185,0.5185185185185185,0.012345679012345734
27,26,73,0.0684931506849315,0.0684931506849315,0.0410958904109589
28,0,51,0.0,-0.49019607843137253,0.49019607843137253
28,1,45,0.0,-0.5555555555555556,0.8
28,2,51,0.0,0.0,0.0784313725490196
28,3,54,0.0,-0.37037037037037035,0.37037037037037035
28,4,49,0.0,0.0,0.6122448979591837
28,5,53,0.0,-0.018867924528301886,0.1509433962264151
28,6,52,0.0,-0.057692307692307696,0.21153846153846154
28,7,58,0.0,0.0,0.034482758620689655
28,8,62,0.0,0.0,0.3387096774193548
28,9,66,0.0,0.0,0.6818181818181818
28,10,71,0.0,-0.028169014084507043,0.04225352112676056
28,11,68,0.0,-0.029411764705882353,0.10294117647058823
28,12,54,0.0,-0.037037037037037035,0.25925925925925924
28,13,66,0.0,-0.06060606060606061,0.13636363636363635
28,14,60,0.0,-0.45,0.45
28,15,54,0.0,-0.05555555555555555,0.6666666666666666
28,16,71,0.0,-0.014084507042253521,0.676056338028169
28,17,60,0.0,-0.016666666666666666,0.2833333333333333
28,18,66,0.6212121212121212,0.045454545454545414,0.303030303030303
28,19,52,0.25,0.23076923076923078,0.23076923076923078
28,20,92,0.15217391304347827,0.13043478260869568,0.13043478260869562
28,21,55,0.05454545454545454,0.05454545454545454,0.0
28,22,57,0.10526315789473684,0.05263157894736842,0.017543859649122806
28,23,46,0.34782608695652173,-0.32608695652173914,0.32608695652173914
28,24,48,0.4166666666666667,0.4166666666666667,0.2708333333333333
28,25,81,0.4567901234567901,0.4567901234567901,0.07407407407407413
28,26,73,0.1232876712328767,0.1232876712328767,0.0
29,0,51,0.0,-0.49019607843137253,0.49019607843137253
29,1,45,0.0,-0.5555555555555556,0.8
29,2,51,0.0,0.0,0.0784313725490196
29,3,54,0.0,-0.37037037037037035,0.37037037037037035
29,4,49,0.0,0.0,0.6122448979591837
29,5,53,0.0,-0.018867924528301886,0.1509433962264151
29,6,52,0.0,-0.057692307692307696,0.21153846153846154
29,7,58,0.0,0.0,0.034482758620689655
29,8,62,0.0,0.0,0.3387096774193548
29,9,66,0.0,0.0,0.6818181818181818
29,10,71,0.0,-0.028169014084507043,0.04225352112676056
29,11,68,0.0,-0.029411764705882353,0.10294117647058823
29,12,54,0.0,-0.037037037037037035,0.25925925925925924
29,13,66,0.0,-0.06060606060606061,0.13636363636363635
29,14,60,0.0,-0.45,0.45
29,15,54,0.0,-0.05555555555555555,0.6666666666666666
29,16,71,0.0,-0.014084507042253521,0.676056338028169
29,17,60,0.0,-0.016666666666666666,0.2833333333333333
29,18,66,0.5757575757575758,0.0,0.3484848484848484
29,19,52,0.3076923076923077,0.2884615384615385,0.17307692307692307
29,20,92,0.14130434782608695,0.11956521739130434,0.14130434782608695
29,21,55,0.07272727272727272,0.07272727272727272,0.0
29,22,57,0.07017543859649122,0.017543859649122806,0.05263157894736842
29,23,46,0.32608695652173914,-0.34782608695652173,0.34782608695652173
29,24,48,0.3958333333333333,0.3958333333333333,0.2916666666666667
29,25,81,0.5308641975308642,0.5308641975308642,0.0
29,26,73,0.0958904109589041,0.0958904109589041,0.0273972602739726
30,0,51,0.0,-0.49019607843137253,0.49019607843137253
30,1,45,0.0,-0.5555555555555556,0.8
30,2,51,0.0,0.0,0.0784313725490196
30,3,54,0.0,-0.37037037037037035,0.37037037037037035
30,4,49,0.0,0.0,0.6122448979591837
30,5,53,0.0,-0.018867924528301886,0.1509433962264151
30,6,52,0.0,-0.057692307692307696,0.21153846153846154
30,7,58,0.0,0.0,0.034482758620689655
30,8,62,0.0,0.0,0.3387096774193548
30,9,66,0.0,0.0,0.6818181818181818
30,10,71,0.0,-0.028169014084507043,0.04225352112676056
30,11,68,0.0,-0.029411764705882353,0.10294117647058823
30,12,54,0.0,-0.037037037037037035,0.25925925925925924
30,13,66,0.0,-0.06060606060606061,0.13636363636363635
30,14,60,0.0,-0.45,0.45
30,15,54,0.0,-0.05555555555555555,0.6666666666666666
30,16,71,0.0,-0.014084507042253521,0.676056338028169
30,17,60,0.0,-0.016666666666666666,0.2833333333333333
30,18,66,0.5303030303030303,-0.045454545454545525,0.3939393939393939
30,19,52,0.36538461538461536,0.34615384615384615,0.11538461538461542
30,20,92,0.18478260869565216,0.16304347826086957,0.09782608695652173
30,21,55,0.07272727272727272,0.07272727272727272,0.0
30,22,57,0.08771929824561403,0.03508771929824561,0.03508771929824561
30,23,46,0.34782608695652173,-0.32608695652173914,0.32608695652173914
30,24,48,0.4166666666666667,0.4166666666666667,0.2708333333333333
30,25,81,0.5185185185185185,0.5185185185185185,0.012345679012345734
30,26,73,0.1780821917808219,0.1780821917808219,0.0
31,0,51,0.0,-0.49019607843137253,0.49019607843137253
31,1,45,0.0,-0.5555555555555556,0.8
31,2,51,0.0,0.0,0.0784313725490196
31,3,54,0.0,-0.37037037037037035,0.37037037037037035
31,4,49,0.0,0.0,0.6122448979591837
31,5,53,0.0,-0.018867924528301886,0.1509433962264151
31,6,52,0.0,-0.057692307692307696,0.21153846153846154
31,7,58,0.0,0.0,0.034482758620689655
31,8,62,0.0,0.0,0.3387096774193548
31,9,66,0.0,0.0,0.6818181818181818
31,10,71,0.0,-0.028169014084507043,0.04225352112676056
31,11,68,0.0,-0.029411764705882353,0.10294117647058823
31,12,54,0.0,-0.037037037037037035,0.25925925925925924
31,13,66,0.0,-0.06060606060606061,0.13636363636363635
31,14,60,0.0,-0.45,0.45
31,15,54,0.0,-0.05555555555555555,0.6666666666666666
31,16,71,0.0,-0.014084507042253521,0.676056338028169
31,17,60,0.0,-0.016666666666666666,0.2833333333333333
31,18,66,0.5454545454545454,-0.030303030303030387,0.3787878787878788
31,19,52,0.38461538461538464,0.3653846153846154,0.09615384615384615
31,20,92,0.15217391304347827,0.13043478260869568,0.13043478260869562
31,21,55,0.07272727272727272,0.07272727272727272,0.0
31,22,57,0.12280701754385964,0.07017543859649122,0.0
31,23,46,0.32608695652173914,-0.34782608695652173,0.34782608695652173
31,24,48,0.375,0.375,0.3125
31,25,81,0.5679012345679012,0.5679012345679012,0.0
31,26,73,0.1917808219178082,0.1917808219178082,0.0
32,0,51,0.0,-0.49019607843137253,0.49019607843137253
32,1,45,0.0,-0.5555555555555556,0.8
32,2,51,0.0,0.0,0.0784313725490196
32,3,54,0.0,-0.37037037037037035,0.37037037037037035
32,4,49,0.0,0.0,0.6122448979591837
32,5,53,0.0,-0.018867924528301886,0.1509433962264151
32,6,52,0.0,-0.057692307692307696,0.21153846153846154
32,7,58,0.0,0.0,0.034482758620689655
32,8,62,0.0,0.0,0.3387096774193548
32,9,66,0.0,0.0,0.6818181818181818
32,10,71,0.0,-0.028169014084507043,0.04225352112676056
32,11,68,0.0,-0.029411764705882353,0.10294117647058823
32,12,54,0.0,-0.037037037037037035,0.25925925925925924
32,13,66,0.0,-0.06060606060606061,0.13636363636363635
32,14,60,0.0,-0.45,0.45
32,15,54,0.0,-0.05555555555555555,0.6666666666666666
32,16,71,0.0,-0.014084507042253521,0.676056338028169
32,17,60,0.0,-0.016666666666666666,0.2833333333333333
32,18,66,0.5454545454545454,-0.030303030303030387,0.3787878787878788
32,19,52,0.36538461538461536,0.34615384615384615,0.11538461538461542
32,20,92,0.18478260869565216,0.16304347826086957,0.09782608695652173
32,21,55,0.09090909090909091,0.09090909090909091,0.0
32,22,57,0.14035087719298245,0.08771929824561403,0.0
32,23,46,0.30434782608695654,-0.3695652173913043,0.3695652173913043
32,24,48,0.375,0.375,0.3125
32,25,81,0.5555555555555556,0.5555555555555556,0.012345679012345623
32,26,73,0.1780821917808219,0.1780821917808219,0.0136986301369863
33,0,51,0.0,-0.49019607843137253,0.49019607843137253
33,1,45,0.0,-0.5555555555555556,0.8
33,2,51,0.0,0.0,0.0784313725490196
33,3,54,0.0,-0.37037037037037035,0.37037037037037035
33,4,49,0.0,0.0,0.6122448979591837
33,5,53,0.0,-0.018867924528301886,0.1509433962264151
33,6,52,0.0,-0.057692307692307696,0.21153846153846154
33,7,58,0.0,0.0,0.034482758620689655
33,8,62,0.0,0.0,0.3387096774193548
33,9,66,0.0,0.0,0.6818181818181818
33,10,71,0.0,-0.028169014084507043,0.04225352112676056
33,11,68,0.0,-0.029411764705882353,0.10294117647058823
33,12,54,0.0,-0.037037037037037035,0.25925925925925924
33,13,66,0.0,-0.06060606060606061,0.13636363636363635
33,14,60,0.0,-0.45,0.45
33,15,54,0.0,-0.05555555555555555,0.6666666666666666
33,16,71,0.0,-0.014084507042253521,0.676056338028169
33,17,60,0.0,-0.016666666666666666,0.2833333333333333
33,18,66,0.5303030303030303,-0.045454545454545525,0.3939393939393939
33,19,52,0.36538461538461536,0.34615384615384615,0.11538461538461542
33,20,92,0.16304347826086957,0.14130434782608697,0.11956521739130432
33,21,55,0.09090909090909091,0.09090909090909091,0.0
33,22,57,0.12280701754385964,0.07017543859649122,0.017543859649122806
33,23,46,0.30434782608695654,-0.3695652173913043,0.3695652173913043
33,24,48,0.3333333333333333,0.3333333333333333,0.3541666666666667
33,25,81,0.6172839506172839,0.6172839506172839,0.0
33,26,73,0.2328767123287671,0.2328767123287671,0.0
34,0,51,0.0,-0.49019607843137253,0.49019607843137253
34,1,45,0.0,-0.5555555555555556,0.8
34,2,51,0.0,0.0,0.0784313725490196
34,3,54,0.0,-0.37037037037037035,0.37037037037037035
34,4,49,0.0,0.0,0.6122448979591837
34,5,53,0.0,-0.018867924528301886,0.1509433962264151
34,6,52,0.0,-0.057692307692307696,0.21153846153846154
34,7,58,0.0,0.0,0.034482758620689655
34,8,62,0.0,0.0,0.3387096774193548
34,9,66,0.0,0.0,0.6818181818181818
34,10,71,0.0,-0.028169014084507043,0.04225352112676056
34,11,68,0.0,-0.029411764705882353,0.10294117647058823
34,12,54,0.0,-0.037037037037037035,0.25925925925925924
34,13,66,0.0,-0.06060606060606061,0.13636363636363635
34,14,60,0.0,-0.45,0.45
34,15,54,0.0,-0.05555555555555555,0.6666666666666666
34,16,71,0.0,-0.014084507042253521,0.676056338028169
34,17,60,0.0,-0.016666666666666666,0.2833333333333333
34,18,66,0.5303030303030303,-0.045454545454545525,0.3939393939393939
34,19,52,0.38461538461538464,0.3653846153846154,0.09615384615384615
34,20,92,0.18478260869565216,0.16304347826086957,0.09782608695652173
34,21,55,0.10909090909090909,0.10909090909090909,0.0
34,22,57,0.12280701754385964,0.07017543859649122,0.017543859649122806
34,23,46,0.30434782608695654,-0.3695652173913043,0.3695652173913043
34,24,48,0.375,0.375,0.3125
34,25,81,0.5308641975308642,0.5308641975308642,0.08641975308641969
34,26,73,0.1917808219178082,0.1917808219178082,0.0410958904109589
35,0,51,0.0,-0.49019607843137253,0.49019607843137253
35,1,45,0.0,-0.5555555555555556,0.8
35,2,51,0.0,0.0,0.0784313725490196
35,3,54,0.0,-0.37037037037037035,0.37037037037037035
35,4,49,0.0,0.0,0.6122448979591837
35,5,53,0.0,-0.018867924528301886,0.1509433962264151
35,6,52,0.0,-0.057692307692307696,0.21153846153846154
35,7,58,0.0,0.0,0.034482758620689655
35,8,62,0.0,0.0,0.3387096774193548
35,9,66,0.0,0.0,0.6818181818181818
35,10,71,0.0,-0.028169014084507043,0.04225352112676056
35,11,68,0.0,-0.029411764705882353,0.10294117647058823
35,12,54,0.0,-0.037037037037037035,0.25925925925925924
35,13,66,0.0,-0.06060606060606061,0.13636363636363635
35,14,60,0.0,-0.45,0.45
35,15,54,0.0,-0.05555555555555555,0.6666666666666666
35,16,71,0.0,-0.014084507042253521,0.676056338028169
35,17,60,0.0,-0.016666666666666666,0.2833333333333333
35,18,66,0.5151515151515151,-0.06060606060606066,0.40909090909090906
35,19,52,0.36538461538461536,0.34615384615384615,0.11538461538461542
35,20,92,0.17391304347826086,0.15217391304347827,0.10869565217391303
35,21,55,0.09090909090909091,0.09090909090909091,0.018181818181818174
35,22,57,0.12280701754385964,0.07017543859649122,0.017543859649122806
35,23,46,0.2826086956521739,-0.391304347826087,0.391304347826087
35,24,48,0.3333333333333333,0.3333333333333333,0.3541666666666667
35,25,81,0.5925925925925926,0.5925925925925926,0.024691358024691357
35,26,73,0.2191780821917808,0.2191780821917808,0.0136986301369863
36,0,51,0.0,-0.49019607843137253,0.49019607843137253
36,1,45,0.0,-0.5555555555555556,0.8
36,2,51,0.0,0.0,0.0784313725490196
36,3,54,0.0,-0.37037037037037035,0.37037037037037035
36,4,49,0.0,0.0,0.6122448979591837
36,5,53,0.0,-0.018867924528301886,0.1509433962264151
36,6,52,0.0,-0.057692307692307696,0.21153846153846154
36,7,58,0.0,0.0,0.034482758620689655
36,8,62,0.0,0.0,0.3387096774193548
36,9,66,0.0,0.0,0.6818181818181818
36,10,71,0.0,-0.028169014084507043,0.04225352112676056
36,11,68,0.0,-0.029411764705882353,0.10294117647058823
36,12,54,0.0,-0.037037037037037035,0.25925925925925924
36,13,66,0.0,-0.06060606060606061,0.13636363636363635
36,14,60,0.0,-0.45,0.45
36,15,54,0.0,-0.05555555555555555,0.6666666666666666
36,16,71,0.0,-0.014084507042253521,0.676056338028169
36,17,60,0.0,-0.016666666666666666,0.2833333333333333
36,18,66,0.5151515151515151,-0.06060606060606066,0.40909090909090906
36,19,52,0.36538461538461536,0.34615384615384615,0.11538461538461542
36,20,92,0.18478260869565216,0.16304347826086957,0.09782608695652173
36,21,55,0.14545454545454545,0.14545454545454545,0.0
36,22,57,0.12280701754385964,0.07017543859649122,0.017543859649122806
36,23,46,0.32608695652173914,-0.34782608695652173,0.34782608695652173
36,24,48,0.3541666666666667,0.3541666666666667,0.3333333333333333
36,25,81,0.5185185185185185,0.5185185185185185,0.09876543209876543
36,26,73,0.1917808219178082,0.1917808219178082,0.0410958904109589
37,0,51,0.0,-0.49019607843137253,0.49019607843137253
37,1,45,0.0,-0.5555555555555556,0.8
37,2,51,0.0,0.0,0.0784313725490196
37,3,54,0.0,-0.37037037037037035,0.37037037037037035
37,4,49,0.0,0.0,0.6122448979591837
37,5,53,0.0,-0.018867924528301886,0.1509433962264151
37,6,52,0.0,-0.057692307692307696,0.21153846153846154
37,7,58,0.0,0.0,0.034482758620689655
37,8,62,0.0,0.0,0.3387096774193548
37,9,66,0.0,0.0,0.6818181818181818
37,10,71,0.0,-0.028169014084507043,0.04225352112676056
37,11,68,0.0,-0.029411764705882353,0.10294117647058823
37,12,54,0.0,-0.037037037037037035,0.25925925925925924
37,13,66,0.0,-0.06060606060606061,0.13636363636363635
37,14,60,0.0,-0.45,0.45
37,15,54,0.0,-0.05555555555555555,0.6666666666666666
37,16,71,0.0,-0.014084507042253521,0.676056338028169
37,17,60,0.0,-0.016666666666666666,0.2833333333333333
37,18,66,0.5151515151515151,-0.06060606060606066,0.40909090909090906
37,19,52,0.3269230769230769,0.3076923076923077,0.15384615384615385
37,20,92,0.17391304347826086,0.15217391304347827,0.10869565217391303
37,21,55,0.10909090909090909,0.10909090909090909,0.03636363636363636
37,22,57,0.14035087719298245,0.08771929824561403,0.0
37,23,46,0.34782608695652173,-0.32608695652173914,0.32608695652173914
37,24,48,0.3125,0.3125,0.375
37,25,81,0.5679012345679012,0.5679012345679012,0.04938271604938271
37,26,73,0.1917808219178082,0.1917808219178082,0.0410958904109589
38,0,51,0.0,-0.49019607843137253,0.49019607843137253
38,1,45,0.0,-0.5555555555555556,0.8
38,2,51,0.0,0.0,0.0784313725490196
38,3,54,0.0,-0.37037037037037035,0.37037037037037035
38,4,49,0.0,0.0,0.6122448979591837
38,5,53,0.0,-0.018867924528301886,0.1509433962264151
38,6,52,0.0,-0.057692307692307696,0.21153846153846154
38,7,58,0.0,0.0,0.034482758620689655
38,8,62,0.0,0.0,0.3387096774193548
38,9,66,0.0,0.0,0.6818181818181818
38,10,71,0.0,-0.028169014084507043,0.04225352112676056
38,11,68,0.0,-0.029411764705882353,0.10294117647058823
38,12,54,0.0,-0.037037037037037035,0.25925925925925924
38,13,66,0.0,-0.06060606060606061,0.13636363636363635
38,14,60,0.0,-0.45,0.45
38,15,54,0.0,-0.05555555555555555,0.6666666666666666
38,16,71,0.0,-0.014084507042253521,0.676056338028169
38,17,60,0.0,-0.016666666666666666,0.2833333333333333
38,18,66,0.5151515151515151,-0.06060606060606066,0.40909090909090906
38,19,52,0.36538461538461536,0.34615384615384615,0.11538461538461542
38,20,92,0.16304347826086957,0.14130434782608697,0.11956521739130432
38,21,55,0.16363636363636364,0.16363636363636364,0.0
38,22,57,0.17543859649122806,0.12280701754385964,0.0
38,23,46,0.3695652173913043,-0.30434782608695654,0.30434782608695654
38,24,48,0.3541666666666667,0.3541666666666667,0.3333333333333333
38,25,81,0.4691358024691358,0.4691358024691358,0.14814814814814814
38,26,73,0.1506849315068493,0.1506849315068493,0.0821917808219178
39,0,51,0.0,-0.49019607843137253,0.49019607843137253
39,1,45,0.0,-0.5555555555555556,0.8
39,2,51,0.0,0.0,0.0784313725490196
39,3,54,0.0,-0.37037037037037035,0.37037037037037035
39,4,49,0.0,0.0,0.6122448979591837
39,5,53,0.0,-0.018867924528301886,0.1509433962264151
39,6,52,0.0,-0.057692307692307696,0.21153846153846154
39,7,58,0.0,0.0,0.034482758620689655
39,8,62,0.0,0.0,0.3387096774193548
39,9,66,0.0,0.0,0.6818181818181818
39,10,71,0.0,-0.028169014084507043,0.04225352112676056
39,11,68,0.0,-0.029411764705882353,0.10294117647058823
39,12,54,0.0,-0.037037037037037035,0.25925925925925924
39,13,66,0.0,-0.06060606060606061,0.13636363636363635
39,14,60,0.0,-0.45,0.45
39,15,54,0.0,-0.05555555555555555,0.6666666666666666
39,16,71,0.0,-0.014084507042253521,0.676056338028169
39,17,60,0.0,-0.016666666666666666,0.2833333333333333
39,18,66,0.5151515151515151,-0.06060606060606066,0.40909090909090906
39,19,52,0.38461538461538464,0.3653846153846154,0.09615384615384615
39,20,92,0.14130434782608695,0.11956521739130434,0.14130434782608695
39,21,55,0.14545454545454545,0.14545454545454545,0.018181818181818188
39,22,57,0.14035087719298245,0.08771929824561403,0.03508771929824561
39,23,46,0.3695652173913043,-0.30434782608695654,0.30434782608695654
39,24,48,0.2916666666666667,0.2916666666666667,0.3958333333333333
39,25,81,0.5432098765432098,0.5432098765432098,0.07407407407407407
39,26,73,0.1917808219178082,0.1917808219178082,0.0410958904109589
40,0,51,0.0,-0.49019607843137253,0.49019607843137253
40,1,45,0.0,-0.5555555555555556,0.8
40,2,51,0.0,0.0,0.0784313725490196
40,3,54,0.0,-0.37037037037037035,0.37037037037037035
40,4,49,0.0,0.0,0.6122448979591837
40,5,53,0.0,-0.018867924528301886,0.1509433962264151
40,6,52,0.0,-0.057692307692307696,0.21153846153846154
40,7,58,0.0,0.0,0.034482758620689655
40,8,62,0.0,0.0,0.3387096774193548
40,9,66,0.0,0.0,0.6818181818181818
40,10,71,0.0,-0.028169014084507043,0.04225352112676056
40,11,68,0.0,-0.029411764705882353,0.10294117647058823
40,12,54,0.0,-0.037037037037037035,0.25925925925925924
40,13,66,0.0,-0.06060606060606061,0.13636363636363635
40,14,60,0.0,-0.45,0.45
40,15,54,0.0,-0.05555555555555555,0.6666666666666666
40,16,71,0.0,-0.014084507042253521,0.676056338028169
40,17,60,0.0,-0.016666666666666666,0.2833333333333333
40,18,66,0.5454545454545454,-0.030303030303030387,0.3787878787878788
40,19,52,0.34615384615384615,0.3269230769230769,0.13461538461538464
40,20,92,0.11956521739130435,0.09782608695652174,0.16304347826086954
40,21,55,0.18181818181818182,0.18181818181818182,0.0
40,22,57,0.17543859649122806,0.12280701754385964,0.0
40,23,46,0.43478260869565216,-0.2391304347826087,0.2391304347826087
40,24,48,0.3541666666666667,0.3541666666666667,0.3333333333333333
40,25,81,0.43209876543209874,0.43209876543209874,0.18518518518518517
40,26,73,0.0958904109589041,0.0958904109589041,0.136986301369863
41,0,51,0.0,-0.49019607843137253,0.49019607843137253
41,1,45,0.0,-0.5555555555555556,0.8
41,2,51,0.0,0.0,0.0784313725490196
41,3,54,0.0,-0.37037037037037035,0.37037037037037035
41,4,49,0.0,0.0,0.6122448979591837
41,5,53,0.0,-0.018867924528301886,0.1509433962264151
41,6,52,0.0,-0.057692307692307696,0.21153846153846154
41,7,58,0.0,0.0,0.034482758620689655
41,8,62,0.0,0.0,0.3387096774193548
41,9,66,0.0,0.0,0.6818181818181818
41,10,71,0.0,-0.028169014084507043,0.04225352112676056
41,11,68,0.0,-0.029411764705882353,0.10294117647058823
41,12,54,0.0,-0.037037037037037035,0.25925925925925924
41,13,66,0.0,-0.06060606060606061,0.13636363636363635
41,14,60,0.0,-0.45,0.45
41,15,54,0.0,-0.05555555555555555,0.6666666666666666
41,16,71,0.0,-0.014084507042253521,0.676056338028169
41,17,60,0.0,-0.016666666666666666,0.2833333333333333
41,18,66,0.42424242424242425,-0.15151515151515155,0.49999999999999994
41,19,52,0.5,0.4807692307692308,0.0
41,20,92,0.14130434782608695,0.11956521739130434,0.14130434782608695
41,21,55,0.07272727272727272,0.07272727272727272,0.1090909090909091
41,22,57,0.07017543859649122,0.017543859649122806,0.10526315789473684
41,23,46,0.3695652173913043,-0.30434782608695654,0.30434782608695654
41,24,48,0.125,0.125,0.5625
41,25,81,0.5679012345679012,0.5679012345679012,0.04938271604938271
41,26,73,0.2191780821917808,0.2191780821917808,0.0136986301369863
42,0,51,0.0,-0.49019607843137253,0.49019607843137253
42,1,45,0.0,-0.5555555555555556,0.8
42,2,51,0.0,0.0,0.0784313725490196
42,3,54,0.0,-0.37037037037037035,0.37037037037037035
42,4,49,0.0,0.0,0.6122448979591837
42,5,53,0.0,-0.018867924528301886,0.1509433962264151
42,6,52,0.0,-0.057692307692307696,0.21153846153846154
42,7,58,0.0,0.0,0.034482758620689655
42,8,62,0.0,0.0,0.3387096774193548
42,9,66,0.0,0.0,0.6818181818181818
42,10,71,0.0,-0.028169014084507043,0.04225352112676056
42,11,68,0.0,-0.029411764705882353,0.10294117647058823
42,12,54,0.0,-0.037037037037037035,0.25925925925925924
42,13,66,0.0,-0.06060606060606061,0.13636363636363635
42,14,60,0.0,-0.45,0.45
42,15,54,0.0,-0.05555555555555555,0.6666666666666666
42,16,71,0.0,-0.014084507042253521,0.676056338028169
42,17,60,0.0,-0.016666666666666666,0.2833333333333333
42,18,66,0.6666666666666666,0.09090909090909083,0.25757575757575757
42,19,52,0.28846153846153844,0.2692307692307692,0.21153846153846156
42,20,92,0.06521739130434782,0.043478260869565216,0.21739130434782605
42,21,55,0.14545454545454545,0.14545454545454545,0.036363636363636376
42,22,57,0.2982456140350877,0.24561403508771928,0.0
42,23,46,0.41304347826086957,-0.2608695652173913,0.2608695652173913
42,24,48,0.3958333333333333,0.3958333333333333,0.2916666666666667
42,25,81,0.38271604938271603,0.38271604938271603,0.2345679012345679
42,26,73,0.0684931506849315,0.0684931506849315,0.1643835616438356
43,0,51,0.0,-0.49019607843137253,0.49019607843137253
43,1,45,0.0,-0.5555555555555556,0.8
43,2,51,0.0,0.0,0.0784313725490196
43,3,54,0.0,-0.37037037037037035,0.37037037037037035
43,4,49,0.0,0.0,0.6122448979591837
43,5,53,0.0,-0.018867924528301886,0.1509433962264151
43,6,52,0.0,-0.057692307692307696,0.21153846153846154
43,7,58,0.0,0.0,0.034482758620689655
43,8,62,0.0,0.0,0.3387096774193548
43,9,66,0.0,0.0,0.6818181818181818
43,10,71,0.0,-0.028169014084507043,0.04225352112676056
43,11,68,0.0,-0.029411764705882353,0.10294117647058823
43,12,54,0.0,-0.037037037037037035,0.25925925925925924
43,13,66,0.0,-0.06060606060606061,0.13636363636363635
43,14,60,0.0,-0.45,0.45
43,15,54,0.0,-0.05555555555555555,0.6666666666666666
43,16,71,0.0,-0.014084507042253521,0.676056338028169
43,17,60,0.0,-0.016666666666666666,0.2833333333333333
43,18,66,0.5303030303030303,-0.045454545454545525,0.3939393939393939
43,19,52,0.46153846153846156,0.44230769230769235,0.038461538461538436
43,20,92,0.09782608695652174,0.07608695652173914,0.18478260869565216
43,21,55,0.07272727272727272,0.07272727272727272,0.1090909090909091
43,22,57,0.14035087719298245,0.08771929824561403,0.15789473684210525
43,23,46,0.3695652173913043,-0.30434782608695654,0.30434782608695654
43,24,48,0.125,0.125,0.5625
43,25,81,0.5679012345679012,0.5679012345679012,0.04938271604938271
43,26,73,0.1506849315068493,0.1506849315068493,0.0821917808219178
44,0,51,0.0,-0.49019607843137253,0.49019607843137253
44,1,45,0.0,-0.5555555555555556,0.8
44,2,51,0.0,0.0,0.0784313725490196
44,3,54,0.0,-0.37037037037037035,0.37037037037037035
44,4,49,0.0,0.0,0.6122448979591837
44,5,53,0.0,-0.018867924528301886,0.1509433962264151
44,6,52,0.0,-0.057692307692307696,0.21153846153846154
44,7,58,0.0,0.0,0.034482758620689655
44,8,62,0.0,0.0,0.3387096774193548
44,9,66,0.0,0.0,0.6818181818181818
44,10,71,0.0,-0.028169014084507043,0.04225352112676056
44,11,68,0.0,-0.029411764705882353,0.10294117647058823
44,12,54,0.0,-0.037037037037037035,0.25925925925925924
44,13,66,0.0,-0.06060606060606061,0.13636363636363635
44,14,60,0.0,-0.45,0.45
44,15,54,0.0,-0.05555555555555555,0.6666666666666666
44,16,71,0.0,-0.014084507042253521,0.676056338028169
44,17,60,0.0,-0.016666666666666666,0.2833333333333333
44,18,66,0.5909090909090909,0.015151515151515138,0.33333333333333326
44,19,52,0.3076923076923077,0.2884615384615385,0.1923076923076923
44,20,92,0.07608695652173914,0.05434782608695653,0.20652173913043476
44,21,55,0.14545454545454545,0.14545454545454545,0.036363636363636376
44,22,57,0.24561403508771928,0.19298245614035087,0.05263157894736842
44,23,46,0.3695652173913043,-0.30434782608695654,0.30434782608695654
44,24,48,0.3958333333333333,0.3958333333333333,0.2916666666666667
44,25,81,0.41975308641975306,0.41975308641975306,0.19753086419753085
44,26,73,0.0684931506849315,0.0684931506849315,0.1643835616438356
45,0,51,0.0,-0.49019607843137253,0.49019607843137253
45,1,45,0.0,-0.5555555555555556,0.8
45,2,51,0.0,0.0,0.0784313725490196
45,3,54,0.0,-0.37037037037037035,0.37037037037037035
45,4,49,0.0,0.0,0.6122448979591837
45,5,53,0.0,-0.018867924528301886,0.1509433962264151
45,6,52,0.0,-0.057692307692307696,0.21153846153846154
45,7,58,0.0,0.0,0.034482758620689655
45,8,62,0.0,0.0,0.3387096774193548
45,9,66,0.0,0.0,0.6818181818181818
45,10,71,0.0,-0.028169014084507043,0.04225352112676056
45,11,68,0.0,-0.029411764705882353,0.10294117647058823
45,12,54,0.0,-0.037037037037037035,0.25925925925925924
45,13,66,0.0,-0.06060606060606061,0.13636363636363635
45,14,60,0.0,-0.45,0.45
45,15,54,0.0,-0.05555555555555555,0.6666666666666666
45,16,71,0.0,-0.014084507042253521,0.676056338028169
45,17,60,0.0,-0.016666666666666666,0.2833333333333333
45,18,66,0.4696969696969697,-0.10606060606060608,0.4545454545454545
45,19,52,0.4807692307692308,0.46153846153846156,0.019230769230769218
45,20,92,0.09782608695652174,0.07608695652173914,0.18478260869565216
45,21,55,0.09090909090909091,0.09090909090909091,0.09090909090909091
45,22,57,0.14035087719298245,0.08771929824561403,0.15789473684210525
45,23,46,0.3695652173913043,-0.30434782608695654,0.30434782608695654
45,24,48,0.14583333333333334,0.14583333333333334,0.5416666666666666
45,25,81,0.5679012345679012,0.5679012345679012,0.04938271604938271
45,26,73,0.1780821917808219,0.1780821917808219,0.0547945205479452
46,0,51,0.0,-0.49019607843137253,0.49019607843137253
46,1,45,0.0,-0.5555555555555556,0.8
46,2,51,0.0,0.0,0.0784313725490196
46,3,54,0.0,-0.37037037037037035,0.37037037037037035
46,4,49,0.0,0.0,0.6122448979591837
46,5,53,0.0,-0.018867924528301886,0.1509433962264151
46,6,52,0.0,-0.057692307692307696,0.21153846153846154
46,7,58,0.0,0.0,0.034482758620689655
46,8,62,0.0,0.0,0.3387096774193548
46,9,66,0.0,0.0,0.6818181818181818
46,10,71,0.0,-0.028169014084507043,0.04225352112676056
46,11,68,0.0,-0.029411764705882353,0.10294117647058823
46,12,54,0.0,-0.037037037037037035,0.25925925925925924
46,13,66,0.0,-0.06060606060606061,0.13636363636363635
46,14,60,0.0,-0.45,0.45
46,15,54,0.0,-0.05555555555555555,0.6666666666666666
46,16,71,0.0,-0.014084507042253521,0.676056338028169
46,17,60,0.0,-0.016666666666666666,0.2833333333333333
46,18,66,0.696969696969697,0.12121212121212122,0.22727272727272718
46,19,52,0.3076923076923077,0.2884615384615385,0.1923076923076923
46,20,92,0.11956521739130435,0.09782608695652174,0.16304347826086954
46,21,55,0.18181818181818182,0.18181818181818182,0.0
46,22,57,0.3333333333333333,0.2807017543859649,0.0
46,23,46,0.3695652173913043,-0.30434782608695654,0.30434782608695654
46,24,48,0.3958333333333333,0.3958333333333333,0.2916666666666667
46,25,81,0.48148148148148145,0.48148148148148145,0.13580246913580246
46,26,73,0.0547945205479452,0.0547945205479452,0.1780821917808219
47,0,51,0.0,-0.49019607843137253,0.49019607843137253
47,1,45,0.0,-0.5555555555555556,0.8
47,2,51,0.0,0.0,0.0784313725490196
47,3,54,0.0,-0.37037037037037035,0.37037037037037035
47,4,49,0.0,0.0,0.6122448979591837
47,5,53,0.0,-0.018867924528301886,0.1509433962264151
47,6,52,0.0,-0.057692307692307696,0.21153846153846154
47,7,58,0.0,0.0,0.034482758620689655
47,8,62,0.0,0.0,0.3387096774193548
47,9,66,0.0,0.0,0.6818181818181818
47,10,71,0.0,-0.028169014084507043,0.04225352112676056
47,11,68,0.0,-0.029411764705882353,0.10294117647058823
47,12,54,0.0,-0.037037037037037035,0.25925925925925924
47,13,66,0.0,-0.06060606060606061,0.13636363636363635
47,14,60,0.0,-0.45,0.45
47,15,54,0.0,-0.05555555555555555,0.6666666666666666
47,16,71,0.0,-0.014084507042253521,0.676056338028169
47,17,60,0.0,-0.016666666666666666,0.2833333333333333
47,18,66,0.5606060606060606,-0.015151515151515249,0.36363636363636365
47,19,52,0.3269230769230769,0.3076923076923077,0.17307692307692307
47,20,92,0.07608695652173914,0.05434782608695653,0.20652173913043476
47,21,55,0.09090909090909091,0.09090909090909091,0.09090909090909091
47,22,57,0.17543859649122806,0.12280701754385964,0.15789473684210525
47,23,46,0.3695652173913043,-0.30434782608695654,0.30434782608695654
47,24,48,0.16666666666666666,0.16666666666666666,0.5208333333333334
47,25,81,0.5802469135802469,0.5802469135802469,0.03703703703703698
47,26,73,0.136986301369863,0.136986301369863,0.0958904109589041
48,0,51,0.0,-0.49019607843137253,0.49019607843137253
48,1,45,0.0,-0.5555555555555556,0.8
48,2,51,0.0,0.0,0.0784313725490196
48,3,54,0.0,-0.37037037037037035,0.37037037037037035
48,4,49,0.0,0.0,0.6122448979591837
48,5,53,0.0,-0.018867924528301886,0.1509433962264151
48,6,52,0.0,-0.057692307692307696,0.21153846153846154
48,7,58,0.0,0.0,0.034482758620689655
48,8,62,0.0,0.0,0.3387096774193548
48,9,66,0.0,0.0,0.6818181818181818
48,10,71,0.0,-0.028169014084507043,0.04225352112676056
48,11,68,0.0,-0.029411764705882353,0.10294117647058823
48,12,54,0.0,-0.037037037037037035,0.25925925925925924
48,13,66,0.0,-0.06060606060606061,0.13636363636363635
48,14,60,0.0,-0.45,0.45
48,15,54,0.0,-0.05555555555555555,0.6666666666666666
48,16,71,0.0,-0.014084507042253521,0.676056338028169
48,17,60,0.0,-0.016666666666666666,0.2833333333333333
48,18,66,0.5757575757575758,0.0,0.3484848484848484
48,19,52,0.3076923076923077,0.2884615384615385,0.1923076923076923
48,20,92,0.10869565217391304,0.08695652173913043,0.17391304347826086
48,21,55,0.23636363636363636,0.23636363636363636,0.0
48,22,57,0.24561403508771928,0.19298245614035087,0.08771929824561403
48,23,46,0.3695652173913043,-0.30434782608695654,0.30434782608695654
48,24,48,0.3958333333333333,0.3958333333333333,0.2916666666666667
48,25,81,0.49382716049382713,0.49382716049382713,0.12345679012345678
48,26,73,0.1095890410958904,0.1095890410958904,0.1232876712328767
49,0,51,0.0,-0.49019607843137253,0.49019607843137253
49,1,45,0.0,-0.5555555555555556,0.8
49,2,51,0.0,0.0,0.0784313725490196
49,3,54,0.0,-0.37037037037037035,0.37037037037037035
49,4,49,0.0,0.0,0.6122448979591837
49,5,53,0.0,-0.018867924528301886,0.1509433962264151
49,6,52,0.0,-0.057692307692307696,0.21153846153846154
49,7,58,0.0,0.0,0.034482758620689655
49,8,62,0.0,0.0,0.3387096774193548
49,9,66,0.0,0.0,0.6818181818181818
49,10,71,0.0,-0.028169014084507043,0.04225352112676056
49,11,68,0.0,-0.029411764705882353,0.10294117647058823
49,12,54,0.0,-0.037037037037037035,0.25925925925925924
49,13,66,0.0,-0.06060606060606061,0.13636363636363635
49,14,60,0.0,-0.45,0.45
49,15,54,0.0,-0.05555555555555555,0.6666666666666666
49,16,71,0.0,-0.014084507042253521,0.676056338028169
49,17,60,0.0,-0.016666666666666666,0.2833333333333333
49,18,66,0.5,-0.0757575757575758,0.4242424242424242
49,19,52,0.4230769230769231,0.40384615384615385,0.07692307692307693
49,20,92,0.07608695652173914,0.05434782608695653,0.20652173913043476
49,21,55,0.21818181818181817,0.21818181818181817,0.018181818181818188
49,22,57,0.15789473684210525,0.10526315789473684,0.17543859649122806
49,23,46,0.3695652173913043,-0.30434782608695654,0.30434782608695654
49,24,48,0.16666666666666666,0.16666666666666666,0.5208333333333334
49,25,81,0.5432098765432098,0.5432098765432098,0.07407407407407407
49,26,73,0.2328767123287671,0.2328767123287671,0.0
50,0,51,0.0,-0.49019607843137253,0.49019607843137253
50,1,45,0.0,-0.5555555555555556,0.8
50,2,51,0.0,0.0,0.0784313725490196
50,3,54,0.0,-0.37037037037037035,0.37037037037037035
50,4,49,0.0,0.0,0.6122448979591837
50,5,53,0.0,-0.018867924528301886,0.1509433962264151
50,6,52,0.0,-0.057692307692307696,0.21153846153846154
50,7,58,0.0,0.0,0.034482758620689655
50,8,62,0.0,0.0,0.3387096774193548
50,9,66,0.0,0.0,0.6818181818181818
50,10,71,0.0,-0.028169014084507043,0.04225352112676056
50,11,68,0.0,-0.029411764705882353,0.10294117647058823
50,12,54,0.0,-0.037037037037037035,0.25925925925925924
50,13,66,0.0,-0.06060606060606061,0.13636363636363635
50,14,60,0.0,-0.45,0.45
50,15,54,0.0,-0.05555555555555555,0.6666666666666666
50,16,71,0.0,-0.014084507042253521,0.676056338028169
50,17,60,0.0,-0.016666666666666666,0.2833333333333333
50,18,66,0.5909090909090909,0.015151515151515138,0.33333333333333326
50,19,52,0.2692307692307692,0.25,0.23076923076923078
50,20,92,0.07608695652173914,0.05434782608695653,0.20652173913043476
50,21,55,0.38181818181818183,0.38181818181818183,0.0
50,22,57,0.2982456140350877,0.24561403508771928,0.03508771929824561
50,23,46,0.3695652173913043,-0.30434782608695654,0.30434782608695654
50,24,48,0.375,0.375,0.3125
50,25,81,0.41975308641975306,0.41975308641975306,0.19753086419753085
50,26,73,0.0958904109589041,0.0958904109589041,0.136986301369863
51,0,51,0.0,-0.49019607843137253,0.49019607843137253
51,1,45,0.0,-0.5555555555555556,0.8
51,2,51,0.0,0.0,0.0784313725490196
51,3,54,0.0,-0.37037037037037035,0.37037037037037035
51,4,49,0.0,0.0,0.6122448979591837
51,5,53,0.0,-0.018867924528301886,0.1509433962264151
51,6,52,0.0,-0.057692307692307696,0.21153846153846154
51,7,58,0.0,0.0,0.034482758620689655
51,8,62,0.0,0.0,0.3387096774193548
51,9,66,0.0,0.0,0.6818181818181818
51,10,71,0.0,-0.028169014084507043,0.04225352112676056
51,11,68,0.0,-0.029411764705882353,0.10294117647058823
51,12,54,0.0,-0.037037037037037035,0.25925925925925924
51,13,66,0.0,-0.06060606060606061,0.13636363636363635
51,14,60,0.0,-0.45,0.45
51,15,54,0.0,-0.05555555555555555,0.6666666666666666
51,16,71,0.0,-0.014084507042253521,0.676056338028169
51,17,60,0.0,-0.016666666666666666,0.2833333333333333
51,18,66,0.48484848484848486,-0.09090909090909094,0.43939393939393934
51,19,52,0.40384615384615385,0.38461538461538464,0.09615384615384615
51,20,92,0.09782608695652174,0.07608695652173914,0.18478260869565216
51,21,55,0.2545454545454545,0.2545454545454545,0.12727272727272732
51,22,57,0.17543859649122806,0.12280701754385964,0.15789473684210525
51,23,46,0.3695652173913043,-0.30434782608695654,0.30434782608695654
51,24,48,0.16666666666666666,0.16666666666666666,0.5208333333333334
51,25,81,0.5555555555555556,0.5555555555555556,0.061728395061728336
51,26,73,0.2328767123287671,0.2328767123287671,0.0
52,0,51,0.0,-0.49019607843137253,0.49019607843137253
52,1,45,0.0,-0.5555555555555556,0.8
52,2,51,0.0,0.0,0.0784313725490196
52,3,54,0.0,-0.37037037037037035,0.37037037037037035
52,4,49,0.0,0.0,0.6122448979591837
52,5,53,0.0,-0.018867924528301886,0.1509433962264151
52,6,52,0.0,-0.057692307692307696,0.21153846153846154
52,7,58,0.0,0.0,0.034482758620689655
52,8,62,0.0,0.0,0.3387096774193548
52,9,66,0.0,0.0,0.6818181818181818
52,10,71,0.0,-0.028169014084507043,0.04225352112676056
52,11,68,0.0,-0.029411764705882353,0.10294117647058823
52,12,54,0.0,-0.037037037037037035,0.25925925925925924
52,13,66,0.0,-0.06060606060606061,0.13636363636363635
52,14,60,0.0,-0.45,0.45
52,15,54,0.0,-0.05555555555555555,0.6666666666666666
52,16,71,0.0,-0.014084507042253521,0.676056338028169
52,17,60,0.0,-0.016666666666666666,0.2833333333333333
52,18,66,0.6363636363636364,0.06060606060606055,0.28787878787878785
52,19,52,0.2692307692307692,0.25,0.23076923076923078
52,20,92,0.07608695652173914,0.05434782608695653,0.20652173913043476
52,21,55,0.36363636363636365,0.36363636363636365,0.018181818181818188
52,22,57,0.38596491228070173,0.3333333333333333,0.0
52,23,46,0.45652173913043476,-0.2173913043478261,0.2173913043478261
52,24,48,0.375,0.375,0.3125
52,25,81,0.41975308641975306,0.41975308641975306,0.19753086419753085
52,26,73,0.0821917808219178,0.0821917808219178,0.1506849315068493
53,0,51,0.0,-0.49019607843137253,0.49019607843137253
53,1,45,0.0,-0.5555555555555556,0.8
53,2,51,0.0,0.0,0.0784313725490196
53,3,54,0.0,-0.37037037037037035,0.37037037037037035
53,4,49,0.0,0.0,0.6122448979591837
53,5,53,0.0,-0.018867924528301886,0.1509433962264151
53,6,52,0.0,-0.057692307692307696,0.21153846153846154
53,7,58,0.0,0.0,0.034482758620689655
53,8,62,0.0,0.0,0.3387096774193548
53,9,66,0.0,0.0,0.6818181818181818
53,10,71,0.0,-0.028169014084507043,0.04225352112676056
53,11,68,0.0,-0.029411764705882353,0.10294117647058823
53,12,54,0.0,-0.037037037037037035,0.25925925925925924
53,13,66,0.0,-0.06060606060606061,0.13636363636363635
53,14,60,0.0,-0.45,0.45
53,15,54,0.0,-0.05555555555555555,0.6666666666666666
53,16,71,0.0,-0.014084507042253521,0.676056338028169
53,17,60,0.0,-0.016666666666666666,0.2833333333333333
53,18,66,0.5454545454545454,-0.030303030303030387,0.3787878787878788
53,19,52,0.3076923076923077,0.2884615384615385,0.1923076923076923
53,20,92,0.09782608695652174,0.07608695652173914,0.18478260869565216
53,21,55,0.10909090909090909,0.10909090909090909,0.27272727272727276
53,22,57,0.21052631578947367,0.15789473684210525,0.17543859649122806
53,23,46,0.3695652173913043,-0.30434782608695654,0.30434782608695654
53,24,48,0.16666666666666666,0.16666666666666666,0.5208333333333334
53,25,81,0.6419753086419753,0.6419753086419753,0.0
53,26,73,0.1780821917808219,0.1780821917808219,0.0547945205479452
54,0,51,0.0,-0.49019607843137253,0.49019607843137253
54,1,45,0.0,-0.5555555555555556,0.8
54,2,51,0.0,0.0,0.0784313725490196
54,3,54,0.0,-0.37037037037037035,0.37037037037037035
54,4,49,0.0,0.0,0.6122448979591837
54,5,53,0.0,-0.018867924528301886,0.1509433962264151
54,6,52,0.0,-0.057692307692307696,0.21153846153846154
54,7,58,0.0,0.0,0.034482758620689655
54,8,62,0.0,0.0,0.3387096774193548
54,9,66,0.0,0.0,0.6818181818181818
54,10,71,0.0,-0.028169014084507043,0.04225352112676056
54,11,68,0.0,-0.029411764705882353,0.10294117647058823
54,12,54,0.0,-0.037037037037037035,0.25925925925925924
54,13,66,0.0,-0.06060606060606061,0.13636363636363635
54,14,60,0.0,-0.45,0.45
54,15,54,0.0,-0.05555555555555555,0.6666666666666666
54,16,71,0.0,-0.014084507042253521,0.676056338028169
54,17,60,0.0,-0.016666666666666666,0.2833333333333333
54,18,66,0.5909090909090909,0.015151515151515138,0.33333333333333326
54,19,52,0.28846153846153844,0.2692307692307692,0.21153846153846156
54,20,92,0.08695652173913043,0.06521739130434782,0.19565217391304346
54,21,55,0.2545454545454545,0.2545454545454545,0.12727272727272732
54,22,57,0.3333333333333333,0.2807017543859649,0.05263157894736842
54,23,46,0.391304347826087,-0.2826086956521739,0.2826086956521739
54,24,48,0.375,0.375,0.3125
54,25,81,0.4567901234567901,0.4567901234567901,0.18518518518518517
54,26,73,0.0684931506849315,0.0684931506849315,0.1643835616438356
55,0,51,0.0,-0.49019607843137253,0.49019607843137253
55,1,45,0.0,-0.5555555555555556,0.8
55,2,51,0.0,0.0,0.0784313725490196
55,3,54,0.0,-0.37037037037037035,0.37037037037037035
55,4,49,0.0,0.0,0.6122448979591837
55,5,53,0.0,-0.018867924528301886,0.1509433962264151
55,6,52,0.0,-0.057692307692307696,0.21153846153846154
55,7,58,0.0,0.0,0.034482758620689655
55,8,62,0.0,0.0,0.3387096774193548
55,9,66,0.0,0.0,0.6818181818181818
55,10,71,0.0,-0.028169014084507043,0.04225352112676056
55,11,68,0.0,-0.029411764705882353,0.10294117647058823
55,12,54,0.0,-0.037037037037037035,0.25925925925925924
55,13,66,0.0,-0.06060606060606061,0.13636363636363635
55,14,60,0.0,-0.45,0.45
55,15,54,0.0,-0.05555555555555555,0.6666666666666666
55,16,71,0.0,-0.014084507042253521,0.676056338028169
55,17,60,0.0,-0.016666666666666666,0.2833333333333333
55,18,66,0.5303030303030303,-0.045454545454545525,0.3939393939393939
55,19,52,0.34615384615384615,0.3269230769230769,0.15384615384615385
55,20,92,0.06521739130434782,0.043478260869565216,0.21739130434782605
55,21,55,0.3090909090909091,0.3090909090909091,0.07272727272727275
55,22,57,0.19298245614035087,0.14035087719298245,0.19298245614035087
55,23,46,0.34782608695652173,-0.32608695652173914,0.32608695652173914
55,24,48,0.14583333333333334,0.14583333333333334,0.5416666666666666
55,25,81,0.5925925925925926,0.5925925925925926,0.04938271604938271
55,26,73,0.2191780821917808,0.2191780821917808,0.0136986301369863
56,0,51,0.0,-0.49019607843137253,0.49019607843137253
56,1,45,0.0,-0.5555555555555556,0.8
56,2,51,0.0,0.0,0.0784313725490196
56,3,54,0.0,-0.37037037037037035,0.37037037037037035
56,4,49,0.0,0.0,0.6122448979591837
56,5,53,0.0,-0.018867924528301886,0.1509433962264151
56,6,52,0.0,-0.057692307692307696,0.21153846153846154
56,7,58,0.0,0.0,0.034482758620689655
56,8,62,0.0,0.0,0.3387096774193548
56,9,66,0.015151515151515152,0.015151515151515152,0.6666666666666666
56,10,71,0.0,-0.028169014084507043,0.04225352112676056
56,11,68,0.0,-0.029411764705882353,0.10294117647058823
56,12,54,0.0,-0.037037037037037035,0.25925925925925924
56,13,66,0.0,-0.06060606060606061,0.13636363636363635
56,14,60,0.0,-0.45,0.45
56,15,54,0.0,-0.05555555555555555,0.6666666666666666
56,16,71,0.0,-0.014084507042253521,0.676056338028169
56,17,60,0.0,-0.016666666666666666,0.2833333333333333
56,18,66,0.6060606060606061,0.030303030303030276,0.3181818181818181
56,19,52,0.28846153846153844,0.2692307692307692,0.21153846153846156
56,20,92,0.06521739130434782,0.043478260869565216,0.21739130434782605
56,21,55,0.3090909090909091,0.3090909090909091,0.07272727272727275
56,22,57,0.3508771929824561,0.2982456140350877,0.03508771929824561
56,23,46,0.43478260869565216,-0.2391304347826087,0.2391304347826087
56,24,48,0.375,0.375,0.3125
56,25,81,0.4567901234567901,0.4567901234567901,0.18518518518518517
56,26,73,0.0684931506849315,0.0684931506849315,0.1643835616438356
57,0,51,0.0,-0.49019607843137253,0.49019607843137253
57,1,45,0.0,-0.5555555555555556,0.8
57,2,51,0.0,0.0,0.0784313725490196
57,3,54,0.0,-0.37037037037037035,0.37037037037037035
57,4,49,0.0,0.0,0.6122448979591837
57,5,53,0.0,-0.018867924528301886,0.1509433962264151
57,6,52,0.0,-0.057692307692307696,0.21153846153846154
57,7,58,0.0,0.0,0.034482758620689655
57,8,62,0.0,0.0,0.3387096774193548
57,9,66,0.0,0.0,0.6818181818181818
57,10,71,0.0,-0.028169014084507043,0.04225352112676056
57,11,68,0.0,-0.029411764705882353,0.10294117647058823
57,12,54,0.0,-0.037037037037037035,0.25925925925925924
57,13,66,0.0,-0.06060606060606061,0.13636363636363635
57,14,60,0.0,-0.45,0.45
57,15,54,0.0,-0.05555555555555555,0.6666666666666666
57,16,71,0.0,-0.014084507042253521,0.676056338028169
57,17,60,0.0,-0.016666666666666666,0.2833333333333333
57,18,66,0.5454545454545454,-0.030303030303030387,0.3787878787878788
57,19,52,0.36538461538461536,0.34615384615384615,0.13461538461538464
57,20,92,0.06521739130434782,0.043478260869565216,0.21739130434782605
57,21,55,0.3090909090909091,0.3090909090909091,0.07272727272727275
57,22,57,0.22807017543859648,0.17543859649122806,0.15789473684210525
57,23,46,0.34782608695652173,-0.32608695652173914,0.32608695652173914
57,24,48,0.14583333333333334,0.14583333333333334,0.5416666666666666
57,25,81,0.6172839506172839,0.6172839506172839,0.024691358024691357
57,26,73,0.2191780821917808,0.2191780821917808,0.0136986301369863
58,0,51,0.0,-0.49019607843137253,0.49019607843137253
58,1,45,0.0,-0.5555555555555556,0.8
58,2,51,0.0,0.0,0.0784313725490196
58,3,54,0.0,-0.37037037037037035,0.37037037037037035
58,4,49,0.0,0.0,0.6122448979591837
58,5,53,0.0,-0.018867924528301886,0.1509433962264151
58,6,52,0.0,-0.057692307692307696,0.21153846153846154
58,7,58,0.0,0.0,0.034482758620689655
58,8,62,0.0,0.0,0.3387096774193548
58,9,66,0.015151515151515152,0.015151515151515152,0.6666666666666666
58,10,71,0.0,-0.028169014084507043,0.04225352112676056
58,11,68,0.0,-0.029411764705882353,0.10294117647058823
58,12,54,0.0,-0.037037037037037035,0.25925925925925924
58,13,66,0.0,-0.06060606060606061,0.13636363636363635
58,14,60,0.0,-0.45,0.45
58,15,54,0.0,-0.05555555555555555,0.6666666666666666
58,16,71,0.0,-0.014084507042253521,0.676056338028169
58,17,60,0.0,-0.016666666666666666,0.2833333333333333
58,18,66,0.6060606060606061,0.030303030303030276,0.3181818181818181
58,19,52,0.28846153846153844,0.2692307692307692,0.21153846153846156
58,20,92,0.07608695652173914,0.05434782608695653,0.20652173913043476
58,21,55,0.3090909090909091,0.3090909090909091,0.07272727272727275
58,22,57,0.3333333333333333,0.2807017543859649,0.05263157894736842
58,23,46,0.43478260869565216,-0.2391304347826087,0.2391304347826087
58,24,48,0.3541666666666667,0.3541666666666667,0.3333333333333333
58,25,81,0.4074074074074074,0.4074074074074074,0.2345679012345679
58,26,73,0.0684931506849315,0.0684931506849315,0.1643835616438356
59,0,51,0.0,-0.49019607843137253,0.49019607843137253
59,1,45,0.0,-0.5555555555555556,0.8
59,2,51,0.0,0.0,0.0784313725490196
59,3,54,0.0,-0.37037037037037035,0.37037037037037035
59,4,49,0.0,0.0,0.6122448979591837
59,5,53,0.0,-0.018867924528301886,0.1509433962264151
59,6,52,0.0,-0.057692307692307696,0.21153846153846154
59,7,58,0.0,0.0,0.034482758620689655
59,8,62,0.0,0.0,0.3387096774193548
59,9,66,0.0,0.0,0.6818181818181818
59,10,71,0.0,-0.028169014084507043,0.04225352112676056
59,11,68,0.0,-0.029411764705882353,0.10294117647058823
59,12,54,0.0,-0.037037037037037035,0.25925925925925924
59,13,66,0.0,-0.06060606060606061,0.13636363636363635
59,14,60,0.0,-0.45,0.45
59,15,54,0.0,-0.05555555555555555,0.6666666666666666
59,16,71,0.0,-0.014084507042253521,0.676056338028169
59,17,60,0.0,-0.016666666666666666,0.2833333333333333
59,18,66,0.5,-0.0757575757575758,0.4242424242424242
59,19,52,0.40384615384615385,0.38461538461538464,0.09615384615384615
59,20,92,0.06521739130434782,0.043478260869565216,0.21739130434782605
59,21,55,0.38181818181818183,0.38181818181818183,0.0
59,22,57,0.24561403508771928,0.19298245614035087,0.14035087719298245
59,23,46,0.3695652173913043,-0.30434782608695654,0.30434782608695654
59,24,48,0.14583333333333334,0.14583333333333334,0.5416666666666666
59,25,81,0.6049382716049383,0.6049382716049383,0.03703703703703698
59,26,73,0.2602739726027397,0.2602739726027397,0.0
60,0,51,0.0,-0.49019607843137253,0.49019607843137253
60,1,45,0.0,-0.5555555555555556,0.8
60,2,51,0.0,0.0,0.0784313725490196
60,3,54,0.0,-0.37037037037037035,0.37037037037037035
60,4,49,0.0,0.0,0.6122448979591837
60,5,53,0.0,-0.018867924528301886,0.1509433962264151
60,6,52,0.0,-0.057692307692307696,0.21153846153846154
60,7,58,0.0,0.0,0.034482758620689655
60,8,62,0.0,0.0,0.3387096774193548
60,9,66,0.0,0.0,0.6818181818181818
60,10,71,0.0,-0.028169014084507043,0.04225352112676056
60,11,68,0.0,-0.029411764705882353,0.10294117647058823
60,12,54,0.0,-0.037037037037037035,0.25925925925925924
60,13,66,0.0,-0.06060606060606061,0.13636363636363635
60,14,60,0.0,-0.45,0.45
60,15,54,0.0,-0.05555555555555555,0.6666666666666666
60,16,71,0.0,-0.014084507042253521,0.676056338028169
60,17,60,0.0,-0.016666666666666666,0.2833333333333333
60,18,66,0.6212121212121212,0.045454545454545414,0.303030303030303
60,19,52,0.25,0.23076923076923078,0.25
60,20,92,0.08695652173913043,0.06521739130434782,0.19565217391304346
60,21,55,0.4,0.4,0.0
60,22,57,0.3333333333333333,0.2807017543859649,0.05263157894736842
60,23,46,0.43478260869565216,-0.2391304347826087,0.2391304347826087
60,24,48,0.375,0.375,0.3125
60,25,81,0.4567901234567901,0.4567901234567901,0.18518518518518517
60,26,73,0.0684931506849315,0.0684931506849315,0.1917808219178082
61,0,51,0.0,-0.49019607843137253,0.49019607843137253
61,1,45,0.0,-0.5555555555555556,0.8
61,2,51,0.0,0.0,0.0784313725490196
61,3,54,0.0,-0.37037037037037035,0.37037037037037035
61,4,49,0.0,0.0,0.6122448979591837
61,5,53,0.0,-0.018867924528301886,0.1509433962264151
61,6,52,0.0,-0.057692307692307696,0.21153846153846154
61,7,58,0.0,0.0,0.034482758620689655
61,8,62,0.0,0.0,0.3387096774193548
61,9,66,0.0,0.0,0.6818181818181818
61,10,71,0.0,-0.028169014084507043,0.04225352112676056
61,11,68,0.0,-0.029411764705882353,0.10294117647058823
61,12,54,0.0,-0.037037037037037035,0.25925925925925924
61,13,66,0.0,-0.06060606060606061,0.13636363636363635
61,14,60,0.0,-0.45,0.45
61,15,54,0.0,-0.05555555555555555,0.6666666666666666
61,16,71,0.0,-0.014084507042253521,0.676056338028169
61,17,60,0.0,-0.016666666666666666,0.2833333333333333
61,18,66,0.4696969696969697,-0.10606060606060608,0.4545454545454545
61,19,52,0.4230769230769231,0.40384615384615385,0.07692307692307693
61,20,92,0.03260869565217391,0.010869565217391304,0.24999999999999997
61,21,55,0.4909090909090909,0.4909090909090909,0.0
61,22,57,0.2631578947368421,0.21052631578947367,0.12280701754385964
61,23,46,0.34782608695652173,-0.32608695652173914,0.32608695652173914
61,24,48,0.16666666666666666,0.16666666666666666,0.5208333333333334
61,25,81,0.5802469135802469,0.5802469135802469,0.061728395061728336
61,26,73,0.2876712328767123,0.2876712328767123,0.0
62,0,51,0.0,-0.49019607843137253,0.49019607843137253
62,1,45,0.0,-0.5555555555555556,0.8
62,2,51,0.0,0.0,0.0784313725490196
62,3,54,0.0,-0.37037037037037035,0.37037037037037035
62,4,49,0.0,0.0,0.6122448979591837
62,5,53,0.0,-0.018867924528301886,0.1509433962264151
62,6,52,0.0,-0.057692307692307696,0.21153846153846154
62,7,58,0.0,0.0,0.034482758620689655
62,8,62,0.0,0.0,0.3387096774193548
62,9,66,0.015151515151515152,0.015151515151515152,0.6666666666666666
62,10,71,0.0,-0.028169014084507043,0.04225352112676056
62,11,68,0.0,-0.029411764705882353,0.10294117647058823
62,12,54,0.0,-0.037037037037037035,0.25925925925925924
62,13,66,0.0,-0.06060606060606061,0.13636363636363635
62,14,60,0.0,-0.45,0.45
62,15,54,0.0,-0.05555555555555555,0.6666666666666666
62,16,71,0.0,-0.014084507042253521,0.676056338028169
62,17,60,0.0,-0.016666666666666666,0.2833333333333333
62,18,66,0.5757575757575758,0.0,0.3484848484848484
62,19,52,0.25,0.23076923076923078,0.25
62,20,92,0.07608695652173914,0.05434782608695653,0.20652173913043476
62,21,55,0.6363636363636364,0.6363636363636364,0.0
62,22,57,0.2982456140350877,0.24561403508771928,0.08771929824561403
62,23,46,0.41304347826086957,-0.2608695652173913,0.2608695652173913
62,24,48,0.3958333333333333,0.3958333333333333,0.2916666666666667
62,25,81,0.3333333333333333,0.3333333333333333,0.30864197530864196
62,26,73,0.1506849315068493,0.1506849315068493,0.136986301369863
63,0,51,0.0,-0.49019607843137253,0.49019607843137253
63,1,45,0.0,-0.5555555555555556,0.8
63,2,51,0.0,0.0,0.0784313725490196
63,3,54,0.0,-0.37037037037037035,0.37037037037037035
63,4,49,0.0,0.0,0.6122448979591837
63,5,53,0.0,-0.018867924528301886,0.1509433962264151
63,6,52,0.0,-0.057692307692307696,0.21153846153846154
63,7,58,0.0,0.0,0.034482758620689655
63,8,62,0.0,0.0,0.3387096774193548
63,9,66,0.0,0.0,0.6818181818181818
63,10,71,0.0,-0.028169014084507043,0.04225352112676056
63,11,68,0.0,-0.029411764705882353,0.10294117647058823
63,12,54,0.0,-0.037037037037037035,0.25925925925925924
63,13,66,0.0,-0.06060606060606061,0.13636363636363635
63,14,60,0.0,-0.45,0.45
63,15,54,0.0,-0.05555555555555555,0.6666666666666666
63,16,71,0.0,-0.014084507042253521,0.676056338028169
63,17,60,0.0,-0.016666666666666666,0.2833333333333333
63,18,66,0.48484848484848486,-0.09090909090909094,0.43939393939393934
63,19,52,0.36538461538461536,0.34615384615384615,0.13461538461538464
63,20,92,0.09782608695652174,0.07608695652173914,0.18478260869565216
63,21,55,0.41818181818181815,0.41818181818181815,0.2181818181818182
63,22,57,0.22807017543859648,0.17543859649122806,0.15789473684210525
63,23,46,0.3695652173913043,-0.30434782608695654,0.30434782608695654
63,24,48,0.3125,0.3125,0.375
63,25,81,0.5679012345679012,0.5679012345679012,0.07407407407407407
63,26,73,0.2328767123287671,0.2328767123287671,0.0547945205479452
64,0,51,0.0,-0.49019607843137253,0.49019607843137253
64,1,45,0.0,-0.5555555555555556,0.8
64,2,51,0.0,0.0,0.0784313725490196
64,3,54,0.0,-0.37037037037037035,0.37037037037037035
64,4,49,0.0,0.0,0.6122448979591837
64,5,53,0.0,-0.018867924528301886,0.1509433962264151
64,6,52,0.0,-0.057692307692307696,0.21153846153846154
64,7,58,0.0,0.0,0.034482758620689655
64,8,62,0.0,0.0,0.3387096774193548
64,9,66,0.015151515151515152,0.015151515151515152,0.6666666666666666
64,10,71,0.0,-0.028169014084507043,0.04225352112676056
64,11,68,0.0,-0.029411764705882353,0.10294117647058823
64,12,54,0.0,-0.037037037037037035,0.25925925925925924
64,13,66,0.0,-0.06060606060606061,0.13636363636363635
64,14,60,0.0,-0.45,0.45
64,15,54,0.0,-0.05555555555555555,0.6666666666666666
64,16,71,0.0,-0.014084507042253521,0.676056338028169
64,17,60,0.0,-0.016666666666666666,0.2833333333333333
64,18,66,0.5757575757575758,0.0,0.3484848484848484
64,19,52,0.2692307692307692,0.25,0.23076923076923078
64,20,92,0.08695652173913043,0.06521739130434782,0.19565217391304346
64,21,55,0.6545454545454545,0.6545454545454545,0.0
64,22,57,0.3157894736842105,0.2631578947368421,0.07017543859649122
64,23,46,0.391304347826087,-0.2826086956521739,0.2826086956521739
64,24,48,0.375,0.375,0.3125
64,25,81,0.37037037037037035,0.37037037037037035,0.2716049382716049
64,26,73,0.136986301369863,0.136986301369863,0.1506849315068493
65,0,51,0.0,-0.49019607843137253,0.49019607843137253
65,1,45,0.0,-0.5555555555555556,0.8
65,2,51,0.0,0.0,0.0784313725490196
65,3,54,0.0,-0.37037037037037035,0.37037037037037035
65,4,49,0.0,0.0,0.6122448979591837
65,5,53,0.0,-0.018867924528301886,0.1509433962264151
65,6,52,0.0,-0.057692307692307696,0.21153846153846154
65,7,58,0.0,0.0,0.034482758620689655
65,8,62,0.0,0.0,0.3387096774193548
65,9,66,0.0,0.0,0.6818181818181818
65,10,71,0.0,-0.028169014084507043,0.04225352112676056
65,11,68,0.0,-0.029411764705882353,0.10294117647058823
65,12,54,0.0,-0.037037037037037035,0.25925925925925924
65,13,66,0.0,-0.06060606060606061,0.13636363636363635
65,14,60,0.0,-0.45,0.45
65,15,54,0.0,-0.05555555555555555,0.6666666666666666
65,16,71,0.0,-0.014084507042253521,0.676056338028169
65,17,60,0.0,-0.016666666666666666,0.2833333333333333
65,18,66,0.4696969696969697,-0.10606060606060608,0.4545454545454545
65,19,52,0.34615384615384615,0.3269230769230769,0.15384615384615385
65,20,92,0.08695652173913043,0.06521739130434782,0.19565217391304346
65,21,55,0.509090909090909,0.509090909090909,0.1454545454545455
65,22,57,0.22807017543859648,0.17543859649122806,0.15789473684210525
65,23,46,0.3695652173913043,-0.30434782608695654,0.30434782608695654
65,24,48,0.3125,0.3125,0.375
65,25,81,0.5432098765432098,0.5432098765432098,0.09876543209876543
65,26,73,0.2328767123287671,0.2328767123287671,0.0547945205479452
66,0,51,0.0,-0.49019607843137253,0.49019607843137253
66,1,45,0.0,-0.5555555555555556,0.8
66,2,51,0.0,0.0,0.0784313725490196
66,3,54,0.0,-0.37037037037037035,0.37037037037037035
66,4,49,0.0,0.0,0.6122448979591837
66,5,53,0.0,-0.018867924528301886,0.1509433962264151
66,6,52,0.0,-0.057692307692307696,0.21153846153846154
66,7,58,0.0,0.0,0.034482758620689655
66,8,62,0.0,0.0,0.3387096774193548
66,9,66,0.0,0.0,0.6818181818181818
66,10,71,0.0,-0.028169014084507043,0.04225352112676056
66,11,68,0.0,-0.029411764705882353,0.10294117647058823
66,12,54,0.0,-0.037037037037037035,0.25925925925925924
66,13,66,0.0,-0.06060606060606061,0.13636363636363635
66,14,60,0.0,-0.45,0.45
66,15,54,0.0,-0.05555555555555555,0.6666666666666666
66,16,71,0.0,-0.014084507042253521,0.676056338028169
66,17,60,0.0,-0.016666666666666666,0.2833333333333333
66,18,66,0.5606060606060606,-0.015151515151515249,0.36363636363636365
66,19,52,0.2692307692307692,0.25,0.23076923076923078
66,20,92,0.08695652173913043,0.06521739130434782,0.19565217391304346
66,21,55,0.6363636363636364,0.6363636363636364,0.018181818181818188
66,22,57,0.2982456140350877,0.24561403508771928,0.08771929824561403
66,23,46,0.391304347826087,-0.2826086956521739,0.2826086956521739
66,24,48,0.375,0.375,0.3125
66,25,81,0.41975308641975306,0.41975308641975306,0.2222222222222222
66,26,73,0.1506849315068493,0.1506849315068493,0.136986301369863
67,0,51,0.0,-0.49019607843137253,0.49019607843137253
67,1,45,0.0,-0.5555555555555556,0.8
67,2,51,0.0,0.0,0.0784313725490196
67,3,54,0.0,-0.37037037037037035,0.37037037037037035
67,4,49,0.0,0.0,0.6122448979591837
67,5,53,0.0,-0.018867924528301886,0.1509433962264151
67,6,52,0.0,-0.057692307692307696,0.21153846153846154
67,7,58,0.0,0.0,0.034482758620689655
67,8,62,0.0,0.0,0.3387096774193548
67,9,66,0.0,0.0,0.6818181818181818
67,10,71,0.0,-0.028169014084507043,0.04225352112676056
67,11,68,0.0,-0.029411764705882353,0.10294117647058823
67,12,54,0.0,-0.037037037037037035,0.25925925925925924
67,13,66,0.0,-0.06060606060606061,0.13636363636363635
67,14,60,0.0,-0.45,0.45
67,15,54,0.0,-0.05555555555555555,0.6666666666666666
67,16,71,0.0,-0.014084507042253521,0.676056338028169
67,17,60,0.0,-0.016666666666666666,0.2833333333333333
67,18,66,0.5,-0.0757575757575758,0.4242424242424242
67,19,52,0.36538461538461536,0.34615384615384615,0.13461538461538464
67,20,92,0.08695652173913043,0.06521739130434782,0.19565217391304346
67,21,55,0.5636363636363636,0.5636363636363636,0.09090909090909094
67,22,57,0.2631578947368421,0.21052631578947367,0.12280701754385964
67,23,46,0.391304347826087,-0.2826086956521739,0.2826086956521739
67,24,48,0.22916666666666666,0.22916666666666666,0.45833333333333337
67,25,81,0.5308641975308642,0.5308641975308642,0.11111111111111105
67,26,73,0.2465753424657534,0.2465753424657534,0.0410958904109589
68,0,51,0.0,-0.49019607843137253,0.49019607843137253
68,1,45,0.0,-0.5555555555555556,0.8
68,2,51,0.0,0.0,0.0784313725490196
68,3,54,0.0,-0.37037037037037035,0.37037037037037035
68,4,49,0.0,0.0,0.6122448979591837
68,5,53,0.0,-0.018867924528301886,0.1509433962264151
68,6,52,0.0,-0.057692307692307696,0.21153846153846154
68,7,58,0.0,0.0,0.034482758620689655
68,8,62,0.0,0.0,0.3387096774193548
68,9,66,0.015151515151515152,0.015151515151515152,0.6666666666666666
68,10,71,0.0,-0.028169014084507043,0.04225352112676056
68,11,68,0.0,-0.029411764705882353,0.10294117647058823
68,12,54,0.0,-0.037037037037037035,0.25925925925925924
68,13,66,0.0,-0.06060606060606061,0.13636363636363635
68,14,60,0.0,-0.45,0.45
68,15,54,0.0,-0.05555555555555555,0.6666666666666666
68,16,71,0.0,-0.014084507042253521,0.676056338028169
68,17,60,0.0,-0.016666666666666666,0.2833333333333333
68,18,66,0.5757575757575758,0.0,0.3484848484848484
68,19,52,0.28846153846153844,0.2692307692307692,0.21153846153846156
68,20,92,0.08695652173913043,0.06521739130434782,0.19565217391304346
68,21,55,0.5272727272727272,0.5272727272727272,0.12727272727272732
68,22,57,0.2982456140350877,0.24561403508771928,0.08771929824561403
68,23,46,0.391304347826087,-0.2826086956521739,0.2826086956521739
68,24,48,0.3958333333333333,0.3958333333333333,0.2916666666666667
68,25,81,0.4691358024691358,0.4691358024691358,0.1728395061728395
68,26,73,0.1095890410958904,0.1095890410958904,0.1780821917808219
69,0,51,0.0,-0.49019607843137253,0.49019607843137253
69,1,45,0.0,-0.5555555555555556,0.8
69,2,51,0.0,0.0,0.0784313725490196
69,3,54,0.0,-0.37037037037037035,0.37037037037037035
69,4,49,0.0,0.0,0.6122448979591837
69,5,53,0.0,-0.018867924528301886,0.1509433962264151
69,6,52,0.0,-0.057692307692307696,0.21153846153846154
69,7,58,0.0,0.0,0.034482758620689655
69,8,62,0.0,0.0,0.3387096774193548
69,9,66,0.0,0.0,0.6818181818181818
69,10,71,0.0,-0.028169014084507043,0.04225352112676056
69,11,68,0.0,-0.029411764705882353,0.10294117647058823
69,12,54,0.0,-0.037037037037037035,0.25925925925925924
69,13,66,0.0,-0.06060606060606061,0.13636363636363635
69,14,60,0.0,-0.45,0.45
69,15,54,0.0,-0.05555555555555555,0.6666666666666666
69,16,71,0.0,-0.014084507042253521,0.676056338028169
69,17,60,0.0,-0.016666666666666666,0.2833333333333333
69,18,66,0.5151515151515151,-0.06060606060606066,0.40909090909090906
69,19,52,0.3269230769230769,0.3076923076923077,0.17307692307692307
69,20,92,0.09782608695652174,0.07608695652173914,0.18478260869565216
69,21,55,0.5636363636363636,0.5636363636363636,0.09090909090909094
69,22,57,0.24561403508771928,0.19298245614035087,0.14035087719298245
69,23,46,0.3695652173913043,-0.30434782608695654,0.30434782608695654
69,24,48,0.16666666666666666,0.16666666666666666,0.5208333333333334
69,25,81,0.5061728395061729,0.5061728395061729,0.1358024691358024
69,26,73,0.3287671232876712,0.3287671232876712,0.0
70,0,51,0.0,-0.49019607843137253,0.49019607843137253
70,1,45,0.0,-0.5555555555555556,0.8
70,2,51,0.0,0.0,0.0784313725490196
70,3,54,0.0,-0.37037037037037035,0.37037037037037035
70,4,49,0.0,0.0,0.6122448979591837
70,5,53,0.0,-0.018867924528301886,0.1509433962264151
70,6,52,0.0,-0.057692307692307696,0.21153846153846154
70,7,58,0.0,0.0,0.034482758620689655
70,8,62,0.0,0.0,0.3387096774193548
70,9,66,0.0,0.0,0.6818181818181818
70,10,71,0.0,-0.028169014084507043,0.04225352112676056
70,11,68,0.0,-0.029411764705882353,0.10294117647058823
70,12,54,0.0,-0.037037037037037035,0.25925925925925924
70,13,66,0.0,-0.06060606060606061,0.13636363636363635
70,14,60,0.0,-0.45,0.45
70,15,54,0.0,-0.05555555555555555,0.6666666666666666
70,16,71,0.0,-0.014084507042253521,0.676056338028169
70,17,60,0.0,-0.016666666666666666,0.2833333333333333
70,18,66,0.5909090909090909,0.015151515151515138,0.33333333333333326
70,19,52,0.3076923076923077,0.2884615384615385,0.1923076923076923
70,20,92,0.07608695652173914,0.05434782608695653,0.20652173913043476
70,21,55,0.5636363636363636,0.5636363636363636,0.09090909090909094
70,22,57,0.2982456140350877,0.24561403508771928,0.08771929824561403
70,23,46,0.391304347826087,-0.2826086956521739,0.2826086956521739
70,24,48,0.3958333333333333,0.3958333333333333,0.2916666666666667
70,25,81,0.49382716049382713,0.49382716049382713,0.14814814814814814
70,26,73,0.136986301369863,0.136986301369863,0.1917808219178082
71,0,51,0.0,-0.49019607843137253,0.49019607843137253
71,1,45,0.0,-0.5555555555555556,0.8
71,2,51,0.0,0.0,0.0784313725490196
71,3,54,0.0,-0.37037037037037035,0.37037037037037035
71,4,49,0.0,0.0,0.6122448979591837
71,5,53,0.0,-0.018867924528301886,0.1509433962264151
71,6,52,0.0,-0.057692307692307696,0.21153846153846154
71,7,58,0.0,0.0,0.034482758620689655
71,8,62,0.0,0.0,0.3387096774193548
71,9,66,0.0,0.0,0.6818181818181818
71,10,71,0.0,-0.028169014084507043,0.04225352112676056
71,11,68,0.0,-0.029411764705882353,0.10294117647058823
71,12,54,0.0,-0.037037037037037035,0.25925925925925924
71,13,66,0.0,-0.06060606060606061,0.13636363636363635
71,14,60,0.0,-0.45,0.45
71,15,54,0.0,-0.05555555555555555,0.6666666666666666
71,16,71,0.0,-0.014084507042253521,0.676056338028169
71,17,60,0.0,-0.016666666666666666,0.2833333333333333
71,18,66,0.5151515151515151,-0.06060606060606066,0.40909090909090906
71,19,52,0.3076923076923077,0.2884615384615385,0.1923076923076923
71,20,92,0.07608695652173914,0.05434782608695653,0.20652173913043476
71,21,55,0.509090909090909,0.509090909090909,0.1454545454545455
71,22,57,0.24561403508771928,0.19298245614035087,0.14035087719298245
71,23,46,0.3695652173913043,-0.30434782608695654,0.30434782608695654
71,24,48,0.14583333333333334,0.14583333333333334,0.5416666666666666
71,25,81,0.49382716049382713,0.49382716049382713,0.14814814814814814
71,26,73,0.3424657534246575,0.3424657534246575,0.0
72,0,51,0.0,-0.49019607843137253,0.49019607843137253
72,1,45,0.0,-0.5555555555555556,0.8
72,2,51,0.0,0.0,0.0784313725490196
72,3,54,0.0,-0.37037037037037035,0.37037037037037035
72,4,49,0.0,0.0,0.6122448979591837
72,5,53,0.0,-0.018867924528301886,0.1509433962264151
72,6,52,0.0,-0.057692307692307696,0.21153846153846154
72,7,58,0.0,0.0,0.034482758620689655
72,8,62,0.0,0.0,0.3387096774193548
72,9,66,0.0,0.0,0.6818181818181818
72,10,71,0.0,-0.028169014084507043,0.04225352112676056
72,11,68,0.0,-0.029411764705882353,0.10294117647058823
72,12,54,0.0,-0.037037037037037035,0.25925925925925924
72,13,66,0.0,-0.06060606060606061,0.13636363636363635
72,14,60,0.0,-0.45,0.45
72,15,54,0.0,-0.05555555555555555,0.6666666666666666
72,16,71,0.0,-0.014084507042253521,0.676056338028169
72,17,60,0.0,-0.016666666666666666,0.2833333333333333
72,18,66,0.5757575757575758,0.0,0.3484848484848484
72,19,52,0.40384615384615385,0.38461538461538464,0.09615384615384615
72,20,92,0.07608695652173914,0.05434782608695653,0.20652173913043476
72,21,55,0.5272727272727272,0.5272727272727272,0.12727272727272732
72,22,57,0.2807017543859649,0.22807017543859648,0.10526315789473684
72,23,46,0.45652173913043476,-0.2173913043478261,0.2173913043478261
72,24,48,0.3958333333333333,0.3958333333333333,0.2916666666666667
72,25,81,0.48148148148148145,0.48148148148148145,0.16049382716049382
72,26,73,0.1095890410958904,0.1095890410958904,0.2328767123287671
73,0,51,0.0,-0.49019607843137253,0.49019607843137253
73,1,45,0.0,-0.5555555555555556,0.8
73,2,51,0.0,0.0,0.0784313725490196
73,3,54,0.0,-0.37037037037037035,0.37037037037037035
73,4,49,0.0,0.0,0.6122448979591837
73,5,53,0.0,-0.018867924528301886,0.1509433962264151
73,6,52,0.0,-0.057692307692307696,0.21153846153846154
73,7,58,0.0,0.0,0.034482758620689655
73,8,62,0.0,0.0,0.3387096774193548
73,9,66,0.0,0.0,0.6818181818181818
73,10,71,0.0,-0.028169014084507043,0.04225352112676056
73,11,68,0.0,-0.029411764705882353,0.10294117647058823
73,12,54,0.0,-0.037037037037037035,0.25925925925925924
73,13,66,0.0,-0.06060606060606061,0.13636363636363635
73,14,60,0.0,-0.45,0.45
73,15,54,0.0,-0.05555555555555555,0.6666666666666666
73,16,71,0.0,-0.014084507042253521,0.676056338028169
73,17,60,0.0,-0.016666666666666666,0.2833333333333333
73,18,66,0.5454545454545454,-0.030303030303030387,0.3787878787878788
73,19,52,0.28846153846153844,0.2692307692307692,0.21153846153846156
73,20,92,0.10869565217391304,0.08695652173913043,0.17391304347826086
73,21,55,0.5272727272727272,0.5272727272727272,0.12727272727272732
73,22,57,0.24561403508771928,0.19298245614035087,0.14035087719298245
73,23,46,0.391304347826087,-0.2826086956521739,0.2826086956521739
73,24,48,0.16666666666666666,0.16666666666666666,0.5208333333333334
73,25,81,0.49382716049382713,0.49382716049382713,0.14814814814814814
73,26,73,0.3287671232876712,0.3287671232876712,0.0136986301369863
74,0,51,0.0,-0.49019607843137253,0.49019607843137253
74,1,45,0.0,-0.5555555555555556,0.8
74,2,51,0.0,0.0,0.0784313725490196
74,3,54,0.0,-0.37037037037037035,0.37037037037037035
74,4,49,0.0,0.0,0.6122448979591837
74,5,53,0.0,-0.018867924528301886,0.1509433962264151
74,6,52,0.0,-0.057692307692307696,0.21153846153846154
74,7,58,0.0,0.0,0.034482758620689655
74,8,62,0.0,0.0,0.3387096774193548
74,9,66,0.0,0.0,0.6818181818181818
74,10,71,0.0,-0.028169014084507043,0.04225352112676056
74,11,68,0.0,-0.029411764705882353,0.10294117647058823
74,12,54,0.0,-0.037037037037037035,0.25925925925925924
74,13,66,0.0,-0.06060606060606061,0.13636363636363635
74,14,60,0.0,-0.45,0.45
74,15,54,0.0,-0.05555555555555555,0.6666666666666666
74,16,71,0.0,-0.014084507042253521,0.676056338028169
74,17,60,0.0,-0.016666666666666666,0.2833333333333333
74,18,66,0.5757575757575758,0.0,0.3484848484848484
74,19,52,0.40384615384615385,0.38461538461538464,0.09615384615384615
74,20,92,0.07608695652173914,0.05434782608695653,0.20652173913043476
74,21,55,0.5272727272727272,0.5272727272727272,0.12727272727272732
74,22,57,0.24561403508771928,0.19298245614035087,0.14035087719298245
74,23,46,0.45652173913043476,-0.2173913043478261,0.2173913043478261
74,24,48,0.3958333333333333,0.3958333333333333,0.2916666666666667
74,25,81,0.5185185185185185,0.5185185185185185,0.12345679012345678
74,26,73,0.1095890410958904,0.1095890410958904,0.2328767123287671
75,0,51,0.0,-0.49019607843137253,0.49019607843137253
75,1,45,0.0,-0.5555555555555556,0.8
75,2,51,0.0,0.0,0.0784313725490196
75,3,54,0.0,-0.37037037037037035,0.37037037037037035
75,4,49,0.0,0.0,0.6122448979591837
75,5,53,0.0,-0.018867924528301886,0.1509433962264151
75,6,52,0.0,-0.057692307692307696,0.21153846153846154
75,7,58,0.0,0.0,0.034482758620689655
75,8,62,0.0,0.0,0.3387096774193548
75,9,66,0.0,0.0,0.6818181818181818
75,10,71,0.0,-0.028169014084507043,0.04225352112676056
75,11,68,0.0,-0.029411764705882353,0.10294117647058823
75,12,54,0.0,-0.037037037037037035,0.25925925925925924
75,13,66,0.0,-0.06060606060606061,0.13636363636363635
75,14,60,0.0,-0.45,0.45
75,15,54,0.0,-0.05555555555555555,0.6666666666666666
75,16,71,0.0,-0.014084507042253521,0.676056338028169
75,17,60,0.0,-0.016666666666666666,0.2833333333333333
75,18,66,0.5757575757575758,0.0,0.3484848484848484
75,19,52,0.3269230769230769,0.3076923076923077,0.17307692307692307
75,20,92,0.08695652173913043,0.06521739130434782,0.19565217391304346
75,21,55,0.4909090909090909,0.4909090909090909,0.16363636363636364
75,22,57,0.21052631578947367,0.15789473684210525,0.17543859649122806
75,23,46,0.3695652173913043,-0.30434782608695654,0.30434782608695654
75,24,48,0.14583333333333334,0.14583333333333334,0.5416666666666666
75,25,81,0.48148148148148145,0.48148148148148145,0.16049382716049382
75,26,73,0.3424657534246575,0.3424657534246575,0.0
76,0,51,0.0,-0.49019607843137253,0.49019607843137253
76,1,45,0.0,-0.5555555555555556,0.8
76,2,51,0.0,0.0,0.0784313725490196
76,3,54,0.0,-0.37037037037037035,0.37037037037037035
76,4,49,0.0,0.0,0.6122448979591837
76,5,53,0.0,-0.018867924528301886,0.1509433962264151
76,6,52,0.0,-0.057692307692307696,0.21153846153846154
76,7,58,0.0,0.0,0.034482758620689655
76,8,62,0.0,0.0,0.3387096774193548
76,9,66,0.015151515151515152,0.015151515151515152,0.6666666666666666
76,10,71,0.0,-0.028169014084507043,0.04225352112676056
76,11,68,0.0,-0.029411764705882353,0.10294117647058823
76,12,54,0.0,-0.037037037037037035,0.25925925925925924
76,13,66,0.0,-0.06060606060606061,0.13636363636363635
76,14,60,0.0,-0.45,0.45
76,15,54,0.0,-0.05555555555555555,0.6666666666666666
76,16,71,0.0,-0.014084507042253521,0.676056338028169
76,17,60,0.0,-0.016666666666666666,0.2833333333333333
76,18,66,0.5454545454545454,-0.030303030303030387,0.3787878787878788
76,19,52,0.4807692307692308,0.46153846153846156,0.019230769230769218
76,20,92,0.06521739130434782,0.043478260869565216,0.21739130434782605
76,21,55,0.4909090909090909,0.4909090909090909,0.16363636363636364
76,22,57,0.24561403508771928,0.19298245614035087,0.14035087719298245
76,23,46,0.4782608695652174,-0.19565217391304346,0.19565217391304346
76,24,48,0.3958333333333333,0.3958333333333333,0.2916666666666667
76,25,81,0.49382716049382713,0.49382716049382713,0.14814814814814814
76,26,73,0.0958904109589041,0.0958904109589041,0.2465753424657534
77,0,51,0.0,-0.49019607843137253,0.49019607843137253
77,1,45,0.0,-0.5555555555555556,0.8
77,2,51,0.0,0.0,0.0784313725490196
77,3,54,0.0,-0.37037037037037035,0.37037037037037035
77,4,49,0.0,0.0,0.6122448979591837
77,5,53,0.0,-0.018867924528301886,0.1509433962264151
77,6,52,0.0,-0.057692307692307696,0.21153846153846154
77,7,58,0.0,0.0,0.034482758620689655
77,8,62,0.0,0.0,0.3387096774193548
77,9,66,0.0,0.0,0.6818181818181818
77,10,71,0.0,-0.028169014084507043,0.04225352112676056
77,11,68,0.0,-0.029411764705882353,0.10294117647058823
77,12,54,0.0,-0.037037037037037035,0.25925925925925924
77,13,66,0.0,-0.06060606060606061,0.13636363636363635
77,14,60,0.0,-0.45,0.45
77,15,54,0.0,-0.05555555555555555,0.6666666666666666
77,16,71,0.0,-0.014084507042253521,0.676056338028169
77,17,60,0.0,-0.016666666666666666,0.2833333333333333
77,18,66,0.5909090909090909,0.015151515151515138,0.33333333333333326
77,19,52,0.28846153846153844,0.2692307692307692,0.21153846153846156
77,20,92,0.09782608695652174,0.07608695652173914,0.18478260869565216
77,21,55,0.4,0.4,0.2545454545454545
77,22,57,0.17543859649122806,0.12280701754385964,0.21052631578947367
77,23,46,0.34782608695652173,-0.32608695652173914,0.32608695652173914
77,24,48,0.16666666666666666,0.16666666666666666,0.5208333333333334
77,25,81,0.5555555555555556,0.5555555555555556,0.08641975308641969
77,26,73,0.3150684931506849,0.3150684931506849,0.0273972602739726
78,0,51,0.0,-0.49019607843137253,0.49019607843137253
78,1,45,0.0,-0.5555555555555556,0.8
78,2,51,0.0,0.0,0.0784313725490196
78,3,54,0.0,-0.37037037037037035,0.37037037037037035
78,4,49,0.0,0.0,0.6122448979591837
78,5,53,0.0,-0.018867924528301886,0.1509433962264151
78,6,52,0.0,-0.057692307692307696,0.21153846153846154
78,7,58,0.0,0.0,0.034482758620689655
78,8,62,0.0,0.0,0.3387096774193548
78,9,66,0.015151515151515152,0.015151515151515152,0.6666666666666666
78,10,71,0.0,-0.028169014084507043,0.04225352112676056
78,11,68,0.0,-0.029411764705882353,0.10294117647058823
78,12,54,0.0,-0.037037037037037035,0.25925925925925924
78,13,66,0.0,-0.06060606060606061,0.13636363636363635
78,14,60,0.0,-0.45,0.45
78,15,54,0.0,-0.05555555555555555,0.6666666666666666
78,16,71,0.0,-0.014084507042253521,0.676056338028169
78,17,60,0.0,-0.016666666666666666,0.2833333333333333
78,18,66,0.5303030303030303,-0.045454545454545525,0.3939393939393939
78,19,52,0.38461538461538464,0.3653846153846154,0.11538461538461536
78,20,92,0.08695652173913043,0.06521739130434782,0.19565217391304346
78,21,55,0.4909090909090909,0.4909090909090909,0.16363636363636364
78,22,57,0.3157894736842105,0.2631578947368421,0.07017543859649122
78,23,46,0.4782608695652174,-0.19565217391304346,0.19565217391304346
78,24,48,0.375,0.375,0.3125
78,25,81,0.5185185185185185,0.5185185185185185,0.12345679012345678
78,26,73,0.1095890410958904,0.1095890410958904,0.2328767123287671
79,0,51,0.0,-0.49019607843137253,0.49019607843137253
79,1,45,0.0,-0.5555555555555556,0.8
79,2,51,0.0,0.0,0.0784313725490196
79,3,54,0.0,-0.37037037037037035,0.37037037037037035
79,4,49,0.0,0.0,0.6122448979591837
79,5,53,0.0,-0.018867924528301886,0.1509433962264151
79,6,52,0.0,-0.057692307692307696,0.21153846153846154
79,7,58,0.0,0.0,0.034482758620689655
79,8,62,0.0,0.0,0.3387096774193548
79,9,66,0.0,0.0,0.6818181818181818
79,10,71,0.0,-0.028169014084507043,0.04225352112676056
79,11,68,0.0,-0.029411764705882353,0.10294117647058823
79,12,54,0.0,-0.037037037037037035,0.25925925925925924
79,13,66,0.0,-0.06060606060606061,0.13636363636363635
79,14,60,0.0,-0.45,0.45
79,15,54,0.0,-0.05555555555555555,0.6666666666666666
79,16,71,0.0,-0.014084507042253521,0.676056338028169
79,17,60,0.0,-0.016666666666666666,0.2833333333333333
79,18,66,0.5909090909090909,0.015151515151515138,0.33333333333333326
79,19,52,0.3076923076923077,0.2884615384615385,0.1923076923076923
79,20,92,0.08695652173913043,0.06521739130434782,0.19565217391304346
79,21,55,0.45454545454545453,0.45454545454545453,0.2
79,22,57,0.17543859649122806,0.12280701754385964,0.21052631578947367
79,23,46,0.3695652173913043,-0.30434782608695654,0.30434782608695654
79,24,48,0.20833333333333334,0.20833333333333334,0.47916666666666663
79,25,81,0.5308641975308642,0.5308641975308642,0.11111111111111105
79,26,73,0.3150684931506849,0.3150684931506849,0.0273972602739726
80,0,51,0.0,-0.49019607843137253,0.49019607843137253
80,1,45,0.0,-0.5555555555555556,0.8
80,2,51,0.0,0.0,0.0784313725490196
80,3,54,0.0,-0.37037037037037035,0.37037037037037035
80,4,49,0.0,0.0,0.6122448979591837
80,5,53,0.0,-0.018867924528301886,0.1509433962264151
80,6,52,0.0,-0.057692307692307696,0.21153846153846154
80,7,58,0.0,0.0,0.034482758620689655
80,8,62,0.0,0.0,0.3387096774193548
80,9,66,0.0,0.0,0.6818181818181818
80,10,71,0.0,-0.028169014084507043,0.04225352112676056
80,11,68,0.0,-0.029411764705882353,0.10294117647058823
80,12,54,0.0,-0.037037037037037035,0.25925925925925924
80,13,66,0.0,-0.06060606060606061,0.13636363636363635
80,14,60,0.0,-0.45,0.45
80,15,54,0.0,-0.05555555555555555,0.6666666666666666
80,16,71,0.0,-0.014084507042253521,0.676056338028169
80,17,60,0.0,-0.016666666666666666,0.2833333333333333
80,18,66,0.5151515151515151,-0.06060606060606066,0.40909090909090906
80,19,52,0.4807692307692308,0.46153846153846156,0.019230769230769218
80,20,92,0.07608695652173914,0.05434782608695653,0.20652173913043476
80,21,55,0.5454545454545454,0.5454545454545454,0.10909090909090913
80,22,57,0.24561403508771928,0.19298245614035087,0.14035087719298245
80,23,46,0.4782608695652174,-0.19565217391304346,0.19565217391304346
80,24,48,0.375,0.375,0.3125
80,25,81,0.4567901234567901,0.4567901234567901,0.18518518518518517
80,26,73,0.1095890410958904,0.1095890410958904,0.2328767123287671
81,0,51,0.0,-0.49019607843137253,0.49019607843137253
81,1,45,0.0,-0.5555555555555556,0.8
81,2,51,0.0,0.0,0.0784313725490196
81,3,54,0.0,-0.37037037037037035,0.37037037037037035
81,4,49,0.0,0.0,0.6122448979591837
81,5,53,0.0,-0.018867924528301886,0.1509433962264151
81,6,52,0.0,-0.057692307692307696,0.21153846153846154
81,7,58,0.0,0.0,0.034482758620689655
81,8,62,0.0,0.0,0.3387096774193548
81,9,66,0.0,0.0,0.6818181818181818
81,10,71,0.0,-0.028169014084507043,0.04225352112676056
81,11,68,0.0,-0.029411764705882353,0.10294117647058823
81,12,54,0.0,-0.037037037037037035,0.25925925925925924
81,13,66,0.0,-0.06060606060606061,0.13636363636363635
81,14,60,0.0,-0.45,0.45
81,15,54,0.0,-0.05555555555555555,0.6666666666666666
81,16,71,0.0,-0.014084507042253521,0.676056338028169
81,17,60,0.0,-0.016666666666666666,0.2833333333333333
81,18,66,0.5757575757575758,0.0,0.3484848484848484
81,19,52,0.23076923076923078,0.21153846153846156,0.2692307692307692
81,20,92,0.09782608695652174,0.07608695652173914,0.18478260869565216
81,21,55,0.5636363636363636,0.5636363636363636,0.09090909090909094
81,22,57,0.19298245614035087,0.14035087719298245,0.19298245614035087
81,23,46,0.34782608695652173,-0.32608695652173914,0.32608695652173914
81,24,48,0.1875,0.1875,0.5
81,25,81,0.5679012345679012,0.5679012345679012,0.07407407407407407
81,26,73,0.3013698630136986,0.3013698630136986,0.0410958904109589
82,0,51,0.0,-0.49019607843137253,0.49019607843137253
82,1,45,0.0,-0.5555555555555556,0.8
82,2,51,0.0,0.0,0.0784313725490196
82,3,54,0.0,-0.37037037037037035,0.37037037037037035
82,4,49,0.0,0.0,0.6122448979591837
82,5,53,0.0,-0.018867924528301886,0.1509433962264151
82,6,52,0.0,-0.057692307692307696,0.21153846153846154
82,7,58,0.0,0.0,0.034482758620689655
82,8,62,0.0,0.0,0.3387096774193548
82,9,66,0.0,0.0,0.6818181818181818
82,10,71,0.0,-0.028169014084507043,0.04225352112676056
82,11,68,0.0,-0.029411764705882353,0.10294117647058823
82,12,54,0.0,-0.037037037037037035,0.25925925925925924
82,13,66,0.0,-0.06060606060606061,0.13636363636363635
82,14,60,0.0,-0.45,0.45
82,15,54,0.0,-0.05555555555555555,0.6666666666666666
82,16,71,0.0,-0.014084507042253521,0.676056338028169
82,17,60,0.0,-0.016666666666666666,0.2833333333333333
82,18,66,0.5757575757575758,0.0,0.3484848484848484
82,19,52,0.38461538461538464,0.3653846153846154,0.11538461538461536
82,20,92,0.09782608695652174,0.07608695652173914,0.18478260869565216
82,21,55,0.6181818181818182,0.6181818181818182,0.036363636363636376
82,22,57,0.2807017543859649,0.22807017543859648,0.10526315789473684
82,23,46,0.43478260869565216,-0.2391304347826087,0.2391304347826087
82,24,48,0.3541666666666667,0.3541666666666667,0.3333333333333333
82,25,81,0.5679012345679012,0.5679012345679012,0.07407407407407407
82,26,73,0.0958904109589041,0.0958904109589041,0.2465753424657534
83,0,51,0.0,-0.49019607843137253,0.49019607843137253
83,1,45,0.0,-0.5555555555555556,0.8
83,2,51,0.0,0.0,0.0784313725490196
83,3,54,0.0,-0.37037037037037035,0.37037037037037035
83,4,49,0.0,0.0,0.6122448979591837
83,5,53,0.0,-0.018867924528301886,0.1509433962264151
83,6,52,0.0,-0.057692307692307696,0.21153846153846154
83,7,58,0.0,0.0,0.034482758620689655
83,8,62,0.0,0.0,0.3387096774193548
83,9,66,0.0,0.0,0.6818181818181818
83,10,71,0.0,-0.028169014084507043,0.04225352112676056
83,11,68,0.0,-0.029411764705882353,0.10294117647058823
83,12,54,0.0,-0.037037037037037035,0.25925925925925924
83,13,66,0.0,-0.06060606060606061,0.13636363636363635
83,14,60,0.0,-0.45,0.45
83,15,54,0.0,-0.05555555555555555,0.6666666666666666
83,16,71,0.0,-0.014084507042253521,0.676056338028169
83,17,60,0.0,-0.016666666666666666,0.2833333333333333
83,18,66,0.5757575757575758,0.0,0.3484848484848484
83,19,52,0.38461538461538464,0.3653846153846154,0.11538461538461536
83,20,92,0.09782608695652174,0.07608695652173914,0.18478260869565216
83,21,55,0.4909090909090909,0.4909090909090909,0.16363636363636364
83,22,57,0.12280701754385964,0.07017543859649122,0.2631578947368421
83,23,46,0.34782608695652173,-0.32608695652173914,0.32608695652173914
83,24,48,0.14583333333333334,0.14583333333333334,0.5416666666666666
83,25,81,0.5679012345679012,0.5679012345679012,0.07407407407407407
83,26,73,0.3835616438356164,0.3835616438356164,0.0
84,0,51,0.0,-0.49019607843137253,0.49019607843137253
84,1,45,0.0,-0.5555555555555556,0.8
84,2,51,0.0,0.0,0.0784313725490196
84,3,54,0.0,-0.37037037037037035,0.37037037037037035
84,4,49,0.0,0.0,0.6122448979591837
84,5,53,0.0,-0.018867924528301886,0.1509433962264151
84,6,52,0.0,-0.057692307692307696,0.21153846153846154
84,7,58,0.0,0.0,0.034482758620689655
84,8,62,0.0,0.0,0.3387096774193548
84,9,66,0.0,0.0,0.6818181818181818
84,10,71,0.0,-0.028169014084507043,0.04225352112676056
84,11,68,0.0,-0.029411764705882353,0.10294117647058823
84,12,54,0.0,-0.037037037037037035,0.25925925925925924
84,13,66,0.0,-0.06060606060606061,0.13636363636363635
84,14,60,0.0,-0.45,0.45
84,15,54,0.0,-0.05555555555555555,0.6666666666666666
84,16,71,0.0,-0.014084507042253521,0.676056338028169
84,17,60,0.0,-0.016666666666666666,0.2833333333333333
84,18,66,0.5606060606060606,-0.015151515151515249,0.36363636363636365
84,19,52,0.3269230769230769,0.3076923076923077,0.17307692307692307
84,20,92,0.08695652173913043,0.06521739130434782,0.19565217391304346
84,21,55,0.509090909090909,0.509090909090909,0.1454545454545455
84,22,57,0.2982456140350877,0.24561403508771928,0.08771929824561403
84,23,46,0.4782608695652174,-0.19565217391304346,0.19565217391304346
84,24,48,0.375,0.375,0.3125
84,25,81,0.4691358024691358,0.4691358024691358,0.1728395061728395
84,26,73,0.0958904109589041,0.0958904109589041,0.2876712328767123
85,0,51,0.0,-0.49019607843137253,0.49019607843137253
85,1,45,0.0,-0.5555555555555556,0.8
85,2,51,0.0,0.0,0.0784313725490196
85,3,54,0.0,-0.37037037037037035,0.37037037037037035
85,4,49,0.0,0.0,0.6122448979591837
85,5,53,0.0,-0.018867924528301886,0.1509433962264151
85,6,52,0.0,-0.057692307692307696,0.21153846153846154
85,7,58,0.0,0.0,0.034482758620689655
85,8,62,0.0,0.0,0.3387096774193548
85,9,66,0.0,0.0,0.6818181818181818
85,10,71,0.0,-0.028169014084507043,0.04225352112676056
85,11,68,0.0,-0.029411764705882353,0.10294117647058823
85,12,54,0.0,-0.037037037037037035,0.25925925925925924
85,13,66,0.0,-0.06060606060606061,0.13636363636363635
85,14,60,0.0,-0.45,0.45
85,15,54,0.0,-0.05555555555555555,0.6666666666666666
85,16,71,0.0,-0.014084507042253521,0.676056338028169
85,17,60,0.0,-0.016666666666666666,0.2833333333333333
85,18,66,0.5606060606060606,-0.015151515151515249,0.36363636363636365
85,19,52,0.34615384615384615,0.3269230769230769,0.15384615384615385
85,20,92,0.08695652173913043,0.06521739130434782,0.19565217391304346
85,21,55,0.5454545454545454,0.5454545454545454,0.10909090909090913
85,22,57,0.19298245614035087,0.14035087719298245,0.19298245614035087
85,23,46,0.34782608695652173,-0.32608695652173914,0.32608695652173914
85,24,48,0.3125,0.3125,0.375
85,25,81,0.5432098765432098,0.5432098765432098,0.09876543209876543
85,26,73,0.273972602739726,0.273972602739726,0.1095890410958904
86,0,51,0.0,-0.49019607843137253,0.49019607843137253
86,1,45,0.0,-0.5555555555555556,0.8
86,2,51,0.0,0.0,0.0784313725490196
86,3,54,0.0,-0.37037037037037035,0.37037037037037035
86,4,49,0.0,0.0,0.6122448979591837
86,5,53,0.0,-0.018867924528301886,0.1509433962264151
86,6,52,0.0,-0.057692307692307696,0.21153846153846154
86,7,58,0.0,0.0,0.034482758620689655
86,8,62,0.0,0.0,0.3387096774193548
86,9,66,0.0,0.0,0.6818181818181818
86,10,71,0.0,-0.028169014084507043,0.04225352112676056
86,11,68,0.0,-0.029411764705882353,0.10294117647058823
86,12,54,0.0,-0.037037037037037035,0.25925925925925924
86,13,66,0.0,-0.06060606060606061,0.13636363636363635
86,14,60,0.0,-0.45,0.45
86,15,54,0.0,-0.05555555555555555,0.6666666666666666
86,16,71,0.0,-0.014084507042253521,0.676056338028169
86,17,60,0.0,-0.016666666666666666,0.2833333333333333
86,18,66,0.5454545454545454,-0.030303030303030387,0.3787878787878788
86,19,52,0.38461538461538464,0.3653846153846154,0.11538461538461536
86,20,92,0.10869565217391304,0.08695652173913043,0.17391304347826086
86,21,55,0.6181818181818182,0.6181818181818182,0.036363636363636376
86,22,57,0.22807017543859648,0.17543859649122806,0.15789473684210525
86,23,46,0.45652173913043476,-0.2173913043478261,0.2173913043478261
86,24,48,0.3541666666666667,0.3541666666666667,0.3333333333333333
86,25,81,0.4567901234567901,0.4567901234567901,0.18518518518518517
86,26,73,0.1643835616438356,0.1643835616438356,0.2191780821917808
87,0,51,0.0,-0.49019607843137253,0.49019607843137253
87,1,45,0.0,-0.5555555555555556,0.8
87,2,51,0.0,0.0,0.0784313725490196
87,3,54,0.0,-0.37037037037037035,0.37037037037037035
87,4,49,0.0,0.0,0.6122448979591837
87,5,53,0.0,-0.018867924528301886,0.1509433962264151
87,6,52,0.0,-0.057692307692307696,0.21153846153846154
87,7,58,0.0,0.0,0.034482758620689655
87,8,62,0.0,0.0,0.3387096774193548
87,9,66,0.0,0.0,0.6818181818181818
87,10,71,0.0,-0.028169014084507043,0.04225352112676056
87,11,68,0.0,-0.029411764705882353,0.10294117647058823
87,12,54,0.0,-0.037037037037037035,0.25925925925925924
87,13,66,0.0,-0.06060606060606061,0.13636363636363635
87,14,60,0.0,-0.45,0.45
87,15,54,0.0,-0.05555555555555555,0.6666666666666666
87,16,71,0.0,-0.014084507042253521,0.676056338028169
87,17,60,0.0,-0.016666666666666666,0.2833333333333333
87,18,66,0.5606060606060606,-0.015151515151515249,0.36363636363636365
87,19,52,0.34615384615384615,0.3269230769230769,0.15384615384615385
87,20,92,0.10869565217391304,0.08695652173913043,0.17391304347826086
87,21,55,0.5454545454545454,0.5454545454545454,0.10909090909090913
87,22,57,0.2631578947368421,0.21052631578947367,0.12280701754385964
87,23,46,0.3695652173913043,-0.30434782608695654,0.30434782608695654
87,24,48,0.3333333333333333,0.3333333333333333,0.3541666666666667
87,25,81,0.5185185185185185,0.5185185185185185,0.12345679012345678
87,26,73,0.1780821917808219,0.1780821917808219,0.2054794520547945
88,0,51,0.0,-0.49019607843137253,0.49019607843137253
88,1,45,0.0,-0.5555555555555556,0.8
88,2,51,0.0,0.0,0.0784313725490196
88,3,54,0.0,-0.37037037037037035,0.37037037037037035
88,4,49,0.0,0.0,0.6122448979591837
88,5,53,0.0,-0.018867924528301886,0.1509433962264151
88,6,52,0.0,-0.057692307692307696,0.21153846153846154
88,7,58,0.0,0.0,0.034482758620689655
88,8,62,0.0,0.0,0.3387096774193548
88,9,66,0.0,0.0,0.6818181818181818
88,10,71,0.0,-0.028169014084507043,0.04225352112676056
88,11,68,0.0,-0.029411764705882353,0.10294117647058823
88,12,54,0.0,-0.037037037037037035,0.25925925925925924
88,13,66,0.0,-0.06060606060606061,0.13636363636363635
88,14,60,0.0,-0.45,0.45
88,15,54,0.0,-0.05555555555555555,0.6666666666666666
88,16,71,0.0,-0.014084507042253521,0.676056338028169
88,17,60,0.0,-0.016666666666666666,0.2833333333333333
88,18,66,0.5303030303030303,-0.045454545454545525,0.3939393939393939
88,19,52,0.34615384615384615,0.3269230769230769,0.15384615384615385
88,20,92,0.09782608695652174,0.07608695652173914,0.18478260869565216
88,21,55,0.4727272727272727,0.4727272727272727,0.18181818181818182
88,22,57,0.14035087719298245,0.08771929824561403,0.24561403508771928
88,23,46,0.34782608695652173,-0.32608695652173914,0.32608695652173914
88,24,48,0.3125,0.3125,0.375
88,25,81,0.6419753086419753,0.6419753086419753,0.0
88,26,73,0.2191780821917808,0.2191780821917808,0.1643835616438356
89,0,51,0.0,-0.49019607843137253,0.49019607843137253
89,1,45,0.0,-0.5555555555555556,0.8
89,2,51,0.0,0.0,0.0784313725490196
89,3,54,0.0,-0.37037037037037035,0.37037037037037035
89,4,49,0.0,0.0,0.6122448979591837
89,5,53,0.0,-0.018867924528301886,0.1509433962264151
89,6,52,0.0,-0.057692307692307696,0.21153846153846154
89,7,58,0.0,0.0,0.034482758620689655
89,8,62,0.0,0.0,0.3387096774193548
89,9,66,0.0,0.0,0.6818181818181818
89,10,71,0.0,-0.028169014084507043,0.04225352112676056
89,11,68,0.0,-0.029411764705882353,0.10294117647058823
89,12,54,0.0,-0.037037037037037035,0.25925925925925924
89,13,66,0.0,-0.06060606060606061,0.13636363636363635
89,14,60,0.0,-0.45,0.45
89,15,54,0.0,-0.05555555555555555,0.6666666666666666
89,16,71,0.0,-0.014084507042253521,0.676056338028169
89,17,60,0.0,-0.016666666666666666,0.2833333333333333
89,18,66,0.5606060606060606,-0.015151515151515249,0.36363636363636365
89,19,52,0.3269230769230769,0.3076923076923077,0.17307692307692307
89,20,92,0.10869565217391304,0.08695652173913043,0.17391304347826086
89,21,55,0.6,0.6,0.054545454545454564
89,22,57,0.2631578947368421,0.21052631578947367,0.12280701754385964
89,23,46,0.43478260869565216,-0.2391304347826087,0.2391304347826087
89,24,48,0.3541666666666667,0.3541666666666667,0.3333333333333333
89,25,81,0.4567901234567901,0.4567901234567901,0.18518518518518517
89,26,73,0.1506849315068493,0.1506849315068493,0.2328767123287671
90,0,51,0.0,-0.49019607843137253,0.49019607843137253
90,1,45,0.0,-0.5555555555555556,0.8
90,2,51,0.0,0.0,0.0784313725490196
90,3,54,0.0,-0.37037037037037035,0.37037037037037035
90,4,49,0.0,0.0,0.6122448979591837
90,5,53,0.0,-0.018867924528301886,0.1509433962264151
90,6,52,0.0,-0.057692307692307696,0.21153846153846154
90,7,58,0.0,0.0,0.034482758620689655
90,8,62,0.0,0.0,0.3387096774193548
90,9,66,0.0,0.0,0.6818181818181818
90,10,71,0.0,-0.028169014084507043,0.04225352112676056
90,11,68,0.0,-0.029411764705882353,0.10294117647058823
90,12,54,0.0,-0.037037037037037035,0.25925925925925924
90,13,66,0.0,-0.06060606060606061,0.13636363636363635
90,14,60,0.0,-0.45,0.45
90,15,54,0.0,-0.05555555555555555,0.6666666666666666
90,16,71,0.0,-0.014084507042253521,0.676056338028169
90,17,60,0.0,-0.016666666666666666,0.2833333333333333
90,18,66,0.5303030303030303,-0.045454545454545525,0.3939393939393939
90,19,52,0.36538461538461536,0.34615384615384615,0.13461538461538464
90,20,92,0.08695652173913043,0.06521739130434782,0.19565217391304346
90,21,55,0.509090909090909,0.509090909090909,0.1454545454545455
90,22,57,0.24561403508771928,0.19298245614035087,0.14035087719298245
90,23,46,0.43478260869565216,-0.2391304347826087,0.2391304347826087
90,24,48,0.3125,0.3125,0.375
90,25,81,0.5061728395061729,0.5061728395061729,0.1358024691358024
90,26,73,0.1643835616438356,0.1643835616438356,0.2191780821917808
