round,class_id,n,acc,bwt,forgetting
1,0,51,0.0392156862745098,,
1,1,45,0.9777777777777777,,
1,2,51,0.0,,
1,3,54,0.0,,
1,4,49,0.0,,
1,5,53,0.0,,
1,6,52,0.0,,
1,7,58,0.0,,
1,8,62,0.0,,
2,0,51,0.27450980392156865,0.23529411764705885,0.0
2,1,45,0.08888888888888889,-0.8888888888888888,0.8888888888888888
2,2,51,0.0,0.0,0.0
2,3,54,0.37037037037037035,0.37037037037037035,0.0
2,4,49,0.7551020408163265,0.7551020408163265,0.0
2,5,53,0.0,0.0,0.0
2,6,52,0.0,0.0,0.0
2,7,58,0.0,0.0,0.0
2,8,62,0.0,0.0,0.0
3,0,51,0.5098039215686274,0.47058823529411764,0.0
3,1,45,0.26666666666666666,-0.711111111111111,0.711111111111111
3,2,51,0.0,0.0,0.0
3,3,54,0.09259259259259259,0.09259259259259259,0.2777777777777778
3,4,49,0.5306122448979592,0.5306122448979592,0.22448979591836726
3,5,53,0.0,0.0,0.0
3,6,52,0.0,0.0,0.0
3,7,58,0.0,0.0,0.0
3,8,62,0.0,0.0,0.0
4,0,51,0.39215686274509803,0.3529411764705882,0.11764705882352938
4,1,45,0.28888888888888886,-0.6888888888888889,0.6888888888888889
4,2,51,0.0,0.0,0.0
4,3,54,0.5,0.5,0.0
4,4,49,0.30612244897959184,0.30612244897959184,0.44897959183673464
4,5,53,0.11320754716981132,0.11320754716981132,0.0
4,6,52,0.11538461538461539,0.11538461538461539,0.0
4,7,58,0.0,0.0,0.0
4,8,62,0.08064516129032258,0.08064516129032258,0.0
5,0,51,0.3137254901960784,0.27450980392156865,0.196078431372549
5,1,45,0.4666666666666667,-0.5111111111111111,0.5111111111111111
5,2,51,0.0,0.0,0.0
5,3,54,0.4074074074074074,0.4074074074074074,0.09259259259259262
5,4,49,0.3469387755102041,0.3469387755102041,0.4081632653061224
5,5,53,0.09433962264150944,0.09433962264150944,0.018867924528301883
5,6,52,0.09615384615384616,0.09615384615384616,0.019230769230769232
5,7,58,0.0,0.0,0.0
5,8,62,0.03225806451612903,0.03225806451612903,0.04838709677419355
6,0,51,0.27450980392156865,0.23529411764705885,0.23529411764705876
6,1,45,0.6444444444444445,-0.33333333333333326,0.33333333333333326
6,2,51,0.0196078431372549,0.0196078431372549,0.0
6,3,54,0.2037037037037037,0.2037037037037037,0.2962962962962963
6,4,49,0.32653061224489793,0.32653061224489793,0.42857142857142855
6,5,53,0.07547169811320754,0.07547169811320754,0.03773584905660378
6,6,52,0.07692307692307693,0.07692307692307693,0.038461538461538464
6,7,58,0.0,0.0,0.0
6,8,62,0.016129032258064516,0.016129032258064516,0.06451612903225806
7,0,51,0.3137254901960784,0.27450980392156865,0.196078431372549
7,1,45,0.4444444444444444,-0.5333333333333333,0.5333333333333333
7,2,51,0.13725490196078433,0.13725490196078433,0.0
7,3,54,0.07407407407407407,0.07407407407407407,0.42592592592592593
7,4,49,0.40816326530612246,0.40816326530612246,0.346938775510204
7,5,53,0.07547169811320754,0.07547169811320754,0.03773584905660378
7,6,52,0.0,0.0,0.11538461538461539
7,7,58,0.017241379310344827,0.017241379310344827,0.0
7,8,62,0.0967741935483871,0.0967741935483871,0.0
8,0,51,0.23529411764705882,0.19607843137254902,0.2745098039215686
8,1,45,0.5333333333333333,-0.4444444444444444,0.4444444444444444
8,2,51,0.19607843137254902,0.19607843137254902,0.0
8,3,54,0.07407407407407407,0.07407407407407407,0.42592592592592593
8,4,49,0.46938775510204084,0.46938775510204084,0.28571428571428564
8,5,53,0.11320754716981132,0.11320754716981132,0.0
8,6,52,0.17307692307692307,0.17307692307692307,0.0
8,7,58,0.017241379310344827,0.017241379310344827,0.0
8,8,62,0.016129032258064516,0.016129032258064516,0.08064516129032258
9,0,51,0.21568627450980393,0.17647058823529413,0.2941176470588235
9,1,45,0.4444444444444444,-0.5333333333333333,0.5333333333333333
9,2,51,0.2549019607843137,0.2549019607843137,0.0
9,3,54,0.05555555555555555,0.05555555555555555,0.4444444444444444
9,4,49,0.4489795918367347,0.4489795918367347,0.3061224489795918
9,5,53,0.11320754716981132,0.11320754716981132,0.0
9,6,52,0.11538461538461539,0.11538461538461539,0.05769230769230768
9,7,58,0.034482758620689655,0.034482758620689655,0.0
9,8,62,0.03225806451612903,0.03225806451612903,0.06451612903225806
10,0,51,0.29411764705882354,0.2549019607843137,0.21568627450980388
10,1,45,0.26666666666666666,-0.711111111111111,0.711111111111111
10,2,51,0.23529411764705882,0.23529411764705882,0.019607843137254888
10,3,54,0.018518518518518517,0.018518518518518517,0.4814814814814815
10,4,49,0.4489795918367347,0.4489795918367347,0.3061224489795918
10,5,53,0.11320754716981132,0.11320754716981132,0.0
10,6,52,0.11538461538461539,0.11538461538461539,0.05769230769230768
10,7,58,0.034482758620689655,0.034482758620689655,0.0
10,8,62,0.12903225806451613,0.12903225806451613,0.0
11,0,51,0.0,-0.0392156862745098,0.5098039215686274
11,1,45,0.0,-0.9777777777777777,0.9777777777777777
11,2,51,0.0,0.0,0.2549019607843137
11,3,54,0.0,0.0,0.5
11,4,49,0.0,0.0,0.7551020408163265
11,5,53,0.0,0.0,0.11320754716981132
11,6,52,0.0,0.0,0.17307692307692307
11,7,58,0.0,0.0,0.034482758620689655
11,8,62,0.0,0.0,0.12903225806451613
11,9,66,0.16666666666666666,,
11,10,71,0.0,,
11,11,68,0.0,,
11,12,54,0.0,,
11,13,66,0.0,,
11,14,60,0.0,,
11,15,54,0.16666666666666666,,
11,16,71,0.8591549295774648,,
11,17,60,0.0,,
12,0,51,0.0,-0.0392156862745098,0.5098039215686274
12,1,45,0.0,-0.9777777777777777,0.9777777777777777
12,2,51,0.0,0.0,0.2549019607843137
12,3,54,0.0,0.0,0.5
12,4,49,0.0,0.0,0.7551020408163265
12,5,53,0.018867924528301886,0.018867924528301886,0.09433962264150944
12,6,52,0.0,0.0,0.17307692307692307
12,7,58,0.0,0.0,0.034482758620689655
12,8,62,0.0,0.0,0.12903225806451613
12,9,66,0.13636363636363635,-0.030303030303030304,0.030303030303030304
12,10,71,0.09859154929577464,0.09859154929577464,0.0
12,11,68,0.08823529411764706,0.08823529411764706,0.0
12,12,54,0.3148148148148148,0.3148148148148148,0.0
12,13,66,0.25757575757575757,0.25757575757575757,0.0
12,14,60,0.11666666666666667,0.11666666666666667,0.0
12,15,54,0.05555555555555555,-0.1111111111111111,0.1111111111111111
12,16,71,0.07042253521126761,-0.7887323943661971,0.7887323943661971
12,17,60,0.36666666666666664,0.36666666666666664,0.0
13,0,51,0.0,-0.0392156862745098,0.5098039215686274
13,1,45,0.0,-0.9777777777777777,0.9777777777777777
13,2,51,0.0,0.0,0.2549019607843137
13,3,54,0.0,0.0,0.5
13,4,49,0.0,0.0,0.7551020408163265
13,5,53,0.0,0.0,0.11320754716981132
13,6,52,0.0,0.0,0.17307692307692307
13,7,58,0.0,0.0,0.034482758620689655
13,8,62,0.0,0.0,0.12903225806451613
13,9,66,0.2727272727272727,0.10606060606060605,0.0
13,10,71,0.014084507042253521,0.014084507042253521,0.08450704225352113
13,11,68,0.2647058823529412,0.2647058823529412,0.0
13,12,54,0.37037037037037035,0.37037037037037035,0.0
13,13,66,0.18181818181818182,0.18181818181818182,0.07575757575757575
13,14,60,0.15,0.15,0.0
13,15,54,0.24074074074074073,0.07407407407407407,0.0
13,16,71,0.18309859154929578,-0.676056338028169,0.676056338028169
13,17,60,0.1,0.1,0.2666666666666666
14,0,51,0.0,-0.0392156862745098,0.5098039215686274
14,1,45,0.0,-0.9777777777777777,0.9777777777777777
14,2,51,0.0,0.0,0.2549019607843137
14,3,54,0.0,0.0,0.5
14,4,49,0.0,0.0,0.7551020408163265
14,5,53,0.0,0.0,0.11320754716981132
14,6,52,0.0,0.0,0.17307692307692307
14,7,58,0.0,0.0,0.034482758620689655
14,8,62,0.0,0.0,0.12903225806451613
14,9,66,0.42424242424242425,0.25757575757575757,0.0
14,10,71,0.07042253521126761,0.07042253521126761,0.028169014084507032
14,11,68,0.04411764705882353,0.04411764705882353,0.22058823529411764
14,12,54,0.1111111111111111,0.1111111111111111,0.25925925925925924
14,13,66,0.22727272727272727,0.22727272727272727,0.030303030303030304
14,14,60,0.15,0.15,0.0
14,15,54,0.24074074074074073,0.07407407407407407,0.0
14,16,71,0.18309859154929578,-0.676056338028169,0.676056338028169
14,17,60,0.2,0.2,0.16666666666666663
15,0,51,0.0,-0.0392156862745098,0.5098039215686274
15,1,45,0.0,-0.9777777777777777,0.9777777777777777
15,2,51,0.0,0.0,0.2549019607843137
15,3,54,0.0,0.0,0.5
15,4,49,0.0,0.0,0.7551020408163265
15,5,53,0.0,0.0,0.11320754716981132
15,6,52,0.0,0.0,0.17307692307692307
15,7,58,0.0,0.0,0.034482758620689655
15,8,62,0.0,0.0,0.12903225806451613
15,9,66,0.3181818181818182,0.15151515151515152,0.10606060606060608
15,10,71,0.08450704225352113,0.08450704225352113,0.014084507042253516
15,11,68,0.17647058823529413,0.17647058823529413,0.08823529411764705
15,12,54,0.35185185185185186,0.35185185185185186,0.01851851851851849
15,13,66,0.19696969696969696,0.19696969696969696,0.06060606060606061
15,14,60,0.13333333333333333,0.13333333333333333,0.016666666666666663
15,15,54,0.25925925925925924,0.09259259259259259,0.0
15,16,71,0.30985915492957744,-0.5492957746478873,0.5492957746478873
15,17,60,0.11666666666666667,0.11666666666666667,0.24999999999999997
16,0,51,0.0,-0.0392156862745098,0.5098039215686274
16,1,45,0.0,-0.9777777777777777,0.9777777777777777
16,2,51,0.0,0.0,0.2549019607843137
16,3,54,0.0,0.0,0.5
16,4,49,0.0,0.0,0.7551020408163265
16,5,53,0.0,0.0,0.11320754716981132
16,6,52,0.0,0.0,0.17307692307692307
16,7,58,0.0,0.0,0.034482758620689655
16,8,62,0.0,0.0,0.12903225806451613
16,9,66,0.5303030303030303,0.36363636363636365,0.0
16,10,71,0.08450704225352113,0.08450704225352113,0.014084507042253516
16,11,68,0.14705882352941177,0.14705882352941177,0.11764705882352941
16,12,54,0.2962962962962963,0.2962962962962963,0.07407407407407407
16,13,66,0.15151515151515152,0.15151515151515152,0.10606060606060605
16,14,60,0.13333333333333333,0.13333333333333333,0.016666666666666663
16,15,54,0.2777777777777778,0.11111111111111113,0.0
16,16,71,0.3380281690140845,-0.5211267605633803,0.5211267605633803
16,17,60,0.15,0.15,0.21666666666666665
17,0,51,0.0,-0.0392156862745098,0.5098039215686274
17,1,45,0.0,-0.9777777777777777,0.9777777777777777
17,2,51,0.0,0.0,0.2549019607843137
17,3,54,0.0,0.0,0.5
17,4,49,0.0,0.0,0.7551020408163265
17,5,53,0.0,0.0,0.11320754716981132
17,6,52,0.0,0.0,0.17307692307692307
17,7,58,0.0,0.0,0.034482758620689655
17,8,62,0.0,0.0,0.12903225806451613
17,9,66,0.36363636363636365,0.196969696969697,0.16666666666666663
17,10,71,0.08450704225352113,0.08450704225352113,0.014084507042253516
17,11,68,0.19117647058823528,0.19117647058823528,0.0735294117647059
17,12,54,0.37037037037037035,0.37037037037037035,0.0
17,13,66,0.12121212121212122,0.12121212121212122,0.13636363636363635
17,14,60,0.11666666666666667,0.11666666666666667,0.033333333333333326
17,15,54,0.35185185185185186,0.1851851851851852,0.0
17,16,71,0.4084507042253521,-0.45070422535211263,0.45070422535211263
17,17,60,0.1,0.1,0.2666666666666666
18,0,51,0.0,-0.0392156862745098,0.5098039215686274
18,1,45,0.0,-0.9777777777777777,0.9777777777777777
18,2,51,0.0,0.0,0.2549019607843137
18,3,54,0.0,0.0,0.5
18,4,49,0.0,0.0,0.7551020408163265
18,5,53,0.0,0.0,0.11320754716981132
18,6,52,0.0,0.0,0.17307692307692307
18,7,58,0.0,0.0,0.034482758620689655
18,8,62,0.0,0.0,0.12903225806451613
18,9,66,0.4696969696969697,0.3030303030303031,0.06060606060606055
18,10,71,0.11267605633802817,0.11267605633802817,0.0
18,11,68,0.14705882352941177,0.14705882352941177,0.11764705882352941
18,12,54,0.35185185185185186,0.35185185185185186,0.01851851851851849
18,13,66,0.12121212121212122,0.12121212121212122,0.13636363636363635
18,14,60,0.13333333333333333,0.13333333333333333,0.016666666666666663
18,15,54,0.3333333333333333,0.16666666666666666,0.018518518518518545
18,16,71,0.39436619718309857,-0.4647887323943662,0.4647887323943662
18,17,60,0.2,0.2,0.16666666666666663
19,0,51,0.0,-0.0392156862745098,0.5098039215686274
19,1,45,0.0,-0.9777777777777777,0.9777777777777777
19,2,51,0.0,0.0,0.2549019607843137
19,3,54,0.0,0.0,0.5
19,4,49,0.0,0.0,0.7551020408163265
19,5,53,0.018867924528301886,0.018867924528301886,0.09433962264150944
19,6,52,0.0,0.0,0.17307692307692307
19,7,58,0.0,0.0,0.034482758620689655
19,8,62,0.0,0.0,0.12903225806451613
19,9,66,0.42424242424242425,0.25757575757575757,0.10606060606060602
19,10,71,0.09859154929577464,0.09859154929577464,0.01408450704225353
19,11,68,0.17647058823529413,0.17647058823529413,0.08823529411764705
19,12,54,0.42592592592592593,0.42592592592592593,0.0
19,13,66,0.10606060606060606,0.10606060606060606,0.1515151515151515
19,14,60,0.15,0.15,0.0
19,15,54,0.4074074074074074,0.24074074074074073,0.0
19,16,71,0.39436619718309857,-0.4647887323943662,0.4647887323943662
19,17,60,0.11666666666666667,0.11666666666666667,0.24999999999999997
20,0,51,0.0,-0.0392156862745098,0.5098039215686274
20,1,45,0.0,-0.9777777777777777,0.9777777777777777
20,2,51,0.0,0.0,0.2549019607843137
20,3,54,0.0,0.0,0.5
20,4,49,0.0,0.0,0.7551020408163265
20,5,53,0.018867924528301886,0.018867924528301886,0.09433962264150944
20,6,52,0.0,0.0,0.17307692307692307
20,7,58,0.0,0.0,0.034482758620689655
20,8,62,0.0,0.0,0.12903225806451613
20,9,66,0.5,0.33333333333333337,0.030303030303030276
20,10,71,0.09859154929577464,0.09859154929577464,0.01408450704225353
20,11,68,0.16176470588235295,0.16176470588235295,0.10294117647058823
20,12,54,0.42592592592592593,0.42592592592592593,0.0
20,13,66,0.07575757575757576,0.07575757575757576,0.18181818181818182
20,14,60,0.11666666666666667,0.11666666666666667,0.033333333333333326
20,15,54,0.3888888888888889,0.22222222222222224,0.01851851851851849
20,16,71,0.4225352112676056,-0.43661971830985913,0.43661971830985913
20,17,60,0.2,0.2,0.16666666666666663
21,0,51,0.0,-0.0392156862745098,0.5098039215686274
21,1,45,0.0,-0.9777777777777777,0.9777777777777777
21,2,51,0.0,0.0,0.2549019607843137
21,3,54,0.0,0.0,0.5
21,4,49,0.0,0.0,0.7551020408163265
21,5,53,0.0,0.0,0.11320754716981132
21,6,52,0.0,0.0,0.17307692307692307
21,7,58,0.0,0.0,0.034482758620689655
21,8,62,0.0,0.0,0.12903225806451613
21,9,66,0.0,-0.16666666666666666,0.5303030303030303
21,10,71,0.0,0.0,0.11267605633802817
21,11,68,0.0,0.0,0.2647058823529412
21,12,54,0.0,0.0,0.42592592592592593
21,13,66,0.0,0.0,0.25757575757575757
21,14,60,0.0,0.0,0.15
21,15,54,0.05555555555555555,-0.1111111111111111,0.35185185185185186
21,16,71,0.0,-0.8591549295774648,0.8591549295774648
21,17,60,0.0,0.0,0.36666666666666664
21,18,66,0.9393939393939394,,
21,19,52,0.15384615384615385,,
21,20,92,0.07608695652173914,,
21,21,55,0.10909090909090909,,
21,22,57,0.0,,
21,23,46,0.0,,
21,24,48,0.0,,
21,25,81,0.0,,
21,26,73,0.0,,
22,0,51,0.0,-0.0392156862745098,0.5098039215686274
22,1,45,0.0,-0.9777777777777777,0.9777777777777777
22,2,51,0.0,0.0,0.2549019607843137
22,3,54,0.0,0.0,0.5
22,4,49,0.0,0.0,0.7551020408163265
22,5,53,0.0,0.0,0.11320754716981132
22,6,52,0.0,0.0,0.17307692307692307
22,7,58,0.0,0.0,0.034482758620689655
22,8,62,0.0,0.0,0.12903225806451613
22,9,66,0.0,-0.16666666666666666,0.5303030303030303
22,10,71,0.0,0.0,0.11267605633802817
22,11,68,0.07352941176470588,0.07352941176470588,0.19117647058823528
22,12,54,0.0,0.0,0.42592592592592593
22,13,66,0.0,0.0,0.25757575757575757
22,14,60,0.0,0.0,0.15
22,15,54,0.0,-0.16666666666666666,0.4074074074074074
22,16,71,0.0,-0.8591549295774648,0.8591549295774648
22,17,60,0.016666666666666666,0.016666666666666666,0.35
22,18,66,0.3787878787878788,-0.5606060606060607,0.5606060606060607
22,19,52,0.38461538461538464,0.23076923076923078,0.0
22,20,92,0.03260869565217391,-0.04347826086956522,0.04347826086956522
22,21,55,0.14545454545454545,0.03636363636363636,0.0
22,22,57,0.03508771929824561,0.03508771929824561,0.0
22,23,46,0.2826086956521739,0.2826086956521739,0.0
22,24,48,0.4583333333333333,0.4583333333333333,0.0
22,25,81,0.4444444444444444,0.4444444444444444,0.0
22,26,73,0.3287671232876712,0.3287671232876712,0.0
23,0,51,0.0,-0.0392156862745098,0.5098039215686274
23,1,45,0.0,-0.9777777777777777,0.9777777777777777
23,2,51,0.0,0.0,0.2549019607843137
23,3,54,0.0,0.0,0.5
23,4,49,0.0,0.0,0.7551020408163265
23,5,53,0.0,0.0,0.11320754716981132
23,6,52,0.0,0.0,0.17307692307692307
23,7,58,0.0,0.0,0.034482758620689655
23,8,62,0.0,0.0,0.12903225806451613
23,9,66,0.0,-0.16666666666666666,0.5303030303030303
23,10,71,0.0,0.0,0.11267605633802817
23,11,68,0.04411764705882353,0.04411764705882353,0.22058823529411764
23,12,54,0.0,0.0,0.42592592592592593
23,13,66,0.0,0.0,0.25757575757575757
23,14,60,0.0,0.0,0.15
23,15,54,0.0,-0.16666666666666666,0.4074074074074074
23,16,71,0.0,-0.8591549295774648,0.8591549295774648
23,17,60,0.0,0.0,0.36666666666666664
23,18,66,0.6212121212121212,-0.31818181818181823,0.31818181818181823
23,19,52,0.23076923076923078,0.07692307692307693,0.15384615384615385
23,20,92,0.2717391304347826,0.19565217391304346,0.0
23,21,55,0.36363636363636365,0.2545454545454546,0.0
23,22,57,0.12280701754385964,0.12280701754385964,0.0
23,23,46,0.1956521739130435,0.1956521739130435,0.0869565217391304
23,24,48,0.16666666666666666,0.16666666666666666,0.29166666666666663
23,25,81,0.2222222222222222,0.2222222222222222,0.2222222222222222
23,26,73,0.410958904109589,0.410958904109589,0.0
24,0,51,0.0,-0.0392156862745098,0.5098039215686274
24,1,45,0.0,-0.9777777777777777,0.9777777777777777
24,2,51,0.0,0.0,0.2549019607843137
24,3,54,0.0,0.0,0.5
24,4,49,0.0,0.0,0.7551020408163265
24,5,53,0.0,0.0,0.11320754716981132
24,6,52,0.0,0.0,0.17307692307692307
24,7,58,0.0,0.0,0.034482758620689655
24,8,62,0.0,0.0,0.12903225806451613
24,9,66,0.0,-0.16666666666666666,0.5303030303030303
24,10,71,0.0,0.0,0.11267605633802817
24,11,68,0.04411764705882353,0.04411764705882353,0.22058823529411764
24,12,54,0.0,0.0,0.42592592592592593
24,13,66,0.0,0.0,0.25757575757575757
24,14,60,0.0,0.0,0.15
24,15,54,0.0,-0.16666666666666666,0.4074074074074074
24,16,71,0.0,-0.8591549295774648,0.8591549295774648
24,17,60,0.0,0.0,0.36666666666666664
24,18,66,0.5757575757575758,-0.36363636363636365,0.36363636363636365
24,19,52,0.36538461538461536,0.2115384615384615,0.019230769230769273
24,20,92,0.20652173913043478,0.13043478260869565,0.06521739130434781
24,21,55,0.32727272727272727,0.2181818181818182,0.036363636363636376
24,22,57,0.12280701754385964,0.12280701754385964,0.0
24,23,46,0.30434782608695654,0.30434782608695654,0.0
24,24,48,0.6666666666666666,0.6666666666666666,0.0
24,25,81,0.37037037037037035,0.37037037037037035,0.07407407407407407
24,26,73,0.2876712328767123,0.2876712328767123,0.1232876712328767
25,0,51,0.0,-0.0392156862745098,0.5098039215686274
25,1,45,0.0,-0.9777777777777777,0.9777777777777777
25,2,51,0.0,0.0,0.2549019607843137
25,3,54,0.0,0.0,0.5
25,4,49,0.0,0.0,0.7551020408163265
25,5,53,0.0,0.0,0.11320754716981132
25,6,52,0.0,0.0,0.17307692307692307
25,7,58,0.0,0.0,0.034482758620689655
25,8,62,0.0,0.0,0.12903225806451613
25,9,66,0.0,-0.16666666666666666,0.5303030303030303
25,10,71,0.0,0.0,0.11267605633802817
25,11,68,0.0,0.0,0.2647058823529412
25,12,54,0.0,0.0,0.42592592592592593
25,13,66,0.0,0.0,0.25757575757575757
25,14,60,0.0,0.0,0.15
25,15,54,0.0,-0.16666666666666666,0.4074074074074074
25,16,71,0.0,-0.8591549295774648,0.8591549295774648
25,17,60,0.0,0.0,0.36666666666666664
25,18,66,0.5909090909090909,-0.3484848484848485,0.3484848484848485
25,19,52,0.38461538461538464,0.23076923076923078,0.0
25,20,92,0.2717391304347826,0.19565217391304346,0.0
25,21,55,0.38181818181818183,0.27272727272727276,0.0
25,22,57,0.10526315789473684,0.10526315789473684,0.017543859649122806
25,23,46,0.3695652173913043,0.3695652173913043,0.0
25,24,48,0.375,0.375,0.29166666666666663
25,25,81,0.3950617283950617,0.3950617283950617,0.04938271604938271
25,26,73,0.3287671232876712,0.3287671232876712,0.0821917808219178
26,0,51,0.0,-0.0392156862745098,0.5098039215686274
26,1,45,0.0,-0.9777777777777777,0.9777777777777777
26,2,51,0.0,0.0,0.2549019607843137
26,3,54,0.0,0.0,0.5
26,4,49,0.0,0.0,0.7551020408163265
26,5,53,0.0,0.0,0.11320754716981132
26,6,52,0.0,0.0,0.17307692307692307
26,7,58,0.0,0.0,0.034482758620689655
26,8,62,0.0,0.0,0.12903225806451613
26,9,66,0.0,-0.16666666666666666,0.5303030303030303
26,10,71,0.0,0.0,0.11267605633802817
26,11,68,0.0,0.0,0.2647058823529412
26,12,54,0.0,0.0,0.42592592592592593
26,13,66,0.0,0.0,0.25757575757575757
26,14,60,0.0,0.0,0.15
26,15,54,0.0,-0.16666666666666666,0.4074074074074074
26,16,71,0.0,-0.8591549295774648,0.8591549295774648
26,17,60,0.0,0.0,0.36666666666666664
26,18,66,0.6060606060606061,-0.33333333333333337,0.33333333333333337
26,19,52,0.3269230769230769,0.17307692307692307,0.05769230769230771
26,20,92,0.2826086956521739,0.20652173913043476,0.0
26,21,55,0.38181818181818183,0.27272727272727276,0.0
26,22,57,0.08771929824561403,0.08771929824561403,0.03508771929824561
26,23,46,0.32608695652173914,0.32608695652173914,0.04347826086956519
26,24,48,0.6666666666666666,0.6666666666666666,0.0
26,25,81,0.35802469135802467,0.35802469135802467,0.08641975308641975
26,26,73,0.2876712328767123,0.2876712328767123,0.1232876712328767
27,0,51,0.0,-0.0392156862745098,0.5098039215686274
27,1,45,0.0,-0.9777777777777777,0.9777777777777777
27,2,51,0.0,0.0,0.2549019607843137
27,3,54,0.0,0.0,0.5
27,4,49,0.0,0.0,0.7551020408163265
27,5,53,0.0,0.0,0.11320754716981132
27,6,52,0.0,0.0,0.17307692307692307
27,7,58,0.0,0.0,0.034482758620689655
27,8,62,0.0,0.0,0.12903225806451613
27,9,66,0.0,-0.16666666666666666,0.5303030303030303
27,10,71,0.0,0.0,0.11267605633802817
27,11,68,0.0,0.0,0.2647058823529412
27,12,54,0.0,0.0,0.42592592592592593
27,13,66,0.0,0.0,0.25757575757575757
27,14,60,0.0,0.0,0.15
27,15,54,0.0,-0.16666666666666666,0.4074074074074074
27,16,71,0.0,-0.8591549295774648,0.8591549295774648
27,17,60,0.0,0.0,0.36666666666666664
27,18,66,0.6060606060606061,-0.33333333333333337,0.33333333333333337
27,19,52,0.34615384615384615,0.1923076923076923,0.03846153846153849
27,20,92,0.2717391304347826,0.19565217391304346,0.010869565217391297
27,21,55,0.36363636363636365,0.2545454545454546,0.018181818181818188
27,22,57,0.017543859649122806,0.017543859649122806,0.10526315789473684
27,23,46,0.41304347826086957,0.41304347826086957,0.0
27,24,48,0.4375,0.4375,0.22916666666666663
27,25,81,0.345679012345679,0.345679012345679,0.09876543209876543
27,26,73,0.2465753424657534,0.2465753424657534,0.1643835616438356
28,0,51,0.0,-0.0392156862745098,0.5098039215686274
28,1,45,0.0,-0.9777777777777777,0.9777777777777777
28,2,51,0.0,0.0,0.2549019607843137
28,3,54,0.0,0.0,0.5
28,4,49,0.0,0.0,0.7551020408163265
28,5,53,0.0,0.0,0.11320754716981132
28,6,52,0.0,0.0,0.17307692307692307
28,7,58,0.0,0.0,0.034482758620689655
28,8,62,0.0,0.0,0.12903225806451613
28,9,66,0.0,-0.16666666666666666,0.5303030303030303
28,10,71,0.0,0.0,0.11267605633802817
28,11,68,0.0,0.0,0.2647058823529412
28,12,54,0.0,0.0,0.42592592592592593
28,13,66,0.0,0.0,0.25757575757575757
28,14,60,0.0,0.0,0.15
28,15,54,0.0,-0.16666666666666666,0.4074074074074074
28,16,71,0.0,-0.8591549295774648,0.8591549295774648
28,17,60,0.0,0.0,0.36666666666666664
28,18,66,0.696969696969697,-0.24242424242424243,0.24242424242424243
28,19,52,0.34615384615384615,0.1923076923076923,0.03846153846153849
28,20,92,0.2826086956521739,0.20652173913043476,0.0
28,21,55,0.36363636363636365,0.2545454545454546,0.018181818181818188
28,22,57,0.03508771929824561,0.03508771929824561,0.08771929824561403
28,23,46,0.3695652173913043,0.3695652173913043,0.043478260869565244
28,24,48,0.5625,0.5625,0.10416666666666663
28,25,81,0.2962962962962963,0.2962962962962963,0.14814814814814814
28,26,73,0.2876712328767123,0.2876712328767123,0.1232876712328767
29,0,51,0.0,-0.0392156862745098,0.5098039215686274
29,1,45,0.0,-0.9777777777777777,0.9777777777777777
29,2,51,0.0,0.0,0.2549019607843137
29,3,54,0.0,0.0,0.5
29,4,49,0.0,0.0,0.7551020408163265
29,5,53,0.0,0.0,0.11320754716981132
29,6,52,0.0,0.0,0.17307692307692307
29,7,58,0.0,0.0,0.034482758620689655
29,8,62,0.0,0.0,0.12903225806451613
29,9,66,0.0,-0.16666666666666666,0.5303030303030303
29,10,71,0.0,0.0,0.11267605633802817
29,11,68,0.0,0.0,0.2647058823529412
29,12,54,0.0,0.0,0.42592592592592593
29,13,66,0.0,0.0,0.25757575757575757
29,14,60,0.0,0.0,0.15
29,15,54,0.0,-0.16666666666666666,0.4074074074074074
29,16,71,0.0,-0.8591549295774648,0.8591549295774648
29,17,60,0.0,0.0,0.36666666666666664
29,18,66,0.5606060606060606,-0.3787878787878789,0.3787878787878789
29,19,52,0.36538461538461536,0.2115384615384615,0.019230769230769273
29,20,92,0.20652173913043478,0.13043478260869565,0.07608695652173911
29,21,55,0.41818181818181815,0.3090909090909091,0.0
29,22,57,0.05263157894736842,0.05263157894736842,0.07017543859649122
29,23,46,0.41304347826086957,0.41304347826086957,0.0
29,24,48,0.6458333333333334,0.6458333333333334,0.02083333333333326
29,25,81,0.3333333333333333,0.3333333333333333,0.1111111111111111
29,26,73,0.3150684931506849,0.3150684931506849,0.0958904109589041
30,0,51,0.0,-0.0392156862745098,0.5098039215686274
30,1,45,0.0,-0.9777777777777777,0.9777777777777777
30,2,51,0.0,0.0,0.2549019607843137
30,3,54,0.0,0.0,0.5
30,4,49,0.0,0.0,0.7551020408163265
30,5,53,0.0,0.0,0.11320754716981132
30,6,52,0.0,0.0,0.17307692307692307
30,7,58,0.0,0.0,0.034482758620689655
30,8,62,0.0,0.0,0.12903225806451613
30,9,66,0.0,-0.16666666666666666,0.5303030303030303
30,10,71,0.0,0.0,0.11267605633802817
30,11,68,0.0,0.0,0.2647058823529412
30,12,54,0.0,0.0,0.42592592592592593
30,13,66,0.0,0.0,0.25757575757575757
30,14,60,0.0,0.0,0.15
30,15,54,0.0,-0.16666666666666666,0.4074074074074074
30,16,71,0.0,-0.8591549295774648,0.8591549295774648
30,17,60,0.0,0.0,0.36666666666666664
30,18,66,0.6818181818181818,-0.2575757575757577,0.2575757575757577
30,19,52,0.34615384615384615,0.1923076923076923,0.03846153846153849
30,20,92,0.22826086956521738,0.15217391304347824,0.05434782608695651
30,21,55,0.4727272727272727,0.36363636363636365,0.0
30,22,57,0.10526315789473684,0.10526315789473684,0.017543859649122806
30,23,46,0.3695652173913043,0.3695652173913043,0.043478260869565244
30,24,48,0.5625,0.5625,0.10416666666666663
30,25,81,0.30864197530864196,0.30864197530864196,0.13580246913580246
30,26,73,0.3013698630136986,0.3013698630136986,0.1095890410958904
31,0,51,0.0,-0.0392156862745098,0.5098039215686274
31,1,45,0.0,-0.9777777777777777,0.9777777777777777
31,2,51,0.0,0.0,0.2549019607843137
31,3,54,0.0,0.0,0.5
31,4,49,0.0,0.0,0.7551020408163265
31,5,53,0.0,0.0,0.11320754716981132
31,6,52,0.0,0.0,0.17307692307692307
31,7,58,0.0,0.0,0.034482758620689655
31,8,62,0.0,0.0,0.12903225806451613
31,9,66,0.0,-0.16666666666666666,0.5303030303030303
31,10,71,0.0,0.0,0.11267605633802817
31,11,68,0.0,0.0,0.2647058823529412
31,12,54,0.0,0.0,0.42592592592592593
31,13,66,0.0,0.0,0.25757575757575757
31,14,60,0.0,0.0,0.15
31,15,54,0.0,-0.16666666666666666,0.4074074074074074
31,16,71,0.0,-0.8591549295774648,0.8591549295774648
31,17,60,0.0,0.0,0.36666666666666664
31,18,66,0.6363636363636364,-0.3030303030303031,0.3030303030303031
31,19,52,0.34615384615384615,0.1923076923076923,0.03846153846153849
31,20,92,0.2391304347826087,0.16304347826086957,0.04347826086956519
31,21,55,0.4727272727272727,0.36363636363636365,0.0
31,22,57,0.05263157894736842,0.05263157894736842,0.07017543859649122
31,23,46,0.391304347826087,0.391304347826087,0.021739130434782594
31,24,48,0.5625,0.5625,0.10416666666666663
31,25,81,0.35802469135802467,0.35802469135802467,0.08641975308641975
31,26,73,0.3424657534246575,0.3424657534246575,0.0684931506849315
32,0,51,0.0,-0.0392156862745098,0.5098039215686274
32,1,45,0.0,-0.9777777777777777,0.9777777777777777
32,2,51,0.0,0.0,0.2549019607843137
32,3,54,0.0,0.0,0.5
32,4,49,0.0,0.0,0.7551020408163265
32,5,53,0.0,0.0,0.11320754716981132
32,6,52,0.0,0.0,0.17307692307692307
32,7,58,0.0,0.0,0.034482758620689655
32,8,62,0.0,0.0,0.12903225806451613
32,9,66,0.0,-0.16666666666666666,0.5303030303030303
32,10,71,0.0,0.0,0.11267605633802817
32,11,68,0.0,0.0,0.2647058823529412
32,12,54,0.0,0.0,0.42592592592592593
32,13,66,0.0,0.0,0.25757575757575757
32,14,60,0.0,0.0,0.15
32,15,54,0.0,-0.16666666666666666,0.4074074074074074
32,16,71,0.0,-0.8591549295774648,0.8591549295774648
32,17,60,0.0,0.0,0.36666666666666664
32,18,66,0.6666666666666666,-0.2727272727272728,0.2727272727272728
32,19,52,0.3269230769230769,0.17307692307692307,0.05769230769230771
32,20,92,0.2391304347826087,0.16304347826086957,0.04347826086956519
32,21,55,0.45454545454545453,0.34545454545454546,0.018181818181818188
32,22,57,0.07017543859649122,0.07017543859649122,0.05263157894736842
32,23,46,0.32608695652173914,0.32608695652173914,0.08695652173913043
32,24,48,0.3958333333333333,0.3958333333333333,0.2708333333333333
32,25,81,0.345679012345679,0.345679012345679,0.09876543209876543
32,26,73,0.3013698630136986,0.3013698630136986,0.1095890410958904
33,0,51,0.0,-0.0392156862745098,0.5098039215686274
33,1,45,0.0,-0.9777777777777777,0.9777777777777777
33,2,51,0.0,0.0,0.2549019607843137
33,3,54,0.0,0.0,0.5
33,4,49,0.0,0.0,0.7551020408163265
33,5,53,0.0,0.0,0.11320754716981132
33,6,52,0.0,0.0,0.17307692307692307
33,7,58,0.0,0.0,0.034482758620689655
33,8,62,0.0,0.0,0.12903225806451613
33,9,66,0.0,-0.16666666666666666,0.5303030303030303
33,10,71,0.0,0.0,0.11267605633802817
33,11,68,0.0,0.0,0.2647058823529412
33,12,54,0.0,0.0,0.42592592592592593
33,13,66,0.0,0.0,0.25757575757575757
33,14,60,0.0,0.0,0.15
33,15,54,0.0,-0.16666666666666666,0.4074074074074074
33,16,71,0.0,-0.8591549295774648,0.8591549295774648
33,17,60,0.0,0.0,0.36666666666666664
33,18,66,0.6212121212121212,-0.31818181818181823,0.31818181818181823
33,19,52,0.34615384615384615,0.1923076923076923,0.03846153846153849
33,20,92,0.25,0.17391304347826086,0.03260869565217389
33,21,55,0.4727272727272727,0.36363636363636365,0.0
33,22,57,0.17543859649122806,0.17543859649122806,0.0
33,23,46,0.3695652173913043,0.3695652173913043,0.043478260869565244
33,24,48,0.4583333333333333,0.4583333333333333,0.20833333333333331
33,25,81,0.345679012345679,0.345679012345679,0.09876543209876543
33,26,73,0.3698630136986301,0.3698630136986301,0.0410958904109589
34,0,51,0.0,-0.0392156862745098,0.5098039215686274
34,1,45,0.0,-0.9777777777777777,0.9777777777777777
34,2,51,0.0,0.0,0.2549019607843137
34,3,54,0.0,0.0,0.5
34,4,49,0.0,0.0,0.7551020408163265
34,5,53,0.0,0.0,0.11320754716981132
34,6,52,0.0,0.0,0.17307692307692307
34,7,58,0.0,0.0,0.034482758620689655
34,8,62,0.0,0.0,0.12903225806451613
34,9,66,0.0,-0.16666666666666666,0.5303030303030303
34,10,71,0.0,0.0,0.11267605633802817
34,11,68,0.0,0.0,0.2647058823529412
34,12,54,0.0,0.0,0.42592592592592593
34,13,66,0.0,0.0,0.25757575757575757
34,14,60,0.0,0.0,0.15
34,15,54,0.0,-0.16666666666666666,0.4074074074074074
34,16,71,0.0,-0.8591549295774648,0.8591549295774648
34,17,60,0.0,0.0,0.36666666666666664
34,18,66,0.6515151515151515,-0.28787878787878796,0.28787878787878796
34,19,52,0.34615384615384615,0.1923076923076923,0.03846153846153849
34,20,92,0.2826086956521739,0.20652173913043476,0.0
34,21,55,0.45454545454545453,0.34545454545454546,0.018181818181818188
34,22,57,0.15789473684210525,0.15789473684210525,0.017543859649122806
34,23,46,0.391304347826087,0.391304347826087,0.021739130434782594
34,24,48,0.4583333333333333,0.4583333333333333,0.20833333333333331
34,25,81,0.2839506172839506,0.2839506172839506,0.16049382716049382
34,26,73,0.1643835616438356,0.1643835616438356,0.2465753424657534
35,0,51,0.0,-0.0392156862745098,0.5098039215686274
35,1,45,0.0,-0.9777777777777777,0.9777777777777777
35,2,51,0.0,0.0,0.2549019607843137
35,3,54,0.0,0.0,0.5
35,4,49,0.0,0.0,0.7551020408163265
35,5,53,0.0,0.0,0.11320754716981132
35,6,52,0.0,0.0,0.17307692307692307
35,7,58,0.0,0.0,0.034482758620689655
35,8,62,0.0,0.0,0.12903225806451613
35,9,66,0.0,-0.16666666666666666,0.5303030303030303
35,10,71,0.0,0.0,0.11267605633802817
35,11,68,0.0,0.0,0.2647058823529412
35,12,54,0.0,0.0,0.42592592592592593
35,13,66,0.0,0.0,0.25757575757575757
35,14,60,0.0,0.0,0.15
35,15,54,0.0,-0.16666666666666666,0.4074074074074074
35,16,71,0.0,-0.8591549295774648,0.8591549295774648
35,17,60,0.0,0.0,0.36666666666666664
35,18,66,0.6666666666666666,-0.2727272727272728,0.2727272727272728
35,19,52,0.34615384615384615,0.1923076923076923,0.03846153846153849
35,20,92,0.2391304347826087,0.16304347826086957,0.04347826086956519
35,21,55,0.41818181818181815,0.3090909090909091,0.054545454545454564
35,22,57,0.15789473684210525,0.15789473684210525,0.017543859649122806
35,23,46,0.34782608695652173,0.34782608695652173,0.06521739130434784
35,24,48,0.2708333333333333,0.2708333333333333,0.3958333333333333
35,25,81,0.37037037037037035,0.37037037037037035,0.07407407407407407
35,26,73,0.2876712328767123,0.2876712328767123,0.1232876712328767
36,0,51,0.0,-0.0392156862745098,0.5098039215686274
36,1,45,0.0,-0.9777777777777777,0.9777777777777777
36,2,51,0.0,0.0,0.2549019607843137
36,3,54,0.0,0.0,0.5
36,4,49,0.0,0.0,0.7551020408163265
36,5,53,0.0,0.0,0.11320754716981132
36,6,52,0.0,0.0,0.17307692307692307
36,7,58,0.0,0.0,0.034482758620689655
36,8,62,0.0,0.0,0.12903225806451613
36,9,66,0.0,-0.16666666666666666,0.5303030303030303
36,10,71,0.0,0.0,0.11267605633802817
36,11,68,0.0,0.0,0.2647058823529412
36,12,54,0.0,0.0,0.42592592592592593
36,13,66,0.0,0.0,0.25757575757575757
36,14,60,0.0,0.0,0.15
36,15,54,0.0,-0.16666666666666666,0.4074074074074074
36,16,71,0.0,-0.8591549295774648,0.8591549295774648
36,17,60,0.0,0.0,0.36666666666666664
36,18,66,0.6818181818181818,-0.2575757575757577,0.2575757575757577
36,19,52,0.3269230769230769,0.17307692307692307,0.05769230769230771
36,20,92,0.25,0.17391304347826086,0.03260869565217389
36,21,55,0.4,0.29090909090909095,0.0727272727272727
36,22,57,0.22807017543859648,0.22807017543859648,0.0
36,23,46,0.3695652173913043,0.3695652173913043,0.043478260869565244
36,24,48,0.5,0.5,0.16666666666666663
36,25,81,0.2716049382716049,0.2716049382716049,0.1728395061728395
36,26,73,0.2054794520547945,0.2054794520547945,0.2054794520547945
37,0,51,0.0,-0.0392156862745098,0.5098039215686274
37,1,45,0.0,-0.9777777777777777,0.9777777777777777
37,2,51,0.0,0.0,0.2549019607843137
37,3,54,0.0,0.0,0.5
37,4,49,0.0,0.0,0.7551020408163265
37,5,53,0.0,0.0,0.11320754716981132
37,6,52,0.0,0.0,0.17307692307692307
37,7,58,0.0,0.0,0.034482758620689655
37,8,62,0.0,0.0,0.12903225806451613
37,9,66,0.0,-0.16666666666666666,0.5303030303030303
37,10,71,0.0,0.0,0.11267605633802817
37,11,68,0.0,0.0,0.2647058823529412
37,12,54,0.0,0.0,0.42592592592592593
37,13,66,0.0,0.0,0.25757575757575757
37,14,60,0.0,0.0,0.15
37,15,54,0.0,-0.16666666666666666,0.4074074074074074
37,16,71,0.0,-0.8591549295774648,0.8591549295774648
37,17,60,0.0,0.0,0.36666666666666664
37,18,66,0.6212121212121212,-0.31818181818181823,0.31818181818181823
37,19,52,0.34615384615384615,0.1923076923076923,0.03846153846153849
37,20,92,0.20652173913043478,0.13043478260869565,0.07608695652173911
37,21,55,0.3090909090909091,0.2,0.16363636363636364
37,22,57,0.24561403508771928,0.24561403508771928,0.0
37,23,46,0.34782608695652173,0.34782608695652173,0.06521739130434784
37,24,48,0.3125,0.3125,0.35416666666666663
37,25,81,0.345679012345679,0.345679012345679,0.09876543209876543
37,26,73,0.3013698630136986,0.3013698630136986,0.1095890410958904
38,0,51,0.0,-0.0392156862745098,0.5098039215686274
38,1,45,0.0,-0.9777777777777777,0.9777777777777777
38,2,51,0.0,0.0,0.2549019607843137
38,3,54,0.0,0.0,0.5
38,4,49,0.0,0.0,0.7551020408163265
38,5,53,0.0,0.0,0.11320754716981132
38,6,52,0.0,0.0,0.17307692307692307
38,7,58,0.0,0.0,0.034482758620689655
38,8,62,0.0,0.0,0.12903225806451613
38,9,66,0.0,-0.16666666666666666,0.5303030303030303
38,10,71,0.0,0.0,0.11267605633802817
38,11,68,0.0,0.0,0.2647058823529412
38,12,54,0.0,0.0,0.42592592592592593
38,13,66,0.0,0.0,0.25757575757575757
38,14,60,0.0,0.0,0.15
38,15,54,0.0,-0.16666666666666666,0.4074074074074074
38,16,71,0.0,-0.8591549295774648,0.8591549295774648
38,17,60,0.0,0.0,0.36666666666666664
38,18,66,0.5757575757575758,-0.36363636363636365,0.36363636363636365
38,19,52,0.34615384615384615,0.1923076923076923,0.03846153846153849
38,20,92,0.25,0.17391304347826086,0.03260869565217389
38,21,55,0.32727272727272727,0.2181818181818182,0.14545454545454545
38,22,57,0.2807017543859649,0.2807017543859649,0.0
38,23,46,0.391304347826087,0.391304347826087,0.021739130434782594
38,24,48,0.4583333333333333,0.4583333333333333,0.20833333333333331
38,25,81,0.30864197530864196,0.30864197530864196,0.13580246913580246
38,26,73,0.1917808219178082,0.1917808219178082,0.2191780821917808
39,0,51,0.0,-0.0392156862745098,0.5098039215686274
39,1,45,0.0,-0.9777777777777777,0.9777777777777777
39,2,51,0.0,0.0,0.2549019607843137
39,3,54,0.0,0.0,0.5
39,4,49,0.0,0.0,0.7551020408163265
39,5,53,0.0,0.0,0.11320754716981132
39,6,52,0.0,0.0,0.17307692307692307
39,7,58,0.0,0.0,0.034482758620689655
39,8,62,0.0,0.0,0.12903225806451613
39,9,66,0.0,-0.16666666666666666,0.5303030303030303
39,10,71,0.0,0.0,0.11267605633802817
39,11,68,0.0,0.0,0.2647058823529412
39,12,54,0.0,0.0,0.42592592592592593
39,13,66,0.0,0.0,0.25757575757575757
39,14,60,0.0,0.0,0.15
39,15,54,0.0,-0.16666666666666666,0.4074074074074074
39,16,71,0.0,-0.8591549295774648,0.8591549295774648
39,17,60,0.0,0.0,0.36666666666666664
39,18,66,0.6363636363636364,-0.3030303030303031,0.3030303030303031
39,19,52,0.36538461538461536,0.2115384615384615,0.019230769230769273
39,20,92,0.15217391304347827,0.07608695652173914,0.13043478260869562
39,21,55,0.2727272727272727,0.16363636363636364,0.2
39,22,57,0.2982456140350877,0.2982456140350877,0.0
39,23,46,0.391304347826087,0.391304347826087,0.021739130434782594
39,24,48,0.3125,0.3125,0.35416666666666663
39,25,81,0.49382716049382713,0.49382716049382713,0.0
39,26,73,0.273972602739726,0.273972602739726,0.136986301369863
40,0,51,0.0,-0.0392156862745098,0.5098039215686274
40,1,45,0.0,-0.9777777777777777,0.9777777777777777
40,2,51,0.0,0.0,0.2549019607843137
40,3,54,0.0,0.0,0.5
40,4,49,0.0,0.0,0.7551020408163265
40,5,53,0.0,0.0,0.11320754716981132
40,6,52,0.0,0.0,0.17307692307692307
40,7,58,0.0,0.0,0.034482758620689655
40,8,62,0.0,0.0,0.12903225806451613
40,9,66,0.0,-0.16666666666666666,0.5303030303030303
40,10,71,0.0,0.0,0.11267605633802817
40,11,68,0.0,0.0,0.2647058823529412
40,12,54,0.0,0.0,0.42592592592592593
40,13,66,0.0,0.0,0.25757575757575757
40,14,60,0.0,0.0,0.15
40,15,54,0.0,-0.16666666666666666,0.4074074074074074
40,16,71,0.0,-0.8591549295774648,0.8591549295774648
40,17,60,0.0,0.0,0.36666666666666664
40,18,66,0.6060606060606061,-0.33333333333333337,0.33333333333333337
40,19,52,0.3076923076923077,0.15384615384615385,0.07692307692307693
40,20,92,0.17391304347826086,0.09782608695652173,0.10869565217391303
40,21,55,0.2727272727272727,0.16363636363636364,0.2
40,22,57,0.3684210526315789,0.3684210526315789,0.0
40,23,46,0.30434782608695654,0.30434782608695654,0.10869565217391303
40,24,48,0.5208333333333334,0.5208333333333334,0.14583333333333326
40,25,81,0.38271604938271603,0.38271604938271603,0.1111111111111111
40,26,73,0.1643835616438356,0.1643835616438356,0.2465753424657534
41,0,51,0.0,-0.0392156862745098,0.5098039215686274
41,1,45,0.0,-0.9777777777777777,0.9777777777777777
41,2,51,0.0,0.0,0.2549019607843137
41,3,54,0.0,0.0,0.5
41,4,49,0.0,0.0,0.7551020408163265
41,5,53,0.0,0.0,0.11320754716981132
41,6,52,0.0,0.0,0.17307692307692307
41,7,58,0.0,0.0,0.034482758620689655
41,8,62,0.0,0.0,0.12903225806451613
41,9,66,0.0,-0.16666666666666666,0.5303030303030303
41,10,71,0.0,0.0,0.11267605633802817
41,11,68,0.0,0.0,0.2647058823529412
41,12,54,0.0,0.0,0.42592592592592593
41,13,66,0.0,0.0,0.25757575757575757
41,14,60,0.0,0.0,0.15
41,15,54,0.0,-0.16666666666666666,0.4074074074074074
41,16,71,0.0,-0.8591549295774648,0.8591549295774648
41,17,60,0.0,0.0,0.36666666666666664
41,18,66,0.5909090909090909,-0.3484848484848485,0.3484848484848485
41,19,52,0.3076923076923077,0.15384615384615385,0.07692307692307693
41,20,92,0.22826086956521738,0.15217391304347824,0.05434782608695651
41,21,55,0.2545454545454545,0.14545454545454545,0.2181818181818182
41,22,57,0.3508771929824561,0.3508771929824561,0.017543859649122806
41,23,46,0.32608695652173914,0.32608695652173914,0.08695652173913043
41,24,48,0.2916666666666667,0.2916666666666667,0.37499999999999994
41,25,81,0.3950617283950617,0.3950617283950617,0.09876543209876543
41,26,73,0.2876712328767123,0.2876712328767123,0.1232876712328767
42,0,51,0.0,-0.0392156862745098,0.5098039215686274
42,1,45,0.0,-0.9777777777777777,0.9777777777777777
42,2,51,0.0,0.0,0.2549019607843137
42,3,54,0.0,0.0,0.5
42,4,49,0.0,0.0,0.7551020408163265
42,5,53,0.0,0.0,0.11320754716981132
42,6,52,0.0,0.0,0.17307692307692307
42,7,58,0.0,0.0,0.034482758620689655
42,8,62,0.0,0.0,0.12903225806451613
42,9,66,0.0,-0.16666666666666666,0.5303030303030303
42,10,71,0.0,0.0,0.11267605633802817
42,11,68,0.0,0.0,0.2647058823529412
42,12,54,0.0,0.0,0.42592592592592593
42,13,66,0.0,0.0,0.25757575757575757
42,14,60,0.0,0.0,0.15
42,15,54,0.0,-0.16666666666666666,0.4074074074074074
42,16,71,0.0,-0.8591549295774648,0.8591549295774648
42,17,60,0.0,0.0,0.36666666666666664
42,18,66,0.5909090909090909,-0.3484848484848485,0.3484848484848485
42,19,52,0.34615384615384615,0.1923076923076923,0.03846153846153849
42,20,92,0.1956521739130435,0.11956521739130435,0.0869565217391304
42,21,55,0.2909090909090909,0.18181818181818182,0.18181818181818182
42,22,57,0.3508771929824561,0.3508771929824561,0.017543859649122806
42,23,46,0.34782608695652173,0.34782608695652173,0.06521739130434784
42,24,48,0.4166666666666667,0.4166666666666667,0.24999999999999994
42,25,81,0.4567901234567901,0.4567901234567901,0.037037037037037035
42,26,73,0.2465753424657534,0.2465753424657534,0.1643835616438356
43,0,51,0.0,-0.0392156862745098,0.5098039215686274
43,1,45,0.0,-0.9777777777777777,0.9777777777777777
43,2,51,0.0,0.0,0.2549019607843137
43,3,54,0.0,0.0,0.5
43,4,49,0.0,0.0,0.7551020408163265
43,5,53,0.0,0.0,0.11320754716981132
43,6,52,0.0,0.0,0.17307692307692307
43,7,58,0.0,0.0,0.034482758620689655
43,8,62,0.0,0.0,0.12903225806451613
43,9,66,0.0,-0.16666666666666666,0.5303030303030303
43,10,71,0.0,0.0,0.11267605633802817
43,11,68,0.0,0.0,0.2647058823529412
43,12,54,0.0,0.0,0.42592592592592593
43,13,66,0.0,0.0,0.25757575757575757
43,14,60,0.0,0.0,0.15
43,15,54,0.0,-0.16666666666666666,0.4074074074074074
43,16,71,0.0,-0.8591549295774648,0.8591549295774648
43,17,60,0.0,0.0,0.36666666666666664
43,18,66,0.5,-0.43939393939393945,0.43939393939393945
43,19,52,0.34615384615384615,0.1923076923076923,0.03846153846153849
43,20,92,0.16304347826086957,0.08695652173913043,0.11956521739130432
43,21,55,0.21818181818181817,0.10909090909090909,0.2545454545454545
43,22,57,0.38596491228070173,0.38596491228070173,0.0
43,23,46,0.3695652173913043,0.3695652173913043,0.043478260869565244
43,24,48,0.3333333333333333,0.3333333333333333,0.3333333333333333
43,25,81,0.5185185185185185,0.5185185185185185,0.0
43,26,73,0.2602739726027397,0.2602739726027397,0.1506849315068493
44,0,51,0.0,-0.0392156862745098,0.5098039215686274
44,1,45,0.0,-0.9777777777777777,0.9777777777777777
44,2,51,0.0,0.0,0.2549019607843137
44,3,54,0.0,0.0,0.5
44,4,49,0.0,0.0,0.7551020408163265
44,5,53,0.0,0.0,0.11320754716981132
44,6,52,0.0,0.0,0.17307692307692307
44,7,58,0.0,0.0,0.034482758620689655
44,8,62,0.0,0.0,0.12903225806451613
44,9,66,0.0,-0.16666666666666666,0.5303030303030303
44,10,71,0.0,0.0,0.11267605633802817
44,11,68,0.0,0.0,0.2647058823529412
44,12,54,0.0,0.0,0.42592592592592593
44,13,66,0.0,0.0,0.25757575757575757
44,14,60,0.0,0.0,0.15
44,15,54,0.0,-0.16666666666666666,0.4074074074074074
44,16,71,0.0,-0.8591549295774648,0.8591549295774648
44,17,60,0.0,0.0,0.36666666666666664
44,18,66,0.6363636363636364,-0.3030303030303031,0.3030303030303031
44,19,52,0.3076923076923077,0.15384615384615385,0.07692307692307693
44,20,92,0.16304347826086957,0.08695652173913043,0.11956521739130432
44,21,55,0.2545454545454545,0.14545454545454545,0.2181818181818182
44,22,57,0.3508771929824561,0.3508771929824561,0.03508771929824561
44,23,46,0.3695652173913043,0.3695652173913043,0.043478260869565244
44,24,48,0.4166666666666667,0.4166666666666667,0.24999999999999994
44,25,81,0.49382716049382713,0.49382716049382713,0.024691358024691357
44,26,73,0.2191780821917808,0.2191780821917808,0.1917808219178082
45,0,51,0.0,-0.0392156862745098,0.5098039215686274
45,1,45,0.0,-0.9777777777777777,0.9777777777777777
45,2,51,0.0,0.0,0.2549019607843137
45,3,54,0.0,0.0,0.5
45,4,49,0.0,0.0,0.7551020408163265
45,5,53,0.0,0.0,0.11320754716981132
45,6,52,0.0,0.0,0.17307692307692307
45,7,58,0.0,0.0,0.034482758620689655
45,8,62,0.0,0.0,0.12903225806451613
45,9,66,0.0,-0.16666666666666666,0.5303030303030303
45,10,71,0.0,0.0,0.11267605633802817
45,11,68,0.0,0.0,0.2647058823529412
45,12,54,0.0,0.0,0.42592592592592593
45,13,66,0.0,0.0,0.25757575757575757
45,14,60,0.0,0.0,0.15
45,15,54,0.0,-0.16666666666666666,0.4074074074074074
45,16,71,0.0,-0.8591549295774648,0.8591549295774648
45,17,60,0.0,0.0,0.36666666666666664
45,18,66,0.6060606060606061,-0.33333333333333337,0.33333333333333337
45,19,52,0.34615384615384615,0.1923076923076923,0.03846153846153849
45,20,92,0.17391304347826086,0.09782608695652173,0.10869565217391303
45,21,55,0.21818181818181817,0.10909090909090909,0.2545454545454545
45,22,57,0.38596491228070173,0.38596491228070173,0.0
45,23,46,0.3695652173913043,0.3695652173913043,0.043478260869565244
45,24,48,0.3541666666666667,0.3541666666666667,0.31249999999999994
45,25,81,0.4691358024691358,0.4691358024691358,0.04938271604938271
45,26,73,0.3013698630136986,0.3013698630136986,0.1095890410958904
46,0,51,0.0,-0.0392156862745098,0.5098039215686274
46,1,45,0.0,-0.9777777777777777,0.9777777777777777
46,2,51,0.0,0.0,0.2549019607843137
46,3,54,0.0,0.0,0.5
46,4,49,0.0,0.0,0.7551020408163265
46,5,53,0.0,0.0,0.11320754716981132
46,6,52,0.0,0.0,0.17307692307692307
46,7,58,0.0,0.0,0.034482758620689655
46,8,62,0.0,0.0,0.12903225806451613
46,9,66,0.0,-0.16666666666666666,0.5303030303030303
46,10,71,0.0,0.0,0.11267605633802817
46,11,68,0.0,0.0,0.2647058823529412
46,12,54,0.0,0.0,0.42592592592592593
46,13,66,0.0,0.0,0.25757575757575757
46,14,60,0.0,0.0,0.15
46,15,54,0.0,-0.16666666666666666,0.4074074074074074
46,16,71,0.0,-0.8591549295774648,0.8591549295774648
46,17,60,0.0,0.0,0.36666666666666664
46,18,66,0.5303030303030303,-0.40909090909090917,0.40909090909090917
46,19,52,0.3076923076923077,0.15384615384615385,0.07692307692307693
46,20,92,0.20652173913043478,0.13043478260869565,0.07608695652173911
46,21,55,0.21818181818181817,0.10909090909090909,0.2545454545454545
46,22,57,0.3508771929824561,0.3508771929824561,0.03508771929824561
46,23,46,0.391304347826087,0.391304347826087,0.021739130434782594
46,24,48,0.4375,0.4375,0.22916666666666663
46,25,81,0.49382716049382713,0.49382716049382713,0.024691358024691357
46,26,73,0.2054794520547945,0.2054794520547945,0.2054794520547945
47,0,51,0.0,-0.0392156862745098,0.5098039215686274
47,1,45,0.0,-0.9777777777777777,0.9777777777777777
47,2,51,0.0,0.0,0.2549019607843137
47,3,54,0.0,0.0,0.5
47,4,49,0.0,0.0,0.7551020408163265
47,5,53,0.0,0.0,0.11320754716981132
47,6,52,0.0,0.0,0.17307692307692307
47,7,58,0.0,0.0,0.034482758620689655
47,8,62,0.0,0.0,0.12903225806451613
47,9,66,0.0,-0.16666666666666666,0.5303030303030303
47,10,71,0.0,0.0,0.11267605633802817
47,11,68,0.0,0.0,0.2647058823529412
47,12,54,0.0,0.0,0.42592592592592593
47,13,66,0.0,0.0,0.25757575757575757
47,14,60,0.0,0.0,0.15
47,15,54,0.0,-0.16666666666666666,0.4074074074074074
47,16,71,0.0,-0.8591549295774648,0.8591549295774648
47,17,60,0.0,0.0,0.36666666666666664
47,18,66,0.6212121212121212,-0.31818181818181823,0.31818181818181823
47,19,52,0.3076923076923077,0.15384615384615385,0.07692307692307693
47,20,92,0.21739130434782608,0.14130434782608695,0.06521739130434781
47,21,55,0.23636363636363636,0.12727272727272726,0.23636363636363636
47,22,57,0.3508771929824561,0.3508771929824561,0.03508771929824561
47,23,46,0.32608695652173914,0.32608695652173914,0.08695652173913043
47,24,48,0.3333333333333333,0.3333333333333333,0.3333333333333333
47,25,81,0.43209876543209874,0.43209876543209874,0.08641975308641975
47,26,73,0.273972602739726,0.273972602739726,0.136986301369863
48,0,51,0.0,-0.0392156862745098,0.5098039215686274
48,1,45,0.0,-0.9777777777777777,0.9777777777777777
48,2,51,0.0,0.0,0.2549019607843137
48,3,54,0.0,0.0,0.5
48,4,49,0.0,0.0,0.7551020408163265
48,5,53,0.0,0.0,0.11320754716981132
48,6,52,0.0,0.0,0.17307692307692307
48,7,58,0.0,0.0,0.034482758620689655
48,8,62,0.0,0.0,0.12903225806451613
48,9,66,0.0,-0.16666666666666666,0.5303030303030303
48,10,71,0.0,0.0,0.11267605633802817
48,11,68,0.0,0.0,0.2647058823529412
48,12,54,0.0,0.0,0.42592592592592593
48,13,66,0.0,0.0,0.25757575757575757
48,14,60,0.0,0.0,0.15
48,15,54,0.0,-0.16666666666666666,0.4074074074074074
48,16,71,0.0,-0.8591549295774648,0.8591549295774648
48,17,60,0.0,0.0,0.36666666666666664
48,18,66,0.5606060606060606,-0.3787878787878789,0.3787878787878789
48,19,52,0.3076923076923077,0.15384615384615385,0.07692307692307693
48,20,92,0.21739130434782608,0.14130434782608695,0.06521739130434781
48,21,55,0.21818181818181817,0.10909090909090909,0.2545454545454545
48,22,57,0.45614035087719296,0.45614035087719296,0.0
48,23,46,0.32608695652173914,0.32608695652173914,0.08695652173913043
48,24,48,0.375,0.375,0.29166666666666663
48,25,81,0.4444444444444444,0.4444444444444444,0.07407407407407407
48,26,73,0.2054794520547945,0.2054794520547945,0.2054794520547945
49,0,51,0.0,-0.0392156862745098,0.5098039215686274
49,1,45,0.0,-0.9777777777777777,0.9777777777777777
49,2,51,0.0,0.0,0.2549019607843137
49,3,54,0.0,0.0,0.5
49,4,49,0.0,0.0,0.7551020408163265
49,5,53,0.0,0.0,0.11320754716981132
49,6,52,0.0,0.0,0.17307692307692307
49,7,58,0.0,0.0,0.034482758620689655
49,8,62,0.0,0.0,0.12903225806451613
49,9,66,0.0,-0.16666666666666666,0.5303030303030303
49,10,71,0.0,0.0,0.11267605633802817
49,11,68,0.0,0.0,0.2647058823529412
49,12,54,0.0,0.0,0.42592592592592593
49,13,66,0.0,0.0,0.25757575757575757
49,14,60,0.0,0.0,0.15
49,15,54,0.0,-0.16666666666666666,0.4074074074074074
49,16,71,0.0,-0.8591549295774648,0.8591549295774648
49,17,60,0.0,0.0,0.36666666666666664
49,18,66,0.5606060606060606,-0.3787878787878789,0.3787878787878789
49,19,52,0.34615384615384615,0.1923076923076923,0.03846153846153849
49,20,92,0.17391304347826086,0.09782608695652173,0.10869565217391303
49,21,55,0.2727272727272727,0.16363636363636364,0.2
49,22,57,0.43859649122807015,0.43859649122807015,0.017543859649122806
49,23,46,0.32608695652173914,0.32608695652173914,0.08695652173913043
49,24,48,0.3333333333333333,0.3333333333333333,0.3333333333333333
49,25,81,0.49382716049382713,0.49382716049382713,0.024691358024691357
49,26,73,0.2465753424657534,0.2465753424657534,0.1643835616438356
50,0,51,0.0,-0.0392156862745098,0.5098039215686274
50,1,45,0.0,-0.9777777777777777,0.9777777777777777
50,2,51,0.0,0.0,0.2549019607843137
50,3,54,0.0,0.0,0.5
50,4,49,0.0,0.0,0.7551020408163265
50,5,53,0.0,0.0,0.11320754716981132
50,6,52,0.0,0.0,0.17307692307692307
50,7,58,0.0,0.0,0.034482758620689655
50,8,62,0.0,0.0,0.12903225806451613
50,9,66,0.0,-0.16666666666666666,0.5303030303030303
50,10,71,0.0,0.0,0.11267605633802817
50,11,68,0.0,0.0,0.2647058823529412
50,12,54,0.0,0.0,0.42592592592592593
50,13,66,0.0,0.0,0.25757575757575757
50,14,60,0.0,0.0,0.15
50,15,54,0.0,-0.16666666666666666,0.4074074074074074
50,16,71,0.0,-0.8591549295774648,0.8591549295774648
50,17,60,0.0,0.0,0.36666666666666664
50,18,66,0.5757575757575758,-0.36363636363636365,0.36363636363636365
50,19,52,0.28846153846153844,0.13461538461538458,0.0961538461538462
50,20,92,0.18478260869565216,0.10869565217391303,0.09782608695652173
50,21,55,0.3090909090909091,0.2,0.16363636363636364
50,22,57,0.47368421052631576,0.47368421052631576,0.0
50,23,46,0.34782608695652173,0.34782608695652173,0.06521739130434784
50,24,48,0.3958333333333333,0.3958333333333333,0.2708333333333333
50,25,81,0.5308641975308642,0.5308641975308642,0.0
50,26,73,0.1643835616438356,0.1643835616438356,0.2465753424657534
51,0,51,0.0,-0.0392156862745098,0.5098039215686274
51,1,45,0.0,-0.9777777777777777,0.9777777777777777
51,2,51,0.0,0.0,0.2549019607843137
51,3,54,0.0,0.0,0.5
51,4,49,0.0,0.0,0.7551020408163265
51,5,53,0.0,0.0,0.11320754716981132
51,6,52,0.0,0.0,0.17307692307692307
51,7,58,0.0,0.0,0.034482758620689655
51,8,62,0.0,0.0,0.12903225806451613
51,9,66,0.0,-0.16666666666666666,0.5303030303030303
51,10,71,0.0,0.0,0.11267605633802817
51,11,68,0.0,0.0,0.2647058823529412
51,12,54,0.0,0.0,0.42592592592592593
51,13,66,0.0,0.0,0.25757575757575757
51,14,60,0.0,0.0,0.15
51,15,54,0.0,-0.16666666666666666,0.4074074074074074
51,16,71,0.0,-0.8591549295774648,0.8591549295774648
51,17,60,0.0,0.0,0.36666666666666664
51,18,66,0.5606060606060606,-0.3787878787878789,0.3787878787878789
51,19,52,0.3269230769230769,0.17307692307692307,0.05769230769230771
51,20,92,0.17391304347826086,0.09782608695652173,0.10869565217391303
51,21,55,0.2909090909090909,0.18181818181818182,0.18181818181818182
51,22,57,0.38596491228070173,0.38596491228070173,0.08771929824561403
51,23,46,0.3695652173913043,0.3695652173913043,0.043478260869565244
51,24,48,0.3541666666666667,0.3541666666666667,0.31249999999999994
51,25,81,0.5185185185185185,0.5185185185185185,0.012345679012345734
51,26,73,0.2465753424657534,0.2465753424657534,0.1643835616438356
52,0,51,0.0,-0.0392156862745098,0.5098039215686274
52,1,45,0.0,-0.9777777777777777,0.9777777777777777
52,2,51,0.0,0.0,0.2549019607843137
52,3,54,0.0,0.0,0.5
52,4,49,0.0,0.0,0.7551020408163265
52,5,53,0.0,0.0,0.11320754716981132
52,6,52,0.0,0.0,0.17307692307692307
52,7,58,0.0,0.0,0.034482758620689655
52,8,62,0.0,0.0,0.12903225806451613
52,9,66,0.0,-0.16666666666666666,0.5303030303030303
52,10,71,0.0,0.0,0.11267605633802817
52,11,68,0.0,0.0,0.2647058823529412
52,12,54,0.0,0.0,0.42592592592592593
52,13,66,0.0,0.0,0.25757575757575757
52,14,60,0.0,0.0,0.15
52,15,54,0.0,-0.16666666666666666,0.4074074074074074
52,16,71,0.0,-0.8591549295774648,0.8591549295774648
52,17,60,0.0,0.0,0.36666666666666664
52,18,66,0.5606060606060606,-0.3787878787878789,0.3787878787878789
52,19,52,0.36538461538461536,0.2115384615384615,0.019230769230769273
52,20,92,0.11956521739130435,0.043478260869565216,0.16304347826086954
52,21,55,0.36363636363636365,0.2545454545454546,0.10909090909090907
52,22,57,0.43859649122807015,0.43859649122807015,0.03508771929824561
52,23,46,0.34782608695652173,0.34782608695652173,0.06521739130434784
52,24,48,0.375,0.375,0.29166666666666663
52,25,81,0.4691358024691358,0.4691358024691358,0.06172839506172845
52,26,73,0.1643835616438356,0.1643835616438356,0.2465753424657534
53,0,51,0.0,-0.0392156862745098,0.5098039215686274
53,1,45,0.0,-0.9777777777777777,0.9777777777777777
53,2,51,0.0,0.0,0.2549019607843137
53,3,54,0.0,0.0,0.5
53,4,49,0.0,0.0,0.7551020408163265
53,5,53,0.0,0.0,0.11320754716981132
53,6,52,0.0,0.0,0.17307692307692307
53,7,58,0.0,0.0,0.034482758620689655
53,8,62,0.0,0.0,0.12903225806451613
53,9,66,0.0,-0.16666666666666666,0.5303030303030303
53,10,71,0.0,0.0,0.11267605633802817
53,11,68,0.0,0.0,0.2647058823529412
53,12,54,0.0,0.0,0.42592592592592593
53,13,66,0.0,0.0,0.25757575757575757
53,14,60,0.0,0.0,0.15
53,15,54,0.0,-0.16666666666666666,0.4074074074074074
53,16,71,0.0,-0.8591549295774648,0.8591549295774648
53,17,60,0.0,0.0,0.36666666666666664
53,18,66,0.5757575757575758,-0.36363636363636365,0.36363636363636365
53,19,52,0.3076923076923077,0.15384615384615385,0.07692307692307693
53,20,92,0.18478260869565216,0.10869565217391303,0.09782608695652173
53,21,55,0.3090909090909091,0.2,0.16363636363636364
53,22,57,0.40350877192982454,0.40350877192982454,0.07017543859649122
53,23,46,0.3695652173913043,0.3695652173913043,0.043478260869565244
53,24,48,0.3333333333333333,0.3333333333333333,0.3333333333333333
53,25,81,0.4567901234567901,0.4567901234567901,0.07407407407407413
53,26,73,0.2602739726027397,0.2602739726027397,0.1506849315068493
54,0,51,0.0,-0.0392156862745098,0.5098039215686274
54,1,45,0.0,-0.9777777777777777,0.9777777777777777
54,2,51,0.0,0.0,0.2549019607843137
54,3,54,0.0,0.0,0.5
54,4,49,0.0,0.0,0.7551020408163265
54,5,53,0.0,0.0,0.11320754716981132
54,6,52,0.0,0.0,0.17307692307692307
54,7,58,0.0,0.0,0.034482758620689655
54,8,62,0.0,0.0,0.12903225806451613
54,9,66,0.0,-0.16666666666666666,0.5303030303030303
54,10,71,0.0,0.0,0.11267605633802817
54,11,68,0.0,0.0,0.2647058823529412
54,12,54,0.0,0.0,0.42592592592592593
54,13,66,0.0,0.0,0.25757575757575757
54,14,60,0.0,0.0,0.15
54,15,54,0.0,-0.16666666666666666,0.4074074074074074
54,16,71,0.0,-0.8591549295774648,0.8591549295774648
54,17,60,0.0,0.0,0.36666666666666664
54,18,66,0.5757575757575758,-0.36363636363636365,0.36363636363636365
54,19,52,0.3269230769230769,0.17307692307692307,0.05769230769230771
54,20,92,0.16304347826086957,0.08695652173913043,0.11956521739130432
54,21,55,0.2545454545454545,0.14545454545454545,0.2181818181818182
54,22,57,0.42105263157894735,0.42105263157894735,0.05263157894736842
54,23,46,0.3695652173913043,0.3695652173913043,0.043478260869565244
54,24,48,0.4375,0.4375,0.22916666666666663
54,25,81,0.6296296296296297,0.6296296296296297,0.0
54,26,73,0.136986301369863,0.136986301369863,0.273972602739726
55,0,51,0.0,-0.0392156862745098,0.5098039215686274
55,1,45,0.0,-0.9777777777777777,0.9777777777777777
55,2,51,0.0,0.0,0.2549019607843137
55,3,54,0.0,0.0,0.5
55,4,49,0.0,0.0,0.7551020408163265
55,5,53,0.0,0.0,0.11320754716981132
55,6,52,0.0,0.0,0.17307692307692307
55,7,58,0.0,0.0,0.034482758620689655
55,8,62,0.0,0.0,0.12903225806451613
55,9,66,0.0,-0.16666666666666666,0.5303030303030303
55,10,71,0.0,0.0,0.11267605633802817
55,11,68,0.0,0.0,0.2647058823529412
55,12,54,0.0,0.0,0.42592592592592593
55,13,66,0.0,0.0,0.25757575757575757
55,14,60,0.0,0.0,0.15
55,15,54,0.0,-0.16666666666666666,0.4074074074074074
55,16,71,0.0,-0.8591549295774648,0.8591549295774648
55,17,60,0.0,0.0,0.36666666666666664
55,18,66,0.6060606060606061,-0.33333333333333337,0.33333333333333337
55,19,52,0.34615384615384615,0.1923076923076923,0.03846153846153849
55,20,92,0.1956521739130435,0.11956521739130435,0.0869565217391304
55,21,55,0.34545454545454546,0.2363636363636364,0.12727272727272726
55,22,57,0.49122807017543857,0.49122807017543857,0.0
55,23,46,0.32608695652173914,0.32608695652173914,0.08695652173913043
55,24,48,0.2916666666666667,0.2916666666666667,0.37499999999999994
55,25,81,0.3950617283950617,0.3950617283950617,0.23456790123456794
55,26,73,0.2465753424657534,0.2465753424657534,0.1643835616438356
56,0,51,0.0,-0.0392156862745098,0.5098039215686274
56,1,45,0.0,-0.9777777777777777,0.9777777777777777
56,2,51,0.0,0.0,0.2549019607843137
56,3,54,0.0,0.0,0.5
56,4,49,0.0,0.0,0.7551020408163265
56,5,53,0.0,0.0,0.11320754716981132
56,6,52,0.0,0.0,0.17307692307692307
56,7,58,0.0,0.0,0.034482758620689655
56,8,62,0.0,0.0,0.12903225806451613
56,9,66,0.0,-0.16666666666666666,0.5303030303030303
56,10,71,0.0,0.0,0.11267605633802817
56,11,68,0.0,0.0,0.2647058823529412
56,12,54,0.0,0.0,0.42592592592592593
56,13,66,0.0,0.0,0.25757575757575757
56,14,60,0.0,0.0,0.15
56,15,54,0.0,-0.16666666666666666,0.4074074074074074
56,16,71,0.0,-0.8591549295774648,0.8591549295774648
56,17,60,0.0,0.0,0.36666666666666664
56,18,66,0.6060606060606061,-0.33333333333333337,0.33333333333333337
56,19,52,0.3076923076923077,0.15384615384615385,0.07692307692307693
56,20,92,0.16304347826086957,0.08695652173913043,0.11956521739130432
56,21,55,0.2727272727272727,0.16363636363636364,0.2
56,22,57,0.40350877192982454,0.40350877192982454,0.08771929824561403
56,23,46,0.3695652173913043,0.3695652173913043,0.043478260869565244
56,24,48,0.4166666666666667,0.4166666666666667,0.24999999999999994
56,25,81,0.5925925925925926,0.5925925925925926,0.03703703703703709
56,26,73,0.136986301369863,0.136986301369863,0.273972602739726
57,0,51,0.0,-0.0392156862745098,0.5098039215686274
57,1,45,0.0,-0.9777777777777777,0.9777777777777777
57,2,51,0.0,0.0,0.2549019607843137
57,3,54,0.0,0.0,0.5
57,4,49,0.0,0.0,0.7551020408163265
57,5,53,0.0,0.0,0.11320754716981132
57,6,52,0.0,0.0,0.17307692307692307
57,7,58,0.0,0.0,0.034482758620689655
57,8,62,0.0,0.0,0.12903225806451613
57,9,66,0.0,-0.16666666666666666,0.5303030303030303
57,10,71,0.0,0.0,0.11267605633802817
57,11,68,0.0,0.0,0.2647058823529412
57,12,54,0.0,0.0,0.42592592592592593
57,13,66,0.0,0.0,0.25757575757575757
57,14,60,0.0,0.0,0.15
57,15,54,0.0,-0.16666666666666666,0.4074074074074074
57,16,71,0.0,-0.8591549295774648,0.8591549295774648
57,17,60,0.0,0.0,0.36666666666666664
57,18,66,0.6212121212121212,-0.31818181818181823,0.31818181818181823
57,19,52,0.34615384615384615,0.1923076923076923,0.03846153846153849
57,20,92,0.18478260869565216,0.10869565217391303,0.09782608695652173
57,21,55,0.34545454545454546,0.2363636363636364,0.12727272727272726
57,22,57,0.43859649122807015,0.43859649122807015,0.05263157894736842
57,23,46,0.3695652173913043,0.3695652173913043,0.043478260869565244
57,24,48,0.3541666666666667,0.3541666666666667,0.31249999999999994
57,25,81,0.3950617283950617,0.3950617283950617,0.23456790123456794
57,26,73,0.2328767123287671,0.2328767123287671,0.1780821917808219
58,0,51,0.0,-0.0392156862745098,0.5098039215686274
58,1,45,0.0,-0.9777777777777777,0.9777777777777777
58,2,51,0.0,0.0,0.2549019607843137
58,3,54,0.0,0.0,0.5
58,4,49,0.0,0.0,0.7551020408163265
58,5,53,0.0,0.0,0.11320754716981132
58,6,52,0.0,0.0,0.17307692307692307
58,7,58,0.0,0.0,0.034482758620689655
58,8,62,0.0,0.0,0.12903225806451613
58,9,66,0.0,-0.16666666666666666,0.5303030303030303
58,10,71,0.0,0.0,0.11267605633802817
58,11,68,0.0,0.0,0.2647058823529412
58,12,54,0.0,0.0,0.42592592592592593
58,13,66,0.0,0.0,0.25757575757575757
58,14,60,0.0,0.0,0.15
58,15,54,0.0,-0.16666666666666666,0.4074074074074074
58,16,71,0.0,-0.8591549295774648,0.8591549295774648
58,17,60,0.0,0.0,0.36666666666666664
58,18,66,0.6212121212121212,-0.31818181818181823,0.31818181818181823
58,19,52,0.3076923076923077,0.15384615384615385,0.07692307692307693
58,20,92,0.16304347826086957,0.08695652173913043,0.11956521739130432
58,21,55,0.2727272727272727,0.16363636363636364,0.2
58,22,57,0.43859649122807015,0.43859649122807015,0.05263157894736842
58,23,46,0.32608695652173914,0.32608695652173914,0.08695652173913043
58,24,48,0.4375,0.4375,0.22916666666666663
58,25,81,0.5802469135802469,0.5802469135802469,0.04938271604938271
58,26,73,0.136986301369863,0.136986301369863,0.273972602739726
59,0,51,0.0,-0.0392156862745098,0.5098039215686274
59,1,45,0.0,-0.9777777777777777,0.9777777777777777
59,2,51,0.0,0.0,0.2549019607843137
59,3,54,0.0,0.0,0.5
59,4,49,0.0,0.0,0.7551020408163265
59,5,53,0.0,0.0,0.11320754716981132
59,6,52,0.0,0.0,0.17307692307692307
59,7,58,0.0,0.0,0.034482758620689655
59,8,62,0.0,0.0,0.12903225806451613
59,9,66,0.0,-0.16666666666666666,0.5303030303030303
59,10,71,0.0,0.0,0.11267605633802817
59,11,68,0.0,0.0,0.2647058823529412
59,12,54,0.0,0.0,0.42592592592592593
59,13,66,0.0,0.0,0.25757575757575757
59,14,60,0.0,0.0,0.15
59,15,54,0.0,-0.16666666666666666,0.4074074074074074
59,16,71,0.0,-0.8591549295774648,0.8591549295774648
59,17,60,0.0,0.0,0.36666666666666664
59,18,66,0.7272727272727273,-0.21212121212121215,0.21212121212121215
59,19,52,0.3076923076923077,0.15384615384615385,0.07692307692307693
59,20,92,0.1956521739130435,0.11956521739130435,0.0869565217391304
59,21,55,0.38181818181818183,0.27272727272727276,0.09090909090909088
59,22,57,0.40350877192982454,0.40350877192982454,0.08771929824561403
59,23,46,0.30434782608695654,0.30434782608695654,0.10869565217391303
59,24,48,0.3333333333333333,0.3333333333333333,0.3333333333333333
59,25,81,0.4074074074074074,0.4074074074074074,0.22222222222222227
59,26,73,0.2328767123287671,0.2328767123287671,0.1780821917808219
60,0,51,0.0,-0.0392156862745098,0.5098039215686274
60,1,45,0.0,-0.9777777777777777,0.9777777777777777
60,2,51,0.0,0.0,0.2549019607843137
60,3,54,0.0,0.0,0.5
60,4,49,0.0,0.0,0.7551020408163265
60,5,53,0.0,0.0,0.11320754716981132
60,6,52,0.0,0.0,0.17307692307692307
60,7,58,0.0,0.0,0.034482758620689655
60,8,62,0.0,0.0,0.12903225806451613
60,9,66,0.0,-0.16666666666666666,0.5303030303030303
60,10,71,0.0,0.0,0.11267605633802817
60,11,68,0.0,0.0,0.2647058823529412
60,12,54,0.0,0.0,0.42592592592592593
60,13,66,0.0,0.0,0.25757575757575757
60,14,60,0.0,0.0,0.15
60,15,54,0.0,-0.16666666666666666,0.4074074074074074
60,16,71,0.0,-0.8591549295774648,0.8591549295774648
60,17,60,0.0,0.0,0.36666666666666664
60,18,66,0.6060606060606061,-0.33333333333333337,0.33333333333333337
60,19,52,0.3269230769230769,0.17307692307692307,0.05769230769230771
60,20,92,0.1956521739130435,0.11956521739130435,0.0869565217391304
60,21,55,0.23636363636363636,0.12727272727272726,0.23636363636363636
60,22,57,0.42105263157894735,0.42105263157894735,0.07017543859649122
60,23,46,0.32608695652173914,0.32608695652173914,0.08695652173913043
60,24,48,0.4375,0.4375,0.22916666666666663
60,25,81,0.6666666666666666,0.6666666666666666,0.0
60,26,73,0.136986301369863,0.136986301369863,0.273972602739726
61,0,51,0.0,-0.0392156862745098,0.5098039215686274
61,1,45,0.0,-0.9777777777777777,0.9777777777777777
61,2,51,0.0,0.0,0.2549019607843137
61,3,54,0.0,0.0,0.5
61,4,49,0.0,0.0,0.7551020408163265
61,5,53,0.0,0.0,0.11320754716981132
61,6,52,0.0,0.0,0.17307692307692307
61,7,58,0.0,0.0,0.034482758620689655
61,8,62,0.0,0.0,0.12903225806451613
61,9,66,0.0,-0.16666666666666666,0.5303030303030303
61,10,71,0.0,0.0,0.11267605633802817
61,11,68,0.0,0.0,0.2647058823529412
61,12,54,0.0,0.0,0.42592592592592593
61,13,66,0.0,0.0,0.25757575757575757
61,14,60,0.0,0.0,0.15
61,15,54,0.0,-0.16666666666666666,0.4074074074074074
61,16,71,0.0,-0.8591549295774648,0.8591549295774648
61,17,60,0.0,0.0,0.36666666666666664
61,18,66,0.7272727272727273,-0.21212121212121215,0.21212121212121215
61,19,52,0.3269230769230769,0.17307692307692307,0.05769230769230771
61,20,92,0.20652173913043478,0.13043478260869565,0.07608695652173911
61,21,55,0.36363636363636365,0.2545454545454546,0.10909090909090907
61,22,57,0.40350877192982454,0.40350877192982454,0.08771929824561403
61,23,46,0.34782608695652173,0.34782608695652173,0.06521739130434784
61,24,48,0.2916666666666667,0.2916666666666667,0.37499999999999994
61,25,81,0.38271604938271603,0.38271604938271603,0.2839506172839506
61,26,73,0.2465753424657534,0.2465753424657534,0.1643835616438356
62,0,51,0.0,-0.0392156862745098,0.5098039215686274
62,1,45,0.0,-0.9777777777777777,0.9777777777777777
62,2,51,0.0,0.0,0.2549019607843137
62,3,54,0.0,0.0,0.5
62,4,49,0.0,0.0,0.7551020408163265
62,5,53,0.0,0.0,0.11320754716981132
62,6,52,0.0,0.0,0.17307692307692307
62,7,58,0.0,0.0,0.034482758620689655
62,8,62,0.0,0.0,0.12903225806451613
62,9,66,0.0,-0.16666666666666666,0.5303030303030303
62,10,71,0.0,0.0,0.11267605633802817
62,11,68,0.0,0.0,0.2647058823529412
62,12,54,0.0,0.0,0.42592592592592593
62,13,66,0.0,0.0,0.25757575757575757
62,14,60,0.0,0.0,0.15
62,15,54,0.0,-0.16666666666666666,0.4074074074074074
62,16,71,0.0,-0.8591549295774648,0.8591549295774648
62,17,60,0.0,0.0,0.36666666666666664
62,18,66,0.6515151515151515,-0.28787878787878796,0.28787878787878796
62,19,52,0.3269230769230769,0.17307692307692307,0.05769230769230771
62,20,92,0.1956521739130435,0.11956521739130435,0.0869565217391304
62,21,55,0.23636363636363636,0.12727272727272726,0.23636363636363636
62,22,57,0.38596491228070173,0.38596491228070173,0.10526315789473684
62,23,46,0.32608695652173914,0.32608695652173914,0.08695652173913043
62,24,48,0.4375,0.4375,0.22916666666666663
62,25,81,0.691358024691358,0.691358024691358,0.0
62,26,73,0.1506849315068493,0.1506849315068493,0.2602739726027397
63,0,51,0.0,-0.0392156862745098,0.5098039215686274
63,1,45,0.0,-0.9777777777777777,0.9777777777777777
63,2,51,0.0,0.0,0.2549019607843137
63,3,54,0.0,0.0,0.5
63,4,49,0.0,0.0,0.7551020408163265
63,5,53,0.0,0.0,0.11320754716981132
63,6,52,0.0,0.0,0.17307692307692307
63,7,58,0.0,0.0,0.034482758620689655
63,8,62,0.0,0.0,0.12903225806451613
63,9,66,0.0,-0.16666666666666666,0.5303030303030303
63,10,71,0.0,0.0,0.11267605633802817
63,11,68,0.0,0.0,0.2647058823529412
63,12,54,0.0,0.0,0.42592592592592593
63,13,66,0.0,0.0,0.25757575757575757
63,14,60,0.0,0.0,0.15
63,15,54,0.0,-0.16666666666666666,0.4074074074074074
63,16,71,0.0,-0.8591549295774648,0.8591549295774648
63,17,60,0.0,0.0,0.36666666666666664
63,18,66,0.6515151515151515,-0.28787878787878796,0.28787878787878796
63,19,52,0.3076923076923077,0.15384615384615385,0.07692307692307693
63,20,92,0.18478260869565216,0.10869565217391303,0.09782608695652173
63,21,55,0.38181818181818183,0.27272727272727276,0.09090909090909088
63,22,57,0.40350877192982454,0.40350877192982454,0.08771929824561403
63,23,46,0.3695652173913043,0.3695652173913043,0.043478260869565244
63,24,48,0.3125,0.3125,0.35416666666666663
63,25,81,0.43209876543209874,0.43209876543209874,0.25925925925925924
63,26,73,0.273972602739726,0.273972602739726,0.136986301369863
64,0,51,0.0,-0.0392156862745098,0.5098039215686274
64,1,45,0.0,-0.9777777777777777,0.9777777777777777
64,2,51,0.0,0.0,0.2549019607843137
64,3,54,0.0,0.0,0.5
64,4,49,0.0,0.0,0.7551020408163265
64,5,53,0.0,0.0,0.11320754716981132
64,6,52,0.0,0.0,0.17307692307692307
64,7,58,0.0,0.0,0.034482758620689655
64,8,62,0.0,0.0,0.12903225806451613
64,9,66,0.015151515151515152,-0.1515151515151515,0.5151515151515151
64,10,71,0.0,0.0,0.11267605633802817
64,11,68,0.0,0.0,0.2647058823529412
64,12,54,0.0,0.0,0.42592592592592593
64,13,66,0.0,0.0,0.25757575757575757
64,14,60,0.0,0.0,0.15
64,15,54,0.0,-0.16666666666666666,0.4074074074074074
64,16,71,0.0,-0.8591549295774648,0.8591549295774648
64,17,60,0.0,0.0,0.36666666666666664
64,18,66,0.6060606060606061,-0.33333333333333337,0.33333333333333337
64,19,52,0.3076923076923077,0.15384615384615385,0.07692307692307693
64,20,92,0.21739130434782608,0.14130434782608695,0.06521739130434781
64,21,55,0.2909090909090909,0.18181818181818182,0.18181818181818182
64,22,57,0.43859649122807015,0.43859649122807015,0.05263157894736842
64,23,46,0.2826086956521739,0.2826086956521739,0.13043478260869568
64,24,48,0.375,0.375,0.29166666666666663
64,25,81,0.6172839506172839,0.6172839506172839,0.07407407407407407
64,26,73,0.1780821917808219,0.1780821917808219,0.2328767123287671
65,0,51,0.0,-0.0392156862745098,0.5098039215686274
65,1,45,0.0,-0.9777777777777777,0.9777777777777777
65,2,51,0.0,0.0,0.2549019607843137
65,3,54,0.0,0.0,0.5
65,4,49,0.0,0.0,0.7551020408163265
65,5,53,0.0,0.0,0.11320754716981132
65,6,52,0.0,0.0,0.17307692307692307
65,7,58,0.0,0.0,0.034482758620689655
65,8,62,0.0,0.0,0.12903225806451613
65,9,66,0.0,-0.16666666666666666,0.5303030303030303
65,10,71,0.0,0.0,0.11267605633802817
65,11,68,0.0,0.0,0.2647058823529412
65,12,54,0.0,0.0,0.42592592592592593
65,13,66,0.0,0.0,0.25757575757575757
65,14,60,0.0,0.0,0.15
65,15,54,0.0,-0.16666666666666666,0.4074074074074074
65,16,71,0.0,-0.8591549295774648,0.8591549295774648
65,17,60,0.0,0.0,0.36666666666666664
65,18,66,0.5909090909090909,-0.3484848484848485,0.3484848484848485
65,19,52,0.34615384615384615,0.1923076923076923,0.03846153846153849
65,20,92,0.18478260869565216,0.10869565217391303,0.09782608695652173
65,21,55,0.32727272727272727,0.2181818181818182,0.14545454545454545
65,22,57,0.40350877192982454,0.40350877192982454,0.08771929824561403
65,23,46,0.3695652173913043,0.3695652173913043,0.043478260869565244
65,24,48,0.3125,0.3125,0.35416666666666663
65,25,81,0.4691358024691358,0.4691358024691358,0.2222222222222222
65,26,73,0.273972602739726,0.273972602739726,0.136986301369863
66,0,51,0.0,-0.0392156862745098,0.5098039215686274
66,1,45,0.0,-0.9777777777777777,0.9777777777777777
66,2,51,0.0,0.0,0.2549019607843137
66,3,54,0.0,0.0,0.5
66,4,49,0.0,0.0,0.7551020408163265
66,5,53,0.0,0.0,0.11320754716981132
66,6,52,0.0,0.0,0.17307692307692307
66,7,58,0.0,0.0,0.034482758620689655
66,8,62,0.0,0.0,0.12903225806451613
66,9,66,0.0,-0.16666666666666666,0.5303030303030303
66,10,71,0.0,0.0,0.11267605633802817
66,11,68,0.0,0.0,0.2647058823529412
66,12,54,0.0,0.0,0.42592592592592593
66,13,66,0.0,0.0,0.25757575757575757
66,14,60,0.0,0.0,0.15
66,15,54,0.0,-0.16666666666666666,0.4074074074074074
66,16,71,0.0,-0.8591549295774648,0.8591549295774648
66,17,60,0.0,0.0,0.36666666666666664
66,18,66,0.6666666666666666,-0.2727272727272728,0.2727272727272728
66,19,52,0.34615384615384615,0.1923076923076923,0.03846153846153849
66,20,92,0.20652173913043478,0.13043478260869565,0.07608695652173911
66,21,55,0.34545454545454546,0.2363636363636364,0.12727272727272726
66,22,57,0.38596491228070173,0.38596491228070173,0.10526315789473684
66,23,46,0.30434782608695654,0.30434782608695654,0.10869565217391303
66,24,48,0.4166666666666667,0.4166666666666667,0.24999999999999994
66,25,81,0.5802469135802469,0.5802469135802469,0.11111111111111105
66,26,73,0.1917808219178082,0.1917808219178082,0.2191780821917808
67,0,51,0.0,-0.0392156862745098,0.5098039215686274
67,1,45,0.0,-0.9777777777777777,0.9777777777777777
67,2,51,0.0,0.0,0.2549019607843137
67,3,54,0.0,0.0,0.5
67,4,49,0.0,0.0,0.7551020408163265
67,5,53,0.0,0.0,0.11320754716981132
67,6,52,0.0,0.0,0.17307692307692307
67,7,58,0.0,0.0,0.034482758620689655
67,8,62,0.0,0.0,0.12903225806451613
67,9,66,0.0,-0.16666666666666666,0.5303030303030303
67,10,71,0.0,0.0,0.11267605633802817
67,11,68,0.0,0.0,0.2647058823529412
67,12,54,0.0,0.0,0.42592592592592593
67,13,66,0.0,0.0,0.25757575757575757
67,14,60,0.0,0.0,0.15
67,15,54,0.0,-0.16666666666666666,0.4074074074074074
67,16,71,0.0,-0.8591549295774648,0.8591549295774648
67,17,60,0.0,0.0,0.36666666666666664
67,18,66,0.5909090909090909,-0.3484848484848485,0.3484848484848485
67,19,52,0.34615384615384615,0.1923076923076923,0.03846153846153849
67,20,92,0.20652173913043478,0.13043478260869565,0.07608695652173911
67,21,55,0.2727272727272727,0.16363636363636364,0.2
67,22,57,0.47368421052631576,0.47368421052631576,0.017543859649122806
67,23,46,0.3695652173913043,0.3695652173913043,0.043478260869565244
67,24,48,0.3541666666666667,0.3541666666666667,0.31249999999999994
67,25,81,0.5308641975308642,0.5308641975308642,0.16049382716049376
67,26,73,0.2465753424657534,0.2465753424657534,0.1643835616438356
68,0,51,0.0,-0.0392156862745098,0.5098039215686274
68,1,45,0.0,-0.9777777777777777,0.9777777777777777
68,2,51,0.0,0.0,0.2549019607843137
68,3,54,0.0,0.0,0.5
68,4,49,0.0,0.0,0.7551020408163265
68,5,53,0.0,0.0,0.11320754716981132
68,6,52,0.0,0.0,0.17307692307692307
68,7,58,0.0,0.0,0.034482758620689655
68,8,62,0.0,0.0,0.12903225806451613
68,9,66,0.0,-0.16666666666666666,0.5303030303030303
68,10,71,0.0,0.0,0.11267605633802817
68,11,68,0.0,0.0,0.2647058823529412
68,12,54,0.0,0.0,0.42592592592592593
68,13,66,0.0,0.0,0.25757575757575757
68,14,60,0.0,0.0,0.15
68,15,54,0.0,-0.16666666666666666,0.4074074074074074
68,16,71,0.0,-0.8591549295774648,0.8591549295774648
68,17,60,0.0,0.0,0.36666666666666664
68,18,66,0.7121212121212122,-0.2272727272727273,0.2272727272727273
68,19,52,0.34615384615384615,0.1923076923076923,0.03846153846153849
68,20,92,0.18478260869565216,0.10869565217391303,0.09782608695652173
68,21,55,0.38181818181818183,0.27272727272727276,0.09090909090909088
68,22,57,0.3508771929824561,0.3508771929824561,0.14035087719298245
68,23,46,0.32608695652173914,0.32608695652173914,0.08695652173913043
68,24,48,0.4375,0.4375,0.22916666666666663
68,25,81,0.5432098765432098,0.5432098765432098,0.14814814814814814
68,26,73,0.1643835616438356,0.1643835616438356,0.2465753424657534
69,0,51,0.0,-0.0392156862745098,0.5098039215686274
69,1,45,0.0,-0.9777777777777777,0.9777777777777777
69,2,51,0.0,0.0,0.2549019607843137
69,3,54,0.0,0.0,0.5
69,4,49,0.0,0.0,0.7551020408163265
69,5,53,0.0,0.0,0.11320754716981132
69,6,52,0.0,0.0,0.17307692307692307
69,7,58,0.0,0.0,0.034482758620689655
69,8,62,0.0,0.0,0.12903225806451613
69,9,66,0.0,-0.16666666666666666,0.5303030303030303
69,10,71,0.0,0.0,0.11267605633802817
69,11,68,0.0,0.0,0.2647058823529412
69,12,54,0.0,0.0,0.42592592592592593
69,13,66,0.0,0.0,0.25757575757575757
69,14,60,0.0,0.0,0.15
69,15,54,0.0,-0.16666666666666666,0.4074074074074074
69,16,71,0.0,-0.8591549295774648,0.8591549295774648
69,17,60,0.0,0.0,0.36666666666666664
69,18,66,0.5606060606060606,-0.3787878787878789,0.3787878787878789
69,19,52,0.3269230769230769,0.17307692307692307,0.05769230769230771
69,20,92,0.22826086956521738,0.15217391304347824,0.05434782608695651
69,21,55,0.2727272727272727,0.16363636363636364,0.2
69,22,57,0.5263157894736842,0.5263157894736842,0.0
69,23,46,0.3695652173913043,0.3695652173913043,0.043478260869565244
69,24,48,0.2916666666666667,0.2916666666666667,0.37499999999999994
69,25,81,0.48148148148148145,0.48148148148148145,0.20987654320987653
69,26,73,0.2465753424657534,0.2465753424657534,0.1643835616438356
70,0,51,0.0,-0.0392156862745098,0.5098039215686274
70,1,45,0.0,-0.9777777777777777,0.9777777777777777
70,2,51,0.0,0.0,0.2549019607843137
70,3,54,0.0,0.0,0.5
70,4,49,0.0,0.0,0.7551020408163265
70,5,53,0.0,0.0,0.11320754716981132
70,6,52,0.0,0.0,0.17307692307692307
70,7,58,0.0,0.0,0.034482758620689655
70,8,62,0.0,0.0,0.12903225806451613
70,9,66,0.0,-0.16666666666666666,0.5303030303030303
70,10,71,0.0,0.0,0.11267605633802817
70,11,68,0.0,0.0,0.2647058823529412
70,12,54,0.0,0.0,0.42592592592592593
70,13,66,0.0,0.0,0.25757575757575757
70,14,60,0.0,0.0,0.15
70,15,54,0.0,-0.16666666666666666,0.4074074074074074
70,16,71,0.0,-0.8591549295774648,0.8591549295774648
70,17,60,0.0,0.0,0.36666666666666664
70,18,66,0.6666666666666666,-0.2727272727272728,0.2727272727272728
70,19,52,0.3269230769230769,0.17307692307692307,0.05769230769230771
70,20,92,0.25,0.17391304347826086,0.03260869565217389
70,21,55,0.38181818181818183,0.27272727272727276,0.09090909090909088
70,22,57,0.45614035087719296,0.45614035087719296,0.07017543859649122
70,23,46,0.32608695652173914,0.32608695652173914,0.08695652173913043
70,24,48,0.4583333333333333,0.4583333333333333,0.20833333333333331
70,25,81,0.4444444444444444,0.4444444444444444,0.24691358024691357
70,26,73,0.136986301369863,0.136986301369863,0.273972602739726
71,0,51,0.0,-0.0392156862745098,0.5098039215686274
71,1,45,0.0,-0.9777777777777777,0.9777777777777777
71,2,51,0.0,0.0,0.2549019607843137
71,3,54,0.0,0.0,0.5
71,4,49,0.0,0.0,0.7551020408163265
71,5,53,0.0,0.0,0.11320754716981132
71,6,52,0.0,0.0,0.17307692307692307
71,7,58,0.0,0.0,0.034482758620689655
71,8,62,0.0,0.0,0.12903225806451613
71,9,66,0.0,-0.16666666666666666,0.5303030303030303
71,10,71,0.0,0.0,0.11267605633802817
71,11,68,0.0,0.0,0.2647058823529412
71,12,54,0.0,0.0,0.42592592592592593
71,13,66,0.0,0.0,0.25757575757575757
71,14,60,0.0,0.0,0.15
71,15,54,0.0,-0.16666666666666666,0.4074074074074074
71,16,71,0.0,-0.8591549295774648,0.8591549295774648
71,17,60,0.0,0.0,0.36666666666666664
71,18,66,0.6515151515151515,-0.28787878787878796,0.28787878787878796
71,19,52,0.28846153846153844,0.13461538461538458,0.0961538461538462
71,20,92,0.22826086956521738,0.15217391304347824,0.05434782608695651
71,21,55,0.2545454545454545,0.14545454545454545,0.2181818181818182
71,22,57,0.543859649122807,0.543859649122807,0.0
71,23,46,0.2826086956521739,0.2826086956521739,0.13043478260869568
71,24,48,0.22916666666666666,0.22916666666666666,0.4375
71,25,81,0.49382716049382713,0.49382716049382713,0.19753086419753085
71,26,73,0.2876712328767123,0.2876712328767123,0.1232876712328767
72,0,51,0.0,-0.0392156862745098,0.5098039215686274
72,1,45,0.0,-0.9777777777777777,0.9777777777777777
72,2,51,0.0,0.0,0.2549019607843137
72,3,54,0.0,0.0,0.5
72,4,49,0.0,0.0,0.7551020408163265
72,5,53,0.0,0.0,0.11320754716981132
72,6,52,0.0,0.0,0.17307692307692307
72,7,58,0.0,0.0,0.034482758620689655
72,8,62,0.0,0.0,0.12903225806451613
72,9,66,0.0,-0.16666666666666666,0.5303030303030303
72,10,71,0.0,0.0,0.11267605633802817
72,11,68,0.0,0.0,0.2647058823529412
72,12,54,0.0,0.0,0.42592592592592593
72,13,66,0.0,0.0,0.25757575757575757
72,14,60,0.0,0.0,0.15
72,15,54,0.0,-0.16666666666666666,0.4074074074074074
72,16,71,0.0,-0.8591549295774648,0.8591549295774648
72,17,60,0.0,0.0,0.36666666666666664
72,18,66,0.6515151515151515,-0.28787878787878796,0.28787878787878796
72,19,52,0.36538461538461536,0.2115384615384615,0.019230769230769273
72,20,92,0.21739130434782608,0.14130434782608695,0.06521739130434781
72,21,55,0.38181818181818183,0.27272727272727276,0.09090909090909088
72,22,57,0.3684210526315789,0.3684210526315789,0.17543859649122812
72,23,46,0.4782608695652174,0.4782608695652174,0.0
72,24,48,0.4166666666666667,0.4166666666666667,0.24999999999999994
72,25,81,0.5061728395061729,0.5061728395061729,0.18518518518518512
72,26,73,0.1506849315068493,0.1506849315068493,0.2602739726027397
73,0,51,0.0,-0.0392156862745098,0.5098039215686274
73,1,45,0.0,-0.9777777777777777,0.9777777777777777
73,2,51,0.0,0.0,0.2549019607843137
73,3,54,0.0,0.0,0.5
73,4,49,0.0,0.0,0.7551020408163265
73,5,53,0.0,0.0,0.11320754716981132
73,6,52,0.0,0.0,0.17307692307692307
73,7,58,0.0,0.0,0.034482758620689655
73,8,62,0.0,0.0,0.12903225806451613
73,9,66,0.0,-0.16666666666666666,0.5303030303030303
73,10,71,0.0,0.0,0.11267605633802817
73,11,68,0.0,0.0,0.2647058823529412
73,12,54,0.0,0.0,0.42592592592592593
73,13,66,0.0,0.0,0.25757575757575757
73,14,60,0.0,0.0,0.15
73,15,54,0.0,-0.16666666666666666,0.4074074074074074
73,16,71,0.0,-0.8591549295774648,0.8591549295774648
73,17,60,0.0,0.0,0.36666666666666664
73,18,66,0.7424242424242424,-0.19696969696969702,0.19696969696969702
73,19,52,0.34615384615384615,0.1923076923076923,0.03846153846153849
73,20,92,0.18478260869565216,0.10869565217391303,0.09782608695652173
73,21,55,0.2,0.09090909090909093,0.2727272727272727
73,22,57,0.5087719298245614,0.5087719298245614,0.03508771929824561
73,23,46,0.2608695652173913,0.2608695652173913,0.2173913043478261
73,24,48,0.3125,0.3125,0.35416666666666663
73,25,81,0.7160493827160493,0.7160493827160493,0.0
73,26,73,0.2191780821917808,0.2191780821917808,0.1917808219178082
74,0,51,0.0,-0.0392156862745098,0.5098039215686274
74,1,45,0.0,-0.9777777777777777,0.9777777777777777
74,2,51,0.0,0.0,0.2549019607843137
74,3,54,0.0,0.0,0.5
74,4,49,0.0,0.0,0.7551020408163265
74,5,53,0.0,0.0,0.11320754716981132
74,6,52,0.0,0.0,0.17307692307692307
74,7,58,0.0,0.0,0.034482758620689655
74,8,62,0.0,0.0,0.12903225806451613
74,9,66,0.0,-0.16666666666666666,0.5303030303030303
74,10,71,0.0,0.0,0.11267605633802817
74,11,68,0.0,0.0,0.2647058823529412
74,12,54,0.0,0.0,0.42592592592592593
74,13,66,0.0,0.0,0.25757575757575757
74,14,60,0.0,0.0,0.15
74,15,54,0.0,-0.16666666666666666,0.4074074074074074
74,16,71,0.0,-0.8591549295774648,0.8591549295774648
74,17,60,0.0,0.0,0.36666666666666664
74,18,66,0.696969696969697,-0.24242424242424243,0.24242424242424243
74,19,52,0.38461538461538464,0.23076923076923078,0.0
74,20,92,0.1956521739130435,0.11956521739130435,0.0869565217391304
74,21,55,0.41818181818181815,0.3090909090909091,0.054545454545454564
74,22,57,0.3508771929824561,0.3508771929824561,0.19298245614035092
74,23,46,0.4782608695652174,0.4782608695652174,0.0
74,24,48,0.375,0.375,0.29166666666666663
74,25,81,0.48148148148148145,0.48148148148148145,0.2345679012345679
74,26,73,0.2191780821917808,0.2191780821917808,0.1917808219178082
75,0,51,0.0,-0.0392156862745098,0.5098039215686274
75,1,45,0.0,-0.9777777777777777,0.9777777777777777
75,2,51,0.0,0.0,0.2549019607843137
75,3,54,0.0,0.0,0.5
75,4,49,0.0,0.0,0.7551020408163265
75,5,53,0.0,0.0,0.11320754716981132
75,6,52,0.0,0.0,0.17307692307692307
75,7,58,0.0,0.0,0.034482758620689655
75,8,62,0.0,0.0,0.12903225806451613
75,9,66,0.015151515151515152,-0.1515151515151515,0.5151515151515151
75,10,71,0.0,0.0,0.11267605633802817
75,11,68,0.0,0.0,0.2647058823529412
75,12,54,0.0,0.0,0.42592592592592593
75,13,66,0.0,0.0,0.25757575757575757
75,14,60,0.0,0.0,0.15
75,15,54,0.0,-0.16666666666666666,0.4074074074074074
75,16,71,0.0,-0.8591549295774648,0.8591549295774648
75,17,60,0.0,0.0,0.36666666666666664
75,18,66,0.7727272727272727,-0.16666666666666674,0.16666666666666674
75,19,52,0.3269230769230769,0.17307692307692307,0.05769230769230771
75,20,92,0.20652173913043478,0.13043478260869565,0.07608695652173911
75,21,55,0.23636363636363636,0.12727272727272726,0.23636363636363636
75,22,57,0.49122807017543857,0.49122807017543857,0.052631578947368474
75,23,46,0.2826086956521739,0.2826086956521739,0.19565217391304351
75,24,48,0.3333333333333333,0.3333333333333333,0.3333333333333333
75,25,81,0.654320987654321,0.654320987654321,0.061728395061728336
75,26,73,0.2054794520547945,0.2054794520547945,0.2054794520547945
76,0,51,0.0,-0.0392156862745098,0.5098039215686274
76,1,45,0.0,-0.9777777777777777,0.9777777777777777
76,2,51,0.0,0.0,0.2549019607843137
76,3,54,0.0,0.0,0.5
76,4,49,0.0,0.0,0.7551020408163265
76,5,53,0.0,0.0,0.11320754716981132
76,6,52,0.0,0.0,0.17307692307692307
76,7,58,0.0,0.0,0.034482758620689655
76,8,62,0.0,0.0,0.12903225806451613
76,9,66,0.0,-0.16666666666666666,0.5303030303030303
76,10,71,0.0,0.0,0.11267605633802817
76,11,68,0.0,0.0,0.2647058823529412
76,12,54,0.0,0.0,0.42592592592592593
76,13,66,0.0,0.0,0.25757575757575757
76,14,60,0.0,0.0,0.15
76,15,54,0.0,-0.16666666666666666,0.4074074074074074
76,16,71,0.0,-0.8591549295774648,0.8591549295774648
76,17,60,0.0,0.0,0.36666666666666664
76,18,66,0.7121212121212122,-0.2272727272727273,0.2272727272727273
76,19,52,0.3269230769230769,0.17307692307692307,0.05769230769230771
76,20,92,0.20652173913043478,0.13043478260869565,0.07608695652173911
76,21,55,0.3090909090909091,0.2,0.16363636363636364
76,22,57,0.543859649122807,0.543859649122807,0.0
76,23,46,0.43478260869565216,0.43478260869565216,0.043478260869565244
76,24,48,0.4166666666666667,0.4166666666666667,0.24999999999999994
76,25,81,0.5185185185185185,0.5185185185185185,0.19753086419753085
76,26,73,0.1232876712328767,0.1232876712328767,0.2876712328767123
77,0,51,0.0,-0.0392156862745098,0.5098039215686274
77,1,45,0.0,-0.9777777777777777,0.9777777777777777
77,2,51,0.0,0.0,0.2549019607843137
77,3,54,0.0,0.0,0.5
77,4,49,0.0,0.0,0.7551020408163265
77,5,53,0.0,0.0,0.11320754716981132
77,6,52,0.0,0.0,0.17307692307692307
77,7,58,0.0,0.0,0.034482758620689655
77,8,62,0.0,0.0,0.12903225806451613
77,9,66,0.015151515151515152,-0.1515151515151515,0.5151515151515151
77,10,71,0.0,0.0,0.11267605633802817
77,11,68,0.0,0.0,0.2647058823529412
77,12,54,0.0,0.0,0.42592592592592593
77,13,66,0.0,0.0,0.25757575757575757
77,14,60,0.0,0.0,0.15
77,15,54,0.0,-0.16666666666666666,0.4074074074074074
77,16,71,0.0,-0.8591549295774648,0.8591549295774648
77,17,60,0.0,0.0,0.36666666666666664
77,18,66,0.7878787878787878,-0.1515151515151516,0.1515151515151516
77,19,52,0.36538461538461536,0.2115384615384615,0.019230769230769273
77,20,92,0.1956521739130435,0.11956521739130435,0.0869565217391304
77,21,55,0.2545454545454545,0.14545454545454545,0.2181818181818182
77,22,57,0.5087719298245614,0.5087719298245614,0.03508771929824561
77,23,46,0.32608695652173914,0.32608695652173914,0.15217391304347827
77,24,48,0.25,0.25,0.41666666666666663
77,25,81,0.5679012345679012,0.5679012345679012,0.14814814814814814
77,26,73,0.2602739726027397,0.2602739726027397,0.1506849315068493
78,0,51,0.0,-0.0392156862745098,0.5098039215686274
78,1,45,0.0,-0.9777777777777777,0.9777777777777777
78,2,51,0.0,0.0,0.2549019607843137
78,3,54,0.0,0.0,0.5
78,4,49,0.0,0.0,0.7551020408163265
78,5,53,0.0,0.0,0.11320754716981132
78,6,52,0.0,0.0,0.17307692307692307
78,7,58,0.0,0.0,0.034482758620689655
78,8,62,0.0,0.0,0.12903225806451613
78,9,66,0.015151515151515152,-0.1515151515151515,0.5151515151515151
78,10,71,0.0,0.0,0.11267605633802817
78,11,68,0.0,0.0,0.2647058823529412
78,12,54,0.0,0.0,0.42592592592592593
78,13,66,0.0,0.0,0.25757575757575757
78,14,60,0.0,0.0,0.15
78,15,54,0.0,-0.16666666666666666,0.4074074074074074
78,16,71,0.0,-0.8591549295774648,0.8591549295774648
78,17,60,0.0,0.0,0.36666666666666664
78,18,66,0.7575757575757576,-0.18181818181818188,0.18181818181818188
78,19,52,0.34615384615384615,0.1923076923076923,0.03846153846153849
78,20,92,0.18478260869565216,0.10869565217391303,0.09782608695652173
78,21,55,0.2909090909090909,0.18181818181818182,0.18181818181818182
78,22,57,0.49122807017543857,0.49122807017543857,0.052631578947368474
78,23,46,0.34782608695652173,0.34782608695652173,0.13043478260869568
78,24,48,0.5208333333333334,0.5208333333333334,0.14583333333333326
78,25,81,0.5555555555555556,0.5555555555555556,0.16049382716049376
78,26,73,0.1232876712328767,0.1232876712328767,0.2876712328767123
79,0,51,0.0,-0.0392156862745098,0.5098039215686274
79,1,45,0.0,-0.9777777777777777,0.9777777777777777
79,2,51,0.0,0.0,0.2549019607843137
79,3,54,0.0,0.0,0.5
79,4,49,0.0,0.0,0.7551020408163265
79,5,53,0.0,0.0,0.11320754716981132
79,6,52,0.0,0.0,0.17307692307692307
79,7,58,0.0,0.0,0.034482758620689655
79,8,62,0.0,0.0,0.12903225806451613
79,9,66,0.0,-0.16666666666666666,0.5303030303030303
79,10,71,0.0,0.0,0.11267605633802817
79,11,68,0.0,0.0,0.2647058823529412
79,12,54,0.0,0.0,0.42592592592592593
79,13,66,0.0,0.0,0.25757575757575757
79,14,60,0.0,0.0,0.15
79,15,54,0.0,-0.16666666666666666,0.4074074074074074
79,16,71,0.0,-0.8591549295774648,0.8591549295774648
79,17,60,0.0,0.0,0.36666666666666664
79,18,66,0.7878787878787878,-0.1515151515151516,0.1515151515151516
79,19,52,0.2692307692307692,0.11538461538461536,0.11538461538461542
79,20,92,0.18478260869565216,0.10869565217391303,0.09782608695652173
79,21,55,0.21818181818181817,0.10909090909090909,0.2545454545454545
79,22,57,0.5614035087719298,0.5614035087719298,0.0
79,23,46,0.34782608695652173,0.34782608695652173,0.13043478260869568
79,24,48,0.25,0.25,0.41666666666666663
79,25,81,0.5432098765432098,0.5432098765432098,0.1728395061728395
79,26,73,0.2876712328767123,0.2876712328767123,0.1232876712328767
80,0,51,0.0,-0.0392156862745098,0.5098039215686274
80,1,45,0.0,-0.9777777777777777,0.9777777777777777
80,2,51,0.0,0.0,0.2549019607843137
80,3,54,0.0,0.0,0.5
80,4,49,0.0,0.0,0.7551020408163265
80,5,53,0.0,0.0,0.11320754716981132
80,6,52,0.0,0.0,0.17307692307692307
80,7,58,0.0,0.0,0.034482758620689655
80,8,62,0.0,0.0,0.12903225806451613
80,9,66,0.015151515151515152,-0.1515151515151515,0.5151515151515151
80,10,71,0.0,0.0,0.11267605633802817
80,11,68,0.0,0.0,0.2647058823529412
80,12,54,0.0,0.0,0.42592592592592593
80,13,66,0.0,0.0,0.25757575757575757
80,14,60,0.0,0.0,0.15
80,15,54,0.0,-0.16666666666666666,0.4074074074074074
80,16,71,0.0,-0.8591549295774648,0.8591549295774648
80,17,60,0.0,0.0,0.36666666666666664
80,18,66,0.696969696969697,-0.24242424242424243,0.24242424242424243
80,19,52,0.36538461538461536,0.2115384615384615,0.019230769230769273
80,20,92,0.1956521739130435,0.11956521739130435,0.0869565217391304
80,21,55,0.21818181818181817,0.10909090909090909,0.2545454545454545
80,22,57,0.43859649122807015,0.43859649122807015,0.12280701754385964
80,23,46,0.41304347826086957,0.41304347826086957,0.06521739130434784
80,24,48,0.5,0.5,0.16666666666666663
80,25,81,0.5802469135802469,0.5802469135802469,0.1358024691358024
80,26,73,0.1917808219178082,0.1917808219178082,0.2191780821917808
81,0,51,0.0,-0.0392156862745098,0.5098039215686274
81,1,45,0.0,-0.9777777777777777,0.9777777777777777
81,2,51,0.0,0.0,0.2549019607843137
81,3,54,0.0,0.0,0.5
81,4,49,0.0,0.0,0.7551020408163265
81,5,53,0.0,0.0,0.11320754716981132
81,6,52,0.0,0.0,0.17307692307692307
81,7,58,0.0,0.0,0.034482758620689655
81,8,62,0.0,0.0,0.12903225806451613
81,9,66,0.0,-0.16666666666666666,0.5303030303030303
81,10,71,0.0,0.0,0.11267605633802817
81,11,68,0.0,0.0,0.2647058823529412
81,12,54,0.0,0.0,0.42592592592592593
81,13,66,0.0,0.0,0.25757575757575757
81,14,60,0.0,0.0,0.15
81,15,54,0.0,-0.16666666666666666,0.4074074074074074
81,16,71,0.0,-0.8591549295774648,0.8591549295774648
81,17,60,0.0,0.0,0.36666666666666664
81,18,66,0.7727272727272727,-0.16666666666666674,0.16666666666666674
81,19,52,0.25,0.09615384615384615,0.13461538461538464
81,20,92,0.22826086956521738,0.15217391304347824,0.05434782608695651
81,21,55,0.18181818181818182,0.07272727272727274,0.2909090909090909
81,22,57,0.5614035087719298,0.5614035087719298,0.0
81,23,46,0.3695652173913043,0.3695652173913043,0.10869565217391308
81,24,48,0.3125,0.3125,0.35416666666666663
81,25,81,0.6172839506172839,0.6172839506172839,0.09876543209876543
81,26,73,0.2328767123287671,0.2328767123287671,0.1780821917808219
82,0,51,0.0,-0.0392156862745098,0.5098039215686274
82,1,45,0.0,-0.9777777777777777,0.9777777777777777
82,2,51,0.0,0.0,0.2549019607843137
82,3,54,0.0,0.0,0.5
82,4,49,0.0,0.0,0.7551020408163265
82,5,53,0.0,0.0,0.11320754716981132
82,6,52,0.0,0.0,0.17307692307692307
82,7,58,0.0,0.0,0.034482758620689655
82,8,62,0.0,0.0,0.12903225806451613
82,9,66,0.0,-0.16666666666666666,0.5303030303030303
82,10,71,0.0,0.0,0.11267605633802817
82,11,68,0.0,0.0,0.2647058823529412
82,12,54,0.0,0.0,0.42592592592592593
82,13,66,0.0,0.0,0.25757575757575757
82,14,60,0.0,0.0,0.15
82,15,54,0.0,-0.16666666666666666,0.4074074074074074
82,16,71,0.0,-0.8591549295774648,0.8591549295774648
82,17,60,0.0,0.0,0.36666666666666664
82,18,66,0.7121212121212122,-0.2272727272727273,0.2272727272727273
82,19,52,0.3269230769230769,0.17307692307692307,0.05769230769230771
82,20,92,0.20652173913043478,0.13043478260869565,0.07608695652173911
82,21,55,0.3090909090909091,0.2,0.16363636363636364
82,22,57,0.3333333333333333,0.3333333333333333,0.22807017543859648
82,23,46,0.32608695652173914,0.32608695652173914,0.15217391304347827
82,24,48,0.5,0.5,0.16666666666666663
82,25,81,0.4444444444444444,0.4444444444444444,0.2716049382716049
82,26,73,0.1506849315068493,0.1506849315068493,0.2602739726027397
83,0,51,0.0,-0.0392156862745098,0.5098039215686274
83,1,45,0.0,-0.9777777777777777,0.9777777777777777
83,2,51,0.0,0.0,0.2549019607843137
83,3,54,0.0,0.0,0.5
83,4,49,0.0,0.0,0.7551020408163265
83,5,53,0.0,0.0,0.11320754716981132
83,6,52,0.0,0.0,0.17307692307692307
83,7,58,0.0,0.0,0.034482758620689655
83,8,62,0.0,0.0,0.12903225806451613
83,9,66,0.0,-0.16666666666666666,0.5303030303030303
83,10,71,0.0,0.0,0.11267605633802817
83,11,68,0.0,0.0,0.2647058823529412
83,12,54,0.0,0.0,0.42592592592592593
83,13,66,0.0,0.0,0.25757575757575757
83,14,60,0.0,0.0,0.15
83,15,54,0.0,-0.16666666666666666,0.4074074074074074
83,16,71,0.0,-0.8591549295774648,0.8591549295774648
83,17,60,0.0,0.0,0.36666666666666664
83,18,66,0.6818181818181818,-0.2575757575757577,0.2575757575757577
83,19,52,0.3269230769230769,0.17307692307692307,0.05769230769230771
83,20,92,0.1956521739130435,0.11956521739130435,0.0869565217391304
83,21,55,0.16363636363636364,0.05454545454545455,0.3090909090909091
83,22,57,0.5263157894736842,0.5263157894736842,0.03508771929824561
83,23,46,0.34782608695652173,0.34782608695652173,0.13043478260869568
83,24,48,0.2916666666666667,0.2916666666666667,0.37499999999999994
83,25,81,0.5925925925925926,0.5925925925925926,0.12345679012345678
83,26,73,0.2328767123287671,0.2328767123287671,0.1780821917808219
84,0,51,0.0,-0.0392156862745098,0.5098039215686274
84,1,45,0.0,-0.9777777777777777,0.9777777777777777
84,2,51,0.0,0.0,0.2549019607843137
84,3,54,0.0,0.0,0.5
84,4,49,0.0,0.0,0.7551020408163265
84,5,53,0.0,0.0,0.11320754716981132
84,6,52,0.0,0.0,0.17307692307692307
84,7,58,0.0,0.0,0.034482758620689655
84,8,62,0.0,0.0,0.12903225806451613
84,9,66,0.0,-0.16666666666666666,0.5303030303030303
84,10,71,0.0,0.0,0.11267605633802817
84,11,68,0.0,0.0,0.2647058823529412
84,12,54,0.0,0.0,0.42592592592592593
84,13,66,0.0,0.0,0.25757575757575757
84,14,60,0.0,0.0,0.15
84,15,54,0.0,-0.16666666666666666,0.4074074074074074
84,16,71,0.0,-0.8591549295774648,0.8591549295774648
84,17,60,0.0,0.0,0.36666666666666664
84,18,66,0.8181818181818182,-0.12121212121212122,0.12121212121212122
84,19,52,0.28846153846153844,0.13461538461538458,0.0961538461538462
84,20,92,0.20652173913043478,0.13043478260869565,0.07608695652173911
84,21,55,0.23636363636363636,0.12727272727272726,0.23636363636363636
84,22,57,0.47368421052631576,0.47368421052631576,0.08771929824561403
84,23,46,0.32608695652173914,0.32608695652173914,0.15217391304347827
84,24,48,0.5,0.5,0.16666666666666663
84,25,81,0.6296296296296297,0.6296296296296297,0.08641975308641969
84,26,73,0.1643835616438356,0.1643835616438356,0.2465753424657534
85,0,51,0.0,-0.0392156862745098,0.5098039215686274
85,1,45,0.0,-0.9777777777777777,0.9777777777777777
85,2,51,0.0,0.0,0.2549019607843137
85,3,54,0.0,0.0,0.5
85,4,49,0.0,0.0,0.7551020408163265
85,5,53,0.0,0.0,0.11320754716981132
85,6,52,0.0,0.0,0.17307692307692307
85,7,58,0.0,0.0,0.034482758620689655
85,8,62,0.0,0.0,0.12903225806451613
85,9,66,0.0,-0.16666666666666666,0.5303030303030303
85,10,71,0.0,0.0,0.11267605633802817
85,11,68,0.0,0.0,0.2647058823529412
85,12,54,0.0,0.0,0.42592592592592593
85,13,66,0.0,0.0,0.25757575757575757
85,14,60,0.0,0.0,0.15
85,15,54,0.0,-0.16666666666666666,0.4074074074074074
85,16,71,0.0,-0.8591549295774648,0.8591549295774648
85,17,60,0.0,0.0,0.36666666666666664
85,18,66,0.696969696969697,-0.24242424242424243,0.24242424242424243
85,19,52,0.36538461538461536,0.2115384615384615,0.019230769230769273
85,20,92,0.22826086956521738,0.15217391304347824,0.05434782608695651
85,21,55,0.2,0.09090909090909093,0.2727272727272727
85,22,57,0.5614035087719298,0.5614035087719298,0.0
85,23,46,0.3695652173913043,0.3695652173913043,0.10869565217391308
85,24,48,0.3541666666666667,0.3541666666666667,0.31249999999999994
85,25,81,0.5679012345679012,0.5679012345679012,0.14814814814814814
85,26,73,0.2191780821917808,0.2191780821917808,0.1917808219178082
86,0,51,0.0,-0.0392156862745098,0.5098039215686274
86,1,45,0.0,-0.9777777777777777,0.9777777777777777
86,2,51,0.0,0.0,0.2549019607843137
86,3,54,0.0,0.0,0.5
86,4,49,0.0,0.0,0.7551020408163265
86,5,53,0.0,0.0,0.11320754716981132
86,6,52,0.0,0.0,0.17307692307692307
86,7,58,0.0,0.0,0.034482758620689655
86,8,62,0.0,0.0,0.12903225806451613
86,9,66,0.0,-0.16666666666666666,0.5303030303030303
86,10,71,0.0,0.0,0.11267605633802817
86,11,68,0.0,0.0,0.2647058823529412
86,12,54,0.0,0.0,0.42592592592592593
86,13,66,0.0,0.0,0.25757575757575757
86,14,60,0.0,0.0,0.15
86,15,54,0.0,-0.16666666666666666,0.4074074074074074
86,16,71,0.0,-0.8591549295774648,0.8591549295774648
86,17,60,0.0,0.0,0.36666666666666664
86,18,66,0.7424242424242424,-0.19696969696969702,0.19696969696969702
86,19,52,0.3269230769230769,0.17307692307692307,0.05769230769230771
86,20,92,0.2391304347826087,0.16304347826086957,0.04347826086956519
86,21,55,0.2,0.09090909090909093,0.2727272727272727
86,22,57,0.543859649122807,0.543859649122807,0.01754385964912275
86,23,46,0.41304347826086957,0.41304347826086957,0.06521739130434784
86,24,48,0.4791666666666667,0.4791666666666667,0.18749999999999994
86,25,81,0.5802469135802469,0.5802469135802469,0.1358024691358024
86,26,73,0.1232876712328767,0.1232876712328767,0.2876712328767123
87,0,51,0.0,-0.0392156862745098,0.5098039215686274
87,1,45,0.0,-0.9777777777777777,0.9777777777777777
87,2,51,0.0,0.0,0.2549019607843137
87,3,54,0.0,0.0,0.5
87,4,49,0.0,0.0,0.7551020408163265
87,5,53,0.0,0.0,0.11320754716981132
87,6,52,0.0,0.0,0.17307692307692307
87,7,58,0.0,0.0,0.034482758620689655
87,8,62,0.0,0.0,0.12903225806451613
87,9,66,0.0,-0.16666666666666666,0.5303030303030303
87,10,71,0.0,0.0,0.11267605633802817
87,11,68,0.0,0.0,0.2647058823529412
87,12,54,0.0,0.0,0.42592592592592593
87,13,66,0.0,0.0,0.25757575757575757
87,14,60,0.0,0.0,0.15
87,15,54,0.0,-0.16666666666666666,0.4074074074074074
87,16,71,0.0,-0.8591549295774648,0.8591549295774648
87,17,60,0.0,0.0,0.36666666666666664
87,18,66,0.7878787878787878,-0.1515151515151516,0.1515151515151516
87,19,52,0.3076923076923077,0.15384615384615385,0.07692307692307693
87,20,92,0.1956521739130435,0.11956521739130435,0.0869565217391304
87,21,55,0.21818181818181817,0.10909090909090909,0.2545454545454545
87,22,57,0.5087719298245614,0.5087719298245614,0.05263157894736836
87,23,46,0.34782608695652173,0.34782608695652173,0.13043478260869568
87,24,48,0.22916666666666666,0.22916666666666666,0.4375
87,25,81,0.5185185185185185,0.5185185185185185,0.19753086419753085
87,26,73,0.2191780821917808,0.2191780821917808,0.1917808219178082
88,0,51,0.0,-0.0392156862745098,0.5098039215686274
88,1,45,0.0,-0.9777777777777777,0.9777777777777777
88,2,51,0.0,0.0,0.2549019607843137
88,3,54,0.0,0.0,0.5
88,4,49,0.0,0.0,0.7551020408163265
88,5,53,0.0,0.0,0.11320754716981132
88,6,52,0.0,0.0,0.17307692307692307
88,7,58,0.0,0.0,0.034482758620689655
88,8,62,0.0,0.0,0.12903225806451613
88,9,66,0.0,-0.16666666666666666,0.5303030303030303
88,10,71,0.0,0.0,0.11267605633802817
88,11,68,0.0,0.0,0.2647058823529412
88,12,54,0.0,0.0,0.42592592592592593
88,13,66,0.0,0.0,0.25757575757575757
88,14,60,0.0,0.0,0.15
88,15,54,0.0,-0.16666666666666666,0.4074074074074074
88,16,71,0.0,-0.8591549295774648,0.8591549295774648
88,17,60,0.0,0.0,0.36666666666666664
88,18,66,0.696969696969697,-0.24242424242424243,0.24242424242424243
88,19,52,0.3269230769230769,0.17307692307692307,0.05769230769230771
88,20,92,0.20652173913043478,0.13043478260869565,0.07608695652173911
88,21,55,0.18181818181818182,0.07272727272727274,0.2909090909090909
88,22,57,0.5263157894736842,0.5263157894736842,0.03508771929824561
88,23,46,0.34782608695652173,0.34782608695652173,0.13043478260869568
88,24,48,0.4791666666666667,0.4791666666666667,0.18749999999999994
88,25,81,0.6666666666666666,0.6666666666666666,0.04938271604938271
88,26,73,0.1506849315068493,0.1506849315068493,0.2602739726027397
89,0,51,0.0,-0.0392156862745098,0.5098039215686274
89,1,45,0.0,-0.9777777777777777,0.9777777777777777
89,2,51,0.0,0.0,0.2549019607843137
89,3,54,0.0,0.0,0.5
89,4,49,0.0,0.0,0.7551020408163265
89,5,53,0.0,0.0,0.11320754716981132
89,6,52,0.0,0.0,0.17307692307692307
89,7,58,0.0,0.0,0.034482758620689655
89,8,62,0.0,0.0,0.12903225806451613
89,9,66,0.0,-0.16666666666666666,0.5303030303030303
89,10,71,0.0,0.0,0.11267605633802817
89,11,68,0.0,0.0,0.2647058823529412
89,12,54,0.0,0.0,0.42592592592592593
89,13,66,0.0,0.0,0.25757575757575757
89,14,60,0.0,0.0,0.15
89,15,54,0.0,-0.16666666666666666,0.4074074074074074
89,16,71,0.0,-0.8591549295774648,0.8591549295774648
89,17,60,0.0,0.0,0.36666666666666664
89,18,66,0.7727272727272727,-0.16666666666666674,0.16666666666666674
89,19,52,0.28846153846153844,0.13461538461538458,0.0961538461538462
89,20,92,0.2391304347826087,0.16304347826086957,0.04347826086956519
89,21,55,0.21818181818181817,0.10909090909090909,0.2545454545454545
89,22,57,0.5614035087719298,0.5614035087719298,0.0
89,23,46,0.32608695652173914,0.32608695652173914,0.15217391304347827
89,24,48,0.3333333333333333,0.3333333333333333,0.3333333333333333
89,25,81,0.5802469135802469,0.5802469135802469,0.1358024691358024
89,26,73,0.2876712328767123,0.2876712328767123,0.1232876712328767
90,0,51,0.0,-0.0392156862745098,0.5098039215686274
90,1,45,0.0,-0.9777777777777777,0.9777777777777777
90,2,51,0.0,0.0,0.2549019607843137
90,3,54,0.0,0.0,0.5
90,4,49,0.0,0.0,0.7551020408163265
90,5,53,0.0,0.0,0.11320754716981132
90,6,52,0.0,0.0,0.17307692307692307
90,7,58,0.0,0.0,0.034482758620689655
90,8,62,0.0,0.0,0.12903225806451613
90,9,66,0.0,-0.16666666666666666,0.5303030303030303
90,10,71,0.0,0.0,0.11267605633802817
90,11,68,0.0,0.0,0.2647058823529412
90,12,54,0.0,0.0,0.42592592592592593
90,13,66,0.0,0.0,0.25757575757575757
90,14,60,0.0,0.0,0.15
90,15,54,0.0,-0.16666666666666666,0.4074074074074074
90,16,71,0.0,-0.8591549295774648,0.8591549295774648
90,17,60,0.0,0.0,0.36666666666666664
90,18,66,0.7424242424242424,-0.19696969696969702,0.19696969696969702
90,19,52,0.3076923076923077,0.15384615384615385,0.07692307692307693
90,20,92,0.20652173913043478,0.13043478260869565,0.07608695652173911
90,21,55,0.2545454545454545,0.14545454545454545,0.2181818181818182
90,22,57,0.49122807017543857,0.49122807017543857,0.07017543859649122
90,23,46,0.391304347826087,0.391304347826087,0.08695652173913043
90,24,48,0.4791666666666667,0.4791666666666667,0.18749999999999994
90,25,81,0.691358024691358,0.691358024691358,0.024691358024691357
90,26,73,0.136986301369863,0.136986301369863,0.273972602739726
