round,class_id,n,acc,bwt,forgetting
1,0,51,0.6666666666666666,,
1,1,45,0.06666666666666667,,
1,2,51,0.0,,
1,3,54,0.0,,
1,4,49,0.0,,
1,5,53,0.0,,
1,6,52,0.038461538461538464,,
1,7,58,0.0,,
1,8,62,0.6612903225806451,,
2,0,51,0.5098039215686274,-0.1568627450980392,0.1568627450980392
2,1,45,0.1111111111111111,0.04444444444444444,0.0
2,2,51,0.058823529411764705,0.058823529411764705,0.0
2,3,54,0.018518518518518517,0.018518518518518517,0.0
2,4,49,0.061224489795918366,0.061224489795918366,0.0
2,5,53,0.32075471698113206,0.32075471698113206,0.0
2,6,52,0.0,-0.038461538461538464,0.038461538461538464
2,7,58,0.034482758620689655,0.034482758620689655,0.0
2,8,62,0.5967741935483871,-0.06451612903225801,0.06451612903225801
3,0,51,0.5490196078431373,-0.11764705882352933,0.11764705882352933
3,1,45,0.1111111111111111,0.04444444444444444,0.0
3,2,51,0.0,0.0,0.058823529411764705
3,3,54,0.0,0.0,0.018518518518518517
3,4,49,0.04081632653061224,0.04081632653061224,0.020408163265306124
3,5,53,0.24528301886792453,0.24528301886792453,0.07547169811320753
3,6,52,0.0,-0.038461538461538464,0.038461538461538464
3,7,58,0.0,0.0,0.034482758620689655
3,8,62,0.7580645161290323,0.09677419354838712,0.0
4,0,51,0.5098039215686274,-0.1568627450980392,0.1568627450980392
4,1,45,0.044444444444444446,-0.02222222222222222,0.06666666666666665
4,2,51,0.0,0.0,0.058823529411764705
4,3,54,0.0,0.0,0.018518518518518517
4,4,49,0.04081632653061224,0.04081632653061224,0.020408163265306124
4,5,53,0.2830188679245283,0.2830188679245283,0.037735849056603765
4,6,52,0.0,-0.038461538461538464,0.038461538461538464
4,7,58,0.0,0.0,0.034482758620689655
4,8,62,0.8387096774193549,0.17741935483870974,0.0
5,0,51,0.5098039215686274,-0.1568627450980392,0.1568627450980392
5,1,45,0.044444444444444446,-0.02222222222222222,0.06666666666666665
5,2,51,0.0392156862745098,0.0392156862745098,0.0196078431372549
5,3,54,0.0,0.0,0.018518518518518517
5,4,49,0.12244897959183673,0.12244897959183673,0.0
5,5,53,0.2641509433962264,0.2641509433962264,0.05660377358490565
5,6,52,0.038461538461538464,0.0,0.0
5,7,58,0.034482758620689655,0.034482758620689655,0.0
5,8,62,0.8387096774193549,0.17741935483870974,0.0
6,0,51,0.43137254901960786,-0.23529411764705876,0.23529411764705876
6,1,45,0.08888888888888889,0.022222222222222227,0.022222222222222213
6,2,51,0.13725490196078433,0.13725490196078433,0.0
6,3,54,0.018518518518518517,0.018518518518518517,0.0
6,4,49,0.20408163265306123,0.20408163265306123,0.0
6,5,53,0.3584905660377358,0.3584905660377358,0.0
6,6,52,0.057692307692307696,0.019230769230769232,0.0
6,7,58,0.08620689655172414,0.08620689655172414,0.0
6,8,62,0.7580645161290323,0.09677419354838712,0.08064516129032262
7,0,51,0.43137254901960786,-0.23529411764705876,0.23529411764705876
7,1,45,0.15555555555555556,0.08888888888888889,0.0
7,2,51,0.19607843137254902,0.19607843137254902,0.0
7,3,54,0.0,0.0,0.018518518518518517
7,4,49,0.22448979591836735,0.22448979591836735,0.0
7,5,53,0.37735849056603776,0.37735849056603776,0.0
7,6,52,0.057692307692307696,0.019230769230769232,0.0
7,7,58,0.13793103448275862,0.13793103448275862,0.0
7,8,62,0.6612903225806451,0.0,0.17741935483870974
8,0,51,0.43137254901960786,-0.23529411764705876,0.23529411764705876
8,1,45,0.17777777777777778,0.11111111111111112,0.0
8,2,51,0.21568627450980393,0.21568627450980393,0.0
8,3,54,0.018518518518518517,0.018518518518518517,0.0
8,4,49,0.2857142857142857,0.2857142857142857,0.0
8,5,53,0.33962264150943394,0.33962264150943394,0.03773584905660382
8,6,52,0.09615384615384616,0.057692307692307696,0.0
8,7,58,0.1206896551724138,0.1206896551724138,0.01724137931034482
8,8,62,0.5806451612903226,-0.08064516129032251,0.25806451612903225
9,0,51,0.37254901960784315,-0.2941176470588235,0.2941176470588235
9,1,45,0.15555555555555556,0.08888888888888889,0.022222222222222227
9,2,51,0.17647058823529413,0.17647058823529413,0.0392156862745098
9,3,54,0.0,0.0,0.018518518518518517
9,4,49,0.30612244897959184,0.30612244897959184,0.0
9,5,53,0.3584905660377358,0.3584905660377358,0.018867924528301938
9,6,52,0.057692307692307696,0.019230769230769232,0.038461538461538464
9,7,58,0.1724137931034483,0.1724137931034483,0.0
9,8,62,0.5645161290322581,-0.09677419354838701,0.27419354838709675
10,0,51,0.35294117647058826,-0.31372549019607837,0.31372549019607837
10,1,45,0.17777777777777778,0.11111111111111112,0.0
10,2,51,0.21568627450980393,0.21568627450980393,0.0
10,3,54,0.0,0.0,0.018518518518518517
10,4,49,0.24489795918367346,0.24489795918367346,0.06122448979591838
10,5,53,0.32075471698113206,0.32075471698113206,0.0566037735849057
10,6,52,0.07692307692307693,0.038461538461538464,0.019230769230769232
10,7,58,0.15517241379310345,0.15517241379310345,0.017241379310344834
10,8,62,0.5161290322580645,-0.14516129032258063,0.32258064516129037
11,0,51,0.0,-0.6666666666666666,0.6666666666666666
11,1,45,0.0,-0.06666666666666667,0.17777777777777778
11,2,51,0.0,0.0,0.21568627450980393
11,3,54,0.0,0.0,0.018518518518518517
11,4,49,0.0,0.0,0.30612244897959184
11,5,53,0.0,0.0,0.37735849056603776
11,6,52,0.0,-0.038461538461538464,0.09615384615384616
11,7,58,0.0,0.0,0.1724137931034483
11,8,62,0.0,-0.6612903225806451,0.8387096774193549
11,9,66,0.16666666666666666,,
11,10,71,0.0,,
11,11,68,0.0,,
11,12,54,0.1111111111111111,,
11,13,66,0.6060606060606061,,
11,14,60,0.0,,
11,15,54,0.018518518518518517,,
11,16,71,0.0,,
11,17,60,0.0,,
12,0,51,0.0,-0.6666666666666666,0.6666666666666666
12,1,45,0.0,-0.06666666666666667,0.17777777777777778
12,2,51,0.0196078431372549,0.0196078431372549,0.19607843137254904
12,3,54,0.0,0.0,0.018518518518518517
12,4,49,0.02040816326530612,0.02040816326530612,0.2857142857142857
12,5,53,0.1320754716981132,0.1320754716981132,0.24528301886792456
12,6,52,0.019230769230769232,-0.019230769230769232,0.07692307692307693
12,7,58,0.0,0.0,0.1724137931034483
12,8,62,0.0,-0.6612903225806451,0.8387096774193549
12,9,66,0.030303030303030304,-0.13636363636363635,0.13636363636363635
12,10,71,0.29577464788732394,0.29577464788732394,0.0
12,11,68,0.16176470588235295,0.16176470588235295,0.0
12,12,54,0.037037037037037035,-0.07407407407407407,0.07407407407407407
12,13,66,0.045454545454545456,-0.5606060606060607,0.5606060606060607
12,14,60,0.2833333333333333,0.2833333333333333,0.0
12,15,54,0.018518518518518517,0.0,0.0
12,16,71,0.2676056338028169,0.2676056338028169,0.0
12,17,60,0.15,0.15,0.0
13,0,51,0.0,-0.6666666666666666,0.6666666666666666
13,1,45,0.0,-0.06666666666666667,0.17777777777777778
13,2,51,0.0,0.0,0.21568627450980393
13,3,54,0.0,0.0,0.018518518518518517
13,4,49,0.0,0.0,0.30612244897959184
13,5,53,0.0,0.0,0.37735849056603776
13,6,52,0.0,-0.038461538461538464,0.09615384615384616
13,7,58,0.0,0.0,0.1724137931034483
13,8,62,0.0,-0.6612903225806451,0.8387096774193549
13,9,66,0.30303030303030304,0.13636363636363638,0.0
13,10,71,0.18309859154929578,0.18309859154929578,0.11267605633802816
13,11,68,0.029411764705882353,0.029411764705882353,0.1323529411764706
13,12,54,0.18518518518518517,0.07407407407407407,0.0
13,13,66,0.5151515151515151,-0.09090909090909094,0.09090909090909094
13,14,60,0.0,0.0,0.2833333333333333
13,15,54,0.5,0.4814814814814815,0.0
13,16,71,0.2676056338028169,0.2676056338028169,0.0
13,17,60,0.0,0.0,0.15
14,0,51,0.0,-0.6666666666666666,0.6666666666666666
14,1,45,0.0,-0.06666666666666667,0.17777777777777778
14,2,51,0.0,0.0,0.21568627450980393
14,3,54,0.0,0.0,0.018518518518518517
14,4,49,0.0,0.0,0.30612244897959184
14,5,53,0.03773584905660377,0.03773584905660377,0.339622641509434
14,6,52,0.0,-0.038461538461538464,0.09615384615384616
14,7,58,0.0,0.0,0.1724137931034483
14,8,62,0.0,-0.6612903225806451,0.8387096774193549
14,9,66,0.07575757575757576,-0.0909090909090909,0.2272727272727273
14,10,71,0.30985915492957744,0.30985915492957744,0.0
14,11,68,0.29411764705882354,0.29411764705882354,0.0
14,12,54,0.07407407407407407,-0.037037037037037035,0.1111111111111111
14,13,66,0.12121212121212122,-0.48484848484848486,0.48484848484848486
14,14,60,0.3,0.3,0.0
14,15,54,0.09259259259259259,0.07407407407407407,0.40740740740740744
14,16,71,0.18309859154929578,0.18309859154929578,0.0845070422535211
14,17,60,0.5333333333333333,0.5333333333333333,0.0
15,0,51,0.0,-0.6666666666666666,0.6666666666666666
15,1,45,0.0,-0.06666666666666667,0.17777777777777778
15,2,51,0.0,0.0,0.21568627450980393
15,3,54,0.0,0.0,0.018518518518518517
15,4,49,0.0,0.0,0.30612244897959184
15,5,53,0.0,0.0,0.37735849056603776
15,6,52,0.0,-0.038461538461538464,0.09615384615384616
15,7,58,0.0,0.0,0.1724137931034483
15,8,62,0.0,-0.6612903225806451,0.8387096774193549
15,9,66,0.36363636363636365,0.196969696969697,0.0
15,10,71,0.22535211267605634,0.22535211267605634,0.0845070422535211
15,11,68,0.1323529411764706,0.1323529411764706,0.16176470588235295
15,12,54,0.2222222222222222,0.1111111111111111,0.0
15,13,66,0.4393939393939394,-0.16666666666666669,0.16666666666666669
15,14,60,0.016666666666666666,0.016666666666666666,0.2833333333333333
15,15,54,0.5740740740740741,0.5555555555555556,0.0
15,16,71,0.28169014084507044,0.28169014084507044,0.0
15,17,60,0.16666666666666666,0.16666666666666666,0.3666666666666667
16,0,51,0.0,-0.6666666666666666,0.6666666666666666
16,1,45,0.0,-0.06666666666666667,0.17777777777777778
16,2,51,0.0,0.0,0.21568627450980393
16,3,54,0.0,0.0,0.018518518518518517
16,4,49,0.0,0.0,0.30612244897959184
16,5,53,0.018867924528301886,0.018867924528301886,0.3584905660377359
16,6,52,0.0,-0.038461538461538464,0.09615384615384616
16,7,58,0.0,0.0,0.1724137931034483
16,8,62,0.0,-0.6612903225806451,0.8387096774193549
16,9,66,0.13636363636363635,-0.030303030303030304,0.2272727272727273
16,10,71,0.2676056338028169,0.2676056338028169,0.04225352112676056
16,11,68,0.36764705882352944,0.36764705882352944,0.0
16,12,54,0.09259259259259259,-0.018518518518518517,0.12962962962962962
16,13,66,0.10606060606060606,-0.5,0.5
16,14,60,0.26666666666666666,0.26666666666666666,0.033333333333333326
16,15,54,0.2777777777777778,0.2592592592592593,0.2962962962962963
16,16,71,0.18309859154929578,0.18309859154929578,0.09859154929577466
16,17,60,0.5666666666666667,0.5666666666666667,0.0
17,0,51,0.0,-0.6666666666666666,0.6666666666666666
17,1,45,0.0,-0.06666666666666667,0.17777777777777778
17,2,51,0.0,0.0,0.21568627450980393
17,3,54,0.0,0.0,0.018518518518518517
17,4,49,0.0,0.0,0.30612244897959184
17,5,53,0.0,0.0,0.37735849056603776
17,6,52,0.0,-0.038461538461538464,0.09615384615384616
17,7,58,0.0,0.0,0.1724137931034483
17,8,62,0.0,-0.6612903225806451,0.8387096774193549
17,9,66,0.2878787878787879,0.12121212121212124,0.07575757575757575
17,10,71,0.1267605633802817,0.1267605633802817,0.18309859154929575
17,11,68,0.11764705882352941,0.11764705882352941,0.25
17,12,54,0.2777777777777778,0.16666666666666669,0.0
17,13,66,0.3333333333333333,-0.27272727272727276,0.27272727272727276
17,14,60,0.06666666666666667,0.06666666666666667,0.23333333333333334
17,15,54,0.5,0.4814814814814815,0.07407407407407407
17,16,71,0.352112676056338,0.352112676056338,0.0
17,17,60,0.2833333333333333,0.2833333333333333,0.2833333333333333
18,0,51,0.0,-0.6666666666666666,0.6666666666666666
18,1,45,0.0,-0.06666666666666667,0.17777777777777778
18,2,51,0.0,0.0,0.21568627450980393
18,3,54,0.0,0.0,0.018518518518518517
18,4,49,0.0,0.0,0.30612244897959184
18,5,53,0.0,0.0,0.37735849056603776
18,6,52,0.0,-0.038461538461538464,0.09615384615384616
18,7,58,0.0,0.0,0.1724137931034483
18,8,62,0.0,-0.6612903225806451,0.8387096774193549
18,9,66,0.15151515151515152,-0.015151515151515138,0.21212121212121213
18,10,71,0.2535211267605634,0.2535211267605634,0.056338028169014065
18,11,68,0.4264705882352941,0.4264705882352941,0.0
18,12,54,0.09259259259259259,-0.018518518518518517,0.1851851851851852
18,13,66,0.10606060606060606,-0.5,0.5
18,14,60,0.2833333333333333,0.2833333333333333,0.016666666666666663
18,15,54,0.2962962962962963,0.2777777777777778,0.2777777777777778
18,16,71,0.23943661971830985,0.23943661971830985,0.11267605633802816
18,17,60,0.5166666666666667,0.5166666666666667,0.04999999999999993
19,0,51,0.0,-0.6666666666666666,0.6666666666666666
19,1,45,0.0,-0.06666666666666667,0.17777777777777778
19,2,51,0.0,0.0,0.21568627450980393
19,3,54,0.0,0.0,0.018518518518518517
19,4,49,0.0,0.0,0.30612244897959184
19,5,53,0.0,0.0,0.37735849056603776
19,6,52,0.0,-0.038461538461538464,0.09615384615384616
19,7,58,0.0,0.0,0.1724137931034483
19,8,62,0.0,-0.6612903225806451,0.8387096774193549
19,9,66,0.30303030303030304,0.13636363636363638,0.06060606060606061
19,10,71,0.1267605633802817,0.1267605633802817,0.18309859154929575
19,11,68,0.17647058823529413,0.17647058823529413,0.24999999999999997
19,12,54,0.2777777777777778,0.16666666666666669,0.0
19,13,66,0.3181818181818182,-0.2878787878787879,0.2878787878787879
19,14,60,0.11666666666666667,0.11666666666666667,0.18333333333333332
19,15,54,0.5740740740740741,0.5555555555555556,0.0
19,16,71,0.36619718309859156,0.36619718309859156,0.0
19,17,60,0.3,0.3,0.26666666666666666
20,0,51,0.0,-0.6666666666666666,0.6666666666666666
20,1,45,0.0,-0.06666666666666667,0.17777777777777778
20,2,51,0.0,0.0,0.21568627450980393
20,3,54,0.0,0.0,0.018518518518518517
20,4,49,0.0,0.0,0.30612244897959184
20,5,53,0.018867924528301886,0.018867924528301886,0.3584905660377359
20,6,52,0.0,-0.038461538461538464,0.09615384615384616
20,7,58,0.0,0.0,0.1724137931034483
20,8,62,0.0,-0.6612903225806451,0.8387096774193549
20,9,66,0.13636363636363635,-0.030303030303030304,0.2272727272727273
20,10,71,0.2535211267605634,0.2535211267605634,0.056338028169014065
20,11,68,0.4264705882352941,0.4264705882352941,0.0
20,12,54,0.1111111111111111,0.0,0.16666666666666669
20,13,66,0.10606060606060606,-0.5,0.5
20,14,60,0.2833333333333333,0.2833333333333333,0.016666666666666663
20,15,54,0.3148148148148148,0.2962962962962963,0.25925925925925924
20,16,71,0.22535211267605634,0.22535211267605634,0.14084507042253522
20,17,60,0.5333333333333333,0.5333333333333333,0.033333333333333326
21,0,51,0.0,-0.6666666666666666,0.6666666666666666
21,1,45,0.0,-0.06666666666666667,0.17777777777777778
21,2,51,0.0,0.0,0.21568627450980393
21,3,54,0.0,0.0,0.018518518518518517
21,4,49,0.0,0.0,0.30612244897959184
21,5,53,0.0,0.0,0.37735849056603776
21,6,52,0.0,-0.038461538461538464,0.09615384615384616
21,7,58,0.0,0.0,0.1724137931034483
21,8,62,0.0,-0.6612903225806451,0.8387096774193549
21,9,66,0.0,-0.16666666666666666,0.36363636363636365
21,10,71,0.0,0.0,0.30985915492957744
21,11,68,0.0,0.0,0.4264705882352941
21,12,54,0.0,-0.1111111111111111,0.2777777777777778
21,13,66,0.0,-0.6060606060606061,0.6060606060606061
21,14,60,0.0,0.0,0.3
21,15,54,0.0,-0.018518518518518517,0.5740740740740741
21,16,71,0.0,0.0,0.36619718309859156
21,17,60,0.0,0.0,0.5666666666666667
21,18,66,0.0,,
21,19,52,0.0,,
21,20,92,0.9891304347826086,,
21,21,55,0.0,,
21,22,57,0.0,,
21,23,46,0.0,,
21,24,48,0.20833333333333334,,
21,25,81,0.0,,
21,26,73,0.0,,
22,0,51,0.0,-0.6666666666666666,0.6666666666666666
22,1,45,0.0,-0.06666666666666667,0.17777777777777778
22,2,51,0.0,0.0,0.21568627450980393
22,3,54,0.0,0.0,0.018518518518518517
22,4,49,0.0,0.0,0.30612244897959184
22,5,53,0.0,0.0,0.37735849056603776
22,6,52,0.0,-0.038461538461538464,0.09615384615384616
22,7,58,0.0,0.0,0.1724137931034483
22,8,62,0.0,-0.6612903225806451,0.8387096774193549
22,9,66,0.0,-0.16666666666666666,0.36363636363636365
22,10,71,0.0,0.0,0.30985915492957744
22,11,68,0.0,0.0,0.4264705882352941
22,12,54,0.0,-0.1111111111111111,0.2777777777777778
22,13,66,0.0,-0.6060606060606061,0.6060606060606061
22,14,60,0.0,0.0,0.3
22,15,54,0.0,-0.018518518518518517,0.5740740740740741
22,16,71,0.0,0.0,0.36619718309859156
22,17,60,0.0,0.0,0.5666666666666667
22,18,66,0.0,0.0,0.0
22,19,52,0.0,0.0,0.0
22,20,92,0.0,-0.9891304347826086,0.9891304347826086
22,21,55,0.0,0.0,0.0
22,22,57,0.0,0.0,0.0
22,23,46,0.21739130434782608,0.21739130434782608,0.0
22,24,48,0.0,-0.20833333333333334,0.20833333333333334
22,25,81,0.0,0.0,0.0
22,26,73,0.9041095890410958,0.9041095890410958,0.0
23,0,51,0.0,-0.6666666666666666,0.6666666666666666
23,1,45,0.0,-0.06666666666666667,0.17777777777777778
23,2,51,0.0,0.0,0.21568627450980393
23,3,54,0.0,0.0,0.018518518518518517
23,4,49,0.0,0.0,0.30612244897959184
23,5,53,0.0,0.0,0.37735849056603776
23,6,52,0.0,-0.038461538461538464,0.09615384615384616
23,7,58,0.0,0.0,0.1724137931034483
23,8,62,0.0,-0.6612903225806451,0.8387096774193549
23,9,66,0.0,-0.16666666666666666,0.36363636363636365
23,10,71,0.0,0.0,0.30985915492957744
23,11,68,0.0,0.0,0.4264705882352941
23,12,54,0.0,-0.1111111111111111,0.2777777777777778
23,13,66,0.0,-0.6060606060606061,0.6060606060606061
23,14,60,0.0,0.0,0.3
23,15,54,0.0,-0.018518518518518517,0.5740740740740741
23,16,71,0.0,0.0,0.36619718309859156
23,17,60,0.0,0.0,0.5666666666666667
23,18,66,0.0,0.0,0.0
23,19,52,0.0,0.0,0.0
23,20,92,0.45652173913043476,-0.5326086956521738,0.5326086956521738
23,21,55,0.0,0.0,0.0
23,22,57,0.3333333333333333,0.3333333333333333,0.0
23,23,46,0.1956521739130435,0.1956521739130435,0.021739130434782594
23,24,48,0.08333333333333333,-0.125,0.125
23,25,81,0.16049382716049382,0.16049382716049382,0.0
23,26,73,0.3835616438356164,0.3835616438356164,0.5205479452054794
24,0,51,0.0,-0.6666666666666666,0.6666666666666666
24,1,45,0.0,-0.06666666666666667,0.17777777777777778
24,2,51,0.0,0.0,0.21568627450980393
24,3,54,0.0,0.0,0.018518518518518517
24,4,49,0.0,0.0,0.30612244897959184
24,5,53,0.0,0.0,0.37735849056603776
24,6,52,0.0,-0.038461538461538464,0.09615384615384616
24,7,58,0.0,0.0,0.1724137931034483
24,8,62,0.0,-0.6612903225806451,0.8387096774193549
24,9,66,0.0,-0.16666666666666666,0.36363636363636365
24,10,71,0.0,0.0,0.30985915492957744
24,11,68,0.0,0.0,0.4264705882352941
24,12,54,0.0,-0.1111111111111111,0.2777777777777778
24,13,66,0.0,-0.6060606060606061,0.6060606060606061
24,14,60,0.0,0.0,0.3
24,15,54,0.0,-0.018518518518518517,0.5740740740740741
24,16,71,0.0,0.0,0.36619718309859156
24,17,60,0.0,0.0,0.5666666666666667
24,18,66,0.030303030303030304,0.030303030303030304,0.0
24,19,52,0.038461538461538464,0.038461538461538464,0.0
24,20,92,0.5108695652173914,-0.4782608695652173,0.4782608695652173
24,21,55,0.0,0.0,0.0
24,22,57,0.38596491228070173,0.38596491228070173,0.0
24,23,46,0.021739130434782608,0.021739130434782608,0.19565217391304346
24,24,48,0.0,-0.20833333333333334,0.20833333333333334
24,25,81,0.0,0.0,0.16049382716049382
24,26,73,0.6301369863013698,0.6301369863013698,0.273972602739726
25,0,51,0.0,-0.6666666666666666,0.6666666666666666
25,1,45,0.0,-0.06666666666666667,0.17777777777777778
25,2,51,0.0,0.0,0.21568627450980393
25,3,54,0.0,0.0,0.018518518518518517
25,4,49,0.0,0.0,0.30612244897959184
25,5,53,0.0,0.0,0.37735849056603776
25,6,52,0.0,-0.038461538461538464,0.09615384615384616
25,7,58,0.0,0.0,0.1724137931034483
25,8,62,0.0,-0.6612903225806451,0.8387096774193549
25,9,66,0.0,-0.16666666666666666,0.36363636363636365
25,10,71,0.0,0.0,0.30985915492957744
25,11,68,0.0,0.0,0.4264705882352941
25,12,54,0.0,-0.1111111111111111,0.2777777777777778
25,13,66,0.0,-0.6060606060606061,0.6060606060606061
25,14,60,0.0,0.0,0.3
25,15,54,0.0,-0.018518518518518517,0.5740740740740741
25,16,71,0.0,0.0,0.36619718309859156
25,17,60,0.0,0.0,0.5666666666666667
25,18,66,0.16666666666666666,0.16666666666666666,0.0
25,19,52,0.057692307692307696,0.057692307692307696,0.0
25,20,92,0.3804347826086957,-0.608695652173913,0.608695652173913
25,21,55,0.0,0.0,0.0
25,22,57,0.2982456140350877,0.2982456140350877,0.08771929824561403
25,23,46,0.08695652173913043,0.08695652173913043,0.13043478260869565
25,24,48,0.08333333333333333,-0.125,0.125
25,25,81,0.2962962962962963,0.2962962962962963,0.0
25,26,73,0.4794520547945205,0.4794520547945205,0.4246575342465753
26,0,51,0.0,-0.6666666666666666,0.6666666666666666
26,1,45,0.0,-0.06666666666666667,0.17777777777777778
26,2,51,0.0,0.0,0.21568627450980393
26,3,54,0.0,0.0,0.018518518518518517
26,4,49,0.0,0.0,0.30612244897959184
26,5,53,0.0,0.0,0.37735849056603776
26,6,52,0.0,-0.038461538461538464,0.09615384615384616
26,7,58,0.0,0.0,0.1724137931034483
26,8,62,0.0,-0.6612903225806451,0.8387096774193549
26,9,66,0.0,-0.16666666666666666,0.36363636363636365
26,10,71,0.0,0.0,0.30985915492957744
26,11,68,0.0,0.0,0.4264705882352941
26,12,54,0.0,-0.1111111111111111,0.2777777777777778
26,13,66,0.0,-0.6060606060606061,0.6060606060606061
26,14,60,0.0,0.0,0.3
26,15,54,0.0,-0.018518518518518517,0.5740740740740741
26,16,71,0.0,0.0,0.36619718309859156
26,17,60,0.0,0.0,0.5666666666666667
26,18,66,0.5,0.5,0.0
26,19,52,0.1346153846153846,0.1346153846153846,0.0
26,20,92,0.45652173913043476,-0.5326086956521738,0.5326086956521738
26,21,55,0.0,0.0,0.0
26,22,57,0.2631578947368421,0.2631578947368421,0.12280701754385964
26,23,46,0.1956521739130435,0.1956521739130435,0.021739130434782594
26,24,48,0.0,-0.20833333333333334,0.20833333333333334
26,25,81,0.024691358024691357,0.024691358024691357,0.2716049382716049
26,26,73,0.7671232876712328,0.7671232876712328,0.136986301369863
27,0,51,0.0,-0.6666666666666666,0.6666666666666666
27,1,45,0.0,-0.06666666666666667,0.17777777777777778
27,2,51,0.0,0.0,0.21568627450980393
27,3,54,0.0,0.0,0.018518518518518517
27,4,49,0.0,0.0,0.30612244897959184
27,5,53,0.0,0.0,0.37735849056603776
27,6,52,0.0,-0.038461538461538464,0.09615384615384616
27,7,58,0.0,0.0,0.1724137931034483
27,8,62,0.0,-0.6612903225806451,0.8387096774193549
27,9,66,0.0,-0.16666666666666666,0.36363636363636365
27,10,71,0.0,0.0,0.30985915492957744
27,11,68,0.0,0.0,0.4264705882352941
27,12,54,0.0,-0.1111111111111111,0.2777777777777778
27,13,66,0.0,-0.6060606060606061,0.6060606060606061
27,14,60,0.0,0.0,0.3
27,15,54,0.0,-0.018518518518518517,0.5740740740740741
27,16,71,0.0,0.0,0.36619718309859156
27,17,60,0.0,0.0,0.5666666666666667
27,18,66,0.5909090909090909,0.5909090909090909,0.0
27,19,52,0.09615384615384616,0.09615384615384616,0.03846153846153845
27,20,92,0.2608695652173913,-0.7282608695652173,0.7282608695652173
27,21,55,0.01818181818181818,0.01818181818181818,0.0
27,22,57,0.2982456140350877,0.2982456140350877,0.08771929824561403
27,23,46,0.10869565217391304,0.10869565217391304,0.10869565217391304
27,24,48,0.125,-0.08333333333333334,0.08333333333333334
27,25,81,0.2962962962962963,0.2962962962962963,0.0
27,26,73,0.6712328767123288,0.6712328767123288,0.23287671232876705
28,0,51,0.0,-0.6666666666666666,0.6666666666666666
28,1,45,0.0,-0.06666666666666667,0.17777777777777778
28,2,51,0.0,0.0,0.21568627450980393
28,3,54,0.0,0.0,0.018518518518518517
28,4,49,0.0,0.0,0.30612244897959184
28,5,53,0.0,0.0,0.37735849056603776
28,6,52,0.0,-0.038461538461538464,0.09615384615384616
28,7,58,0.0,0.0,0.1724137931034483
28,8,62,0.0,-0.6612903225806451,0.8387096774193549
28,9,66,0.0,-0.16666666666666666,0.36363636363636365
28,10,71,0.0,0.0,0.30985915492957744
28,11,68,0.0,0.0,0.4264705882352941
28,12,54,0.0,-0.1111111111111111,0.2777777777777778
28,13,66,0.0,-0.6060606060606061,0.6060606060606061
28,14,60,0.0,0.0,0.3
28,15,54,0.0,-0.018518518518518517,0.5740740740740741
28,16,71,0.0,0.0,0.36619718309859156
28,17,60,0.0,0.0,0.5666666666666667
28,18,66,0.12121212121212122,0.12121212121212122,0.4696969696969697
28,19,52,0.4807692307692308,0.4807692307692308,0.0
28,20,92,0.18478260869565216,-0.8043478260869565,0.8043478260869565
28,21,55,0.0,0.0,0.01818181818181818
28,22,57,0.5614035087719298,0.5614035087719298,0.0
28,23,46,0.17391304347826086,0.17391304347826086,0.043478260869565216
28,24,48,0.0625,-0.14583333333333334,0.14583333333333334
28,25,81,0.04938271604938271,0.04938271604938271,0.24691358024691357
28,26,73,0.7123287671232876,0.7123287671232876,0.1917808219178082
29,0,51,0.0,-0.6666666666666666,0.6666666666666666
29,1,45,0.0,-0.06666666666666667,0.17777777777777778
29,2,51,0.0,0.0,0.21568627450980393
29,3,54,0.0,0.0,0.018518518518518517
29,4,49,0.0,0.0,0.30612244897959184
29,5,53,0.0,0.0,0.37735849056603776
29,6,52,0.0,-0.038461538461538464,0.09615384615384616
29,7,58,0.0,0.0,0.1724137931034483
29,8,62,0.0,-0.6612903225806451,0.8387096774193549
29,9,66,0.0,-0.16666666666666666,0.36363636363636365
29,10,71,0.0,0.0,0.30985915492957744
29,11,68,0.0,0.0,0.4264705882352941
29,12,54,0.0,-0.1111111111111111,0.2777777777777778
29,13,66,0.0,-0.6060606060606061,0.6060606060606061
29,14,60,0.0,0.0,0.3
29,15,54,0.0,-0.018518518518518517,0.5740740740740741
29,16,71,0.0,0.0,0.36619718309859156
29,17,60,0.0,0.0,0.5666666666666667
29,18,66,0.16666666666666666,0.16666666666666666,0.4242424242424243
29,19,52,0.4807692307692308,0.4807692307692308,0.0
29,20,92,0.06521739130434782,-0.9239130434782609,0.9239130434782609
29,21,55,0.5454545454545454,0.5454545454545454,0.0
29,22,57,0.2982456140350877,0.2982456140350877,0.2631578947368421
29,23,46,0.2391304347826087,0.2391304347826087,0.0
29,24,48,0.125,-0.08333333333333334,0.08333333333333334
29,25,81,0.1728395061728395,0.1728395061728395,0.12345679012345678
29,26,73,0.6438356164383562,0.6438356164383562,0.26027397260273966
30,0,51,0.0,-0.6666666666666666,0.6666666666666666
30,1,45,0.0,-0.06666666666666667,0.17777777777777778
30,2,51,0.0,0.0,0.21568627450980393
30,3,54,0.0,0.0,0.018518518518518517
30,4,49,0.0,0.0,0.30612244897959184
30,5,53,0.0,0.0,0.37735849056603776
30,6,52,0.0,-0.038461538461538464,0.09615384615384616
30,7,58,0.0,0.0,0.1724137931034483
30,8,62,0.0,-0.6612903225806451,0.8387096774193549
30,9,66,0.0,-0.16666666666666666,0.36363636363636365
30,10,71,0.0,0.0,0.30985915492957744
30,11,68,0.0,0.0,0.4264705882352941
30,12,54,0.0,-0.1111111111111111,0.2777777777777778
30,13,66,0.0,-0.6060606060606061,0.6060606060606061
30,14,60,0.0,0.0,0.3
30,15,54,0.0,-0.018518518518518517,0.5740740740740741
30,16,71,0.0,0.0,0.36619718309859156
30,17,60,0.0,0.0,0.5666666666666667
30,18,66,0.15151515151515152,0.15151515151515152,0.43939393939393945
30,19,52,0.28846153846153844,0.28846153846153844,0.19230769230769235
30,20,92,0.20652173913043478,-0.7826086956521738,0.7826086956521738
30,21,55,0.3090909090909091,0.3090909090909091,0.23636363636363633
30,22,57,0.7719298245614035,0.7719298245614035,0.0
30,23,46,0.21739130434782608,0.21739130434782608,0.021739130434782622
30,24,48,0.125,-0.08333333333333334,0.08333333333333334
30,25,81,0.12345679012345678,0.12345679012345678,0.1728395061728395
30,26,73,0.6575342465753424,0.6575342465753424,0.2465753424657534
31,0,51,0.0,-0.6666666666666666,0.6666666666666666
31,1,45,0.0,-0.06666666666666667,0.17777777777777778
31,2,51,0.0,0.0,0.21568627450980393
31,3,54,0.0,0.0,0.018518518518518517
31,4,49,0.0,0.0,0.30612244897959184
31,5,53,0.0,0.0,0.37735849056603776
31,6,52,0.0,-0.038461538461538464,0.09615384615384616
31,7,58,0.0,0.0,0.1724137931034483
31,8,62,0.0,-0.6612903225806451,0.8387096774193549
31,9,66,0.0,-0.16666666666666666,0.36363636363636365
31,10,71,0.0,0.0,0.30985915492957744
31,11,68,0.0,0.0,0.4264705882352941
31,12,54,0.0,-0.1111111111111111,0.2777777777777778
31,13,66,0.0,-0.6060606060606061,0.6060606060606061
31,14,60,0.0,0.0,0.3
31,15,54,0.0,-0.018518518518518517,0.5740740740740741
31,16,71,0.0,0.0,0.36619718309859156
31,17,60,0.0,0.0,0.5666666666666667
31,18,66,0.06060606060606061,0.06060606060606061,0.5303030303030303
31,19,52,0.5576923076923077,0.5576923076923077,0.0
31,20,92,0.17391304347826086,-0.8152173913043478,0.8152173913043478
31,21,55,0.41818181818181815,0.41818181818181815,0.12727272727272726
31,22,57,0.43859649122807015,0.43859649122807015,0.3333333333333333
31,23,46,0.41304347826086957,0.41304347826086957,0.0
31,24,48,0.10416666666666667,-0.10416666666666667,0.10416666666666667
31,25,81,0.07407407407407407,0.07407407407407407,0.2222222222222222
31,26,73,0.5342465753424658,0.5342465753424658,0.36986301369863006
32,0,51,0.0,-0.6666666666666666,0.6666666666666666
32,1,45,0.0,-0.06666666666666667,0.17777777777777778
32,2,51,0.0,0.0,0.21568627450980393
32,3,54,0.0,0.0,0.018518518518518517
32,4,49,0.0,0.0,0.30612244897959184
32,5,53,0.0,0.0,0.37735849056603776
32,6,52,0.0,-0.038461538461538464,0.09615384615384616
32,7,58,0.0,0.0,0.1724137931034483
32,8,62,0.0,-0.6612903225806451,0.8387096774193549
32,9,66,0.0,-0.16666666666666666,0.36363636363636365
32,10,71,0.0,0.0,0.30985915492957744
32,11,68,0.0,0.0,0.4264705882352941
32,12,54,0.0,-0.1111111111111111,0.2777777777777778
32,13,66,0.0,-0.6060606060606061,0.6060606060606061
32,14,60,0.0,0.0,0.3
32,15,54,0.0,-0.018518518518518517,0.5740740740740741
32,16,71,0.0,0.0,0.36619718309859156
32,17,60,0.0,0.0,0.5666666666666667
32,18,66,0.030303030303030304,0.030303030303030304,0.5606060606060607
32,19,52,0.5192307692307693,0.5192307692307693,0.038461538461538436
32,20,92,0.1956521739130435,-0.7934782608695652,0.7934782608695652
32,21,55,0.4727272727272727,0.4727272727272727,0.0727272727272727
32,22,57,0.3157894736842105,0.3157894736842105,0.45614035087719296
32,23,46,0.15217391304347827,0.15217391304347827,0.2608695652173913
32,24,48,0.14583333333333334,-0.0625,0.0625
32,25,81,0.2962962962962963,0.2962962962962963,0.0
32,26,73,0.726027397260274,0.726027397260274,0.17808219178082185
33,0,51,0.0,-0.6666666666666666,0.6666666666666666
33,1,45,0.0,-0.06666666666666667,0.17777777777777778
33,2,51,0.0,0.0,0.21568627450980393
33,3,54,0.0,0.0,0.018518518518518517
33,4,49,0.0,0.0,0.30612244897959184
33,5,53,0.0,0.0,0.37735849056603776
33,6,52,0.0,-0.038461538461538464,0.09615384615384616
33,7,58,0.0,0.0,0.1724137931034483
33,8,62,0.0,-0.6612903225806451,0.8387096774193549
33,9,66,0.0,-0.16666666666666666,0.36363636363636365
33,10,71,0.0,0.0,0.30985915492957744
33,11,68,0.0,0.0,0.4264705882352941
33,12,54,0.0,-0.1111111111111111,0.2777777777777778
33,13,66,0.0,-0.6060606060606061,0.6060606060606061
33,14,60,0.0,0.0,0.3
33,15,54,0.0,-0.018518518518518517,0.5740740740740741
33,16,71,0.0,0.0,0.36619718309859156
33,17,60,0.0,0.0,0.5666666666666667
33,18,66,0.07575757575757576,0.07575757575757576,0.5151515151515151
33,19,52,0.40384615384615385,0.40384615384615385,0.15384615384615385
33,20,92,0.33695652173913043,-0.6521739130434783,0.6521739130434783
33,21,55,0.38181818181818183,0.38181818181818183,0.16363636363636358
33,22,57,0.5614035087719298,0.5614035087719298,0.21052631578947367
33,23,46,0.34782608695652173,0.34782608695652173,0.06521739130434784
33,24,48,0.10416666666666667,-0.10416666666666667,0.10416666666666667
33,25,81,0.12345679012345678,0.12345679012345678,0.1728395061728395
33,26,73,0.6027397260273972,0.6027397260273972,0.3013698630136986
34,0,51,0.0,-0.6666666666666666,0.6666666666666666
34,1,45,0.0,-0.06666666666666667,0.17777777777777778
34,2,51,0.0,0.0,0.21568627450980393
34,3,54,0.0,0.0,0.018518518518518517
34,4,49,0.0,0.0,0.30612244897959184
34,5,53,0.0,0.0,0.37735849056603776
34,6,52,0.0,-0.038461538461538464,0.09615384615384616
34,7,58,0.0,0.0,0.1724137931034483
34,8,62,0.0,-0.6612903225806451,0.8387096774193549
34,9,66,0.0,-0.16666666666666666,0.36363636363636365
34,10,71,0.0,0.0,0.30985915492957744
34,11,68,0.0,0.0,0.4264705882352941
34,12,54,0.0,-0.1111111111111111,0.2777777777777778
34,13,66,0.0,-0.6060606060606061,0.6060606060606061
34,14,60,0.0,0.0,0.3
34,15,54,0.0,-0.018518518518518517,0.5740740740740741
34,16,71,0.0,0.0,0.36619718309859156
34,17,60,0.0,0.0,0.5666666666666667
34,18,66,0.15151515151515152,0.15151515151515152,0.43939393939393945
34,19,52,0.4807692307692308,0.4807692307692308,0.07692307692307693
34,20,92,0.20652173913043478,-0.7826086956521738,0.7826086956521738
34,21,55,0.509090909090909,0.509090909090909,0.036363636363636376
34,22,57,0.43859649122807015,0.43859649122807015,0.3333333333333333
34,23,46,0.32608695652173914,0.32608695652173914,0.08695652173913043
34,24,48,0.14583333333333334,-0.0625,0.0625
34,25,81,0.2962962962962963,0.2962962962962963,0.0
34,26,73,0.5753424657534246,0.5753424657534246,0.3287671232876712
35,0,51,0.0,-0.6666666666666666,0.6666666666666666
35,1,45,0.0,-0.06666666666666667,0.17777777777777778
35,2,51,0.0,0.0,0.21568627450980393
35,3,54,0.0,0.0,0.018518518518518517
35,4,49,0.0,0.0,0.30612244897959184
35,5,53,0.0,0.0,0.37735849056603776
35,6,52,0.0,-0.038461538461538464,0.09615384615384616
35,7,58,0.0,0.0,0.1724137931034483
35,8,62,0.0,-0.6612903225806451,0.8387096774193549
35,9,66,0.0,-0.16666666666666666,0.36363636363636365
35,10,71,0.0,0.0,0.30985915492957744
35,11,68,0.0,0.0,0.4264705882352941
35,12,54,0.0,-0.1111111111111111,0.2777777777777778
35,13,66,0.0,-0.6060606060606061,0.6060606060606061
35,14,60,0.0,0.0,0.3
35,15,54,0.0,-0.018518518518518517,0.5740740740740741
35,16,71,0.0,0.0,0.36619718309859156
35,17,60,0.0,0.0,0.5666666666666667
35,18,66,0.015151515151515152,0.015151515151515152,0.5757575757575758
35,19,52,0.34615384615384615,0.34615384615384615,0.21153846153846156
35,20,92,0.4891304347826087,-0.49999999999999994,0.49999999999999994
35,21,55,0.2727272727272727,0.2727272727272727,0.2727272727272727
35,22,57,0.631578947368421,0.631578947368421,0.14035087719298245
35,23,46,0.34782608695652173,0.34782608695652173,0.06521739130434784
35,24,48,0.10416666666666667,-0.10416666666666667,0.10416666666666667
35,25,81,0.18518518518518517,0.18518518518518517,0.1111111111111111
35,26,73,0.6027397260273972,0.6027397260273972,0.3013698630136986
36,0,51,0.0,-0.6666666666666666,0.6666666666666666
36,1,45,0.0,-0.06666666666666667,0.17777777777777778
36,2,51,0.0,0.0,0.21568627450980393
36,3,54,0.0,0.0,0.018518518518518517
36,4,49,0.0,0.0,0.30612244897959184
36,5,53,0.0,0.0,0.37735849056603776
36,6,52,0.0,-0.038461538461538464,0.09615384615384616
36,7,58,0.0,0.0,0.1724137931034483
36,8,62,0.0,-0.6612903225806451,0.8387096774193549
36,9,66,0.0,-0.16666666666666666,0.36363636363636365
36,10,71,0.0,0.0,0.30985915492957744
36,11,68,0.0,0.0,0.4264705882352941
36,12,54,0.0,-0.1111111111111111,0.2777777777777778
36,13,66,0.0,-0.6060606060606061,0.6060606060606061
36,14,60,0.0,0.0,0.3
36,15,54,0.0,-0.018518518518518517,0.5740740740740741
36,16,71,0.0,0.0,0.36619718309859156
36,17,60,0.0,0.0,0.5666666666666667
36,18,66,0.19696969696969696,0.19696969696969696,0.393939393939394
36,19,52,0.23076923076923078,0.23076923076923078,0.3269230769230769
36,20,92,0.43478260869565216,-0.5543478260869565,0.5543478260869565
36,21,55,0.38181818181818183,0.38181818181818183,0.16363636363636358
36,22,57,0.6140350877192983,0.6140350877192983,0.1578947368421052
36,23,46,0.30434782608695654,0.30434782608695654,0.10869565217391303
36,24,48,0.20833333333333334,0.0,0.0
36,25,81,0.30864197530864196,0.30864197530864196,0.0
36,26,73,0.726027397260274,0.726027397260274,0.17808219178082185
37,0,51,0.0,-0.6666666666666666,0.6666666666666666
37,1,45,0.0,-0.06666666666666667,0.17777777777777778
37,2,51,0.0,0.0,0.21568627450980393
37,3,54,0.0,0.0,0.018518518518518517
37,4,49,0.0,0.0,0.30612244897959184
37,5,53,0.0,0.0,0.37735849056603776
37,6,52,0.0,-0.038461538461538464,0.09615384615384616
37,7,58,0.0,0.0,0.1724137931034483
37,8,62,0.0,-0.6612903225806451,0.8387096774193549
37,9,66,0.0,-0.16666666666666666,0.36363636363636365
37,10,71,0.0,0.0,0.30985915492957744
37,11,68,0.0,0.0,0.4264705882352941
37,12,54,0.0,-0.1111111111111111,0.2777777777777778
37,13,66,0.0,-0.6060606060606061,0.6060606060606061
37,14,60,0.0,0.0,0.3
37,15,54,0.0,-0.018518518518518517,0.5740740740740741
37,16,71,0.0,0.0,0.36619718309859156
37,17,60,0.0,0.0,0.5666666666666667
37,18,66,0.12121212121212122,0.12121212121212122,0.4696969696969697
37,19,52,0.5769230769230769,0.5769230769230769,0.0
37,20,92,0.17391304347826086,-0.8152173913043478,0.8152173913043478
37,21,55,0.4909090909090909,0.4909090909090909,0.05454545454545451
37,22,57,0.2631578947368421,0.2631578947368421,0.5087719298245614
37,23,46,0.5434782608695652,0.5434782608695652,0.0
37,24,48,0.3125,0.10416666666666666,0.0
37,25,81,0.16049382716049382,0.16049382716049382,0.14814814814814814
37,26,73,0.5342465753424658,0.5342465753424658,0.36986301369863006
38,0,51,0.0,-0.6666666666666666,0.6666666666666666
38,1,45,0.0,-0.06666666666666667,0.17777777777777778
38,2,51,0.0,0.0,0.21568627450980393
38,3,54,0.0,0.0,0.018518518518518517
38,4,49,0.0,0.0,0.30612244897959184
38,5,53,0.0,0.0,0.37735849056603776
38,6,52,0.0,-0.038461538461538464,0.09615384615384616
38,7,58,0.0,0.0,0.1724137931034483
38,8,62,0.0,-0.6612903225806451,0.8387096774193549
38,9,66,0.0,-0.16666666666666666,0.36363636363636365
38,10,71,0.0,0.0,0.30985915492957744
38,11,68,0.0,0.0,0.4264705882352941
38,12,54,0.0,-0.1111111111111111,0.2777777777777778
38,13,66,0.0,-0.6060606060606061,0.6060606060606061
38,14,60,0.0,0.0,0.3
38,15,54,0.0,-0.018518518518518517,0.5740740740740741
38,16,71,0.0,0.0,0.36619718309859156
38,17,60,0.0,0.0,0.5666666666666667
38,18,66,0.3484848484848485,0.3484848484848485,0.24242424242424243
38,19,52,0.3076923076923077,0.3076923076923077,0.26923076923076916
38,20,92,0.2608695652173913,-0.7282608695652173,0.7282608695652173
38,21,55,0.4909090909090909,0.4909090909090909,0.05454545454545451
38,22,57,0.45614035087719296,0.45614035087719296,0.3157894736842105
38,23,46,0.391304347826087,0.391304347826087,0.15217391304347822
38,24,48,0.14583333333333334,-0.0625,0.16666666666666666
38,25,81,0.2222222222222222,0.2222222222222222,0.08641975308641975
38,26,73,0.5068493150684932,0.5068493150684932,0.39726027397260266
39,0,51,0.0,-0.6666666666666666,0.6666666666666666
39,1,45,0.0,-0.06666666666666667,0.17777777777777778
39,2,51,0.0,0.0,0.21568627450980393
39,3,54,0.0,0.0,0.018518518518518517
39,4,49,0.0,0.0,0.30612244897959184
39,5,53,0.0,0.0,0.37735849056603776
39,6,52,0.0,-0.038461538461538464,0.09615384615384616
39,7,58,0.0,0.0,0.1724137931034483
39,8,62,0.0,-0.6612903225806451,0.8387096774193549
39,9,66,0.0,-0.16666666666666666,0.36363636363636365
39,10,71,0.0,0.0,0.30985915492957744
39,11,68,0.0,0.0,0.4264705882352941
39,12,54,0.0,-0.1111111111111111,0.2777777777777778
39,13,66,0.0,-0.6060606060606061,0.6060606060606061
39,14,60,0.0,0.0,0.3
39,15,54,0.0,-0.018518518518518517,0.5740740740740741
39,16,71,0.0,0.0,0.36619718309859156
39,17,60,0.0,0.0,0.5666666666666667
39,18,66,0.18181818181818182,0.18181818181818182,0.4090909090909091
39,19,52,0.4230769230769231,0.4230769230769231,0.1538461538461538
39,20,92,0.1956521739130435,-0.7934782608695652,0.7934782608695652
39,21,55,0.45454545454545453,0.45454545454545453,0.09090909090909088
39,22,57,0.3684210526315789,0.3684210526315789,0.40350877192982454
39,23,46,0.2608695652173913,0.2608695652173913,0.2826086956521739
39,24,48,0.3958333333333333,0.18749999999999997,0.0
39,25,81,0.32098765432098764,0.32098765432098764,0.0
39,26,73,0.6438356164383562,0.6438356164383562,0.26027397260273966
40,0,51,0.0,-0.6666666666666666,0.6666666666666666
40,1,45,0.0,-0.06666666666666667,0.17777777777777778
40,2,51,0.0,0.0,0.21568627450980393
40,3,54,0.0,0.0,0.018518518518518517
40,4,49,0.0,0.0,0.30612244897959184
40,5,53,0.0,0.0,0.37735849056603776
40,6,52,0.0,-0.038461538461538464,0.09615384615384616
40,7,58,0.0,0.0,0.1724137931034483
40,8,62,0.0,-0.6612903225806451,0.8387096774193549
40,9,66,0.0,-0.16666666666666666,0.36363636363636365
40,10,71,0.0,0.0,0.30985915492957744
40,11,68,0.0,0.0,0.4264705882352941
40,12,54,0.0,-0.1111111111111111,0.2777777777777778
40,13,66,0.0,-0.6060606060606061,0.6060606060606061
40,14,60,0.0,0.0,0.3
40,15,54,0.0,-0.018518518518518517,0.5740740740740741
40,16,71,0.0,0.0,0.36619718309859156
40,17,60,0.0,0.0,0.5666666666666667
40,18,66,0.30303030303030304,0.30303030303030304,0.2878787878787879
40,19,52,0.40384615384615385,0.40384615384615385,0.17307692307692302
40,20,92,0.33695652173913043,-0.6521739130434783,0.6521739130434783
40,21,55,0.4909090909090909,0.4909090909090909,0.05454545454545451
40,22,57,0.3333333333333333,0.3333333333333333,0.43859649122807015
40,23,46,0.3695652173913043,0.3695652173913043,0.17391304347826086
40,24,48,0.14583333333333334,-0.0625,0.24999999999999997
40,25,81,0.18518518518518517,0.18518518518518517,0.13580246913580246
40,26,73,0.547945205479452,0.547945205479452,0.3561643835616438
41,0,51,0.0,-0.6666666666666666,0.6666666666666666
41,1,45,0.0,-0.06666666666666667,0.17777777777777778
41,2,51,0.0,0.0,0.21568627450980393
41,3,54,0.0,0.0,0.018518518518518517
41,4,49,0.0,0.0,0.30612244897959184
41,5,53,0.0,0.0,0.37735849056603776
41,6,52,0.0,-0.038461538461538464,0.09615384615384616
41,7,58,0.0,0.0,0.1724137931034483
41,8,62,0.0,-0.6612903225806451,0.8387096774193549
41,9,66,0.0,-0.16666666666666666,0.36363636363636365
41,10,71,0.0,0.0,0.30985915492957744
41,11,68,0.0,0.0,0.4264705882352941
41,12,54,0.0,-0.1111111111111111,0.2777777777777778
41,13,66,0.0,-0.6060606060606061,0.6060606060606061
41,14,60,0.0,0.0,0.3
41,15,54,0.0,-0.018518518518518517,0.5740740740740741
41,16,71,0.0,0.0,0.36619718309859156
41,17,60,0.0,0.0,0.5666666666666667
41,18,66,0.2727272727272727,0.2727272727272727,0.31818181818181823
41,19,52,0.3269230769230769,0.3269230769230769,0.24999999999999994
41,20,92,0.40217391304347827,-0.5869565217391304,0.5869565217391304
41,21,55,0.4909090909090909,0.4909090909090909,0.05454545454545451
41,22,57,0.17543859649122806,0.17543859649122806,0.5964912280701754
41,23,46,0.32608695652173914,0.32608695652173914,0.21739130434782605
41,24,48,0.22916666666666666,0.020833333333333315,0.16666666666666666
41,25,81,0.43209876543209874,0.43209876543209874,0.0
41,26,73,0.7534246575342466,0.7534246575342466,0.15068493150684925
42,0,51,0.0,-0.6666666666666666,0.6666666666666666
42,1,45,0.0,-0.06666666666666667,0.17777777777777778
42,2,51,0.0,0.0,0.21568627450980393
42,3,54,0.0,0.0,0.018518518518518517
42,4,49,0.0,0.0,0.30612244897959184
42,5,53,0.0,0.0,0.37735849056603776
42,6,52,0.0,-0.038461538461538464,0.09615384615384616
42,7,58,0.0,0.0,0.1724137931034483
42,8,62,0.0,-0.6612903225806451,0.8387096774193549
42,9,66,0.0,-0.16666666666666666,0.36363636363636365
42,10,71,0.0,0.0,0.30985915492957744
42,11,68,0.0,0.0,0.4264705882352941
42,12,54,0.0,-0.1111111111111111,0.2777777777777778
42,13,66,0.0,-0.6060606060606061,0.6060606060606061
42,14,60,0.0,0.0,0.3
42,15,54,0.0,-0.018518518518518517,0.5740740740740741
42,16,71,0.0,0.0,0.36619718309859156
42,17,60,0.0,0.0,0.5666666666666667
42,18,66,0.24242424242424243,0.24242424242424243,0.3484848484848485
42,19,52,0.40384615384615385,0.40384615384615385,0.17307692307692302
42,20,92,0.391304347826087,-0.5978260869565217,0.5978260869565217
42,21,55,0.43636363636363634,0.43636363636363634,0.10909090909090907
42,22,57,0.38596491228070173,0.38596491228070173,0.38596491228070173
42,23,46,0.30434782608695654,0.30434782608695654,0.23913043478260865
42,24,48,0.22916666666666666,0.020833333333333315,0.16666666666666666
42,25,81,0.2962962962962963,0.2962962962962963,0.13580246913580246
42,26,73,0.5342465753424658,0.5342465753424658,0.36986301369863006
43,0,51,0.0,-0.6666666666666666,0.6666666666666666
43,1,45,0.0,-0.06666666666666667,0.17777777777777778
43,2,51,0.0,0.0,0.21568627450980393
43,3,54,0.0,0.0,0.018518518518518517
43,4,49,0.0,0.0,0.30612244897959184
43,5,53,0.0,0.0,0.37735849056603776
43,6,52,0.0,-0.038461538461538464,0.09615384615384616
43,7,58,0.0,0.0,0.1724137931034483
43,8,62,0.0,-0.6612903225806451,0.8387096774193549
43,9,66,0.0,-0.16666666666666666,0.36363636363636365
43,10,71,0.0,0.0,0.30985915492957744
43,11,68,0.0,0.0,0.4264705882352941
43,12,54,0.0,-0.1111111111111111,0.2777777777777778
43,13,66,0.0,-0.6060606060606061,0.6060606060606061
43,14,60,0.0,0.0,0.3
43,15,54,0.0,-0.018518518518518517,0.5740740740740741
43,16,71,0.0,0.0,0.36619718309859156
43,17,60,0.0,0.0,0.5666666666666667
43,18,66,0.42424242424242425,0.42424242424242425,0.16666666666666669
43,19,52,0.38461538461538464,0.38461538461538464,0.19230769230769224
43,20,92,0.2608695652173913,-0.7282608695652173,0.7282608695652173
43,21,55,0.6,0.6,0.0
43,22,57,0.24561403508771928,0.24561403508771928,0.5263157894736842
43,23,46,0.41304347826086957,0.41304347826086957,0.13043478260869562
43,24,48,0.22916666666666666,0.020833333333333315,0.16666666666666666
43,25,81,0.3950617283950617,0.3950617283950617,0.037037037037037035
43,26,73,0.6575342465753424,0.6575342465753424,0.2465753424657534
44,0,51,0.0,-0.6666666666666666,0.6666666666666666
44,1,45,0.0,-0.06666666666666667,0.17777777777777778
44,2,51,0.0,0.0,0.21568627450980393
44,3,54,0.0,0.0,0.018518518518518517
44,4,49,0.0,0.0,0.30612244897959184
44,5,53,0.0,0.0,0.37735849056603776
44,6,52,0.0,-0.038461538461538464,0.09615384615384616
44,7,58,0.0,0.0,0.1724137931034483
44,8,62,0.0,-0.6612903225806451,0.8387096774193549
44,9,66,0.0,-0.16666666666666666,0.36363636363636365
44,10,71,0.0,0.0,0.30985915492957744
44,11,68,0.0,0.0,0.4264705882352941
44,12,54,0.0,-0.1111111111111111,0.2777777777777778
44,13,66,0.0,-0.6060606060606061,0.6060606060606061
44,14,60,0.0,0.0,0.3
44,15,54,0.0,-0.018518518518518517,0.5740740740740741
44,16,71,0.0,0.0,0.36619718309859156
44,17,60,0.0,0.0,0.5666666666666667
44,18,66,0.24242424242424243,0.24242424242424243,0.3484848484848485
44,19,52,0.36538461538461536,0.36538461538461536,0.2115384615384615
44,20,92,0.3804347826086957,-0.608695652173913,0.608695652173913
44,21,55,0.45454545454545453,0.45454545454545453,0.14545454545454545
44,22,57,0.38596491228070173,0.38596491228070173,0.38596491228070173
44,23,46,0.41304347826086957,0.41304347826086957,0.13043478260869562
44,24,48,0.1875,-0.020833333333333343,0.20833333333333331
44,25,81,0.2839506172839506,0.2839506172839506,0.14814814814814814
44,26,73,0.5342465753424658,0.5342465753424658,0.36986301369863006
45,0,51,0.0,-0.6666666666666666,0.6666666666666666
45,1,45,0.0,-0.06666666666666667,0.17777777777777778
45,2,51,0.0,0.0,0.21568627450980393
45,3,54,0.0,0.0,0.018518518518518517
45,4,49,0.0,0.0,0.30612244897959184
45,5,53,0.0,0.0,0.37735849056603776
45,6,52,0.0,-0.038461538461538464,0.09615384615384616
45,7,58,0.0,0.0,0.1724137931034483
45,8,62,0.0,-0.6612903225806451,0.8387096774193549
45,9,66,0.0,-0.16666666666666666,0.36363636363636365
45,10,71,0.0,0.0,0.30985915492957744
45,11,68,0.0,0.0,0.4264705882352941
45,12,54,0.0,-0.1111111111111111,0.2777777777777778
45,13,66,0.0,-0.6060606060606061,0.6060606060606061
45,14,60,0.0,0.0,0.3
45,15,54,0.0,-0.018518518518518517,0.5740740740740741
45,16,71,0.0,0.0,0.36619718309859156
45,17,60,0.0,0.0,0.5666666666666667
45,18,66,0.24242424242424243,0.24242424242424243,0.3484848484848485
45,19,52,0.3269230769230769,0.3269230769230769,0.24999999999999994
45,20,92,0.3695652173913043,-0.6195652173913043,0.6195652173913043
45,21,55,0.43636363636363634,0.43636363636363634,0.16363636363636364
45,22,57,0.43859649122807015,0.43859649122807015,0.3333333333333333
45,23,46,0.2608695652173913,0.2608695652173913,0.2826086956521739
45,24,48,0.22916666666666666,0.020833333333333315,0.16666666666666666
45,25,81,0.4074074074074074,0.4074074074074074,0.024691358024691357
45,26,73,0.726027397260274,0.726027397260274,0.17808219178082185
46,0,51,0.0,-0.6666666666666666,0.6666666666666666
46,1,45,0.0,-0.06666666666666667,0.17777777777777778
46,2,51,0.0,0.0,0.21568627450980393
46,3,54,0.0,0.0,0.018518518518518517
46,4,49,0.0,0.0,0.30612244897959184
46,5,53,0.0,0.0,0.37735849056603776
46,6,52,0.0,-0.038461538461538464,0.09615384615384616
46,7,58,0.0,0.0,0.1724137931034483
46,8,62,0.0,-0.6612903225806451,0.8387096774193549
46,9,66,0.0,-0.16666666666666666,0.36363636363636365
46,10,71,0.0,0.0,0.30985915492957744
46,11,68,0.0,0.0,0.4264705882352941
46,12,54,0.0,-0.1111111111111111,0.2777777777777778
46,13,66,0.0,-0.6060606060606061,0.6060606060606061
46,14,60,0.0,0.0,0.3
46,15,54,0.0,-0.018518518518518517,0.5740740740740741
46,16,71,0.0,0.0,0.36619718309859156
46,17,60,0.0,0.0,0.5666666666666667
46,18,66,0.4090909090909091,0.4090909090909091,0.18181818181818182
46,19,52,0.25,0.25,0.32692307692307687
46,20,92,0.2826086956521739,-0.7065217391304348,0.7065217391304348
46,21,55,0.45454545454545453,0.45454545454545453,0.14545454545454545
46,22,57,0.7017543859649122,0.7017543859649122,0.07017543859649122
46,23,46,0.43478260869565216,0.43478260869565216,0.10869565217391303
46,24,48,0.25,0.04166666666666666,0.14583333333333331
46,25,81,0.2962962962962963,0.2962962962962963,0.13580246913580246
46,26,73,0.6164383561643836,0.6164383561643836,0.28767123287671226
47,0,51,0.0,-0.6666666666666666,0.6666666666666666
47,1,45,0.0,-0.06666666666666667,0.17777777777777778
47,2,51,0.0,0.0,0.21568627450980393
47,3,54,0.0,0.0,0.018518518518518517
47,4,49,0.0,0.0,0.30612244897959184
47,5,53,0.0,0.0,0.37735849056603776
47,6,52,0.0,-0.038461538461538464,0.09615384615384616
47,7,58,0.0,0.0,0.1724137931034483
47,8,62,0.0,-0.6612903225806451,0.8387096774193549
47,9,66,0.0,-0.16666666666666666,0.36363636363636365
47,10,71,0.0,0.0,0.30985915492957744
47,11,68,0.0,0.0,0.4264705882352941
47,12,54,0.0,-0.1111111111111111,0.2777777777777778
47,13,66,0.0,-0.6060606060606061,0.6060606060606061
47,14,60,0.0,0.0,0.3
47,15,54,0.0,-0.018518518518518517,0.5740740740740741
47,16,71,0.0,0.0,0.36619718309859156
47,17,60,0.0,0.0,0.5666666666666667
47,18,66,0.3181818181818182,0.3181818181818182,0.27272727272727276
47,19,52,0.36538461538461536,0.36538461538461536,0.2115384615384615
47,20,92,0.31521739130434784,-0.6739130434782608,0.6739130434782608
47,21,55,0.4727272727272727,0.4727272727272727,0.12727272727272726
47,22,57,0.45614035087719296,0.45614035087719296,0.3157894736842105
47,23,46,0.2608695652173913,0.2608695652173913,0.2826086956521739
47,24,48,0.3125,0.10416666666666666,0.08333333333333331
47,25,81,0.41975308641975306,0.41975308641975306,0.012345679012345678
47,26,73,0.7123287671232876,0.7123287671232876,0.1917808219178082
48,0,51,0.0,-0.6666666666666666,0.6666666666666666
48,1,45,0.0,-0.06666666666666667,0.17777777777777778
48,2,51,0.0,0.0,0.21568627450980393
48,3,54,0.0,0.0,0.018518518518518517
48,4,49,0.0,0.0,0.30612244897959184
48,5,53,0.0,0.0,0.37735849056603776
48,6,52,0.0,-0.038461538461538464,0.09615384615384616
48,7,58,0.0,0.0,0.1724137931034483
48,8,62,0.0,-0.6612903225806451,0.8387096774193549
48,9,66,0.0,-0.16666666666666666,0.36363636363636365
48,10,71,0.0,0.0,0.30985915492957744
48,11,68,0.0,0.0,0.4264705882352941
48,12,54,0.0,-0.1111111111111111,0.2777777777777778
48,13,66,0.0,-0.6060606060606061,0.6060606060606061
48,14,60,0.0,0.0,0.3
48,15,54,0.0,-0.018518518518518517,0.5740740740740741
48,16,71,0.0,0.0,0.36619718309859156
48,17,60,0.0,0.0,0.5666666666666667
48,18,66,0.24242424242424243,0.24242424242424243,0.3484848484848485
48,19,52,0.3076923076923077,0.3076923076923077,0.26923076923076916
48,20,92,0.3695652173913043,-0.6195652173913043,0.6195652173913043
48,21,55,0.43636363636363634,0.43636363636363634,0.16363636363636364
48,22,57,0.47368421052631576,0.47368421052631576,0.2982456140350877
48,23,46,0.32608695652173914,0.32608695652173914,0.21739130434782605
48,24,48,0.20833333333333334,0.0,0.18749999999999997
48,25,81,0.43209876543209874,0.43209876543209874,0.0
48,26,73,0.6164383561643836,0.6164383561643836,0.28767123287671226
49,0,51,0.0,-0.6666666666666666,0.6666666666666666
49,1,45,0.0,-0.06666666666666667,0.17777777777777778
49,2,51,0.0,0.0,0.21568627450980393
49,3,54,0.0,0.0,0.018518518518518517
49,4,49,0.0,0.0,0.30612244897959184
49,5,53,0.0,0.0,0.37735849056603776
49,6,52,0.0,-0.038461538461538464,0.09615384615384616
49,7,58,0.0,0.0,0.1724137931034483
49,8,62,0.0,-0.6612903225806451,0.8387096774193549
49,9,66,0.0,-0.16666666666666666,0.36363636363636365
49,10,71,0.0,0.0,0.30985915492957744
49,11,68,0.0,0.0,0.4264705882352941
49,12,54,0.0,-0.1111111111111111,0.2777777777777778
49,13,66,0.0,-0.6060606060606061,0.6060606060606061
49,14,60,0.0,0.0,0.3
49,15,54,0.0,-0.018518518518518517,0.5740740740740741
49,16,71,0.0,0.0,0.36619718309859156
49,17,60,0.0,0.0,0.5666666666666667
49,18,66,0.3484848484848485,0.3484848484848485,0.24242424242424243
49,19,52,0.3269230769230769,0.3269230769230769,0.24999999999999994
49,20,92,0.3804347826086957,-0.608695652173913,0.608695652173913
49,21,55,0.4727272727272727,0.4727272727272727,0.12727272727272726
49,22,57,0.5087719298245614,0.5087719298245614,0.26315789473684204
49,23,46,0.391304347826087,0.391304347826087,0.15217391304347822
49,24,48,0.2708333333333333,0.06249999999999997,0.125
49,25,81,0.37037037037037035,0.37037037037037035,0.06172839506172839
49,26,73,0.6712328767123288,0.6712328767123288,0.23287671232876705
50,0,51,0.0,-0.6666666666666666,0.6666666666666666
50,1,45,0.0,-0.06666666666666667,0.17777777777777778
50,2,51,0.0,0.0,0.21568627450980393
50,3,54,0.0,0.0,0.018518518518518517
50,4,49,0.0,0.0,0.30612244897959184
50,5,53,0.0,0.0,0.37735849056603776
50,6,52,0.0,-0.038461538461538464,0.09615384615384616
50,7,58,0.0,0.0,0.1724137931034483
50,8,62,0.0,-0.6612903225806451,0.8387096774193549
50,9,66,0.0,-0.16666666666666666,0.36363636363636365
50,10,71,0.0,0.0,0.30985915492957744
50,11,68,0.0,0.0,0.4264705882352941
50,12,54,0.0,-0.1111111111111111,0.2777777777777778
50,13,66,0.0,-0.6060606060606061,0.6060606060606061
50,14,60,0.0,0.0,0.3
50,15,54,0.0,-0.018518518518518517,0.5740740740740741
50,16,71,0.0,0.0,0.36619718309859156
50,17,60,0.0,0.0,0.5666666666666667
50,18,66,0.3939393939393939,0.3939393939393939,0.19696969696969702
50,19,52,0.2692307692307692,0.2692307692307692,0.30769230769230765
50,20,92,0.42391304347826086,-0.5652173913043478,0.5652173913043478
50,21,55,0.45454545454545453,0.45454545454545453,0.14545454545454545
50,22,57,0.40350877192982454,0.40350877192982454,0.3684210526315789
50,23,46,0.3695652173913043,0.3695652173913043,0.17391304347826086
50,24,48,0.22916666666666666,0.020833333333333315,0.16666666666666666
50,25,81,0.3950617283950617,0.3950617283950617,0.037037037037037035
50,26,73,0.6438356164383562,0.6438356164383562,0.26027397260273966
51,0,51,0.0,-0.6666666666666666,0.6666666666666666
51,1,45,0.0,-0.06666666666666667,0.17777777777777778
51,2,51,0.0,0.0,0.21568627450980393
51,3,54,0.0,0.0,0.018518518518518517
51,4,49,0.0,0.0,0.30612244897959184
51,5,53,0.0,0.0,0.37735849056603776
51,6,52,0.0,-0.038461538461538464,0.09615384615384616
51,7,58,0.0,0.0,0.1724137931034483
51,8,62,0.0,-0.6612903225806451,0.8387096774193549
51,9,66,0.0,-0.16666666666666666,0.36363636363636365
51,10,71,0.0,0.0,0.30985915492957744
51,11,68,0.0,0.0,0.4264705882352941
51,12,54,0.0,-0.1111111111111111,0.2777777777777778
51,13,66,0.0,-0.6060606060606061,0.6060606060606061
51,14,60,0.0,0.0,0.3
51,15,54,0.0,-0.018518518518518517,0.5740740740740741
51,16,71,0.0,0.0,0.36619718309859156
51,17,60,0.0,0.0,0.5666666666666667
51,18,66,0.45454545454545453,0.45454545454545453,0.1363636363636364
51,19,52,0.28846153846153844,0.28846153846153844,0.28846153846153844
51,20,92,0.30434782608695654,-0.6847826086956521,0.6847826086956521
51,21,55,0.5636363636363636,0.5636363636363636,0.036363636363636376
51,22,57,0.47368421052631576,0.47368421052631576,0.2982456140350877
51,23,46,0.41304347826086957,0.41304347826086957,0.13043478260869562
51,24,48,0.22916666666666666,0.020833333333333315,0.16666666666666666
51,25,81,0.35802469135802467,0.35802469135802467,0.07407407407407407
51,26,73,0.684931506849315,0.684931506849315,0.2191780821917808
52,0,51,0.0,-0.6666666666666666,0.6666666666666666
52,1,45,0.0,-0.06666666666666667,0.17777777777777778
52,2,51,0.0,0.0,0.21568627450980393
52,3,54,0.0,0.0,0.018518518518518517
52,4,49,0.0,0.0,0.30612244897959184
52,5,53,0.0,0.0,0.37735849056603776
52,6,52,0.0,-0.038461538461538464,0.09615384615384616
52,7,58,0.0,0.0,0.1724137931034483
52,8,62,0.0,-0.6612903225806451,0.8387096774193549
52,9,66,0.0,-0.16666666666666666,0.36363636363636365
52,10,71,0.0,0.0,0.30985915492957744
52,11,68,0.0,0.0,0.4264705882352941
52,12,54,0.0,-0.1111111111111111,0.2777777777777778
52,13,66,0.0,-0.6060606060606061,0.6060606060606061
52,14,60,0.0,0.0,0.3
52,15,54,0.0,-0.018518518518518517,0.5740740740740741
52,16,71,0.0,0.0,0.36619718309859156
52,17,60,0.0,0.0,0.5666666666666667
52,18,66,0.3484848484848485,0.3484848484848485,0.24242424242424243
52,19,52,0.23076923076923078,0.23076923076923078,0.3461538461538461
52,20,92,0.41304347826086957,-0.576086956521739,0.576086956521739
52,21,55,0.43636363636363634,0.43636363636363634,0.16363636363636364
52,22,57,0.49122807017543857,0.49122807017543857,0.2807017543859649
52,23,46,0.32608695652173914,0.32608695652173914,0.21739130434782605
52,24,48,0.16666666666666666,-0.041666666666666685,0.22916666666666666
52,25,81,0.37037037037037035,0.37037037037037035,0.06172839506172839
52,26,73,0.6438356164383562,0.6438356164383562,0.26027397260273966
53,0,51,0.0,-0.6666666666666666,0.6666666666666666
53,1,45,0.0,-0.06666666666666667,0.17777777777777778
53,2,51,0.0,0.0,0.21568627450980393
53,3,54,0.0,0.0,0.018518518518518517
53,4,49,0.0,0.0,0.30612244897959184
53,5,53,0.0,0.0,0.37735849056603776
53,6,52,0.0,-0.038461538461538464,0.09615384615384616
53,7,58,0.0,0.0,0.1724137931034483
53,8,62,0.0,-0.6612903225806451,0.8387096774193549
53,9,66,0.0,-0.16666666666666666,0.36363636363636365
53,10,71,0.0,0.0,0.30985915492957744
53,11,68,0.0,0.0,0.4264705882352941
53,12,54,0.0,-0.1111111111111111,0.2777777777777778
53,13,66,0.0,-0.6060606060606061,0.6060606060606061
53,14,60,0.0,0.0,0.3
53,15,54,0.0,-0.018518518518518517,0.5740740740740741
53,16,71,0.0,0.0,0.36619718309859156
53,17,60,0.0,0.0,0.5666666666666667
53,18,66,0.4696969696969697,0.4696969696969697,0.12121212121212122
53,19,52,0.2692307692307692,0.2692307692307692,0.30769230769230765
53,20,92,0.42391304347826086,-0.5652173913043478,0.5652173913043478
53,21,55,0.509090909090909,0.509090909090909,0.09090909090909094
53,22,57,0.43859649122807015,0.43859649122807015,0.3333333333333333
53,23,46,0.43478260869565216,0.43478260869565216,0.10869565217391303
53,24,48,0.22916666666666666,0.020833333333333315,0.16666666666666666
53,25,81,0.3950617283950617,0.3950617283950617,0.037037037037037035
53,26,73,0.6712328767123288,0.6712328767123288,0.23287671232876705
54,0,51,0.0,-0.6666666666666666,0.6666666666666666
54,1,45,0.0,-0.06666666666666667,0.17777777777777778
54,2,51,0.0,0.0,0.21568627450980393
54,3,54,0.0,0.0,0.018518518518518517
54,4,49,0.0,0.0,0.30612244897959184
54,5,53,0.0,0.0,0.37735849056603776
54,6,52,0.0,-0.038461538461538464,0.09615384615384616
54,7,58,0.0,0.0,0.1724137931034483
54,8,62,0.0,-0.6612903225806451,0.8387096774193549
54,9,66,0.0,-0.16666666666666666,0.36363636363636365
54,10,71,0.0,0.0,0.30985915492957744
54,11,68,0.0,0.0,0.4264705882352941
54,12,54,0.0,-0.1111111111111111,0.2777777777777778
54,13,66,0.0,-0.6060606060606061,0.6060606060606061
54,14,60,0.0,0.0,0.3
54,15,54,0.0,-0.018518518518518517,0.5740740740740741
54,16,71,0.0,0.0,0.36619718309859156
54,17,60,0.0,0.0,0.5666666666666667
54,18,66,0.4090909090909091,0.4090909090909091,0.18181818181818182
54,19,52,0.19230769230769232,0.19230769230769232,0.3846153846153846
54,20,92,0.42391304347826086,-0.5652173913043478,0.5652173913043478
54,21,55,0.5272727272727272,0.5272727272727272,0.07272727272727275
54,22,57,0.2631578947368421,0.2631578947368421,0.5087719298245614
54,23,46,0.41304347826086957,0.41304347826086957,0.13043478260869562
54,24,48,0.1875,-0.020833333333333343,0.20833333333333331
54,25,81,0.48148148148148145,0.48148148148148145,0.0
54,26,73,0.589041095890411,0.589041095890411,0.31506849315068486
55,0,51,0.0,-0.6666666666666666,0.6666666666666666
55,1,45,0.0,-0.06666666666666667,0.17777777777777778
55,2,51,0.0,0.0,0.21568627450980393
55,3,54,0.0,0.0,0.018518518518518517
55,4,49,0.0,0.0,0.30612244897959184
55,5,53,0.0,0.0,0.37735849056603776
55,6,52,0.0,-0.038461538461538464,0.09615384615384616
55,7,58,0.0,0.0,0.1724137931034483
55,8,62,0.0,-0.6612903225806451,0.8387096774193549
55,9,66,0.0,-0.16666666666666666,0.36363636363636365
55,10,71,0.0,0.0,0.30985915492957744
55,11,68,0.0,0.0,0.4264705882352941
55,12,54,0.0,-0.1111111111111111,0.2777777777777778
55,13,66,0.0,-0.6060606060606061,0.6060606060606061
55,14,60,0.0,0.0,0.3
55,15,54,0.0,-0.018518518518518517,0.5740740740740741
55,16,71,0.0,0.0,0.36619718309859156
55,17,60,0.0,0.0,0.5666666666666667
55,18,66,0.3484848484848485,0.3484848484848485,0.24242424242424243
55,19,52,0.19230769230769232,0.19230769230769232,0.3846153846153846
55,20,92,0.44565217391304346,-0.5434782608695652,0.5434782608695652
55,21,55,0.5454545454545454,0.5454545454545454,0.054545454545454564
55,22,57,0.47368421052631576,0.47368421052631576,0.2982456140350877
55,23,46,0.2826086956521739,0.2826086956521739,0.2608695652173913
55,24,48,0.22916666666666666,0.020833333333333315,0.16666666666666666
55,25,81,0.38271604938271603,0.38271604938271603,0.09876543209876543
55,26,73,0.726027397260274,0.726027397260274,0.17808219178082185
56,0,51,0.0,-0.6666666666666666,0.6666666666666666
56,1,45,0.0,-0.06666666666666667,0.17777777777777778
56,2,51,0.0,0.0,0.21568627450980393
56,3,54,0.0,0.0,0.018518518518518517
56,4,49,0.0,0.0,0.30612244897959184
56,5,53,0.0,0.0,0.37735849056603776
56,6,52,0.0,-0.038461538461538464,0.09615384615384616
56,7,58,0.0,0.0,0.1724137931034483
56,8,62,0.0,-0.6612903225806451,0.8387096774193549
56,9,66,0.0,-0.16666666666666666,0.36363636363636365
56,10,71,0.0,0.0,0.30985915492957744
56,11,68,0.0,0.0,0.4264705882352941
56,12,54,0.0,-0.1111111111111111,0.2777777777777778
56,13,66,0.0,-0.6060606060606061,0.6060606060606061
56,14,60,0.0,0.0,0.3
56,15,54,0.0,-0.018518518518518517,0.5740740740740741
56,16,71,0.0,0.0,0.36619718309859156
56,17,60,0.0,0.0,0.5666666666666667
56,18,66,0.2727272727272727,0.2727272727272727,0.31818181818181823
56,19,52,0.17307692307692307,0.17307692307692307,0.4038461538461538
56,20,92,0.4673913043478261,-0.5217391304347825,0.5217391304347825
56,21,55,0.45454545454545453,0.45454545454545453,0.14545454545454545
56,22,57,0.5087719298245614,0.5087719298245614,0.26315789473684204
56,23,46,0.391304347826087,0.391304347826087,0.15217391304347822
56,24,48,0.20833333333333334,0.0,0.18749999999999997
56,25,81,0.41975308641975306,0.41975308641975306,0.06172839506172839
56,26,73,0.6301369863013698,0.6301369863013698,0.273972602739726
57,0,51,0.0,-0.6666666666666666,0.6666666666666666
57,1,45,0.0,-0.06666666666666667,0.17777777777777778
57,2,51,0.0,0.0,0.21568627450980393
57,3,54,0.0,0.0,0.018518518518518517
57,4,49,0.0,0.0,0.30612244897959184
57,5,53,0.0,0.0,0.37735849056603776
57,6,52,0.0,-0.038461538461538464,0.09615384615384616
57,7,58,0.0,0.0,0.1724137931034483
57,8,62,0.0,-0.6612903225806451,0.8387096774193549
57,9,66,0.0,-0.16666666666666666,0.36363636363636365
57,10,71,0.0,0.0,0.30985915492957744
57,11,68,0.0,0.0,0.4264705882352941
57,12,54,0.0,-0.1111111111111111,0.2777777777777778
57,13,66,0.0,-0.6060606060606061,0.6060606060606061
57,14,60,0.0,0.0,0.3
57,15,54,0.0,-0.018518518518518517,0.5740740740740741
57,16,71,0.0,0.0,0.36619718309859156
57,17,60,0.0,0.0,0.5666666666666667
57,18,66,0.3181818181818182,0.3181818181818182,0.27272727272727276
57,19,52,0.19230769230769232,0.19230769230769232,0.3846153846153846
57,20,92,0.44565217391304346,-0.5434782608695652,0.5434782608695652
57,21,55,0.509090909090909,0.509090909090909,0.09090909090909094
57,22,57,0.3333333333333333,0.3333333333333333,0.43859649122807015
57,23,46,0.2826086956521739,0.2826086956521739,0.2608695652173913
57,24,48,0.14583333333333334,-0.0625,0.24999999999999997
57,25,81,0.37037037037037035,0.37037037037037035,0.1111111111111111
57,26,73,0.726027397260274,0.726027397260274,0.17808219178082185
58,0,51,0.0,-0.6666666666666666,0.6666666666666666
58,1,45,0.0,-0.06666666666666667,0.17777777777777778
58,2,51,0.0,0.0,0.21568627450980393
58,3,54,0.0,0.0,0.018518518518518517
58,4,49,0.0,0.0,0.30612244897959184
58,5,53,0.0,0.0,0.37735849056603776
58,6,52,0.0,-0.038461538461538464,0.09615384615384616
58,7,58,0.0,0.0,0.1724137931034483
58,8,62,0.0,-0.6612903225806451,0.8387096774193549
58,9,66,0.0,-0.16666666666666666,0.36363636363636365
58,10,71,0.0,0.0,0.30985915492957744
58,11,68,0.0,0.0,0.4264705882352941
58,12,54,0.0,-0.1111111111111111,0.2777777777777778
58,13,66,0.0,-0.6060606060606061,0.6060606060606061
58,14,60,0.0,0.0,0.3
58,15,54,0.0,-0.018518518518518517,0.5740740740740741
58,16,71,0.0,0.0,0.36619718309859156
58,17,60,0.0,0.0,0.5666666666666667
58,18,66,0.3939393939393939,0.3939393939393939,0.19696969696969702
58,19,52,0.28846153846153844,0.28846153846153844,0.28846153846153844
58,20,92,0.43478260869565216,-0.5543478260869565,0.5543478260869565
58,21,55,0.4909090909090909,0.4909090909090909,0.10909090909090907
58,22,57,0.24561403508771928,0.24561403508771928,0.5263157894736842
58,23,46,0.41304347826086957,0.41304347826086957,0.13043478260869562
58,24,48,0.22916666666666666,0.020833333333333315,0.16666666666666666
58,25,81,0.49382716049382713,0.49382716049382713,0.0
58,26,73,0.5205479452054794,0.5205479452054794,0.3835616438356164
59,0,51,0.0,-0.6666666666666666,0.6666666666666666
59,1,45,0.0,-0.06666666666666667,0.17777777777777778
59,2,51,0.0,0.0,0.21568627450980393
59,3,54,0.0,0.0,0.018518518518518517
59,4,49,0.0,0.0,0.30612244897959184
59,5,53,0.0,0.0,0.37735849056603776
59,6,52,0.0,-0.038461538461538464,0.09615384615384616
59,7,58,0.0,0.0,0.1724137931034483
59,8,62,0.0,-0.6612903225806451,0.8387096774193549
59,9,66,0.0,-0.16666666666666666,0.36363636363636365
59,10,71,0.0,0.0,0.30985915492957744
59,11,68,0.0,0.0,0.4264705882352941
59,12,54,0.0,-0.1111111111111111,0.2777777777777778
59,13,66,0.0,-0.6060606060606061,0.6060606060606061
59,14,60,0.0,0.0,0.3
59,15,54,0.0,-0.018518518518518517,0.5740740740740741
59,16,71,0.0,0.0,0.36619718309859156
59,17,60,0.0,0.0,0.5666666666666667
59,18,66,0.3333333333333333,0.3333333333333333,0.2575757575757576
59,19,52,0.21153846153846154,0.21153846153846154,0.3653846153846153
59,20,92,0.44565217391304346,-0.5434782608695652,0.5434782608695652
59,21,55,0.45454545454545453,0.45454545454545453,0.14545454545454545
59,22,57,0.5789473684210527,0.5789473684210527,0.1929824561403508
59,23,46,0.32608695652173914,0.32608695652173914,0.21739130434782605
59,24,48,0.25,0.04166666666666666,0.14583333333333331
59,25,81,0.3333333333333333,0.3333333333333333,0.16049382716049382
59,26,73,0.726027397260274,0.726027397260274,0.17808219178082185
60,0,51,0.0,-0.6666666666666666,0.6666666666666666
60,1,45,0.0,-0.06666666666666667,0.17777777777777778
60,2,51,0.0,0.0,0.21568627450980393
60,3,54,0.0,0.0,0.018518518518518517
60,4,49,0.0,0.0,0.30612244897959184
60,5,53,0.0,0.0,0.37735849056603776
60,6,52,0.0,-0.038461538461538464,0.09615384615384616
60,7,58,0.0,0.0,0.1724137931034483
60,8,62,0.0,-0.6612903225806451,0.8387096774193549
60,9,66,0.0,-0.16666666666666666,0.36363636363636365
60,10,71,0.0,0.0,0.30985915492957744
60,11,68,0.0,0.0,0.4264705882352941
60,12,54,0.0,-0.1111111111111111,0.2777777777777778
60,13,66,0.0,-0.6060606060606061,0.6060606060606061
60,14,60,0.0,0.0,0.3
60,15,54,0.0,-0.018518518518518517,0.5740740740740741
60,16,71,0.0,0.0,0.36619718309859156
60,17,60,0.0,0.0,0.5666666666666667
60,18,66,0.3484848484848485,0.3484848484848485,0.24242424242424243
60,19,52,0.25,0.25,0.32692307692307687
60,20,92,0.45652173913043476,-0.5326086956521738,0.5326086956521738
60,21,55,0.5454545454545454,0.5454545454545454,0.054545454545454564
60,22,57,0.5614035087719298,0.5614035087719298,0.21052631578947367
60,23,46,0.43478260869565216,0.43478260869565216,0.10869565217391303
60,24,48,0.2708333333333333,0.06249999999999997,0.125
60,25,81,0.41975308641975306,0.41975308641975306,0.07407407407407407
60,26,73,0.6575342465753424,0.6575342465753424,0.2465753424657534
61,0,51,0.0,-0.6666666666666666,0.6666666666666666
61,1,45,0.0,-0.06666666666666667,0.17777777777777778
61,2,51,0.0,0.0,0.21568627450980393
61,3,54,0.0,0.0,0.018518518518518517
61,4,49,0.0,0.0,0.30612244897959184
61,5,53,0.0,0.0,0.37735849056603776
61,6,52,0.0,-0.038461538461538464,0.09615384615384616
61,7,58,0.0,0.0,0.1724137931034483
61,8,62,0.0,-0.6612903225806451,0.8387096774193549
61,9,66,0.0,-0.16666666666666666,0.36363636363636365
61,10,71,0.0,0.0,0.30985915492957744
61,11,68,0.0,0.0,0.4264705882352941
61,12,54,0.0,-0.1111111111111111,0.2777777777777778
61,13,66,0.0,-0.6060606060606061,0.6060606060606061
61,14,60,0.0,0.0,0.3
61,15,54,0.0,-0.018518518518518517,0.5740740740740741
61,16,71,0.0,0.0,0.36619718309859156
61,17,60,0.0,0.0,0.5666666666666667
61,18,66,0.42424242424242425,0.42424242424242425,0.16666666666666669
61,19,52,0.2692307692307692,0.2692307692307692,0.30769230769230765
61,20,92,0.40217391304347827,-0.5869565217391304,0.5869565217391304
61,21,55,0.5818181818181818,0.5818181818181818,0.018181818181818188
61,22,57,0.5789473684210527,0.5789473684210527,0.1929824561403508
61,23,46,0.34782608695652173,0.34782608695652173,0.19565217391304346
61,24,48,0.2916666666666667,0.08333333333333334,0.10416666666666663
61,25,81,0.3950617283950617,0.3950617283950617,0.09876543209876543
61,26,73,0.6575342465753424,0.6575342465753424,0.2465753424657534
62,0,51,0.0,-0.6666666666666666,0.6666666666666666
62,1,45,0.0,-0.06666666666666667,0.17777777777777778
62,2,51,0.0,0.0,0.21568627450980393
62,3,54,0.0,0.0,0.018518518518518517
62,4,49,0.0,0.0,0.30612244897959184
62,5,53,0.0,0.0,0.37735849056603776
62,6,52,0.0,-0.038461538461538464,0.09615384615384616
62,7,58,0.0,0.0,0.1724137931034483
62,8,62,0.0,-0.6612903225806451,0.8387096774193549
62,9,66,0.0,-0.16666666666666666,0.36363636363636365
62,10,71,0.0,0.0,0.30985915492957744
62,11,68,0.0,0.0,0.4264705882352941
62,12,54,0.0,-0.1111111111111111,0.2777777777777778
62,13,66,0.0,-0.6060606060606061,0.6060606060606061
62,14,60,0.0,0.0,0.3
62,15,54,0.0,-0.018518518518518517,0.5740740740740741
62,16,71,0.0,0.0,0.36619718309859156
62,17,60,0.0,0.0,0.5666666666666667
62,18,66,0.4090909090909091,0.4090909090909091,0.18181818181818182
62,19,52,0.3076923076923077,0.3076923076923077,0.26923076923076916
62,20,92,0.45652173913043476,-0.5326086956521738,0.5326086956521738
62,21,55,0.509090909090909,0.509090909090909,0.09090909090909094
62,22,57,0.43859649122807015,0.43859649122807015,0.3333333333333333
62,23,46,0.3695652173913043,0.3695652173913043,0.17391304347826086
62,24,48,0.1875,-0.020833333333333343,0.20833333333333331
62,25,81,0.32098765432098764,0.32098765432098764,0.1728395061728395
62,26,73,0.6986301369863014,0.6986301369863014,0.20547945205479445
63,0,51,0.0,-0.6666666666666666,0.6666666666666666
63,1,45,0.0,-0.06666666666666667,0.17777777777777778
63,2,51,0.0,0.0,0.21568627450980393
63,3,54,0.0,0.0,0.018518518518518517
63,4,49,0.0,0.0,0.30612244897959184
63,5,53,0.0,0.0,0.37735849056603776
63,6,52,0.0,-0.038461538461538464,0.09615384615384616
63,7,58,0.0,0.0,0.1724137931034483
63,8,62,0.0,-0.6612903225806451,0.8387096774193549
63,9,66,0.0,-0.16666666666666666,0.36363636363636365
63,10,71,0.0,0.0,0.30985915492957744
63,11,68,0.0,0.0,0.4264705882352941
63,12,54,0.0,-0.1111111111111111,0.2777777777777778
63,13,66,0.0,-0.6060606060606061,0.6060606060606061
63,14,60,0.0,0.0,0.3
63,15,54,0.0,-0.018518518518518517,0.5740740740740741
63,16,71,0.0,0.0,0.36619718309859156
63,17,60,0.0,0.0,0.5666666666666667
63,18,66,0.4696969696969697,0.4696969696969697,0.12121212121212122
63,19,52,0.2692307692307692,0.2692307692307692,0.30769230769230765
63,20,92,0.391304347826087,-0.5978260869565217,0.5978260869565217
63,21,55,0.5636363636363636,0.5636363636363636,0.036363636363636376
63,22,57,0.5263157894736842,0.5263157894736842,0.24561403508771928
63,23,46,0.32608695652173914,0.32608695652173914,0.21739130434782605
63,24,48,0.2708333333333333,0.06249999999999997,0.125
63,25,81,0.4074074074074074,0.4074074074074074,0.08641975308641975
63,26,73,0.6712328767123288,0.6712328767123288,0.23287671232876705
64,0,51,0.0,-0.6666666666666666,0.6666666666666666
64,1,45,0.0,-0.06666666666666667,0.17777777777777778
64,2,51,0.0,0.0,0.21568627450980393
64,3,54,0.0,0.0,0.018518518518518517
64,4,49,0.0,0.0,0.30612244897959184
64,5,53,0.0,0.0,0.37735849056603776
64,6,52,0.0,-0.038461538461538464,0.09615384615384616
64,7,58,0.0,0.0,0.1724137931034483
64,8,62,0.0,-0.6612903225806451,0.8387096774193549
64,9,66,0.0,-0.16666666666666666,0.36363636363636365
64,10,71,0.0,0.0,0.30985915492957744
64,11,68,0.0,0.0,0.4264705882352941
64,12,54,0.0,-0.1111111111111111,0.2777777777777778
64,13,66,0.0,-0.6060606060606061,0.6060606060606061
64,14,60,0.0,0.0,0.3
64,15,54,0.0,-0.018518518518518517,0.5740740740740741
64,16,71,0.0,0.0,0.36619718309859156
64,17,60,0.0,0.0,0.5666666666666667
64,18,66,0.2727272727272727,0.2727272727272727,0.31818181818181823
64,19,52,0.19230769230769232,0.19230769230769232,0.3846153846153846
64,20,92,0.5760869565217391,-0.4130434782608695,0.4130434782608695
64,21,55,0.4909090909090909,0.4909090909090909,0.10909090909090907
64,22,57,0.45614035087719296,0.45614035087719296,0.3157894736842105
64,23,46,0.45652173913043476,0.45652173913043476,0.08695652173913043
64,24,48,0.20833333333333334,0.0,0.18749999999999997
64,25,81,0.3333333333333333,0.3333333333333333,0.16049382716049382
64,26,73,0.6712328767123288,0.6712328767123288,0.23287671232876705
65,0,51,0.0,-0.6666666666666666,0.6666666666666666
65,1,45,0.0,-0.06666666666666667,0.17777777777777778
65,2,51,0.0,0.0,0.21568627450980393
65,3,54,0.0,0.0,0.018518518518518517
65,4,49,0.0,0.0,0.30612244897959184
65,5,53,0.0,0.0,0.37735849056603776
65,6,52,0.0,-0.038461538461538464,0.09615384615384616
65,7,58,0.0,0.0,0.1724137931034483
65,8,62,0.0,-0.6612903225806451,0.8387096774193549
65,9,66,0.0,-0.16666666666666666,0.36363636363636365
65,10,71,0.0,0.0,0.30985915492957744
65,11,68,0.0,0.0,0.4264705882352941
65,12,54,0.0,-0.1111111111111111,0.2777777777777778
65,13,66,0.0,-0.6060606060606061,0.6060606060606061
65,14,60,0.0,0.0,0.3
65,15,54,0.0,-0.018518518518518517,0.5740740740740741
65,16,71,0.0,0.0,0.36619718309859156
65,17,60,0.0,0.0,0.5666666666666667
65,18,66,0.36363636363636365,0.36363636363636365,0.2272727272727273
65,19,52,0.36538461538461536,0.36538461538461536,0.2115384615384615
65,20,92,0.42391304347826086,-0.5652173913043478,0.5652173913043478
65,21,55,0.5818181818181818,0.5818181818181818,0.018181818181818188
65,22,57,0.543859649122807,0.543859649122807,0.22807017543859642
65,23,46,0.32608695652173914,0.32608695652173914,0.21739130434782605
65,24,48,0.2708333333333333,0.06249999999999997,0.125
65,25,81,0.345679012345679,0.345679012345679,0.14814814814814814
65,26,73,0.6712328767123288,0.6712328767123288,0.23287671232876705
66,0,51,0.0,-0.6666666666666666,0.6666666666666666
66,1,45,0.0,-0.06666666666666667,0.17777777777777778
66,2,51,0.0,0.0,0.21568627450980393
66,3,54,0.0,0.0,0.018518518518518517
66,4,49,0.0,0.0,0.30612244897959184
66,5,53,0.0,0.0,0.37735849056603776
66,6,52,0.0,-0.038461538461538464,0.09615384615384616
66,7,58,0.0,0.0,0.1724137931034483
66,8,62,0.0,-0.6612903225806451,0.8387096774193549
66,9,66,0.0,-0.16666666666666666,0.36363636363636365
66,10,71,0.0,0.0,0.30985915492957744
66,11,68,0.0,0.0,0.4264705882352941
66,12,54,0.0,-0.1111111111111111,0.2777777777777778
66,13,66,0.0,-0.6060606060606061,0.6060606060606061
66,14,60,0.0,0.0,0.3
66,15,54,0.0,-0.018518518518518517,0.5740740740740741
66,16,71,0.0,0.0,0.36619718309859156
66,17,60,0.0,0.0,0.5666666666666667
66,18,66,0.36363636363636365,0.36363636363636365,0.2272727272727273
66,19,52,0.25,0.25,0.32692307692307687
66,20,92,0.4891304347826087,-0.49999999999999994,0.49999999999999994
66,21,55,0.45454545454545453,0.45454545454545453,0.14545454545454545
66,22,57,0.5087719298245614,0.5087719298245614,0.26315789473684204
66,23,46,0.30434782608695654,0.30434782608695654,0.23913043478260865
66,24,48,0.14583333333333334,-0.0625,0.24999999999999997
66,25,81,0.345679012345679,0.345679012345679,0.14814814814814814
66,26,73,0.726027397260274,0.726027397260274,0.17808219178082185
67,0,51,0.0,-0.6666666666666666,0.6666666666666666
67,1,45,0.0,-0.06666666666666667,0.17777777777777778
67,2,51,0.0,0.0,0.21568627450980393
67,3,54,0.0,0.0,0.018518518518518517
67,4,49,0.0,0.0,0.30612244897959184
67,5,53,0.0,0.0,0.37735849056603776
67,6,52,0.0,-0.038461538461538464,0.09615384615384616
67,7,58,0.0,0.0,0.1724137931034483
67,8,62,0.0,-0.6612903225806451,0.8387096774193549
67,9,66,0.0,-0.16666666666666666,0.36363636363636365
67,10,71,0.0,0.0,0.30985915492957744
67,11,68,0.0,0.0,0.4264705882352941
67,12,54,0.0,-0.1111111111111111,0.2777777777777778
67,13,66,0.0,-0.6060606060606061,0.6060606060606061
67,14,60,0.0,0.0,0.3
67,15,54,0.0,-0.018518518518518517,0.5740740740740741
67,16,71,0.0,0.0,0.36619718309859156
67,17,60,0.0,0.0,0.5666666666666667
67,18,66,0.4393939393939394,0.4393939393939394,0.15151515151515155
67,19,52,0.34615384615384615,0.34615384615384615,0.23076923076923073
67,20,92,0.391304347826087,-0.5978260869565217,0.5978260869565217
67,21,55,0.4727272727272727,0.4727272727272727,0.12727272727272726
67,22,57,0.5789473684210527,0.5789473684210527,0.1929824561403508
67,23,46,0.391304347826087,0.391304347826087,0.15217391304347822
67,24,48,0.22916666666666666,0.020833333333333315,0.16666666666666666
67,25,81,0.345679012345679,0.345679012345679,0.14814814814814814
67,26,73,0.6575342465753424,0.6575342465753424,0.2465753424657534
68,0,51,0.0,-0.6666666666666666,0.6666666666666666
68,1,45,0.0,-0.06666666666666667,0.17777777777777778
68,2,51,0.0,0.0,0.21568627450980393
68,3,54,0.0,0.0,0.018518518518518517
68,4,49,0.0,0.0,0.30612244897959184
68,5,53,0.0,0.0,0.37735849056603776
68,6,52,0.0,-0.038461538461538464,0.09615384615384616
68,7,58,0.0,0.0,0.1724137931034483
68,8,62,0.0,-0.6612903225806451,0.8387096774193549
68,9,66,0.0,-0.16666666666666666,0.36363636363636365
68,10,71,0.0,0.0,0.30985915492957744
68,11,68,0.0,0.0,0.4264705882352941
68,12,54,0.0,-0.1111111111111111,0.2777777777777778
68,13,66,0.0,-0.6060606060606061,0.6060606060606061
68,14,60,0.0,0.0,0.3
68,15,54,0.0,-0.018518518518518517,0.5740740740740741
68,16,71,0.0,0.0,0.36619718309859156
68,17,60,0.0,0.0,0.5666666666666667
68,18,66,0.42424242424242425,0.42424242424242425,0.16666666666666669
68,19,52,0.2692307692307692,0.2692307692307692,0.30769230769230765
68,20,92,0.44565217391304346,-0.5434782608695652,0.5434782608695652
68,21,55,0.41818181818181815,0.41818181818181815,0.18181818181818182
68,22,57,0.543859649122807,0.543859649122807,0.22807017543859642
68,23,46,0.34782608695652173,0.34782608695652173,0.19565217391304346
68,24,48,0.16666666666666666,-0.041666666666666685,0.22916666666666666
68,25,81,0.25925925925925924,0.25925925925925924,0.2345679012345679
68,26,73,0.6712328767123288,0.6712328767123288,0.23287671232876705
69,0,51,0.0,-0.6666666666666666,0.6666666666666666
69,1,45,0.0,-0.06666666666666667,0.17777777777777778
69,2,51,0.0,0.0,0.21568627450980393
69,3,54,0.0,0.0,0.018518518518518517
69,4,49,0.0,0.0,0.30612244897959184
69,5,53,0.0,0.0,0.37735849056603776
69,6,52,0.0,-0.038461538461538464,0.09615384615384616
69,7,58,0.0,0.0,0.1724137931034483
69,8,62,0.0,-0.6612903225806451,0.8387096774193549
69,9,66,0.0,-0.16666666666666666,0.36363636363636365
69,10,71,0.0,0.0,0.30985915492957744
69,11,68,0.0,0.0,0.4264705882352941
69,12,54,0.0,-0.1111111111111111,0.2777777777777778
69,13,66,0.0,-0.6060606060606061,0.6060606060606061
69,14,60,0.0,0.0,0.3
69,15,54,0.0,-0.018518518518518517,0.5740740740740741
69,16,71,0.0,0.0,0.36619718309859156
69,17,60,0.0,0.0,0.5666666666666667
69,18,66,0.45454545454545453,0.45454545454545453,0.1363636363636364
69,19,52,0.25,0.25,0.32692307692307687
69,20,92,0.41304347826086957,-0.576086956521739,0.576086956521739
69,21,55,0.4909090909090909,0.4909090909090909,0.10909090909090907
69,22,57,0.40350877192982454,0.40350877192982454,0.3684210526315789
69,23,46,0.391304347826087,0.391304347826087,0.15217391304347822
69,24,48,0.2708333333333333,0.06249999999999997,0.125
69,25,81,0.41975308641975306,0.41975308641975306,0.07407407407407407
69,26,73,0.6438356164383562,0.6438356164383562,0.26027397260273966
70,0,51,0.0,-0.6666666666666666,0.6666666666666666
70,1,45,0.0,-0.06666666666666667,0.17777777777777778
70,2,51,0.0,0.0,0.21568627450980393
70,3,54,0.0,0.0,0.018518518518518517
70,4,49,0.0,0.0,0.30612244897959184
70,5,53,0.0,0.0,0.37735849056603776
70,6,52,0.0,-0.038461538461538464,0.09615384615384616
70,7,58,0.0,0.0,0.1724137931034483
70,8,62,0.0,-0.6612903225806451,0.8387096774193549
70,9,66,0.0,-0.16666666666666666,0.36363636363636365
70,10,71,0.0,0.0,0.30985915492957744
70,11,68,0.0,0.0,0.4264705882352941
70,12,54,0.0,-0.1111111111111111,0.2777777777777778
70,13,66,0.0,-0.6060606060606061,0.6060606060606061
70,14,60,0.0,0.0,0.3
70,15,54,0.0,-0.018518518518518517,0.5740740740740741
70,16,71,0.0,0.0,0.36619718309859156
70,17,60,0.0,0.0,0.5666666666666667
70,18,66,0.36363636363636365,0.36363636363636365,0.2272727272727273
70,19,52,0.19230769230769232,0.19230769230769232,0.3846153846153846
70,20,92,0.4782608695652174,-0.5108695652173912,0.5108695652173912
70,21,55,0.45454545454545453,0.45454545454545453,0.14545454545454545
70,22,57,0.49122807017543857,0.49122807017543857,0.2807017543859649
70,23,46,0.3695652173913043,0.3695652173913043,0.17391304347826086
70,24,48,0.22916666666666666,0.020833333333333315,0.16666666666666666
70,25,81,0.3333333333333333,0.3333333333333333,0.16049382716049382
70,26,73,0.684931506849315,0.684931506849315,0.2191780821917808
71,0,51,0.0,-0.6666666666666666,0.6666666666666666
71,1,45,0.0,-0.06666666666666667,0.17777777777777778
71,2,51,0.0,0.0,0.21568627450980393
71,3,54,0.0,0.0,0.018518518518518517
71,4,49,0.0,0.0,0.30612244897959184
71,5,53,0.0,0.0,0.37735849056603776
71,6,52,0.0,-0.038461538461538464,0.09615384615384616
71,7,58,0.0,0.0,0.1724137931034483
71,8,62,0.0,-0.6612903225806451,0.8387096774193549
71,9,66,0.0,-0.16666666666666666,0.36363636363636365
71,10,71,0.0,0.0,0.30985915492957744
71,11,68,0.0,0.0,0.4264705882352941
71,12,54,0.0,-0.1111111111111111,0.2777777777777778
71,13,66,0.0,-0.6060606060606061,0.6060606060606061
71,14,60,0.0,0.0,0.3
71,15,54,0.0,-0.018518518518518517,0.5740740740740741
71,16,71,0.0,0.0,0.36619718309859156
71,17,60,0.0,0.0,0.5666666666666667
71,18,66,0.3939393939393939,0.3939393939393939,0.19696969696969702
71,19,52,0.3269230769230769,0.3269230769230769,0.24999999999999994
71,20,92,0.41304347826086957,-0.576086956521739,0.576086956521739
71,21,55,0.4727272727272727,0.4727272727272727,0.12727272727272726
71,22,57,0.6666666666666666,0.6666666666666666,0.10526315789473684
71,23,46,0.391304347826087,0.391304347826087,0.15217391304347822
71,24,48,0.22916666666666666,0.020833333333333315,0.16666666666666666
71,25,81,0.345679012345679,0.345679012345679,0.14814814814814814
71,26,73,0.6027397260273972,0.6027397260273972,0.3013698630136986
72,0,51,0.0,-0.6666666666666666,0.6666666666666666
72,1,45,0.0,-0.06666666666666667,0.17777777777777778
72,2,51,0.0,0.0,0.21568627450980393
72,3,54,0.0,0.0,0.018518518518518517
72,4,49,0.0,0.0,0.30612244897959184
72,5,53,0.0,0.0,0.37735849056603776
72,6,52,0.0,-0.038461538461538464,0.09615384615384616
72,7,58,0.0,0.0,0.1724137931034483
72,8,62,0.0,-0.6612903225806451,0.8387096774193549
72,9,66,0.0,-0.16666666666666666,0.36363636363636365
72,10,71,0.0,0.0,0.30985915492957744
72,11,68,0.0,0.0,0.4264705882352941
72,12,54,0.0,-0.1111111111111111,0.2777777777777778
72,13,66,0.0,-0.6060606060606061,0.6060606060606061
72,14,60,0.0,0.0,0.3
72,15,54,0.0,-0.018518518518518517,0.5740740740740741
72,16,71,0.0,0.0,0.36619718309859156
72,17,60,0.0,0.0,0.5666666666666667
72,18,66,0.4696969696969697,0.4696969696969697,0.12121212121212122
72,19,52,0.3076923076923077,0.3076923076923077,0.26923076923076916
72,20,92,0.32608695652173914,-0.6630434782608695,0.6630434782608695
72,21,55,0.6545454545454545,0.6545454545454545,0.0
72,22,57,0.42105263157894735,0.42105263157894735,0.3508771929824561
72,23,46,0.41304347826086957,0.41304347826086957,0.13043478260869562
72,24,48,0.2708333333333333,0.06249999999999997,0.125
72,25,81,0.30864197530864196,0.30864197530864196,0.18518518518518517
72,26,73,0.6712328767123288,0.6712328767123288,0.23287671232876705
73,0,51,0.0,-0.6666666666666666,0.6666666666666666
73,1,45,0.0,-0.06666666666666667,0.17777777777777778
73,2,51,0.0,0.0,0.21568627450980393
73,3,54,0.0,0.0,0.018518518518518517
73,4,49,0.0,0.0,0.30612244897959184
73,5,53,0.0,0.0,0.37735849056603776
73,6,52,0.0,-0.038461538461538464,0.09615384615384616
73,7,58,0.0,0.0,0.1724137931034483
73,8,62,0.0,-0.6612903225806451,0.8387096774193549
73,9,66,0.0,-0.16666666666666666,0.36363636363636365
73,10,71,0.0,0.0,0.30985915492957744
73,11,68,0.0,0.0,0.4264705882352941
73,12,54,0.0,-0.1111111111111111,0.2777777777777778
73,13,66,0.0,-0.6060606060606061,0.6060606060606061
73,14,60,0.0,0.0,0.3
73,15,54,0.0,-0.018518518518518517,0.5740740740740741
73,16,71,0.0,0.0,0.36619718309859156
73,17,60,0.0,0.0,0.5666666666666667
73,18,66,0.24242424242424243,0.24242424242424243,0.3484848484848485
73,19,52,0.17307692307692307,0.17307692307692307,0.4038461538461538
73,20,92,0.5543478260869565,-0.4347826086956521,0.4347826086956521
73,21,55,0.45454545454545453,0.45454545454545453,0.2
73,22,57,0.5789473684210527,0.5789473684210527,0.1929824561403508
73,23,46,0.34782608695652173,0.34782608695652173,0.19565217391304346
73,24,48,0.22916666666666666,0.020833333333333315,0.16666666666666666
73,25,81,0.30864197530864196,0.30864197530864196,0.18518518518518517
73,26,73,0.7123287671232876,0.7123287671232876,0.1917808219178082
74,0,51,0.0,-0.6666666666666666,0.6666666666666666
74,1,45,0.0,-0.06666666666666667,0.17777777777777778
74,2,51,0.0,0.0,0.21568627450980393
74,3,54,0.0,0.0,0.018518518518518517
74,4,49,0.0,0.0,0.30612244897959184
74,5,53,0.0,0.0,0.37735849056603776
74,6,52,0.0,-0.038461538461538464,0.09615384615384616
74,7,58,0.0,0.0,0.1724137931034483
74,8,62,0.0,-0.6612903225806451,0.8387096774193549
74,9,66,0.0,-0.16666666666666666,0.36363636363636365
74,10,71,0.0,0.0,0.30985915492957744
74,11,68,0.0,0.0,0.4264705882352941
74,12,54,0.0,-0.1111111111111111,0.2777777777777778
74,13,66,0.0,-0.6060606060606061,0.6060606060606061
74,14,60,0.0,0.0,0.3
74,15,54,0.0,-0.018518518518518517,0.5740740740740741
74,16,71,0.0,0.0,0.36619718309859156
74,17,60,0.0,0.0,0.5666666666666667
74,18,66,0.2727272727272727,0.2727272727272727,0.31818181818181823
74,19,52,0.3076923076923077,0.3076923076923077,0.26923076923076916
74,20,92,0.532608695652174,-0.4565217391304347,0.4565217391304347
74,21,55,0.4727272727272727,0.4727272727272727,0.18181818181818182
74,22,57,0.3684210526315789,0.3684210526315789,0.40350877192982454
74,23,46,0.3695652173913043,0.3695652173913043,0.17391304347826086
74,24,48,0.16666666666666666,-0.041666666666666685,0.22916666666666666
74,25,81,0.2222222222222222,0.2222222222222222,0.2716049382716049
74,26,73,0.6712328767123288,0.6712328767123288,0.23287671232876705
75,0,51,0.0,-0.6666666666666666,0.6666666666666666
75,1,45,0.0,-0.06666666666666667,0.17777777777777778
75,2,51,0.0,0.0,0.21568627450980393
75,3,54,0.0,0.0,0.018518518518518517
75,4,49,0.0,0.0,0.30612244897959184
75,5,53,0.0,0.0,0.37735849056603776
75,6,52,0.0,-0.038461538461538464,0.09615384615384616
75,7,58,0.0,0.0,0.1724137931034483
75,8,62,0.0,-0.6612903225806451,0.8387096774193549
75,9,66,0.0,-0.16666666666666666,0.36363636363636365
75,10,71,0.0,0.0,0.30985915492957744
75,11,68,0.0,0.0,0.4264705882352941
75,12,54,0.0,-0.1111111111111111,0.2777777777777778
75,13,66,0.0,-0.6060606060606061,0.6060606060606061
75,14,60,0.0,0.0,0.3
75,15,54,0.0,-0.018518518518518517,0.5740740740740741
75,16,71,0.0,0.0,0.36619718309859156
75,17,60,0.0,0.0,0.5666666666666667
75,18,66,0.3181818181818182,0.3181818181818182,0.27272727272727276
75,19,52,0.3269230769230769,0.3269230769230769,0.24999999999999994
75,20,92,0.43478260869565216,-0.5543478260869565,0.5543478260869565
75,21,55,0.509090909090909,0.509090909090909,0.1454545454545455
75,22,57,0.49122807017543857,0.49122807017543857,0.2807017543859649
75,23,46,0.34782608695652173,0.34782608695652173,0.19565217391304346
75,24,48,0.20833333333333334,0.0,0.18749999999999997
75,25,81,0.3333333333333333,0.3333333333333333,0.16049382716049382
75,26,73,0.6712328767123288,0.6712328767123288,0.23287671232876705
76,0,51,0.0,-0.6666666666666666,0.6666666666666666
76,1,45,0.0,-0.06666666666666667,0.17777777777777778
76,2,51,0.0,0.0,0.21568627450980393
76,3,54,0.0,0.0,0.018518518518518517
76,4,49,0.0,0.0,0.30612244897959184
76,5,53,0.0,0.0,0.37735849056603776
76,6,52,0.0,-0.038461538461538464,0.09615384615384616
76,7,58,0.0,0.0,0.1724137931034483
76,8,62,0.0,-0.6612903225806451,0.8387096774193549
76,9,66,0.0,-0.16666666666666666,0.36363636363636365
76,10,71,0.0,0.0,0.30985915492957744
76,11,68,0.0,0.0,0.4264705882352941
76,12,54,0.0,-0.1111111111111111,0.2777777777777778
76,13,66,0.0,-0.6060606060606061,0.6060606060606061
76,14,60,0.0,0.0,0.3
76,15,54,0.0,-0.018518518518518517,0.5740740740740741
76,16,71,0.0,0.0,0.36619718309859156
76,17,60,0.0,0.0,0.5666666666666667
76,18,66,0.2878787878787879,0.2878787878787879,0.30303030303030304
76,19,52,0.25,0.25,0.32692307692307687
76,20,92,0.4782608695652174,-0.5108695652173912,0.5108695652173912
76,21,55,0.45454545454545453,0.45454545454545453,0.2
76,22,57,0.5087719298245614,0.5087719298245614,0.26315789473684204
76,23,46,0.2826086956521739,0.2826086956521739,0.2608695652173913
76,24,48,0.25,0.04166666666666666,0.14583333333333331
76,25,81,0.3333333333333333,0.3333333333333333,0.16049382716049382
76,26,73,0.7534246575342466,0.7534246575342466,0.15068493150684925
77,0,51,0.0,-0.6666666666666666,0.6666666666666666
77,1,45,0.0,-0.06666666666666667,0.17777777777777778
77,2,51,0.0,0.0,0.21568627450980393
77,3,54,0.0,0.0,0.018518518518518517
77,4,49,0.0,0.0,0.30612244897959184
77,5,53,0.0,0.0,0.37735849056603776
77,6,52,0.0,-0.038461538461538464,0.09615384615384616
77,7,58,0.0,0.0,0.1724137931034483
77,8,62,0.0,-0.6612903225806451,0.8387096774193549
77,9,66,0.0,-0.16666666666666666,0.36363636363636365
77,10,71,0.0,0.0,0.30985915492957744
77,11,68,0.0,0.0,0.4264705882352941
77,12,54,0.0,-0.1111111111111111,0.2777777777777778
77,13,66,0.0,-0.6060606060606061,0.6060606060606061
77,14,60,0.0,0.0,0.3
77,15,54,0.0,-0.018518518518518517,0.5740740740740741
77,16,71,0.0,0.0,0.36619718309859156
77,17,60,0.0,0.0,0.5666666666666667
77,18,66,0.36363636363636365,0.36363636363636365,0.2272727272727273
77,19,52,0.36538461538461536,0.36538461538461536,0.2115384615384615
77,20,92,0.44565217391304346,-0.5434782608695652,0.5434782608695652
77,21,55,0.509090909090909,0.509090909090909,0.1454545454545455
77,22,57,0.43859649122807015,0.43859649122807015,0.3333333333333333
77,23,46,0.30434782608695654,0.30434782608695654,0.23913043478260865
77,24,48,0.1875,-0.020833333333333343,0.20833333333333331
77,25,81,0.30864197530864196,0.30864197530864196,0.18518518518518517
77,26,73,0.7123287671232876,0.7123287671232876,0.1917808219178082
78,0,51,0.0,-0.6666666666666666,0.6666666666666666
78,1,45,0.0,-0.06666666666666667,0.17777777777777778
78,2,51,0.0,0.0,0.21568627450980393
78,3,54,0.0,0.0,0.018518518518518517
78,4,49,0.0,0.0,0.30612244897959184
78,5,53,0.0,0.0,0.37735849056603776
78,6,52,0.0,-0.038461538461538464,0.09615384615384616
78,7,58,0.0,0.0,0.1724137931034483
78,8,62,0.0,-0.6612903225806451,0.8387096774193549
78,9,66,0.0,-0.16666666666666666,0.36363636363636365
78,10,71,0.0,0.0,0.30985915492957744
78,11,68,0.0,0.0,0.4264705882352941
78,12,54,0.0,-0.1111111111111111,0.2777777777777778
78,13,66,0.0,-0.6060606060606061,0.6060606060606061
78,14,60,0.0,0.0,0.3
78,15,54,0.0,-0.018518518518518517,0.5740740740740741
78,16,71,0.0,0.0,0.36619718309859156
78,17,60,0.0,0.0,0.5666666666666667
78,18,66,0.36363636363636365,0.36363636363636365,0.2272727272727273
78,19,52,0.3269230769230769,0.3269230769230769,0.24999999999999994
78,20,92,0.42391304347826086,-0.5652173913043478,0.5652173913043478
78,21,55,0.509090909090909,0.509090909090909,0.1454545454545455
78,22,57,0.49122807017543857,0.49122807017543857,0.2807017543859649
78,23,46,0.30434782608695654,0.30434782608695654,0.23913043478260865
78,24,48,0.25,0.04166666666666666,0.14583333333333331
78,25,81,0.2962962962962963,0.2962962962962963,0.19753086419753085
78,26,73,0.726027397260274,0.726027397260274,0.17808219178082185
79,0,51,0.0,-0.6666666666666666,0.6666666666666666
79,1,45,0.0,-0.06666666666666667,0.17777777777777778
79,2,51,0.0,0.0,0.21568627450980393
79,3,54,0.0,0.0,0.018518518518518517
79,4,49,0.0,0.0,0.30612244897959184
79,5,53,0.0,0.0,0.37735849056603776
79,6,52,0.0,-0.038461538461538464,0.09615384615384616
79,7,58,0.0,0.0,0.1724137931034483
79,8,62,0.0,-0.6612903225806451,0.8387096774193549
79,9,66,0.0,-0.16666666666666666,0.36363636363636365
79,10,71,0.0,0.0,0.30985915492957744
79,11,68,0.0,0.0,0.4264705882352941
79,12,54,0.0,-0.1111111111111111,0.2777777777777778
79,13,66,0.0,-0.6060606060606061,0.6060606060606061
79,14,60,0.0,0.0,0.3
79,15,54,0.0,-0.018518518518518517,0.5740740740740741
79,16,71,0.0,0.0,0.36619718309859156
79,17,60,0.0,0.0,0.5666666666666667
79,18,66,0.22727272727272727,0.22727272727272727,0.36363636363636365
79,19,52,0.2692307692307692,0.2692307692307692,0.30769230769230765
79,20,92,0.5543478260869565,-0.4347826086956521,0.4347826086956521
79,21,55,0.38181818181818183,0.38181818181818183,0.2727272727272727
79,22,57,0.5087719298245614,0.5087719298245614,0.26315789473684204
79,23,46,0.34782608695652173,0.34782608695652173,0.19565217391304346
79,24,48,0.16666666666666666,-0.041666666666666685,0.22916666666666666
79,25,81,0.30864197530864196,0.30864197530864196,0.18518518518518517
79,26,73,0.7123287671232876,0.7123287671232876,0.1917808219178082
80,0,51,0.0,-0.6666666666666666,0.6666666666666666
80,1,45,0.0,-0.06666666666666667,0.17777777777777778
80,2,51,0.0,0.0,0.21568627450980393
80,3,54,0.0,0.0,0.018518518518518517
80,4,49,0.0,0.0,0.30612244897959184
80,5,53,0.0,0.0,0.37735849056603776
80,6,52,0.0,-0.038461538461538464,0.09615384615384616
80,7,58,0.0,0.0,0.1724137931034483
80,8,62,0.0,-0.6612903225806451,0.8387096774193549
80,9,66,0.0,-0.16666666666666666,0.36363636363636365
80,10,71,0.0,0.0,0.30985915492957744
80,11,68,0.0,0.0,0.4264705882352941
80,12,54,0.0,-0.1111111111111111,0.2777777777777778
80,13,66,0.0,-0.6060606060606061,0.6060606060606061
80,14,60,0.0,0.0,0.3
80,15,54,0.0,-0.018518518518518517,0.5740740740740741
80,16,71,0.0,0.0,0.36619718309859156
80,17,60,0.0,0.0,0.5666666666666667
80,18,66,0.24242424242424243,0.24242424242424243,0.3484848484848485
80,19,52,0.28846153846153844,0.28846153846153844,0.28846153846153844
80,20,92,0.5108695652173914,-0.4782608695652173,0.4782608695652173
80,21,55,0.4,0.4,0.2545454545454545
80,22,57,0.5614035087719298,0.5614035087719298,0.21052631578947367
80,23,46,0.3695652173913043,0.3695652173913043,0.17391304347826086
80,24,48,0.2708333333333333,0.06249999999999997,0.125
80,25,81,0.345679012345679,0.345679012345679,0.14814814814814814
80,26,73,0.6712328767123288,0.6712328767123288,0.23287671232876705
81,0,51,0.0,-0.6666666666666666,0.6666666666666666
81,1,45,0.0,-0.06666666666666667,0.17777777777777778
81,2,51,0.0,0.0,0.21568627450980393
81,3,54,0.0,0.0,0.018518518518518517
81,4,49,0.0,0.0,0.30612244897959184
81,5,53,0.0,0.0,0.37735849056603776
81,6,52,0.0,-0.038461538461538464,0.09615384615384616
81,7,58,0.0,0.0,0.1724137931034483
81,8,62,0.0,-0.6612903225806451,0.8387096774193549
81,9,66,0.0,-0.16666666666666666,0.36363636363636365
81,10,71,0.0,0.0,0.30985915492957744
81,11,68,0.0,0.0,0.4264705882352941
81,12,54,0.0,-0.1111111111111111,0.2777777777777778
81,13,66,0.0,-0.6060606060606061,0.6060606060606061
81,14,60,0.0,0.0,0.3
81,15,54,0.0,-0.018518518518518517,0.5740740740740741
81,16,71,0.0,0.0,0.36619718309859156
81,17,60,0.0,0.0,0.5666666666666667
81,18,66,0.2727272727272727,0.2727272727272727,0.31818181818181823
81,19,52,0.2692307692307692,0.2692307692307692,0.30769230769230765
81,20,92,0.5434782608695652,-0.44565217391304346,0.44565217391304346
81,21,55,0.45454545454545453,0.45454545454545453,0.2
81,22,57,0.40350877192982454,0.40350877192982454,0.3684210526315789
81,23,46,0.2826086956521739,0.2826086956521739,0.2608695652173913
81,24,48,0.14583333333333334,-0.0625,0.24999999999999997
81,25,81,0.37037037037037035,0.37037037037037035,0.12345679012345678
81,26,73,0.684931506849315,0.684931506849315,0.2191780821917808
82,0,51,0.0,-0.6666666666666666,0.6666666666666666
82,1,45,0.0,-0.06666666666666667,0.17777777777777778
82,2,51,0.0,0.0,0.21568627450980393
82,3,54,0.0,0.0,0.018518518518518517
82,4,49,0.0,0.0,0.30612244897959184
82,5,53,0.0,0.0,0.37735849056603776
82,6,52,0.0,-0.038461538461538464,0.09615384615384616
82,7,58,0.0,0.0,0.1724137931034483
82,8,62,0.0,-0.6612903225806451,0.8387096774193549
82,9,66,0.0,-0.16666666666666666,0.36363636363636365
82,10,71,0.0,0.0,0.30985915492957744
82,11,68,0.0,0.0,0.4264705882352941
82,12,54,0.0,-0.1111111111111111,0.2777777777777778
82,13,66,0.0,-0.6060606060606061,0.6060606060606061
82,14,60,0.0,0.0,0.3
82,15,54,0.0,-0.018518518518518517,0.5740740740740741
82,16,71,0.0,0.0,0.36619718309859156
82,17,60,0.0,0.0,0.5666666666666667
82,18,66,0.19696969696969696,0.19696969696969696,0.393939393939394
82,19,52,0.28846153846153844,0.28846153846153844,0.28846153846153844
82,20,92,0.5543478260869565,-0.4347826086956521,0.4347826086956521
82,21,55,0.43636363636363634,0.43636363636363634,0.2181818181818182
82,22,57,0.43859649122807015,0.43859649122807015,0.3333333333333333
82,23,46,0.30434782608695654,0.30434782608695654,0.23913043478260865
82,24,48,0.20833333333333334,0.0,0.18749999999999997
82,25,81,0.37037037037037035,0.37037037037037035,0.12345679012345678
82,26,73,0.7397260273972602,0.7397260273972602,0.1643835616438356
83,0,51,0.0,-0.6666666666666666,0.6666666666666666
83,1,45,0.0,-0.06666666666666667,0.17777777777777778
83,2,51,0.0,0.0,0.21568627450980393
83,3,54,0.0,0.0,0.018518518518518517
83,4,49,0.0,0.0,0.30612244897959184
83,5,53,0.0,0.0,0.37735849056603776
83,6,52,0.0,-0.038461538461538464,0.09615384615384616
83,7,58,0.0,0.0,0.1724137931034483
83,8,62,0.0,-0.6612903225806451,0.8387096774193549
83,9,66,0.0,-0.16666666666666666,0.36363636363636365
83,10,71,0.0,0.0,0.30985915492957744
83,11,68,0.0,0.0,0.4264705882352941
83,12,54,0.0,-0.1111111111111111,0.2777777777777778
83,13,66,0.0,-0.6060606060606061,0.6060606060606061
83,14,60,0.0,0.0,0.3
83,15,54,0.0,-0.018518518518518517,0.5740740740740741
83,16,71,0.0,0.0,0.36619718309859156
83,17,60,0.0,0.0,0.5666666666666667
83,18,66,0.30303030303030304,0.30303030303030304,0.2878787878787879
83,19,52,0.28846153846153844,0.28846153846153844,0.28846153846153844
83,20,92,0.532608695652174,-0.4565217391304347,0.4565217391304347
83,21,55,0.41818181818181815,0.41818181818181815,0.2363636363636364
83,22,57,0.5614035087719298,0.5614035087719298,0.21052631578947367
83,23,46,0.43478260869565216,0.43478260869565216,0.10869565217391303
83,24,48,0.20833333333333334,0.0,0.18749999999999997
83,25,81,0.35802469135802467,0.35802469135802467,0.13580246913580246
83,26,73,0.6712328767123288,0.6712328767123288,0.23287671232876705
84,0,51,0.0,-0.6666666666666666,0.6666666666666666
84,1,45,0.0,-0.06666666666666667,0.17777777777777778
84,2,51,0.0,0.0,0.21568627450980393
84,3,54,0.0,0.0,0.018518518518518517
84,4,49,0.0,0.0,0.30612244897959184
84,5,53,0.0,0.0,0.37735849056603776
84,6,52,0.0,-0.038461538461538464,0.09615384615384616
84,7,58,0.0,0.0,0.1724137931034483
84,8,62,0.0,-0.6612903225806451,0.8387096774193549
84,9,66,0.0,-0.16666666666666666,0.36363636363636365
84,10,71,0.0,0.0,0.30985915492957744
84,11,68,0.0,0.0,0.4264705882352941
84,12,54,0.0,-0.1111111111111111,0.2777777777777778
84,13,66,0.0,-0.6060606060606061,0.6060606060606061
84,14,60,0.0,0.0,0.3
84,15,54,0.0,-0.018518518518518517,0.5740740740740741
84,16,71,0.0,0.0,0.36619718309859156
84,17,60,0.0,0.0,0.5666666666666667
84,18,66,0.25757575757575757,0.25757575757575757,0.33333333333333337
84,19,52,0.28846153846153844,0.28846153846153844,0.28846153846153844
84,20,92,0.532608695652174,-0.4565217391304347,0.4565217391304347
84,21,55,0.45454545454545453,0.45454545454545453,0.2
84,22,57,0.3684210526315789,0.3684210526315789,0.40350877192982454
84,23,46,0.391304347826087,0.391304347826087,0.15217391304347822
84,24,48,0.14583333333333334,-0.0625,0.24999999999999997
84,25,81,0.2222222222222222,0.2222222222222222,0.2716049382716049
84,26,73,0.7123287671232876,0.7123287671232876,0.1917808219178082
85,0,51,0.0,-0.6666666666666666,0.6666666666666666
85,1,45,0.0,-0.06666666666666667,0.17777777777777778
85,2,51,0.0,0.0,0.21568627450980393
85,3,54,0.0,0.0,0.018518518518518517
85,4,49,0.0,0.0,0.30612244897959184
85,5,53,0.0,0.0,0.37735849056603776
85,6,52,0.0,-0.038461538461538464,0.09615384615384616
85,7,58,0.0,0.0,0.1724137931034483
85,8,62,0.0,-0.6612903225806451,0.8387096774193549
85,9,66,0.0,-0.16666666666666666,0.36363636363636365
85,10,71,0.0,0.0,0.30985915492957744
85,11,68,0.0,0.0,0.4264705882352941
85,12,54,0.0,-0.1111111111111111,0.2777777777777778
85,13,66,0.0,-0.6060606060606061,0.6060606060606061
85,14,60,0.0,0.0,0.3
85,15,54,0.0,-0.018518518518518517,0.5740740740740741
85,16,71,0.0,0.0,0.36619718309859156
85,17,60,0.0,0.0,0.5666666666666667
85,18,66,0.36363636363636365,0.36363636363636365,0.2272727272727273
85,19,52,0.3269230769230769,0.3269230769230769,0.24999999999999994
85,20,92,0.44565217391304346,-0.5434782608695652,0.5434782608695652
85,21,55,0.38181818181818183,0.38181818181818183,0.2727272727272727
85,22,57,0.5964912280701754,0.5964912280701754,0.17543859649122806
85,23,46,0.41304347826086957,0.41304347826086957,0.13043478260869562
85,24,48,0.22916666666666666,0.020833333333333315,0.16666666666666666
85,25,81,0.30864197530864196,0.30864197530864196,0.18518518518518517
85,26,73,0.6712328767123288,0.6712328767123288,0.23287671232876705
86,0,51,0.0,-0.6666666666666666,0.6666666666666666
86,1,45,0.0,-0.06666666666666667,0.17777777777777778
86,2,51,0.0,0.0,0.21568627450980393
86,3,54,0.0,0.0,0.018518518518518517
86,4,49,0.0,0.0,0.30612244897959184
86,5,53,0.0,0.0,0.37735849056603776
86,6,52,0.0,-0.038461538461538464,0.09615384615384616
86,7,58,0.0,0.0,0.1724137931034483
86,8,62,0.0,-0.6612903225806451,0.8387096774193549
86,9,66,0.0,-0.16666666666666666,0.36363636363636365
86,10,71,0.0,0.0,0.30985915492957744
86,11,68,0.0,0.0,0.4264705882352941
86,12,54,0.0,-0.1111111111111111,0.2777777777777778
86,13,66,0.0,-0.6060606060606061,0.6060606060606061
86,14,60,0.0,0.0,0.3
86,15,54,0.0,-0.018518518518518517,0.5740740740740741
86,16,71,0.0,0.0,0.36619718309859156
86,17,60,0.0,0.0,0.5666666666666667
86,18,66,0.3333333333333333,0.3333333333333333,0.2575757575757576
86,19,52,0.28846153846153844,0.28846153846153844,0.28846153846153844
86,20,92,0.5217391304347826,-0.46739130434782605,0.46739130434782605
86,21,55,0.38181818181818183,0.38181818181818183,0.2727272727272727
86,22,57,0.3333333333333333,0.3333333333333333,0.43859649122807015
86,23,46,0.32608695652173914,0.32608695652173914,0.21739130434782605
86,24,48,0.20833333333333334,0.0,0.18749999999999997
86,25,81,0.2962962962962963,0.2962962962962963,0.19753086419753085
86,26,73,0.6986301369863014,0.6986301369863014,0.20547945205479445
87,0,51,0.0,-0.6666666666666666,0.6666666666666666
87,1,45,0.0,-0.06666666666666667,0.17777777777777778
87,2,51,0.0,0.0,0.21568627450980393
87,3,54,0.0,0.0,0.018518518518518517
87,4,49,0.0,0.0,0.30612244897959184
87,5,53,0.0,0.0,0.37735849056603776
87,6,52,0.0,-0.038461538461538464,0.09615384615384616
87,7,58,0.0,0.0,0.1724137931034483
87,8,62,0.0,-0.6612903225806451,0.8387096774193549
87,9,66,0.0,-0.16666666666666666,0.36363636363636365
87,10,71,0.0,0.0,0.30985915492957744
87,11,68,0.0,0.0,0.4264705882352941
87,12,54,0.0,-0.1111111111111111,0.2777777777777778
87,13,66,0.0,-0.6060606060606061,0.6060606060606061
87,14,60,0.0,0.0,0.3
87,15,54,0.0,-0.018518518518518517,0.5740740740740741
87,16,71,0.0,0.0,0.36619718309859156
87,17,60,0.0,0.0,0.5666666666666667
87,18,66,0.3181818181818182,0.3181818181818182,0.27272727272727276
87,19,52,0.34615384615384615,0.34615384615384615,0.23076923076923073
87,20,92,0.4673913043478261,-0.5217391304347825,0.5217391304347825
87,21,55,0.43636363636363634,0.43636363636363634,0.2181818181818182
87,22,57,0.5263157894736842,0.5263157894736842,0.24561403508771928
87,23,46,0.32608695652173914,0.32608695652173914,0.21739130434782605
87,24,48,0.14583333333333334,-0.0625,0.24999999999999997
87,25,81,0.2839506172839506,0.2839506172839506,0.20987654320987653
87,26,73,0.6575342465753424,0.6575342465753424,0.2465753424657534
88,0,51,0.0,-0.6666666666666666,0.6666666666666666
88,1,45,0.0,-0.06666666666666667,0.17777777777777778
88,2,51,0.0,0.0,0.21568627450980393
88,3,54,0.0,0.0,0.018518518518518517
88,4,49,0.0,0.0,0.30612244897959184
88,5,53,0.0,0.0,0.37735849056603776
88,6,52,0.0,-0.038461538461538464,0.09615384615384616
88,7,58,0.0,0.0,0.1724137931034483
88,8,62,0.0,-0.6612903225806451,0.8387096774193549
88,9,66,0.0,-0.16666666666666666,0.36363636363636365
88,10,71,0.0,0.0,0.30985915492957744
88,11,68,0.0,0.0,0.4264705882352941
88,12,54,0.0,-0.1111111111111111,0.2777777777777778
88,13,66,0.0,-0.6060606060606061,0.6060606060606061
88,14,60,0.0,0.0,0.3
88,15,54,0.0,-0.018518518518518517,0.5740740740740741
88,16,71,0.0,0.0,0.36619718309859156
88,17,60,0.0,0.0,0.5666666666666667
88,18,66,0.2727272727272727,0.2727272727272727,0.31818181818181823
88,19,52,0.25,0.25,0.32692307692307687
88,20,92,0.391304347826087,-0.5978260869565217,0.5978260869565217
88,21,55,0.36363636363636365,0.36363636363636365,0.2909090909090909
88,22,57,0.47368421052631576,0.47368421052631576,0.2982456140350877
88,23,46,0.13043478260869565,0.13043478260869565,0.4130434782608695
88,24,48,0.22916666666666666,0.020833333333333315,0.16666666666666666
88,25,81,0.43209876543209874,0.43209876543209874,0.06172839506172839
88,26,73,0.7808219178082192,0.7808219178082192,0.12328767123287665
89,0,51,0.0,-0.6666666666666666,0.6666666666666666
89,1,45,0.0,-0.06666666666666667,0.17777777777777778
89,2,51,0.0,0.0,0.21568627450980393
89,3,54,0.0,0.0,0.018518518518518517
89,4,49,0.0,0.0,0.30612244897959184
89,5,53,0.0,0.0,0.37735849056603776
89,6,52,0.0,-0.038461538461538464,0.09615384615384616
89,7,58,0.0,0.0,0.1724137931034483
89,8,62,0.0,-0.6612903225806451,0.8387096774193549
89,9,66,0.0,-0.16666666666666666,0.36363636363636365
89,10,71,0.0,0.0,0.30985915492957744
89,11,68,0.0,0.0,0.4264705882352941
89,12,54,0.0,-0.1111111111111111,0.2777777777777778
89,13,66,0.0,-0.6060606060606061,0.6060606060606061
89,14,60,0.0,0.0,0.3
89,15,54,0.0,-0.018518518518518517,0.5740740740740741
89,16,71,0.0,0.0,0.36619718309859156
89,17,60,0.0,0.0,0.5666666666666667
89,18,66,0.3181818181818182,0.3181818181818182,0.27272727272727276
89,19,52,0.4230769230769231,0.4230769230769231,0.1538461538461538
89,20,92,0.42391304347826086,-0.5652173913043478,0.5652173913043478
89,21,55,0.4909090909090909,0.4909090909090909,0.16363636363636364
89,22,57,0.47368421052631576,0.47368421052631576,0.2982456140350877
89,23,46,0.5217391304347826,0.5217391304347826,0.021739130434782594
89,24,48,0.1875,-0.020833333333333343,0.20833333333333331
89,25,81,0.24691358024691357,0.24691358024691357,0.24691358024691357
89,26,73,0.5616438356164384,0.5616438356164384,0.34246575342465746
90,0,51,0.0,-0.6666666666666666,0.6666666666666666
90,1,45,0.0,-0.06666666666666667,0.17777777777777778
90,2,51,0.0,0.0,0.21568627450980393
90,3,54,0.0,0.0,0.018518518518518517
90,4,49,0.0,0.0,0.30612244897959184
90,5,53,0.0,0.0,0.37735849056603776
90,6,52,0.0,-0.038461538461538464,0.09615384615384616
90,7,58,0.0,0.0,0.1724137931034483
90,8,62,0.0,-0.6612903225806451,0.8387096774193549
90,9,66,0.0,-0.16666666666666666,0.36363636363636365
90,10,71,0.0,0.0,0.30985915492957744
90,11,68,0.0,0.0,0.4264705882352941
90,12,54,0.0,-0.1111111111111111,0.2777777777777778
90,13,66,0.0,-0.6060606060606061,0.6060606060606061
90,14,60,0.0,0.0,0.3
90,15,54,0.0,-0.018518518518518517,0.5740740740740741
90,16,71,0.0,0.0,0.36619718309859156
90,17,60,0.0,0.0,0.5666666666666667
90,18,66,0.15151515151515152,0.15151515151515152,0.43939393939393945
90,19,52,0.25,0.25,0.32692307692307687
90,20,92,0.4673913043478261,-0.5217391304347825,0.5217391304347825
90,21,55,0.4,0.4,0.2545454545454545
90,22,57,0.543859649122807,0.543859649122807,0.22807017543859642
90,23,46,0.13043478260869565,0.13043478260869565,0.4130434782608695
90,24,48,0.22916666666666666,0.020833333333333315,0.16666666666666666
90,25,81,0.30864197530864196,0.30864197530864196,0.18518518518518517
90,26,73,0.8082191780821918,0.8082191780821918,0.09589041095890405
