round,class_id,n,acc,bwt,forgetting
1,0,51,0.37254901960784315,,
1,1,45,0.8,,
1,2,51,0.0,,
1,3,54,0.07407407407407407,,
1,4,49,0.0,,
1,5,53,0.0,,
1,6,52,0.0,,
1,7,58,0.0,,
1,8,62,0.0,,
2,0,51,0.19607843137254902,-0.17647058823529413,0.17647058823529413
2,1,45,0.06666666666666667,-0.7333333333333334,0.7333333333333334
2,2,51,0.0,0.0,0.0
2,3,54,0.6666666666666666,0.5925925925925926,0.0
2,4,49,0.42857142857142855,0.42857142857142855,0.0
2,5,53,0.0,0.0,0.0
2,6,52,0.0,0.0,0.0
2,7,58,0.0,0.0,0.0
2,8,62,0.0,0.0,0.0
3,0,51,0.5098039215686274,0.13725490196078427,0.0
3,1,45,0.4222222222222222,-0.3777777777777778,0.3777777777777778
3,2,51,0.0,0.0,0.0
3,3,54,0.037037037037037035,-0.037037037037037035,0.6296296296296295
3,4,49,0.32653061224489793,0.32653061224489793,0.10204081632653061
3,5,53,0.0,0.0,0.0
3,6,52,0.0,0.0,0.0
3,7,58,0.0,0.0,0.0
3,8,62,0.0,0.0,0.0
4,0,51,0.2549019607843137,-0.11764705882352944,0.2549019607843137
4,1,45,0.022222222222222223,-0.7777777777777778,0.7777777777777778
4,2,51,0.0196078431372549,0.0196078431372549,0.0
4,3,54,0.48148148148148145,0.4074074074074074,0.18518518518518517
4,4,49,0.42857142857142855,0.42857142857142855,0.0
4,5,53,0.16981132075471697,0.16981132075471697,0.0
4,6,52,0.1346153846153846,0.1346153846153846,0.0
4,7,58,0.0,0.0,0.0
4,8,62,0.03225806451612903,0.03225806451612903,0.0
5,0,51,0.3333333333333333,-0.03921568627450983,0.1764705882352941
5,1,45,0.6444444444444445,-0.15555555555555556,0.15555555555555556
5,2,51,0.0,0.0,0.0196078431372549
5,3,54,0.1111111111111111,0.037037037037037035,0.5555555555555556
5,4,49,0.4897959183673469,0.4897959183673469,0.0
5,5,53,0.0,0.0,0.16981132075471697
5,6,52,0.019230769230769232,0.019230769230769232,0.11538461538461538
5,7,58,0.0,0.0,0.0
5,8,62,0.0,0.0,0.03225806451612903
6,0,51,0.21568627450980393,-0.1568627450980392,0.2941176470588235
6,1,45,0.24444444444444444,-0.5555555555555556,0.5555555555555556
6,2,51,0.13725490196078433,0.13725490196078433,0.0
6,3,54,0.18518518518518517,0.1111111111111111,0.48148148148148145
6,4,49,0.2857142857142857,0.2857142857142857,0.20408163265306123
6,5,53,0.11320754716981132,0.11320754716981132,0.05660377358490565
6,6,52,0.34615384615384615,0.34615384615384615,0.0
6,7,58,0.034482758620689655,0.034482758620689655,0.0
6,8,62,0.016129032258064516,0.016129032258064516,0.016129032258064516
7,0,51,0.3137254901960784,-0.05882352941176472,0.196078431372549
7,1,45,0.5111111111111111,-0.288888888888889,0.288888888888889
7,2,51,0.09803921568627451,0.09803921568627451,0.03921568627450982
7,3,54,0.16666666666666666,0.09259259259259259,0.5
7,4,49,0.2857142857142857,0.2857142857142857,0.20408163265306123
7,5,53,0.09433962264150944,0.09433962264150944,0.07547169811320753
7,6,52,0.1346153846153846,0.1346153846153846,0.21153846153846154
7,7,58,0.034482758620689655,0.034482758620689655,0.0
7,8,62,0.14516129032258066,0.14516129032258066,0.0
8,0,51,0.35294117647058826,-0.019607843137254888,0.15686274509803916
8,1,45,0.35555555555555557,-0.4444444444444445,0.4444444444444445
8,2,51,0.11764705882352941,0.11764705882352941,0.019607843137254916
8,3,54,0.05555555555555555,-0.018518518518518517,0.611111111111111
8,4,49,0.32653061224489793,0.32653061224489793,0.163265306122449
8,5,53,0.09433962264150944,0.09433962264150944,0.07547169811320753
8,6,52,0.1346153846153846,0.1346153846153846,0.21153846153846154
8,7,58,0.017241379310344827,0.017241379310344827,0.017241379310344827
8,8,62,0.0967741935483871,0.0967741935483871,0.04838709677419356
9,0,51,0.27450980392156865,-0.0980392156862745,0.23529411764705876
9,1,45,0.3333333333333333,-0.46666666666666673,0.46666666666666673
9,2,51,0.17647058823529413,0.17647058823529413,0.0
9,3,54,0.05555555555555555,-0.018518518518518517,0.611111111111111
9,4,49,0.3877551020408163,0.3877551020408163,0.10204081632653061
9,5,53,0.11320754716981132,0.11320754716981132,0.05660377358490565
9,6,52,0.19230769230769232,0.19230769230769232,0.15384615384615383
9,7,58,0.034482758620689655,0.034482758620689655,0.0
9,8,62,0.0967741935483871,0.0967741935483871,0.04838709677419356
10,0,51,0.3333333333333333,-0.03921568627450983,0.1764705882352941
10,1,45,0.28888888888888886,-0.5111111111111112,0.5111111111111112
10,2,51,0.11764705882352941,0.11764705882352941,0.05882352941176472
10,3,54,0.05555555555555555,-0.018518518518518517,0.611111111111111
10,4,49,0.40816326530612246,0.40816326530612246,0.08163265306122447
10,5,53,0.11320754716981132,0.11320754716981132,0.05660377358490565
10,6,52,0.09615384615384616,0.09615384615384616,0.25
10,7,58,0.034482758620689655,0.034482758620689655,0.0
10,8,62,0.14516129032258066,0.14516129032258066,0.0
11,0,51,0.0,-0.37254901960784315,0.5098039215686274
11,1,45,0.044444444444444446,-0.7555555555555556,0.7555555555555556
11,2,51,0.0,0.0,0.17647058823529413
11,3,54,0.0,-0.07407407407407407,0.6666666666666666
11,4,49,0.0,0.0,0.4897959183673469
11,5,53,0.2641509433962264,0.2641509433962264,0.0
11,6,52,0.5769230769230769,0.5769230769230769,0.0
11,7,58,0.0,0.0,0.034482758620689655
11,8,62,0.0,0.0,0.14516129032258066
11,9,66,0.2878787878787879,,
11,10,71,0.028169014084507043,,
11,11,68,0.20588235294117646,,
11,12,54,0.05555555555555555,,
11,13,66,0.0,,
11,14,60,0.1,,
11,15,54,0.037037037037037035,,
11,16,71,0.14084507042253522,,
11,17,60,0.05,,
12,0,51,0.0,-0.37254901960784315,0.5098039215686274
12,1,45,0.0,-0.8,0.8
12,2,51,0.0,0.0,0.17647058823529413
12,3,54,0.0,-0.07407407407407407,0.6666666666666666
12,4,49,0.0,0.0,0.4897959183673469
12,5,53,0.0,0.0,0.2641509433962264
12,6,52,0.0,0.0,0.5769230769230769
12,7,58,0.0,0.0,0.034482758620689655
12,8,62,0.0,0.0,0.14516129032258066
12,9,66,0.16666666666666666,-0.12121212121212124,0.12121212121212124
12,10,71,0.08450704225352113,0.05633802816901408,0.0
12,11,68,0.04411764705882353,-0.16176470588235292,0.16176470588235292
12,12,54,0.24074074074074073,0.18518518518518517,0.0
12,13,66,0.09090909090909091,0.09090909090909091,0.0
12,14,60,0.05,-0.05,0.05
12,15,54,0.0,-0.037037037037037035,0.037037037037037035
12,16,71,0.28169014084507044,0.14084507042253522,0.0
12,17,60,0.4666666666666667,0.4166666666666667,0.0
13,0,51,0.0,-0.37254901960784315,0.5098039215686274
13,1,45,0.0,-0.8,0.8
13,2,51,0.0,0.0,0.17647058823529413
13,3,54,0.0,-0.07407407407407407,0.6666666666666666
13,4,49,0.0,0.0,0.4897959183673469
13,5,53,0.0,0.0,0.2641509433962264
13,6,52,0.0,0.0,0.5769230769230769
13,7,58,0.0,0.0,0.034482758620689655
13,8,62,0.0,0.0,0.14516129032258066
13,9,66,0.3181818181818182,0.030303030303030276,0.0
13,10,71,0.056338028169014086,0.028169014084507043,0.02816901408450704
13,11,68,0.11764705882352941,-0.08823529411764705,0.08823529411764705
13,12,54,0.14814814814814814,0.09259259259259259,0.09259259259259259
13,13,66,0.015151515151515152,0.015151515151515152,0.07575757575757576
13,14,60,0.1,0.0,0.0
13,15,54,0.2222222222222222,0.18518518518518517,0.0
13,16,71,0.7605633802816901,0.6197183098591549,0.0
13,17,60,0.016666666666666666,-0.03333333333333334,0.45
14,0,51,0.0,-0.37254901960784315,0.5098039215686274
14,1,45,0.0,-0.8,0.8
14,2,51,0.0,0.0,0.17647058823529413
14,3,54,0.0,-0.07407407407407407,0.6666666666666666
14,4,49,0.0,0.0,0.4897959183673469
14,5,53,0.0,0.0,0.2641509433962264
14,6,52,0.0,0.0,0.5769230769230769
14,7,58,0.0,0.0,0.034482758620689655
14,8,62,0.0,0.0,0.14516129032258066
14,9,66,0.4393939393939394,0.1515151515151515,0.0
14,10,71,0.028169014084507043,0.0,0.05633802816901408
14,11,68,0.10294117647058823,-0.10294117647058823,0.10294117647058823
14,12,54,0.14814814814814814,0.09259259259259259,0.09259259259259259
14,13,66,0.030303030303030304,0.030303030303030304,0.06060606060606061
14,14,60,0.11666666666666667,0.016666666666666663,0.0
14,15,54,0.14814814814814814,0.1111111111111111,0.07407407407407407
14,16,71,0.39436619718309857,0.2535211267605634,0.36619718309859156
14,17,60,0.16666666666666666,0.11666666666666665,0.30000000000000004
15,0,51,0.0,-0.37254901960784315,0.5098039215686274
15,1,45,0.0,-0.8,0.8
15,2,51,0.0,0.0,0.17647058823529413
15,3,54,0.0,-0.07407407407407407,0.6666666666666666
15,4,49,0.0,0.0,0.4897959183673469
15,5,53,0.0,0.0,0.2641509433962264
15,6,52,0.0,0.0,0.5769230769230769
15,7,58,0.0,0.0,0.034482758620689655
15,8,62,0.0,0.0,0.14516129032258066
15,9,66,0.3484848484848485,0.06060606060606061,0.09090909090909088
15,10,71,0.028169014084507043,0.0,0.05633802816901408
15,11,68,0.1323529411764706,-0.07352941176470587,0.07352941176470587
15,12,54,0.2777777777777778,0.22222222222222224,0.0
15,13,66,0.015151515151515152,0.015151515151515152,0.07575757575757576
15,14,60,0.13333333333333333,0.033333333333333326,0.0
15,15,54,0.3888888888888889,0.35185185185185186,0.0
15,16,71,0.6619718309859155,0.5211267605633803,0.09859154929577463
15,17,60,0.016666666666666666,-0.03333333333333334,0.45
16,0,51,0.0,-0.37254901960784315,0.5098039215686274
16,1,45,0.0,-0.8,0.8
16,2,51,0.0,0.0,0.17647058823529413
16,3,54,0.0,-0.07407407407407407,0.6666666666666666
16,4,49,0.0,0.0,0.4897959183673469
16,5,53,0.0,0.0,0.2641509433962264
16,6,52,0.0,0.0,0.5769230769230769
16,7,58,0.0,0.0,0.034482758620689655
16,8,62,0.0,0.0,0.14516129032258066
16,9,66,0.42424242424242425,0.13636363636363635,0.015151515151515138
16,10,71,0.028169014084507043,0.0,0.05633802816901408
16,11,68,0.11764705882352941,-0.08823529411764705,0.08823529411764705
16,12,54,0.24074074074074073,0.18518518518518517,0.03703703703703706
16,13,66,0.10606060606060606,0.10606060606060606,0.0
16,14,60,0.13333333333333333,0.033333333333333326,0.0
16,15,54,0.2777777777777778,0.24074074074074076,0.1111111111111111
16,16,71,0.4084507042253521,0.2676056338028169,0.352112676056338
16,17,60,0.15,0.09999999999999999,0.31666666666666665
17,0,51,0.0,-0.37254901960784315,0.5098039215686274
17,1,45,0.0,-0.8,0.8
17,2,51,0.0,0.0,0.17647058823529413
17,3,54,0.0,-0.07407407407407407,0.6666666666666666
17,4,49,0.0,0.0,0.4897959183673469
17,5,53,0.0,0.0,0.2641509433962264
17,6,52,0.0,0.0,0.5769230769230769
17,7,58,0.0,0.0,0.034482758620689655
17,8,62,0.0,0.0,0.14516129032258066
17,9,66,0.36363636363636365,0.07575757575757575,0.07575757575757575
17,10,71,0.028169014084507043,0.0,0.05633802816901408
17,11,68,0.16176470588235295,-0.04411764705882351,0.04411764705882351
17,12,54,0.3148148148148148,0.2592592592592593,0.0
17,13,66,0.06060606060606061,0.06060606060606061,0.045454545454545456
17,14,60,0.13333333333333333,0.033333333333333326,0.0
17,15,54,0.42592592592592593,0.3888888888888889,0.0
17,16,71,0.5774647887323944,0.43661971830985913,0.18309859154929575
17,17,60,0.1,0.05,0.3666666666666667
18,0,51,0.0,-0.37254901960784315,0.5098039215686274
18,1,45,0.0,-0.8,0.8
18,2,51,0.0,0.0,0.17647058823529413
18,3,54,0.0,-0.07407407407407407,0.6666666666666666
18,4,49,0.0,0.0,0.4897959183673469
18,5,53,0.0,0.0,0.2641509433962264
18,6,52,0.0,0.0,0.5769230769230769
18,7,58,0.0,0.0,0.034482758620689655
18,8,62,0.0,0.0,0.14516129032258066
18,9,66,0.5,0.2121212121212121,0.0
18,10,71,0.056338028169014086,0.028169014084507043,0.02816901408450704
18,11,68,0.14705882352941177,-0.05882352941176469,0.05882352941176469
18,12,54,0.24074074074074073,0.18518518518518517,0.0740740740740741
18,13,66,0.09090909090909091,0.09090909090909091,0.015151515151515152
18,14,60,0.13333333333333333,0.033333333333333326,0.0
18,15,54,0.3888888888888889,0.35185185185185186,0.037037037037037035
18,16,71,0.38028169014084506,0.23943661971830985,0.38028169014084506
18,17,60,0.13333333333333333,0.08333333333333333,0.33333333333333337
19,0,51,0.0,-0.37254901960784315,0.5098039215686274
19,1,45,0.0,-0.8,0.8
19,2,51,0.0,0.0,0.17647058823529413
19,3,54,0.0,-0.07407407407407407,0.6666666666666666
19,4,49,0.0,0.0,0.4897959183673469
19,5,53,0.0,0.0,0.2641509433962264
19,6,52,0.0,0.0,0.5769230769230769
19,7,58,0.0,0.0,0.034482758620689655
19,8,62,0.0,0.0,0.14516129032258066
19,9,66,0.36363636363636365,0.07575757575757575,0.13636363636363635
19,10,71,0.04225352112676056,0.01408450704225352,0.04225352112676056
19,11,68,0.14705882352941177,-0.05882352941176469,0.05882352941176469
19,12,54,0.3333333333333333,0.2777777777777778,0.0
19,13,66,0.06060606060606061,0.06060606060606061,0.045454545454545456
19,14,60,0.13333333333333333,0.033333333333333326,0.0
19,15,54,0.4444444444444444,0.4074074074074074,0.0
19,16,71,0.6197183098591549,0.47887323943661964,0.14084507042253525
19,17,60,0.1,0.05,0.3666666666666667
20,0,51,0.0,-0.37254901960784315,0.5098039215686274
20,1,45,0.0,-0.8,0.8
20,2,51,0.0,0.0,0.17647058823529413
20,3,54,0.0,-0.07407407407407407,0.6666666666666666
20,4,49,0.0,0.0,0.4897959183673469
20,5,53,0.0,0.0,0.2641509433962264
20,6,52,0.0,0.0,0.5769230769230769
20,7,58,0.0,0.0,0.034482758620689655
20,8,62,0.0,0.0,0.14516129032258066
20,9,66,0.5606060606060606,0.27272727272727265,0.0
20,10,71,0.056338028169014086,0.028169014084507043,0.02816901408450704
20,11,68,0.07352941176470588,-0.13235294117647056,0.13235294117647056
20,12,54,0.3333333333333333,0.2777777777777778,0.0
20,13,66,0.07575757575757576,0.07575757575757576,0.030303030303030304
20,14,60,0.13333333333333333,0.033333333333333326,0.0
20,15,54,0.46296296296296297,0.42592592592592593,0.0
20,16,71,0.43661971830985913,0.2957746478873239,0.323943661971831
20,17,60,0.15,0.09999999999999999,0.31666666666666665
21,0,51,0.0,-0.37254901960784315,0.5098039215686274
21,1,45,0.0,-0.8,0.8
21,2,51,0.0,0.0,0.17647058823529413
21,3,54,0.0,-0.07407407407407407,0.6666666666666666
21,4,49,0.0,0.0,0.4897959183673469
21,5,53,0.07547169811320754,0.07547169811320754,0.18867924528301888
21,6,52,0.0,0.0,0.5769230769230769
21,7,58,0.0,0.0,0.034482758620689655
21,8,62,0.0,0.0,0.14516129032258066
21,9,66,0.0,-0.2878787878787879,0.5606060606060606
21,10,71,0.0,-0.028169014084507043,0.08450704225352113
21,11,68,0.0,-0.20588235294117646,0.20588235294117646
21,12,54,0.0,-0.05555555555555555,0.3333333333333333
21,13,66,0.0,0.0,0.10606060606060606
21,14,60,0.0,-0.1,0.13333333333333333
21,15,54,0.3888888888888889,0.35185185185185186,0.07407407407407407
21,16,71,0.0,-0.14084507042253522,0.7605633802816901
21,17,60,0.0,-0.05,0.4666666666666667
21,18,66,0.7272727272727273,,
21,19,52,0.1346153846153846,,
21,20,92,0.15217391304347827,,
21,21,55,0.01818181818181818,,
21,22,57,0.5789473684210527,,
21,23,46,0.0,,
21,24,48,0.0,,
21,25,81,0.0,,
21,26,73,0.0,,
22,0,51,0.0,-0.37254901960784315,0.5098039215686274
22,1,45,0.0,-0.8,0.8
22,2,51,0.0,0.0,0.17647058823529413
22,3,54,0.0,-0.07407407407407407,0.6666666666666666
22,4,49,0.0,0.0,0.4897959183673469
22,5,53,0.0,0.0,0.2641509433962264
22,6,52,0.0,0.0,0.5769230769230769
22,7,58,0.0,0.0,0.034482758620689655
22,8,62,0.0,0.0,0.14516129032258066
22,9,66,0.015151515151515152,-0.27272727272727276,0.5454545454545454
22,10,71,0.056338028169014086,0.028169014084507043,0.02816901408450704
22,11,68,0.04411764705882353,-0.16176470588235292,0.16176470588235292
22,12,54,0.0,-0.05555555555555555,0.3333333333333333
22,13,66,0.015151515151515152,0.015151515151515152,0.09090909090909091
22,14,60,0.016666666666666666,-0.08333333333333334,0.11666666666666667
22,15,54,0.018518518518518517,-0.018518518518518517,0.4444444444444444
22,16,71,0.07042253521126761,-0.07042253521126761,0.6901408450704225
22,17,60,0.03333333333333333,-0.01666666666666667,0.43333333333333335
22,18,66,0.07575757575757576,-0.6515151515151515,0.6515151515151515
22,19,52,0.28846153846153844,0.15384615384615383,0.0
22,20,92,0.05434782608695652,-0.09782608695652176,0.09782608695652176
22,21,55,0.14545454545454545,0.12727272727272726,0.0
22,22,57,0.08771929824561403,-0.4912280701754386,0.4912280701754386
22,23,46,0.043478260869565216,0.043478260869565216,0.0
22,24,48,0.3125,0.3125,0.0
22,25,81,0.12345679012345678,0.12345679012345678,0.0
22,26,73,0.410958904109589,0.410958904109589,0.0
23,0,51,0.0,-0.37254901960784315,0.5098039215686274
23,1,45,0.0,-0.8,0.8
23,2,51,0.0,0.0,0.17647058823529413
23,3,54,0.0,-0.07407407407407407,0.6666666666666666
23,4,49,0.0,0.0,0.4897959183673469
23,5,53,0.0,0.0,0.2641509433962264
23,6,52,0.0,0.0,0.5769230769230769
23,7,58,0.0,0.0,0.034482758620689655
23,8,62,0.0,0.0,0.14516129032258066
23,9,66,0.0,-0.2878787878787879,0.5606060606060606
23,10,71,0.0,-0.028169014084507043,0.08450704225352113
23,11,68,0.0,-0.20588235294117646,0.20588235294117646
23,12,54,0.0,-0.05555555555555555,0.3333333333333333
23,13,66,0.0,0.0,0.10606060606060606
23,14,60,0.0,-0.1,0.13333333333333333
23,15,54,0.0,-0.037037037037037035,0.46296296296296297
23,16,71,0.0,-0.14084507042253522,0.7605633802816901
23,17,60,0.0,-0.05,0.4666666666666667
23,18,66,0.3939393939393939,-0.33333333333333337,0.33333333333333337
23,19,52,0.3269230769230769,0.19230769230769232,0.0
23,20,92,0.03260869565217391,-0.11956521739130435,0.11956521739130435
23,21,55,0.36363636363636365,0.34545454545454546,0.0
23,22,57,0.12280701754385964,-0.456140350877193,0.456140350877193
23,23,46,0.34782608695652173,0.34782608695652173,0.0
23,24,48,0.0,0.0,0.3125
23,25,81,0.04938271604938271,0.04938271604938271,0.07407407407407407
23,26,73,0.0684931506849315,0.0684931506849315,0.3424657534246575
24,0,51,0.0,-0.37254901960784315,0.5098039215686274
24,1,45,0.0,-0.8,0.8
24,2,51,0.0,0.0,0.17647058823529413
24,3,54,0.0,-0.07407407407407407,0.6666666666666666
24,4,49,0.0,0.0,0.4897959183673469
24,5,53,0.0,0.0,0.2641509433962264
24,6,52,0.0,0.0,0.5769230769230769
24,7,58,0.0,0.0,0.034482758620689655
24,8,62,0.0,0.0,0.14516129032258066
24,9,66,0.0,-0.2878787878787879,0.5606060606060606
24,10,71,0.0,-0.028169014084507043,0.08450704225352113
24,11,68,0.0,-0.20588235294117646,0.20588235294117646
24,12,54,0.0,-0.05555555555555555,0.3333333333333333
24,13,66,0.0,0.0,0.10606060606060606
24,14,60,0.0,-0.1,0.13333333333333333
24,15,54,0.0,-0.037037037037037035,0.46296296296296297
24,16,71,0.0,-0.14084507042253522,0.7605633802816901
24,17,60,0.0,-0.05,0.4666666666666667
24,18,66,0.3787878787878788,-0.3484848484848485,0.3484848484848485
24,19,52,0.3269230769230769,0.19230769230769232,0.0
24,20,92,0.11956521739130435,-0.03260869565217392,0.03260869565217392
24,21,55,0.3090909090909091,0.2909090909090909,0.054545454545454564
24,22,57,0.07017543859649122,-0.5087719298245614,0.5087719298245614
24,23,46,0.2391304347826087,0.2391304347826087,0.10869565217391303
24,24,48,0.2708333333333333,0.2708333333333333,0.041666666666666685
24,25,81,0.1728395061728395,0.1728395061728395,0.0
24,26,73,0.2054794520547945,0.2054794520547945,0.2054794520547945
25,0,51,0.0,-0.37254901960784315,0.5098039215686274
25,1,45,0.0,-0.8,0.8
25,2,51,0.0,0.0,0.17647058823529413
25,3,54,0.0,-0.07407407407407407,0.6666666666666666
25,4,49,0.0,0.0,0.4897959183673469
25,5,53,0.0,0.0,0.2641509433962264
25,6,52,0.0,0.0,0.5769230769230769
25,7,58,0.0,0.0,0.034482758620689655
25,8,62,0.0,0.0,0.14516129032258066
25,9,66,0.0,-0.2878787878787879,0.5606060606060606
25,10,71,0.0,-0.028169014084507043,0.08450704225352113
25,11,68,0.0,-0.20588235294117646,0.20588235294117646
25,12,54,0.0,-0.05555555555555555,0.3333333333333333
25,13,66,0.0,0.0,0.10606060606060606
25,14,60,0.0,-0.1,0.13333333333333333
25,15,54,0.0,-0.037037037037037035,0.46296296296296297
25,16,71,0.0,-0.14084507042253522,0.7605633802816901
25,17,60,0.0,-0.05,0.4666666666666667
25,18,66,0.3787878787878788,-0.3484848484848485,0.3484848484848485
25,19,52,0.3076923076923077,0.1730769230769231,0.019230769230769218
25,20,92,0.11956521739130435,-0.03260869565217392,0.03260869565217392
25,21,55,0.4,0.38181818181818183,0.0
25,22,57,0.07017543859649122,-0.5087719298245614,0.5087719298245614
25,23,46,0.2826086956521739,0.2826086956521739,0.06521739130434784
25,24,48,0.14583333333333334,0.14583333333333334,0.16666666666666666
25,25,81,0.12345679012345678,0.12345679012345678,0.04938271604938271
25,26,73,0.2054794520547945,0.2054794520547945,0.2054794520547945
26,0,51,0.0,-0.37254901960784315,0.5098039215686274
26,1,45,0.0,-0.8,0.8
26,2,51,0.0,0.0,0.17647058823529413
26,3,54,0.0,-0.07407407407407407,0.6666666666666666
26,4,49,0.0,0.0,0.4897959183673469
26,5,53,0.0,0.0,0.2641509433962264
26,6,52,0.0,0.0,0.5769230769230769
26,7,58,0.0,0.0,0.034482758620689655
26,8,62,0.0,0.0,0.14516129032258066
26,9,66,0.0,-0.2878787878787879,0.5606060606060606
26,10,71,0.0,-0.028169014084507043,0.08450704225352113
26,11,68,0.0,-0.20588235294117646,0.20588235294117646
26,12,54,0.0,-0.05555555555555555,0.3333333333333333
26,13,66,0.0,0.0,0.10606060606060606
26,14,60,0.0,-0.1,0.13333333333333333
26,15,54,0.0,-0.037037037037037035,0.46296296296296297
26,16,71,0.0,-0.14084507042253522,0.7605633802816901
26,17,60,0.0,-0.05,0.4666666666666667
26,18,66,0.3939393939393939,-0.33333333333333337,0.33333333333333337
26,19,52,0.3269230769230769,0.19230769230769232,0.0
26,20,92,0.16304347826086957,0.010869565217391297,0.0
26,21,55,0.45454545454545453,0.43636363636363634,0.0
26,22,57,0.03508771929824561,-0.543859649122807,0.543859649122807
26,23,46,0.2826086956521739,0.2826086956521739,0.06521739130434784
26,24,48,0.5,0.5,0.0
26,25,81,0.13580246913580246,0.13580246913580246,0.037037037037037035
26,26,73,0.1917808219178082,0.1917808219178082,0.2191780821917808
27,0,51,0.0,-0.37254901960784315,0.5098039215686274
27,1,45,0.0,-0.8,0.8
27,2,51,0.0,0.0,0.17647058823529413
27,3,54,0.0,-0.07407407407407407,0.6666666666666666
27,4,49,0.0,0.0,0.4897959183673469
27,5,53,0.0,0.0,0.2641509433962264
27,6,52,0.0,0.0,0.5769230769230769
27,7,58,0.0,0.0,0.034482758620689655
27,8,62,0.0,0.0,0.14516129032258066
27,9,66,0.0,-0.2878787878787879,0.5606060606060606
27,10,71,0.0,-0.028169014084507043,0.08450704225352113
27,11,68,0.0,-0.20588235294117646,0.20588235294117646
27,12,54,0.0,-0.05555555555555555,0.3333333333333333
27,13,66,0.0,0.0,0.10606060606060606
27,14,60,0.0,-0.1,0.13333333333333333
27,15,54,0.0,-0.037037037037037035,0.46296296296296297
27,16,71,0.0,-0.14084507042253522,0.7605633802816901
27,17,60,0.0,-0.05,0.4666666666666667
27,18,66,0.42424242424242425,-0.30303030303030304,0.30303030303030304
27,19,52,0.3076923076923077,0.1730769230769231,0.019230769230769218
27,20,92,0.09782608695652174,-0.05434782608695653,0.06521739130434782
27,21,55,0.45454545454545453,0.43636363636363634,0.0
27,22,57,0.017543859649122806,-0.5614035087719298,0.5614035087719298
27,23,46,0.43478260869565216,0.43478260869565216,0.0
27,24,48,0.5625,0.5625,0.0
27,25,81,0.12345679012345678,0.12345679012345678,0.04938271604938271
27,26,73,0.3287671232876712,0.3287671232876712,0.0821917808219178
28,0,51,0.0,-0.37254901960784315,0.5098039215686274
28,1,45,0.0,-0.8,0.8
28,2,51,0.0,0.0,0.17647058823529413
28,3,54,0.0,-0.07407407407407407,0.6666666666666666
28,4,49,0.0,0.0,0.4897959183673469
28,5,53,0.0,0.0,0.2641509433962264
28,6,52,0.0,0.0,0.5769230769230769
28,7,58,0.0,0.0,0.034482758620689655
28,8,62,0.0,0.0,0.14516129032258066
28,9,66,0.0,-0.2878787878787879,0.5606060606060606
28,10,71,0.0,-0.028169014084507043,0.08450704225352113
28,11,68,0.0,-0.20588235294117646,0.20588235294117646
28,12,54,0.0,-0.05555555555555555,0.3333333333333333
28,13,66,0.0,0.0,0.10606060606060606
28,14,60,0.0,-0.1,0.13333333333333333
28,15,54,0.0,-0.037037037037037035,0.46296296296296297
28,16,71,0.0,-0.14084507042253522,0.7605633802816901
28,17,60,0.0,-0.05,0.4666666666666667
28,18,66,0.42424242424242425,-0.30303030303030304,0.30303030303030304
28,19,52,0.3076923076923077,0.1730769230769231,0.019230769230769218
28,20,92,0.11956521739130435,-0.03260869565217392,0.043478260869565216
28,21,55,0.43636363636363634,0.41818181818181815,0.018181818181818188
28,22,57,0.017543859649122806,-0.5614035087719298,0.5614035087719298
28,23,46,0.391304347826087,0.391304347826087,0.04347826086956519
28,24,48,0.6666666666666666,0.6666666666666666,0.0
28,25,81,0.13580246913580246,0.13580246913580246,0.037037037037037035
28,26,73,0.3561643835616438,0.3561643835616438,0.0547945205479452
29,0,51,0.0,-0.37254901960784315,0.5098039215686274
29,1,45,0.0,-0.8,0.8
29,2,51,0.0,0.0,0.17647058823529413
29,3,54,0.0,-0.07407407407407407,0.6666666666666666
29,4,49,0.0,0.0,0.4897959183673469
29,5,53,0.0,0.0,0.2641509433962264
29,6,52,0.0,0.0,0.5769230769230769
29,7,58,0.0,0.0,0.034482758620689655
29,8,62,0.0,0.0,0.14516129032258066
29,9,66,0.0,-0.2878787878787879,0.5606060606060606
29,10,71,0.0,-0.028169014084507043,0.08450704225352113
29,11,68,0.0,-0.20588235294117646,0.20588235294117646
29,12,54,0.0,-0.05555555555555555,0.3333333333333333
29,13,66,0.0,0.0,0.10606060606060606
29,14,60,0.0,-0.1,0.13333333333333333
29,15,54,0.0,-0.037037037037037035,0.46296296296296297
29,16,71,0.0,-0.14084507042253522,0.7605633802816901
29,17,60,0.0,-0.05,0.4666666666666667
29,18,66,0.45454545454545453,-0.27272727272727276,0.27272727272727276
29,19,52,0.3076923076923077,0.1730769230769231,0.019230769230769218
29,20,92,0.11956521739130435,-0.03260869565217392,0.043478260869565216
29,21,55,0.509090909090909,0.49090909090909085,0.0
29,22,57,0.017543859649122806,-0.5614035087719298,0.5614035087719298
29,23,46,0.32608695652173914,0.32608695652173914,0.10869565217391303
29,24,48,0.6666666666666666,0.6666666666666666,0.0
29,25,81,0.14814814814814814,0.14814814814814814,0.024691358024691357
29,26,73,0.273972602739726,0.273972602739726,0.136986301369863
30,0,51,0.0,-0.37254901960784315,0.5098039215686274
30,1,45,0.0,-0.8,0.8
30,2,51,0.0,0.0,0.17647058823529413
30,3,54,0.0,-0.07407407407407407,0.6666666666666666
30,4,49,0.0,0.0,0.4897959183673469
30,5,53,0.0,0.0,0.2641509433962264
30,6,52,0.0,0.0,0.5769230769230769
30,7,58,0.0,0.0,0.034482758620689655
30,8,62,0.0,0.0,0.14516129032258066
30,9,66,0.0,-0.2878787878787879,0.5606060606060606
30,10,71,0.0,-0.028169014084507043,0.08450704225352113
30,11,68,0.0,-0.20588235294117646,0.20588235294117646
30,12,54,0.0,-0.05555555555555555,0.3333333333333333
30,13,66,0.0,0.0,0.10606060606060606
30,14,60,0.0,-0.1,0.13333333333333333
30,15,54,0.0,-0.037037037037037035,0.46296296296296297
30,16,71,0.0,-0.14084507042253522,0.7605633802816901
30,17,60,0.0,-0.05,0.4666666666666667
30,18,66,0.48484848484848486,-0.24242424242424243,0.24242424242424243
30,19,52,0.34615384615384615,0.21153846153846154,0.0
30,20,92,0.15217391304347827,0.0,0.010869565217391297
30,21,55,0.509090909090909,0.49090909090909085,0.0
30,22,57,0.017543859649122806,-0.5614035087719298,0.5614035087719298
30,23,46,0.34782608695652173,0.34782608695652173,0.08695652173913043
30,24,48,0.7291666666666666,0.7291666666666666,0.0
30,25,81,0.1728395061728395,0.1728395061728395,0.0
30,26,73,0.2602739726027397,0.2602739726027397,0.1506849315068493
31,0,51,0.0,-0.37254901960784315,0.5098039215686274
31,1,45,0.0,-0.8,0.8
31,2,51,0.0,0.0,0.17647058823529413
31,3,54,0.0,-0.07407407407407407,0.6666666666666666
31,4,49,0.0,0.0,0.4897959183673469
31,5,53,0.0,0.0,0.2641509433962264
31,6,52,0.0,0.0,0.5769230769230769
31,7,58,0.0,0.0,0.034482758620689655
31,8,62,0.0,0.0,0.14516129032258066
31,9,66,0.0,-0.2878787878787879,0.5606060606060606
31,10,71,0.0,-0.028169014084507043,0.08450704225352113
31,11,68,0.0,-0.20588235294117646,0.20588235294117646
31,12,54,0.0,-0.05555555555555555,0.3333333333333333
31,13,66,0.0,0.0,0.10606060606060606
31,14,60,0.0,-0.1,0.13333333333333333
31,15,54,0.0,-0.037037037037037035,0.46296296296296297
31,16,71,0.0,-0.14084507042253522,0.7605633802816901
31,17,60,0.0,-0.05,0.4666666666666667
31,18,66,0.5,-0.2272727272727273,0.2272727272727273
31,19,52,0.36538461538461536,0.23076923076923075,0.0
31,20,92,0.16304347826086957,0.010869565217391297,0.0
31,21,55,0.43636363636363634,0.41818181818181815,0.0727272727272727
31,22,57,0.0,-0.5789473684210527,0.5789473684210527
31,23,46,0.3695652173913043,0.3695652173913043,0.06521739130434784
31,24,48,0.6666666666666666,0.6666666666666666,0.0625
31,25,81,0.2222222222222222,0.2222222222222222,0.0
31,26,73,0.2191780821917808,0.2191780821917808,0.1917808219178082
32,0,51,0.0,-0.37254901960784315,0.5098039215686274
32,1,45,0.0,-0.8,0.8
32,2,51,0.0,0.0,0.17647058823529413
32,3,54,0.0,-0.07407407407407407,0.6666666666666666
32,4,49,0.0,0.0,0.4897959183673469
32,5,53,0.0,0.0,0.2641509433962264
32,6,52,0.0,0.0,0.5769230769230769
32,7,58,0.0,0.0,0.034482758620689655
32,8,62,0.0,0.0,0.14516129032258066
32,9,66,0.0,-0.2878787878787879,0.5606060606060606
32,10,71,0.0,-0.028169014084507043,0.08450704225352113
32,11,68,0.0,-0.20588235294117646,0.20588235294117646
32,12,54,0.0,-0.05555555555555555,0.3333333333333333
32,13,66,0.0,0.0,0.10606060606060606
32,14,60,0.0,-0.1,0.13333333333333333
32,15,54,0.0,-0.037037037037037035,0.46296296296296297
32,16,71,0.0,-0.14084507042253522,0.7605633802816901
32,17,60,0.0,-0.05,0.4666666666666667
32,18,66,0.48484848484848486,-0.24242424242424243,0.24242424242424243
32,19,52,0.38461538461538464,0.25,0.0
32,20,92,0.21739130434782608,0.06521739130434781,0.0
32,21,55,0.4727272727272727,0.45454545454545453,0.03636363636363632
32,22,57,0.0,-0.5789473684210527,0.5789473684210527
32,23,46,0.34782608695652173,0.34782608695652173,0.08695652173913043
32,24,48,0.6875,0.6875,0.04166666666666663
32,25,81,0.18518518518518517,0.18518518518518517,0.037037037037037035
32,26,73,0.1917808219178082,0.1917808219178082,0.2191780821917808
33,0,51,0.0,-0.37254901960784315,0.5098039215686274
33,1,45,0.0,-0.8,0.8
33,2,51,0.0,0.0,0.17647058823529413
33,3,54,0.0,-0.07407407407407407,0.6666666666666666
33,4,49,0.0,0.0,0.4897959183673469
33,5,53,0.0,0.0,0.2641509433962264
33,6,52,0.0,0.0,0.5769230769230769
33,7,58,0.0,0.0,0.034482758620689655
33,8,62,0.0,0.0,0.14516129032258066
33,9,66,0.0,-0.2878787878787879,0.5606060606060606
33,10,71,0.0,-0.028169014084507043,0.08450704225352113
33,11,68,0.0,-0.20588235294117646,0.20588235294117646
33,12,54,0.0,-0.05555555555555555,0.3333333333333333
33,13,66,0.0,0.0,0.10606060606060606
33,14,60,0.0,-0.1,0.13333333333333333
33,15,54,0.0,-0.037037037037037035,0.46296296296296297
33,16,71,0.0,-0.14084507042253522,0.7605633802816901
33,17,60,0.0,-0.05,0.4666666666666667
33,18,66,0.5606060606060606,-0.16666666666666674,0.16666666666666674
33,19,52,0.38461538461538464,0.25,0.0
33,20,92,0.16304347826086957,0.010869565217391297,0.05434782608695651
33,21,55,0.4909090909090909,0.4727272727272727,0.018181818181818132
33,22,57,0.017543859649122806,-0.5614035087719298,0.5614035087719298
33,23,46,0.34782608695652173,0.34782608695652173,0.08695652173913043
33,24,48,0.6875,0.6875,0.04166666666666663
33,25,81,0.2345679012345679,0.2345679012345679,0.0
33,26,73,0.2328767123287671,0.2328767123287671,0.1780821917808219
34,0,51,0.0,-0.37254901960784315,0.5098039215686274
34,1,45,0.0,-0.8,0.8
34,2,51,0.0,0.0,0.17647058823529413
34,3,54,0.0,-0.07407407407407407,0.6666666666666666
34,4,49,0.0,0.0,0.4897959183673469
34,5,53,0.0,0.0,0.2641509433962264
34,6,52,0.0,0.0,0.5769230769230769
34,7,58,0.0,0.0,0.034482758620689655
34,8,62,0.0,0.0,0.14516129032258066
34,9,66,0.0,-0.2878787878787879,0.5606060606060606
34,10,71,0.0,-0.028169014084507043,0.08450704225352113
34,11,68,0.0,-0.20588235294117646,0.20588235294117646
34,12,54,0.0,-0.05555555555555555,0.3333333333333333
34,13,66,0.0,0.0,0.10606060606060606
34,14,60,0.0,-0.1,0.13333333333333333
34,15,54,0.0,-0.037037037037037035,0.46296296296296297
34,16,71,0.0,-0.14084507042253522,0.7605633802816901
34,17,60,0.0,-0.05,0.4666666666666667
34,18,66,0.5303030303030303,-0.19696969696969702,0.19696969696969702
34,19,52,0.38461538461538464,0.25,0.0
34,20,92,0.16304347826086957,0.010869565217391297,0.05434782608695651
34,21,55,0.4727272727272727,0.45454545454545453,0.03636363636363632
34,22,57,0.05263157894736842,-0.5263157894736843,0.5263157894736843
34,23,46,0.32608695652173914,0.32608695652173914,0.10869565217391303
34,24,48,0.7083333333333334,0.7083333333333334,0.02083333333333326
34,25,81,0.24691358024691357,0.24691358024691357,0.0
34,26,73,0.2328767123287671,0.2328767123287671,0.1780821917808219
35,0,51,0.0,-0.37254901960784315,0.5098039215686274
35,1,45,0.0,-0.8,0.8
35,2,51,0.0,0.0,0.17647058823529413
35,3,54,0.0,-0.07407407407407407,0.6666666666666666
35,4,49,0.0,0.0,0.4897959183673469
35,5,53,0.0,0.0,0.2641509433962264
35,6,52,0.0,0.0,0.5769230769230769
35,7,58,0.0,0.0,0.034482758620689655
35,8,62,0.0,0.0,0.14516129032258066
35,9,66,0.0,-0.2878787878787879,0.5606060606060606
35,10,71,0.0,-0.028169014084507043,0.08450704225352113
35,11,68,0.0,-0.20588235294117646,0.20588235294117646
35,12,54,0.0,-0.05555555555555555,0.3333333333333333
35,13,66,0.0,0.0,0.10606060606060606
35,14,60,0.0,-0.1,0.13333333333333333
35,15,54,0.0,-0.037037037037037035,0.46296296296296297
35,16,71,0.0,-0.14084507042253522,0.7605633802816901
35,17,60,0.0,-0.05,0.4666666666666667
35,18,66,0.5454545454545454,-0.18181818181818188,0.18181818181818188
35,19,52,0.34615384615384615,0.21153846153846154,0.03846153846153849
35,20,92,0.14130434782608695,-0.010869565217391325,0.07608695652173914
35,21,55,0.43636363636363634,0.41818181818181815,0.0727272727272727
35,22,57,0.07017543859649122,-0.5087719298245614,0.5087719298245614
35,23,46,0.32608695652173914,0.32608695652173914,0.10869565217391303
35,24,48,0.625,0.625,0.10416666666666663
35,25,81,0.3333333333333333,0.3333333333333333,0.0
35,26,73,0.2191780821917808,0.2191780821917808,0.1917808219178082
36,0,51,0.0,-0.37254901960784315,0.5098039215686274
36,1,45,0.0,-0.8,0.8
36,2,51,0.0,0.0,0.17647058823529413
36,3,54,0.0,-0.07407407407407407,0.6666666666666666
36,4,49,0.0,0.0,0.4897959183673469
36,5,53,0.0,0.0,0.2641509433962264
36,6,52,0.0,0.0,0.5769230769230769
36,7,58,0.0,0.0,0.034482758620689655
36,8,62,0.0,0.0,0.14516129032258066
36,9,66,0.0,-0.2878787878787879,0.5606060606060606
36,10,71,0.0,-0.028169014084507043,0.08450704225352113
36,11,68,0.0,-0.20588235294117646,0.20588235294117646
36,12,54,0.0,-0.05555555555555555,0.3333333333333333
36,13,66,0.0,0.0,0.10606060606060606
36,14,60,0.0,-0.1,0.13333333333333333
36,15,54,0.0,-0.037037037037037035,0.46296296296296297
36,16,71,0.0,-0.14084507042253522,0.7605633802816901
36,17,60,0.0,-0.05,0.4666666666666667
36,18,66,0.5757575757575758,-0.1515151515151515,0.1515151515151515
36,19,52,0.38461538461538464,0.25,0.0
36,20,92,0.13043478260869565,-0.021739130434782622,0.08695652173913043
36,21,55,0.38181818181818183,0.36363636363636365,0.1272727272727272
36,22,57,0.08771929824561403,-0.4912280701754386,0.4912280701754386
36,23,46,0.30434782608695654,0.30434782608695654,0.13043478260869562
36,24,48,0.6041666666666666,0.6041666666666666,0.125
36,25,81,0.2345679012345679,0.2345679012345679,0.09876543209876543
36,26,73,0.2191780821917808,0.2191780821917808,0.1917808219178082
37,0,51,0.0,-0.37254901960784315,0.5098039215686274
37,1,45,0.0,-0.8,0.8
37,2,51,0.0,0.0,0.17647058823529413
37,3,54,0.0,-0.07407407407407407,0.6666666666666666
37,4,49,0.0,0.0,0.4897959183673469
37,5,53,0.0,0.0,0.2641509433962264
37,6,52,0.0,0.0,0.5769230769230769
37,7,58,0.0,0.0,0.034482758620689655
37,8,62,0.0,0.0,0.14516129032258066
37,9,66,0.0,-0.2878787878787879,0.5606060606060606
37,10,71,0.0,-0.028169014084507043,0.08450704225352113
37,11,68,0.0,-0.20588235294117646,0.20588235294117646
37,12,54,0.0,-0.05555555555555555,0.3333333333333333
37,13,66,0.0,0.0,0.10606060606060606
37,14,60,0.0,-0.1,0.13333333333333333
37,15,54,0.0,-0.037037037037037035,0.46296296296296297
37,16,71,0.0,-0.14084507042253522,0.7605633802816901
37,17,60,0.0,-0.05,0.4666666666666667
37,18,66,0.6212121212121212,-0.10606060606060608,0.10606060606060608
37,19,52,0.40384615384615385,0.2692307692307693,0.0
37,20,92,0.14130434782608695,-0.010869565217391325,0.07608695652173914
37,21,55,0.34545454545454546,0.32727272727272727,0.16363636363636358
37,22,57,0.10526315789473684,-0.4736842105263158,0.4736842105263158
37,23,46,0.32608695652173914,0.32608695652173914,0.10869565217391303
37,24,48,0.5833333333333334,0.5833333333333334,0.14583333333333326
37,25,81,0.25925925925925924,0.25925925925925924,0.07407407407407407
37,26,73,0.2191780821917808,0.2191780821917808,0.1917808219178082
38,0,51,0.0,-0.37254901960784315,0.5098039215686274
38,1,45,0.0,-0.8,0.8
38,2,51,0.0,0.0,0.17647058823529413
38,3,54,0.0,-0.07407407407407407,0.6666666666666666
38,4,49,0.0,0.0,0.4897959183673469
38,5,53,0.0,0.0,0.2641509433962264
38,6,52,0.0,0.0,0.5769230769230769
38,7,58,0.0,0.0,0.034482758620689655
38,8,62,0.0,0.0,0.14516129032258066
38,9,66,0.0,-0.2878787878787879,0.5606060606060606
38,10,71,0.0,-0.028169014084507043,0.08450704225352113
38,11,68,0.0,-0.20588235294117646,0.20588235294117646
38,12,54,0.0,-0.05555555555555555,0.3333333333333333
38,13,66,0.0,0.0,0.10606060606060606
38,14,60,0.0,-0.1,0.13333333333333333
38,15,54,0.0,-0.037037037037037035,0.46296296296296297
38,16,71,0.0,-0.14084507042253522,0.7605633802816901
38,17,60,0.0,-0.05,0.4666666666666667
38,18,66,0.5454545454545454,-0.18181818181818188,0.18181818181818188
38,19,52,0.40384615384615385,0.2692307692307693,0.0
38,20,92,0.14130434782608695,-0.010869565217391325,0.07608695652173914
38,21,55,0.2909090909090909,0.2727272727272727,0.21818181818181814
38,22,57,0.10526315789473684,-0.4736842105263158,0.4736842105263158
38,23,46,0.30434782608695654,0.30434782608695654,0.13043478260869562
38,24,48,0.5416666666666666,0.5416666666666666,0.1875
38,25,81,0.24691358024691357,0.24691358024691357,0.08641975308641975
38,26,73,0.2328767123287671,0.2328767123287671,0.1780821917808219
39,0,51,0.0,-0.37254901960784315,0.5098039215686274
39,1,45,0.0,-0.8,0.8
39,2,51,0.0,0.0,0.17647058823529413
39,3,54,0.0,-0.07407407407407407,0.6666666666666666
39,4,49,0.0,0.0,0.4897959183673469
39,5,53,0.0,0.0,0.2641509433962264
39,6,52,0.0,0.0,0.5769230769230769
39,7,58,0.0,0.0,0.034482758620689655
39,8,62,0.0,0.0,0.14516129032258066
39,9,66,0.0,-0.2878787878787879,0.5606060606060606
39,10,71,0.0,-0.028169014084507043,0.08450704225352113
39,11,68,0.0,-0.20588235294117646,0.20588235294117646
39,12,54,0.0,-0.05555555555555555,0.3333333333333333
39,13,66,0.0,0.0,0.10606060606060606
39,14,60,0.0,-0.1,0.13333333333333333
39,15,54,0.0,-0.037037037037037035,0.46296296296296297
39,16,71,0.0,-0.14084507042253522,0.7605633802816901
39,17,60,0.0,-0.05,0.4666666666666667
39,18,66,0.6666666666666666,-0.06060606060606066,0.06060606060606066
39,19,52,0.40384615384615385,0.2692307692307693,0.0
39,20,92,0.14130434782608695,-0.010869565217391325,0.07608695652173914
39,21,55,0.32727272727272727,0.3090909090909091,0.18181818181818177
39,22,57,0.12280701754385964,-0.456140350877193,0.456140350877193
39,23,46,0.2826086956521739,0.2826086956521739,0.15217391304347827
39,24,48,0.5416666666666666,0.5416666666666666,0.1875
39,25,81,0.2716049382716049,0.2716049382716049,0.06172839506172839
39,26,73,0.2191780821917808,0.2191780821917808,0.1917808219178082
40,0,51,0.0,-0.37254901960784315,0.5098039215686274
40,1,45,0.0,-0.8,0.8
40,2,51,0.0,0.0,0.17647058823529413
40,3,54,0.0,-0.07407407407407407,0.6666666666666666
40,4,49,0.0,0.0,0.4897959183673469
40,5,53,0.0,0.0,0.2641509433962264
40,6,52,0.0,0.0,0.5769230769230769
40,7,58,0.0,0.0,0.034482758620689655
40,8,62,0.0,0.0,0.14516129032258066
40,9,66,0.0,-0.2878787878787879,0.5606060606060606
40,10,71,0.0,-0.028169014084507043,0.08450704225352113
40,11,68,0.0,-0.20588235294117646,0.20588235294117646
40,12,54,0.0,-0.05555555555555555,0.3333333333333333
40,13,66,0.0,0.0,0.10606060606060606
40,14,60,0.0,-0.1,0.13333333333333333
40,15,54,0.0,-0.037037037037037035,0.46296296296296297
40,16,71,0.0,-0.14084507042253522,0.7605633802816901
40,17,60,0.0,-0.05,0.4666666666666667
40,18,66,0.5757575757575758,-0.1515151515151515,0.1515151515151515
40,19,52,0.4423076923076923,0.3076923076923077,0.0
40,20,92,0.14130434782608695,-0.010869565217391325,0.07608695652173914
40,21,55,0.2727272727272727,0.2545454545454545,0.23636363636363633
40,22,57,0.10526315789473684,-0.4736842105263158,0.4736842105263158
40,23,46,0.30434782608695654,0.30434782608695654,0.13043478260869562
40,24,48,0.4583333333333333,0.4583333333333333,0.2708333333333333
40,25,81,0.24691358024691357,0.24691358024691357,0.08641975308641975
40,26,73,0.273972602739726,0.273972602739726,0.136986301369863
41,0,51,0.0,-0.37254901960784315,0.5098039215686274
41,1,45,0.0,-0.8,0.8
41,2,51,0.0,0.0,0.17647058823529413
41,3,54,0.0,-0.07407407407407407,0.6666666666666666
41,4,49,0.0,0.0,0.4897959183673469
41,5,53,0.0,0.0,0.2641509433962264
41,6,52,0.0,0.0,0.5769230769230769
41,7,58,0.0,0.0,0.034482758620689655
41,8,62,0.0,0.0,0.14516129032258066
41,9,66,0.0,-0.2878787878787879,0.5606060606060606
41,10,71,0.0,-0.028169014084507043,0.08450704225352113
41,11,68,0.0,-0.20588235294117646,0.20588235294117646
41,12,54,0.0,-0.05555555555555555,0.3333333333333333
41,13,66,0.0,0.0,0.10606060606060606
41,14,60,0.0,-0.1,0.13333333333333333
41,15,54,0.0,-0.037037037037037035,0.46296296296296297
41,16,71,0.0,-0.14084507042253522,0.7605633802816901
41,17,60,0.0,-0.05,0.4666666666666667
41,18,66,0.6818181818181818,-0.045454545454545525,0.045454545454545525
41,19,52,0.4230769230769231,0.28846153846153844,0.019230769230769218
41,20,92,0.15217391304347827,0.0,0.06521739130434781
41,21,55,0.36363636363636365,0.34545454545454546,0.1454545454545454
41,22,57,0.17543859649122806,-0.4035087719298246,0.4035087719298246
41,23,46,0.2826086956521739,0.2826086956521739,0.15217391304347827
41,24,48,0.5416666666666666,0.5416666666666666,0.1875
41,25,81,0.2345679012345679,0.2345679012345679,0.09876543209876543
41,26,73,0.2191780821917808,0.2191780821917808,0.1917808219178082
42,0,51,0.0,-0.37254901960784315,0.5098039215686274
42,1,45,0.0,-0.8,0.8
42,2,51,0.0,0.0,0.17647058823529413
42,3,54,0.0,-0.07407407407407407,0.6666666666666666
42,4,49,0.0,0.0,0.4897959183673469
42,5,53,0.0,0.0,0.2641509433962264
42,6,52,0.0,0.0,0.5769230769230769
42,7,58,0.0,0.0,0.034482758620689655
42,8,62,0.0,0.0,0.14516129032258066
42,9,66,0.0,-0.2878787878787879,0.5606060606060606
42,10,71,0.0,-0.028169014084507043,0.08450704225352113
42,11,68,0.0,-0.20588235294117646,0.20588235294117646
42,12,54,0.0,-0.05555555555555555,0.3333333333333333
42,13,66,0.0,0.0,0.10606060606060606
42,14,60,0.0,-0.1,0.13333333333333333
42,15,54,0.0,-0.037037037037037035,0.46296296296296297
42,16,71,0.0,-0.14084507042253522,0.7605633802816901
42,17,60,0.0,-0.05,0.4666666666666667
42,18,66,0.5151515151515151,-0.21212121212121215,0.21212121212121215
42,19,52,0.46153846153846156,0.326923076923077,0.0
42,20,92,0.16304347826086957,0.010869565217391297,0.05434782608695651
42,21,55,0.2909090909090909,0.2727272727272727,0.21818181818181814
42,22,57,0.10526315789473684,-0.4736842105263158,0.4736842105263158
42,23,46,0.30434782608695654,0.30434782608695654,0.13043478260869562
42,24,48,0.4375,0.4375,0.29166666666666663
42,25,81,0.32098765432098764,0.32098765432098764,0.012345679012345678
42,26,73,0.273972602739726,0.273972602739726,0.136986301369863
43,0,51,0.0,-0.37254901960784315,0.5098039215686274
43,1,45,0.0,-0.8,0.8
43,2,51,0.0,0.0,0.17647058823529413
43,3,54,0.0,-0.07407407407407407,0.6666666666666666
43,4,49,0.0,0.0,0.4897959183673469
43,5,53,0.0,0.0,0.2641509433962264
43,6,52,0.0,0.0,0.5769230769230769
43,7,58,0.0,0.0,0.034482758620689655
43,8,62,0.0,0.0,0.14516129032258066
43,9,66,0.0,-0.2878787878787879,0.5606060606060606
43,10,71,0.0,-0.028169014084507043,0.08450704225352113
43,11,68,0.0,-0.20588235294117646,0.20588235294117646
43,12,54,0.0,-0.05555555555555555,0.3333333333333333
43,13,66,0.0,0.0,0.10606060606060606
43,14,60,0.0,-0.1,0.13333333333333333
43,15,54,0.0,-0.037037037037037035,0.46296296296296297
43,16,71,0.0,-0.14084507042253522,0.7605633802816901
43,17,60,0.0,-0.05,0.4666666666666667
43,18,66,0.5303030303030303,-0.19696969696969702,0.19696969696969702
43,19,52,0.38461538461538464,0.25,0.07692307692307693
43,20,92,0.17391304347826086,0.021739130434782594,0.043478260869565216
43,21,55,0.34545454545454546,0.32727272727272727,0.16363636363636358
43,22,57,0.15789473684210525,-0.4210526315789474,0.4210526315789474
43,23,46,0.2826086956521739,0.2826086956521739,0.15217391304347827
43,24,48,0.4583333333333333,0.4583333333333333,0.2708333333333333
43,25,81,0.3333333333333333,0.3333333333333333,0.0
43,26,73,0.2054794520547945,0.2054794520547945,0.2054794520547945
44,0,51,0.0,-0.37254901960784315,0.5098039215686274
44,1,45,0.0,-0.8,0.8
44,2,51,0.0,0.0,0.17647058823529413
44,3,54,0.0,-0.07407407407407407,0.6666666666666666
44,4,49,0.0,0.0,0.4897959183673469
44,5,53,0.0,0.0,0.2641509433962264
44,6,52,0.0,0.0,0.5769230769230769
44,7,58,0.0,0.0,0.034482758620689655
44,8,62,0.0,0.0,0.14516129032258066
44,9,66,0.0,-0.2878787878787879,0.5606060606060606
44,10,71,0.0,-0.028169014084507043,0.08450704225352113
44,11,68,0.0,-0.20588235294117646,0.20588235294117646
44,12,54,0.0,-0.05555555555555555,0.3333333333333333
44,13,66,0.0,0.0,0.10606060606060606
44,14,60,0.0,-0.1,0.13333333333333333
44,15,54,0.0,-0.037037037037037035,0.46296296296296297
44,16,71,0.0,-0.14084507042253522,0.7605633802816901
44,17,60,0.0,-0.05,0.4666666666666667
44,18,66,0.5303030303030303,-0.19696969696969702,0.19696969696969702
44,19,52,0.40384615384615385,0.2692307692307693,0.05769230769230771
44,20,92,0.15217391304347827,0.0,0.06521739130434781
44,21,55,0.3090909090909091,0.2909090909090909,0.19999999999999996
44,22,57,0.15789473684210525,-0.4210526315789474,0.4210526315789474
44,23,46,0.34782608695652173,0.34782608695652173,0.08695652173913043
44,24,48,0.375,0.375,0.35416666666666663
44,25,81,0.41975308641975306,0.41975308641975306,0.0
44,26,73,0.2876712328767123,0.2876712328767123,0.1232876712328767
45,0,51,0.0,-0.37254901960784315,0.5098039215686274
45,1,45,0.0,-0.8,0.8
45,2,51,0.0,0.0,0.17647058823529413
45,3,54,0.0,-0.07407407407407407,0.6666666666666666
45,4,49,0.0,0.0,0.4897959183673469
45,5,53,0.0,0.0,0.2641509433962264
45,6,52,0.0,0.0,0.5769230769230769
45,7,58,0.0,0.0,0.034482758620689655
45,8,62,0.0,0.0,0.14516129032258066
45,9,66,0.015151515151515152,-0.27272727272727276,0.5454545454545454
45,10,71,0.0,-0.028169014084507043,0.08450704225352113
45,11,68,0.0,-0.20588235294117646,0.20588235294117646
45,12,54,0.0,-0.05555555555555555,0.3333333333333333
45,13,66,0.0,0.0,0.10606060606060606
45,14,60,0.0,-0.1,0.13333333333333333
45,15,54,0.0,-0.037037037037037035,0.46296296296296297
45,16,71,0.0,-0.14084507042253522,0.7605633802816901
45,17,60,0.0,-0.05,0.4666666666666667
45,18,66,0.5151515151515151,-0.21212121212121215,0.21212121212121215
45,19,52,0.36538461538461536,0.23076923076923075,0.0961538461538462
45,20,92,0.1956521739130435,0.043478260869565216,0.021739130434782594
45,21,55,0.34545454545454546,0.32727272727272727,0.16363636363636358
45,22,57,0.14035087719298245,-0.4385964912280702,0.4385964912280702
45,23,46,0.2826086956521739,0.2826086956521739,0.15217391304347827
45,24,48,0.5416666666666666,0.5416666666666666,0.1875
45,25,81,0.2962962962962963,0.2962962962962963,0.12345679012345678
45,26,73,0.2328767123287671,0.2328767123287671,0.1780821917808219
46,0,51,0.0,-0.37254901960784315,0.5098039215686274
46,1,45,0.0,-0.8,0.8
46,2,51,0.0,0.0,0.17647058823529413
46,3,54,0.0,-0.07407407407407407,0.6666666666666666
46,4,49,0.0,0.0,0.4897959183673469
46,5,53,0.0,0.0,0.2641509433962264
46,6,52,0.0,0.0,0.5769230769230769
46,7,58,0.0,0.0,0.034482758620689655
46,8,62,0.0,0.0,0.14516129032258066
46,9,66,0.0,-0.2878787878787879,0.5606060606060606
46,10,71,0.0,-0.028169014084507043,0.08450704225352113
46,11,68,0.0,-0.20588235294117646,0.20588235294117646
46,12,54,0.0,-0.05555555555555555,0.3333333333333333
46,13,66,0.0,0.0,0.10606060606060606
46,14,60,0.0,-0.1,0.13333333333333333
46,15,54,0.0,-0.037037037037037035,0.46296296296296297
46,16,71,0.0,-0.14084507042253522,0.7605633802816901
46,17,60,0.0,-0.05,0.4666666666666667
46,18,66,0.5606060606060606,-0.16666666666666674,0.16666666666666674
46,19,52,0.40384615384615385,0.2692307692307693,0.05769230769230771
46,20,92,0.17391304347826086,0.021739130434782594,0.043478260869565216
46,21,55,0.32727272727272727,0.3090909090909091,0.18181818181818177
46,22,57,0.10526315789473684,-0.4736842105263158,0.4736842105263158
46,23,46,0.30434782608695654,0.30434782608695654,0.13043478260869562
46,24,48,0.2708333333333333,0.2708333333333333,0.4583333333333333
46,25,81,0.4074074074074074,0.4074074074074074,0.012345679012345678
46,26,73,0.3150684931506849,0.3150684931506849,0.0958904109589041
47,0,51,0.0,-0.37254901960784315,0.5098039215686274
47,1,45,0.0,-0.8,0.8
47,2,51,0.0,0.0,0.17647058823529413
47,3,54,0.0,-0.07407407407407407,0.6666666666666666
47,4,49,0.0,0.0,0.4897959183673469
47,5,53,0.0,0.0,0.2641509433962264
47,6,52,0.0,0.0,0.5769230769230769
47,7,58,0.0,0.0,0.034482758620689655
47,8,62,0.0,0.0,0.14516129032258066
47,9,66,0.015151515151515152,-0.27272727272727276,0.5454545454545454
47,10,71,0.0,-0.028169014084507043,0.08450704225352113
47,11,68,0.0,-0.20588235294117646,0.20588235294117646
47,12,54,0.0,-0.05555555555555555,0.3333333333333333
47,13,66,0.0,0.0,0.10606060606060606
47,14,60,0.0,-0.1,0.13333333333333333
47,15,54,0.0,-0.037037037037037035,0.46296296296296297
47,16,71,0.0,-0.14084507042253522,0.7605633802816901
47,17,60,0.0,-0.05,0.4666666666666667
47,18,66,0.5151515151515151,-0.21212121212121215,0.21212121212121215
47,19,52,0.36538461538461536,0.23076923076923075,0.0961538461538462
47,20,92,0.22826086956521738,0.07608695652173911,0.0
47,21,55,0.2909090909090909,0.2727272727272727,0.21818181818181814
47,22,57,0.2631578947368421,-0.31578947368421056,0.31578947368421056
47,23,46,0.21739130434782608,0.21739130434782608,0.21739130434782608
47,24,48,0.6041666666666666,0.6041666666666666,0.125
47,25,81,0.24691358024691357,0.24691358024691357,0.1728395061728395
47,26,73,0.2191780821917808,0.2191780821917808,0.1917808219178082
48,0,51,0.0,-0.37254901960784315,0.5098039215686274
48,1,45,0.0,-0.8,0.8
48,2,51,0.0,0.0,0.17647058823529413
48,3,54,0.0,-0.07407407407407407,0.6666666666666666
48,4,49,0.0,0.0,0.4897959183673469
48,5,53,0.0,0.0,0.2641509433962264
48,6,52,0.0,0.0,0.5769230769230769
48,7,58,0.0,0.0,0.034482758620689655
48,8,62,0.0,0.0,0.14516129032258066
48,9,66,0.0,-0.2878787878787879,0.5606060606060606
48,10,71,0.0,-0.028169014084507043,0.08450704225352113
48,11,68,0.0,-0.20588235294117646,0.20588235294117646
48,12,54,0.0,-0.05555555555555555,0.3333333333333333
48,13,66,0.0,0.0,0.10606060606060606
48,14,60,0.0,-0.1,0.13333333333333333
48,15,54,0.0,-0.037037037037037035,0.46296296296296297
48,16,71,0.0,-0.14084507042253522,0.7605633802816901
48,17,60,0.0,-0.05,0.4666666666666667
48,18,66,0.6666666666666666,-0.06060606060606066,0.06060606060606066
48,19,52,0.4423076923076923,0.3076923076923077,0.019230769230769273
48,20,92,0.09782608695652174,-0.05434782608695653,0.13043478260869562
48,21,55,0.2909090909090909,0.2727272727272727,0.21818181818181814
48,22,57,0.10526315789473684,-0.4736842105263158,0.4736842105263158
48,23,46,0.32608695652173914,0.32608695652173914,0.10869565217391303
48,24,48,0.2916666666666667,0.2916666666666667,0.43749999999999994
48,25,81,0.5432098765432098,0.5432098765432098,0.0
48,26,73,0.3150684931506849,0.3150684931506849,0.0958904109589041
49,0,51,0.0,-0.37254901960784315,0.5098039215686274
49,1,45,0.0,-0.8,0.8
49,2,51,0.0,0.0,0.17647058823529413
49,3,54,0.0,-0.07407407407407407,0.6666666666666666
49,4,49,0.0,0.0,0.4897959183673469
49,5,53,0.0,0.0,0.2641509433962264
49,6,52,0.0,0.0,0.5769230769230769
49,7,58,0.0,0.0,0.034482758620689655
49,8,62,0.0,0.0,0.14516129032258066
49,9,66,0.0,-0.2878787878787879,0.5606060606060606
49,10,71,0.0,-0.028169014084507043,0.08450704225352113
49,11,68,0.0,-0.20588235294117646,0.20588235294117646
49,12,54,0.0,-0.05555555555555555,0.3333333333333333
49,13,66,0.0,0.0,0.10606060606060606
49,14,60,0.0,-0.1,0.13333333333333333
49,15,54,0.0,-0.037037037037037035,0.46296296296296297
49,16,71,0.0,-0.14084507042253522,0.7605633802816901
49,17,60,0.0,-0.05,0.4666666666666667
49,18,66,0.7272727272727273,0.0,0.0
49,19,52,0.36538461538461536,0.23076923076923075,0.0961538461538462
49,20,92,0.13043478260869565,-0.021739130434782622,0.09782608695652173
49,21,55,0.21818181818181817,0.19999999999999998,0.2909090909090909
49,22,57,0.42105263157894735,-0.1578947368421053,0.1578947368421053
49,23,46,0.2608695652173913,0.2608695652173913,0.17391304347826086
49,24,48,0.5625,0.5625,0.16666666666666663
49,25,81,0.2962962962962963,0.2962962962962963,0.24691358024691357
49,26,73,0.1917808219178082,0.1917808219178082,0.2191780821917808
50,0,51,0.0,-0.37254901960784315,0.5098039215686274
50,1,45,0.0,-0.8,0.8
50,2,51,0.0,0.0,0.17647058823529413
50,3,54,0.0,-0.07407407407407407,0.6666666666666666
50,4,49,0.0,0.0,0.4897959183673469
50,5,53,0.0,0.0,0.2641509433962264
50,6,52,0.0,0.0,0.5769230769230769
50,7,58,0.0,0.0,0.034482758620689655
50,8,62,0.0,0.0,0.14516129032258066
50,9,66,0.0,-0.2878787878787879,0.5606060606060606
50,10,71,0.0,-0.028169014084507043,0.08450704225352113
50,11,68,0.0,-0.20588235294117646,0.20588235294117646
50,12,54,0.0,-0.05555555555555555,0.3333333333333333
50,13,66,0.0,0.0,0.10606060606060606
50,14,60,0.0,-0.1,0.13333333333333333
50,15,54,0.0,-0.037037037037037035,0.46296296296296297
50,16,71,0.0,-0.14084507042253522,0.7605633802816901
50,17,60,0.0,-0.05,0.4666666666666667
50,18,66,0.6363636363636364,-0.09090909090909094,0.09090909090909094
50,19,52,0.3269230769230769,0.19230769230769232,0.13461538461538464
50,20,92,0.13043478260869565,-0.021739130434782622,0.09782608695652173
50,21,55,0.2545454545454545,0.23636363636363633,0.2545454545454545
50,22,57,0.2982456140350877,-0.28070175438596495,0.28070175438596495
50,23,46,0.43478260869565216,0.43478260869565216,0.0
50,24,48,0.3125,0.3125,0.41666666666666663
50,25,81,0.5185185185185185,0.5185185185185185,0.024691358024691357
50,26,73,0.1917808219178082,0.1917808219178082,0.2191780821917808
51,0,51,0.0,-0.37254901960784315,0.5098039215686274
51,1,45,0.0,-0.8,0.8
51,2,51,0.0,0.0,0.17647058823529413
51,3,54,0.0,-0.07407407407407407,0.6666666666666666
51,4,49,0.0,0.0,0.4897959183673469
51,5,53,0.0,0.0,0.2641509433962264
51,6,52,0.0,0.0,0.5769230769230769
51,7,58,0.0,0.0,0.034482758620689655
51,8,62,0.0,0.0,0.14516129032258066
51,9,66,0.0,-0.2878787878787879,0.5606060606060606
51,10,71,0.0,-0.028169014084507043,0.08450704225352113
51,11,68,0.0,-0.20588235294117646,0.20588235294117646
51,12,54,0.0,-0.05555555555555555,0.3333333333333333
51,13,66,0.0,0.0,0.10606060606060606
51,14,60,0.0,-0.1,0.13333333333333333
51,15,54,0.0,-0.037037037037037035,0.46296296296296297
51,16,71,0.0,-0.14084507042253522,0.7605633802816901
51,17,60,0.0,-0.05,0.4666666666666667
51,18,66,0.6666666666666666,-0.06060606060606066,0.06060606060606066
51,19,52,0.3076923076923077,0.1730769230769231,0.15384615384615385
51,20,92,0.13043478260869565,-0.021739130434782622,0.09782608695652173
51,21,55,0.2545454545454545,0.23636363636363633,0.2545454545454545
51,22,57,0.3157894736842105,-0.26315789473684215,0.26315789473684215
51,23,46,0.21739130434782608,0.21739130434782608,0.21739130434782608
51,24,48,0.5625,0.5625,0.16666666666666663
51,25,81,0.37037037037037035,0.37037037037037035,0.1728395061728395
51,26,73,0.1917808219178082,0.1917808219178082,0.2191780821917808
52,0,51,0.0,-0.37254901960784315,0.5098039215686274
52,1,45,0.0,-0.8,0.8
52,2,51,0.0,0.0,0.17647058823529413
52,3,54,0.0,-0.07407407407407407,0.6666666666666666
52,4,49,0.0,0.0,0.4897959183673469
52,5,53,0.0,0.0,0.2641509433962264
52,6,52,0.0,0.0,0.5769230769230769
52,7,58,0.0,0.0,0.034482758620689655
52,8,62,0.0,0.0,0.14516129032258066
52,9,66,0.0,-0.2878787878787879,0.5606060606060606
52,10,71,0.0,-0.028169014084507043,0.08450704225352113
52,11,68,0.0,-0.20588235294117646,0.20588235294117646
52,12,54,0.0,-0.05555555555555555,0.3333333333333333
52,13,66,0.0,0.0,0.10606060606060606
52,14,60,0.0,-0.1,0.13333333333333333
52,15,54,0.0,-0.037037037037037035,0.46296296296296297
52,16,71,0.0,-0.14084507042253522,0.7605633802816901
52,17,60,0.0,-0.05,0.4666666666666667
52,18,66,0.7272727272727273,0.0,0.0
52,19,52,0.3076923076923077,0.1730769230769231,0.15384615384615385
52,20,92,0.11956521739130435,-0.03260869565217392,0.10869565217391303
52,21,55,0.23636363636363636,0.21818181818181817,0.2727272727272727
52,22,57,0.3157894736842105,-0.26315789473684215,0.26315789473684215
52,23,46,0.34782608695652173,0.34782608695652173,0.08695652173913043
52,24,48,0.22916666666666666,0.22916666666666666,0.5
52,25,81,0.48148148148148145,0.48148148148148145,0.06172839506172839
52,26,73,0.2465753424657534,0.2465753424657534,0.1643835616438356
53,0,51,0.0,-0.37254901960784315,0.5098039215686274
53,1,45,0.0,-0.8,0.8
53,2,51,0.0,0.0,0.17647058823529413
53,3,54,0.0,-0.07407407407407407,0.6666666666666666
53,4,49,0.0,0.0,0.4897959183673469
53,5,53,0.0,0.0,0.2641509433962264
53,6,52,0.0,0.0,0.5769230769230769
53,7,58,0.0,0.0,0.034482758620689655
53,8,62,0.0,0.0,0.14516129032258066
53,9,66,0.0,-0.2878787878787879,0.5606060606060606
53,10,71,0.0,-0.028169014084507043,0.08450704225352113
53,11,68,0.0,-0.20588235294117646,0.20588235294117646
53,12,54,0.0,-0.05555555555555555,0.3333333333333333
53,13,66,0.0,0.0,0.10606060606060606
53,14,60,0.0,-0.1,0.13333333333333333
53,15,54,0.0,-0.037037037037037035,0.46296296296296297
53,16,71,0.0,-0.14084507042253522,0.7605633802816901
53,17,60,0.0,-0.05,0.4666666666666667
53,18,66,0.6818181818181818,-0.045454545454545525,0.045454545454545525
53,19,52,0.36538461538461536,0.23076923076923075,0.0961538461538462
53,20,92,0.15217391304347827,0.0,0.07608695652173911
53,21,55,0.2727272727272727,0.2545454545454545,0.23636363636363633
53,22,57,0.3684210526315789,-0.21052631578947373,0.21052631578947373
53,23,46,0.21739130434782608,0.21739130434782608,0.21739130434782608
53,24,48,0.5,0.5,0.22916666666666663
53,25,81,0.35802469135802467,0.35802469135802467,0.18518518518518517
53,26,73,0.1917808219178082,0.1917808219178082,0.2191780821917808
54,0,51,0.0,-0.37254901960784315,0.5098039215686274
54,1,45,0.0,-0.8,0.8
54,2,51,0.0,0.0,0.17647058823529413
54,3,54,0.0,-0.07407407407407407,0.6666666666666666
54,4,49,0.0,0.0,0.4897959183673469
54,5,53,0.0,0.0,0.2641509433962264
54,6,52,0.0,0.0,0.5769230769230769
54,7,58,0.0,0.0,0.034482758620689655
54,8,62,0.0,0.0,0.14516129032258066
54,9,66,0.0,-0.2878787878787879,0.5606060606060606
54,10,71,0.0,-0.028169014084507043,0.08450704225352113
54,11,68,0.0,-0.20588235294117646,0.20588235294117646
54,12,54,0.0,-0.05555555555555555,0.3333333333333333
54,13,66,0.0,0.0,0.10606060606060606
54,14,60,0.0,-0.1,0.13333333333333333
54,15,54,0.0,-0.037037037037037035,0.46296296296296297
54,16,71,0.0,-0.14084507042253522,0.7605633802816901
54,17,60,0.0,-0.05,0.4666666666666667
54,18,66,0.7424242424242424,0.015151515151515138,0.0
54,19,52,0.34615384615384615,0.21153846153846154,0.11538461538461542
54,20,92,0.08695652173913043,-0.06521739130434784,0.14130434782608695
54,21,55,0.23636363636363636,0.21818181818181817,0.2727272727272727
54,22,57,0.2631578947368421,-0.31578947368421056,0.31578947368421056
54,23,46,0.391304347826087,0.391304347826087,0.04347826086956519
54,24,48,0.25,0.25,0.47916666666666663
54,25,81,0.5308641975308642,0.5308641975308642,0.012345679012345623
54,26,73,0.273972602739726,0.273972602739726,0.136986301369863
55,0,51,0.0,-0.37254901960784315,0.5098039215686274
55,1,45,0.0,-0.8,0.8
55,2,51,0.0,0.0,0.17647058823529413
55,3,54,0.0,-0.07407407407407407,0.6666666666666666
55,4,49,0.0,0.0,0.4897959183673469
55,5,53,0.0,0.0,0.2641509433962264
55,6,52,0.0,0.0,0.5769230769230769
55,7,58,0.0,0.0,0.034482758620689655
55,8,62,0.016129032258064516,0.016129032258064516,0.12903225806451613
55,9,66,0.015151515151515152,-0.27272727272727276,0.5454545454545454
55,10,71,0.0,-0.028169014084507043,0.08450704225352113
55,11,68,0.0,-0.20588235294117646,0.20588235294117646
55,12,54,0.0,-0.05555555555555555,0.3333333333333333
55,13,66,0.0,0.0,0.10606060606060606
55,14,60,0.0,-0.1,0.13333333333333333
55,15,54,0.0,-0.037037037037037035,0.46296296296296297
55,16,71,0.0,-0.14084507042253522,0.7605633802816901
55,17,60,0.0,-0.05,0.4666666666666667
55,18,66,0.6060606060606061,-0.12121212121212122,0.13636363636363635
55,19,52,0.3269230769230769,0.19230769230769232,0.13461538461538464
55,20,92,0.17391304347826086,0.021739130434782594,0.05434782608695651
55,21,55,0.3090909090909091,0.2909090909090909,0.19999999999999996
55,22,57,0.2807017543859649,-0.29824561403508776,0.29824561403508776
55,23,46,0.2608695652173913,0.2608695652173913,0.17391304347826086
55,24,48,0.4375,0.4375,0.29166666666666663
55,25,81,0.38271604938271603,0.38271604938271603,0.16049382716049382
55,26,73,0.2191780821917808,0.2191780821917808,0.1917808219178082
56,0,51,0.0,-0.37254901960784315,0.5098039215686274
56,1,45,0.0,-0.8,0.8
56,2,51,0.0,0.0,0.17647058823529413
56,3,54,0.0,-0.07407407407407407,0.6666666666666666
56,4,49,0.0,0.0,0.4897959183673469
56,5,53,0.0,0.0,0.2641509433962264
56,6,52,0.0,0.0,0.5769230769230769
56,7,58,0.0,0.0,0.034482758620689655
56,8,62,0.0,0.0,0.14516129032258066
56,9,66,0.0,-0.2878787878787879,0.5606060606060606
56,10,71,0.0,-0.028169014084507043,0.08450704225352113
56,11,68,0.0,-0.20588235294117646,0.20588235294117646
56,12,54,0.0,-0.05555555555555555,0.3333333333333333
56,13,66,0.0,0.0,0.10606060606060606
56,14,60,0.0,-0.1,0.13333333333333333
56,15,54,0.0,-0.037037037037037035,0.46296296296296297
56,16,71,0.0,-0.14084507042253522,0.7605633802816901
56,17,60,0.0,-0.05,0.4666666666666667
56,18,66,0.5757575757575758,-0.1515151515151515,0.16666666666666663
56,19,52,0.34615384615384615,0.21153846153846154,0.11538461538461542
56,20,92,0.09782608695652174,-0.05434782608695653,0.13043478260869562
56,21,55,0.2727272727272727,0.2545454545454545,0.23636363636363633
56,22,57,0.2982456140350877,-0.28070175438596495,0.28070175438596495
56,23,46,0.32608695652173914,0.32608695652173914,0.10869565217391303
56,24,48,0.3125,0.3125,0.41666666666666663
56,25,81,0.4691358024691358,0.4691358024691358,0.07407407407407407
56,26,73,0.3013698630136986,0.3013698630136986,0.1095890410958904
57,0,51,0.0,-0.37254901960784315,0.5098039215686274
57,1,45,0.0,-0.8,0.8
57,2,51,0.0,0.0,0.17647058823529413
57,3,54,0.0,-0.07407407407407407,0.6666666666666666
57,4,49,0.0,0.0,0.4897959183673469
57,5,53,0.0,0.0,0.2641509433962264
57,6,52,0.0,0.0,0.5769230769230769
57,7,58,0.0,0.0,0.034482758620689655
57,8,62,0.0,0.0,0.14516129032258066
57,9,66,0.0,-0.2878787878787879,0.5606060606060606
57,10,71,0.0,-0.028169014084507043,0.08450704225352113
57,11,68,0.0,-0.20588235294117646,0.20588235294117646
57,12,54,0.0,-0.05555555555555555,0.3333333333333333
57,13,66,0.0,0.0,0.10606060606060606
57,14,60,0.0,-0.1,0.13333333333333333
57,15,54,0.0,-0.037037037037037035,0.46296296296296297
57,16,71,0.0,-0.14084507042253522,0.7605633802816901
57,17,60,0.0,-0.05,0.4666666666666667
57,18,66,0.5454545454545454,-0.18181818181818188,0.19696969696969702
57,19,52,0.3269230769230769,0.19230769230769232,0.13461538461538464
57,20,92,0.16304347826086957,0.010869565217391297,0.06521739130434781
57,21,55,0.32727272727272727,0.3090909090909091,0.18181818181818177
57,22,57,0.2982456140350877,-0.28070175438596495,0.28070175438596495
57,23,46,0.2826086956521739,0.2826086956521739,0.15217391304347827
57,24,48,0.3125,0.3125,0.41666666666666663
57,25,81,0.38271604938271603,0.38271604938271603,0.16049382716049382
57,26,73,0.2876712328767123,0.2876712328767123,0.1232876712328767
58,0,51,0.0,-0.37254901960784315,0.5098039215686274
58,1,45,0.0,-0.8,0.8
58,2,51,0.0,0.0,0.17647058823529413
58,3,54,0.0,-0.07407407407407407,0.6666666666666666
58,4,49,0.0,0.0,0.4897959183673469
58,5,53,0.0,0.0,0.2641509433962264
58,6,52,0.0,0.0,0.5769230769230769
58,7,58,0.0,0.0,0.034482758620689655
58,8,62,0.0,0.0,0.14516129032258066
58,9,66,0.0,-0.2878787878787879,0.5606060606060606
58,10,71,0.0,-0.028169014084507043,0.08450704225352113
58,11,68,0.0,-0.20588235294117646,0.20588235294117646
58,12,54,0.0,-0.05555555555555555,0.3333333333333333
58,13,66,0.0,0.0,0.10606060606060606
58,14,60,0.0,-0.1,0.13333333333333333
58,15,54,0.0,-0.037037037037037035,0.46296296296296297
58,16,71,0.0,-0.14084507042253522,0.7605633802816901
58,17,60,0.0,-0.05,0.4666666666666667
58,18,66,0.6515151515151515,-0.0757575757575758,0.09090909090909094
58,19,52,0.34615384615384615,0.21153846153846154,0.11538461538461542
58,20,92,0.10869565217391304,-0.04347826086956523,0.11956521739130434
58,21,55,0.3090909090909091,0.2909090909090909,0.19999999999999996
58,22,57,0.2631578947368421,-0.31578947368421056,0.31578947368421056
58,23,46,0.30434782608695654,0.30434782608695654,0.13043478260869562
58,24,48,0.3541666666666667,0.3541666666666667,0.37499999999999994
58,25,81,0.48148148148148145,0.48148148148148145,0.06172839506172839
58,26,73,0.2328767123287671,0.2328767123287671,0.1780821917808219
59,0,51,0.0,-0.37254901960784315,0.5098039215686274
59,1,45,0.0,-0.8,0.8
59,2,51,0.0,0.0,0.17647058823529413
59,3,54,0.0,-0.07407407407407407,0.6666666666666666
59,4,49,0.0,0.0,0.4897959183673469
59,5,53,0.0,0.0,0.2641509433962264
59,6,52,0.0,0.0,0.5769230769230769
59,7,58,0.0,0.0,0.034482758620689655
59,8,62,0.0,0.0,0.14516129032258066
59,9,66,0.0,-0.2878787878787879,0.5606060606060606
59,10,71,0.0,-0.028169014084507043,0.08450704225352113
59,11,68,0.0,-0.20588235294117646,0.20588235294117646
59,12,54,0.0,-0.05555555555555555,0.3333333333333333
59,13,66,0.0,0.0,0.10606060606060606
59,14,60,0.0,-0.1,0.13333333333333333
59,15,54,0.0,-0.037037037037037035,0.46296296296296297
59,16,71,0.0,-0.14084507042253522,0.7605633802816901
59,17,60,0.0,-0.05,0.4666666666666667
59,18,66,0.6666666666666666,-0.06060606060606066,0.0757575757575758
59,19,52,0.3076923076923077,0.1730769230769231,0.15384615384615385
59,20,92,0.14130434782608695,-0.010869565217391325,0.08695652173913043
59,21,55,0.3090909090909091,0.2909090909090909,0.19999999999999996
59,22,57,0.3333333333333333,-0.24561403508771934,0.24561403508771934
59,23,46,0.2826086956521739,0.2826086956521739,0.15217391304347827
59,24,48,0.22916666666666666,0.22916666666666666,0.5
59,25,81,0.41975308641975306,0.41975308641975306,0.12345679012345678
59,26,73,0.3150684931506849,0.3150684931506849,0.0958904109589041
60,0,51,0.0,-0.37254901960784315,0.5098039215686274
60,1,45,0.0,-0.8,0.8
60,2,51,0.0,0.0,0.17647058823529413
60,3,54,0.0,-0.07407407407407407,0.6666666666666666
60,4,49,0.0,0.0,0.4897959183673469
60,5,53,0.0,0.0,0.2641509433962264
60,6,52,0.0,0.0,0.5769230769230769
60,7,58,0.0,0.0,0.034482758620689655
60,8,62,0.0,0.0,0.14516129032258066
60,9,66,0.0,-0.2878787878787879,0.5606060606060606
60,10,71,0.0,-0.028169014084507043,0.08450704225352113
60,11,68,0.0,-0.20588235294117646,0.20588235294117646
60,12,54,0.0,-0.05555555555555555,0.3333333333333333
60,13,66,0.0,0.0,0.10606060606060606
60,14,60,0.0,-0.1,0.13333333333333333
60,15,54,0.0,-0.037037037037037035,0.46296296296296297
60,16,71,0.0,-0.14084507042253522,0.7605633802816901
60,17,60,0.0,-0.05,0.4666666666666667
60,18,66,0.5303030303030303,-0.19696969696969702,0.21212121212121215
60,19,52,0.3076923076923077,0.1730769230769231,0.15384615384615385
60,20,92,0.20652173913043478,0.05434782608695651,0.021739130434782594
60,21,55,0.32727272727272727,0.3090909090909091,0.18181818181818177
60,22,57,0.19298245614035087,-0.3859649122807018,0.3859649122807018
60,23,46,0.2608695652173913,0.2608695652173913,0.17391304347826086
60,24,48,0.4375,0.4375,0.29166666666666663
60,25,81,0.41975308641975306,0.41975308641975306,0.12345679012345678
60,26,73,0.2328767123287671,0.2328767123287671,0.1780821917808219
61,0,51,0.0,-0.37254901960784315,0.5098039215686274
61,1,45,0.0,-0.8,0.8
61,2,51,0.0,0.0,0.17647058823529413
61,3,54,0.0,-0.07407407407407407,0.6666666666666666
61,4,49,0.0,0.0,0.4897959183673469
61,5,53,0.0,0.0,0.2641509433962264
61,6,52,0.0,0.0,0.5769230769230769
61,7,58,0.0,0.0,0.034482758620689655
61,8,62,0.0,0.0,0.14516129032258066
61,9,66,0.0,-0.2878787878787879,0.5606060606060606
61,10,71,0.0,-0.028169014084507043,0.08450704225352113
61,11,68,0.0,-0.20588235294117646,0.20588235294117646
61,12,54,0.0,-0.05555555555555555,0.3333333333333333
61,13,66,0.0,0.0,0.10606060606060606
61,14,60,0.0,-0.1,0.13333333333333333
61,15,54,0.0,-0.037037037037037035,0.46296296296296297
61,16,71,0.0,-0.14084507042253522,0.7605633802816901
61,17,60,0.0,-0.05,0.4666666666666667
61,18,66,0.5757575757575758,-0.1515151515151515,0.16666666666666663
61,19,52,0.36538461538461536,0.23076923076923075,0.0961538461538462
61,20,92,0.16304347826086957,0.010869565217391297,0.06521739130434781
61,21,55,0.3090909090909091,0.2909090909090909,0.19999999999999996
61,22,57,0.2807017543859649,-0.29824561403508776,0.29824561403508776
61,23,46,0.2826086956521739,0.2826086956521739,0.15217391304347827
61,24,48,0.16666666666666666,0.16666666666666666,0.5625
61,25,81,0.5061728395061729,0.5061728395061729,0.03703703703703698
61,26,73,0.410958904109589,0.410958904109589,0.0
62,0,51,0.0,-0.37254901960784315,0.5098039215686274
62,1,45,0.0,-0.8,0.8
62,2,51,0.0,0.0,0.17647058823529413
62,3,54,0.0,-0.07407407407407407,0.6666666666666666
62,4,49,0.0,0.0,0.4897959183673469
62,5,53,0.0,0.0,0.2641509433962264
62,6,52,0.0,0.0,0.5769230769230769
62,7,58,0.0,0.0,0.034482758620689655
62,8,62,0.0,0.0,0.14516129032258066
62,9,66,0.015151515151515152,-0.27272727272727276,0.5454545454545454
62,10,71,0.0,-0.028169014084507043,0.08450704225352113
62,11,68,0.0,-0.20588235294117646,0.20588235294117646
62,12,54,0.0,-0.05555555555555555,0.3333333333333333
62,13,66,0.0,0.0,0.10606060606060606
62,14,60,0.0,-0.1,0.13333333333333333
62,15,54,0.0,-0.037037037037037035,0.46296296296296297
62,16,71,0.0,-0.14084507042253522,0.7605633802816901
62,17,60,0.0,-0.05,0.4666666666666667
62,18,66,0.6818181818181818,-0.045454545454545525,0.06060606060606066
62,19,52,0.3269230769230769,0.19230769230769232,0.13461538461538464
62,20,92,0.1956521739130435,0.043478260869565216,0.03260869565217389
62,21,55,0.34545454545454546,0.32727272727272727,0.16363636363636358
62,22,57,0.2982456140350877,-0.28070175438596495,0.28070175438596495
62,23,46,0.2391304347826087,0.2391304347826087,0.19565217391304346
62,24,48,0.4791666666666667,0.4791666666666667,0.24999999999999994
62,25,81,0.2962962962962963,0.2962962962962963,0.24691358024691357
62,26,73,0.2465753424657534,0.2465753424657534,0.1643835616438356
63,0,51,0.0,-0.37254901960784315,0.5098039215686274
63,1,45,0.0,-0.8,0.8
63,2,51,0.0,0.0,0.17647058823529413
63,3,54,0.0,-0.07407407407407407,0.6666666666666666
63,4,49,0.0,0.0,0.4897959183673469
63,5,53,0.0,0.0,0.2641509433962264
63,6,52,0.0,0.0,0.5769230769230769
63,7,58,0.0,0.0,0.034482758620689655
63,8,62,0.0,0.0,0.14516129032258066
63,9,66,0.015151515151515152,-0.27272727272727276,0.5454545454545454
63,10,71,0.0,-0.028169014084507043,0.08450704225352113
63,11,68,0.0,-0.20588235294117646,0.20588235294117646
63,12,54,0.0,-0.05555555555555555,0.3333333333333333
63,13,66,0.0,0.0,0.10606060606060606
63,14,60,0.0,-0.1,0.13333333333333333
63,15,54,0.0,-0.037037037037037035,0.46296296296296297
63,16,71,0.0,-0.14084507042253522,0.7605633802816901
63,17,60,0.0,-0.05,0.4666666666666667
63,18,66,0.45454545454545453,-0.27272727272727276,0.2878787878787879
63,19,52,0.36538461538461536,0.23076923076923075,0.0961538461538462
63,20,92,0.1956521739130435,0.043478260869565216,0.03260869565217389
63,21,55,0.2909090909090909,0.2727272727272727,0.21818181818181814
63,22,57,0.21052631578947367,-0.368421052631579,0.368421052631579
63,23,46,0.34782608695652173,0.34782608695652173,0.08695652173913043
63,24,48,0.1875,0.1875,0.5416666666666666
63,25,81,0.48148148148148145,0.48148148148148145,0.06172839506172839
63,26,73,0.3835616438356164,0.3835616438356164,0.0273972602739726
64,0,51,0.0,-0.37254901960784315,0.5098039215686274
64,1,45,0.0,-0.8,0.8
64,2,51,0.0,0.0,0.17647058823529413
64,3,54,0.0,-0.07407407407407407,0.6666666666666666
64,4,49,0.0,0.0,0.4897959183673469
64,5,53,0.0,0.0,0.2641509433962264
64,6,52,0.0,0.0,0.5769230769230769
64,7,58,0.0,0.0,0.034482758620689655
64,8,62,0.0,0.0,0.14516129032258066
64,9,66,0.0,-0.2878787878787879,0.5606060606060606
64,10,71,0.0,-0.028169014084507043,0.08450704225352113
64,11,68,0.0,-0.20588235294117646,0.20588235294117646
64,12,54,0.0,-0.05555555555555555,0.3333333333333333
64,13,66,0.0,0.0,0.10606060606060606
64,14,60,0.0,-0.1,0.13333333333333333
64,15,54,0.0,-0.037037037037037035,0.46296296296296297
64,16,71,0.0,-0.14084507042253522,0.7605633802816901
64,17,60,0.0,-0.05,0.4666666666666667
64,18,66,0.5606060606060606,-0.16666666666666674,0.18181818181818188
64,19,52,0.36538461538461536,0.23076923076923075,0.0961538461538462
64,20,92,0.18478260869565216,0.03260869565217389,0.043478260869565216
64,21,55,0.4,0.38181818181818183,0.10909090909090902
64,22,57,0.3508771929824561,-0.22807017543859653,0.22807017543859653
64,23,46,0.32608695652173914,0.32608695652173914,0.10869565217391303
64,24,48,0.4375,0.4375,0.29166666666666663
64,25,81,0.3333333333333333,0.3333333333333333,0.20987654320987653
64,26,73,0.2876712328767123,0.2876712328767123,0.1232876712328767
65,0,51,0.0,-0.37254901960784315,0.5098039215686274
65,1,45,0.0,-0.8,0.8
65,2,51,0.0,0.0,0.17647058823529413
65,3,54,0.0,-0.07407407407407407,0.6666666666666666
65,4,49,0.0,0.0,0.4897959183673469
65,5,53,0.0,0.0,0.2641509433962264
65,6,52,0.0,0.0,0.5769230769230769
65,7,58,0.0,0.0,0.034482758620689655
65,8,62,0.0,0.0,0.14516129032258066
65,9,66,0.0,-0.2878787878787879,0.5606060606060606
65,10,71,0.0,-0.028169014084507043,0.08450704225352113
65,11,68,0.0,-0.20588235294117646,0.20588235294117646
65,12,54,0.0,-0.05555555555555555,0.3333333333333333
65,13,66,0.0,0.0,0.10606060606060606
65,14,60,0.0,-0.1,0.13333333333333333
65,15,54,0.0,-0.037037037037037035,0.46296296296296297
65,16,71,0.0,-0.14084507042253522,0.7605633802816901
65,17,60,0.0,-0.05,0.4666666666666667
65,18,66,0.5303030303030303,-0.19696969696969702,0.21212121212121215
65,19,52,0.36538461538461536,0.23076923076923075,0.0961538461538462
65,20,92,0.10869565217391304,-0.04347826086956523,0.11956521739130434
65,21,55,0.3090909090909091,0.2909090909090909,0.19999999999999996
65,22,57,0.3508771929824561,-0.22807017543859653,0.22807017543859653
65,23,46,0.32608695652173914,0.32608695652173914,0.10869565217391303
65,24,48,0.16666666666666666,0.16666666666666666,0.5625
65,25,81,0.49382716049382713,0.49382716049382713,0.04938271604938271
65,26,73,0.3424657534246575,0.3424657534246575,0.0684931506849315
66,0,51,0.0,-0.37254901960784315,0.5098039215686274
66,1,45,0.0,-0.8,0.8
66,2,51,0.0,0.0,0.17647058823529413
66,3,54,0.0,-0.07407407407407407,0.6666666666666666
66,4,49,0.0,0.0,0.4897959183673469
66,5,53,0.0,0.0,0.2641509433962264
66,6,52,0.0,0.0,0.5769230769230769
66,7,58,0.0,0.0,0.034482758620689655
66,8,62,0.0,0.0,0.14516129032258066
66,9,66,0.015151515151515152,-0.27272727272727276,0.5454545454545454
66,10,71,0.0,-0.028169014084507043,0.08450704225352113
66,11,68,0.0,-0.20588235294117646,0.20588235294117646
66,12,54,0.0,-0.05555555555555555,0.3333333333333333
66,13,66,0.0,0.0,0.10606060606060606
66,14,60,0.0,-0.1,0.13333333333333333
66,15,54,0.0,-0.037037037037037035,0.46296296296296297
66,16,71,0.0,-0.14084507042253522,0.7605633802816901
66,17,60,0.0,-0.05,0.4666666666666667
66,18,66,0.6666666666666666,-0.06060606060606066,0.0757575757575758
66,19,52,0.36538461538461536,0.23076923076923075,0.0961538461538462
66,20,92,0.14130434782608695,-0.010869565217391325,0.08695652173913043
66,21,55,0.4,0.38181818181818183,0.10909090909090902
66,22,57,0.2807017543859649,-0.29824561403508776,0.29824561403508776
66,23,46,0.2608695652173913,0.2608695652173913,0.17391304347826086
66,24,48,0.4375,0.4375,0.29166666666666663
66,25,81,0.4074074074074074,0.4074074074074074,0.13580246913580246
66,26,73,0.2465753424657534,0.2465753424657534,0.1643835616438356
67,0,51,0.0,-0.37254901960784315,0.5098039215686274
67,1,45,0.0,-0.8,0.8
67,2,51,0.0,0.0,0.17647058823529413
67,3,54,0.0,-0.07407407407407407,0.6666666666666666
67,4,49,0.0,0.0,0.4897959183673469
67,5,53,0.0,0.0,0.2641509433962264
67,6,52,0.0,0.0,0.5769230769230769
67,7,58,0.0,0.0,0.034482758620689655
67,8,62,0.0,0.0,0.14516129032258066
67,9,66,0.0,-0.2878787878787879,0.5606060606060606
67,10,71,0.0,-0.028169014084507043,0.08450704225352113
67,11,68,0.0,-0.20588235294117646,0.20588235294117646
67,12,54,0.0,-0.05555555555555555,0.3333333333333333
67,13,66,0.0,0.0,0.10606060606060606
67,14,60,0.0,-0.1,0.13333333333333333
67,15,54,0.0,-0.037037037037037035,0.46296296296296297
67,16,71,0.0,-0.14084507042253522,0.7605633802816901
67,17,60,0.0,-0.05,0.4666666666666667
67,18,66,0.5,-0.2272727272727273,0.24242424242424243
67,19,52,0.36538461538461536,0.23076923076923075,0.0961538461538462
67,20,92,0.17391304347826086,0.021739130434782594,0.05434782608695651
67,21,55,0.34545454545454546,0.32727272727272727,0.16363636363636358
67,22,57,0.38596491228070173,-0.19298245614035092,0.19298245614035092
67,23,46,0.32608695652173914,0.32608695652173914,0.10869565217391303
67,24,48,0.14583333333333334,0.14583333333333334,0.5833333333333333
67,25,81,0.4444444444444444,0.4444444444444444,0.09876543209876543
67,26,73,0.3972602739726027,0.3972602739726027,0.0136986301369863
68,0,51,0.0,-0.37254901960784315,0.5098039215686274
68,1,45,0.0,-0.8,0.8
68,2,51,0.0,0.0,0.17647058823529413
68,3,54,0.0,-0.07407407407407407,0.6666666666666666
68,4,49,0.0,0.0,0.4897959183673469
68,5,53,0.0,0.0,0.2641509433962264
68,6,52,0.0,0.0,0.5769230769230769
68,7,58,0.0,0.0,0.034482758620689655
68,8,62,0.0,0.0,0.14516129032258066
68,9,66,0.0,-0.2878787878787879,0.5606060606060606
68,10,71,0.0,-0.028169014084507043,0.08450704225352113
68,11,68,0.0,-0.20588235294117646,0.20588235294117646
68,12,54,0.0,-0.05555555555555555,0.3333333333333333
68,13,66,0.0,0.0,0.10606060606060606
68,14,60,0.0,-0.1,0.13333333333333333
68,15,54,0.0,-0.037037037037037035,0.46296296296296297
68,16,71,0.0,-0.14084507042253522,0.7605633802816901
68,17,60,0.0,-0.05,0.4666666666666667
68,18,66,0.7878787878787878,0.06060606060606055,0.0
68,19,52,0.40384615384615385,0.2692307692307693,0.05769230769230771
68,20,92,0.07608695652173914,-0.07608695652173914,0.15217391304347824
68,21,55,0.34545454545454546,0.32727272727272727,0.16363636363636358
68,22,57,0.3157894736842105,-0.26315789473684215,0.26315789473684215
68,23,46,0.2608695652173913,0.2608695652173913,0.17391304347826086
68,24,48,0.4166666666666667,0.4166666666666667,0.31249999999999994
68,25,81,0.5185185185185185,0.5185185185185185,0.024691358024691357
68,26,73,0.2328767123287671,0.2328767123287671,0.1780821917808219
69,0,51,0.0,-0.37254901960784315,0.5098039215686274
69,1,45,0.0,-0.8,0.8
69,2,51,0.0,0.0,0.17647058823529413
69,3,54,0.0,-0.07407407407407407,0.6666666666666666
69,4,49,0.0,0.0,0.4897959183673469
69,5,53,0.0,0.0,0.2641509433962264
69,6,52,0.0,0.0,0.5769230769230769
69,7,58,0.0,0.0,0.034482758620689655
69,8,62,0.0,0.0,0.14516129032258066
69,9,66,0.0,-0.2878787878787879,0.5606060606060606
69,10,71,0.0,-0.028169014084507043,0.08450704225352113
69,11,68,0.0,-0.20588235294117646,0.20588235294117646
69,12,54,0.0,-0.05555555555555555,0.3333333333333333
69,13,66,0.0,0.0,0.10606060606060606
69,14,60,0.0,-0.1,0.13333333333333333
69,15,54,0.0,-0.037037037037037035,0.46296296296296297
69,16,71,0.0,-0.14084507042253522,0.7605633802816901
69,17,60,0.0,-0.05,0.4666666666666667
69,18,66,0.6363636363636364,-0.09090909090909094,0.1515151515151515
69,19,52,0.40384615384615385,0.2692307692307693,0.05769230769230771
69,20,92,0.11956521739130435,-0.03260869565217392,0.10869565217391303
69,21,55,0.32727272727272727,0.3090909090909091,0.18181818181818177
69,22,57,0.3684210526315789,-0.21052631578947373,0.21052631578947373
69,23,46,0.2608695652173913,0.2608695652173913,0.17391304347826086
69,24,48,0.14583333333333334,0.14583333333333334,0.5833333333333333
69,25,81,0.48148148148148145,0.48148148148148145,0.06172839506172839
69,26,73,0.3013698630136986,0.3013698630136986,0.1095890410958904
70,0,51,0.0,-0.37254901960784315,0.5098039215686274
70,1,45,0.0,-0.8,0.8
70,2,51,0.0,0.0,0.17647058823529413
70,3,54,0.0,-0.07407407407407407,0.6666666666666666
70,4,49,0.0,0.0,0.4897959183673469
70,5,53,0.0,0.0,0.2641509433962264
70,6,52,0.0,0.0,0.5769230769230769
70,7,58,0.0,0.0,0.034482758620689655
70,8,62,0.0,0.0,0.14516129032258066
70,9,66,0.0,-0.2878787878787879,0.5606060606060606
70,10,71,0.0,-0.028169014084507043,0.08450704225352113
70,11,68,0.0,-0.20588235294117646,0.20588235294117646
70,12,54,0.0,-0.05555555555555555,0.3333333333333333
70,13,66,0.0,0.0,0.10606060606060606
70,14,60,0.0,-0.1,0.13333333333333333
70,15,54,0.0,-0.037037037037037035,0.46296296296296297
70,16,71,0.0,-0.14084507042253522,0.7605633802816901
70,17,60,0.0,-0.05,0.4666666666666667
70,18,66,0.5303030303030303,-0.19696969696969702,0.25757575757575757
70,19,52,0.38461538461538464,0.25,0.07692307692307693
70,20,92,0.18478260869565216,0.03260869565217389,0.043478260869565216
70,21,55,0.4,0.38181818181818183,0.10909090909090902
70,22,57,0.38596491228070173,-0.19298245614035092,0.19298245614035092
70,23,46,0.2826086956521739,0.2826086956521739,0.15217391304347827
70,24,48,0.375,0.375,0.35416666666666663
70,25,81,0.5061728395061729,0.5061728395061729,0.03703703703703698
70,26,73,0.2465753424657534,0.2465753424657534,0.1643835616438356
71,0,51,0.0,-0.37254901960784315,0.5098039215686274
71,1,45,0.0,-0.8,0.8
71,2,51,0.0,0.0,0.17647058823529413
71,3,54,0.0,-0.07407407407407407,0.6666666666666666
71,4,49,0.0,0.0,0.4897959183673469
71,5,53,0.0,0.0,0.2641509433962264
71,6,52,0.0,0.0,0.5769230769230769
71,7,58,0.0,0.0,0.034482758620689655
71,8,62,0.0,0.0,0.14516129032258066
71,9,66,0.0,-0.2878787878787879,0.5606060606060606
71,10,71,0.0,-0.028169014084507043,0.08450704225352113
71,11,68,0.0,-0.20588235294117646,0.20588235294117646
71,12,54,0.0,-0.05555555555555555,0.3333333333333333
71,13,66,0.0,0.0,0.10606060606060606
71,14,60,0.0,-0.1,0.13333333333333333
71,15,54,0.0,-0.037037037037037035,0.46296296296296297
71,16,71,0.0,-0.14084507042253522,0.7605633802816901
71,17,60,0.0,-0.05,0.4666666666666667
71,18,66,0.6212121212121212,-0.10606060606060608,0.16666666666666663
71,19,52,0.40384615384615385,0.2692307692307693,0.05769230769230771
71,20,92,0.09782608695652174,-0.05434782608695653,0.13043478260869562
71,21,55,0.34545454545454546,0.32727272727272727,0.16363636363636358
71,22,57,0.38596491228070173,-0.19298245614035092,0.19298245614035092
71,23,46,0.2608695652173913,0.2608695652173913,0.17391304347826086
71,24,48,0.16666666666666666,0.16666666666666666,0.5625
71,25,81,0.5432098765432098,0.5432098765432098,0.0
71,26,73,0.410958904109589,0.410958904109589,0.0
72,0,51,0.0,-0.37254901960784315,0.5098039215686274
72,1,45,0.0,-0.8,0.8
72,2,51,0.0,0.0,0.17647058823529413
72,3,54,0.0,-0.07407407407407407,0.6666666666666666
72,4,49,0.0,0.0,0.4897959183673469
72,5,53,0.0,0.0,0.2641509433962264
72,6,52,0.0,0.0,0.5769230769230769
72,7,58,0.0,0.0,0.034482758620689655
72,8,62,0.0,0.0,0.14516129032258066
72,9,66,0.0,-0.2878787878787879,0.5606060606060606
72,10,71,0.0,-0.028169014084507043,0.08450704225352113
72,11,68,0.0,-0.20588235294117646,0.20588235294117646
72,12,54,0.0,-0.05555555555555555,0.3333333333333333
72,13,66,0.0,0.0,0.10606060606060606
72,14,60,0.0,-0.1,0.13333333333333333
72,15,54,0.0,-0.037037037037037035,0.46296296296296297
72,16,71,0.0,-0.14084507042253522,0.7605633802816901
72,17,60,0.0,-0.05,0.4666666666666667
72,18,66,0.5909090909090909,-0.13636363636363635,0.1969696969696969
72,19,52,0.36538461538461536,0.23076923076923075,0.0961538461538462
72,20,92,0.16304347826086957,0.010869565217391297,0.06521739130434781
72,21,55,0.34545454545454546,0.32727272727272727,0.16363636363636358
72,22,57,0.42105263157894735,-0.1578947368421053,0.1578947368421053
72,23,46,0.30434782608695654,0.30434782608695654,0.13043478260869562
72,24,48,0.4166666666666667,0.4166666666666667,0.31249999999999994
72,25,81,0.4444444444444444,0.4444444444444444,0.09876543209876543
72,26,73,0.2602739726027397,0.2602739726027397,0.1506849315068493
73,0,51,0.0,-0.37254901960784315,0.5098039215686274
73,1,45,0.0,-0.8,0.8
73,2,51,0.0,0.0,0.17647058823529413
73,3,54,0.0,-0.07407407407407407,0.6666666666666666
73,4,49,0.0,0.0,0.4897959183673469
73,5,53,0.0,0.0,0.2641509433962264
73,6,52,0.0,0.0,0.5769230769230769
73,7,58,0.0,0.0,0.034482758620689655
73,8,62,0.0,0.0,0.14516129032258066
73,9,66,0.0,-0.2878787878787879,0.5606060606060606
73,10,71,0.0,-0.028169014084507043,0.08450704225352113
73,11,68,0.0,-0.20588235294117646,0.20588235294117646
73,12,54,0.0,-0.05555555555555555,0.3333333333333333
73,13,66,0.0,0.0,0.10606060606060606
73,14,60,0.0,-0.1,0.13333333333333333
73,15,54,0.0,-0.037037037037037035,0.46296296296296297
73,16,71,0.0,-0.14084507042253522,0.7605633802816901
73,17,60,0.0,-0.05,0.4666666666666667
73,18,66,0.6060606060606061,-0.12121212121212122,0.18181818181818177
73,19,52,0.38461538461538464,0.25,0.07692307692307693
73,20,92,0.14130434782608695,-0.010869565217391325,0.08695652173913043
73,21,55,0.3090909090909091,0.2909090909090909,0.19999999999999996
73,22,57,0.3508771929824561,-0.22807017543859653,0.22807017543859653
73,23,46,0.30434782608695654,0.30434782608695654,0.13043478260869562
73,24,48,0.16666666666666666,0.16666666666666666,0.5625
73,25,81,0.5308641975308642,0.5308641975308642,0.012345679012345623
73,26,73,0.410958904109589,0.410958904109589,0.0
74,0,51,0.0,-0.37254901960784315,0.5098039215686274
74,1,45,0.0,-0.8,0.8
74,2,51,0.0,0.0,0.17647058823529413
74,3,54,0.0,-0.07407407407407407,0.6666666666666666
74,4,49,0.0,0.0,0.4897959183673469
74,5,53,0.0,0.0,0.2641509433962264
74,6,52,0.0,0.0,0.5769230769230769
74,7,58,0.0,0.0,0.034482758620689655
74,8,62,0.0,0.0,0.14516129032258066
74,9,66,0.015151515151515152,-0.27272727272727276,0.5454545454545454
74,10,71,0.0,-0.028169014084507043,0.08450704225352113
74,11,68,0.0,-0.20588235294117646,0.20588235294117646
74,12,54,0.0,-0.05555555555555555,0.3333333333333333
74,13,66,0.0,0.0,0.10606060606060606
74,14,60,0.0,-0.1,0.13333333333333333
74,15,54,0.0,-0.037037037037037035,0.46296296296296297
74,16,71,0.0,-0.14084507042253522,0.7605633802816901
74,17,60,0.0,-0.05,0.4666666666666667
74,18,66,0.6060606060606061,-0.12121212121212122,0.18181818181818177
74,19,52,0.3269230769230769,0.19230769230769232,0.13461538461538464
74,20,92,0.09782608695652174,-0.05434782608695653,0.13043478260869562
74,21,55,0.38181818181818183,0.36363636363636365,0.1272727272727272
74,22,57,0.45614035087719296,-0.1228070175438597,0.1228070175438597
74,23,46,0.30434782608695654,0.30434782608695654,0.13043478260869562
74,24,48,0.4583333333333333,0.4583333333333333,0.2708333333333333
74,25,81,0.5555555555555556,0.5555555555555556,0.0
74,26,73,0.2602739726027397,0.2602739726027397,0.1506849315068493
75,0,51,0.0,-0.37254901960784315,0.5098039215686274
75,1,45,0.0,-0.8,0.8
75,2,51,0.0,0.0,0.17647058823529413
75,3,54,0.0,-0.07407407407407407,0.6666666666666666
75,4,49,0.0,0.0,0.4897959183673469
75,5,53,0.0,0.0,0.2641509433962264
75,6,52,0.0,0.0,0.5769230769230769
75,7,58,0.0,0.0,0.034482758620689655
75,8,62,0.0,0.0,0.14516129032258066
75,9,66,0.0,-0.2878787878787879,0.5606060606060606
75,10,71,0.0,-0.028169014084507043,0.08450704225352113
75,11,68,0.0,-0.20588235294117646,0.20588235294117646
75,12,54,0.0,-0.05555555555555555,0.3333333333333333
75,13,66,0.0,0.0,0.10606060606060606
75,14,60,0.0,-0.1,0.13333333333333333
75,15,54,0.0,-0.037037037037037035,0.46296296296296297
75,16,71,0.0,-0.14084507042253522,0.7605633802816901
75,17,60,0.0,-0.05,0.4666666666666667
75,18,66,0.6363636363636364,-0.09090909090909094,0.1515151515151515
75,19,52,0.38461538461538464,0.25,0.07692307692307693
75,20,92,0.13043478260869565,-0.021739130434782622,0.09782608695652173
75,21,55,0.2727272727272727,0.2545454545454545,0.23636363636363633
75,22,57,0.3684210526315789,-0.21052631578947373,0.21052631578947373
75,23,46,0.32608695652173914,0.32608695652173914,0.10869565217391303
75,24,48,0.16666666666666666,0.16666666666666666,0.5625
75,25,81,0.6172839506172839,0.6172839506172839,0.0
75,26,73,0.3561643835616438,0.3561643835616438,0.0547945205479452
76,0,51,0.0,-0.37254901960784315,0.5098039215686274
76,1,45,0.0,-0.8,0.8
76,2,51,0.0,0.0,0.17647058823529413
76,3,54,0.0,-0.07407407407407407,0.6666666666666666
76,4,49,0.0,0.0,0.4897959183673469
76,5,53,0.0,0.0,0.2641509433962264
76,6,52,0.0,0.0,0.5769230769230769
76,7,58,0.0,0.0,0.034482758620689655
76,8,62,0.0,0.0,0.14516129032258066
76,9,66,0.0,-0.2878787878787879,0.5606060606060606
76,10,71,0.0,-0.028169014084507043,0.08450704225352113
76,11,68,0.0,-0.20588235294117646,0.20588235294117646
76,12,54,0.0,-0.05555555555555555,0.3333333333333333
76,13,66,0.0,0.0,0.10606060606060606
76,14,60,0.0,-0.1,0.13333333333333333
76,15,54,0.0,-0.037037037037037035,0.46296296296296297
76,16,71,0.0,-0.14084507042253522,0.7605633802816901
76,17,60,0.0,-0.05,0.4666666666666667
76,18,66,0.48484848484848486,-0.24242424242424243,0.303030303030303
76,19,52,0.36538461538461536,0.23076923076923075,0.0961538461538462
76,20,92,0.10869565217391304,-0.04347826086956523,0.11956521739130434
76,21,55,0.32727272727272727,0.3090909090909091,0.18181818181818177
76,22,57,0.47368421052631576,-0.10526315789473689,0.10526315789473689
76,23,46,0.32608695652173914,0.32608695652173914,0.10869565217391303
76,24,48,0.3958333333333333,0.3958333333333333,0.3333333333333333
76,25,81,0.6296296296296297,0.6296296296296297,0.0
76,26,73,0.2465753424657534,0.2465753424657534,0.1643835616438356
77,0,51,0.0,-0.37254901960784315,0.5098039215686274
77,1,45,0.0,-0.8,0.8
77,2,51,0.0,0.0,0.17647058823529413
77,3,54,0.0,-0.07407407407407407,0.6666666666666666
77,4,49,0.0,0.0,0.4897959183673469
77,5,53,0.0,0.0,0.2641509433962264
77,6,52,0.0,0.0,0.5769230769230769
77,7,58,0.0,0.0,0.034482758620689655
77,8,62,0.0,0.0,0.14516129032258066
77,9,66,0.0,-0.2878787878787879,0.5606060606060606
77,10,71,0.0,-0.028169014084507043,0.08450704225352113
77,11,68,0.0,-0.20588235294117646,0.20588235294117646
77,12,54,0.0,-0.05555555555555555,0.3333333333333333
77,13,66,0.0,0.0,0.10606060606060606
77,14,60,0.0,-0.1,0.13333333333333333
77,15,54,0.0,-0.037037037037037035,0.46296296296296297
77,16,71,0.0,-0.14084507042253522,0.7605633802816901
77,17,60,0.0,-0.05,0.4666666666666667
77,18,66,0.7121212121212122,-0.015151515151515138,0.07575757575757569
77,19,52,0.36538461538461536,0.23076923076923075,0.0961538461538462
77,20,92,0.08695652173913043,-0.06521739130434784,0.14130434782608695
77,21,55,0.2727272727272727,0.2545454545454545,0.23636363636363633
77,22,57,0.3684210526315789,-0.21052631578947373,0.21052631578947373
77,23,46,0.32608695652173914,0.32608695652173914,0.10869565217391303
77,24,48,0.16666666666666666,0.16666666666666666,0.5625
77,25,81,0.6049382716049383,0.6049382716049383,0.024691358024691357
77,26,73,0.3698630136986301,0.3698630136986301,0.0410958904109589
78,0,51,0.0,-0.37254901960784315,0.5098039215686274
78,1,45,0.0,-0.8,0.8
78,2,51,0.0,0.0,0.17647058823529413
78,3,54,0.0,-0.07407407407407407,0.6666666666666666
78,4,49,0.0,0.0,0.4897959183673469
78,5,53,0.0,0.0,0.2641509433962264
78,6,52,0.0,0.0,0.5769230769230769
78,7,58,0.0,0.0,0.034482758620689655
78,8,62,0.0,0.0,0.14516129032258066
78,9,66,0.0,-0.2878787878787879,0.5606060606060606
78,10,71,0.0,-0.028169014084507043,0.08450704225352113
78,11,68,0.0,-0.20588235294117646,0.20588235294117646
78,12,54,0.0,-0.05555555555555555,0.3333333333333333
78,13,66,0.0,0.0,0.10606060606060606
78,14,60,0.0,-0.1,0.13333333333333333
78,15,54,0.0,-0.037037037037037035,0.46296296296296297
78,16,71,0.0,-0.14084507042253522,0.7605633802816901
78,17,60,0.0,-0.05,0.4666666666666667
78,18,66,0.4696969696969697,-0.25757575757575757,0.3181818181818181
78,19,52,0.3269230769230769,0.19230769230769232,0.13461538461538464
78,20,92,0.09782608695652174,-0.05434782608695653,0.13043478260869562
78,21,55,0.34545454545454546,0.32727272727272727,0.16363636363636358
78,22,57,0.45614035087719296,-0.1228070175438597,0.1228070175438597
78,23,46,0.30434782608695654,0.30434782608695654,0.13043478260869562
78,24,48,0.375,0.375,0.35416666666666663
78,25,81,0.5925925925925926,0.5925925925925926,0.03703703703703709
78,26,73,0.2602739726027397,0.2602739726027397,0.1506849315068493
79,0,51,0.0,-0.37254901960784315,0.5098039215686274
79,1,45,0.0,-0.8,0.8
79,2,51,0.0,0.0,0.17647058823529413
79,3,54,0.0,-0.07407407407407407,0.6666666666666666
79,4,49,0.0,0.0,0.4897959183673469
79,5,53,0.0,0.0,0.2641509433962264
79,6,52,0.0,0.0,0.5769230769230769
79,7,58,0.0,0.0,0.034482758620689655
79,8,62,0.0,0.0,0.14516129032258066
79,9,66,0.0,-0.2878787878787879,0.5606060606060606
79,10,71,0.0,-0.028169014084507043,0.08450704225352113
79,11,68,0.0,-0.20588235294117646,0.20588235294117646
79,12,54,0.0,-0.05555555555555555,0.3333333333333333
79,13,66,0.0,0.0,0.10606060606060606
79,14,60,0.0,-0.1,0.13333333333333333
79,15,54,0.0,-0.037037037037037035,0.46296296296296297
79,16,71,0.0,-0.14084507042253522,0.7605633802816901
79,17,60,0.0,-0.05,0.4666666666666667
79,18,66,0.7878787878787878,0.06060606060606055,0.0
79,19,52,0.38461538461538464,0.25,0.07692307692307693
79,20,92,0.03260869565217391,-0.11956521739130435,0.19565217391304346
79,21,55,0.2727272727272727,0.2545454545454545,0.23636363636363633
79,22,57,0.49122807017543857,-0.08771929824561409,0.08771929824561409
79,23,46,0.2826086956521739,0.2826086956521739,0.15217391304347827
79,24,48,0.16666666666666666,0.16666666666666666,0.5625
79,25,81,0.5802469135802469,0.5802469135802469,0.04938271604938271
79,26,73,0.3698630136986301,0.3698630136986301,0.0410958904109589
80,0,51,0.0,-0.37254901960784315,0.5098039215686274
80,1,45,0.0,-0.8,0.8
80,2,51,0.0,0.0,0.17647058823529413
80,3,54,0.0,-0.07407407407407407,0.6666666666666666
80,4,49,0.0,0.0,0.4897959183673469
80,5,53,0.0,0.0,0.2641509433962264
80,6,52,0.0,0.0,0.5769230769230769
80,7,58,0.0,0.0,0.034482758620689655
80,8,62,0.0,0.0,0.14516129032258066
80,9,66,0.0,-0.2878787878787879,0.5606060606060606
80,10,71,0.0,-0.028169014084507043,0.08450704225352113
80,11,68,0.0,-0.20588235294117646,0.20588235294117646
80,12,54,0.0,-0.05555555555555555,0.3333333333333333
80,13,66,0.0,0.0,0.10606060606060606
80,14,60,0.0,-0.1,0.13333333333333333
80,15,54,0.0,-0.037037037037037035,0.46296296296296297
80,16,71,0.0,-0.14084507042253522,0.7605633802816901
80,17,60,0.0,-0.05,0.4666666666666667
80,18,66,0.5151515151515151,-0.21212121212121215,0.2727272727272727
80,19,52,0.36538461538461536,0.23076923076923075,0.0961538461538462
80,20,92,0.14130434782608695,-0.010869565217391325,0.08695652173913043
80,21,55,0.2545454545454545,0.23636363636363633,0.2545454545454545
80,22,57,0.49122807017543857,-0.08771929824561409,0.08771929824561409
80,23,46,0.2826086956521739,0.2826086956521739,0.15217391304347827
80,24,48,0.3333333333333333,0.3333333333333333,0.3958333333333333
80,25,81,0.5308641975308642,0.5308641975308642,0.09876543209876543
80,26,73,0.3013698630136986,0.3013698630136986,0.1095890410958904
81,0,51,0.0,-0.37254901960784315,0.5098039215686274
81,1,45,0.0,-0.8,0.8
81,2,51,0.0,0.0,0.17647058823529413
81,3,54,0.0,-0.07407407407407407,0.6666666666666666
81,4,49,0.0,0.0,0.4897959183673469
81,5,53,0.0,0.0,0.2641509433962264
81,6,52,0.0,0.0,0.5769230769230769
81,7,58,0.0,0.0,0.034482758620689655
81,8,62,0.0,0.0,0.14516129032258066
81,9,66,0.0,-0.2878787878787879,0.5606060606060606
81,10,71,0.0,-0.028169014084507043,0.08450704225352113
81,11,68,0.0,-0.20588235294117646,0.20588235294117646
81,12,54,0.0,-0.05555555555555555,0.3333333333333333
81,13,66,0.0,0.0,0.10606060606060606
81,14,60,0.0,-0.1,0.13333333333333333
81,15,54,0.0,-0.037037037037037035,0.46296296296296297
81,16,71,0.0,-0.14084507042253522,0.7605633802816901
81,17,60,0.0,-0.05,0.4666666666666667
81,18,66,0.4696969696969697,-0.25757575757575757,0.3181818181818181
81,19,52,0.3076923076923077,0.1730769230769231,0.15384615384615385
81,20,92,0.05434782608695652,-0.09782608695652176,0.17391304347826086
81,21,55,0.34545454545454546,0.32727272727272727,0.16363636363636358
81,22,57,0.49122807017543857,-0.08771929824561409,0.08771929824561409
81,23,46,0.34782608695652173,0.34782608695652173,0.08695652173913043
81,24,48,0.1875,0.1875,0.5416666666666666
81,25,81,0.5308641975308642,0.5308641975308642,0.09876543209876543
81,26,73,0.4794520547945205,0.4794520547945205,0.0
82,0,51,0.0,-0.37254901960784315,0.5098039215686274
82,1,45,0.0,-0.8,0.8
82,2,51,0.0,0.0,0.17647058823529413
82,3,54,0.0,-0.07407407407407407,0.6666666666666666
82,4,49,0.0,0.0,0.4897959183673469
82,5,53,0.0,0.0,0.2641509433962264
82,6,52,0.0,0.0,0.5769230769230769
82,7,58,0.0,0.0,0.034482758620689655
82,8,62,0.0,0.0,0.14516129032258066
82,9,66,0.0,-0.2878787878787879,0.5606060606060606
82,10,71,0.0,-0.028169014084507043,0.08450704225352113
82,11,68,0.0,-0.20588235294117646,0.20588235294117646
82,12,54,0.0,-0.05555555555555555,0.3333333333333333
82,13,66,0.0,0.0,0.10606060606060606
82,14,60,0.0,-0.1,0.13333333333333333
82,15,54,0.0,-0.037037037037037035,0.46296296296296297
82,16,71,0.0,-0.14084507042253522,0.7605633802816901
82,17,60,0.0,-0.05,0.4666666666666667
82,18,66,0.5606060606060606,-0.16666666666666674,0.2272727272727273
82,19,52,0.36538461538461536,0.23076923076923075,0.0961538461538462
82,20,92,0.13043478260869565,-0.021739130434782622,0.09782608695652173
82,21,55,0.3090909090909091,0.2909090909090909,0.19999999999999996
82,22,57,0.45614035087719296,-0.1228070175438597,0.1228070175438597
82,23,46,0.2608695652173913,0.2608695652173913,0.17391304347826086
82,24,48,0.375,0.375,0.35416666666666663
82,25,81,0.5308641975308642,0.5308641975308642,0.09876543209876543
82,26,73,0.3013698630136986,0.3013698630136986,0.1780821917808219
83,0,51,0.0,-0.37254901960784315,0.5098039215686274
83,1,45,0.0,-0.8,0.8
83,2,51,0.0,0.0,0.17647058823529413
83,3,54,0.0,-0.07407407407407407,0.6666666666666666
83,4,49,0.0,0.0,0.4897959183673469
83,5,53,0.0,0.0,0.2641509433962264
83,6,52,0.0,0.0,0.5769230769230769
83,7,58,0.0,0.0,0.034482758620689655
83,8,62,0.0,0.0,0.14516129032258066
83,9,66,0.0,-0.2878787878787879,0.5606060606060606
83,10,71,0.0,-0.028169014084507043,0.08450704225352113
83,11,68,0.0,-0.20588235294117646,0.20588235294117646
83,12,54,0.0,-0.05555555555555555,0.3333333333333333
83,13,66,0.0,0.0,0.10606060606060606
83,14,60,0.0,-0.1,0.13333333333333333
83,15,54,0.0,-0.037037037037037035,0.46296296296296297
83,16,71,0.0,-0.14084507042253522,0.7605633802816901
83,17,60,0.0,-0.05,0.4666666666666667
83,18,66,0.5606060606060606,-0.16666666666666674,0.2272727272727273
83,19,52,0.38461538461538464,0.25,0.07692307692307693
83,20,92,0.06521739130434782,-0.08695652173913045,0.16304347826086957
83,21,55,0.2727272727272727,0.2545454545454545,0.23636363636363633
83,22,57,0.47368421052631576,-0.10526315789473689,0.10526315789473689
83,23,46,0.34782608695652173,0.34782608695652173,0.08695652173913043
83,24,48,0.16666666666666666,0.16666666666666666,0.5625
83,25,81,0.6419753086419753,0.6419753086419753,0.0
83,26,73,0.3424657534246575,0.3424657534246575,0.136986301369863
84,0,51,0.0,-0.37254901960784315,0.5098039215686274
84,1,45,0.0,-0.8,0.8
84,2,51,0.0,0.0,0.17647058823529413
84,3,54,0.0,-0.07407407407407407,0.6666666666666666
84,4,49,0.0,0.0,0.4897959183673469
84,5,53,0.0,0.0,0.2641509433962264
84,6,52,0.0,0.0,0.5769230769230769
84,7,58,0.0,0.0,0.034482758620689655
84,8,62,0.0,0.0,0.14516129032258066
84,9,66,0.0,-0.2878787878787879,0.5606060606060606
84,10,71,0.0,-0.028169014084507043,0.08450704225352113
84,11,68,0.0,-0.20588235294117646,0.20588235294117646
84,12,54,0.0,-0.05555555555555555,0.3333333333333333
84,13,66,0.0,0.0,0.10606060606060606
84,14,60,0.0,-0.1,0.13333333333333333
84,15,54,0.0,-0.037037037037037035,0.46296296296296297
84,16,71,0.0,-0.14084507042253522,0.7605633802816901
84,17,60,0.0,-0.05,0.4666666666666667
84,18,66,0.5909090909090909,-0.13636363636363635,0.1969696969696969
84,19,52,0.36538461538461536,0.23076923076923075,0.0961538461538462
84,20,92,0.09782608695652174,-0.05434782608695653,0.13043478260869562
84,21,55,0.36363636363636365,0.34545454545454546,0.1454545454545454
84,22,57,0.5087719298245614,-0.07017543859649122,0.07017543859649122
84,23,46,0.2608695652173913,0.2608695652173913,0.17391304347826086
84,24,48,0.3333333333333333,0.3333333333333333,0.3958333333333333
84,25,81,0.5185185185185185,0.5185185185185185,0.12345679012345678
84,26,73,0.3150684931506849,0.3150684931506849,0.1643835616438356
85,0,51,0.0,-0.37254901960784315,0.5098039215686274
85,1,45,0.0,-0.8,0.8
85,2,51,0.0,0.0,0.17647058823529413
85,3,54,0.0,-0.07407407407407407,0.6666666666666666
85,4,49,0.0,0.0,0.4897959183673469
85,5,53,0.0,0.0,0.2641509433962264
85,6,52,0.0,0.0,0.5769230769230769
85,7,58,0.0,0.0,0.034482758620689655
85,8,62,0.0,0.0,0.14516129032258066
85,9,66,0.0,-0.2878787878787879,0.5606060606060606
85,10,71,0.0,-0.028169014084507043,0.08450704225352113
85,11,68,0.0,-0.20588235294117646,0.20588235294117646
85,12,54,0.0,-0.05555555555555555,0.3333333333333333
85,13,66,0.0,0.0,0.10606060606060606
85,14,60,0.0,-0.1,0.13333333333333333
85,15,54,0.0,-0.037037037037037035,0.46296296296296297
85,16,71,0.0,-0.14084507042253522,0.7605633802816901
85,17,60,0.0,-0.05,0.4666666666666667
85,18,66,0.5454545454545454,-0.18181818181818188,0.24242424242424243
85,19,52,0.36538461538461536,0.23076923076923075,0.0961538461538462
85,20,92,0.11956521739130435,-0.03260869565217392,0.10869565217391303
85,21,55,0.23636363636363636,0.21818181818181817,0.2727272727272727
85,22,57,0.43859649122807015,-0.1403508771929825,0.1403508771929825
85,23,46,0.32608695652173914,0.32608695652173914,0.10869565217391303
85,24,48,0.16666666666666666,0.16666666666666666,0.5625
85,25,81,0.5679012345679012,0.5679012345679012,0.07407407407407407
85,26,73,0.3287671232876712,0.3287671232876712,0.1506849315068493
86,0,51,0.0,-0.37254901960784315,0.5098039215686274
86,1,45,0.0,-0.8,0.8
86,2,51,0.0,0.0,0.17647058823529413
86,3,54,0.0,-0.07407407407407407,0.6666666666666666
86,4,49,0.0,0.0,0.4897959183673469
86,5,53,0.0,0.0,0.2641509433962264
86,6,52,0.0,0.0,0.5769230769230769
86,7,58,0.0,0.0,0.034482758620689655
86,8,62,0.0,0.0,0.14516129032258066
86,9,66,0.0,-0.2878787878787879,0.5606060606060606
86,10,71,0.0,-0.028169014084507043,0.08450704225352113
86,11,68,0.0,-0.20588235294117646,0.20588235294117646
86,12,54,0.0,-0.05555555555555555,0.3333333333333333
86,13,66,0.0,0.0,0.10606060606060606
86,14,60,0.0,-0.1,0.13333333333333333
86,15,54,0.0,-0.037037037037037035,0.46296296296296297
86,16,71,0.0,-0.14084507042253522,0.7605633802816901
86,17,60,0.0,-0.05,0.4666666666666667
86,18,66,0.5454545454545454,-0.18181818181818188,0.24242424242424243
86,19,52,0.36538461538461536,0.23076923076923075,0.0961538461538462
86,20,92,0.09782608695652174,-0.05434782608695653,0.13043478260869562
86,21,55,0.34545454545454546,0.32727272727272727,0.16363636363636358
86,22,57,0.49122807017543857,-0.08771929824561409,0.08771929824561409
86,23,46,0.2826086956521739,0.2826086956521739,0.15217391304347827
86,24,48,0.3333333333333333,0.3333333333333333,0.3958333333333333
86,25,81,0.5555555555555556,0.5555555555555556,0.08641975308641969
86,26,73,0.2465753424657534,0.2465753424657534,0.2328767123287671
87,0,51,0.0,-0.37254901960784315,0.5098039215686274
87,1,45,0.0,-0.8,0.8
87,2,51,0.0,0.0,0.17647058823529413
87,3,54,0.0,-0.07407407407407407,0.6666666666666666
87,4,49,0.0,0.0,0.4897959183673469
87,5,53,0.0,0.0,0.2641509433962264
87,6,52,0.0,0.0,0.5769230769230769
87,7,58,0.0,0.0,0.034482758620689655
87,8,62,0.0,0.0,0.14516129032258066
87,9,66,0.0,-0.2878787878787879,0.5606060606060606
87,10,71,0.0,-0.028169014084507043,0.08450704225352113
87,11,68,0.0,-0.20588235294117646,0.20588235294117646
87,12,54,0.0,-0.05555555555555555,0.3333333333333333
87,13,66,0.0,0.0,0.10606060606060606
87,14,60,0.0,-0.1,0.13333333333333333
87,15,54,0.0,-0.037037037037037035,0.46296296296296297
87,16,71,0.0,-0.14084507042253522,0.7605633802816901
87,17,60,0.0,-0.05,0.4666666666666667
87,18,66,0.5909090909090909,-0.13636363636363635,0.1969696969696969
87,19,52,0.36538461538461536,0.23076923076923075,0.0961538461538462
87,20,92,0.08695652173913043,-0.06521739130434784,0.14130434782608695
87,21,55,0.34545454545454546,0.32727272727272727,0.16363636363636358
87,22,57,0.45614035087719296,-0.1228070175438597,0.1228070175438597
87,23,46,0.2826086956521739,0.2826086956521739,0.15217391304347827
87,24,48,0.16666666666666666,0.16666666666666666,0.5625
87,25,81,0.654320987654321,0.654320987654321,0.0
87,26,73,0.3150684931506849,0.3150684931506849,0.1643835616438356
88,0,51,0.0,-0.37254901960784315,0.5098039215686274
88,1,45,0.0,-0.8,0.8
88,2,51,0.0,0.0,0.17647058823529413
88,3,54,0.0,-0.07407407407407407,0.6666666666666666
88,4,49,0.0,0.0,0.4897959183673469
88,5,53,0.0,0.0,0.2641509433962264
88,6,52,0.0,0.0,0.5769230769230769
88,7,58,0.0,0.0,0.034482758620689655
88,8,62,0.0,0.0,0.14516129032258066
88,9,66,0.0,-0.2878787878787879,0.5606060606060606
88,10,71,0.0,-0.028169014084507043,0.08450704225352113
88,11,68,0.0,-0.20588235294117646,0.20588235294117646
88,12,54,0.0,-0.05555555555555555,0.3333333333333333
88,13,66,0.0,0.0,0.10606060606060606
88,14,60,0.0,-0.1,0.13333333333333333
88,15,54,0.0,-0.037037037037037035,0.46296296296296297
88,16,71,0.0,-0.14084507042253522,0.7605633802816901
88,17,60,0.0,-0.05,0.4666666666666667
88,18,66,0.5909090909090909,-0.13636363636363635,0.1969696969696969
88,19,52,0.34615384615384615,0.21153846153846154,0.11538461538461542
88,20,92,0.07608695652173914,-0.07608695652173914,0.15217391304347824
88,21,55,0.2727272727272727,0.2545454545454545,0.23636363636363633
88,22,57,0.47368421052631576,-0.10526315789473689,0.10526315789473689
88,23,46,0.32608695652173914,0.32608695652173914,0.10869565217391303
88,24,48,0.3333333333333333,0.3333333333333333,0.3958333333333333
88,25,81,0.5925925925925926,0.5925925925925926,0.06172839506172845
88,26,73,0.2602739726027397,0.2602739726027397,0.2191780821917808
89,0,51,0.0,-0.37254901960784315,0.5098039215686274
89,1,45,0.0,-0.8,0.8
89,2,51,0.0,0.0,0.17647058823529413
89,3,54,0.0,-0.07407407407407407,0.6666666666666666
89,4,49,0.0,0.0,0.4897959183673469
89,5,53,0.0,0.0,0.2641509433962264
89,6,52,0.0,0.0,0.5769230769230769
89,7,58,0.0,0.0,0.034482758620689655
89,8,62,0.0,0.0,0.14516129032258066
89,9,66,0.0,-0.2878787878787879,0.5606060606060606
89,10,71,0.0,-0.028169014084507043,0.08450704225352113
89,11,68,0.0,-0.20588235294117646,0.20588235294117646
89,12,54,0.0,-0.05555555555555555,0.3333333333333333
89,13,66,0.0,0.0,0.10606060606060606
89,14,60,0.0,-0.1,0.13333333333333333
89,15,54,0.0,-0.037037037037037035,0.46296296296296297
89,16,71,0.0,-0.14084507042253522,0.7605633802816901
89,17,60,0.0,-0.05,0.4666666666666667
89,18,66,0.696969696969697,-0.030303030303030276,0.09090909090909083
89,19,52,0.34615384615384615,0.21153846153846154,0.11538461538461542
89,20,92,0.07608695652173914,-0.07608695652173914,0.15217391304347824
89,21,55,0.2545454545454545,0.23636363636363633,0.2545454545454545
89,22,57,0.49122807017543857,-0.08771929824561409,0.08771929824561409
89,23,46,0.30434782608695654,0.30434782608695654,0.13043478260869562
89,24,48,0.14583333333333334,0.14583333333333334,0.5833333333333333
89,25,81,0.5308641975308642,0.5308641975308642,0.12345679012345678
89,26,73,0.3424657534246575,0.3424657534246575,0.136986301369863
90,0,51,0.0,-0.37254901960784315,0.5098039215686274
90,1,45,0.0,-0.8,0.8
90,2,51,0.0,0.0,0.17647058823529413
90,3,54,0.0,-0.07407407407407407,0.6666666666666666
90,4,49,0.0,0.0,0.4897959183673469
90,5,53,0.0,0.0,0.2641509433962264
90,6,52,0.0,0.0,0.5769230769230769
90,7,58,0.0,0.0,0.034482758620689655
90,8,62,0.0,0.0,0.14516129032258066
90,9,66,0.0,-0.2878787878787879,0.5606060606060606
90,10,71,0.0,-0.028169014084507043,0.08450704225352113
90,11,68,0.0,-0.20588235294117646,0.20588235294117646
90,12,54,0.0,-0.05555555555555555,0.3333333333333333
90,13,66,0.0,0.0,0.10606060606060606
90,14,60,0.0,-0.1,0.13333333333333333
90,15,54,0.0,-0.037037037037037035,0.46296296296296297
90,16,71,0.0,-0.14084507042253522,0.7605633802816901
90,17,60,0.0,-0.05,0.4666666666666667
90,18,66,0.5454545454545454,-0.18181818181818188,0.24242424242424243
90,19,52,0.36538461538461536,0.23076923076923075,0.0961538461538462
90,20,92,0.07608695652173914,-0.07608695652173914,0.15217391304347824
90,21,55,0.2545454545454545,0.23636363636363633,0.2545454545454545
90,22,57,0.49122807017543857,-0.08771929824561409,0.08771929824561409
90,23,46,0.2608695652173913,0.2608695652173913,0.17391304347826086
90,24,48,0.3125,0.3125,0.41666666666666663
90,25,81,0.5432098765432098,0.5432098765432098,0.11111111111111116
90,26,73,0.2602739726027397,0.2602739726027397,0.2191780821917808
