round,class_id,n,acc,bwt,forgetting
1,0,51,0.0,,
1,1,45,0.044444444444444446,,
1,2,51,0.19607843137254902,,
1,3,54,0.0,,
1,4,49,0.0,,
1,5,53,0.018867924528301886,,
1,6,52,0.0,,
1,7,58,0.0,,
1,8,62,0.22580645161290322,,
2,0,51,0.23529411764705882,0.23529411764705882,0.0
2,1,45,0.4666666666666667,0.4222222222222222,0.0
2,2,51,0.0,-0.19607843137254902,0.19607843137254902
2,3,54,0.0,0.0,0.0
2,4,49,0.0,0.0,0.0
2,5,53,0.0,-0.018867924528301886,0.018867924528301886
2,6,52,0.0,0.0,0.0
2,7,58,0.0,0.0,0.0
2,8,62,0.0,-0.22580645161290322,0.22580645161290322
3,0,51,0.0,0.0,0.23529411764705882
3,1,45,0.0,-0.044444444444444446,0.4666666666666667
3,2,51,0.0,-0.19607843137254902,0.19607843137254902
3,3,54,0.0,0.0,0.0
3,4,49,0.0,0.0,0.0
3,5,53,0.07547169811320754,0.05660377358490566,0.0
3,6,52,0.0,0.0,0.0
3,7,58,0.0,0.0,0.0
3,8,62,0.0,-0.22580645161290322,0.22580645161290322
4,0,51,0.49019607843137253,0.49019607843137253,0.0
4,1,45,0.37777777777777777,0.3333333333333333,0.0888888888888889
4,2,51,0.0,-0.19607843137254902,0.19607843137254902
4,3,54,0.0,0.0,0.0
4,4,49,0.0,0.0,0.0
4,5,53,0.0,-0.018867924528301886,0.07547169811320754
4,6,52,0.0,0.0,0.0
4,7,58,0.0,0.0,0.0
4,8,62,0.0,-0.22580645161290322,0.22580645161290322
5,0,51,0.0,0.0,0.49019607843137253
5,1,45,0.0,-0.044444444444444446,0.4666666666666667
5,2,51,0.0,-0.19607843137254902,0.19607843137254902
5,3,54,0.0,0.0,0.0
5,4,49,0.02040816326530612,0.02040816326530612,0.0
5,5,53,0.0,-0.018867924528301886,0.07547169811320754
5,6,52,0.0,0.0,0.0
5,7,58,0.10344827586206896,0.10344827586206896,0.0
5,8,62,0.03225806451612903,-0.1935483870967742,0.1935483870967742
6,0,51,0.0392156862745098,0.0392156862745098,0.4509803921568627
6,1,45,0.2222222222222222,0.17777777777777776,0.24444444444444446
6,2,51,0.0,-0.19607843137254902,0.19607843137254902
6,3,54,0.0,0.0,0.0
6,4,49,0.0,0.0,0.02040816326530612
6,5,53,0.0,-0.018867924528301886,0.07547169811320754
6,6,52,0.0,0.0,0.0
6,7,58,0.0,0.0,0.10344827586206896
6,8,62,0.04838709677419355,-0.1774193548387097,0.1774193548387097
7,0,51,0.0392156862745098,0.0392156862745098,0.4509803921568627
7,1,45,0.1111111111111111,0.06666666666666665,0.35555555555555557
7,2,51,0.0,-0.19607843137254902,0.19607843137254902
7,3,54,0.0,0.0,0.0
7,4,49,0.08163265306122448,0.08163265306122448,0.0
7,5,53,0.0,-0.018867924528301886,0.07547169811320754
7,6,52,0.0,0.0,0.0
7,7,58,0.05172413793103448,0.05172413793103448,0.05172413793103448
7,8,62,0.1935483870967742,-0.03225806451612903,0.03225806451612903
8,0,51,0.0392156862745098,0.0392156862745098,0.4509803921568627
8,1,45,0.044444444444444446,0.0,0.4222222222222222
8,2,51,0.0,-0.19607843137254902,0.19607843137254902
8,3,54,0.0,0.0,0.0
8,4,49,0.10204081632653061,0.10204081632653061,0.0
8,5,53,0.0,-0.018867924528301886,0.07547169811320754
8,6,52,0.0,0.0,0.0
8,7,58,0.0,0.0,0.10344827586206896
8,8,62,0.016129032258064516,-0.2096774193548387,0.2096774193548387
9,0,51,0.0196078431372549,0.0196078431372549,0.47058823529411764
9,1,45,0.06666666666666667,0.02222222222222222,0.4
9,2,51,0.0,-0.19607843137254902,0.19607843137254902
9,3,54,0.07407407407407407,0.07407407407407407,0.0
9,4,49,0.12244897959183673,0.12244897959183673,0.0
9,5,53,0.11320754716981132,0.09433962264150944,0.0
9,6,52,0.038461538461538464,0.038461538461538464,0.0
9,7,58,0.05172413793103448,0.05172413793103448,0.05172413793103448
9,8,62,0.03225806451612903,-0.1935483870967742,0.1935483870967742
10,0,51,0.0784313725490196,0.0784313725490196,0.4117647058823529
10,1,45,0.15555555555555556,0.1111111111111111,0.3111111111111111
10,2,51,0.0,-0.19607843137254902,0.19607843137254902
10,3,54,0.0,0.0,0.07407407407407407
10,4,49,0.08163265306122448,0.08163265306122448,0.04081632653061225
10,5,53,0.0,-0.018867924528301886,0.11320754716981132
10,6,52,0.0,0.0,0.038461538461538464
10,7,58,0.0,0.0,0.10344827586206896
10,8,62,0.03225806451612903,-0.1935483870967742,0.1935483870967742
11,0,51,0.11764705882352941,0.11764705882352941,0.37254901960784315
11,1,45,0.022222222222222223,-0.022222222222222223,0.4444444444444445
11,2,51,0.0,-0.19607843137254902,0.19607843137254902
11,3,54,0.037037037037037035,0.037037037037037035,0.037037037037037035
11,4,49,0.08163265306122448,0.08163265306122448,0.04081632653061225
11,5,53,0.1509433962264151,0.1320754716981132,0.0
11,6,52,0.057692307692307696,0.057692307692307696,0.0
11,7,58,0.06896551724137931,0.06896551724137931,0.034482758620689655
11,8,62,0.016129032258064516,-0.2096774193548387,0.2096774193548387
11,9,66,0.015151515151515152,,
11,10,71,0.028169014084507043,,
11,11,68,0.08823529411764706,,
11,12,54,0.07407407407407407,,
11,13,66,0.045454545454545456,,
11,14,60,0.03333333333333333,,
11,15,54,0.05555555555555555,,
11,16,71,0.014084507042253521,,
11,17,60,0.016666666666666666,,
12,0,51,0.3137254901960784,0.3137254901960784,0.1764705882352941
12,1,45,0.044444444444444446,0.0,0.4222222222222222
12,2,51,0.0,-0.19607843137254902,0.19607843137254902
12,3,54,0.0,0.0,0.07407407407407407
12,4,49,0.04081632653061224,0.04081632653061224,0.0816326530612245
12,5,53,0.0,-0.018867924528301886,0.1509433962264151
12,6,52,0.0,0.0,0.057692307692307696
12,7,58,0.017241379310344827,0.017241379310344827,0.08620689655172414
12,8,62,0.04838709677419355,-0.1774193548387097,0.1774193548387097
12,9,66,0.015151515151515152,0.0,0.0
12,10,71,0.0,-0.028169014084507043,0.028169014084507043
12,11,68,0.0,-0.08823529411764706,0.08823529411764706
12,12,54,0.0,-0.07407407407407407,0.07407407407407407
12,13,66,0.0,-0.045454545454545456,0.045454545454545456
12,14,60,0.0,-0.03333333333333333,0.03333333333333333
12,15,54,0.0,-0.05555555555555555,0.05555555555555555
12,16,71,0.028169014084507043,0.014084507042253521,0.0
12,17,60,0.0,-0.016666666666666666,0.016666666666666666
13,0,51,0.0196078431372549,0.0196078431372549,0.47058823529411764
13,1,45,0.0,-0.044444444444444446,0.4666666666666667
13,2,51,0.0196078431372549,-0.1764705882352941,0.1764705882352941
13,3,54,0.0,0.0,0.07407407407407407
13,4,49,0.08163265306122448,0.08163265306122448,0.04081632653061225
13,5,53,0.1509433962264151,0.1320754716981132,0.0
13,6,52,0.09615384615384616,0.09615384615384616,0.0
13,7,58,0.10344827586206896,0.10344827586206896,0.0
13,8,62,0.016129032258064516,-0.2096774193548387,0.2096774193548387
13,9,66,0.015151515151515152,0.0,0.0
13,10,71,0.0,-0.028169014084507043,0.028169014084507043
13,11,68,0.08823529411764706,0.0,0.0
13,12,54,0.07407407407407407,0.0,0.0
13,13,66,0.045454545454545456,0.0,0.0
13,14,60,0.11666666666666667,0.08333333333333334,0.0
13,15,54,0.05555555555555555,0.0,0.0
13,16,71,0.014084507042253521,0.0,0.014084507042253521
13,17,60,0.06666666666666667,0.05,0.0
14,0,51,0.09803921568627451,0.09803921568627451,0.39215686274509803
14,1,45,0.26666666666666666,0.2222222222222222,0.2
14,2,51,0.0,-0.19607843137254902,0.19607843137254902
14,3,54,0.018518518518518517,0.018518518518518517,0.05555555555555555
14,4,49,0.16326530612244897,0.16326530612244897,0.0
14,5,53,0.0,-0.018867924528301886,0.1509433962264151
14,6,52,0.0,0.0,0.09615384615384616
14,7,58,0.017241379310344827,0.017241379310344827,0.08620689655172414
14,8,62,0.04838709677419355,-0.1774193548387097,0.1774193548387097
14,9,66,0.045454545454545456,0.030303030303030304,0.0
14,10,71,0.0,-0.028169014084507043,0.028169014084507043
14,11,68,0.0,-0.08823529411764706,0.08823529411764706
14,12,54,0.07407407407407407,0.0,0.0
14,13,66,0.0,-0.045454545454545456,0.045454545454545456
14,14,60,0.0,-0.03333333333333333,0.11666666666666667
14,15,54,0.0,-0.05555555555555555,0.05555555555555555
14,16,71,0.014084507042253521,0.0,0.014084507042253521
14,17,60,0.0,-0.016666666666666666,0.06666666666666667
15,0,51,0.11764705882352941,0.11764705882352941,0.37254901960784315
15,1,45,0.0,-0.044444444444444446,0.4666666666666667
15,2,51,0.0,-0.19607843137254902,0.19607843137254902
15,3,54,0.0,0.0,0.07407407407407407
15,4,49,0.061224489795918366,0.061224489795918366,0.1020408163265306
15,5,53,0.05660377358490566,0.03773584905660378,0.09433962264150943
15,6,52,0.0,0.0,0.09615384615384616
15,7,58,0.10344827586206896,0.10344827586206896,0.0
15,8,62,0.03225806451612903,-0.1935483870967742,0.1935483870967742
15,9,66,0.015151515151515152,0.0,0.030303030303030304
15,10,71,0.014084507042253521,-0.014084507042253521,0.014084507042253521
15,11,68,0.10294117647058823,0.014705882352941166,0.0
15,12,54,0.018518518518518517,-0.05555555555555555,0.05555555555555555
15,13,66,0.06060606060606061,0.015151515151515152,0.0
15,14,60,0.06666666666666667,0.03333333333333333,0.05
15,15,54,0.0,-0.05555555555555555,0.05555555555555555
15,16,71,0.0,-0.014084507042253521,0.028169014084507043
15,17,60,0.06666666666666667,0.05,0.0
16,0,51,0.0784313725490196,0.0784313725490196,0.4117647058823529
16,1,45,0.17777777777777778,0.13333333333333333,0.28888888888888886
16,2,51,0.0196078431372549,-0.1764705882352941,0.1764705882352941
16,3,54,0.0,0.0,0.07407407407407407
16,4,49,0.04081632653061224,0.04081632653061224,0.12244897959183673
16,5,53,0.03773584905660377,0.018867924528301886,0.11320754716981132
16,6,52,0.0,0.0,0.09615384615384616
16,7,58,0.017241379310344827,0.017241379310344827,0.08620689655172414
16,8,62,0.016129032258064516,-0.2096774193548387,0.2096774193548387
16,9,66,0.045454545454545456,0.030303030303030304,0.0
16,10,71,0.0,-0.028169014084507043,0.028169014084507043
16,11,68,0.0,-0.08823529411764706,0.10294117647058823
16,12,54,0.05555555555555555,-0.018518518518518517,0.018518518518518517
16,13,66,0.0,-0.045454545454545456,0.06060606060606061
16,14,60,0.0,-0.03333333333333333,0.11666666666666667
16,15,54,0.018518518518518517,-0.037037037037037035,0.037037037037037035
16,16,71,0.0,-0.014084507042253521,0.028169014084507043
16,17,60,0.0,-0.016666666666666666,0.06666666666666667
17,0,51,0.0392156862745098,0.0392156862745098,0.4509803921568627
17,1,45,0.0,-0.044444444444444446,0.4666666666666667
17,2,51,0.0,-0.19607843137254902,0.19607843137254902
17,3,54,0.0,0.0,0.07407407407407407
17,4,49,0.04081632653061224,0.04081632653061224,0.12244897959183673
17,5,53,0.018867924528301886,0.0,0.1320754716981132
17,6,52,0.0,0.0,0.09615384615384616
17,7,58,0.22413793103448276,0.22413793103448276,0.0
17,8,62,0.016129032258064516,-0.2096774193548387,0.2096774193548387
17,9,66,0.0,-0.015151515151515152,0.045454545454545456
17,10,71,0.028169014084507043,0.0,0.0
17,11,68,0.08823529411764706,0.0,0.014705882352941166
17,12,54,0.018518518518518517,-0.05555555555555555,0.05555555555555555
17,13,66,0.06060606060606061,0.015151515151515152,0.0
17,14,60,0.1,0.06666666666666668,0.016666666666666663
17,15,54,0.1111111111111111,0.05555555555555555,0.0
17,16,71,0.0,-0.014084507042253521,0.028169014084507043
17,17,60,0.0,-0.016666666666666666,0.06666666666666667
18,0,51,0.1568627450980392,0.1568627450980392,0.3333333333333333
18,1,45,0.06666666666666667,0.02222222222222222,0.4
18,2,51,0.0,-0.19607843137254902,0.19607843137254902
18,3,54,0.018518518518518517,0.018518518518518517,0.05555555555555555
18,4,49,0.22448979591836735,0.22448979591836735,0.0
18,5,53,0.11320754716981132,0.09433962264150944,0.037735849056603765
18,6,52,0.0,0.0,0.09615384615384616
18,7,58,0.05172413793103448,0.05172413793103448,0.1724137931034483
18,8,62,0.016129032258064516,-0.2096774193548387,0.2096774193548387
18,9,66,0.06060606060606061,0.045454545454545456,0.0
18,10,71,0.0,-0.028169014084507043,0.028169014084507043
18,11,68,0.0,-0.08823529411764706,0.10294117647058823
18,12,54,0.05555555555555555,-0.018518518518518517,0.018518518518518517
18,13,66,0.0,-0.045454545454545456,0.06060606060606061
18,14,60,0.016666666666666666,-0.016666666666666666,0.1
18,15,54,0.018518518518518517,-0.037037037037037035,0.09259259259259259
18,16,71,0.014084507042253521,0.0,0.014084507042253521
18,17,60,0.016666666666666666,0.0,0.05
19,0,51,0.0196078431372549,0.0196078431372549,0.47058823529411764
19,1,45,0.0,-0.044444444444444446,0.4666666666666667
19,2,51,0.0196078431372549,-0.1764705882352941,0.1764705882352941
19,3,54,0.05555555555555555,0.05555555555555555,0.018518518518518517
19,4,49,0.02040816326530612,0.02040816326530612,0.20408163265306123
19,5,53,0.07547169811320754,0.05660377358490566,0.07547169811320754
19,6,52,0.0,0.0,0.09615384615384616
19,7,58,0.27586206896551724,0.27586206896551724,0.0
19,8,62,0.0,-0.22580645161290322,0.22580645161290322
19,9,66,0.0,-0.015151515151515152,0.06060606060606061
19,10,71,0.04225352112676056,0.01408450704225352,0.0
19,11,68,0.14705882352941177,0.058823529411764705,0.0
19,12,54,0.0,-0.07407407407407407,0.07407407407407407
19,13,66,0.07575757575757576,0.030303030303030304,0.0
19,14,60,0.03333333333333333,0.0,0.08333333333333334
19,15,54,0.12962962962962962,0.07407407407407407,0.0
19,16,71,0.0,-0.014084507042253521,0.028169014084507043
19,17,60,0.0,-0.016666666666666666,0.06666666666666667
20,0,51,0.0392156862745098,0.0392156862745098,0.4509803921568627
20,1,45,0.08888888888888889,0.044444444444444446,0.37777777777777777
20,2,51,0.0196078431372549,-0.1764705882352941,0.1764705882352941
20,3,54,0.037037037037037035,0.037037037037037035,0.037037037037037035
20,4,49,0.061224489795918366,0.061224489795918366,0.163265306122449
20,5,53,0.1509433962264151,0.1320754716981132,0.0
20,6,52,0.0,0.0,0.09615384615384616
20,7,58,0.017241379310344827,0.017241379310344827,0.25862068965517243
20,8,62,0.0,-0.22580645161290322,0.22580645161290322
20,9,66,0.015151515151515152,0.0,0.045454545454545456
20,10,71,0.0,-0.028169014084507043,0.04225352112676056
20,11,68,0.0,-0.08823529411764706,0.14705882352941177
20,12,54,0.05555555555555555,-0.018518518518518517,0.018518518518518517
20,13,66,0.0,-0.045454545454545456,0.07575757575757576
20,14,60,0.03333333333333333,0.0,0.08333333333333334
20,15,54,0.0,-0.05555555555555555,0.12962962962962962
20,16,71,0.0,-0.014084507042253521,0.028169014084507043
20,17,60,0.016666666666666666,0.0,0.05
21,0,51,0.058823529411764705,0.058823529411764705,0.4313725490196078
21,1,45,0.0,-0.044444444444444446,0.4666666666666667
21,2,51,0.0,-0.19607843137254902,0.19607843137254902
21,3,54,0.018518518518518517,0.018518518518518517,0.05555555555555555
21,4,49,0.0,0.0,0.22448979591836735
21,5,53,0.05660377358490566,0.03773584905660378,0.09433962264150943
21,6,52,0.0,0.0,0.09615384615384616
21,7,58,0.25862068965517243,0.25862068965517243,0.017241379310344807
21,8,62,0.0,-0.22580645161290322,0.22580645161290322
21,9,66,0.0,-0.015151515151515152,0.06060606060606061
21,10,71,0.04225352112676056,0.01408450704225352,0.0
21,11,68,0.08823529411764706,0.0,0.058823529411764705
21,12,54,0.0,-0.07407407407407407,0.07407407407407407
21,13,66,0.09090909090909091,0.045454545454545456,0.0
21,14,60,0.0,-0.03333333333333333,0.11666666666666667
21,15,54,0.16666666666666666,0.1111111111111111,0.0
21,16,71,0.0,-0.014084507042253521,0.028169014084507043
21,17,60,0.0,-0.016666666666666666,0.06666666666666667
21,18,66,0.13636363636363635,,
21,19,52,0.019230769230769232,,
21,20,92,0.0,,
21,21,55,0.2727272727272727,,
21,22,57,0.21052631578947367,,
21,23,46,0.6304347826086957,,
21,24,48,0.25,,
21,25,81,0.07407407407407407,,
21,26,73,0.1506849315068493,,
22,0,51,0.0196078431372549,0.0196078431372549,0.47058823529411764
22,1,45,0.08888888888888889,0.044444444444444446,0.37777777777777777
22,2,51,0.0,-0.19607843137254902,0.19607843137254902
22,3,54,0.037037037037037035,0.037037037037037035,0.037037037037037035
22,4,49,0.0,0.0,0.22448979591836735
22,5,53,0.1509433962264151,0.1320754716981132,0.0
22,6,52,0.0,0.0,0.09615384615384616
22,7,58,0.017241379310344827,0.017241379310344827,0.25862068965517243
22,8,62,0.04838709677419355,-0.1774193548387097,0.1774193548387097
22,9,66,0.030303030303030304,0.015151515151515152,0.030303030303030304
22,10,71,0.0,-0.028169014084507043,0.04225352112676056
22,11,68,0.0,-0.08823529411764706,0.14705882352941177
22,12,54,0.037037037037037035,-0.037037037037037035,0.037037037037037035
22,13,66,0.030303030303030304,-0.015151515151515152,0.06060606060606061
22,14,60,0.0,-0.03333333333333333,0.11666666666666667
22,15,54,0.0,-0.05555555555555555,0.16666666666666666
22,16,71,0.014084507042253521,0.0,0.014084507042253521
22,17,60,0.016666666666666666,0.0,0.05
22,18,66,0.5454545454545454,0.40909090909090906,0.0
22,19,52,0.38461538461538464,0.3653846153846154,0.0
22,20,92,0.0,0.0,0.0
22,21,55,0.0,-0.2727272727272727,0.2727272727272727
22,22,57,0.017543859649122806,-0.19298245614035087,0.19298245614035087
22,23,46,0.021739130434782608,-0.6086956521739131,0.6086956521739131
22,24,48,0.0,-0.25,0.25
22,25,81,0.07407407407407407,0.0,0.0
22,26,73,0.0958904109589041,-0.0547945205479452,0.0547945205479452
23,0,51,0.09803921568627451,0.09803921568627451,0.39215686274509803
23,1,45,0.0,-0.044444444444444446,0.4666666666666667
23,2,51,0.0196078431372549,-0.1764705882352941,0.1764705882352941
23,3,54,0.0,0.0,0.07407407407407407
23,4,49,0.061224489795918366,0.061224489795918366,0.163265306122449
23,5,53,0.05660377358490566,0.03773584905660378,0.09433962264150943
23,6,52,0.0,0.0,0.09615384615384616
23,7,58,0.22413793103448276,0.22413793103448276,0.051724137931034475
23,8,62,0.016129032258064516,-0.2096774193548387,0.2096774193548387
23,9,66,0.0,-0.015151515151515152,0.06060606060606061
23,10,71,0.04225352112676056,0.01408450704225352,0.0
23,11,68,0.1323529411764706,0.044117647058823525,0.01470588235294118
23,12,54,0.018518518518518517,-0.05555555555555555,0.05555555555555555
23,13,66,0.07575757575757576,0.030303030303030304,0.015151515151515152
23,14,60,0.0,-0.03333333333333333,0.11666666666666667
23,15,54,0.25925925925925924,0.2037037037037037,0.0
23,16,71,0.0,-0.014084507042253521,0.028169014084507043
23,17,60,0.0,-0.016666666666666666,0.06666666666666667
23,18,66,0.06060606060606061,-0.07575757575757575,0.4848484848484848
23,19,52,0.057692307692307696,0.038461538461538464,0.3269230769230769
23,20,92,0.0,0.0,0.0
23,21,55,0.18181818181818182,-0.09090909090909088,0.09090909090909088
23,22,57,0.22807017543859648,0.017543859649122806,0.0
23,23,46,0.6739130434782609,0.04347826086956519,0.0
23,24,48,0.125,-0.125,0.125
23,25,81,0.012345679012345678,-0.06172839506172839,0.06172839506172839
23,26,73,0.1232876712328767,-0.0273972602739726,0.0273972602739726
24,0,51,0.0196078431372549,0.0196078431372549,0.47058823529411764
24,1,45,0.022222222222222223,-0.022222222222222223,0.4444444444444445
24,2,51,0.058823529411764705,-0.13725490196078433,0.13725490196078433
24,3,54,0.037037037037037035,0.037037037037037035,0.037037037037037035
24,4,49,0.0,0.0,0.22448979591836735
24,5,53,0.09433962264150944,0.07547169811320756,0.05660377358490565
24,6,52,0.0,0.0,0.09615384615384616
24,7,58,0.017241379310344827,0.017241379310344827,0.25862068965517243
24,8,62,0.0,-0.22580645161290322,0.22580645161290322
24,9,66,0.22727272727272727,0.2121212121212121,0.0
24,10,71,0.0,-0.028169014084507043,0.04225352112676056
24,11,68,0.0,-0.08823529411764706,0.14705882352941177
24,12,54,0.0,-0.07407407407407407,0.07407407407407407
24,13,66,0.045454545454545456,0.0,0.045454545454545456
24,14,60,0.0,-0.03333333333333333,0.11666666666666667
24,15,54,0.018518518518518517,-0.037037037037037035,0.24074074074074073
24,16,71,0.0,-0.014084507042253521,0.028169014084507043
24,17,60,0.03333333333333333,0.016666666666666666,0.03333333333333333
24,18,66,0.6515151515151515,0.5151515151515151,0.0
24,19,52,0.5,0.4807692307692308,0.0
24,20,92,0.0,0.0,0.0
24,21,55,0.0,-0.2727272727272727,0.2727272727272727
24,22,57,0.0,-0.21052631578947367,0.22807017543859648
24,23,46,0.021739130434782608,-0.6086956521739131,0.6521739130434783
24,24,48,0.0,-0.25,0.25
24,25,81,0.037037037037037035,-0.037037037037037035,0.037037037037037035
24,26,73,0.1643835616438356,0.0136986301369863,0.0
25,0,51,0.0784313725490196,0.0784313725490196,0.4117647058823529
25,1,45,0.0,-0.044444444444444446,0.4666666666666667
25,2,51,0.0,-0.19607843137254902,0.19607843137254902
25,3,54,0.037037037037037035,0.037037037037037035,0.037037037037037035
25,4,49,0.12244897959183673,0.12244897959183673,0.10204081632653061
25,5,53,0.05660377358490566,0.03773584905660378,0.09433962264150943
25,6,52,0.038461538461538464,0.038461538461538464,0.057692307692307696
25,7,58,0.08620689655172414,0.08620689655172414,0.1896551724137931
25,8,62,0.016129032258064516,-0.2096774193548387,0.2096774193548387
25,9,66,0.0,-0.015151515151515152,0.22727272727272727
25,10,71,0.04225352112676056,0.01408450704225352,0.0
25,11,68,0.10294117647058823,0.014705882352941166,0.04411764705882354
25,12,54,0.018518518518518517,-0.05555555555555555,0.05555555555555555
25,13,66,0.07575757575757576,0.030303030303030304,0.015151515151515152
25,14,60,0.016666666666666666,-0.016666666666666666,0.1
25,15,54,0.2962962962962963,0.24074074074074073,0.0
25,16,71,0.0,-0.014084507042253521,0.028169014084507043
25,17,60,0.0,-0.016666666666666666,0.06666666666666667
25,18,66,0.015151515151515152,-0.1212121212121212,0.6363636363636364
25,19,52,0.0,-0.019230769230769232,0.5
25,20,92,0.0,0.0,0.0
25,21,55,0.4909090909090909,0.2181818181818182,0.0
25,22,57,0.24561403508771928,0.03508771929824561,0.0
25,23,46,0.4782608695652174,-0.15217391304347827,0.19565217391304346
25,24,48,0.041666666666666664,-0.20833333333333334,0.20833333333333334
25,25,81,0.024691358024691357,-0.04938271604938271,0.04938271604938271
25,26,73,0.2465753424657534,0.0958904109589041,0.0
26,0,51,0.0,0.0,0.49019607843137253
26,1,45,0.0,-0.044444444444444446,0.4666666666666667
26,2,51,0.09803921568627451,-0.09803921568627451,0.09803921568627451
26,3,54,0.018518518518518517,0.018518518518518517,0.05555555555555555
26,4,49,0.0,0.0,0.22448979591836735
26,5,53,0.24528301886792453,0.22641509433962265,0.0
26,6,52,0.0,0.0,0.09615384615384616
26,7,58,0.1896551724137931,0.1896551724137931,0.08620689655172414
26,8,62,0.0,-0.22580645161290322,0.22580645161290322
26,9,66,0.09090909090909091,0.07575757575757576,0.13636363636363635
26,10,71,0.0,-0.028169014084507043,0.04225352112676056
26,11,68,0.04411764705882353,-0.04411764705882353,0.10294117647058823
26,12,54,0.018518518518518517,-0.05555555555555555,0.05555555555555555
26,13,66,0.045454545454545456,0.0,0.045454545454545456
26,14,60,0.0,-0.03333333333333333,0.11666666666666667
26,15,54,0.0,-0.05555555555555555,0.2962962962962963
26,16,71,0.014084507042253521,0.0,0.014084507042253521
26,17,60,0.016666666666666666,0.0,0.05
26,18,66,0.8484848484848485,0.7121212121212122,0.0
26,19,52,0.2692307692307692,0.25,0.23076923076923078
26,20,92,0.0,0.0,0.0
26,21,55,0.0,-0.2727272727272727,0.4909090909090909
26,22,57,0.0,-0.21052631578947367,0.24561403508771928
26,23,46,0.021739130434782608,-0.6086956521739131,0.6521739130434783
26,24,48,0.0,-0.25,0.25
26,25,81,0.0,-0.07407407407407407,0.07407407407407407
26,26,73,0.0684931506849315,-0.0821917808219178,0.1780821917808219
27,0,51,0.0784313725490196,0.0784313725490196,0.4117647058823529
27,1,45,0.0,-0.044444444444444446,0.4666666666666667
27,2,51,0.0,-0.19607843137254902,0.19607843137254902
27,3,54,0.05555555555555555,0.05555555555555555,0.018518518518518517
27,4,49,0.10204081632653061,0.10204081632653061,0.12244897959183673
27,5,53,0.018867924528301886,0.0,0.22641509433962265
27,6,52,0.057692307692307696,0.057692307692307696,0.038461538461538464
27,7,58,0.0,0.0,0.27586206896551724
27,8,62,0.016129032258064516,-0.2096774193548387,0.2096774193548387
27,9,66,0.0,-0.015151515151515152,0.22727272727272727
27,10,71,0.014084507042253521,-0.014084507042253521,0.02816901408450704
27,11,68,0.10294117647058823,0.014705882352941166,0.04411764705882354
27,12,54,0.037037037037037035,-0.037037037037037035,0.037037037037037035
27,13,66,0.07575757575757576,0.030303030303030304,0.015151515151515152
27,14,60,0.016666666666666666,-0.016666666666666666,0.1
27,15,54,0.2222222222222222,0.16666666666666666,0.07407407407407407
27,16,71,0.0,-0.014084507042253521,0.028169014084507043
27,17,60,0.0,-0.016666666666666666,0.06666666666666667
27,18,66,0.0,-0.13636363636363635,0.8484848484848485
27,19,52,0.0,-0.019230769230769232,0.5
27,20,92,0.0,0.0,0.0
27,21,55,0.6909090909090909,0.4181818181818182,0.0
27,22,57,0.10526315789473684,-0.10526315789473684,0.14035087719298245
27,23,46,0.5217391304347826,-0.10869565217391308,0.15217391304347827
27,24,48,0.020833333333333332,-0.22916666666666666,0.22916666666666666
27,25,81,0.0,-0.07407407407407407,0.07407407407407407
27,26,73,0.2328767123287671,0.0821917808219178,0.0136986301369863
28,0,51,0.0196078431372549,0.0196078431372549,0.47058823529411764
28,1,45,0.0,-0.044444444444444446,0.4666666666666667
28,2,51,0.13725490196078433,-0.05882352941176469,0.05882352941176469
28,3,54,0.0,0.0,0.07407407407407407
28,4,49,0.0,0.0,0.22448979591836735
28,5,53,0.2830188679245283,0.2641509433962264,0.0
28,6,52,0.0,0.0,0.09615384615384616
28,7,58,0.08620689655172414,0.08620689655172414,0.1896551724137931
28,8,62,0.03225806451612903,-0.1935483870967742,0.1935483870967742
28,9,66,0.045454545454545456,0.030303030303030304,0.18181818181818182
28,10,71,0.0,-0.028169014084507043,0.04225352112676056
28,11,68,0.07352941176470588,-0.01470588235294118,0.07352941176470588
28,12,54,0.0,-0.07407407407407407,0.07407407407407407
28,13,66,0.06060606060606061,0.015151515151515152,0.030303030303030304
28,14,60,0.016666666666666666,-0.016666666666666666,0.1
28,15,54,0.35185185185185186,0.2962962962962963,0.0
28,16,71,0.0,-0.014084507042253521,0.028169014084507043
28,17,60,0.016666666666666666,0.0,0.05
28,18,66,0.7272727272727273,0.5909090909090909,0.12121212121212122
28,19,52,0.25,0.23076923076923078,0.25
28,20,92,0.0,0.0,0.0
28,21,55,0.0,-0.2727272727272727,0.6909090909090909
28,22,57,0.0,-0.21052631578947367,0.24561403508771928
28,23,46,0.0,-0.6304347826086957,0.6739130434782609
28,24,48,0.0,-0.25,0.25
28,25,81,0.0,-0.07407407407407407,0.07407407407407407
28,26,73,0.0684931506849315,-0.0821917808219178,0.1780821917808219
29,0,51,0.1568627450980392,0.1568627450980392,0.3333333333333333
29,1,45,0.022222222222222223,-0.022222222222222223,0.4444444444444445
29,2,51,0.0,-0.19607843137254902,0.19607843137254902
29,3,54,0.018518518518518517,0.018518518518518517,0.05555555555555555
29,4,49,0.10204081632653061,0.10204081632653061,0.12244897959183673
29,5,53,0.03773584905660377,0.018867924528301886,0.24528301886792453
29,6,52,0.07692307692307693,0.07692307692307693,0.019230769230769232
29,7,58,0.017241379310344827,0.017241379310344827,0.25862068965517243
29,8,62,0.0,-0.22580645161290322,0.22580645161290322
29,9,66,0.030303030303030304,0.015151515151515152,0.19696969696969696
29,10,71,0.014084507042253521,-0.014084507042253521,0.02816901408450704
29,11,68,0.029411764705882353,-0.05882352941176471,0.11764705882352941
29,12,54,0.0,-0.07407407407407407,0.07407407407407407
29,13,66,0.06060606060606061,0.015151515151515152,0.030303030303030304
29,14,60,0.05,0.01666666666666667,0.06666666666666667
29,15,54,0.16666666666666666,0.1111111111111111,0.1851851851851852
29,16,71,0.014084507042253521,0.0,0.014084507042253521
29,17,60,0.05,0.03333333333333334,0.016666666666666663
29,18,66,0.015151515151515152,-0.1212121212121212,0.8333333333333334
29,19,52,0.019230769230769232,0.0,0.4807692307692308
29,20,92,0.0,0.0,0.0
29,21,55,0.6727272727272727,0.4,0.018181818181818188
29,22,57,0.07017543859649122,-0.14035087719298245,0.17543859649122806
29,23,46,0.30434782608695654,-0.32608695652173914,0.3695652173913043
29,24,48,0.020833333333333332,-0.22916666666666666,0.22916666666666666
29,25,81,0.04938271604938271,-0.024691358024691357,0.024691358024691357
29,26,73,0.2328767123287671,0.0821917808219178,0.0136986301369863
30,0,51,0.0196078431372549,0.0196078431372549,0.47058823529411764
30,1,45,0.0,-0.044444444444444446,0.4666666666666667
30,2,51,0.21568627450980393,0.019607843137254916,0.0
30,3,54,0.0,0.0,0.07407407407407407
30,4,49,0.0,0.0,0.22448979591836735
30,5,53,0.11320754716981132,0.09433962264150944,0.16981132075471697
30,6,52,0.0,0.0,0.09615384615384616
30,7,58,0.29310344827586204,0.29310344827586204,0.0
30,8,62,0.06451612903225806,-0.16129032258064516,0.16129032258064516
30,9,66,0.045454545454545456,0.030303030303030304,0.18181818181818182
30,10,71,0.014084507042253521,-0.014084507042253521,0.02816901408450704
30,11,68,0.10294117647058823,0.014705882352941166,0.04411764705882354
30,12,54,0.037037037037037035,-0.037037037037037035,0.037037037037037035
30,13,66,0.10606060606060606,0.06060606060606061,0.0
30,14,60,0.016666666666666666,-0.016666666666666666,0.1
30,15,54,0.25925925925925924,0.2037037037037037,0.09259259259259262
30,16,71,0.028169014084507043,0.014084507042253521,0.0
30,17,60,0.05,0.03333333333333334,0.016666666666666663
30,18,66,0.696969696969697,0.5606060606060607,0.1515151515151515
30,19,52,0.09615384615384616,0.07692307692307693,0.40384615384615385
30,20,92,0.010869565217391304,0.010869565217391304,0.0
30,21,55,0.0,-0.2727272727272727,0.6909090909090909
30,22,57,0.0,-0.21052631578947367,0.24561403508771928
30,23,46,0.06521739130434782,-0.5652173913043479,0.6086956521739131
30,24,48,0.08333333333333333,-0.16666666666666669,0.16666666666666669
30,25,81,0.012345679012345678,-0.06172839506172839,0.06172839506172839
30,26,73,0.0273972602739726,-0.1232876712328767,0.2191780821917808
31,0,51,0.11764705882352941,0.11764705882352941,0.37254901960784315
31,1,45,0.06666666666666667,0.02222222222222222,0.4
31,2,51,0.0,-0.19607843137254902,0.21568627450980393
31,3,54,0.0,0.0,0.07407407407407407
31,4,49,0.08163265306122448,0.08163265306122448,0.14285714285714285
31,5,53,0.018867924528301886,0.0,0.2641509433962264
31,6,52,0.057692307692307696,0.057692307692307696,0.038461538461538464
31,7,58,0.0,0.0,0.29310344827586204
31,8,62,0.0,-0.22580645161290322,0.22580645161290322
31,9,66,0.06060606060606061,0.045454545454545456,0.16666666666666666
31,10,71,0.014084507042253521,-0.014084507042253521,0.02816901408450704
31,11,68,0.029411764705882353,-0.05882352941176471,0.11764705882352941
31,12,54,0.018518518518518517,-0.05555555555555555,0.05555555555555555
31,13,66,0.06060606060606061,0.015151515151515152,0.045454545454545456
31,14,60,0.016666666666666666,-0.016666666666666666,0.1
31,15,54,0.25925925925925924,0.2037037037037037,0.09259259259259262
31,16,71,0.0,-0.014084507042253521,0.028169014084507043
31,17,60,0.06666666666666667,0.05,0.0
31,18,66,0.0,-0.13636363636363635,0.8484848484848485
31,19,52,0.019230769230769232,0.0,0.4807692307692308
31,20,92,0.0,0.0,0.010869565217391304
31,21,55,0.5454545454545454,0.2727272727272727,0.1454545454545455
31,22,57,0.3333333333333333,0.12280701754385964,0.0
31,23,46,0.41304347826086957,-0.2173913043478261,0.2608695652173913
31,24,48,0.08333333333333333,-0.16666666666666669,0.16666666666666669
31,25,81,0.024691358024691357,-0.04938271604938271,0.04938271604938271
31,26,73,0.2328767123287671,0.0821917808219178,0.0136986301369863
32,0,51,0.0392156862745098,0.0392156862745098,0.4509803921568627
32,1,45,0.0,-0.044444444444444446,0.4666666666666667
32,2,51,0.11764705882352941,-0.0784313725490196,0.09803921568627452
32,3,54,0.018518518518518517,0.018518518518518517,0.05555555555555555
32,4,49,0.02040816326530612,0.02040816326530612,0.20408163265306123
32,5,53,0.11320754716981132,0.09433962264150944,0.16981132075471697
32,6,52,0.0,0.0,0.09615384615384616
32,7,58,0.2413793103448276,0.2413793103448276,0.05172413793103445
32,8,62,0.0967741935483871,-0.12903225806451613,0.12903225806451613
32,9,66,0.06060606060606061,0.045454545454545456,0.16666666666666666
32,10,71,0.014084507042253521,-0.014084507042253521,0.02816901408450704
32,11,68,0.11764705882352941,0.029411764705882346,0.02941176470588236
32,12,54,0.07407407407407407,0.0,0.0
32,13,66,0.12121212121212122,0.07575757575757576,0.0
32,14,60,0.016666666666666666,-0.016666666666666666,0.1
32,15,54,0.35185185185185186,0.2962962962962963,0.0
32,16,71,0.028169014084507043,0.014084507042253521,0.0
32,17,60,0.08333333333333333,0.06666666666666667,0.0
32,18,66,0.4696969696969697,0.33333333333333337,0.3787878787878788
32,19,52,0.09615384615384616,0.07692307692307693,0.40384615384615385
32,20,92,0.021739130434782608,0.021739130434782608,0.0
32,21,55,0.0,-0.2727272727272727,0.6909090909090909
32,22,57,0.0,-0.21052631578947367,0.3333333333333333
32,23,46,0.1956521739130435,-0.4347826086956522,0.4782608695652174
32,24,48,0.125,-0.125,0.125
32,25,81,0.04938271604938271,-0.024691358024691357,0.024691358024691357
32,26,73,0.0821917808219178,-0.0684931506849315,0.1643835616438356
33,0,51,0.09803921568627451,0.09803921568627451,0.39215686274509803
33,1,45,0.022222222222222223,-0.022222222222222223,0.4444444444444445
33,2,51,0.0,-0.19607843137254902,0.21568627450980393
33,3,54,0.018518518518518517,0.018518518518518517,0.05555555555555555
33,4,49,0.08163265306122448,0.08163265306122448,0.14285714285714285
33,5,53,0.07547169811320754,0.05660377358490566,0.20754716981132076
33,6,52,0.07692307692307693,0.07692307692307693,0.019230769230769232
33,7,58,0.06896551724137931,0.06896551724137931,0.22413793103448273
33,8,62,0.08064516129032258,-0.14516129032258063,0.14516129032258063
33,9,66,0.045454545454545456,0.030303030303030304,0.18181818181818182
33,10,71,0.014084507042253521,-0.014084507042253521,0.02816901408450704
33,11,68,0.04411764705882353,-0.04411764705882353,0.10294117647058823
33,12,54,0.018518518518518517,-0.05555555555555555,0.05555555555555555
33,13,66,0.09090909090909091,0.045454545454545456,0.030303030303030304
33,14,60,0.0,-0.03333333333333333,0.11666666666666667
33,15,54,0.42592592592592593,0.37037037037037035,0.0
33,16,71,0.014084507042253521,0.0,0.014084507042253521
33,17,60,0.016666666666666666,0.0,0.06666666666666667
33,18,66,0.16666666666666666,0.030303030303030304,0.6818181818181819
33,19,52,0.0,-0.019230769230769232,0.5
33,20,92,0.0,0.0,0.021739130434782608
33,21,55,0.5272727272727272,0.2545454545454545,0.1636363636363637
33,22,57,0.3157894736842105,0.10526315789473684,0.017543859649122806
33,23,46,0.32608695652173914,-0.30434782608695654,0.34782608695652173
33,24,48,0.3333333333333333,0.08333333333333331,0.0
33,25,81,0.024691358024691357,-0.04938271604938271,0.04938271604938271
33,26,73,0.2328767123287671,0.0821917808219178,0.0136986301369863
34,0,51,0.0784313725490196,0.0784313725490196,0.4117647058823529
34,1,45,0.044444444444444446,0.0,0.4222222222222222
34,2,51,0.058823529411764705,-0.13725490196078433,0.1568627450980392
34,3,54,0.018518518518518517,0.018518518518518517,0.05555555555555555
34,4,49,0.0,0.0,0.22448979591836735
34,5,53,0.1509433962264151,0.1320754716981132,0.1320754716981132
34,6,52,0.0,0.0,0.09615384615384616
34,7,58,0.22413793103448276,0.22413793103448276,0.06896551724137928
34,8,62,0.03225806451612903,-0.1935483870967742,0.1935483870967742
34,9,66,0.10606060606060606,0.09090909090909091,0.1212121212121212
34,10,71,0.014084507042253521,-0.014084507042253521,0.02816901408450704
34,11,68,0.04411764705882353,-0.04411764705882353,0.10294117647058823
34,12,54,0.018518518518518517,-0.05555555555555555,0.05555555555555555
34,13,66,0.07575757575757576,0.030303030303030304,0.045454545454545456
34,14,60,0.06666666666666667,0.03333333333333333,0.05
34,15,54,0.14814814814814814,0.09259259259259259,0.2777777777777778
34,16,71,0.014084507042253521,0.0,0.014084507042253521
34,17,60,0.1,0.08333333333333334,0.0
34,18,66,0.6212121212121212,0.48484848484848486,0.2272727272727273
34,19,52,0.21153846153846154,0.1923076923076923,0.28846153846153844
34,20,92,0.021739130434782608,0.021739130434782608,0.0
34,21,55,0.01818181818181818,-0.2545454545454545,0.6727272727272727
34,22,57,0.017543859649122806,-0.19298245614035087,0.3157894736842105
34,23,46,0.06521739130434782,-0.5652173913043479,0.6086956521739131
34,24,48,0.020833333333333332,-0.22916666666666666,0.3125
34,25,81,0.06172839506172839,-0.012345679012345678,0.012345679012345678
34,26,73,0.2191780821917808,0.0684931506849315,0.0273972602739726
35,0,51,0.11764705882352941,0.11764705882352941,0.37254901960784315
35,1,45,0.08888888888888889,0.044444444444444446,0.37777777777777777
35,2,51,0.0,-0.19607843137254902,0.21568627450980393
35,3,54,0.0,0.0,0.07407407407407407
35,4,49,0.12244897959183673,0.12244897959183673,0.10204081632653061
35,5,53,0.05660377358490566,0.03773584905660378,0.22641509433962265
35,6,52,0.07692307692307693,0.07692307692307693,0.019230769230769232
35,7,58,0.05172413793103448,0.05172413793103448,0.24137931034482757
35,8,62,0.03225806451612903,-0.1935483870967742,0.1935483870967742
35,9,66,0.045454545454545456,0.030303030303030304,0.18181818181818182
35,10,71,0.0,-0.028169014084507043,0.04225352112676056
35,11,68,0.029411764705882353,-0.05882352941176471,0.11764705882352941
35,12,54,0.0,-0.07407407407407407,0.07407407407407407
35,13,66,0.06060606060606061,0.015151515151515152,0.06060606060606061
35,14,60,0.016666666666666666,-0.016666666666666666,0.1
35,15,54,0.42592592592592593,0.37037037037037035,0.0
35,16,71,0.014084507042253521,0.0,0.014084507042253521
35,17,60,0.06666666666666667,0.05,0.03333333333333334
35,18,66,0.24242424242424243,0.10606060606060608,0.6060606060606061
35,19,52,0.019230769230769232,0.0,0.4807692307692308
35,20,92,0.0,0.0,0.021739130434782608
35,21,55,0.5272727272727272,0.2545454545454545,0.1636363636363637
35,22,57,0.24561403508771928,0.03508771929824561,0.08771929824561403
35,23,46,0.1956521739130435,-0.4347826086956522,0.4782608695652174
35,24,48,0.3541666666666667,0.10416666666666669,0.0
35,25,81,0.04938271604938271,-0.024691358024691357,0.024691358024691357
35,26,73,0.3698630136986301,0.2191780821917808,0.0
36,0,51,0.058823529411764705,0.058823529411764705,0.4313725490196078
36,1,45,0.0,-0.044444444444444446,0.4666666666666667
36,2,51,0.09803921568627451,-0.09803921568627451,0.11764705882352942
36,3,54,0.037037037037037035,0.037037037037037035,0.037037037037037035
36,4,49,0.02040816326530612,0.02040816326530612,0.20408163265306123
36,5,53,0.16981132075471697,0.1509433962264151,0.11320754716981132
36,6,52,0.0,0.0,0.09615384615384616
36,7,58,0.22413793103448276,0.22413793103448276,0.06896551724137928
36,8,62,0.03225806451612903,-0.1935483870967742,0.1935483870967742
36,9,66,0.10606060606060606,0.09090909090909091,0.1212121212121212
36,10,71,0.014084507042253521,-0.014084507042253521,0.02816901408450704
36,11,68,0.07352941176470588,-0.01470588235294118,0.07352941176470588
36,12,54,0.07407407407407407,0.0,0.0
36,13,66,0.06060606060606061,0.015151515151515152,0.06060606060606061
36,14,60,0.05,0.01666666666666667,0.06666666666666667
36,15,54,0.3333333333333333,0.2777777777777778,0.09259259259259262
36,16,71,0.056338028169014086,0.04225352112676056,0.0
36,17,60,0.05,0.03333333333333334,0.05
36,18,66,0.6515151515151515,0.5151515151515151,0.19696969696969702
36,19,52,0.25,0.23076923076923078,0.25
36,20,92,0.021739130434782608,0.021739130434782608,0.0
36,21,55,0.05454545454545454,-0.21818181818181817,0.6363636363636364
36,22,57,0.05263157894736842,-0.15789473684210525,0.2807017543859649
36,23,46,0.17391304347826086,-0.4565217391304348,0.5
36,24,48,0.08333333333333333,-0.16666666666666669,0.27083333333333337
36,25,81,0.08641975308641975,0.012345679012345678,0.0
36,26,73,0.2328767123287671,0.0821917808219178,0.136986301369863
37,0,51,0.09803921568627451,0.09803921568627451,0.39215686274509803
37,1,45,0.044444444444444446,0.0,0.4222222222222222
37,2,51,0.0,-0.19607843137254902,0.21568627450980393
37,3,54,0.0,0.0,0.07407407407407407
37,4,49,0.12244897959183673,0.12244897959183673,0.10204081632653061
37,5,53,0.07547169811320754,0.05660377358490566,0.20754716981132076
37,6,52,0.11538461538461539,0.11538461538461539,0.0
37,7,58,0.0,0.0,0.29310344827586204
37,8,62,0.0,-0.22580645161290322,0.22580645161290322
37,9,66,0.045454545454545456,0.030303030303030304,0.18181818181818182
37,10,71,0.028169014084507043,0.0,0.01408450704225352
37,11,68,0.029411764705882353,-0.05882352941176471,0.11764705882352941
37,12,54,0.037037037037037035,-0.037037037037037035,0.037037037037037035
37,13,66,0.07575757575757576,0.030303030303030304,0.045454545454545456
37,14,60,0.05,0.01666666666666667,0.06666666666666667
37,15,54,0.4074074074074074,0.35185185185185186,0.018518518518518545
37,16,71,0.0,-0.014084507042253521,0.056338028169014086
37,17,60,0.06666666666666667,0.05,0.03333333333333334
37,18,66,0.12121212121212122,-0.015151515151515138,0.7272727272727273
37,19,52,0.0,-0.019230769230769232,0.5
37,20,92,0.0,0.0,0.021739130434782608
37,21,55,0.5636363636363636,0.2909090909090909,0.12727272727272732
37,22,57,0.3508771929824561,0.14035087719298245,0.0
37,23,46,0.1956521739130435,-0.4347826086956522,0.4782608695652174
37,24,48,0.1875,-0.0625,0.16666666666666669
37,25,81,0.04938271604938271,-0.024691358024691357,0.037037037037037035
37,26,73,0.3561643835616438,0.2054794520547945,0.0136986301369863
38,0,51,0.0392156862745098,0.0392156862745098,0.4509803921568627
38,1,45,0.0,-0.044444444444444446,0.4666666666666667
38,2,51,0.1568627450980392,-0.0392156862745098,0.05882352941176472
38,3,54,0.05555555555555555,0.05555555555555555,0.018518518518518517
38,4,49,0.0,0.0,0.22448979591836735
38,5,53,0.16981132075471697,0.1509433962264151,0.11320754716981132
38,6,52,0.019230769230769232,0.019230769230769232,0.09615384615384616
38,7,58,0.017241379310344827,0.017241379310344827,0.27586206896551724
38,8,62,0.24193548387096775,0.01612903225806453,0.0
38,9,66,0.13636363636363635,0.1212121212121212,0.09090909090909091
38,10,71,0.0,-0.028169014084507043,0.04225352112676056
38,11,68,0.07352941176470588,-0.01470588235294118,0.07352941176470588
38,12,54,0.037037037037037035,-0.037037037037037035,0.037037037037037035
38,13,66,0.06060606060606061,0.015151515151515152,0.06060606060606061
38,14,60,0.03333333333333333,0.0,0.08333333333333334
38,15,54,0.48148148148148145,0.42592592592592593,0.0
38,16,71,0.04225352112676056,0.02816901408450704,0.014084507042253523
38,17,60,0.03333333333333333,0.016666666666666666,0.06666666666666668
38,18,66,0.5606060606060606,0.4242424242424242,0.28787878787878796
38,19,52,0.19230769230769232,0.17307692307692307,0.3076923076923077
38,20,92,0.010869565217391304,0.010869565217391304,0.010869565217391304
38,21,55,0.01818181818181818,-0.2545454545454545,0.6727272727272727
38,22,57,0.08771929824561403,-0.12280701754385964,0.2631578947368421
38,23,46,0.17391304347826086,-0.4565217391304348,0.5
38,24,48,0.14583333333333334,-0.10416666666666666,0.20833333333333334
38,25,81,0.06172839506172839,-0.012345679012345678,0.024691358024691357
38,26,73,0.1643835616438356,0.0136986301369863,0.2054794520547945
39,0,51,0.058823529411764705,0.058823529411764705,0.4313725490196078
39,1,45,0.08888888888888889,0.044444444444444446,0.37777777777777777
39,2,51,0.0,-0.19607843137254902,0.21568627450980393
39,3,54,0.0,0.0,0.07407407407407407
39,4,49,0.1836734693877551,0.1836734693877551,0.040816326530612235
39,5,53,0.05660377358490566,0.03773584905660378,0.22641509433962265
39,6,52,0.11538461538461539,0.11538461538461539,0.0
39,7,58,0.0,0.0,0.29310344827586204
39,8,62,0.016129032258064516,-0.2096774193548387,0.22580645161290325
39,9,66,0.06060606060606061,0.045454545454545456,0.16666666666666666
39,10,71,0.014084507042253521,-0.014084507042253521,0.02816901408450704
39,11,68,0.029411764705882353,-0.05882352941176471,0.11764705882352941
39,12,54,0.05555555555555555,-0.018518518518518517,0.018518518518518517
39,13,66,0.07575757575757576,0.030303030303030304,0.045454545454545456
39,14,60,0.1,0.06666666666666668,0.016666666666666663
39,15,54,0.3333333333333333,0.2777777777777778,0.14814814814814814
39,16,71,0.014084507042253521,0.0,0.04225352112676056
39,17,60,0.06666666666666667,0.05,0.03333333333333334
39,18,66,0.06060606060606061,-0.07575757575757575,0.7878787878787878
39,19,52,0.038461538461538464,0.019230769230769232,0.46153846153846156
39,20,92,0.0,0.0,0.021739130434782608
39,21,55,0.5818181818181818,0.3090909090909091,0.10909090909090913
39,22,57,0.2982456140350877,0.08771929824561403,0.05263157894736842
39,23,46,0.1956521739130435,-0.4347826086956522,0.4782608695652174
39,24,48,0.125,-0.125,0.22916666666666669
39,25,81,0.06172839506172839,-0.012345679012345678,0.024691358024691357
39,26,73,0.3698630136986301,0.2191780821917808,0.0
40,0,51,0.0392156862745098,0.0392156862745098,0.4509803921568627
40,1,45,0.0,-0.044444444444444446,0.4666666666666667
40,2,51,0.13725490196078433,-0.05882352941176469,0.0784313725490196
40,3,54,0.037037037037037035,0.037037037037037035,0.037037037037037035
40,4,49,0.0,0.0,0.22448979591836735
40,5,53,0.24528301886792453,0.22641509433962265,0.037735849056603765
40,6,52,0.0,0.0,0.11538461538461539
40,7,58,0.13793103448275862,0.13793103448275862,0.15517241379310343
40,8,62,0.16129032258064516,-0.06451612903225806,0.08064516129032259
40,9,66,0.06060606060606061,0.045454545454545456,0.16666666666666666
40,10,71,0.0,-0.028169014084507043,0.04225352112676056
40,11,68,0.10294117647058823,0.014705882352941166,0.04411764705882354
40,12,54,0.0,-0.07407407407407407,0.07407407407407407
40,13,66,0.15151515151515152,0.10606060606060606,0.0
40,14,60,0.016666666666666666,-0.016666666666666666,0.1
40,15,54,0.46296296296296297,0.40740740740740744,0.01851851851851849
40,16,71,0.04225352112676056,0.02816901408450704,0.014084507042253523
40,17,60,0.13333333333333333,0.11666666666666667,0.0
40,18,66,0.2727272727272727,0.13636363636363635,0.5757575757575758
40,19,52,0.019230769230769232,0.0,0.4807692307692308
40,20,92,0.010869565217391304,0.010869565217391304,0.010869565217391304
40,21,55,0.01818181818181818,-0.2545454545454545,0.6727272727272727
40,22,57,0.03508771929824561,-0.17543859649122806,0.3157894736842105
40,23,46,0.17391304347826086,-0.4565217391304348,0.5
40,24,48,0.2708333333333333,0.020833333333333315,0.08333333333333337
40,25,81,0.024691358024691357,-0.04938271604938271,0.06172839506172839
40,26,73,0.136986301369863,-0.0136986301369863,0.2328767123287671
41,0,51,0.09803921568627451,0.09803921568627451,0.39215686274509803
41,1,45,0.1111111111111111,0.06666666666666665,0.35555555555555557
41,2,51,0.0,-0.19607843137254902,0.21568627450980393
41,3,54,0.0,0.0,0.07407407407407407
41,4,49,0.10204081632653061,0.10204081632653061,0.12244897959183673
41,5,53,0.05660377358490566,0.03773584905660378,0.22641509433962265
41,6,52,0.07692307692307693,0.07692307692307693,0.038461538461538464
41,7,58,0.0,0.0,0.29310344827586204
41,8,62,0.016129032258064516,-0.2096774193548387,0.22580645161290325
41,9,66,0.0,-0.015151515151515152,0.22727272727272727
41,10,71,0.0,-0.028169014084507043,0.04225352112676056
41,11,68,0.014705882352941176,-0.07352941176470588,0.1323529411764706
41,12,54,0.037037037037037035,-0.037037037037037035,0.037037037037037035
41,13,66,0.015151515151515152,-0.030303030303030304,0.13636363636363635
41,14,60,0.03333333333333333,0.0,0.08333333333333334
41,15,54,0.07407407407407407,0.018518518518518517,0.4074074074074074
41,16,71,0.014084507042253521,0.0,0.04225352112676056
41,17,60,0.0,-0.016666666666666666,0.13333333333333333
41,18,66,0.0,-0.13636363636363635,0.8484848484848485
41,19,52,0.057692307692307696,0.038461538461538464,0.4423076923076923
41,20,92,0.0,0.0,0.021739130434782608
41,21,55,0.6727272727272727,0.4,0.018181818181818188
41,22,57,0.17543859649122806,-0.03508771929824561,0.17543859649122806
41,23,46,0.13043478260869565,-0.5,0.5434782608695652
41,24,48,0.08333333333333333,-0.16666666666666669,0.27083333333333337
41,25,81,0.09876543209876543,0.024691358024691357,0.0
41,26,73,0.3972602739726027,0.2465753424657534,0.0
42,0,51,0.0196078431372549,0.0196078431372549,0.47058823529411764
42,1,45,0.0,-0.044444444444444446,0.4666666666666667
42,2,51,0.0784313725490196,-0.11764705882352941,0.13725490196078433
42,3,54,0.018518518518518517,0.018518518518518517,0.05555555555555555
42,4,49,0.0,0.0,0.22448979591836735
42,5,53,0.2641509433962264,0.24528301886792453,0.018867924528301883
42,6,52,0.0,0.0,0.11538461538461539
42,7,58,0.39655172413793105,0.39655172413793105,0.0
42,8,62,0.03225806451612903,-0.1935483870967742,0.20967741935483872
42,9,66,0.15151515151515152,0.13636363636363635,0.07575757575757575
42,10,71,0.0,-0.028169014084507043,0.04225352112676056
42,11,68,0.11764705882352941,0.029411764705882346,0.02941176470588236
42,12,54,0.018518518518518517,-0.05555555555555555,0.05555555555555555
42,13,66,0.15151515151515152,0.10606060606060606,0.0
42,14,60,0.05,0.01666666666666667,0.06666666666666667
42,15,54,0.3333333333333333,0.2777777777777778,0.14814814814814814
42,16,71,0.014084507042253521,0.0,0.04225352112676056
42,17,60,0.1,0.08333333333333334,0.033333333333333326
42,18,66,0.15151515151515152,0.015151515151515166,0.696969696969697
42,19,52,0.0,-0.019230769230769232,0.5
42,20,92,0.010869565217391304,0.010869565217391304,0.010869565217391304
42,21,55,0.05454545454545454,-0.21818181818181817,0.6363636363636364
42,22,57,0.03508771929824561,-0.17543859649122806,0.3157894736842105
42,23,46,0.17391304347826086,-0.4565217391304348,0.5
42,24,48,0.25,0.0,0.10416666666666669
42,25,81,0.06172839506172839,-0.012345679012345678,0.037037037037037035
42,26,73,0.1780821917808219,0.0273972602739726,0.2191780821917808
43,0,51,0.09803921568627451,0.09803921568627451,0.39215686274509803
43,1,45,0.13333333333333333,0.08888888888888888,0.33333333333333337
43,2,51,0.0,-0.19607843137254902,0.21568627450980393
43,3,54,0.0,0.0,0.07407407407407407
43,4,49,0.08163265306122448,0.08163265306122448,0.14285714285714285
43,5,53,0.05660377358490566,0.03773584905660378,0.22641509433962265
43,6,52,0.11538461538461539,0.11538461538461539,0.0
43,7,58,0.0,0.0,0.39655172413793105
43,8,62,0.04838709677419355,-0.1774193548387097,0.1935483870967742
43,9,66,0.0,-0.015151515151515152,0.22727272727272727
43,10,71,0.0,-0.028169014084507043,0.04225352112676056
43,11,68,0.0,-0.08823529411764706,0.14705882352941177
43,12,54,0.07407407407407407,0.0,0.0
43,13,66,0.0,-0.045454545454545456,0.15151515151515152
43,14,60,0.0,-0.03333333333333333,0.11666666666666667
43,15,54,0.07407407407407407,0.018518518518518517,0.4074074074074074
43,16,71,0.014084507042253521,0.0,0.04225352112676056
43,17,60,0.0,-0.016666666666666666,0.13333333333333333
43,18,66,0.0,-0.13636363636363635,0.8484848484848485
43,19,52,0.038461538461538464,0.019230769230769232,0.46153846153846156
43,20,92,0.0,0.0,0.021739130434782608
43,21,55,0.6363636363636364,0.36363636363636365,0.054545454545454564
43,22,57,0.19298245614035087,-0.017543859649122806,0.15789473684210525
43,23,46,0.15217391304347827,-0.4782608695652174,0.5217391304347826
43,24,48,0.125,-0.125,0.22916666666666669
43,25,81,0.09876543209876543,0.024691358024691357,0.0
43,26,73,0.3835616438356164,0.2328767123287671,0.0136986301369863
44,0,51,0.0,0.0,0.49019607843137253
44,1,45,0.0,-0.044444444444444446,0.4666666666666667
44,2,51,0.0196078431372549,-0.1764705882352941,0.19607843137254904
44,3,54,0.018518518518518517,0.018518518518518517,0.05555555555555555
44,4,49,0.0,0.0,0.22448979591836735
44,5,53,0.20754716981132076,0.18867924528301888,0.07547169811320753
44,6,52,0.0,0.0,0.11538461538461539
44,7,58,0.41379310344827586,0.41379310344827586,0.0
44,8,62,0.0967741935483871,-0.12903225806451613,0.14516129032258066
44,9,66,0.12121212121212122,0.10606060606060606,0.10606060606060605
44,10,71,0.0,-0.028169014084507043,0.04225352112676056
44,11,68,0.16176470588235295,0.07352941176470588,0.0
44,12,54,0.037037037037037035,-0.037037037037037035,0.037037037037037035
44,13,66,0.12121212121212122,0.07575757575757576,0.030303030303030304
44,14,60,0.13333333333333333,0.1,0.0
44,15,54,0.35185185185185186,0.2962962962962963,0.1296296296296296
44,16,71,0.014084507042253521,0.0,0.04225352112676056
44,17,60,0.13333333333333333,0.11666666666666667,0.0
44,18,66,0.13636363636363635,0.0,0.7121212121212122
44,19,52,0.019230769230769232,0.0,0.4807692307692308
44,20,92,0.010869565217391304,0.010869565217391304,0.010869565217391304
44,21,55,0.0,-0.2727272727272727,0.6909090909090909
44,22,57,0.07017543859649122,-0.14035087719298245,0.2807017543859649
44,23,46,0.15217391304347827,-0.4782608695652174,0.5217391304347826
44,24,48,0.22916666666666666,-0.020833333333333343,0.12500000000000003
44,25,81,0.04938271604938271,-0.024691358024691357,0.04938271604938271
44,26,73,0.1506849315068493,0.0,0.2465753424657534
45,0,51,0.11764705882352941,0.11764705882352941,0.37254901960784315
45,1,45,0.15555555555555556,0.1111111111111111,0.3111111111111111
45,2,51,0.0,-0.19607843137254902,0.21568627450980393
45,3,54,0.0,0.0,0.07407407407407407
45,4,49,0.14285714285714285,0.14285714285714285,0.0816326530612245
45,5,53,0.18867924528301888,0.169811320754717,0.09433962264150941
45,6,52,0.15384615384615385,0.15384615384615385,0.0
45,7,58,0.0,0.0,0.41379310344827586
45,8,62,0.08064516129032258,-0.14516129032258063,0.16129032258064518
45,9,66,0.045454545454545456,0.030303030303030304,0.18181818181818182
45,10,71,0.0,-0.028169014084507043,0.04225352112676056
45,11,68,0.0,-0.08823529411764706,0.16176470588235295
45,12,54,0.12962962962962962,0.05555555555555555,0.0
45,13,66,0.0,-0.045454545454545456,0.15151515151515152
45,14,60,0.0,-0.03333333333333333,0.13333333333333333
45,15,54,0.07407407407407407,0.018518518518518517,0.4074074074074074
45,16,71,0.04225352112676056,0.02816901408450704,0.014084507042253523
45,17,60,0.016666666666666666,0.0,0.11666666666666667
45,18,66,0.0,-0.13636363636363635,0.8484848484848485
45,19,52,0.09615384615384616,0.07692307692307693,0.40384615384615385
45,20,92,0.0,0.0,0.021739130434782608
45,21,55,0.6545454545454545,0.38181818181818183,0.036363636363636376
45,22,57,0.15789473684210525,-0.05263157894736842,0.19298245614035087
45,23,46,0.08695652173913043,-0.5434782608695652,0.5869565217391304
45,24,48,0.08333333333333333,-0.16666666666666669,0.27083333333333337
45,25,81,0.09876543209876543,0.024691358024691357,0.0
45,26,73,0.3835616438356164,0.2328767123287671,0.0136986301369863
46,0,51,0.0,0.0,0.49019607843137253
46,1,45,0.0,-0.044444444444444446,0.4666666666666667
46,2,51,0.0,-0.19607843137254902,0.21568627450980393
46,3,54,0.018518518518518517,0.018518518518518517,0.05555555555555555
46,4,49,0.0,0.0,0.22448979591836735
46,5,53,0.3018867924528302,0.2830188679245283,0.0
46,6,52,0.0,0.0,0.15384615384615385
46,7,58,0.25862068965517243,0.25862068965517243,0.15517241379310343
46,8,62,0.1935483870967742,-0.03225806451612903,0.04838709677419356
46,9,66,0.09090909090909091,0.07575757575757576,0.13636363636363635
46,10,71,0.0,-0.028169014084507043,0.04225352112676056
46,11,68,0.10294117647058823,0.014705882352941166,0.05882352941176472
46,12,54,0.12962962962962962,0.05555555555555555,0.0
46,13,66,0.09090909090909091,0.045454545454545456,0.06060606060606061
46,14,60,0.03333333333333333,0.0,0.1
46,15,54,0.3333333333333333,0.2777777777777778,0.14814814814814814
46,16,71,0.014084507042253521,0.0,0.04225352112676056
46,17,60,0.1,0.08333333333333334,0.033333333333333326
46,18,66,0.5757575757575758,0.43939393939393945,0.2727272727272727
46,19,52,0.019230769230769232,0.0,0.4807692307692308
46,20,92,0.010869565217391304,0.010869565217391304,0.010869565217391304
46,21,55,0.0,-0.2727272727272727,0.6909090909090909
46,22,57,0.10526315789473684,-0.10526315789473684,0.24561403508771928
46,23,46,0.15217391304347827,-0.4782608695652174,0.5217391304347826
46,24,48,0.2916666666666667,0.041666666666666685,0.0625
46,25,81,0.07407407407407407,0.0,0.024691358024691357
46,26,73,0.2876712328767123,0.136986301369863,0.1095890410958904
47,0,51,0.11764705882352941,0.11764705882352941,0.37254901960784315
47,1,45,0.15555555555555556,0.1111111111111111,0.3111111111111111
47,2,51,0.0196078431372549,-0.1764705882352941,0.19607843137254904
47,3,54,0.0,0.0,0.07407407407407407
47,4,49,0.10204081632653061,0.10204081632653061,0.12244897959183673
47,5,53,0.18867924528301888,0.169811320754717,0.1132075471698113
47,6,52,0.038461538461538464,0.038461538461538464,0.11538461538461539
47,7,58,0.0,0.0,0.41379310344827586
47,8,62,0.0967741935483871,-0.12903225806451613,0.14516129032258066
47,9,66,0.09090909090909091,0.07575757575757576,0.13636363636363635
47,10,71,0.014084507042253521,-0.014084507042253521,0.02816901408450704
47,11,68,0.0,-0.08823529411764706,0.16176470588235295
47,12,54,0.05555555555555555,-0.018518518518518517,0.07407407407407407
47,13,66,0.0,-0.045454545454545456,0.15151515151515152
47,14,60,0.0,-0.03333333333333333,0.13333333333333333
47,15,54,0.05555555555555555,0.0,0.42592592592592593
47,16,71,0.04225352112676056,0.02816901408450704,0.014084507042253523
47,17,60,0.016666666666666666,0.0,0.11666666666666667
47,18,66,0.06060606060606061,-0.07575757575757575,0.7878787878787878
47,19,52,0.057692307692307696,0.038461538461538464,0.4423076923076923
47,20,92,0.0,0.0,0.021739130434782608
47,21,55,0.6545454545454545,0.38181818181818183,0.036363636363636376
47,22,57,0.14035087719298245,-0.07017543859649122,0.21052631578947367
47,23,46,0.1956521739130435,-0.4347826086956522,0.4782608695652174
47,24,48,0.14583333333333334,-0.10416666666666666,0.20833333333333334
47,25,81,0.08641975308641975,0.012345679012345678,0.012345679012345678
47,26,73,0.3561643835616438,0.2054794520547945,0.0410958904109589
48,0,51,0.0,0.0,0.49019607843137253
48,1,45,0.0,-0.044444444444444446,0.4666666666666667
48,2,51,0.0,-0.19607843137254902,0.21568627450980393
48,3,54,0.037037037037037035,0.037037037037037035,0.037037037037037035
48,4,49,0.0,0.0,0.22448979591836735
48,5,53,0.16981132075471697,0.1509433962264151,0.1320754716981132
48,6,52,0.0,0.0,0.15384615384615385
48,7,58,0.39655172413793105,0.39655172413793105,0.017241379310344807
48,8,62,0.06451612903225806,-0.16129032258064516,0.1774193548387097
48,9,66,0.24242424242424243,0.2272727272727273,0.0
48,10,71,0.0,-0.028169014084507043,0.04225352112676056
48,11,68,0.1323529411764706,0.044117647058823525,0.02941176470588236
48,12,54,0.07407407407407407,0.0,0.05555555555555555
48,13,66,0.19696969696969696,0.1515151515151515,0.0
48,14,60,0.1,0.06666666666666668,0.033333333333333326
48,15,54,0.46296296296296297,0.40740740740740744,0.01851851851851849
48,16,71,0.028169014084507043,0.014084507042253521,0.028169014084507043
48,17,60,0.13333333333333333,0.11666666666666667,0.0
48,18,66,0.045454545454545456,-0.0909090909090909,0.8030303030303031
48,19,52,0.0,-0.019230769230769232,0.5
48,20,92,0.021739130434782608,0.021739130434782608,0.0
48,21,55,0.0,-0.2727272727272727,0.6909090909090909
48,22,57,0.24561403508771928,0.03508771929824561,0.10526315789473684
48,23,46,0.13043478260869565,-0.5,0.5434782608695652
48,24,48,0.2916666666666667,0.041666666666666685,0.0625
48,25,81,0.09876543209876543,0.024691358024691357,0.0
48,26,73,0.3150684931506849,0.1643835616438356,0.0821917808219178
49,0,51,0.13725490196078433,0.13725490196078433,0.3529411764705882
49,1,45,0.13333333333333333,0.08888888888888888,0.33333333333333337
49,2,51,0.0196078431372549,-0.1764705882352941,0.19607843137254904
49,3,54,0.0,0.0,0.07407407407407407
49,4,49,0.14285714285714285,0.14285714285714285,0.0816326530612245
49,5,53,0.3018867924528302,0.2830188679245283,0.0
49,6,52,0.0,0.0,0.15384615384615385
49,7,58,0.017241379310344827,0.017241379310344827,0.39655172413793105
49,8,62,0.0967741935483871,-0.12903225806451613,0.14516129032258066
49,9,66,0.09090909090909091,0.07575757575757576,0.15151515151515152
49,10,71,0.014084507042253521,-0.014084507042253521,0.02816901408450704
49,11,68,0.0,-0.08823529411764706,0.16176470588235295
49,12,54,0.1111111111111111,0.037037037037037035,0.018518518518518517
49,13,66,0.0,-0.045454545454545456,0.19696969696969696
49,14,60,0.0,-0.03333333333333333,0.13333333333333333
49,15,54,0.05555555555555555,0.0,0.42592592592592593
49,16,71,0.04225352112676056,0.02816901408450704,0.014084507042253523
49,17,60,0.03333333333333333,0.016666666666666666,0.1
49,18,66,0.015151515151515152,-0.1212121212121212,0.8333333333333334
49,19,52,0.057692307692307696,0.038461538461538464,0.4423076923076923
49,20,92,0.0,0.0,0.021739130434782608
49,21,55,0.6363636363636364,0.36363636363636365,0.054545454545454564
49,22,57,0.14035087719298245,-0.07017543859649122,0.21052631578947367
49,23,46,0.10869565217391304,-0.5217391304347826,0.5652173913043478
49,24,48,0.1875,-0.0625,0.16666666666666669
49,25,81,0.1111111111111111,0.037037037037037035,0.0
49,26,73,0.3835616438356164,0.2328767123287671,0.0136986301369863
50,0,51,0.0,0.0,0.49019607843137253
50,1,45,0.0,-0.044444444444444446,0.4666666666666667
50,2,51,0.0392156862745098,-0.1568627450980392,0.17647058823529413
50,3,54,0.037037037037037035,0.037037037037037035,0.037037037037037035
50,4,49,0.0,0.0,0.22448979591836735
50,5,53,0.24528301886792453,0.22641509433962265,0.05660377358490565
50,6,52,0.0,0.0,0.15384615384615385
50,7,58,0.3793103448275862,0.3793103448275862,0.03448275862068967
50,8,62,0.12903225806451613,-0.0967741935483871,0.11290322580645162
50,9,66,0.2878787878787879,0.27272727272727276,0.0
50,10,71,0.014084507042253521,-0.014084507042253521,0.02816901408450704
50,11,68,0.1323529411764706,0.044117647058823525,0.02941176470588236
50,12,54,0.1111111111111111,0.037037037037037035,0.018518518518518517
50,13,66,0.12121212121212122,0.07575757575757576,0.07575757575757575
50,14,60,0.1,0.06666666666666668,0.033333333333333326
50,15,54,0.35185185185185186,0.2962962962962963,0.1296296296296296
50,16,71,0.014084507042253521,0.0,0.04225352112676056
50,17,60,0.05,0.03333333333333334,0.08333333333333333
50,18,66,0.09090909090909091,-0.04545454545454544,0.7575757575757576
50,19,52,0.019230769230769232,0.0,0.4807692307692308
50,20,92,0.021739130434782608,0.021739130434782608,0.0
50,21,55,0.01818181818181818,-0.2545454545454545,0.6727272727272727
50,22,57,0.3684210526315789,0.15789473684210525,0.0
50,23,46,0.34782608695652173,-0.28260869565217395,0.32608695652173914
50,24,48,0.3125,0.0625,0.041666666666666685
50,25,81,0.08641975308641975,0.012345679012345678,0.024691358024691357
50,26,73,0.2328767123287671,0.0821917808219178,0.1643835616438356
51,0,51,0.21568627450980393,0.21568627450980393,0.2745098039215686
51,1,45,0.17777777777777778,0.13333333333333333,0.28888888888888886
51,2,51,0.0392156862745098,-0.1568627450980392,0.17647058823529413
51,3,54,0.0,0.0,0.07407407407407407
51,4,49,0.10204081632653061,0.10204081632653061,0.12244897959183673
51,5,53,0.22641509433962265,0.20754716981132076,0.07547169811320753
51,6,52,0.0,0.0,0.15384615384615385
51,7,58,0.0,0.0,0.41379310344827586
51,8,62,0.08064516129032258,-0.14516129032258063,0.16129032258064518
51,9,66,0.12121212121212122,0.10606060606060606,0.16666666666666669
51,10,71,0.0,-0.028169014084507043,0.04225352112676056
51,11,68,0.0,-0.08823529411764706,0.16176470588235295
51,12,54,0.09259259259259259,0.018518518518518517,0.037037037037037035
51,13,66,0.0,-0.045454545454545456,0.19696969696969696
51,14,60,0.0,-0.03333333333333333,0.13333333333333333
51,15,54,0.07407407407407407,0.018518518518518517,0.4074074074074074
51,16,71,0.07042253521126761,0.056338028169014086,0.0
51,17,60,0.0,-0.016666666666666666,0.13333333333333333
51,18,66,0.045454545454545456,-0.0909090909090909,0.8030303030303031
51,19,52,0.09615384615384616,0.07692307692307693,0.40384615384615385
51,20,92,0.0,0.0,0.021739130434782608
51,21,55,0.6,0.32727272727272727,0.09090909090909094
51,22,57,0.12280701754385964,-0.08771929824561403,0.24561403508771928
51,23,46,0.10869565217391304,-0.5217391304347826,0.5652173913043478
51,24,48,0.14583333333333334,-0.10416666666666666,0.20833333333333334
51,25,81,0.19753086419753085,0.12345679012345678,0.0
51,26,73,0.3424657534246575,0.1917808219178082,0.0547945205479452
52,0,51,0.0,0.0,0.49019607843137253
52,1,45,0.0,-0.044444444444444446,0.4666666666666667
52,2,51,0.0,-0.19607843137254902,0.21568627450980393
52,3,54,0.018518518518518517,0.018518518518518517,0.05555555555555555
52,4,49,0.0,0.0,0.22448979591836735
52,5,53,0.2830188679245283,0.2641509433962264,0.018867924528301883
52,6,52,0.0,0.0,0.15384615384615385
52,7,58,0.20689655172413793,0.20689655172413793,0.20689655172413793
52,8,62,0.08064516129032258,-0.14516129032258063,0.16129032258064518
52,9,66,0.09090909090909091,0.07575757575757576,0.196969696969697
52,10,71,0.0,-0.028169014084507043,0.04225352112676056
52,11,68,0.14705882352941177,0.058823529411764705,0.01470588235294118
52,12,54,0.07407407407407407,0.0,0.05555555555555555
52,13,66,0.16666666666666666,0.1212121212121212,0.030303030303030304
52,14,60,0.11666666666666667,0.08333333333333334,0.016666666666666663
52,15,54,0.24074074074074073,0.18518518518518517,0.24074074074074073
52,16,71,0.028169014084507043,0.014084507042253521,0.04225352112676056
52,17,60,0.016666666666666666,0.0,0.11666666666666667
52,18,66,0.30303030303030304,0.16666666666666669,0.5454545454545454
52,19,52,0.038461538461538464,0.019230769230769232,0.46153846153846156
52,20,92,0.021739130434782608,0.021739130434782608,0.0
52,21,55,0.01818181818181818,-0.2545454545454545,0.6727272727272727
52,22,57,0.5087719298245614,0.29824561403508776,0.0
52,23,46,0.41304347826086957,-0.2173913043478261,0.2608695652173913
52,24,48,0.3125,0.0625,0.041666666666666685
52,25,81,0.08641975308641975,0.012345679012345678,0.1111111111111111
52,26,73,0.2328767123287671,0.0821917808219178,0.1643835616438356
53,0,51,0.3333333333333333,0.3333333333333333,0.1568627450980392
53,1,45,0.1111111111111111,0.06666666666666665,0.35555555555555557
53,2,51,0.0196078431372549,-0.1764705882352941,0.19607843137254904
53,3,54,0.018518518518518517,0.018518518518518517,0.05555555555555555
53,4,49,0.12244897959183673,0.12244897959183673,0.10204081632653061
53,5,53,0.3018867924528302,0.2830188679245283,0.0
53,6,52,0.019230769230769232,0.019230769230769232,0.13461538461538464
53,7,58,0.0,0.0,0.41379310344827586
53,8,62,0.14516129032258066,-0.08064516129032256,0.0967741935483871
53,9,66,0.12121212121212122,0.10606060606060606,0.16666666666666669
53,10,71,0.014084507042253521,-0.014084507042253521,0.02816901408450704
53,11,68,0.0,-0.08823529411764706,0.16176470588235295
53,12,54,0.2037037037037037,0.12962962962962962,0.0
53,13,66,0.0,-0.045454545454545456,0.19696969696969696
53,14,60,0.0,-0.03333333333333333,0.13333333333333333
53,15,54,0.05555555555555555,0.0,0.42592592592592593
53,16,71,0.04225352112676056,0.02816901408450704,0.028169014084507046
53,17,60,0.0,-0.016666666666666666,0.13333333333333333
53,18,66,0.25757575757575757,0.12121212121212122,0.5909090909090909
53,19,52,0.057692307692307696,0.038461538461538464,0.4423076923076923
53,20,92,0.0,0.0,0.021739130434782608
53,21,55,0.34545454545454546,0.07272727272727275,0.34545454545454546
53,22,57,0.05263157894736842,-0.15789473684210525,0.456140350877193
53,23,46,0.021739130434782608,-0.6086956521739131,0.6521739130434783
53,24,48,0.2916666666666667,0.041666666666666685,0.0625
53,25,81,0.13580246913580246,0.06172839506172839,0.06172839506172839
53,26,73,0.1232876712328767,-0.0273972602739726,0.273972602739726
54,0,51,0.0,0.0,0.49019607843137253
54,1,45,0.0,-0.044444444444444446,0.4666666666666667
54,2,51,0.0196078431372549,-0.1764705882352941,0.19607843137254904
54,3,54,0.018518518518518517,0.018518518518518517,0.05555555555555555
54,4,49,0.0,0.0,0.22448979591836735
54,5,53,0.18867924528301888,0.169811320754717,0.1132075471698113
54,6,52,0.019230769230769232,0.019230769230769232,0.13461538461538464
54,7,58,0.2413793103448276,0.2413793103448276,0.17241379310344826
54,8,62,0.14516129032258066,-0.08064516129032256,0.0967741935483871
54,9,66,0.07575757575757576,0.06060606060606061,0.21212121212121215
54,10,71,0.0,-0.028169014084507043,0.04225352112676056
54,11,68,0.16176470588235295,0.07352941176470588,0.0
54,12,54,0.1111111111111111,0.037037037037037035,0.09259259259259259
54,13,66,0.13636363636363635,0.0909090909090909,0.06060606060606061
54,14,60,0.11666666666666667,0.08333333333333334,0.016666666666666663
54,15,54,0.3888888888888889,0.33333333333333337,0.09259259259259256
54,16,71,0.014084507042253521,0.0,0.056338028169014086
54,17,60,0.016666666666666666,0.0,0.11666666666666667
54,18,66,0.4696969696969697,0.33333333333333337,0.3787878787878788
54,19,52,0.038461538461538464,0.019230769230769232,0.46153846153846156
54,20,92,0.010869565217391304,0.010869565217391304,0.010869565217391304
54,21,55,0.01818181818181818,-0.2545454545454545,0.6727272727272727
54,22,57,0.43859649122807015,0.22807017543859648,0.07017543859649128
54,23,46,0.3695652173913043,-0.26086956521739135,0.30434782608695654
54,24,48,0.2708333333333333,0.020833333333333315,0.08333333333333337
54,25,81,0.09876543209876543,0.024691358024691357,0.09876543209876543
54,26,73,0.273972602739726,0.1232876712328767,0.1232876712328767
55,0,51,0.29411764705882354,0.29411764705882354,0.196078431372549
55,1,45,0.15555555555555556,0.1111111111111111,0.3111111111111111
55,2,51,0.0,-0.19607843137254902,0.21568627450980393
55,3,54,0.0,0.0,0.07407407407407407
55,4,49,0.1836734693877551,0.1836734693877551,0.040816326530612235
55,5,53,0.3018867924528302,0.2830188679245283,0.0
55,6,52,0.0,0.0,0.15384615384615385
55,7,58,0.0,0.0,0.41379310344827586
55,8,62,0.0967741935483871,-0.12903225806451613,0.14516129032258066
55,9,66,0.10606060606060606,0.09090909090909091,0.18181818181818182
55,10,71,0.0,-0.028169014084507043,0.04225352112676056
55,11,68,0.0,-0.08823529411764706,0.16176470588235295
55,12,54,0.18518518518518517,0.1111111111111111,0.018518518518518517
55,13,66,0.0,-0.045454545454545456,0.19696969696969696
55,14,60,0.0,-0.03333333333333333,0.13333333333333333
55,15,54,0.037037037037037035,-0.018518518518518517,0.4444444444444444
55,16,71,0.056338028169014086,0.04225352112676056,0.014084507042253523
55,17,60,0.016666666666666666,0.0,0.11666666666666667
55,18,66,0.09090909090909091,-0.04545454545454544,0.7575757575757576
55,19,52,0.057692307692307696,0.038461538461538464,0.4423076923076923
55,20,92,0.0,0.0,0.021739130434782608
55,21,55,0.38181818181818183,0.10909090909090913,0.3090909090909091
55,22,57,0.07017543859649122,-0.14035087719298245,0.4385964912280702
55,23,46,0.06521739130434782,-0.5652173913043479,0.6086956521739131
55,24,48,0.2916666666666667,0.041666666666666685,0.0625
55,25,81,0.14814814814814814,0.07407407407407407,0.04938271604938271
55,26,73,0.3013698630136986,0.1506849315068493,0.0958904109589041
56,0,51,0.0,0.0,0.49019607843137253
56,1,45,0.0,-0.044444444444444446,0.4666666666666667
56,2,51,0.0196078431372549,-0.1764705882352941,0.19607843137254904
56,3,54,0.0,0.0,0.07407407407407407
56,4,49,0.0,0.0,0.22448979591836735
56,5,53,0.11320754716981132,0.09433962264150944,0.18867924528301885
56,6,52,0.0,0.0,0.15384615384615385
56,7,58,0.3448275862068966,0.3448275862068966,0.06896551724137928
56,8,62,0.11290322580645161,-0.11290322580645161,0.12903225806451613
56,9,66,0.030303030303030304,0.015151515151515152,0.25757575757575757
56,10,71,0.014084507042253521,-0.014084507042253521,0.02816901408450704
56,11,68,0.19117647058823528,0.10294117647058822,0.0
56,12,54,0.07407407407407407,0.0,0.12962962962962962
56,13,66,0.13636363636363635,0.0909090909090909,0.06060606060606061
56,14,60,0.15,0.11666666666666667,0.0
56,15,54,0.42592592592592593,0.37037037037037035,0.055555555555555525
56,16,71,0.014084507042253521,0.0,0.056338028169014086
56,17,60,0.05,0.03333333333333334,0.08333333333333333
56,18,66,0.13636363636363635,0.0,0.7121212121212122
56,19,52,0.019230769230769232,0.0,0.4807692307692308
56,20,92,0.0,0.0,0.021739130434782608
56,21,55,0.01818181818181818,-0.2545454545454545,0.6727272727272727
56,22,57,0.43859649122807015,0.22807017543859648,0.07017543859649128
56,23,46,0.391304347826087,-0.2391304347826087,0.2826086956521739
56,24,48,0.2708333333333333,0.020833333333333315,0.08333333333333337
56,25,81,0.1111111111111111,0.037037037037037035,0.08641975308641975
56,26,73,0.2191780821917808,0.0684931506849315,0.1780821917808219
57,0,51,0.35294117647058826,0.35294117647058826,0.13725490196078427
57,1,45,0.24444444444444444,0.19999999999999998,0.22222222222222224
57,2,51,0.0392156862745098,-0.1568627450980392,0.17647058823529413
57,3,54,0.0,0.0,0.07407407407407407
57,4,49,0.10204081632653061,0.10204081632653061,0.12244897959183673
57,5,53,0.2830188679245283,0.2641509433962264,0.018867924528301883
57,6,52,0.0,0.0,0.15384615384615385
57,7,58,0.0,0.0,0.41379310344827586
57,8,62,0.0967741935483871,-0.12903225806451613,0.14516129032258066
57,9,66,0.12121212121212122,0.10606060606060606,0.16666666666666669
57,10,71,0.0,-0.028169014084507043,0.04225352112676056
57,11,68,0.0,-0.08823529411764706,0.19117647058823528
57,12,54,0.05555555555555555,-0.018518518518518517,0.14814814814814814
57,13,66,0.0,-0.045454545454545456,0.19696969696969696
57,14,60,0.0,-0.03333333333333333,0.15
57,15,54,0.018518518518518517,-0.037037037037037035,0.4629629629629629
57,16,71,0.09859154929577464,0.08450704225352113,0.0
57,17,60,0.03333333333333333,0.016666666666666666,0.1
57,18,66,0.030303030303030304,-0.10606060606060605,0.8181818181818182
57,19,52,0.09615384615384616,0.07692307692307693,0.40384615384615385
57,20,92,0.0,0.0,0.021739130434782608
57,21,55,0.2,-0.0727272727272727,0.4909090909090909
57,22,57,0.03508771929824561,-0.17543859649122806,0.4736842105263158
57,23,46,0.043478260869565216,-0.5869565217391305,0.6304347826086957
57,24,48,0.16666666666666666,-0.08333333333333334,0.18750000000000003
57,25,81,0.1111111111111111,0.037037037037037035,0.08641975308641975
57,26,73,0.1780821917808219,0.0273972602739726,0.2191780821917808
58,0,51,0.0196078431372549,0.0196078431372549,0.47058823529411764
58,1,45,0.0,-0.044444444444444446,0.4666666666666667
58,2,51,0.0196078431372549,-0.1764705882352941,0.19607843137254904
58,3,54,0.0,0.0,0.07407407407407407
58,4,49,0.0,0.0,0.22448979591836735
58,5,53,0.09433962264150944,0.07547169811320756,0.20754716981132074
58,6,52,0.0,0.0,0.15384615384615385
58,7,58,0.3448275862068966,0.3448275862068966,0.06896551724137928
58,8,62,0.06451612903225806,-0.16129032258064516,0.1774193548387097
58,9,66,0.030303030303030304,0.015151515151515152,0.25757575757575757
58,10,71,0.028169014084507043,0.0,0.01408450704225352
58,11,68,0.10294117647058823,0.014705882352941166,0.08823529411764705
58,12,54,0.09259259259259259,0.018518518518518517,0.1111111111111111
58,13,66,0.21212121212121213,0.16666666666666669,0.0
58,14,60,0.18333333333333332,0.15,0.0
58,15,54,0.3148148148148148,0.2592592592592593,0.16666666666666663
58,16,71,0.0,-0.014084507042253521,0.09859154929577464
58,17,60,0.08333333333333333,0.06666666666666667,0.05
58,18,66,0.045454545454545456,-0.0909090909090909,0.8030303030303031
58,19,52,0.038461538461538464,0.019230769230769232,0.46153846153846156
58,20,92,0.0,0.0,0.021739130434782608
58,21,55,0.09090909090909091,-0.1818181818181818,0.6
58,22,57,0.49122807017543857,0.2807017543859649,0.01754385964912286
58,23,46,0.2826086956521739,-0.3478260869565218,0.391304347826087
58,24,48,0.2916666666666667,0.041666666666666685,0.0625
58,25,81,0.16049382716049382,0.08641975308641975,0.037037037037037035
58,26,73,0.3150684931506849,0.1643835616438356,0.0821917808219178
59,0,51,0.35294117647058826,0.35294117647058826,0.13725490196078427
59,1,45,0.2,0.15555555555555556,0.26666666666666666
59,2,51,0.0196078431372549,-0.1764705882352941,0.19607843137254904
59,3,54,0.0,0.0,0.07407407407407407
59,4,49,0.061224489795918366,0.061224489795918366,0.163265306122449
59,5,53,0.22641509433962265,0.20754716981132076,0.07547169811320753
59,6,52,0.0,0.0,0.15384615384615385
59,7,58,0.0,0.0,0.41379310344827586
59,8,62,0.0967741935483871,-0.12903225806451613,0.14516129032258066
59,9,66,0.16666666666666666,0.1515151515151515,0.12121212121212124
59,10,71,0.0,-0.028169014084507043,0.04225352112676056
59,11,68,0.0,-0.08823529411764706,0.19117647058823528
59,12,54,0.07407407407407407,0.0,0.12962962962962962
59,13,66,0.0,-0.045454545454545456,0.21212121212121213
59,14,60,0.0,-0.03333333333333333,0.18333333333333332
59,15,54,0.018518518518518517,-0.037037037037037035,0.4629629629629629
59,16,71,0.07042253521126761,0.056338028169014086,0.028169014084507032
59,17,60,0.03333333333333333,0.016666666666666666,0.1
59,18,66,0.19696969696969696,0.06060606060606061,0.6515151515151516
59,19,52,0.25,0.23076923076923078,0.25
59,20,92,0.0,0.0,0.021739130434782608
59,21,55,0.18181818181818182,-0.09090909090909088,0.509090909090909
59,22,57,0.05263157894736842,-0.15789473684210525,0.456140350877193
59,23,46,0.10869565217391304,-0.5217391304347826,0.5652173913043478
59,24,48,0.14583333333333334,-0.10416666666666666,0.20833333333333334
59,25,81,0.09876543209876543,0.024691358024691357,0.09876543209876543
59,26,73,0.2876712328767123,0.136986301369863,0.1095890410958904
60,0,51,0.0196078431372549,0.0196078431372549,0.47058823529411764
60,1,45,0.0,-0.044444444444444446,0.4666666666666667
60,2,51,0.0,-0.19607843137254902,0.21568627450980393
60,3,54,0.018518518518518517,0.018518518518518517,0.05555555555555555
60,4,49,0.02040816326530612,0.02040816326530612,0.20408163265306123
60,5,53,0.16981132075471697,0.1509433962264151,0.1320754716981132
60,6,52,0.0,0.0,0.15384615384615385
60,7,58,0.27586206896551724,0.27586206896551724,0.13793103448275862
60,8,62,0.11290322580645161,-0.11290322580645161,0.12903225806451613
60,9,66,0.045454545454545456,0.030303030303030304,0.24242424242424243
60,10,71,0.014084507042253521,-0.014084507042253521,0.02816901408450704
60,11,68,0.14705882352941177,0.058823529411764705,0.04411764705882351
60,12,54,0.09259259259259259,0.018518518518518517,0.1111111111111111
60,13,66,0.19696969696969696,0.1515151515151515,0.015151515151515166
60,14,60,0.18333333333333332,0.15,0.0
60,15,54,0.4074074074074074,0.35185185185185186,0.07407407407407407
60,16,71,0.014084507042253521,0.0,0.08450704225352113
60,17,60,0.03333333333333333,0.016666666666666666,0.1
60,18,66,0.12121212121212122,-0.015151515151515138,0.7272727272727273
60,19,52,0.057692307692307696,0.038461538461538464,0.4423076923076923
60,20,92,0.010869565217391304,0.010869565217391304,0.010869565217391304
60,21,55,0.05454545454545454,-0.21818181818181817,0.6363636363636364
60,22,57,0.631578947368421,0.42105263157894735,0.0
60,23,46,0.1956521739130435,-0.4347826086956522,0.4782608695652174
60,24,48,0.22916666666666666,-0.020833333333333343,0.12500000000000003
60,25,81,0.12345679012345678,0.04938271604938271,0.07407407407407407
60,26,73,0.3835616438356164,0.2328767123287671,0.0136986301369863
61,0,51,0.35294117647058826,0.35294117647058826,0.13725490196078427
61,1,45,0.2,0.15555555555555556,0.26666666666666666
61,2,51,0.0196078431372549,-0.1764705882352941,0.19607843137254904
61,3,54,0.0,0.0,0.07407407407407407
61,4,49,0.061224489795918366,0.061224489795918366,0.163265306122449
61,5,53,0.2830188679245283,0.2641509433962264,0.018867924528301883
61,6,52,0.0,0.0,0.15384615384615385
61,7,58,0.017241379310344827,0.017241379310344827,0.39655172413793105
61,8,62,0.03225806451612903,-0.1935483870967742,0.20967741935483872
61,9,66,0.13636363636363635,0.1212121212121212,0.15151515151515155
61,10,71,0.0,-0.028169014084507043,0.04225352112676056
61,11,68,0.0,-0.08823529411764706,0.19117647058823528
61,12,54,0.12962962962962962,0.05555555555555555,0.07407407407407407
61,13,66,0.0,-0.045454545454545456,0.21212121212121213
61,14,60,0.016666666666666666,-0.016666666666666666,0.16666666666666666
61,15,54,0.0,-0.05555555555555555,0.48148148148148145
61,16,71,0.11267605633802817,0.09859154929577466,0.0
61,17,60,0.05,0.03333333333333334,0.08333333333333333
61,18,66,0.15151515151515152,0.015151515151515166,0.696969696969697
61,19,52,0.07692307692307693,0.057692307692307696,0.4230769230769231
61,20,92,0.0,0.0,0.021739130434782608
61,21,55,0.21818181818181817,-0.054545454545454536,0.4727272727272728
61,22,57,0.05263157894736842,-0.15789473684210525,0.5789473684210527
61,23,46,0.08695652173913043,-0.5434782608695652,0.5869565217391304
61,24,48,0.16666666666666666,-0.08333333333333334,0.18750000000000003
61,25,81,0.09876543209876543,0.024691358024691357,0.09876543209876543
61,26,73,0.2328767123287671,0.0821917808219178,0.1643835616438356
62,0,51,0.0196078431372549,0.0196078431372549,0.47058823529411764
62,1,45,0.0,-0.044444444444444446,0.4666666666666667
62,2,51,0.0,-0.19607843137254902,0.21568627450980393
62,3,54,0.037037037037037035,0.037037037037037035,0.037037037037037035
62,4,49,0.0,0.0,0.22448979591836735
62,5,53,0.24528301886792453,0.22641509433962265,0.05660377358490565
62,6,52,0.019230769230769232,0.019230769230769232,0.13461538461538464
62,7,58,0.3448275862068966,0.3448275862068966,0.06896551724137928
62,8,62,0.12903225806451613,-0.0967741935483871,0.11290322580645162
62,9,66,0.045454545454545456,0.030303030303030304,0.24242424242424243
62,10,71,0.0,-0.028169014084507043,0.04225352112676056
62,11,68,0.17647058823529413,0.08823529411764706,0.014705882352941152
62,12,54,0.07407407407407407,0.0,0.12962962962962962
62,13,66,0.13636363636363635,0.0909090909090909,0.07575757575757577
62,14,60,0.13333333333333333,0.1,0.04999999999999999
62,15,54,0.42592592592592593,0.37037037037037035,0.055555555555555525
62,16,71,0.014084507042253521,0.0,0.09859154929577466
62,17,60,0.016666666666666666,0.0,0.11666666666666667
62,18,66,0.12121212121212122,-0.015151515151515138,0.7272727272727273
62,19,52,0.019230769230769232,0.0,0.4807692307692308
62,20,92,0.0,0.0,0.021739130434782608
62,21,55,0.10909090909090909,-0.16363636363636364,0.5818181818181818
62,22,57,0.5789473684210527,0.368421052631579,0.05263157894736836
62,23,46,0.4782608695652174,-0.15217391304347827,0.19565217391304346
62,24,48,0.2708333333333333,0.020833333333333315,0.08333333333333337
62,25,81,0.09876543209876543,0.024691358024691357,0.09876543209876543
62,26,73,0.2328767123287671,0.0821917808219178,0.1643835616438356
63,0,51,0.27450980392156865,0.27450980392156865,0.21568627450980388
63,1,45,0.17777777777777778,0.13333333333333333,0.28888888888888886
63,2,51,0.0392156862745098,-0.1568627450980392,0.17647058823529413
63,3,54,0.018518518518518517,0.018518518518518517,0.05555555555555555
63,4,49,0.02040816326530612,0.02040816326530612,0.20408163265306123
63,5,53,0.22641509433962265,0.20754716981132076,0.07547169811320753
63,6,52,0.0,0.0,0.15384615384615385
63,7,58,0.034482758620689655,0.034482758620689655,0.3793103448275862
63,8,62,0.03225806451612903,-0.1935483870967742,0.20967741935483872
63,9,66,0.13636363636363635,0.1212121212121212,0.15151515151515155
63,10,71,0.0,-0.028169014084507043,0.04225352112676056
63,11,68,0.0,-0.08823529411764706,0.19117647058823528
63,12,54,0.018518518518518517,-0.05555555555555555,0.18518518518518517
63,13,66,0.015151515151515152,-0.030303030303030304,0.19696969696969696
63,14,60,0.016666666666666666,-0.016666666666666666,0.16666666666666666
63,15,54,0.0,-0.05555555555555555,0.48148148148148145
63,16,71,0.07042253521126761,0.056338028169014086,0.04225352112676056
63,17,60,0.03333333333333333,0.016666666666666666,0.1
63,18,66,0.2878787878787879,0.15151515151515155,0.5606060606060606
63,19,52,0.28846153846153844,0.2692307692307692,0.21153846153846156
63,20,92,0.0,0.0,0.021739130434782608
63,21,55,0.12727272727272726,-0.14545454545454545,0.5636363636363637
63,22,57,0.03508771929824561,-0.17543859649122806,0.5964912280701754
63,23,46,0.043478260869565216,-0.5869565217391305,0.6304347826086957
63,24,48,0.10416666666666667,-0.14583333333333331,0.25
63,25,81,0.1111111111111111,0.037037037037037035,0.08641975308641975
63,26,73,0.1095890410958904,-0.0410958904109589,0.2876712328767123
64,0,51,0.0196078431372549,0.0196078431372549,0.47058823529411764
64,1,45,0.0,-0.044444444444444446,0.4666666666666667
64,2,51,0.0196078431372549,-0.1764705882352941,0.19607843137254904
64,3,54,0.0,0.0,0.07407407407407407
64,4,49,0.02040816326530612,0.02040816326530612,0.20408163265306123
64,5,53,0.16981132075471697,0.1509433962264151,0.1320754716981132
64,6,52,0.0,0.0,0.15384615384615385
64,7,58,0.22413793103448276,0.22413793103448276,0.1896551724137931
64,8,62,0.11290322580645161,-0.11290322580645161,0.12903225806451613
64,9,66,0.015151515151515152,0.0,0.27272727272727276
64,10,71,0.028169014084507043,0.0,0.01408450704225352
64,11,68,0.19117647058823528,0.10294117647058822,0.0
64,12,54,0.09259259259259259,0.018518518518518517,0.1111111111111111
64,13,66,0.13636363636363635,0.0909090909090909,0.07575757575757577
64,14,60,0.11666666666666667,0.08333333333333334,0.06666666666666665
64,15,54,0.35185185185185186,0.2962962962962963,0.1296296296296296
64,16,71,0.014084507042253521,0.0,0.09859154929577466
64,17,60,0.05,0.03333333333333334,0.08333333333333333
64,18,66,0.030303030303030304,-0.10606060606060605,0.8181818181818182
64,19,52,0.057692307692307696,0.038461538461538464,0.4423076923076923
64,20,92,0.0,0.0,0.021739130434782608
64,21,55,0.12727272727272726,-0.14545454545454545,0.5636363636363637
64,22,57,0.6666666666666666,0.45614035087719296,0.0
64,23,46,0.2826086956521739,-0.3478260869565218,0.391304347826087
64,24,48,0.3125,0.0625,0.041666666666666685
64,25,81,0.037037037037037035,-0.037037037037037035,0.16049382716049382
64,26,73,0.3835616438356164,0.2328767123287671,0.0136986301369863
65,0,51,0.2549019607843137,0.2549019607843137,0.23529411764705882
65,1,45,0.17777777777777778,0.13333333333333333,0.28888888888888886
65,2,51,0.0196078431372549,-0.1764705882352941,0.19607843137254904
65,3,54,0.018518518518518517,0.018518518518518517,0.05555555555555555
65,4,49,0.061224489795918366,0.061224489795918366,0.163265306122449
65,5,53,0.1320754716981132,0.11320754716981132,0.16981132075471697
65,6,52,0.0,0.0,0.15384615384615385
65,7,58,0.0,0.0,0.41379310344827586
65,8,62,0.06451612903225806,-0.16129032258064516,0.1774193548387097
65,9,66,0.12121212121212122,0.10606060606060606,0.16666666666666669
65,10,71,0.0,-0.028169014084507043,0.04225352112676056
65,11,68,0.0,-0.08823529411764706,0.19117647058823528
65,12,54,0.0,-0.07407407407407407,0.2037037037037037
65,13,66,0.015151515151515152,-0.030303030303030304,0.19696969696969696
65,14,60,0.016666666666666666,-0.016666666666666666,0.16666666666666666
65,15,54,0.0,-0.05555555555555555,0.48148148148148145
65,16,71,0.04225352112676056,0.02816901408450704,0.07042253521126761
65,17,60,0.05,0.03333333333333334,0.08333333333333333
65,18,66,0.3333333333333333,0.19696969696969696,0.5151515151515151
65,19,52,0.2692307692307692,0.25,0.23076923076923078
65,20,92,0.021739130434782608,0.021739130434782608,0.0
65,21,55,0.03636363636363636,-0.23636363636363633,0.6545454545454545
65,22,57,0.03508771929824561,-0.17543859649122806,0.631578947368421
65,23,46,0.10869565217391304,-0.5217391304347826,0.5652173913043478
65,24,48,0.0625,-0.1875,0.2916666666666667
65,25,81,0.09876543209876543,0.024691358024691357,0.09876543209876543
65,26,73,0.1506849315068493,0.0,0.2465753424657534
66,0,51,0.0196078431372549,0.0196078431372549,0.47058823529411764
66,1,45,0.0,-0.044444444444444446,0.4666666666666667
66,2,51,0.0,-0.19607843137254902,0.21568627450980393
66,3,54,0.0,0.0,0.07407407407407407
66,4,49,0.02040816326530612,0.02040816326530612,0.20408163265306123
66,5,53,0.1320754716981132,0.11320754716981132,0.16981132075471697
66,6,52,0.019230769230769232,0.019230769230769232,0.13461538461538464
66,7,58,0.22413793103448276,0.22413793103448276,0.1896551724137931
66,8,62,0.04838709677419355,-0.1774193548387097,0.1935483870967742
66,9,66,0.015151515151515152,0.0,0.27272727272727276
66,10,71,0.028169014084507043,0.0,0.01408450704225352
66,11,68,0.19117647058823528,0.10294117647058822,0.0
66,12,54,0.07407407407407407,0.0,0.12962962962962962
66,13,66,0.15151515151515152,0.10606060606060606,0.06060606060606061
66,14,60,0.11666666666666667,0.08333333333333334,0.06666666666666665
66,15,54,0.37037037037037035,0.31481481481481477,0.1111111111111111
66,16,71,0.014084507042253521,0.0,0.09859154929577466
66,17,60,0.1,0.08333333333333334,0.033333333333333326
66,18,66,0.045454545454545456,-0.0909090909090909,0.8030303030303031
66,19,52,0.057692307692307696,0.038461538461538464,0.4423076923076923
66,20,92,0.0,0.0,0.021739130434782608
66,21,55,0.14545454545454545,-0.12727272727272726,0.5454545454545454
66,22,57,0.45614035087719296,0.24561403508771928,0.21052631578947367
66,23,46,0.21739130434782608,-0.4130434782608696,0.4565217391304348
66,24,48,0.2708333333333333,0.020833333333333315,0.08333333333333337
66,25,81,0.19753086419753085,0.12345679012345678,0.0
66,26,73,0.3561643835616438,0.2054794520547945,0.0410958904109589
67,0,51,0.27450980392156865,0.27450980392156865,0.21568627450980388
67,1,45,0.17777777777777778,0.13333333333333333,0.28888888888888886
67,2,51,0.0392156862745098,-0.1568627450980392,0.17647058823529413
67,3,54,0.0,0.0,0.07407407407407407
67,4,49,0.061224489795918366,0.061224489795918366,0.163265306122449
67,5,53,0.16981132075471697,0.1509433962264151,0.1320754716981132
67,6,52,0.0,0.0,0.15384615384615385
67,7,58,0.0,0.0,0.41379310344827586
67,8,62,0.0967741935483871,-0.12903225806451613,0.14516129032258066
67,9,66,0.09090909090909091,0.07575757575757576,0.196969696969697
67,10,71,0.0,-0.028169014084507043,0.04225352112676056
67,11,68,0.0,-0.08823529411764706,0.19117647058823528
67,12,54,0.09259259259259259,0.018518518518518517,0.1111111111111111
67,13,66,0.015151515151515152,-0.030303030303030304,0.19696969696969696
67,14,60,0.0,-0.03333333333333333,0.18333333333333332
67,15,54,0.0,-0.05555555555555555,0.48148148148148145
67,16,71,0.1267605633802817,0.11267605633802817,0.0
67,17,60,0.05,0.03333333333333334,0.08333333333333333
67,18,66,0.19696969696969696,0.06060606060606061,0.6515151515151516
67,19,52,0.2692307692307692,0.25,0.23076923076923078
67,20,92,0.010869565217391304,0.010869565217391304,0.010869565217391304
67,21,55,0.23636363636363636,-0.03636363636363635,0.4545454545454546
67,22,57,0.07017543859649122,-0.14035087719298245,0.5964912280701754
67,23,46,0.06521739130434782,-0.5652173913043479,0.6086956521739131
67,24,48,0.1875,-0.0625,0.16666666666666669
67,25,81,0.08641975308641975,0.012345679012345678,0.1111111111111111
67,26,73,0.2328767123287671,0.0821917808219178,0.1643835616438356
68,0,51,0.0,0.0,0.49019607843137253
68,1,45,0.0,-0.044444444444444446,0.4666666666666667
68,2,51,0.0196078431372549,-0.1764705882352941,0.19607843137254904
68,3,54,0.037037037037037035,0.037037037037037035,0.037037037037037035
68,4,49,0.0,0.0,0.22448979591836735
68,5,53,0.1509433962264151,0.1320754716981132,0.1509433962264151
68,6,52,0.019230769230769232,0.019230769230769232,0.13461538461538464
68,7,58,0.3620689655172414,0.3620689655172414,0.051724137931034475
68,8,62,0.04838709677419355,-0.1774193548387097,0.1935483870967742
68,9,66,0.0,-0.015151515151515152,0.2878787878787879
68,10,71,0.04225352112676056,0.01408450704225352,0.0
68,11,68,0.17647058823529413,0.08823529411764706,0.014705882352941152
68,12,54,0.09259259259259259,0.018518518518518517,0.1111111111111111
68,13,66,0.16666666666666666,0.1212121212121212,0.04545454545454547
68,14,60,0.16666666666666666,0.13333333333333333,0.016666666666666663
68,15,54,0.46296296296296297,0.40740740740740744,0.01851851851851849
68,16,71,0.014084507042253521,0.0,0.11267605633802817
68,17,60,0.13333333333333333,0.11666666666666667,0.0
68,18,66,0.06060606060606061,-0.07575757575757575,0.7878787878787878
68,19,52,0.0,-0.019230769230769232,0.5
68,20,92,0.010869565217391304,0.010869565217391304,0.010869565217391304
68,21,55,0.0,-0.2727272727272727,0.6909090909090909
68,22,57,0.42105263157894735,0.21052631578947367,0.24561403508771928
68,23,46,0.21739130434782608,-0.4130434782608696,0.4565217391304348
68,24,48,0.14583333333333334,-0.10416666666666666,0.20833333333333334
68,25,81,0.2222222222222222,0.14814814814814814,0.0
68,26,73,0.3561643835616438,0.2054794520547945,0.0410958904109589
69,0,51,0.2549019607843137,0.2549019607843137,0.23529411764705882
69,1,45,0.06666666666666667,0.02222222222222222,0.4
69,2,51,0.0196078431372549,-0.1764705882352941,0.19607843137254904
69,3,54,0.0,0.0,0.07407407407407407
69,4,49,0.20408163265306123,0.20408163265306123,0.020408163265306117
69,5,53,0.1509433962264151,0.1320754716981132,0.1509433962264151
69,6,52,0.0,0.0,0.15384615384615385
69,7,58,0.0,0.0,0.41379310344827586
69,8,62,0.06451612903225806,-0.16129032258064516,0.1774193548387097
69,9,66,0.10606060606060606,0.09090909090909091,0.18181818181818182
69,10,71,0.0,-0.028169014084507043,0.04225352112676056
69,11,68,0.0,-0.08823529411764706,0.19117647058823528
69,12,54,0.07407407407407407,0.0,0.12962962962962962
69,13,66,0.0,-0.045454545454545456,0.21212121212121213
69,14,60,0.0,-0.03333333333333333,0.18333333333333332
69,15,54,0.0,-0.05555555555555555,0.48148148148148145
69,16,71,0.1267605633802817,0.11267605633802817,0.0
69,17,60,0.05,0.03333333333333334,0.08333333333333333
69,18,66,0.21212121212121213,0.07575757575757577,0.6363636363636364
69,19,52,0.40384615384615385,0.38461538461538464,0.09615384615384615
69,20,92,0.010869565217391304,0.010869565217391304,0.010869565217391304
69,21,55,0.2545454545454545,-0.018181818181818188,0.4363636363636364
69,22,57,0.03508771929824561,-0.17543859649122806,0.631578947368421
69,23,46,0.06521739130434782,-0.5652173913043479,0.6086956521739131
69,24,48,0.14583333333333334,-0.10416666666666666,0.20833333333333334
69,25,81,0.07407407407407407,0.0,0.14814814814814814
69,26,73,0.2328767123287671,0.0821917808219178,0.1643835616438356
70,0,51,0.0,0.0,0.49019607843137253
70,1,45,0.0,-0.044444444444444446,0.4666666666666667
70,2,51,0.0,-0.19607843137254902,0.21568627450980393
70,3,54,0.037037037037037035,0.037037037037037035,0.037037037037037035
70,4,49,0.0,0.0,0.22448979591836735
70,5,53,0.24528301886792453,0.22641509433962265,0.05660377358490565
70,6,52,0.038461538461538464,0.038461538461538464,0.11538461538461539
70,7,58,0.29310344827586204,0.29310344827586204,0.12068965517241381
70,8,62,0.08064516129032258,-0.14516129032258063,0.16129032258064518
70,9,66,0.0,-0.015151515151515152,0.2878787878787879
70,10,71,0.07042253521126761,0.04225352112676056,0.0
70,11,68,0.20588235294117646,0.1176470588235294,0.0
70,12,54,0.07407407407407407,0.0,0.12962962962962962
70,13,66,0.16666666666666666,0.1212121212121212,0.04545454545454547
70,14,60,0.15,0.11666666666666667,0.033333333333333326
70,15,54,0.46296296296296297,0.40740740740740744,0.01851851851851849
70,16,71,0.014084507042253521,0.0,0.11267605633802817
70,17,60,0.13333333333333333,0.11666666666666667,0.0
70,18,66,0.0,-0.13636363636363635,0.8484848484848485
70,19,52,0.0,-0.019230769230769232,0.5
70,20,92,0.010869565217391304,0.010869565217391304,0.010869565217391304
70,21,55,0.0,-0.2727272727272727,0.6909090909090909
70,22,57,0.45614035087719296,0.24561403508771928,0.21052631578947367
70,23,46,0.32608695652173914,-0.30434782608695654,0.34782608695652173
70,24,48,0.1875,-0.0625,0.16666666666666669
70,25,81,0.16049382716049382,0.08641975308641975,0.06172839506172839
70,26,73,0.3150684931506849,0.1643835616438356,0.0821917808219178
71,0,51,0.27450980392156865,0.27450980392156865,0.21568627450980388
71,1,45,0.08888888888888889,0.044444444444444446,0.37777777777777777
71,2,51,0.0196078431372549,-0.1764705882352941,0.19607843137254904
71,3,54,0.0,0.0,0.07407407407407407
71,4,49,0.16326530612244897,0.16326530612244897,0.06122448979591838
71,5,53,0.18867924528301888,0.169811320754717,0.1132075471698113
71,6,52,0.0,0.0,0.15384615384615385
71,7,58,0.0,0.0,0.41379310344827586
71,8,62,0.06451612903225806,-0.16129032258064516,0.1774193548387097
71,9,66,0.12121212121212122,0.10606060606060606,0.16666666666666669
71,10,71,0.0,-0.028169014084507043,0.07042253521126761
71,11,68,0.0,-0.08823529411764706,0.20588235294117646
71,12,54,0.09259259259259259,0.018518518518518517,0.1111111111111111
71,13,66,0.015151515151515152,-0.030303030303030304,0.19696969696969696
71,14,60,0.0,-0.03333333333333333,0.18333333333333332
71,15,54,0.0,-0.05555555555555555,0.48148148148148145
71,16,71,0.11267605633802817,0.09859154929577466,0.014084507042253516
71,17,60,0.03333333333333333,0.016666666666666666,0.1
71,18,66,0.3484848484848485,0.21212121212121215,0.5
71,19,52,0.28846153846153844,0.2692307692307692,0.21153846153846156
71,20,92,0.021739130434782608,0.021739130434782608,0.0
71,21,55,0.2909090909090909,0.018181818181818188,0.4
71,22,57,0.07017543859649122,-0.14035087719298245,0.5964912280701754
71,23,46,0.06521739130434782,-0.5652173913043479,0.6086956521739131
71,24,48,0.16666666666666666,-0.08333333333333334,0.18750000000000003
71,25,81,0.08641975308641975,0.012345679012345678,0.13580246913580246
71,26,73,0.2054794520547945,0.0547945205479452,0.1917808219178082
72,0,51,0.0196078431372549,0.0196078431372549,0.47058823529411764
72,1,45,0.0,-0.044444444444444446,0.4666666666666667
72,2,51,0.0196078431372549,-0.1764705882352941,0.19607843137254904
72,3,54,0.018518518518518517,0.018518518518518517,0.05555555555555555
72,4,49,0.02040816326530612,0.02040816326530612,0.20408163265306123
72,5,53,0.16981132075471697,0.1509433962264151,0.1320754716981132
72,6,52,0.019230769230769232,0.019230769230769232,0.13461538461538464
72,7,58,0.1724137931034483,0.1724137931034483,0.24137931034482757
72,8,62,0.0967741935483871,-0.12903225806451613,0.14516129032258066
72,9,66,0.015151515151515152,0.0,0.27272727272727276
72,10,71,0.04225352112676056,0.01408450704225352,0.028169014084507046
72,11,68,0.16176470588235295,0.07352941176470588,0.04411764705882351
72,12,54,0.09259259259259259,0.018518518518518517,0.1111111111111111
72,13,66,0.15151515151515152,0.10606060606060606,0.06060606060606061
72,14,60,0.16666666666666666,0.13333333333333333,0.016666666666666663
72,15,54,0.46296296296296297,0.40740740740740744,0.01851851851851849
72,16,71,0.014084507042253521,0.0,0.11267605633802817
72,17,60,0.08333333333333333,0.06666666666666667,0.05
72,18,66,0.12121212121212122,-0.015151515151515138,0.7272727272727273
72,19,52,0.11538461538461539,0.09615384615384616,0.3846153846153846
72,20,92,0.010869565217391304,0.010869565217391304,0.010869565217391304
72,21,55,0.12727272727272726,-0.14545454545454545,0.5636363636363637
72,22,57,0.5614035087719298,0.3508771929824561,0.10526315789473684
72,23,46,0.21739130434782608,-0.4130434782608696,0.4565217391304348
72,24,48,0.22916666666666666,-0.020833333333333343,0.12500000000000003
72,25,81,0.19753086419753085,0.12345679012345678,0.024691358024691357
72,26,73,0.3972602739726027,0.2465753424657534,0.0
73,0,51,0.29411764705882354,0.29411764705882354,0.196078431372549
73,1,45,0.15555555555555556,0.1111111111111111,0.3111111111111111
73,2,51,0.0196078431372549,-0.1764705882352941,0.19607843137254904
73,3,54,0.018518518518518517,0.018518518518518517,0.05555555555555555
73,4,49,0.16326530612244897,0.16326530612244897,0.06122448979591838
73,5,53,0.18867924528301888,0.169811320754717,0.1132075471698113
73,6,52,0.0,0.0,0.15384615384615385
73,7,58,0.017241379310344827,0.017241379310344827,0.39655172413793105
73,8,62,0.03225806451612903,-0.1935483870967742,0.20967741935483872
73,9,66,0.07575757575757576,0.06060606060606061,0.21212121212121215
73,10,71,0.0,-0.028169014084507043,0.07042253521126761
73,11,68,0.0,-0.08823529411764706,0.20588235294117646
73,12,54,0.037037037037037035,-0.037037037037037035,0.16666666666666666
73,13,66,0.015151515151515152,-0.030303030303030304,0.19696969696969696
73,14,60,0.016666666666666666,-0.016666666666666666,0.16666666666666666
73,15,54,0.0,-0.05555555555555555,0.48148148148148145
73,16,71,0.08450704225352113,0.07042253521126761,0.04225352112676056
73,17,60,0.05,0.03333333333333334,0.08333333333333333
73,18,66,0.36363636363636365,0.2272727272727273,0.48484848484848486
73,19,52,0.15384615384615385,0.13461538461538464,0.34615384615384615
73,20,92,0.03260869565217391,0.03260869565217391,0.0
73,21,55,0.18181818181818182,-0.09090909090909088,0.509090909090909
73,22,57,0.07017543859649122,-0.14035087719298245,0.5964912280701754
73,23,46,0.15217391304347827,-0.4782608695652174,0.5217391304347826
73,24,48,0.16666666666666666,-0.08333333333333334,0.18750000000000003
73,25,81,0.09876543209876543,0.024691358024691357,0.12345679012345678
73,26,73,0.1780821917808219,0.0273972602739726,0.2191780821917808
74,0,51,0.0196078431372549,0.0196078431372549,0.47058823529411764
74,1,45,0.0,-0.044444444444444446,0.4666666666666667
74,2,51,0.0196078431372549,-0.1764705882352941,0.19607843137254904
74,3,54,0.0,0.0,0.07407407407407407
74,4,49,0.02040816326530612,0.02040816326530612,0.20408163265306123
74,5,53,0.1509433962264151,0.1320754716981132,0.1509433962264151
74,6,52,0.0,0.0,0.15384615384615385
74,7,58,0.15517241379310345,0.15517241379310345,0.2586206896551724
74,8,62,0.12903225806451613,-0.0967741935483871,0.11290322580645162
74,9,66,0.0,-0.015151515151515152,0.2878787878787879
74,10,71,0.07042253521126761,0.04225352112676056,0.0
74,11,68,0.14705882352941177,0.058823529411764705,0.05882352941176469
74,12,54,0.07407407407407407,0.0,0.12962962962962962
74,13,66,0.12121212121212122,0.07575757575757576,0.09090909090909091
74,14,60,0.15,0.11666666666666667,0.033333333333333326
74,15,54,0.3888888888888889,0.33333333333333337,0.09259259259259256
74,16,71,0.014084507042253521,0.0,0.11267605633802817
74,17,60,0.08333333333333333,0.06666666666666667,0.05
74,18,66,0.07575757575757576,-0.060606060606060594,0.7727272727272727
74,19,52,0.057692307692307696,0.038461538461538464,0.4423076923076923
74,20,92,0.010869565217391304,0.010869565217391304,0.021739130434782608
74,21,55,0.16363636363636364,-0.10909090909090907,0.5272727272727273
74,22,57,0.543859649122807,0.33333333333333337,0.12280701754385959
74,23,46,0.4782608695652174,-0.15217391304347827,0.19565217391304346
74,24,48,0.3125,0.0625,0.041666666666666685
74,25,81,0.1728395061728395,0.09876543209876543,0.04938271604938271
74,26,73,0.3287671232876712,0.1780821917808219,0.0684931506849315
75,0,51,0.23529411764705882,0.23529411764705882,0.2549019607843137
75,1,45,0.08888888888888889,0.044444444444444446,0.37777777777777777
75,2,51,0.0196078431372549,-0.1764705882352941,0.19607843137254904
75,3,54,0.018518518518518517,0.018518518518518517,0.05555555555555555
75,4,49,0.2857142857142857,0.2857142857142857,0.0
75,5,53,0.20754716981132076,0.18867924528301888,0.09433962264150941
75,6,52,0.0,0.0,0.15384615384615385
75,7,58,0.0,0.0,0.41379310344827586
75,8,62,0.0967741935483871,-0.12903225806451613,0.14516129032258066
75,9,66,0.12121212121212122,0.10606060606060606,0.16666666666666669
75,10,71,0.0,-0.028169014084507043,0.07042253521126761
75,11,68,0.0,-0.08823529411764706,0.20588235294117646
75,12,54,0.05555555555555555,-0.018518518518518517,0.14814814814814814
75,13,66,0.0,-0.045454545454545456,0.21212121212121213
75,14,60,0.03333333333333333,0.0,0.15
75,15,54,0.018518518518518517,-0.037037037037037035,0.4629629629629629
75,16,71,0.15492957746478872,0.1408450704225352,0.0
75,17,60,0.03333333333333333,0.016666666666666666,0.1
75,18,66,0.3484848484848485,0.21212121212121215,0.5
75,19,52,0.23076923076923078,0.21153846153846156,0.2692307692307692
75,20,92,0.03260869565217391,0.03260869565217391,0.0
75,21,55,0.2545454545454545,-0.018181818181818188,0.4363636363636364
75,22,57,0.07017543859649122,-0.14035087719298245,0.5964912280701754
75,23,46,0.10869565217391304,-0.5217391304347826,0.5652173913043478
75,24,48,0.16666666666666666,-0.08333333333333334,0.18750000000000003
75,25,81,0.09876543209876543,0.024691358024691357,0.12345679012345678
75,26,73,0.2191780821917808,0.0684931506849315,0.1780821917808219
76,0,51,0.0196078431372549,0.0196078431372549,0.47058823529411764
76,1,45,0.0,-0.044444444444444446,0.4666666666666667
76,2,51,0.0,-0.19607843137254902,0.21568627450980393
76,3,54,0.0,0.0,0.07407407407407407
76,4,49,0.02040816326530612,0.02040816326530612,0.26530612244897955
76,5,53,0.1320754716981132,0.11320754716981132,0.16981132075471697
76,6,52,0.019230769230769232,0.019230769230769232,0.13461538461538464
76,7,58,0.1896551724137931,0.1896551724137931,0.22413793103448276
76,8,62,0.11290322580645161,-0.11290322580645161,0.12903225806451613
76,9,66,0.0,-0.015151515151515152,0.2878787878787879
76,10,71,0.11267605633802817,0.08450704225352113,0.0
76,11,68,0.1323529411764706,0.044117647058823525,0.07352941176470587
76,12,54,0.1111111111111111,0.037037037037037035,0.09259259259259259
76,13,66,0.15151515151515152,0.10606060606060606,0.06060606060606061
76,14,60,0.15,0.11666666666666667,0.033333333333333326
76,15,54,0.48148148148148145,0.42592592592592593,0.0
76,16,71,0.014084507042253521,0.0,0.1408450704225352
76,17,60,0.08333333333333333,0.06666666666666667,0.05
76,18,66,0.0,-0.13636363636363635,0.8484848484848485
76,19,52,0.07692307692307693,0.057692307692307696,0.4230769230769231
76,20,92,0.010869565217391304,0.010869565217391304,0.021739130434782608
76,21,55,0.09090909090909091,-0.1818181818181818,0.6
76,22,57,0.47368421052631576,0.2631578947368421,0.19298245614035087
76,23,46,0.21739130434782608,-0.4130434782608696,0.4565217391304348
76,24,48,0.2708333333333333,0.020833333333333315,0.08333333333333337
76,25,81,0.2345679012345679,0.16049382716049382,0.0
76,26,73,0.3698630136986301,0.2191780821917808,0.0273972602739726
77,0,51,0.21568627450980393,0.21568627450980393,0.2745098039215686
77,1,45,0.08888888888888889,0.044444444444444446,0.37777777777777777
77,2,51,0.0392156862745098,-0.1568627450980392,0.17647058823529413
77,3,54,0.0,0.0,0.07407407407407407
77,4,49,0.061224489795918366,0.061224489795918366,0.22448979591836732
77,5,53,0.16981132075471697,0.1509433962264151,0.1320754716981132
77,6,52,0.0,0.0,0.15384615384615385
77,7,58,0.017241379310344827,0.017241379310344827,0.39655172413793105
77,8,62,0.08064516129032258,-0.14516129032258063,0.16129032258064518
77,9,66,0.12121212121212122,0.10606060606060606,0.16666666666666669
77,10,71,0.014084507042253521,-0.014084507042253521,0.09859154929577466
77,11,68,0.0,-0.08823529411764706,0.20588235294117646
77,12,54,0.1111111111111111,0.037037037037037035,0.09259259259259259
77,13,66,0.015151515151515152,-0.030303030303030304,0.19696969696969696
77,14,60,0.016666666666666666,-0.016666666666666666,0.16666666666666666
77,15,54,0.07407407407407407,0.018518518518518517,0.4074074074074074
77,16,71,0.08450704225352113,0.07042253521126761,0.0704225352112676
77,17,60,0.03333333333333333,0.016666666666666666,0.1
77,18,66,0.4393939393939394,0.30303030303030304,0.4090909090909091
77,19,52,0.19230769230769232,0.17307692307692307,0.3076923076923077
77,20,92,0.021739130434782608,0.021739130434782608,0.010869565217391304
77,21,55,0.23636363636363636,-0.03636363636363635,0.4545454545454546
77,22,57,0.07017543859649122,-0.14035087719298245,0.5964912280701754
77,23,46,0.043478260869565216,-0.5869565217391305,0.6304347826086957
77,24,48,0.16666666666666666,-0.08333333333333334,0.18750000000000003
77,25,81,0.09876543209876543,0.024691358024691357,0.13580246913580246
77,26,73,0.1780821917808219,0.0273972602739726,0.2191780821917808
78,0,51,0.0196078431372549,0.0196078431372549,0.47058823529411764
78,1,45,0.0,-0.044444444444444446,0.4666666666666667
78,2,51,0.0392156862745098,-0.1568627450980392,0.17647058823529413
78,3,54,0.018518518518518517,0.018518518518518517,0.05555555555555555
78,4,49,0.061224489795918366,0.061224489795918366,0.22448979591836732
78,5,53,0.1509433962264151,0.1320754716981132,0.1509433962264151
78,6,52,0.019230769230769232,0.019230769230769232,0.13461538461538464
78,7,58,0.1724137931034483,0.1724137931034483,0.24137931034482757
78,8,62,0.20967741935483872,-0.016129032258064502,0.03225806451612903
78,9,66,0.015151515151515152,0.0,0.27272727272727276
78,10,71,0.056338028169014086,0.028169014084507043,0.056338028169014086
78,11,68,0.1323529411764706,0.044117647058823525,0.07352941176470587
78,12,54,0.14814814814814814,0.07407407407407407,0.05555555555555555
78,13,66,0.16666666666666666,0.1212121212121212,0.04545454545454547
78,14,60,0.13333333333333333,0.1,0.04999999999999999
78,15,54,0.48148148148148145,0.42592592592592593,0.0
78,16,71,0.014084507042253521,0.0,0.1408450704225352
78,17,60,0.1,0.08333333333333334,0.033333333333333326
78,18,66,0.09090909090909091,-0.04545454545454544,0.7575757575757576
78,19,52,0.1346153846153846,0.11538461538461538,0.3653846153846154
78,20,92,0.010869565217391304,0.010869565217391304,0.021739130434782608
78,21,55,0.07272727272727272,-0.19999999999999998,0.6181818181818182
78,22,57,0.3684210526315789,0.15789473684210525,0.2982456140350877
78,23,46,0.32608695652173914,-0.30434782608695654,0.34782608695652173
78,24,48,0.20833333333333334,-0.04166666666666666,0.14583333333333334
78,25,81,0.20987654320987653,0.13580246913580246,0.024691358024691357
78,26,73,0.3150684931506849,0.1643835616438356,0.0821917808219178
79,0,51,0.21568627450980393,0.21568627450980393,0.2745098039215686
79,1,45,0.1111111111111111,0.06666666666666665,0.35555555555555557
79,2,51,0.0392156862745098,-0.1568627450980392,0.17647058823529413
79,3,54,0.0,0.0,0.07407407407407407
79,4,49,0.04081632653061224,0.04081632653061224,0.24489795918367346
79,5,53,0.1320754716981132,0.11320754716981132,0.16981132075471697
79,6,52,0.0,0.0,0.15384615384615385
79,7,58,0.017241379310344827,0.017241379310344827,0.39655172413793105
79,8,62,0.08064516129032258,-0.14516129032258063,0.16129032258064518
79,9,66,0.10606060606060606,0.09090909090909091,0.18181818181818182
79,10,71,0.014084507042253521,-0.014084507042253521,0.09859154929577466
79,11,68,0.014705882352941176,-0.07352941176470588,0.19117647058823528
79,12,54,0.12962962962962962,0.05555555555555555,0.07407407407407407
79,13,66,0.015151515151515152,-0.030303030303030304,0.19696969696969696
79,14,60,0.05,0.01666666666666667,0.1333333333333333
79,15,54,0.05555555555555555,0.0,0.42592592592592593
79,16,71,0.056338028169014086,0.04225352112676056,0.09859154929577463
79,17,60,0.03333333333333333,0.016666666666666666,0.1
79,18,66,0.45454545454545453,0.3181818181818182,0.393939393939394
79,19,52,0.3076923076923077,0.2884615384615385,0.1923076923076923
79,20,92,0.06521739130434782,0.06521739130434782,0.0
79,21,55,0.2545454545454545,-0.018181818181818188,0.4363636363636364
79,22,57,0.07017543859649122,-0.14035087719298245,0.5964912280701754
79,23,46,0.043478260869565216,-0.5869565217391305,0.6304347826086957
79,24,48,0.16666666666666666,-0.08333333333333334,0.18750000000000003
79,25,81,0.1111111111111111,0.037037037037037035,0.12345679012345678
79,26,73,0.136986301369863,-0.0136986301369863,0.2602739726027397
80,0,51,0.0392156862745098,0.0392156862745098,0.4509803921568627
80,1,45,0.0,-0.044444444444444446,0.4666666666666667
80,2,51,0.0392156862745098,-0.1568627450980392,0.17647058823529413
80,3,54,0.037037037037037035,0.037037037037037035,0.037037037037037035
80,4,49,0.061224489795918366,0.061224489795918366,0.22448979591836732
80,5,53,0.3018867924528302,0.2830188679245283,0.0
80,6,52,0.019230769230769232,0.019230769230769232,0.13461538461538464
80,7,58,0.15517241379310345,0.15517241379310345,0.2586206896551724
80,8,62,0.12903225806451613,-0.0967741935483871,0.11290322580645162
80,9,66,0.045454545454545456,0.030303030303030304,0.24242424242424243
80,10,71,0.11267605633802817,0.08450704225352113,0.0
80,11,68,0.1323529411764706,0.044117647058823525,0.07352941176470587
80,12,54,0.2037037037037037,0.12962962962962962,0.0
80,13,66,0.13636363636363635,0.0909090909090909,0.07575757575757577
80,14,60,0.1,0.06666666666666668,0.08333333333333331
80,15,54,0.3333333333333333,0.2777777777777778,0.14814814814814814
80,16,71,0.028169014084507043,0.014084507042253521,0.1267605633802817
80,17,60,0.016666666666666666,0.0,0.11666666666666667
80,18,66,0.06060606060606061,-0.07575757575757575,0.7878787878787878
80,19,52,0.0,-0.019230769230769232,0.5
80,20,92,0.03260869565217391,0.03260869565217391,0.03260869565217391
80,21,55,0.07272727272727272,-0.19999999999999998,0.6181818181818182
80,22,57,0.43859649122807015,0.22807017543859648,0.22807017543859648
80,23,46,0.2391304347826087,-0.391304347826087,0.43478260869565216
80,24,48,0.2916666666666667,0.041666666666666685,0.0625
80,25,81,0.2222222222222222,0.14814814814814814,0.012345679012345678
80,26,73,0.3972602739726027,0.2465753424657534,0.0
81,0,51,0.21568627450980393,0.21568627450980393,0.2745098039215686
81,1,45,0.1111111111111111,0.06666666666666665,0.35555555555555557
81,2,51,0.09803921568627451,-0.09803921568627451,0.11764705882352942
81,3,54,0.018518518518518517,0.018518518518518517,0.05555555555555555
81,4,49,0.02040816326530612,0.02040816326530612,0.26530612244897955
81,5,53,0.11320754716981132,0.09433962264150944,0.18867924528301885
81,6,52,0.0,0.0,0.15384615384615385
81,7,58,0.017241379310344827,0.017241379310344827,0.39655172413793105
81,8,62,0.06451612903225806,-0.16129032258064516,0.1774193548387097
81,9,66,0.16666666666666666,0.1515151515151515,0.12121212121212124
81,10,71,0.0,-0.028169014084507043,0.11267605633802817
81,11,68,0.0,-0.08823529411764706,0.20588235294117646
81,12,54,0.037037037037037035,-0.037037037037037035,0.16666666666666666
81,13,66,0.015151515151515152,-0.030303030303030304,0.19696969696969696
81,14,60,0.05,0.01666666666666667,0.1333333333333333
81,15,54,0.037037037037037035,-0.018518518518518517,0.4444444444444444
81,16,71,0.08450704225352113,0.07042253521126761,0.0704225352112676
81,17,60,0.03333333333333333,0.016666666666666666,0.1
81,18,66,0.5606060606060606,0.4242424242424242,0.28787878787878796
81,19,52,0.3076923076923077,0.2884615384615385,0.1923076923076923
81,20,92,0.06521739130434782,0.06521739130434782,0.0
81,21,55,0.12727272727272726,-0.14545454545454545,0.5636363636363637
81,22,57,0.03508771929824561,-0.17543859649122806,0.631578947368421
81,23,46,0.2608695652173913,-0.3695652173913044,0.41304347826086957
81,24,48,0.1875,-0.0625,0.16666666666666669
81,25,81,0.04938271604938271,-0.024691358024691357,0.18518518518518517
81,26,73,0.1780821917808219,0.0273972602739726,0.2191780821917808
82,0,51,0.0392156862745098,0.0392156862745098,0.4509803921568627
82,1,45,0.0,-0.044444444444444446,0.4666666666666667
82,2,51,0.0196078431372549,-0.1764705882352941,0.19607843137254904
82,3,54,0.018518518518518517,0.018518518518518517,0.05555555555555555
82,4,49,0.061224489795918366,0.061224489795918366,0.22448979591836732
82,5,53,0.1509433962264151,0.1320754716981132,0.1509433962264151
82,6,52,0.019230769230769232,0.019230769230769232,0.13461538461538464
82,7,58,0.13793103448275862,0.13793103448275862,0.27586206896551724
82,8,62,0.12903225806451613,-0.0967741935483871,0.11290322580645162
82,9,66,0.0,-0.015151515151515152,0.2878787878787879
82,10,71,0.09859154929577464,0.0704225352112676,0.01408450704225353
82,11,68,0.08823529411764706,0.0,0.1176470588235294
82,12,54,0.16666666666666666,0.09259259259259259,0.037037037037037035
82,13,66,0.16666666666666666,0.1212121212121212,0.04545454545454547
82,14,60,0.13333333333333333,0.1,0.04999999999999999
82,15,54,0.37037037037037035,0.31481481481481477,0.1111111111111111
82,16,71,0.014084507042253521,0.0,0.1408450704225352
82,17,60,0.016666666666666666,0.0,0.11666666666666667
82,18,66,0.0,-0.13636363636363635,0.8484848484848485
82,19,52,0.0,-0.019230769230769232,0.5
82,20,92,0.03260869565217391,0.03260869565217391,0.03260869565217391
82,21,55,0.10909090909090909,-0.16363636363636364,0.5818181818181818
82,22,57,0.2807017543859649,0.07017543859649122,0.38596491228070173
82,23,46,0.1956521739130435,-0.4347826086956522,0.4782608695652174
82,24,48,0.2708333333333333,0.020833333333333315,0.08333333333333337
82,25,81,0.38271604938271603,0.30864197530864196,0.0
82,26,73,0.4246575342465753,0.273972602739726,0.0
83,0,51,0.2549019607843137,0.2549019607843137,0.23529411764705882
83,1,45,0.08888888888888889,0.044444444444444446,0.37777777777777777
83,2,51,0.09803921568627451,-0.09803921568627451,0.11764705882352942
83,3,54,0.018518518518518517,0.018518518518518517,0.05555555555555555
83,4,49,0.061224489795918366,0.061224489795918366,0.22448979591836732
83,5,53,0.1509433962264151,0.1320754716981132,0.1509433962264151
83,6,52,0.0,0.0,0.15384615384615385
83,7,58,0.08620689655172414,0.08620689655172414,0.3275862068965517
83,8,62,0.016129032258064516,-0.2096774193548387,0.22580645161290325
83,9,66,0.15151515151515152,0.13636363636363635,0.13636363636363638
83,10,71,0.014084507042253521,-0.014084507042253521,0.09859154929577466
83,11,68,0.0,-0.08823529411764706,0.20588235294117646
83,12,54,0.037037037037037035,-0.037037037037037035,0.16666666666666666
83,13,66,0.015151515151515152,-0.030303030303030304,0.19696969696969696
83,14,60,0.05,0.01666666666666667,0.1333333333333333
83,15,54,0.14814814814814814,0.09259259259259259,0.3333333333333333
83,16,71,0.11267605633802817,0.09859154929577466,0.04225352112676055
83,17,60,0.03333333333333333,0.016666666666666666,0.1
83,18,66,0.5909090909090909,0.4545454545454546,0.25757575757575757
83,19,52,0.17307692307692307,0.15384615384615385,0.3269230769230769
83,20,92,0.021739130434782608,0.021739130434782608,0.043478260869565216
83,21,55,0.16363636363636364,-0.10909090909090907,0.5272727272727273
83,22,57,0.07017543859649122,-0.14035087719298245,0.5964912280701754
83,23,46,0.2608695652173913,-0.3695652173913044,0.41304347826086957
83,24,48,0.1875,-0.0625,0.16666666666666669
83,25,81,0.037037037037037035,-0.037037037037037035,0.345679012345679
83,26,73,0.2602739726027397,0.1095890410958904,0.1643835616438356
84,0,51,0.0196078431372549,0.0196078431372549,0.47058823529411764
84,1,45,0.0,-0.044444444444444446,0.4666666666666667
84,2,51,0.058823529411764705,-0.13725490196078433,0.1568627450980392
84,3,54,0.05555555555555555,0.05555555555555555,0.018518518518518517
84,4,49,0.08163265306122448,0.08163265306122448,0.20408163265306123
84,5,53,0.2641509433962264,0.24528301886792453,0.037735849056603765
84,6,52,0.019230769230769232,0.019230769230769232,0.13461538461538464
84,7,58,0.1206896551724138,0.1206896551724138,0.29310344827586204
84,8,62,0.12903225806451613,-0.0967741935483871,0.11290322580645162
84,9,66,0.030303030303030304,0.015151515151515152,0.25757575757575757
84,10,71,0.056338028169014086,0.028169014084507043,0.056338028169014086
84,11,68,0.10294117647058823,0.014705882352941166,0.10294117647058823
84,12,54,0.12962962962962962,0.05555555555555555,0.07407407407407407
84,13,66,0.13636363636363635,0.0909090909090909,0.07575757575757577
84,14,60,0.08333333333333333,0.049999999999999996,0.09999999999999999
84,15,54,0.35185185185185186,0.2962962962962963,0.1296296296296296
84,16,71,0.028169014084507043,0.014084507042253521,0.1267605633802817
84,17,60,0.06666666666666667,0.05,0.06666666666666667
84,18,66,0.07575757575757576,-0.060606060606060594,0.7727272727272727
84,19,52,0.1346153846153846,0.11538461538461538,0.3653846153846154
84,20,92,0.043478260869565216,0.043478260869565216,0.021739130434782608
84,21,55,0.16363636363636364,-0.10909090909090907,0.5272727272727273
84,22,57,0.3508771929824561,0.14035087719298245,0.3157894736842105
84,23,46,0.2391304347826087,-0.391304347826087,0.43478260869565216
84,24,48,0.3333333333333333,0.08333333333333331,0.02083333333333337
84,25,81,0.32098765432098764,0.24691358024691357,0.06172839506172839
84,26,73,0.410958904109589,0.2602739726027397,0.0136986301369863
85,0,51,0.21568627450980393,0.21568627450980393,0.2745098039215686
85,1,45,0.1111111111111111,0.06666666666666665,0.35555555555555557
85,2,51,0.0196078431372549,-0.1764705882352941,0.19607843137254904
85,3,54,0.0,0.0,0.07407407407407407
85,4,49,0.08163265306122448,0.08163265306122448,0.20408163265306123
85,5,53,0.1320754716981132,0.11320754716981132,0.16981132075471697
85,6,52,0.0,0.0,0.15384615384615385
85,7,58,0.017241379310344827,0.017241379310344827,0.39655172413793105
85,8,62,0.0967741935483871,-0.12903225806451613,0.14516129032258066
85,9,66,0.10606060606060606,0.09090909090909091,0.18181818181818182
85,10,71,0.0,-0.028169014084507043,0.11267605633802817
85,11,68,0.014705882352941176,-0.07352941176470588,0.19117647058823528
85,12,54,0.14814814814814814,0.07407407407407407,0.05555555555555555
85,13,66,0.0,-0.045454545454545456,0.21212121212121213
85,14,60,0.03333333333333333,0.0,0.15
85,15,54,0.05555555555555555,0.0,0.42592592592592593
85,16,71,0.15492957746478872,0.1408450704225352,0.0
85,17,60,0.05,0.03333333333333334,0.08333333333333333
85,18,66,0.45454545454545453,0.3181818181818182,0.393939393939394
85,19,52,0.3076923076923077,0.2884615384615385,0.1923076923076923
85,20,92,0.07608695652173914,0.07608695652173914,0.0
85,21,55,0.2545454545454545,-0.018181818181818188,0.4363636363636364
85,22,57,0.08771929824561403,-0.12280701754385964,0.5789473684210527
85,23,46,0.2608695652173913,-0.3695652173913044,0.41304347826086957
85,24,48,0.16666666666666666,-0.08333333333333334,0.18750000000000003
85,25,81,0.08641975308641975,0.012345679012345678,0.2962962962962963
85,26,73,0.273972602739726,0.1232876712328767,0.1506849315068493
86,0,51,0.0,0.0,0.49019607843137253
86,1,45,0.0,-0.044444444444444446,0.4666666666666667
86,2,51,0.0196078431372549,-0.1764705882352941,0.19607843137254904
86,3,54,0.018518518518518517,0.018518518518518517,0.05555555555555555
86,4,49,0.04081632653061224,0.04081632653061224,0.24489795918367346
86,5,53,0.2641509433962264,0.24528301886792453,0.037735849056603765
86,6,52,0.07692307692307693,0.07692307692307693,0.07692307692307693
86,7,58,0.15517241379310345,0.15517241379310345,0.2586206896551724
86,8,62,0.14516129032258066,-0.08064516129032256,0.0967741935483871
86,9,66,0.06060606060606061,0.045454545454545456,0.2272727272727273
86,10,71,0.056338028169014086,0.028169014084507043,0.056338028169014086
86,11,68,0.08823529411764706,0.0,0.1176470588235294
86,12,54,0.1111111111111111,0.037037037037037035,0.09259259259259259
86,13,66,0.18181818181818182,0.13636363636363635,0.030303030303030304
86,14,60,0.15,0.11666666666666667,0.033333333333333326
86,15,54,0.42592592592592593,0.37037037037037035,0.055555555555555525
86,16,71,0.014084507042253521,0.0,0.1408450704225352
86,17,60,0.06666666666666667,0.05,0.06666666666666667
86,18,66,0.045454545454545456,-0.0909090909090909,0.8030303030303031
86,19,52,0.057692307692307696,0.038461538461538464,0.4423076923076923
86,20,92,0.05434782608695652,0.05434782608695652,0.021739130434782615
86,21,55,0.16363636363636364,-0.10909090909090907,0.5272727272727273
86,22,57,0.3333333333333333,0.12280701754385964,0.3333333333333333
86,23,46,0.21739130434782608,-0.4130434782608696,0.4565217391304348
86,24,48,0.4375,0.1875,0.0
86,25,81,0.2345679012345679,0.16049382716049382,0.14814814814814814
86,26,73,0.3972602739726027,0.2465753424657534,0.0273972602739726
87,0,51,0.1568627450980392,0.1568627450980392,0.3333333333333333
87,1,45,0.1111111111111111,0.06666666666666665,0.35555555555555557
87,2,51,0.0784313725490196,-0.11764705882352941,0.13725490196078433
87,3,54,0.018518518518518517,0.018518518518518517,0.05555555555555555
87,4,49,0.061224489795918366,0.061224489795918366,0.22448979591836732
87,5,53,0.09433962264150944,0.07547169811320756,0.20754716981132074
87,6,52,0.019230769230769232,0.019230769230769232,0.13461538461538464
87,7,58,0.017241379310344827,0.017241379310344827,0.39655172413793105
87,8,62,0.08064516129032258,-0.14516129032258063,0.16129032258064518
87,9,66,0.15151515151515152,0.13636363636363635,0.13636363636363638
87,10,71,0.0,-0.028169014084507043,0.11267605633802817
87,11,68,0.0,-0.08823529411764706,0.20588235294117646
87,12,54,0.12962962962962962,0.05555555555555555,0.07407407407407407
87,13,66,0.0,-0.045454545454545456,0.21212121212121213
87,14,60,0.03333333333333333,0.0,0.15
87,15,54,0.037037037037037035,-0.018518518518518517,0.4444444444444444
87,16,71,0.11267605633802817,0.09859154929577466,0.04225352112676055
87,17,60,0.05,0.03333333333333334,0.08333333333333333
87,18,66,0.45454545454545453,0.3181818181818182,0.393939393939394
87,19,52,0.34615384615384615,0.3269230769230769,0.15384615384615385
87,20,92,0.07608695652173914,0.07608695652173914,0.0
87,21,55,0.21818181818181817,-0.054545454545454536,0.4727272727272728
87,22,57,0.017543859649122806,-0.19298245614035087,0.6491228070175439
87,23,46,0.32608695652173914,-0.30434782608695654,0.34782608695652173
87,24,48,0.20833333333333334,-0.04166666666666666,0.22916666666666666
87,25,81,0.07407407407407407,0.0,0.30864197530864196
87,26,73,0.2054794520547945,0.0547945205479452,0.2191780821917808
88,0,51,0.0392156862745098,0.0392156862745098,0.4509803921568627
88,1,45,0.0,-0.044444444444444446,0.4666666666666667
88,2,51,0.0392156862745098,-0.1568627450980392,0.17647058823529413
88,3,54,0.0,0.0,0.07407407407407407
88,4,49,0.061224489795918366,0.061224489795918366,0.22448979591836732
88,5,53,0.16981132075471697,0.1509433962264151,0.1320754716981132
88,6,52,0.057692307692307696,0.057692307692307696,0.09615384615384616
88,7,58,0.1206896551724138,0.1206896551724138,0.29310344827586204
88,8,62,0.1774193548387097,-0.04838709677419353,0.06451612903225806
88,9,66,0.0,-0.015151515151515152,0.2878787878787879
88,10,71,0.08450704225352113,0.05633802816901408,0.028169014084507046
88,11,68,0.07352941176470588,-0.01470588235294118,0.13235294117647056
88,12,54,0.14814814814814814,0.07407407407407407,0.05555555555555555
88,13,66,0.12121212121212122,0.07575757575757576,0.09090909090909091
88,14,60,0.1,0.06666666666666668,0.08333333333333331
88,15,54,0.4444444444444444,0.38888888888888884,0.037037037037037035
88,16,71,0.014084507042253521,0.0,0.1408450704225352
88,17,60,0.016666666666666666,0.0,0.11666666666666667
88,18,66,0.030303030303030304,-0.10606060606060605,0.8181818181818182
88,19,52,0.0,-0.019230769230769232,0.5
88,20,92,0.043478260869565216,0.043478260869565216,0.03260869565217392
88,21,55,0.14545454545454545,-0.12727272727272726,0.5454545454545454
88,22,57,0.3333333333333333,0.12280701754385964,0.3333333333333333
88,23,46,0.17391304347826086,-0.4565217391304348,0.5
88,24,48,0.2916666666666667,0.041666666666666685,0.14583333333333331
88,25,81,0.37037037037037035,0.2962962962962963,0.012345679012345678
88,26,73,0.3561643835616438,0.2054794520547945,0.0684931506849315
89,0,51,0.17647058823529413,0.17647058823529413,0.3137254901960784
89,1,45,0.06666666666666667,0.02222222222222222,0.4
89,2,51,0.09803921568627451,-0.09803921568627451,0.11764705882352942
89,3,54,0.0,0.0,0.07407407407407407
89,4,49,0.10204081632653061,0.10204081632653061,0.18367346938775508
89,5,53,0.11320754716981132,0.09433962264150944,0.18867924528301885
89,6,52,0.0,0.0,0.15384615384615385
89,7,58,0.034482758620689655,0.034482758620689655,0.3793103448275862
89,8,62,0.03225806451612903,-0.1935483870967742,0.20967741935483872
89,9,66,0.16666666666666666,0.1515151515151515,0.12121212121212124
89,10,71,0.0,-0.028169014084507043,0.11267605633802817
89,11,68,0.029411764705882353,-0.05882352941176471,0.1764705882352941
89,12,54,0.07407407407407407,0.0,0.12962962962962962
89,13,66,0.0,-0.045454545454545456,0.21212121212121213
89,14,60,0.03333333333333333,0.0,0.15
89,15,54,0.07407407407407407,0.018518518518518517,0.4074074074074074
89,16,71,0.14084507042253522,0.1267605633802817,0.014084507042253502
89,17,60,0.06666666666666667,0.05,0.06666666666666667
89,18,66,0.4393939393939394,0.30303030303030304,0.4090909090909091
89,19,52,0.28846153846153844,0.2692307692307692,0.21153846153846156
89,20,92,0.043478260869565216,0.043478260869565216,0.03260869565217392
89,21,55,0.21818181818181817,-0.054545454545454536,0.4727272727272728
89,22,57,0.0,-0.21052631578947367,0.6666666666666666
89,23,46,0.34782608695652173,-0.28260869565217395,0.32608695652173914
89,24,48,0.125,-0.125,0.3125
89,25,81,0.04938271604938271,-0.024691358024691357,0.3333333333333333
89,26,73,0.2465753424657534,0.0958904109589041,0.1780821917808219
90,0,51,0.0,0.0,0.49019607843137253
90,1,45,0.0,-0.044444444444444446,0.4666666666666667
90,2,51,0.0392156862745098,-0.1568627450980392,0.17647058823529413
90,3,54,0.0,0.0,0.07407407407407407
90,4,49,0.08163265306122448,0.08163265306122448,0.20408163265306123
90,5,53,0.18867924528301888,0.169811320754717,0.1132075471698113
90,6,52,0.038461538461538464,0.038461538461538464,0.11538461538461539
90,7,58,0.1206896551724138,0.1206896551724138,0.29310344827586204
90,8,62,0.12903225806451613,-0.0967741935483871,0.11290322580645162
90,9,66,0.030303030303030304,0.015151515151515152,0.25757575757575757
90,10,71,0.04225352112676056,0.01408450704225352,0.07042253521126761
90,11,68,0.07352941176470588,-0.01470588235294118,0.13235294117647056
90,12,54,0.14814814814814814,0.07407407407407407,0.05555555555555555
90,13,66,0.09090909090909091,0.045454545454545456,0.12121212121212122
90,14,60,0.11666666666666667,0.08333333333333334,0.06666666666666665
90,15,54,0.5185185185185185,0.4629629629629629,0.0
90,16,71,0.028169014084507043,0.014084507042253521,0.1267605633802817
90,17,60,0.0,-0.016666666666666666,0.13333333333333333
90,18,66,0.030303030303030304,-0.10606060606060605,0.8181818181818182
90,19,52,0.019230769230769232,0.0,0.4807692307692308
90,20,92,0.043478260869565216,0.043478260869565216,0.03260869565217392
90,21,55,0.14545454545454545,-0.12727272727272726,0.5454545454545454
90,22,57,0.38596491228070173,0.17543859649122806,0.2807017543859649
90,23,46,0.17391304347826086,-0.4565217391304348,0.5
90,24,48,0.16666666666666666,-0.08333333333333334,0.27083333333333337
90,25,81,0.25925925925925924,0.18518518518518517,0.12345679012345678
90,26,73,0.3698630136986301,0.2191780821917808,0.0547945205479452
