round,class_id,n,acc,bwt,forgetting
1,0,51,0.8431372549019608,,
1,1,45,0.4222222222222222,,
1,2,51,0.0,,
1,3,54,0.0,,
1,4,49,0.0,,
1,5,53,0.0,,
1,6,52,0.0,,
1,7,58,0.0,,
1,8,62,0.0,,
2,0,51,0.0,-0.8431372549019608,0.8431372549019608
2,1,45,1.0,0.5777777777777777,0.0
2,2,51,0.0,0.0,0.0
2,3,54,0.0,0.0,0.0
2,4,49,0.0,0.0,0.0
2,5,53,0.0,0.0,0.0
2,6,52,0.0,0.0,0.0
2,7,58,0.0,0.0,0.0
2,8,62,0.0,0.0,0.0
3,0,51,0.9803921568627451,0.13725490196078427,0.0
3,1,45,0.0,-0.4222222222222222,1.0
3,2,51,0.0,0.0,0.0
3,3,54,0.0,0.0,0.0
3,4,49,0.02040816326530612,0.02040816326530612,0.0
3,5,53,0.0,0.0,0.0
3,6,52,0.0,0.0,0.0
3,7,58,0.0,0.0,0.0
3,8,62,0.0,0.0,0.0
4,0,51,0.27450980392156865,-0.5686274509803921,0.7058823529411764
4,1,45,0.7333333333333333,0.31111111111111106,0.2666666666666667
4,2,51,0.0,0.0,0.0
4,3,54,0.0,0.0,0.0
4,4,49,0.12244897959183673,0.12244897959183673,0.0
4,5,53,0.0,0.0,0.0
4,6,52,0.0,0.0,0.0
4,7,58,0.0,0.0,0.0
4,8,62,0.0,0.0,0.0
5,0,51,0.6470588235294118,-0.196078431372549,0.33333333333333326
5,1,45,0.0,-0.4222222222222222,1.0
5,2,51,0.17647058823529413,0.17647058823529413,0.0
5,3,54,0.018518518518518517,0.018518518518518517,0.0
5,4,49,0.5918367346938775,0.5918367346938775,0.0
5,5,53,0.0,0.0,0.0
5,6,52,0.019230769230769232,0.019230769230769232,0.0
5,7,58,0.0,0.0,0.0
5,8,62,0.43548387096774194,0.43548387096774194,0.0
6,0,51,0.43137254901960786,-0.4117647058823529,0.5490196078431372
6,1,45,0.6444444444444445,0.22222222222222227,0.3555555555555555
6,2,51,0.0,0.0,0.17647058823529413
6,3,54,0.0,0.0,0.018518518518518517
6,4,49,0.4897959183673469,0.4897959183673469,0.10204081632653061
6,5,53,0.0,0.0,0.0
6,6,52,0.0,0.0,0.019230769230769232
6,7,58,0.0,0.0,0.0
6,8,62,0.0967741935483871,0.0967741935483871,0.33870967741935487
7,0,51,0.5098039215686274,-0.33333333333333337,0.47058823529411764
7,1,45,0.4444444444444444,0.0222222222222222,0.5555555555555556
7,2,51,0.37254901960784315,0.37254901960784315,0.0
7,3,54,0.037037037037037035,0.037037037037037035,0.0
7,4,49,0.5306122448979592,0.5306122448979592,0.061224489795918324
7,5,53,0.0,0.0,0.0
7,6,52,0.019230769230769232,0.019230769230769232,0.0
7,7,58,0.017241379310344827,0.017241379310344827,0.0
7,8,62,0.5,0.5,0.0
8,0,51,0.29411764705882354,-0.5490196078431373,0.6862745098039216
8,1,45,0.5111111111111111,0.08888888888888885,0.48888888888888893
8,2,51,0.0,0.0,0.37254901960784315
8,3,54,0.018518518518518517,0.018518518518518517,0.018518518518518517
8,4,49,0.673469387755102,0.673469387755102,0.0
8,5,53,0.0,0.0,0.0
8,6,52,0.0,0.0,0.019230769230769232
8,7,58,0.0,0.0,0.017241379310344827
8,8,62,0.5645161290322581,0.5645161290322581,0.0
9,0,51,0.5294117647058824,-0.3137254901960784,0.4509803921568627
9,1,45,0.4444444444444444,0.0222222222222222,0.5555555555555556
9,2,51,0.2549019607843137,0.2549019607843137,0.11764705882352944
9,3,54,0.16666666666666666,0.16666666666666666,0.0
9,4,49,0.5102040816326531,0.5102040816326531,0.16326530612244894
9,5,53,0.07547169811320754,0.07547169811320754,0.0
9,6,52,0.019230769230769232,0.019230769230769232,0.0
9,7,58,0.0,0.0,0.017241379310344827
9,8,62,0.5967741935483871,0.5967741935483871,0.0
10,0,51,0.5686274509803921,-0.27450980392156865,0.4117647058823529
10,1,45,0.4444444444444444,0.0222222222222222,0.5555555555555556
10,2,51,0.1568627450980392,0.1568627450980392,0.21568627450980393
10,3,54,0.1111111111111111,0.1111111111111111,0.05555555555555555
10,4,49,0.6122448979591837,0.6122448979591837,0.061224489795918324
10,5,53,0.03773584905660377,0.03773584905660377,0.03773584905660377
10,6,52,0.019230769230769232,0.019230769230769232,0.0
10,7,58,0.0,0.0,0.017241379310344827
10,8,62,0.5161290322580645,0.5161290322580645,0.08064516129032262
11,0,51,0.0,-0.8431372549019608,0.9803921568627451
11,1,45,0.0,-0.4222222222222222,1.0
11,2,51,0.0,0.0,0.37254901960784315
11,3,54,0.0,0.0,0.16666666666666666
11,4,49,0.0,0.0,0.673469387755102
11,5,53,0.0,0.0,0.07547169811320754
11,6,52,0.0,0.0,0.019230769230769232
11,7,58,0.0,0.0,0.017241379310344827
11,8,62,0.0,0.0,0.5967741935483871
11,9,66,0.12121212121212122,,
11,10,71,0.0,,
11,11,68,0.014705882352941176,,
11,12,54,0.0,,
11,13,66,0.0,,
11,14,60,0.0,,
11,15,54,0.7592592592592593,,
11,16,71,0.5352112676056338,,
11,17,60,0.0,,
12,0,51,0.0,-0.8431372549019608,0.9803921568627451
12,1,45,0.0,-0.4222222222222222,1.0
12,2,51,0.0,0.0,0.37254901960784315
12,3,54,0.0,0.0,0.16666666666666666
12,4,49,0.0,0.0,0.673469387755102
12,5,53,0.0,0.0,0.07547169811320754
12,6,52,0.0,0.0,0.019230769230769232
12,7,58,0.0,0.0,0.017241379310344827
12,8,62,0.0,0.0,0.5967741935483871
12,9,66,0.9242424242424242,0.803030303030303,0.0
12,10,71,0.028169014084507043,0.028169014084507043,0.0
12,11,68,0.0,-0.014705882352941176,0.014705882352941176
12,12,54,0.0,0.0,0.0
12,13,66,0.0,0.0,0.0
12,14,60,0.0,0.0,0.0
12,15,54,0.0,-0.7592592592592593,0.7592592592592593
12,16,71,0.15492957746478872,-0.380281690140845,0.380281690140845
12,17,60,0.05,0.05,0.0
13,0,51,0.0,-0.8431372549019608,0.9803921568627451
13,1,45,0.0,-0.4222222222222222,1.0
13,2,51,0.0,0.0,0.37254901960784315
13,3,54,0.0,0.0,0.16666666666666666
13,4,49,0.0,0.0,0.673469387755102
13,5,53,0.0,0.0,0.07547169811320754
13,6,52,0.0,0.0,0.019230769230769232
13,7,58,0.0,0.0,0.017241379310344827
13,8,62,0.0,0.0,0.5967741935483871
13,9,66,0.0,-0.12121212121212122,0.9242424242424242
13,10,71,0.19718309859154928,0.19718309859154928,0.0
13,11,68,0.04411764705882353,0.029411764705882356,0.0
13,12,54,0.1111111111111111,0.1111111111111111,0.0
13,13,66,0.045454545454545456,0.045454545454545456,0.0
13,14,60,0.11666666666666667,0.11666666666666667,0.0
13,15,54,0.35185185185185186,-0.40740740740740744,0.40740740740740744
13,16,71,0.5070422535211268,-0.028169014084507005,0.028169014084507005
13,17,60,0.25,0.25,0.0
14,0,51,0.0,-0.8431372549019608,0.9803921568627451
14,1,45,0.0,-0.4222222222222222,1.0
14,2,51,0.0,0.0,0.37254901960784315
14,3,54,0.0,0.0,0.16666666666666666
14,4,49,0.0,0.0,0.673469387755102
14,5,53,0.0,0.0,0.07547169811320754
14,6,52,0.0,0.0,0.019230769230769232
14,7,58,0.0,0.0,0.017241379310344827
14,8,62,0.0,0.0,0.5967741935483871
14,9,66,0.7878787878787878,0.6666666666666666,0.13636363636363635
14,10,71,0.0,0.0,0.19718309859154928
14,11,68,0.19117647058823528,0.1764705882352941,0.0
14,12,54,0.018518518518518517,0.018518518518518517,0.09259259259259259
14,13,66,0.0,0.0,0.045454545454545456
14,14,60,0.0,0.0,0.11666666666666667
14,15,54,0.12962962962962962,-0.6296296296296297,0.6296296296296297
14,16,71,0.29577464788732394,-0.23943661971830982,0.23943661971830982
14,17,60,0.0,0.0,0.25
15,0,51,0.0,-0.8431372549019608,0.9803921568627451
15,1,45,0.0,-0.4222222222222222,1.0
15,2,51,0.0,0.0,0.37254901960784315
15,3,54,0.0,0.0,0.16666666666666666
15,4,49,0.0,0.0,0.673469387755102
15,5,53,0.0,0.0,0.07547169811320754
15,6,52,0.0,0.0,0.019230769230769232
15,7,58,0.0,0.0,0.017241379310344827
15,8,62,0.0,0.0,0.5967741935483871
15,9,66,0.0,-0.12121212121212122,0.9242424242424242
15,10,71,0.11267605633802817,0.11267605633802817,0.08450704225352111
15,11,68,0.36764705882352944,0.35294117647058826,0.0
15,12,54,0.25925925925925924,0.25925925925925924,0.0
15,13,66,0.16666666666666666,0.16666666666666666,0.0
15,14,60,0.03333333333333333,0.03333333333333333,0.08333333333333334
15,15,54,0.37037037037037035,-0.38888888888888895,0.38888888888888895
15,16,71,0.4647887323943662,-0.07042253521126757,0.07042253521126757
15,17,60,0.23333333333333334,0.23333333333333334,0.016666666666666663
16,0,51,0.0,-0.8431372549019608,0.9803921568627451
16,1,45,0.0,-0.4222222222222222,1.0
16,2,51,0.0,0.0,0.37254901960784315
16,3,54,0.0,0.0,0.16666666666666666
16,4,49,0.0,0.0,0.673469387755102
16,5,53,0.0,0.0,0.07547169811320754
16,6,52,0.0,0.0,0.019230769230769232
16,7,58,0.0,0.0,0.017241379310344827
16,8,62,0.0,0.0,0.5967741935483871
16,9,66,0.696969696969697,0.5757575757575758,0.22727272727272718
16,10,71,0.0,0.0,0.19718309859154928
16,11,68,0.35294117647058826,0.3382352941176471,0.01470588235294118
16,12,54,0.14814814814814814,0.14814814814814814,0.1111111111111111
16,13,66,0.0,0.0,0.16666666666666666
16,14,60,0.0,0.0,0.11666666666666667
16,15,54,0.2222222222222222,-0.5370370370370371,0.5370370370370371
16,16,71,0.3380281690140845,-0.19718309859154926,0.19718309859154926
16,17,60,0.1,0.1,0.15
17,0,51,0.0,-0.8431372549019608,0.9803921568627451
17,1,45,0.0,-0.4222222222222222,1.0
17,2,51,0.0,0.0,0.37254901960784315
17,3,54,0.0,0.0,0.16666666666666666
17,4,49,0.0,0.0,0.673469387755102
17,5,53,0.0,0.0,0.07547169811320754
17,6,52,0.0,0.0,0.019230769230769232
17,7,58,0.0,0.0,0.017241379310344827
17,8,62,0.0,0.0,0.5967741935483871
17,9,66,0.045454545454545456,-0.07575757575757576,0.8787878787878788
17,10,71,0.1267605633802817,0.1267605633802817,0.0704225352112676
17,11,68,0.36764705882352944,0.35294117647058826,0.0
17,12,54,0.24074074074074073,0.24074074074074073,0.018518518518518517
17,13,66,0.19696969696969696,0.19696969696969696,0.0
17,14,60,0.08333333333333333,0.08333333333333333,0.03333333333333334
17,15,54,0.4074074074074074,-0.3518518518518519,0.3518518518518519
17,16,71,0.43661971830985913,-0.09859154929577463,0.09859154929577463
17,17,60,0.2833333333333333,0.2833333333333333,0.0
18,0,51,0.0,-0.8431372549019608,0.9803921568627451
18,1,45,0.0,-0.4222222222222222,1.0
18,2,51,0.0,0.0,0.37254901960784315
18,3,54,0.0,0.0,0.16666666666666666
18,4,49,0.0,0.0,0.673469387755102
18,5,53,0.0,0.0,0.07547169811320754
18,6,52,0.0,0.0,0.019230769230769232
18,7,58,0.0,0.0,0.017241379310344827
18,8,62,0.0,0.0,0.5967741935483871
18,9,66,0.6060606060606061,0.48484848484848486,0.3181818181818181
18,10,71,0.0,0.0,0.19718309859154928
18,11,68,0.5147058823529411,0.49999999999999994,0.0
18,12,54,0.37037037037037035,0.37037037037037035,0.0
18,13,66,0.0,0.0,0.19696969696969696
18,14,60,0.0,0.0,0.11666666666666667
18,15,54,0.24074074074074073,-0.5185185185185186,0.5185185185185186
18,16,71,0.23943661971830985,-0.2957746478873239,0.2957746478873239
18,17,60,0.13333333333333333,0.13333333333333333,0.15
19,0,51,0.0,-0.8431372549019608,0.9803921568627451
19,1,45,0.0,-0.4222222222222222,1.0
19,2,51,0.0,0.0,0.37254901960784315
19,3,54,0.0,0.0,0.16666666666666666
19,4,49,0.0,0.0,0.673469387755102
19,5,53,0.0,0.0,0.07547169811320754
19,6,52,0.0,0.0,0.019230769230769232
19,7,58,0.0,0.0,0.017241379310344827
19,8,62,0.0,0.0,0.5967741935483871
19,9,66,0.09090909090909091,-0.030303030303030304,0.8333333333333333
19,10,71,0.1267605633802817,0.1267605633802817,0.0704225352112676
19,11,68,0.3235294117647059,0.3088235294117647,0.19117647058823523
19,12,54,0.25925925925925924,0.25925925925925924,0.1111111111111111
19,13,66,0.15151515151515152,0.15151515151515152,0.04545454545454544
19,14,60,0.11666666666666667,0.11666666666666667,0.0
19,15,54,0.4444444444444444,-0.3148148148148149,0.3148148148148149
19,16,71,0.4225352112676056,-0.11267605633802813,0.11267605633802813
19,17,60,0.3,0.3,0.0
20,0,51,0.0,-0.8431372549019608,0.9803921568627451
20,1,45,0.0,-0.4222222222222222,1.0
20,2,51,0.0,0.0,0.37254901960784315
20,3,54,0.0,0.0,0.16666666666666666
20,4,49,0.0,0.0,0.673469387755102
20,5,53,0.0,0.0,0.07547169811320754
20,6,52,0.0,0.0,0.019230769230769232
20,7,58,0.0,0.0,0.017241379310344827
20,8,62,0.0,0.0,0.5967741935483871
20,9,66,0.6515151515151515,0.5303030303030303,0.2727272727272727
20,10,71,0.028169014084507043,0.028169014084507043,0.16901408450704225
20,11,68,0.5441176470588235,0.5294117647058824,0.0
20,12,54,0.46296296296296297,0.46296296296296297,0.0
20,13,66,0.0,0.0,0.19696969696969696
20,14,60,0.0,0.0,0.11666666666666667
20,15,54,0.2222222222222222,-0.5370370370370371,0.5370370370370371
20,16,71,0.2535211267605634,-0.2816901408450704,0.2816901408450704
20,17,60,0.16666666666666666,0.16666666666666666,0.13333333333333333
21,0,51,0.0,-0.8431372549019608,0.9803921568627451
21,1,45,0.0,-0.4222222222222222,1.0
21,2,51,0.0,0.0,0.37254901960784315
21,3,54,0.0,0.0,0.16666666666666666
21,4,49,0.0,0.0,0.673469387755102
21,5,53,0.0,0.0,0.07547169811320754
21,6,52,0.0,0.0,0.019230769230769232
21,7,58,0.0,0.0,0.017241379310344827
21,8,62,0.0,0.0,0.5967741935483871
21,9,66,0.0,-0.12121212121212122,0.9242424242424242
21,10,71,0.0,0.0,0.19718309859154928
21,11,68,0.0,-0.014705882352941176,0.5441176470588235
21,12,54,0.0,0.0,0.46296296296296297
21,13,66,0.0,0.0,0.19696969696969696
21,14,60,0.0,0.0,0.11666666666666667
21,15,54,0.0,-0.7592592592592593,0.7592592592592593
21,16,71,0.0,-0.5352112676056338,0.5352112676056338
21,17,60,0.0,0.0,0.3
21,18,66,0.8484848484848485,,
21,19,52,0.5192307692307693,,
21,20,92,0.021739130434782608,,
21,21,55,0.0,,
21,22,57,0.0,,
21,23,46,0.0,,
21,24,48,0.0,,
21,25,81,0.0,,
21,26,73,0.0,,
22,0,51,0.0,-0.8431372549019608,0.9803921568627451
22,1,45,0.0,-0.4222222222222222,1.0
22,2,51,0.0,0.0,0.37254901960784315
22,3,54,0.0,0.0,0.16666666666666666
22,4,49,0.0,0.0,0.673469387755102
22,5,53,0.0,0.0,0.07547169811320754
22,6,52,0.0,0.0,0.019230769230769232
22,7,58,0.0,0.0,0.017241379310344827
22,8,62,0.0,0.0,0.5967741935483871
22,9,66,0.0,-0.12121212121212122,0.9242424242424242
22,10,71,0.0,0.0,0.19718309859154928
22,11,68,0.0,-0.014705882352941176,0.5441176470588235
22,12,54,0.0,0.0,0.46296296296296297
22,13,66,0.0,0.0,0.19696969696969696
22,14,60,0.0,0.0,0.11666666666666667
22,15,54,0.0,-0.7592592592592593,0.7592592592592593
22,16,71,0.0,-0.5352112676056338,0.5352112676056338
22,17,60,0.0,0.0,0.3
22,18,66,0.0,-0.8484848484848485,0.8484848484848485
22,19,52,0.1346153846153846,-0.3846153846153847,0.3846153846153847
22,20,92,0.07608695652173914,0.05434782608695653,0.0
22,21,55,0.01818181818181818,0.01818181818181818,0.0
22,22,57,0.0,0.0,0.0
22,23,46,0.13043478260869565,0.13043478260869565,0.0
22,24,48,0.041666666666666664,0.041666666666666664,0.0
22,25,81,0.4691358024691358,0.4691358024691358,0.0
22,26,73,0.589041095890411,0.589041095890411,0.0
23,0,51,0.0,-0.8431372549019608,0.9803921568627451
23,1,45,0.0,-0.4222222222222222,1.0
23,2,51,0.0,0.0,0.37254901960784315
23,3,54,0.0,0.0,0.16666666666666666
23,4,49,0.0,0.0,0.673469387755102
23,5,53,0.0,0.0,0.07547169811320754
23,6,52,0.0,0.0,0.019230769230769232
23,7,58,0.0,0.0,0.017241379310344827
23,8,62,0.0,0.0,0.5967741935483871
23,9,66,0.0,-0.12121212121212122,0.9242424242424242
23,10,71,0.0,0.0,0.19718309859154928
23,11,68,0.0,-0.014705882352941176,0.5441176470588235
23,12,54,0.0,0.0,0.46296296296296297
23,13,66,0.0,0.0,0.19696969696969696
23,14,60,0.0,0.0,0.11666666666666667
23,15,54,0.0,-0.7592592592592593,0.7592592592592593
23,16,71,0.0,-0.5352112676056338,0.5352112676056338
23,17,60,0.0,0.0,0.3
23,18,66,0.8181818181818182,-0.030303030303030276,0.030303030303030276
23,19,52,0.34615384615384615,-0.17307692307692313,0.17307692307692313
23,20,92,0.0,-0.021739130434782608,0.07608695652173914
23,21,55,0.0,0.0,0.01818181818181818
23,22,57,0.0,0.0,0.0
23,23,46,0.06521739130434782,0.06521739130434782,0.06521739130434782
23,24,48,0.0,0.0,0.041666666666666664
23,25,81,0.35802469135802467,0.35802469135802467,0.1111111111111111
23,26,73,0.0410958904109589,0.0410958904109589,0.547945205479452
24,0,51,0.0,-0.8431372549019608,0.9803921568627451
24,1,45,0.0,-0.4222222222222222,1.0
24,2,51,0.0,0.0,0.37254901960784315
24,3,54,0.0,0.0,0.16666666666666666
24,4,49,0.0,0.0,0.673469387755102
24,5,53,0.0,0.0,0.07547169811320754
24,6,52,0.0,0.0,0.019230769230769232
24,7,58,0.0,0.0,0.017241379310344827
24,8,62,0.0,0.0,0.5967741935483871
24,9,66,0.0,-0.12121212121212122,0.9242424242424242
24,10,71,0.0,0.0,0.19718309859154928
24,11,68,0.0,-0.014705882352941176,0.5441176470588235
24,12,54,0.0,0.0,0.46296296296296297
24,13,66,0.0,0.0,0.19696969696969696
24,14,60,0.0,0.0,0.11666666666666667
24,15,54,0.0,-0.7592592592592593,0.7592592592592593
24,16,71,0.0,-0.5352112676056338,0.5352112676056338
24,17,60,0.0,0.0,0.3
24,18,66,0.696969696969697,-0.1515151515151515,0.1515151515151515
24,19,52,0.38461538461538464,-0.13461538461538464,0.13461538461538464
24,20,92,0.021739130434782608,0.0,0.05434782608695653
24,21,55,0.0,0.0,0.01818181818181818
24,22,57,0.05263157894736842,0.05263157894736842,0.0
24,23,46,0.30434782608695654,0.30434782608695654,0.0
24,24,48,0.0625,0.0625,0.0
24,25,81,0.5679012345679012,0.5679012345679012,0.0
24,26,73,0.3287671232876712,0.3287671232876712,0.26027397260273977
25,0,51,0.0,-0.8431372549019608,0.9803921568627451
25,1,45,0.0,-0.4222222222222222,1.0
25,2,51,0.0,0.0,0.37254901960784315
25,3,54,0.0,0.0,0.16666666666666666
25,4,49,0.0,0.0,0.673469387755102
25,5,53,0.0,0.0,0.07547169811320754
25,6,52,0.0,0.0,0.019230769230769232
25,7,58,0.0,0.0,0.017241379310344827
25,8,62,0.0,0.0,0.5967741935483871
25,9,66,0.0,-0.12121212121212122,0.9242424242424242
25,10,71,0.0,0.0,0.19718309859154928
25,11,68,0.0,-0.014705882352941176,0.5441176470588235
25,12,54,0.0,0.0,0.46296296296296297
25,13,66,0.0,0.0,0.19696969696969696
25,14,60,0.0,0.0,0.11666666666666667
25,15,54,0.0,-0.7592592592592593,0.7592592592592593
25,16,71,0.0,-0.5352112676056338,0.5352112676056338
25,17,60,0.0,0.0,0.3
25,18,66,0.7121212121212122,-0.13636363636363635,0.13636363636363635
25,19,52,0.46153846153846156,-0.05769230769230771,0.05769230769230771
25,20,92,0.010869565217391304,-0.010869565217391304,0.06521739130434784
25,21,55,0.0,0.0,0.01818181818181818
25,22,57,0.24561403508771928,0.24561403508771928,0.0
25,23,46,0.2608695652173913,0.2608695652173913,0.043478260869565244
25,24,48,0.0625,0.0625,0.0
25,25,81,0.5925925925925926,0.5925925925925926,0.0
25,26,73,0.3013698630136986,0.3013698630136986,0.28767123287671237
26,0,51,0.0,-0.8431372549019608,0.9803921568627451
26,1,45,0.0,-0.4222222222222222,1.0
26,2,51,0.0,0.0,0.37254901960784315
26,3,54,0.0,0.0,0.16666666666666666
26,4,49,0.0,0.0,0.673469387755102
26,5,53,0.0,0.0,0.07547169811320754
26,6,52,0.0,0.0,0.019230769230769232
26,7,58,0.0,0.0,0.017241379310344827
26,8,62,0.0,0.0,0.5967741935483871
26,9,66,0.0,-0.12121212121212122,0.9242424242424242
26,10,71,0.0,0.0,0.19718309859154928
26,11,68,0.0,-0.014705882352941176,0.5441176470588235
26,12,54,0.0,0.0,0.46296296296296297
26,13,66,0.0,0.0,0.19696969696969696
26,14,60,0.0,0.0,0.11666666666666667
26,15,54,0.0,-0.7592592592592593,0.7592592592592593
26,16,71,0.0,-0.5352112676056338,0.5352112676056338
26,17,60,0.0,0.0,0.3
26,18,66,0.7424242424242424,-0.10606060606060608,0.10606060606060608
26,19,52,0.4230769230769231,-0.0961538461538462,0.0961538461538462
26,20,92,0.021739130434782608,0.0,0.05434782608695653
26,21,55,0.0,0.0,0.01818181818181818
26,22,57,0.14035087719298245,0.14035087719298245,0.10526315789473684
26,23,46,0.30434782608695654,0.30434782608695654,0.0
26,24,48,0.0625,0.0625,0.0
26,25,81,0.6172839506172839,0.6172839506172839,0.0
26,26,73,0.3561643835616438,0.3561643835616438,0.23287671232876717
27,0,51,0.0,-0.8431372549019608,0.9803921568627451
27,1,45,0.0,-0.4222222222222222,1.0
27,2,51,0.0,0.0,0.37254901960784315
27,3,54,0.0,0.0,0.16666666666666666
27,4,49,0.0,0.0,0.673469387755102
27,5,53,0.0,0.0,0.07547169811320754
27,6,52,0.0,0.0,0.019230769230769232
27,7,58,0.0,0.0,0.017241379310344827
27,8,62,0.0,0.0,0.5967741935483871
27,9,66,0.0,-0.12121212121212122,0.9242424242424242
27,10,71,0.0,0.0,0.19718309859154928
27,11,68,0.0,-0.014705882352941176,0.5441176470588235
27,12,54,0.0,0.0,0.46296296296296297
27,13,66,0.0,0.0,0.19696969696969696
27,14,60,0.0,0.0,0.11666666666666667
27,15,54,0.0,-0.7592592592592593,0.7592592592592593
27,16,71,0.0,-0.5352112676056338,0.5352112676056338
27,17,60,0.0,0.0,0.3
27,18,66,0.7575757575757576,-0.09090909090909094,0.09090909090909094
27,19,52,0.46153846153846156,-0.05769230769230771,0.05769230769230771
27,20,92,0.021739130434782608,0.0,0.05434782608695653
27,21,55,0.0,0.0,0.01818181818181818
27,22,57,0.22807017543859648,0.22807017543859648,0.017543859649122806
27,23,46,0.2826086956521739,0.2826086956521739,0.02173913043478265
27,24,48,0.10416666666666667,0.10416666666666667,0.0
27,25,81,0.6296296296296297,0.6296296296296297,0.0
27,26,73,0.3287671232876712,0.3287671232876712,0.26027397260273977
28,0,51,0.0,-0.8431372549019608,0.9803921568627451
28,1,45,0.0,-0.4222222222222222,1.0
28,2,51,0.0,0.0,0.37254901960784315
28,3,54,0.0,0.0,0.16666666666666666
28,4,49,0.0,0.0,0.673469387755102
28,5,53,0.0,0.0,0.07547169811320754
28,6,52,0.0,0.0,0.019230769230769232
28,7,58,0.0,0.0,0.017241379310344827
28,8,62,0.0,0.0,0.5967741935483871
28,9,66,0.0,-0.12121212121212122,0.9242424242424242
28,10,71,0.0,0.0,0.19718309859154928
28,11,68,0.0,-0.014705882352941176,0.5441176470588235
28,12,54,0.0,0.0,0.46296296296296297
28,13,66,0.0,0.0,0.19696969696969696
28,14,60,0.0,0.0,0.11666666666666667
28,15,54,0.0,-0.7592592592592593,0.7592592592592593
28,16,71,0.0,-0.5352112676056338,0.5352112676056338
28,17,60,0.0,0.0,0.3
28,18,66,0.7575757575757576,-0.09090909090909094,0.09090909090909094
28,19,52,0.5,-0.019230769230769273,0.019230769230769273
28,20,92,0.010869565217391304,-0.010869565217391304,0.06521739130434784
28,21,55,0.0,0.0,0.01818181818181818
28,22,57,0.14035087719298245,0.14035087719298245,0.10526315789473684
28,23,46,0.32608695652173914,0.32608695652173914,0.0
28,24,48,0.14583333333333334,0.14583333333333334,0.0
28,25,81,0.6790123456790124,0.6790123456790124,0.0
28,26,73,0.3013698630136986,0.3013698630136986,0.28767123287671237
29,0,51,0.0,-0.8431372549019608,0.9803921568627451
29,1,45,0.0,-0.4222222222222222,1.0
29,2,51,0.0,0.0,0.37254901960784315
29,3,54,0.0,0.0,0.16666666666666666
29,4,49,0.0,0.0,0.673469387755102
29,5,53,0.0,0.0,0.07547169811320754
29,6,52,0.0,0.0,0.019230769230769232
29,7,58,0.0,0.0,0.017241379310344827
29,8,62,0.0,0.0,0.5967741935483871
29,9,66,0.0,-0.12121212121212122,0.9242424242424242
29,10,71,0.0,0.0,0.19718309859154928
29,11,68,0.0,-0.014705882352941176,0.5441176470588235
29,12,54,0.0,0.0,0.46296296296296297
29,13,66,0.0,0.0,0.19696969696969696
29,14,60,0.0,0.0,0.11666666666666667
29,15,54,0.0,-0.7592592592592593,0.7592592592592593
29,16,71,0.0,-0.5352112676056338,0.5352112676056338
29,17,60,0.0,0.0,0.3
29,18,66,0.7272727272727273,-0.12121212121212122,0.12121212121212122
29,19,52,0.5,-0.019230769230769273,0.019230769230769273
29,20,92,0.010869565217391304,-0.010869565217391304,0.06521739130434784
29,21,55,0.01818181818181818,0.01818181818181818,0.0
29,22,57,0.14035087719298245,0.14035087719298245,0.10526315789473684
29,23,46,0.32608695652173914,0.32608695652173914,0.0
29,24,48,0.20833333333333334,0.20833333333333334,0.0
29,25,81,0.7530864197530864,0.7530864197530864,0.0
29,26,73,0.3013698630136986,0.3013698630136986,0.28767123287671237
30,0,51,0.0,-0.8431372549019608,0.9803921568627451
30,1,45,0.0,-0.4222222222222222,1.0
30,2,51,0.0,0.0,0.37254901960784315
30,3,54,0.0,0.0,0.16666666666666666
30,4,49,0.0,0.0,0.673469387755102
30,5,53,0.0,0.0,0.07547169811320754
30,6,52,0.0,0.0,0.019230769230769232
30,7,58,0.0,0.0,0.017241379310344827
30,8,62,0.0,0.0,0.5967741935483871
30,9,66,0.0,-0.12121212121212122,0.9242424242424242
30,10,71,0.0,0.0,0.19718309859154928
30,11,68,0.0,-0.014705882352941176,0.5441176470588235
30,12,54,0.0,0.0,0.46296296296296297
30,13,66,0.0,0.0,0.19696969696969696
30,14,60,0.0,0.0,0.11666666666666667
30,15,54,0.0,-0.7592592592592593,0.7592592592592593
30,16,71,0.0,-0.5352112676056338,0.5352112676056338
30,17,60,0.0,0.0,0.3
30,18,66,0.7121212121212122,-0.13636363636363635,0.13636363636363635
30,19,52,0.5,-0.019230769230769273,0.019230769230769273
30,20,92,0.03260869565217391,0.010869565217391304,0.04347826086956522
30,21,55,0.07272727272727272,0.07272727272727272,0.0
30,22,57,0.19298245614035087,0.19298245614035087,0.05263157894736842
30,23,46,0.391304347826087,0.391304347826087,0.0
30,24,48,0.3333333333333333,0.3333333333333333,0.0
30,25,81,0.7160493827160493,0.7160493827160493,0.03703703703703709
30,26,73,0.273972602739726,0.273972602739726,0.31506849315068497
31,0,51,0.0,-0.8431372549019608,0.9803921568627451
31,1,45,0.0,-0.4222222222222222,1.0
31,2,51,0.0,0.0,0.37254901960784315
31,3,54,0.0,0.0,0.16666666666666666
31,4,49,0.0,0.0,0.673469387755102
31,5,53,0.0,0.0,0.07547169811320754
31,6,52,0.0,0.0,0.019230769230769232
31,7,58,0.0,0.0,0.017241379310344827
31,8,62,0.0,0.0,0.5967741935483871
31,9,66,0.0,-0.12121212121212122,0.9242424242424242
31,10,71,0.0,0.0,0.19718309859154928
31,11,68,0.0,-0.014705882352941176,0.5441176470588235
31,12,54,0.0,0.0,0.46296296296296297
31,13,66,0.0,0.0,0.19696969696969696
31,14,60,0.0,0.0,0.11666666666666667
31,15,54,0.0,-0.7592592592592593,0.7592592592592593
31,16,71,0.0,-0.5352112676056338,0.5352112676056338
31,17,60,0.0,0.0,0.3
31,18,66,0.7121212121212122,-0.13636363636363635,0.13636363636363635
31,19,52,0.4423076923076923,-0.07692307692307698,0.07692307692307698
31,20,92,0.06521739130434782,0.043478260869565216,0.010869565217391311
31,21,55,0.16363636363636364,0.16363636363636364,0.0
31,22,57,0.19298245614035087,0.19298245614035087,0.05263157894736842
31,23,46,0.391304347826087,0.391304347826087,0.0
31,24,48,0.375,0.375,0.0
31,25,81,0.691358024691358,0.691358024691358,0.06172839506172845
31,26,73,0.2054794520547945,0.2054794520547945,0.3835616438356165
32,0,51,0.0,-0.8431372549019608,0.9803921568627451
32,1,45,0.0,-0.4222222222222222,1.0
32,2,51,0.0,0.0,0.37254901960784315
32,3,54,0.0,0.0,0.16666666666666666
32,4,49,0.0,0.0,0.673469387755102
32,5,53,0.0,0.0,0.07547169811320754
32,6,52,0.0,0.0,0.019230769230769232
32,7,58,0.0,0.0,0.017241379310344827
32,8,62,0.0,0.0,0.5967741935483871
32,9,66,0.0,-0.12121212121212122,0.9242424242424242
32,10,71,0.0,0.0,0.19718309859154928
32,11,68,0.0,-0.014705882352941176,0.5441176470588235
32,12,54,0.0,0.0,0.46296296296296297
32,13,66,0.0,0.0,0.19696969696969696
32,14,60,0.0,0.0,0.11666666666666667
32,15,54,0.0,-0.7592592592592593,0.7592592592592593
32,16,71,0.0,-0.5352112676056338,0.5352112676056338
32,17,60,0.0,0.0,0.3
32,18,66,0.6818181818181818,-0.16666666666666674,0.16666666666666674
32,19,52,0.5384615384615384,0.019230769230769162,0.0
32,20,92,0.05434782608695652,0.03260869565217391,0.021739130434782615
32,21,55,0.21818181818181817,0.21818181818181817,0.0
32,22,57,0.21052631578947367,0.21052631578947367,0.03508771929824561
32,23,46,0.391304347826087,0.391304347826087,0.0
32,24,48,0.4166666666666667,0.4166666666666667,0.0
32,25,81,0.7283950617283951,0.7283950617283951,0.024691358024691357
32,26,73,0.273972602739726,0.273972602739726,0.31506849315068497
33,0,51,0.0,-0.8431372549019608,0.9803921568627451
33,1,45,0.0,-0.4222222222222222,1.0
33,2,51,0.0,0.0,0.37254901960784315
33,3,54,0.0,0.0,0.16666666666666666
33,4,49,0.0,0.0,0.673469387755102
33,5,53,0.0,0.0,0.07547169811320754
33,6,52,0.0,0.0,0.019230769230769232
33,7,58,0.0,0.0,0.017241379310344827
33,8,62,0.0,0.0,0.5967741935483871
33,9,66,0.0,-0.12121212121212122,0.9242424242424242
33,10,71,0.0,0.0,0.19718309859154928
33,11,68,0.0,-0.014705882352941176,0.5441176470588235
33,12,54,0.0,0.0,0.46296296296296297
33,13,66,0.0,0.0,0.19696969696969696
33,14,60,0.0,0.0,0.11666666666666667
33,15,54,0.0,-0.7592592592592593,0.7592592592592593
33,16,71,0.0,-0.5352112676056338,0.5352112676056338
33,17,60,0.0,0.0,0.3
33,18,66,0.696969696969697,-0.1515151515151515,0.1515151515151515
33,19,52,0.46153846153846156,-0.05769230769230771,0.07692307692307687
33,20,92,0.05434782608695652,0.03260869565217391,0.021739130434782615
33,21,55,0.2909090909090909,0.2909090909090909,0.0
33,22,57,0.19298245614035087,0.19298245614035087,0.05263157894736842
33,23,46,0.43478260869565216,0.43478260869565216,0.0
33,24,48,0.4375,0.4375,0.0
33,25,81,0.7160493827160493,0.7160493827160493,0.03703703703703709
33,26,73,0.273972602739726,0.273972602739726,0.31506849315068497
34,0,51,0.0,-0.8431372549019608,0.9803921568627451
34,1,45,0.0,-0.4222222222222222,1.0
34,2,51,0.0,0.0,0.37254901960784315
34,3,54,0.0,0.0,0.16666666666666666
34,4,49,0.0,0.0,0.673469387755102
34,5,53,0.0,0.0,0.07547169811320754
34,6,52,0.0,0.0,0.019230769230769232
34,7,58,0.0,0.0,0.017241379310344827
34,8,62,0.0,0.0,0.5967741935483871
34,9,66,0.0,-0.12121212121212122,0.9242424242424242
34,10,71,0.0,0.0,0.19718309859154928
34,11,68,0.0,-0.014705882352941176,0.5441176470588235
34,12,54,0.0,0.0,0.46296296296296297
34,13,66,0.0,0.0,0.19696969696969696
34,14,60,0.0,0.0,0.11666666666666667
34,15,54,0.0,-0.7592592592592593,0.7592592592592593
34,16,71,0.0,-0.5352112676056338,0.5352112676056338
34,17,60,0.0,0.0,0.3
34,18,66,0.6818181818181818,-0.16666666666666674,0.16666666666666674
34,19,52,0.4423076923076923,-0.07692307692307698,0.09615384615384615
34,20,92,0.06521739130434782,0.043478260869565216,0.010869565217391311
34,21,55,0.36363636363636365,0.36363636363636365,0.0
34,22,57,0.22807017543859648,0.22807017543859648,0.017543859649122806
34,23,46,0.43478260869565216,0.43478260869565216,0.0
34,24,48,0.4791666666666667,0.4791666666666667,0.0
34,25,81,0.6666666666666666,0.6666666666666666,0.0864197530864198
34,26,73,0.2465753424657534,0.2465753424657534,0.34246575342465757
35,0,51,0.0,-0.8431372549019608,0.9803921568627451
35,1,45,0.0,-0.4222222222222222,1.0
35,2,51,0.0,0.0,0.37254901960784315
35,3,54,0.0,0.0,0.16666666666666666
35,4,49,0.0,0.0,0.673469387755102
35,5,53,0.0,0.0,0.07547169811320754
35,6,52,0.0,0.0,0.019230769230769232
35,7,58,0.0,0.0,0.017241379310344827
35,8,62,0.0,0.0,0.5967741935483871
35,9,66,0.0,-0.12121212121212122,0.9242424242424242
35,10,71,0.0,0.0,0.19718309859154928
35,11,68,0.0,-0.014705882352941176,0.5441176470588235
35,12,54,0.0,0.0,0.46296296296296297
35,13,66,0.0,0.0,0.19696969696969696
35,14,60,0.0,0.0,0.11666666666666667
35,15,54,0.0,-0.7592592592592593,0.7592592592592593
35,16,71,0.0,-0.5352112676056338,0.5352112676056338
35,17,60,0.0,0.0,0.3
35,18,66,0.6515151515151515,-0.19696969696969702,0.19696969696969702
35,19,52,0.40384615384615385,-0.11538461538461542,0.13461538461538458
35,20,92,0.14130434782608695,0.11956521739130434,0.0
35,21,55,0.45454545454545453,0.45454545454545453,0.0
35,22,57,0.21052631578947367,0.21052631578947367,0.03508771929824561
35,23,46,0.43478260869565216,0.43478260869565216,0.0
35,24,48,0.5,0.5,0.0
35,25,81,0.654320987654321,0.654320987654321,0.09876543209876543
35,26,73,0.2876712328767123,0.2876712328767123,0.30136986301369867
36,0,51,0.0,-0.8431372549019608,0.9803921568627451
36,1,45,0.0,-0.4222222222222222,1.0
36,2,51,0.0,0.0,0.37254901960784315
36,3,54,0.0,0.0,0.16666666666666666
36,4,49,0.0,0.0,0.673469387755102
36,5,53,0.0,0.0,0.07547169811320754
36,6,52,0.0,0.0,0.019230769230769232
36,7,58,0.0,0.0,0.017241379310344827
36,8,62,0.0,0.0,0.5967741935483871
36,9,66,0.0,-0.12121212121212122,0.9242424242424242
36,10,71,0.0,0.0,0.19718309859154928
36,11,68,0.0,-0.014705882352941176,0.5441176470588235
36,12,54,0.0,0.0,0.46296296296296297
36,13,66,0.0,0.0,0.19696969696969696
36,14,60,0.0,0.0,0.11666666666666667
36,15,54,0.0,-0.7592592592592593,0.7592592592592593
36,16,71,0.0,-0.5352112676056338,0.5352112676056338
36,17,60,0.0,0.0,0.3
36,18,66,0.6515151515151515,-0.19696969696969702,0.19696969696969702
36,19,52,0.38461538461538464,-0.13461538461538464,0.1538461538461538
36,20,92,0.10869565217391304,0.08695652173913043,0.032608695652173905
36,21,55,0.509090909090909,0.509090909090909,0.0
36,22,57,0.19298245614035087,0.19298245614035087,0.05263157894736842
36,23,46,0.43478260869565216,0.43478260869565216,0.0
36,24,48,0.4791666666666667,0.4791666666666667,0.020833333333333315
36,25,81,0.7530864197530864,0.7530864197530864,0.0
36,26,73,0.3150684931506849,0.3150684931506849,0.27397260273972607
37,0,51,0.0,-0.8431372549019608,0.9803921568627451
37,1,45,0.0,-0.4222222222222222,1.0
37,2,51,0.0,0.0,0.37254901960784315
37,3,54,0.0,0.0,0.16666666666666666
37,4,49,0.0,0.0,0.673469387755102
37,5,53,0.0,0.0,0.07547169811320754
37,6,52,0.0,0.0,0.019230769230769232
37,7,58,0.0,0.0,0.017241379310344827
37,8,62,0.0,0.0,0.5967741935483871
37,9,66,0.0,-0.12121212121212122,0.9242424242424242
37,10,71,0.0,0.0,0.19718309859154928
37,11,68,0.0,-0.014705882352941176,0.5441176470588235
37,12,54,0.0,0.0,0.46296296296296297
37,13,66,0.0,0.0,0.19696969696969696
37,14,60,0.0,0.0,0.11666666666666667
37,15,54,0.0,-0.7592592592592593,0.7592592592592593
37,16,71,0.0,-0.5352112676056338,0.5352112676056338
37,17,60,0.0,0.0,0.3
37,18,66,0.6515151515151515,-0.19696969696969702,0.19696969696969702
37,19,52,0.4230769230769231,-0.0961538461538462,0.11538461538461536
37,20,92,0.09782608695652174,0.07608695652173914,0.0434782608695652
37,21,55,0.4727272727272727,0.4727272727272727,0.03636363636363632
37,22,57,0.21052631578947367,0.21052631578947367,0.03508771929824561
37,23,46,0.391304347826087,0.391304347826087,0.04347826086956519
37,24,48,0.5208333333333334,0.5208333333333334,0.0
37,25,81,0.691358024691358,0.691358024691358,0.06172839506172845
37,26,73,0.2876712328767123,0.2876712328767123,0.30136986301369867
38,0,51,0.0,-0.8431372549019608,0.9803921568627451
38,1,45,0.0,-0.4222222222222222,1.0
38,2,51,0.0,0.0,0.37254901960784315
38,3,54,0.0,0.0,0.16666666666666666
38,4,49,0.0,0.0,0.673469387755102
38,5,53,0.0,0.0,0.07547169811320754
38,6,52,0.0,0.0,0.019230769230769232
38,7,58,0.0,0.0,0.017241379310344827
38,8,62,0.0,0.0,0.5967741935483871
38,9,66,0.0,-0.12121212121212122,0.9242424242424242
38,10,71,0.0,0.0,0.19718309859154928
38,11,68,0.0,-0.014705882352941176,0.5441176470588235
38,12,54,0.0,0.0,0.46296296296296297
38,13,66,0.0,0.0,0.19696969696969696
38,14,60,0.0,0.0,0.11666666666666667
38,15,54,0.0,-0.7592592592592593,0.7592592592592593
38,16,71,0.0,-0.5352112676056338,0.5352112676056338
38,17,60,0.0,0.0,0.3
38,18,66,0.6515151515151515,-0.19696969696969702,0.19696969696969702
38,19,52,0.4230769230769231,-0.0961538461538462,0.11538461538461536
38,20,92,0.11956521739130435,0.09782608695652174,0.021739130434782594
38,21,55,0.4909090909090909,0.4909090909090909,0.018181818181818132
38,22,57,0.19298245614035087,0.19298245614035087,0.05263157894736842
38,23,46,0.41304347826086957,0.41304347826086957,0.021739130434782594
38,24,48,0.4583333333333333,0.4583333333333333,0.06250000000000006
38,25,81,0.7283950617283951,0.7283950617283951,0.024691358024691357
38,26,73,0.3150684931506849,0.3150684931506849,0.27397260273972607
39,0,51,0.0,-0.8431372549019608,0.9803921568627451
39,1,45,0.0,-0.4222222222222222,1.0
39,2,51,0.0,0.0,0.37254901960784315
39,3,54,0.0,0.0,0.16666666666666666
39,4,49,0.0,0.0,0.673469387755102
39,5,53,0.0,0.0,0.07547169811320754
39,6,52,0.0,0.0,0.019230769230769232
39,7,58,0.0,0.0,0.017241379310344827
39,8,62,0.0,0.0,0.5967741935483871
39,9,66,0.0,-0.12121212121212122,0.9242424242424242
39,10,71,0.0,0.0,0.19718309859154928
39,11,68,0.0,-0.014705882352941176,0.5441176470588235
39,12,54,0.0,0.0,0.46296296296296297
39,13,66,0.0,0.0,0.19696969696969696
39,14,60,0.0,0.0,0.11666666666666667
39,15,54,0.0,-0.7592592592592593,0.7592592592592593
39,16,71,0.0,-0.5352112676056338,0.5352112676056338
39,17,60,0.0,0.0,0.3
39,18,66,0.5606060606060606,-0.28787878787878796,0.28787878787878796
39,19,52,0.38461538461538464,-0.13461538461538464,0.1538461538461538
39,20,92,0.14130434782608695,0.11956521739130434,0.0
39,21,55,0.45454545454545453,0.45454545454545453,0.05454545454545451
39,22,57,0.21052631578947367,0.21052631578947367,0.03508771929824561
39,23,46,0.34782608695652173,0.34782608695652173,0.08695652173913043
39,24,48,0.5416666666666666,0.5416666666666666,0.0
39,25,81,0.6666666666666666,0.6666666666666666,0.0864197530864198
39,26,73,0.3013698630136986,0.3013698630136986,0.28767123287671237
40,0,51,0.0,-0.8431372549019608,0.9803921568627451
40,1,45,0.0,-0.4222222222222222,1.0
40,2,51,0.0,0.0,0.37254901960784315
40,3,54,0.0,0.0,0.16666666666666666
40,4,49,0.0,0.0,0.673469387755102
40,5,53,0.0,0.0,0.07547169811320754
40,6,52,0.0,0.0,0.019230769230769232
40,7,58,0.0,0.0,0.017241379310344827
40,8,62,0.0,0.0,0.5967741935483871
40,9,66,0.0,-0.12121212121212122,0.9242424242424242
40,10,71,0.0,0.0,0.19718309859154928
40,11,68,0.0,-0.014705882352941176,0.5441176470588235
40,12,54,0.0,0.0,0.46296296296296297
40,13,66,0.0,0.0,0.19696969696969696
40,14,60,0.0,0.0,0.11666666666666667
40,15,54,0.0,-0.7592592592592593,0.7592592592592593
40,16,71,0.0,-0.5352112676056338,0.5352112676056338
40,17,60,0.0,0.0,0.3
40,18,66,0.6363636363636364,-0.21212121212121215,0.21212121212121215
40,19,52,0.5961538461538461,0.07692307692307687,0.0
40,20,92,0.043478260869565216,0.021739130434782608,0.09782608695652173
40,21,55,0.41818181818181815,0.41818181818181815,0.09090909090909088
40,22,57,0.19298245614035087,0.19298245614035087,0.05263157894736842
40,23,46,0.2826086956521739,0.2826086956521739,0.15217391304347827
40,24,48,0.4583333333333333,0.4583333333333333,0.08333333333333331
40,25,81,0.7901234567901234,0.7901234567901234,0.0
40,26,73,0.273972602739726,0.273972602739726,0.31506849315068497
41,0,51,0.0,-0.8431372549019608,0.9803921568627451
41,1,45,0.0,-0.4222222222222222,1.0
41,2,51,0.0,0.0,0.37254901960784315
41,3,54,0.0,0.0,0.16666666666666666
41,4,49,0.0,0.0,0.673469387755102
41,5,53,0.0,0.0,0.07547169811320754
41,6,52,0.0,0.0,0.019230769230769232
41,7,58,0.0,0.0,0.017241379310344827
41,8,62,0.0,0.0,0.5967741935483871
41,9,66,0.0,-0.12121212121212122,0.9242424242424242
41,10,71,0.0,0.0,0.19718309859154928
41,11,68,0.0,-0.014705882352941176,0.5441176470588235
41,12,54,0.0,0.0,0.46296296296296297
41,13,66,0.0,0.0,0.19696969696969696
41,14,60,0.0,0.0,0.11666666666666667
41,15,54,0.0,-0.7592592592592593,0.7592592592592593
41,16,71,0.0,-0.5352112676056338,0.5352112676056338
41,17,60,0.0,0.0,0.3
41,18,66,0.6515151515151515,-0.19696969696969702,0.19696969696969702
41,19,52,0.4230769230769231,-0.0961538461538462,0.17307692307692307
41,20,92,0.10869565217391304,0.08695652173913043,0.032608695652173905
41,21,55,0.5454545454545454,0.5454545454545454,0.0
41,22,57,0.17543859649122806,0.17543859649122806,0.07017543859649122
41,23,46,0.34782608695652173,0.34782608695652173,0.08695652173913043
41,24,48,0.375,0.375,0.16666666666666663
41,25,81,0.7777777777777778,0.7777777777777778,0.012345679012345623
41,26,73,0.3424657534246575,0.3424657534246575,0.24657534246575347
42,0,51,0.0,-0.8431372549019608,0.9803921568627451
42,1,45,0.0,-0.4222222222222222,1.0
42,2,51,0.0,0.0,0.37254901960784315
42,3,54,0.0,0.0,0.16666666666666666
42,4,49,0.0,0.0,0.673469387755102
42,5,53,0.0,0.0,0.07547169811320754
42,6,52,0.0,0.0,0.019230769230769232
42,7,58,0.0,0.0,0.017241379310344827
42,8,62,0.0,0.0,0.5967741935483871
42,9,66,0.0,-0.12121212121212122,0.9242424242424242
42,10,71,0.0,0.0,0.19718309859154928
42,11,68,0.0,-0.014705882352941176,0.5441176470588235
42,12,54,0.0,0.0,0.46296296296296297
42,13,66,0.0,0.0,0.19696969696969696
42,14,60,0.0,0.0,0.11666666666666667
42,15,54,0.0,-0.7592592592592593,0.7592592592592593
42,16,71,0.0,-0.5352112676056338,0.5352112676056338
42,17,60,0.0,0.0,0.3
42,18,66,0.6515151515151515,-0.19696969696969702,0.19696969696969702
42,19,52,0.4807692307692308,-0.03846153846153849,0.11538461538461536
42,20,92,0.08695652173913043,0.06521739130434782,0.05434782608695651
42,21,55,0.5272727272727272,0.5272727272727272,0.018181818181818188
42,22,57,0.19298245614035087,0.19298245614035087,0.05263157894736842
42,23,46,0.32608695652173914,0.32608695652173914,0.10869565217391303
42,24,48,0.4791666666666667,0.4791666666666667,0.062499999999999944
42,25,81,0.7407407407407407,0.7407407407407407,0.04938271604938271
42,26,73,0.3287671232876712,0.3287671232876712,0.26027397260273977
43,0,51,0.0,-0.8431372549019608,0.9803921568627451
43,1,45,0.0,-0.4222222222222222,1.0
43,2,51,0.0,0.0,0.37254901960784315
43,3,54,0.0,0.0,0.16666666666666666
43,4,49,0.0,0.0,0.673469387755102
43,5,53,0.0,0.0,0.07547169811320754
43,6,52,0.0,0.0,0.019230769230769232
43,7,58,0.0,0.0,0.017241379310344827
43,8,62,0.0,0.0,0.5967741935483871
43,9,66,0.0,-0.12121212121212122,0.9242424242424242
43,10,71,0.0,0.0,0.19718309859154928
43,11,68,0.0,-0.014705882352941176,0.5441176470588235
43,12,54,0.0,0.0,0.46296296296296297
43,13,66,0.0,0.0,0.19696969696969696
43,14,60,0.0,0.0,0.11666666666666667
43,15,54,0.0,-0.7592592592592593,0.7592592592592593
43,16,71,0.0,-0.5352112676056338,0.5352112676056338
43,17,60,0.0,0.0,0.3
43,18,66,0.6363636363636364,-0.21212121212121215,0.21212121212121215
43,19,52,0.4423076923076923,-0.07692307692307698,0.15384615384615385
43,20,92,0.11956521739130435,0.09782608695652174,0.021739130434782594
43,21,55,0.509090909090909,0.509090909090909,0.036363636363636376
43,22,57,0.17543859649122806,0.17543859649122806,0.07017543859649122
43,23,46,0.34782608695652173,0.34782608695652173,0.08695652173913043
43,24,48,0.3958333333333333,0.3958333333333333,0.14583333333333331
43,25,81,0.691358024691358,0.691358024691358,0.09876543209876543
43,26,73,0.3561643835616438,0.3561643835616438,0.23287671232876717
44,0,51,0.0,-0.8431372549019608,0.9803921568627451
44,1,45,0.0,-0.4222222222222222,1.0
44,2,51,0.0,0.0,0.37254901960784315
44,3,54,0.0,0.0,0.16666666666666666
44,4,49,0.0,0.0,0.673469387755102
44,5,53,0.0,0.0,0.07547169811320754
44,6,52,0.0,0.0,0.019230769230769232
44,7,58,0.0,0.0,0.017241379310344827
44,8,62,0.0,0.0,0.5967741935483871
44,9,66,0.0,-0.12121212121212122,0.9242424242424242
44,10,71,0.0,0.0,0.19718309859154928
44,11,68,0.0,-0.014705882352941176,0.5441176470588235
44,12,54,0.0,0.0,0.46296296296296297
44,13,66,0.0,0.0,0.19696969696969696
44,14,60,0.0,0.0,0.11666666666666667
44,15,54,0.0,-0.7592592592592593,0.7592592592592593
44,16,71,0.0,-0.5352112676056338,0.5352112676056338
44,17,60,0.0,0.0,0.3
44,18,66,0.6666666666666666,-0.18181818181818188,0.18181818181818188
44,19,52,0.5576923076923077,0.038461538461538436,0.038461538461538436
44,20,92,0.08695652173913043,0.06521739130434782,0.05434782608695651
44,21,55,0.4909090909090909,0.4909090909090909,0.05454545454545451
44,22,57,0.21052631578947367,0.21052631578947367,0.03508771929824561
44,23,46,0.2826086956521739,0.2826086956521739,0.15217391304347827
44,24,48,0.4791666666666667,0.4791666666666667,0.062499999999999944
44,25,81,0.7037037037037037,0.7037037037037037,0.08641975308641969
44,26,73,0.2602739726027397,0.2602739726027397,0.32876712328767127
45,0,51,0.0,-0.8431372549019608,0.9803921568627451
45,1,45,0.0,-0.4222222222222222,1.0
45,2,51,0.0,0.0,0.37254901960784315
45,3,54,0.0,0.0,0.16666666666666666
45,4,49,0.0,0.0,0.673469387755102
45,5,53,0.0,0.0,0.07547169811320754
45,6,52,0.0,0.0,0.019230769230769232
45,7,58,0.0,0.0,0.017241379310344827
45,8,62,0.0,0.0,0.5967741935483871
45,9,66,0.0,-0.12121212121212122,0.9242424242424242
45,10,71,0.0,0.0,0.19718309859154928
45,11,68,0.0,-0.014705882352941176,0.5441176470588235
45,12,54,0.0,0.0,0.46296296296296297
45,13,66,0.0,0.0,0.19696969696969696
45,14,60,0.0,0.0,0.11666666666666667
45,15,54,0.0,-0.7592592592592593,0.7592592592592593
45,16,71,0.0,-0.5352112676056338,0.5352112676056338
45,17,60,0.0,0.0,0.3
45,18,66,0.6818181818181818,-0.16666666666666674,0.16666666666666674
45,19,52,0.5576923076923077,0.038461538461538436,0.038461538461538436
45,20,92,0.05434782608695652,0.03260869565217391,0.08695652173913043
45,21,55,0.43636363636363634,0.43636363636363634,0.10909090909090907
45,22,57,0.19298245614035087,0.19298245614035087,0.05263157894736842
45,23,46,0.30434782608695654,0.30434782608695654,0.13043478260869562
45,24,48,0.2708333333333333,0.2708333333333333,0.2708333333333333
45,25,81,0.7777777777777778,0.7777777777777778,0.012345679012345623
45,26,73,0.3424657534246575,0.3424657534246575,0.24657534246575347
46,0,51,0.0,-0.8431372549019608,0.9803921568627451
46,1,45,0.0,-0.4222222222222222,1.0
46,2,51,0.0,0.0,0.37254901960784315
46,3,54,0.0,0.0,0.16666666666666666
46,4,49,0.0,0.0,0.673469387755102
46,5,53,0.0,0.0,0.07547169811320754
46,6,52,0.0,0.0,0.019230769230769232
46,7,58,0.0,0.0,0.017241379310344827
46,8,62,0.0,0.0,0.5967741935483871
46,9,66,0.0,-0.12121212121212122,0.9242424242424242
46,10,71,0.0,0.0,0.19718309859154928
46,11,68,0.0,-0.014705882352941176,0.5441176470588235
46,12,54,0.0,0.0,0.46296296296296297
46,13,66,0.0,0.0,0.19696969696969696
46,14,60,0.0,0.0,0.11666666666666667
46,15,54,0.0,-0.7592592592592593,0.7592592592592593
46,16,71,0.0,-0.5352112676056338,0.5352112676056338
46,17,60,0.0,0.0,0.3
46,18,66,0.6515151515151515,-0.19696969696969702,0.19696969696969702
46,19,52,0.5,-0.019230769230769273,0.09615384615384615
46,20,92,0.11956521739130435,0.09782608695652174,0.021739130434782594
46,21,55,0.5636363636363636,0.5636363636363636,0.0
46,22,57,0.17543859649122806,0.17543859649122806,0.07017543859649122
46,23,46,0.34782608695652173,0.34782608695652173,0.08695652173913043
46,24,48,0.3958333333333333,0.3958333333333333,0.14583333333333331
46,25,81,0.7037037037037037,0.7037037037037037,0.08641975308641969
46,26,73,0.3424657534246575,0.3424657534246575,0.24657534246575347
47,0,51,0.0,-0.8431372549019608,0.9803921568627451
47,1,45,0.0,-0.4222222222222222,1.0
47,2,51,0.0,0.0,0.37254901960784315
47,3,54,0.0,0.0,0.16666666666666666
47,4,49,0.0,0.0,0.673469387755102
47,5,53,0.0,0.0,0.07547169811320754
47,6,52,0.0,0.0,0.019230769230769232
47,7,58,0.0,0.0,0.017241379310344827
47,8,62,0.0,0.0,0.5967741935483871
47,9,66,0.0,-0.12121212121212122,0.9242424242424242
47,10,71,0.0,0.0,0.19718309859154928
47,11,68,0.0,-0.014705882352941176,0.5441176470588235
47,12,54,0.0,0.0,0.46296296296296297
47,13,66,0.0,0.0,0.19696969696969696
47,14,60,0.0,0.0,0.11666666666666667
47,15,54,0.0,-0.7592592592592593,0.7592592592592593
47,16,71,0.0,-0.5352112676056338,0.5352112676056338
47,17,60,0.0,0.0,0.3
47,18,66,0.6515151515151515,-0.19696969696969702,0.19696969696969702
47,19,52,0.5,-0.019230769230769273,0.09615384615384615
47,20,92,0.11956521739130435,0.09782608695652174,0.021739130434782594
47,21,55,0.5636363636363636,0.5636363636363636,0.0
47,22,57,0.24561403508771928,0.24561403508771928,0.0
47,23,46,0.34782608695652173,0.34782608695652173,0.08695652173913043
47,24,48,0.4583333333333333,0.4583333333333333,0.08333333333333331
47,25,81,0.6666666666666666,0.6666666666666666,0.12345679012345678
47,26,73,0.273972602739726,0.273972602739726,0.31506849315068497
48,0,51,0.0,-0.8431372549019608,0.9803921568627451
48,1,45,0.0,-0.4222222222222222,1.0
48,2,51,0.0,0.0,0.37254901960784315
48,3,54,0.0,0.0,0.16666666666666666
48,4,49,0.0,0.0,0.673469387755102
48,5,53,0.0,0.0,0.07547169811320754
48,6,52,0.0,0.0,0.019230769230769232
48,7,58,0.0,0.0,0.017241379310344827
48,8,62,0.0,0.0,0.5967741935483871
48,9,66,0.0,-0.12121212121212122,0.9242424242424242
48,10,71,0.0,0.0,0.19718309859154928
48,11,68,0.0,-0.014705882352941176,0.5441176470588235
48,12,54,0.0,0.0,0.46296296296296297
48,13,66,0.0,0.0,0.19696969696969696
48,14,60,0.0,0.0,0.11666666666666667
48,15,54,0.0,-0.7592592592592593,0.7592592592592593
48,16,71,0.0,-0.5352112676056338,0.5352112676056338
48,17,60,0.0,0.0,0.3
48,18,66,0.6515151515151515,-0.19696969696969702,0.19696969696969702
48,19,52,0.4807692307692308,-0.03846153846153849,0.11538461538461536
48,20,92,0.11956521739130435,0.09782608695652174,0.021739130434782594
48,21,55,0.5818181818181818,0.5818181818181818,0.0
48,22,57,0.19298245614035087,0.19298245614035087,0.05263157894736842
48,23,46,0.391304347826087,0.391304347826087,0.04347826086956519
48,24,48,0.2916666666666667,0.2916666666666667,0.24999999999999994
48,25,81,0.7407407407407407,0.7407407407407407,0.04938271604938271
48,26,73,0.3561643835616438,0.3561643835616438,0.23287671232876717
49,0,51,0.0,-0.8431372549019608,0.9803921568627451
49,1,45,0.0,-0.4222222222222222,1.0
49,2,51,0.0,0.0,0.37254901960784315
49,3,54,0.0,0.0,0.16666666666666666
49,4,49,0.0,0.0,0.673469387755102
49,5,53,0.0,0.0,0.07547169811320754
49,6,52,0.0,0.0,0.019230769230769232
49,7,58,0.0,0.0,0.017241379310344827
49,8,62,0.0,0.0,0.5967741935483871
49,9,66,0.0,-0.12121212121212122,0.9242424242424242
49,10,71,0.0,0.0,0.19718309859154928
49,11,68,0.0,-0.014705882352941176,0.5441176470588235
49,12,54,0.0,0.0,0.46296296296296297
49,13,66,0.0,0.0,0.19696969696969696
49,14,60,0.0,0.0,0.11666666666666667
49,15,54,0.0,-0.7592592592592593,0.7592592592592593
49,16,71,0.0,-0.5352112676056338,0.5352112676056338
49,17,60,0.0,0.0,0.3
49,18,66,0.696969696969697,-0.1515151515151515,0.1515151515151515
49,19,52,0.5,-0.019230769230769273,0.09615384615384615
49,20,92,0.06521739130434782,0.043478260869565216,0.07608695652173912
49,21,55,0.5272727272727272,0.5272727272727272,0.054545454545454564
49,22,57,0.19298245614035087,0.19298245614035087,0.05263157894736842
49,23,46,0.34782608695652173,0.34782608695652173,0.08695652173913043
49,24,48,0.1875,0.1875,0.35416666666666663
49,25,81,0.8024691358024691,0.8024691358024691,0.0
49,26,73,0.3835616438356164,0.3835616438356164,0.20547945205479456
50,0,51,0.0,-0.8431372549019608,0.9803921568627451
50,1,45,0.0,-0.4222222222222222,1.0
50,2,51,0.0,0.0,0.37254901960784315
50,3,54,0.0,0.0,0.16666666666666666
50,4,49,0.0,0.0,0.673469387755102
50,5,53,0.0,0.0,0.07547169811320754
50,6,52,0.0,0.0,0.019230769230769232
50,7,58,0.0,0.0,0.017241379310344827
50,8,62,0.0,0.0,0.5967741935483871
50,9,66,0.0,-0.12121212121212122,0.9242424242424242
50,10,71,0.0,0.0,0.19718309859154928
50,11,68,0.0,-0.014705882352941176,0.5441176470588235
50,12,54,0.0,0.0,0.46296296296296297
50,13,66,0.0,0.0,0.19696969696969696
50,14,60,0.0,0.0,0.11666666666666667
50,15,54,0.0,-0.7592592592592593,0.7592592592592593
50,16,71,0.0,-0.5352112676056338,0.5352112676056338
50,17,60,0.0,0.0,0.3
50,18,66,0.696969696969697,-0.1515151515151515,0.1515151515151515
50,19,52,0.5192307692307693,0.0,0.07692307692307687
50,20,92,0.05434782608695652,0.03260869565217391,0.08695652173913043
50,21,55,0.4,0.4,0.18181818181818177
50,22,57,0.19298245614035087,0.19298245614035087,0.05263157894736842
50,23,46,0.34782608695652173,0.34782608695652173,0.08695652173913043
50,24,48,0.1875,0.1875,0.35416666666666663
50,25,81,0.8518518518518519,0.8518518518518519,0.0
50,26,73,0.3698630136986301,0.3698630136986301,0.21917808219178087
51,0,51,0.0,-0.8431372549019608,0.9803921568627451
51,1,45,0.0,-0.4222222222222222,1.0
51,2,51,0.0,0.0,0.37254901960784315
51,3,54,0.0,0.0,0.16666666666666666
51,4,49,0.0,0.0,0.673469387755102
51,5,53,0.0,0.0,0.07547169811320754
51,6,52,0.0,0.0,0.019230769230769232
51,7,58,0.0,0.0,0.017241379310344827
51,8,62,0.0,0.0,0.5967741935483871
51,9,66,0.0,-0.12121212121212122,0.9242424242424242
51,10,71,0.0,0.0,0.19718309859154928
51,11,68,0.0,-0.014705882352941176,0.5441176470588235
51,12,54,0.0,0.0,0.46296296296296297
51,13,66,0.0,0.0,0.19696969696969696
51,14,60,0.0,0.0,0.11666666666666667
51,15,54,0.0,-0.7592592592592593,0.7592592592592593
51,16,71,0.0,-0.5352112676056338,0.5352112676056338
51,17,60,0.0,0.0,0.3
51,18,66,0.7424242424242424,-0.10606060606060608,0.10606060606060608
51,19,52,0.4230769230769231,-0.0961538461538462,0.17307692307692307
51,20,92,0.043478260869565216,0.021739130434782608,0.09782608695652173
51,21,55,0.4,0.4,0.18181818181818177
51,22,57,0.21052631578947367,0.21052631578947367,0.03508771929824561
51,23,46,0.3695652173913043,0.3695652173913043,0.06521739130434784
51,24,48,0.1875,0.1875,0.35416666666666663
51,25,81,0.8395061728395061,0.8395061728395061,0.012345679012345734
51,26,73,0.3287671232876712,0.3287671232876712,0.26027397260273977
52,0,51,0.0,-0.8431372549019608,0.9803921568627451
52,1,45,0.0,-0.4222222222222222,1.0
52,2,51,0.0,0.0,0.37254901960784315
52,3,54,0.0,0.0,0.16666666666666666
52,4,49,0.0,0.0,0.673469387755102
52,5,53,0.0,0.0,0.07547169811320754
52,6,52,0.0,0.0,0.019230769230769232
52,7,58,0.0,0.0,0.017241379310344827
52,8,62,0.0,0.0,0.5967741935483871
52,9,66,0.0,-0.12121212121212122,0.9242424242424242
52,10,71,0.0,0.0,0.19718309859154928
52,11,68,0.0,-0.014705882352941176,0.5441176470588235
52,12,54,0.0,0.0,0.46296296296296297
52,13,66,0.0,0.0,0.19696969696969696
52,14,60,0.0,0.0,0.11666666666666667
52,15,54,0.0,-0.7592592592592593,0.7592592592592593
52,16,71,0.0,-0.5352112676056338,0.5352112676056338
52,17,60,0.0,0.0,0.3
52,18,66,0.7575757575757576,-0.09090909090909094,0.09090909090909094
52,19,52,0.4230769230769231,-0.0961538461538462,0.17307692307692307
52,20,92,0.03260869565217391,0.010869565217391304,0.10869565217391303
52,21,55,0.4,0.4,0.18181818181818177
52,22,57,0.15789473684210525,0.15789473684210525,0.08771929824561403
52,23,46,0.3695652173913043,0.3695652173913043,0.06521739130434784
52,24,48,0.16666666666666666,0.16666666666666666,0.375
52,25,81,0.8641975308641975,0.8641975308641975,0.0
52,26,73,0.3561643835616438,0.3561643835616438,0.23287671232876717
53,0,51,0.0,-0.8431372549019608,0.9803921568627451
53,1,45,0.0,-0.4222222222222222,1.0
53,2,51,0.0,0.0,0.37254901960784315
53,3,54,0.0,0.0,0.16666666666666666
53,4,49,0.0,0.0,0.673469387755102
53,5,53,0.0,0.0,0.07547169811320754
53,6,52,0.0,0.0,0.019230769230769232
53,7,58,0.0,0.0,0.017241379310344827
53,8,62,0.0,0.0,0.5967741935483871
53,9,66,0.0,-0.12121212121212122,0.9242424242424242
53,10,71,0.0,0.0,0.19718309859154928
53,11,68,0.0,-0.014705882352941176,0.5441176470588235
53,12,54,0.0,0.0,0.46296296296296297
53,13,66,0.0,0.0,0.19696969696969696
53,14,60,0.0,0.0,0.11666666666666667
53,15,54,0.0,-0.7592592592592593,0.7592592592592593
53,16,71,0.0,-0.5352112676056338,0.5352112676056338
53,17,60,0.0,0.0,0.3
53,18,66,0.7575757575757576,-0.09090909090909094,0.09090909090909094
53,19,52,0.4230769230769231,-0.0961538461538462,0.17307692307692307
53,20,92,0.043478260869565216,0.021739130434782608,0.09782608695652173
53,21,55,0.36363636363636365,0.36363636363636365,0.21818181818181814
53,22,57,0.22807017543859648,0.22807017543859648,0.017543859649122806
53,23,46,0.3695652173913043,0.3695652173913043,0.06521739130434784
53,24,48,0.16666666666666666,0.16666666666666666,0.375
53,25,81,0.8518518518518519,0.8518518518518519,0.012345679012345623
53,26,73,0.3424657534246575,0.3424657534246575,0.24657534246575347
54,0,51,0.0,-0.8431372549019608,0.9803921568627451
54,1,45,0.0,-0.4222222222222222,1.0
54,2,51,0.0,0.0,0.37254901960784315
54,3,54,0.0,0.0,0.16666666666666666
54,4,49,0.0,0.0,0.673469387755102
54,5,53,0.0,0.0,0.07547169811320754
54,6,52,0.0,0.0,0.019230769230769232
54,7,58,0.0,0.0,0.017241379310344827
54,8,62,0.0,0.0,0.5967741935483871
54,9,66,0.0,-0.12121212121212122,0.9242424242424242
54,10,71,0.0,0.0,0.19718309859154928
54,11,68,0.0,-0.014705882352941176,0.5441176470588235
54,12,54,0.0,0.0,0.46296296296296297
54,13,66,0.0,0.0,0.19696969696969696
54,14,60,0.0,0.0,0.11666666666666667
54,15,54,0.0,-0.7592592592592593,0.7592592592592593
54,16,71,0.0,-0.5352112676056338,0.5352112676056338
54,17,60,0.0,0.0,0.3
54,18,66,0.7575757575757576,-0.09090909090909094,0.09090909090909094
54,19,52,0.4423076923076923,-0.07692307692307698,0.15384615384615385
54,20,92,0.043478260869565216,0.021739130434782608,0.09782608695652173
54,21,55,0.45454545454545453,0.45454545454545453,0.12727272727272726
54,22,57,0.19298245614035087,0.19298245614035087,0.05263157894736842
54,23,46,0.3695652173913043,0.3695652173913043,0.06521739130434784
54,24,48,0.20833333333333334,0.20833333333333334,0.33333333333333326
54,25,81,0.8395061728395061,0.8395061728395061,0.024691358024691357
54,26,73,0.3287671232876712,0.3287671232876712,0.26027397260273977
55,0,51,0.0,-0.8431372549019608,0.9803921568627451
55,1,45,0.0,-0.4222222222222222,1.0
55,2,51,0.0,0.0,0.37254901960784315
55,3,54,0.0,0.0,0.16666666666666666
55,4,49,0.0,0.0,0.673469387755102
55,5,53,0.0,0.0,0.07547169811320754
55,6,52,0.0,0.0,0.019230769230769232
55,7,58,0.0,0.0,0.017241379310344827
55,8,62,0.0,0.0,0.5967741935483871
55,9,66,0.0,-0.12121212121212122,0.9242424242424242
55,10,71,0.0,0.0,0.19718309859154928
55,11,68,0.0,-0.014705882352941176,0.5441176470588235
55,12,54,0.0,0.0,0.46296296296296297
55,13,66,0.0,0.0,0.19696969696969696
55,14,60,0.0,0.0,0.11666666666666667
55,15,54,0.0,-0.7592592592592593,0.7592592592592593
55,16,71,0.0,-0.5352112676056338,0.5352112676056338
55,17,60,0.0,0.0,0.3
55,18,66,0.7575757575757576,-0.09090909090909094,0.09090909090909094
55,19,52,0.40384615384615385,-0.11538461538461542,0.1923076923076923
55,20,92,0.05434782608695652,0.03260869565217391,0.08695652173913043
55,21,55,0.2727272727272727,0.2727272727272727,0.3090909090909091
55,22,57,0.21052631578947367,0.21052631578947367,0.03508771929824561
55,23,46,0.3695652173913043,0.3695652173913043,0.06521739130434784
55,24,48,0.20833333333333334,0.20833333333333334,0.33333333333333326
55,25,81,0.8148148148148148,0.8148148148148148,0.04938271604938271
55,26,73,0.3287671232876712,0.3287671232876712,0.26027397260273977
56,0,51,0.0,-0.8431372549019608,0.9803921568627451
56,1,45,0.0,-0.4222222222222222,1.0
56,2,51,0.0,0.0,0.37254901960784315
56,3,54,0.0,0.0,0.16666666666666666
56,4,49,0.0,0.0,0.673469387755102
56,5,53,0.0,0.0,0.07547169811320754
56,6,52,0.0,0.0,0.019230769230769232
56,7,58,0.0,0.0,0.017241379310344827
56,8,62,0.0,0.0,0.5967741935483871
56,9,66,0.0,-0.12121212121212122,0.9242424242424242
56,10,71,0.0,0.0,0.19718309859154928
56,11,68,0.0,-0.014705882352941176,0.5441176470588235
56,12,54,0.0,0.0,0.46296296296296297
56,13,66,0.0,0.0,0.19696969696969696
56,14,60,0.0,0.0,0.11666666666666667
56,15,54,0.0,-0.7592592592592593,0.7592592592592593
56,16,71,0.0,-0.5352112676056338,0.5352112676056338
56,17,60,0.0,0.0,0.3
56,18,66,0.7575757575757576,-0.09090909090909094,0.09090909090909094
56,19,52,0.40384615384615385,-0.11538461538461542,0.1923076923076923
56,20,92,0.043478260869565216,0.021739130434782608,0.09782608695652173
56,21,55,0.4,0.4,0.18181818181818177
56,22,57,0.21052631578947367,0.21052631578947367,0.03508771929824561
56,23,46,0.43478260869565216,0.43478260869565216,0.0
56,24,48,0.16666666666666666,0.16666666666666666,0.375
56,25,81,0.8641975308641975,0.8641975308641975,0.0
56,26,73,0.3561643835616438,0.3561643835616438,0.23287671232876717
57,0,51,0.0,-0.8431372549019608,0.9803921568627451
57,1,45,0.0,-0.4222222222222222,1.0
57,2,51,0.0,0.0,0.37254901960784315
57,3,54,0.0,0.0,0.16666666666666666
57,4,49,0.0,0.0,0.673469387755102
57,5,53,0.0,0.0,0.07547169811320754
57,6,52,0.0,0.0,0.019230769230769232
57,7,58,0.0,0.0,0.017241379310344827
57,8,62,0.0,0.0,0.5967741935483871
57,9,66,0.0,-0.12121212121212122,0.9242424242424242
57,10,71,0.0,0.0,0.19718309859154928
57,11,68,0.0,-0.014705882352941176,0.5441176470588235
57,12,54,0.0,0.0,0.46296296296296297
57,13,66,0.0,0.0,0.19696969696969696
57,14,60,0.0,0.0,0.11666666666666667
57,15,54,0.0,-0.7592592592592593,0.7592592592592593
57,16,71,0.0,-0.5352112676056338,0.5352112676056338
57,17,60,0.0,0.0,0.3
57,18,66,0.7575757575757576,-0.09090909090909094,0.09090909090909094
57,19,52,0.4230769230769231,-0.0961538461538462,0.17307692307692307
57,20,92,0.043478260869565216,0.021739130434782608,0.09782608695652173
57,21,55,0.2909090909090909,0.2909090909090909,0.2909090909090909
57,22,57,0.21052631578947367,0.21052631578947367,0.03508771929824561
57,23,46,0.391304347826087,0.391304347826087,0.04347826086956519
57,24,48,0.16666666666666666,0.16666666666666666,0.375
57,25,81,0.8888888888888888,0.8888888888888888,0.0
57,26,73,0.3698630136986301,0.3698630136986301,0.21917808219178087
58,0,51,0.0,-0.8431372549019608,0.9803921568627451
58,1,45,0.0,-0.4222222222222222,1.0
58,2,51,0.0,0.0,0.37254901960784315
58,3,54,0.0,0.0,0.16666666666666666
58,4,49,0.0,0.0,0.673469387755102
58,5,53,0.0,0.0,0.07547169811320754
58,6,52,0.0,0.0,0.019230769230769232
58,7,58,0.0,0.0,0.017241379310344827
58,8,62,0.0,0.0,0.5967741935483871
58,9,66,0.0,-0.12121212121212122,0.9242424242424242
58,10,71,0.0,0.0,0.19718309859154928
58,11,68,0.0,-0.014705882352941176,0.5441176470588235
58,12,54,0.0,0.0,0.46296296296296297
58,13,66,0.0,0.0,0.19696969696969696
58,14,60,0.0,0.0,0.11666666666666667
58,15,54,0.0,-0.7592592592592593,0.7592592592592593
58,16,71,0.0,-0.5352112676056338,0.5352112676056338
58,17,60,0.0,0.0,0.3
58,18,66,0.7575757575757576,-0.09090909090909094,0.09090909090909094
58,19,52,0.40384615384615385,-0.11538461538461542,0.1923076923076923
58,20,92,0.043478260869565216,0.021739130434782608,0.09782608695652173
58,21,55,0.36363636363636365,0.36363636363636365,0.21818181818181814
58,22,57,0.21052631578947367,0.21052631578947367,0.03508771929824561
58,23,46,0.45652173913043476,0.45652173913043476,0.0
58,24,48,0.16666666666666666,0.16666666666666666,0.375
58,25,81,0.8888888888888888,0.8888888888888888,0.0
58,26,73,0.3972602739726027,0.3972602739726027,0.19178082191780826
59,0,51,0.0,-0.8431372549019608,0.9803921568627451
59,1,45,0.0,-0.4222222222222222,1.0
59,2,51,0.0,0.0,0.37254901960784315
59,3,54,0.0,0.0,0.16666666666666666
59,4,49,0.0,0.0,0.673469387755102
59,5,53,0.0,0.0,0.07547169811320754
59,6,52,0.0,0.0,0.019230769230769232
59,7,58,0.0,0.0,0.017241379310344827
59,8,62,0.0,0.0,0.5967741935483871
59,9,66,0.0,-0.12121212121212122,0.9242424242424242
59,10,71,0.0,0.0,0.19718309859154928
59,11,68,0.0,-0.014705882352941176,0.5441176470588235
59,12,54,0.0,0.0,0.46296296296296297
59,13,66,0.0,0.0,0.19696969696969696
59,14,60,0.0,0.0,0.11666666666666667
59,15,54,0.0,-0.7592592592592593,0.7592592592592593
59,16,71,0.0,-0.5352112676056338,0.5352112676056338
59,17,60,0.0,0.0,0.3
59,18,66,0.7575757575757576,-0.09090909090909094,0.09090909090909094
59,19,52,0.4230769230769231,-0.0961538461538462,0.17307692307692307
59,20,92,0.043478260869565216,0.021739130434782608,0.09782608695652173
59,21,55,0.4727272727272727,0.4727272727272727,0.10909090909090907
59,22,57,0.21052631578947367,0.21052631578947367,0.03508771929824561
59,23,46,0.41304347826086957,0.41304347826086957,0.04347826086956519
59,24,48,0.16666666666666666,0.16666666666666666,0.375
59,25,81,0.9012345679012346,0.9012345679012346,0.0
59,26,73,0.3972602739726027,0.3972602739726027,0.19178082191780826
60,0,51,0.0,-0.8431372549019608,0.9803921568627451
60,1,45,0.0,-0.4222222222222222,1.0
60,2,51,0.0,0.0,0.37254901960784315
60,3,54,0.0,0.0,0.16666666666666666
60,4,49,0.0,0.0,0.673469387755102
60,5,53,0.0,0.0,0.07547169811320754
60,6,52,0.0,0.0,0.019230769230769232
60,7,58,0.0,0.0,0.017241379310344827
60,8,62,0.0,0.0,0.5967741935483871
60,9,66,0.0,-0.12121212121212122,0.9242424242424242
60,10,71,0.0,0.0,0.19718309859154928
60,11,68,0.0,-0.014705882352941176,0.5441176470588235
60,12,54,0.0,0.0,0.46296296296296297
60,13,66,0.0,0.0,0.19696969696969696
60,14,60,0.0,0.0,0.11666666666666667
60,15,54,0.0,-0.7592592592592593,0.7592592592592593
60,16,71,0.0,-0.5352112676056338,0.5352112676056338
60,17,60,0.0,0.0,0.3
60,18,66,0.7575757575757576,-0.09090909090909094,0.09090909090909094
60,19,52,0.38461538461538464,-0.13461538461538464,0.2115384615384615
60,20,92,0.043478260869565216,0.021739130434782608,0.09782608695652173
60,21,55,0.38181818181818183,0.38181818181818183,0.19999999999999996
60,22,57,0.22807017543859648,0.22807017543859648,0.017543859649122806
60,23,46,0.34782608695652173,0.34782608695652173,0.10869565217391303
60,24,48,0.1875,0.1875,0.35416666666666663
60,25,81,0.8395061728395061,0.8395061728395061,0.06172839506172845
60,26,73,0.3150684931506849,0.3150684931506849,0.27397260273972607
61,0,51,0.0,-0.8431372549019608,0.9803921568627451
61,1,45,0.0,-0.4222222222222222,1.0
61,2,51,0.0,0.0,0.37254901960784315
61,3,54,0.0,0.0,0.16666666666666666
61,4,49,0.0,0.0,0.673469387755102
61,5,53,0.0,0.0,0.07547169811320754
61,6,52,0.0,0.0,0.019230769230769232
61,7,58,0.0,0.0,0.017241379310344827
61,8,62,0.0,0.0,0.5967741935483871
61,9,66,0.0,-0.12121212121212122,0.9242424242424242
61,10,71,0.0,0.0,0.19718309859154928
61,11,68,0.0,-0.014705882352941176,0.5441176470588235
61,12,54,0.0,0.0,0.46296296296296297
61,13,66,0.0,0.0,0.19696969696969696
61,14,60,0.0,0.0,0.11666666666666667
61,15,54,0.0,-0.7592592592592593,0.7592592592592593
61,16,71,0.0,-0.5352112676056338,0.5352112676056338
61,17,60,0.0,0.0,0.3
61,18,66,0.696969696969697,-0.1515151515151515,0.1515151515151515
61,19,52,0.40384615384615385,-0.11538461538461542,0.1923076923076923
61,20,92,0.06521739130434782,0.043478260869565216,0.07608695652173912
61,21,55,0.5272727272727272,0.5272727272727272,0.054545454545454564
61,22,57,0.22807017543859648,0.22807017543859648,0.017543859649122806
61,23,46,0.34782608695652173,0.34782608695652173,0.10869565217391303
61,24,48,0.3125,0.3125,0.22916666666666663
61,25,81,0.7283950617283951,0.7283950617283951,0.1728395061728395
61,26,73,0.2876712328767123,0.2876712328767123,0.30136986301369867
62,0,51,0.0,-0.8431372549019608,0.9803921568627451
62,1,45,0.0,-0.4222222222222222,1.0
62,2,51,0.0,0.0,0.37254901960784315
62,3,54,0.0,0.0,0.16666666666666666
62,4,49,0.0,0.0,0.673469387755102
62,5,53,0.0,0.0,0.07547169811320754
62,6,52,0.0,0.0,0.019230769230769232
62,7,58,0.0,0.0,0.017241379310344827
62,8,62,0.0,0.0,0.5967741935483871
62,9,66,0.0,-0.12121212121212122,0.9242424242424242
62,10,71,0.0,0.0,0.19718309859154928
62,11,68,0.0,-0.014705882352941176,0.5441176470588235
62,12,54,0.0,0.0,0.46296296296296297
62,13,66,0.0,0.0,0.19696969696969696
62,14,60,0.0,0.0,0.11666666666666667
62,15,54,0.0,-0.7592592592592593,0.7592592592592593
62,16,71,0.0,-0.5352112676056338,0.5352112676056338
62,17,60,0.0,0.0,0.3
62,18,66,0.6515151515151515,-0.19696969696969702,0.19696969696969702
62,19,52,0.5384615384615384,0.019230769230769162,0.05769230769230771
62,20,92,0.07608695652173914,0.05434782608695653,0.06521739130434781
62,21,55,0.6,0.6,0.0
62,22,57,0.22807017543859648,0.22807017543859648,0.017543859649122806
62,23,46,0.30434782608695654,0.30434782608695654,0.15217391304347822
62,24,48,0.3541666666666667,0.3541666666666667,0.18749999999999994
62,25,81,0.7037037037037037,0.7037037037037037,0.19753086419753085
62,26,73,0.2328767123287671,0.2328767123287671,0.35616438356164387
63,0,51,0.0,-0.8431372549019608,0.9803921568627451
63,1,45,0.0,-0.4222222222222222,1.0
63,2,51,0.0,0.0,0.37254901960784315
63,3,54,0.0,0.0,0.16666666666666666
63,4,49,0.0,0.0,0.673469387755102
63,5,53,0.0,0.0,0.07547169811320754
63,6,52,0.0,0.0,0.019230769230769232
63,7,58,0.0,0.0,0.017241379310344827
63,8,62,0.0,0.0,0.5967741935483871
63,9,66,0.0,-0.12121212121212122,0.9242424242424242
63,10,71,0.0,0.0,0.19718309859154928
63,11,68,0.0,-0.014705882352941176,0.5441176470588235
63,12,54,0.0,0.0,0.46296296296296297
63,13,66,0.0,0.0,0.19696969696969696
63,14,60,0.0,0.0,0.11666666666666667
63,15,54,0.0,-0.7592592592592593,0.7592592592592593
63,16,71,0.0,-0.5352112676056338,0.5352112676056338
63,17,60,0.0,0.0,0.3
63,18,66,0.7272727272727273,-0.12121212121212122,0.12121212121212122
63,19,52,0.4807692307692308,-0.03846153846153849,0.11538461538461536
63,20,92,0.05434782608695652,0.03260869565217391,0.08695652173913043
63,21,55,0.5454545454545454,0.5454545454545454,0.054545454545454564
63,22,57,0.19298245614035087,0.19298245614035087,0.05263157894736842
63,23,46,0.2826086956521739,0.2826086956521739,0.17391304347826086
63,24,48,0.375,0.375,0.16666666666666663
63,25,81,0.7037037037037037,0.7037037037037037,0.19753086419753085
63,26,73,0.3013698630136986,0.3013698630136986,0.28767123287671237
64,0,51,0.0,-0.8431372549019608,0.9803921568627451
64,1,45,0.0,-0.4222222222222222,1.0
64,2,51,0.0,0.0,0.37254901960784315
64,3,54,0.0,0.0,0.16666666666666666
64,4,49,0.0,0.0,0.673469387755102
64,5,53,0.0,0.0,0.07547169811320754
64,6,52,0.0,0.0,0.019230769230769232
64,7,58,0.0,0.0,0.017241379310344827
64,8,62,0.0,0.0,0.5967741935483871
64,9,66,0.0,-0.12121212121212122,0.9242424242424242
64,10,71,0.0,0.0,0.19718309859154928
64,11,68,0.0,-0.014705882352941176,0.5441176470588235
64,12,54,0.0,0.0,0.46296296296296297
64,13,66,0.0,0.0,0.19696969696969696
64,14,60,0.0,0.0,0.11666666666666667
64,15,54,0.0,-0.7592592592592593,0.7592592592592593
64,16,71,0.0,-0.5352112676056338,0.5352112676056338
64,17,60,0.0,0.0,0.3
64,18,66,0.7121212121212122,-0.13636363636363635,0.13636363636363635
64,19,52,0.5,-0.019230769230769273,0.09615384615384615
64,20,92,0.05434782608695652,0.03260869565217391,0.08695652173913043
64,21,55,0.509090909090909,0.509090909090909,0.09090909090909094
64,22,57,0.3333333333333333,0.3333333333333333,0.0
64,23,46,0.32608695652173914,0.32608695652173914,0.13043478260869562
64,24,48,0.3333333333333333,0.3333333333333333,0.20833333333333331
64,25,81,0.7160493827160493,0.7160493827160493,0.18518518518518523
64,26,73,0.3013698630136986,0.3013698630136986,0.28767123287671237
65,0,51,0.0,-0.8431372549019608,0.9803921568627451
65,1,45,0.0,-0.4222222222222222,1.0
65,2,51,0.0,0.0,0.37254901960784315
65,3,54,0.0,0.0,0.16666666666666666
65,4,49,0.0,0.0,0.673469387755102
65,5,53,0.0,0.0,0.07547169811320754
65,6,52,0.0,0.0,0.019230769230769232
65,7,58,0.0,0.0,0.017241379310344827
65,8,62,0.0,0.0,0.5967741935483871
65,9,66,0.0,-0.12121212121212122,0.9242424242424242
65,10,71,0.0,0.0,0.19718309859154928
65,11,68,0.0,-0.014705882352941176,0.5441176470588235
65,12,54,0.0,0.0,0.46296296296296297
65,13,66,0.0,0.0,0.19696969696969696
65,14,60,0.0,0.0,0.11666666666666667
65,15,54,0.0,-0.7592592592592593,0.7592592592592593
65,16,71,0.0,-0.5352112676056338,0.5352112676056338
65,17,60,0.0,0.0,0.3
65,18,66,0.7121212121212122,-0.13636363636363635,0.13636363636363635
65,19,52,0.46153846153846156,-0.05769230769230771,0.13461538461538458
65,20,92,0.05434782608695652,0.03260869565217391,0.08695652173913043
65,21,55,0.4909090909090909,0.4909090909090909,0.10909090909090907
65,22,57,0.22807017543859648,0.22807017543859648,0.10526315789473684
65,23,46,0.32608695652173914,0.32608695652173914,0.13043478260869562
65,24,48,0.25,0.25,0.29166666666666663
65,25,81,0.7530864197530864,0.7530864197530864,0.14814814814814814
65,26,73,0.3561643835616438,0.3561643835616438,0.23287671232876717
66,0,51,0.0,-0.8431372549019608,0.9803921568627451
66,1,45,0.0,-0.4222222222222222,1.0
66,2,51,0.0,0.0,0.37254901960784315
66,3,54,0.0,0.0,0.16666666666666666
66,4,49,0.0,0.0,0.673469387755102
66,5,53,0.0,0.0,0.07547169811320754
66,6,52,0.0,0.0,0.019230769230769232
66,7,58,0.0,0.0,0.017241379310344827
66,8,62,0.0,0.0,0.5967741935483871
66,9,66,0.0,-0.12121212121212122,0.9242424242424242
66,10,71,0.0,0.0,0.19718309859154928
66,11,68,0.0,-0.014705882352941176,0.5441176470588235
66,12,54,0.0,0.0,0.46296296296296297
66,13,66,0.0,0.0,0.19696969696969696
66,14,60,0.0,0.0,0.11666666666666667
66,15,54,0.0,-0.7592592592592593,0.7592592592592593
66,16,71,0.0,-0.5352112676056338,0.5352112676056338
66,17,60,0.0,0.0,0.3
66,18,66,0.7121212121212122,-0.13636363636363635,0.13636363636363635
66,19,52,0.4230769230769231,-0.0961538461538462,0.17307692307692307
66,20,92,0.06521739130434782,0.043478260869565216,0.07608695652173912
66,21,55,0.509090909090909,0.509090909090909,0.09090909090909094
66,22,57,0.19298245614035087,0.19298245614035087,0.14035087719298245
66,23,46,0.34782608695652173,0.34782608695652173,0.10869565217391303
66,24,48,0.3125,0.3125,0.22916666666666663
66,25,81,0.7901234567901234,0.7901234567901234,0.11111111111111116
66,26,73,0.2876712328767123,0.2876712328767123,0.30136986301369867
67,0,51,0.0,-0.8431372549019608,0.9803921568627451
67,1,45,0.0,-0.4222222222222222,1.0
67,2,51,0.0,0.0,0.37254901960784315
67,3,54,0.0,0.0,0.16666666666666666
67,4,49,0.0,0.0,0.673469387755102
67,5,53,0.0,0.0,0.07547169811320754
67,6,52,0.0,0.0,0.019230769230769232
67,7,58,0.0,0.0,0.017241379310344827
67,8,62,0.0,0.0,0.5967741935483871
67,9,66,0.0,-0.12121212121212122,0.9242424242424242
67,10,71,0.0,0.0,0.19718309859154928
67,11,68,0.0,-0.014705882352941176,0.5441176470588235
67,12,54,0.0,0.0,0.46296296296296297
67,13,66,0.0,0.0,0.19696969696969696
67,14,60,0.0,0.0,0.11666666666666667
67,15,54,0.0,-0.7592592592592593,0.7592592592592593
67,16,71,0.0,-0.5352112676056338,0.5352112676056338
67,17,60,0.0,0.0,0.3
67,18,66,0.6818181818181818,-0.16666666666666674,0.16666666666666674
67,19,52,0.46153846153846156,-0.05769230769230771,0.13461538461538458
67,20,92,0.07608695652173914,0.05434782608695653,0.06521739130434781
67,21,55,0.5272727272727272,0.5272727272727272,0.07272727272727275
67,22,57,0.21052631578947367,0.21052631578947367,0.12280701754385964
67,23,46,0.391304347826087,0.391304347826087,0.06521739130434778
67,24,48,0.2916666666666667,0.2916666666666667,0.24999999999999994
67,25,81,0.8024691358024691,0.8024691358024691,0.09876543209876543
67,26,73,0.2465753424657534,0.2465753424657534,0.34246575342465757
68,0,51,0.0,-0.8431372549019608,0.9803921568627451
68,1,45,0.0,-0.4222222222222222,1.0
68,2,51,0.0,0.0,0.37254901960784315
68,3,54,0.0,0.0,0.16666666666666666
68,4,49,0.0,0.0,0.673469387755102
68,5,53,0.0,0.0,0.07547169811320754
68,6,52,0.0,0.0,0.019230769230769232
68,7,58,0.0,0.0,0.017241379310344827
68,8,62,0.0,0.0,0.5967741935483871
68,9,66,0.0,-0.12121212121212122,0.9242424242424242
68,10,71,0.0,0.0,0.19718309859154928
68,11,68,0.0,-0.014705882352941176,0.5441176470588235
68,12,54,0.0,0.0,0.46296296296296297
68,13,66,0.0,0.0,0.19696969696969696
68,14,60,0.0,0.0,0.11666666666666667
68,15,54,0.0,-0.7592592592592593,0.7592592592592593
68,16,71,0.0,-0.5352112676056338,0.5352112676056338
68,17,60,0.0,0.0,0.3
68,18,66,0.6212121212121212,-0.2272727272727273,0.2272727272727273
68,19,52,0.5384615384615384,0.019230769230769162,0.05769230769230771
68,20,92,0.09782608695652174,0.07608695652173914,0.0434782608695652
68,21,55,0.7090909090909091,0.7090909090909091,0.0
68,22,57,0.22807017543859648,0.22807017543859648,0.10526315789473684
68,23,46,0.30434782608695654,0.30434782608695654,0.15217391304347822
68,24,48,0.3958333333333333,0.3958333333333333,0.14583333333333331
68,25,81,0.5308641975308642,0.5308641975308642,0.37037037037037035
68,26,73,0.2191780821917808,0.2191780821917808,0.36986301369863017
69,0,51,0.0,-0.8431372549019608,0.9803921568627451
69,1,45,0.0,-0.4222222222222222,1.0
69,2,51,0.0,0.0,0.37254901960784315
69,3,54,0.0,0.0,0.16666666666666666
69,4,49,0.0,0.0,0.673469387755102
69,5,53,0.0,0.0,0.07547169811320754
69,6,52,0.0,0.0,0.019230769230769232
69,7,58,0.0,0.0,0.017241379310344827
69,8,62,0.0,0.0,0.5967741935483871
69,9,66,0.0,-0.12121212121212122,0.9242424242424242
69,10,71,0.0,0.0,0.19718309859154928
69,11,68,0.0,-0.014705882352941176,0.5441176470588235
69,12,54,0.0,0.0,0.46296296296296297
69,13,66,0.0,0.0,0.19696969696969696
69,14,60,0.0,0.0,0.11666666666666667
69,15,54,0.0,-0.7592592592592593,0.7592592592592593
69,16,71,0.0,-0.5352112676056338,0.5352112676056338
69,17,60,0.0,0.0,0.3
69,18,66,0.7575757575757576,-0.09090909090909094,0.09090909090909094
69,19,52,0.36538461538461536,-0.1538461538461539,0.23076923076923078
69,20,92,0.05434782608695652,0.03260869565217391,0.08695652173913043
69,21,55,0.509090909090909,0.509090909090909,0.20000000000000007
69,22,57,0.2631578947368421,0.2631578947368421,0.07017543859649122
69,23,46,0.45652173913043476,0.45652173913043476,0.0
69,24,48,0.25,0.25,0.29166666666666663
69,25,81,0.8271604938271605,0.8271604938271605,0.07407407407407407
69,26,73,0.3698630136986301,0.3698630136986301,0.21917808219178087
70,0,51,0.0,-0.8431372549019608,0.9803921568627451
70,1,45,0.0,-0.4222222222222222,1.0
70,2,51,0.0,0.0,0.37254901960784315
70,3,54,0.0,0.0,0.16666666666666666
70,4,49,0.0,0.0,0.673469387755102
70,5,53,0.0,0.0,0.07547169811320754
70,6,52,0.0,0.0,0.019230769230769232
70,7,58,0.0,0.0,0.017241379310344827
70,8,62,0.0,0.0,0.5967741935483871
70,9,66,0.0,-0.12121212121212122,0.9242424242424242
70,10,71,0.0,0.0,0.19718309859154928
70,11,68,0.0,-0.014705882352941176,0.5441176470588235
70,12,54,0.0,0.0,0.46296296296296297
70,13,66,0.0,0.0,0.19696969696969696
70,14,60,0.0,0.0,0.11666666666666667
70,15,54,0.0,-0.7592592592592593,0.7592592592592593
70,16,71,0.0,-0.5352112676056338,0.5352112676056338
70,17,60,0.0,0.0,0.3
70,18,66,0.6818181818181818,-0.16666666666666674,0.16666666666666674
70,19,52,0.4230769230769231,-0.0961538461538462,0.17307692307692307
70,20,92,0.043478260869565216,0.021739130434782608,0.09782608695652173
70,21,55,0.4909090909090909,0.4909090909090909,0.2181818181818182
70,22,57,0.2982456140350877,0.2982456140350877,0.03508771929824561
70,23,46,0.391304347826087,0.391304347826087,0.06521739130434778
70,24,48,0.10416666666666667,0.10416666666666667,0.43749999999999994
70,25,81,0.7901234567901234,0.7901234567901234,0.11111111111111116
70,26,73,0.4383561643835616,0.4383561643835616,0.15068493150684936
71,0,51,0.0,-0.8431372549019608,0.9803921568627451
71,1,45,0.0,-0.4222222222222222,1.0
71,2,51,0.0,0.0,0.37254901960784315
71,3,54,0.0,0.0,0.16666666666666666
71,4,49,0.0,0.0,0.673469387755102
71,5,53,0.0,0.0,0.07547169811320754
71,6,52,0.0,0.0,0.019230769230769232
71,7,58,0.0,0.0,0.017241379310344827
71,8,62,0.0,0.0,0.5967741935483871
71,9,66,0.0,-0.12121212121212122,0.9242424242424242
71,10,71,0.0,0.0,0.19718309859154928
71,11,68,0.0,-0.014705882352941176,0.5441176470588235
71,12,54,0.0,0.0,0.46296296296296297
71,13,66,0.0,0.0,0.19696969696969696
71,14,60,0.0,0.0,0.11666666666666667
71,15,54,0.0,-0.7592592592592593,0.7592592592592593
71,16,71,0.0,-0.5352112676056338,0.5352112676056338
71,17,60,0.0,0.0,0.3
71,18,66,0.7575757575757576,-0.09090909090909094,0.09090909090909094
71,19,52,0.2692307692307692,-0.25000000000000006,0.3269230769230769
71,20,92,0.05434782608695652,0.03260869565217391,0.08695652173913043
71,21,55,0.5272727272727272,0.5272727272727272,0.18181818181818188
71,22,57,0.3333333333333333,0.3333333333333333,0.0
71,23,46,0.43478260869565216,0.43478260869565216,0.021739130434782594
71,24,48,0.20833333333333334,0.20833333333333334,0.33333333333333326
71,25,81,0.7407407407407407,0.7407407407407407,0.16049382716049387
71,26,73,0.410958904109589,0.410958904109589,0.17808219178082196
72,0,51,0.0,-0.8431372549019608,0.9803921568627451
72,1,45,0.0,-0.4222222222222222,1.0
72,2,51,0.0,0.0,0.37254901960784315
72,3,54,0.0,0.0,0.16666666666666666
72,4,49,0.0,0.0,0.673469387755102
72,5,53,0.0,0.0,0.07547169811320754
72,6,52,0.0,0.0,0.019230769230769232
72,7,58,0.0,0.0,0.017241379310344827
72,8,62,0.0,0.0,0.5967741935483871
72,9,66,0.0,-0.12121212121212122,0.9242424242424242
72,10,71,0.0,0.0,0.19718309859154928
72,11,68,0.0,-0.014705882352941176,0.5441176470588235
72,12,54,0.0,0.0,0.46296296296296297
72,13,66,0.0,0.0,0.19696969696969696
72,14,60,0.0,0.0,0.11666666666666667
72,15,54,0.0,-0.7592592592592593,0.7592592592592593
72,16,71,0.0,-0.5352112676056338,0.5352112676056338
72,17,60,0.0,0.0,0.3
72,18,66,0.5909090909090909,-0.25757575757575757,0.25757575757575757
72,19,52,0.5961538461538461,0.07692307692307687,0.0
72,20,92,0.010869565217391304,-0.010869565217391304,0.13043478260869565
72,21,55,0.45454545454545453,0.45454545454545453,0.2545454545454546
72,22,57,0.42105263157894735,0.42105263157894735,0.0
72,23,46,0.41304347826086957,0.41304347826086957,0.04347826086956519
72,24,48,0.20833333333333334,0.20833333333333334,0.33333333333333326
72,25,81,0.7037037037037037,0.7037037037037037,0.19753086419753085
72,26,73,0.4794520547945205,0.4794520547945205,0.10958904109589046
73,0,51,0.0,-0.8431372549019608,0.9803921568627451
73,1,45,0.0,-0.4222222222222222,1.0
73,2,51,0.0,0.0,0.37254901960784315
73,3,54,0.0,0.0,0.16666666666666666
73,4,49,0.0,0.0,0.673469387755102
73,5,53,0.0,0.0,0.07547169811320754
73,6,52,0.0,0.0,0.019230769230769232
73,7,58,0.0,0.0,0.017241379310344827
73,8,62,0.0,0.0,0.5967741935483871
73,9,66,0.0,-0.12121212121212122,0.9242424242424242
73,10,71,0.0,0.0,0.19718309859154928
73,11,68,0.0,-0.014705882352941176,0.5441176470588235
73,12,54,0.0,0.0,0.46296296296296297
73,13,66,0.0,0.0,0.19696969696969696
73,14,60,0.0,0.0,0.11666666666666667
73,15,54,0.0,-0.7592592592592593,0.7592592592592593
73,16,71,0.0,-0.5352112676056338,0.5352112676056338
73,17,60,0.0,0.0,0.3
73,18,66,0.7575757575757576,-0.09090909090909094,0.09090909090909094
73,19,52,0.38461538461538464,-0.13461538461538464,0.2115384615384615
73,20,92,0.043478260869565216,0.021739130434782608,0.09782608695652173
73,21,55,0.5272727272727272,0.5272727272727272,0.18181818181818188
73,22,57,0.3684210526315789,0.3684210526315789,0.05263157894736842
73,23,46,0.391304347826087,0.391304347826087,0.06521739130434778
73,24,48,0.16666666666666666,0.16666666666666666,0.375
73,25,81,0.7654320987654321,0.7654320987654321,0.13580246913580252
73,26,73,0.4383561643835616,0.4383561643835616,0.15068493150684936
74,0,51,0.0,-0.8431372549019608,0.9803921568627451
74,1,45,0.0,-0.4222222222222222,1.0
74,2,51,0.0,0.0,0.37254901960784315
74,3,54,0.0,0.0,0.16666666666666666
74,4,49,0.0,0.0,0.673469387755102
74,5,53,0.0,0.0,0.07547169811320754
74,6,52,0.0,0.0,0.019230769230769232
74,7,58,0.0,0.0,0.017241379310344827
74,8,62,0.0,0.0,0.5967741935483871
74,9,66,0.0,-0.12121212121212122,0.9242424242424242
74,10,71,0.0,0.0,0.19718309859154928
74,11,68,0.0,-0.014705882352941176,0.5441176470588235
74,12,54,0.0,0.0,0.46296296296296297
74,13,66,0.0,0.0,0.19696969696969696
74,14,60,0.0,0.0,0.11666666666666667
74,15,54,0.0,-0.7592592592592593,0.7592592592592593
74,16,71,0.0,-0.5352112676056338,0.5352112676056338
74,17,60,0.0,0.0,0.3
74,18,66,0.7121212121212122,-0.13636363636363635,0.13636363636363635
74,19,52,0.3269230769230769,-0.19230769230769235,0.2692307692307692
74,20,92,0.043478260869565216,0.021739130434782608,0.09782608695652173
74,21,55,0.5636363636363636,0.5636363636363636,0.1454545454545455
74,22,57,0.2982456140350877,0.2982456140350877,0.12280701754385964
74,23,46,0.391304347826087,0.391304347826087,0.06521739130434778
74,24,48,0.14583333333333334,0.14583333333333334,0.39583333333333326
74,25,81,0.7654320987654321,0.7654320987654321,0.13580246913580252
74,26,73,0.4657534246575342,0.4657534246575342,0.12328767123287676
75,0,51,0.0,-0.8431372549019608,0.9803921568627451
75,1,45,0.0,-0.4222222222222222,1.0
75,2,51,0.0,0.0,0.37254901960784315
75,3,54,0.0,0.0,0.16666666666666666
75,4,49,0.0,0.0,0.673469387755102
75,5,53,0.0,0.0,0.07547169811320754
75,6,52,0.0,0.0,0.019230769230769232
75,7,58,0.0,0.0,0.017241379310344827
75,8,62,0.0,0.0,0.5967741935483871
75,9,66,0.0,-0.12121212121212122,0.9242424242424242
75,10,71,0.0,0.0,0.19718309859154928
75,11,68,0.0,-0.014705882352941176,0.5441176470588235
75,12,54,0.0,0.0,0.46296296296296297
75,13,66,0.0,0.0,0.19696969696969696
75,14,60,0.0,0.0,0.11666666666666667
75,15,54,0.0,-0.7592592592592593,0.7592592592592593
75,16,71,0.0,-0.5352112676056338,0.5352112676056338
75,17,60,0.0,0.0,0.3
75,18,66,0.7424242424242424,-0.10606060606060608,0.10606060606060608
75,19,52,0.34615384615384615,-0.17307692307692313,0.25
75,20,92,0.043478260869565216,0.021739130434782608,0.09782608695652173
75,21,55,0.4909090909090909,0.4909090909090909,0.2181818181818182
75,22,57,0.3157894736842105,0.3157894736842105,0.10526315789473684
75,23,46,0.43478260869565216,0.43478260869565216,0.021739130434782594
75,24,48,0.08333333333333333,0.08333333333333333,0.4583333333333333
75,25,81,0.8148148148148148,0.8148148148148148,0.0864197530864198
75,26,73,0.3972602739726027,0.3972602739726027,0.19178082191780826
76,0,51,0.0,-0.8431372549019608,0.9803921568627451
76,1,45,0.0,-0.4222222222222222,1.0
76,2,51,0.0,0.0,0.37254901960784315
76,3,54,0.0,0.0,0.16666666666666666
76,4,49,0.0,0.0,0.673469387755102
76,5,53,0.0,0.0,0.07547169811320754
76,6,52,0.0,0.0,0.019230769230769232
76,7,58,0.0,0.0,0.017241379310344827
76,8,62,0.0,0.0,0.5967741935483871
76,9,66,0.0,-0.12121212121212122,0.9242424242424242
76,10,71,0.0,0.0,0.19718309859154928
76,11,68,0.0,-0.014705882352941176,0.5441176470588235
76,12,54,0.0,0.0,0.46296296296296297
76,13,66,0.0,0.0,0.19696969696969696
76,14,60,0.0,0.0,0.11666666666666667
76,15,54,0.0,-0.7592592592592593,0.7592592592592593
76,16,71,0.0,-0.5352112676056338,0.5352112676056338
76,17,60,0.0,0.0,0.3
76,18,66,0.6515151515151515,-0.19696969696969702,0.19696969696969702
76,19,52,0.3076923076923077,-0.21153846153846156,0.28846153846153844
76,20,92,0.06521739130434782,0.043478260869565216,0.07608695652173912
76,21,55,0.6545454545454545,0.6545454545454545,0.054545454545454564
76,22,57,0.3157894736842105,0.3157894736842105,0.10526315789473684
76,23,46,0.45652173913043476,0.45652173913043476,0.0
76,24,48,0.14583333333333334,0.14583333333333334,0.39583333333333326
76,25,81,0.7160493827160493,0.7160493827160493,0.18518518518518523
76,26,73,0.4520547945205479,0.4520547945205479,0.13698630136986306
77,0,51,0.0,-0.8431372549019608,0.9803921568627451
77,1,45,0.0,-0.4222222222222222,1.0
77,2,51,0.0,0.0,0.37254901960784315
77,3,54,0.0,0.0,0.16666666666666666
77,4,49,0.0,0.0,0.673469387755102
77,5,53,0.0,0.0,0.07547169811320754
77,6,52,0.0,0.0,0.019230769230769232
77,7,58,0.0,0.0,0.017241379310344827
77,8,62,0.0,0.0,0.5967741935483871
77,9,66,0.0,-0.12121212121212122,0.9242424242424242
77,10,71,0.0,0.0,0.19718309859154928
77,11,68,0.0,-0.014705882352941176,0.5441176470588235
77,12,54,0.0,0.0,0.46296296296296297
77,13,66,0.0,0.0,0.19696969696969696
77,14,60,0.0,0.0,0.11666666666666667
77,15,54,0.0,-0.7592592592592593,0.7592592592592593
77,16,71,0.0,-0.5352112676056338,0.5352112676056338
77,17,60,0.0,0.0,0.3
77,18,66,0.7727272727272727,-0.0757575757575758,0.0757575757575758
77,19,52,0.3076923076923077,-0.21153846153846156,0.28846153846153844
77,20,92,0.07608695652173914,0.05434782608695653,0.06521739130434781
77,21,55,0.6,0.6,0.10909090909090913
77,22,57,0.3508771929824561,0.3508771929824561,0.07017543859649122
77,23,46,0.4782608695652174,0.4782608695652174,0.0
77,24,48,0.25,0.25,0.29166666666666663
77,25,81,0.6790123456790124,0.6790123456790124,0.2222222222222222
77,26,73,0.3972602739726027,0.3972602739726027,0.19178082191780826
78,0,51,0.0,-0.8431372549019608,0.9803921568627451
78,1,45,0.0,-0.4222222222222222,1.0
78,2,51,0.0,0.0,0.37254901960784315
78,3,54,0.0,0.0,0.16666666666666666
78,4,49,0.0,0.0,0.673469387755102
78,5,53,0.0,0.0,0.07547169811320754
78,6,52,0.0,0.0,0.019230769230769232
78,7,58,0.0,0.0,0.017241379310344827
78,8,62,0.0,0.0,0.5967741935483871
78,9,66,0.0,-0.12121212121212122,0.9242424242424242
78,10,71,0.0,0.0,0.19718309859154928
78,11,68,0.0,-0.014705882352941176,0.5441176470588235
78,12,54,0.0,0.0,0.46296296296296297
78,13,66,0.0,0.0,0.19696969696969696
78,14,60,0.0,0.0,0.11666666666666667
78,15,54,0.0,-0.7592592592592593,0.7592592592592593
78,16,71,0.0,-0.5352112676056338,0.5352112676056338
78,17,60,0.0,0.0,0.3
78,18,66,0.696969696969697,-0.1515151515151515,0.1515151515151515
78,19,52,0.3076923076923077,-0.21153846153846156,0.28846153846153844
78,20,92,0.05434782608695652,0.03260869565217391,0.08695652173913043
78,21,55,0.5818181818181818,0.5818181818181818,0.12727272727272732
78,22,57,0.3157894736842105,0.3157894736842105,0.10526315789473684
78,23,46,0.43478260869565216,0.43478260869565216,0.043478260869565244
78,24,48,0.125,0.125,0.41666666666666663
78,25,81,0.7407407407407407,0.7407407407407407,0.16049382716049387
78,26,73,0.4383561643835616,0.4383561643835616,0.15068493150684936
79,0,51,0.0,-0.8431372549019608,0.9803921568627451
79,1,45,0.0,-0.4222222222222222,1.0
79,2,51,0.0,0.0,0.37254901960784315
79,3,54,0.0,0.0,0.16666666666666666
79,4,49,0.0,0.0,0.673469387755102
79,5,53,0.0,0.0,0.07547169811320754
79,6,52,0.0,0.0,0.019230769230769232
79,7,58,0.0,0.0,0.017241379310344827
79,8,62,0.0,0.0,0.5967741935483871
79,9,66,0.0,-0.12121212121212122,0.9242424242424242
79,10,71,0.0,0.0,0.19718309859154928
79,11,68,0.0,-0.014705882352941176,0.5441176470588235
79,12,54,0.0,0.0,0.46296296296296297
79,13,66,0.0,0.0,0.19696969696969696
79,14,60,0.0,0.0,0.11666666666666667
79,15,54,0.0,-0.7592592592592593,0.7592592592592593
79,16,71,0.0,-0.5352112676056338,0.5352112676056338
79,17,60,0.0,0.0,0.3
79,18,66,0.7575757575757576,-0.09090909090909094,0.09090909090909094
79,19,52,0.3076923076923077,-0.21153846153846156,0.28846153846153844
79,20,92,0.03260869565217391,0.010869565217391304,0.10869565217391303
79,21,55,0.6363636363636364,0.6363636363636364,0.07272727272727275
79,22,57,0.3333333333333333,0.3333333333333333,0.08771929824561403
79,23,46,0.4782608695652174,0.4782608695652174,0.0
79,24,48,0.125,0.125,0.41666666666666663
79,25,81,0.7777777777777778,0.7777777777777778,0.12345679012345678
79,26,73,0.3972602739726027,0.3972602739726027,0.19178082191780826
80,0,51,0.0,-0.8431372549019608,0.9803921568627451
80,1,45,0.0,-0.4222222222222222,1.0
80,2,51,0.0,0.0,0.37254901960784315
80,3,54,0.0,0.0,0.16666666666666666
80,4,49,0.0,0.0,0.673469387755102
80,5,53,0.0,0.0,0.07547169811320754
80,6,52,0.0,0.0,0.019230769230769232
80,7,58,0.0,0.0,0.017241379310344827
80,8,62,0.0,0.0,0.5967741935483871
80,9,66,0.0,-0.12121212121212122,0.9242424242424242
80,10,71,0.0,0.0,0.19718309859154928
80,11,68,0.0,-0.014705882352941176,0.5441176470588235
80,12,54,0.0,0.0,0.46296296296296297
80,13,66,0.0,0.0,0.19696969696969696
80,14,60,0.0,0.0,0.11666666666666667
80,15,54,0.0,-0.7592592592592593,0.7592592592592593
80,16,71,0.0,-0.5352112676056338,0.5352112676056338
80,17,60,0.0,0.0,0.3
80,18,66,0.7727272727272727,-0.0757575757575758,0.0757575757575758
80,19,52,0.2692307692307692,-0.25000000000000006,0.3269230769230769
80,20,92,0.05434782608695652,0.03260869565217391,0.08695652173913043
80,21,55,0.6,0.6,0.10909090909090913
80,22,57,0.2631578947368421,0.2631578947368421,0.15789473684210525
80,23,46,0.4782608695652174,0.4782608695652174,0.0
80,24,48,0.1875,0.1875,0.35416666666666663
80,25,81,0.7530864197530864,0.7530864197530864,0.14814814814814814
80,26,73,0.4246575342465753,0.4246575342465753,0.16438356164383566
81,0,51,0.0,-0.8431372549019608,0.9803921568627451
81,1,45,0.0,-0.4222222222222222,1.0
81,2,51,0.0,0.0,0.37254901960784315
81,3,54,0.0,0.0,0.16666666666666666
81,4,49,0.0,0.0,0.673469387755102
81,5,53,0.0,0.0,0.07547169811320754
81,6,52,0.0,0.0,0.019230769230769232
81,7,58,0.0,0.0,0.017241379310344827
81,8,62,0.0,0.0,0.5967741935483871
81,9,66,0.0,-0.12121212121212122,0.9242424242424242
81,10,71,0.0,0.0,0.19718309859154928
81,11,68,0.0,-0.014705882352941176,0.5441176470588235
81,12,54,0.0,0.0,0.46296296296296297
81,13,66,0.0,0.0,0.19696969696969696
81,14,60,0.0,0.0,0.11666666666666667
81,15,54,0.0,-0.7592592592592593,0.7592592592592593
81,16,71,0.0,-0.5352112676056338,0.5352112676056338
81,17,60,0.0,0.0,0.3
81,18,66,0.7272727272727273,-0.12121212121212122,0.12121212121212122
81,19,52,0.34615384615384615,-0.17307692307692313,0.25
81,20,92,0.043478260869565216,0.021739130434782608,0.09782608695652173
81,21,55,0.5818181818181818,0.5818181818181818,0.12727272727272732
81,22,57,0.3333333333333333,0.3333333333333333,0.08771929824561403
81,23,46,0.45652173913043476,0.45652173913043476,0.02173913043478265
81,24,48,0.14583333333333334,0.14583333333333334,0.39583333333333326
81,25,81,0.7654320987654321,0.7654320987654321,0.13580246913580252
81,26,73,0.4383561643835616,0.4383561643835616,0.15068493150684936
82,0,51,0.0,-0.8431372549019608,0.9803921568627451
82,1,45,0.0,-0.4222222222222222,1.0
82,2,51,0.0,0.0,0.37254901960784315
82,3,54,0.0,0.0,0.16666666666666666
82,4,49,0.0,0.0,0.673469387755102
82,5,53,0.0,0.0,0.07547169811320754
82,6,52,0.0,0.0,0.019230769230769232
82,7,58,0.0,0.0,0.017241379310344827
82,8,62,0.0,0.0,0.5967741935483871
82,9,66,0.0,-0.12121212121212122,0.9242424242424242
82,10,71,0.0,0.0,0.19718309859154928
82,11,68,0.0,-0.014705882352941176,0.5441176470588235
82,12,54,0.0,0.0,0.46296296296296297
82,13,66,0.0,0.0,0.19696969696969696
82,14,60,0.0,0.0,0.11666666666666667
82,15,54,0.0,-0.7592592592592593,0.7592592592592593
82,16,71,0.0,-0.5352112676056338,0.5352112676056338
82,17,60,0.0,0.0,0.3
82,18,66,0.6515151515151515,-0.19696969696969702,0.19696969696969702
82,19,52,0.3269230769230769,-0.19230769230769235,0.2692307692307692
82,20,92,0.08695652173913043,0.06521739130434782,0.05434782608695651
82,21,55,0.7272727272727273,0.7272727272727273,0.0
82,22,57,0.24561403508771928,0.24561403508771928,0.17543859649122806
82,23,46,0.4782608695652174,0.4782608695652174,0.0
82,24,48,0.25,0.25,0.29166666666666663
82,25,81,0.6790123456790124,0.6790123456790124,0.2222222222222222
82,26,73,0.3835616438356164,0.3835616438356164,0.20547945205479456
83,0,51,0.0,-0.8431372549019608,0.9803921568627451
83,1,45,0.0,-0.4222222222222222,1.0
83,2,51,0.0,0.0,0.37254901960784315
83,3,54,0.0,0.0,0.16666666666666666
83,4,49,0.0,0.0,0.673469387755102
83,5,53,0.0,0.0,0.07547169811320754
83,6,52,0.0,0.0,0.019230769230769232
83,7,58,0.0,0.0,0.017241379310344827
83,8,62,0.0,0.0,0.5967741935483871
83,9,66,0.0,-0.12121212121212122,0.9242424242424242
83,10,71,0.0,0.0,0.19718309859154928
83,11,68,0.0,-0.014705882352941176,0.5441176470588235
83,12,54,0.0,0.0,0.46296296296296297
83,13,66,0.0,0.0,0.19696969696969696
83,14,60,0.0,0.0,0.11666666666666667
83,15,54,0.0,-0.7592592592592593,0.7592592592592593
83,16,71,0.0,-0.5352112676056338,0.5352112676056338
83,17,60,0.0,0.0,0.3
83,18,66,0.6666666666666666,-0.18181818181818188,0.18181818181818188
83,19,52,0.38461538461538464,-0.13461538461538464,0.2115384615384615
83,20,92,0.06521739130434782,0.043478260869565216,0.07608695652173912
83,21,55,0.6727272727272727,0.6727272727272727,0.054545454545454564
83,22,57,0.2982456140350877,0.2982456140350877,0.12280701754385964
83,23,46,0.45652173913043476,0.45652173913043476,0.02173913043478265
83,24,48,0.22916666666666666,0.22916666666666666,0.3125
83,25,81,0.7407407407407407,0.7407407407407407,0.16049382716049387
83,26,73,0.3561643835616438,0.3561643835616438,0.23287671232876717
84,0,51,0.0,-0.8431372549019608,0.9803921568627451
84,1,45,0.0,-0.4222222222222222,1.0
84,2,51,0.0,0.0,0.37254901960784315
84,3,54,0.0,0.0,0.16666666666666666
84,4,49,0.0,0.0,0.673469387755102
84,5,53,0.0,0.0,0.07547169811320754
84,6,52,0.0,0.0,0.019230769230769232
84,7,58,0.0,0.0,0.017241379310344827
84,8,62,0.0,0.0,0.5967741935483871
84,9,66,0.0,-0.12121212121212122,0.9242424242424242
84,10,71,0.0,0.0,0.19718309859154928
84,11,68,0.0,-0.014705882352941176,0.5441176470588235
84,12,54,0.0,0.0,0.46296296296296297
84,13,66,0.0,0.0,0.19696969696969696
84,14,60,0.0,0.0,0.11666666666666667
84,15,54,0.0,-0.7592592592592593,0.7592592592592593
84,16,71,0.0,-0.5352112676056338,0.5352112676056338
84,17,60,0.0,0.0,0.3
84,18,66,0.696969696969697,-0.1515151515151515,0.1515151515151515
84,19,52,0.34615384615384615,-0.17307692307692313,0.25
84,20,92,0.06521739130434782,0.043478260869565216,0.07608695652173912
84,21,55,0.6363636363636364,0.6363636363636364,0.09090909090909094
84,22,57,0.3157894736842105,0.3157894736842105,0.10526315789473684
84,23,46,0.45652173913043476,0.45652173913043476,0.02173913043478265
84,24,48,0.1875,0.1875,0.35416666666666663
84,25,81,0.7654320987654321,0.7654320987654321,0.13580246913580252
84,26,73,0.3561643835616438,0.3561643835616438,0.23287671232876717
85,0,51,0.0,-0.8431372549019608,0.9803921568627451
85,1,45,0.0,-0.4222222222222222,1.0
85,2,51,0.0,0.0,0.37254901960784315
85,3,54,0.0,0.0,0.16666666666666666
85,4,49,0.0,0.0,0.673469387755102
85,5,53,0.0,0.0,0.07547169811320754
85,6,52,0.0,0.0,0.019230769230769232
85,7,58,0.0,0.0,0.017241379310344827
85,8,62,0.0,0.0,0.5967741935483871
85,9,66,0.0,-0.12121212121212122,0.9242424242424242
85,10,71,0.0,0.0,0.19718309859154928
85,11,68,0.0,-0.014705882352941176,0.5441176470588235
85,12,54,0.0,0.0,0.46296296296296297
85,13,66,0.0,0.0,0.19696969696969696
85,14,60,0.0,0.0,0.11666666666666667
85,15,54,0.0,-0.7592592592592593,0.7592592592592593
85,16,71,0.0,-0.5352112676056338,0.5352112676056338
85,17,60,0.0,0.0,0.3
85,18,66,0.7121212121212122,-0.13636363636363635,0.13636363636363635
85,19,52,0.34615384615384615,-0.17307692307692313,0.25
85,20,92,0.05434782608695652,0.03260869565217391,0.08695652173913043
85,21,55,0.6181818181818182,0.6181818181818182,0.10909090909090913
85,22,57,0.2982456140350877,0.2982456140350877,0.12280701754385964
85,23,46,0.43478260869565216,0.43478260869565216,0.043478260869565244
85,24,48,0.14583333333333334,0.14583333333333334,0.39583333333333326
85,25,81,0.7777777777777778,0.7777777777777778,0.12345679012345678
85,26,73,0.3835616438356164,0.3835616438356164,0.20547945205479456
86,0,51,0.0,-0.8431372549019608,0.9803921568627451
86,1,45,0.0,-0.4222222222222222,1.0
86,2,51,0.0,0.0,0.37254901960784315
86,3,54,0.0,0.0,0.16666666666666666
86,4,49,0.0,0.0,0.673469387755102
86,5,53,0.0,0.0,0.07547169811320754
86,6,52,0.0,0.0,0.019230769230769232
86,7,58,0.0,0.0,0.017241379310344827
86,8,62,0.0,0.0,0.5967741935483871
86,9,66,0.0,-0.12121212121212122,0.9242424242424242
86,10,71,0.0,0.0,0.19718309859154928
86,11,68,0.0,-0.014705882352941176,0.5441176470588235
86,12,54,0.0,0.0,0.46296296296296297
86,13,66,0.0,0.0,0.19696969696969696
86,14,60,0.0,0.0,0.11666666666666667
86,15,54,0.0,-0.7592592592592593,0.7592592592592593
86,16,71,0.0,-0.5352112676056338,0.5352112676056338
86,17,60,0.0,0.0,0.3
86,18,66,0.6515151515151515,-0.19696969696969702,0.19696969696969702
86,19,52,0.2692307692307692,-0.25000000000000006,0.3269230769230769
86,20,92,0.13043478260869565,0.10869565217391304,0.010869565217391297
86,21,55,0.7272727272727273,0.7272727272727273,0.0
86,22,57,0.22807017543859648,0.22807017543859648,0.19298245614035087
86,23,46,0.45652173913043476,0.45652173913043476,0.02173913043478265
86,24,48,0.20833333333333334,0.20833333333333334,0.33333333333333326
86,25,81,0.6666666666666666,0.6666666666666666,0.23456790123456794
86,26,73,0.3835616438356164,0.3835616438356164,0.20547945205479456
87,0,51,0.0,-0.8431372549019608,0.9803921568627451
87,1,45,0.0,-0.4222222222222222,1.0
87,2,51,0.0,0.0,0.37254901960784315
87,3,54,0.0,0.0,0.16666666666666666
87,4,49,0.0,0.0,0.673469387755102
87,5,53,0.0,0.0,0.07547169811320754
87,6,52,0.0,0.0,0.019230769230769232
87,7,58,0.0,0.0,0.017241379310344827
87,8,62,0.0,0.0,0.5967741935483871
87,9,66,0.0,-0.12121212121212122,0.9242424242424242
87,10,71,0.0,0.0,0.19718309859154928
87,11,68,0.0,-0.014705882352941176,0.5441176470588235
87,12,54,0.0,0.0,0.46296296296296297
87,13,66,0.0,0.0,0.19696969696969696
87,14,60,0.0,0.0,0.11666666666666667
87,15,54,0.0,-0.7592592592592593,0.7592592592592593
87,16,71,0.0,-0.5352112676056338,0.5352112676056338
87,17,60,0.0,0.0,0.3
87,18,66,0.6818181818181818,-0.16666666666666674,0.16666666666666674
87,19,52,0.3269230769230769,-0.19230769230769235,0.2692307692307692
87,20,92,0.08695652173913043,0.06521739130434782,0.05434782608695651
87,21,55,0.7090909090909091,0.7090909090909091,0.018181818181818188
87,22,57,0.2807017543859649,0.2807017543859649,0.14035087719298245
87,23,46,0.45652173913043476,0.45652173913043476,0.02173913043478265
87,24,48,0.22916666666666666,0.22916666666666666,0.3125
87,25,81,0.691358024691358,0.691358024691358,0.2098765432098766
87,26,73,0.3835616438356164,0.3835616438356164,0.20547945205479456
88,0,51,0.0,-0.8431372549019608,0.9803921568627451
88,1,45,0.0,-0.4222222222222222,1.0
88,2,51,0.0,0.0,0.37254901960784315
88,3,54,0.0,0.0,0.16666666666666666
88,4,49,0.0,0.0,0.673469387755102
88,5,53,0.0,0.0,0.07547169811320754
88,6,52,0.0,0.0,0.019230769230769232
88,7,58,0.0,0.0,0.017241379310344827
88,8,62,0.0,0.0,0.5967741935483871
88,9,66,0.0,-0.12121212121212122,0.9242424242424242
88,10,71,0.0,0.0,0.19718309859154928
88,11,68,0.0,-0.014705882352941176,0.5441176470588235
88,12,54,0.0,0.0,0.46296296296296297
88,13,66,0.0,0.0,0.19696969696969696
88,14,60,0.0,0.0,0.11666666666666667
88,15,54,0.0,-0.7592592592592593,0.7592592592592593
88,16,71,0.0,-0.5352112676056338,0.5352112676056338
88,17,60,0.0,0.0,0.3
88,18,66,0.7424242424242424,-0.10606060606060608,0.10606060606060608
88,19,52,0.3076923076923077,-0.21153846153846156,0.28846153846153844
88,20,92,0.05434782608695652,0.03260869565217391,0.08695652173913043
88,21,55,0.6363636363636364,0.6363636363636364,0.09090909090909094
88,22,57,0.21052631578947367,0.21052631578947367,0.21052631578947367
88,23,46,0.5,0.5,0.0
88,24,48,0.14583333333333334,0.14583333333333334,0.39583333333333326
88,25,81,0.8148148148148148,0.8148148148148148,0.0864197530864198
88,26,73,0.3835616438356164,0.3835616438356164,0.20547945205479456
89,0,51,0.0,-0.8431372549019608,0.9803921568627451
89,1,45,0.0,-0.4222222222222222,1.0
89,2,51,0.0,0.0,0.37254901960784315
89,3,54,0.0,0.0,0.16666666666666666
89,4,49,0.0,0.0,0.673469387755102
89,5,53,0.0,0.0,0.07547169811320754
89,6,52,0.0,0.0,0.019230769230769232
89,7,58,0.0,0.0,0.017241379310344827
89,8,62,0.0,0.0,0.5967741935483871
89,9,66,0.0,-0.12121212121212122,0.9242424242424242
89,10,71,0.0,0.0,0.19718309859154928
89,11,68,0.0,-0.014705882352941176,0.5441176470588235
89,12,54,0.0,0.0,0.46296296296296297
89,13,66,0.0,0.0,0.19696969696969696
89,14,60,0.0,0.0,0.11666666666666667
89,15,54,0.0,-0.7592592592592593,0.7592592592592593
89,16,71,0.0,-0.5352112676056338,0.5352112676056338
89,17,60,0.0,0.0,0.3
89,18,66,0.7424242424242424,-0.10606060606060608,0.10606060606060608
89,19,52,0.21153846153846154,-0.3076923076923077,0.3846153846153846
89,20,92,0.09782608695652174,0.07608695652173914,0.0434782608695652
89,21,55,0.6545454545454545,0.6545454545454545,0.07272727272727275
89,22,57,0.24561403508771928,0.24561403508771928,0.17543859649122806
89,23,46,0.4782608695652174,0.4782608695652174,0.021739130434782594
89,24,48,0.1875,0.1875,0.35416666666666663
89,25,81,0.7160493827160493,0.7160493827160493,0.18518518518518523
89,26,73,0.3972602739726027,0.3972602739726027,0.19178082191780826
90,0,51,0.0,-0.8431372549019608,0.9803921568627451
90,1,45,0.0,-0.4222222222222222,1.0
90,2,51,0.0,0.0,0.37254901960784315
90,3,54,0.0,0.0,0.16666666666666666
90,4,49,0.0,0.0,0.673469387755102
90,5,53,0.0,0.0,0.07547169811320754
90,6,52,0.0,0.0,0.019230769230769232
90,7,58,0.0,0.0,0.017241379310344827
90,8,62,0.0,0.0,0.5967741935483871
90,9,66,0.0,-0.12121212121212122,0.9242424242424242
90,10,71,0.0,0.0,0.19718309859154928
90,11,68,0.0,-0.014705882352941176,0.5441176470588235
90,12,54,0.0,0.0,0.46296296296296297
90,13,66,0.0,0.0,0.19696969696969696
90,14,60,0.0,0.0,0.11666666666666667
90,15,54,0.0,-0.7592592592592593,0.7592592592592593
90,16,71,0.0,-0.5352112676056338,0.5352112676056338
90,17,60,0.0,0.0,0.3
90,18,66,0.7575757575757576,-0.09090909090909094,0.09090909090909094
90,19,52,0.3076923076923077,-0.21153846153846156,0.28846153846153844
90,20,92,0.05434782608695652,0.03260869565217391,0.08695652173913043
90,21,55,0.6181818181818182,0.6181818181818182,0.10909090909090913
90,22,57,0.2631578947368421,0.2631578947368421,0.15789473684210525
90,23,46,0.45652173913043476,0.45652173913043476,0.043478260869565244
90,24,48,0.16666666666666666,0.16666666666666666,0.375
90,25,81,0.7654320987654321,0.7654320987654321,0.13580246913580252
90,26,73,0.3698630136986301,0.3698630136986301,0.21917808219178087
