round,class_id,n,acc,bwt,forgetting
1,0,51,0.37254901960784315,,
1,1,45,0.8,,
1,2,51,0.0,,
1,3,54,0.07407407407407407,,
1,4,49,0.0,,
1,5,53,0.0,,
1,6,52,0.0,,
1,7,58,0.0,,
1,8,62,0.0,,
2,0,51,0.19607843137254902,-0.17647058823529413,0.17647058823529413
2,1,45,0.06666666666666667,-0.7333333333333334,0.7333333333333334
2,2,51,0.0,0.0,0.0
2,3,54,0.6666666666666666,0.5925925925925926,0.0
2,4,49,0.42857142857142855,0.42857142857142855,0.0
2,5,53,0.0,0.0,0.0
2,6,52,0.0,0.0,0.0
2,7,58,0.0,0.0,0.0
2,8,62,0.0,0.0,0.0
3,0,51,0.5098039215686274,0.13725490196078427,0.0
3,1,45,0.4222222222222222,-0.3777777777777778,0.3777777777777778
3,2,51,0.0,0.0,0.0
3,3,54,0.037037037037037035,-0.037037037037037035,0.6296296296296295
3,4,49,0.32653061224489793,0.32653061224489793,0.10204081632653061
3,5,53,0.0,0.0,0.0
3,6,52,0.0,0.0,0.0
3,7,58,0.0,0.0,0.0
3,8,62,0.0,0.0,0.0
4,0,51,0.2549019607843137,-0.11764705882352944,0.2549019607843137
4,1,45,0.022222222222222223,-0.7777777777777778,0.7777777777777778
4,2,51,0.0196078431372549,0.0196078431372549,0.0
4,3,54,0.48148148148148145,0.4074074074074074,0.18518518518518517
4,4,49,0.42857142857142855,0.42857142857142855,0.0
4,5,53,0.16981132075471697,0.16981132075471697,0.0
4,6,52,0.1346153846153846,0.1346153846153846,0.0
4,7,58,0.0,0.0,0.0
4,8,62,0.03225806451612903,0.03225806451612903,0.0
5,0,51,0.3333333333333333,-0.03921568627450983,0.1764705882352941
5,1,45,0.6444444444444445,-0.15555555555555556,0.15555555555555556
5,2,51,0.0,0.0,0.0196078431372549
5,3,54,0.1111111111111111,0.037037037037037035,0.5555555555555556
5,4,49,0.46938775510204084,0.46938775510204084,0.0
5,5,53,0.0,0.0,0.16981132075471697
5,6,52,0.019230769230769232,0.019230769230769232,0.11538461538461538
5,7,58,0.0,0.0,0.0
5,8,62,0.0,0.0,0.03225806451612903
6,0,51,0.21568627450980393,-0.1568627450980392,0.2941176470588235
6,1,45,0.2222222222222222,-0.5777777777777778,0.5777777777777778
6,2,51,0.13725490196078433,0.13725490196078433,0.0
6,3,54,0.18518518518518517,0.1111111111111111,0.48148148148148145
6,4,49,0.30612244897959184,0.30612244897959184,0.163265306122449
6,5,53,0.11320754716981132,0.11320754716981132,0.05660377358490565
6,6,52,0.3269230769230769,0.3269230769230769,0.0
6,7,58,0.034482758620689655,0.034482758620689655,0.0
6,8,62,0.03225806451612903,0.03225806451612903,0.0
7,0,51,0.3137254901960784,-0.05882352941176472,0.196078431372549
7,1,45,0.5111111111111111,-0.288888888888889,0.288888888888889
7,2,51,0.09803921568627451,0.09803921568627451,0.03921568627450982
7,3,54,0.14814814814814814,0.07407407407407407,0.5185185185185185
7,4,49,0.2857142857142857,0.2857142857142857,0.18367346938775514
7,5,53,0.09433962264150944,0.09433962264150944,0.07547169811320753
7,6,52,0.1346153846153846,0.1346153846153846,0.19230769230769232
7,7,58,0.034482758620689655,0.034482758620689655,0.0
7,8,62,0.12903225806451613,0.12903225806451613,0.0
8,0,51,0.35294117647058826,-0.019607843137254888,0.15686274509803916
8,1,45,0.35555555555555557,-0.4444444444444445,0.4444444444444445
8,2,51,0.11764705882352941,0.11764705882352941,0.019607843137254916
8,3,54,0.07407407407407407,0.0,0.5925925925925926
8,4,49,0.32653061224489793,0.32653061224489793,0.1428571428571429
8,5,53,0.09433962264150944,0.09433962264150944,0.07547169811320753
8,6,52,0.15384615384615385,0.15384615384615385,0.17307692307692307
8,7,58,0.017241379310344827,0.017241379310344827,0.017241379310344827
8,8,62,0.0967741935483871,0.0967741935483871,0.03225806451612903
9,0,51,0.27450980392156865,-0.0980392156862745,0.23529411764705876
9,1,45,0.3333333333333333,-0.46666666666666673,0.46666666666666673
9,2,51,0.1568627450980392,0.1568627450980392,0.0
9,3,54,0.05555555555555555,-0.018518518518518517,0.611111111111111
9,4,49,0.3469387755102041,0.3469387755102041,0.12244897959183676
9,5,53,0.11320754716981132,0.11320754716981132,0.05660377358490565
9,6,52,0.21153846153846154,0.21153846153846154,0.11538461538461539
9,7,58,0.034482758620689655,0.034482758620689655,0.0
9,8,62,0.0967741935483871,0.0967741935483871,0.03225806451612903
10,0,51,0.3333333333333333,-0.03921568627450983,0.1764705882352941
10,1,45,0.26666666666666666,-0.5333333333333334,0.5333333333333334
10,2,51,0.11764705882352941,0.11764705882352941,0.0392156862745098
10,3,54,0.05555555555555555,-0.018518518518518517,0.611111111111111
10,4,49,0.3877551020408163,0.3877551020408163,0.08163265306122452
10,5,53,0.11320754716981132,0.11320754716981132,0.05660377358490565
10,6,52,0.11538461538461539,0.11538461538461539,0.21153846153846154
10,7,58,0.034482758620689655,0.034482758620689655,0.0
10,8,62,0.16129032258064516,0.16129032258064516,0.0
11,0,51,0.09803921568627451,-0.27450980392156865,0.4117647058823529
11,1,45,0.044444444444444446,-0.7555555555555556,0.7555555555555556
11,2,51,0.0392156862745098,0.0392156862745098,0.11764705882352941
11,3,54,0.0,-0.07407407407407407,0.6666666666666666
11,4,49,0.0,0.0,0.46938775510204084
11,5,53,0.37735849056603776,0.37735849056603776,0.0
11,6,52,0.15384615384615385,0.15384615384615385,0.17307692307692307
11,7,58,0.017241379310344827,0.017241379310344827,0.017241379310344827
11,8,62,0.08064516129032258,0.08064516129032258,0.08064516129032258
11,9,66,0.07575757575757576,,
11,10,71,0.07042253521126761,,
11,11,68,0.10294117647058823,,
11,12,54,0.0,,
11,13,66,0.06060606060606061,,
11,14,60,0.18333333333333332,,
11,15,54,0.037037037037037035,,
11,16,71,0.0,,
11,17,60,0.0,,
12,0,51,0.058823529411764705,-0.3137254901960784,0.4509803921568627
12,1,45,0.0,-0.8,0.8
12,2,51,0.0784313725490196,0.0784313725490196,0.0784313725490196
12,3,54,0.2037037037037037,0.12962962962962962,0.4629629629629629
12,4,49,0.3673469387755102,0.3673469387755102,0.10204081632653061
12,5,53,0.1509433962264151,0.1509433962264151,0.22641509433962267
12,6,52,0.038461538461538464,0.038461538461538464,0.28846153846153844
12,7,58,0.017241379310344827,0.017241379310344827,0.017241379310344827
12,8,62,0.016129032258064516,0.016129032258064516,0.14516129032258063
12,9,66,0.030303030303030304,-0.045454545454545456,0.045454545454545456
12,10,71,0.056338028169014086,-0.014084507042253523,0.014084507042253523
12,11,68,0.22058823529411764,0.11764705882352941,0.0
12,12,54,0.07407407407407407,0.07407407407407407,0.0
12,13,66,0.10606060606060606,0.045454545454545456,0.0
12,14,60,0.16666666666666666,-0.016666666666666663,0.016666666666666663
12,15,54,0.0,-0.037037037037037035,0.037037037037037035
12,16,71,0.14084507042253522,0.14084507042253522,0.0
12,17,60,0.03333333333333333,0.03333333333333333,0.0
13,0,51,0.058823529411764705,-0.3137254901960784,0.4509803921568627
13,1,45,0.0,-0.8,0.8
13,2,51,0.058823529411764705,0.058823529411764705,0.09803921568627451
13,3,54,0.12962962962962962,0.05555555555555555,0.537037037037037
13,4,49,0.12244897959183673,0.12244897959183673,0.34693877551020413
13,5,53,0.1320754716981132,0.1320754716981132,0.24528301886792456
13,6,52,0.057692307692307696,0.057692307692307696,0.2692307692307692
13,7,58,0.034482758620689655,0.034482758620689655,0.0
13,8,62,0.03225806451612903,0.03225806451612903,0.12903225806451613
13,9,66,0.12121212121212122,0.045454545454545456,0.0
13,10,71,0.1267605633802817,0.05633802816901408,0.0
13,11,68,0.07352941176470588,-0.029411764705882346,0.14705882352941174
13,12,54,0.05555555555555555,0.05555555555555555,0.018518518518518517
13,13,66,0.10606060606060606,0.045454545454545456,0.0
13,14,60,0.15,-0.033333333333333326,0.033333333333333326
13,15,54,0.12962962962962962,0.09259259259259259,0.0
13,16,71,0.1267605633802817,0.1267605633802817,0.01408450704225353
13,17,60,0.03333333333333333,0.03333333333333333,0.0
14,0,51,0.09803921568627451,-0.27450980392156865,0.4117647058823529
14,1,45,0.044444444444444446,-0.7555555555555556,0.7555555555555556
14,2,51,0.0784313725490196,0.0784313725490196,0.0784313725490196
14,3,54,0.2222222222222222,0.14814814814814814,0.4444444444444444
14,4,49,0.24489795918367346,0.24489795918367346,0.22448979591836737
14,5,53,0.11320754716981132,0.11320754716981132,0.26415094339622647
14,6,52,0.038461538461538464,0.038461538461538464,0.28846153846153844
14,7,58,0.034482758620689655,0.034482758620689655,0.0
14,8,62,0.12903225806451613,0.12903225806451613,0.03225806451612903
14,9,66,0.09090909090909091,0.015151515151515152,0.030303030303030304
14,10,71,0.07042253521126761,0.0,0.05633802816901408
14,11,68,0.10294117647058823,0.0,0.11764705882352941
14,12,54,0.07407407407407407,0.07407407407407407,0.0
14,13,66,0.12121212121212122,0.06060606060606061,0.0
14,14,60,0.08333333333333333,-0.09999999999999999,0.09999999999999999
14,15,54,0.018518518518518517,-0.018518518518518517,0.1111111111111111
14,16,71,0.15492957746478872,0.15492957746478872,0.0
14,17,60,0.016666666666666666,0.016666666666666666,0.016666666666666666
15,0,51,0.19607843137254902,-0.17647058823529413,0.3137254901960784
15,1,45,0.06666666666666667,-0.7333333333333334,0.7333333333333334
15,2,51,0.13725490196078433,0.13725490196078433,0.019607843137254888
15,3,54,0.16666666666666666,0.09259259259259259,0.5
15,4,49,0.12244897959183673,0.12244897959183673,0.34693877551020413
15,5,53,0.1509433962264151,0.1509433962264151,0.22641509433962267
15,6,52,0.019230769230769232,0.019230769230769232,0.3076923076923077
15,7,58,0.06896551724137931,0.06896551724137931,0.0
15,8,62,0.04838709677419355,0.04838709677419355,0.11290322580645161
15,9,66,0.09090909090909091,0.015151515151515152,0.030303030303030304
15,10,71,0.11267605633802817,0.04225352112676056,0.014084507042253516
15,11,68,0.10294117647058823,0.0,0.11764705882352941
15,12,54,0.12962962962962962,0.12962962962962962,0.0
15,13,66,0.06060606060606061,0.0,0.06060606060606061
15,14,60,0.016666666666666666,-0.16666666666666666,0.16666666666666666
15,15,54,0.09259259259259259,0.05555555555555555,0.037037037037037035
15,16,71,0.19718309859154928,0.19718309859154928,0.0
15,17,60,0.05,0.05,0.0
16,0,51,0.21568627450980393,-0.1568627450980392,0.2941176470588235
16,1,45,0.13333333333333333,-0.6666666666666667,0.6666666666666667
16,2,51,0.1568627450980392,0.1568627450980392,0.0
16,3,54,0.14814814814814814,0.07407407407407407,0.5185185185185185
16,4,49,0.22448979591836735,0.22448979591836735,0.2448979591836735
16,5,53,0.16981132075471697,0.16981132075471697,0.2075471698113208
16,6,52,0.057692307692307696,0.057692307692307696,0.2692307692307692
16,7,58,0.06896551724137931,0.06896551724137931,0.0
16,8,62,0.06451612903225806,0.06451612903225806,0.0967741935483871
16,9,66,0.09090909090909091,0.015151515151515152,0.030303030303030304
16,10,71,0.07042253521126761,0.0,0.05633802816901408
16,11,68,0.11764705882352941,0.01470588235294118,0.10294117647058823
16,12,54,0.14814814814814814,0.14814814814814814,0.0
16,13,66,0.06060606060606061,0.0,0.06060606060606061
16,14,60,0.016666666666666666,-0.16666666666666666,0.16666666666666666
16,15,54,0.037037037037037035,0.0,0.09259259259259259
16,16,71,0.14084507042253522,0.14084507042253522,0.056338028169014065
16,17,60,0.016666666666666666,0.016666666666666666,0.03333333333333334
17,0,51,0.23529411764705882,-0.13725490196078433,0.2745098039215686
17,1,45,0.15555555555555556,-0.6444444444444445,0.6444444444444445
17,2,51,0.1568627450980392,0.1568627450980392,0.0
17,3,54,0.1111111111111111,0.037037037037037035,0.5555555555555556
17,4,49,0.2653061224489796,0.2653061224489796,0.20408163265306123
17,5,53,0.18867924528301888,0.18867924528301888,0.18867924528301888
17,6,52,0.09615384615384616,0.09615384615384616,0.23076923076923078
17,7,58,0.08620689655172414,0.08620689655172414,0.0
17,8,62,0.06451612903225806,0.06451612903225806,0.0967741935483871
17,9,66,0.09090909090909091,0.015151515151515152,0.030303030303030304
17,10,71,0.09859154929577464,0.028169014084507032,0.028169014084507046
17,11,68,0.08823529411764706,-0.014705882352941166,0.13235294117647056
17,12,54,0.14814814814814814,0.14814814814814814,0.0
17,13,66,0.07575757575757576,0.015151515151515152,0.045454545454545456
17,14,60,0.05,-0.1333333333333333,0.1333333333333333
17,15,54,0.037037037037037035,0.0,0.09259259259259259
17,16,71,0.15492957746478872,0.15492957746478872,0.04225352112676056
17,17,60,0.05,0.05,0.0
18,0,51,0.23529411764705882,-0.13725490196078433,0.2745098039215686
18,1,45,0.17777777777777778,-0.6222222222222222,0.6222222222222222
18,2,51,0.09803921568627451,0.09803921568627451,0.058823529411764705
18,3,54,0.1111111111111111,0.037037037037037035,0.5555555555555556
18,4,49,0.22448979591836735,0.22448979591836735,0.2448979591836735
18,5,53,0.22641509433962265,0.22641509433962265,0.15094339622641512
18,6,52,0.07692307692307693,0.07692307692307693,0.25
18,7,58,0.10344827586206896,0.10344827586206896,0.0
18,8,62,0.016129032258064516,0.016129032258064516,0.14516129032258063
18,9,66,0.09090909090909091,0.015151515151515152,0.030303030303030304
18,10,71,0.09859154929577464,0.028169014084507032,0.028169014084507046
18,11,68,0.08823529411764706,-0.014705882352941166,0.13235294117647056
18,12,54,0.12962962962962962,0.12962962962962962,0.018518518518518517
18,13,66,0.06060606060606061,0.0,0.06060606060606061
18,14,60,0.05,-0.1333333333333333,0.1333333333333333
18,15,54,0.09259259259259259,0.05555555555555555,0.037037037037037035
18,16,71,0.15492957746478872,0.15492957746478872,0.04225352112676056
18,17,60,0.06666666666666667,0.06666666666666667,0.0
19,0,51,0.23529411764705882,-0.13725490196078433,0.2745098039215686
19,1,45,0.2,-0.6000000000000001,0.6000000000000001
19,2,51,0.11764705882352941,0.11764705882352941,0.0392156862745098
19,3,54,0.12962962962962962,0.05555555555555555,0.537037037037037
19,4,49,0.22448979591836735,0.22448979591836735,0.2448979591836735
19,5,53,0.18867924528301888,0.18867924528301888,0.18867924528301888
19,6,52,0.09615384615384616,0.09615384615384616,0.23076923076923078
19,7,58,0.1206896551724138,0.1206896551724138,0.0
19,8,62,0.03225806451612903,0.03225806451612903,0.12903225806451613
19,9,66,0.09090909090909091,0.015151515151515152,0.030303030303030304
19,10,71,0.14084507042253522,0.07042253521126761,0.0
19,11,68,0.10294117647058823,0.0,0.11764705882352941
19,12,54,0.14814814814814814,0.14814814814814814,0.0
19,13,66,0.09090909090909091,0.030303030303030304,0.030303030303030304
19,14,60,0.03333333333333333,-0.15,0.15
19,15,54,0.05555555555555555,0.018518518518518517,0.07407407407407407
19,16,71,0.07042253521126761,0.07042253521126761,0.1267605633802817
19,17,60,0.03333333333333333,0.03333333333333333,0.03333333333333333
20,0,51,0.27450980392156865,-0.0980392156862745,0.23529411764705876
20,1,45,0.2222222222222222,-0.5777777777777778,0.5777777777777778
20,2,51,0.11764705882352941,0.11764705882352941,0.0392156862745098
20,3,54,0.09259259259259259,0.018518518518518517,0.5740740740740741
20,4,49,0.30612244897959184,0.30612244897959184,0.163265306122449
20,5,53,0.22641509433962265,0.22641509433962265,0.15094339622641512
20,6,52,0.07692307692307693,0.07692307692307693,0.25
20,7,58,0.1206896551724138,0.1206896551724138,0.0
20,8,62,0.03225806451612903,0.03225806451612903,0.12903225806451613
20,9,66,0.09090909090909091,0.015151515151515152,0.030303030303030304
20,10,71,0.09859154929577464,0.028169014084507032,0.042253521126760576
20,11,68,0.10294117647058823,0.0,0.11764705882352941
20,12,54,0.2037037037037037,0.2037037037037037,0.0
20,13,66,0.045454545454545456,-0.015151515151515152,0.07575757575757576
20,14,60,0.05,-0.1333333333333333,0.1333333333333333
20,15,54,0.07407407407407407,0.037037037037037035,0.05555555555555555
20,16,71,0.14084507042253522,0.14084507042253522,0.056338028169014065
20,17,60,0.06666666666666667,0.06666666666666667,0.0
21,0,51,0.23529411764705882,-0.13725490196078433,0.2745098039215686
21,1,45,0.17777777777777778,-0.6222222222222222,0.6222222222222222
21,2,51,0.0,0.0,0.1568627450980392
21,3,54,0.05555555555555555,-0.018518518518518517,0.611111111111111
21,4,49,0.16326530612244897,0.16326530612244897,0.30612244897959184
21,5,53,0.16981132075471697,0.16981132075471697,0.2075471698113208
21,6,52,0.019230769230769232,0.019230769230769232,0.3076923076923077
21,7,58,0.10344827586206896,0.10344827586206896,0.017241379310344834
21,8,62,0.3064516129032258,0.3064516129032258,0.0
21,9,66,0.13636363636363635,0.060606060606060594,0.0
21,10,71,0.0,-0.07042253521126761,0.14084507042253522
21,11,68,0.058823529411764705,-0.044117647058823525,0.16176470588235292
21,12,54,0.018518518518518517,0.018518518518518517,0.18518518518518517
21,13,66,0.030303030303030304,-0.030303030303030304,0.09090909090909091
21,14,60,0.05,-0.1333333333333333,0.1333333333333333
21,15,54,0.0,-0.037037037037037035,0.12962962962962962
21,16,71,0.18309859154929578,0.18309859154929578,0.014084507042253502
21,17,60,0.0,0.0,0.06666666666666667
21,18,66,0.16666666666666666,,
21,19,52,0.019230769230769232,,
21,20,92,0.043478260869565216,,
21,21,55,0.32727272727272727,,
21,22,57,0.0,,
21,23,46,0.2391304347826087,,
21,24,48,0.14583333333333334,,
21,25,81,0.024691358024691357,,
21,26,73,0.1095890410958904,,
22,0,51,0.11764705882352941,-0.2549019607843137,0.392156862745098
22,1,45,0.044444444444444446,-0.7555555555555556,0.7555555555555556
22,2,51,0.058823529411764705,0.058823529411764705,0.09803921568627451
22,3,54,0.07407407407407407,0.0,0.5925925925925926
22,4,49,0.061224489795918366,0.061224489795918366,0.40816326530612246
22,5,53,0.18867924528301888,0.18867924528301888,0.18867924528301888
22,6,52,0.0,0.0,0.3269230769230769
22,7,58,0.10344827586206896,0.10344827586206896,0.017241379310344834
22,8,62,0.11290322580645161,0.11290322580645161,0.1935483870967742
22,9,66,0.06060606060606061,-0.015151515151515152,0.07575757575757575
22,10,71,0.0,-0.07042253521126761,0.14084507042253522
22,11,68,0.10294117647058823,0.0,0.11764705882352941
22,12,54,0.2037037037037037,0.2037037037037037,0.0
22,13,66,0.030303030303030304,-0.030303030303030304,0.09090909090909091
22,14,60,0.1,-0.08333333333333331,0.08333333333333331
22,15,54,0.4074074074074074,0.37037037037037035,0.0
22,16,71,0.15492957746478872,0.15492957746478872,0.04225352112676056
22,17,60,0.05,0.05,0.016666666666666663
22,18,66,0.06060606060606061,-0.10606060606060605,0.10606060606060605
22,19,52,0.1346153846153846,0.11538461538461538,0.0
22,20,92,0.03260869565217391,-0.010869565217391304,0.010869565217391304
22,21,55,0.16363636363636364,-0.16363636363636364,0.16363636363636364
22,22,57,0.03508771929824561,0.03508771929824561,0.0
22,23,46,0.34782608695652173,0.10869565217391303,0.0
22,24,48,0.041666666666666664,-0.10416666666666669,0.10416666666666669
22,25,81,0.1111111111111111,0.08641975308641975,0.0
22,26,73,0.1780821917808219,0.0684931506849315,0.0
23,0,51,0.0784313725490196,-0.29411764705882354,0.4313725490196078
23,1,45,0.0,-0.8,0.8
23,2,51,0.0196078431372549,0.0196078431372549,0.13725490196078433
23,3,54,0.037037037037037035,-0.037037037037037035,0.6296296296296295
23,4,49,0.10204081632653061,0.10204081632653061,0.3673469387755102
23,5,53,0.24528301886792453,0.24528301886792453,0.13207547169811323
23,6,52,0.019230769230769232,0.019230769230769232,0.3076923076923077
23,7,58,0.1896551724137931,0.1896551724137931,0.0
23,8,62,0.16129032258064516,0.16129032258064516,0.14516129032258066
23,9,66,0.09090909090909091,0.015151515151515152,0.04545454545454544
23,10,71,0.0,-0.07042253521126761,0.14084507042253522
23,11,68,0.1323529411764706,0.02941176470588236,0.08823529411764705
23,12,54,0.2037037037037037,0.2037037037037037,0.0
23,13,66,0.030303030303030304,-0.030303030303030304,0.09090909090909091
23,14,60,0.05,-0.1333333333333333,0.1333333333333333
23,15,54,0.16666666666666666,0.12962962962962962,0.24074074074074073
23,16,71,0.11267605633802817,0.11267605633802817,0.08450704225352111
23,17,60,0.016666666666666666,0.016666666666666666,0.05
23,18,66,0.10606060606060606,-0.060606060606060594,0.060606060606060594
23,19,52,0.19230769230769232,0.17307692307692307,0.0
23,20,92,0.03260869565217391,-0.010869565217391304,0.010869565217391304
23,21,55,0.21818181818181817,-0.1090909090909091,0.1090909090909091
23,22,57,0.17543859649122806,0.17543859649122806,0.0
23,23,46,0.3695652173913043,0.13043478260869562,0.0
23,24,48,0.0625,-0.08333333333333334,0.08333333333333334
23,25,81,0.1111111111111111,0.08641975308641975,0.0
23,26,73,0.3287671232876712,0.2191780821917808,0.0
24,0,51,0.09803921568627451,-0.27450980392156865,0.4117647058823529
24,1,45,0.022222222222222223,-0.7777777777777778,0.7777777777777778
24,2,51,0.0196078431372549,0.0196078431372549,0.13725490196078433
24,3,54,0.018518518518518517,-0.05555555555555555,0.6481481481481481
24,4,49,0.061224489795918366,0.061224489795918366,0.40816326530612246
24,5,53,0.2641509433962264,0.2641509433962264,0.11320754716981135
24,6,52,0.019230769230769232,0.019230769230769232,0.3076923076923077
24,7,58,0.2413793103448276,0.2413793103448276,0.0
24,8,62,0.1774193548387097,0.1774193548387097,0.12903225806451613
24,9,66,0.10606060606060606,0.030303030303030304,0.03030303030303029
24,10,71,0.0,-0.07042253521126761,0.14084507042253522
24,11,68,0.07352941176470588,-0.029411764705882346,0.14705882352941174
24,12,54,0.16666666666666666,0.16666666666666666,0.037037037037037035
24,13,66,0.06060606060606061,0.0,0.06060606060606061
24,14,60,0.03333333333333333,-0.15,0.15
24,15,54,0.35185185185185186,0.3148148148148148,0.055555555555555525
24,16,71,0.18309859154929578,0.18309859154929578,0.014084507042253502
24,17,60,0.06666666666666667,0.06666666666666667,0.0
24,18,66,0.15151515151515152,-0.015151515151515138,0.015151515151515138
24,19,52,0.19230769230769232,0.17307692307692307,0.0
24,20,92,0.043478260869565216,0.0,0.0
24,21,55,0.2545454545454545,-0.07272727272727275,0.07272727272727275
24,22,57,0.10526315789473684,0.10526315789473684,0.07017543859649122
24,23,46,0.41304347826086957,0.17391304347826086,0.0
24,24,48,0.08333333333333333,-0.06250000000000001,0.06250000000000001
24,25,81,0.12345679012345678,0.09876543209876543,0.0
24,26,73,0.3013698630136986,0.1917808219178082,0.0273972602739726
25,0,51,0.09803921568627451,-0.27450980392156865,0.4117647058823529
25,1,45,0.0,-0.8,0.8
25,2,51,0.0196078431372549,0.0196078431372549,0.13725490196078433
25,3,54,0.05555555555555555,-0.018518518518518517,0.611111111111111
25,4,49,0.08163265306122448,0.08163265306122448,0.38775510204081637
25,5,53,0.3018867924528302,0.3018867924528302,0.07547169811320759
25,6,52,0.019230769230769232,0.019230769230769232,0.3076923076923077
25,7,58,0.1896551724137931,0.1896551724137931,0.0517241379310345
25,8,62,0.20967741935483872,0.20967741935483872,0.0967741935483871
25,9,66,0.10606060606060606,0.030303030303030304,0.03030303030303029
25,10,71,0.014084507042253521,-0.056338028169014086,0.1267605633802817
25,11,68,0.1323529411764706,0.02941176470588236,0.08823529411764705
25,12,54,0.24074074074074073,0.24074074074074073,0.0
25,13,66,0.030303030303030304,-0.030303030303030304,0.09090909090909091
25,14,60,0.0,-0.18333333333333332,0.18333333333333332
25,15,54,0.18518518518518517,0.14814814814814814,0.2222222222222222
25,16,71,0.18309859154929578,0.18309859154929578,0.014084507042253502
25,17,60,0.05,0.05,0.016666666666666663
25,18,66,0.12121212121212122,-0.04545454545454544,0.04545454545454544
25,19,52,0.19230769230769232,0.17307692307692307,0.0
25,20,92,0.043478260869565216,0.0,0.0
25,21,55,0.16363636363636364,-0.16363636363636364,0.16363636363636364
25,22,57,0.22807017543859648,0.22807017543859648,0.0
25,23,46,0.4782608695652174,0.2391304347826087,0.0
25,24,48,0.16666666666666666,0.020833333333333315,0.0
25,25,81,0.09876543209876543,0.07407407407407407,0.024691358024691357
25,26,73,0.2602739726027397,0.1506849315068493,0.0684931506849315
26,0,51,0.11764705882352941,-0.2549019607843137,0.392156862745098
26,1,45,0.08888888888888889,-0.7111111111111111,0.7111111111111111
26,2,51,0.0392156862745098,0.0392156862745098,0.11764705882352941
26,3,54,0.037037037037037035,-0.037037037037037035,0.6296296296296295
26,4,49,0.14285714285714285,0.14285714285714285,0.326530612244898
26,5,53,0.2830188679245283,0.2830188679245283,0.09433962264150947
26,6,52,0.019230769230769232,0.019230769230769232,0.3076923076923077
26,7,58,0.1724137931034483,0.1724137931034483,0.06896551724137931
26,8,62,0.14516129032258066,0.14516129032258066,0.16129032258064516
26,9,66,0.09090909090909091,0.015151515151515152,0.04545454545454544
26,10,71,0.0,-0.07042253521126761,0.14084507042253522
26,11,68,0.058823529411764705,-0.044117647058823525,0.16176470588235292
26,12,54,0.25925925925925924,0.25925925925925924,0.0
26,13,66,0.06060606060606061,0.0,0.06060606060606061
26,14,60,0.016666666666666666,-0.16666666666666666,0.16666666666666666
26,15,54,0.24074074074074073,0.2037037037037037,0.16666666666666666
26,16,71,0.16901408450704225,0.16901408450704225,0.028169014084507032
26,17,60,0.03333333333333333,0.03333333333333333,0.03333333333333333
26,18,66,0.13636363636363635,-0.030303030303030304,0.030303030303030304
26,19,52,0.19230769230769232,0.17307692307692307,0.0
26,20,92,0.03260869565217391,-0.010869565217391304,0.010869565217391304
26,21,55,0.18181818181818182,-0.14545454545454545,0.14545454545454545
26,22,57,0.3508771929824561,0.3508771929824561,0.0
26,23,46,0.41304347826086957,0.17391304347826086,0.06521739130434784
26,24,48,0.14583333333333334,0.0,0.020833333333333315
26,25,81,0.16049382716049382,0.13580246913580246,0.0
26,26,73,0.273972602739726,0.1643835616438356,0.0547945205479452
27,0,51,0.09803921568627451,-0.27450980392156865,0.4117647058823529
27,1,45,0.0,-0.8,0.8
27,2,51,0.0196078431372549,0.0196078431372549,0.13725490196078433
27,3,54,0.07407407407407407,0.0,0.5925925925925926
27,4,49,0.061224489795918366,0.061224489795918366,0.40816326530612246
27,5,53,0.24528301886792453,0.24528301886792453,0.13207547169811323
27,6,52,0.019230769230769232,0.019230769230769232,0.3076923076923077
27,7,58,0.22413793103448276,0.22413793103448276,0.017241379310344834
27,8,62,0.11290322580645161,0.11290322580645161,0.1935483870967742
27,9,66,0.10606060606060606,0.030303030303030304,0.03030303030303029
27,10,71,0.028169014084507043,-0.04225352112676056,0.11267605633802817
27,11,68,0.058823529411764705,-0.044117647058823525,0.16176470588235292
27,12,54,0.25925925925925924,0.25925925925925924,0.0
27,13,66,0.015151515151515152,-0.045454545454545456,0.10606060606060606
27,14,60,0.016666666666666666,-0.16666666666666666,0.16666666666666666
27,15,54,0.2777777777777778,0.24074074074074076,0.1296296296296296
27,16,71,0.19718309859154928,0.19718309859154928,0.0
27,17,60,0.016666666666666666,0.016666666666666666,0.05
27,18,66,0.2727272727272727,0.10606060606060605,0.0
27,19,52,0.23076923076923078,0.21153846153846156,0.0
27,20,92,0.043478260869565216,0.0,0.0
27,21,55,0.2,-0.12727272727272726,0.12727272727272726
27,22,57,0.2982456140350877,0.2982456140350877,0.05263157894736842
27,23,46,0.43478260869565216,0.19565217391304346,0.043478260869565244
27,24,48,0.14583333333333334,0.0,0.020833333333333315
27,25,81,0.18518518518518517,0.16049382716049382,0.0
27,26,73,0.3013698630136986,0.1917808219178082,0.0273972602739726
28,0,51,0.09803921568627451,-0.27450980392156865,0.4117647058823529
28,1,45,0.0,-0.8,0.8
28,2,51,0.0392156862745098,0.0392156862745098,0.11764705882352941
28,3,54,0.09259259259259259,0.018518518518518517,0.5740740740740741
28,4,49,0.12244897959183673,0.12244897959183673,0.34693877551020413
28,5,53,0.3018867924528302,0.3018867924528302,0.07547169811320759
28,6,52,0.0,0.0,0.3269230769230769
28,7,58,0.1896551724137931,0.1896551724137931,0.0517241379310345
28,8,62,0.14516129032258066,0.14516129032258066,0.16129032258064516
28,9,66,0.10606060606060606,0.030303030303030304,0.03030303030303029
28,10,71,0.014084507042253521,-0.056338028169014086,0.1267605633802817
28,11,68,0.10294117647058823,0.0,0.11764705882352941
28,12,54,0.2777777777777778,0.2777777777777778,0.0
28,13,66,0.030303030303030304,-0.030303030303030304,0.09090909090909091
28,14,60,0.0,-0.18333333333333332,0.18333333333333332
28,15,54,0.24074074074074073,0.2037037037037037,0.16666666666666666
28,16,71,0.04225352112676056,0.04225352112676056,0.15492957746478872
28,17,60,0.016666666666666666,0.016666666666666666,0.05
28,18,66,0.16666666666666666,0.0,0.10606060606060605
28,19,52,0.1346153846153846,0.11538461538461538,0.09615384615384617
28,20,92,0.010869565217391304,-0.03260869565217391,0.03260869565217391
28,21,55,0.18181818181818182,-0.14545454545454545,0.14545454545454545
28,22,57,0.40350877192982454,0.40350877192982454,0.0
28,23,46,0.45652173913043476,0.21739130434782605,0.02173913043478265
28,24,48,0.16666666666666666,0.020833333333333315,0.0
28,25,81,0.14814814814814814,0.12345679012345678,0.037037037037037035
28,26,73,0.3013698630136986,0.1917808219178082,0.0273972602739726
29,0,51,0.13725490196078433,-0.23529411764705882,0.3725490196078431
29,1,45,0.022222222222222223,-0.7777777777777778,0.7777777777777778
29,2,51,0.0196078431372549,0.0196078431372549,0.13725490196078433
29,3,54,0.037037037037037035,-0.037037037037037035,0.6296296296296295
29,4,49,0.12244897959183673,0.12244897959183673,0.34693877551020413
29,5,53,0.32075471698113206,0.32075471698113206,0.0566037735849057
29,6,52,0.019230769230769232,0.019230769230769232,0.3076923076923077
29,7,58,0.1896551724137931,0.1896551724137931,0.0517241379310345
29,8,62,0.16129032258064516,0.16129032258064516,0.14516129032258066
29,9,66,0.12121212121212122,0.045454545454545456,0.015151515151515138
29,10,71,0.028169014084507043,-0.04225352112676056,0.11267605633802817
29,11,68,0.07352941176470588,-0.029411764705882346,0.14705882352941174
29,12,54,0.35185185185185186,0.35185185185185186,0.0
29,13,66,0.030303030303030304,-0.030303030303030304,0.09090909090909091
29,14,60,0.0,-0.18333333333333332,0.18333333333333332
29,15,54,0.3148148148148148,0.2777777777777778,0.09259259259259256
29,16,71,0.15492957746478872,0.15492957746478872,0.04225352112676056
29,17,60,0.06666666666666667,0.06666666666666667,0.0
29,18,66,0.16666666666666666,0.0,0.10606060606060605
29,19,52,0.15384615384615385,0.13461538461538464,0.07692307692307693
29,20,92,0.021739130434782608,-0.021739130434782608,0.021739130434782608
29,21,55,0.10909090909090909,-0.2181818181818182,0.2181818181818182
29,22,57,0.2631578947368421,0.2631578947368421,0.14035087719298245
29,23,46,0.41304347826086957,0.17391304347826086,0.06521739130434784
29,24,48,0.1875,0.04166666666666666,0.0
29,25,81,0.19753086419753085,0.1728395061728395,0.0
29,26,73,0.3150684931506849,0.2054794520547945,0.0136986301369863
30,0,51,0.11764705882352941,-0.2549019607843137,0.392156862745098
30,1,45,0.06666666666666667,-0.7333333333333334,0.7333333333333334
30,2,51,0.0392156862745098,0.0392156862745098,0.11764705882352941
30,3,54,0.05555555555555555,-0.018518518518518517,0.611111111111111
30,4,49,0.1836734693877551,0.1836734693877551,0.2857142857142857
30,5,53,0.2641509433962264,0.2641509433962264,0.11320754716981135
30,6,52,0.038461538461538464,0.038461538461538464,0.28846153846153844
30,7,58,0.1206896551724138,0.1206896551724138,0.1206896551724138
30,8,62,0.12903225806451613,0.12903225806451613,0.1774193548387097
30,9,66,0.10606060606060606,0.030303030303030304,0.03030303030303029
30,10,71,0.028169014084507043,-0.04225352112676056,0.11267605633802817
30,11,68,0.058823529411764705,-0.044117647058823525,0.16176470588235292
30,12,54,0.3333333333333333,0.3333333333333333,0.018518518518518545
30,13,66,0.045454545454545456,-0.015151515151515152,0.07575757575757576
30,14,60,0.0,-0.18333333333333332,0.18333333333333332
30,15,54,0.3148148148148148,0.2777777777777778,0.09259259259259256
30,16,71,0.18309859154929578,0.18309859154929578,0.014084507042253502
30,17,60,0.016666666666666666,0.016666666666666666,0.05
30,18,66,0.19696969696969696,0.030303030303030304,0.07575757575757575
30,19,52,0.19230769230769232,0.17307692307692307,0.038461538461538464
30,20,92,0.03260869565217391,-0.010869565217391304,0.010869565217391304
30,21,55,0.18181818181818182,-0.14545454545454545,0.14545454545454545
30,22,57,0.3333333333333333,0.3333333333333333,0.07017543859649122
30,23,46,0.41304347826086957,0.17391304347826086,0.06521739130434784
30,24,48,0.125,-0.020833333333333343,0.0625
30,25,81,0.2345679012345679,0.20987654320987653,0.0
30,26,73,0.2602739726027397,0.1506849315068493,0.0684931506849315
31,0,51,0.19607843137254902,-0.17647058823529413,0.3137254901960784
31,1,45,0.044444444444444446,-0.7555555555555556,0.7555555555555556
31,2,51,0.0196078431372549,0.0196078431372549,0.13725490196078433
31,3,54,0.037037037037037035,-0.037037037037037035,0.6296296296296295
31,4,49,0.10204081632653061,0.10204081632653061,0.3673469387755102
31,5,53,0.2830188679245283,0.2830188679245283,0.09433962264150947
31,6,52,0.019230769230769232,0.019230769230769232,0.3076923076923077
31,7,58,0.1896551724137931,0.1896551724137931,0.0517241379310345
31,8,62,0.16129032258064516,0.16129032258064516,0.14516129032258066
31,9,66,0.13636363636363635,0.060606060606060594,0.0
31,10,71,0.056338028169014086,-0.014084507042253523,0.08450704225352113
31,11,68,0.058823529411764705,-0.044117647058823525,0.16176470588235292
31,12,54,0.3333333333333333,0.3333333333333333,0.018518518518518545
31,13,66,0.06060606060606061,0.0,0.06060606060606061
31,14,60,0.06666666666666667,-0.11666666666666665,0.11666666666666665
31,15,54,0.3148148148148148,0.2777777777777778,0.09259259259259256
31,16,71,0.15492957746478872,0.15492957746478872,0.04225352112676056
31,17,60,0.016666666666666666,0.016666666666666666,0.05
31,18,66,0.25757575757575757,0.09090909090909091,0.015151515151515138
31,19,52,0.17307692307692307,0.15384615384615385,0.05769230769230771
31,20,92,0.05434782608695652,0.010869565217391304,0.0
31,21,55,0.05454545454545454,-0.2727272727272727,0.2727272727272727
31,22,57,0.2807017543859649,0.2807017543859649,0.12280701754385964
31,23,46,0.41304347826086957,0.17391304347826086,0.06521739130434784
31,24,48,0.3125,0.16666666666666666,0.0
31,25,81,0.2222222222222222,0.19753086419753085,0.012345679012345678
31,26,73,0.2876712328767123,0.1780821917808219,0.0410958904109589
32,0,51,0.19607843137254902,-0.17647058823529413,0.3137254901960784
32,1,45,0.06666666666666667,-0.7333333333333334,0.7333333333333334
32,2,51,0.0392156862745098,0.0392156862745098,0.11764705882352941
32,3,54,0.07407407407407407,0.0,0.5925925925925926
32,4,49,0.1836734693877551,0.1836734693877551,0.2857142857142857
32,5,53,0.2641509433962264,0.2641509433962264,0.11320754716981135
32,6,52,0.057692307692307696,0.057692307692307696,0.2692307692307692
32,7,58,0.13793103448275862,0.13793103448275862,0.10344827586206898
32,8,62,0.14516129032258066,0.14516129032258066,0.16129032258064516
32,9,66,0.12121212121212122,0.045454545454545456,0.015151515151515138
32,10,71,0.04225352112676056,-0.028169014084507046,0.09859154929577466
32,11,68,0.04411764705882353,-0.0588235294117647,0.1764705882352941
32,12,54,0.3148148148148148,0.3148148148148148,0.037037037037037035
32,13,66,0.030303030303030304,-0.030303030303030304,0.09090909090909091
32,14,60,0.03333333333333333,-0.15,0.15
32,15,54,0.37037037037037035,0.3333333333333333,0.037037037037037035
32,16,71,0.15492957746478872,0.15492957746478872,0.04225352112676056
32,17,60,0.0,0.0,0.06666666666666667
32,18,66,0.21212121212121213,0.04545454545454547,0.06060606060606058
32,19,52,0.23076923076923078,0.21153846153846156,0.0
32,20,92,0.05434782608695652,0.010869565217391304,0.0
32,21,55,0.2545454545454545,-0.07272727272727275,0.07272727272727275
32,22,57,0.3684210526315789,0.3684210526315789,0.03508771929824561
32,23,46,0.41304347826086957,0.17391304347826086,0.06521739130434784
32,24,48,0.14583333333333334,0.0,0.16666666666666666
32,25,81,0.2222222222222222,0.19753086419753085,0.012345679012345678
32,26,73,0.2876712328767123,0.1780821917808219,0.0410958904109589
33,0,51,0.17647058823529413,-0.19607843137254902,0.33333333333333326
33,1,45,0.044444444444444446,-0.7555555555555556,0.7555555555555556
33,2,51,0.0392156862745098,0.0392156862745098,0.11764705882352941
33,3,54,0.037037037037037035,-0.037037037037037035,0.6296296296296295
33,4,49,0.1836734693877551,0.1836734693877551,0.2857142857142857
33,5,53,0.2830188679245283,0.2830188679245283,0.09433962264150947
33,6,52,0.057692307692307696,0.057692307692307696,0.2692307692307692
33,7,58,0.1724137931034483,0.1724137931034483,0.06896551724137931
33,8,62,0.1774193548387097,0.1774193548387097,0.12903225806451613
33,9,66,0.10606060606060606,0.030303030303030304,0.03030303030303029
33,10,71,0.056338028169014086,-0.014084507042253523,0.08450704225352113
33,11,68,0.08823529411764706,-0.014705882352941166,0.13235294117647056
33,12,54,0.35185185185185186,0.35185185185185186,0.0
33,13,66,0.06060606060606061,0.0,0.06060606060606061
33,14,60,0.0,-0.18333333333333332,0.18333333333333332
33,15,54,0.35185185185185186,0.3148148148148148,0.055555555555555525
33,16,71,0.16901408450704225,0.16901408450704225,0.028169014084507032
33,17,60,0.016666666666666666,0.016666666666666666,0.05
33,18,66,0.3484848484848485,0.18181818181818185,0.0
33,19,52,0.23076923076923078,0.21153846153846156,0.0
33,20,92,0.021739130434782608,-0.021739130434782608,0.03260869565217391
33,21,55,0.3090909090909091,-0.018181818181818188,0.018181818181818188
33,22,57,0.3684210526315789,0.3684210526315789,0.03508771929824561
33,23,46,0.391304347826087,0.15217391304347827,0.08695652173913043
33,24,48,0.10416666666666667,-0.04166666666666667,0.20833333333333331
33,25,81,0.20987654320987653,0.18518518518518517,0.024691358024691357
33,26,73,0.3013698630136986,0.1917808219178082,0.0273972602739726
34,0,51,0.19607843137254902,-0.17647058823529413,0.3137254901960784
34,1,45,0.08888888888888889,-0.7111111111111111,0.7111111111111111
34,2,51,0.0196078431372549,0.0196078431372549,0.13725490196078433
34,3,54,0.05555555555555555,-0.018518518518518517,0.611111111111111
34,4,49,0.14285714285714285,0.14285714285714285,0.326530612244898
34,5,53,0.24528301886792453,0.24528301886792453,0.13207547169811323
34,6,52,0.038461538461538464,0.038461538461538464,0.28846153846153844
34,7,58,0.13793103448275862,0.13793103448275862,0.10344827586206898
34,8,62,0.16129032258064516,0.16129032258064516,0.14516129032258066
34,9,66,0.13636363636363635,0.060606060606060594,0.0
34,10,71,0.09859154929577464,0.028169014084507032,0.042253521126760576
34,11,68,0.04411764705882353,-0.0588235294117647,0.1764705882352941
34,12,54,0.37037037037037035,0.37037037037037035,0.0
34,13,66,0.030303030303030304,-0.030303030303030304,0.09090909090909091
34,14,60,0.0,-0.18333333333333332,0.18333333333333332
34,15,54,0.2962962962962963,0.25925925925925924,0.1111111111111111
34,16,71,0.09859154929577464,0.09859154929577464,0.09859154929577464
34,17,60,0.05,0.05,0.016666666666666663
34,18,66,0.36363636363636365,0.196969696969697,0.0
34,19,52,0.19230769230769232,0.17307692307692307,0.038461538461538464
34,20,92,0.010869565217391304,-0.03260869565217391,0.043478260869565216
34,21,55,0.2727272727272727,-0.054545454545454564,0.054545454545454564
34,22,57,0.42105263157894735,0.42105263157894735,0.0
34,23,46,0.3695652173913043,0.13043478260869562,0.10869565217391308
34,24,48,0.10416666666666667,-0.04166666666666667,0.20833333333333331
34,25,81,0.25925925925925924,0.2345679012345679,0.0
34,26,73,0.3150684931506849,0.2054794520547945,0.0136986301369863
35,0,51,0.1568627450980392,-0.21568627450980393,0.3529411764705882
35,1,45,0.0,-0.8,0.8
35,2,51,0.0392156862745098,0.0392156862745098,0.11764705882352941
35,3,54,0.037037037037037035,-0.037037037037037035,0.6296296296296295
35,4,49,0.1836734693877551,0.1836734693877551,0.2857142857142857
35,5,53,0.3018867924528302,0.3018867924528302,0.07547169811320759
35,6,52,0.038461538461538464,0.038461538461538464,0.28846153846153844
35,7,58,0.1206896551724138,0.1206896551724138,0.1206896551724138
35,8,62,0.12903225806451613,0.12903225806451613,0.1774193548387097
35,9,66,0.15151515151515152,0.07575757575757576,0.0
35,10,71,0.07042253521126761,0.0,0.07042253521126761
35,11,68,0.058823529411764705,-0.044117647058823525,0.16176470588235292
35,12,54,0.3333333333333333,0.3333333333333333,0.037037037037037035
35,13,66,0.030303030303030304,-0.030303030303030304,0.09090909090909091
35,14,60,0.03333333333333333,-0.15,0.15
35,15,54,0.4074074074074074,0.37037037037037035,0.0
35,16,71,0.19718309859154928,0.19718309859154928,0.0
35,17,60,0.0,0.0,0.06666666666666667
35,18,66,0.24242424242424243,0.07575757575757577,0.12121212121212122
35,19,52,0.17307692307692307,0.15384615384615385,0.05769230769230771
35,20,92,0.021739130434782608,-0.021739130434782608,0.03260869565217391
35,21,55,0.4,0.07272727272727275,0.0
35,22,57,0.49122807017543857,0.49122807017543857,0.0
35,23,46,0.3695652173913043,0.13043478260869562,0.10869565217391308
35,24,48,0.16666666666666666,0.020833333333333315,0.14583333333333334
35,25,81,0.20987654320987653,0.18518518518518517,0.04938271604938271
35,26,73,0.2876712328767123,0.1780821917808219,0.0410958904109589
36,0,51,0.13725490196078433,-0.23529411764705882,0.3725490196078431
36,1,45,0.0,-0.8,0.8
36,2,51,0.058823529411764705,0.058823529411764705,0.09803921568627451
36,3,54,0.05555555555555555,-0.018518518518518517,0.611111111111111
36,4,49,0.16326530612244897,0.16326530612244897,0.30612244897959184
36,5,53,0.2830188679245283,0.2830188679245283,0.09433962264150947
36,6,52,0.057692307692307696,0.057692307692307696,0.2692307692307692
36,7,58,0.15517241379310345,0.15517241379310345,0.08620689655172414
36,8,62,0.14516129032258066,0.14516129032258066,0.16129032258064516
36,9,66,0.18181818181818182,0.10606060606060606,0.0
36,10,71,0.056338028169014086,-0.014084507042253523,0.08450704225352113
36,11,68,0.04411764705882353,-0.0588235294117647,0.1764705882352941
36,12,54,0.3148148148148148,0.3148148148148148,0.055555555555555525
36,13,66,0.07575757575757576,0.015151515151515152,0.045454545454545456
36,14,60,0.0,-0.18333333333333332,0.18333333333333332
36,15,54,0.35185185185185186,0.3148148148148148,0.055555555555555525
36,16,71,0.18309859154929578,0.18309859154929578,0.014084507042253502
36,17,60,0.0,0.0,0.06666666666666667
36,18,66,0.30303030303030304,0.13636363636363638,0.06060606060606061
36,19,52,0.11538461538461539,0.09615384615384616,0.11538461538461539
36,20,92,0.03260869565217391,-0.010869565217391304,0.021739130434782608
36,21,55,0.38181818181818183,0.054545454545454564,0.018181818181818188
36,22,57,0.5263157894736842,0.5263157894736842,0.0
36,23,46,0.3695652173913043,0.13043478260869562,0.10869565217391308
36,24,48,0.25,0.10416666666666666,0.0625
36,25,81,0.2716049382716049,0.24691358024691357,0.0
36,26,73,0.3561643835616438,0.2465753424657534,0.0
37,0,51,0.19607843137254902,-0.17647058823529413,0.3137254901960784
37,1,45,0.044444444444444446,-0.7555555555555556,0.7555555555555556
37,2,51,0.0392156862745098,0.0392156862745098,0.11764705882352941
37,3,54,0.037037037037037035,-0.037037037037037035,0.6296296296296295
37,4,49,0.16326530612244897,0.16326530612244897,0.30612244897959184
37,5,53,0.2830188679245283,0.2830188679245283,0.09433962264150947
37,6,52,0.057692307692307696,0.057692307692307696,0.2692307692307692
37,7,58,0.1206896551724138,0.1206896551724138,0.1206896551724138
37,8,62,0.14516129032258066,0.14516129032258066,0.16129032258064516
37,9,66,0.15151515151515152,0.07575757575757576,0.030303030303030304
37,10,71,0.028169014084507043,-0.04225352112676056,0.11267605633802817
37,11,68,0.07352941176470588,-0.029411764705882346,0.14705882352941174
37,12,54,0.2962962962962963,0.2962962962962963,0.07407407407407407
37,13,66,0.06060606060606061,0.0,0.06060606060606061
37,14,60,0.0,-0.18333333333333332,0.18333333333333332
37,15,54,0.3888888888888889,0.35185185185185186,0.01851851851851849
37,16,71,0.22535211267605634,0.22535211267605634,0.0
37,17,60,0.016666666666666666,0.016666666666666666,0.05
37,18,66,0.3181818181818182,0.15151515151515152,0.04545454545454547
37,19,52,0.19230769230769232,0.17307692307692307,0.038461538461538464
37,20,92,0.043478260869565216,0.0,0.010869565217391304
37,21,55,0.32727272727272727,0.0,0.07272727272727275
37,22,57,0.543859649122807,0.543859649122807,0.0
37,23,46,0.43478260869565216,0.19565217391304346,0.043478260869565244
37,24,48,0.25,0.10416666666666666,0.0625
37,25,81,0.24691358024691357,0.2222222222222222,0.024691358024691357
37,26,73,0.3287671232876712,0.2191780821917808,0.0273972602739726
38,0,51,0.21568627450980393,-0.1568627450980392,0.2941176470588235
38,1,45,0.044444444444444446,-0.7555555555555556,0.7555555555555556
38,2,51,0.058823529411764705,0.058823529411764705,0.09803921568627451
38,3,54,0.018518518518518517,-0.05555555555555555,0.6481481481481481
38,4,49,0.20408163265306123,0.20408163265306123,0.2653061224489796
38,5,53,0.3018867924528302,0.3018867924528302,0.07547169811320759
38,6,52,0.07692307692307693,0.07692307692307693,0.25
38,7,58,0.1206896551724138,0.1206896551724138,0.1206896551724138
38,8,62,0.20967741935483872,0.20967741935483872,0.0967741935483871
38,9,66,0.19696969696969696,0.1212121212121212,0.0
38,10,71,0.04225352112676056,-0.028169014084507046,0.09859154929577466
38,11,68,0.07352941176470588,-0.029411764705882346,0.14705882352941174
38,12,54,0.3333333333333333,0.3333333333333333,0.037037037037037035
38,13,66,0.06060606060606061,0.0,0.06060606060606061
38,14,60,0.0,-0.18333333333333332,0.18333333333333332
38,15,54,0.37037037037037035,0.3333333333333333,0.037037037037037035
38,16,71,0.18309859154929578,0.18309859154929578,0.04225352112676056
38,17,60,0.016666666666666666,0.016666666666666666,0.05
38,18,66,0.2878787878787879,0.12121212121212124,0.07575757575757575
38,19,52,0.19230769230769232,0.17307692307692307,0.038461538461538464
38,20,92,0.021739130434782608,-0.021739130434782608,0.03260869565217391
38,21,55,0.43636363636363634,0.10909090909090907,0.0
38,22,57,0.3508771929824561,0.3508771929824561,0.19298245614035092
38,23,46,0.41304347826086957,0.17391304347826086,0.06521739130434784
38,24,48,0.16666666666666666,0.020833333333333315,0.14583333333333334
38,25,81,0.30864197530864196,0.2839506172839506,0.0
38,26,73,0.3287671232876712,0.2191780821917808,0.0273972602739726
39,0,51,0.21568627450980393,-0.1568627450980392,0.2941176470588235
39,1,45,0.08888888888888889,-0.7111111111111111,0.7111111111111111
39,2,51,0.0196078431372549,0.0196078431372549,0.13725490196078433
39,3,54,0.018518518518518517,-0.05555555555555555,0.6481481481481481
39,4,49,0.1836734693877551,0.1836734693877551,0.2857142857142857
39,5,53,0.3018867924528302,0.3018867924528302,0.07547169811320759
39,6,52,0.057692307692307696,0.057692307692307696,0.2692307692307692
39,7,58,0.13793103448275862,0.13793103448275862,0.10344827586206898
39,8,62,0.12903225806451613,0.12903225806451613,0.1774193548387097
39,9,66,0.15151515151515152,0.07575757575757576,0.04545454545454544
39,10,71,0.1267605633802817,0.05633802816901408,0.01408450704225353
39,11,68,0.058823529411764705,-0.044117647058823525,0.16176470588235292
39,12,54,0.24074074074074073,0.24074074074074073,0.12962962962962962
39,13,66,0.06060606060606061,0.0,0.06060606060606061
39,14,60,0.0,-0.18333333333333332,0.18333333333333332
39,15,54,0.37037037037037035,0.3333333333333333,0.037037037037037035
39,16,71,0.22535211267605634,0.22535211267605634,0.0
39,17,60,0.0,0.0,0.06666666666666667
39,18,66,0.2878787878787879,0.12121212121212124,0.07575757575757575
39,19,52,0.11538461538461539,0.09615384615384616,0.11538461538461539
39,20,92,0.043478260869565216,0.0,0.010869565217391304
39,21,55,0.34545454545454546,0.018181818181818188,0.09090909090909088
39,22,57,0.49122807017543857,0.49122807017543857,0.052631578947368474
39,23,46,0.43478260869565216,0.19565217391304346,0.043478260869565244
39,24,48,0.14583333333333334,0.0,0.16666666666666666
39,25,81,0.30864197530864196,0.2839506172839506,0.0
39,26,73,0.3424657534246575,0.2328767123287671,0.0136986301369863
40,0,51,0.21568627450980393,-0.1568627450980392,0.2941176470588235
40,1,45,0.08888888888888889,-0.7111111111111111,0.7111111111111111
40,2,51,0.058823529411764705,0.058823529411764705,0.09803921568627451
40,3,54,0.05555555555555555,-0.018518518518518517,0.611111111111111
40,4,49,0.1836734693877551,0.1836734693877551,0.2857142857142857
40,5,53,0.32075471698113206,0.32075471698113206,0.0566037735849057
40,6,52,0.057692307692307696,0.057692307692307696,0.2692307692307692
40,7,58,0.06896551724137931,0.06896551724137931,0.1724137931034483
40,8,62,0.1774193548387097,0.1774193548387097,0.12903225806451613
40,9,66,0.19696969696969696,0.1212121212121212,0.0
40,10,71,0.08450704225352113,0.014084507042253516,0.05633802816901409
40,11,68,0.058823529411764705,-0.044117647058823525,0.16176470588235292
40,12,54,0.24074074074074073,0.24074074074074073,0.12962962962962962
40,13,66,0.06060606060606061,0.0,0.06060606060606061
40,14,60,0.0,-0.18333333333333332,0.18333333333333332
40,15,54,0.3148148148148148,0.2777777777777778,0.09259259259259256
40,16,71,0.19718309859154928,0.19718309859154928,0.02816901408450706
40,17,60,0.016666666666666666,0.016666666666666666,0.05
40,18,66,0.30303030303030304,0.13636363636363638,0.06060606060606061
40,19,52,0.11538461538461539,0.09615384615384616,0.11538461538461539
40,20,92,0.03260869565217391,-0.010869565217391304,0.021739130434782608
40,21,55,0.45454545454545453,0.12727272727272726,0.0
40,22,57,0.42105263157894735,0.42105263157894735,0.1228070175438597
40,23,46,0.45652173913043476,0.21739130434782605,0.02173913043478265
40,24,48,0.125,-0.020833333333333343,0.1875
40,25,81,0.30864197530864196,0.2839506172839506,0.0
40,26,73,0.3424657534246575,0.2328767123287671,0.0136986301369863
41,0,51,0.23529411764705882,-0.13725490196078433,0.2745098039215686
41,1,45,0.08888888888888889,-0.7111111111111111,0.7111111111111111
41,2,51,0.0196078431372549,0.0196078431372549,0.13725490196078433
41,3,54,0.05555555555555555,-0.018518518518518517,0.611111111111111
41,4,49,0.20408163265306123,0.20408163265306123,0.2653061224489796
41,5,53,0.33962264150943394,0.33962264150943394,0.03773584905660382
41,6,52,0.07692307692307693,0.07692307692307693,0.25
41,7,58,0.15517241379310345,0.15517241379310345,0.08620689655172414
41,8,62,0.12903225806451613,0.12903225806451613,0.1774193548387097
41,9,66,0.24242424242424243,0.16666666666666669,0.0
41,10,71,0.08450704225352113,0.014084507042253516,0.05633802816901409
41,11,68,0.07352941176470588,-0.029411764705882346,0.14705882352941174
41,12,54,0.24074074074074073,0.24074074074074073,0.12962962962962962
41,13,66,0.045454545454545456,-0.015151515151515152,0.07575757575757576
41,14,60,0.016666666666666666,-0.16666666666666666,0.16666666666666666
41,15,54,0.3148148148148148,0.2777777777777778,0.09259259259259256
41,16,71,0.19718309859154928,0.19718309859154928,0.02816901408450706
41,17,60,0.0,0.0,0.06666666666666667
41,18,66,0.4090909090909091,0.24242424242424246,0.0
41,19,52,0.15384615384615385,0.13461538461538464,0.07692307692307693
41,20,92,0.021739130434782608,-0.021739130434782608,0.03260869565217391
41,21,55,0.3090909090909091,-0.018181818181818188,0.14545454545454545
41,22,57,0.45614035087719296,0.45614035087719296,0.08771929824561409
41,23,46,0.43478260869565216,0.19565217391304346,0.043478260869565244
41,24,48,0.14583333333333334,0.0,0.16666666666666666
41,25,81,0.2962962962962963,0.2716049382716049,0.012345679012345678
41,26,73,0.3150684931506849,0.2054794520547945,0.0410958904109589
42,0,51,0.23529411764705882,-0.13725490196078433,0.2745098039215686
42,1,45,0.06666666666666667,-0.7333333333333334,0.7333333333333334
42,2,51,0.0784313725490196,0.0784313725490196,0.0784313725490196
42,3,54,0.037037037037037035,-0.037037037037037035,0.6296296296296295
42,4,49,0.16326530612244897,0.16326530612244897,0.30612244897959184
42,5,53,0.33962264150943394,0.33962264150943394,0.03773584905660382
42,6,52,0.057692307692307696,0.057692307692307696,0.2692307692307692
42,7,58,0.1206896551724138,0.1206896551724138,0.1206896551724138
42,8,62,0.20967741935483872,0.20967741935483872,0.0967741935483871
42,9,66,0.21212121212121213,0.13636363636363635,0.030303030303030304
42,10,71,0.11267605633802817,0.04225352112676056,0.028169014084507046
42,11,68,0.04411764705882353,-0.0588235294117647,0.1764705882352941
42,12,54,0.18518518518518517,0.18518518518518517,0.18518518518518517
42,13,66,0.07575757575757576,0.015151515151515152,0.045454545454545456
42,14,60,0.0,-0.18333333333333332,0.18333333333333332
42,15,54,0.2962962962962963,0.25925925925925924,0.1111111111111111
42,16,71,0.22535211267605634,0.22535211267605634,0.0
42,17,60,0.0,0.0,0.06666666666666667
42,18,66,0.36363636363636365,0.196969696969697,0.04545454545454547
42,19,52,0.11538461538461539,0.09615384615384616,0.11538461538461539
42,20,92,0.043478260869565216,0.0,0.010869565217391304
42,21,55,0.41818181818181815,0.09090909090909088,0.036363636363636376
42,22,57,0.43859649122807015,0.43859649122807015,0.10526315789473689
42,23,46,0.4782608695652174,0.2391304347826087,0.0
42,24,48,0.2708333333333333,0.12499999999999997,0.041666666666666685
42,25,81,0.25925925925925924,0.2345679012345679,0.04938271604938271
42,26,73,0.3287671232876712,0.2191780821917808,0.0273972602739726
43,0,51,0.27450980392156865,-0.0980392156862745,0.23529411764705876
43,1,45,0.06666666666666667,-0.7333333333333334,0.7333333333333334
43,2,51,0.0196078431372549,0.0196078431372549,0.13725490196078433
43,3,54,0.05555555555555555,-0.018518518518518517,0.611111111111111
43,4,49,0.1836734693877551,0.1836734693877551,0.2857142857142857
43,5,53,0.3018867924528302,0.3018867924528302,0.07547169811320759
43,6,52,0.038461538461538464,0.038461538461538464,0.28846153846153844
43,7,58,0.1724137931034483,0.1724137931034483,0.06896551724137931
43,8,62,0.1774193548387097,0.1774193548387097,0.12903225806451613
43,9,66,0.19696969696969696,0.1212121212121212,0.04545454545454547
43,10,71,0.09859154929577464,0.028169014084507032,0.042253521126760576
43,11,68,0.04411764705882353,-0.0588235294117647,0.1764705882352941
43,12,54,0.3333333333333333,0.3333333333333333,0.037037037037037035
43,13,66,0.045454545454545456,-0.015151515151515152,0.07575757575757576
43,14,60,0.016666666666666666,-0.16666666666666666,0.16666666666666666
43,15,54,0.42592592592592593,0.3888888888888889,0.0
43,16,71,0.22535211267605634,0.22535211267605634,0.0
43,17,60,0.0,0.0,0.06666666666666667
43,18,66,0.4090909090909091,0.24242424242424246,0.0
43,19,52,0.1346153846153846,0.11538461538461538,0.09615384615384617
43,20,92,0.05434782608695652,0.010869565217391304,0.0
43,21,55,0.2545454545454545,-0.07272727272727275,0.2
43,22,57,0.47368421052631576,0.47368421052631576,0.07017543859649128
43,23,46,0.34782608695652173,0.10869565217391303,0.13043478260869568
43,24,48,0.22916666666666666,0.08333333333333331,0.08333333333333334
43,25,81,0.35802469135802467,0.3333333333333333,0.0
43,26,73,0.3972602739726027,0.2876712328767123,0.0
44,0,51,0.23529411764705882,-0.13725490196078433,0.2745098039215686
44,1,45,0.06666666666666667,-0.7333333333333334,0.7333333333333334
44,2,51,0.13725490196078433,0.13725490196078433,0.019607843137254888
44,3,54,0.037037037037037035,-0.037037037037037035,0.6296296296296295
44,4,49,0.1836734693877551,0.1836734693877551,0.2857142857142857
44,5,53,0.39622641509433965,0.39622641509433965,0.0
44,6,52,0.15384615384615385,0.15384615384615385,0.17307692307692307
44,7,58,0.10344827586206896,0.10344827586206896,0.13793103448275862
44,8,62,0.1935483870967742,0.1935483870967742,0.11290322580645162
44,9,66,0.22727272727272727,0.1515151515151515,0.015151515151515166
44,10,71,0.09859154929577464,0.028169014084507032,0.042253521126760576
44,11,68,0.058823529411764705,-0.044117647058823525,0.16176470588235292
44,12,54,0.2777777777777778,0.2777777777777778,0.09259259259259256
44,13,66,0.045454545454545456,-0.015151515151515152,0.07575757575757576
44,14,60,0.0,-0.18333333333333332,0.18333333333333332
44,15,54,0.2962962962962963,0.25925925925925924,0.12962962962962965
44,16,71,0.18309859154929578,0.18309859154929578,0.04225352112676056
44,17,60,0.0,0.0,0.06666666666666667
44,18,66,0.3484848484848485,0.18181818181818185,0.06060606060606061
44,19,52,0.1346153846153846,0.11538461538461538,0.09615384615384617
44,20,92,0.043478260869565216,0.0,0.010869565217391304
44,21,55,0.4,0.07272727272727275,0.05454545454545451
44,22,57,0.47368421052631576,0.47368421052631576,0.07017543859649128
44,23,46,0.5217391304347826,0.2826086956521739,0.0
44,24,48,0.3541666666666667,0.20833333333333334,0.0
44,25,81,0.345679012345679,0.32098765432098764,0.012345679012345678
44,26,73,0.2876712328767123,0.1780821917808219,0.1095890410958904
45,0,51,0.23529411764705882,-0.13725490196078433,0.2745098039215686
45,1,45,0.06666666666666667,-0.7333333333333334,0.7333333333333334
45,2,51,0.09803921568627451,0.09803921568627451,0.058823529411764705
45,3,54,0.07407407407407407,0.0,0.5925925925925926
45,4,49,0.1836734693877551,0.1836734693877551,0.2857142857142857
45,5,53,0.32075471698113206,0.32075471698113206,0.07547169811320759
45,6,52,0.057692307692307696,0.057692307692307696,0.2692307692307692
45,7,58,0.15517241379310345,0.15517241379310345,0.08620689655172414
45,8,62,0.20967741935483872,0.20967741935483872,0.0967741935483871
45,9,66,0.21212121212121213,0.13636363636363635,0.030303030303030304
45,10,71,0.11267605633802817,0.04225352112676056,0.028169014084507046
45,11,68,0.058823529411764705,-0.044117647058823525,0.16176470588235292
45,12,54,0.3148148148148148,0.3148148148148148,0.055555555555555525
45,13,66,0.030303030303030304,-0.030303030303030304,0.09090909090909091
45,14,60,0.016666666666666666,-0.16666666666666666,0.16666666666666666
45,15,54,0.37037037037037035,0.3333333333333333,0.05555555555555558
45,16,71,0.2112676056338028,0.2112676056338028,0.01408450704225353
45,17,60,0.05,0.05,0.016666666666666663
45,18,66,0.4090909090909091,0.24242424242424246,0.0
45,19,52,0.17307692307692307,0.15384615384615385,0.05769230769230771
45,20,92,0.06521739130434782,0.021739130434782608,0.0
45,21,55,0.34545454545454546,0.018181818181818188,0.10909090909090907
45,22,57,0.45614035087719296,0.45614035087719296,0.08771929824561409
45,23,46,0.391304347826087,0.15217391304347827,0.13043478260869562
45,24,48,0.16666666666666666,0.020833333333333315,0.18750000000000003
45,25,81,0.345679012345679,0.32098765432098764,0.012345679012345678
45,26,73,0.3287671232876712,0.2191780821917808,0.0684931506849315
46,0,51,0.27450980392156865,-0.0980392156862745,0.23529411764705876
46,1,45,0.1111111111111111,-0.6888888888888889,0.6888888888888889
46,2,51,0.0,0.0,0.1568627450980392
46,3,54,0.1111111111111111,0.037037037037037035,0.5555555555555556
46,4,49,0.16326530612244897,0.16326530612244897,0.30612244897959184
46,5,53,0.3584905660377358,0.3584905660377358,0.03773584905660382
46,6,52,0.11538461538461539,0.11538461538461539,0.21153846153846154
46,7,58,0.08620689655172414,0.08620689655172414,0.15517241379310345
46,8,62,0.22580645161290322,0.22580645161290322,0.08064516129032259
46,9,66,0.21212121212121213,0.13636363636363635,0.030303030303030304
46,10,71,0.14084507042253522,0.07042253521126761,0.0
46,11,68,0.029411764705882353,-0.07352941176470587,0.19117647058823528
46,12,54,0.37037037037037035,0.37037037037037035,0.0
46,13,66,0.045454545454545456,-0.015151515151515152,0.07575757575757576
46,14,60,0.016666666666666666,-0.16666666666666666,0.16666666666666666
46,15,54,0.3333333333333333,0.2962962962962963,0.09259259259259262
46,16,71,0.19718309859154928,0.19718309859154928,0.02816901408450706
46,17,60,0.03333333333333333,0.03333333333333333,0.03333333333333333
46,18,66,0.3939393939393939,0.22727272727272727,0.015151515151515194
46,19,52,0.1346153846153846,0.11538461538461538,0.09615384615384617
46,20,92,0.05434782608695652,0.010869565217391304,0.010869565217391304
46,21,55,0.3090909090909091,-0.018181818181818188,0.14545454545454545
46,22,57,0.5087719298245614,0.5087719298245614,0.03508771929824561
46,23,46,0.4782608695652174,0.2391304347826087,0.04347826086956519
46,24,48,0.16666666666666666,0.020833333333333315,0.18750000000000003
46,25,81,0.345679012345679,0.32098765432098764,0.012345679012345678
46,26,73,0.2602739726027397,0.1506849315068493,0.136986301369863
47,0,51,0.27450980392156865,-0.0980392156862745,0.23529411764705876
47,1,45,0.1111111111111111,-0.6888888888888889,0.6888888888888889
47,2,51,0.0196078431372549,0.0196078431372549,0.13725490196078433
47,3,54,0.05555555555555555,-0.018518518518518517,0.611111111111111
47,4,49,0.16326530612244897,0.16326530612244897,0.30612244897959184
47,5,53,0.33962264150943394,0.33962264150943394,0.0566037735849057
47,6,52,0.1346153846153846,0.1346153846153846,0.19230769230769232
47,7,58,0.10344827586206896,0.10344827586206896,0.13793103448275862
47,8,62,0.1935483870967742,0.1935483870967742,0.11290322580645162
47,9,66,0.24242424242424243,0.16666666666666669,0.0
47,10,71,0.09859154929577464,0.028169014084507032,0.042253521126760576
47,11,68,0.029411764705882353,-0.07352941176470587,0.19117647058823528
47,12,54,0.25925925925925924,0.25925925925925924,0.1111111111111111
47,13,66,0.045454545454545456,-0.015151515151515152,0.07575757575757576
47,14,60,0.016666666666666666,-0.16666666666666666,0.16666666666666666
47,15,54,0.2962962962962963,0.25925925925925924,0.12962962962962965
47,16,71,0.2112676056338028,0.2112676056338028,0.01408450704225353
47,17,60,0.016666666666666666,0.016666666666666666,0.05
47,18,66,0.3939393939393939,0.22727272727272727,0.015151515151515194
47,19,52,0.1346153846153846,0.11538461538461538,0.09615384615384617
47,20,92,0.06521739130434782,0.021739130434782608,0.0
47,21,55,0.2727272727272727,-0.054545454545454564,0.18181818181818182
47,22,57,0.42105263157894735,0.42105263157894735,0.1228070175438597
47,23,46,0.4782608695652174,0.2391304347826087,0.04347826086956519
47,24,48,0.1875,0.04166666666666666,0.16666666666666669
47,25,81,0.38271604938271603,0.35802469135802467,0.0
47,26,73,0.3561643835616438,0.2465753424657534,0.0410958904109589
48,0,51,0.27450980392156865,-0.0980392156862745,0.23529411764705876
48,1,45,0.06666666666666667,-0.7333333333333334,0.7333333333333334
48,2,51,0.0392156862745098,0.0392156862745098,0.11764705882352941
48,3,54,0.09259259259259259,0.018518518518518517,0.5740740740740741
48,4,49,0.1836734693877551,0.1836734693877551,0.2857142857142857
48,5,53,0.3584905660377358,0.3584905660377358,0.03773584905660382
48,6,52,0.07692307692307693,0.07692307692307693,0.25
48,7,58,0.15517241379310345,0.15517241379310345,0.08620689655172414
48,8,62,0.22580645161290322,0.22580645161290322,0.08064516129032259
48,9,66,0.25757575757575757,0.18181818181818182,0.0
48,10,71,0.09859154929577464,0.028169014084507032,0.042253521126760576
48,11,68,0.058823529411764705,-0.044117647058823525,0.16176470588235292
48,12,54,0.2777777777777778,0.2777777777777778,0.09259259259259256
48,13,66,0.045454545454545456,-0.015151515151515152,0.07575757575757576
48,14,60,0.016666666666666666,-0.16666666666666666,0.16666666666666666
48,15,54,0.4074074074074074,0.37037037037037035,0.018518518518518545
48,16,71,0.19718309859154928,0.19718309859154928,0.02816901408450706
48,17,60,0.03333333333333333,0.03333333333333333,0.03333333333333333
48,18,66,0.3939393939393939,0.22727272727272727,0.015151515151515194
48,19,52,0.11538461538461539,0.09615384615384616,0.11538461538461539
48,20,92,0.03260869565217391,-0.010869565217391304,0.03260869565217391
48,21,55,0.4,0.07272727272727275,0.05454545454545451
48,22,57,0.543859649122807,0.543859649122807,0.0
48,23,46,0.43478260869565216,0.19565217391304346,0.08695652173913043
48,24,48,0.22916666666666666,0.08333333333333331,0.12500000000000003
48,25,81,0.32098765432098764,0.2962962962962963,0.06172839506172839
48,26,73,0.3013698630136986,0.1917808219178082,0.0958904109589041
49,0,51,0.29411764705882354,-0.0784313725490196,0.21568627450980388
49,1,45,0.08888888888888889,-0.7111111111111111,0.7111111111111111
49,2,51,0.058823529411764705,0.058823529411764705,0.09803921568627451
49,3,54,0.037037037037037035,-0.037037037037037035,0.6296296296296295
49,4,49,0.16326530612244897,0.16326530612244897,0.30612244897959184
49,5,53,0.32075471698113206,0.32075471698113206,0.07547169811320759
49,6,52,0.15384615384615385,0.15384615384615385,0.17307692307692307
49,7,58,0.1206896551724138,0.1206896551724138,0.1206896551724138
49,8,62,0.20967741935483872,0.20967741935483872,0.0967741935483871
49,9,66,0.21212121212121213,0.13636363636363635,0.04545454545454544
49,10,71,0.11267605633802817,0.04225352112676056,0.028169014084507046
49,11,68,0.07352941176470588,-0.029411764705882346,0.14705882352941174
49,12,54,0.2962962962962963,0.2962962962962963,0.07407407407407407
49,13,66,0.045454545454545456,-0.015151515151515152,0.07575757575757576
49,14,60,0.016666666666666666,-0.16666666666666666,0.16666666666666666
49,15,54,0.3333333333333333,0.2962962962962963,0.09259259259259262
49,16,71,0.22535211267605634,0.22535211267605634,0.0
49,17,60,0.03333333333333333,0.03333333333333333,0.03333333333333333
49,18,66,0.3939393939393939,0.22727272727272727,0.015151515151515194
49,19,52,0.1346153846153846,0.11538461538461538,0.09615384615384617
49,20,92,0.05434782608695652,0.010869565217391304,0.010869565217391304
49,21,55,0.41818181818181815,0.09090909090909088,0.036363636363636376
49,22,57,0.43859649122807015,0.43859649122807015,0.10526315789473689
49,23,46,0.43478260869565216,0.19565217391304346,0.08695652173913043
49,24,48,0.3125,0.16666666666666666,0.041666666666666685
49,25,81,0.35802469135802467,0.3333333333333333,0.024691358024691357
49,26,73,0.3424657534246575,0.2328767123287671,0.0547945205479452
50,0,51,0.19607843137254902,-0.17647058823529413,0.3137254901960784
50,1,45,0.08888888888888889,-0.7111111111111111,0.7111111111111111
50,2,51,0.058823529411764705,0.058823529411764705,0.09803921568627451
50,3,54,0.07407407407407407,0.0,0.5925925925925926
50,4,49,0.14285714285714285,0.14285714285714285,0.326530612244898
50,5,53,0.3018867924528302,0.3018867924528302,0.09433962264150947
50,6,52,0.11538461538461539,0.11538461538461539,0.21153846153846154
50,7,58,0.13793103448275862,0.13793103448275862,0.10344827586206898
50,8,62,0.1774193548387097,0.1774193548387097,0.12903225806451613
50,9,66,0.25757575757575757,0.18181818181818182,0.0
50,10,71,0.14084507042253522,0.07042253521126761,0.0
50,11,68,0.07352941176470588,-0.029411764705882346,0.14705882352941174
50,12,54,0.37037037037037035,0.37037037037037035,0.0
50,13,66,0.045454545454545456,-0.015151515151515152,0.07575757575757576
50,14,60,0.03333333333333333,-0.15,0.15
50,15,54,0.3333333333333333,0.2962962962962963,0.09259259259259262
50,16,71,0.18309859154929578,0.18309859154929578,0.04225352112676056
50,17,60,0.06666666666666667,0.06666666666666667,0.0
50,18,66,0.3787878787878788,0.21212121212121213,0.03030303030303033
50,19,52,0.11538461538461539,0.09615384615384616,0.11538461538461539
50,20,92,0.05434782608695652,0.010869565217391304,0.010869565217391304
50,21,55,0.2909090909090909,-0.036363636363636376,0.16363636363636364
50,22,57,0.5263157894736842,0.5263157894736842,0.01754385964912286
50,23,46,0.4782608695652174,0.2391304347826087,0.04347826086956519
50,24,48,0.16666666666666666,0.020833333333333315,0.18750000000000003
50,25,81,0.41975308641975306,0.3950617283950617,0.0
50,26,73,0.3150684931506849,0.2054794520547945,0.0821917808219178
51,0,51,0.29411764705882354,-0.0784313725490196,0.21568627450980388
51,1,45,0.1111111111111111,-0.6888888888888889,0.6888888888888889
51,2,51,0.058823529411764705,0.058823529411764705,0.09803921568627451
51,3,54,0.09259259259259259,0.018518518518518517,0.5740740740740741
51,4,49,0.16326530612244897,0.16326530612244897,0.30612244897959184
51,5,53,0.33962264150943394,0.33962264150943394,0.0566037735849057
51,6,52,0.11538461538461539,0.11538461538461539,0.21153846153846154
51,7,58,0.10344827586206896,0.10344827586206896,0.13793103448275862
51,8,62,0.16129032258064516,0.16129032258064516,0.14516129032258066
51,9,66,0.25757575757575757,0.18181818181818182,0.0
51,10,71,0.11267605633802817,0.04225352112676056,0.028169014084507046
51,11,68,0.04411764705882353,-0.0588235294117647,0.1764705882352941
51,12,54,0.3888888888888889,0.3888888888888889,0.0
51,13,66,0.045454545454545456,-0.015151515151515152,0.07575757575757576
51,14,60,0.016666666666666666,-0.16666666666666666,0.16666666666666666
51,15,54,0.42592592592592593,0.3888888888888889,0.0
51,16,71,0.22535211267605634,0.22535211267605634,0.0
51,17,60,0.03333333333333333,0.03333333333333333,0.03333333333333333
51,18,66,0.36363636363636365,0.196969696969697,0.04545454545454547
51,19,52,0.057692307692307696,0.038461538461538464,0.17307692307692307
51,20,92,0.06521739130434782,0.021739130434782608,0.0
51,21,55,0.23636363636363636,-0.09090909090909091,0.21818181818181817
51,22,57,0.43859649122807015,0.43859649122807015,0.10526315789473689
51,23,46,0.41304347826086957,0.17391304347826086,0.10869565217391303
51,24,48,0.375,0.22916666666666666,0.0
51,25,81,0.38271604938271603,0.35802469135802467,0.037037037037037035
51,26,73,0.3424657534246575,0.2328767123287671,0.0547945205479452
52,0,51,0.21568627450980393,-0.1568627450980392,0.2941176470588235
52,1,45,0.06666666666666667,-0.7333333333333334,0.7333333333333334
52,2,51,0.0392156862745098,0.0392156862745098,0.11764705882352941
52,3,54,0.12962962962962962,0.05555555555555555,0.537037037037037
52,4,49,0.14285714285714285,0.14285714285714285,0.326530612244898
52,5,53,0.32075471698113206,0.32075471698113206,0.07547169811320759
52,6,52,0.1346153846153846,0.1346153846153846,0.19230769230769232
52,7,58,0.1724137931034483,0.1724137931034483,0.06896551724137931
52,8,62,0.1935483870967742,0.1935483870967742,0.11290322580645162
52,9,66,0.30303030303030304,0.2272727272727273,0.0
52,10,71,0.14084507042253522,0.07042253521126761,0.0
52,11,68,0.058823529411764705,-0.044117647058823525,0.16176470588235292
52,12,54,0.2962962962962963,0.2962962962962963,0.09259259259259262
52,13,66,0.045454545454545456,-0.015151515151515152,0.07575757575757576
52,14,60,0.0,-0.18333333333333332,0.18333333333333332
52,15,54,0.37037037037037035,0.3333333333333333,0.05555555555555558
52,16,71,0.2112676056338028,0.2112676056338028,0.01408450704225353
52,17,60,0.05,0.05,0.016666666666666663
52,18,66,0.5303030303030303,0.36363636363636365,0.0
52,19,52,0.11538461538461539,0.09615384615384616,0.11538461538461539
52,20,92,0.05434782608695652,0.010869565217391304,0.010869565217391304
52,21,55,0.4,0.07272727272727275,0.05454545454545451
52,22,57,0.45614035087719296,0.45614035087719296,0.08771929824561409
52,23,46,0.30434782608695654,0.06521739130434784,0.21739130434782605
52,24,48,0.2708333333333333,0.12499999999999997,0.10416666666666669
52,25,81,0.41975308641975306,0.3950617283950617,0.0
52,26,73,0.3972602739726027,0.2876712328767123,0.0
53,0,51,0.19607843137254902,-0.17647058823529413,0.3137254901960784
53,1,45,0.1111111111111111,-0.6888888888888889,0.6888888888888889
53,2,51,0.058823529411764705,0.058823529411764705,0.09803921568627451
53,3,54,0.1111111111111111,0.037037037037037035,0.5555555555555556
53,4,49,0.1836734693877551,0.1836734693877551,0.2857142857142857
53,5,53,0.33962264150943394,0.33962264150943394,0.0566037735849057
53,6,52,0.07692307692307693,0.07692307692307693,0.25
53,7,58,0.15517241379310345,0.15517241379310345,0.08620689655172414
53,8,62,0.20967741935483872,0.20967741935483872,0.0967741935483871
53,9,66,0.18181818181818182,0.10606060606060606,0.12121212121212122
53,10,71,0.11267605633802817,0.04225352112676056,0.028169014084507046
53,11,68,0.058823529411764705,-0.044117647058823525,0.16176470588235292
53,12,54,0.3333333333333333,0.3333333333333333,0.05555555555555558
53,13,66,0.045454545454545456,-0.015151515151515152,0.07575757575757576
53,14,60,0.016666666666666666,-0.16666666666666666,0.16666666666666666
53,15,54,0.3888888888888889,0.35185185185185186,0.037037037037037035
53,16,71,0.2112676056338028,0.2112676056338028,0.01408450704225353
53,17,60,0.08333333333333333,0.08333333333333333,0.0
53,18,66,0.4393939393939394,0.2727272727272727,0.09090909090909088
53,19,52,0.09615384615384616,0.07692307692307693,0.13461538461538464
53,20,92,0.05434782608695652,0.010869565217391304,0.010869565217391304
53,21,55,0.3090909090909091,-0.018181818181818188,0.14545454545454545
53,22,57,0.43859649122807015,0.43859649122807015,0.10526315789473689
53,23,46,0.41304347826086957,0.17391304347826086,0.10869565217391303
53,24,48,0.3333333333333333,0.18749999999999997,0.041666666666666685
53,25,81,0.345679012345679,0.32098765432098764,0.07407407407407407
53,26,73,0.3287671232876712,0.2191780821917808,0.0684931506849315
54,0,51,0.35294117647058826,-0.019607843137254888,0.15686274509803916
54,1,45,0.044444444444444446,-0.7555555555555556,0.7555555555555556
54,2,51,0.0196078431372549,0.0196078431372549,0.13725490196078433
54,3,54,0.14814814814814814,0.07407407407407407,0.5185185185185185
54,4,49,0.14285714285714285,0.14285714285714285,0.326530612244898
54,5,53,0.32075471698113206,0.32075471698113206,0.07547169811320759
54,6,52,0.17307692307692307,0.17307692307692307,0.15384615384615385
54,7,58,0.08620689655172414,0.08620689655172414,0.15517241379310345
54,8,62,0.20967741935483872,0.20967741935483872,0.0967741935483871
54,9,66,0.2727272727272727,0.19696969696969696,0.03030303030303033
54,10,71,0.14084507042253522,0.07042253521126761,0.0
54,11,68,0.07352941176470588,-0.029411764705882346,0.14705882352941174
54,12,54,0.35185185185185186,0.35185185185185186,0.037037037037037035
54,13,66,0.045454545454545456,-0.015151515151515152,0.07575757575757576
54,14,60,0.03333333333333333,-0.15,0.15
54,15,54,0.3148148148148148,0.2777777777777778,0.1111111111111111
54,16,71,0.19718309859154928,0.19718309859154928,0.02816901408450706
54,17,60,0.05,0.05,0.033333333333333326
54,18,66,0.3939393939393939,0.22727272727272727,0.13636363636363635
54,19,52,0.09615384615384616,0.07692307692307693,0.13461538461538464
54,20,92,0.05434782608695652,0.010869565217391304,0.010869565217391304
54,21,55,0.41818181818181815,0.09090909090909088,0.036363636363636376
54,22,57,0.3333333333333333,0.3333333333333333,0.21052631578947373
54,23,46,0.5,0.2608695652173913,0.021739130434782594
54,24,48,0.1875,0.04166666666666666,0.1875
54,25,81,0.37037037037037035,0.345679012345679,0.04938271604938271
54,26,73,0.2602739726027397,0.1506849315068493,0.136986301369863
55,0,51,0.23529411764705882,-0.13725490196078433,0.2745098039215686
55,1,45,0.15555555555555556,-0.6444444444444445,0.6444444444444445
55,2,51,0.058823529411764705,0.058823529411764705,0.09803921568627451
55,3,54,0.14814814814814814,0.07407407407407407,0.5185185185185185
55,4,49,0.1836734693877551,0.1836734693877551,0.2857142857142857
55,5,53,0.33962264150943394,0.33962264150943394,0.0566037735849057
55,6,52,0.09615384615384616,0.09615384615384616,0.23076923076923078
55,7,58,0.13793103448275862,0.13793103448275862,0.10344827586206898
55,8,62,0.12903225806451613,0.12903225806451613,0.1774193548387097
55,9,66,0.2727272727272727,0.19696969696969696,0.03030303030303033
55,10,71,0.08450704225352113,0.014084507042253516,0.05633802816901409
55,11,68,0.029411764705882353,-0.07352941176470587,0.19117647058823528
55,12,54,0.3148148148148148,0.3148148148148148,0.07407407407407407
55,13,66,0.015151515151515152,-0.045454545454545456,0.10606060606060606
55,14,60,0.016666666666666666,-0.16666666666666666,0.16666666666666666
55,15,54,0.2962962962962963,0.25925925925925924,0.12962962962962965
55,16,71,0.22535211267605634,0.22535211267605634,0.0
55,17,60,0.05,0.05,0.033333333333333326
55,18,66,0.3787878787878788,0.21212121212121213,0.1515151515151515
55,19,52,0.09615384615384616,0.07692307692307693,0.13461538461538464
55,20,92,0.043478260869565216,0.0,0.021739130434782608
55,21,55,0.41818181818181815,0.09090909090909088,0.036363636363636376
55,22,57,0.38596491228070173,0.38596491228070173,0.1578947368421053
55,23,46,0.2826086956521739,0.04347826086956519,0.2391304347826087
55,24,48,0.22916666666666666,0.08333333333333331,0.14583333333333334
55,25,81,0.4074074074074074,0.38271604938271603,0.012345679012345678
55,26,73,0.3698630136986301,0.2602739726027397,0.0273972602739726
56,0,51,0.2549019607843137,-0.11764705882352944,0.2549019607843137
56,1,45,0.044444444444444446,-0.7555555555555556,0.7555555555555556
56,2,51,0.058823529411764705,0.058823529411764705,0.09803921568627451
56,3,54,0.14814814814814814,0.07407407407407407,0.5185185185185185
56,4,49,0.10204081632653061,0.10204081632653061,0.3673469387755102
56,5,53,0.3018867924528302,0.3018867924528302,0.09433962264150947
56,6,52,0.11538461538461539,0.11538461538461539,0.21153846153846154
56,7,58,0.13793103448275862,0.13793103448275862,0.10344827586206898
56,8,62,0.1935483870967742,0.1935483870967742,0.11290322580645162
56,9,66,0.4090909090909091,0.33333333333333337,0.0
56,10,71,0.2112676056338028,0.1408450704225352,0.0
56,11,68,0.07352941176470588,-0.029411764705882346,0.14705882352941174
56,12,54,0.35185185185185186,0.35185185185185186,0.037037037037037035
56,13,66,0.015151515151515152,-0.045454545454545456,0.10606060606060606
56,14,60,0.016666666666666666,-0.16666666666666666,0.16666666666666666
56,15,54,0.3888888888888889,0.35185185185185186,0.037037037037037035
56,16,71,0.2112676056338028,0.2112676056338028,0.01408450704225353
56,17,60,0.1,0.1,0.0
56,18,66,0.48484848484848486,0.31818181818181823,0.045454545454545414
56,19,52,0.07692307692307693,0.057692307692307696,0.15384615384615385
56,20,92,0.043478260869565216,0.0,0.021739130434782608
56,21,55,0.43636363636363634,0.10909090909090907,0.018181818181818188
56,22,57,0.38596491228070173,0.38596491228070173,0.1578947368421053
56,23,46,0.391304347826087,0.15217391304347827,0.13043478260869562
56,24,48,0.2708333333333333,0.12499999999999997,0.10416666666666669
56,25,81,0.5061728395061729,0.4814814814814815,0.0
56,26,73,0.3424657534246575,0.2328767123287671,0.0547945205479452
57,0,51,0.3333333333333333,-0.03921568627450983,0.1764705882352941
57,1,45,0.08888888888888889,-0.7111111111111111,0.7111111111111111
57,2,51,0.0,0.0,0.1568627450980392
57,3,54,0.14814814814814814,0.07407407407407407,0.5185185185185185
57,4,49,0.1836734693877551,0.1836734693877551,0.2857142857142857
57,5,53,0.32075471698113206,0.32075471698113206,0.07547169811320759
57,6,52,0.09615384615384616,0.09615384615384616,0.23076923076923078
57,7,58,0.15517241379310345,0.15517241379310345,0.08620689655172414
57,8,62,0.14516129032258066,0.14516129032258066,0.16129032258064516
57,9,66,0.36363636363636365,0.2878787878787879,0.04545454545454547
57,10,71,0.11267605633802817,0.04225352112676056,0.09859154929577464
57,11,68,0.07352941176470588,-0.029411764705882346,0.14705882352941174
57,12,54,0.37037037037037035,0.37037037037037035,0.018518518518518545
57,13,66,0.0,-0.06060606060606061,0.12121212121212122
57,14,60,0.03333333333333333,-0.15,0.15
57,15,54,0.3333333333333333,0.2962962962962963,0.09259259259259262
57,16,71,0.2112676056338028,0.2112676056338028,0.01408450704225353
57,17,60,0.06666666666666667,0.06666666666666667,0.03333333333333334
57,18,66,0.42424242424242425,0.25757575757575757,0.10606060606060602
57,19,52,0.11538461538461539,0.09615384615384616,0.11538461538461539
57,20,92,0.05434782608695652,0.010869565217391304,0.010869565217391304
57,21,55,0.34545454545454546,0.018181818181818188,0.10909090909090907
57,22,57,0.3508771929824561,0.3508771929824561,0.19298245614035092
57,23,46,0.2391304347826087,0.0,0.2826086956521739
57,24,48,0.22916666666666666,0.08333333333333331,0.14583333333333334
57,25,81,0.48148148148148145,0.4567901234567901,0.024691358024691412
57,26,73,0.3698630136986301,0.2602739726027397,0.0273972602739726
58,0,51,0.27450980392156865,-0.0980392156862745,0.23529411764705876
58,1,45,0.044444444444444446,-0.7555555555555556,0.7555555555555556
58,2,51,0.0392156862745098,0.0392156862745098,0.11764705882352941
58,3,54,0.16666666666666666,0.09259259259259259,0.5
58,4,49,0.12244897959183673,0.12244897959183673,0.34693877551020413
58,5,53,0.32075471698113206,0.32075471698113206,0.07547169811320759
58,6,52,0.038461538461538464,0.038461538461538464,0.28846153846153844
58,7,58,0.1896551724137931,0.1896551724137931,0.0517241379310345
58,8,62,0.1774193548387097,0.1774193548387097,0.12903225806451613
58,9,66,0.30303030303030304,0.2272727272727273,0.10606060606060608
58,10,71,0.09859154929577464,0.028169014084507032,0.11267605633802817
58,11,68,0.07352941176470588,-0.029411764705882346,0.14705882352941174
58,12,54,0.2962962962962963,0.2962962962962963,0.09259259259259262
58,13,66,0.045454545454545456,-0.015151515151515152,0.07575757575757576
58,14,60,0.06666666666666667,-0.11666666666666665,0.11666666666666665
58,15,54,0.37037037037037035,0.3333333333333333,0.05555555555555558
58,16,71,0.16901408450704225,0.16901408450704225,0.05633802816901409
58,17,60,0.08333333333333333,0.08333333333333333,0.016666666666666677
58,18,66,0.45454545454545453,0.28787878787878785,0.07575757575757575
58,19,52,0.11538461538461539,0.09615384615384616,0.11538461538461539
58,20,92,0.05434782608695652,0.010869565217391304,0.010869565217391304
58,21,55,0.36363636363636365,0.036363636363636376,0.09090909090909088
58,22,57,0.5263157894736842,0.5263157894736842,0.01754385964912286
58,23,46,0.43478260869565216,0.19565217391304346,0.08695652173913043
58,24,48,0.4791666666666667,0.33333333333333337,0.0
58,25,81,0.345679012345679,0.32098765432098764,0.16049382716049387
58,26,73,0.3287671232876712,0.2191780821917808,0.0684931506849315
59,0,51,0.39215686274509803,0.019607843137254888,0.11764705882352938
59,1,45,0.06666666666666667,-0.7333333333333334,0.7333333333333334
59,2,51,0.0392156862745098,0.0392156862745098,0.11764705882352941
59,3,54,0.16666666666666666,0.09259259259259259,0.5
59,4,49,0.16326530612244897,0.16326530612244897,0.30612244897959184
59,5,53,0.3018867924528302,0.3018867924528302,0.09433962264150947
59,6,52,0.09615384615384616,0.09615384615384616,0.23076923076923078
59,7,58,0.1724137931034483,0.1724137931034483,0.06896551724137931
59,8,62,0.1935483870967742,0.1935483870967742,0.11290322580645162
59,9,66,0.22727272727272727,0.1515151515151515,0.18181818181818185
59,10,71,0.1267605633802817,0.05633802816901408,0.08450704225352113
59,11,68,0.07352941176470588,-0.029411764705882346,0.14705882352941174
59,12,54,0.3888888888888889,0.3888888888888889,0.0
59,13,66,0.015151515151515152,-0.045454545454545456,0.10606060606060606
59,14,60,0.016666666666666666,-0.16666666666666666,0.16666666666666666
59,15,54,0.35185185185185186,0.3148148148148148,0.07407407407407407
59,16,71,0.19718309859154928,0.19718309859154928,0.02816901408450706
59,17,60,0.08333333333333333,0.08333333333333333,0.016666666666666677
59,18,66,0.48484848484848486,0.31818181818181823,0.045454545454545414
59,19,52,0.1346153846153846,0.11538461538461538,0.09615384615384617
59,20,92,0.06521739130434782,0.021739130434782608,0.0
59,21,55,0.2545454545454545,-0.07272727272727275,0.2
59,22,57,0.3684210526315789,0.3684210526315789,0.17543859649122812
59,23,46,0.41304347826086957,0.17391304347826086,0.10869565217391303
59,24,48,0.20833333333333334,0.0625,0.27083333333333337
59,25,81,0.48148148148148145,0.4567901234567901,0.024691358024691412
59,26,73,0.3424657534246575,0.2328767123287671,0.0547945205479452
60,0,51,0.37254901960784315,0.0,0.13725490196078427
60,1,45,0.06666666666666667,-0.7333333333333334,0.7333333333333334
60,2,51,0.0392156862745098,0.0392156862745098,0.11764705882352941
60,3,54,0.2037037037037037,0.12962962962962962,0.4629629629629629
60,4,49,0.12244897959183673,0.12244897959183673,0.34693877551020413
60,5,53,0.33962264150943394,0.33962264150943394,0.0566037735849057
60,6,52,0.057692307692307696,0.057692307692307696,0.2692307692307692
60,7,58,0.1724137931034483,0.1724137931034483,0.06896551724137931
60,8,62,0.12903225806451613,0.12903225806451613,0.1774193548387097
60,9,66,0.2878787878787879,0.21212121212121215,0.12121212121212122
60,10,71,0.19718309859154928,0.1267605633802817,0.01408450704225353
60,11,68,0.04411764705882353,-0.0588235294117647,0.1764705882352941
60,12,54,0.3148148148148148,0.3148148148148148,0.07407407407407407
60,13,66,0.045454545454545456,-0.015151515151515152,0.07575757575757576
60,14,60,0.03333333333333333,-0.15,0.15
60,15,54,0.35185185185185186,0.3148148148148148,0.07407407407407407
60,16,71,0.18309859154929578,0.18309859154929578,0.04225352112676056
60,17,60,0.08333333333333333,0.08333333333333333,0.016666666666666677
60,18,66,0.5151515151515151,0.3484848484848485,0.015151515151515138
60,19,52,0.11538461538461539,0.09615384615384616,0.11538461538461539
60,20,92,0.03260869565217391,-0.010869565217391304,0.03260869565217391
60,21,55,0.5636363636363636,0.23636363636363633,0.0
60,22,57,0.49122807017543857,0.49122807017543857,0.052631578947368474
60,23,46,0.1956521739130435,-0.043478260869565216,0.32608695652173914
60,24,48,0.1875,0.04166666666666666,0.2916666666666667
60,25,81,0.48148148148148145,0.4567901234567901,0.024691358024691412
60,26,73,0.3972602739726027,0.2876712328767123,0.0
61,0,51,0.37254901960784315,0.0,0.13725490196078427
61,1,45,0.08888888888888889,-0.7111111111111111,0.7111111111111111
61,2,51,0.058823529411764705,0.058823529411764705,0.09803921568627451
61,3,54,0.12962962962962962,0.05555555555555555,0.537037037037037
61,4,49,0.1836734693877551,0.1836734693877551,0.2857142857142857
61,5,53,0.32075471698113206,0.32075471698113206,0.07547169811320759
61,6,52,0.07692307692307693,0.07692307692307693,0.25
61,7,58,0.1206896551724138,0.1206896551724138,0.1206896551724138
61,8,62,0.1774193548387097,0.1774193548387097,0.12903225806451613
61,9,66,0.24242424242424243,0.16666666666666669,0.16666666666666669
61,10,71,0.15492957746478872,0.08450704225352111,0.05633802816901409
61,11,68,0.04411764705882353,-0.0588235294117647,0.1764705882352941
61,12,54,0.35185185185185186,0.35185185185185186,0.037037037037037035
61,13,66,0.015151515151515152,-0.045454545454545456,0.10606060606060606
61,14,60,0.1,-0.08333333333333331,0.08333333333333331
61,15,54,0.35185185185185186,0.3148148148148148,0.07407407407407407
61,16,71,0.2112676056338028,0.2112676056338028,0.01408450704225353
61,17,60,0.05,0.05,0.05
61,18,66,0.3939393939393939,0.22727272727272727,0.13636363636363635
61,19,52,0.1346153846153846,0.11538461538461538,0.09615384615384617
61,20,92,0.06521739130434782,0.021739130434782608,0.0
61,21,55,0.4727272727272727,0.14545454545454545,0.09090909090909088
61,22,57,0.3333333333333333,0.3333333333333333,0.21052631578947373
61,23,46,0.5,0.2608695652173913,0.021739130434782594
61,24,48,0.16666666666666666,0.020833333333333315,0.3125
61,25,81,0.3950617283950617,0.37037037037037035,0.11111111111111116
61,26,73,0.273972602739726,0.1643835616438356,0.1232876712328767
62,0,51,0.23529411764705882,-0.13725490196078433,0.2745098039215686
62,1,45,0.1111111111111111,-0.6888888888888889,0.6888888888888889
62,2,51,0.0392156862745098,0.0392156862745098,0.11764705882352941
62,3,54,0.12962962962962962,0.05555555555555555,0.537037037037037
62,4,49,0.14285714285714285,0.14285714285714285,0.326530612244898
62,5,53,0.33962264150943394,0.33962264150943394,0.0566037735849057
62,6,52,0.07692307692307693,0.07692307692307693,0.25
62,7,58,0.13793103448275862,0.13793103448275862,0.10344827586206898
62,8,62,0.1935483870967742,0.1935483870967742,0.11290322580645162
62,9,66,0.3181818181818182,0.24242424242424243,0.09090909090909094
62,10,71,0.14084507042253522,0.07042253521126761,0.0704225352112676
62,11,68,0.07352941176470588,-0.029411764705882346,0.14705882352941174
62,12,54,0.2777777777777778,0.2777777777777778,0.1111111111111111
62,13,66,0.030303030303030304,-0.030303030303030304,0.09090909090909091
62,14,60,0.016666666666666666,-0.16666666666666666,0.16666666666666666
62,15,54,0.2962962962962963,0.25925925925925924,0.12962962962962965
62,16,71,0.18309859154929578,0.18309859154929578,0.04225352112676056
62,17,60,0.08333333333333333,0.08333333333333333,0.016666666666666677
62,18,66,0.48484848484848486,0.31818181818181823,0.045454545454545414
62,19,52,0.09615384615384616,0.07692307692307693,0.13461538461538464
62,20,92,0.05434782608695652,0.010869565217391304,0.010869565217391304
62,21,55,0.4909090909090909,0.16363636363636364,0.0727272727272727
62,22,57,0.42105263157894735,0.42105263157894735,0.1228070175438597
62,23,46,0.3695652173913043,0.13043478260869562,0.15217391304347827
62,24,48,0.1875,0.04166666666666666,0.2916666666666667
62,25,81,0.43209876543209874,0.4074074074074074,0.07407407407407413
62,26,73,0.3698630136986301,0.2602739726027397,0.0273972602739726
63,0,51,0.35294117647058826,-0.019607843137254888,0.15686274509803916
63,1,45,0.1111111111111111,-0.6888888888888889,0.6888888888888889
63,2,51,0.0,0.0,0.1568627450980392
63,3,54,0.12962962962962962,0.05555555555555555,0.537037037037037
63,4,49,0.14285714285714285,0.14285714285714285,0.326530612244898
63,5,53,0.39622641509433965,0.39622641509433965,0.0
63,6,52,0.038461538461538464,0.038461538461538464,0.28846153846153844
63,7,58,0.15517241379310345,0.15517241379310345,0.08620689655172414
63,8,62,0.1935483870967742,0.1935483870967742,0.11290322580645162
63,9,66,0.30303030303030304,0.2272727272727273,0.10606060606060608
63,10,71,0.09859154929577464,0.028169014084507032,0.11267605633802817
63,11,68,0.07352941176470588,-0.029411764705882346,0.14705882352941174
63,12,54,0.2962962962962963,0.2962962962962963,0.09259259259259262
63,13,66,0.06060606060606061,0.0,0.06060606060606061
63,14,60,0.05,-0.1333333333333333,0.1333333333333333
63,15,54,0.2962962962962963,0.25925925925925924,0.12962962962962965
63,16,71,0.15492957746478872,0.15492957746478872,0.07042253521126762
63,17,60,0.08333333333333333,0.08333333333333333,0.016666666666666677
63,18,66,0.4696969696969697,0.3030303030303031,0.06060606060606055
63,19,52,0.11538461538461539,0.09615384615384616,0.11538461538461539
63,20,92,0.05434782608695652,0.010869565217391304,0.010869565217391304
63,21,55,0.32727272727272727,0.0,0.23636363636363633
63,22,57,0.47368421052631576,0.47368421052631576,0.07017543859649128
63,23,46,0.4782608695652174,0.2391304347826087,0.04347826086956519
63,24,48,0.4166666666666667,0.27083333333333337,0.0625
63,25,81,0.35802469135802467,0.3333333333333333,0.1481481481481482
63,26,73,0.3013698630136986,0.1917808219178082,0.0958904109589041
64,0,51,0.39215686274509803,0.019607843137254888,0.11764705882352938
64,1,45,0.044444444444444446,-0.7555555555555556,0.7555555555555556
64,2,51,0.058823529411764705,0.058823529411764705,0.09803921568627451
64,3,54,0.18518518518518517,0.1111111111111111,0.48148148148148145
64,4,49,0.12244897959183673,0.12244897959183673,0.34693877551020413
64,5,53,0.3018867924528302,0.3018867924528302,0.09433962264150947
64,6,52,0.057692307692307696,0.057692307692307696,0.2692307692307692
64,7,58,0.1896551724137931,0.1896551724137931,0.0517241379310345
64,8,62,0.16129032258064516,0.16129032258064516,0.14516129032258066
64,9,66,0.2878787878787879,0.21212121212121215,0.12121212121212122
64,10,71,0.11267605633802817,0.04225352112676056,0.09859154929577464
64,11,68,0.058823529411764705,-0.044117647058823525,0.16176470588235292
64,12,54,0.4074074074074074,0.4074074074074074,0.0
64,13,66,0.030303030303030304,-0.030303030303030304,0.09090909090909091
64,14,60,0.08333333333333333,-0.09999999999999999,0.09999999999999999
64,15,54,0.3148148148148148,0.2777777777777778,0.1111111111111111
64,16,71,0.18309859154929578,0.18309859154929578,0.04225352112676056
64,17,60,0.1,0.1,0.0
64,18,66,0.42424242424242425,0.25757575757575757,0.10606060606060602
64,19,52,0.11538461538461539,0.09615384615384616,0.11538461538461539
64,20,92,0.03260869565217391,-0.010869565217391304,0.03260869565217391
64,21,55,0.3090909090909091,-0.018181818181818188,0.2545454545454545
64,22,57,0.40350877192982454,0.40350877192982454,0.1403508771929825
64,23,46,0.391304347826087,0.15217391304347827,0.13043478260869562
64,24,48,0.4791666666666667,0.33333333333333337,0.0
64,25,81,0.43209876543209874,0.4074074074074074,0.07407407407407413
64,26,73,0.3972602739726027,0.2876712328767123,0.0
65,0,51,0.39215686274509803,0.019607843137254888,0.11764705882352938
65,1,45,0.06666666666666667,-0.7333333333333334,0.7333333333333334
65,2,51,0.0392156862745098,0.0392156862745098,0.11764705882352941
65,3,54,0.14814814814814814,0.07407407407407407,0.5185185185185185
65,4,49,0.14285714285714285,0.14285714285714285,0.326530612244898
65,5,53,0.3584905660377358,0.3584905660377358,0.03773584905660382
65,6,52,0.1346153846153846,0.1346153846153846,0.19230769230769232
65,7,58,0.1206896551724138,0.1206896551724138,0.1206896551724138
65,8,62,0.1935483870967742,0.1935483870967742,0.11290322580645162
65,9,66,0.2727272727272727,0.19696969696969696,0.1363636363636364
65,10,71,0.15492957746478872,0.08450704225352111,0.05633802816901409
65,11,68,0.058823529411764705,-0.044117647058823525,0.16176470588235292
65,12,54,0.4074074074074074,0.4074074074074074,0.0
65,13,66,0.045454545454545456,-0.015151515151515152,0.07575757575757576
65,14,60,0.016666666666666666,-0.16666666666666666,0.16666666666666666
65,15,54,0.2962962962962963,0.25925925925925924,0.12962962962962965
65,16,71,0.18309859154929578,0.18309859154929578,0.04225352112676056
65,17,60,0.06666666666666667,0.06666666666666667,0.03333333333333334
65,18,66,0.36363636363636365,0.196969696969697,0.16666666666666663
65,19,52,0.09615384615384616,0.07692307692307693,0.13461538461538464
65,20,92,0.05434782608695652,0.010869565217391304,0.010869565217391304
65,21,55,0.2909090909090909,-0.036363636363636376,0.2727272727272727
65,22,57,0.43859649122807015,0.43859649122807015,0.10526315789473689
65,23,46,0.34782608695652173,0.10869565217391303,0.17391304347826086
65,24,48,0.3333333333333333,0.18749999999999997,0.14583333333333337
65,25,81,0.4567901234567901,0.43209876543209874,0.04938271604938277
65,26,73,0.410958904109589,0.3013698630136986,0.0
66,0,51,0.39215686274509803,0.019607843137254888,0.11764705882352938
66,1,45,0.044444444444444446,-0.7555555555555556,0.7555555555555556
66,2,51,0.09803921568627451,0.09803921568627451,0.058823529411764705
66,3,54,0.2037037037037037,0.12962962962962962,0.4629629629629629
66,4,49,0.16326530612244897,0.16326530612244897,0.30612244897959184
66,5,53,0.3584905660377358,0.3584905660377358,0.03773584905660382
66,6,52,0.038461538461538464,0.038461538461538464,0.28846153846153844
66,7,58,0.1724137931034483,0.1724137931034483,0.06896551724137931
66,8,62,0.1774193548387097,0.1774193548387097,0.12903225806451613
66,9,66,0.3939393939393939,0.3181818181818182,0.015151515151515194
66,10,71,0.11267605633802817,0.04225352112676056,0.09859154929577464
66,11,68,0.10294117647058823,0.0,0.11764705882352941
66,12,54,0.3148148148148148,0.3148148148148148,0.09259259259259256
66,13,66,0.0,-0.06060606060606061,0.12121212121212122
66,14,60,0.03333333333333333,-0.15,0.15
66,15,54,0.35185185185185186,0.3148148148148148,0.07407407407407407
66,16,71,0.16901408450704225,0.16901408450704225,0.05633802816901409
66,17,60,0.1,0.1,0.0
66,18,66,0.48484848484848486,0.31818181818181823,0.045454545454545414
66,19,52,0.07692307692307693,0.057692307692307696,0.15384615384615385
66,20,92,0.021739130434782608,-0.021739130434782608,0.043478260869565216
66,21,55,0.509090909090909,0.18181818181818177,0.054545454545454564
66,22,57,0.42105263157894735,0.42105263157894735,0.1228070175438597
66,23,46,0.41304347826086957,0.17391304347826086,0.10869565217391303
66,24,48,0.375,0.22916666666666666,0.10416666666666669
66,25,81,0.43209876543209874,0.4074074074074074,0.07407407407407413
66,26,73,0.3835616438356164,0.273972602739726,0.0273972602739726
67,0,51,0.35294117647058826,-0.019607843137254888,0.15686274509803916
67,1,45,0.044444444444444446,-0.7555555555555556,0.7555555555555556
67,2,51,0.058823529411764705,0.058823529411764705,0.09803921568627451
67,3,54,0.12962962962962962,0.05555555555555555,0.537037037037037
67,4,49,0.12244897959183673,0.12244897959183673,0.34693877551020413
67,5,53,0.37735849056603776,0.37735849056603776,0.018867924528301883
67,6,52,0.057692307692307696,0.057692307692307696,0.2692307692307692
67,7,58,0.1724137931034483,0.1724137931034483,0.06896551724137931
67,8,62,0.16129032258064516,0.16129032258064516,0.14516129032258066
67,9,66,0.3939393939393939,0.3181818181818182,0.015151515151515194
67,10,71,0.19718309859154928,0.1267605633802817,0.01408450704225353
67,11,68,0.08823529411764706,-0.014705882352941166,0.13235294117647056
67,12,54,0.37037037037037035,0.37037037037037035,0.037037037037037035
67,13,66,0.0,-0.06060606060606061,0.12121212121212122
67,14,60,0.05,-0.1333333333333333,0.1333333333333333
67,15,54,0.25925925925925924,0.2222222222222222,0.16666666666666669
67,16,71,0.15492957746478872,0.15492957746478872,0.07042253521126762
67,17,60,0.11666666666666667,0.11666666666666667,0.0
67,18,66,0.42424242424242425,0.25757575757575757,0.10606060606060602
67,19,52,0.09615384615384616,0.07692307692307693,0.13461538461538464
67,20,92,0.03260869565217391,-0.010869565217391304,0.03260869565217391
67,21,55,0.43636363636363634,0.10909090909090907,0.12727272727272726
67,22,57,0.40350877192982454,0.40350877192982454,0.1403508771929825
67,23,46,0.45652173913043476,0.21739130434782605,0.06521739130434784
67,24,48,0.4166666666666667,0.27083333333333337,0.0625
67,25,81,0.49382716049382713,0.4691358024691358,0.012345679012345734
67,26,73,0.2876712328767123,0.1780821917808219,0.1232876712328767
68,0,51,0.29411764705882354,-0.0784313725490196,0.21568627450980388
68,1,45,0.08888888888888889,-0.7111111111111111,0.7111111111111111
68,2,51,0.0,0.0,0.1568627450980392
68,3,54,0.12962962962962962,0.05555555555555555,0.537037037037037
68,4,49,0.12244897959183673,0.12244897959183673,0.34693877551020413
68,5,53,0.3584905660377358,0.3584905660377358,0.03773584905660382
68,6,52,0.09615384615384616,0.09615384615384616,0.23076923076923078
68,7,58,0.1724137931034483,0.1724137931034483,0.06896551724137931
68,8,62,0.16129032258064516,0.16129032258064516,0.14516129032258066
68,9,66,0.3484848484848485,0.27272727272727276,0.06060606060606061
68,10,71,0.16901408450704225,0.09859154929577464,0.04225352112676056
68,11,68,0.07352941176470588,-0.029411764705882346,0.14705882352941174
68,12,54,0.3148148148148148,0.3148148148148148,0.09259259259259256
68,13,66,0.0,-0.06060606060606061,0.12121212121212122
68,14,60,0.03333333333333333,-0.15,0.15
68,15,54,0.3148148148148148,0.2777777777777778,0.1111111111111111
68,16,71,0.2112676056338028,0.2112676056338028,0.01408450704225353
68,17,60,0.06666666666666667,0.06666666666666667,0.05
68,18,66,0.4393939393939394,0.2727272727272727,0.09090909090909088
68,19,52,0.057692307692307696,0.038461538461538464,0.17307692307692307
68,20,92,0.03260869565217391,-0.010869565217391304,0.03260869565217391
68,21,55,0.41818181818181815,0.09090909090909088,0.14545454545454545
68,22,57,0.47368421052631576,0.47368421052631576,0.07017543859649128
68,23,46,0.41304347826086957,0.17391304347826086,0.10869565217391303
68,24,48,0.1875,0.04166666666666666,0.2916666666666667
68,25,81,0.5185185185185185,0.49382716049382713,0.0
68,26,73,0.3972602739726027,0.2876712328767123,0.0136986301369863
69,0,51,0.3137254901960784,-0.05882352941176472,0.196078431372549
69,1,45,0.17777777777777778,-0.6222222222222222,0.6222222222222222
69,2,51,0.0196078431372549,0.0196078431372549,0.13725490196078433
69,3,54,0.16666666666666666,0.09259259259259259,0.5
69,4,49,0.14285714285714285,0.14285714285714285,0.326530612244898
69,5,53,0.39622641509433965,0.39622641509433965,0.0
69,6,52,0.057692307692307696,0.057692307692307696,0.2692307692307692
69,7,58,0.15517241379310345,0.15517241379310345,0.08620689655172414
69,8,62,0.12903225806451613,0.12903225806451613,0.1774193548387097
69,9,66,0.30303030303030304,0.2272727272727273,0.10606060606060608
69,10,71,0.2112676056338028,0.1408450704225352,0.0
69,11,68,0.07352941176470588,-0.029411764705882346,0.14705882352941174
69,12,54,0.3888888888888889,0.3888888888888889,0.01851851851851849
69,13,66,0.0,-0.06060606060606061,0.12121212121212122
69,14,60,0.03333333333333333,-0.15,0.15
69,15,54,0.2777777777777778,0.24074074074074076,0.14814814814814814
69,16,71,0.23943661971830985,0.23943661971830985,0.0
69,17,60,0.05,0.05,0.06666666666666667
69,18,66,0.4393939393939394,0.2727272727272727,0.09090909090909088
69,19,52,0.057692307692307696,0.038461538461538464,0.17307692307692307
69,20,92,0.06521739130434782,0.021739130434782608,0.0
69,21,55,0.5272727272727272,0.19999999999999996,0.036363636363636376
69,22,57,0.43859649122807015,0.43859649122807015,0.10526315789473689
69,23,46,0.41304347826086957,0.17391304347826086,0.10869565217391303
69,24,48,0.3958333333333333,0.24999999999999997,0.08333333333333337
69,25,81,0.4567901234567901,0.43209876543209874,0.06172839506172839
69,26,73,0.3424657534246575,0.2328767123287671,0.0684931506849315
70,0,51,0.35294117647058826,-0.019607843137254888,0.15686274509803916
70,1,45,0.13333333333333333,-0.6666666666666667,0.6666666666666667
70,2,51,0.0784313725490196,0.0784313725490196,0.0784313725490196
70,3,54,0.18518518518518517,0.1111111111111111,0.48148148148148145
70,4,49,0.14285714285714285,0.14285714285714285,0.326530612244898
70,5,53,0.33962264150943394,0.33962264150943394,0.0566037735849057
70,6,52,0.038461538461538464,0.038461538461538464,0.28846153846153844
70,7,58,0.1896551724137931,0.1896551724137931,0.0517241379310345
70,8,62,0.14516129032258066,0.14516129032258066,0.16129032258064516
70,9,66,0.3181818181818182,0.24242424242424243,0.09090909090909094
70,10,71,0.14084507042253522,0.07042253521126761,0.0704225352112676
70,11,68,0.07352941176470588,-0.029411764705882346,0.14705882352941174
70,12,54,0.35185185185185186,0.35185185185185186,0.055555555555555525
70,13,66,0.015151515151515152,-0.045454545454545456,0.10606060606060606
70,14,60,0.03333333333333333,-0.15,0.15
70,15,54,0.3148148148148148,0.2777777777777778,0.1111111111111111
70,16,71,0.2112676056338028,0.2112676056338028,0.028169014084507032
70,17,60,0.05,0.05,0.06666666666666667
70,18,66,0.48484848484848486,0.31818181818181823,0.045454545454545414
70,19,52,0.11538461538461539,0.09615384615384616,0.11538461538461539
70,20,92,0.03260869565217391,-0.010869565217391304,0.03260869565217391
70,21,55,0.4909090909090909,0.16363636363636364,0.0727272727272727
70,22,57,0.3333333333333333,0.3333333333333333,0.21052631578947373
70,23,46,0.34782608695652173,0.10869565217391303,0.17391304347826086
70,24,48,0.3333333333333333,0.18749999999999997,0.14583333333333337
70,25,81,0.48148148148148145,0.4567901234567901,0.037037037037037035
70,26,73,0.3972602739726027,0.2876712328767123,0.0136986301369863
71,0,51,0.4117647058823529,0.039215686274509776,0.0980392156862745
71,1,45,0.08888888888888889,-0.7111111111111111,0.7111111111111111
71,2,51,0.058823529411764705,0.058823529411764705,0.09803921568627451
71,3,54,0.16666666666666666,0.09259259259259259,0.5
71,4,49,0.14285714285714285,0.14285714285714285,0.326530612244898
71,5,53,0.3584905660377358,0.3584905660377358,0.03773584905660382
71,6,52,0.038461538461538464,0.038461538461538464,0.28846153846153844
71,7,58,0.15517241379310345,0.15517241379310345,0.08620689655172414
71,8,62,0.16129032258064516,0.16129032258064516,0.14516129032258066
71,9,66,0.3484848484848485,0.27272727272727276,0.06060606060606061
71,10,71,0.19718309859154928,0.1267605633802817,0.01408450704225353
71,11,68,0.058823529411764705,-0.044117647058823525,0.16176470588235292
71,12,54,0.3333333333333333,0.3333333333333333,0.07407407407407407
71,13,66,0.0,-0.06060606060606061,0.12121212121212122
71,14,60,0.016666666666666666,-0.16666666666666666,0.16666666666666666
71,15,54,0.3888888888888889,0.35185185185185186,0.037037037037037035
71,16,71,0.2112676056338028,0.2112676056338028,0.028169014084507032
71,17,60,0.1,0.1,0.016666666666666663
71,18,66,0.5606060606060606,0.3939393939393939,0.0
71,19,52,0.057692307692307696,0.038461538461538464,0.17307692307692307
71,20,92,0.021739130434782608,-0.021739130434782608,0.043478260869565216
71,21,55,0.5636363636363636,0.23636363636363633,0.0
71,22,57,0.43859649122807015,0.43859649122807015,0.10526315789473689
71,23,46,0.391304347826087,0.15217391304347827,0.13043478260869562
71,24,48,0.4166666666666667,0.27083333333333337,0.0625
71,25,81,0.43209876543209874,0.4074074074074074,0.08641975308641975
71,26,73,0.3698630136986301,0.2602739726027397,0.0410958904109589
72,0,51,0.4117647058823529,0.039215686274509776,0.0980392156862745
72,1,45,0.08888888888888889,-0.7111111111111111,0.7111111111111111
72,2,51,0.0392156862745098,0.0392156862745098,0.11764705882352941
72,3,54,0.14814814814814814,0.07407407407407407,0.5185185185185185
72,4,49,0.14285714285714285,0.14285714285714285,0.326530612244898
72,5,53,0.3584905660377358,0.3584905660377358,0.03773584905660382
72,6,52,0.019230769230769232,0.019230769230769232,0.3076923076923077
72,7,58,0.1724137931034483,0.1724137931034483,0.06896551724137931
72,8,62,0.1774193548387097,0.1774193548387097,0.12903225806451613
72,9,66,0.3333333333333333,0.25757575757575757,0.0757575757575758
72,10,71,0.1267605633802817,0.05633802816901408,0.08450704225352113
72,11,68,0.07352941176470588,-0.029411764705882346,0.14705882352941174
72,12,54,0.37037037037037035,0.37037037037037035,0.037037037037037035
72,13,66,0.0,-0.06060606060606061,0.12121212121212122
72,14,60,0.03333333333333333,-0.15,0.15
72,15,54,0.3333333333333333,0.2962962962962963,0.09259259259259262
72,16,71,0.18309859154929578,0.18309859154929578,0.056338028169014065
72,17,60,0.1,0.1,0.016666666666666663
72,18,66,0.45454545454545453,0.28787878787878785,0.10606060606060602
72,19,52,0.11538461538461539,0.09615384615384616,0.11538461538461539
72,20,92,0.03260869565217391,-0.010869565217391304,0.03260869565217391
72,21,55,0.4909090909090909,0.16363636363636364,0.0727272727272727
72,22,57,0.3684210526315789,0.3684210526315789,0.17543859649122812
72,23,46,0.391304347826087,0.15217391304347827,0.13043478260869562
72,24,48,0.3541666666666667,0.20833333333333334,0.125
72,25,81,0.41975308641975306,0.3950617283950617,0.09876543209876543
72,26,73,0.2876712328767123,0.1780821917808219,0.1232876712328767
73,0,51,0.4117647058823529,0.039215686274509776,0.0980392156862745
73,1,45,0.15555555555555556,-0.6444444444444445,0.6444444444444445
73,2,51,0.0392156862745098,0.0392156862745098,0.11764705882352941
73,3,54,0.12962962962962962,0.05555555555555555,0.537037037037037
73,4,49,0.14285714285714285,0.14285714285714285,0.326530612244898
73,5,53,0.3584905660377358,0.3584905660377358,0.03773584905660382
73,6,52,0.019230769230769232,0.019230769230769232,0.3076923076923077
73,7,58,0.20689655172413793,0.20689655172413793,0.03448275862068967
73,8,62,0.20967741935483872,0.20967741935483872,0.0967741935483871
73,9,66,0.3333333333333333,0.25757575757575757,0.0757575757575758
73,10,71,0.15492957746478872,0.08450704225352111,0.05633802816901409
73,11,68,0.07352941176470588,-0.029411764705882346,0.14705882352941174
73,12,54,0.3888888888888889,0.3888888888888889,0.01851851851851849
73,13,66,0.06060606060606061,0.0,0.06060606060606061
73,14,60,0.06666666666666667,-0.11666666666666665,0.11666666666666665
73,15,54,0.3333333333333333,0.2962962962962963,0.09259259259259262
73,16,71,0.18309859154929578,0.18309859154929578,0.056338028169014065
73,17,60,0.08333333333333333,0.08333333333333333,0.03333333333333334
73,18,66,0.42424242424242425,0.25757575757575757,0.1363636363636363
73,19,52,0.09615384615384616,0.07692307692307693,0.13461538461538464
73,20,92,0.043478260869565216,0.0,0.021739130434782608
73,21,55,0.43636363636363634,0.10909090909090907,0.12727272727272726
73,22,57,0.49122807017543857,0.49122807017543857,0.052631578947368474
73,23,46,0.391304347826087,0.15217391304347827,0.13043478260869562
73,24,48,0.3333333333333333,0.18749999999999997,0.14583333333333337
73,25,81,0.4074074074074074,0.38271604938271603,0.1111111111111111
73,26,73,0.3972602739726027,0.2876712328767123,0.0136986301369863
74,0,51,0.37254901960784315,0.0,0.13725490196078427
74,1,45,0.08888888888888889,-0.7111111111111111,0.7111111111111111
74,2,51,0.058823529411764705,0.058823529411764705,0.09803921568627451
74,3,54,0.2037037037037037,0.12962962962962962,0.4629629629629629
74,4,49,0.14285714285714285,0.14285714285714285,0.326530612244898
74,5,53,0.3584905660377358,0.3584905660377358,0.03773584905660382
74,6,52,0.019230769230769232,0.019230769230769232,0.3076923076923077
74,7,58,0.20689655172413793,0.20689655172413793,0.03448275862068967
74,8,62,0.14516129032258066,0.14516129032258066,0.16129032258064516
74,9,66,0.3787878787878788,0.30303030303030304,0.03030303030303033
74,10,71,0.15492957746478872,0.08450704225352111,0.05633802816901409
74,11,68,0.08823529411764706,-0.014705882352941166,0.13235294117647056
74,12,54,0.35185185185185186,0.35185185185185186,0.055555555555555525
74,13,66,0.06060606060606061,0.0,0.06060606060606061
74,14,60,0.03333333333333333,-0.15,0.15
74,15,54,0.37037037037037035,0.3333333333333333,0.05555555555555558
74,16,71,0.19718309859154928,0.19718309859154928,0.04225352112676056
74,17,60,0.05,0.05,0.06666666666666667
74,18,66,0.4696969696969697,0.3030303030303031,0.09090909090909083
74,19,52,0.1346153846153846,0.11538461538461538,0.09615384615384617
74,20,92,0.043478260869565216,0.0,0.021739130434782608
74,21,55,0.5636363636363636,0.23636363636363633,0.0
74,22,57,0.5614035087719298,0.5614035087719298,0.0
74,23,46,0.45652173913043476,0.21739130434782605,0.06521739130434784
74,24,48,0.4166666666666667,0.27083333333333337,0.0625
74,25,81,0.3950617283950617,0.37037037037037035,0.12345679012345678
74,26,73,0.3835616438356164,0.273972602739726,0.0273972602739726
75,0,51,0.37254901960784315,0.0,0.13725490196078427
75,1,45,0.044444444444444446,-0.7555555555555556,0.7555555555555556
75,2,51,0.058823529411764705,0.058823529411764705,0.09803921568627451
75,3,54,0.14814814814814814,0.07407407407407407,0.5185185185185185
75,4,49,0.16326530612244897,0.16326530612244897,0.30612244897959184
75,5,53,0.33962264150943394,0.33962264150943394,0.0566037735849057
75,6,52,0.038461538461538464,0.038461538461538464,0.28846153846153844
75,7,58,0.1724137931034483,0.1724137931034483,0.06896551724137931
75,8,62,0.14516129032258066,0.14516129032258066,0.16129032258064516
75,9,66,0.4090909090909091,0.33333333333333337,0.0
75,10,71,0.14084507042253522,0.07042253521126761,0.0704225352112676
75,11,68,0.08823529411764706,-0.014705882352941166,0.13235294117647056
75,12,54,0.42592592592592593,0.42592592592592593,0.0
75,13,66,0.0,-0.06060606060606061,0.12121212121212122
75,14,60,0.03333333333333333,-0.15,0.15
75,15,54,0.2962962962962963,0.25925925925925924,0.12962962962962965
75,16,71,0.18309859154929578,0.18309859154929578,0.056338028169014065
75,17,60,0.1,0.1,0.016666666666666663
75,18,66,0.4696969696969697,0.3030303030303031,0.09090909090909083
75,19,52,0.09615384615384616,0.07692307692307693,0.13461538461538464
75,20,92,0.010869565217391304,-0.03260869565217391,0.05434782608695652
75,21,55,0.509090909090909,0.18181818181818177,0.054545454545454564
75,22,57,0.40350877192982454,0.40350877192982454,0.15789473684210525
75,23,46,0.391304347826087,0.15217391304347827,0.13043478260869562
75,24,48,0.4375,0.29166666666666663,0.041666666666666685
75,25,81,0.38271604938271603,0.35802469135802467,0.13580246913580246
75,26,73,0.3561643835616438,0.2465753424657534,0.0547945205479452
76,0,51,0.39215686274509803,0.019607843137254888,0.11764705882352938
76,1,45,0.08888888888888889,-0.7111111111111111,0.7111111111111111
76,2,51,0.0392156862745098,0.0392156862745098,0.11764705882352941
76,3,54,0.14814814814814814,0.07407407407407407,0.5185185185185185
76,4,49,0.12244897959183673,0.12244897959183673,0.34693877551020413
76,5,53,0.3584905660377358,0.3584905660377358,0.03773584905660382
76,6,52,0.057692307692307696,0.057692307692307696,0.2692307692307692
76,7,58,0.1724137931034483,0.1724137931034483,0.06896551724137931
76,8,62,0.1935483870967742,0.1935483870967742,0.11290322580645162
76,9,66,0.3787878787878788,0.30303030303030304,0.03030303030303033
76,10,71,0.15492957746478872,0.08450704225352111,0.05633802816901409
76,11,68,0.10294117647058823,0.0,0.11764705882352941
76,12,54,0.4074074074074074,0.4074074074074074,0.018518518518518545
76,13,66,0.015151515151515152,-0.045454545454545456,0.10606060606060606
76,14,60,0.05,-0.1333333333333333,0.1333333333333333
76,15,54,0.2777777777777778,0.24074074074074076,0.14814814814814814
76,16,71,0.19718309859154928,0.19718309859154928,0.04225352112676056
76,17,60,0.1,0.1,0.016666666666666663
76,18,66,0.45454545454545453,0.28787878787878785,0.10606060606060602
76,19,52,0.09615384615384616,0.07692307692307693,0.13461538461538464
76,20,92,0.021739130434782608,-0.021739130434782608,0.043478260869565216
76,21,55,0.43636363636363634,0.10909090909090907,0.12727272727272726
76,22,57,0.40350877192982454,0.40350877192982454,0.15789473684210525
76,23,46,0.3695652173913043,0.13043478260869562,0.15217391304347827
76,24,48,0.3333333333333333,0.18749999999999997,0.14583333333333337
76,25,81,0.4444444444444444,0.41975308641975306,0.07407407407407407
76,26,73,0.3561643835616438,0.2465753424657534,0.0547945205479452
77,0,51,0.39215686274509803,0.019607843137254888,0.11764705882352938
77,1,45,0.08888888888888889,-0.7111111111111111,0.7111111111111111
77,2,51,0.058823529411764705,0.058823529411764705,0.09803921568627451
77,3,54,0.14814814814814814,0.07407407407407407,0.5185185185185185
77,4,49,0.16326530612244897,0.16326530612244897,0.30612244897959184
77,5,53,0.3584905660377358,0.3584905660377358,0.03773584905660382
77,6,52,0.038461538461538464,0.038461538461538464,0.28846153846153844
77,7,58,0.20689655172413793,0.20689655172413793,0.03448275862068967
77,8,62,0.16129032258064516,0.16129032258064516,0.14516129032258066
77,9,66,0.4090909090909091,0.33333333333333337,0.0
77,10,71,0.1267605633802817,0.05633802816901408,0.08450704225352113
77,11,68,0.08823529411764706,-0.014705882352941166,0.13235294117647056
77,12,54,0.3888888888888889,0.3888888888888889,0.037037037037037035
77,13,66,0.0,-0.06060606060606061,0.12121212121212122
77,14,60,0.03333333333333333,-0.15,0.15
77,15,54,0.2777777777777778,0.24074074074074076,0.14814814814814814
77,16,71,0.18309859154929578,0.18309859154929578,0.056338028169014065
77,17,60,0.11666666666666667,0.11666666666666667,0.0
77,18,66,0.48484848484848486,0.31818181818181823,0.07575757575757569
77,19,52,0.07692307692307693,0.057692307692307696,0.15384615384615385
77,20,92,0.010869565217391304,-0.03260869565217391,0.05434782608695652
77,21,55,0.4909090909090909,0.16363636363636364,0.0727272727272727
77,22,57,0.42105263157894735,0.42105263157894735,0.14035087719298245
77,23,46,0.391304347826087,0.15217391304347827,0.13043478260869562
77,24,48,0.4583333333333333,0.3125,0.02083333333333337
77,25,81,0.43209876543209874,0.4074074074074074,0.08641975308641975
77,26,73,0.3424657534246575,0.2328767123287671,0.0684931506849315
78,0,51,0.39215686274509803,0.019607843137254888,0.11764705882352938
78,1,45,0.08888888888888889,-0.7111111111111111,0.7111111111111111
78,2,51,0.0196078431372549,0.0196078431372549,0.13725490196078433
78,3,54,0.14814814814814814,0.07407407407407407,0.5185185185185185
78,4,49,0.16326530612244897,0.16326530612244897,0.30612244897959184
78,5,53,0.3584905660377358,0.3584905660377358,0.03773584905660382
78,6,52,0.038461538461538464,0.038461538461538464,0.28846153846153844
78,7,58,0.1896551724137931,0.1896551724137931,0.0517241379310345
78,8,62,0.1774193548387097,0.1774193548387097,0.12903225806451613
78,9,66,0.3787878787878788,0.30303030303030304,0.03030303030303033
78,10,71,0.15492957746478872,0.08450704225352111,0.05633802816901409
78,11,68,0.07352941176470588,-0.029411764705882346,0.14705882352941174
78,12,54,0.46296296296296297,0.46296296296296297,0.0
78,13,66,0.015151515151515152,-0.045454545454545456,0.10606060606060606
78,14,60,0.03333333333333333,-0.15,0.15
78,15,54,0.2962962962962963,0.25925925925925924,0.12962962962962965
78,16,71,0.18309859154929578,0.18309859154929578,0.056338028169014065
78,17,60,0.1,0.1,0.016666666666666663
78,18,66,0.5303030303030303,0.36363636363636365,0.030303030303030276
78,19,52,0.057692307692307696,0.038461538461538464,0.17307692307692307
78,20,92,0.03260869565217391,-0.010869565217391304,0.03260869565217391
78,21,55,0.41818181818181815,0.09090909090909088,0.14545454545454545
78,22,57,0.38596491228070173,0.38596491228070173,0.17543859649122806
78,23,46,0.391304347826087,0.15217391304347827,0.13043478260869562
78,24,48,0.3333333333333333,0.18749999999999997,0.14583333333333337
78,25,81,0.5185185185185185,0.49382716049382713,0.0
78,26,73,0.3835616438356164,0.273972602739726,0.0273972602739726
79,0,51,0.4117647058823529,0.039215686274509776,0.0980392156862745
79,1,45,0.1111111111111111,-0.6888888888888889,0.6888888888888889
79,2,51,0.0196078431372549,0.0196078431372549,0.13725490196078433
79,3,54,0.12962962962962962,0.05555555555555555,0.537037037037037
79,4,49,0.16326530612244897,0.16326530612244897,0.30612244897959184
79,5,53,0.3584905660377358,0.3584905660377358,0.03773584905660382
79,6,52,0.057692307692307696,0.057692307692307696,0.2692307692307692
79,7,58,0.1724137931034483,0.1724137931034483,0.06896551724137931
79,8,62,0.16129032258064516,0.16129032258064516,0.14516129032258066
79,9,66,0.3939393939393939,0.3181818181818182,0.015151515151515194
79,10,71,0.14084507042253522,0.07042253521126761,0.0704225352112676
79,11,68,0.07352941176470588,-0.029411764705882346,0.14705882352941174
79,12,54,0.4444444444444444,0.4444444444444444,0.018518518518518545
79,13,66,0.030303030303030304,-0.030303030303030304,0.09090909090909091
79,14,60,0.06666666666666667,-0.11666666666666665,0.11666666666666665
79,15,54,0.2777777777777778,0.24074074074074076,0.14814814814814814
79,16,71,0.19718309859154928,0.19718309859154928,0.04225352112676056
79,17,60,0.08333333333333333,0.08333333333333333,0.03333333333333334
79,18,66,0.4696969696969697,0.3030303030303031,0.09090909090909083
79,19,52,0.07692307692307693,0.057692307692307696,0.15384615384615385
79,20,92,0.03260869565217391,-0.010869565217391304,0.03260869565217391
79,21,55,0.41818181818181815,0.09090909090909088,0.14545454545454545
79,22,57,0.40350877192982454,0.40350877192982454,0.15789473684210525
79,23,46,0.41304347826086957,0.17391304347826086,0.10869565217391303
79,24,48,0.3333333333333333,0.18749999999999997,0.14583333333333337
79,25,81,0.5555555555555556,0.5308641975308642,0.0
79,26,73,0.3698630136986301,0.2602739726027397,0.0410958904109589
80,0,51,0.37254901960784315,0.0,0.13725490196078427
80,1,45,0.15555555555555556,-0.6444444444444445,0.6444444444444445
80,2,51,0.0392156862745098,0.0392156862745098,0.11764705882352941
80,3,54,0.14814814814814814,0.07407407407407407,0.5185185185185185
80,4,49,0.14285714285714285,0.14285714285714285,0.326530612244898
80,5,53,0.33962264150943394,0.33962264150943394,0.0566037735849057
80,6,52,0.038461538461538464,0.038461538461538464,0.28846153846153844
80,7,58,0.2413793103448276,0.2413793103448276,0.0
80,8,62,0.12903225806451613,0.12903225806451613,0.1774193548387097
80,9,66,0.3787878787878788,0.30303030303030304,0.03030303030303033
80,10,71,0.1267605633802817,0.05633802816901408,0.08450704225352113
80,11,68,0.10294117647058823,0.0,0.11764705882352941
80,12,54,0.42592592592592593,0.42592592592592593,0.037037037037037035
80,13,66,0.030303030303030304,-0.030303030303030304,0.09090909090909091
80,14,60,0.016666666666666666,-0.16666666666666666,0.16666666666666666
80,15,54,0.2222222222222222,0.18518518518518517,0.20370370370370372
80,16,71,0.19718309859154928,0.19718309859154928,0.04225352112676056
80,17,60,0.08333333333333333,0.08333333333333333,0.03333333333333334
80,18,66,0.4696969696969697,0.3030303030303031,0.09090909090909083
80,19,52,0.1346153846153846,0.11538461538461538,0.09615384615384617
80,20,92,0.021739130434782608,-0.021739130434782608,0.043478260869565216
80,21,55,0.43636363636363634,0.10909090909090907,0.12727272727272726
80,22,57,0.49122807017543857,0.49122807017543857,0.07017543859649122
80,23,46,0.391304347826087,0.15217391304347827,0.13043478260869562
80,24,48,0.2708333333333333,0.12499999999999997,0.20833333333333337
80,25,81,0.4691358024691358,0.4444444444444444,0.0864197530864198
80,26,73,0.410958904109589,0.3013698630136986,0.0
81,0,51,0.19607843137254902,-0.17647058823529413,0.3137254901960784
81,1,45,0.15555555555555556,-0.6444444444444445,0.6444444444444445
81,2,51,0.13725490196078433,0.13725490196078433,0.019607843137254888
81,3,54,0.16666666666666666,0.09259259259259259,0.5
81,4,49,0.16326530612244897,0.16326530612244897,0.30612244897959184
81,5,53,0.3584905660377358,0.3584905660377358,0.03773584905660382
81,6,52,0.057692307692307696,0.057692307692307696,0.2692307692307692
81,7,58,0.1896551724137931,0.1896551724137931,0.0517241379310345
81,8,62,0.1774193548387097,0.1774193548387097,0.12903225806451613
81,9,66,0.4393939393939394,0.36363636363636365,0.0
81,10,71,0.056338028169014086,-0.014084507042253523,0.15492957746478872
81,11,68,0.08823529411764706,-0.014705882352941166,0.13235294117647056
81,12,54,0.2962962962962963,0.2962962962962963,0.16666666666666669
81,13,66,0.030303030303030304,-0.030303030303030304,0.09090909090909091
81,14,60,0.016666666666666666,-0.16666666666666666,0.16666666666666666
81,15,54,0.35185185185185186,0.3148148148148148,0.07407407407407407
81,16,71,0.2535211267605634,0.2535211267605634,0.0
81,17,60,0.06666666666666667,0.06666666666666667,0.05
81,18,66,0.5454545454545454,0.3787878787878788,0.015151515151515138
81,19,52,0.1346153846153846,0.11538461538461538,0.09615384615384617
81,20,92,0.07608695652173914,0.03260869565217392,0.0
81,21,55,0.5818181818181818,0.2545454545454545,0.0
81,22,57,0.43859649122807015,0.43859649122807015,0.12280701754385964
81,23,46,0.43478260869565216,0.19565217391304346,0.08695652173913043
81,24,48,0.10416666666666667,-0.04166666666666667,0.375
81,25,81,0.5061728395061729,0.4814814814814815,0.04938271604938271
81,26,73,0.3698630136986301,0.2602739726027397,0.0410958904109589
82,0,51,0.37254901960784315,0.0,0.13725490196078427
82,1,45,0.1111111111111111,-0.6888888888888889,0.6888888888888889
82,2,51,0.0196078431372549,0.0196078431372549,0.13725490196078433
82,3,54,0.1111111111111111,0.037037037037037035,0.5555555555555556
82,4,49,0.16326530612244897,0.16326530612244897,0.30612244897959184
82,5,53,0.3584905660377358,0.3584905660377358,0.03773584905660382
82,6,52,0.057692307692307696,0.057692307692307696,0.2692307692307692
82,7,58,0.1896551724137931,0.1896551724137931,0.0517241379310345
82,8,62,0.22580645161290322,0.22580645161290322,0.08064516129032259
82,9,66,0.3787878787878788,0.30303030303030304,0.06060606060606061
82,10,71,0.14084507042253522,0.07042253521126761,0.0704225352112676
82,11,68,0.058823529411764705,-0.044117647058823525,0.16176470588235292
82,12,54,0.42592592592592593,0.42592592592592593,0.037037037037037035
82,13,66,0.06060606060606061,0.0,0.06060606060606061
82,14,60,0.03333333333333333,-0.15,0.15
82,15,54,0.2962962962962963,0.25925925925925924,0.12962962962962965
82,16,71,0.19718309859154928,0.19718309859154928,0.05633802816901409
82,17,60,0.1,0.1,0.016666666666666663
82,18,66,0.48484848484848486,0.31818181818181823,0.07575757575757569
82,19,52,0.11538461538461539,0.09615384615384616,0.11538461538461539
82,20,92,0.05434782608695652,0.010869565217391304,0.021739130434782615
82,21,55,0.5454545454545454,0.21818181818181814,0.036363636363636376
82,22,57,0.5087719298245614,0.5087719298245614,0.05263157894736836
82,23,46,0.41304347826086957,0.17391304347826086,0.10869565217391303
82,24,48,0.5208333333333334,0.375,0.0
82,25,81,0.4567901234567901,0.43209876543209874,0.09876543209876548
82,26,73,0.3561643835616438,0.2465753424657534,0.0547945205479452
83,0,51,0.35294117647058826,-0.019607843137254888,0.15686274509803916
83,1,45,0.1111111111111111,-0.6888888888888889,0.6888888888888889
83,2,51,0.0784313725490196,0.0784313725490196,0.0784313725490196
83,3,54,0.1111111111111111,0.037037037037037035,0.5555555555555556
83,4,49,0.1836734693877551,0.1836734693877551,0.2857142857142857
83,5,53,0.3584905660377358,0.3584905660377358,0.03773584905660382
83,6,52,0.038461538461538464,0.038461538461538464,0.28846153846153844
83,7,58,0.25862068965517243,0.25862068965517243,0.0
83,8,62,0.12903225806451613,0.12903225806451613,0.1774193548387097
83,9,66,0.36363636363636365,0.2878787878787879,0.07575757575757575
83,10,71,0.14084507042253522,0.07042253521126761,0.0704225352112676
83,11,68,0.07352941176470588,-0.029411764705882346,0.14705882352941174
83,12,54,0.4074074074074074,0.4074074074074074,0.05555555555555558
83,13,66,0.030303030303030304,-0.030303030303030304,0.09090909090909091
83,14,60,0.05,-0.1333333333333333,0.1333333333333333
83,15,54,0.37037037037037035,0.3333333333333333,0.05555555555555558
83,16,71,0.19718309859154928,0.19718309859154928,0.05633802816901409
83,17,60,0.08333333333333333,0.08333333333333333,0.03333333333333334
83,18,66,0.5151515151515151,0.3484848484848485,0.045454545454545414
83,19,52,0.07692307692307693,0.057692307692307696,0.15384615384615385
83,20,92,0.021739130434782608,-0.021739130434782608,0.05434782608695653
83,21,55,0.5272727272727272,0.19999999999999996,0.054545454545454564
83,22,57,0.3684210526315789,0.3684210526315789,0.19298245614035087
83,23,46,0.43478260869565216,0.19565217391304346,0.08695652173913043
83,24,48,0.5,0.35416666666666663,0.02083333333333337
83,25,81,0.48148148148148145,0.4567901234567901,0.07407407407407413
83,26,73,0.3835616438356164,0.273972602739726,0.0273972602739726
84,0,51,0.37254901960784315,0.0,0.13725490196078427
84,1,45,0.08888888888888889,-0.7111111111111111,0.7111111111111111
84,2,51,0.09803921568627451,0.09803921568627451,0.058823529411764705
84,3,54,0.14814814814814814,0.07407407407407407,0.5185185185185185
84,4,49,0.20408163265306123,0.20408163265306123,0.2653061224489796
84,5,53,0.33962264150943394,0.33962264150943394,0.0566037735849057
84,6,52,0.038461538461538464,0.038461538461538464,0.28846153846153844
84,7,58,0.1896551724137931,0.1896551724137931,0.06896551724137934
84,8,62,0.1935483870967742,0.1935483870967742,0.11290322580645162
84,9,66,0.3484848484848485,0.27272727272727276,0.09090909090909088
84,10,71,0.09859154929577464,0.028169014084507032,0.11267605633802817
84,11,68,0.08823529411764706,-0.014705882352941166,0.13235294117647056
84,12,54,0.46296296296296297,0.46296296296296297,0.0
84,13,66,0.030303030303030304,-0.030303030303030304,0.09090909090909091
84,14,60,0.03333333333333333,-0.15,0.15
84,15,54,0.3148148148148148,0.2777777777777778,0.1111111111111111
84,16,71,0.19718309859154928,0.19718309859154928,0.05633802816901409
84,17,60,0.08333333333333333,0.08333333333333333,0.03333333333333334
84,18,66,0.48484848484848486,0.31818181818181823,0.07575757575757569
84,19,52,0.09615384615384616,0.07692307692307693,0.13461538461538464
84,20,92,0.021739130434782608,-0.021739130434782608,0.05434782608695653
84,21,55,0.45454545454545453,0.12727272727272726,0.12727272727272726
84,22,57,0.40350877192982454,0.40350877192982454,0.15789473684210525
84,23,46,0.45652173913043476,0.21739130434782605,0.06521739130434784
84,24,48,0.3333333333333333,0.18749999999999997,0.18750000000000006
84,25,81,0.4691358024691358,0.4444444444444444,0.0864197530864198
84,26,73,0.3698630136986301,0.2602739726027397,0.0410958904109589
85,0,51,0.39215686274509803,0.019607843137254888,0.11764705882352938
85,1,45,0.1111111111111111,-0.6888888888888889,0.6888888888888889
85,2,51,0.058823529411764705,0.058823529411764705,0.09803921568627451
85,3,54,0.1111111111111111,0.037037037037037035,0.5555555555555556
85,4,49,0.1836734693877551,0.1836734693877551,0.2857142857142857
85,5,53,0.24528301886792453,0.24528301886792453,0.15094339622641512
85,6,52,0.019230769230769232,0.019230769230769232,0.3076923076923077
85,7,58,0.10344827586206896,0.10344827586206896,0.15517241379310348
85,8,62,0.20967741935483872,0.20967741935483872,0.0967741935483871
85,9,66,0.30303030303030304,0.2272727272727273,0.13636363636363635
85,10,71,0.07042253521126761,0.0,0.1408450704225352
85,11,68,0.08823529411764706,-0.014705882352941166,0.13235294117647056
85,12,54,0.4444444444444444,0.4444444444444444,0.018518518518518545
85,13,66,0.045454545454545456,-0.015151515151515152,0.07575757575757576
85,14,60,0.03333333333333333,-0.15,0.15
85,15,54,0.46296296296296297,0.42592592592592593,0.0
85,16,71,0.18309859154929578,0.18309859154929578,0.0704225352112676
85,17,60,0.1,0.1,0.016666666666666663
85,18,66,0.5,0.33333333333333337,0.06060606060606055
85,19,52,0.09615384615384616,0.07692307692307693,0.13461538461538464
85,20,92,0.03260869565217391,-0.010869565217391304,0.04347826086956522
85,21,55,0.34545454545454546,0.018181818181818188,0.23636363636363633
85,22,57,0.3684210526315789,0.3684210526315789,0.19298245614035087
85,23,46,0.45652173913043476,0.21739130434782605,0.06521739130434784
85,24,48,0.3958333333333333,0.24999999999999997,0.12500000000000006
85,25,81,0.48148148148148145,0.4567901234567901,0.07407407407407413
85,26,73,0.410958904109589,0.3013698630136986,0.0
86,0,51,0.37254901960784315,0.0,0.13725490196078427
86,1,45,0.17777777777777778,-0.6222222222222222,0.6222222222222222
86,2,51,0.09803921568627451,0.09803921568627451,0.058823529411764705
86,3,54,0.16666666666666666,0.09259259259259259,0.5
86,4,49,0.1836734693877551,0.1836734693877551,0.2857142857142857
86,5,53,0.33962264150943394,0.33962264150943394,0.0566037735849057
86,6,52,0.019230769230769232,0.019230769230769232,0.3076923076923077
86,7,58,0.15517241379310345,0.15517241379310345,0.10344827586206898
86,8,62,0.1935483870967742,0.1935483870967742,0.11290322580645162
86,9,66,0.36363636363636365,0.2878787878787879,0.07575757575757575
86,10,71,0.08450704225352113,0.014084507042253516,0.1267605633802817
86,11,68,0.07352941176470588,-0.029411764705882346,0.14705882352941174
86,12,54,0.46296296296296297,0.46296296296296297,0.0
86,13,66,0.015151515151515152,-0.045454545454545456,0.10606060606060606
86,14,60,0.05,-0.1333333333333333,0.1333333333333333
86,15,54,0.3888888888888889,0.35185185185185186,0.07407407407407407
86,16,71,0.19718309859154928,0.19718309859154928,0.05633802816901409
86,17,60,0.03333333333333333,0.03333333333333333,0.08333333333333334
86,18,66,0.4696969696969697,0.3030303030303031,0.09090909090909083
86,19,52,0.07692307692307693,0.057692307692307696,0.15384615384615385
86,20,92,0.021739130434782608,-0.021739130434782608,0.05434782608695653
86,21,55,0.4727272727272727,0.14545454545454545,0.10909090909090907
86,22,57,0.43859649122807015,0.43859649122807015,0.12280701754385964
86,23,46,0.4782608695652174,0.2391304347826087,0.04347826086956519
86,24,48,0.5416666666666666,0.39583333333333326,0.0
86,25,81,0.43209876543209874,0.4074074074074074,0.12345679012345684
86,26,73,0.3150684931506849,0.2054794520547945,0.0958904109589041
87,0,51,0.4117647058823529,0.039215686274509776,0.0980392156862745
87,1,45,0.17777777777777778,-0.6222222222222222,0.6222222222222222
87,2,51,0.0392156862745098,0.0392156862745098,0.11764705882352941
87,3,54,0.12962962962962962,0.05555555555555555,0.537037037037037
87,4,49,0.1836734693877551,0.1836734693877551,0.2857142857142857
87,5,53,0.3018867924528302,0.3018867924528302,0.09433962264150947
87,6,52,0.057692307692307696,0.057692307692307696,0.2692307692307692
87,7,58,0.15517241379310345,0.15517241379310345,0.10344827586206898
87,8,62,0.1935483870967742,0.1935483870967742,0.11290322580645162
87,9,66,0.2878787878787879,0.21212121212121215,0.1515151515151515
87,10,71,0.1267605633802817,0.05633802816901408,0.08450704225352113
87,11,68,0.058823529411764705,-0.044117647058823525,0.16176470588235292
87,12,54,0.5370370370370371,0.5370370370370371,0.0
87,13,66,0.030303030303030304,-0.030303030303030304,0.09090909090909091
87,14,60,0.03333333333333333,-0.15,0.15
87,15,54,0.35185185185185186,0.3148148148148148,0.1111111111111111
87,16,71,0.18309859154929578,0.18309859154929578,0.0704225352112676
87,17,60,0.06666666666666667,0.06666666666666667,0.05
87,18,66,0.48484848484848486,0.31818181818181823,0.07575757575757569
87,19,52,0.07692307692307693,0.057692307692307696,0.15384615384615385
87,20,92,0.05434782608695652,0.010869565217391304,0.021739130434782615
87,21,55,0.4727272727272727,0.14545454545454545,0.10909090909090907
87,22,57,0.3508771929824561,0.3508771929824561,0.21052631578947367
87,23,46,0.43478260869565216,0.19565217391304346,0.08695652173913043
87,24,48,0.3125,0.16666666666666666,0.22916666666666663
87,25,81,0.4691358024691358,0.4444444444444444,0.0864197530864198
87,26,73,0.3835616438356164,0.273972602739726,0.0273972602739726
88,0,51,0.39215686274509803,0.019607843137254888,0.11764705882352938
88,1,45,0.17777777777777778,-0.6222222222222222,0.6222222222222222
88,2,51,0.0784313725490196,0.0784313725490196,0.0784313725490196
88,3,54,0.14814814814814814,0.07407407407407407,0.5185185185185185
88,4,49,0.20408163265306123,0.20408163265306123,0.2653061224489796
88,5,53,0.3018867924528302,0.3018867924528302,0.09433962264150947
88,6,52,0.057692307692307696,0.057692307692307696,0.2692307692307692
88,7,58,0.1724137931034483,0.1724137931034483,0.08620689655172414
88,8,62,0.22580645161290322,0.22580645161290322,0.08064516129032259
88,9,66,0.36363636363636365,0.2878787878787879,0.07575757575757575
88,10,71,0.1267605633802817,0.05633802816901408,0.08450704225352113
88,11,68,0.07352941176470588,-0.029411764705882346,0.14705882352941174
88,12,54,0.4444444444444444,0.4444444444444444,0.09259259259259267
88,13,66,0.06060606060606061,0.0,0.06060606060606061
88,14,60,0.05,-0.1333333333333333,0.1333333333333333
88,15,54,0.37037037037037035,0.3333333333333333,0.09259259259259262
88,16,71,0.2112676056338028,0.2112676056338028,0.04225352112676056
88,17,60,0.08333333333333333,0.08333333333333333,0.03333333333333334
88,18,66,0.5303030303030303,0.36363636363636365,0.030303030303030276
88,19,52,0.11538461538461539,0.09615384615384616,0.11538461538461539
88,20,92,0.03260869565217391,-0.010869565217391304,0.04347826086956522
88,21,55,0.5272727272727272,0.19999999999999996,0.054545454545454564
88,22,57,0.45614035087719296,0.45614035087719296,0.10526315789473684
88,23,46,0.43478260869565216,0.19565217391304346,0.08695652173913043
88,24,48,0.4791666666666667,0.33333333333333337,0.062499999999999944
88,25,81,0.49382716049382713,0.4691358024691358,0.06172839506172845
88,26,73,0.3698630136986301,0.2602739726027397,0.0410958904109589
89,0,51,0.39215686274509803,0.019607843137254888,0.11764705882352938
89,1,45,0.1111111111111111,-0.6888888888888889,0.6888888888888889
89,2,51,0.058823529411764705,0.058823529411764705,0.09803921568627451
89,3,54,0.1111111111111111,0.037037037037037035,0.5555555555555556
89,4,49,0.22448979591836735,0.22448979591836735,0.2448979591836735
89,5,53,0.3018867924528302,0.3018867924528302,0.09433962264150947
89,6,52,0.07692307692307693,0.07692307692307693,0.25
89,7,58,0.1724137931034483,0.1724137931034483,0.08620689655172414
89,8,62,0.20967741935483872,0.20967741935483872,0.0967741935483871
89,9,66,0.3787878787878788,0.30303030303030304,0.06060606060606061
89,10,71,0.14084507042253522,0.07042253521126761,0.0704225352112676
89,11,68,0.08823529411764706,-0.014705882352941166,0.13235294117647056
89,12,54,0.42592592592592593,0.42592592592592593,0.11111111111111116
89,13,66,0.06060606060606061,0.0,0.06060606060606061
89,14,60,0.03333333333333333,-0.15,0.15
89,15,54,0.35185185185185186,0.3148148148148148,0.1111111111111111
89,16,71,0.18309859154929578,0.18309859154929578,0.0704225352112676
89,17,60,0.06666666666666667,0.06666666666666667,0.05
89,18,66,0.5,0.33333333333333337,0.06060606060606055
89,19,52,0.09615384615384616,0.07692307692307693,0.13461538461538464
89,20,92,0.03260869565217391,-0.010869565217391304,0.04347826086956522
89,21,55,0.4727272727272727,0.14545454545454545,0.10909090909090907
89,22,57,0.38596491228070173,0.38596491228070173,0.17543859649122806
89,23,46,0.41304347826086957,0.17391304347826086,0.10869565217391303
89,24,48,0.2916666666666667,0.14583333333333334,0.24999999999999994
89,25,81,0.5432098765432098,0.5185185185185185,0.012345679012345734
89,26,73,0.410958904109589,0.3013698630136986,0.0
90,0,51,0.4117647058823529,0.039215686274509776,0.0980392156862745
90,1,45,0.1111111111111111,-0.6888888888888889,0.6888888888888889
90,2,51,0.0196078431372549,0.0196078431372549,0.13725490196078433
90,3,54,0.12962962962962962,0.05555555555555555,0.537037037037037
90,4,49,0.1836734693877551,0.1836734693877551,0.2857142857142857
90,5,53,0.32075471698113206,0.32075471698113206,0.07547169811320759
90,6,52,0.057692307692307696,0.057692307692307696,0.2692307692307692
90,7,58,0.20689655172413793,0.20689655172413793,0.0517241379310345
90,8,62,0.22580645161290322,0.22580645161290322,0.08064516129032259
90,9,66,0.36363636363636365,0.2878787878787879,0.07575757575757575
90,10,71,0.09859154929577464,0.028169014084507032,0.11267605633802817
90,11,68,0.07352941176470588,-0.029411764705882346,0.14705882352941174
90,12,54,0.3888888888888889,0.3888888888888889,0.1481481481481482
90,13,66,0.06060606060606061,0.0,0.06060606060606061
90,14,60,0.03333333333333333,-0.15,0.15
90,15,54,0.4074074074074074,0.37037037037037035,0.05555555555555558
90,16,71,0.18309859154929578,0.18309859154929578,0.0704225352112676
90,17,60,0.05,0.05,0.06666666666666667
90,18,66,0.4696969696969697,0.3030303030303031,0.09090909090909083
90,19,52,0.07692307692307693,0.057692307692307696,0.15384615384615385
90,20,92,0.043478260869565216,0.0,0.03260869565217392
90,21,55,0.4727272727272727,0.14545454545454545,0.10909090909090907
90,22,57,0.45614035087719296,0.45614035087719296,0.10526315789473684
90,23,46,0.45652173913043476,0.21739130434782605,0.06521739130434784
90,24,48,0.3333333333333333,0.18749999999999997,0.20833333333333331
90,25,81,0.5308641975308642,0.5061728395061729,0.024691358024691357
90,26,73,0.3561643835616438,0.2465753424657534,0.0547945205479452
