round,class_id,n,acc,bwt,forgetting
1,0,51,0.49019607843137253,,
1,1,45,0.5555555555555556,,
1,2,51,0.0,,
1,3,54,0.37037037037037035,,
1,4,49,0.0,,
1,5,53,0.018867924528301886,,
1,6,52,0.057692307692307696,,
1,7,58,0.0,,
1,8,62,0.0,,
2,0,51,0.21568627450980393,-0.2745098039215686,0.2745098039215686
2,1,45,0.4666666666666667,-0.0888888888888889,0.0888888888888889
2,2,51,0.0,0.0,0.0
2,3,54,0.0,-0.37037037037037035,0.37037037037037035
2,4,49,0.6122448979591837,0.6122448979591837,0.0
2,5,53,0.018867924528301886,0.0,0.0
2,6,52,0.019230769230769232,-0.038461538461538464,0.038461538461538464
2,7,58,0.0,0.0,0.0
2,8,62,0.0,0.0,0.0
3,0,51,0.37254901960784315,-0.11764705882352938,0.11764705882352938
3,1,45,0.7111111111111111,0.15555555555555556,0.0
3,2,51,0.0,0.0,0.0
3,3,54,0.0,-0.37037037037037035,0.37037037037037035
3,4,49,0.0,0.0,0.6122448979591837
3,5,53,0.0,-0.018867924528301886,0.018867924528301886
3,6,52,0.0,-0.057692307692307696,0.057692307692307696
3,7,58,0.0,0.0,0.0
3,8,62,0.0,0.0,0.0
4,0,51,0.27450980392156865,-0.21568627450980388,0.21568627450980388
4,1,45,0.044444444444444446,-0.5111111111111112,0.6666666666666667
4,2,51,0.0,0.0,0.0
4,3,54,0.2962962962962963,-0.07407407407407407,0.07407407407407407
4,4,49,0.7551020408163265,0.7551020408163265,0.0
4,5,53,0.0,-0.018867924528301886,0.018867924528301886
4,6,52,0.09615384615384616,0.038461538461538464,0.0
4,7,58,0.0,0.0,0.0
4,8,62,0.0,0.0,0.0
5,0,51,0.4117647058823529,-0.0784313725490196,0.0784313725490196
5,1,45,0.6888888888888889,0.1333333333333333,0.022222222222222254
5,2,51,0.0,0.0,0.0
5,3,54,0.0,-0.37037037037037035,0.37037037037037035
5,4,49,0.08163265306122448,0.08163265306122448,0.673469387755102
5,5,53,0.0,-0.018867924528301886,0.018867924528301886
5,6,52,0.0,-0.057692307692307696,0.09615384615384616
5,7,58,0.0,0.0,0.0
5,8,62,0.0,0.0,0.0
6,0,51,0.19607843137254902,-0.2941176470588235,0.2941176470588235
6,1,45,0.022222222222222223,-0.5333333333333333,0.6888888888888889
6,2,51,0.11764705882352941,0.11764705882352941,0.0
6,3,54,0.18518518518518517,-0.18518518518518517,0.18518518518518517
6,4,49,0.30612244897959184,0.30612244897959184,0.44897959183673464
6,5,53,0.16981132075471697,0.1509433962264151,0.0
6,6,52,0.1346153846153846,0.07692307692307691,0.0
6,7,58,0.05172413793103448,0.05172413793103448,0.0
6,8,62,0.3709677419354839,0.3709677419354839,0.0
7,0,51,0.47058823529411764,-0.019607843137254888,0.019607843137254888
7,1,45,0.6666666666666666,0.11111111111111105,0.04444444444444451
7,2,51,0.0196078431372549,0.0196078431372549,0.09803921568627451
7,3,54,0.018518518518518517,-0.35185185185185186,0.35185185185185186
7,4,49,0.3877551020408163,0.3877551020408163,0.36734693877551017
7,5,53,0.0,-0.018867924528301886,0.16981132075471697
7,6,52,0.0,-0.057692307692307696,0.1346153846153846
7,7,58,0.0,0.0,0.05172413793103448
7,8,62,0.0,0.0,0.3709677419354839
8,0,51,0.3333333333333333,-0.1568627450980392,0.1568627450980392
8,1,45,0.26666666666666666,-0.2888888888888889,0.4444444444444445
8,2,51,0.11764705882352941,0.11764705882352941,0.0
8,3,54,0.07407407407407407,-0.2962962962962963,0.2962962962962963
8,4,49,0.3469387755102041,0.3469387755102041,0.4081632653061224
8,5,53,0.16981132075471697,0.1509433962264151,0.0
8,6,52,0.1346153846153846,0.07692307692307691,0.0
8,7,58,0.06896551724137931,0.06896551724137931,0.0
8,8,62,0.25806451612903225,0.25806451612903225,0.11290322580645162
9,0,51,0.43137254901960786,-0.05882352941176466,0.05882352941176466
9,1,45,0.5111111111111111,-0.04444444444444451,0.20000000000000007
9,2,51,0.11764705882352941,0.11764705882352941,0.0
9,3,54,0.0,-0.37037037037037035,0.37037037037037035
9,4,49,0.2857142857142857,0.2857142857142857,0.4693877551020408
9,5,53,0.11320754716981132,0.09433962264150944,0.05660377358490565
9,6,52,0.09615384615384616,0.038461538461538464,0.03846153846153845
9,7,58,0.017241379310344827,0.017241379310344827,0.05172413793103448
9,8,62,0.03225806451612903,0.03225806451612903,0.33870967741935487
10,0,51,0.3333333333333333,-0.1568627450980392,0.1568627450980392
10,1,45,0.37777777777777777,-0.1777777777777778,0.33333333333333337
10,2,51,0.13725490196078433,0.13725490196078433,0.0
10,3,54,0.07407407407407407,-0.2962962962962963,0.2962962962962963
10,4,49,0.24489795918367346,0.24489795918367346,0.510204081632653
10,5,53,0.1509433962264151,0.1320754716981132,0.018867924528301883
10,6,52,0.2692307692307692,0.2115384615384615,0.0
10,7,58,0.06896551724137931,0.06896551724137931,0.0
10,8,62,0.12903225806451613,0.12903225806451613,0.24193548387096775
11,0,51,0.0,-0.49019607843137253,0.49019607843137253
11,1,45,0.37777777777777777,-0.1777777777777778,0.33333333333333337
11,2,51,0.0,0.0,0.13725490196078433
11,3,54,0.0,-0.37037037037037035,0.37037037037037035
11,4,49,0.0,0.0,0.7551020408163265
11,5,53,0.11320754716981132,0.09433962264150944,0.05660377358490565
11,6,52,0.36538461538461536,0.30769230769230765,0.0
11,7,58,0.034482758620689655,0.034482758620689655,0.034482758620689655
11,8,62,0.016129032258064516,0.016129032258064516,0.3548387096774194
11,9,66,0.0,,
11,10,71,0.014084507042253521,,
11,11,68,0.029411764705882353,,
11,12,54,0.0,,
11,13,66,0.0,,
11,14,60,0.35,,
11,15,54,0.0,,
11,16,71,0.0,,
11,17,60,0.03333333333333333,,
12,0,51,0.0,-0.49019607843137253,0.49019607843137253
12,1,45,0.0,-0.5555555555555556,0.7111111111111111
12,2,51,0.0,0.0,0.13725490196078433
12,3,54,0.0,-0.37037037037037035,0.37037037037037035
12,4,49,0.0,0.0,0.7551020408163265
12,5,53,0.07547169811320754,0.05660377358490566,0.09433962264150943
12,6,52,0.0,-0.057692307692307696,0.36538461538461536
12,7,58,0.0,0.0,0.06896551724137931
12,8,62,0.0,0.0,0.3709677419354839
12,9,66,0.2727272727272727,0.2727272727272727,0.0
12,10,71,0.028169014084507043,0.014084507042253521,0.0
12,11,68,0.07352941176470588,0.04411764705882353,0.0
12,12,54,0.09259259259259259,0.09259259259259259,0.0
12,13,66,0.015151515151515152,0.015151515151515152,0.0
12,14,60,0.0,-0.35,0.35
12,15,54,0.05555555555555555,0.05555555555555555,0.0
12,16,71,0.19718309859154928,0.19718309859154928,0.0
12,17,60,0.31666666666666665,0.2833333333333333,0.0
13,0,51,0.0,-0.49019607843137253,0.49019607843137253
13,1,45,0.0,-0.5555555555555556,0.7111111111111111
13,2,51,0.0,0.0,0.13725490196078433
13,3,54,0.0,-0.37037037037037035,0.37037037037037035
13,4,49,0.0,0.0,0.7551020408163265
13,5,53,0.0,-0.018867924528301886,0.16981132075471697
13,6,52,0.0,-0.057692307692307696,0.36538461538461536
13,7,58,0.0,0.0,0.06896551724137931
13,8,62,0.0,0.0,0.3709677419354839
13,9,66,0.09090909090909091,0.09090909090909091,0.1818181818181818
13,10,71,0.014084507042253521,0.0,0.014084507042253521
13,11,68,0.029411764705882353,0.0,0.04411764705882353
13,12,54,0.0,0.0,0.09259259259259259
13,13,66,0.0,0.0,0.015151515151515152
13,14,60,0.0,-0.35,0.35
13,15,54,0.3333333333333333,0.3333333333333333,0.0
13,16,71,0.4507042253521127,0.4507042253521127,0.0
13,17,60,0.3,0.26666666666666666,0.016666666666666663
14,0,51,0.0,-0.49019607843137253,0.49019607843137253
14,1,45,0.0,-0.5555555555555556,0.7111111111111111
14,2,51,0.0,0.0,0.13725490196078433
14,3,54,0.0,-0.37037037037037035,0.37037037037037035
14,4,49,0.0,0.0,0.7551020408163265
14,5,53,0.0,-0.018867924528301886,0.16981132075471697
14,6,52,0.0,-0.057692307692307696,0.36538461538461536
14,7,58,0.0,0.0,0.06896551724137931
14,8,62,0.0,0.0,0.3709677419354839
14,9,66,0.3787878787878788,0.3787878787878788,0.0
14,10,71,0.028169014084507043,0.014084507042253521,0.0
14,11,68,0.058823529411764705,0.029411764705882353,0.01470588235294118
14,12,54,0.0,0.0,0.09259259259259259
14,13,66,0.030303030303030304,0.030303030303030304,0.0
14,14,60,0.0,-0.35,0.35
14,15,54,0.14814814814814814,0.14814814814814814,0.18518518518518517
14,16,71,0.22535211267605634,0.22535211267605634,0.22535211267605634
14,17,60,0.31666666666666665,0.2833333333333333,0.0
15,0,51,0.0,-0.49019607843137253,0.49019607843137253
15,1,45,0.0,-0.5555555555555556,0.7111111111111111
15,2,51,0.0,0.0,0.13725490196078433
15,3,54,0.0,-0.37037037037037035,0.37037037037037035
15,4,49,0.0,0.0,0.7551020408163265
15,5,53,0.0,-0.018867924528301886,0.16981132075471697
15,6,52,0.0,-0.057692307692307696,0.36538461538461536
15,7,58,0.0,0.0,0.06896551724137931
15,8,62,0.0,0.0,0.3709677419354839
15,9,66,0.09090909090909091,0.09090909090909091,0.28787878787878785
15,10,71,0.0,-0.014084507042253521,0.028169014084507043
15,11,68,0.04411764705882353,0.01470588235294118,0.029411764705882353
15,12,54,0.018518518518518517,0.018518518518518517,0.07407407407407407
15,13,66,0.015151515151515152,0.015151515151515152,0.015151515151515152
15,14,60,0.08333333333333333,-0.26666666666666666,0.26666666666666666
15,15,54,0.5,0.5,0.0
15,16,71,0.5633802816901409,0.5633802816901409,0.0
15,17,60,0.3333333333333333,0.3,0.0
16,0,51,0.0,-0.49019607843137253,0.49019607843137253
16,1,45,0.0,-0.5555555555555556,0.7111111111111111
16,2,51,0.0,0.0,0.13725490196078433
16,3,54,0.0,-0.37037037037037035,0.37037037037037035
16,4,49,0.0,0.0,0.7551020408163265
16,5,53,0.0,-0.018867924528301886,0.16981132075471697
16,6,52,0.0,-0.057692307692307696,0.36538461538461536
16,7,58,0.0,0.0,0.06896551724137931
16,8,62,0.0,0.0,0.3709677419354839
16,9,66,0.696969696969697,0.696969696969697,0.0
16,10,71,0.014084507042253521,0.0,0.014084507042253521
16,11,68,0.11764705882352941,0.08823529411764705,0.0
16,12,54,0.018518518518518517,0.018518518518518517,0.07407407407407407
16,13,66,0.07575757575757576,0.07575757575757576,0.0
16,14,60,0.08333333333333333,-0.26666666666666666,0.26666666666666666
16,15,54,0.2037037037037037,0.2037037037037037,0.2962962962962963
16,16,71,0.22535211267605634,0.22535211267605634,0.3380281690140845
16,17,60,0.06666666666666667,0.03333333333333333,0.26666666666666666
17,0,51,0.0,-0.49019607843137253,0.49019607843137253
17,1,45,0.0,-0.5555555555555556,0.7111111111111111
17,2,51,0.0,0.0,0.13725490196078433
17,3,54,0.0,-0.37037037037037035,0.37037037037037035
17,4,49,0.0,0.0,0.7551020408163265
17,5,53,0.0,-0.018867924528301886,0.16981132075471697
17,6,52,0.0,-0.057692307692307696,0.36538461538461536
17,7,58,0.0,0.0,0.06896551724137931
17,8,62,0.0,0.0,0.3709677419354839
17,9,66,0.15151515151515152,0.15151515151515152,0.5454545454545455
17,10,71,0.028169014084507043,0.014084507042253521,0.0
17,11,68,0.029411764705882353,0.0,0.08823529411764705
17,12,54,0.16666666666666666,0.16666666666666666,0.0
17,13,66,0.06060606060606061,0.06060606060606061,0.015151515151515152
17,14,60,0.13333333333333333,-0.21666666666666665,0.21666666666666665
17,15,54,0.5740740740740741,0.5740740740740741,0.0
17,16,71,0.5633802816901409,0.5633802816901409,0.0
17,17,60,0.2833333333333333,0.25,0.04999999999999999
18,0,51,0.0,-0.49019607843137253,0.49019607843137253
18,1,45,0.0,-0.5555555555555556,0.7111111111111111
18,2,51,0.0,0.0,0.13725490196078433
18,3,54,0.0,-0.37037037037037035,0.37037037037037035
18,4,49,0.0,0.0,0.7551020408163265
18,5,53,0.0,-0.018867924528301886,0.16981132075471697
18,6,52,0.0,-0.057692307692307696,0.36538461538461536
18,7,58,0.0,0.0,0.06896551724137931
18,8,62,0.0,0.0,0.3709677419354839
18,9,66,0.7121212121212122,0.7121212121212122,0.0
18,10,71,0.014084507042253521,0.0,0.014084507042253521
18,11,68,0.11764705882352941,0.08823529411764705,0.0
18,12,54,0.018518518518518517,0.018518518518518517,0.14814814814814814
18,13,66,0.030303030303030304,0.030303030303030304,0.045454545454545456
18,14,60,0.1,-0.24999999999999997,0.24999999999999997
18,15,54,0.4074074074074074,0.4074074074074074,0.16666666666666669
18,16,71,0.18309859154929578,0.18309859154929578,0.3802816901408451
18,17,60,0.11666666666666667,0.08333333333333334,0.21666666666666665
19,0,51,0.0,-0.49019607843137253,0.49019607843137253
19,1,45,0.0,-0.5555555555555556,0.7111111111111111
19,2,51,0.0,0.0,0.13725490196078433
19,3,54,0.0,-0.37037037037037035,0.37037037037037035
19,4,49,0.0,0.0,0.7551020408163265
19,5,53,0.0,-0.018867924528301886,0.16981132075471697
19,6,52,0.0,-0.057692307692307696,0.36538461538461536
19,7,58,0.0,0.0,0.06896551724137931
19,8,62,0.0,0.0,0.3709677419354839
19,9,66,0.22727272727272727,0.22727272727272727,0.48484848484848486
19,10,71,0.04225352112676056,0.02816901408450704,0.0
19,11,68,0.058823529411764705,0.029411764705882353,0.058823529411764705
19,12,54,0.2962962962962963,0.2962962962962963,0.0
19,13,66,0.15151515151515152,0.15151515151515152,0.0
19,14,60,0.16666666666666666,-0.18333333333333332,0.18333333333333332
19,15,54,0.46296296296296297,0.46296296296296297,0.1111111111111111
19,16,71,0.4084507042253521,0.4084507042253521,0.15492957746478875
19,17,60,0.23333333333333334,0.2,0.09999999999999998
20,0,51,0.0,-0.49019607843137253,0.49019607843137253
20,1,45,0.0,-0.5555555555555556,0.7111111111111111
20,2,51,0.0,0.0,0.13725490196078433
20,3,54,0.0,-0.37037037037037035,0.37037037037037035
20,4,49,0.0,0.0,0.7551020408163265
20,5,53,0.0,-0.018867924528301886,0.16981132075471697
20,6,52,0.0,-0.057692307692307696,0.36538461538461536
20,7,58,0.0,0.0,0.06896551724137931
20,8,62,0.0,0.0,0.3709677419354839
20,9,66,0.7272727272727273,0.7272727272727273,0.0
20,10,71,0.014084507042253521,0.0,0.02816901408450704
20,11,68,0.10294117647058823,0.07352941176470587,0.01470588235294118
20,12,54,0.05555555555555555,0.05555555555555555,0.24074074074074073
20,13,66,0.06060606060606061,0.06060606060606061,0.09090909090909091
20,14,60,0.06666666666666667,-0.2833333333333333,0.2833333333333333
20,15,54,0.4444444444444444,0.4444444444444444,0.12962962962962965
20,16,71,0.19718309859154928,0.19718309859154928,0.3661971830985916
20,17,60,0.11666666666666667,0.08333333333333334,0.21666666666666665
21,0,51,0.0,-0.49019607843137253,0.49019607843137253
21,1,45,0.0,-0.5555555555555556,0.7111111111111111
21,2,51,0.0,0.0,0.13725490196078433
21,3,54,0.0,-0.37037037037037035,0.37037037037037035
21,4,49,0.0,0.0,0.7551020408163265
21,5,53,0.11320754716981132,0.09433962264150944,0.05660377358490565
21,6,52,0.0,-0.057692307692307696,0.36538461538461536
21,7,58,0.0,0.0,0.06896551724137931
21,8,62,0.0,0.0,0.3709677419354839
21,9,66,0.0,0.0,0.7272727272727273
21,10,71,0.0,-0.014084507042253521,0.04225352112676056
21,11,68,0.0,-0.029411764705882353,0.11764705882352941
21,12,54,0.0,0.0,0.2962962962962963
21,13,66,0.0,0.0,0.15151515151515152
21,14,60,0.0,-0.35,0.35
21,15,54,0.018518518518518517,0.018518518518518517,0.5555555555555556
21,16,71,0.0,0.0,0.5633802816901409
21,17,60,0.0,-0.03333333333333333,0.3333333333333333
21,18,66,0.5,,
21,19,52,0.0,,
21,20,92,0.0,,
21,21,55,0.0,,
21,22,57,0.19298245614035087,,
21,23,46,0.6086956521739131,,
21,24,48,0.0,,
21,25,81,0.0,,
21,26,73,0.0,,
22,0,51,0.0,-0.49019607843137253,0.49019607843137253
22,1,45,0.0,-0.5555555555555556,0.7111111111111111
22,2,51,0.0,0.0,0.13725490196078433
22,3,54,0.0,-0.37037037037037035,0.37037037037037035
22,4,49,0.0,0.0,0.7551020408163265
22,5,53,0.0,-0.018867924528301886,0.16981132075471697
22,6,52,0.0,-0.057692307692307696,0.36538461538461536
22,7,58,0.0,0.0,0.06896551724137931
22,8,62,0.0,0.0,0.3709677419354839
22,9,66,0.0,0.0,0.7272727272727273
22,10,71,0.0,-0.014084507042253521,0.04225352112676056
22,11,68,0.0,-0.029411764705882353,0.11764705882352941
22,12,54,0.0,0.0,0.2962962962962963
22,13,66,0.0,0.0,0.15151515151515152
22,14,60,0.0,-0.35,0.35
22,15,54,0.0,0.0,0.5740740740740741
22,16,71,0.0,0.0,0.5633802816901409
22,17,60,0.0,-0.03333333333333333,0.3333333333333333
22,18,66,0.045454545454545456,-0.45454545454545453,0.45454545454545453
22,19,52,0.46153846153846156,0.46153846153846156,0.0
22,20,92,0.41304347826086957,0.41304347826086957,0.0
22,21,55,0.01818181818181818,0.01818181818181818,0.0
22,22,57,0.0,-0.19298245614035087,0.19298245614035087
22,23,46,0.06521739130434782,-0.5434782608695653,0.5434782608695653
22,24,48,0.5416666666666666,0.5416666666666666,0.0
22,25,81,0.13580246913580246,0.13580246913580246,0.0
22,26,73,0.0958904109589041,0.0958904109589041,0.0
23,0,51,0.0,-0.49019607843137253,0.49019607843137253
23,1,45,0.0,-0.5555555555555556,0.7111111111111111
23,2,51,0.0,0.0,0.13725490196078433
23,3,54,0.0,-0.37037037037037035,0.37037037037037035
23,4,49,0.0,0.0,0.7551020408163265
23,5,53,0.0,-0.018867924528301886,0.16981132075471697
23,6,52,0.0,-0.057692307692307696,0.36538461538461536
23,7,58,0.0,0.0,0.06896551724137931
23,8,62,0.0,0.0,0.3709677419354839
23,9,66,0.0,0.0,0.7272727272727273
23,10,71,0.0,-0.014084507042253521,0.04225352112676056
23,11,68,0.0,-0.029411764705882353,0.11764705882352941
23,12,54,0.0,0.0,0.2962962962962963
23,13,66,0.0,0.0,0.15151515151515152
23,14,60,0.0,-0.35,0.35
23,15,54,0.0,0.0,0.5740740740740741
23,16,71,0.0,0.0,0.5633802816901409
23,17,60,0.0,-0.03333333333333333,0.3333333333333333
23,18,66,0.9090909090909091,0.40909090909090906,0.0
23,19,52,0.019230769230769232,0.019230769230769232,0.44230769230769235
23,20,92,0.0,0.0,0.41304347826086957
23,21,55,0.0,0.0,0.01818181818181818
23,22,57,0.2631578947368421,0.07017543859649122,0.0
23,23,46,0.5,-0.10869565217391308,0.10869565217391308
23,24,48,0.14583333333333334,0.14583333333333334,0.39583333333333326
23,25,81,0.3333333333333333,0.3333333333333333,0.0
23,26,73,0.0,0.0,0.0958904109589041
24,0,51,0.0,-0.49019607843137253,0.49019607843137253
24,1,45,0.0,-0.5555555555555556,0.7111111111111111
24,2,51,0.0,0.0,0.13725490196078433
24,3,54,0.0,-0.37037037037037035,0.37037037037037035
24,4,49,0.0,0.0,0.7551020408163265
24,5,53,0.0,-0.018867924528301886,0.16981132075471697
24,6,52,0.0,-0.057692307692307696,0.36538461538461536
24,7,58,0.0,0.0,0.06896551724137931
24,8,62,0.0,0.0,0.3709677419354839
24,9,66,0.0,0.0,0.7272727272727273
24,10,71,0.0,-0.014084507042253521,0.04225352112676056
24,11,68,0.0,-0.029411764705882353,0.11764705882352941
24,12,54,0.0,0.0,0.2962962962962963
24,13,66,0.0,0.0,0.15151515151515152
24,14,60,0.0,-0.35,0.35
24,15,54,0.0,0.0,0.5740740740740741
24,16,71,0.0,0.0,0.5633802816901409
24,17,60,0.0,-0.03333333333333333,0.3333333333333333
24,18,66,0.4090909090909091,-0.09090909090909088,0.49999999999999994
24,19,52,0.4423076923076923,0.4423076923076923,0.019230769230769273
24,20,92,0.3804347826086957,0.3804347826086957,0.03260869565217389
24,21,55,0.07272727272727272,0.07272727272727272,0.0
24,22,57,0.0,-0.19298245614035087,0.2631578947368421
24,23,46,0.1956521739130435,-0.4130434782608696,0.4130434782608696
24,24,48,0.4583333333333333,0.4583333333333333,0.08333333333333331
24,25,81,0.345679012345679,0.345679012345679,0.0
24,26,73,0.1506849315068493,0.1506849315068493,0.0
25,0,51,0.0,-0.49019607843137253,0.49019607843137253
25,1,45,0.0,-0.5555555555555556,0.7111111111111111
25,2,51,0.0,0.0,0.13725490196078433
25,3,54,0.0,-0.37037037037037035,0.37037037037037035
25,4,49,0.0,0.0,0.7551020408163265
25,5,53,0.0,-0.018867924528301886,0.16981132075471697
25,6,52,0.0,-0.057692307692307696,0.36538461538461536
25,7,58,0.0,0.0,0.06896551724137931
25,8,62,0.0,0.0,0.3709677419354839
25,9,66,0.0,0.0,0.7272727272727273
25,10,71,0.0,-0.014084507042253521,0.04225352112676056
25,11,68,0.0,-0.029411764705882353,0.11764705882352941
25,12,54,0.0,0.0,0.2962962962962963
25,13,66,0.0,0.0,0.15151515151515152
25,14,60,0.0,-0.35,0.35
25,15,54,0.0,0.0,0.5740740740740741
25,16,71,0.0,0.0,0.5633802816901409
25,17,60,0.0,-0.03333333333333333,0.3333333333333333
25,18,66,0.9090909090909091,0.40909090909090906,0.0
25,19,52,0.038461538461538464,0.038461538461538464,0.42307692307692313
25,20,92,0.043478260869565216,0.043478260869565216,0.3695652173913043
25,21,55,0.05454545454545454,0.05454545454545454,0.01818181818181818
25,22,57,0.10526315789473684,-0.08771929824561403,0.15789473684210525
25,23,46,0.4782608695652174,-0.13043478260869568,0.13043478260869568
25,24,48,0.3333333333333333,0.3333333333333333,0.20833333333333331
25,25,81,0.48148148148148145,0.48148148148148145,0.0
25,26,73,0.0410958904109589,0.0410958904109589,0.1095890410958904
26,0,51,0.0,-0.49019607843137253,0.49019607843137253
26,1,45,0.0,-0.5555555555555556,0.7111111111111111
26,2,51,0.0,0.0,0.13725490196078433
26,3,54,0.0,-0.37037037037037035,0.37037037037037035
26,4,49,0.0,0.0,0.7551020408163265
26,5,53,0.0,-0.018867924528301886,0.16981132075471697
26,6,52,0.0,-0.057692307692307696,0.36538461538461536
26,7,58,0.0,0.0,0.06896551724137931
26,8,62,0.0,0.0,0.3709677419354839
26,9,66,0.0,0.0,0.7272727272727273
26,10,71,0.0,-0.014084507042253521,0.04225352112676056
26,11,68,0.0,-0.029411764705882353,0.11764705882352941
26,12,54,0.0,0.0,0.2962962962962963
26,13,66,0.0,0.0,0.15151515151515152
26,14,60,0.0,-0.35,0.35
26,15,54,0.0,0.0,0.5740740740740741
26,16,71,0.0,0.0,0.5633802816901409
26,17,60,0.0,-0.03333333333333333,0.3333333333333333
26,18,66,0.6666666666666666,0.16666666666666663,0.24242424242424243
26,19,52,0.23076923076923078,0.23076923076923078,0.23076923076923078
26,20,92,0.2391304347826087,0.2391304347826087,0.17391304347826086
26,21,55,0.10909090909090909,0.10909090909090909,0.0
26,22,57,0.03508771929824561,-0.15789473684210525,0.22807017543859648
26,23,46,0.391304347826087,-0.2173913043478261,0.2173913043478261
26,24,48,0.4375,0.4375,0.10416666666666663
26,25,81,0.35802469135802467,0.35802469135802467,0.12345679012345678
26,26,73,0.136986301369863,0.136986301369863,0.0136986301369863
27,0,51,0.0,-0.49019607843137253,0.49019607843137253
27,1,45,0.0,-0.5555555555555556,0.7111111111111111
27,2,51,0.0,0.0,0.13725490196078433
27,3,54,0.0,-0.37037037037037035,0.37037037037037035
27,4,49,0.0,0.0,0.7551020408163265
27,5,53,0.0,-0.018867924528301886,0.16981132075471697
27,6,52,0.0,-0.057692307692307696,0.36538461538461536
27,7,58,0.0,0.0,0.06896551724137931
27,8,62,0.0,0.0,0.3709677419354839
27,9,66,0.0,0.0,0.7272727272727273
27,10,71,0.0,-0.014084507042253521,0.04225352112676056
27,11,68,0.0,-0.029411764705882353,0.11764705882352941
27,12,54,0.0,0.0,0.2962962962962963
27,13,66,0.0,0.0,0.15151515151515152
27,14,60,0.0,-0.35,0.35
27,15,54,0.0,0.0,0.5740740740740741
27,16,71,0.0,0.0,0.5633802816901409
27,17,60,0.0,-0.03333333333333333,0.3333333333333333
27,18,66,0.7575757575757576,0.25757575757575757,0.1515151515151515
27,19,52,0.17307692307692307,0.17307692307692307,0.2884615384615385
27,20,92,0.16304347826086957,0.16304347826086957,0.25
27,21,55,0.05454545454545454,0.05454545454545454,0.05454545454545454
27,22,57,0.12280701754385964,-0.07017543859649122,0.14035087719298245
27,23,46,0.5,-0.10869565217391308,0.10869565217391308
27,24,48,0.3958333333333333,0.3958333333333333,0.14583333333333331
27,25,81,0.4074074074074074,0.4074074074074074,0.07407407407407407
27,26,73,0.0958904109589041,0.0958904109589041,0.0547945205479452
28,0,51,0.0,-0.49019607843137253,0.49019607843137253
28,1,45,0.0,-0.5555555555555556,0.7111111111111111
28,2,51,0.0,0.0,0.13725490196078433
28,3,54,0.0,-0.37037037037037035,0.37037037037037035
28,4,49,0.0,0.0,0.7551020408163265
28,5,53,0.0,-0.018867924528301886,0.16981132075471697
28,6,52,0.0,-0.057692307692307696,0.36538461538461536
28,7,58,0.0,0.0,0.06896551724137931
28,8,62,0.0,0.0,0.3709677419354839
28,9,66,0.0,0.0,0.7272727272727273
28,10,71,0.0,-0.014084507042253521,0.04225352112676056
28,11,68,0.0,-0.029411764705882353,0.11764705882352941
28,12,54,0.0,0.0,0.2962962962962963
28,13,66,0.0,0.0,0.15151515151515152
28,14,60,0.0,-0.35,0.35
28,15,54,0.0,0.0,0.5740740740740741
28,16,71,0.0,0.0,0.5633802816901409
28,17,60,0.0,-0.03333333333333333,0.3333333333333333
28,18,66,0.6515151515151515,0.1515151515151515,0.25757575757575757
28,19,52,0.25,0.25,0.21153846153846156
28,20,92,0.25,0.25,0.16304347826086957
28,21,55,0.09090909090909091,0.09090909090909091,0.018181818181818174
28,22,57,0.017543859649122806,-0.17543859649122806,0.24561403508771928
28,23,46,0.3695652173913043,-0.23913043478260876,0.23913043478260876
28,24,48,0.4166666666666667,0.4166666666666667,0.12499999999999994
28,25,81,0.41975308641975306,0.41975308641975306,0.06172839506172839
28,26,73,0.1506849315068493,0.1506849315068493,0.0
29,0,51,0.0,-0.49019607843137253,0.49019607843137253
29,1,45,0.0,-0.5555555555555556,0.7111111111111111
29,2,51,0.0,0.0,0.13725490196078433
29,3,54,0.0,-0.37037037037037035,0.37037037037037035
29,4,49,0.0,0.0,0.7551020408163265
29,5,53,0.0,-0.018867924528301886,0.16981132075471697
29,6,52,0.0,-0.057692307692307696,0.36538461538461536
29,7,58,0.0,0.0,0.06896551724137931
29,8,62,0.0,0.0,0.3709677419354839
29,9,66,0.0,0.0,0.7272727272727273
29,10,71,0.0,-0.014084507042253521,0.04225352112676056
29,11,68,0.0,-0.029411764705882353,0.11764705882352941
29,12,54,0.0,0.0,0.2962962962962963
29,13,66,0.0,0.0,0.15151515151515152
29,14,60,0.0,-0.35,0.35
29,15,54,0.0,0.0,0.5740740740740741
29,16,71,0.0,0.0,0.5633802816901409
29,17,60,0.0,-0.03333333333333333,0.3333333333333333
29,18,66,0.7424242424242424,0.24242424242424243,0.16666666666666663
29,19,52,0.25,0.25,0.21153846153846156
29,20,92,0.18478260869565216,0.18478260869565216,0.2282608695652174
29,21,55,0.09090909090909091,0.09090909090909091,0.018181818181818174
29,22,57,0.19298245614035087,0.0,0.07017543859649122
29,23,46,0.4782608695652174,-0.13043478260869568,0.13043478260869568
29,24,48,0.3958333333333333,0.3958333333333333,0.14583333333333331
29,25,81,0.35802469135802467,0.35802469135802467,0.12345679012345678
29,26,73,0.1095890410958904,0.1095890410958904,0.0410958904109589
30,0,51,0.0,-0.49019607843137253,0.49019607843137253
30,1,45,0.0,-0.5555555555555556,0.7111111111111111
30,2,51,0.0,0.0,0.13725490196078433
30,3,54,0.0,-0.37037037037037035,0.37037037037037035
30,4,49,0.0,0.0,0.7551020408163265
30,5,53,0.0,-0.018867924528301886,0.16981132075471697
30,6,52,0.0,-0.057692307692307696,0.36538461538461536
30,7,58,0.0,0.0,0.06896551724137931
30,8,62,0.0,0.0,0.3709677419354839
30,9,66,0.0,0.0,0.7272727272727273
30,10,71,0.0,-0.014084507042253521,0.04225352112676056
30,11,68,0.0,-0.029411764705882353,0.11764705882352941
30,12,54,0.0,0.0,0.2962962962962963
30,13,66,0.0,0.0,0.15151515151515152
30,14,60,0.0,-0.35,0.35
30,15,54,0.0,0.0,0.5740740740740741
30,16,71,0.0,0.0,0.5633802816901409
30,17,60,0.0,-0.03333333333333333,0.3333333333333333
30,18,66,0.5,0.0,0.40909090909090906
30,19,52,0.28846153846153844,0.28846153846153844,0.17307692307692313
30,20,92,0.25,0.25,0.16304347826086957
30,21,55,0.09090909090909091,0.09090909090909091,0.018181818181818174
30,22,57,0.017543859649122806,-0.17543859649122806,0.24561403508771928
30,23,46,0.30434782608695654,-0.30434782608695654,0.30434782608695654
30,24,48,0.375,0.375,0.16666666666666663
30,25,81,0.6049382716049383,0.6049382716049383,0.0
30,26,73,0.136986301369863,0.136986301369863,0.0136986301369863
31,0,51,0.0,-0.49019607843137253,0.49019607843137253
31,1,45,0.0,-0.5555555555555556,0.7111111111111111
31,2,51,0.0,0.0,0.13725490196078433
31,3,54,0.0,-0.37037037037037035,0.37037037037037035
31,4,49,0.0,0.0,0.7551020408163265
31,5,53,0.0,-0.018867924528301886,0.16981132075471697
31,6,52,0.0,-0.057692307692307696,0.36538461538461536
31,7,58,0.0,0.0,0.06896551724137931
31,8,62,0.0,0.0,0.3709677419354839
31,9,66,0.0,0.0,0.7272727272727273
31,10,71,0.0,-0.014084507042253521,0.04225352112676056
31,11,68,0.0,-0.029411764705882353,0.11764705882352941
31,12,54,0.0,0.0,0.2962962962962963
31,13,66,0.0,0.0,0.15151515151515152
31,14,60,0.0,-0.35,0.35
31,15,54,0.0,0.0,0.5740740740740741
31,16,71,0.0,0.0,0.5633802816901409
31,17,60,0.0,-0.03333333333333333,0.3333333333333333
31,18,66,0.7727272727272727,0.2727272727272727,0.13636363636363635
31,19,52,0.23076923076923078,0.23076923076923078,0.23076923076923078
31,20,92,0.2391304347826087,0.2391304347826087,0.17391304347826086
31,21,55,0.14545454545454545,0.14545454545454545,0.0
31,22,57,0.19298245614035087,0.0,0.07017543859649122
31,23,46,0.43478260869565216,-0.17391304347826092,0.17391304347826092
31,24,48,0.3541666666666667,0.3541666666666667,0.18749999999999994
31,25,81,0.4074074074074074,0.4074074074074074,0.1975308641975309
31,26,73,0.0821917808219178,0.0821917808219178,0.0684931506849315
32,0,51,0.0,-0.49019607843137253,0.49019607843137253
32,1,45,0.0,-0.5555555555555556,0.7111111111111111
32,2,51,0.0,0.0,0.13725490196078433
32,3,54,0.0,-0.37037037037037035,0.37037037037037035
32,4,49,0.0,0.0,0.7551020408163265
32,5,53,0.0,-0.018867924528301886,0.16981132075471697
32,6,52,0.0,-0.057692307692307696,0.36538461538461536
32,7,58,0.0,0.0,0.06896551724137931
32,8,62,0.0,0.0,0.3709677419354839
32,9,66,0.0,0.0,0.7272727272727273
32,10,71,0.0,-0.014084507042253521,0.04225352112676056
32,11,68,0.0,-0.029411764705882353,0.11764705882352941
32,12,54,0.0,0.0,0.2962962962962963
32,13,66,0.0,0.0,0.15151515151515152
32,14,60,0.0,-0.35,0.35
32,15,54,0.0,0.0,0.5740740740740741
32,16,71,0.0,0.0,0.5633802816901409
32,17,60,0.0,-0.03333333333333333,0.3333333333333333
32,18,66,0.5303030303030303,0.030303030303030276,0.3787878787878788
32,19,52,0.28846153846153844,0.28846153846153844,0.17307692307692313
32,20,92,0.25,0.25,0.16304347826086957
32,21,55,0.14545454545454545,0.14545454545454545,0.0
32,22,57,0.05263157894736842,-0.14035087719298245,0.21052631578947367
32,23,46,0.2826086956521739,-0.3260869565217392,0.3260869565217392
32,24,48,0.3541666666666667,0.3541666666666667,0.18749999999999994
32,25,81,0.6049382716049383,0.6049382716049383,0.0
32,26,73,0.0821917808219178,0.0821917808219178,0.0684931506849315
33,0,51,0.0,-0.49019607843137253,0.49019607843137253
33,1,45,0.0,-0.5555555555555556,0.7111111111111111
33,2,51,0.0,0.0,0.13725490196078433
33,3,54,0.0,-0.37037037037037035,0.37037037037037035
33,4,49,0.0,0.0,0.7551020408163265
33,5,53,0.0,-0.018867924528301886,0.16981132075471697
33,6,52,0.0,-0.057692307692307696,0.36538461538461536
33,7,58,0.0,0.0,0.06896551724137931
33,8,62,0.0,0.0,0.3709677419354839
33,9,66,0.0,0.0,0.7272727272727273
33,10,71,0.0,-0.014084507042253521,0.04225352112676056
33,11,68,0.0,-0.029411764705882353,0.11764705882352941
33,12,54,0.0,0.0,0.2962962962962963
33,13,66,0.0,0.0,0.15151515151515152
33,14,60,0.0,-0.35,0.35
33,15,54,0.0,0.0,0.5740740740740741
33,16,71,0.0,0.0,0.5633802816901409
33,17,60,0.0,-0.03333333333333333,0.3333333333333333
33,18,66,0.7878787878787878,0.28787878787878785,0.12121212121212122
33,19,52,0.23076923076923078,0.23076923076923078,0.23076923076923078
33,20,92,0.20652173913043478,0.20652173913043478,0.20652173913043478
33,21,55,0.3090909090909091,0.3090909090909091,0.0
33,22,57,0.24561403508771928,0.05263157894736842,0.017543859649122806
33,23,46,0.45652173913043476,-0.15217391304347833,0.15217391304347833
33,24,48,0.3541666666666667,0.3541666666666667,0.18749999999999994
33,25,81,0.3950617283950617,0.3950617283950617,0.2098765432098766
33,26,73,0.0410958904109589,0.0410958904109589,0.1095890410958904
34,0,51,0.0,-0.49019607843137253,0.49019607843137253
34,1,45,0.0,-0.5555555555555556,0.7111111111111111
34,2,51,0.0,0.0,0.13725490196078433
34,3,54,0.0,-0.37037037037037035,0.37037037037037035
34,4,49,0.0,0.0,0.7551020408163265
34,5,53,0.0,-0.018867924528301886,0.16981132075471697
34,6,52,0.0,-0.057692307692307696,0.36538461538461536
34,7,58,0.0,0.0,0.06896551724137931
34,8,62,0.0,0.0,0.3709677419354839
34,9,66,0.0,0.0,0.7272727272727273
34,10,71,0.0,-0.014084507042253521,0.04225352112676056
34,11,68,0.0,-0.029411764705882353,0.11764705882352941
34,12,54,0.0,0.0,0.2962962962962963
34,13,66,0.0,0.0,0.15151515151515152
34,14,60,0.0,-0.35,0.35
34,15,54,0.0,0.0,0.5740740740740741
34,16,71,0.0,0.0,0.5633802816901409
34,17,60,0.0,-0.03333333333333333,0.3333333333333333
34,18,66,0.5606060606060606,0.06060606060606055,0.3484848484848485
34,19,52,0.3076923076923077,0.3076923076923077,0.15384615384615385
34,20,92,0.2717391304347826,0.2717391304347826,0.14130434782608697
34,21,55,0.12727272727272726,0.12727272727272726,0.18181818181818182
34,22,57,0.03508771929824561,-0.15789473684210525,0.22807017543859648
34,23,46,0.2826086956521739,-0.3260869565217392,0.3260869565217392
34,24,48,0.3541666666666667,0.3541666666666667,0.18749999999999994
34,25,81,0.5555555555555556,0.5555555555555556,0.04938271604938271
34,26,73,0.1643835616438356,0.1643835616438356,0.0
35,0,51,0.0,-0.49019607843137253,0.49019607843137253
35,1,45,0.0,-0.5555555555555556,0.7111111111111111
35,2,51,0.0,0.0,0.13725490196078433
35,3,54,0.0,-0.37037037037037035,0.37037037037037035
35,4,49,0.0,0.0,0.7551020408163265
35,5,53,0.0,-0.018867924528301886,0.16981132075471697
35,6,52,0.0,-0.057692307692307696,0.36538461538461536
35,7,58,0.0,0.0,0.06896551724137931
35,8,62,0.0,0.0,0.3709677419354839
35,9,66,0.0,0.0,0.7272727272727273
35,10,71,0.0,-0.014084507042253521,0.04225352112676056
35,11,68,0.0,-0.029411764705882353,0.11764705882352941
35,12,54,0.0,0.0,0.2962962962962963
35,13,66,0.0,0.0,0.15151515151515152
35,14,60,0.0,-0.35,0.35
35,15,54,0.0,0.0,0.5740740740740741
35,16,71,0.0,0.0,0.5633802816901409
35,17,60,0.0,-0.03333333333333333,0.3333333333333333
35,18,66,0.7424242424242424,0.24242424242424243,0.16666666666666663
35,19,52,0.25,0.25,0.21153846153846156
35,20,92,0.18478260869565216,0.18478260869565216,0.2282608695652174
35,21,55,0.32727272727272727,0.32727272727272727,0.0
35,22,57,0.2631578947368421,0.07017543859649122,0.0
35,23,46,0.43478260869565216,-0.17391304347826092,0.17391304347826092
35,24,48,0.3541666666666667,0.3541666666666667,0.18749999999999994
35,25,81,0.4074074074074074,0.4074074074074074,0.1975308641975309
35,26,73,0.0684931506849315,0.0684931506849315,0.0958904109589041
36,0,51,0.0,-0.49019607843137253,0.49019607843137253
36,1,45,0.0,-0.5555555555555556,0.7111111111111111
36,2,51,0.0,0.0,0.13725490196078433
36,3,54,0.0,-0.37037037037037035,0.37037037037037035
36,4,49,0.0,0.0,0.7551020408163265
36,5,53,0.0,-0.018867924528301886,0.16981132075471697
36,6,52,0.0,-0.057692307692307696,0.36538461538461536
36,7,58,0.0,0.0,0.06896551724137931
36,8,62,0.0,0.0,0.3709677419354839
36,9,66,0.0,0.0,0.7272727272727273
36,10,71,0.0,-0.014084507042253521,0.04225352112676056
36,11,68,0.0,-0.029411764705882353,0.11764705882352941
36,12,54,0.0,0.0,0.2962962962962963
36,13,66,0.0,0.0,0.15151515151515152
36,14,60,0.0,-0.35,0.35
36,15,54,0.0,0.0,0.5740740740740741
36,16,71,0.0,0.0,0.5633802816901409
36,17,60,0.0,-0.03333333333333333,0.3333333333333333
36,18,66,0.5303030303030303,0.030303030303030276,0.3787878787878788
36,19,52,0.3076923076923077,0.3076923076923077,0.15384615384615385
36,20,92,0.21739130434782608,0.21739130434782608,0.1956521739130435
36,21,55,0.38181818181818183,0.38181818181818183,0.0
36,22,57,0.05263157894736842,-0.14035087719298245,0.21052631578947367
36,23,46,0.30434782608695654,-0.30434782608695654,0.30434782608695654
36,24,48,0.3333333333333333,0.3333333333333333,0.20833333333333331
36,25,81,0.5185185185185185,0.5185185185185185,0.0864197530864198
36,26,73,0.2191780821917808,0.2191780821917808,0.0
37,0,51,0.0,-0.49019607843137253,0.49019607843137253
37,1,45,0.0,-0.5555555555555556,0.7111111111111111
37,2,51,0.0,0.0,0.13725490196078433
37,3,54,0.0,-0.37037037037037035,0.37037037037037035
37,4,49,0.0,0.0,0.7551020408163265
37,5,53,0.0,-0.018867924528301886,0.16981132075471697
37,6,52,0.0,-0.057692307692307696,0.36538461538461536
37,7,58,0.0,0.0,0.06896551724137931
37,8,62,0.0,0.0,0.3709677419354839
37,9,66,0.0,0.0,0.7272727272727273
37,10,71,0.0,-0.014084507042253521,0.04225352112676056
37,11,68,0.0,-0.029411764705882353,0.11764705882352941
37,12,54,0.0,0.0,0.2962962962962963
37,13,66,0.0,0.0,0.15151515151515152
37,14,60,0.0,-0.35,0.35
37,15,54,0.0,0.0,0.5740740740740741
37,16,71,0.0,0.0,0.5633802816901409
37,17,60,0.0,-0.03333333333333333,0.3333333333333333
37,18,66,0.7272727272727273,0.2272727272727273,0.18181818181818177
37,19,52,0.3076923076923077,0.3076923076923077,0.15384615384615385
37,20,92,0.16304347826086957,0.16304347826086957,0.25
37,21,55,0.32727272727272727,0.32727272727272727,0.054545454545454564
37,22,57,0.2631578947368421,0.07017543859649122,0.0
37,23,46,0.43478260869565216,-0.17391304347826092,0.17391304347826092
37,24,48,0.3541666666666667,0.3541666666666667,0.18749999999999994
37,25,81,0.38271604938271603,0.38271604938271603,0.22222222222222227
37,26,73,0.1095890410958904,0.1095890410958904,0.1095890410958904
38,0,51,0.0,-0.49019607843137253,0.49019607843137253
38,1,45,0.0,-0.5555555555555556,0.7111111111111111
38,2,51,0.0,0.0,0.13725490196078433
38,3,54,0.0,-0.37037037037037035,0.37037037037037035
38,4,49,0.0,0.0,0.7551020408163265
38,5,53,0.0,-0.018867924528301886,0.16981132075471697
38,6,52,0.0,-0.057692307692307696,0.36538461538461536
38,7,58,0.0,0.0,0.06896551724137931
38,8,62,0.0,0.0,0.3709677419354839
38,9,66,0.0,0.0,0.7272727272727273
38,10,71,0.0,-0.014084507042253521,0.04225352112676056
38,11,68,0.0,-0.029411764705882353,0.11764705882352941
38,12,54,0.0,0.0,0.2962962962962963
38,13,66,0.0,0.0,0.15151515151515152
38,14,60,0.0,-0.35,0.35
38,15,54,0.0,0.0,0.5740740740740741
38,16,71,0.0,0.0,0.5633802816901409
38,17,60,0.0,-0.03333333333333333,0.3333333333333333
38,18,66,0.5606060606060606,0.06060606060606055,0.3484848484848485
38,19,52,0.4423076923076923,0.4423076923076923,0.019230769230769273
38,20,92,0.17391304347826086,0.17391304347826086,0.2391304347826087
38,21,55,0.21818181818181817,0.21818181818181817,0.16363636363636366
38,22,57,0.017543859649122806,-0.17543859649122806,0.24561403508771928
38,23,46,0.2826086956521739,-0.3260869565217392,0.3260869565217392
38,24,48,0.20833333333333334,0.20833333333333334,0.33333333333333326
38,25,81,0.5308641975308642,0.5308641975308642,0.07407407407407407
38,26,73,0.2465753424657534,0.2465753424657534,0.0
39,0,51,0.0,-0.49019607843137253,0.49019607843137253
39,1,45,0.0,-0.5555555555555556,0.7111111111111111
39,2,51,0.0,0.0,0.13725490196078433
39,3,54,0.0,-0.37037037037037035,0.37037037037037035
39,4,49,0.0,0.0,0.7551020408163265
39,5,53,0.0,-0.018867924528301886,0.16981132075471697
39,6,52,0.0,-0.057692307692307696,0.36538461538461536
39,7,58,0.0,0.0,0.06896551724137931
39,8,62,0.0,0.0,0.3709677419354839
39,9,66,0.0,0.0,0.7272727272727273
39,10,71,0.0,-0.014084507042253521,0.04225352112676056
39,11,68,0.0,-0.029411764705882353,0.11764705882352941
39,12,54,0.0,0.0,0.2962962962962963
39,13,66,0.0,0.0,0.15151515151515152
39,14,60,0.0,-0.35,0.35
39,15,54,0.0,0.0,0.5740740740740741
39,16,71,0.0,0.0,0.5633802816901409
39,17,60,0.0,-0.03333333333333333,0.3333333333333333
39,18,66,0.7121212121212122,0.21212121212121215,0.1969696969696969
39,19,52,0.34615384615384615,0.34615384615384615,0.11538461538461542
39,20,92,0.14130434782608695,0.14130434782608695,0.2717391304347826
39,21,55,0.2727272727272727,0.2727272727272727,0.10909090909090913
39,22,57,0.2631578947368421,0.07017543859649122,0.0
39,23,46,0.391304347826087,-0.2173913043478261,0.2173913043478261
39,24,48,0.3541666666666667,0.3541666666666667,0.18749999999999994
39,25,81,0.43209876543209874,0.43209876543209874,0.17283950617283955
39,26,73,0.1506849315068493,0.1506849315068493,0.0958904109589041
40,0,51,0.0,-0.49019607843137253,0.49019607843137253
40,1,45,0.0,-0.5555555555555556,0.7111111111111111
40,2,51,0.0,0.0,0.13725490196078433
40,3,54,0.0,-0.37037037037037035,0.37037037037037035
40,4,49,0.0,0.0,0.7551020408163265
40,5,53,0.0,-0.018867924528301886,0.16981132075471697
40,6,52,0.0,-0.057692307692307696,0.36538461538461536
40,7,58,0.0,0.0,0.06896551724137931
40,8,62,0.0,0.0,0.3709677419354839
40,9,66,0.0,0.0,0.7272727272727273
40,10,71,0.0,-0.014084507042253521,0.04225352112676056
40,11,68,0.0,-0.029411764705882353,0.11764705882352941
40,12,54,0.0,0.0,0.2962962962962963
40,13,66,0.0,0.0,0.15151515151515152
40,14,60,0.0,-0.35,0.35
40,15,54,0.0,0.0,0.5740740740740741
40,16,71,0.0,0.0,0.5633802816901409
40,17,60,0.0,-0.03333333333333333,0.3333333333333333
40,18,66,0.6060606060606061,0.10606060606060608,0.303030303030303
40,19,52,0.46153846153846156,0.46153846153846156,0.0
40,20,92,0.16304347826086957,0.16304347826086957,0.25
40,21,55,0.09090909090909091,0.09090909090909091,0.2909090909090909
40,22,57,0.03508771929824561,-0.15789473684210525,0.22807017543859648
40,23,46,0.30434782608695654,-0.30434782608695654,0.30434782608695654
40,24,48,0.10416666666666667,0.10416666666666667,0.43749999999999994
40,25,81,0.5679012345679012,0.5679012345679012,0.03703703703703709
40,26,73,0.1643835616438356,0.1643835616438356,0.0821917808219178
41,0,51,0.0,-0.49019607843137253,0.49019607843137253
41,1,45,0.0,-0.5555555555555556,0.7111111111111111
41,2,51,0.0,0.0,0.13725490196078433
41,3,54,0.0,-0.37037037037037035,0.37037037037037035
41,4,49,0.0,0.0,0.7551020408163265
41,5,53,0.0,-0.018867924528301886,0.16981132075471697
41,6,52,0.0,-0.057692307692307696,0.36538461538461536
41,7,58,0.0,0.0,0.06896551724137931
41,8,62,0.0,0.0,0.3709677419354839
41,9,66,0.0,0.0,0.7272727272727273
41,10,71,0.0,-0.014084507042253521,0.04225352112676056
41,11,68,0.0,-0.029411764705882353,0.11764705882352941
41,12,54,0.0,0.0,0.2962962962962963
41,13,66,0.0,0.0,0.15151515151515152
41,14,60,0.0,-0.35,0.35
41,15,54,0.0,0.0,0.5740740740740741
41,16,71,0.0,0.0,0.5633802816901409
41,17,60,0.0,-0.03333333333333333,0.3333333333333333
41,18,66,0.696969696969697,0.19696969696969702,0.21212121212121204
41,19,52,0.4230769230769231,0.4230769230769231,0.03846153846153849
41,20,92,0.16304347826086957,0.16304347826086957,0.25
41,21,55,0.23636363636363636,0.23636363636363636,0.14545454545454548
41,22,57,0.2631578947368421,0.07017543859649122,0.0
41,23,46,0.32608695652173914,-0.28260869565217395,0.28260869565217395
41,24,48,0.3541666666666667,0.3541666666666667,0.18749999999999994
41,25,81,0.4444444444444444,0.4444444444444444,0.16049382716049387
41,26,73,0.0958904109589041,0.0958904109589041,0.1506849315068493
42,0,51,0.0,-0.49019607843137253,0.49019607843137253
42,1,45,0.0,-0.5555555555555556,0.7111111111111111
42,2,51,0.0,0.0,0.13725490196078433
42,3,54,0.0,-0.37037037037037035,0.37037037037037035
42,4,49,0.0,0.0,0.7551020408163265
42,5,53,0.0,-0.018867924528301886,0.16981132075471697
42,6,52,0.0,-0.057692307692307696,0.36538461538461536
42,7,58,0.0,0.0,0.06896551724137931
42,8,62,0.0,0.0,0.3709677419354839
42,9,66,0.0,0.0,0.7272727272727273
42,10,71,0.0,-0.014084507042253521,0.04225352112676056
42,11,68,0.0,-0.029411764705882353,0.11764705882352941
42,12,54,0.0,0.0,0.2962962962962963
42,13,66,0.0,0.0,0.15151515151515152
42,14,60,0.0,-0.35,0.35
42,15,54,0.0,0.0,0.5740740740740741
42,16,71,0.0,0.0,0.5633802816901409
42,17,60,0.0,-0.03333333333333333,0.3333333333333333
42,18,66,0.6363636363636364,0.13636363636363635,0.2727272727272727
42,19,52,0.4807692307692308,0.4807692307692308,0.0
42,20,92,0.16304347826086957,0.16304347826086957,0.25
42,21,55,0.12727272727272726,0.12727272727272726,0.2545454545454546
42,22,57,0.05263157894736842,-0.14035087719298245,0.21052631578947367
42,23,46,0.32608695652173914,-0.28260869565217395,0.28260869565217395
42,24,48,0.14583333333333334,0.14583333333333334,0.39583333333333326
42,25,81,0.5061728395061729,0.5061728395061729,0.09876543209876543
42,26,73,0.1232876712328767,0.1232876712328767,0.1232876712328767
43,0,51,0.0,-0.49019607843137253,0.49019607843137253
43,1,45,0.0,-0.5555555555555556,0.7111111111111111
43,2,51,0.0,0.0,0.13725490196078433
43,3,54,0.0,-0.37037037037037035,0.37037037037037035
43,4,49,0.0,0.0,0.7551020408163265
43,5,53,0.0,-0.018867924528301886,0.16981132075471697
43,6,52,0.0,-0.057692307692307696,0.36538461538461536
43,7,58,0.0,0.0,0.06896551724137931
43,8,62,0.0,0.0,0.3709677419354839
43,9,66,0.0,0.0,0.7272727272727273
43,10,71,0.0,-0.014084507042253521,0.04225352112676056
43,11,68,0.0,-0.029411764705882353,0.11764705882352941
43,12,54,0.0,0.0,0.2962962962962963
43,13,66,0.0,0.0,0.15151515151515152
43,14,60,0.0,-0.35,0.35
43,15,54,0.0,0.0,0.5740740740740741
43,16,71,0.0,0.0,0.5633802816901409
43,17,60,0.0,-0.03333333333333333,0.3333333333333333
43,18,66,0.6060606060606061,0.10606060606060608,0.303030303030303
43,19,52,0.40384615384615385,0.40384615384615385,0.07692307692307693
43,20,92,0.15217391304347827,0.15217391304347827,0.2608695652173913
43,21,55,0.34545454545454546,0.34545454545454546,0.036363636363636376
43,22,57,0.14035087719298245,-0.05263157894736842,0.12280701754385964
43,23,46,0.2608695652173913,-0.3478260869565218,0.3478260869565218
43,24,48,0.3333333333333333,0.3333333333333333,0.20833333333333331
43,25,81,0.5061728395061729,0.5061728395061729,0.09876543209876543
43,26,73,0.0821917808219178,0.0821917808219178,0.1643835616438356
44,0,51,0.0,-0.49019607843137253,0.49019607843137253
44,1,45,0.0,-0.5555555555555556,0.7111111111111111
44,2,51,0.0,0.0,0.13725490196078433
44,3,54,0.0,-0.37037037037037035,0.37037037037037035
44,4,49,0.0,0.0,0.7551020408163265
44,5,53,0.0,-0.018867924528301886,0.16981132075471697
44,6,52,0.0,-0.057692307692307696,0.36538461538461536
44,7,58,0.0,0.0,0.06896551724137931
44,8,62,0.0,0.0,0.3709677419354839
44,9,66,0.0,0.0,0.7272727272727273
44,10,71,0.0,-0.014084507042253521,0.04225352112676056
44,11,68,0.0,-0.029411764705882353,0.11764705882352941
44,12,54,0.0,0.0,0.2962962962962963
44,13,66,0.0,0.0,0.15151515151515152
44,14,60,0.0,-0.35,0.35
44,15,54,0.0,0.0,0.5740740740740741
44,16,71,0.0,0.0,0.5633802816901409
44,17,60,0.0,-0.03333333333333333,0.3333333333333333
44,18,66,0.5454545454545454,0.045454545454545414,0.36363636363636365
44,19,52,0.36538461538461536,0.36538461538461536,0.11538461538461542
44,20,92,0.14130434782608695,0.14130434782608695,0.2717391304347826
44,21,55,0.43636363636363634,0.43636363636363634,0.0
44,22,57,0.19298245614035087,0.0,0.07017543859649122
44,23,46,0.2608695652173913,-0.3478260869565218,0.3478260869565218
44,24,48,0.2916666666666667,0.2916666666666667,0.24999999999999994
44,25,81,0.4567901234567901,0.4567901234567901,0.1481481481481482
44,26,73,0.136986301369863,0.136986301369863,0.1095890410958904
45,0,51,0.0,-0.49019607843137253,0.49019607843137253
45,1,45,0.0,-0.5555555555555556,0.7111111111111111
45,2,51,0.0,0.0,0.13725490196078433
45,3,54,0.0,-0.37037037037037035,0.37037037037037035
45,4,49,0.0,0.0,0.7551020408163265
45,5,53,0.0,-0.018867924528301886,0.16981132075471697
45,6,52,0.0,-0.057692307692307696,0.36538461538461536
45,7,58,0.0,0.0,0.06896551724137931
45,8,62,0.0,0.0,0.3709677419354839
45,9,66,0.0,0.0,0.7272727272727273
45,10,71,0.0,-0.014084507042253521,0.04225352112676056
45,11,68,0.0,-0.029411764705882353,0.11764705882352941
45,12,54,0.0,0.0,0.2962962962962963
45,13,66,0.0,0.0,0.15151515151515152
45,14,60,0.0,-0.35,0.35
45,15,54,0.0,0.0,0.5740740740740741
45,16,71,0.0,0.0,0.5633802816901409
45,17,60,0.0,-0.03333333333333333,0.3333333333333333
45,18,66,0.5454545454545454,0.045454545454545414,0.36363636363636365
45,19,52,0.28846153846153844,0.28846153846153844,0.19230769230769235
45,20,92,0.09782608695652174,0.09782608695652174,0.31521739130434784
45,21,55,0.41818181818181815,0.41818181818181815,0.018181818181818188
45,22,57,0.38596491228070173,0.19298245614035087,0.0
45,23,46,0.2826086956521739,-0.3260869565217392,0.3260869565217392
45,24,48,0.4375,0.4375,0.10416666666666663
45,25,81,0.43209876543209874,0.43209876543209874,0.17283950617283955
45,26,73,0.0958904109589041,0.0958904109589041,0.1506849315068493
46,0,51,0.0,-0.49019607843137253,0.49019607843137253
46,1,45,0.0,-0.5555555555555556,0.7111111111111111
46,2,51,0.0,0.0,0.13725490196078433
46,3,54,0.0,-0.37037037037037035,0.37037037037037035
46,4,49,0.0,0.0,0.7551020408163265
46,5,53,0.0,-0.018867924528301886,0.16981132075471697
46,6,52,0.0,-0.057692307692307696,0.36538461538461536
46,7,58,0.0,0.0,0.06896551724137931
46,8,62,0.0,0.0,0.3709677419354839
46,9,66,0.0,0.0,0.7272727272727273
46,10,71,0.0,-0.014084507042253521,0.04225352112676056
46,11,68,0.0,-0.029411764705882353,0.11764705882352941
46,12,54,0.0,0.0,0.2962962962962963
46,13,66,0.0,0.0,0.15151515151515152
46,14,60,0.0,-0.35,0.35
46,15,54,0.0,0.0,0.5740740740740741
46,16,71,0.0,0.0,0.5633802816901409
46,17,60,0.0,-0.03333333333333333,0.3333333333333333
46,18,66,0.5303030303030303,0.030303030303030276,0.3787878787878788
46,19,52,0.21153846153846154,0.21153846153846154,0.2692307692307693
46,20,92,0.14130434782608695,0.14130434782608695,0.2717391304347826
46,21,55,0.6,0.6,0.0
46,22,57,0.19298245614035087,0.0,0.19298245614035087
46,23,46,0.2608695652173913,-0.3478260869565218,0.3478260869565218
46,24,48,0.1875,0.1875,0.35416666666666663
46,25,81,0.4444444444444444,0.4444444444444444,0.16049382716049387
46,26,73,0.3150684931506849,0.3150684931506849,0.0
47,0,51,0.0,-0.49019607843137253,0.49019607843137253
47,1,45,0.0,-0.5555555555555556,0.7111111111111111
47,2,51,0.0,0.0,0.13725490196078433
47,3,54,0.0,-0.37037037037037035,0.37037037037037035
47,4,49,0.0,0.0,0.7551020408163265
47,5,53,0.0,-0.018867924528301886,0.16981132075471697
47,6,52,0.0,-0.057692307692307696,0.36538461538461536
47,7,58,0.0,0.0,0.06896551724137931
47,8,62,0.0,0.0,0.3709677419354839
47,9,66,0.0,0.0,0.7272727272727273
47,10,71,0.0,-0.014084507042253521,0.04225352112676056
47,11,68,0.0,-0.029411764705882353,0.11764705882352941
47,12,54,0.0,0.0,0.2962962962962963
47,13,66,0.0,0.0,0.15151515151515152
47,14,60,0.0,-0.35,0.35
47,15,54,0.0,0.0,0.5740740740740741
47,16,71,0.0,0.0,0.5633802816901409
47,17,60,0.0,-0.03333333333333333,0.3333333333333333
47,18,66,0.5151515151515151,0.015151515151515138,0.3939393939393939
47,19,52,0.23076923076923078,0.23076923076923078,0.25
47,20,92,0.06521739130434782,0.06521739130434782,0.34782608695652173
47,21,55,0.4727272727272727,0.4727272727272727,0.12727272727272726
47,22,57,0.45614035087719296,0.2631578947368421,0.0
47,23,46,0.32608695652173914,-0.28260869565217395,0.28260869565217395
47,24,48,0.4583333333333333,0.4583333333333333,0.08333333333333331
47,25,81,0.3950617283950617,0.3950617283950617,0.2098765432098766
47,26,73,0.136986301369863,0.136986301369863,0.1780821917808219
48,0,51,0.0,-0.49019607843137253,0.49019607843137253
48,1,45,0.0,-0.5555555555555556,0.7111111111111111
48,2,51,0.0,0.0,0.13725490196078433
48,3,54,0.0,-0.37037037037037035,0.37037037037037035
48,4,49,0.0,0.0,0.7551020408163265
48,5,53,0.0,-0.018867924528301886,0.16981132075471697
48,6,52,0.0,-0.057692307692307696,0.36538461538461536
48,7,58,0.0,0.0,0.06896551724137931
48,8,62,0.0,0.0,0.3709677419354839
48,9,66,0.0,0.0,0.7272727272727273
48,10,71,0.0,-0.014084507042253521,0.04225352112676056
48,11,68,0.0,-0.029411764705882353,0.11764705882352941
48,12,54,0.0,0.0,0.2962962962962963
48,13,66,0.0,0.0,0.15151515151515152
48,14,60,0.0,-0.35,0.35
48,15,54,0.0,0.0,0.5740740740740741
48,16,71,0.0,0.0,0.5633802816901409
48,17,60,0.0,-0.03333333333333333,0.3333333333333333
48,18,66,0.5454545454545454,0.045454545454545414,0.36363636363636365
48,19,52,0.2692307692307692,0.2692307692307692,0.21153846153846156
48,20,92,0.11956521739130435,0.11956521739130435,0.2934782608695652
48,21,55,0.43636363636363634,0.43636363636363634,0.16363636363636364
48,22,57,0.17543859649122806,-0.017543859649122806,0.2807017543859649
48,23,46,0.34782608695652173,-0.26086956521739135,0.26086956521739135
48,24,48,0.10416666666666667,0.10416666666666667,0.43749999999999994
48,25,81,0.41975308641975306,0.41975308641975306,0.18518518518518523
48,26,73,0.3150684931506849,0.3150684931506849,0.0
49,0,51,0.0,-0.49019607843137253,0.49019607843137253
49,1,45,0.0,-0.5555555555555556,0.7111111111111111
49,2,51,0.0,0.0,0.13725490196078433
49,3,54,0.0,-0.37037037037037035,0.37037037037037035
49,4,49,0.0,0.0,0.7551020408163265
49,5,53,0.0,-0.018867924528301886,0.16981132075471697
49,6,52,0.0,-0.057692307692307696,0.36538461538461536
49,7,58,0.0,0.0,0.06896551724137931
49,8,62,0.0,0.0,0.3709677419354839
49,9,66,0.0,0.0,0.7272727272727273
49,10,71,0.0,-0.014084507042253521,0.04225352112676056
49,11,68,0.0,-0.029411764705882353,0.11764705882352941
49,12,54,0.0,0.0,0.2962962962962963
49,13,66,0.0,0.0,0.15151515151515152
49,14,60,0.0,-0.35,0.35
49,15,54,0.0,0.0,0.5740740740740741
49,16,71,0.0,0.0,0.5633802816901409
49,17,60,0.0,-0.03333333333333333,0.3333333333333333
49,18,66,0.5151515151515151,0.015151515151515138,0.3939393939393939
49,19,52,0.25,0.25,0.23076923076923078
49,20,92,0.06521739130434782,0.06521739130434782,0.34782608695652173
49,21,55,0.4,0.4,0.19999999999999996
49,22,57,0.45614035087719296,0.2631578947368421,0.0
49,23,46,0.30434782608695654,-0.30434782608695654,0.30434782608695654
49,24,48,0.4166666666666667,0.4166666666666667,0.12499999999999994
49,25,81,0.41975308641975306,0.41975308641975306,0.18518518518518523
49,26,73,0.136986301369863,0.136986301369863,0.1780821917808219
50,0,51,0.0,-0.49019607843137253,0.49019607843137253
50,1,45,0.0,-0.5555555555555556,0.7111111111111111
50,2,51,0.0,0.0,0.13725490196078433
50,3,54,0.0,-0.37037037037037035,0.37037037037037035
50,4,49,0.0,0.0,0.7551020408163265
50,5,53,0.0,-0.018867924528301886,0.16981132075471697
50,6,52,0.0,-0.057692307692307696,0.36538461538461536
50,7,58,0.0,0.0,0.06896551724137931
50,8,62,0.0,0.0,0.3709677419354839
50,9,66,0.0,0.0,0.7272727272727273
50,10,71,0.0,-0.014084507042253521,0.04225352112676056
50,11,68,0.0,-0.029411764705882353,0.11764705882352941
50,12,54,0.0,0.0,0.2962962962962963
50,13,66,0.0,0.0,0.15151515151515152
50,14,60,0.0,-0.35,0.35
50,15,54,0.0,0.0,0.5740740740740741
50,16,71,0.0,0.0,0.5633802816901409
50,17,60,0.0,-0.03333333333333333,0.3333333333333333
50,18,66,0.5454545454545454,0.045454545454545414,0.36363636363636365
50,19,52,0.21153846153846154,0.21153846153846154,0.2692307692307693
50,20,92,0.10869565217391304,0.10869565217391304,0.30434782608695654
50,21,55,0.45454545454545453,0.45454545454545453,0.14545454545454545
50,22,57,0.3508771929824561,0.15789473684210525,0.10526315789473684
50,23,46,0.34782608695652173,-0.26086956521739135,0.26086956521739135
50,24,48,0.14583333333333334,0.14583333333333334,0.39583333333333326
50,25,81,0.4444444444444444,0.4444444444444444,0.16049382716049387
50,26,73,0.3013698630136986,0.3013698630136986,0.0136986301369863
51,0,51,0.0,-0.49019607843137253,0.49019607843137253
51,1,45,0.0,-0.5555555555555556,0.7111111111111111
51,2,51,0.0,0.0,0.13725490196078433
51,3,54,0.0,-0.37037037037037035,0.37037037037037035
51,4,49,0.0,0.0,0.7551020408163265
51,5,53,0.0,-0.018867924528301886,0.16981132075471697
51,6,52,0.0,-0.057692307692307696,0.36538461538461536
51,7,58,0.0,0.0,0.06896551724137931
51,8,62,0.0,0.0,0.3709677419354839
51,9,66,0.0,0.0,0.7272727272727273
51,10,71,0.0,-0.014084507042253521,0.04225352112676056
51,11,68,0.0,-0.029411764705882353,0.11764705882352941
51,12,54,0.0,0.0,0.2962962962962963
51,13,66,0.0,0.0,0.15151515151515152
51,14,60,0.0,-0.35,0.35
51,15,54,0.0,0.0,0.5740740740740741
51,16,71,0.0,0.0,0.5633802816901409
51,17,60,0.0,-0.03333333333333333,0.3333333333333333
51,18,66,0.5151515151515151,0.015151515151515138,0.3939393939393939
51,19,52,0.25,0.25,0.23076923076923078
51,20,92,0.05434782608695652,0.05434782608695652,0.358695652173913
51,21,55,0.4,0.4,0.19999999999999996
51,22,57,0.47368421052631576,0.2807017543859649,0.0
51,23,46,0.32608695652173914,-0.28260869565217395,0.28260869565217395
51,24,48,0.4166666666666667,0.4166666666666667,0.12499999999999994
51,25,81,0.4691358024691358,0.4691358024691358,0.13580246913580252
51,26,73,0.1095890410958904,0.1095890410958904,0.2054794520547945
52,0,51,0.0,-0.49019607843137253,0.49019607843137253
52,1,45,0.0,-0.5555555555555556,0.7111111111111111
52,2,51,0.0,0.0,0.13725490196078433
52,3,54,0.0,-0.37037037037037035,0.37037037037037035
52,4,49,0.0,0.0,0.7551020408163265
52,5,53,0.0,-0.018867924528301886,0.16981132075471697
52,6,52,0.0,-0.057692307692307696,0.36538461538461536
52,7,58,0.0,0.0,0.06896551724137931
52,8,62,0.0,0.0,0.3709677419354839
52,9,66,0.0,0.0,0.7272727272727273
52,10,71,0.0,-0.014084507042253521,0.04225352112676056
52,11,68,0.0,-0.029411764705882353,0.11764705882352941
52,12,54,0.0,0.0,0.2962962962962963
52,13,66,0.0,0.0,0.15151515151515152
52,14,60,0.0,-0.35,0.35
52,15,54,0.0,0.0,0.5740740740740741
52,16,71,0.0,0.0,0.5633802816901409
52,17,60,0.0,-0.03333333333333333,0.3333333333333333
52,18,66,0.5454545454545454,0.045454545454545414,0.36363636363636365
52,19,52,0.21153846153846154,0.21153846153846154,0.2692307692307693
52,20,92,0.11956521739130435,0.11956521739130435,0.2934782608695652
52,21,55,0.36363636363636365,0.36363636363636365,0.23636363636363633
52,22,57,0.38596491228070173,0.19298245614035087,0.08771929824561403
52,23,46,0.34782608695652173,-0.26086956521739135,0.26086956521739135
52,24,48,0.125,0.125,0.41666666666666663
52,25,81,0.48148148148148145,0.48148148148148145,0.12345679012345684
52,26,73,0.2876712328767123,0.2876712328767123,0.0273972602739726
53,0,51,0.0,-0.49019607843137253,0.49019607843137253
53,1,45,0.0,-0.5555555555555556,0.7111111111111111
53,2,51,0.0,0.0,0.13725490196078433
53,3,54,0.0,-0.37037037037037035,0.37037037037037035
53,4,49,0.0,0.0,0.7551020408163265
53,5,53,0.0,-0.018867924528301886,0.16981132075471697
53,6,52,0.0,-0.057692307692307696,0.36538461538461536
53,7,58,0.0,0.0,0.06896551724137931
53,8,62,0.0,0.0,0.3709677419354839
53,9,66,0.0,0.0,0.7272727272727273
53,10,71,0.0,-0.014084507042253521,0.04225352112676056
53,11,68,0.0,-0.029411764705882353,0.11764705882352941
53,12,54,0.0,0.0,0.2962962962962963
53,13,66,0.0,0.0,0.15151515151515152
53,14,60,0.0,-0.35,0.35
53,15,54,0.0,0.0,0.5740740740740741
53,16,71,0.0,0.0,0.5633802816901409
53,17,60,0.0,-0.03333333333333333,0.3333333333333333
53,18,66,0.5454545454545454,0.045454545454545414,0.36363636363636365
53,19,52,0.36538461538461536,0.36538461538461536,0.11538461538461542
53,20,92,0.05434782608695652,0.05434782608695652,0.358695652173913
53,21,55,0.2909090909090909,0.2909090909090909,0.3090909090909091
53,22,57,0.543859649122807,0.3508771929824562,0.0
53,23,46,0.34782608695652173,-0.26086956521739135,0.26086956521739135
53,24,48,0.4166666666666667,0.4166666666666667,0.12499999999999994
53,25,81,0.4567901234567901,0.4567901234567901,0.1481481481481482
53,26,73,0.0958904109589041,0.0958904109589041,0.2191780821917808
54,0,51,0.0,-0.49019607843137253,0.49019607843137253
54,1,45,0.0,-0.5555555555555556,0.7111111111111111
54,2,51,0.0,0.0,0.13725490196078433
54,3,54,0.0,-0.37037037037037035,0.37037037037037035
54,4,49,0.0,0.0,0.7551020408163265
54,5,53,0.0,-0.018867924528301886,0.16981132075471697
54,6,52,0.0,-0.057692307692307696,0.36538461538461536
54,7,58,0.0,0.0,0.06896551724137931
54,8,62,0.0,0.0,0.3709677419354839
54,9,66,0.0,0.0,0.7272727272727273
54,10,71,0.0,-0.014084507042253521,0.04225352112676056
54,11,68,0.0,-0.029411764705882353,0.11764705882352941
54,12,54,0.0,0.0,0.2962962962962963
54,13,66,0.0,0.0,0.15151515151515152
54,14,60,0.0,-0.35,0.35
54,15,54,0.0,0.0,0.5740740740740741
54,16,71,0.0,0.0,0.5633802816901409
54,17,60,0.0,-0.03333333333333333,0.3333333333333333
54,18,66,0.5606060606060606,0.06060606060606055,0.3484848484848485
54,19,52,0.21153846153846154,0.21153846153846154,0.2692307692307693
54,20,92,0.07608695652173914,0.07608695652173914,0.33695652173913043
54,21,55,0.23636363636363636,0.23636363636363636,0.36363636363636365
54,22,57,0.2982456140350877,0.10526315789473684,0.24561403508771934
54,23,46,0.32608695652173914,-0.28260869565217395,0.28260869565217395
54,24,48,0.10416666666666667,0.10416666666666667,0.43749999999999994
54,25,81,0.5555555555555556,0.5555555555555556,0.04938271604938271
54,26,73,0.2465753424657534,0.2465753424657534,0.0684931506849315
55,0,51,0.0,-0.49019607843137253,0.49019607843137253
55,1,45,0.0,-0.5555555555555556,0.7111111111111111
55,2,51,0.0,0.0,0.13725490196078433
55,3,54,0.0,-0.37037037037037035,0.37037037037037035
55,4,49,0.0,0.0,0.7551020408163265
55,5,53,0.0,-0.018867924528301886,0.16981132075471697
55,6,52,0.0,-0.057692307692307696,0.36538461538461536
55,7,58,0.0,0.0,0.06896551724137931
55,8,62,0.0,0.0,0.3709677419354839
55,9,66,0.0,0.0,0.7272727272727273
55,10,71,0.0,-0.014084507042253521,0.04225352112676056
55,11,68,0.0,-0.029411764705882353,0.11764705882352941
55,12,54,0.0,0.0,0.2962962962962963
55,13,66,0.0,0.0,0.15151515151515152
55,14,60,0.0,-0.35,0.35
55,15,54,0.0,0.0,0.5740740740740741
55,16,71,0.0,0.0,0.5633802816901409
55,17,60,0.0,-0.03333333333333333,0.3333333333333333
55,18,66,0.5909090909090909,0.09090909090909094,0.3181818181818181
55,19,52,0.46153846153846156,0.46153846153846156,0.019230769230769218
55,20,92,0.07608695652173914,0.07608695652173914,0.33695652173913043
55,21,55,0.03636363636363636,0.03636363636363636,0.5636363636363636
55,22,57,0.6842105263157895,0.4912280701754386,0.0
55,23,46,0.3695652173913043,-0.23913043478260876,0.23913043478260876
55,24,48,0.3333333333333333,0.3333333333333333,0.20833333333333331
55,25,81,0.3333333333333333,0.3333333333333333,0.271604938271605
55,26,73,0.0273972602739726,0.0273972602739726,0.2876712328767123
56,0,51,0.0,-0.49019607843137253,0.49019607843137253
56,1,45,0.0,-0.5555555555555556,0.7111111111111111
56,2,51,0.0,0.0,0.13725490196078433
56,3,54,0.0,-0.37037037037037035,0.37037037037037035
56,4,49,0.0,0.0,0.7551020408163265
56,5,53,0.0,-0.018867924528301886,0.16981132075471697
56,6,52,0.0,-0.057692307692307696,0.36538461538461536
56,7,58,0.0,0.0,0.06896551724137931
56,8,62,0.0,0.0,0.3709677419354839
56,9,66,0.0,0.0,0.7272727272727273
56,10,71,0.0,-0.014084507042253521,0.04225352112676056
56,11,68,0.0,-0.029411764705882353,0.11764705882352941
56,12,54,0.0,0.0,0.2962962962962963
56,13,66,0.0,0.0,0.15151515151515152
56,14,60,0.0,-0.35,0.35
56,15,54,0.0,0.0,0.5740740740740741
56,16,71,0.0,0.0,0.5633802816901409
56,17,60,0.0,-0.03333333333333333,0.3333333333333333
56,18,66,0.5757575757575758,0.0757575757575758,0.33333333333333326
56,19,52,0.38461538461538464,0.38461538461538464,0.09615384615384615
56,20,92,0.06521739130434782,0.06521739130434782,0.34782608695652173
56,21,55,0.03636363636363636,0.03636363636363636,0.5636363636363636
56,22,57,0.2631578947368421,0.07017543859649122,0.4210526315789474
56,23,46,0.2608695652173913,-0.3478260869565218,0.3478260869565218
56,24,48,0.10416666666666667,0.10416666666666667,0.43749999999999994
56,25,81,0.6172839506172839,0.6172839506172839,0.0
56,26,73,0.1643835616438356,0.1643835616438356,0.1506849315068493
57,0,51,0.0,-0.49019607843137253,0.49019607843137253
57,1,45,0.0,-0.5555555555555556,0.7111111111111111
57,2,51,0.0,0.0,0.13725490196078433
57,3,54,0.0,-0.37037037037037035,0.37037037037037035
57,4,49,0.0,0.0,0.7551020408163265
57,5,53,0.0,-0.018867924528301886,0.16981132075471697
57,6,52,0.0,-0.057692307692307696,0.36538461538461536
57,7,58,0.0,0.0,0.06896551724137931
57,8,62,0.0,0.0,0.3709677419354839
57,9,66,0.015151515151515152,0.015151515151515152,0.7121212121212122
57,10,71,0.0,-0.014084507042253521,0.04225352112676056
57,11,68,0.0,-0.029411764705882353,0.11764705882352941
57,12,54,0.0,0.0,0.2962962962962963
57,13,66,0.0,0.0,0.15151515151515152
57,14,60,0.0,-0.35,0.35
57,15,54,0.0,0.0,0.5740740740740741
57,16,71,0.0,0.0,0.5633802816901409
57,17,60,0.0,-0.03333333333333333,0.3333333333333333
57,18,66,0.5606060606060606,0.06060606060606055,0.3484848484848485
57,19,52,0.40384615384615385,0.40384615384615385,0.07692307692307693
57,20,92,0.09782608695652174,0.09782608695652174,0.31521739130434784
57,21,55,0.09090909090909091,0.09090909090909091,0.509090909090909
57,22,57,0.5789473684210527,0.3859649122807018,0.10526315789473684
57,23,46,0.2826086956521739,-0.3260869565217392,0.3260869565217392
57,24,48,0.3958333333333333,0.3958333333333333,0.14583333333333331
57,25,81,0.35802469135802467,0.35802469135802467,0.25925925925925924
57,26,73,0.1232876712328767,0.1232876712328767,0.1917808219178082
58,0,51,0.0,-0.49019607843137253,0.49019607843137253
58,1,45,0.0,-0.5555555555555556,0.7111111111111111
58,2,51,0.0,0.0,0.13725490196078433
58,3,54,0.0,-0.37037037037037035,0.37037037037037035
58,4,49,0.0,0.0,0.7551020408163265
58,5,53,0.0,-0.018867924528301886,0.16981132075471697
58,6,52,0.0,-0.057692307692307696,0.36538461538461536
58,7,58,0.0,0.0,0.06896551724137931
58,8,62,0.0,0.0,0.3709677419354839
58,9,66,0.0,0.0,0.7272727272727273
58,10,71,0.0,-0.014084507042253521,0.04225352112676056
58,11,68,0.0,-0.029411764705882353,0.11764705882352941
58,12,54,0.0,0.0,0.2962962962962963
58,13,66,0.0,0.0,0.15151515151515152
58,14,60,0.0,-0.35,0.35
58,15,54,0.0,0.0,0.5740740740740741
58,16,71,0.0,0.0,0.5633802816901409
58,17,60,0.0,-0.03333333333333333,0.3333333333333333
58,18,66,0.5,0.0,0.40909090909090906
58,19,52,0.28846153846153844,0.28846153846153844,0.19230769230769235
58,20,92,0.06521739130434782,0.06521739130434782,0.34782608695652173
58,21,55,0.2727272727272727,0.2727272727272727,0.32727272727272727
58,22,57,0.24561403508771928,0.05263157894736842,0.4385964912280702
58,23,46,0.2608695652173913,-0.3478260869565218,0.3478260869565218
58,24,48,0.22916666666666666,0.22916666666666666,0.3125
58,25,81,0.5802469135802469,0.5802469135802469,0.03703703703703698
58,26,73,0.1917808219178082,0.1917808219178082,0.1232876712328767
59,0,51,0.0,-0.49019607843137253,0.49019607843137253
59,1,45,0.0,-0.5555555555555556,0.7111111111111111
59,2,51,0.0,0.0,0.13725490196078433
59,3,54,0.0,-0.37037037037037035,0.37037037037037035
59,4,49,0.0,0.0,0.7551020408163265
59,5,53,0.0,-0.018867924528301886,0.16981132075471697
59,6,52,0.0,-0.057692307692307696,0.36538461538461536
59,7,58,0.0,0.0,0.06896551724137931
59,8,62,0.0,0.0,0.3709677419354839
59,9,66,0.0,0.0,0.7272727272727273
59,10,71,0.0,-0.014084507042253521,0.04225352112676056
59,11,68,0.0,-0.029411764705882353,0.11764705882352941
59,12,54,0.0,0.0,0.2962962962962963
59,13,66,0.0,0.0,0.15151515151515152
59,14,60,0.0,-0.35,0.35
59,15,54,0.0,0.0,0.5740740740740741
59,16,71,0.0,0.0,0.5633802816901409
59,17,60,0.0,-0.03333333333333333,0.3333333333333333
59,18,66,0.696969696969697,0.19696969696969702,0.21212121212121204
59,19,52,0.36538461538461536,0.36538461538461536,0.11538461538461542
59,20,92,0.08695652173913043,0.08695652173913043,0.32608695652173914
59,21,55,0.05454545454545454,0.05454545454545454,0.5454545454545454
59,22,57,0.6491228070175439,0.456140350877193,0.03508771929824561
59,23,46,0.41304347826086957,-0.19565217391304351,0.19565217391304351
59,24,48,0.375,0.375,0.16666666666666663
59,25,81,0.32098765432098764,0.32098765432098764,0.2962962962962963
59,26,73,0.0410958904109589,0.0410958904109589,0.273972602739726
60,0,51,0.0,-0.49019607843137253,0.49019607843137253
60,1,45,0.0,-0.5555555555555556,0.7111111111111111
60,2,51,0.0,0.0,0.13725490196078433
60,3,54,0.0,-0.37037037037037035,0.37037037037037035
60,4,49,0.0,0.0,0.7551020408163265
60,5,53,0.0,-0.018867924528301886,0.16981132075471697
60,6,52,0.0,-0.057692307692307696,0.36538461538461536
60,7,58,0.0,0.0,0.06896551724137931
60,8,62,0.0,0.0,0.3709677419354839
60,9,66,0.0,0.0,0.7272727272727273
60,10,71,0.0,-0.014084507042253521,0.04225352112676056
60,11,68,0.0,-0.029411764705882353,0.11764705882352941
60,12,54,0.0,0.0,0.2962962962962963
60,13,66,0.0,0.0,0.15151515151515152
60,14,60,0.0,-0.35,0.35
60,15,54,0.0,0.0,0.5740740740740741
60,16,71,0.0,0.0,0.5633802816901409
60,17,60,0.0,-0.03333333333333333,0.3333333333333333
60,18,66,0.5454545454545454,0.045454545454545414,0.36363636363636365
60,19,52,0.34615384615384615,0.34615384615384615,0.13461538461538464
60,20,92,0.08695652173913043,0.08695652173913043,0.32608695652173914
60,21,55,0.23636363636363636,0.23636363636363636,0.36363636363636365
60,22,57,0.40350877192982454,0.21052631578947367,0.28070175438596495
60,23,46,0.30434782608695654,-0.30434782608695654,0.30434782608695654
60,24,48,0.20833333333333334,0.20833333333333334,0.33333333333333326
60,25,81,0.5308641975308642,0.5308641975308642,0.08641975308641969
60,26,73,0.1643835616438356,0.1643835616438356,0.1506849315068493
61,0,51,0.0,-0.49019607843137253,0.49019607843137253
61,1,45,0.0,-0.5555555555555556,0.7111111111111111
61,2,51,0.0,0.0,0.13725490196078433
61,3,54,0.0,-0.37037037037037035,0.37037037037037035
61,4,49,0.0,0.0,0.7551020408163265
61,5,53,0.0,-0.018867924528301886,0.16981132075471697
61,6,52,0.0,-0.057692307692307696,0.36538461538461536
61,7,58,0.0,0.0,0.06896551724137931
61,8,62,0.0,0.0,0.3709677419354839
61,9,66,0.0,0.0,0.7272727272727273
61,10,71,0.0,-0.014084507042253521,0.04225352112676056
61,11,68,0.0,-0.029411764705882353,0.11764705882352941
61,12,54,0.0,0.0,0.2962962962962963
61,13,66,0.0,0.0,0.15151515151515152
61,14,60,0.0,-0.35,0.35
61,15,54,0.0,0.0,0.5740740740740741
61,16,71,0.0,0.0,0.5633802816901409
61,17,60,0.0,-0.03333333333333333,0.3333333333333333
61,18,66,0.5909090909090909,0.09090909090909094,0.3181818181818181
61,19,52,0.36538461538461536,0.36538461538461536,0.11538461538461542
61,20,92,0.07608695652173914,0.07608695652173914,0.33695652173913043
61,21,55,0.14545454545454545,0.14545454545454545,0.45454545454545453
61,22,57,0.5789473684210527,0.3859649122807018,0.10526315789473684
61,23,46,0.30434782608695654,-0.30434782608695654,0.30434782608695654
61,24,48,0.3125,0.3125,0.22916666666666663
61,25,81,0.4074074074074074,0.4074074074074074,0.20987654320987653
61,26,73,0.1095890410958904,0.1095890410958904,0.2054794520547945
62,0,51,0.0,-0.49019607843137253,0.49019607843137253
62,1,45,0.0,-0.5555555555555556,0.7111111111111111
62,2,51,0.0,0.0,0.13725490196078433
62,3,54,0.0,-0.37037037037037035,0.37037037037037035
62,4,49,0.0,0.0,0.7551020408163265
62,5,53,0.0,-0.018867924528301886,0.16981132075471697
62,6,52,0.0,-0.057692307692307696,0.36538461538461536
62,7,58,0.0,0.0,0.06896551724137931
62,8,62,0.0,0.0,0.3709677419354839
62,9,66,0.0,0.0,0.7272727272727273
62,10,71,0.0,-0.014084507042253521,0.04225352112676056
62,11,68,0.0,-0.029411764705882353,0.11764705882352941
62,12,54,0.0,0.0,0.2962962962962963
62,13,66,0.0,0.0,0.15151515151515152
62,14,60,0.0,-0.35,0.35
62,15,54,0.0,0.0,0.5740740740740741
62,16,71,0.0,0.0,0.5633802816901409
62,17,60,0.0,-0.03333333333333333,0.3333333333333333
62,18,66,0.5303030303030303,0.030303030303030276,0.3787878787878788
62,19,52,0.34615384615384615,0.34615384615384615,0.13461538461538464
62,20,92,0.10869565217391304,0.10869565217391304,0.30434782608695654
62,21,55,0.43636363636363634,0.43636363636363634,0.16363636363636364
62,22,57,0.3333333333333333,0.14035087719298245,0.3508771929824562
62,23,46,0.30434782608695654,-0.30434782608695654,0.30434782608695654
62,24,48,0.2916666666666667,0.2916666666666667,0.24999999999999994
62,25,81,0.5308641975308642,0.5308641975308642,0.08641975308641969
62,26,73,0.1780821917808219,0.1780821917808219,0.136986301369863
63,0,51,0.0,-0.49019607843137253,0.49019607843137253
63,1,45,0.0,-0.5555555555555556,0.7111111111111111
63,2,51,0.0,0.0,0.13725490196078433
63,3,54,0.0,-0.37037037037037035,0.37037037037037035
63,4,49,0.0,0.0,0.7551020408163265
63,5,53,0.0,-0.018867924528301886,0.16981132075471697
63,6,52,0.0,-0.057692307692307696,0.36538461538461536
63,7,58,0.0,0.0,0.06896551724137931
63,8,62,0.0,0.0,0.3709677419354839
63,9,66,0.0,0.0,0.7272727272727273
63,10,71,0.0,-0.014084507042253521,0.04225352112676056
63,11,68,0.0,-0.029411764705882353,0.11764705882352941
63,12,54,0.0,0.0,0.2962962962962963
63,13,66,0.0,0.0,0.15151515151515152
63,14,60,0.0,-0.35,0.35
63,15,54,0.0,0.0,0.5740740740740741
63,16,71,0.0,0.0,0.5633802816901409
63,17,60,0.0,-0.03333333333333333,0.3333333333333333
63,18,66,0.6515151515151515,0.1515151515151515,0.25757575757575757
63,19,52,0.34615384615384615,0.34615384615384615,0.13461538461538464
63,20,92,0.09782608695652174,0.09782608695652174,0.31521739130434784
63,21,55,0.21818181818181817,0.21818181818181817,0.38181818181818183
63,22,57,0.543859649122807,0.3508771929824562,0.14035087719298245
63,23,46,0.3695652173913043,-0.23913043478260876,0.23913043478260876
63,24,48,0.3541666666666667,0.3541666666666667,0.18749999999999994
63,25,81,0.4074074074074074,0.4074074074074074,0.20987654320987653
63,26,73,0.1917808219178082,0.1917808219178082,0.1232876712328767
64,0,51,0.0,-0.49019607843137253,0.49019607843137253
64,1,45,0.0,-0.5555555555555556,0.7111111111111111
64,2,51,0.0,0.0,0.13725490196078433
64,3,54,0.0,-0.37037037037037035,0.37037037037037035
64,4,49,0.0,0.0,0.7551020408163265
64,5,53,0.0,-0.018867924528301886,0.16981132075471697
64,6,52,0.0,-0.057692307692307696,0.36538461538461536
64,7,58,0.0,0.0,0.06896551724137931
64,8,62,0.0,0.0,0.3709677419354839
64,9,66,0.0,0.0,0.7272727272727273
64,10,71,0.0,-0.014084507042253521,0.04225352112676056
64,11,68,0.0,-0.029411764705882353,0.11764705882352941
64,12,54,0.0,0.0,0.2962962962962963
64,13,66,0.0,0.0,0.15151515151515152
64,14,60,0.0,-0.35,0.35
64,15,54,0.0,0.0,0.5740740740740741
64,16,71,0.0,0.0,0.5633802816901409
64,17,60,0.0,-0.03333333333333333,0.3333333333333333
64,18,66,0.5303030303030303,0.030303030303030276,0.3787878787878788
64,19,52,0.21153846153846154,0.21153846153846154,0.2692307692307693
64,20,92,0.07608695652173914,0.07608695652173914,0.33695652173913043
64,21,55,0.5272727272727272,0.5272727272727272,0.07272727272727275
64,22,57,0.38596491228070173,0.19298245614035087,0.29824561403508776
64,23,46,0.3695652173913043,-0.23913043478260876,0.23913043478260876
64,24,48,0.3541666666666667,0.3541666666666667,0.18749999999999994
64,25,81,0.4444444444444444,0.4444444444444444,0.1728395061728395
64,26,73,0.2602739726027397,0.2602739726027397,0.0547945205479452
65,0,51,0.0,-0.49019607843137253,0.49019607843137253
65,1,45,0.0,-0.5555555555555556,0.7111111111111111
65,2,51,0.0,0.0,0.13725490196078433
65,3,54,0.0,-0.37037037037037035,0.37037037037037035
65,4,49,0.0,0.0,0.7551020408163265
65,5,53,0.0,-0.018867924528301886,0.16981132075471697
65,6,52,0.0,-0.057692307692307696,0.36538461538461536
65,7,58,0.0,0.0,0.06896551724137931
65,8,62,0.0,0.0,0.3709677419354839
65,9,66,0.0,0.0,0.7272727272727273
65,10,71,0.0,-0.014084507042253521,0.04225352112676056
65,11,68,0.0,-0.029411764705882353,0.11764705882352941
65,12,54,0.0,0.0,0.2962962962962963
65,13,66,0.0,0.0,0.15151515151515152
65,14,60,0.0,-0.35,0.35
65,15,54,0.0,0.0,0.5740740740740741
65,16,71,0.0,0.0,0.5633802816901409
65,17,60,0.0,-0.03333333333333333,0.3333333333333333
65,18,66,0.5909090909090909,0.09090909090909094,0.3181818181818181
65,19,52,0.34615384615384615,0.34615384615384615,0.13461538461538464
65,20,92,0.10869565217391304,0.10869565217391304,0.30434782608695654
65,21,55,0.43636363636363634,0.43636363636363634,0.16363636363636364
65,22,57,0.47368421052631576,0.2807017543859649,0.21052631578947373
65,23,46,0.3695652173913043,-0.23913043478260876,0.23913043478260876
65,24,48,0.375,0.375,0.16666666666666663
65,25,81,0.4444444444444444,0.4444444444444444,0.1728395061728395
65,26,73,0.2054794520547945,0.2054794520547945,0.1095890410958904
66,0,51,0.0,-0.49019607843137253,0.49019607843137253
66,1,45,0.0,-0.5555555555555556,0.7111111111111111
66,2,51,0.0,0.0,0.13725490196078433
66,3,54,0.0,-0.37037037037037035,0.37037037037037035
66,4,49,0.0,0.0,0.7551020408163265
66,5,53,0.0,-0.018867924528301886,0.16981132075471697
66,6,52,0.0,-0.057692307692307696,0.36538461538461536
66,7,58,0.0,0.0,0.06896551724137931
66,8,62,0.0,0.0,0.3709677419354839
66,9,66,0.0,0.0,0.7272727272727273
66,10,71,0.0,-0.014084507042253521,0.04225352112676056
66,11,68,0.0,-0.029411764705882353,0.11764705882352941
66,12,54,0.0,0.0,0.2962962962962963
66,13,66,0.0,0.0,0.15151515151515152
66,14,60,0.0,-0.35,0.35
66,15,54,0.0,0.0,0.5740740740740741
66,16,71,0.0,0.0,0.5633802816901409
66,17,60,0.0,-0.03333333333333333,0.3333333333333333
66,18,66,0.5454545454545454,0.045454545454545414,0.36363636363636365
66,19,52,0.21153846153846154,0.21153846153846154,0.2692307692307693
66,20,92,0.10869565217391304,0.10869565217391304,0.30434782608695654
66,21,55,0.509090909090909,0.509090909090909,0.09090909090909094
66,22,57,0.43859649122807015,0.24561403508771928,0.24561403508771934
66,23,46,0.3695652173913043,-0.23913043478260876,0.23913043478260876
66,24,48,0.3541666666666667,0.3541666666666667,0.18749999999999994
66,25,81,0.43209876543209874,0.43209876543209874,0.18518518518518517
66,26,73,0.273972602739726,0.273972602739726,0.0410958904109589
67,0,51,0.0,-0.49019607843137253,0.49019607843137253
67,1,45,0.0,-0.5555555555555556,0.7111111111111111
67,2,51,0.0,0.0,0.13725490196078433
67,3,54,0.0,-0.37037037037037035,0.37037037037037035
67,4,49,0.0,0.0,0.7551020408163265
67,5,53,0.0,-0.018867924528301886,0.16981132075471697
67,6,52,0.0,-0.057692307692307696,0.36538461538461536
67,7,58,0.0,0.0,0.06896551724137931
67,8,62,0.0,0.0,0.3709677419354839
67,9,66,0.0,0.0,0.7272727272727273
67,10,71,0.0,-0.014084507042253521,0.04225352112676056
67,11,68,0.0,-0.029411764705882353,0.11764705882352941
67,12,54,0.0,0.0,0.2962962962962963
67,13,66,0.0,0.0,0.15151515151515152
67,14,60,0.0,-0.35,0.35
67,15,54,0.0,0.0,0.5740740740740741
67,16,71,0.0,0.0,0.5633802816901409
67,17,60,0.0,-0.03333333333333333,0.3333333333333333
67,18,66,0.6363636363636364,0.13636363636363635,0.2727272727272727
67,19,52,0.34615384615384615,0.34615384615384615,0.13461538461538464
67,20,92,0.09782608695652174,0.09782608695652174,0.31521739130434784
67,21,55,0.4727272727272727,0.4727272727272727,0.12727272727272726
67,22,57,0.47368421052631576,0.2807017543859649,0.21052631578947373
67,23,46,0.32608695652173914,-0.28260869565217395,0.28260869565217395
67,24,48,0.3958333333333333,0.3958333333333333,0.14583333333333331
67,25,81,0.41975308641975306,0.41975308641975306,0.19753086419753085
67,26,73,0.273972602739726,0.273972602739726,0.0410958904109589
68,0,51,0.0,-0.49019607843137253,0.49019607843137253
68,1,45,0.0,-0.5555555555555556,0.7111111111111111
68,2,51,0.0,0.0,0.13725490196078433
68,3,54,0.0,-0.37037037037037035,0.37037037037037035
68,4,49,0.0,0.0,0.7551020408163265
68,5,53,0.0,-0.018867924528301886,0.16981132075471697
68,6,52,0.0,-0.057692307692307696,0.36538461538461536
68,7,58,0.0,0.0,0.06896551724137931
68,8,62,0.0,0.0,0.3709677419354839
68,9,66,0.0,0.0,0.7272727272727273
68,10,71,0.0,-0.014084507042253521,0.04225352112676056
68,11,68,0.0,-0.029411764705882353,0.11764705882352941
68,12,54,0.0,0.0,0.2962962962962963
68,13,66,0.0,0.0,0.15151515151515152
68,14,60,0.0,-0.35,0.35
68,15,54,0.0,0.0,0.5740740740740741
68,16,71,0.0,0.0,0.5633802816901409
68,17,60,0.0,-0.03333333333333333,0.3333333333333333
68,18,66,0.5454545454545454,0.045454545454545414,0.36363636363636365
68,19,52,0.23076923076923078,0.23076923076923078,0.25
68,20,92,0.10869565217391304,0.10869565217391304,0.30434782608695654
68,21,55,0.34545454545454546,0.34545454545454546,0.2545454545454545
68,22,57,0.49122807017543857,0.2982456140350877,0.19298245614035092
68,23,46,0.3695652173913043,-0.23913043478260876,0.23913043478260876
68,24,48,0.3541666666666667,0.3541666666666667,0.18749999999999994
68,25,81,0.4444444444444444,0.4444444444444444,0.1728395061728395
68,26,73,0.273972602739726,0.273972602739726,0.0410958904109589
69,0,51,0.0,-0.49019607843137253,0.49019607843137253
69,1,45,0.0,-0.5555555555555556,0.7111111111111111
69,2,51,0.0,0.0,0.13725490196078433
69,3,54,0.0,-0.37037037037037035,0.37037037037037035
69,4,49,0.0,0.0,0.7551020408163265
69,5,53,0.0,-0.018867924528301886,0.16981132075471697
69,6,52,0.0,-0.057692307692307696,0.36538461538461536
69,7,58,0.0,0.0,0.06896551724137931
69,8,62,0.0,0.0,0.3709677419354839
69,9,66,0.0,0.0,0.7272727272727273
69,10,71,0.0,-0.014084507042253521,0.04225352112676056
69,11,68,0.0,-0.029411764705882353,0.11764705882352941
69,12,54,0.0,0.0,0.2962962962962963
69,13,66,0.0,0.0,0.15151515151515152
69,14,60,0.0,-0.35,0.35
69,15,54,0.0,0.0,0.5740740740740741
69,16,71,0.0,0.0,0.5633802816901409
69,17,60,0.0,-0.03333333333333333,0.3333333333333333
69,18,66,0.6363636363636364,0.13636363636363635,0.2727272727272727
69,19,52,0.34615384615384615,0.34615384615384615,0.13461538461538464
69,20,92,0.10869565217391304,0.10869565217391304,0.30434782608695654
69,21,55,0.45454545454545453,0.45454545454545453,0.14545454545454545
69,22,57,0.43859649122807015,0.24561403508771928,0.24561403508771934
69,23,46,0.32608695652173914,-0.28260869565217395,0.28260869565217395
69,24,48,0.3958333333333333,0.3958333333333333,0.14583333333333331
69,25,81,0.5185185185185185,0.5185185185185185,0.09876543209876543
69,26,73,0.2054794520547945,0.2054794520547945,0.1095890410958904
70,0,51,0.0,-0.49019607843137253,0.49019607843137253
70,1,45,0.0,-0.5555555555555556,0.7111111111111111
70,2,51,0.0,0.0,0.13725490196078433
70,3,54,0.0,-0.37037037037037035,0.37037037037037035
70,4,49,0.0,0.0,0.7551020408163265
70,5,53,0.0,-0.018867924528301886,0.16981132075471697
70,6,52,0.0,-0.057692307692307696,0.36538461538461536
70,7,58,0.0,0.0,0.06896551724137931
70,8,62,0.0,0.0,0.3709677419354839
70,9,66,0.0,0.0,0.7272727272727273
70,10,71,0.0,-0.014084507042253521,0.04225352112676056
70,11,68,0.0,-0.029411764705882353,0.11764705882352941
70,12,54,0.0,0.0,0.2962962962962963
70,13,66,0.0,0.0,0.15151515151515152
70,14,60,0.0,-0.35,0.35
70,15,54,0.0,0.0,0.5740740740740741
70,16,71,0.0,0.0,0.5633802816901409
70,17,60,0.0,-0.03333333333333333,0.3333333333333333
70,18,66,0.5454545454545454,0.045454545454545414,0.36363636363636365
70,19,52,0.3269230769230769,0.3269230769230769,0.15384615384615385
70,20,92,0.09782608695652174,0.09782608695652174,0.31521739130434784
70,21,55,0.3090909090909091,0.3090909090909091,0.2909090909090909
70,22,57,0.49122807017543857,0.2982456140350877,0.19298245614035092
70,23,46,0.391304347826087,-0.2173913043478261,0.2173913043478261
70,24,48,0.20833333333333334,0.20833333333333334,0.33333333333333326
70,25,81,0.41975308641975306,0.41975308641975306,0.19753086419753085
70,26,73,0.2465753424657534,0.2465753424657534,0.0684931506849315
71,0,51,0.0,-0.49019607843137253,0.49019607843137253
71,1,45,0.0,-0.5555555555555556,0.7111111111111111
71,2,51,0.0,0.0,0.13725490196078433
71,3,54,0.0,-0.37037037037037035,0.37037037037037035
71,4,49,0.0,0.0,0.7551020408163265
71,5,53,0.0,-0.018867924528301886,0.16981132075471697
71,6,52,0.0,-0.057692307692307696,0.36538461538461536
71,7,58,0.0,0.0,0.06896551724137931
71,8,62,0.0,0.0,0.3709677419354839
71,9,66,0.0,0.0,0.7272727272727273
71,10,71,0.0,-0.014084507042253521,0.04225352112676056
71,11,68,0.0,-0.029411764705882353,0.11764705882352941
71,12,54,0.0,0.0,0.2962962962962963
71,13,66,0.0,0.0,0.15151515151515152
71,14,60,0.0,-0.35,0.35
71,15,54,0.0,0.0,0.5740740740740741
71,16,71,0.0,0.0,0.5633802816901409
71,17,60,0.0,-0.03333333333333333,0.3333333333333333
71,18,66,0.6363636363636364,0.13636363636363635,0.2727272727272727
71,19,52,0.38461538461538464,0.38461538461538464,0.09615384615384615
71,20,92,0.06521739130434782,0.06521739130434782,0.34782608695652173
71,21,55,0.41818181818181815,0.41818181818181815,0.18181818181818182
71,22,57,0.43859649122807015,0.24561403508771928,0.24561403508771934
71,23,46,0.32608695652173914,-0.28260869565217395,0.28260869565217395
71,24,48,0.4166666666666667,0.4166666666666667,0.12499999999999994
71,25,81,0.49382716049382713,0.49382716049382713,0.12345679012345678
71,26,73,0.1643835616438356,0.1643835616438356,0.1506849315068493
72,0,51,0.0,-0.49019607843137253,0.49019607843137253
72,1,45,0.0,-0.5555555555555556,0.7111111111111111
72,2,51,0.0,0.0,0.13725490196078433
72,3,54,0.0,-0.37037037037037035,0.37037037037037035
72,4,49,0.0,0.0,0.7551020408163265
72,5,53,0.0,-0.018867924528301886,0.16981132075471697
72,6,52,0.0,-0.057692307692307696,0.36538461538461536
72,7,58,0.0,0.0,0.06896551724137931
72,8,62,0.0,0.0,0.3709677419354839
72,9,66,0.0,0.0,0.7272727272727273
72,10,71,0.0,-0.014084507042253521,0.04225352112676056
72,11,68,0.0,-0.029411764705882353,0.11764705882352941
72,12,54,0.0,0.0,0.2962962962962963
72,13,66,0.0,0.0,0.15151515151515152
72,14,60,0.0,-0.35,0.35
72,15,54,0.0,0.0,0.5740740740740741
72,16,71,0.0,0.0,0.5633802816901409
72,17,60,0.0,-0.03333333333333333,0.3333333333333333
72,18,66,0.5454545454545454,0.045454545454545414,0.36363636363636365
72,19,52,0.34615384615384615,0.34615384615384615,0.13461538461538464
72,20,92,0.09782608695652174,0.09782608695652174,0.31521739130434784
72,21,55,0.41818181818181815,0.41818181818181815,0.18181818181818182
72,22,57,0.49122807017543857,0.2982456140350877,0.19298245614035092
72,23,46,0.3695652173913043,-0.23913043478260876,0.23913043478260876
72,24,48,0.16666666666666666,0.16666666666666666,0.375
72,25,81,0.4567901234567901,0.4567901234567901,0.16049382716049382
72,26,73,0.2876712328767123,0.2876712328767123,0.0273972602739726
73,0,51,0.0,-0.49019607843137253,0.49019607843137253
73,1,45,0.0,-0.5555555555555556,0.7111111111111111
73,2,51,0.0,0.0,0.13725490196078433
73,3,54,0.0,-0.37037037037037035,0.37037037037037035
73,4,49,0.0,0.0,0.7551020408163265
73,5,53,0.0,-0.018867924528301886,0.16981132075471697
73,6,52,0.0,-0.057692307692307696,0.36538461538461536
73,7,58,0.0,0.0,0.06896551724137931
73,8,62,0.0,0.0,0.3709677419354839
73,9,66,0.0,0.0,0.7272727272727273
73,10,71,0.0,-0.014084507042253521,0.04225352112676056
73,11,68,0.0,-0.029411764705882353,0.11764705882352941
73,12,54,0.0,0.0,0.2962962962962963
73,13,66,0.0,0.0,0.15151515151515152
73,14,60,0.0,-0.35,0.35
73,15,54,0.0,0.0,0.5740740740740741
73,16,71,0.0,0.0,0.5633802816901409
73,17,60,0.0,-0.03333333333333333,0.3333333333333333
73,18,66,0.6363636363636364,0.13636363636363635,0.2727272727272727
73,19,52,0.4423076923076923,0.4423076923076923,0.03846153846153849
73,20,92,0.08695652173913043,0.08695652173913043,0.32608695652173914
73,21,55,0.38181818181818183,0.38181818181818183,0.21818181818181814
73,22,57,0.47368421052631576,0.2807017543859649,0.21052631578947373
73,23,46,0.34782608695652173,-0.26086956521739135,0.26086956521739135
73,24,48,0.4166666666666667,0.4166666666666667,0.12499999999999994
73,25,81,0.4074074074074074,0.4074074074074074,0.20987654320987653
73,26,73,0.136986301369863,0.136986301369863,0.1780821917808219
74,0,51,0.0,-0.49019607843137253,0.49019607843137253
74,1,45,0.0,-0.5555555555555556,0.7111111111111111
74,2,51,0.0,0.0,0.13725490196078433
74,3,54,0.0,-0.37037037037037035,0.37037037037037035
74,4,49,0.0,0.0,0.7551020408163265
74,5,53,0.0,-0.018867924528301886,0.16981132075471697
74,6,52,0.0,-0.057692307692307696,0.36538461538461536
74,7,58,0.0,0.0,0.06896551724137931
74,8,62,0.0,0.0,0.3709677419354839
74,9,66,0.0,0.0,0.7272727272727273
74,10,71,0.0,-0.014084507042253521,0.04225352112676056
74,11,68,0.0,-0.029411764705882353,0.11764705882352941
74,12,54,0.0,0.0,0.2962962962962963
74,13,66,0.0,0.0,0.15151515151515152
74,14,60,0.0,-0.35,0.35
74,15,54,0.0,0.0,0.5740740740740741
74,16,71,0.0,0.0,0.5633802816901409
74,17,60,0.0,-0.03333333333333333,0.3333333333333333
74,18,66,0.5,0.0,0.40909090909090906
74,19,52,0.3269230769230769,0.3269230769230769,0.15384615384615385
74,20,92,0.09782608695652174,0.09782608695652174,0.31521739130434784
74,21,55,0.509090909090909,0.509090909090909,0.09090909090909094
74,22,57,0.43859649122807015,0.24561403508771928,0.24561403508771934
74,23,46,0.391304347826087,-0.2173913043478261,0.2173913043478261
74,24,48,0.1875,0.1875,0.35416666666666663
74,25,81,0.5061728395061729,0.5061728395061729,0.11111111111111105
74,26,73,0.3561643835616438,0.3561643835616438,0.0
75,0,51,0.0,-0.49019607843137253,0.49019607843137253
75,1,45,0.0,-0.5555555555555556,0.7111111111111111
75,2,51,0.0,0.0,0.13725490196078433
75,3,54,0.0,-0.37037037037037035,0.37037037037037035
75,4,49,0.0,0.0,0.7551020408163265
75,5,53,0.0,-0.018867924528301886,0.16981132075471697
75,6,52,0.0,-0.057692307692307696,0.36538461538461536
75,7,58,0.0,0.0,0.06896551724137931
75,8,62,0.0,0.0,0.3709677419354839
75,9,66,0.0,0.0,0.7272727272727273
75,10,71,0.0,-0.014084507042253521,0.04225352112676056
75,11,68,0.0,-0.029411764705882353,0.11764705882352941
75,12,54,0.0,0.0,0.2962962962962963
75,13,66,0.0,0.0,0.15151515151515152
75,14,60,0.0,-0.35,0.35
75,15,54,0.0,0.0,0.5740740740740741
75,16,71,0.0,0.0,0.5633802816901409
75,17,60,0.0,-0.03333333333333333,0.3333333333333333
75,18,66,0.6060606060606061,0.10606060606060608,0.303030303030303
75,19,52,0.4423076923076923,0.4423076923076923,0.03846153846153849
75,20,92,0.08695652173913043,0.08695652173913043,0.32608695652173914
75,21,55,0.38181818181818183,0.38181818181818183,0.21818181818181814
75,22,57,0.5087719298245614,0.31578947368421056,0.17543859649122806
75,23,46,0.34782608695652173,-0.26086956521739135,0.26086956521739135
75,24,48,0.3958333333333333,0.3958333333333333,0.14583333333333331
75,25,81,0.38271604938271603,0.38271604938271603,0.2345679012345679
75,26,73,0.1917808219178082,0.1917808219178082,0.1643835616438356
76,0,51,0.0,-0.49019607843137253,0.49019607843137253
76,1,45,0.0,-0.5555555555555556,0.7111111111111111
76,2,51,0.0,0.0,0.13725490196078433
76,3,54,0.0,-0.37037037037037035,0.37037037037037035
76,4,49,0.0,0.0,0.7551020408163265
76,5,53,0.0,-0.018867924528301886,0.16981132075471697
76,6,52,0.0,-0.057692307692307696,0.36538461538461536
76,7,58,0.0,0.0,0.06896551724137931
76,8,62,0.0,0.0,0.3709677419354839
76,9,66,0.0,0.0,0.7272727272727273
76,10,71,0.0,-0.014084507042253521,0.04225352112676056
76,11,68,0.0,-0.029411764705882353,0.11764705882352941
76,12,54,0.0,0.0,0.2962962962962963
76,13,66,0.0,0.0,0.15151515151515152
76,14,60,0.0,-0.35,0.35
76,15,54,0.0,0.0,0.5740740740740741
76,16,71,0.0,0.0,0.5633802816901409
76,17,60,0.0,-0.03333333333333333,0.3333333333333333
76,18,66,0.48484848484848486,-0.015151515151515138,0.4242424242424242
76,19,52,0.2692307692307692,0.2692307692307692,0.21153846153846156
76,20,92,0.11956521739130435,0.11956521739130435,0.2934782608695652
76,21,55,0.45454545454545453,0.45454545454545453,0.14545454545454545
76,22,57,0.45614035087719296,0.2631578947368421,0.22807017543859653
76,23,46,0.41304347826086957,-0.19565217391304351,0.19565217391304351
76,24,48,0.3333333333333333,0.3333333333333333,0.20833333333333331
76,25,81,0.48148148148148145,0.48148148148148145,0.13580246913580246
76,26,73,0.3835616438356164,0.3835616438356164,0.0
77,0,51,0.0,-0.49019607843137253,0.49019607843137253
77,1,45,0.0,-0.5555555555555556,0.7111111111111111
77,2,51,0.0,0.0,0.13725490196078433
77,3,54,0.0,-0.37037037037037035,0.37037037037037035
77,4,49,0.0,0.0,0.7551020408163265
77,5,53,0.0,-0.018867924528301886,0.16981132075471697
77,6,52,0.0,-0.057692307692307696,0.36538461538461536
77,7,58,0.0,0.0,0.06896551724137931
77,8,62,0.0,0.0,0.3709677419354839
77,9,66,0.0,0.0,0.7272727272727273
77,10,71,0.0,-0.014084507042253521,0.04225352112676056
77,11,68,0.0,-0.029411764705882353,0.11764705882352941
77,12,54,0.0,0.0,0.2962962962962963
77,13,66,0.0,0.0,0.15151515151515152
77,14,60,0.0,-0.35,0.35
77,15,54,0.0,0.0,0.5740740740740741
77,16,71,0.0,0.0,0.5633802816901409
77,17,60,0.0,-0.03333333333333333,0.3333333333333333
77,18,66,0.6060606060606061,0.10606060606060608,0.303030303030303
77,19,52,0.4423076923076923,0.4423076923076923,0.03846153846153849
77,20,92,0.11956521739130435,0.11956521739130435,0.2934782608695652
77,21,55,0.43636363636363634,0.43636363636363634,0.16363636363636364
77,22,57,0.47368421052631576,0.2807017543859649,0.21052631578947373
77,23,46,0.3695652173913043,-0.23913043478260876,0.23913043478260876
77,24,48,0.3541666666666667,0.3541666666666667,0.18749999999999994
77,25,81,0.38271604938271603,0.38271604938271603,0.2345679012345679
77,26,73,0.2191780821917808,0.2191780821917808,0.1643835616438356
78,0,51,0.0,-0.49019607843137253,0.49019607843137253
78,1,45,0.0,-0.5555555555555556,0.7111111111111111
78,2,51,0.0,0.0,0.13725490196078433
78,3,54,0.0,-0.37037037037037035,0.37037037037037035
78,4,49,0.0,0.0,0.7551020408163265
78,5,53,0.0,-0.018867924528301886,0.16981132075471697
78,6,52,0.0,-0.057692307692307696,0.36538461538461536
78,7,58,0.0,0.0,0.06896551724137931
78,8,62,0.0,0.0,0.3709677419354839
78,9,66,0.0,0.0,0.7272727272727273
78,10,71,0.0,-0.014084507042253521,0.04225352112676056
78,11,68,0.0,-0.029411764705882353,0.11764705882352941
78,12,54,0.0,0.0,0.2962962962962963
78,13,66,0.0,0.0,0.15151515151515152
78,14,60,0.0,-0.35,0.35
78,15,54,0.0,0.0,0.5740740740740741
78,16,71,0.0,0.0,0.5633802816901409
78,17,60,0.0,-0.03333333333333333,0.3333333333333333
78,18,66,0.5151515151515151,0.015151515151515138,0.3939393939393939
78,19,52,0.3269230769230769,0.3269230769230769,0.15384615384615385
78,20,92,0.13043478260869565,0.13043478260869565,0.28260869565217395
78,21,55,0.38181818181818183,0.38181818181818183,0.21818181818181814
78,22,57,0.47368421052631576,0.2807017543859649,0.21052631578947373
78,23,46,0.41304347826086957,-0.19565217391304351,0.19565217391304351
78,24,48,0.3125,0.3125,0.22916666666666663
78,25,81,0.4691358024691358,0.4691358024691358,0.14814814814814814
78,26,73,0.3424657534246575,0.3424657534246575,0.0410958904109589
79,0,51,0.0,-0.49019607843137253,0.49019607843137253
79,1,45,0.0,-0.5555555555555556,0.7111111111111111
79,2,51,0.0,0.0,0.13725490196078433
79,3,54,0.0,-0.37037037037037035,0.37037037037037035
79,4,49,0.0,0.0,0.7551020408163265
79,5,53,0.0,-0.018867924528301886,0.16981132075471697
79,6,52,0.0,-0.057692307692307696,0.36538461538461536
79,7,58,0.0,0.0,0.06896551724137931
79,8,62,0.0,0.0,0.3709677419354839
79,9,66,0.0,0.0,0.7272727272727273
79,10,71,0.0,-0.014084507042253521,0.04225352112676056
79,11,68,0.0,-0.029411764705882353,0.11764705882352941
79,12,54,0.0,0.0,0.2962962962962963
79,13,66,0.0,0.0,0.15151515151515152
79,14,60,0.0,-0.35,0.35
79,15,54,0.0,0.0,0.5740740740740741
79,16,71,0.0,0.0,0.5633802816901409
79,17,60,0.0,-0.03333333333333333,0.3333333333333333
79,18,66,0.5151515151515151,0.015151515151515138,0.3939393939393939
79,19,52,0.4807692307692308,0.4807692307692308,0.0
79,20,92,0.06521739130434782,0.06521739130434782,0.34782608695652173
79,21,55,0.45454545454545453,0.45454545454545453,0.14545454545454545
79,22,57,0.49122807017543857,0.2982456140350877,0.19298245614035092
79,23,46,0.34782608695652173,-0.26086956521739135,0.26086956521739135
79,24,48,0.3541666666666667,0.3541666666666667,0.18749999999999994
79,25,81,0.5185185185185185,0.5185185185185185,0.09876543209876543
79,26,73,0.2054794520547945,0.2054794520547945,0.1780821917808219
80,0,51,0.0,-0.49019607843137253,0.49019607843137253
80,1,45,0.0,-0.5555555555555556,0.7111111111111111
80,2,51,0.0,0.0,0.13725490196078433
80,3,54,0.0,-0.37037037037037035,0.37037037037037035
80,4,49,0.0,0.0,0.7551020408163265
80,5,53,0.0,-0.018867924528301886,0.16981132075471697
80,6,52,0.0,-0.057692307692307696,0.36538461538461536
80,7,58,0.0,0.0,0.06896551724137931
80,8,62,0.0,0.0,0.3709677419354839
80,9,66,0.0,0.0,0.7272727272727273
80,10,71,0.0,-0.014084507042253521,0.04225352112676056
80,11,68,0.0,-0.029411764705882353,0.11764705882352941
80,12,54,0.0,0.0,0.2962962962962963
80,13,66,0.0,0.0,0.15151515151515152
80,14,60,0.0,-0.35,0.35
80,15,54,0.0,0.0,0.5740740740740741
80,16,71,0.0,0.0,0.5633802816901409
80,17,60,0.0,-0.03333333333333333,0.3333333333333333
80,18,66,0.5,0.0,0.40909090909090906
80,19,52,0.38461538461538464,0.38461538461538464,0.09615384615384615
80,20,92,0.13043478260869565,0.13043478260869565,0.28260869565217395
80,21,55,0.45454545454545453,0.45454545454545453,0.14545454545454545
80,22,57,0.42105263157894735,0.22807017543859648,0.26315789473684215
80,23,46,0.34782608695652173,-0.26086956521739135,0.26086956521739135
80,24,48,0.2916666666666667,0.2916666666666667,0.24999999999999994
80,25,81,0.5308641975308642,0.5308641975308642,0.08641975308641969
80,26,73,0.3424657534246575,0.3424657534246575,0.0410958904109589
81,0,51,0.0,-0.49019607843137253,0.49019607843137253
81,1,45,0.0,-0.5555555555555556,0.7111111111111111
81,2,51,0.0,0.0,0.13725490196078433
81,3,54,0.0,-0.37037037037037035,0.37037037037037035
81,4,49,0.0,0.0,0.7551020408163265
81,5,53,0.0,-0.018867924528301886,0.16981132075471697
81,6,52,0.0,-0.057692307692307696,0.36538461538461536
81,7,58,0.0,0.0,0.06896551724137931
81,8,62,0.0,0.0,0.3709677419354839
81,9,66,0.0,0.0,0.7272727272727273
81,10,71,0.0,-0.014084507042253521,0.04225352112676056
81,11,68,0.0,-0.029411764705882353,0.11764705882352941
81,12,54,0.0,0.0,0.2962962962962963
81,13,66,0.0,0.0,0.15151515151515152
81,14,60,0.0,-0.35,0.35
81,15,54,0.0,0.0,0.5740740740740741
81,16,71,0.0,0.0,0.5633802816901409
81,17,60,0.0,-0.03333333333333333,0.3333333333333333
81,18,66,0.5151515151515151,0.015151515151515138,0.3939393939393939
81,19,52,0.46153846153846156,0.46153846153846156,0.019230769230769218
81,20,92,0.07608695652173914,0.07608695652173914,0.33695652173913043
81,21,55,0.2909090909090909,0.2909090909090909,0.3090909090909091
81,22,57,0.543859649122807,0.3508771929824562,0.14035087719298245
81,23,46,0.41304347826086957,-0.19565217391304351,0.19565217391304351
81,24,48,0.4166666666666667,0.4166666666666667,0.12499999999999994
81,25,81,0.38271604938271603,0.38271604938271603,0.2345679012345679
81,26,73,0.136986301369863,0.136986301369863,0.2465753424657534
82,0,51,0.0,-0.49019607843137253,0.49019607843137253
82,1,45,0.0,-0.5555555555555556,0.7111111111111111
82,2,51,0.0,0.0,0.13725490196078433
82,3,54,0.0,-0.37037037037037035,0.37037037037037035
82,4,49,0.0,0.0,0.7551020408163265
82,5,53,0.0,-0.018867924528301886,0.16981132075471697
82,6,52,0.0,-0.057692307692307696,0.36538461538461536
82,7,58,0.0,0.0,0.06896551724137931
82,8,62,0.0,0.0,0.3709677419354839
82,9,66,0.0,0.0,0.7272727272727273
82,10,71,0.0,-0.014084507042253521,0.04225352112676056
82,11,68,0.0,-0.029411764705882353,0.11764705882352941
82,12,54,0.0,0.0,0.2962962962962963
82,13,66,0.0,0.0,0.15151515151515152
82,14,60,0.0,-0.35,0.35
82,15,54,0.0,0.0,0.5740740740740741
82,16,71,0.0,0.0,0.5633802816901409
82,17,60,0.0,-0.03333333333333333,0.3333333333333333
82,18,66,0.48484848484848486,-0.015151515151515138,0.4242424242424242
82,19,52,0.2692307692307692,0.2692307692307692,0.21153846153846156
82,20,92,0.09782608695652174,0.09782608695652174,0.31521739130434784
82,21,55,0.5454545454545454,0.5454545454545454,0.054545454545454564
82,22,57,0.3508771929824561,0.15789473684210525,0.33333333333333337
82,23,46,0.34782608695652173,-0.26086956521739135,0.26086956521739135
82,24,48,0.20833333333333334,0.20833333333333334,0.33333333333333326
82,25,81,0.5679012345679012,0.5679012345679012,0.04938271604938271
82,26,73,0.4246575342465753,0.4246575342465753,0.0
83,0,51,0.0,-0.49019607843137253,0.49019607843137253
83,1,45,0.0,-0.5555555555555556,0.7111111111111111
83,2,51,0.0,0.0,0.13725490196078433
83,3,54,0.0,-0.37037037037037035,0.37037037037037035
83,4,49,0.0,0.0,0.7551020408163265
83,5,53,0.0,-0.018867924528301886,0.16981132075471697
83,6,52,0.0,-0.057692307692307696,0.36538461538461536
83,7,58,0.0,0.0,0.06896551724137931
83,8,62,0.0,0.0,0.3709677419354839
83,9,66,0.0,0.0,0.7272727272727273
83,10,71,0.0,-0.014084507042253521,0.04225352112676056
83,11,68,0.0,-0.029411764705882353,0.11764705882352941
83,12,54,0.0,0.0,0.2962962962962963
83,13,66,0.0,0.0,0.15151515151515152
83,14,60,0.0,-0.35,0.35
83,15,54,0.0,0.0,0.5740740740740741
83,16,71,0.0,0.0,0.5633802816901409
83,17,60,0.0,-0.03333333333333333,0.3333333333333333
83,18,66,0.5,0.0,0.40909090909090906
83,19,52,0.5,0.5,0.0
83,20,92,0.09782608695652174,0.09782608695652174,0.31521739130434784
83,21,55,0.4,0.4,0.19999999999999996
83,22,57,0.543859649122807,0.3508771929824562,0.14035087719298245
83,23,46,0.41304347826086957,-0.19565217391304351,0.19565217391304351
83,24,48,0.3958333333333333,0.3958333333333333,0.14583333333333331
83,25,81,0.32098765432098764,0.32098765432098764,0.2962962962962963
83,26,73,0.1506849315068493,0.1506849315068493,0.273972602739726
84,0,51,0.0,-0.49019607843137253,0.49019607843137253
84,1,45,0.0,-0.5555555555555556,0.7111111111111111
84,2,51,0.0,0.0,0.13725490196078433
84,3,54,0.0,-0.37037037037037035,0.37037037037037035
84,4,49,0.0,0.0,0.7551020408163265
84,5,53,0.0,-0.018867924528301886,0.16981132075471697
84,6,52,0.0,-0.057692307692307696,0.36538461538461536
84,7,58,0.0,0.0,0.06896551724137931
84,8,62,0.0,0.0,0.3709677419354839
84,9,66,0.0,0.0,0.7272727272727273
84,10,71,0.0,-0.014084507042253521,0.04225352112676056
84,11,68,0.0,-0.029411764705882353,0.11764705882352941
84,12,54,0.0,0.0,0.2962962962962963
84,13,66,0.0,0.0,0.15151515151515152
84,14,60,0.0,-0.35,0.35
84,15,54,0.0,0.0,0.5740740740740741
84,16,71,0.0,0.0,0.5633802816901409
84,17,60,0.0,-0.03333333333333333,0.3333333333333333
84,18,66,0.5151515151515151,0.015151515151515138,0.3939393939393939
84,19,52,0.3076923076923077,0.3076923076923077,0.1923076923076923
84,20,92,0.10869565217391304,0.10869565217391304,0.30434782608695654
84,21,55,0.509090909090909,0.509090909090909,0.09090909090909094
84,22,57,0.42105263157894735,0.22807017543859648,0.26315789473684215
84,23,46,0.32608695652173914,-0.28260869565217395,0.28260869565217395
84,24,48,0.25,0.25,0.29166666666666663
84,25,81,0.5555555555555556,0.5555555555555556,0.061728395061728336
84,26,73,0.3835616438356164,0.3835616438356164,0.0410958904109589
85,0,51,0.0,-0.49019607843137253,0.49019607843137253
85,1,45,0.0,-0.5555555555555556,0.7111111111111111
85,2,51,0.0,0.0,0.13725490196078433
85,3,54,0.0,-0.37037037037037035,0.37037037037037035
85,4,49,0.0,0.0,0.7551020408163265
85,5,53,0.0,-0.018867924528301886,0.16981132075471697
85,6,52,0.0,-0.057692307692307696,0.36538461538461536
85,7,58,0.0,0.0,0.06896551724137931
85,8,62,0.0,0.0,0.3709677419354839
85,9,66,0.0,0.0,0.7272727272727273
85,10,71,0.0,-0.014084507042253521,0.04225352112676056
85,11,68,0.0,-0.029411764705882353,0.11764705882352941
85,12,54,0.0,0.0,0.2962962962962963
85,13,66,0.0,0.0,0.15151515151515152
85,14,60,0.0,-0.35,0.35
85,15,54,0.0,0.0,0.5740740740740741
85,16,71,0.0,0.0,0.5633802816901409
85,17,60,0.0,-0.03333333333333333,0.3333333333333333
85,18,66,0.5151515151515151,0.015151515151515138,0.3939393939393939
85,19,52,0.46153846153846156,0.46153846153846156,0.038461538461538436
85,20,92,0.06521739130434782,0.06521739130434782,0.34782608695652173
85,21,55,0.34545454545454546,0.34545454545454546,0.2545454545454545
85,22,57,0.5263157894736842,0.3333333333333333,0.1578947368421053
85,23,46,0.391304347826087,-0.2173913043478261,0.2173913043478261
85,24,48,0.375,0.375,0.16666666666666663
85,25,81,0.38271604938271603,0.38271604938271603,0.2345679012345679
85,26,73,0.1917808219178082,0.1917808219178082,0.2328767123287671
86,0,51,0.0,-0.49019607843137253,0.49019607843137253
86,1,45,0.0,-0.5555555555555556,0.7111111111111111
86,2,51,0.0,0.0,0.13725490196078433
86,3,54,0.0,-0.37037037037037035,0.37037037037037035
86,4,49,0.0,0.0,0.7551020408163265
86,5,53,0.0,-0.018867924528301886,0.16981132075471697
86,6,52,0.0,-0.057692307692307696,0.36538461538461536
86,7,58,0.0,0.0,0.06896551724137931
86,8,62,0.0,0.0,0.3709677419354839
86,9,66,0.0,0.0,0.7272727272727273
86,10,71,0.0,-0.014084507042253521,0.04225352112676056
86,11,68,0.0,-0.029411764705882353,0.11764705882352941
86,12,54,0.0,0.0,0.2962962962962963
86,13,66,0.0,0.0,0.15151515151515152
86,14,60,0.0,-0.35,0.35
86,15,54,0.0,0.0,0.5740740740740741
86,16,71,0.0,0.0,0.5633802816901409
86,17,60,0.0,-0.03333333333333333,0.3333333333333333
86,18,66,0.5151515151515151,0.015151515151515138,0.3939393939393939
86,19,52,0.2692307692307692,0.2692307692307692,0.23076923076923078
86,20,92,0.10869565217391304,0.10869565217391304,0.30434782608695654
86,21,55,0.4727272727272727,0.4727272727272727,0.12727272727272726
86,22,57,0.43859649122807015,0.24561403508771928,0.24561403508771934
86,23,46,0.32608695652173914,-0.28260869565217395,0.28260869565217395
86,24,48,0.20833333333333334,0.20833333333333334,0.33333333333333326
86,25,81,0.5555555555555556,0.5555555555555556,0.061728395061728336
86,26,73,0.3835616438356164,0.3835616438356164,0.0410958904109589
87,0,51,0.0,-0.49019607843137253,0.49019607843137253
87,1,45,0.0,-0.5555555555555556,0.7111111111111111
87,2,51,0.0,0.0,0.13725490196078433
87,3,54,0.0,-0.37037037037037035,0.37037037037037035
87,4,49,0.0,0.0,0.7551020408163265
87,5,53,0.0,-0.018867924528301886,0.16981132075471697
87,6,52,0.0,-0.057692307692307696,0.36538461538461536
87,7,58,0.0,0.0,0.06896551724137931
87,8,62,0.0,0.0,0.3709677419354839
87,9,66,0.0,0.0,0.7272727272727273
87,10,71,0.0,-0.014084507042253521,0.04225352112676056
87,11,68,0.0,-0.029411764705882353,0.11764705882352941
87,12,54,0.0,0.0,0.2962962962962963
87,13,66,0.0,0.0,0.15151515151515152
87,14,60,0.0,-0.35,0.35
87,15,54,0.0,0.0,0.5740740740740741
87,16,71,0.0,0.0,0.5633802816901409
87,17,60,0.0,-0.03333333333333333,0.3333333333333333
87,18,66,0.48484848484848486,-0.015151515151515138,0.4242424242424242
87,19,52,0.4230769230769231,0.4230769230769231,0.07692307692307693
87,20,92,0.08695652173913043,0.08695652173913043,0.32608695652173914
87,21,55,0.41818181818181815,0.41818181818181815,0.18181818181818182
87,22,57,0.47368421052631576,0.2807017543859649,0.21052631578947373
87,23,46,0.391304347826087,-0.2173913043478261,0.2173913043478261
87,24,48,0.375,0.375,0.16666666666666663
87,25,81,0.4691358024691358,0.4691358024691358,0.14814814814814814
87,26,73,0.2191780821917808,0.2191780821917808,0.2054794520547945
88,0,51,0.0,-0.49019607843137253,0.49019607843137253
88,1,45,0.0,-0.5555555555555556,0.7111111111111111
88,2,51,0.0,0.0,0.13725490196078433
88,3,54,0.0,-0.37037037037037035,0.37037037037037035
88,4,49,0.0,0.0,0.7551020408163265
88,5,53,0.0,-0.018867924528301886,0.16981132075471697
88,6,52,0.0,-0.057692307692307696,0.36538461538461536
88,7,58,0.0,0.0,0.06896551724137931
88,8,62,0.0,0.0,0.3709677419354839
88,9,66,0.0,0.0,0.7272727272727273
88,10,71,0.0,-0.014084507042253521,0.04225352112676056
88,11,68,0.0,-0.029411764705882353,0.11764705882352941
88,12,54,0.0,0.0,0.2962962962962963
88,13,66,0.0,0.0,0.15151515151515152
88,14,60,0.0,-0.35,0.35
88,15,54,0.0,0.0,0.5740740740740741
88,16,71,0.0,0.0,0.5633802816901409
88,17,60,0.0,-0.03333333333333333,0.3333333333333333
88,18,66,0.4696969696969697,-0.030303030303030276,0.43939393939393934
88,19,52,0.28846153846153844,0.28846153846153844,0.21153846153846156
88,20,92,0.10869565217391304,0.10869565217391304,0.30434782608695654
88,21,55,0.45454545454545453,0.45454545454545453,0.14545454545454545
88,22,57,0.40350877192982454,0.21052631578947367,0.28070175438596495
88,23,46,0.34782608695652173,-0.26086956521739135,0.26086956521739135
88,24,48,0.2708333333333333,0.2708333333333333,0.2708333333333333
88,25,81,0.5308641975308642,0.5308641975308642,0.08641975308641969
88,26,73,0.4246575342465753,0.4246575342465753,0.0
89,0,51,0.0,-0.49019607843137253,0.49019607843137253
89,1,45,0.0,-0.5555555555555556,0.7111111111111111
89,2,51,0.0,0.0,0.13725490196078433
89,3,54,0.0,-0.37037037037037035,0.37037037037037035
89,4,49,0.0,0.0,0.7551020408163265
89,5,53,0.0,-0.018867924528301886,0.16981132075471697
89,6,52,0.0,-0.057692307692307696,0.36538461538461536
89,7,58,0.0,0.0,0.06896551724137931
89,8,62,0.0,0.0,0.3709677419354839
89,9,66,0.0,0.0,0.7272727272727273
89,10,71,0.0,-0.014084507042253521,0.04225352112676056
89,11,68,0.0,-0.029411764705882353,0.11764705882352941
89,12,54,0.0,0.0,0.2962962962962963
89,13,66,0.0,0.0,0.15151515151515152
89,14,60,0.0,-0.35,0.35
89,15,54,0.0,0.0,0.5740740740740741
89,16,71,0.0,0.0,0.5633802816901409
89,17,60,0.0,-0.03333333333333333,0.3333333333333333
89,18,66,0.5151515151515151,0.015151515151515138,0.3939393939393939
89,19,52,0.46153846153846156,0.46153846153846156,0.038461538461538436
89,20,92,0.07608695652173914,0.07608695652173914,0.33695652173913043
89,21,55,0.45454545454545453,0.45454545454545453,0.14545454545454545
89,22,57,0.49122807017543857,0.2982456140350877,0.19298245614035092
89,23,46,0.41304347826086957,-0.19565217391304351,0.19565217391304351
89,24,48,0.375,0.375,0.16666666666666663
89,25,81,0.3950617283950617,0.3950617283950617,0.2222222222222222
89,26,73,0.2602739726027397,0.2602739726027397,0.1643835616438356
90,0,51,0.0,-0.49019607843137253,0.49019607843137253
90,1,45,0.0,-0.5555555555555556,0.7111111111111111
90,2,51,0.0,0.0,0.13725490196078433
90,3,54,0.0,-0.37037037037037035,0.37037037037037035
90,4,49,0.0,0.0,0.7551020408163265
90,5,53,0.0,-0.018867924528301886,0.16981132075471697
90,6,52,0.0,-0.057692307692307696,0.36538461538461536
90,7,58,0.0,0.0,0.06896551724137931
90,8,62,0.0,0.0,0.3709677419354839
90,9,66,0.0,0.0,0.7272727272727273
90,10,71,0.0,-0.014084507042253521,0.04225352112676056
90,11,68,0.0,-0.029411764705882353,0.11764705882352941
90,12,54,0.0,0.0,0.2962962962962963
90,13,66,0.0,0.0,0.15151515151515152
90,14,60,0.0,-0.35,0.35
90,15,54,0.0,0.0,0.5740740740740741
90,16,71,0.0,0.0,0.5633802816901409
90,17,60,0.0,-0.03333333333333333,0.3333333333333333
90,18,66,0.48484848484848486,-0.015151515151515138,0.4242424242424242
90,19,52,0.28846153846153844,0.28846153846153844,0.21153846153846156
90,20,92,0.10869565217391304,0.10869565217391304,0.30434782608695654
90,21,55,0.45454545454545453,0.45454545454545453,0.14545454545454545
90,22,57,0.42105263157894735,0.22807017543859648,0.26315789473684215
90,23,46,0.34782608695652173,-0.26086956521739135,0.26086956521739135
90,24,48,0.22916666666666666,0.22916666666666666,0.3125
90,25,81,0.5185185185185185,0.5185185185185185,0.09876543209876543
90,26,73,0.4383561643835616,0.4383561643835616,0.0
