round,class_id,n,acc,bwt,forgetting
1,0,51,0.7254901960784313,,
1,1,45,0.06666666666666667,,
1,2,51,0.0,,
1,3,54,0.0,,
1,4,49,0.0,,
1,5,53,0.0,,
1,6,52,0.0,,
1,7,58,0.0,,
1,8,62,0.5806451612903226,,
2,0,51,0.43137254901960786,-0.2941176470588235,0.2941176470588235
2,1,45,0.08888888888888889,0.022222222222222227,0.0
2,2,51,0.058823529411764705,0.058823529411764705,0.0
2,3,54,0.0,0.0,0.0
2,4,49,0.08163265306122448,0.08163265306122448,0.0
2,5,53,0.37735849056603776,0.37735849056603776,0.0
2,6,52,0.0,0.0,0.0
2,7,58,0.017241379310344827,0.017241379310344827,0.0
2,8,62,0.6935483870967742,0.11290322580645162,0.0
3,0,51,0.6078431372549019,-0.11764705882352944,0.11764705882352944
3,1,45,0.044444444444444446,-0.02222222222222222,0.044444444444444446
3,2,51,0.0,0.0,0.058823529411764705
3,3,54,0.0,0.0,0.0
3,4,49,0.08163265306122448,0.08163265306122448,0.0
3,5,53,0.18867924528301888,0.18867924528301888,0.18867924528301888
3,6,52,0.0,0.0,0.0
3,7,58,0.0,0.0,0.017241379310344827
3,8,62,0.7580645161290323,0.17741935483870963,0.0
4,0,51,0.6274509803921569,-0.0980392156862745,0.0980392156862745
4,1,45,0.06666666666666667,0.0,0.022222222222222227
4,2,51,0.0196078431372549,0.0196078431372549,0.0392156862745098
4,3,54,0.0,0.0,0.0
4,4,49,0.12244897959183673,0.12244897959183673,0.0
4,5,53,0.1320754716981132,0.1320754716981132,0.24528301886792456
4,6,52,0.057692307692307696,0.057692307692307696,0.0
4,7,58,0.0,0.0,0.017241379310344827
4,8,62,0.8225806451612904,0.24193548387096775,0.0
5,0,51,0.37254901960784315,-0.3529411764705882,0.3529411764705882
5,1,45,0.06666666666666667,0.0,0.022222222222222227
5,2,51,0.23529411764705882,0.23529411764705882,0.0
5,3,54,0.018518518518518517,0.018518518518518517,0.0
5,4,49,0.20408163265306123,0.20408163265306123,0.0
5,5,53,0.24528301886792453,0.24528301886792453,0.13207547169811323
5,6,52,0.057692307692307696,0.057692307692307696,0.0
5,7,58,0.08620689655172414,0.08620689655172414,0.0
5,8,62,0.7580645161290323,0.17741935483870963,0.06451612903225812
6,0,51,0.39215686274509803,-0.3333333333333333,0.3333333333333333
6,1,45,0.13333333333333333,0.06666666666666667,0.0
6,2,51,0.23529411764705882,0.23529411764705882,0.0
6,3,54,0.0,0.0,0.018518518518518517
6,4,49,0.2857142857142857,0.2857142857142857,0.0
6,5,53,0.20754716981132076,0.20754716981132076,0.169811320754717
6,6,52,0.09615384615384616,0.09615384615384616,0.0
6,7,58,0.13793103448275862,0.13793103448275862,0.0
6,8,62,0.6451612903225806,0.06451612903225801,0.17741935483870974
7,0,51,0.37254901960784315,-0.3529411764705882,0.3529411764705882
7,1,45,0.13333333333333333,0.06666666666666667,0.0
7,2,51,0.2549019607843137,0.2549019607843137,0.0
7,3,54,0.018518518518518517,0.018518518518518517,0.0
7,4,49,0.22448979591836735,0.22448979591836735,0.06122448979591835
7,5,53,0.22641509433962265,0.22641509433962265,0.15094339622641512
7,6,52,0.17307692307692307,0.17307692307692307,0.0
7,7,58,0.1724137931034483,0.1724137931034483,0.0
7,8,62,0.532258064516129,-0.048387096774193616,0.29032258064516137
8,0,51,0.35294117647058826,-0.3725490196078431,0.3725490196078431
8,1,45,0.13333333333333333,0.06666666666666667,0.0
8,2,51,0.2549019607843137,0.2549019607843137,0.0
8,3,54,0.018518518518518517,0.018518518518518517,0.0
8,4,49,0.16326530612244897,0.16326530612244897,0.12244897959183673
8,5,53,0.22641509433962265,0.22641509433962265,0.15094339622641512
8,6,52,0.19230769230769232,0.19230769230769232,0.0
8,7,58,0.25862068965517243,0.25862068965517243,0.0
8,8,62,0.5,-0.08064516129032262,0.32258064516129037
9,0,51,0.37254901960784315,-0.3529411764705882,0.3529411764705882
9,1,45,0.17777777777777778,0.11111111111111112,0.0
9,2,51,0.27450980392156865,0.27450980392156865,0.0
9,3,54,0.037037037037037035,0.037037037037037035,0.0
9,4,49,0.1836734693877551,0.1836734693877551,0.10204081632653059
9,5,53,0.22641509433962265,0.22641509433962265,0.15094339622641512
9,6,52,0.25,0.25,0.0
9,7,58,0.15517241379310345,0.15517241379310345,0.10344827586206898
9,8,62,0.43548387096774194,-0.14516129032258068,0.38709677419354843
10,0,51,0.3333333333333333,-0.39215686274509803,0.39215686274509803
10,1,45,0.15555555555555556,0.08888888888888889,0.022222222222222227
10,2,51,0.2549019607843137,0.2549019607843137,0.019607843137254943
10,3,54,0.037037037037037035,0.037037037037037035,0.0
10,4,49,0.14285714285714285,0.14285714285714285,0.14285714285714285
10,5,53,0.22641509433962265,0.22641509433962265,0.15094339622641512
10,6,52,0.2692307692307692,0.2692307692307692,0.0
10,7,58,0.25862068965517243,0.25862068965517243,0.0
10,8,62,0.4838709677419355,-0.09677419354838712,0.33870967741935487
11,0,51,0.0,-0.7254901960784313,0.7254901960784313
11,1,45,0.0,-0.06666666666666667,0.17777777777777778
11,2,51,0.0,0.0,0.27450980392156865
11,3,54,0.0,0.0,0.037037037037037035
11,4,49,0.0,0.0,0.2857142857142857
11,5,53,0.0,0.0,0.37735849056603776
11,6,52,0.0,0.0,0.2692307692307692
11,7,58,0.0,0.0,0.25862068965517243
11,8,62,0.0,-0.5806451612903226,0.8225806451612904
11,9,66,0.0,,
11,10,71,0.0,,
11,11,68,0.0,,
11,12,54,0.0,,
11,13,66,0.9848484848484849,,
11,14,60,0.0,,
11,15,54,0.0,,
11,16,71,0.0,,
11,17,60,0.0,,
12,0,51,0.0,-0.7254901960784313,0.7254901960784313
12,1,45,0.0,-0.06666666666666667,0.17777777777777778
12,2,51,0.0,0.0,0.27450980392156865
12,3,54,0.0,0.0,0.037037037037037035
12,4,49,0.0,0.0,0.2857142857142857
12,5,53,0.0,0.0,0.37735849056603776
12,6,52,0.0,0.0,0.2692307692307692
12,7,58,0.0,0.0,0.25862068965517243
12,8,62,0.0,-0.5806451612903226,0.8225806451612904
12,9,66,0.0,0.0,0.0
12,10,71,0.29577464788732394,0.29577464788732394,0.0
12,11,68,0.35294117647058826,0.35294117647058826,0.0
12,12,54,0.0,0.0,0.0
12,13,66,0.0,-0.9848484848484849,0.9848484848484849
12,14,60,0.06666666666666667,0.06666666666666667,0.0
12,15,54,0.0,0.0,0.0
12,16,71,0.22535211267605634,0.22535211267605634,0.0
12,17,60,0.31666666666666665,0.31666666666666665,0.0
13,0,51,0.0,-0.7254901960784313,0.7254901960784313
13,1,45,0.0,-0.06666666666666667,0.17777777777777778
13,2,51,0.0,0.0,0.27450980392156865
13,3,54,0.0,0.0,0.037037037037037035
13,4,49,0.0,0.0,0.2857142857142857
13,5,53,0.018867924528301886,0.018867924528301886,0.3584905660377359
13,6,52,0.0,0.0,0.2692307692307692
13,7,58,0.0,0.0,0.25862068965517243
13,8,62,0.0,-0.5806451612903226,0.8225806451612904
13,9,66,0.10606060606060606,0.10606060606060606,0.0
13,10,71,0.0,0.0,0.29577464788732394
13,11,68,0.25,0.25,0.10294117647058826
13,12,54,0.018518518518518517,0.018518518518518517,0.0
13,13,66,0.30303030303030304,-0.6818181818181819,0.6818181818181819
13,14,60,0.0,0.0,0.06666666666666667
13,15,54,0.7037037037037037,0.7037037037037037,0.0
13,16,71,0.29577464788732394,0.29577464788732394,0.0
13,17,60,0.06666666666666667,0.06666666666666667,0.25
14,0,51,0.0,-0.7254901960784313,0.7254901960784313
14,1,45,0.0,-0.06666666666666667,0.17777777777777778
14,2,51,0.0,0.0,0.27450980392156865
14,3,54,0.0,0.0,0.037037037037037035
14,4,49,0.0,0.0,0.2857142857142857
14,5,53,0.018867924528301886,0.018867924528301886,0.3584905660377359
14,6,52,0.0,0.0,0.2692307692307692
14,7,58,0.0,0.0,0.25862068965517243
14,8,62,0.0,-0.5806451612903226,0.8225806451612904
14,9,66,0.07575757575757576,0.07575757575757576,0.030303030303030304
14,10,71,0.2535211267605634,0.2535211267605634,0.04225352112676056
14,11,68,0.38235294117647056,0.38235294117647056,0.0
14,12,54,0.018518518518518517,0.018518518518518517,0.0
14,13,66,0.015151515151515152,-0.9696969696969697,0.9696969696969697
14,14,60,0.25,0.25,0.0
14,15,54,0.2222222222222222,0.2222222222222222,0.4814814814814815
14,16,71,0.23943661971830985,0.23943661971830985,0.05633802816901409
14,17,60,0.45,0.45,0.0
15,0,51,0.0,-0.7254901960784313,0.7254901960784313
15,1,45,0.0,-0.06666666666666667,0.17777777777777778
15,2,51,0.0,0.0,0.27450980392156865
15,3,54,0.0,0.0,0.037037037037037035
15,4,49,0.0,0.0,0.2857142857142857
15,5,53,0.07547169811320754,0.07547169811320754,0.30188679245283023
15,6,52,0.0,0.0,0.2692307692307692
15,7,58,0.0,0.0,0.25862068965517243
15,8,62,0.0,-0.5806451612903226,0.8225806451612904
15,9,66,0.3787878787878788,0.3787878787878788,0.0
15,10,71,0.028169014084507043,0.028169014084507043,0.2676056338028169
15,11,68,0.22058823529411764,0.22058823529411764,0.16176470588235292
15,12,54,0.09259259259259259,0.09259259259259259,0.0
15,13,66,0.10606060606060606,-0.8787878787878788,0.8787878787878788
15,14,60,0.016666666666666666,0.016666666666666666,0.23333333333333334
15,15,54,0.5555555555555556,0.5555555555555556,0.14814814814814814
15,16,71,0.38028169014084506,0.38028169014084506,0.0
15,17,60,0.45,0.45,0.0
16,0,51,0.0,-0.7254901960784313,0.7254901960784313
16,1,45,0.0,-0.06666666666666667,0.17777777777777778
16,2,51,0.0,0.0,0.27450980392156865
16,3,54,0.0,0.0,0.037037037037037035
16,4,49,0.0,0.0,0.2857142857142857
16,5,53,0.03773584905660377,0.03773584905660377,0.339622641509434
16,6,52,0.0,0.0,0.2692307692307692
16,7,58,0.0,0.0,0.25862068965517243
16,8,62,0.0,-0.5806451612903226,0.8225806451612904
16,9,66,0.21212121212121213,0.21212121212121213,0.16666666666666666
16,10,71,0.2535211267605634,0.2535211267605634,0.04225352112676056
16,11,68,0.4852941176470588,0.4852941176470588,0.0
16,12,54,0.018518518518518517,0.018518518518518517,0.07407407407407407
16,13,66,0.015151515151515152,-0.9696969696969697,0.9696969696969697
16,14,60,0.15,0.15,0.1
16,15,54,0.4074074074074074,0.4074074074074074,0.29629629629629634
16,16,71,0.29577464788732394,0.29577464788732394,0.08450704225352113
16,17,60,0.5333333333333333,0.5333333333333333,0.0
17,0,51,0.0,-0.7254901960784313,0.7254901960784313
17,1,45,0.0,-0.06666666666666667,0.17777777777777778
17,2,51,0.0,0.0,0.27450980392156865
17,3,54,0.0,0.0,0.037037037037037035
17,4,49,0.0,0.0,0.2857142857142857
17,5,53,0.03773584905660377,0.03773584905660377,0.339622641509434
17,6,52,0.0,0.0,0.2692307692307692
17,7,58,0.0,0.0,0.25862068965517243
17,8,62,0.0,-0.5806451612903226,0.8225806451612904
17,9,66,0.3333333333333333,0.3333333333333333,0.04545454545454547
17,10,71,0.08450704225352113,0.08450704225352113,0.2112676056338028
17,11,68,0.29411764705882354,0.29411764705882354,0.19117647058823528
17,12,54,0.1111111111111111,0.1111111111111111,0.0
17,13,66,0.24242424242424243,-0.7424242424242424,0.7424242424242424
17,14,60,0.05,0.05,0.2
17,15,54,0.6481481481481481,0.6481481481481481,0.05555555555555558
17,16,71,0.36619718309859156,0.36619718309859156,0.014084507042253502
17,17,60,0.3333333333333333,0.3333333333333333,0.2
18,0,51,0.0,-0.7254901960784313,0.7254901960784313
18,1,45,0.0,-0.06666666666666667,0.17777777777777778
18,2,51,0.0,0.0,0.27450980392156865
18,3,54,0.0,0.0,0.037037037037037035
18,4,49,0.0,0.0,0.2857142857142857
18,5,53,0.018867924528301886,0.018867924528301886,0.3584905660377359
18,6,52,0.0,0.0,0.2692307692307692
18,7,58,0.0,0.0,0.25862068965517243
18,8,62,0.0,-0.5806451612903226,0.8225806451612904
18,9,66,0.21212121212121213,0.21212121212121213,0.16666666666666666
18,10,71,0.30985915492957744,0.30985915492957744,0.0
18,11,68,0.5,0.5,0.0
18,12,54,0.037037037037037035,0.037037037037037035,0.07407407407407407
18,13,66,0.045454545454545456,-0.9393939393939394,0.9393939393939394
18,14,60,0.11666666666666667,0.11666666666666667,0.13333333333333333
18,15,54,0.4074074074074074,0.4074074074074074,0.29629629629629634
18,16,71,0.29577464788732394,0.29577464788732394,0.08450704225352113
18,17,60,0.38333333333333336,0.38333333333333336,0.14999999999999997
19,0,51,0.0,-0.7254901960784313,0.7254901960784313
19,1,45,0.0,-0.06666666666666667,0.17777777777777778
19,2,51,0.0,0.0,0.27450980392156865
19,3,54,0.0,0.0,0.037037037037037035
19,4,49,0.0,0.0,0.2857142857142857
19,5,53,0.018867924528301886,0.018867924528301886,0.3584905660377359
19,6,52,0.0,0.0,0.2692307692307692
19,7,58,0.0,0.0,0.25862068965517243
19,8,62,0.0,-0.5806451612903226,0.8225806451612904
19,9,66,0.3484848484848485,0.3484848484848485,0.030303030303030276
19,10,71,0.14084507042253522,0.14084507042253522,0.16901408450704222
19,11,68,0.3382352941176471,0.3382352941176471,0.16176470588235292
19,12,54,0.1111111111111111,0.1111111111111111,0.0
19,13,66,0.30303030303030304,-0.6818181818181819,0.6818181818181819
19,14,60,0.1,0.1,0.15
19,15,54,0.6111111111111112,0.6111111111111112,0.09259259259259256
19,16,71,0.3380281690140845,0.3380281690140845,0.04225352112676056
19,17,60,0.26666666666666666,0.26666666666666666,0.26666666666666666
20,0,51,0.0,-0.7254901960784313,0.7254901960784313
20,1,45,0.0,-0.06666666666666667,0.17777777777777778
20,2,51,0.0,0.0,0.27450980392156865
20,3,54,0.0,0.0,0.037037037037037035
20,4,49,0.0,0.0,0.2857142857142857
20,5,53,0.05660377358490566,0.05660377358490566,0.3207547169811321
20,6,52,0.0,0.0,0.2692307692307692
20,7,58,0.0,0.0,0.25862068965517243
20,8,62,0.0,-0.5806451612903226,0.8225806451612904
20,9,66,0.19696969696969696,0.19696969696969696,0.18181818181818182
20,10,71,0.323943661971831,0.323943661971831,0.0
20,11,68,0.5147058823529411,0.5147058823529411,0.0
20,12,54,0.05555555555555555,0.05555555555555555,0.05555555555555555
20,13,66,0.045454545454545456,-0.9393939393939394,0.9393939393939394
20,14,60,0.11666666666666667,0.11666666666666667,0.13333333333333333
20,15,54,0.37037037037037035,0.37037037037037035,0.33333333333333337
20,16,71,0.30985915492957744,0.30985915492957744,0.07042253521126762
20,17,60,0.4166666666666667,0.4166666666666667,0.11666666666666664
21,0,51,0.0,-0.7254901960784313,0.7254901960784313
21,1,45,0.0,-0.06666666666666667,0.17777777777777778
21,2,51,0.0,0.0,0.27450980392156865
21,3,54,0.0,0.0,0.037037037037037035
21,4,49,0.0,0.0,0.2857142857142857
21,5,53,0.0,0.0,0.37735849056603776
21,6,52,0.0,0.0,0.2692307692307692
21,7,58,0.0,0.0,0.25862068965517243
21,8,62,0.0,-0.5806451612903226,0.8225806451612904
21,9,66,0.0,0.0,0.3787878787878788
21,10,71,0.0,0.0,0.323943661971831
21,11,68,0.0,0.0,0.5147058823529411
21,12,54,0.0,0.0,0.1111111111111111
21,13,66,0.0,-0.9848484848484849,0.9848484848484849
21,14,60,0.0,0.0,0.25
21,15,54,0.0,0.0,0.7037037037037037
21,16,71,0.0,0.0,0.38028169014084506
21,17,60,0.0,0.0,0.5333333333333333
21,18,66,0.0,,
21,19,52,0.0,,
21,20,92,0.967391304347826,,
21,21,55,0.0,,
21,22,57,0.0,,
21,23,46,0.0,,
21,24,48,0.0625,,
21,25,81,0.0,,
21,26,73,0.0410958904109589,,
22,0,51,0.0,-0.7254901960784313,0.7254901960784313
22,1,45,0.0,-0.06666666666666667,0.17777777777777778
22,2,51,0.0,0.0,0.27450980392156865
22,3,54,0.0,0.0,0.037037037037037035
22,4,49,0.0,0.0,0.2857142857142857
22,5,53,0.0,0.0,0.37735849056603776
22,6,52,0.0,0.0,0.2692307692307692
22,7,58,0.0,0.0,0.25862068965517243
22,8,62,0.0,-0.5806451612903226,0.8225806451612904
22,9,66,0.0,0.0,0.3787878787878788
22,10,71,0.0,0.0,0.323943661971831
22,11,68,0.0,0.0,0.5147058823529411
22,12,54,0.0,0.0,0.1111111111111111
22,13,66,0.0,-0.9848484848484849,0.9848484848484849
22,14,60,0.0,0.0,0.25
22,15,54,0.0,0.0,0.7037037037037037
22,16,71,0.0,0.0,0.38028169014084506
22,17,60,0.0,0.0,0.5333333333333333
22,18,66,0.0,0.0,0.0
22,19,52,0.0,0.0,0.0
22,20,92,0.0,-0.967391304347826,0.967391304347826
22,21,55,0.0,0.0,0.0
22,22,57,0.42105263157894735,0.42105263157894735,0.0
22,23,46,0.32608695652173914,0.32608695652173914,0.0
22,24,48,0.0,-0.0625,0.0625
22,25,81,0.0,0.0,0.0
22,26,73,0.821917808219178,0.7808219178082192,0.0
23,0,51,0.0,-0.7254901960784313,0.7254901960784313
23,1,45,0.0,-0.06666666666666667,0.17777777777777778
23,2,51,0.0,0.0,0.27450980392156865
23,3,54,0.0,0.0,0.037037037037037035
23,4,49,0.0,0.0,0.2857142857142857
23,5,53,0.0,0.0,0.37735849056603776
23,6,52,0.0,0.0,0.2692307692307692
23,7,58,0.0,0.0,0.25862068965517243
23,8,62,0.0,-0.5806451612903226,0.8225806451612904
23,9,66,0.0,0.0,0.3787878787878788
23,10,71,0.0,0.0,0.323943661971831
23,11,68,0.0,0.0,0.5147058823529411
23,12,54,0.0,0.0,0.1111111111111111
23,13,66,0.0,-0.9848484848484849,0.9848484848484849
23,14,60,0.0,0.0,0.25
23,15,54,0.0,0.0,0.7037037037037037
23,16,71,0.0,0.0,0.38028169014084506
23,17,60,0.0,0.0,0.5333333333333333
23,18,66,0.06060606060606061,0.06060606060606061,0.0
23,19,52,0.21153846153846154,0.21153846153846154,0.0
23,20,92,0.4891304347826087,-0.47826086956521735,0.47826086956521735
23,21,55,0.0,0.0,0.0
23,22,57,0.14035087719298245,0.14035087719298245,0.2807017543859649
23,23,46,0.15217391304347827,0.15217391304347827,0.17391304347826086
23,24,48,0.0,-0.0625,0.0625
23,25,81,0.024691358024691357,0.024691358024691357,0.0
23,26,73,0.7945205479452054,0.7534246575342465,0.0273972602739726
24,0,51,0.0,-0.7254901960784313,0.7254901960784313
24,1,45,0.0,-0.06666666666666667,0.17777777777777778
24,2,51,0.0,0.0,0.27450980392156865
24,3,54,0.0,0.0,0.037037037037037035
24,4,49,0.0,0.0,0.2857142857142857
24,5,53,0.0,0.0,0.37735849056603776
24,6,52,0.0,0.0,0.2692307692307692
24,7,58,0.0,0.0,0.25862068965517243
24,8,62,0.0,-0.5806451612903226,0.8225806451612904
24,9,66,0.0,0.0,0.3787878787878788
24,10,71,0.0,0.0,0.323943661971831
24,11,68,0.0,0.0,0.5147058823529411
24,12,54,0.0,0.0,0.1111111111111111
24,13,66,0.0,-0.9848484848484849,0.9848484848484849
24,14,60,0.0,0.0,0.25
24,15,54,0.0,0.0,0.7037037037037037
24,16,71,0.0,0.0,0.38028169014084506
24,17,60,0.0,0.0,0.5333333333333333
24,18,66,0.0,0.0,0.06060606060606061
24,19,52,0.5769230769230769,0.5769230769230769,0.0
24,20,92,0.18478260869565216,-0.7826086956521738,0.7826086956521738
24,21,55,0.0,0.0,0.0
24,22,57,0.3157894736842105,0.3157894736842105,0.10526315789473684
24,23,46,0.41304347826086957,0.41304347826086957,0.0
24,24,48,0.0,-0.0625,0.0625
24,25,81,0.0,0.0,0.024691358024691357
24,26,73,0.7534246575342466,0.7123287671232876,0.06849315068493145
25,0,51,0.0,-0.7254901960784313,0.7254901960784313
25,1,45,0.0,-0.06666666666666667,0.17777777777777778
25,2,51,0.0,0.0,0.27450980392156865
25,3,54,0.0,0.0,0.037037037037037035
25,4,49,0.0,0.0,0.2857142857142857
25,5,53,0.0,0.0,0.37735849056603776
25,6,52,0.0,0.0,0.2692307692307692
25,7,58,0.0,0.0,0.25862068965517243
25,8,62,0.0,-0.5806451612903226,0.8225806451612904
25,9,66,0.0,0.0,0.3787878787878788
25,10,71,0.0,0.0,0.323943661971831
25,11,68,0.0,0.0,0.5147058823529411
25,12,54,0.0,0.0,0.1111111111111111
25,13,66,0.0,-0.9848484848484849,0.9848484848484849
25,14,60,0.0,0.0,0.25
25,15,54,0.0,0.0,0.7037037037037037
25,16,71,0.0,0.0,0.38028169014084506
25,17,60,0.0,0.0,0.5333333333333333
25,18,66,0.0,0.0,0.06060606060606061
25,19,52,0.4807692307692308,0.4807692307692308,0.09615384615384609
25,20,92,0.32608695652173914,-0.6413043478260869,0.6413043478260869
25,21,55,0.0,0.0,0.0
25,22,57,0.5614035087719298,0.5614035087719298,0.0
25,23,46,0.391304347826087,0.391304347826087,0.021739130434782594
25,24,48,0.0625,0.0,0.0
25,25,81,0.08641975308641975,0.08641975308641975,0.0
25,26,73,0.7397260273972602,0.6986301369863013,0.0821917808219178
26,0,51,0.0,-0.7254901960784313,0.7254901960784313
26,1,45,0.0,-0.06666666666666667,0.17777777777777778
26,2,51,0.0,0.0,0.27450980392156865
26,3,54,0.0,0.0,0.037037037037037035
26,4,49,0.0,0.0,0.2857142857142857
26,5,53,0.0,0.0,0.37735849056603776
26,6,52,0.0,0.0,0.2692307692307692
26,7,58,0.0,0.0,0.25862068965517243
26,8,62,0.0,-0.5806451612903226,0.8225806451612904
26,9,66,0.0,0.0,0.3787878787878788
26,10,71,0.0,0.0,0.323943661971831
26,11,68,0.0,0.0,0.5147058823529411
26,12,54,0.0,0.0,0.1111111111111111
26,13,66,0.0,-0.9848484848484849,0.9848484848484849
26,14,60,0.0,0.0,0.25
26,15,54,0.0,0.0,0.7037037037037037
26,16,71,0.0,0.0,0.38028169014084506
26,17,60,0.0,0.0,0.5333333333333333
26,18,66,0.0,0.0,0.06060606060606061
26,19,52,0.5,0.5,0.07692307692307687
26,20,92,0.2717391304347826,-0.6956521739130435,0.6956521739130435
26,21,55,0.0,0.0,0.0
26,22,57,0.5263157894736842,0.5263157894736842,0.03508771929824561
26,23,46,0.41304347826086957,0.41304347826086957,0.0
26,24,48,0.10416666666666667,0.04166666666666667,0.0
26,25,81,0.07407407407407407,0.07407407407407407,0.012345679012345678
26,26,73,0.7671232876712328,0.726027397260274,0.0547945205479452
27,0,51,0.0,-0.7254901960784313,0.7254901960784313
27,1,45,0.0,-0.06666666666666667,0.17777777777777778
27,2,51,0.0,0.0,0.27450980392156865
27,3,54,0.0,0.0,0.037037037037037035
27,4,49,0.0,0.0,0.2857142857142857
27,5,53,0.0,0.0,0.37735849056603776
27,6,52,0.0,0.0,0.2692307692307692
27,7,58,0.0,0.0,0.25862068965517243
27,8,62,0.0,-0.5806451612903226,0.8225806451612904
27,9,66,0.0,0.0,0.3787878787878788
27,10,71,0.0,0.0,0.323943661971831
27,11,68,0.0,0.0,0.5147058823529411
27,12,54,0.0,0.0,0.1111111111111111
27,13,66,0.0,-0.9848484848484849,0.9848484848484849
27,14,60,0.0,0.0,0.25
27,15,54,0.0,0.0,0.7037037037037037
27,16,71,0.0,0.0,0.38028169014084506
27,17,60,0.0,0.0,0.5333333333333333
27,18,66,0.0,0.0,0.06060606060606061
27,19,52,0.40384615384615385,0.40384615384615385,0.17307692307692302
27,20,92,0.391304347826087,-0.576086956521739,0.576086956521739
27,21,55,0.0,0.0,0.0
27,22,57,0.6491228070175439,0.6491228070175439,0.0
27,23,46,0.17391304347826086,0.17391304347826086,0.2391304347826087
27,24,48,0.08333333333333333,0.02083333333333333,0.020833333333333343
27,25,81,0.09876543209876543,0.09876543209876543,0.0
27,26,73,0.8356164383561644,0.7945205479452055,0.0
28,0,51,0.0,-0.7254901960784313,0.7254901960784313
28,1,45,0.0,-0.06666666666666667,0.17777777777777778
28,2,51,0.0,0.0,0.27450980392156865
28,3,54,0.0,0.0,0.037037037037037035
28,4,49,0.0,0.0,0.2857142857142857
28,5,53,0.0,0.0,0.37735849056603776
28,6,52,0.0,0.0,0.2692307692307692
28,7,58,0.0,0.0,0.25862068965517243
28,8,62,0.0,-0.5806451612903226,0.8225806451612904
28,9,66,0.0,0.0,0.3787878787878788
28,10,71,0.0,0.0,0.323943661971831
28,11,68,0.0,0.0,0.5147058823529411
28,12,54,0.0,0.0,0.1111111111111111
28,13,66,0.0,-0.9848484848484849,0.9848484848484849
28,14,60,0.0,0.0,0.25
28,15,54,0.0,0.0,0.7037037037037037
28,16,71,0.0,0.0,0.38028169014084506
28,17,60,0.0,0.0,0.5333333333333333
28,18,66,0.015151515151515152,0.015151515151515152,0.045454545454545456
28,19,52,0.5,0.5,0.07692307692307687
28,20,92,0.21739130434782608,-0.75,0.75
28,21,55,0.0,0.0,0.0
28,22,57,0.5614035087719298,0.5614035087719298,0.08771929824561409
28,23,46,0.45652173913043476,0.45652173913043476,0.0
28,24,48,0.125,0.0625,0.0
28,25,81,0.20987654320987653,0.20987654320987653,0.0
28,26,73,0.6986301369863014,0.6575342465753424,0.136986301369863
29,0,51,0.0,-0.7254901960784313,0.7254901960784313
29,1,45,0.0,-0.06666666666666667,0.17777777777777778
29,2,51,0.0,0.0,0.27450980392156865
29,3,54,0.0,0.0,0.037037037037037035
29,4,49,0.0,0.0,0.2857142857142857
29,5,53,0.0,0.0,0.37735849056603776
29,6,52,0.0,0.0,0.2692307692307692
29,7,58,0.0,0.0,0.25862068965517243
29,8,62,0.0,-0.5806451612903226,0.8225806451612904
29,9,66,0.0,0.0,0.3787878787878788
29,10,71,0.0,0.0,0.323943661971831
29,11,68,0.0,0.0,0.5147058823529411
29,12,54,0.0,0.0,0.1111111111111111
29,13,66,0.0,-0.9848484848484849,0.9848484848484849
29,14,60,0.0,0.0,0.25
29,15,54,0.0,0.0,0.7037037037037037
29,16,71,0.0,0.0,0.38028169014084506
29,17,60,0.0,0.0,0.5333333333333333
29,18,66,0.16666666666666666,0.16666666666666666,0.0
29,19,52,0.4807692307692308,0.4807692307692308,0.09615384615384609
29,20,92,0.31521739130434784,-0.6521739130434783,0.6521739130434783
29,21,55,0.0,0.0,0.0
29,22,57,0.6491228070175439,0.6491228070175439,0.0
29,23,46,0.17391304347826086,0.17391304347826086,0.2826086956521739
29,24,48,0.10416666666666667,0.04166666666666667,0.02083333333333333
29,25,81,0.1728395061728395,0.1728395061728395,0.037037037037037035
29,26,73,0.8356164383561644,0.7945205479452055,0.0
30,0,51,0.0,-0.7254901960784313,0.7254901960784313
30,1,45,0.0,-0.06666666666666667,0.17777777777777778
30,2,51,0.0,0.0,0.27450980392156865
30,3,54,0.0,0.0,0.037037037037037035
30,4,49,0.0,0.0,0.2857142857142857
30,5,53,0.0,0.0,0.37735849056603776
30,6,52,0.0,0.0,0.2692307692307692
30,7,58,0.0,0.0,0.25862068965517243
30,8,62,0.0,-0.5806451612903226,0.8225806451612904
30,9,66,0.0,0.0,0.3787878787878788
30,10,71,0.0,0.0,0.323943661971831
30,11,68,0.0,0.0,0.5147058823529411
30,12,54,0.0,0.0,0.1111111111111111
30,13,66,0.0,-0.9848484848484849,0.9848484848484849
30,14,60,0.0,0.0,0.25
30,15,54,0.0,0.0,0.7037037037037037
30,16,71,0.0,0.0,0.38028169014084506
30,17,60,0.0,0.0,0.5333333333333333
30,18,66,0.10606060606060606,0.10606060606060606,0.060606060606060594
30,19,52,0.4807692307692308,0.4807692307692308,0.09615384615384609
30,20,92,0.2608695652173913,-0.7065217391304348,0.7065217391304348
30,21,55,0.01818181818181818,0.01818181818181818,0.0
30,22,57,0.6491228070175439,0.6491228070175439,0.0
30,23,46,0.45652173913043476,0.45652173913043476,0.0
30,24,48,0.10416666666666667,0.04166666666666667,0.02083333333333333
30,25,81,0.2345679012345679,0.2345679012345679,0.0
30,26,73,0.6712328767123288,0.6301369863013699,0.1643835616438356
31,0,51,0.0,-0.7254901960784313,0.7254901960784313
31,1,45,0.0,-0.06666666666666667,0.17777777777777778
31,2,51,0.0,0.0,0.27450980392156865
31,3,54,0.0,0.0,0.037037037037037035
31,4,49,0.0,0.0,0.2857142857142857
31,5,53,0.0,0.0,0.37735849056603776
31,6,52,0.0,0.0,0.2692307692307692
31,7,58,0.0,0.0,0.25862068965517243
31,8,62,0.0,-0.5806451612903226,0.8225806451612904
31,9,66,0.0,0.0,0.3787878787878788
31,10,71,0.0,0.0,0.323943661971831
31,11,68,0.0,0.0,0.5147058823529411
31,12,54,0.0,0.0,0.1111111111111111
31,13,66,0.0,-0.9848484848484849,0.9848484848484849
31,14,60,0.0,0.0,0.25
31,15,54,0.0,0.0,0.7037037037037037
31,16,71,0.0,0.0,0.38028169014084506
31,17,60,0.0,0.0,0.5333333333333333
31,18,66,0.3181818181818182,0.3181818181818182,0.0
31,19,52,0.15384615384615385,0.15384615384615385,0.423076923076923
31,20,92,0.21739130434782608,-0.75,0.75
31,21,55,0.03636363636363636,0.03636363636363636,0.0
31,22,57,0.6666666666666666,0.6666666666666666,0.0
31,23,46,0.2826086956521739,0.2826086956521739,0.17391304347826086
31,24,48,0.125,0.0625,0.0
31,25,81,0.12345679012345678,0.12345679012345678,0.1111111111111111
31,26,73,0.8356164383561644,0.7945205479452055,0.0
32,0,51,0.0,-0.7254901960784313,0.7254901960784313
32,1,45,0.0,-0.06666666666666667,0.17777777777777778
32,2,51,0.0,0.0,0.27450980392156865
32,3,54,0.0,0.0,0.037037037037037035
32,4,49,0.0,0.0,0.2857142857142857
32,5,53,0.0,0.0,0.37735849056603776
32,6,52,0.0,0.0,0.2692307692307692
32,7,58,0.0,0.0,0.25862068965517243
32,8,62,0.0,-0.5806451612903226,0.8225806451612904
32,9,66,0.0,0.0,0.3787878787878788
32,10,71,0.0,0.0,0.323943661971831
32,11,68,0.0,0.0,0.5147058823529411
32,12,54,0.0,0.0,0.1111111111111111
32,13,66,0.0,-0.9848484848484849,0.9848484848484849
32,14,60,0.0,0.0,0.25
32,15,54,0.0,0.0,0.7037037037037037
32,16,71,0.0,0.0,0.38028169014084506
32,17,60,0.0,0.0,0.5333333333333333
32,18,66,0.4393939393939394,0.4393939393939394,0.0
32,19,52,0.4423076923076923,0.4423076923076923,0.13461538461538458
32,20,92,0.2391304347826087,-0.7282608695652173,0.7282608695652173
32,21,55,0.07272727272727272,0.07272727272727272,0.0
32,22,57,0.6842105263157895,0.6842105263157895,0.0
32,23,46,0.4782608695652174,0.4782608695652174,0.0
32,24,48,0.125,0.0625,0.0
32,25,81,0.19753086419753085,0.19753086419753085,0.037037037037037035
32,26,73,0.6712328767123288,0.6301369863013699,0.1643835616438356
33,0,51,0.0,-0.7254901960784313,0.7254901960784313
33,1,45,0.0,-0.06666666666666667,0.17777777777777778
33,2,51,0.0,0.0,0.27450980392156865
33,3,54,0.0,0.0,0.037037037037037035
33,4,49,0.0,0.0,0.2857142857142857
33,5,53,0.0,0.0,0.37735849056603776
33,6,52,0.0,0.0,0.2692307692307692
33,7,58,0.0,0.0,0.25862068965517243
33,8,62,0.0,-0.5806451612903226,0.8225806451612904
33,9,66,0.0,0.0,0.3787878787878788
33,10,71,0.0,0.0,0.323943661971831
33,11,68,0.0,0.0,0.5147058823529411
33,12,54,0.0,0.0,0.1111111111111111
33,13,66,0.0,-0.9848484848484849,0.9848484848484849
33,14,60,0.0,0.0,0.25
33,15,54,0.0,0.0,0.7037037037037037
33,16,71,0.0,0.0,0.38028169014084506
33,17,60,0.0,0.0,0.5333333333333333
33,18,66,0.16666666666666666,0.16666666666666666,0.2727272727272727
33,19,52,0.38461538461538464,0.38461538461538464,0.19230769230769224
33,20,92,0.32608695652173914,-0.6413043478260869,0.6413043478260869
33,21,55,0.03636363636363636,0.03636363636363636,0.03636363636363636
33,22,57,0.6842105263157895,0.6842105263157895,0.0
33,23,46,0.41304347826086957,0.41304347826086957,0.06521739130434784
33,24,48,0.10416666666666667,0.04166666666666667,0.02083333333333333
33,25,81,0.09876543209876543,0.09876543209876543,0.13580246913580246
33,26,73,0.7808219178082192,0.7397260273972603,0.0547945205479452
34,0,51,0.0,-0.7254901960784313,0.7254901960784313
34,1,45,0.0,-0.06666666666666667,0.17777777777777778
34,2,51,0.0,0.0,0.27450980392156865
34,3,54,0.0,0.0,0.037037037037037035
34,4,49,0.0,0.0,0.2857142857142857
34,5,53,0.0,0.0,0.37735849056603776
34,6,52,0.0,0.0,0.2692307692307692
34,7,58,0.0,0.0,0.25862068965517243
34,8,62,0.0,-0.5806451612903226,0.8225806451612904
34,9,66,0.0,0.0,0.3787878787878788
34,10,71,0.0,0.0,0.323943661971831
34,11,68,0.0,0.0,0.5147058823529411
34,12,54,0.0,0.0,0.1111111111111111
34,13,66,0.0,-0.9848484848484849,0.9848484848484849
34,14,60,0.0,0.0,0.25
34,15,54,0.0,0.0,0.7037037037037037
34,16,71,0.0,0.0,0.38028169014084506
34,17,60,0.0,0.0,0.5333333333333333
34,18,66,0.30303030303030304,0.30303030303030304,0.13636363636363635
34,19,52,0.46153846153846156,0.46153846153846156,0.11538461538461531
34,20,92,0.31521739130434784,-0.6521739130434783,0.6521739130434783
34,21,55,0.16363636363636364,0.16363636363636364,0.0
34,22,57,0.6666666666666666,0.6666666666666666,0.01754385964912286
34,23,46,0.45652173913043476,0.45652173913043476,0.02173913043478265
34,24,48,0.10416666666666667,0.04166666666666667,0.02083333333333333
34,25,81,0.20987654320987653,0.20987654320987653,0.024691358024691357
34,26,73,0.684931506849315,0.6438356164383561,0.15068493150684936
35,0,51,0.0,-0.7254901960784313,0.7254901960784313
35,1,45,0.0,-0.06666666666666667,0.17777777777777778
35,2,51,0.0,0.0,0.27450980392156865
35,3,54,0.0,0.0,0.037037037037037035
35,4,49,0.0,0.0,0.2857142857142857
35,5,53,0.0,0.0,0.37735849056603776
35,6,52,0.0,0.0,0.2692307692307692
35,7,58,0.0,0.0,0.25862068965517243
35,8,62,0.0,-0.5806451612903226,0.8225806451612904
35,9,66,0.0,0.0,0.3787878787878788
35,10,71,0.0,0.0,0.323943661971831
35,11,68,0.0,0.0,0.5147058823529411
35,12,54,0.0,0.0,0.1111111111111111
35,13,66,0.0,-0.9848484848484849,0.9848484848484849
35,14,60,0.0,0.0,0.25
35,15,54,0.0,0.0,0.7037037037037037
35,16,71,0.0,0.0,0.38028169014084506
35,17,60,0.0,0.0,0.5333333333333333
35,18,66,0.2727272727272727,0.2727272727272727,0.16666666666666669
35,19,52,0.4423076923076923,0.4423076923076923,0.13461538461538458
35,20,92,0.32608695652173914,-0.6413043478260869,0.6413043478260869
35,21,55,0.16363636363636364,0.16363636363636364,0.0
35,22,57,0.6666666666666666,0.6666666666666666,0.01754385964912286
35,23,46,0.3695652173913043,0.3695652173913043,0.10869565217391308
35,24,48,0.125,0.0625,0.0
35,25,81,0.2222222222222222,0.2222222222222222,0.012345679012345678
35,26,73,0.7534246575342466,0.7123287671232876,0.0821917808219178
36,0,51,0.0,-0.7254901960784313,0.7254901960784313
36,1,45,0.0,-0.06666666666666667,0.17777777777777778
36,2,51,0.0,0.0,0.27450980392156865
36,3,54,0.0,0.0,0.037037037037037035
36,4,49,0.0,0.0,0.2857142857142857
36,5,53,0.0,0.0,0.37735849056603776
36,6,52,0.0,0.0,0.2692307692307692
36,7,58,0.0,0.0,0.25862068965517243
36,8,62,0.0,-0.5806451612903226,0.8225806451612904
36,9,66,0.0,0.0,0.3787878787878788
36,10,71,0.0,0.0,0.323943661971831
36,11,68,0.0,0.0,0.5147058823529411
36,12,54,0.0,0.0,0.1111111111111111
36,13,66,0.0,-0.9848484848484849,0.9848484848484849
36,14,60,0.0,0.0,0.25
36,15,54,0.0,0.0,0.7037037037037037
36,16,71,0.0,0.0,0.38028169014084506
36,17,60,0.0,0.0,0.5333333333333333
36,18,66,0.30303030303030304,0.30303030303030304,0.13636363636363635
36,19,52,0.4230769230769231,0.4230769230769231,0.1538461538461538
36,20,92,0.30434782608695654,-0.6630434782608695,0.6630434782608695
36,21,55,0.2909090909090909,0.2909090909090909,0.0
36,22,57,0.5789473684210527,0.5789473684210527,0.10526315789473684
36,23,46,0.391304347826087,0.391304347826087,0.08695652173913043
36,24,48,0.125,0.0625,0.0
36,25,81,0.14814814814814814,0.14814814814814814,0.08641975308641975
36,26,73,0.726027397260274,0.6849315068493151,0.1095890410958904
37,0,51,0.0,-0.7254901960784313,0.7254901960784313
37,1,45,0.0,-0.06666666666666667,0.17777777777777778
37,2,51,0.0,0.0,0.27450980392156865
37,3,54,0.0,0.0,0.037037037037037035
37,4,49,0.0,0.0,0.2857142857142857
37,5,53,0.0,0.0,0.37735849056603776
37,6,52,0.0,0.0,0.2692307692307692
37,7,58,0.0,0.0,0.25862068965517243
37,8,62,0.0,-0.5806451612903226,0.8225806451612904
37,9,66,0.0,0.0,0.3787878787878788
37,10,71,0.0,0.0,0.323943661971831
37,11,68,0.0,0.0,0.5147058823529411
37,12,54,0.0,0.0,0.1111111111111111
37,13,66,0.0,-0.9848484848484849,0.9848484848484849
37,14,60,0.0,0.0,0.25
37,15,54,0.0,0.0,0.7037037037037037
37,16,71,0.0,0.0,0.38028169014084506
37,17,60,0.0,0.0,0.5333333333333333
37,18,66,0.18181818181818182,0.18181818181818182,0.25757575757575757
37,19,52,0.40384615384615385,0.40384615384615385,0.17307692307692302
37,20,92,0.358695652173913,-0.6086956521739131,0.6086956521739131
37,21,55,0.32727272727272727,0.32727272727272727,0.0
37,22,57,0.6140350877192983,0.6140350877192983,0.07017543859649122
37,23,46,0.45652173913043476,0.45652173913043476,0.02173913043478265
37,24,48,0.10416666666666667,0.04166666666666667,0.02083333333333333
37,25,81,0.1728395061728395,0.1728395061728395,0.06172839506172839
37,26,73,0.6986301369863014,0.6575342465753424,0.136986301369863
38,0,51,0.0,-0.7254901960784313,0.7254901960784313
38,1,45,0.0,-0.06666666666666667,0.17777777777777778
38,2,51,0.0,0.0,0.27450980392156865
38,3,54,0.0,0.0,0.037037037037037035
38,4,49,0.0,0.0,0.2857142857142857
38,5,53,0.0,0.0,0.37735849056603776
38,6,52,0.0,0.0,0.2692307692307692
38,7,58,0.0,0.0,0.25862068965517243
38,8,62,0.0,-0.5806451612903226,0.8225806451612904
38,9,66,0.0,0.0,0.3787878787878788
38,10,71,0.0,0.0,0.323943661971831
38,11,68,0.0,0.0,0.5147058823529411
38,12,54,0.0,0.0,0.1111111111111111
38,13,66,0.0,-0.9848484848484849,0.9848484848484849
38,14,60,0.0,0.0,0.25
38,15,54,0.0,0.0,0.7037037037037037
38,16,71,0.0,0.0,0.38028169014084506
38,17,60,0.0,0.0,0.5333333333333333
38,18,66,0.06060606060606061,0.06060606060606061,0.3787878787878788
38,19,52,0.3269230769230769,0.3269230769230769,0.24999999999999994
38,20,92,0.391304347826087,-0.576086956521739,0.576086956521739
38,21,55,0.36363636363636365,0.36363636363636365,0.0
38,22,57,0.49122807017543857,0.49122807017543857,0.19298245614035092
38,23,46,0.32608695652173914,0.32608695652173914,0.15217391304347827
38,24,48,0.10416666666666667,0.04166666666666667,0.02083333333333333
38,25,81,0.09876543209876543,0.09876543209876543,0.13580246913580246
38,26,73,0.7397260273972602,0.6986301369863013,0.09589041095890416
39,0,51,0.0,-0.7254901960784313,0.7254901960784313
39,1,45,0.0,-0.06666666666666667,0.17777777777777778
39,2,51,0.0,0.0,0.27450980392156865
39,3,54,0.0,0.0,0.037037037037037035
39,4,49,0.0,0.0,0.2857142857142857
39,5,53,0.0,0.0,0.37735849056603776
39,6,52,0.0,0.0,0.2692307692307692
39,7,58,0.0,0.0,0.25862068965517243
39,8,62,0.0,-0.5806451612903226,0.8225806451612904
39,9,66,0.0,0.0,0.3787878787878788
39,10,71,0.0,0.0,0.323943661971831
39,11,68,0.0,0.0,0.5147058823529411
39,12,54,0.0,0.0,0.1111111111111111
39,13,66,0.0,-0.9848484848484849,0.9848484848484849
39,14,60,0.0,0.0,0.25
39,15,54,0.0,0.0,0.7037037037037037
39,16,71,0.0,0.0,0.38028169014084506
39,17,60,0.0,0.0,0.5333333333333333
39,18,66,0.25757575757575757,0.25757575757575757,0.18181818181818182
39,19,52,0.4230769230769231,0.4230769230769231,0.1538461538461538
39,20,92,0.25,-0.717391304347826,0.717391304347826
39,21,55,0.5636363636363636,0.5636363636363636,0.0
39,22,57,0.45614035087719296,0.45614035087719296,0.22807017543859653
39,23,46,0.34782608695652173,0.34782608695652173,0.13043478260869568
39,24,48,0.10416666666666667,0.04166666666666667,0.02083333333333333
39,25,81,0.2962962962962963,0.2962962962962963,0.0
39,26,73,0.6712328767123288,0.6301369863013699,0.1643835616438356
40,0,51,0.0,-0.7254901960784313,0.7254901960784313
40,1,45,0.0,-0.06666666666666667,0.17777777777777778
40,2,51,0.0,0.0,0.27450980392156865
40,3,54,0.0,0.0,0.037037037037037035
40,4,49,0.0,0.0,0.2857142857142857
40,5,53,0.0,0.0,0.37735849056603776
40,6,52,0.0,0.0,0.2692307692307692
40,7,58,0.0,0.0,0.25862068965517243
40,8,62,0.0,-0.5806451612903226,0.8225806451612904
40,9,66,0.0,0.0,0.3787878787878788
40,10,71,0.0,0.0,0.323943661971831
40,11,68,0.0,0.0,0.5147058823529411
40,12,54,0.0,0.0,0.1111111111111111
40,13,66,0.0,-0.9848484848484849,0.9848484848484849
40,14,60,0.0,0.0,0.25
40,15,54,0.0,0.0,0.7037037037037037
40,16,71,0.0,0.0,0.38028169014084506
40,17,60,0.0,0.0,0.5333333333333333
40,18,66,0.06060606060606061,0.06060606060606061,0.3787878787878788
40,19,52,0.3269230769230769,0.3269230769230769,0.24999999999999994
40,20,92,0.3695652173913043,-0.5978260869565217,0.5978260869565217
40,21,55,0.2727272727272727,0.2727272727272727,0.2909090909090909
40,22,57,0.543859649122807,0.543859649122807,0.14035087719298245
40,23,46,0.30434782608695654,0.30434782608695654,0.17391304347826086
40,24,48,0.10416666666666667,0.04166666666666667,0.02083333333333333
40,25,81,0.08641975308641975,0.08641975308641975,0.20987654320987653
40,26,73,0.7808219178082192,0.7397260273972603,0.0547945205479452
41,0,51,0.0,-0.7254901960784313,0.7254901960784313
41,1,45,0.0,-0.06666666666666667,0.17777777777777778
41,2,51,0.0,0.0,0.27450980392156865
41,3,54,0.0,0.0,0.037037037037037035
41,4,49,0.0,0.0,0.2857142857142857
41,5,53,0.0,0.0,0.37735849056603776
41,6,52,0.0,0.0,0.2692307692307692
41,7,58,0.0,0.0,0.25862068965517243
41,8,62,0.0,-0.5806451612903226,0.8225806451612904
41,9,66,0.0,0.0,0.3787878787878788
41,10,71,0.0,0.0,0.323943661971831
41,11,68,0.0,0.0,0.5147058823529411
41,12,54,0.0,0.0,0.1111111111111111
41,13,66,0.0,-0.9848484848484849,0.9848484848484849
41,14,60,0.0,0.0,0.25
41,15,54,0.0,0.0,0.7037037037037037
41,16,71,0.0,0.0,0.38028169014084506
41,17,60,0.0,0.0,0.5333333333333333
41,18,66,0.13636363636363635,0.13636363636363635,0.30303030303030304
41,19,52,0.4230769230769231,0.4230769230769231,0.1538461538461538
41,20,92,0.2826086956521739,-0.6847826086956521,0.6847826086956521
41,21,55,0.45454545454545453,0.45454545454545453,0.10909090909090907
41,22,57,0.42105263157894735,0.42105263157894735,0.26315789473684215
41,23,46,0.41304347826086957,0.41304347826086957,0.06521739130434784
41,24,48,0.10416666666666667,0.04166666666666667,0.02083333333333333
41,25,81,0.35802469135802467,0.35802469135802467,0.0
41,26,73,0.6575342465753424,0.6164383561643836,0.17808219178082196
42,0,51,0.0,-0.7254901960784313,0.7254901960784313
42,1,45,0.0,-0.06666666666666667,0.17777777777777778
42,2,51,0.0,0.0,0.27450980392156865
42,3,54,0.0,0.0,0.037037037037037035
42,4,49,0.0,0.0,0.2857142857142857
42,5,53,0.0,0.0,0.37735849056603776
42,6,52,0.0,0.0,0.2692307692307692
42,7,58,0.0,0.0,0.25862068965517243
42,8,62,0.0,-0.5806451612903226,0.8225806451612904
42,9,66,0.0,0.0,0.3787878787878788
42,10,71,0.0,0.0,0.323943661971831
42,11,68,0.0,0.0,0.5147058823529411
42,12,54,0.0,0.0,0.1111111111111111
42,13,66,0.0,-0.9848484848484849,0.9848484848484849
42,14,60,0.0,0.0,0.25
42,15,54,0.0,0.0,0.7037037037037037
42,16,71,0.0,0.0,0.38028169014084506
42,17,60,0.0,0.0,0.5333333333333333
42,18,66,0.13636363636363635,0.13636363636363635,0.30303030303030304
42,19,52,0.21153846153846154,0.21153846153846154,0.3653846153846153
42,20,92,0.30434782608695654,-0.6630434782608695,0.6630434782608695
42,21,55,0.18181818181818182,0.18181818181818182,0.3818181818181818
42,22,57,0.543859649122807,0.543859649122807,0.14035087719298245
42,23,46,0.30434782608695654,0.30434782608695654,0.17391304347826086
42,24,48,0.10416666666666667,0.04166666666666667,0.02083333333333333
42,25,81,0.16049382716049382,0.16049382716049382,0.19753086419753085
42,26,73,0.8082191780821918,0.7671232876712328,0.0273972602739726
43,0,51,0.0,-0.7254901960784313,0.7254901960784313
43,1,45,0.0,-0.06666666666666667,0.17777777777777778
43,2,51,0.0,0.0,0.27450980392156865
43,3,54,0.0,0.0,0.037037037037037035
43,4,49,0.0,0.0,0.2857142857142857
43,5,53,0.0,0.0,0.37735849056603776
43,6,52,0.0,0.0,0.2692307692307692
43,7,58,0.0,0.0,0.25862068965517243
43,8,62,0.0,-0.5806451612903226,0.8225806451612904
43,9,66,0.0,0.0,0.3787878787878788
43,10,71,0.0,0.0,0.323943661971831
43,11,68,0.0,0.0,0.5147058823529411
43,12,54,0.0,0.0,0.1111111111111111
43,13,66,0.0,-0.9848484848484849,0.9848484848484849
43,14,60,0.0,0.0,0.25
43,15,54,0.0,0.0,0.7037037037037037
43,16,71,0.0,0.0,0.38028169014084506
43,17,60,0.0,0.0,0.5333333333333333
43,18,66,0.25757575757575757,0.25757575757575757,0.18181818181818182
43,19,52,0.34615384615384615,0.34615384615384615,0.23076923076923073
43,20,92,0.29347826086956524,-0.6739130434782608,0.6739130434782608
43,21,55,0.36363636363636365,0.36363636363636365,0.19999999999999996
43,22,57,0.5263157894736842,0.5263157894736842,0.1578947368421053
43,23,46,0.43478260869565216,0.43478260869565216,0.043478260869565244
43,24,48,0.10416666666666667,0.04166666666666667,0.02083333333333333
43,25,81,0.2222222222222222,0.2222222222222222,0.13580246913580246
43,26,73,0.6986301369863014,0.6575342465753424,0.136986301369863
44,0,51,0.0,-0.7254901960784313,0.7254901960784313
44,1,45,0.0,-0.06666666666666667,0.17777777777777778
44,2,51,0.0,0.0,0.27450980392156865
44,3,54,0.0,0.0,0.037037037037037035
44,4,49,0.0,0.0,0.2857142857142857
44,5,53,0.0,0.0,0.37735849056603776
44,6,52,0.0,0.0,0.2692307692307692
44,7,58,0.0,0.0,0.25862068965517243
44,8,62,0.0,-0.5806451612903226,0.8225806451612904
44,9,66,0.0,0.0,0.3787878787878788
44,10,71,0.0,0.0,0.323943661971831
44,11,68,0.0,0.0,0.5147058823529411
44,12,54,0.0,0.0,0.1111111111111111
44,13,66,0.0,-0.9848484848484849,0.9848484848484849
44,14,60,0.0,0.0,0.25
44,15,54,0.0,0.0,0.7037037037037037
44,16,71,0.0,0.0,0.38028169014084506
44,17,60,0.0,0.0,0.5333333333333333
44,18,66,0.21212121212121213,0.21212121212121213,0.22727272727272727
44,19,52,0.28846153846153844,0.28846153846153844,0.28846153846153844
44,20,92,0.31521739130434784,-0.6521739130434783,0.6521739130434783
44,21,55,0.23636363636363636,0.23636363636363636,0.32727272727272727
44,22,57,0.6491228070175439,0.6491228070175439,0.03508771929824561
44,23,46,0.3695652173913043,0.3695652173913043,0.10869565217391308
44,24,48,0.08333333333333333,0.02083333333333333,0.04166666666666667
44,25,81,0.1728395061728395,0.1728395061728395,0.18518518518518517
44,26,73,0.7123287671232876,0.6712328767123288,0.12328767123287676
45,0,51,0.0,-0.7254901960784313,0.7254901960784313
45,1,45,0.0,-0.06666666666666667,0.17777777777777778
45,2,51,0.0,0.0,0.27450980392156865
45,3,54,0.0,0.0,0.037037037037037035
45,4,49,0.0,0.0,0.2857142857142857
45,5,53,0.0,0.0,0.37735849056603776
45,6,52,0.0,0.0,0.2692307692307692
45,7,58,0.0,0.0,0.25862068965517243
45,8,62,0.0,-0.5806451612903226,0.8225806451612904
45,9,66,0.0,0.0,0.3787878787878788
45,10,71,0.0,0.0,0.323943661971831
45,11,68,0.0,0.0,0.5147058823529411
45,12,54,0.0,0.0,0.1111111111111111
45,13,66,0.0,-0.9848484848484849,0.9848484848484849
45,14,60,0.0,0.0,0.25
45,15,54,0.0,0.0,0.7037037037037037
45,16,71,0.0,0.0,0.38028169014084506
45,17,60,0.0,0.0,0.5333333333333333
45,18,66,0.2878787878787879,0.2878787878787879,0.1515151515151515
45,19,52,0.40384615384615385,0.40384615384615385,0.17307692307692302
45,20,92,0.29347826086956524,-0.6739130434782608,0.6739130434782608
45,21,55,0.3090909090909091,0.3090909090909091,0.2545454545454545
45,22,57,0.5263157894736842,0.5263157894736842,0.1578947368421053
45,23,46,0.34782608695652173,0.34782608695652173,0.13043478260869568
45,24,48,0.10416666666666667,0.04166666666666667,0.02083333333333333
45,25,81,0.2716049382716049,0.2716049382716049,0.08641975308641975
45,26,73,0.684931506849315,0.6438356164383561,0.15068493150684936
46,0,51,0.0,-0.7254901960784313,0.7254901960784313
46,1,45,0.0,-0.06666666666666667,0.17777777777777778
46,2,51,0.0,0.0,0.27450980392156865
46,3,54,0.0,0.0,0.037037037037037035
46,4,49,0.0,0.0,0.2857142857142857
46,5,53,0.0,0.0,0.37735849056603776
46,6,52,0.0,0.0,0.2692307692307692
46,7,58,0.0,0.0,0.25862068965517243
46,8,62,0.0,-0.5806451612903226,0.8225806451612904
46,9,66,0.0,0.0,0.3787878787878788
46,10,71,0.0,0.0,0.323943661971831
46,11,68,0.0,0.0,0.5147058823529411
46,12,54,0.0,0.0,0.1111111111111111
46,13,66,0.0,-0.9848484848484849,0.9848484848484849
46,14,60,0.0,0.0,0.25
46,15,54,0.0,0.0,0.7037037037037037
46,16,71,0.0,0.0,0.38028169014084506
46,17,60,0.0,0.0,0.5333333333333333
46,18,66,0.4090909090909091,0.4090909090909091,0.030303030303030276
46,19,52,0.3269230769230769,0.3269230769230769,0.24999999999999994
46,20,92,0.2826086956521739,-0.6847826086956521,0.6847826086956521
46,21,55,0.45454545454545453,0.45454545454545453,0.10909090909090907
46,22,57,0.5964912280701754,0.5964912280701754,0.08771929824561409
46,23,46,0.391304347826087,0.391304347826087,0.08695652173913043
46,24,48,0.10416666666666667,0.04166666666666667,0.02083333333333333
46,25,81,0.18518518518518517,0.18518518518518517,0.1728395061728395
46,26,73,0.7123287671232876,0.6712328767123288,0.12328767123287676
47,0,51,0.0,-0.7254901960784313,0.7254901960784313
47,1,45,0.0,-0.06666666666666667,0.17777777777777778
47,2,51,0.0,0.0,0.27450980392156865
47,3,54,0.0,0.0,0.037037037037037035
47,4,49,0.0,0.0,0.2857142857142857
47,5,53,0.0,0.0,0.37735849056603776
47,6,52,0.0,0.0,0.2692307692307692
47,7,58,0.0,0.0,0.25862068965517243
47,8,62,0.0,-0.5806451612903226,0.8225806451612904
47,9,66,0.0,0.0,0.3787878787878788
47,10,71,0.0,0.0,0.323943661971831
47,11,68,0.0,0.0,0.5147058823529411
47,12,54,0.0,0.0,0.1111111111111111
47,13,66,0.0,-0.9848484848484849,0.9848484848484849
47,14,60,0.0,0.0,0.25
47,15,54,0.0,0.0,0.7037037037037037
47,16,71,0.0,0.0,0.38028169014084506
47,17,60,0.0,0.0,0.5333333333333333
47,18,66,0.24242424242424243,0.24242424242424243,0.19696969696969696
47,19,52,0.40384615384615385,0.40384615384615385,0.17307692307692302
47,20,92,0.30434782608695654,-0.6630434782608695,0.6630434782608695
47,21,55,0.21818181818181817,0.21818181818181817,0.34545454545454546
47,22,57,0.543859649122807,0.543859649122807,0.14035087719298245
47,23,46,0.30434782608695654,0.30434782608695654,0.17391304347826086
47,24,48,0.125,0.0625,0.0
47,25,81,0.19753086419753085,0.19753086419753085,0.16049382716049382
47,26,73,0.7808219178082192,0.7397260273972603,0.0547945205479452
48,0,51,0.0,-0.7254901960784313,0.7254901960784313
48,1,45,0.0,-0.06666666666666667,0.17777777777777778
48,2,51,0.0,0.0,0.27450980392156865
48,3,54,0.0,0.0,0.037037037037037035
48,4,49,0.0,0.0,0.2857142857142857
48,5,53,0.0,0.0,0.37735849056603776
48,6,52,0.0,0.0,0.2692307692307692
48,7,58,0.0,0.0,0.25862068965517243
48,8,62,0.0,-0.5806451612903226,0.8225806451612904
48,9,66,0.0,0.0,0.3787878787878788
48,10,71,0.0,0.0,0.323943661971831
48,11,68,0.0,0.0,0.5147058823529411
48,12,54,0.0,0.0,0.1111111111111111
48,13,66,0.0,-0.9848484848484849,0.9848484848484849
48,14,60,0.0,0.0,0.25
48,15,54,0.0,0.0,0.7037037037037037
48,16,71,0.0,0.0,0.38028169014084506
48,17,60,0.0,0.0,0.5333333333333333
48,18,66,0.2727272727272727,0.2727272727272727,0.16666666666666669
48,19,52,0.4230769230769231,0.4230769230769231,0.1538461538461538
48,20,92,0.2717391304347826,-0.6956521739130435,0.6956521739130435
48,21,55,0.32727272727272727,0.32727272727272727,0.23636363636363633
48,22,57,0.6491228070175439,0.6491228070175439,0.03508771929824561
48,23,46,0.45652173913043476,0.45652173913043476,0.02173913043478265
48,24,48,0.10416666666666667,0.04166666666666667,0.02083333333333333
48,25,81,0.18518518518518517,0.18518518518518517,0.1728395061728395
48,26,73,0.7123287671232876,0.6712328767123288,0.12328767123287676
49,0,51,0.0,-0.7254901960784313,0.7254901960784313
49,1,45,0.0,-0.06666666666666667,0.17777777777777778
49,2,51,0.0,0.0,0.27450980392156865
49,3,54,0.0,0.0,0.037037037037037035
49,4,49,0.0,0.0,0.2857142857142857
49,5,53,0.0,0.0,0.37735849056603776
49,6,52,0.0,0.0,0.2692307692307692
49,7,58,0.0,0.0,0.25862068965517243
49,8,62,0.0,-0.5806451612903226,0.8225806451612904
49,9,66,0.0,0.0,0.3787878787878788
49,10,71,0.0,0.0,0.323943661971831
49,11,68,0.0,0.0,0.5147058823529411
49,12,54,0.0,0.0,0.1111111111111111
49,13,66,0.0,-0.9848484848484849,0.9848484848484849
49,14,60,0.0,0.0,0.25
49,15,54,0.0,0.0,0.7037037037037037
49,16,71,0.0,0.0,0.38028169014084506
49,17,60,0.0,0.0,0.5333333333333333
49,18,66,0.2878787878787879,0.2878787878787879,0.1515151515151515
49,19,52,0.34615384615384615,0.34615384615384615,0.23076923076923073
49,20,92,0.2826086956521739,-0.6847826086956521,0.6847826086956521
49,21,55,0.34545454545454546,0.34545454545454546,0.21818181818181814
49,22,57,0.6842105263157895,0.6842105263157895,0.0
49,23,46,0.21739130434782608,0.21739130434782608,0.26086956521739135
49,24,48,0.10416666666666667,0.04166666666666667,0.02083333333333333
49,25,81,0.25925925925925924,0.25925925925925924,0.09876543209876543
49,26,73,0.7671232876712328,0.726027397260274,0.06849315068493156
50,0,51,0.0,-0.7254901960784313,0.7254901960784313
50,1,45,0.0,-0.06666666666666667,0.17777777777777778
50,2,51,0.0,0.0,0.27450980392156865
50,3,54,0.0,0.0,0.037037037037037035
50,4,49,0.0,0.0,0.2857142857142857
50,5,53,0.0,0.0,0.37735849056603776
50,6,52,0.0,0.0,0.2692307692307692
50,7,58,0.0,0.0,0.25862068965517243
50,8,62,0.0,-0.5806451612903226,0.8225806451612904
50,9,66,0.0,0.0,0.3787878787878788
50,10,71,0.0,0.0,0.323943661971831
50,11,68,0.0,0.0,0.5147058823529411
50,12,54,0.0,0.0,0.1111111111111111
50,13,66,0.0,-0.9848484848484849,0.9848484848484849
50,14,60,0.0,0.0,0.25
50,15,54,0.0,0.0,0.7037037037037037
50,16,71,0.0,0.0,0.38028169014084506
50,17,60,0.0,0.0,0.5333333333333333
50,18,66,0.3787878787878788,0.3787878787878788,0.06060606060606061
50,19,52,0.4230769230769231,0.4230769230769231,0.1538461538461538
50,20,92,0.2826086956521739,-0.6847826086956521,0.6847826086956521
50,21,55,0.2909090909090909,0.2909090909090909,0.2727272727272727
50,22,57,0.5263157894736842,0.5263157894736842,0.1578947368421053
50,23,46,0.45652173913043476,0.45652173913043476,0.02173913043478265
50,24,48,0.10416666666666667,0.04166666666666667,0.02083333333333333
50,25,81,0.25925925925925924,0.25925925925925924,0.09876543209876543
50,26,73,0.7123287671232876,0.6712328767123288,0.12328767123287676
51,0,51,0.0,-0.7254901960784313,0.7254901960784313
51,1,45,0.0,-0.06666666666666667,0.17777777777777778
51,2,51,0.0,0.0,0.27450980392156865
51,3,54,0.0,0.0,0.037037037037037035
51,4,49,0.0,0.0,0.2857142857142857
51,5,53,0.0,0.0,0.37735849056603776
51,6,52,0.0,0.0,0.2692307692307692
51,7,58,0.0,0.0,0.25862068965517243
51,8,62,0.0,-0.5806451612903226,0.8225806451612904
51,9,66,0.0,0.0,0.3787878787878788
51,10,71,0.0,0.0,0.323943661971831
51,11,68,0.0,0.0,0.5147058823529411
51,12,54,0.0,0.0,0.1111111111111111
51,13,66,0.0,-0.9848484848484849,0.9848484848484849
51,14,60,0.0,0.0,0.25
51,15,54,0.0,0.0,0.7037037037037037
51,16,71,0.0,0.0,0.38028169014084506
51,17,60,0.0,0.0,0.5333333333333333
51,18,66,0.30303030303030304,0.30303030303030304,0.13636363636363635
51,19,52,0.4230769230769231,0.4230769230769231,0.1538461538461538
51,20,92,0.2717391304347826,-0.6956521739130435,0.6956521739130435
51,21,55,0.3090909090909091,0.3090909090909091,0.2545454545454545
51,22,57,0.6842105263157895,0.6842105263157895,0.0
51,23,46,0.15217391304347827,0.15217391304347827,0.32608695652173914
51,24,48,0.08333333333333333,0.02083333333333333,0.04166666666666667
51,25,81,0.3333333333333333,0.3333333333333333,0.024691358024691357
51,26,73,0.7123287671232876,0.6712328767123288,0.12328767123287676
52,0,51,0.0,-0.7254901960784313,0.7254901960784313
52,1,45,0.0,-0.06666666666666667,0.17777777777777778
52,2,51,0.0,0.0,0.27450980392156865
52,3,54,0.0,0.0,0.037037037037037035
52,4,49,0.0,0.0,0.2857142857142857
52,5,53,0.0,0.0,0.37735849056603776
52,6,52,0.0,0.0,0.2692307692307692
52,7,58,0.0,0.0,0.25862068965517243
52,8,62,0.0,-0.5806451612903226,0.8225806451612904
52,9,66,0.0,0.0,0.3787878787878788
52,10,71,0.0,0.0,0.323943661971831
52,11,68,0.0,0.0,0.5147058823529411
52,12,54,0.0,0.0,0.1111111111111111
52,13,66,0.0,-0.9848484848484849,0.9848484848484849
52,14,60,0.0,0.0,0.25
52,15,54,0.0,0.0,0.7037037037037037
52,16,71,0.0,0.0,0.38028169014084506
52,17,60,0.0,0.0,0.5333333333333333
52,18,66,0.4393939393939394,0.4393939393939394,0.0
52,19,52,0.3076923076923077,0.3076923076923077,0.26923076923076916
52,20,92,0.32608695652173914,-0.6413043478260869,0.6413043478260869
52,21,55,0.2909090909090909,0.2909090909090909,0.2727272727272727
52,22,57,0.5087719298245614,0.5087719298245614,0.17543859649122806
52,23,46,0.45652173913043476,0.45652173913043476,0.02173913043478265
52,24,48,0.14583333333333334,0.08333333333333334,0.0
52,25,81,0.24691358024691357,0.24691358024691357,0.1111111111111111
52,26,73,0.7397260273972602,0.6986301369863013,0.09589041095890416
53,0,51,0.0,-0.7254901960784313,0.7254901960784313
53,1,45,0.0,-0.06666666666666667,0.17777777777777778
53,2,51,0.0,0.0,0.27450980392156865
53,3,54,0.0,0.0,0.037037037037037035
53,4,49,0.0,0.0,0.2857142857142857
53,5,53,0.0,0.0,0.37735849056603776
53,6,52,0.0,0.0,0.2692307692307692
53,7,58,0.0,0.0,0.25862068965517243
53,8,62,0.0,-0.5806451612903226,0.8225806451612904
53,9,66,0.0,0.0,0.3787878787878788
53,10,71,0.0,0.0,0.323943661971831
53,11,68,0.0,0.0,0.5147058823529411
53,12,54,0.0,0.0,0.1111111111111111
53,13,66,0.0,-0.9848484848484849,0.9848484848484849
53,14,60,0.0,0.0,0.25
53,15,54,0.0,0.0,0.7037037037037037
53,16,71,0.0,0.0,0.38028169014084506
53,17,60,0.0,0.0,0.5333333333333333
53,18,66,0.3181818181818182,0.3181818181818182,0.12121212121212122
53,19,52,0.4423076923076923,0.4423076923076923,0.13461538461538458
53,20,92,0.2717391304347826,-0.6956521739130435,0.6956521739130435
53,21,55,0.34545454545454546,0.34545454545454546,0.21818181818181814
53,22,57,0.6666666666666666,0.6666666666666666,0.01754385964912286
53,23,46,0.2391304347826087,0.2391304347826087,0.2391304347826087
53,24,48,0.10416666666666667,0.04166666666666667,0.04166666666666667
53,25,81,0.2962962962962963,0.2962962962962963,0.06172839506172839
53,26,73,0.7534246575342466,0.7123287671232876,0.0821917808219178
54,0,51,0.0,-0.7254901960784313,0.7254901960784313
54,1,45,0.0,-0.06666666666666667,0.17777777777777778
54,2,51,0.0,0.0,0.27450980392156865
54,3,54,0.0,0.0,0.037037037037037035
54,4,49,0.0,0.0,0.2857142857142857
54,5,53,0.0,0.0,0.37735849056603776
54,6,52,0.0,0.0,0.2692307692307692
54,7,58,0.0,0.0,0.25862068965517243
54,8,62,0.0,-0.5806451612903226,0.8225806451612904
54,9,66,0.0,0.0,0.3787878787878788
54,10,71,0.0,0.0,0.323943661971831
54,11,68,0.0,0.0,0.5147058823529411
54,12,54,0.0,0.0,0.1111111111111111
54,13,66,0.0,-0.9848484848484849,0.9848484848484849
54,14,60,0.0,0.0,0.25
54,15,54,0.0,0.0,0.7037037037037037
54,16,71,0.0,0.0,0.38028169014084506
54,17,60,0.0,0.0,0.5333333333333333
54,18,66,0.4393939393939394,0.4393939393939394,0.0
54,19,52,0.3076923076923077,0.3076923076923077,0.26923076923076916
54,20,92,0.31521739130434784,-0.6521739130434783,0.6521739130434783
54,21,55,0.4,0.4,0.16363636363636358
54,22,57,0.45614035087719296,0.45614035087719296,0.22807017543859653
54,23,46,0.45652173913043476,0.45652173913043476,0.02173913043478265
54,24,48,0.125,0.0625,0.020833333333333343
54,25,81,0.24691358024691357,0.24691358024691357,0.1111111111111111
54,26,73,0.7397260273972602,0.6986301369863013,0.09589041095890416
55,0,51,0.0,-0.7254901960784313,0.7254901960784313
55,1,45,0.0,-0.06666666666666667,0.17777777777777778
55,2,51,0.0,0.0,0.27450980392156865
55,3,54,0.0,0.0,0.037037037037037035
55,4,49,0.0,0.0,0.2857142857142857
55,5,53,0.0,0.0,0.37735849056603776
55,6,52,0.0,0.0,0.2692307692307692
55,7,58,0.0,0.0,0.25862068965517243
55,8,62,0.0,-0.5806451612903226,0.8225806451612904
55,9,66,0.0,0.0,0.3787878787878788
55,10,71,0.0,0.0,0.323943661971831
55,11,68,0.0,0.0,0.5147058823529411
55,12,54,0.0,0.0,0.1111111111111111
55,13,66,0.0,-0.9848484848484849,0.9848484848484849
55,14,60,0.0,0.0,0.25
55,15,54,0.0,0.0,0.7037037037037037
55,16,71,0.0,0.0,0.38028169014084506
55,17,60,0.0,0.0,0.5333333333333333
55,18,66,0.48484848484848486,0.48484848484848486,0.0
55,19,52,0.34615384615384615,0.34615384615384615,0.23076923076923073
55,20,92,0.2717391304347826,-0.6956521739130435,0.6956521739130435
55,21,55,0.34545454545454546,0.34545454545454546,0.21818181818181814
55,22,57,0.8070175438596491,0.8070175438596491,0.0
55,23,46,0.30434782608695654,0.30434782608695654,0.17391304347826086
55,24,48,0.08333333333333333,0.02083333333333333,0.06250000000000001
55,25,81,0.32098765432098764,0.32098765432098764,0.037037037037037035
55,26,73,0.7534246575342466,0.7123287671232876,0.0821917808219178
56,0,51,0.0,-0.7254901960784313,0.7254901960784313
56,1,45,0.0,-0.06666666666666667,0.17777777777777778
56,2,51,0.0,0.0,0.27450980392156865
56,3,54,0.0,0.0,0.037037037037037035
56,4,49,0.0,0.0,0.2857142857142857
56,5,53,0.0,0.0,0.37735849056603776
56,6,52,0.0,0.0,0.2692307692307692
56,7,58,0.0,0.0,0.25862068965517243
56,8,62,0.0,-0.5806451612903226,0.8225806451612904
56,9,66,0.0,0.0,0.3787878787878788
56,10,71,0.0,0.0,0.323943661971831
56,11,68,0.0,0.0,0.5147058823529411
56,12,54,0.0,0.0,0.1111111111111111
56,13,66,0.0,-0.9848484848484849,0.9848484848484849
56,14,60,0.0,0.0,0.25
56,15,54,0.0,0.0,0.7037037037037037
56,16,71,0.0,0.0,0.38028169014084506
56,17,60,0.0,0.0,0.5333333333333333
56,18,66,0.3939393939393939,0.3939393939393939,0.09090909090909094
56,19,52,0.46153846153846156,0.46153846153846156,0.11538461538461531
56,20,92,0.29347826086956524,-0.6739130434782608,0.6739130434782608
56,21,55,0.3090909090909091,0.3090909090909091,0.2545454545454545
56,22,57,0.5263157894736842,0.5263157894736842,0.2807017543859649
56,23,46,0.4782608695652174,0.4782608695652174,0.0
56,24,48,0.16666666666666666,0.10416666666666666,0.0
56,25,81,0.20987654320987653,0.20987654320987653,0.14814814814814814
56,26,73,0.7671232876712328,0.726027397260274,0.06849315068493156
57,0,51,0.0,-0.7254901960784313,0.7254901960784313
57,1,45,0.0,-0.06666666666666667,0.17777777777777778
57,2,51,0.0,0.0,0.27450980392156865
57,3,54,0.0,0.0,0.037037037037037035
57,4,49,0.0,0.0,0.2857142857142857
57,5,53,0.0,0.0,0.37735849056603776
57,6,52,0.0,0.0,0.2692307692307692
57,7,58,0.0,0.0,0.25862068965517243
57,8,62,0.0,-0.5806451612903226,0.8225806451612904
57,9,66,0.0,0.0,0.3787878787878788
57,10,71,0.0,0.0,0.323943661971831
57,11,68,0.0,0.0,0.5147058823529411
57,12,54,0.0,0.0,0.1111111111111111
57,13,66,0.0,-0.9848484848484849,0.9848484848484849
57,14,60,0.0,0.0,0.25
57,15,54,0.0,0.0,0.7037037037037037
57,16,71,0.0,0.0,0.38028169014084506
57,17,60,0.0,0.0,0.5333333333333333
57,18,66,0.42424242424242425,0.42424242424242425,0.06060606060606061
57,19,52,0.21153846153846154,0.21153846153846154,0.3653846153846153
57,20,92,0.358695652173913,-0.6086956521739131,0.6086956521739131
57,21,55,0.2727272727272727,0.2727272727272727,0.2909090909090909
57,22,57,0.631578947368421,0.631578947368421,0.17543859649122806
57,23,46,0.1956521739130435,0.1956521739130435,0.28260869565217395
57,24,48,0.08333333333333333,0.02083333333333333,0.08333333333333333
57,25,81,0.3333333333333333,0.3333333333333333,0.024691358024691357
57,26,73,0.7671232876712328,0.726027397260274,0.06849315068493156
58,0,51,0.0,-0.7254901960784313,0.7254901960784313
58,1,45,0.0,-0.06666666666666667,0.17777777777777778
58,2,51,0.0,0.0,0.27450980392156865
58,3,54,0.0,0.0,0.037037037037037035
58,4,49,0.0,0.0,0.2857142857142857
58,5,53,0.0,0.0,0.37735849056603776
58,6,52,0.0,0.0,0.2692307692307692
58,7,58,0.0,0.0,0.25862068965517243
58,8,62,0.0,-0.5806451612903226,0.8225806451612904
58,9,66,0.0,0.0,0.3787878787878788
58,10,71,0.0,0.0,0.323943661971831
58,11,68,0.0,0.0,0.5147058823529411
58,12,54,0.0,0.0,0.1111111111111111
58,13,66,0.0,-0.9848484848484849,0.9848484848484849
58,14,60,0.0,0.0,0.25
58,15,54,0.0,0.0,0.7037037037037037
58,16,71,0.0,0.0,0.38028169014084506
58,17,60,0.0,0.0,0.5333333333333333
58,18,66,0.42424242424242425,0.42424242424242425,0.06060606060606061
58,19,52,0.4230769230769231,0.4230769230769231,0.1538461538461538
58,20,92,0.2826086956521739,-0.6847826086956521,0.6847826086956521
58,21,55,0.36363636363636365,0.36363636363636365,0.19999999999999996
58,22,57,0.5087719298245614,0.5087719298245614,0.29824561403508765
58,23,46,0.43478260869565216,0.43478260869565216,0.043478260869565244
58,24,48,0.125,0.0625,0.04166666666666666
58,25,81,0.25925925925925924,0.25925925925925924,0.09876543209876543
58,26,73,0.7671232876712328,0.726027397260274,0.06849315068493156
59,0,51,0.0,-0.7254901960784313,0.7254901960784313
59,1,45,0.0,-0.06666666666666667,0.17777777777777778
59,2,51,0.0,0.0,0.27450980392156865
59,3,54,0.0,0.0,0.037037037037037035
59,4,49,0.0,0.0,0.2857142857142857
59,5,53,0.0,0.0,0.37735849056603776
59,6,52,0.0,0.0,0.2692307692307692
59,7,58,0.0,0.0,0.25862068965517243
59,8,62,0.0,-0.5806451612903226,0.8225806451612904
59,9,66,0.0,0.0,0.3787878787878788
59,10,71,0.0,0.0,0.323943661971831
59,11,68,0.0,0.0,0.5147058823529411
59,12,54,0.0,0.0,0.1111111111111111
59,13,66,0.0,-0.9848484848484849,0.9848484848484849
59,14,60,0.0,0.0,0.25
59,15,54,0.0,0.0,0.7037037037037037
59,16,71,0.0,0.0,0.38028169014084506
59,17,60,0.0,0.0,0.5333333333333333
59,18,66,0.45454545454545453,0.45454545454545453,0.03030303030303033
59,19,52,0.36538461538461536,0.36538461538461536,0.2115384615384615
59,20,92,0.32608695652173914,-0.6413043478260869,0.6413043478260869
59,21,55,0.45454545454545453,0.45454545454545453,0.10909090909090907
59,22,57,0.6666666666666666,0.6666666666666666,0.14035087719298245
59,23,46,0.34782608695652173,0.34782608695652173,0.13043478260869568
59,24,48,0.10416666666666667,0.04166666666666667,0.062499999999999986
59,25,81,0.3950617283950617,0.3950617283950617,0.0
59,26,73,0.7945205479452054,0.7534246575342465,0.04109589041095896
60,0,51,0.0,-0.7254901960784313,0.7254901960784313
60,1,45,0.0,-0.06666666666666667,0.17777777777777778
60,2,51,0.0,0.0,0.27450980392156865
60,3,54,0.0,0.0,0.037037037037037035
60,4,49,0.0,0.0,0.2857142857142857
60,5,53,0.0,0.0,0.37735849056603776
60,6,52,0.0,0.0,0.2692307692307692
60,7,58,0.0,0.0,0.25862068965517243
60,8,62,0.0,-0.5806451612903226,0.8225806451612904
60,9,66,0.0,0.0,0.3787878787878788
60,10,71,0.0,0.0,0.323943661971831
60,11,68,0.0,0.0,0.5147058823529411
60,12,54,0.0,0.0,0.1111111111111111
60,13,66,0.0,-0.9848484848484849,0.9848484848484849
60,14,60,0.0,0.0,0.25
60,15,54,0.0,0.0,0.7037037037037037
60,16,71,0.0,0.0,0.38028169014084506
60,17,60,0.0,0.0,0.5333333333333333
60,18,66,0.4090909090909091,0.4090909090909091,0.07575757575757575
60,19,52,0.4230769230769231,0.4230769230769231,0.1538461538461538
60,20,92,0.2826086956521739,-0.6847826086956521,0.6847826086956521
60,21,55,0.2545454545454545,0.2545454545454545,0.3090909090909091
60,22,57,0.5789473684210527,0.5789473684210527,0.22807017543859642
60,23,46,0.45652173913043476,0.45652173913043476,0.02173913043478265
60,24,48,0.125,0.0625,0.04166666666666666
60,25,81,0.3333333333333333,0.3333333333333333,0.06172839506172839
60,26,73,0.7397260273972602,0.6986301369863013,0.09589041095890416
61,0,51,0.0,-0.7254901960784313,0.7254901960784313
61,1,45,0.0,-0.06666666666666667,0.17777777777777778
61,2,51,0.0,0.0,0.27450980392156865
61,3,54,0.0,0.0,0.037037037037037035
61,4,49,0.0,0.0,0.2857142857142857
61,5,53,0.0,0.0,0.37735849056603776
61,6,52,0.0,0.0,0.2692307692307692
61,7,58,0.0,0.0,0.25862068965517243
61,8,62,0.0,-0.5806451612903226,0.8225806451612904
61,9,66,0.0,0.0,0.3787878787878788
61,10,71,0.0,0.0,0.323943661971831
61,11,68,0.0,0.0,0.5147058823529411
61,12,54,0.0,0.0,0.1111111111111111
61,13,66,0.0,-0.9848484848484849,0.9848484848484849
61,14,60,0.0,0.0,0.25
61,15,54,0.0,0.0,0.7037037037037037
61,16,71,0.0,0.0,0.38028169014084506
61,17,60,0.0,0.0,0.5333333333333333
61,18,66,0.3939393939393939,0.3939393939393939,0.09090909090909094
61,19,52,0.40384615384615385,0.40384615384615385,0.17307692307692302
61,20,92,0.2826086956521739,-0.6847826086956521,0.6847826086956521
61,21,55,0.4,0.4,0.16363636363636358
61,22,57,0.631578947368421,0.631578947368421,0.17543859649122806
61,23,46,0.32608695652173914,0.32608695652173914,0.15217391304347827
61,24,48,0.10416666666666667,0.04166666666666667,0.062499999999999986
61,25,81,0.3950617283950617,0.3950617283950617,0.0
61,26,73,0.7671232876712328,0.726027397260274,0.06849315068493156
62,0,51,0.0,-0.7254901960784313,0.7254901960784313
62,1,45,0.0,-0.06666666666666667,0.17777777777777778
62,2,51,0.0,0.0,0.27450980392156865
62,3,54,0.0,0.0,0.037037037037037035
62,4,49,0.0,0.0,0.2857142857142857
62,5,53,0.0,0.0,0.37735849056603776
62,6,52,0.0,0.0,0.2692307692307692
62,7,58,0.0,0.0,0.25862068965517243
62,8,62,0.0,-0.5806451612903226,0.8225806451612904
62,9,66,0.0,0.0,0.3787878787878788
62,10,71,0.0,0.0,0.323943661971831
62,11,68,0.0,0.0,0.5147058823529411
62,12,54,0.0,0.0,0.1111111111111111
62,13,66,0.0,-0.9848484848484849,0.9848484848484849
62,14,60,0.0,0.0,0.25
62,15,54,0.0,0.0,0.7037037037037037
62,16,71,0.0,0.0,0.38028169014084506
62,17,60,0.0,0.0,0.5333333333333333
62,18,66,0.4090909090909091,0.4090909090909091,0.07575757575757575
62,19,52,0.4230769230769231,0.4230769230769231,0.1538461538461538
62,20,92,0.30434782608695654,-0.6630434782608695,0.6630434782608695
62,21,55,0.2727272727272727,0.2727272727272727,0.2909090909090909
62,22,57,0.5964912280701754,0.5964912280701754,0.21052631578947367
62,23,46,0.45652173913043476,0.45652173913043476,0.02173913043478265
62,24,48,0.08333333333333333,0.02083333333333333,0.08333333333333333
62,25,81,0.2716049382716049,0.2716049382716049,0.12345679012345678
62,26,73,0.726027397260274,0.6849315068493151,0.1095890410958904
63,0,51,0.0,-0.7254901960784313,0.7254901960784313
63,1,45,0.0,-0.06666666666666667,0.17777777777777778
63,2,51,0.0,0.0,0.27450980392156865
63,3,54,0.0,0.0,0.037037037037037035
63,4,49,0.0,0.0,0.2857142857142857
63,5,53,0.0,0.0,0.37735849056603776
63,6,52,0.0,0.0,0.2692307692307692
63,7,58,0.0,0.0,0.25862068965517243
63,8,62,0.0,-0.5806451612903226,0.8225806451612904
63,9,66,0.0,0.0,0.3787878787878788
63,10,71,0.0,0.0,0.323943661971831
63,11,68,0.0,0.0,0.5147058823529411
63,12,54,0.0,0.0,0.1111111111111111
63,13,66,0.0,-0.9848484848484849,0.9848484848484849
63,14,60,0.0,0.0,0.25
63,15,54,0.0,0.0,0.7037037037037037
63,16,71,0.0,0.0,0.38028169014084506
63,17,60,0.0,0.0,0.5333333333333333
63,18,66,0.45454545454545453,0.45454545454545453,0.03030303030303033
63,19,52,0.40384615384615385,0.40384615384615385,0.17307692307692302
63,20,92,0.33695652173913043,-0.6304347826086956,0.6304347826086956
63,21,55,0.4727272727272727,0.4727272727272727,0.09090909090909088
63,22,57,0.6140350877192983,0.6140350877192983,0.1929824561403508
63,23,46,0.2826086956521739,0.2826086956521739,0.19565217391304351
63,24,48,0.10416666666666667,0.04166666666666667,0.062499999999999986
63,25,81,0.41975308641975306,0.41975308641975306,0.0
63,26,73,0.7945205479452054,0.7534246575342465,0.04109589041095896
64,0,51,0.0,-0.7254901960784313,0.7254901960784313
64,1,45,0.0,-0.06666666666666667,0.17777777777777778
64,2,51,0.0,0.0,0.27450980392156865
64,3,54,0.0,0.0,0.037037037037037035
64,4,49,0.0,0.0,0.2857142857142857
64,5,53,0.0,0.0,0.37735849056603776
64,6,52,0.0,0.0,0.2692307692307692
64,7,58,0.0,0.0,0.25862068965517243
64,8,62,0.0,-0.5806451612903226,0.8225806451612904
64,9,66,0.0,0.0,0.3787878787878788
64,10,71,0.0,0.0,0.323943661971831
64,11,68,0.0,0.0,0.5147058823529411
64,12,54,0.0,0.0,0.1111111111111111
64,13,66,0.0,-0.9848484848484849,0.9848484848484849
64,14,60,0.0,0.0,0.25
64,15,54,0.0,0.0,0.7037037037037037
64,16,71,0.0,0.0,0.38028169014084506
64,17,60,0.0,0.0,0.5333333333333333
64,18,66,0.4090909090909091,0.4090909090909091,0.07575757575757575
64,19,52,0.4230769230769231,0.4230769230769231,0.1538461538461538
64,20,92,0.33695652173913043,-0.6304347826086956,0.6304347826086956
64,21,55,0.2,0.2,0.3636363636363636
64,22,57,0.5964912280701754,0.5964912280701754,0.21052631578947367
64,23,46,0.45652173913043476,0.45652173913043476,0.02173913043478265
64,24,48,0.08333333333333333,0.02083333333333333,0.08333333333333333
64,25,81,0.25925925925925924,0.25925925925925924,0.16049382716049382
64,26,73,0.7808219178082192,0.7397260273972603,0.0547945205479452
65,0,51,0.0,-0.7254901960784313,0.7254901960784313
65,1,45,0.0,-0.06666666666666667,0.17777777777777778
65,2,51,0.0,0.0,0.27450980392156865
65,3,54,0.0,0.0,0.037037037037037035
65,4,49,0.0,0.0,0.2857142857142857
65,5,53,0.0,0.0,0.37735849056603776
65,6,52,0.0,0.0,0.2692307692307692
65,7,58,0.0,0.0,0.25862068965517243
65,8,62,0.0,-0.5806451612903226,0.8225806451612904
65,9,66,0.0,0.0,0.3787878787878788
65,10,71,0.0,0.0,0.323943661971831
65,11,68,0.0,0.0,0.5147058823529411
65,12,54,0.0,0.0,0.1111111111111111
65,13,66,0.0,-0.9848484848484849,0.9848484848484849
65,14,60,0.0,0.0,0.25
65,15,54,0.0,0.0,0.7037037037037037
65,16,71,0.0,0.0,0.38028169014084506
65,17,60,0.0,0.0,0.5333333333333333
65,18,66,0.42424242424242425,0.42424242424242425,0.06060606060606061
65,19,52,0.34615384615384615,0.34615384615384615,0.23076923076923073
65,20,92,0.34782608695652173,-0.6195652173913043,0.6195652173913043
65,21,55,0.45454545454545453,0.45454545454545453,0.10909090909090907
65,22,57,0.6666666666666666,0.6666666666666666,0.14035087719298245
65,23,46,0.32608695652173914,0.32608695652173914,0.15217391304347827
65,24,48,0.10416666666666667,0.04166666666666667,0.062499999999999986
65,25,81,0.43209876543209874,0.43209876543209874,0.0
65,26,73,0.6986301369863014,0.6575342465753424,0.136986301369863
66,0,51,0.0,-0.7254901960784313,0.7254901960784313
66,1,45,0.0,-0.06666666666666667,0.17777777777777778
66,2,51,0.0,0.0,0.27450980392156865
66,3,54,0.0,0.0,0.037037037037037035
66,4,49,0.0,0.0,0.2857142857142857
66,5,53,0.0,0.0,0.37735849056603776
66,6,52,0.0,0.0,0.2692307692307692
66,7,58,0.0,0.0,0.25862068965517243
66,8,62,0.0,-0.5806451612903226,0.8225806451612904
66,9,66,0.0,0.0,0.3787878787878788
66,10,71,0.0,0.0,0.323943661971831
66,11,68,0.0,0.0,0.5147058823529411
66,12,54,0.0,0.0,0.1111111111111111
66,13,66,0.0,-0.9848484848484849,0.9848484848484849
66,14,60,0.0,0.0,0.25
66,15,54,0.0,0.0,0.7037037037037037
66,16,71,0.0,0.0,0.38028169014084506
66,17,60,0.0,0.0,0.5333333333333333
66,18,66,0.3939393939393939,0.3939393939393939,0.09090909090909094
66,19,52,0.40384615384615385,0.40384615384615385,0.17307692307692302
66,20,92,0.358695652173913,-0.6086956521739131,0.6086956521739131
66,21,55,0.10909090909090909,0.10909090909090909,0.45454545454545453
66,22,57,0.6140350877192983,0.6140350877192983,0.1929824561403508
66,23,46,0.34782608695652173,0.34782608695652173,0.13043478260869568
66,24,48,0.10416666666666667,0.04166666666666667,0.062499999999999986
66,25,81,0.20987654320987653,0.20987654320987653,0.2222222222222222
66,26,73,0.8493150684931506,0.8082191780821917,0.0
67,0,51,0.0,-0.7254901960784313,0.7254901960784313
67,1,45,0.0,-0.06666666666666667,0.17777777777777778
67,2,51,0.0,0.0,0.27450980392156865
67,3,54,0.0,0.0,0.037037037037037035
67,4,49,0.0,0.0,0.2857142857142857
67,5,53,0.0,0.0,0.37735849056603776
67,6,52,0.0,0.0,0.2692307692307692
67,7,58,0.0,0.0,0.25862068965517243
67,8,62,0.0,-0.5806451612903226,0.8225806451612904
67,9,66,0.0,0.0,0.3787878787878788
67,10,71,0.0,0.0,0.323943661971831
67,11,68,0.0,0.0,0.5147058823529411
67,12,54,0.0,0.0,0.1111111111111111
67,13,66,0.0,-0.9848484848484849,0.9848484848484849
67,14,60,0.0,0.0,0.25
67,15,54,0.0,0.0,0.7037037037037037
67,16,71,0.0,0.0,0.38028169014084506
67,17,60,0.0,0.0,0.5333333333333333
67,18,66,0.4090909090909091,0.4090909090909091,0.07575757575757575
67,19,52,0.38461538461538464,0.38461538461538464,0.19230769230769224
67,20,92,0.358695652173913,-0.6086956521739131,0.6086956521739131
67,21,55,0.41818181818181815,0.41818181818181815,0.14545454545454545
67,22,57,0.631578947368421,0.631578947368421,0.17543859649122806
67,23,46,0.391304347826087,0.391304347826087,0.08695652173913043
67,24,48,0.10416666666666667,0.04166666666666667,0.062499999999999986
67,25,81,0.43209876543209874,0.43209876543209874,0.0
67,26,73,0.7808219178082192,0.7397260273972603,0.06849315068493145
68,0,51,0.0,-0.7254901960784313,0.7254901960784313
68,1,45,0.0,-0.06666666666666667,0.17777777777777778
68,2,51,0.0,0.0,0.27450980392156865
68,3,54,0.0,0.0,0.037037037037037035
68,4,49,0.0,0.0,0.2857142857142857
68,5,53,0.0,0.0,0.37735849056603776
68,6,52,0.0,0.0,0.2692307692307692
68,7,58,0.0,0.0,0.25862068965517243
68,8,62,0.0,-0.5806451612903226,0.8225806451612904
68,9,66,0.0,0.0,0.3787878787878788
68,10,71,0.0,0.0,0.323943661971831
68,11,68,0.0,0.0,0.5147058823529411
68,12,54,0.0,0.0,0.1111111111111111
68,13,66,0.0,-0.9848484848484849,0.9848484848484849
68,14,60,0.0,0.0,0.25
68,15,54,0.0,0.0,0.7037037037037037
68,16,71,0.0,0.0,0.38028169014084506
68,17,60,0.0,0.0,0.5333333333333333
68,18,66,0.5,0.5,0.0
68,19,52,0.34615384615384615,0.34615384615384615,0.23076923076923073
68,20,92,0.31521739130434784,-0.6521739130434783,0.6521739130434783
68,21,55,0.41818181818181815,0.41818181818181815,0.14545454545454545
68,22,57,0.5614035087719298,0.5614035087719298,0.24561403508771928
68,23,46,0.391304347826087,0.391304347826087,0.08695652173913043
68,24,48,0.16666666666666666,0.10416666666666666,0.0
68,25,81,0.4444444444444444,0.4444444444444444,0.0
68,26,73,0.7945205479452054,0.7534246575342465,0.0547945205479452
69,0,51,0.0,-0.7254901960784313,0.7254901960784313
69,1,45,0.0,-0.06666666666666667,0.17777777777777778
69,2,51,0.0,0.0,0.27450980392156865
69,3,54,0.0,0.0,0.037037037037037035
69,4,49,0.0,0.0,0.2857142857142857
69,5,53,0.0,0.0,0.37735849056603776
69,6,52,0.0,0.0,0.2692307692307692
69,7,58,0.0,0.0,0.25862068965517243
69,8,62,0.0,-0.5806451612903226,0.8225806451612904
69,9,66,0.0,0.0,0.3787878787878788
69,10,71,0.0,0.0,0.323943661971831
69,11,68,0.0,0.0,0.5147058823529411
69,12,54,0.0,0.0,0.1111111111111111
69,13,66,0.0,-0.9848484848484849,0.9848484848484849
69,14,60,0.0,0.0,0.25
69,15,54,0.0,0.0,0.7037037037037037
69,16,71,0.0,0.0,0.38028169014084506
69,17,60,0.0,0.0,0.5333333333333333
69,18,66,0.45454545454545453,0.45454545454545453,0.04545454545454547
69,19,52,0.4230769230769231,0.4230769230769231,0.1538461538461538
69,20,92,0.29347826086956524,-0.6739130434782608,0.6739130434782608
69,21,55,0.38181818181818183,0.38181818181818183,0.18181818181818177
69,22,57,0.5614035087719298,0.5614035087719298,0.24561403508771928
69,23,46,0.41304347826086957,0.41304347826086957,0.06521739130434784
69,24,48,0.14583333333333334,0.08333333333333334,0.020833333333333315
69,25,81,0.41975308641975306,0.41975308641975306,0.024691358024691357
69,26,73,0.8082191780821918,0.7671232876712328,0.041095890410958846
70,0,51,0.0,-0.7254901960784313,0.7254901960784313
70,1,45,0.0,-0.06666666666666667,0.17777777777777778
70,2,51,0.0,0.0,0.27450980392156865
70,3,54,0.0,0.0,0.037037037037037035
70,4,49,0.0,0.0,0.2857142857142857
70,5,53,0.0,0.0,0.37735849056603776
70,6,52,0.0,0.0,0.2692307692307692
70,7,58,0.0,0.0,0.25862068965517243
70,8,62,0.0,-0.5806451612903226,0.8225806451612904
70,9,66,0.0,0.0,0.3787878787878788
70,10,71,0.0,0.0,0.323943661971831
70,11,68,0.0,0.0,0.5147058823529411
70,12,54,0.0,0.0,0.1111111111111111
70,13,66,0.0,-0.9848484848484849,0.9848484848484849
70,14,60,0.0,0.0,0.25
70,15,54,0.0,0.0,0.7037037037037037
70,16,71,0.0,0.0,0.38028169014084506
70,17,60,0.0,0.0,0.5333333333333333
70,18,66,0.4090909090909091,0.4090909090909091,0.09090909090909088
70,19,52,0.19230769230769232,0.19230769230769232,0.3846153846153846
70,20,92,0.42391304347826086,-0.5434782608695652,0.5434782608695652
70,21,55,0.18181818181818182,0.18181818181818182,0.3818181818181818
70,22,57,0.6666666666666666,0.6666666666666666,0.14035087719298245
70,23,46,0.2826086956521739,0.2826086956521739,0.19565217391304351
70,24,48,0.125,0.0625,0.04166666666666666
70,25,81,0.4444444444444444,0.4444444444444444,0.0
70,26,73,0.863013698630137,0.821917808219178,0.0
71,0,51,0.0,-0.7254901960784313,0.7254901960784313
71,1,45,0.0,-0.06666666666666667,0.17777777777777778
71,2,51,0.0,0.0,0.27450980392156865
71,3,54,0.0,0.0,0.037037037037037035
71,4,49,0.0,0.0,0.2857142857142857
71,5,53,0.0,0.0,0.37735849056603776
71,6,52,0.0,0.0,0.2692307692307692
71,7,58,0.0,0.0,0.25862068965517243
71,8,62,0.0,-0.5806451612903226,0.8225806451612904
71,9,66,0.0,0.0,0.3787878787878788
71,10,71,0.0,0.0,0.323943661971831
71,11,68,0.0,0.0,0.5147058823529411
71,12,54,0.0,0.0,0.1111111111111111
71,13,66,0.0,-0.9848484848484849,0.9848484848484849
71,14,60,0.0,0.0,0.25
71,15,54,0.0,0.0,0.7037037037037037
71,16,71,0.0,0.0,0.38028169014084506
71,17,60,0.0,0.0,0.5333333333333333
71,18,66,0.3939393939393939,0.3939393939393939,0.10606060606060608
71,19,52,0.4423076923076923,0.4423076923076923,0.13461538461538458
71,20,92,0.30434782608695654,-0.6630434782608695,0.6630434782608695
71,21,55,0.4727272727272727,0.4727272727272727,0.09090909090909088
71,22,57,0.6140350877192983,0.6140350877192983,0.1929824561403508
71,23,46,0.41304347826086957,0.41304347826086957,0.06521739130434784
71,24,48,0.10416666666666667,0.04166666666666667,0.062499999999999986
71,25,81,0.3950617283950617,0.3950617283950617,0.04938271604938271
71,26,73,0.7945205479452054,0.7534246575342465,0.06849315068493156
72,0,51,0.0,-0.7254901960784313,0.7254901960784313
72,1,45,0.0,-0.06666666666666667,0.17777777777777778
72,2,51,0.0,0.0,0.27450980392156865
72,3,54,0.0,0.0,0.037037037037037035
72,4,49,0.0,0.0,0.2857142857142857
72,5,53,0.0,0.0,0.37735849056603776
72,6,52,0.0,0.0,0.2692307692307692
72,7,58,0.0,0.0,0.25862068965517243
72,8,62,0.0,-0.5806451612903226,0.8225806451612904
72,9,66,0.0,0.0,0.3787878787878788
72,10,71,0.0,0.0,0.323943661971831
72,11,68,0.0,0.0,0.5147058823529411
72,12,54,0.0,0.0,0.1111111111111111
72,13,66,0.0,-0.9848484848484849,0.9848484848484849
72,14,60,0.0,0.0,0.25
72,15,54,0.0,0.0,0.7037037037037037
72,16,71,0.0,0.0,0.38028169014084506
72,17,60,0.0,0.0,0.5333333333333333
72,18,66,0.4696969696969697,0.4696969696969697,0.030303030303030276
72,19,52,0.38461538461538464,0.38461538461538464,0.19230769230769224
72,20,92,0.31521739130434784,-0.6521739130434783,0.6521739130434783
72,21,55,0.4727272727272727,0.4727272727272727,0.09090909090909088
72,22,57,0.5789473684210527,0.5789473684210527,0.22807017543859642
72,23,46,0.3695652173913043,0.3695652173913043,0.10869565217391308
72,24,48,0.10416666666666667,0.04166666666666667,0.062499999999999986
72,25,81,0.43209876543209874,0.43209876543209874,0.012345679012345678
72,26,73,0.8082191780821918,0.7671232876712328,0.0547945205479452
73,0,51,0.0,-0.7254901960784313,0.7254901960784313
73,1,45,0.0,-0.06666666666666667,0.17777777777777778
73,2,51,0.0,0.0,0.27450980392156865
73,3,54,0.0,0.0,0.037037037037037035
73,4,49,0.0,0.0,0.2857142857142857
73,5,53,0.0,0.0,0.37735849056603776
73,6,52,0.0,0.0,0.2692307692307692
73,7,58,0.0,0.0,0.25862068965517243
73,8,62,0.0,-0.5806451612903226,0.8225806451612904
73,9,66,0.0,0.0,0.3787878787878788
73,10,71,0.0,0.0,0.323943661971831
73,11,68,0.0,0.0,0.5147058823529411
73,12,54,0.0,0.0,0.1111111111111111
73,13,66,0.0,-0.9848484848484849,0.9848484848484849
73,14,60,0.0,0.0,0.25
73,15,54,0.0,0.0,0.7037037037037037
73,16,71,0.0,0.0,0.38028169014084506
73,17,60,0.0,0.0,0.5333333333333333
73,18,66,0.48484848484848486,0.48484848484848486,0.015151515151515138
73,19,52,0.40384615384615385,0.40384615384615385,0.17307692307692302
73,20,92,0.30434782608695654,-0.6630434782608695,0.6630434782608695
73,21,55,0.3090909090909091,0.3090909090909091,0.2545454545454545
73,22,57,0.6491228070175439,0.6491228070175439,0.1578947368421052
73,23,46,0.3695652173913043,0.3695652173913043,0.10869565217391308
73,24,48,0.10416666666666667,0.04166666666666667,0.062499999999999986
73,25,81,0.4691358024691358,0.4691358024691358,0.0
73,26,73,0.7808219178082192,0.7397260273972603,0.0821917808219178
74,0,51,0.0,-0.7254901960784313,0.7254901960784313
74,1,45,0.0,-0.06666666666666667,0.17777777777777778
74,2,51,0.0,0.0,0.27450980392156865
74,3,54,0.0,0.0,0.037037037037037035
74,4,49,0.0,0.0,0.2857142857142857
74,5,53,0.0,0.0,0.37735849056603776
74,6,52,0.0,0.0,0.2692307692307692
74,7,58,0.0,0.0,0.25862068965517243
74,8,62,0.0,-0.5806451612903226,0.8225806451612904
74,9,66,0.0,0.0,0.3787878787878788
74,10,71,0.0,0.0,0.323943661971831
74,11,68,0.0,0.0,0.5147058823529411
74,12,54,0.0,0.0,0.1111111111111111
74,13,66,0.0,-0.9848484848484849,0.9848484848484849
74,14,60,0.0,0.0,0.25
74,15,54,0.0,0.0,0.7037037037037037
74,16,71,0.0,0.0,0.38028169014084506
74,17,60,0.0,0.0,0.5333333333333333
74,18,66,0.48484848484848486,0.48484848484848486,0.015151515151515138
74,19,52,0.4423076923076923,0.4423076923076923,0.13461538461538458
74,20,92,0.30434782608695654,-0.6630434782608695,0.6630434782608695
74,21,55,0.4,0.4,0.16363636363636358
74,22,57,0.47368421052631576,0.47368421052631576,0.3333333333333333
74,23,46,0.3695652173913043,0.3695652173913043,0.10869565217391308
74,24,48,0.125,0.0625,0.04166666666666666
74,25,81,0.38271604938271603,0.38271604938271603,0.08641975308641975
74,26,73,0.8356164383561644,0.7945205479452055,0.0273972602739726
75,0,51,0.0,-0.7254901960784313,0.7254901960784313
75,1,45,0.0,-0.06666666666666667,0.17777777777777778
75,2,51,0.0,0.0,0.27450980392156865
75,3,54,0.0,0.0,0.037037037037037035
75,4,49,0.0,0.0,0.2857142857142857
75,5,53,0.0,0.0,0.37735849056603776
75,6,52,0.0,0.0,0.2692307692307692
75,7,58,0.0,0.0,0.25862068965517243
75,8,62,0.0,-0.5806451612903226,0.8225806451612904
75,9,66,0.0,0.0,0.3787878787878788
75,10,71,0.0,0.0,0.323943661971831
75,11,68,0.0,0.0,0.5147058823529411
75,12,54,0.0,0.0,0.1111111111111111
75,13,66,0.0,-0.9848484848484849,0.9848484848484849
75,14,60,0.0,0.0,0.25
75,15,54,0.0,0.0,0.7037037037037037
75,16,71,0.0,0.0,0.38028169014084506
75,17,60,0.0,0.0,0.5333333333333333
75,18,66,0.4393939393939394,0.4393939393939394,0.06060606060606061
75,19,52,0.4230769230769231,0.4230769230769231,0.1538461538461538
75,20,92,0.358695652173913,-0.6086956521739131,0.6086956521739131
75,21,55,0.2727272727272727,0.2727272727272727,0.2909090909090909
75,22,57,0.6666666666666666,0.6666666666666666,0.14035087719298245
75,23,46,0.41304347826086957,0.41304347826086957,0.06521739130434784
75,24,48,0.125,0.0625,0.04166666666666666
75,25,81,0.43209876543209874,0.43209876543209874,0.037037037037037035
75,26,73,0.7397260273972602,0.6986301369863013,0.12328767123287676
76,0,51,0.0,-0.7254901960784313,0.7254901960784313
76,1,45,0.0,-0.06666666666666667,0.17777777777777778
76,2,51,0.0,0.0,0.27450980392156865
76,3,54,0.0,0.0,0.037037037037037035
76,4,49,0.0,0.0,0.2857142857142857
76,5,53,0.0,0.0,0.37735849056603776
76,6,52,0.0,0.0,0.2692307692307692
76,7,58,0.0,0.0,0.25862068965517243
76,8,62,0.0,-0.5806451612903226,0.8225806451612904
76,9,66,0.0,0.0,0.3787878787878788
76,10,71,0.0,0.0,0.323943661971831
76,11,68,0.0,0.0,0.5147058823529411
76,12,54,0.0,0.0,0.1111111111111111
76,13,66,0.0,-0.9848484848484849,0.9848484848484849
76,14,60,0.0,0.0,0.25
76,15,54,0.0,0.0,0.7037037037037037
76,16,71,0.0,0.0,0.38028169014084506
76,17,60,0.0,0.0,0.5333333333333333
76,18,66,0.45454545454545453,0.45454545454545453,0.04545454545454547
76,19,52,0.4423076923076923,0.4423076923076923,0.13461538461538458
76,20,92,0.358695652173913,-0.6086956521739131,0.6086956521739131
76,21,55,0.43636363636363634,0.43636363636363634,0.12727272727272726
76,22,57,0.5263157894736842,0.5263157894736842,0.2807017543859649
76,23,46,0.2608695652173913,0.2608695652173913,0.2173913043478261
76,24,48,0.16666666666666666,0.10416666666666666,0.0
76,25,81,0.43209876543209874,0.43209876543209874,0.037037037037037035
76,26,73,0.863013698630137,0.821917808219178,0.0
77,0,51,0.0,-0.7254901960784313,0.7254901960784313
77,1,45,0.0,-0.06666666666666667,0.17777777777777778
77,2,51,0.0,0.0,0.27450980392156865
77,3,54,0.0,0.0,0.037037037037037035
77,4,49,0.0,0.0,0.2857142857142857
77,5,53,0.0,0.0,0.37735849056603776
77,6,52,0.0,0.0,0.2692307692307692
77,7,58,0.0,0.0,0.25862068965517243
77,8,62,0.0,-0.5806451612903226,0.8225806451612904
77,9,66,0.0,0.0,0.3787878787878788
77,10,71,0.0,0.0,0.323943661971831
77,11,68,0.0,0.0,0.5147058823529411
77,12,54,0.0,0.0,0.1111111111111111
77,13,66,0.0,-0.9848484848484849,0.9848484848484849
77,14,60,0.0,0.0,0.25
77,15,54,0.0,0.0,0.7037037037037037
77,16,71,0.0,0.0,0.38028169014084506
77,17,60,0.016666666666666666,0.016666666666666666,0.5166666666666666
77,18,66,0.42424242424242425,0.42424242424242425,0.07575757575757575
77,19,52,0.4230769230769231,0.4230769230769231,0.1538461538461538
77,20,92,0.31521739130434784,-0.6521739130434783,0.6521739130434783
77,21,55,0.32727272727272727,0.32727272727272727,0.23636363636363633
77,22,57,0.8245614035087719,0.8245614035087719,0.0
77,23,46,0.41304347826086957,0.41304347826086957,0.06521739130434784
77,24,48,0.10416666666666667,0.04166666666666667,0.062499999999999986
77,25,81,0.38271604938271603,0.38271604938271603,0.08641975308641975
77,26,73,0.7808219178082192,0.7397260273972603,0.0821917808219178
78,0,51,0.0,-0.7254901960784313,0.7254901960784313
78,1,45,0.0,-0.06666666666666667,0.17777777777777778
78,2,51,0.0,0.0,0.27450980392156865
78,3,54,0.0,0.0,0.037037037037037035
78,4,49,0.0,0.0,0.2857142857142857
78,5,53,0.0,0.0,0.37735849056603776
78,6,52,0.0,0.0,0.2692307692307692
78,7,58,0.0,0.0,0.25862068965517243
78,8,62,0.0,-0.5806451612903226,0.8225806451612904
78,9,66,0.0,0.0,0.3787878787878788
78,10,71,0.0,0.0,0.323943661971831
78,11,68,0.0,0.0,0.5147058823529411
78,12,54,0.0,0.0,0.1111111111111111
78,13,66,0.0,-0.9848484848484849,0.9848484848484849
78,14,60,0.0,0.0,0.25
78,15,54,0.0,0.0,0.7037037037037037
78,16,71,0.0,0.0,0.38028169014084506
78,17,60,0.0,0.0,0.5333333333333333
78,18,66,0.4090909090909091,0.4090909090909091,0.09090909090909088
78,19,52,0.38461538461538464,0.38461538461538464,0.19230769230769224
78,20,92,0.3804347826086957,-0.5869565217391304,0.5869565217391304
78,21,55,0.32727272727272727,0.32727272727272727,0.23636363636363633
78,22,57,0.6140350877192983,0.6140350877192983,0.21052631578947367
78,23,46,0.2391304347826087,0.2391304347826087,0.2391304347826087
78,24,48,0.10416666666666667,0.04166666666666667,0.062499999999999986
78,25,81,0.4444444444444444,0.4444444444444444,0.024691358024691357
78,26,73,0.8493150684931506,0.8082191780821917,0.013698630136986356
79,0,51,0.0,-0.7254901960784313,0.7254901960784313
79,1,45,0.0,-0.06666666666666667,0.17777777777777778
79,2,51,0.0,0.0,0.27450980392156865
79,3,54,0.0,0.0,0.037037037037037035
79,4,49,0.0,0.0,0.2857142857142857
79,5,53,0.0,0.0,0.37735849056603776
79,6,52,0.0,0.0,0.2692307692307692
79,7,58,0.0,0.0,0.25862068965517243
79,8,62,0.0,-0.5806451612903226,0.8225806451612904
79,9,66,0.0,0.0,0.3787878787878788
79,10,71,0.0,0.0,0.323943661971831
79,11,68,0.0,0.0,0.5147058823529411
79,12,54,0.0,0.0,0.1111111111111111
79,13,66,0.0,-0.9848484848484849,0.9848484848484849
79,14,60,0.0,0.0,0.25
79,15,54,0.0,0.0,0.7037037037037037
79,16,71,0.0,0.0,0.38028169014084506
79,17,60,0.0,0.0,0.5333333333333333
79,18,66,0.42424242424242425,0.42424242424242425,0.07575757575757575
79,19,52,0.4807692307692308,0.4807692307692308,0.09615384615384609
79,20,92,0.2608695652173913,-0.7065217391304348,0.7065217391304348
79,21,55,0.2909090909090909,0.2909090909090909,0.2727272727272727
79,22,57,0.7368421052631579,0.7368421052631579,0.08771929824561409
79,23,46,0.43478260869565216,0.43478260869565216,0.043478260869565244
79,24,48,0.10416666666666667,0.04166666666666667,0.062499999999999986
79,25,81,0.43209876543209874,0.43209876543209874,0.037037037037037035
79,26,73,0.7945205479452054,0.7534246575342465,0.06849315068493156
80,0,51,0.0,-0.7254901960784313,0.7254901960784313
80,1,45,0.0,-0.06666666666666667,0.17777777777777778
80,2,51,0.0,0.0,0.27450980392156865
80,3,54,0.0,0.0,0.037037037037037035
80,4,49,0.0,0.0,0.2857142857142857
80,5,53,0.0,0.0,0.37735849056603776
80,6,52,0.0,0.0,0.2692307692307692
80,7,58,0.0,0.0,0.25862068965517243
80,8,62,0.0,-0.5806451612903226,0.8225806451612904
80,9,66,0.0,0.0,0.3787878787878788
80,10,71,0.0,0.0,0.323943661971831
80,11,68,0.0,0.0,0.5147058823529411
80,12,54,0.0,0.0,0.1111111111111111
80,13,66,0.0,-0.9848484848484849,0.9848484848484849
80,14,60,0.0,0.0,0.25
80,15,54,0.0,0.0,0.7037037037037037
80,16,71,0.0,0.0,0.38028169014084506
80,17,60,0.0,0.0,0.5333333333333333
80,18,66,0.4090909090909091,0.4090909090909091,0.09090909090909088
80,19,52,0.38461538461538464,0.38461538461538464,0.19230769230769224
80,20,92,0.34782608695652173,-0.6195652173913043,0.6195652173913043
80,21,55,0.43636363636363634,0.43636363636363634,0.12727272727272726
80,22,57,0.5964912280701754,0.5964912280701754,0.22807017543859653
80,23,46,0.34782608695652173,0.34782608695652173,0.13043478260869568
80,24,48,0.10416666666666667,0.04166666666666667,0.062499999999999986
80,25,81,0.3950617283950617,0.3950617283950617,0.07407407407407407
80,26,73,0.8493150684931506,0.8082191780821917,0.013698630136986356
81,0,51,0.0,-0.7254901960784313,0.7254901960784313
81,1,45,0.0,-0.06666666666666667,0.17777777777777778
81,2,51,0.0,0.0,0.27450980392156865
81,3,54,0.0,0.0,0.037037037037037035
81,4,49,0.0,0.0,0.2857142857142857
81,5,53,0.0,0.0,0.37735849056603776
81,6,52,0.0,0.0,0.2692307692307692
81,7,58,0.0,0.0,0.25862068965517243
81,8,62,0.0,-0.5806451612903226,0.8225806451612904
81,9,66,0.0,0.0,0.3787878787878788
81,10,71,0.0,0.0,0.323943661971831
81,11,68,0.0,0.0,0.5147058823529411
81,12,54,0.0,0.0,0.1111111111111111
81,13,66,0.0,-0.9848484848484849,0.9848484848484849
81,14,60,0.0,0.0,0.25
81,15,54,0.0,0.0,0.7037037037037037
81,16,71,0.0,0.0,0.38028169014084506
81,17,60,0.0,0.0,0.5333333333333333
81,18,66,0.48484848484848486,0.48484848484848486,0.015151515151515138
81,19,52,0.2692307692307692,0.2692307692307692,0.30769230769230765
81,20,92,0.32608695652173914,-0.6413043478260869,0.6413043478260869
81,21,55,0.45454545454545453,0.45454545454545453,0.10909090909090907
81,22,57,0.5263157894736842,0.5263157894736842,0.29824561403508776
81,23,46,0.32608695652173914,0.32608695652173914,0.15217391304347827
81,24,48,0.125,0.0625,0.04166666666666666
81,25,81,0.5308641975308642,0.5308641975308642,0.0
81,26,73,0.7945205479452054,0.7534246575342465,0.06849315068493156
82,0,51,0.0,-0.7254901960784313,0.7254901960784313
82,1,45,0.0,-0.06666666666666667,0.17777777777777778
82,2,51,0.0,0.0,0.27450980392156865
82,3,54,0.0,0.0,0.037037037037037035
82,4,49,0.0,0.0,0.2857142857142857
82,5,53,0.0,0.0,0.37735849056603776
82,6,52,0.0,0.0,0.2692307692307692
82,7,58,0.0,0.0,0.25862068965517243
82,8,62,0.0,-0.5806451612903226,0.8225806451612904
82,9,66,0.0,0.0,0.3787878787878788
82,10,71,0.0,0.0,0.323943661971831
82,11,68,0.0,0.0,0.5147058823529411
82,12,54,0.0,0.0,0.1111111111111111
82,13,66,0.0,-0.9848484848484849,0.9848484848484849
82,14,60,0.0,0.0,0.25
82,15,54,0.0,0.0,0.7037037037037037
82,16,71,0.0,0.0,0.38028169014084506
82,17,60,0.0,0.0,0.5333333333333333
82,18,66,0.4696969696969697,0.4696969696969697,0.030303030303030276
82,19,52,0.4423076923076923,0.4423076923076923,0.13461538461538458
82,20,92,0.2826086956521739,-0.6847826086956521,0.6847826086956521
82,21,55,0.36363636363636365,0.36363636363636365,0.19999999999999996
82,22,57,0.7017543859649122,0.7017543859649122,0.1228070175438597
82,23,46,0.3695652173913043,0.3695652173913043,0.10869565217391308
82,24,48,0.125,0.0625,0.04166666666666666
82,25,81,0.41975308641975306,0.41975308641975306,0.11111111111111116
82,26,73,0.8082191780821918,0.7671232876712328,0.0547945205479452
83,0,51,0.0,-0.7254901960784313,0.7254901960784313
83,1,45,0.0,-0.06666666666666667,0.17777777777777778
83,2,51,0.0,0.0,0.27450980392156865
83,3,54,0.0,0.0,0.037037037037037035
83,4,49,0.0,0.0,0.2857142857142857
83,5,53,0.0,0.0,0.37735849056603776
83,6,52,0.0,0.0,0.2692307692307692
83,7,58,0.0,0.0,0.25862068965517243
83,8,62,0.0,-0.5806451612903226,0.8225806451612904
83,9,66,0.0,0.0,0.3787878787878788
83,10,71,0.0,0.0,0.323943661971831
83,11,68,0.0,0.0,0.5147058823529411
83,12,54,0.0,0.0,0.1111111111111111
83,13,66,0.0,-0.9848484848484849,0.9848484848484849
83,14,60,0.0,0.0,0.25
83,15,54,0.0,0.0,0.7037037037037037
83,16,71,0.014084507042253521,0.014084507042253521,0.36619718309859156
83,17,60,0.0,0.0,0.5333333333333333
83,18,66,0.4090909090909091,0.4090909090909091,0.09090909090909088
83,19,52,0.09615384615384616,0.09615384615384616,0.4807692307692307
83,20,92,0.5,-0.46739130434782605,0.46739130434782605
83,21,55,0.2545454545454545,0.2545454545454545,0.3090909090909091
83,22,57,0.6491228070175439,0.6491228070175439,0.17543859649122806
83,23,46,0.391304347826087,0.391304347826087,0.08695652173913043
83,24,48,0.125,0.0625,0.04166666666666666
83,25,81,0.43209876543209874,0.43209876543209874,0.09876543209876548
83,26,73,0.7808219178082192,0.7397260273972603,0.0821917808219178
84,0,51,0.0,-0.7254901960784313,0.7254901960784313
84,1,45,0.0,-0.06666666666666667,0.17777777777777778
84,2,51,0.0,0.0,0.27450980392156865
84,3,54,0.0,0.0,0.037037037037037035
84,4,49,0.0,0.0,0.2857142857142857
84,5,53,0.0,0.0,0.37735849056603776
84,6,52,0.0,0.0,0.2692307692307692
84,7,58,0.0,0.0,0.25862068965517243
84,8,62,0.0,-0.5806451612903226,0.8225806451612904
84,9,66,0.0,0.0,0.3787878787878788
84,10,71,0.0,0.0,0.323943661971831
84,11,68,0.0,0.0,0.5147058823529411
84,12,54,0.0,0.0,0.1111111111111111
84,13,66,0.0,-0.9848484848484849,0.9848484848484849
84,14,60,0.0,0.0,0.25
84,15,54,0.0,0.0,0.7037037037037037
84,16,71,0.014084507042253521,0.014084507042253521,0.36619718309859156
84,17,60,0.0,0.0,0.5333333333333333
84,18,66,0.4090909090909091,0.4090909090909091,0.09090909090909088
84,19,52,0.40384615384615385,0.40384615384615385,0.17307692307692302
84,20,92,0.30434782608695654,-0.6630434782608695,0.6630434782608695
84,21,55,0.34545454545454546,0.34545454545454546,0.21818181818181814
84,22,57,0.7719298245614035,0.7719298245614035,0.052631578947368474
84,23,46,0.3695652173913043,0.3695652173913043,0.10869565217391308
84,24,48,0.10416666666666667,0.04166666666666667,0.062499999999999986
84,25,81,0.38271604938271603,0.38271604938271603,0.1481481481481482
84,26,73,0.821917808219178,0.7808219178082192,0.04109589041095896
85,0,51,0.0,-0.7254901960784313,0.7254901960784313
85,1,45,0.0,-0.06666666666666667,0.17777777777777778
85,2,51,0.0,0.0,0.27450980392156865
85,3,54,0.0,0.0,0.037037037037037035
85,4,49,0.0,0.0,0.2857142857142857
85,5,53,0.0,0.0,0.37735849056603776
85,6,52,0.0,0.0,0.2692307692307692
85,7,58,0.0,0.0,0.25862068965517243
85,8,62,0.0,-0.5806451612903226,0.8225806451612904
85,9,66,0.0,0.0,0.3787878787878788
85,10,71,0.0,0.0,0.323943661971831
85,11,68,0.0,0.0,0.5147058823529411
85,12,54,0.0,0.0,0.1111111111111111
85,13,66,0.0,-0.9848484848484849,0.9848484848484849
85,14,60,0.0,0.0,0.25
85,15,54,0.0,0.0,0.7037037037037037
85,16,71,0.028169014084507043,0.028169014084507043,0.352112676056338
85,17,60,0.0,0.0,0.5333333333333333
85,18,66,0.42424242424242425,0.42424242424242425,0.07575757575757575
85,19,52,0.4230769230769231,0.4230769230769231,0.1538461538461538
85,20,92,0.358695652173913,-0.6086956521739131,0.6086956521739131
85,21,55,0.45454545454545453,0.45454545454545453,0.10909090909090907
85,22,57,0.5614035087719298,0.5614035087719298,0.26315789473684215
85,23,46,0.3695652173913043,0.3695652173913043,0.10869565217391308
85,24,48,0.125,0.0625,0.04166666666666666
85,25,81,0.41975308641975306,0.41975308641975306,0.11111111111111116
85,26,73,0.8356164383561644,0.7945205479452055,0.0273972602739726
86,0,51,0.0,-0.7254901960784313,0.7254901960784313
86,1,45,0.0,-0.06666666666666667,0.17777777777777778
86,2,51,0.0,0.0,0.27450980392156865
86,3,54,0.0,0.0,0.037037037037037035
86,4,49,0.0,0.0,0.2857142857142857
86,5,53,0.0,0.0,0.37735849056603776
86,6,52,0.0,0.0,0.2692307692307692
86,7,58,0.0,0.0,0.25862068965517243
86,8,62,0.0,-0.5806451612903226,0.8225806451612904
86,9,66,0.0,0.0,0.3787878787878788
86,10,71,0.0,0.0,0.323943661971831
86,11,68,0.0,0.0,0.5147058823529411
86,12,54,0.0,0.0,0.1111111111111111
86,13,66,0.0,-0.9848484848484849,0.9848484848484849
86,14,60,0.0,0.0,0.25
86,15,54,0.0,0.0,0.7037037037037037
86,16,71,0.0,0.0,0.38028169014084506
86,17,60,0.0,0.0,0.5333333333333333
86,18,66,0.4090909090909091,0.4090909090909091,0.09090909090909088
86,19,52,0.3269230769230769,0.3269230769230769,0.24999999999999994
86,20,92,0.3695652173913043,-0.5978260869565217,0.5978260869565217
86,21,55,0.4909090909090909,0.4909090909090909,0.0727272727272727
86,22,57,0.7192982456140351,0.7192982456140351,0.10526315789473684
86,23,46,0.391304347826087,0.391304347826087,0.08695652173913043
86,24,48,0.10416666666666667,0.04166666666666667,0.062499999999999986
86,25,81,0.43209876543209874,0.43209876543209874,0.09876543209876548
86,26,73,0.7945205479452054,0.7534246575342465,0.06849315068493156
87,0,51,0.0,-0.7254901960784313,0.7254901960784313
87,1,45,0.0,-0.06666666666666667,0.17777777777777778
87,2,51,0.0,0.0,0.27450980392156865
87,3,54,0.0,0.0,0.037037037037037035
87,4,49,0.0,0.0,0.2857142857142857
87,5,53,0.0,0.0,0.37735849056603776
87,6,52,0.0,0.0,0.2692307692307692
87,7,58,0.0,0.0,0.25862068965517243
87,8,62,0.0,-0.5806451612903226,0.8225806451612904
87,9,66,0.0,0.0,0.3787878787878788
87,10,71,0.0,0.0,0.323943661971831
87,11,68,0.0,0.0,0.5147058823529411
87,12,54,0.0,0.0,0.1111111111111111
87,13,66,0.0,-0.9848484848484849,0.9848484848484849
87,14,60,0.0,0.0,0.25
87,15,54,0.0,0.0,0.7037037037037037
87,16,71,0.0,0.0,0.38028169014084506
87,17,60,0.0,0.0,0.5333333333333333
87,18,66,0.3939393939393939,0.3939393939393939,0.10606060606060608
87,19,52,0.46153846153846156,0.46153846153846156,0.11538461538461531
87,20,92,0.3695652173913043,-0.5978260869565217,0.5978260869565217
87,21,55,0.4727272727272727,0.4727272727272727,0.09090909090909088
87,22,57,0.6666666666666666,0.6666666666666666,0.1578947368421053
87,23,46,0.41304347826086957,0.41304347826086957,0.06521739130434784
87,24,48,0.10416666666666667,0.04166666666666667,0.062499999999999986
87,25,81,0.37037037037037035,0.37037037037037035,0.16049382716049387
87,26,73,0.8082191780821918,0.7671232876712328,0.0547945205479452
88,0,51,0.0,-0.7254901960784313,0.7254901960784313
88,1,45,0.0,-0.06666666666666667,0.17777777777777778
88,2,51,0.0,0.0,0.27450980392156865
88,3,54,0.0,0.0,0.037037037037037035
88,4,49,0.0,0.0,0.2857142857142857
88,5,53,0.0,0.0,0.37735849056603776
88,6,52,0.0,0.0,0.2692307692307692
88,7,58,0.0,0.0,0.25862068965517243
88,8,62,0.0,-0.5806451612903226,0.8225806451612904
88,9,66,0.0,0.0,0.3787878787878788
88,10,71,0.0,0.0,0.323943661971831
88,11,68,0.0,0.0,0.5147058823529411
88,12,54,0.0,0.0,0.1111111111111111
88,13,66,0.0,-0.9848484848484849,0.9848484848484849
88,14,60,0.0,0.0,0.25
88,15,54,0.0,0.0,0.7037037037037037
88,16,71,0.0,0.0,0.38028169014084506
88,17,60,0.0,0.0,0.5333333333333333
88,18,66,0.3939393939393939,0.3939393939393939,0.10606060606060608
88,19,52,0.36538461538461536,0.36538461538461536,0.2115384615384615
88,20,92,0.34782608695652173,-0.6195652173913043,0.6195652173913043
88,21,55,0.45454545454545453,0.45454545454545453,0.10909090909090907
88,22,57,0.7368421052631579,0.7368421052631579,0.08771929824561409
88,23,46,0.34782608695652173,0.34782608695652173,0.13043478260869568
88,24,48,0.10416666666666667,0.04166666666666667,0.062499999999999986
88,25,81,0.37037037037037035,0.37037037037037035,0.16049382716049387
88,26,73,0.821917808219178,0.7808219178082192,0.04109589041095896
89,0,51,0.0,-0.7254901960784313,0.7254901960784313
89,1,45,0.0,-0.06666666666666667,0.17777777777777778
89,2,51,0.0,0.0,0.27450980392156865
89,3,54,0.0,0.0,0.037037037037037035
89,4,49,0.0,0.0,0.2857142857142857
89,5,53,0.0,0.0,0.37735849056603776
89,6,52,0.0,0.0,0.2692307692307692
89,7,58,0.0,0.0,0.25862068965517243
89,8,62,0.0,-0.5806451612903226,0.8225806451612904
89,9,66,0.0,0.0,0.3787878787878788
89,10,71,0.0,0.0,0.323943661971831
89,11,68,0.0,0.0,0.5147058823529411
89,12,54,0.0,0.0,0.1111111111111111
89,13,66,0.0,-0.9848484848484849,0.9848484848484849
89,14,60,0.0,0.0,0.25
89,15,54,0.0,0.0,0.7037037037037037
89,16,71,0.0,0.0,0.38028169014084506
89,17,60,0.0,0.0,0.5333333333333333
89,18,66,0.36363636363636365,0.36363636363636365,0.13636363636363635
89,19,52,0.46153846153846156,0.46153846153846156,0.11538461538461531
89,20,92,0.3804347826086957,-0.5869565217391304,0.5869565217391304
89,21,55,0.34545454545454546,0.34545454545454546,0.21818181818181814
89,22,57,0.6491228070175439,0.6491228070175439,0.17543859649122806
89,23,46,0.41304347826086957,0.41304347826086957,0.06521739130434784
89,24,48,0.125,0.0625,0.04166666666666666
89,25,81,0.4074074074074074,0.4074074074074074,0.12345679012345684
89,26,73,0.8082191780821918,0.7671232876712328,0.0547945205479452
90,0,51,0.0,-0.7254901960784313,0.7254901960784313
90,1,45,0.0,-0.06666666666666667,0.17777777777777778
90,2,51,0.0,0.0,0.27450980392156865
90,3,54,0.0,0.0,0.037037037037037035
90,4,49,0.0,0.0,0.2857142857142857
90,5,53,0.0,0.0,0.37735849056603776
90,6,52,0.0,0.0,0.2692307692307692
90,7,58,0.0,0.0,0.25862068965517243
90,8,62,0.0,-0.5806451612903226,0.8225806451612904
90,9,66,0.0,0.0,0.3787878787878788
90,10,71,0.0,0.0,0.323943661971831
90,11,68,0.0,0.0,0.5147058823529411
90,12,54,0.0,0.0,0.1111111111111111
90,13,66,0.0,-0.9848484848484849,0.9848484848484849
90,14,60,0.0,0.0,0.25
90,15,54,0.0,0.0,0.7037037037037037
90,16,71,0.014084507042253521,0.014084507042253521,0.36619718309859156
90,17,60,0.0,0.0,0.5333333333333333
90,18,66,0.48484848484848486,0.48484848484848486,0.015151515151515138
90,19,52,0.40384615384615385,0.40384615384615385,0.17307692307692302
90,20,92,0.30434782608695654,-0.6630434782608695,0.6630434782608695
90,21,55,0.509090909090909,0.509090909090909,0.054545454545454564
90,22,57,0.6666666666666666,0.6666666666666666,0.1578947368421053
90,23,46,0.34782608695652173,0.34782608695652173,0.13043478260869568
90,24,48,0.125,0.0625,0.04166666666666666
90,25,81,0.48148148148148145,0.48148148148148145,0.04938271604938277
90,26,73,0.7945205479452054,0.7534246575342465,0.06849315068493156
