round,class_id,n,acc,bwt,forgetting
1,0,51,0.0392156862745098,,
1,1,45,0.9777777777777777,,
1,2,51,0.0,,
1,3,54,0.0,,
1,4,49,0.0,,
1,5,53,0.0,,
1,6,52,0.0,,
1,7,58,0.0,,
1,8,62,0.0,,
2,0,51,0.45098039215686275,0.4117647058823529,0.0
2,1,45,0.17777777777777778,-0.7999999999999999,0.7999999999999999
2,2,51,0.0,0.0,0.0
2,3,54,0.12962962962962962,0.12962962962962962,0.0
2,4,49,0.6530612244897959,0.6530612244897959,0.0
2,5,53,0.0,0.0,0.0
2,6,52,0.0,0.0,0.0
2,7,58,0.0,0.0,0.0
2,8,62,0.0,0.0,0.0
3,0,51,0.43137254901960786,0.3921568627450981,0.019607843137254888
3,1,45,0.37777777777777777,-0.6,0.6
3,2,51,0.0,0.0,0.0
3,3,54,0.0,0.0,0.12962962962962962
3,4,49,0.40816326530612246,0.40816326530612246,0.2448979591836734
3,5,53,0.0,0.0,0.0
3,6,52,0.0,0.0,0.0
3,7,58,0.0,0.0,0.0
3,8,62,0.0,0.0,0.0
4,0,51,0.35294117647058826,0.3137254901960784,0.0980392156862745
4,1,45,0.28888888888888886,-0.6888888888888889,0.6888888888888889
4,2,51,0.0,0.0,0.0
4,3,54,0.42592592592592593,0.42592592592592593,0.0
4,4,49,0.30612244897959184,0.30612244897959184,0.346938775510204
4,5,53,0.11320754716981132,0.11320754716981132,0.0
4,6,52,0.11538461538461539,0.11538461538461539,0.0
4,7,58,0.0,0.0,0.0
4,8,62,0.0967741935483871,0.0967741935483871,0.0
5,0,51,0.27450980392156865,0.23529411764705885,0.1764705882352941
5,1,45,0.5111111111111111,-0.4666666666666667,0.4666666666666667
5,2,51,0.0,0.0,0.0
5,3,54,0.35185185185185186,0.35185185185185186,0.07407407407407407
5,4,49,0.3877551020408163,0.3877551020408163,0.26530612244897955
5,5,53,0.09433962264150944,0.09433962264150944,0.018867924528301883
5,6,52,0.09615384615384616,0.09615384615384616,0.019230769230769232
5,7,58,0.0,0.0,0.0
5,8,62,0.06451612903225806,0.06451612903225806,0.03225806451612903
6,0,51,0.3333333333333333,0.2941176470588235,0.11764705882352944
6,1,45,0.6222222222222222,-0.3555555555555555,0.3555555555555555
6,2,51,0.0,0.0,0.0
6,3,54,0.25925925925925924,0.25925925925925924,0.16666666666666669
6,4,49,0.2857142857142857,0.2857142857142857,0.36734693877551017
6,5,53,0.07547169811320754,0.07547169811320754,0.03773584905660378
6,6,52,0.038461538461538464,0.038461538461538464,0.07692307692307693
6,7,58,0.0,0.0,0.0
6,8,62,0.08064516129032258,0.08064516129032258,0.016129032258064516
7,0,51,0.3137254901960784,0.27450980392156865,0.13725490196078433
7,1,45,0.5111111111111111,-0.4666666666666667,0.4666666666666667
7,2,51,0.09803921568627451,0.09803921568627451,0.0
7,3,54,0.14814814814814814,0.14814814814814814,0.2777777777777778
7,4,49,0.3877551020408163,0.3877551020408163,0.26530612244897955
7,5,53,0.07547169811320754,0.07547169811320754,0.03773584905660378
7,6,52,0.019230769230769232,0.019230769230769232,0.09615384615384616
7,7,58,0.0,0.0,0.0
7,8,62,0.04838709677419355,0.04838709677419355,0.04838709677419355
8,0,51,0.29411764705882354,0.2549019607843137,0.1568627450980392
8,1,45,0.5777777777777777,-0.4,0.4
8,2,51,0.09803921568627451,0.09803921568627451,0.0
8,3,54,0.05555555555555555,0.05555555555555555,0.37037037037037035
8,4,49,0.40816326530612246,0.40816326530612246,0.2448979591836734
8,5,53,0.11320754716981132,0.11320754716981132,0.0
8,6,52,0.11538461538461539,0.11538461538461539,0.0
8,7,58,0.017241379310344827,0.017241379310344827,0.0
8,8,62,0.04838709677419355,0.04838709677419355,0.04838709677419355
9,0,51,0.29411764705882354,0.2549019607843137,0.1568627450980392
9,1,45,0.5333333333333333,-0.4444444444444444,0.4444444444444444
9,2,51,0.19607843137254902,0.19607843137254902,0.0
9,3,54,0.05555555555555555,0.05555555555555555,0.37037037037037035
9,4,49,0.4489795918367347,0.4489795918367347,0.20408163265306117
9,5,53,0.11320754716981132,0.11320754716981132,0.0
9,6,52,0.1346153846153846,0.1346153846153846,0.0
9,7,58,0.034482758620689655,0.034482758620689655,0.0
9,8,62,0.0967741935483871,0.0967741935483871,0.0
10,0,51,0.29411764705882354,0.2549019607843137,0.1568627450980392
10,1,45,0.4444444444444444,-0.5333333333333333,0.5333333333333333
10,2,51,0.19607843137254902,0.19607843137254902,0.0
10,3,54,0.018518518518518517,0.018518518518518517,0.40740740740740744
10,4,49,0.46938775510204084,0.46938775510204084,0.18367346938775503
10,5,53,0.11320754716981132,0.11320754716981132,0.0
10,6,52,0.09615384615384616,0.09615384615384616,0.03846153846153845
10,7,58,0.034482758620689655,0.034482758620689655,0.0
10,8,62,0.12903225806451613,0.12903225806451613,0.0
11,0,51,0.0,-0.0392156862745098,0.45098039215686275
11,1,45,0.0,-0.9777777777777777,0.9777777777777777
11,2,51,0.0,0.0,0.19607843137254902
11,3,54,0.0,0.0,0.42592592592592593
11,4,49,0.0,0.0,0.6530612244897959
11,5,53,0.1509433962264151,0.1509433962264151,0.0
11,6,52,0.0,0.0,0.1346153846153846
11,7,58,0.0,0.0,0.034482758620689655
11,8,62,0.0,0.0,0.12903225806451613
11,9,66,0.2727272727272727,,
11,10,71,0.0,,
11,11,68,0.0,,
11,12,54,0.0,,
11,13,66,0.0,,
11,14,60,0.0,,
11,15,54,0.018518518518518517,,
11,16,71,0.704225352112676,,
11,17,60,0.0,,
12,0,51,0.0,-0.0392156862745098,0.45098039215686275
12,1,45,0.0,-0.9777777777777777,0.9777777777777777
12,2,51,0.0,0.0,0.19607843137254902
12,3,54,0.0,0.0,0.42592592592592593
12,4,49,0.0,0.0,0.6530612244897959
12,5,53,0.0,0.0,0.1509433962264151
12,6,52,0.0,0.0,0.1346153846153846
12,7,58,0.0,0.0,0.034482758620689655
12,8,62,0.0,0.0,0.12903225806451613
12,9,66,0.015151515151515152,-0.25757575757575757,0.25757575757575757
12,10,71,0.0,0.0,0.0
12,11,68,0.08823529411764706,0.08823529411764706,0.0
12,12,54,0.46296296296296297,0.46296296296296297,0.0
12,13,66,0.25757575757575757,0.25757575757575757,0.0
12,14,60,0.08333333333333333,0.08333333333333333,0.0
12,15,54,0.07407407407407407,0.05555555555555555,0.0
12,16,71,0.14084507042253522,-0.5633802816901408,0.5633802816901408
12,17,60,0.3,0.3,0.0
13,0,51,0.0,-0.0392156862745098,0.45098039215686275
13,1,45,0.0,-0.9777777777777777,0.9777777777777777
13,2,51,0.0,0.0,0.19607843137254902
13,3,54,0.0,0.0,0.42592592592592593
13,4,49,0.0,0.0,0.6530612244897959
13,5,53,0.0,0.0,0.1509433962264151
13,6,52,0.0,0.0,0.1346153846153846
13,7,58,0.0,0.0,0.034482758620689655
13,8,62,0.0,0.0,0.12903225806451613
13,9,66,0.6666666666666666,0.3939393939393939,0.0
13,10,71,0.028169014084507043,0.028169014084507043,0.0
13,11,68,0.16176470588235295,0.16176470588235295,0.0
13,12,54,0.2222222222222222,0.2222222222222222,0.24074074074074076
13,13,66,0.16666666666666666,0.16666666666666666,0.09090909090909091
13,14,60,0.2,0.2,0.0
13,15,54,0.5185185185185185,0.5,0.0
13,16,71,0.09859154929577464,-0.6056338028169014,0.6056338028169014
13,17,60,0.03333333333333333,0.03333333333333333,0.26666666666666666
14,0,51,0.0,-0.0392156862745098,0.45098039215686275
14,1,45,0.0,-0.9777777777777777,0.9777777777777777
14,2,51,0.0,0.0,0.19607843137254902
14,3,54,0.0,0.0,0.42592592592592593
14,4,49,0.0,0.0,0.6530612244897959
14,5,53,0.0,0.0,0.1509433962264151
14,6,52,0.0,0.0,0.1346153846153846
14,7,58,0.0,0.0,0.034482758620689655
14,8,62,0.0,0.0,0.12903225806451613
14,9,66,0.09090909090909091,-0.1818181818181818,0.5757575757575757
14,10,71,0.07042253521126761,0.07042253521126761,0.0
14,11,68,0.16176470588235295,0.16176470588235295,0.0
14,12,54,0.5,0.5,0.0
14,13,66,0.25757575757575757,0.25757575757575757,0.0
14,14,60,0.21666666666666667,0.21666666666666667,0.0
14,15,54,0.3888888888888889,0.37037037037037035,0.1296296296296296
14,16,71,0.19718309859154928,-0.5070422535211268,0.5070422535211268
14,17,60,0.23333333333333334,0.23333333333333334,0.06666666666666665
15,0,51,0.0,-0.0392156862745098,0.45098039215686275
15,1,45,0.0,-0.9777777777777777,0.9777777777777777
15,2,51,0.0,0.0,0.19607843137254902
15,3,54,0.0,0.0,0.42592592592592593
15,4,49,0.0,0.0,0.6530612244897959
15,5,53,0.0,0.0,0.1509433962264151
15,6,52,0.0,0.0,0.1346153846153846
15,7,58,0.0,0.0,0.034482758620689655
15,8,62,0.0,0.0,0.12903225806451613
15,9,66,0.6060606060606061,0.33333333333333337,0.06060606060606055
15,10,71,0.056338028169014086,0.056338028169014086,0.014084507042253523
15,11,68,0.16176470588235295,0.16176470588235295,0.0
15,12,54,0.2962962962962963,0.2962962962962963,0.20370370370370372
15,13,66,0.15151515151515152,0.15151515151515152,0.10606060606060605
15,14,60,0.16666666666666666,0.16666666666666666,0.05000000000000002
15,15,54,0.5740740740740741,0.5555555555555556,0.0
15,16,71,0.22535211267605634,-0.47887323943661964,0.47887323943661964
15,17,60,0.05,0.05,0.25
16,0,51,0.0,-0.0392156862745098,0.45098039215686275
16,1,45,0.0,-0.9777777777777777,0.9777777777777777
16,2,51,0.0,0.0,0.19607843137254902
16,3,54,0.0,0.0,0.42592592592592593
16,4,49,0.0,0.0,0.6530612244897959
16,5,53,0.0,0.0,0.1509433962264151
16,6,52,0.0,0.0,0.1346153846153846
16,7,58,0.0,0.0,0.034482758620689655
16,8,62,0.0,0.0,0.12903225806451613
16,9,66,0.2878787878787879,0.015151515151515194,0.37878787878787873
16,10,71,0.08450704225352113,0.08450704225352113,0.0
16,11,68,0.11764705882352941,0.11764705882352941,0.04411764705882354
16,12,54,0.4074074074074074,0.4074074074074074,0.09259259259259262
16,13,66,0.19696969696969696,0.19696969696969696,0.06060606060606061
16,14,60,0.16666666666666666,0.16666666666666666,0.05000000000000002
16,15,54,0.48148148148148145,0.4629629629629629,0.09259259259259262
16,16,71,0.352112676056338,-0.352112676056338,0.352112676056338
16,17,60,0.16666666666666666,0.16666666666666666,0.13333333333333333
17,0,51,0.0,-0.0392156862745098,0.45098039215686275
17,1,45,0.0,-0.9777777777777777,0.9777777777777777
17,2,51,0.0,0.0,0.19607843137254902
17,3,54,0.0,0.0,0.42592592592592593
17,4,49,0.0,0.0,0.6530612244897959
17,5,53,0.0,0.0,0.1509433962264151
17,6,52,0.0,0.0,0.1346153846153846
17,7,58,0.0,0.0,0.034482758620689655
17,8,62,0.0,0.0,0.12903225806451613
17,9,66,0.5,0.2272727272727273,0.16666666666666663
17,10,71,0.08450704225352113,0.08450704225352113,0.0
17,11,68,0.1323529411764706,0.1323529411764706,0.02941176470588236
17,12,54,0.25925925925925924,0.25925925925925924,0.24074074074074076
17,13,66,0.15151515151515152,0.15151515151515152,0.10606060606060605
17,14,60,0.16666666666666666,0.16666666666666666,0.05000000000000002
17,15,54,0.5370370370370371,0.5185185185185186,0.03703703703703698
17,16,71,0.2676056338028169,-0.43661971830985913,0.43661971830985913
17,17,60,0.11666666666666667,0.11666666666666667,0.18333333333333332
18,0,51,0.0,-0.0392156862745098,0.45098039215686275
18,1,45,0.0,-0.9777777777777777,0.9777777777777777
18,2,51,0.0,0.0,0.19607843137254902
18,3,54,0.0,0.0,0.42592592592592593
18,4,49,0.0,0.0,0.6530612244897959
18,5,53,0.0,0.0,0.1509433962264151
18,6,52,0.0,0.0,0.1346153846153846
18,7,58,0.0,0.0,0.034482758620689655
18,8,62,0.0,0.0,0.12903225806451613
18,9,66,0.3181818181818182,0.04545454545454547,0.34848484848484845
18,10,71,0.09859154929577464,0.09859154929577464,0.0
18,11,68,0.1323529411764706,0.1323529411764706,0.02941176470588236
18,12,54,0.46296296296296297,0.46296296296296297,0.037037037037037035
18,13,66,0.19696969696969696,0.19696969696969696,0.06060606060606061
18,14,60,0.16666666666666666,0.16666666666666666,0.05000000000000002
18,15,54,0.5,0.4814814814814815,0.07407407407407407
18,16,71,0.28169014084507044,-0.42253521126760557,0.42253521126760557
18,17,60,0.16666666666666666,0.16666666666666666,0.13333333333333333
19,0,51,0.0,-0.0392156862745098,0.45098039215686275
19,1,45,0.0,-0.9777777777777777,0.9777777777777777
19,2,51,0.0,0.0,0.19607843137254902
19,3,54,0.0,0.0,0.42592592592592593
19,4,49,0.0,0.0,0.6530612244897959
19,5,53,0.0,0.0,0.1509433962264151
19,6,52,0.0,0.0,0.1346153846153846
19,7,58,0.0,0.0,0.034482758620689655
19,8,62,0.0,0.0,0.12903225806451613
19,9,66,0.48484848484848486,0.21212121212121215,0.18181818181818177
19,10,71,0.08450704225352113,0.08450704225352113,0.014084507042253516
19,11,68,0.058823529411764705,0.058823529411764705,0.10294117647058824
19,12,54,0.2962962962962963,0.2962962962962963,0.20370370370370372
19,13,66,0.15151515151515152,0.15151515151515152,0.10606060606060605
19,14,60,0.15,0.15,0.06666666666666668
19,15,54,0.5555555555555556,0.5370370370370371,0.01851851851851849
19,16,71,0.23943661971830985,-0.46478873239436613,0.46478873239436613
19,17,60,0.13333333333333333,0.13333333333333333,0.16666666666666666
20,0,51,0.0,-0.0392156862745098,0.45098039215686275
20,1,45,0.0,-0.9777777777777777,0.9777777777777777
20,2,51,0.0,0.0,0.19607843137254902
20,3,54,0.0,0.0,0.42592592592592593
20,4,49,0.0,0.0,0.6530612244897959
20,5,53,0.0,0.0,0.1509433962264151
20,6,52,0.0,0.0,0.1346153846153846
20,7,58,0.0,0.0,0.034482758620689655
20,8,62,0.0,0.0,0.12903225806451613
20,9,66,0.4393939393939394,0.16666666666666669,0.22727272727272724
20,10,71,0.056338028169014086,0.056338028169014086,0.042253521126760556
20,11,68,0.10294117647058823,0.10294117647058823,0.05882352941176472
20,12,54,0.4074074074074074,0.4074074074074074,0.09259259259259262
20,13,66,0.13636363636363635,0.13636363636363635,0.12121212121212122
20,14,60,0.1,0.1,0.11666666666666667
20,15,54,0.5185185185185185,0.5,0.05555555555555558
20,16,71,0.28169014084507044,-0.42253521126760557,0.42253521126760557
20,17,60,0.13333333333333333,0.13333333333333333,0.16666666666666666
21,0,51,0.0,-0.0392156862745098,0.45098039215686275
21,1,45,0.0,-0.9777777777777777,0.9777777777777777
21,2,51,0.0,0.0,0.19607843137254902
21,3,54,0.0,0.0,0.42592592592592593
21,4,49,0.0,0.0,0.6530612244897959
21,5,53,0.0,0.0,0.1509433962264151
21,6,52,0.0,0.0,0.1346153846153846
21,7,58,0.0,0.0,0.034482758620689655
21,8,62,0.0,0.0,0.12903225806451613
21,9,66,0.0,-0.2727272727272727,0.6666666666666666
21,10,71,0.0,0.0,0.09859154929577464
21,11,68,0.0,0.0,0.16176470588235295
21,12,54,0.0,0.0,0.5
21,13,66,0.0,0.0,0.25757575757575757
21,14,60,0.0,0.0,0.21666666666666667
21,15,54,0.0,-0.018518518518518517,0.5740740740740741
21,16,71,0.0,-0.704225352112676,0.704225352112676
21,17,60,0.0,0.0,0.3
21,18,66,0.45454545454545453,,
21,19,52,0.0,,
21,20,92,0.0,,
21,21,55,0.8909090909090909,,
21,22,57,0.0,,
21,23,46,0.0,,
21,24,48,0.0,,
21,25,81,0.0,,
21,26,73,0.0,,
22,0,51,0.0,-0.0392156862745098,0.45098039215686275
22,1,45,0.0,-0.9777777777777777,0.9777777777777777
22,2,51,0.0,0.0,0.19607843137254902
22,3,54,0.0,0.0,0.42592592592592593
22,4,49,0.0,0.0,0.6530612244897959
22,5,53,0.0,0.0,0.1509433962264151
22,6,52,0.0,0.0,0.1346153846153846
22,7,58,0.0,0.0,0.034482758620689655
22,8,62,0.0,0.0,0.12903225806451613
22,9,66,0.0,-0.2727272727272727,0.6666666666666666
22,10,71,0.0,0.0,0.09859154929577464
22,11,68,0.014705882352941176,0.014705882352941176,0.14705882352941177
22,12,54,0.0,0.0,0.5
22,13,66,0.0,0.0,0.25757575757575757
22,14,60,0.0,0.0,0.21666666666666667
22,15,54,0.0,-0.018518518518518517,0.5740740740740741
22,16,71,0.0,-0.704225352112676,0.704225352112676
22,17,60,0.0,0.0,0.3
22,18,66,0.06060606060606061,-0.3939393939393939,0.3939393939393939
22,19,52,0.5384615384615384,0.5384615384615384,0.0
22,20,92,0.0,0.0,0.0
22,21,55,0.16363636363636364,-0.7272727272727273,0.7272727272727273
22,22,57,0.0,0.0,0.0
22,23,46,0.2608695652173913,0.2608695652173913,0.0
22,24,48,0.14583333333333334,0.14583333333333334,0.0
22,25,81,0.30864197530864196,0.30864197530864196,0.0
22,26,73,0.3150684931506849,0.3150684931506849,0.0
23,0,51,0.0,-0.0392156862745098,0.45098039215686275
23,1,45,0.0,-0.9777777777777777,0.9777777777777777
23,2,51,0.0,0.0,0.19607843137254902
23,3,54,0.0,0.0,0.42592592592592593
23,4,49,0.0,0.0,0.6530612244897959
23,5,53,0.0,0.0,0.1509433962264151
23,6,52,0.0,0.0,0.1346153846153846
23,7,58,0.0,0.0,0.034482758620689655
23,8,62,0.0,0.0,0.12903225806451613
23,9,66,0.0,-0.2727272727272727,0.6666666666666666
23,10,71,0.0,0.0,0.09859154929577464
23,11,68,0.0,0.0,0.16176470588235295
23,12,54,0.0,0.0,0.5
23,13,66,0.0,0.0,0.25757575757575757
23,14,60,0.0,0.0,0.21666666666666667
23,15,54,0.0,-0.018518518518518517,0.5740740740740741
23,16,71,0.0,-0.704225352112676,0.704225352112676
23,17,60,0.0,0.0,0.3
23,18,66,0.7878787878787878,0.3333333333333333,0.0
23,19,52,0.11538461538461539,0.11538461538461539,0.423076923076923
23,20,92,0.10869565217391304,0.10869565217391304,0.0
23,21,55,0.38181818181818183,-0.509090909090909,0.509090909090909
23,22,57,0.15789473684210525,0.15789473684210525,0.0
23,23,46,0.2608695652173913,0.2608695652173913,0.0
23,24,48,0.020833333333333332,0.020833333333333332,0.125
23,25,81,0.49382716049382713,0.49382716049382713,0.0
23,26,73,0.1917808219178082,0.1917808219178082,0.1232876712328767
24,0,51,0.0,-0.0392156862745098,0.45098039215686275
24,1,45,0.0,-0.9777777777777777,0.9777777777777777
24,2,51,0.0,0.0,0.19607843137254902
24,3,54,0.0,0.0,0.42592592592592593
24,4,49,0.0,0.0,0.6530612244897959
24,5,53,0.0,0.0,0.1509433962264151
24,6,52,0.0,0.0,0.1346153846153846
24,7,58,0.0,0.0,0.034482758620689655
24,8,62,0.0,0.0,0.12903225806451613
24,9,66,0.0,-0.2727272727272727,0.6666666666666666
24,10,71,0.0,0.0,0.09859154929577464
24,11,68,0.0,0.0,0.16176470588235295
24,12,54,0.0,0.0,0.5
24,13,66,0.0,0.0,0.25757575757575757
24,14,60,0.0,0.0,0.21666666666666667
24,15,54,0.0,-0.018518518518518517,0.5740740740740741
24,16,71,0.0,-0.704225352112676,0.704225352112676
24,17,60,0.0,0.0,0.3
24,18,66,0.13636363636363635,-0.3181818181818182,0.6515151515151515
24,19,52,0.46153846153846156,0.46153846153846156,0.07692307692307687
24,20,92,0.06521739130434782,0.06521739130434782,0.043478260869565216
24,21,55,0.45454545454545453,-0.43636363636363634,0.43636363636363634
24,22,57,0.15789473684210525,0.15789473684210525,0.0
24,23,46,0.2391304347826087,0.2391304347826087,0.021739130434782594
24,24,48,0.0625,0.0625,0.08333333333333334
24,25,81,0.4691358024691358,0.4691358024691358,0.024691358024691357
24,26,73,0.3287671232876712,0.3287671232876712,0.0
25,0,51,0.0,-0.0392156862745098,0.45098039215686275
25,1,45,0.0,-0.9777777777777777,0.9777777777777777
25,2,51,0.0,0.0,0.19607843137254902
25,3,54,0.0,0.0,0.42592592592592593
25,4,49,0.0,0.0,0.6530612244897959
25,5,53,0.0,0.0,0.1509433962264151
25,6,52,0.0,0.0,0.1346153846153846
25,7,58,0.0,0.0,0.034482758620689655
25,8,62,0.0,0.0,0.12903225806451613
25,9,66,0.0,-0.2727272727272727,0.6666666666666666
25,10,71,0.0,0.0,0.09859154929577464
25,11,68,0.0,0.0,0.16176470588235295
25,12,54,0.0,0.0,0.5
25,13,66,0.0,0.0,0.25757575757575757
25,14,60,0.0,0.0,0.21666666666666667
25,15,54,0.0,-0.018518518518518517,0.5740740740740741
25,16,71,0.0,-0.704225352112676,0.704225352112676
25,17,60,0.0,0.0,0.3
25,18,66,0.19696969696969696,-0.25757575757575757,0.5909090909090908
25,19,52,0.4230769230769231,0.4230769230769231,0.11538461538461536
25,20,92,0.08695652173913043,0.08695652173913043,0.021739130434782608
25,21,55,0.45454545454545453,-0.43636363636363634,0.43636363636363634
25,22,57,0.21052631578947367,0.21052631578947367,0.0
25,23,46,0.2608695652173913,0.2608695652173913,0.0
25,24,48,0.125,0.125,0.020833333333333343
25,25,81,0.48148148148148145,0.48148148148148145,0.012345679012345678
25,26,73,0.2465753424657534,0.2465753424657534,0.0821917808219178
26,0,51,0.0,-0.0392156862745098,0.45098039215686275
26,1,45,0.0,-0.9777777777777777,0.9777777777777777
26,2,51,0.0,0.0,0.19607843137254902
26,3,54,0.0,0.0,0.42592592592592593
26,4,49,0.0,0.0,0.6530612244897959
26,5,53,0.0,0.0,0.1509433962264151
26,6,52,0.0,0.0,0.1346153846153846
26,7,58,0.0,0.0,0.034482758620689655
26,8,62,0.0,0.0,0.12903225806451613
26,9,66,0.0,-0.2727272727272727,0.6666666666666666
26,10,71,0.0,0.0,0.09859154929577464
26,11,68,0.0,0.0,0.16176470588235295
26,12,54,0.0,0.0,0.5
26,13,66,0.0,0.0,0.25757575757575757
26,14,60,0.0,0.0,0.21666666666666667
26,15,54,0.0,-0.018518518518518517,0.5740740740740741
26,16,71,0.0,-0.704225352112676,0.704225352112676
26,17,60,0.0,0.0,0.3
26,18,66,0.21212121212121213,-0.2424242424242424,0.5757575757575757
26,19,52,0.4230769230769231,0.4230769230769231,0.11538461538461536
26,20,92,0.08695652173913043,0.08695652173913043,0.021739130434782608
26,21,55,0.45454545454545453,-0.43636363636363634,0.43636363636363634
26,22,57,0.21052631578947367,0.21052631578947367,0.0
26,23,46,0.3695652173913043,0.3695652173913043,0.0
26,24,48,0.14583333333333334,0.14583333333333334,0.0
26,25,81,0.3950617283950617,0.3950617283950617,0.09876543209876543
26,26,73,0.3972602739726027,0.3972602739726027,0.0
27,0,51,0.0,-0.0392156862745098,0.45098039215686275
27,1,45,0.0,-0.9777777777777777,0.9777777777777777
27,2,51,0.0,0.0,0.19607843137254902
27,3,54,0.0,0.0,0.42592592592592593
27,4,49,0.0,0.0,0.6530612244897959
27,5,53,0.0,0.0,0.1509433962264151
27,6,52,0.0,0.0,0.1346153846153846
27,7,58,0.0,0.0,0.034482758620689655
27,8,62,0.0,0.0,0.12903225806451613
27,9,66,0.0,-0.2727272727272727,0.6666666666666666
27,10,71,0.0,0.0,0.09859154929577464
27,11,68,0.0,0.0,0.16176470588235295
27,12,54,0.0,0.0,0.5
27,13,66,0.0,0.0,0.25757575757575757
27,14,60,0.0,0.0,0.21666666666666667
27,15,54,0.0,-0.018518518518518517,0.5740740740740741
27,16,71,0.0,-0.704225352112676,0.704225352112676
27,17,60,0.0,0.0,0.3
27,18,66,0.3787878787878788,-0.07575757575757575,0.40909090909090906
27,19,52,0.34615384615384615,0.34615384615384615,0.1923076923076923
27,20,92,0.10869565217391304,0.10869565217391304,0.0
27,21,55,0.4909090909090909,-0.39999999999999997,0.39999999999999997
27,22,57,0.21052631578947367,0.21052631578947367,0.0
27,23,46,0.2826086956521739,0.2826086956521739,0.08695652173913043
27,24,48,0.125,0.125,0.020833333333333343
27,25,81,0.3950617283950617,0.3950617283950617,0.09876543209876543
27,26,73,0.410958904109589,0.410958904109589,0.0
28,0,51,0.0,-0.0392156862745098,0.45098039215686275
28,1,45,0.0,-0.9777777777777777,0.9777777777777777
28,2,51,0.0,0.0,0.19607843137254902
28,3,54,0.0,0.0,0.42592592592592593
28,4,49,0.0,0.0,0.6530612244897959
28,5,53,0.0,0.0,0.1509433962264151
28,6,52,0.0,0.0,0.1346153846153846
28,7,58,0.0,0.0,0.034482758620689655
28,8,62,0.0,0.0,0.12903225806451613
28,9,66,0.0,-0.2727272727272727,0.6666666666666666
28,10,71,0.0,0.0,0.09859154929577464
28,11,68,0.0,0.0,0.16176470588235295
28,12,54,0.0,0.0,0.5
28,13,66,0.0,0.0,0.25757575757575757
28,14,60,0.0,0.0,0.21666666666666667
28,15,54,0.0,-0.018518518518518517,0.5740740740740741
28,16,71,0.0,-0.704225352112676,0.704225352112676
28,17,60,0.0,0.0,0.3
28,18,66,0.3939393939393939,-0.06060606060606061,0.3939393939393939
28,19,52,0.38461538461538464,0.38461538461538464,0.1538461538461538
28,20,92,0.08695652173913043,0.08695652173913043,0.021739130434782608
28,21,55,0.4727272727272727,-0.41818181818181815,0.41818181818181815
28,22,57,0.22807017543859648,0.22807017543859648,0.0
28,23,46,0.34782608695652173,0.34782608695652173,0.021739130434782594
28,24,48,0.16666666666666666,0.16666666666666666,0.0
28,25,81,0.37037037037037035,0.37037037037037035,0.12345679012345678
28,26,73,0.4246575342465753,0.4246575342465753,0.0
29,0,51,0.0,-0.0392156862745098,0.45098039215686275
29,1,45,0.0,-0.9777777777777777,0.9777777777777777
29,2,51,0.0,0.0,0.19607843137254902
29,3,54,0.0,0.0,0.42592592592592593
29,4,49,0.0,0.0,0.6530612244897959
29,5,53,0.0,0.0,0.1509433962264151
29,6,52,0.0,0.0,0.1346153846153846
29,7,58,0.0,0.0,0.034482758620689655
29,8,62,0.0,0.0,0.12903225806451613
29,9,66,0.0,-0.2727272727272727,0.6666666666666666
29,10,71,0.0,0.0,0.09859154929577464
29,11,68,0.0,0.0,0.16176470588235295
29,12,54,0.0,0.0,0.5
29,13,66,0.0,0.0,0.25757575757575757
29,14,60,0.0,0.0,0.21666666666666667
29,15,54,0.0,-0.018518518518518517,0.5740740740740741
29,16,71,0.0,-0.704225352112676,0.704225352112676
29,17,60,0.0,0.0,0.3
29,18,66,0.4696969696969697,0.015151515151515194,0.3181818181818181
29,19,52,0.34615384615384615,0.34615384615384615,0.1923076923076923
29,20,92,0.06521739130434782,0.06521739130434782,0.043478260869565216
29,21,55,0.6363636363636364,-0.2545454545454545,0.2545454545454545
29,22,57,0.17543859649122806,0.17543859649122806,0.05263157894736842
29,23,46,0.32608695652173914,0.32608695652173914,0.04347826086956519
29,24,48,0.16666666666666666,0.16666666666666666,0.0
29,25,81,0.3333333333333333,0.3333333333333333,0.16049382716049382
29,26,73,0.4246575342465753,0.4246575342465753,0.0
30,0,51,0.0,-0.0392156862745098,0.45098039215686275
30,1,45,0.0,-0.9777777777777777,0.9777777777777777
30,2,51,0.0,0.0,0.19607843137254902
30,3,54,0.0,0.0,0.42592592592592593
30,4,49,0.0,0.0,0.6530612244897959
30,5,53,0.0,0.0,0.1509433962264151
30,6,52,0.0,0.0,0.1346153846153846
30,7,58,0.0,0.0,0.034482758620689655
30,8,62,0.0,0.0,0.12903225806451613
30,9,66,0.0,-0.2727272727272727,0.6666666666666666
30,10,71,0.0,0.0,0.09859154929577464
30,11,68,0.0,0.0,0.16176470588235295
30,12,54,0.0,0.0,0.5
30,13,66,0.0,0.0,0.25757575757575757
30,14,60,0.0,0.0,0.21666666666666667
30,15,54,0.0,-0.018518518518518517,0.5740740740740741
30,16,71,0.0,-0.704225352112676,0.704225352112676
30,17,60,0.0,0.0,0.3
30,18,66,0.5,0.04545454545454547,0.28787878787878785
30,19,52,0.36538461538461536,0.36538461538461536,0.17307692307692307
30,20,92,0.05434782608695652,0.05434782608695652,0.05434782608695652
30,21,55,0.6,-0.2909090909090909,0.2909090909090909
30,22,57,0.17543859649122806,0.17543859649122806,0.05263157894736842
30,23,46,0.32608695652173914,0.32608695652173914,0.04347826086956519
30,24,48,0.22916666666666666,0.22916666666666666,0.0
30,25,81,0.345679012345679,0.345679012345679,0.14814814814814814
30,26,73,0.3561643835616438,0.3561643835616438,0.0684931506849315
31,0,51,0.0,-0.0392156862745098,0.45098039215686275
31,1,45,0.0,-0.9777777777777777,0.9777777777777777
31,2,51,0.0,0.0,0.19607843137254902
31,3,54,0.0,0.0,0.42592592592592593
31,4,49,0.0,0.0,0.6530612244897959
31,5,53,0.0,0.0,0.1509433962264151
31,6,52,0.0,0.0,0.1346153846153846
31,7,58,0.0,0.0,0.034482758620689655
31,8,62,0.0,0.0,0.12903225806451613
31,9,66,0.0,-0.2727272727272727,0.6666666666666666
31,10,71,0.0,0.0,0.09859154929577464
31,11,68,0.0,0.0,0.16176470588235295
31,12,54,0.0,0.0,0.5
31,13,66,0.0,0.0,0.25757575757575757
31,14,60,0.0,0.0,0.21666666666666667
31,15,54,0.0,-0.018518518518518517,0.5740740740740741
31,16,71,0.0,-0.704225352112676,0.704225352112676
31,17,60,0.0,0.0,0.3
31,18,66,0.5303030303030303,0.07575757575757575,0.25757575757575757
31,19,52,0.36538461538461536,0.36538461538461536,0.17307692307692307
31,20,92,0.05434782608695652,0.05434782608695652,0.05434782608695652
31,21,55,0.6181818181818182,-0.2727272727272727,0.2727272727272727
31,22,57,0.17543859649122806,0.17543859649122806,0.05263157894736842
31,23,46,0.30434782608695654,0.30434782608695654,0.06521739130434778
31,24,48,0.1875,0.1875,0.04166666666666666
31,25,81,0.3333333333333333,0.3333333333333333,0.16049382716049382
31,26,73,0.3972602739726027,0.3972602739726027,0.0273972602739726
32,0,51,0.0,-0.0392156862745098,0.45098039215686275
32,1,45,0.0,-0.9777777777777777,0.9777777777777777
32,2,51,0.0,0.0,0.19607843137254902
32,3,54,0.0,0.0,0.42592592592592593
32,4,49,0.0,0.0,0.6530612244897959
32,5,53,0.0,0.0,0.1509433962264151
32,6,52,0.0,0.0,0.1346153846153846
32,7,58,0.0,0.0,0.034482758620689655
32,8,62,0.0,0.0,0.12903225806451613
32,9,66,0.0,-0.2727272727272727,0.6666666666666666
32,10,71,0.0,0.0,0.09859154929577464
32,11,68,0.0,0.0,0.16176470588235295
32,12,54,0.0,0.0,0.5
32,13,66,0.0,0.0,0.25757575757575757
32,14,60,0.0,0.0,0.21666666666666667
32,15,54,0.0,-0.018518518518518517,0.5740740740740741
32,16,71,0.0,-0.704225352112676,0.704225352112676
32,17,60,0.0,0.0,0.3
32,18,66,0.5606060606060606,0.10606060606060602,0.2272727272727273
32,19,52,0.36538461538461536,0.36538461538461536,0.17307692307692307
32,20,92,0.05434782608695652,0.05434782608695652,0.05434782608695652
32,21,55,0.6363636363636364,-0.2545454545454545,0.2545454545454545
32,22,57,0.24561403508771928,0.24561403508771928,0.0
32,23,46,0.32608695652173914,0.32608695652173914,0.04347826086956519
32,24,48,0.2708333333333333,0.2708333333333333,0.0
32,25,81,0.35802469135802467,0.35802469135802467,0.13580246913580246
32,26,73,0.2876712328767123,0.2876712328767123,0.136986301369863
33,0,51,0.0,-0.0392156862745098,0.45098039215686275
33,1,45,0.0,-0.9777777777777777,0.9777777777777777
33,2,51,0.0,0.0,0.19607843137254902
33,3,54,0.0,0.0,0.42592592592592593
33,4,49,0.0,0.0,0.6530612244897959
33,5,53,0.0,0.0,0.1509433962264151
33,6,52,0.0,0.0,0.1346153846153846
33,7,58,0.0,0.0,0.034482758620689655
33,8,62,0.0,0.0,0.12903225806451613
33,9,66,0.0,-0.2727272727272727,0.6666666666666666
33,10,71,0.0,0.0,0.09859154929577464
33,11,68,0.0,0.0,0.16176470588235295
33,12,54,0.0,0.0,0.5
33,13,66,0.0,0.0,0.25757575757575757
33,14,60,0.0,0.0,0.21666666666666667
33,15,54,0.0,-0.018518518518518517,0.5740740740740741
33,16,71,0.0,-0.704225352112676,0.704225352112676
33,17,60,0.0,0.0,0.3
33,18,66,0.5757575757575758,0.12121212121212127,0.21212121212121204
33,19,52,0.36538461538461536,0.36538461538461536,0.17307692307692307
33,20,92,0.05434782608695652,0.05434782608695652,0.05434782608695652
33,21,55,0.6181818181818182,-0.2727272727272727,0.2727272727272727
33,22,57,0.22807017543859648,0.22807017543859648,0.017543859649122806
33,23,46,0.2826086956521739,0.2826086956521739,0.08695652173913043
33,24,48,0.08333333333333333,0.08333333333333333,0.1875
33,25,81,0.37037037037037035,0.37037037037037035,0.12345679012345678
33,26,73,0.4246575342465753,0.4246575342465753,0.0
34,0,51,0.0,-0.0392156862745098,0.45098039215686275
34,1,45,0.0,-0.9777777777777777,0.9777777777777777
34,2,51,0.0,0.0,0.19607843137254902
34,3,54,0.0,0.0,0.42592592592592593
34,4,49,0.0,0.0,0.6530612244897959
34,5,53,0.0,0.0,0.1509433962264151
34,6,52,0.0,0.0,0.1346153846153846
34,7,58,0.0,0.0,0.034482758620689655
34,8,62,0.0,0.0,0.12903225806451613
34,9,66,0.0,-0.2727272727272727,0.6666666666666666
34,10,71,0.0,0.0,0.09859154929577464
34,11,68,0.0,0.0,0.16176470588235295
34,12,54,0.0,0.0,0.5
34,13,66,0.0,0.0,0.25757575757575757
34,14,60,0.0,0.0,0.21666666666666667
34,15,54,0.0,-0.018518518518518517,0.5740740740740741
34,16,71,0.0,-0.704225352112676,0.704225352112676
34,17,60,0.0,0.0,0.3
34,18,66,0.5757575757575758,0.12121212121212127,0.21212121212121204
34,19,52,0.40384615384615385,0.40384615384615385,0.13461538461538458
34,20,92,0.05434782608695652,0.05434782608695652,0.05434782608695652
34,21,55,0.6727272727272727,-0.21818181818181814,0.21818181818181814
34,22,57,0.15789473684210525,0.15789473684210525,0.08771929824561403
34,23,46,0.34782608695652173,0.34782608695652173,0.021739130434782594
34,24,48,0.3125,0.3125,0.0
34,25,81,0.37037037037037035,0.37037037037037035,0.12345679012345678
34,26,73,0.2054794520547945,0.2054794520547945,0.2191780821917808
35,0,51,0.0,-0.0392156862745098,0.45098039215686275
35,1,45,0.0,-0.9777777777777777,0.9777777777777777
35,2,51,0.0,0.0,0.19607843137254902
35,3,54,0.0,0.0,0.42592592592592593
35,4,49,0.0,0.0,0.6530612244897959
35,5,53,0.0,0.0,0.1509433962264151
35,6,52,0.0,0.0,0.1346153846153846
35,7,58,0.0,0.0,0.034482758620689655
35,8,62,0.0,0.0,0.12903225806451613
35,9,66,0.0,-0.2727272727272727,0.6666666666666666
35,10,71,0.0,0.0,0.09859154929577464
35,11,68,0.0,0.0,0.16176470588235295
35,12,54,0.0,0.0,0.5
35,13,66,0.0,0.0,0.25757575757575757
35,14,60,0.0,0.0,0.21666666666666667
35,15,54,0.0,-0.018518518518518517,0.5740740740740741
35,16,71,0.0,-0.704225352112676,0.704225352112676
35,17,60,0.0,0.0,0.3
35,18,66,0.5606060606060606,0.10606060606060602,0.2272727272727273
35,19,52,0.38461538461538464,0.38461538461538464,0.1538461538461538
35,20,92,0.043478260869565216,0.043478260869565216,0.06521739130434782
35,21,55,0.7090909090909091,-0.18181818181818177,0.18181818181818177
35,22,57,0.22807017543859648,0.22807017543859648,0.017543859649122806
35,23,46,0.2608695652173913,0.2608695652173913,0.10869565217391303
35,24,48,0.020833333333333332,0.020833333333333332,0.2916666666666667
35,25,81,0.37037037037037035,0.37037037037037035,0.12345679012345678
35,26,73,0.3972602739726027,0.3972602739726027,0.0273972602739726
36,0,51,0.0,-0.0392156862745098,0.45098039215686275
36,1,45,0.0,-0.9777777777777777,0.9777777777777777
36,2,51,0.0,0.0,0.19607843137254902
36,3,54,0.0,0.0,0.42592592592592593
36,4,49,0.0,0.0,0.6530612244897959
36,5,53,0.0,0.0,0.1509433962264151
36,6,52,0.0,0.0,0.1346153846153846
36,7,58,0.0,0.0,0.034482758620689655
36,8,62,0.0,0.0,0.12903225806451613
36,9,66,0.0,-0.2727272727272727,0.6666666666666666
36,10,71,0.0,0.0,0.09859154929577464
36,11,68,0.0,0.0,0.16176470588235295
36,12,54,0.0,0.0,0.5
36,13,66,0.0,0.0,0.25757575757575757
36,14,60,0.0,0.0,0.21666666666666667
36,15,54,0.0,-0.018518518518518517,0.5740740740740741
36,16,71,0.0,-0.704225352112676,0.704225352112676
36,17,60,0.0,0.0,0.3
36,18,66,0.5909090909090909,0.1363636363636364,0.1969696969696969
36,19,52,0.40384615384615385,0.40384615384615385,0.13461538461538458
36,20,92,0.05434782608695652,0.05434782608695652,0.05434782608695652
36,21,55,0.6363636363636364,-0.2545454545454545,0.2545454545454545
36,22,57,0.17543859649122806,0.17543859649122806,0.07017543859649122
36,23,46,0.2608695652173913,0.2608695652173913,0.10869565217391303
36,24,48,0.3541666666666667,0.3541666666666667,0.0
36,25,81,0.35802469135802467,0.35802469135802467,0.13580246913580246
36,26,73,0.2465753424657534,0.2465753424657534,0.1780821917808219
37,0,51,0.0,-0.0392156862745098,0.45098039215686275
37,1,45,0.0,-0.9777777777777777,0.9777777777777777
37,2,51,0.0,0.0,0.19607843137254902
37,3,54,0.0,0.0,0.42592592592592593
37,4,49,0.0,0.0,0.6530612244897959
37,5,53,0.0,0.0,0.1509433962264151
37,6,52,0.0,0.0,0.1346153846153846
37,7,58,0.0,0.0,0.034482758620689655
37,8,62,0.0,0.0,0.12903225806451613
37,9,66,0.0,-0.2727272727272727,0.6666666666666666
37,10,71,0.0,0.0,0.09859154929577464
37,11,68,0.0,0.0,0.16176470588235295
37,12,54,0.0,0.0,0.5
37,13,66,0.0,0.0,0.25757575757575757
37,14,60,0.0,0.0,0.21666666666666667
37,15,54,0.0,-0.018518518518518517,0.5740740740740741
37,16,71,0.0,-0.704225352112676,0.704225352112676
37,17,60,0.0,0.0,0.3
37,18,66,0.5606060606060606,0.10606060606060602,0.2272727272727273
37,19,52,0.38461538461538464,0.38461538461538464,0.1538461538461538
37,20,92,0.043478260869565216,0.043478260869565216,0.06521739130434782
37,21,55,0.7090909090909091,-0.18181818181818177,0.18181818181818177
37,22,57,0.2807017543859649,0.2807017543859649,0.0
37,23,46,0.32608695652173914,0.32608695652173914,0.04347826086956519
37,24,48,0.0625,0.0625,0.2916666666666667
37,25,81,0.4444444444444444,0.4444444444444444,0.04938271604938271
37,26,73,0.3561643835616438,0.3561643835616438,0.0684931506849315
38,0,51,0.0,-0.0392156862745098,0.45098039215686275
38,1,45,0.0,-0.9777777777777777,0.9777777777777777
38,2,51,0.0,0.0,0.19607843137254902
38,3,54,0.0,0.0,0.42592592592592593
38,4,49,0.0,0.0,0.6530612244897959
38,5,53,0.0,0.0,0.1509433962264151
38,6,52,0.0,0.0,0.1346153846153846
38,7,58,0.0,0.0,0.034482758620689655
38,8,62,0.0,0.0,0.12903225806451613
38,9,66,0.0,-0.2727272727272727,0.6666666666666666
38,10,71,0.0,0.0,0.09859154929577464
38,11,68,0.0,0.0,0.16176470588235295
38,12,54,0.0,0.0,0.5
38,13,66,0.0,0.0,0.25757575757575757
38,14,60,0.0,0.0,0.21666666666666667
38,15,54,0.0,-0.018518518518518517,0.5740740740740741
38,16,71,0.0,-0.704225352112676,0.704225352112676
38,17,60,0.0,0.0,0.3
38,18,66,0.6212121212121212,0.16666666666666669,0.16666666666666663
38,19,52,0.4230769230769231,0.4230769230769231,0.11538461538461536
38,20,92,0.043478260869565216,0.043478260869565216,0.06521739130434782
38,21,55,0.7454545454545455,-0.1454545454545454,0.1454545454545454
38,22,57,0.24561403508771928,0.24561403508771928,0.03508771929824561
38,23,46,0.2391304347826087,0.2391304347826087,0.13043478260869562
38,24,48,0.3541666666666667,0.3541666666666667,0.0
38,25,81,0.37037037037037035,0.37037037037037035,0.12345679012345678
38,26,73,0.1917808219178082,0.1917808219178082,0.2328767123287671
39,0,51,0.0,-0.0392156862745098,0.45098039215686275
39,1,45,0.0,-0.9777777777777777,0.9777777777777777
39,2,51,0.0,0.0,0.19607843137254902
39,3,54,0.0,0.0,0.42592592592592593
39,4,49,0.0,0.0,0.6530612244897959
39,5,53,0.0,0.0,0.1509433962264151
39,6,52,0.0,0.0,0.1346153846153846
39,7,58,0.0,0.0,0.034482758620689655
39,8,62,0.0,0.0,0.12903225806451613
39,9,66,0.0,-0.2727272727272727,0.6666666666666666
39,10,71,0.0,0.0,0.09859154929577464
39,11,68,0.0,0.0,0.16176470588235295
39,12,54,0.0,0.0,0.5
39,13,66,0.0,0.0,0.25757575757575757
39,14,60,0.0,0.0,0.21666666666666667
39,15,54,0.0,-0.018518518518518517,0.5740740740740741
39,16,71,0.0,-0.704225352112676,0.704225352112676
39,17,60,0.0,0.0,0.3
39,18,66,0.6060606060606061,0.15151515151515155,0.18181818181818177
39,19,52,0.40384615384615385,0.40384615384615385,0.13461538461538458
39,20,92,0.043478260869565216,0.043478260869565216,0.06521739130434782
39,21,55,0.7090909090909091,-0.18181818181818177,0.18181818181818177
39,22,57,0.24561403508771928,0.24561403508771928,0.03508771929824561
39,23,46,0.2391304347826087,0.2391304347826087,0.13043478260869562
39,24,48,0.125,0.125,0.22916666666666669
39,25,81,0.5185185185185185,0.5185185185185185,0.0
39,26,73,0.3698630136986301,0.3698630136986301,0.0547945205479452
40,0,51,0.0,-0.0392156862745098,0.45098039215686275
40,1,45,0.0,-0.9777777777777777,0.9777777777777777
40,2,51,0.0,0.0,0.19607843137254902
40,3,54,0.0,0.0,0.42592592592592593
40,4,49,0.0,0.0,0.6530612244897959
40,5,53,0.0,0.0,0.1509433962264151
40,6,52,0.0,0.0,0.1346153846153846
40,7,58,0.0,0.0,0.034482758620689655
40,8,62,0.0,0.0,0.12903225806451613
40,9,66,0.0,-0.2727272727272727,0.6666666666666666
40,10,71,0.0,0.0,0.09859154929577464
40,11,68,0.0,0.0,0.16176470588235295
40,12,54,0.0,0.0,0.5
40,13,66,0.0,0.0,0.25757575757575757
40,14,60,0.0,0.0,0.21666666666666667
40,15,54,0.0,-0.018518518518518517,0.5740740740740741
40,16,71,0.0,-0.704225352112676,0.704225352112676
40,17,60,0.0,0.0,0.3
40,18,66,0.6212121212121212,0.16666666666666669,0.16666666666666663
40,19,52,0.40384615384615385,0.40384615384615385,0.13461538461538458
40,20,92,0.043478260869565216,0.043478260869565216,0.06521739130434782
40,21,55,0.6727272727272727,-0.21818181818181814,0.21818181818181814
40,22,57,0.19298245614035087,0.19298245614035087,0.08771929824561403
40,23,46,0.2608695652173913,0.2608695652173913,0.10869565217391303
40,24,48,0.4166666666666667,0.4166666666666667,0.0
40,25,81,0.38271604938271603,0.38271604938271603,0.13580246913580246
40,26,73,0.2191780821917808,0.2191780821917808,0.2054794520547945
41,0,51,0.0,-0.0392156862745098,0.45098039215686275
41,1,45,0.0,-0.9777777777777777,0.9777777777777777
41,2,51,0.0,0.0,0.19607843137254902
41,3,54,0.0,0.0,0.42592592592592593
41,4,49,0.0,0.0,0.6530612244897959
41,5,53,0.0,0.0,0.1509433962264151
41,6,52,0.0,0.0,0.1346153846153846
41,7,58,0.0,0.0,0.034482758620689655
41,8,62,0.0,0.0,0.12903225806451613
41,9,66,0.0,-0.2727272727272727,0.6666666666666666
41,10,71,0.0,0.0,0.09859154929577464
41,11,68,0.0,0.0,0.16176470588235295
41,12,54,0.0,0.0,0.5
41,13,66,0.0,0.0,0.25757575757575757
41,14,60,0.0,0.0,0.21666666666666667
41,15,54,0.0,-0.018518518518518517,0.5740740740740741
41,16,71,0.0,-0.704225352112676,0.704225352112676
41,17,60,0.0,0.0,0.3
41,18,66,0.5454545454545454,0.09090909090909088,0.24242424242424243
41,19,52,0.40384615384615385,0.40384615384615385,0.13461538461538458
41,20,92,0.05434782608695652,0.05434782608695652,0.05434782608695652
41,21,55,0.6909090909090909,-0.19999999999999996,0.19999999999999996
41,22,57,0.24561403508771928,0.24561403508771928,0.03508771929824561
41,23,46,0.34782608695652173,0.34782608695652173,0.021739130434782594
41,24,48,0.20833333333333334,0.20833333333333334,0.20833333333333334
41,25,81,0.5061728395061729,0.5061728395061729,0.012345679012345623
41,26,73,0.410958904109589,0.410958904109589,0.0136986301369863
42,0,51,0.0,-0.0392156862745098,0.45098039215686275
42,1,45,0.0,-0.9777777777777777,0.9777777777777777
42,2,51,0.0,0.0,0.19607843137254902
42,3,54,0.0,0.0,0.42592592592592593
42,4,49,0.0,0.0,0.6530612244897959
42,5,53,0.0,0.0,0.1509433962264151
42,6,52,0.0,0.0,0.1346153846153846
42,7,58,0.0,0.0,0.034482758620689655
42,8,62,0.0,0.0,0.12903225806451613
42,9,66,0.0,-0.2727272727272727,0.6666666666666666
42,10,71,0.0,0.0,0.09859154929577464
42,11,68,0.0,0.0,0.16176470588235295
42,12,54,0.0,0.0,0.5
42,13,66,0.0,0.0,0.25757575757575757
42,14,60,0.0,0.0,0.21666666666666667
42,15,54,0.0,-0.018518518518518517,0.5740740740740741
42,16,71,0.0,-0.704225352112676,0.704225352112676
42,17,60,0.0,0.0,0.3
42,18,66,0.6818181818181818,0.22727272727272724,0.10606060606060608
42,19,52,0.40384615384615385,0.40384615384615385,0.13461538461538458
42,20,92,0.043478260869565216,0.043478260869565216,0.06521739130434782
42,21,55,0.7636363636363637,-0.1272727272727272,0.1272727272727272
42,22,57,0.22807017543859648,0.22807017543859648,0.05263157894736842
42,23,46,0.2391304347826087,0.2391304347826087,0.13043478260869562
42,24,48,0.4166666666666667,0.4166666666666667,0.0
42,25,81,0.37037037037037035,0.37037037037037035,0.14814814814814814
42,26,73,0.273972602739726,0.273972602739726,0.1506849315068493
43,0,51,0.0,-0.0392156862745098,0.45098039215686275
43,1,45,0.0,-0.9777777777777777,0.9777777777777777
43,2,51,0.0,0.0,0.19607843137254902
43,3,54,0.0,0.0,0.42592592592592593
43,4,49,0.0,0.0,0.6530612244897959
43,5,53,0.0,0.0,0.1509433962264151
43,6,52,0.0,0.0,0.1346153846153846
43,7,58,0.0,0.0,0.034482758620689655
43,8,62,0.0,0.0,0.12903225806451613
43,9,66,0.0,-0.2727272727272727,0.6666666666666666
43,10,71,0.0,0.0,0.09859154929577464
43,11,68,0.0,0.0,0.16176470588235295
43,12,54,0.0,0.0,0.5
43,13,66,0.0,0.0,0.25757575757575757
43,14,60,0.0,0.0,0.21666666666666667
43,15,54,0.0,-0.018518518518518517,0.5740740740740741
43,16,71,0.0,-0.704225352112676,0.704225352112676
43,17,60,0.0,0.0,0.3
43,18,66,0.5454545454545454,0.09090909090909088,0.24242424242424243
43,19,52,0.4423076923076923,0.4423076923076923,0.09615384615384615
43,20,92,0.06521739130434782,0.06521739130434782,0.043478260869565216
43,21,55,0.6181818181818182,-0.2727272727272727,0.2727272727272727
43,22,57,0.24561403508771928,0.24561403508771928,0.03508771929824561
43,23,46,0.2826086956521739,0.2826086956521739,0.08695652173913043
43,24,48,0.20833333333333334,0.20833333333333334,0.20833333333333334
43,25,81,0.4691358024691358,0.4691358024691358,0.04938271604938271
43,26,73,0.410958904109589,0.410958904109589,0.0136986301369863
44,0,51,0.0,-0.0392156862745098,0.45098039215686275
44,1,45,0.0,-0.9777777777777777,0.9777777777777777
44,2,51,0.0,0.0,0.19607843137254902
44,3,54,0.0,0.0,0.42592592592592593
44,4,49,0.0,0.0,0.6530612244897959
44,5,53,0.0,0.0,0.1509433962264151
44,6,52,0.0,0.0,0.1346153846153846
44,7,58,0.0,0.0,0.034482758620689655
44,8,62,0.0,0.0,0.12903225806451613
44,9,66,0.0,-0.2727272727272727,0.6666666666666666
44,10,71,0.0,0.0,0.09859154929577464
44,11,68,0.0,0.0,0.16176470588235295
44,12,54,0.0,0.0,0.5
44,13,66,0.0,0.0,0.25757575757575757
44,14,60,0.0,0.0,0.21666666666666667
44,15,54,0.0,-0.018518518518518517,0.5740740740740741
44,16,71,0.0,-0.704225352112676,0.704225352112676
44,17,60,0.0,0.0,0.3
44,18,66,0.7272727272727273,0.27272727272727276,0.06060606060606055
44,19,52,0.4230769230769231,0.4230769230769231,0.11538461538461536
44,20,92,0.043478260869565216,0.043478260869565216,0.06521739130434782
44,21,55,0.6363636363636364,-0.2545454545454545,0.2545454545454545
44,22,57,0.2807017543859649,0.2807017543859649,0.0
44,23,46,0.2826086956521739,0.2826086956521739,0.08695652173913043
44,24,48,0.3958333333333333,0.3958333333333333,0.02083333333333337
44,25,81,0.5061728395061729,0.5061728395061729,0.012345679012345623
44,26,73,0.2602739726027397,0.2602739726027397,0.1643835616438356
45,0,51,0.0,-0.0392156862745098,0.45098039215686275
45,1,45,0.0,-0.9777777777777777,0.9777777777777777
45,2,51,0.0,0.0,0.19607843137254902
45,3,54,0.0,0.0,0.42592592592592593
45,4,49,0.0,0.0,0.6530612244897959
45,5,53,0.0,0.0,0.1509433962264151
45,6,52,0.0,0.0,0.1346153846153846
45,7,58,0.0,0.0,0.034482758620689655
45,8,62,0.0,0.0,0.12903225806451613
45,9,66,0.0,-0.2727272727272727,0.6666666666666666
45,10,71,0.0,0.0,0.09859154929577464
45,11,68,0.0,0.0,0.16176470588235295
45,12,54,0.0,0.0,0.5
45,13,66,0.0,0.0,0.25757575757575757
45,14,60,0.0,0.0,0.21666666666666667
45,15,54,0.0,-0.018518518518518517,0.5740740740740741
45,16,71,0.0,-0.704225352112676,0.704225352112676
45,17,60,0.0,0.0,0.3
45,18,66,0.5303030303030303,0.07575757575757575,0.25757575757575757
45,19,52,0.5192307692307693,0.5192307692307693,0.019230769230769162
45,20,92,0.07608695652173914,0.07608695652173914,0.032608695652173905
45,21,55,0.6909090909090909,-0.19999999999999996,0.19999999999999996
45,22,57,0.24561403508771928,0.24561403508771928,0.03508771929824561
45,23,46,0.2608695652173913,0.2608695652173913,0.10869565217391303
45,24,48,0.125,0.125,0.2916666666666667
45,25,81,0.5555555555555556,0.5555555555555556,0.0
45,26,73,0.4246575342465753,0.4246575342465753,0.0
46,0,51,0.0,-0.0392156862745098,0.45098039215686275
46,1,45,0.0,-0.9777777777777777,0.9777777777777777
46,2,51,0.0,0.0,0.19607843137254902
46,3,54,0.0,0.0,0.42592592592592593
46,4,49,0.0,0.0,0.6530612244897959
46,5,53,0.0,0.0,0.1509433962264151
46,6,52,0.0,0.0,0.1346153846153846
46,7,58,0.0,0.0,0.034482758620689655
46,8,62,0.0,0.0,0.12903225806451613
46,9,66,0.0,-0.2727272727272727,0.6666666666666666
46,10,71,0.0,0.0,0.09859154929577464
46,11,68,0.0,0.0,0.16176470588235295
46,12,54,0.0,0.0,0.5
46,13,66,0.0,0.0,0.25757575757575757
46,14,60,0.0,0.0,0.21666666666666667
46,15,54,0.0,-0.018518518518518517,0.5740740740740741
46,16,71,0.0,-0.704225352112676,0.704225352112676
46,17,60,0.0,0.0,0.3
46,18,66,0.6515151515151515,0.19696969696969696,0.13636363636363635
46,19,52,0.40384615384615385,0.40384615384615385,0.13461538461538458
46,20,92,0.043478260869565216,0.043478260869565216,0.06521739130434782
46,21,55,0.6181818181818182,-0.2727272727272727,0.2727272727272727
46,22,57,0.3157894736842105,0.3157894736842105,0.0
46,23,46,0.2826086956521739,0.2826086956521739,0.08695652173913043
46,24,48,0.4166666666666667,0.4166666666666667,0.0
46,25,81,0.49382716049382713,0.49382716049382713,0.06172839506172845
46,26,73,0.273972602739726,0.273972602739726,0.1506849315068493
47,0,51,0.0,-0.0392156862745098,0.45098039215686275
47,1,45,0.0,-0.9777777777777777,0.9777777777777777
47,2,51,0.0,0.0,0.19607843137254902
47,3,54,0.0,0.0,0.42592592592592593
47,4,49,0.0,0.0,0.6530612244897959
47,5,53,0.0,0.0,0.1509433962264151
47,6,52,0.0,0.0,0.1346153846153846
47,7,58,0.0,0.0,0.034482758620689655
47,8,62,0.0,0.0,0.12903225806451613
47,9,66,0.0,-0.2727272727272727,0.6666666666666666
47,10,71,0.0,0.0,0.09859154929577464
47,11,68,0.0,0.0,0.16176470588235295
47,12,54,0.0,0.0,0.5
47,13,66,0.0,0.0,0.25757575757575757
47,14,60,0.0,0.0,0.21666666666666667
47,15,54,0.0,-0.018518518518518517,0.5740740740740741
47,16,71,0.0,-0.704225352112676,0.704225352112676
47,17,60,0.0,0.0,0.3
47,18,66,0.5757575757575758,0.12121212121212127,0.21212121212121204
47,19,52,0.38461538461538464,0.38461538461538464,0.1538461538461538
47,20,92,0.043478260869565216,0.043478260869565216,0.06521739130434782
47,21,55,0.6727272727272727,-0.21818181818181814,0.21818181818181814
47,22,57,0.2807017543859649,0.2807017543859649,0.03508771929824561
47,23,46,0.2391304347826087,0.2391304347826087,0.13043478260869562
47,24,48,0.041666666666666664,0.041666666666666664,0.375
47,25,81,0.5679012345679012,0.5679012345679012,0.0
47,26,73,0.4931506849315068,0.4931506849315068,0.0
48,0,51,0.0,-0.0392156862745098,0.45098039215686275
48,1,45,0.0,-0.9777777777777777,0.9777777777777777
48,2,51,0.0,0.0,0.19607843137254902
48,3,54,0.0,0.0,0.42592592592592593
48,4,49,0.0,0.0,0.6530612244897959
48,5,53,0.0,0.0,0.1509433962264151
48,6,52,0.0,0.0,0.1346153846153846
48,7,58,0.0,0.0,0.034482758620689655
48,8,62,0.0,0.0,0.12903225806451613
48,9,66,0.0,-0.2727272727272727,0.6666666666666666
48,10,71,0.0,0.0,0.09859154929577464
48,11,68,0.0,0.0,0.16176470588235295
48,12,54,0.0,0.0,0.5
48,13,66,0.0,0.0,0.25757575757575757
48,14,60,0.0,0.0,0.21666666666666667
48,15,54,0.0,-0.018518518518518517,0.5740740740740741
48,16,71,0.0,-0.704225352112676,0.704225352112676
48,17,60,0.0,0.0,0.3
48,18,66,0.6818181818181818,0.22727272727272724,0.10606060606060608
48,19,52,0.4230769230769231,0.4230769230769231,0.11538461538461536
48,20,92,0.043478260869565216,0.043478260869565216,0.06521739130434782
48,21,55,0.6545454545454545,-0.23636363636363633,0.23636363636363633
48,22,57,0.3508771929824561,0.3508771929824561,0.0
48,23,46,0.1956521739130435,0.1956521739130435,0.17391304347826084
48,24,48,0.3958333333333333,0.3958333333333333,0.02083333333333337
48,25,81,0.5185185185185185,0.5185185185185185,0.04938271604938271
48,26,73,0.2054794520547945,0.2054794520547945,0.2876712328767123
49,0,51,0.0,-0.0392156862745098,0.45098039215686275
49,1,45,0.0,-0.9777777777777777,0.9777777777777777
49,2,51,0.0,0.0,0.19607843137254902
49,3,54,0.0,0.0,0.42592592592592593
49,4,49,0.0,0.0,0.6530612244897959
49,5,53,0.0,0.0,0.1509433962264151
49,6,52,0.0,0.0,0.1346153846153846
49,7,58,0.0,0.0,0.034482758620689655
49,8,62,0.0,0.0,0.12903225806451613
49,9,66,0.0,-0.2727272727272727,0.6666666666666666
49,10,71,0.0,0.0,0.09859154929577464
49,11,68,0.0,0.0,0.16176470588235295
49,12,54,0.0,0.0,0.5
49,13,66,0.0,0.0,0.25757575757575757
49,14,60,0.0,0.0,0.21666666666666667
49,15,54,0.0,-0.018518518518518517,0.5740740740740741
49,16,71,0.0,-0.704225352112676,0.704225352112676
49,17,60,0.0,0.0,0.3
49,18,66,0.6060606060606061,0.15151515151515155,0.18181818181818177
49,19,52,0.38461538461538464,0.38461538461538464,0.1538461538461538
49,20,92,0.05434782608695652,0.05434782608695652,0.05434782608695652
49,21,55,0.5818181818181818,-0.3090909090909091,0.3090909090909091
49,22,57,0.2807017543859649,0.2807017543859649,0.07017543859649122
49,23,46,0.2391304347826087,0.2391304347826087,0.13043478260869562
49,24,48,0.041666666666666664,0.041666666666666664,0.375
49,25,81,0.654320987654321,0.654320987654321,0.0
49,26,73,0.5205479452054794,0.5205479452054794,0.0
50,0,51,0.0,-0.0392156862745098,0.45098039215686275
50,1,45,0.0,-0.9777777777777777,0.9777777777777777
50,2,51,0.0,0.0,0.19607843137254902
50,3,54,0.0,0.0,0.42592592592592593
50,4,49,0.0,0.0,0.6530612244897959
50,5,53,0.0,0.0,0.1509433962264151
50,6,52,0.0,0.0,0.1346153846153846
50,7,58,0.0,0.0,0.034482758620689655
50,8,62,0.0,0.0,0.12903225806451613
50,9,66,0.0,-0.2727272727272727,0.6666666666666666
50,10,71,0.0,0.0,0.09859154929577464
50,11,68,0.0,0.0,0.16176470588235295
50,12,54,0.0,0.0,0.5
50,13,66,0.0,0.0,0.25757575757575757
50,14,60,0.0,0.0,0.21666666666666667
50,15,54,0.0,-0.018518518518518517,0.5740740740740741
50,16,71,0.0,-0.704225352112676,0.704225352112676
50,17,60,0.0,0.0,0.3
50,18,66,0.7121212121212122,0.2575757575757576,0.07575757575757569
50,19,52,0.38461538461538464,0.38461538461538464,0.1538461538461538
50,20,92,0.043478260869565216,0.043478260869565216,0.06521739130434782
50,21,55,0.38181818181818183,-0.509090909090909,0.509090909090909
50,22,57,0.38596491228070173,0.38596491228070173,0.0
50,23,46,0.2826086956521739,0.2826086956521739,0.08695652173913043
50,24,48,0.3958333333333333,0.3958333333333333,0.02083333333333337
50,25,81,0.5802469135802469,0.5802469135802469,0.07407407407407407
50,26,73,0.1780821917808219,0.1780821917808219,0.3424657534246575
51,0,51,0.0,-0.0392156862745098,0.45098039215686275
51,1,45,0.0,-0.9777777777777777,0.9777777777777777
51,2,51,0.0,0.0,0.19607843137254902
51,3,54,0.0,0.0,0.42592592592592593
51,4,49,0.0,0.0,0.6530612244897959
51,5,53,0.0,0.0,0.1509433962264151
51,6,52,0.0,0.0,0.1346153846153846
51,7,58,0.0,0.0,0.034482758620689655
51,8,62,0.0,0.0,0.12903225806451613
51,9,66,0.0,-0.2727272727272727,0.6666666666666666
51,10,71,0.0,0.0,0.09859154929577464
51,11,68,0.0,0.0,0.16176470588235295
51,12,54,0.0,0.0,0.5
51,13,66,0.0,0.0,0.25757575757575757
51,14,60,0.0,0.0,0.21666666666666667
51,15,54,0.0,-0.018518518518518517,0.5740740740740741
51,16,71,0.0,-0.704225352112676,0.704225352112676
51,17,60,0.0,0.0,0.3
51,18,66,0.6060606060606061,0.15151515151515155,0.18181818181818177
51,19,52,0.36538461538461536,0.36538461538461536,0.17307692307692307
51,20,92,0.05434782608695652,0.05434782608695652,0.05434782608695652
51,21,55,0.509090909090909,-0.38181818181818183,0.38181818181818183
51,22,57,0.2982456140350877,0.2982456140350877,0.08771929824561403
51,23,46,0.2608695652173913,0.2608695652173913,0.10869565217391303
51,24,48,0.125,0.125,0.2916666666666667
51,25,81,0.6419753086419753,0.6419753086419753,0.012345679012345734
51,26,73,0.4794520547945205,0.4794520547945205,0.0410958904109589
52,0,51,0.0,-0.0392156862745098,0.45098039215686275
52,1,45,0.0,-0.9777777777777777,0.9777777777777777
52,2,51,0.0,0.0,0.19607843137254902
52,3,54,0.0,0.0,0.42592592592592593
52,4,49,0.0,0.0,0.6530612244897959
52,5,53,0.0,0.0,0.1509433962264151
52,6,52,0.0,0.0,0.1346153846153846
52,7,58,0.0,0.0,0.034482758620689655
52,8,62,0.0,0.0,0.12903225806451613
52,9,66,0.0,-0.2727272727272727,0.6666666666666666
52,10,71,0.0,0.0,0.09859154929577464
52,11,68,0.0,0.0,0.16176470588235295
52,12,54,0.0,0.0,0.5
52,13,66,0.0,0.0,0.25757575757575757
52,14,60,0.0,0.0,0.21666666666666667
52,15,54,0.0,-0.018518518518518517,0.5740740740740741
52,16,71,0.0,-0.704225352112676,0.704225352112676
52,17,60,0.0,0.0,0.3
52,18,66,0.6666666666666666,0.2121212121212121,0.12121212121212122
52,19,52,0.40384615384615385,0.40384615384615385,0.13461538461538458
52,20,92,0.05434782608695652,0.05434782608695652,0.05434782608695652
52,21,55,0.4909090909090909,-0.39999999999999997,0.39999999999999997
52,22,57,0.3684210526315789,0.3684210526315789,0.017543859649122806
52,23,46,0.32608695652173914,0.32608695652173914,0.04347826086956519
52,24,48,0.3958333333333333,0.3958333333333333,0.02083333333333337
52,25,81,0.5185185185185185,0.5185185185185185,0.13580246913580252
52,26,73,0.2191780821917808,0.2191780821917808,0.3013698630136986
53,0,51,0.0,-0.0392156862745098,0.45098039215686275
53,1,45,0.0,-0.9777777777777777,0.9777777777777777
53,2,51,0.0,0.0,0.19607843137254902
53,3,54,0.0,0.0,0.42592592592592593
53,4,49,0.0,0.0,0.6530612244897959
53,5,53,0.0,0.0,0.1509433962264151
53,6,52,0.0,0.0,0.1346153846153846
53,7,58,0.0,0.0,0.034482758620689655
53,8,62,0.0,0.0,0.12903225806451613
53,9,66,0.0,-0.2727272727272727,0.6666666666666666
53,10,71,0.0,0.0,0.09859154929577464
53,11,68,0.0,0.0,0.16176470588235295
53,12,54,0.0,0.0,0.5
53,13,66,0.0,0.0,0.25757575757575757
53,14,60,0.0,0.0,0.21666666666666667
53,15,54,0.0,-0.018518518518518517,0.5740740740740741
53,16,71,0.0,-0.704225352112676,0.704225352112676
53,17,60,0.0,0.0,0.3
53,18,66,0.6363636363636364,0.18181818181818182,0.1515151515151515
53,19,52,0.36538461538461536,0.36538461538461536,0.17307692307692307
53,20,92,0.06521739130434782,0.06521739130434782,0.043478260869565216
53,21,55,0.45454545454545453,-0.43636363636363634,0.43636363636363634
53,22,57,0.2631578947368421,0.2631578947368421,0.12280701754385964
53,23,46,0.2391304347826087,0.2391304347826087,0.13043478260869562
53,24,48,0.125,0.125,0.2916666666666667
53,25,81,0.7160493827160493,0.7160493827160493,0.0
53,26,73,0.5616438356164384,0.5616438356164384,0.0
54,0,51,0.0,-0.0392156862745098,0.45098039215686275
54,1,45,0.0,-0.9777777777777777,0.9777777777777777
54,2,51,0.0,0.0,0.19607843137254902
54,3,54,0.0,0.0,0.42592592592592593
54,4,49,0.0,0.0,0.6530612244897959
54,5,53,0.0,0.0,0.1509433962264151
54,6,52,0.0,0.0,0.1346153846153846
54,7,58,0.0,0.0,0.034482758620689655
54,8,62,0.0,0.0,0.12903225806451613
54,9,66,0.0,-0.2727272727272727,0.6666666666666666
54,10,71,0.0,0.0,0.09859154929577464
54,11,68,0.0,0.0,0.16176470588235295
54,12,54,0.0,0.0,0.5
54,13,66,0.0,0.0,0.25757575757575757
54,14,60,0.0,0.0,0.21666666666666667
54,15,54,0.0,-0.018518518518518517,0.5740740740740741
54,16,71,0.0,-0.704225352112676,0.704225352112676
54,17,60,0.0,0.0,0.3
54,18,66,0.7272727272727273,0.27272727272727276,0.06060606060606055
54,19,52,0.38461538461538464,0.38461538461538464,0.1538461538461538
54,20,92,0.05434782608695652,0.05434782608695652,0.05434782608695652
54,21,55,0.41818181818181815,-0.4727272727272727,0.4727272727272727
54,22,57,0.3508771929824561,0.3508771929824561,0.03508771929824561
54,23,46,0.30434782608695654,0.30434782608695654,0.06521739130434778
54,24,48,0.3958333333333333,0.3958333333333333,0.02083333333333337
54,25,81,0.6049382716049383,0.6049382716049383,0.11111111111111105
54,26,73,0.2328767123287671,0.2328767123287671,0.32876712328767127
55,0,51,0.0,-0.0392156862745098,0.45098039215686275
55,1,45,0.0,-0.9777777777777777,0.9777777777777777
55,2,51,0.0,0.0,0.19607843137254902
55,3,54,0.0,0.0,0.42592592592592593
55,4,49,0.0,0.0,0.6530612244897959
55,5,53,0.0,0.0,0.1509433962264151
55,6,52,0.0,0.0,0.1346153846153846
55,7,58,0.0,0.0,0.034482758620689655
55,8,62,0.0,0.0,0.12903225806451613
55,9,66,0.0,-0.2727272727272727,0.6666666666666666
55,10,71,0.0,0.0,0.09859154929577464
55,11,68,0.0,0.0,0.16176470588235295
55,12,54,0.0,0.0,0.5
55,13,66,0.0,0.0,0.25757575757575757
55,14,60,0.0,0.0,0.21666666666666667
55,15,54,0.0,-0.018518518518518517,0.5740740740740741
55,16,71,0.0,-0.704225352112676,0.704225352112676
55,17,60,0.0,0.0,0.3
55,18,66,0.6818181818181818,0.22727272727272724,0.10606060606060608
55,19,52,0.34615384615384615,0.34615384615384615,0.1923076923076923
55,20,92,0.05434782608695652,0.05434782608695652,0.05434782608695652
55,21,55,0.45454545454545453,-0.43636363636363634,0.43636363636363634
55,22,57,0.3157894736842105,0.3157894736842105,0.07017543859649122
55,23,46,0.34782608695652173,0.34782608695652173,0.021739130434782594
55,24,48,0.1875,0.1875,0.22916666666666669
55,25,81,0.7160493827160493,0.7160493827160493,0.0
55,26,73,0.5342465753424658,0.5342465753424658,0.0273972602739726
56,0,51,0.0,-0.0392156862745098,0.45098039215686275
56,1,45,0.0,-0.9777777777777777,0.9777777777777777
56,2,51,0.0,0.0,0.19607843137254902
56,3,54,0.0,0.0,0.42592592592592593
56,4,49,0.0,0.0,0.6530612244897959
56,5,53,0.0,0.0,0.1509433962264151
56,6,52,0.0,0.0,0.1346153846153846
56,7,58,0.0,0.0,0.034482758620689655
56,8,62,0.0,0.0,0.12903225806451613
56,9,66,0.0,-0.2727272727272727,0.6666666666666666
56,10,71,0.0,0.0,0.09859154929577464
56,11,68,0.0,0.0,0.16176470588235295
56,12,54,0.0,0.0,0.5
56,13,66,0.0,0.0,0.25757575757575757
56,14,60,0.0,0.0,0.21666666666666667
56,15,54,0.0,-0.018518518518518517,0.5740740740740741
56,16,71,0.0,-0.704225352112676,0.704225352112676
56,17,60,0.0,0.0,0.3
56,18,66,0.803030303030303,0.34848484848484845,0.0
56,19,52,0.38461538461538464,0.38461538461538464,0.1538461538461538
56,20,92,0.05434782608695652,0.05434782608695652,0.05434782608695652
56,21,55,0.41818181818181815,-0.4727272727272727,0.4727272727272727
56,22,57,0.3508771929824561,0.3508771929824561,0.03508771929824561
56,23,46,0.2826086956521739,0.2826086956521739,0.08695652173913043
56,24,48,0.3333333333333333,0.3333333333333333,0.08333333333333337
56,25,81,0.6419753086419753,0.6419753086419753,0.07407407407407407
56,26,73,0.273972602739726,0.273972602739726,0.28767123287671237
57,0,51,0.0,-0.0392156862745098,0.45098039215686275
57,1,45,0.0,-0.9777777777777777,0.9777777777777777
57,2,51,0.0,0.0,0.19607843137254902
57,3,54,0.0,0.0,0.42592592592592593
57,4,49,0.0,0.0,0.6530612244897959
57,5,53,0.0,0.0,0.1509433962264151
57,6,52,0.0,0.0,0.1346153846153846
57,7,58,0.0,0.0,0.034482758620689655
57,8,62,0.0,0.0,0.12903225806451613
57,9,66,0.0,-0.2727272727272727,0.6666666666666666
57,10,71,0.0,0.0,0.09859154929577464
57,11,68,0.0,0.0,0.16176470588235295
57,12,54,0.0,0.0,0.5
57,13,66,0.0,0.0,0.25757575757575757
57,14,60,0.0,0.0,0.21666666666666667
57,15,54,0.0,-0.018518518518518517,0.5740740740740741
57,16,71,0.0,-0.704225352112676,0.704225352112676
57,17,60,0.0,0.0,0.3
57,18,66,0.6515151515151515,0.19696969696969696,0.1515151515151515
57,19,52,0.3269230769230769,0.3269230769230769,0.2115384615384615
57,20,92,0.06521739130434782,0.06521739130434782,0.043478260869565216
57,21,55,0.43636363636363634,-0.45454545454545453,0.45454545454545453
57,22,57,0.2982456140350877,0.2982456140350877,0.08771929824561403
57,23,46,0.2608695652173913,0.2608695652173913,0.10869565217391303
57,24,48,0.16666666666666666,0.16666666666666666,0.25
57,25,81,0.7407407407407407,0.7407407407407407,0.0
57,26,73,0.5068493150684932,0.5068493150684932,0.0547945205479452
58,0,51,0.0,-0.0392156862745098,0.45098039215686275
58,1,45,0.0,-0.9777777777777777,0.9777777777777777
58,2,51,0.0,0.0,0.19607843137254902
58,3,54,0.0,0.0,0.42592592592592593
58,4,49,0.0,0.0,0.6530612244897959
58,5,53,0.0,0.0,0.1509433962264151
58,6,52,0.0,0.0,0.1346153846153846
58,7,58,0.0,0.0,0.034482758620689655
58,8,62,0.0,0.0,0.12903225806451613
58,9,66,0.0,-0.2727272727272727,0.6666666666666666
58,10,71,0.0,0.0,0.09859154929577464
58,11,68,0.0,0.0,0.16176470588235295
58,12,54,0.0,0.0,0.5
58,13,66,0.0,0.0,0.25757575757575757
58,14,60,0.0,0.0,0.21666666666666667
58,15,54,0.0,-0.018518518518518517,0.5740740740740741
58,16,71,0.0,-0.704225352112676,0.704225352112676
58,17,60,0.0,0.0,0.3
58,18,66,0.6363636363636364,0.18181818181818182,0.16666666666666663
58,19,52,0.40384615384615385,0.40384615384615385,0.13461538461538458
58,20,92,0.05434782608695652,0.05434782608695652,0.05434782608695652
58,21,55,0.4,-0.49090909090909085,0.49090909090909085
58,22,57,0.3508771929824561,0.3508771929824561,0.03508771929824561
58,23,46,0.3695652173913043,0.3695652173913043,0.0
58,24,48,0.3333333333333333,0.3333333333333333,0.08333333333333337
58,25,81,0.6296296296296297,0.6296296296296297,0.11111111111111105
58,26,73,0.3698630136986301,0.3698630136986301,0.19178082191780826
59,0,51,0.0,-0.0392156862745098,0.45098039215686275
59,1,45,0.0,-0.9777777777777777,0.9777777777777777
59,2,51,0.0,0.0,0.19607843137254902
59,3,54,0.0,0.0,0.42592592592592593
59,4,49,0.0,0.0,0.6530612244897959
59,5,53,0.0,0.0,0.1509433962264151
59,6,52,0.0,0.0,0.1346153846153846
59,7,58,0.0,0.0,0.034482758620689655
59,8,62,0.0,0.0,0.12903225806451613
59,9,66,0.0,-0.2727272727272727,0.6666666666666666
59,10,71,0.0,0.0,0.09859154929577464
59,11,68,0.0,0.0,0.16176470588235295
59,12,54,0.0,0.0,0.5
59,13,66,0.0,0.0,0.25757575757575757
59,14,60,0.0,0.0,0.21666666666666667
59,15,54,0.0,-0.018518518518518517,0.5740740740740741
59,16,71,0.0,-0.704225352112676,0.704225352112676
59,17,60,0.0,0.0,0.3
59,18,66,0.5909090909090909,0.1363636363636364,0.21212121212121204
59,19,52,0.38461538461538464,0.38461538461538464,0.1538461538461538
59,20,92,0.06521739130434782,0.06521739130434782,0.043478260869565216
59,21,55,0.509090909090909,-0.38181818181818183,0.38181818181818183
59,22,57,0.2982456140350877,0.2982456140350877,0.08771929824561403
59,23,46,0.30434782608695654,0.30434782608695654,0.06521739130434778
59,24,48,0.16666666666666666,0.16666666666666666,0.25
59,25,81,0.6790123456790124,0.6790123456790124,0.061728395061728336
59,26,73,0.5342465753424658,0.5342465753424658,0.0273972602739726
60,0,51,0.0,-0.0392156862745098,0.45098039215686275
60,1,45,0.0,-0.9777777777777777,0.9777777777777777
60,2,51,0.0,0.0,0.19607843137254902
60,3,54,0.0,0.0,0.42592592592592593
60,4,49,0.0,0.0,0.6530612244897959
60,5,53,0.0,0.0,0.1509433962264151
60,6,52,0.0,0.0,0.1346153846153846
60,7,58,0.0,0.0,0.034482758620689655
60,8,62,0.0,0.0,0.12903225806451613
60,9,66,0.0,-0.2727272727272727,0.6666666666666666
60,10,71,0.0,0.0,0.09859154929577464
60,11,68,0.0,0.0,0.16176470588235295
60,12,54,0.0,0.0,0.5
60,13,66,0.0,0.0,0.25757575757575757
60,14,60,0.0,0.0,0.21666666666666667
60,15,54,0.0,-0.018518518518518517,0.5740740740740741
60,16,71,0.0,-0.704225352112676,0.704225352112676
60,17,60,0.0,0.0,0.3
60,18,66,0.8333333333333334,0.37878787878787884,0.0
60,19,52,0.36538461538461536,0.36538461538461536,0.17307692307692307
60,20,92,0.05434782608695652,0.05434782608695652,0.05434782608695652
60,21,55,0.32727272727272727,-0.5636363636363636,0.5636363636363636
60,22,57,0.2807017543859649,0.2807017543859649,0.10526315789473684
60,23,46,0.2826086956521739,0.2826086956521739,0.08695652173913043
60,24,48,0.3333333333333333,0.3333333333333333,0.08333333333333337
60,25,81,0.691358024691358,0.691358024691358,0.04938271604938271
60,26,73,0.3287671232876712,0.3287671232876712,0.23287671232876717
61,0,51,0.0,-0.0392156862745098,0.45098039215686275
61,1,45,0.0,-0.9777777777777777,0.9777777777777777
61,2,51,0.0,0.0,0.19607843137254902
61,3,54,0.0,0.0,0.42592592592592593
61,4,49,0.0,0.0,0.6530612244897959
61,5,53,0.0,0.0,0.1509433962264151
61,6,52,0.0,0.0,0.1346153846153846
61,7,58,0.0,0.0,0.034482758620689655
61,8,62,0.0,0.0,0.12903225806451613
61,9,66,0.0,-0.2727272727272727,0.6666666666666666
61,10,71,0.0,0.0,0.09859154929577464
61,11,68,0.0,0.0,0.16176470588235295
61,12,54,0.0,0.0,0.5
61,13,66,0.0,0.0,0.25757575757575757
61,14,60,0.0,0.0,0.21666666666666667
61,15,54,0.0,-0.018518518518518517,0.5740740740740741
61,16,71,0.0,-0.704225352112676,0.704225352112676
61,17,60,0.0,0.0,0.3
61,18,66,0.5757575757575758,0.12121212121212127,0.25757575757575757
61,19,52,0.38461538461538464,0.38461538461538464,0.1538461538461538
61,20,92,0.06521739130434782,0.06521739130434782,0.043478260869565216
61,21,55,0.43636363636363634,-0.45454545454545453,0.45454545454545453
61,22,57,0.2982456140350877,0.2982456140350877,0.08771929824561403
61,23,46,0.34782608695652173,0.34782608695652173,0.021739130434782594
61,24,48,0.125,0.125,0.2916666666666667
61,25,81,0.7160493827160493,0.7160493827160493,0.024691358024691357
61,26,73,0.5205479452054794,0.5205479452054794,0.04109589041095896
62,0,51,0.0,-0.0392156862745098,0.45098039215686275
62,1,45,0.0,-0.9777777777777777,0.9777777777777777
62,2,51,0.0,0.0,0.19607843137254902
62,3,54,0.0,0.0,0.42592592592592593
62,4,49,0.0,0.0,0.6530612244897959
62,5,53,0.0,0.0,0.1509433962264151
62,6,52,0.0,0.0,0.1346153846153846
62,7,58,0.0,0.0,0.034482758620689655
62,8,62,0.0,0.0,0.12903225806451613
62,9,66,0.0,-0.2727272727272727,0.6666666666666666
62,10,71,0.0,0.0,0.09859154929577464
62,11,68,0.0,0.0,0.16176470588235295
62,12,54,0.0,0.0,0.5
62,13,66,0.0,0.0,0.25757575757575757
62,14,60,0.0,0.0,0.21666666666666667
62,15,54,0.0,-0.018518518518518517,0.5740740740740741
62,16,71,0.0,-0.704225352112676,0.704225352112676
62,17,60,0.0,0.0,0.3
62,18,66,0.6818181818181818,0.22727272727272724,0.1515151515151516
62,19,52,0.40384615384615385,0.40384615384615385,0.13461538461538458
62,20,92,0.05434782608695652,0.05434782608695652,0.05434782608695652
62,21,55,0.43636363636363634,-0.45454545454545453,0.45454545454545453
62,22,57,0.2982456140350877,0.2982456140350877,0.08771929824561403
62,23,46,0.32608695652173914,0.32608695652173914,0.04347826086956519
62,24,48,0.3541666666666667,0.3541666666666667,0.0625
62,25,81,0.6419753086419753,0.6419753086419753,0.09876543209876543
62,26,73,0.3561643835616438,0.3561643835616438,0.20547945205479456
63,0,51,0.0,-0.0392156862745098,0.45098039215686275
63,1,45,0.0,-0.9777777777777777,0.9777777777777777
63,2,51,0.0,0.0,0.19607843137254902
63,3,54,0.0,0.0,0.42592592592592593
63,4,49,0.0,0.0,0.6530612244897959
63,5,53,0.0,0.0,0.1509433962264151
63,6,52,0.0,0.0,0.1346153846153846
63,7,58,0.0,0.0,0.034482758620689655
63,8,62,0.0,0.0,0.12903225806451613
63,9,66,0.0,-0.2727272727272727,0.6666666666666666
63,10,71,0.0,0.0,0.09859154929577464
63,11,68,0.0,0.0,0.16176470588235295
63,12,54,0.0,0.0,0.5
63,13,66,0.0,0.0,0.25757575757575757
63,14,60,0.0,0.0,0.21666666666666667
63,15,54,0.0,-0.018518518518518517,0.5740740740740741
63,16,71,0.0,-0.704225352112676,0.704225352112676
63,17,60,0.0,0.0,0.3
63,18,66,0.696969696969697,0.2424242424242425,0.13636363636363635
63,19,52,0.36538461538461536,0.36538461538461536,0.17307692307692307
63,20,92,0.06521739130434782,0.06521739130434782,0.043478260869565216
63,21,55,0.41818181818181815,-0.4727272727272727,0.4727272727272727
63,22,57,0.3157894736842105,0.3157894736842105,0.07017543859649122
63,23,46,0.2608695652173913,0.2608695652173913,0.10869565217391303
63,24,48,0.16666666666666666,0.16666666666666666,0.25
63,25,81,0.7037037037037037,0.7037037037037037,0.03703703703703698
63,26,73,0.4794520547945205,0.4794520547945205,0.08219178082191786
64,0,51,0.0,-0.0392156862745098,0.45098039215686275
64,1,45,0.0,-0.9777777777777777,0.9777777777777777
64,2,51,0.0,0.0,0.19607843137254902
64,3,54,0.0,0.0,0.42592592592592593
64,4,49,0.0,0.0,0.6530612244897959
64,5,53,0.0,0.0,0.1509433962264151
64,6,52,0.0,0.0,0.1346153846153846
64,7,58,0.0,0.0,0.034482758620689655
64,8,62,0.0,0.0,0.12903225806451613
64,9,66,0.0,-0.2727272727272727,0.6666666666666666
64,10,71,0.0,0.0,0.09859154929577464
64,11,68,0.0,0.0,0.16176470588235295
64,12,54,0.0,0.0,0.5
64,13,66,0.0,0.0,0.25757575757575757
64,14,60,0.0,0.0,0.21666666666666667
64,15,54,0.0,-0.018518518518518517,0.5740740740740741
64,16,71,0.0,-0.704225352112676,0.704225352112676
64,17,60,0.0,0.0,0.3
64,18,66,0.803030303030303,0.34848484848484845,0.030303030303030387
64,19,52,0.34615384615384615,0.34615384615384615,0.1923076923076923
64,20,92,0.05434782608695652,0.05434782608695652,0.05434782608695652
64,21,55,0.36363636363636365,-0.5272727272727272,0.5272727272727272
64,22,57,0.2631578947368421,0.2631578947368421,0.12280701754385964
64,23,46,0.34782608695652173,0.34782608695652173,0.021739130434782594
64,24,48,0.2916666666666667,0.2916666666666667,0.125
64,25,81,0.691358024691358,0.691358024691358,0.04938271604938271
64,26,73,0.3561643835616438,0.3561643835616438,0.20547945205479456
65,0,51,0.0,-0.0392156862745098,0.45098039215686275
65,1,45,0.0,-0.9777777777777777,0.9777777777777777
65,2,51,0.0,0.0,0.19607843137254902
65,3,54,0.0,0.0,0.42592592592592593
65,4,49,0.0,0.0,0.6530612244897959
65,5,53,0.0,0.0,0.1509433962264151
65,6,52,0.0,0.0,0.1346153846153846
65,7,58,0.0,0.0,0.034482758620689655
65,8,62,0.0,0.0,0.12903225806451613
65,9,66,0.0,-0.2727272727272727,0.6666666666666666
65,10,71,0.0,0.0,0.09859154929577464
65,11,68,0.0,0.0,0.16176470588235295
65,12,54,0.0,0.0,0.5
65,13,66,0.0,0.0,0.25757575757575757
65,14,60,0.0,0.0,0.21666666666666667
65,15,54,0.0,-0.018518518518518517,0.5740740740740741
65,16,71,0.0,-0.704225352112676,0.704225352112676
65,17,60,0.0,0.0,0.3
65,18,66,0.7424242424242424,0.2878787878787879,0.09090909090909094
65,19,52,0.3269230769230769,0.3269230769230769,0.2115384615384615
65,20,92,0.05434782608695652,0.05434782608695652,0.05434782608695652
65,21,55,0.45454545454545453,-0.43636363636363634,0.43636363636363634
65,22,57,0.3684210526315789,0.3684210526315789,0.017543859649122806
65,23,46,0.30434782608695654,0.30434782608695654,0.06521739130434778
65,24,48,0.20833333333333334,0.20833333333333334,0.20833333333333334
65,25,81,0.6296296296296297,0.6296296296296297,0.11111111111111105
65,26,73,0.5342465753424658,0.5342465753424658,0.0273972602739726
66,0,51,0.0,-0.0392156862745098,0.45098039215686275
66,1,45,0.0,-0.9777777777777777,0.9777777777777777
66,2,51,0.0,0.0,0.19607843137254902
66,3,54,0.0,0.0,0.42592592592592593
66,4,49,0.0,0.0,0.6530612244897959
66,5,53,0.0,0.0,0.1509433962264151
66,6,52,0.0,0.0,0.1346153846153846
66,7,58,0.0,0.0,0.034482758620689655
66,8,62,0.0,0.0,0.12903225806451613
66,9,66,0.0,-0.2727272727272727,0.6666666666666666
66,10,71,0.0,0.0,0.09859154929577464
66,11,68,0.0,0.0,0.16176470588235295
66,12,54,0.0,0.0,0.5
66,13,66,0.0,0.0,0.25757575757575757
66,14,60,0.0,0.0,0.21666666666666667
66,15,54,0.0,-0.018518518518518517,0.5740740740740741
66,16,71,0.0,-0.704225352112676,0.704225352112676
66,17,60,0.0,0.0,0.3
66,18,66,0.8484848484848485,0.393939393939394,0.0
66,19,52,0.36538461538461536,0.36538461538461536,0.17307692307692307
66,20,92,0.043478260869565216,0.043478260869565216,0.06521739130434782
66,21,55,0.34545454545454546,-0.5454545454545454,0.5454545454545454
66,22,57,0.24561403508771928,0.24561403508771928,0.14035087719298245
66,23,46,0.30434782608695654,0.30434782608695654,0.06521739130434778
66,24,48,0.3333333333333333,0.3333333333333333,0.08333333333333337
66,25,81,0.6666666666666666,0.6666666666666666,0.07407407407407407
66,26,73,0.3424657534246575,0.3424657534246575,0.21917808219178087
67,0,51,0.0,-0.0392156862745098,0.45098039215686275
67,1,45,0.0,-0.9777777777777777,0.9777777777777777
67,2,51,0.0,0.0,0.19607843137254902
67,3,54,0.0,0.0,0.42592592592592593
67,4,49,0.0,0.0,0.6530612244897959
67,5,53,0.0,0.0,0.1509433962264151
67,6,52,0.0,0.0,0.1346153846153846
67,7,58,0.0,0.0,0.034482758620689655
67,8,62,0.0,0.0,0.12903225806451613
67,9,66,0.0,-0.2727272727272727,0.6666666666666666
67,10,71,0.0,0.0,0.09859154929577464
67,11,68,0.0,0.0,0.16176470588235295
67,12,54,0.0,0.0,0.5
67,13,66,0.0,0.0,0.25757575757575757
67,14,60,0.0,0.0,0.21666666666666667
67,15,54,0.0,-0.018518518518518517,0.5740740740740741
67,16,71,0.0,-0.704225352112676,0.704225352112676
67,17,60,0.0,0.0,0.3
67,18,66,0.7121212121212122,0.2575757575757576,0.13636363636363635
67,19,52,0.36538461538461536,0.36538461538461536,0.17307692307692307
67,20,92,0.05434782608695652,0.05434782608695652,0.05434782608695652
67,21,55,0.36363636363636365,-0.5272727272727272,0.5272727272727272
67,22,57,0.42105263157894735,0.42105263157894735,0.0
67,23,46,0.32608695652173914,0.32608695652173914,0.04347826086956519
67,24,48,0.1875,0.1875,0.22916666666666669
67,25,81,0.6666666666666666,0.6666666666666666,0.07407407407407407
67,26,73,0.5205479452054794,0.5205479452054794,0.04109589041095896
68,0,51,0.0,-0.0392156862745098,0.45098039215686275
68,1,45,0.0,-0.9777777777777777,0.9777777777777777
68,2,51,0.0,0.0,0.19607843137254902
68,3,54,0.0,0.0,0.42592592592592593
68,4,49,0.0,0.0,0.6530612244897959
68,5,53,0.0,0.0,0.1509433962264151
68,6,52,0.0,0.0,0.1346153846153846
68,7,58,0.0,0.0,0.034482758620689655
68,8,62,0.0,0.0,0.12903225806451613
68,9,66,0.0,-0.2727272727272727,0.6666666666666666
68,10,71,0.0,0.0,0.09859154929577464
68,11,68,0.0,0.0,0.16176470588235295
68,12,54,0.0,0.0,0.5
68,13,66,0.0,0.0,0.25757575757575757
68,14,60,0.0,0.0,0.21666666666666667
68,15,54,0.0,-0.018518518518518517,0.5740740740740741
68,16,71,0.0,-0.704225352112676,0.704225352112676
68,17,60,0.0,0.0,0.3
68,18,66,0.8484848484848485,0.393939393939394,0.0
68,19,52,0.38461538461538464,0.38461538461538464,0.1538461538461538
68,20,92,0.043478260869565216,0.043478260869565216,0.06521739130434782
68,21,55,0.32727272727272727,-0.5636363636363636,0.5636363636363636
68,22,57,0.2631578947368421,0.2631578947368421,0.15789473684210525
68,23,46,0.2826086956521739,0.2826086956521739,0.08695652173913043
68,24,48,0.375,0.375,0.041666666666666685
68,25,81,0.6296296296296297,0.6296296296296297,0.11111111111111105
68,26,73,0.3013698630136986,0.3013698630136986,0.26027397260273977
69,0,51,0.0,-0.0392156862745098,0.45098039215686275
69,1,45,0.0,-0.9777777777777777,0.9777777777777777
69,2,51,0.0,0.0,0.19607843137254902
69,3,54,0.0,0.0,0.42592592592592593
69,4,49,0.0,0.0,0.6530612244897959
69,5,53,0.0,0.0,0.1509433962264151
69,6,52,0.0,0.0,0.1346153846153846
69,7,58,0.0,0.0,0.034482758620689655
69,8,62,0.0,0.0,0.12903225806451613
69,9,66,0.0,-0.2727272727272727,0.6666666666666666
69,10,71,0.0,0.0,0.09859154929577464
69,11,68,0.0,0.0,0.16176470588235295
69,12,54,0.0,0.0,0.5
69,13,66,0.0,0.0,0.25757575757575757
69,14,60,0.0,0.0,0.21666666666666667
69,15,54,0.0,-0.018518518518518517,0.5740740740740741
69,16,71,0.0,-0.704225352112676,0.704225352112676
69,17,60,0.0,0.0,0.3
69,18,66,0.7727272727272727,0.3181818181818182,0.0757575757575758
69,19,52,0.36538461538461536,0.36538461538461536,0.17307692307692307
69,20,92,0.05434782608695652,0.05434782608695652,0.05434782608695652
69,21,55,0.36363636363636365,-0.5272727272727272,0.5272727272727272
69,22,57,0.42105263157894735,0.42105263157894735,0.0
69,23,46,0.30434782608695654,0.30434782608695654,0.06521739130434778
69,24,48,0.125,0.125,0.2916666666666667
69,25,81,0.7037037037037037,0.7037037037037037,0.03703703703703698
69,26,73,0.5205479452054794,0.5205479452054794,0.04109589041095896
70,0,51,0.0,-0.0392156862745098,0.45098039215686275
70,1,45,0.0,-0.9777777777777777,0.9777777777777777
70,2,51,0.0,0.0,0.19607843137254902
70,3,54,0.0,0.0,0.42592592592592593
70,4,49,0.0,0.0,0.6530612244897959
70,5,53,0.0,0.0,0.1509433962264151
70,6,52,0.0,0.0,0.1346153846153846
70,7,58,0.0,0.0,0.034482758620689655
70,8,62,0.0,0.0,0.12903225806451613
70,9,66,0.0,-0.2727272727272727,0.6666666666666666
70,10,71,0.0,0.0,0.09859154929577464
70,11,68,0.0,0.0,0.16176470588235295
70,12,54,0.0,0.0,0.5
70,13,66,0.0,0.0,0.25757575757575757
70,14,60,0.0,0.0,0.21666666666666667
70,15,54,0.0,-0.018518518518518517,0.5740740740740741
70,16,71,0.0,-0.704225352112676,0.704225352112676
70,17,60,0.0,0.0,0.3
70,18,66,0.8636363636363636,0.4090909090909091,0.0
70,19,52,0.36538461538461536,0.36538461538461536,0.17307692307692307
70,20,92,0.043478260869565216,0.043478260869565216,0.06521739130434782
70,21,55,0.34545454545454546,-0.5454545454545454,0.5454545454545454
70,22,57,0.2807017543859649,0.2807017543859649,0.14035087719298245
70,23,46,0.30434782608695654,0.30434782608695654,0.06521739130434778
70,24,48,0.375,0.375,0.041666666666666685
70,25,81,0.654320987654321,0.654320987654321,0.08641975308641969
70,26,73,0.3287671232876712,0.3287671232876712,0.23287671232876717
71,0,51,0.0,-0.0392156862745098,0.45098039215686275
71,1,45,0.0,-0.9777777777777777,0.9777777777777777
71,2,51,0.0,0.0,0.19607843137254902
71,3,54,0.0,0.0,0.42592592592592593
71,4,49,0.0,0.0,0.6530612244897959
71,5,53,0.0,0.0,0.1509433962264151
71,6,52,0.0,0.0,0.1346153846153846
71,7,58,0.0,0.0,0.034482758620689655
71,8,62,0.0,0.0,0.12903225806451613
71,9,66,0.0,-0.2727272727272727,0.6666666666666666
71,10,71,0.0,0.0,0.09859154929577464
71,11,68,0.0,0.0,0.16176470588235295
71,12,54,0.0,0.0,0.5
71,13,66,0.0,0.0,0.25757575757575757
71,14,60,0.0,0.0,0.21666666666666667
71,15,54,0.0,-0.018518518518518517,0.5740740740740741
71,16,71,0.0,-0.704225352112676,0.704225352112676
71,17,60,0.0,0.0,0.3
71,18,66,0.6515151515151515,0.19696969696969696,0.21212121212121215
71,19,52,0.36538461538461536,0.36538461538461536,0.17307692307692307
71,20,92,0.05434782608695652,0.05434782608695652,0.05434782608695652
71,21,55,0.41818181818181815,-0.4727272727272727,0.4727272727272727
71,22,57,0.45614035087719296,0.45614035087719296,0.0
71,23,46,0.2608695652173913,0.2608695652173913,0.10869565217391303
71,24,48,0.125,0.125,0.2916666666666667
71,25,81,0.7037037037037037,0.7037037037037037,0.03703703703703698
71,26,73,0.5342465753424658,0.5342465753424658,0.0273972602739726
72,0,51,0.0,-0.0392156862745098,0.45098039215686275
72,1,45,0.0,-0.9777777777777777,0.9777777777777777
72,2,51,0.0,0.0,0.19607843137254902
72,3,54,0.0,0.0,0.42592592592592593
72,4,49,0.0,0.0,0.6530612244897959
72,5,53,0.0,0.0,0.1509433962264151
72,6,52,0.0,0.0,0.1346153846153846
72,7,58,0.0,0.0,0.034482758620689655
72,8,62,0.0,0.0,0.12903225806451613
72,9,66,0.0,-0.2727272727272727,0.6666666666666666
72,10,71,0.0,0.0,0.09859154929577464
72,11,68,0.0,0.0,0.16176470588235295
72,12,54,0.0,0.0,0.5
72,13,66,0.0,0.0,0.25757575757575757
72,14,60,0.0,0.0,0.21666666666666667
72,15,54,0.0,-0.018518518518518517,0.5740740740740741
72,16,71,0.0,-0.704225352112676,0.704225352112676
72,17,60,0.0,0.0,0.3
72,18,66,0.8484848484848485,0.393939393939394,0.015151515151515138
72,19,52,0.36538461538461536,0.36538461538461536,0.17307692307692307
72,20,92,0.043478260869565216,0.043478260869565216,0.06521739130434782
72,21,55,0.34545454545454546,-0.5454545454545454,0.5454545454545454
72,22,57,0.3333333333333333,0.3333333333333333,0.12280701754385964
72,23,46,0.30434782608695654,0.30434782608695654,0.06521739130434778
72,24,48,0.3541666666666667,0.3541666666666667,0.0625
72,25,81,0.6049382716049383,0.6049382716049383,0.1358024691358024
72,26,73,0.3972602739726027,0.3972602739726027,0.16438356164383566
73,0,51,0.0,-0.0392156862745098,0.45098039215686275
73,1,45,0.0,-0.9777777777777777,0.9777777777777777
73,2,51,0.0,0.0,0.19607843137254902
73,3,54,0.0,0.0,0.42592592592592593
73,4,49,0.0,0.0,0.6530612244897959
73,5,53,0.0,0.0,0.1509433962264151
73,6,52,0.0,0.0,0.1346153846153846
73,7,58,0.0,0.0,0.034482758620689655
73,8,62,0.0,0.0,0.12903225806451613
73,9,66,0.0,-0.2727272727272727,0.6666666666666666
73,10,71,0.0,0.0,0.09859154929577464
73,11,68,0.0,0.0,0.16176470588235295
73,12,54,0.0,0.0,0.5
73,13,66,0.0,0.0,0.25757575757575757
73,14,60,0.0,0.0,0.21666666666666667
73,15,54,0.0,-0.018518518518518517,0.5740740740740741
73,16,71,0.0,-0.704225352112676,0.704225352112676
73,17,60,0.0,0.0,0.3
73,18,66,0.4696969696969697,0.015151515151515194,0.3939393939393939
73,19,52,0.4230769230769231,0.4230769230769231,0.11538461538461536
73,20,92,0.05434782608695652,0.05434782608695652,0.05434782608695652
73,21,55,0.41818181818181815,-0.4727272727272727,0.4727272727272727
73,22,57,0.42105263157894735,0.42105263157894735,0.03508771929824561
73,23,46,0.2391304347826087,0.2391304347826087,0.13043478260869562
73,24,48,0.2708333333333333,0.2708333333333333,0.14583333333333337
73,25,81,0.6666666666666666,0.6666666666666666,0.07407407407407407
73,26,73,0.5068493150684932,0.5068493150684932,0.0547945205479452
74,0,51,0.0,-0.0392156862745098,0.45098039215686275
74,1,45,0.0,-0.9777777777777777,0.9777777777777777
74,2,51,0.0,0.0,0.19607843137254902
74,3,54,0.0,0.0,0.42592592592592593
74,4,49,0.0,0.0,0.6530612244897959
74,5,53,0.0,0.0,0.1509433962264151
74,6,52,0.0,0.0,0.1346153846153846
74,7,58,0.0,0.0,0.034482758620689655
74,8,62,0.0,0.0,0.12903225806451613
74,9,66,0.0,-0.2727272727272727,0.6666666666666666
74,10,71,0.0,0.0,0.09859154929577464
74,11,68,0.0,0.0,0.16176470588235295
74,12,54,0.0,0.0,0.5
74,13,66,0.0,0.0,0.25757575757575757
74,14,60,0.0,0.0,0.21666666666666667
74,15,54,0.0,-0.018518518518518517,0.5740740740740741
74,16,71,0.0,-0.704225352112676,0.704225352112676
74,17,60,0.0,0.0,0.3
74,18,66,0.6818181818181818,0.22727272727272724,0.18181818181818188
74,19,52,0.38461538461538464,0.38461538461538464,0.1538461538461538
74,20,92,0.05434782608695652,0.05434782608695652,0.05434782608695652
74,21,55,0.4727272727272727,-0.41818181818181815,0.41818181818181815
74,22,57,0.43859649122807015,0.43859649122807015,0.017543859649122806
74,23,46,0.3695652173913043,0.3695652173913043,0.0
74,24,48,0.2916666666666667,0.2916666666666667,0.125
74,25,81,0.5555555555555556,0.5555555555555556,0.18518518518518512
74,26,73,0.3972602739726027,0.3972602739726027,0.16438356164383566
75,0,51,0.0,-0.0392156862745098,0.45098039215686275
75,1,45,0.0,-0.9777777777777777,0.9777777777777777
75,2,51,0.0,0.0,0.19607843137254902
75,3,54,0.0,0.0,0.42592592592592593
75,4,49,0.0,0.0,0.6530612244897959
75,5,53,0.0,0.0,0.1509433962264151
75,6,52,0.0,0.0,0.1346153846153846
75,7,58,0.0,0.0,0.034482758620689655
75,8,62,0.0,0.0,0.12903225806451613
75,9,66,0.0,-0.2727272727272727,0.6666666666666666
75,10,71,0.0,0.0,0.09859154929577464
75,11,68,0.0,0.0,0.16176470588235295
75,12,54,0.0,0.0,0.5
75,13,66,0.0,0.0,0.25757575757575757
75,14,60,0.0,0.0,0.21666666666666667
75,15,54,0.0,-0.018518518518518517,0.5740740740740741
75,16,71,0.0,-0.704225352112676,0.704225352112676
75,17,60,0.0,0.0,0.3
75,18,66,0.8484848484848485,0.393939393939394,0.015151515151515138
75,19,52,0.36538461538461536,0.36538461538461536,0.17307692307692307
75,20,92,0.05434782608695652,0.05434782608695652,0.05434782608695652
75,21,55,0.45454545454545453,-0.43636363636363634,0.43636363636363634
75,22,57,0.2807017543859649,0.2807017543859649,0.17543859649122806
75,23,46,0.2608695652173913,0.2608695652173913,0.10869565217391303
75,24,48,0.2708333333333333,0.2708333333333333,0.14583333333333337
75,25,81,0.691358024691358,0.691358024691358,0.04938271604938271
75,26,73,0.4246575342465753,0.4246575342465753,0.13698630136986306
76,0,51,0.0,-0.0392156862745098,0.45098039215686275
76,1,45,0.0,-0.9777777777777777,0.9777777777777777
76,2,51,0.0,0.0,0.19607843137254902
76,3,54,0.0,0.0,0.42592592592592593
76,4,49,0.0,0.0,0.6530612244897959
76,5,53,0.0,0.0,0.1509433962264151
76,6,52,0.0,0.0,0.1346153846153846
76,7,58,0.0,0.0,0.034482758620689655
76,8,62,0.0,0.0,0.12903225806451613
76,9,66,0.0,-0.2727272727272727,0.6666666666666666
76,10,71,0.0,0.0,0.09859154929577464
76,11,68,0.0,0.0,0.16176470588235295
76,12,54,0.0,0.0,0.5
76,13,66,0.0,0.0,0.25757575757575757
76,14,60,0.0,0.0,0.21666666666666667
76,15,54,0.0,-0.018518518518518517,0.5740740740740741
76,16,71,0.0,-0.704225352112676,0.704225352112676
76,17,60,0.0,0.0,0.3
76,18,66,0.8636363636363636,0.4090909090909091,0.0
76,19,52,0.3076923076923077,0.3076923076923077,0.23076923076923073
76,20,92,0.043478260869565216,0.043478260869565216,0.06521739130434782
76,21,55,0.43636363636363634,-0.45454545454545453,0.45454545454545453
76,22,57,0.40350877192982454,0.40350877192982454,0.05263157894736842
76,23,46,0.2391304347826087,0.2391304347826087,0.13043478260869562
76,24,48,0.2916666666666667,0.2916666666666667,0.125
76,25,81,0.5802469135802469,0.5802469135802469,0.16049382716049376
76,26,73,0.3424657534246575,0.3424657534246575,0.21917808219178087
77,0,51,0.0,-0.0392156862745098,0.45098039215686275
77,1,45,0.0,-0.9777777777777777,0.9777777777777777
77,2,51,0.0,0.0,0.19607843137254902
77,3,54,0.0,0.0,0.42592592592592593
77,4,49,0.0,0.0,0.6530612244897959
77,5,53,0.0,0.0,0.1509433962264151
77,6,52,0.0,0.0,0.1346153846153846
77,7,58,0.0,0.0,0.034482758620689655
77,8,62,0.0,0.0,0.12903225806451613
77,9,66,0.0,-0.2727272727272727,0.6666666666666666
77,10,71,0.0,0.0,0.09859154929577464
77,11,68,0.0,0.0,0.16176470588235295
77,12,54,0.0,0.0,0.5
77,13,66,0.0,0.0,0.25757575757575757
77,14,60,0.0,0.0,0.21666666666666667
77,15,54,0.0,-0.018518518518518517,0.5740740740740741
77,16,71,0.0,-0.704225352112676,0.704225352112676
77,17,60,0.0,0.0,0.3
77,18,66,0.7575757575757576,0.30303030303030304,0.10606060606060608
77,19,52,0.34615384615384615,0.34615384615384615,0.1923076923076923
77,20,92,0.05434782608695652,0.05434782608695652,0.05434782608695652
77,21,55,0.4727272727272727,-0.41818181818181815,0.41818181818181815
77,22,57,0.3333333333333333,0.3333333333333333,0.12280701754385964
77,23,46,0.3695652173913043,0.3695652173913043,0.0
77,24,48,0.14583333333333334,0.14583333333333334,0.27083333333333337
77,25,81,0.6790123456790124,0.6790123456790124,0.061728395061728336
77,26,73,0.5205479452054794,0.5205479452054794,0.04109589041095896
78,0,51,0.0,-0.0392156862745098,0.45098039215686275
78,1,45,0.0,-0.9777777777777777,0.9777777777777777
78,2,51,0.0,0.0,0.19607843137254902
78,3,54,0.0,0.0,0.42592592592592593
78,4,49,0.0,0.0,0.6530612244897959
78,5,53,0.0,0.0,0.1509433962264151
78,6,52,0.0,0.0,0.1346153846153846
78,7,58,0.0,0.0,0.034482758620689655
78,8,62,0.0,0.0,0.12903225806451613
78,9,66,0.0,-0.2727272727272727,0.6666666666666666
78,10,71,0.0,0.0,0.09859154929577464
78,11,68,0.0,0.0,0.16176470588235295
78,12,54,0.0,0.0,0.5
78,13,66,0.0,0.0,0.25757575757575757
78,14,60,0.0,0.0,0.21666666666666667
78,15,54,0.0,-0.018518518518518517,0.5740740740740741
78,16,71,0.0,-0.704225352112676,0.704225352112676
78,17,60,0.0,0.0,0.3
78,18,66,0.8181818181818182,0.3636363636363637,0.045454545454545414
78,19,52,0.34615384615384615,0.34615384615384615,0.1923076923076923
78,20,92,0.05434782608695652,0.05434782608695652,0.05434782608695652
78,21,55,0.43636363636363634,-0.45454545454545453,0.45454545454545453
78,22,57,0.3333333333333333,0.3333333333333333,0.12280701754385964
78,23,46,0.2608695652173913,0.2608695652173913,0.10869565217391303
78,24,48,0.375,0.375,0.041666666666666685
78,25,81,0.5679012345679012,0.5679012345679012,0.1728395061728395
78,26,73,0.3424657534246575,0.3424657534246575,0.21917808219178087
79,0,51,0.0,-0.0392156862745098,0.45098039215686275
79,1,45,0.0,-0.9777777777777777,0.9777777777777777
79,2,51,0.0,0.0,0.19607843137254902
79,3,54,0.0,0.0,0.42592592592592593
79,4,49,0.0,0.0,0.6530612244897959
79,5,53,0.0,0.0,0.1509433962264151
79,6,52,0.0,0.0,0.1346153846153846
79,7,58,0.0,0.0,0.034482758620689655
79,8,62,0.0,0.0,0.12903225806451613
79,9,66,0.0,-0.2727272727272727,0.6666666666666666
79,10,71,0.0,0.0,0.09859154929577464
79,11,68,0.0,0.0,0.16176470588235295
79,12,54,0.0,0.0,0.5
79,13,66,0.0,0.0,0.25757575757575757
79,14,60,0.0,0.0,0.21666666666666667
79,15,54,0.0,-0.018518518518518517,0.5740740740740741
79,16,71,0.0,-0.704225352112676,0.704225352112676
79,17,60,0.0,0.0,0.3
79,18,66,0.7121212121212122,0.2575757575757576,0.1515151515151515
79,19,52,0.40384615384615385,0.40384615384615385,0.13461538461538458
79,20,92,0.05434782608695652,0.05434782608695652,0.05434782608695652
79,21,55,0.4909090909090909,-0.39999999999999997,0.39999999999999997
79,22,57,0.43859649122807015,0.43859649122807015,0.017543859649122806
79,23,46,0.32608695652173914,0.32608695652173914,0.04347826086956519
79,24,48,0.125,0.125,0.2916666666666667
79,25,81,0.654320987654321,0.654320987654321,0.08641975308641969
79,26,73,0.4657534246575342,0.4657534246575342,0.09589041095890416
80,0,51,0.0,-0.0392156862745098,0.45098039215686275
80,1,45,0.0,-0.9777777777777777,0.9777777777777777
80,2,51,0.0,0.0,0.19607843137254902
80,3,54,0.0,0.0,0.42592592592592593
80,4,49,0.0,0.0,0.6530612244897959
80,5,53,0.0,0.0,0.1509433962264151
80,6,52,0.0,0.0,0.1346153846153846
80,7,58,0.0,0.0,0.034482758620689655
80,8,62,0.0,0.0,0.12903225806451613
80,9,66,0.0,-0.2727272727272727,0.6666666666666666
80,10,71,0.0,0.0,0.09859154929577464
80,11,68,0.0,0.0,0.16176470588235295
80,12,54,0.0,0.0,0.5
80,13,66,0.0,0.0,0.25757575757575757
80,14,60,0.0,0.0,0.21666666666666667
80,15,54,0.0,-0.018518518518518517,0.5740740740740741
80,16,71,0.0,-0.704225352112676,0.704225352112676
80,17,60,0.0,0.0,0.3
80,18,66,0.8333333333333334,0.37878787878787884,0.030303030303030276
80,19,52,0.3076923076923077,0.3076923076923077,0.23076923076923073
80,20,92,0.06521739130434782,0.06521739130434782,0.043478260869565216
80,21,55,0.45454545454545453,-0.43636363636363634,0.43636363636363634
80,22,57,0.3157894736842105,0.3157894736842105,0.14035087719298245
80,23,46,0.2391304347826087,0.2391304347826087,0.13043478260869562
80,24,48,0.3958333333333333,0.3958333333333333,0.02083333333333337
80,25,81,0.6172839506172839,0.6172839506172839,0.12345679012345678
80,26,73,0.3150684931506849,0.3150684931506849,0.24657534246575347
81,0,51,0.0,-0.0392156862745098,0.45098039215686275
81,1,45,0.0,-0.9777777777777777,0.9777777777777777
81,2,51,0.0,0.0,0.19607843137254902
81,3,54,0.0,0.0,0.42592592592592593
81,4,49,0.0,0.0,0.6530612244897959
81,5,53,0.0,0.0,0.1509433962264151
81,6,52,0.0,0.0,0.1346153846153846
81,7,58,0.0,0.0,0.034482758620689655
81,8,62,0.0,0.0,0.12903225806451613
81,9,66,0.0,-0.2727272727272727,0.6666666666666666
81,10,71,0.0,0.0,0.09859154929577464
81,11,68,0.0,0.0,0.16176470588235295
81,12,54,0.0,0.0,0.5
81,13,66,0.0,0.0,0.25757575757575757
81,14,60,0.0,0.0,0.21666666666666667
81,15,54,0.0,-0.018518518518518517,0.5740740740740741
81,16,71,0.0,-0.704225352112676,0.704225352112676
81,17,60,0.0,0.0,0.3
81,18,66,0.7121212121212122,0.2575757575757576,0.1515151515151515
81,19,52,0.36538461538461536,0.36538461538461536,0.17307692307692307
81,20,92,0.05434782608695652,0.05434782608695652,0.05434782608695652
81,21,55,0.5272727272727272,-0.36363636363636365,0.36363636363636365
81,22,57,0.42105263157894735,0.42105263157894735,0.03508771929824561
81,23,46,0.3695652173913043,0.3695652173913043,0.0
81,24,48,0.125,0.125,0.2916666666666667
81,25,81,0.654320987654321,0.654320987654321,0.08641975308641969
81,26,73,0.4657534246575342,0.4657534246575342,0.09589041095890416
82,0,51,0.0,-0.0392156862745098,0.45098039215686275
82,1,45,0.0,-0.9777777777777777,0.9777777777777777
82,2,51,0.0,0.0,0.19607843137254902
82,3,54,0.0,0.0,0.42592592592592593
82,4,49,0.0,0.0,0.6530612244897959
82,5,53,0.0,0.0,0.1509433962264151
82,6,52,0.0,0.0,0.1346153846153846
82,7,58,0.0,0.0,0.034482758620689655
82,8,62,0.0,0.0,0.12903225806451613
82,9,66,0.0,-0.2727272727272727,0.6666666666666666
82,10,71,0.0,0.0,0.09859154929577464
82,11,68,0.0,0.0,0.16176470588235295
82,12,54,0.0,0.0,0.5
82,13,66,0.0,0.0,0.25757575757575757
82,14,60,0.0,0.0,0.21666666666666667
82,15,54,0.0,-0.018518518518518517,0.5740740740740741
82,16,71,0.0,-0.704225352112676,0.704225352112676
82,17,60,0.0,0.0,0.3
82,18,66,0.7878787878787878,0.3333333333333333,0.0757575757575758
82,19,52,0.38461538461538464,0.38461538461538464,0.1538461538461538
82,20,92,0.06521739130434782,0.06521739130434782,0.043478260869565216
82,21,55,0.41818181818181815,-0.4727272727272727,0.4727272727272727
82,22,57,0.3157894736842105,0.3157894736842105,0.14035087719298245
82,23,46,0.2391304347826087,0.2391304347826087,0.13043478260869562
82,24,48,0.3333333333333333,0.3333333333333333,0.08333333333333337
82,25,81,0.6172839506172839,0.6172839506172839,0.12345679012345678
82,26,73,0.3150684931506849,0.3150684931506849,0.24657534246575347
83,0,51,0.0,-0.0392156862745098,0.45098039215686275
83,1,45,0.0,-0.9777777777777777,0.9777777777777777
83,2,51,0.0,0.0,0.19607843137254902
83,3,54,0.0,0.0,0.42592592592592593
83,4,49,0.0,0.0,0.6530612244897959
83,5,53,0.0,0.0,0.1509433962264151
83,6,52,0.0,0.0,0.1346153846153846
83,7,58,0.0,0.0,0.034482758620689655
83,8,62,0.0,0.0,0.12903225806451613
83,9,66,0.0,-0.2727272727272727,0.6666666666666666
83,10,71,0.0,0.0,0.09859154929577464
83,11,68,0.0,0.0,0.16176470588235295
83,12,54,0.0,0.0,0.5
83,13,66,0.0,0.0,0.25757575757575757
83,14,60,0.0,0.0,0.21666666666666667
83,15,54,0.0,-0.018518518518518517,0.5740740740740741
83,16,71,0.0,-0.704225352112676,0.704225352112676
83,17,60,0.0,0.0,0.3
83,18,66,0.6818181818181818,0.22727272727272724,0.18181818181818188
83,19,52,0.36538461538461536,0.36538461538461536,0.17307692307692307
83,20,92,0.05434782608695652,0.05434782608695652,0.05434782608695652
83,21,55,0.43636363636363634,-0.45454545454545453,0.45454545454545453
83,22,57,0.43859649122807015,0.43859649122807015,0.017543859649122806
83,23,46,0.391304347826087,0.391304347826087,0.0
83,24,48,0.125,0.125,0.2916666666666667
83,25,81,0.654320987654321,0.654320987654321,0.08641975308641969
83,26,73,0.5205479452054794,0.5205479452054794,0.04109589041095896
84,0,51,0.0,-0.0392156862745098,0.45098039215686275
84,1,45,0.0,-0.9777777777777777,0.9777777777777777
84,2,51,0.0,0.0,0.19607843137254902
84,3,54,0.0,0.0,0.42592592592592593
84,4,49,0.0,0.0,0.6530612244897959
84,5,53,0.0,0.0,0.1509433962264151
84,6,52,0.0,0.0,0.1346153846153846
84,7,58,0.0,0.0,0.034482758620689655
84,8,62,0.0,0.0,0.12903225806451613
84,9,66,0.0,-0.2727272727272727,0.6666666666666666
84,10,71,0.0,0.0,0.09859154929577464
84,11,68,0.0,0.0,0.16176470588235295
84,12,54,0.0,0.0,0.5
84,13,66,0.0,0.0,0.25757575757575757
84,14,60,0.0,0.0,0.21666666666666667
84,15,54,0.0,-0.018518518518518517,0.5740740740740741
84,16,71,0.0,-0.704225352112676,0.704225352112676
84,17,60,0.0,0.0,0.3
84,18,66,0.8181818181818182,0.3636363636363637,0.045454545454545414
84,19,52,0.25,0.25,0.28846153846153844
84,20,92,0.07608695652173914,0.07608695652173914,0.032608695652173905
84,21,55,0.38181818181818183,-0.509090909090909,0.509090909090909
84,22,57,0.3508771929824561,0.3508771929824561,0.10526315789473684
84,23,46,0.3695652173913043,0.3695652173913043,0.02173913043478265
84,24,48,0.2916666666666667,0.2916666666666667,0.125
84,25,81,0.5679012345679012,0.5679012345679012,0.1728395061728395
84,26,73,0.273972602739726,0.273972602739726,0.28767123287671237
85,0,51,0.0,-0.0392156862745098,0.45098039215686275
85,1,45,0.0,-0.9777777777777777,0.9777777777777777
85,2,51,0.0,0.0,0.19607843137254902
85,3,54,0.0,0.0,0.42592592592592593
85,4,49,0.0,0.0,0.6530612244897959
85,5,53,0.0,0.0,0.1509433962264151
85,6,52,0.0,0.0,0.1346153846153846
85,7,58,0.0,0.0,0.034482758620689655
85,8,62,0.0,0.0,0.12903225806451613
85,9,66,0.0,-0.2727272727272727,0.6666666666666666
85,10,71,0.0,0.0,0.09859154929577464
85,11,68,0.0,0.0,0.16176470588235295
85,12,54,0.0,0.0,0.5
85,13,66,0.0,0.0,0.25757575757575757
85,14,60,0.0,0.0,0.21666666666666667
85,15,54,0.0,-0.018518518518518517,0.5740740740740741
85,16,71,0.0,-0.704225352112676,0.704225352112676
85,17,60,0.0,0.0,0.3
85,18,66,0.7424242424242424,0.2878787878787879,0.12121212121212122
85,19,52,0.3269230769230769,0.3269230769230769,0.2115384615384615
85,20,92,0.05434782608695652,0.05434782608695652,0.05434782608695652
85,21,55,0.5818181818181818,-0.3090909090909091,0.3090909090909091
85,22,57,0.43859649122807015,0.43859649122807015,0.017543859649122806
85,23,46,0.2608695652173913,0.2608695652173913,0.13043478260869568
85,24,48,0.22916666666666666,0.22916666666666666,0.18750000000000003
85,25,81,0.7283950617283951,0.7283950617283951,0.012345679012345623
85,26,73,0.5342465753424658,0.5342465753424658,0.0273972602739726
86,0,51,0.0,-0.0392156862745098,0.45098039215686275
86,1,45,0.0,-0.9777777777777777,0.9777777777777777
86,2,51,0.0,0.0,0.19607843137254902
86,3,54,0.0,0.0,0.42592592592592593
86,4,49,0.0,0.0,0.6530612244897959
86,5,53,0.0,0.0,0.1509433962264151
86,6,52,0.0,0.0,0.1346153846153846
86,7,58,0.0,0.0,0.034482758620689655
86,8,62,0.0,0.0,0.12903225806451613
86,9,66,0.0,-0.2727272727272727,0.6666666666666666
86,10,71,0.0,0.0,0.09859154929577464
86,11,68,0.0,0.0,0.16176470588235295
86,12,54,0.0,0.0,0.5
86,13,66,0.0,0.0,0.25757575757575757
86,14,60,0.0,0.0,0.21666666666666667
86,15,54,0.0,-0.018518518518518517,0.5740740740740741
86,16,71,0.0,-0.704225352112676,0.704225352112676
86,17,60,0.0,0.0,0.3
86,18,66,0.7424242424242424,0.2878787878787879,0.12121212121212122
86,19,52,0.40384615384615385,0.40384615384615385,0.13461538461538458
86,20,92,0.06521739130434782,0.06521739130434782,0.043478260869565216
86,21,55,0.45454545454545453,-0.43636363636363634,0.43636363636363634
86,22,57,0.40350877192982454,0.40350877192982454,0.05263157894736842
86,23,46,0.34782608695652173,0.34782608695652173,0.043478260869565244
86,24,48,0.2916666666666667,0.2916666666666667,0.125
86,25,81,0.691358024691358,0.691358024691358,0.04938271604938271
86,26,73,0.3013698630136986,0.3013698630136986,0.26027397260273977
87,0,51,0.0,-0.0392156862745098,0.45098039215686275
87,1,45,0.0,-0.9777777777777777,0.9777777777777777
87,2,51,0.0,0.0,0.19607843137254902
87,3,54,0.0,0.0,0.42592592592592593
87,4,49,0.0,0.0,0.6530612244897959
87,5,53,0.0,0.0,0.1509433962264151
87,6,52,0.0,0.0,0.1346153846153846
87,7,58,0.0,0.0,0.034482758620689655
87,8,62,0.0,0.0,0.12903225806451613
87,9,66,0.0,-0.2727272727272727,0.6666666666666666
87,10,71,0.0,0.0,0.09859154929577464
87,11,68,0.0,0.0,0.16176470588235295
87,12,54,0.0,0.0,0.5
87,13,66,0.0,0.0,0.25757575757575757
87,14,60,0.0,0.0,0.21666666666666667
87,15,54,0.0,-0.018518518518518517,0.5740740740740741
87,16,71,0.0,-0.704225352112676,0.704225352112676
87,17,60,0.0,0.0,0.3
87,18,66,0.8484848484848485,0.393939393939394,0.015151515151515138
87,19,52,0.28846153846153844,0.28846153846153844,0.25
87,20,92,0.05434782608695652,0.05434782608695652,0.05434782608695652
87,21,55,0.5818181818181818,-0.3090909090909091,0.3090909090909091
87,22,57,0.45614035087719296,0.45614035087719296,0.0
87,23,46,0.2391304347826087,0.2391304347826087,0.15217391304347827
87,24,48,0.2916666666666667,0.2916666666666667,0.125
87,25,81,0.6666666666666666,0.6666666666666666,0.07407407407407407
87,26,73,0.4520547945205479,0.4520547945205479,0.10958904109589046
88,0,51,0.0,-0.0392156862745098,0.45098039215686275
88,1,45,0.0,-0.9777777777777777,0.9777777777777777
88,2,51,0.0,0.0,0.19607843137254902
88,3,54,0.0,0.0,0.42592592592592593
88,4,49,0.0,0.0,0.6530612244897959
88,5,53,0.0,0.0,0.1509433962264151
88,6,52,0.0,0.0,0.1346153846153846
88,7,58,0.0,0.0,0.034482758620689655
88,8,62,0.0,0.0,0.12903225806451613
88,9,66,0.0,-0.2727272727272727,0.6666666666666666
88,10,71,0.0,0.0,0.09859154929577464
88,11,68,0.0,0.0,0.16176470588235295
88,12,54,0.0,0.0,0.5
88,13,66,0.0,0.0,0.25757575757575757
88,14,60,0.0,0.0,0.21666666666666667
88,15,54,0.0,-0.018518518518518517,0.5740740740740741
88,16,71,0.0,-0.704225352112676,0.704225352112676
88,17,60,0.0,0.0,0.3
88,18,66,0.7727272727272727,0.3181818181818182,0.09090909090909094
88,19,52,0.36538461538461536,0.36538461538461536,0.17307692307692307
88,20,92,0.05434782608695652,0.05434782608695652,0.05434782608695652
88,21,55,0.43636363636363634,-0.45454545454545453,0.45454545454545453
88,22,57,0.40350877192982454,0.40350877192982454,0.05263157894736842
88,23,46,0.32608695652173914,0.32608695652173914,0.06521739130434784
88,24,48,0.3125,0.3125,0.10416666666666669
88,25,81,0.7160493827160493,0.7160493827160493,0.024691358024691357
88,26,73,0.3287671232876712,0.3287671232876712,0.23287671232876717
89,0,51,0.0,-0.0392156862745098,0.45098039215686275
89,1,45,0.0,-0.9777777777777777,0.9777777777777777
89,2,51,0.0,0.0,0.19607843137254902
89,3,54,0.0,0.0,0.42592592592592593
89,4,49,0.0,0.0,0.6530612244897959
89,5,53,0.0,0.0,0.1509433962264151
89,6,52,0.0,0.0,0.1346153846153846
89,7,58,0.0,0.0,0.034482758620689655
89,8,62,0.0,0.0,0.12903225806451613
89,9,66,0.0,-0.2727272727272727,0.6666666666666666
89,10,71,0.0,0.0,0.09859154929577464
89,11,68,0.0,0.0,0.16176470588235295
89,12,54,0.0,0.0,0.5
89,13,66,0.0,0.0,0.25757575757575757
89,14,60,0.0,0.0,0.21666666666666667
89,15,54,0.0,-0.018518518518518517,0.5740740740740741
89,16,71,0.0,-0.704225352112676,0.704225352112676
89,17,60,0.0,0.0,0.3
89,18,66,0.8636363636363636,0.4090909090909091,0.0
89,19,52,0.3269230769230769,0.3269230769230769,0.2115384615384615
89,20,92,0.06521739130434782,0.06521739130434782,0.043478260869565216
89,21,55,0.5454545454545454,-0.34545454545454546,0.34545454545454546
89,22,57,0.43859649122807015,0.43859649122807015,0.017543859649122806
89,23,46,0.30434782608695654,0.30434782608695654,0.08695652173913043
89,24,48,0.3125,0.3125,0.10416666666666669
89,25,81,0.7283950617283951,0.7283950617283951,0.012345679012345623
89,26,73,0.3835616438356164,0.3835616438356164,0.17808219178082196
90,0,51,0.0,-0.0392156862745098,0.45098039215686275
90,1,45,0.0,-0.9777777777777777,0.9777777777777777
90,2,51,0.0,0.0,0.19607843137254902
90,3,54,0.0,0.0,0.42592592592592593
90,4,49,0.0,0.0,0.6530612244897959
90,5,53,0.0,0.0,0.1509433962264151
90,6,52,0.0,0.0,0.1346153846153846
90,7,58,0.0,0.0,0.034482758620689655
90,8,62,0.0,0.0,0.12903225806451613
90,9,66,0.0,-0.2727272727272727,0.6666666666666666
90,10,71,0.0,0.0,0.09859154929577464
90,11,68,0.0,0.0,0.16176470588235295
90,12,54,0.0,0.0,0.5
90,13,66,0.0,0.0,0.25757575757575757
90,14,60,0.0,0.0,0.21666666666666667
90,15,54,0.0,-0.018518518518518517,0.5740740740740741
90,16,71,0.0,-0.704225352112676,0.704225352112676
90,17,60,0.0,0.0,0.3
90,18,66,0.803030303030303,0.34848484848484845,0.06060606060606066
90,19,52,0.3269230769230769,0.3269230769230769,0.2115384615384615
90,20,92,0.06521739130434782,0.06521739130434782,0.043478260869565216
90,21,55,0.5636363636363636,-0.32727272727272727,0.32727272727272727
90,22,57,0.45614035087719296,0.45614035087719296,0.0
90,23,46,0.2391304347826087,0.2391304347826087,0.15217391304347827
90,24,48,0.3125,0.3125,0.10416666666666669
90,25,81,0.6419753086419753,0.6419753086419753,0.09876543209876543
90,26,73,0.4383561643835616,0.4383561643835616,0.12328767123287676
