round,class_id,n,acc,bwt,forgetting
1,0,51,0.0,,
1,1,45,1.0,,
1,2,51,0.0,,
1,3,54,0.0,,
1,4,49,0.0,,
1,5,53,0.0,,
1,6,52,0.0,,
1,7,58,0.0,,
1,8,62,0.0,,
2,0,51,0.45098039215686275,0.45098039215686275,0.0
2,1,45,0.7111111111111111,-0.28888888888888886,0.28888888888888886
2,2,51,0.0,0.0,0.0
2,3,54,0.0,0.0,0.0
2,4,49,0.0,0.0,0.0
2,5,53,0.0,0.0,0.0
2,6,52,0.0,0.0,0.0
2,7,58,0.0,0.0,0.0
2,8,62,0.0,0.0,0.0
3,0,51,0.23529411764705882,0.23529411764705882,0.21568627450980393
3,1,45,0.6888888888888889,-0.3111111111111111,0.3111111111111111
3,2,51,0.0,0.0,0.0
3,3,54,0.0,0.0,0.0
3,4,49,0.14285714285714285,0.14285714285714285,0.0
3,5,53,0.0,0.0,0.0
3,6,52,0.0,0.0,0.0
3,7,58,0.0,0.0,0.0
3,8,62,0.0,0.0,0.0
4,0,51,0.23529411764705882,0.23529411764705882,0.21568627450980393
4,1,45,0.4666666666666667,-0.5333333333333333,0.5333333333333333
4,2,51,0.0196078431372549,0.0196078431372549,0.0
4,3,54,0.2037037037037037,0.2037037037037037,0.0
4,4,49,0.2857142857142857,0.2857142857142857,0.0
4,5,53,0.16981132075471697,0.16981132075471697,0.0
4,6,52,0.1346153846153846,0.1346153846153846,0.0
4,7,58,0.017241379310344827,0.017241379310344827,0.0
4,8,62,0.16129032258064516,0.16129032258064516,0.0
5,0,51,0.3333333333333333,0.3333333333333333,0.11764705882352944
5,1,45,0.5777777777777777,-0.4222222222222223,0.4222222222222223
5,2,51,0.0,0.0,0.0196078431372549
5,3,54,0.25925925925925924,0.25925925925925924,0.0
5,4,49,0.22448979591836735,0.22448979591836735,0.06122448979591835
5,5,53,0.09433962264150944,0.09433962264150944,0.07547169811320753
5,6,52,0.09615384615384616,0.09615384615384616,0.03846153846153845
5,7,58,0.0,0.0,0.017241379310344827
5,8,62,0.12903225806451613,0.12903225806451613,0.03225806451612903
6,0,51,0.3137254901960784,0.3137254901960784,0.13725490196078433
6,1,45,0.4444444444444444,-0.5555555555555556,0.5555555555555556
6,2,51,0.0,0.0,0.0196078431372549
6,3,54,0.24074074074074073,0.24074074074074073,0.018518518518518517
6,4,49,0.30612244897959184,0.30612244897959184,0.0
6,5,53,0.09433962264150944,0.09433962264150944,0.07547169811320753
6,6,52,0.19230769230769232,0.19230769230769232,0.0
6,7,58,0.0,0.0,0.017241379310344827
6,8,62,0.24193548387096775,0.24193548387096775,0.0
7,0,51,0.3333333333333333,0.3333333333333333,0.11764705882352944
7,1,45,0.5555555555555556,-0.4444444444444444,0.4444444444444444
7,2,51,0.0,0.0,0.0196078431372549
7,3,54,0.25925925925925924,0.25925925925925924,0.0
7,4,49,0.40816326530612246,0.40816326530612246,0.0
7,5,53,0.07547169811320754,0.07547169811320754,0.09433962264150943
7,6,52,0.11538461538461539,0.11538461538461539,0.07692307692307693
7,7,58,0.0,0.0,0.017241379310344827
7,8,62,0.0967741935483871,0.0967741935483871,0.14516129032258066
8,0,51,0.29411764705882354,0.29411764705882354,0.1568627450980392
8,1,45,0.5111111111111111,-0.48888888888888893,0.48888888888888893
8,2,51,0.0,0.0,0.0196078431372549
8,3,54,0.2962962962962963,0.2962962962962963,0.0
8,4,49,0.42857142857142855,0.42857142857142855,0.0
8,5,53,0.09433962264150944,0.09433962264150944,0.07547169811320753
8,6,52,0.11538461538461539,0.11538461538461539,0.07692307692307693
8,7,58,0.034482758620689655,0.034482758620689655,0.0
8,8,62,0.11290322580645161,0.11290322580645161,0.12903225806451613
9,0,51,0.37254901960784315,0.37254901960784315,0.0784313725490196
9,1,45,0.4444444444444444,-0.5555555555555556,0.5555555555555556
9,2,51,0.0,0.0,0.0196078431372549
9,3,54,0.3333333333333333,0.3333333333333333,0.0
9,4,49,0.3877551020408163,0.3877551020408163,0.040816326530612235
9,5,53,0.07547169811320754,0.07547169811320754,0.09433962264150943
9,6,52,0.09615384615384616,0.09615384615384616,0.09615384615384616
9,7,58,0.034482758620689655,0.034482758620689655,0.0
9,8,62,0.16129032258064516,0.16129032258064516,0.08064516129032259
10,0,51,0.27450980392156865,0.27450980392156865,0.1764705882352941
10,1,45,0.4888888888888889,-0.5111111111111111,0.5111111111111111
10,2,51,0.11764705882352941,0.11764705882352941,0.0
10,3,54,0.25925925925925924,0.25925925925925924,0.07407407407407407
10,4,49,0.42857142857142855,0.42857142857142855,0.0
10,5,53,0.05660377358490566,0.05660377358490566,0.11320754716981131
10,6,52,0.09615384615384616,0.09615384615384616,0.09615384615384616
10,7,58,0.034482758620689655,0.034482758620689655,0.0
10,8,62,0.08064516129032258,0.08064516129032258,0.16129032258064518
11,0,51,0.0196078431372549,0.0196078431372549,0.43137254901960786
11,1,45,0.0,-1.0,1.0
11,2,51,0.0,0.0,0.11764705882352941
11,3,54,0.0,0.0,0.3333333333333333
11,4,49,0.0,0.0,0.42857142857142855
11,5,53,0.0,0.0,0.16981132075471697
11,6,52,0.0,0.0,0.19230769230769232
11,7,58,0.0,0.0,0.034482758620689655
11,8,62,0.0,0.0,0.24193548387096775
11,9,66,0.12121212121212122,,
11,10,71,0.07042253521126761,,
11,11,68,0.029411764705882353,,
11,12,54,0.12962962962962962,,
11,13,66,0.4393939393939394,,
11,14,60,0.016666666666666666,,
11,15,54,0.0,,
11,16,71,0.028169014084507043,,
11,17,60,0.2833333333333333,,
12,0,51,0.27450980392156865,0.27450980392156865,0.1764705882352941
12,1,45,0.2,-0.8,0.8
12,2,51,0.13725490196078433,0.13725490196078433,0.0
12,3,54,0.0,0.0,0.3333333333333333
12,4,49,0.2857142857142857,0.2857142857142857,0.14285714285714285
12,5,53,0.2641509433962264,0.2641509433962264,0.0
12,6,52,0.09615384615384616,0.09615384615384616,0.09615384615384616
12,7,58,0.1206896551724138,0.1206896551724138,0.0
12,8,62,0.14516129032258066,0.14516129032258066,0.0967741935483871
12,9,66,0.13636363636363635,0.015151515151515138,0.0
12,10,71,0.04225352112676056,-0.028169014084507046,0.028169014084507046
12,11,68,0.029411764705882353,0.0,0.0
12,12,54,0.1111111111111111,-0.018518518518518517,0.018518518518518517
12,13,66,0.015151515151515152,-0.42424242424242425,0.42424242424242425
12,14,60,0.08333333333333333,0.06666666666666667,0.0
12,15,54,0.07407407407407407,0.07407407407407407,0.0
12,16,71,0.15492957746478872,0.1267605633802817,0.0
12,17,60,0.05,-0.23333333333333334,0.23333333333333334
13,0,51,0.1568627450980392,0.1568627450980392,0.29411764705882354
13,1,45,0.13333333333333333,-0.8666666666666667,0.8666666666666667
13,2,51,0.13725490196078433,0.13725490196078433,0.0
13,3,54,0.0,0.0,0.3333333333333333
13,4,49,0.2653061224489796,0.2653061224489796,0.16326530612244894
13,5,53,0.2830188679245283,0.2830188679245283,0.0
13,6,52,0.038461538461538464,0.038461538461538464,0.15384615384615385
13,7,58,0.05172413793103448,0.05172413793103448,0.06896551724137931
13,8,62,0.16129032258064516,0.16129032258064516,0.08064516129032259
13,9,66,0.15151515151515152,0.030303030303030304,0.0
13,10,71,0.09859154929577464,0.028169014084507032,0.0
13,11,68,0.11764705882352941,0.08823529411764705,0.0
13,12,54,0.16666666666666666,0.037037037037037035,0.0
13,13,66,0.12121212121212122,-0.3181818181818182,0.3181818181818182
13,14,60,0.06666666666666667,0.05,0.016666666666666663
13,15,54,0.037037037037037035,0.037037037037037035,0.037037037037037035
13,16,71,0.16901408450704225,0.14084507042253522,0.0
13,17,60,0.06666666666666667,-0.21666666666666667,0.21666666666666667
14,0,51,0.17647058823529413,0.17647058823529413,0.27450980392156865
14,1,45,0.15555555555555556,-0.8444444444444444,0.8444444444444444
14,2,51,0.11764705882352941,0.11764705882352941,0.019607843137254916
14,3,54,0.0,0.0,0.3333333333333333
14,4,49,0.22448979591836735,0.22448979591836735,0.2040816326530612
14,5,53,0.22641509433962265,0.22641509433962265,0.05660377358490565
14,6,52,0.0,0.0,0.19230769230769232
14,7,58,0.06896551724137931,0.06896551724137931,0.05172413793103449
14,8,62,0.16129032258064516,0.16129032258064516,0.08064516129032259
14,9,66,0.15151515151515152,0.030303030303030304,0.0
14,10,71,0.11267605633802817,0.04225352112676056,0.0
14,11,68,0.14705882352941177,0.11764705882352941,0.0
14,12,54,0.18518518518518517,0.05555555555555555,0.0
14,13,66,0.12121212121212122,-0.3181818181818182,0.3181818181818182
14,14,60,0.06666666666666667,0.05,0.016666666666666663
14,15,54,0.037037037037037035,0.037037037037037035,0.037037037037037035
14,16,71,0.16901408450704225,0.14084507042253522,0.0
14,17,60,0.08333333333333333,-0.2,0.2
15,0,51,0.1568627450980392,0.1568627450980392,0.29411764705882354
15,1,45,0.1111111111111111,-0.8888888888888888,0.8888888888888888
15,2,51,0.09803921568627451,0.09803921568627451,0.03921568627450982
15,3,54,0.018518518518518517,0.018518518518518517,0.31481481481481477
15,4,49,0.20408163265306123,0.20408163265306123,0.22448979591836732
15,5,53,0.22641509433962265,0.22641509433962265,0.05660377358490565
15,6,52,0.019230769230769232,0.019230769230769232,0.17307692307692307
15,7,58,0.13793103448275862,0.13793103448275862,0.0
15,8,62,0.14516129032258066,0.14516129032258066,0.0967741935483871
15,9,66,0.16666666666666666,0.04545454545454544,0.0
15,10,71,0.09859154929577464,0.028169014084507032,0.01408450704225353
15,11,68,0.08823529411764706,0.05882352941176471,0.058823529411764705
15,12,54,0.14814814814814814,0.018518518518518517,0.037037037037037035
15,13,66,0.10606060606060606,-0.3333333333333333,0.3333333333333333
15,14,60,0.05,0.03333333333333334,0.033333333333333326
15,15,54,0.07407407407407407,0.07407407407407407,0.0
15,16,71,0.19718309859154928,0.16901408450704225,0.0
15,17,60,0.13333333333333333,-0.15,0.15
16,0,51,0.17647058823529413,0.17647058823529413,0.27450980392156865
16,1,45,0.17777777777777778,-0.8222222222222222,0.8222222222222222
16,2,51,0.13725490196078433,0.13725490196078433,0.0
16,3,54,0.018518518518518517,0.018518518518518517,0.31481481481481477
16,4,49,0.2653061224489796,0.2653061224489796,0.16326530612244894
16,5,53,0.22641509433962265,0.22641509433962265,0.05660377358490565
16,6,52,0.038461538461538464,0.038461538461538464,0.15384615384615385
16,7,58,0.1206896551724138,0.1206896551724138,0.01724137931034482
16,8,62,0.12903225806451613,0.12903225806451613,0.11290322580645162
16,9,66,0.16666666666666666,0.04545454545454544,0.0
16,10,71,0.08450704225352113,0.014084507042253516,0.028169014084507046
16,11,68,0.14705882352941177,0.11764705882352941,0.0
16,12,54,0.1111111111111111,-0.018518518518518517,0.07407407407407407
16,13,66,0.10606060606060606,-0.3333333333333333,0.3333333333333333
16,14,60,0.06666666666666667,0.05,0.016666666666666663
16,15,54,0.07407407407407407,0.07407407407407407,0.0
16,16,71,0.14084507042253522,0.11267605633802817,0.056338028169014065
16,17,60,0.15,-0.13333333333333333,0.13333333333333333
17,0,51,0.13725490196078433,0.13725490196078433,0.3137254901960784
17,1,45,0.13333333333333333,-0.8666666666666667,0.8666666666666667
17,2,51,0.0196078431372549,0.0196078431372549,0.11764705882352942
17,3,54,0.037037037037037035,0.037037037037037035,0.2962962962962963
17,4,49,0.22448979591836735,0.22448979591836735,0.2040816326530612
17,5,53,0.18867924528301888,0.18867924528301888,0.09433962264150941
17,6,52,0.057692307692307696,0.057692307692307696,0.13461538461538464
17,7,58,0.15517241379310345,0.15517241379310345,0.0
17,8,62,0.16129032258064516,0.16129032258064516,0.08064516129032259
17,9,66,0.16666666666666666,0.04545454545454544,0.0
17,10,71,0.04225352112676056,-0.028169014084507046,0.07042253521126761
17,11,68,0.11764705882352941,0.08823529411764705,0.02941176470588236
17,12,54,0.14814814814814814,0.018518518518518517,0.037037037037037035
17,13,66,0.10606060606060606,-0.3333333333333333,0.3333333333333333
17,14,60,0.06666666666666667,0.05,0.016666666666666663
17,15,54,0.09259259259259259,0.09259259259259259,0.0
17,16,71,0.15492957746478872,0.1267605633802817,0.04225352112676056
17,17,60,0.16666666666666666,-0.11666666666666667,0.11666666666666667
18,0,51,0.1568627450980392,0.1568627450980392,0.29411764705882354
18,1,45,0.13333333333333333,-0.8666666666666667,0.8666666666666667
18,2,51,0.13725490196078433,0.13725490196078433,0.0
18,3,54,0.037037037037037035,0.037037037037037035,0.2962962962962963
18,4,49,0.24489795918367346,0.24489795918367346,0.18367346938775508
18,5,53,0.16981132075471697,0.16981132075471697,0.11320754716981132
18,6,52,0.07692307692307693,0.07692307692307693,0.11538461538461539
18,7,58,0.20689655172413793,0.20689655172413793,0.0
18,8,62,0.11290322580645161,0.11290322580645161,0.12903225806451613
18,9,66,0.16666666666666666,0.04545454545454544,0.0
18,10,71,0.07042253521126761,0.0,0.04225352112676056
18,11,68,0.07352941176470588,0.04411764705882353,0.07352941176470588
18,12,54,0.14814814814814814,0.018518518518518517,0.037037037037037035
18,13,66,0.10606060606060606,-0.3333333333333333,0.3333333333333333
18,14,60,0.06666666666666667,0.05,0.016666666666666663
18,15,54,0.1111111111111111,0.1111111111111111,0.0
18,16,71,0.14084507042253522,0.11267605633802817,0.056338028169014065
18,17,60,0.18333333333333332,-0.1,0.1
19,0,51,0.1568627450980392,0.1568627450980392,0.29411764705882354
19,1,45,0.13333333333333333,-0.8666666666666667,0.8666666666666667
19,2,51,0.0784313725490196,0.0784313725490196,0.05882352941176472
19,3,54,0.037037037037037035,0.037037037037037035,0.2962962962962963
19,4,49,0.2653061224489796,0.2653061224489796,0.16326530612244894
19,5,53,0.18867924528301888,0.18867924528301888,0.09433962264150941
19,6,52,0.1346153846153846,0.1346153846153846,0.05769230769230771
19,7,58,0.20689655172413793,0.20689655172413793,0.0
19,8,62,0.12903225806451613,0.12903225806451613,0.11290322580645162
19,9,66,0.16666666666666666,0.04545454545454544,0.0
19,10,71,0.08450704225352113,0.014084507042253516,0.028169014084507046
19,11,68,0.07352941176470588,0.04411764705882353,0.07352941176470588
19,12,54,0.05555555555555555,-0.07407407407407407,0.12962962962962962
19,13,66,0.09090909090909091,-0.3484848484848485,0.3484848484848485
19,14,60,0.05,0.03333333333333334,0.033333333333333326
19,15,54,0.14814814814814814,0.14814814814814814,0.0
19,16,71,0.18309859154929578,0.15492957746478875,0.014084507042253502
19,17,60,0.16666666666666666,-0.11666666666666667,0.11666666666666667
20,0,51,0.1568627450980392,0.1568627450980392,0.29411764705882354
20,1,45,0.17777777777777778,-0.8222222222222222,0.8222222222222222
20,2,51,0.09803921568627451,0.09803921568627451,0.03921568627450982
20,3,54,0.05555555555555555,0.05555555555555555,0.2777777777777778
20,4,49,0.2653061224489796,0.2653061224489796,0.16326530612244894
20,5,53,0.20754716981132076,0.20754716981132076,0.07547169811320753
20,6,52,0.1346153846153846,0.1346153846153846,0.05769230769230771
20,7,58,0.1896551724137931,0.1896551724137931,0.017241379310344834
20,8,62,0.14516129032258066,0.14516129032258066,0.0967741935483871
20,9,66,0.15151515151515152,0.030303030303030304,0.015151515151515138
20,10,71,0.08450704225352113,0.014084507042253516,0.028169014084507046
20,11,68,0.08823529411764706,0.05882352941176471,0.058823529411764705
20,12,54,0.09259259259259259,-0.037037037037037035,0.09259259259259259
20,13,66,0.07575757575757576,-0.36363636363636365,0.36363636363636365
20,14,60,0.06666666666666667,0.05,0.016666666666666663
20,15,54,0.16666666666666666,0.16666666666666666,0.0
20,16,71,0.18309859154929578,0.15492957746478875,0.014084507042253502
20,17,60,0.18333333333333332,-0.1,0.1
21,0,51,0.17647058823529413,0.17647058823529413,0.27450980392156865
21,1,45,0.26666666666666666,-0.7333333333333334,0.7333333333333334
21,2,51,0.0,0.0,0.13725490196078433
21,3,54,0.018518518518518517,0.018518518518518517,0.31481481481481477
21,4,49,0.20408163265306123,0.20408163265306123,0.22448979591836732
21,5,53,0.18867924528301888,0.18867924528301888,0.09433962264150941
21,6,52,0.019230769230769232,0.019230769230769232,0.17307692307692307
21,7,58,0.05172413793103448,0.05172413793103448,0.15517241379310345
21,8,62,0.14516129032258066,0.14516129032258066,0.0967741935483871
21,9,66,0.19696969696969696,0.07575757575757575,0.0
21,10,71,0.0,-0.07042253521126761,0.11267605633802817
21,11,68,0.0,-0.029411764705882353,0.14705882352941177
21,12,54,0.018518518518518517,-0.1111111111111111,0.16666666666666666
21,13,66,0.07575757575757576,-0.36363636363636365,0.36363636363636365
21,14,60,0.0,-0.016666666666666666,0.08333333333333333
21,15,54,0.037037037037037035,0.037037037037037035,0.12962962962962962
21,16,71,0.08450704225352113,0.05633802816901408,0.11267605633802816
21,17,60,0.05,-0.23333333333333334,0.23333333333333334
21,18,66,0.4393939393939394,,
21,19,52,0.038461538461538464,,
21,20,92,0.03260869565217391,,
21,21,55,0.2,,
21,22,57,0.0,,
21,23,46,0.30434782608695654,,
21,24,48,0.08333333333333333,,
21,25,81,0.14814814814814814,,
21,26,73,0.0273972602739726,,
22,0,51,0.17647058823529413,0.17647058823529413,0.27450980392156865
22,1,45,0.17777777777777778,-0.8222222222222222,0.8222222222222222
22,2,51,0.0,0.0,0.13725490196078433
22,3,54,0.037037037037037035,0.037037037037037035,0.2962962962962963
22,4,49,0.1836734693877551,0.1836734693877551,0.24489795918367344
22,5,53,0.2641509433962264,0.2641509433962264,0.018867924528301883
22,6,52,0.07692307692307693,0.07692307692307693,0.11538461538461539
22,7,58,0.15517241379310345,0.15517241379310345,0.051724137931034475
22,8,62,0.06451612903225806,0.06451612903225806,0.1774193548387097
22,9,66,0.18181818181818182,0.06060606060606061,0.015151515151515138
22,10,71,0.0,-0.07042253521126761,0.11267605633802817
22,11,68,0.11764705882352941,0.08823529411764705,0.02941176470588236
22,12,54,0.14814814814814814,0.018518518518518517,0.037037037037037035
22,13,66,0.10606060606060606,-0.3333333333333333,0.3333333333333333
22,14,60,0.08333333333333333,0.06666666666666667,0.0
22,15,54,0.14814814814814814,0.14814814814814814,0.018518518518518517
22,16,71,0.08450704225352113,0.05633802816901408,0.11267605633802816
22,17,60,0.18333333333333332,-0.1,0.1
22,18,66,0.3333333333333333,-0.10606060606060608,0.10606060606060608
22,19,52,0.057692307692307696,0.019230769230769232,0.0
22,20,92,0.03260869565217391,0.0,0.0
22,21,55,0.12727272727272726,-0.07272727272727275,0.07272727272727275
22,22,57,0.17543859649122806,0.17543859649122806,0.0
22,23,46,0.32608695652173914,0.021739130434782594,0.0
22,24,48,0.1875,0.10416666666666667,0.0
22,25,81,0.14814814814814814,0.0,0.0
22,26,73,0.1095890410958904,0.0821917808219178,0.0
23,0,51,0.17647058823529413,0.17647058823529413,0.27450980392156865
23,1,45,0.15555555555555556,-0.8444444444444444,0.8444444444444444
23,2,51,0.0,0.0,0.13725490196078433
23,3,54,0.05555555555555555,0.05555555555555555,0.2777777777777778
23,4,49,0.16326530612244897,0.16326530612244897,0.26530612244897955
23,5,53,0.16981132075471697,0.16981132075471697,0.11320754716981132
23,6,52,0.057692307692307696,0.057692307692307696,0.13461538461538464
23,7,58,0.13793103448275862,0.13793103448275862,0.06896551724137931
23,8,62,0.12903225806451613,0.12903225806451613,0.11290322580645162
23,9,66,0.19696969696969696,0.07575757575757575,0.0
23,10,71,0.0,-0.07042253521126761,0.11267605633802817
23,11,68,0.16176470588235295,0.1323529411764706,0.0
23,12,54,0.1111111111111111,-0.018518518518518517,0.07407407407407407
23,13,66,0.06060606060606061,-0.3787878787878788,0.3787878787878788
23,14,60,0.03333333333333333,0.016666666666666666,0.049999999999999996
23,15,54,0.18518518518518517,0.18518518518518517,0.0
23,16,71,0.04225352112676056,0.01408450704225352,0.15492957746478872
23,17,60,0.06666666666666667,-0.21666666666666667,0.21666666666666667
23,18,66,0.3787878787878788,-0.06060606060606061,0.06060606060606061
23,19,52,0.057692307692307696,0.019230769230769232,0.0
23,20,92,0.043478260869565216,0.010869565217391304,0.0
23,21,55,0.21818181818181817,0.01818181818181816,0.0
23,22,57,0.19298245614035087,0.19298245614035087,0.0
23,23,46,0.41304347826086957,0.10869565217391303,0.0
23,24,48,0.10416666666666667,0.020833333333333343,0.08333333333333333
23,25,81,0.19753086419753085,0.04938271604938271,0.0
23,26,73,0.2054794520547945,0.1780821917808219,0.0
24,0,51,0.19607843137254902,0.19607843137254902,0.2549019607843137
24,1,45,0.2,-0.8,0.8
24,2,51,0.0,0.0,0.13725490196078433
24,3,54,0.05555555555555555,0.05555555555555555,0.2777777777777778
24,4,49,0.1836734693877551,0.1836734693877551,0.24489795918367344
24,5,53,0.18867924528301888,0.18867924528301888,0.09433962264150941
24,6,52,0.07692307692307693,0.07692307692307693,0.11538461538461539
24,7,58,0.1896551724137931,0.1896551724137931,0.017241379310344834
24,8,62,0.08064516129032258,0.08064516129032258,0.16129032258064518
24,9,66,0.16666666666666666,0.04545454545454544,0.030303030303030304
24,10,71,0.0,-0.07042253521126761,0.11267605633802817
24,11,68,0.07352941176470588,0.04411764705882353,0.08823529411764706
24,12,54,0.14814814814814814,0.018518518518518517,0.037037037037037035
24,13,66,0.045454545454545456,-0.3939393939393939,0.3939393939393939
24,14,60,0.03333333333333333,0.016666666666666666,0.049999999999999996
24,15,54,0.3333333333333333,0.3333333333333333,0.0
24,16,71,0.09859154929577464,0.0704225352112676,0.09859154929577464
24,17,60,0.11666666666666667,-0.16666666666666666,0.16666666666666666
24,18,66,0.3181818181818182,-0.12121212121212122,0.12121212121212122
24,19,52,0.038461538461538464,0.0,0.019230769230769232
24,20,92,0.043478260869565216,0.010869565217391304,0.0
24,21,55,0.2909090909090909,0.09090909090909088,0.0
24,22,57,0.24561403508771928,0.24561403508771928,0.0
24,23,46,0.3695652173913043,0.06521739130434778,0.043478260869565244
24,24,48,0.10416666666666667,0.020833333333333343,0.08333333333333333
24,25,81,0.18518518518518517,0.037037037037037035,0.012345679012345678
24,26,73,0.3287671232876712,0.3013698630136986,0.0
25,0,51,0.21568627450980393,0.21568627450980393,0.23529411764705882
25,1,45,0.2,-0.8,0.8
25,2,51,0.0,0.0,0.13725490196078433
25,3,54,0.07407407407407407,0.07407407407407407,0.25925925925925924
25,4,49,0.10204081632653061,0.10204081632653061,0.32653061224489793
25,5,53,0.11320754716981132,0.11320754716981132,0.16981132075471697
25,6,52,0.019230769230769232,0.019230769230769232,0.17307692307692307
25,7,58,0.13793103448275862,0.13793103448275862,0.06896551724137931
25,8,62,0.08064516129032258,0.08064516129032258,0.16129032258064518
25,9,66,0.19696969696969696,0.07575757575757575,0.0
25,10,71,0.014084507042253521,-0.056338028169014086,0.09859154929577466
25,11,68,0.08823529411764706,0.05882352941176471,0.07352941176470588
25,12,54,0.18518518518518517,0.05555555555555555,0.0
25,13,66,0.09090909090909091,-0.3484848484848485,0.3484848484848485
25,14,60,0.03333333333333333,0.016666666666666666,0.049999999999999996
25,15,54,0.3333333333333333,0.3333333333333333,0.0
25,16,71,0.014084507042253521,-0.014084507042253521,0.18309859154929575
25,17,60,0.15,-0.13333333333333333,0.13333333333333333
25,18,66,0.42424242424242425,-0.015151515151515138,0.015151515151515138
25,19,52,0.057692307692307696,0.019230769230769232,0.0
25,20,92,0.021739130434782608,-0.010869565217391304,0.021739130434782608
25,21,55,0.21818181818181817,0.01818181818181816,0.07272727272727272
25,22,57,0.2631578947368421,0.2631578947368421,0.0
25,23,46,0.34782608695652173,0.04347826086956519,0.06521739130434784
25,24,48,0.0625,-0.02083333333333333,0.125
25,25,81,0.2345679012345679,0.08641975308641975,0.0
25,26,73,0.3972602739726027,0.3698630136986301,0.0
26,0,51,0.17647058823529413,0.17647058823529413,0.27450980392156865
26,1,45,0.2,-0.8,0.8
26,2,51,0.0196078431372549,0.0196078431372549,0.11764705882352942
26,3,54,0.07407407407407407,0.07407407407407407,0.25925925925925924
26,4,49,0.08163265306122448,0.08163265306122448,0.3469387755102041
26,5,53,0.16981132075471697,0.16981132075471697,0.11320754716981132
26,6,52,0.019230769230769232,0.019230769230769232,0.17307692307692307
26,7,58,0.1724137931034483,0.1724137931034483,0.03448275862068964
26,8,62,0.11290322580645161,0.11290322580645161,0.12903225806451613
26,9,66,0.16666666666666666,0.04545454545454544,0.030303030303030304
26,10,71,0.028169014084507043,-0.04225352112676056,0.08450704225352113
26,11,68,0.04411764705882353,0.01470588235294118,0.11764705882352941
26,12,54,0.16666666666666666,0.037037037037037035,0.018518518518518517
26,13,66,0.045454545454545456,-0.3939393939393939,0.3939393939393939
26,14,60,0.05,0.03333333333333334,0.033333333333333326
26,15,54,0.2962962962962963,0.2962962962962963,0.037037037037037035
26,16,71,0.056338028169014086,0.028169014084507043,0.1408450704225352
26,17,60,0.15,-0.13333333333333333,0.13333333333333333
26,18,66,0.45454545454545453,0.015151515151515138,0.0
26,19,52,0.07692307692307693,0.038461538461538464,0.0
26,20,92,0.03260869565217391,0.0,0.010869565217391304
26,21,55,0.21818181818181817,0.01818181818181816,0.07272727272727272
26,22,57,0.2982456140350877,0.2982456140350877,0.0
26,23,46,0.41304347826086957,0.10869565217391303,0.0
26,24,48,0.08333333333333333,0.0,0.10416666666666667
26,25,81,0.19753086419753085,0.04938271604938271,0.037037037037037035
26,26,73,0.4246575342465753,0.3972602739726027,0.0
27,0,51,0.19607843137254902,0.19607843137254902,0.2549019607843137
27,1,45,0.15555555555555556,-0.8444444444444444,0.8444444444444444
27,2,51,0.0196078431372549,0.0196078431372549,0.11764705882352942
27,3,54,0.09259259259259259,0.09259259259259259,0.24074074074074073
27,4,49,0.14285714285714285,0.14285714285714285,0.2857142857142857
27,5,53,0.16981132075471697,0.16981132075471697,0.11320754716981132
27,6,52,0.0,0.0,0.19230769230769232
27,7,58,0.1724137931034483,0.1724137931034483,0.03448275862068964
27,8,62,0.11290322580645161,0.11290322580645161,0.12903225806451613
27,9,66,0.16666666666666666,0.04545454545454544,0.030303030303030304
27,10,71,0.028169014084507043,-0.04225352112676056,0.08450704225352113
27,11,68,0.07352941176470588,0.04411764705882353,0.08823529411764706
27,12,54,0.14814814814814814,0.018518518518518517,0.037037037037037035
27,13,66,0.045454545454545456,-0.3939393939393939,0.3939393939393939
27,14,60,0.03333333333333333,0.016666666666666666,0.049999999999999996
27,15,54,0.2777777777777778,0.2777777777777778,0.055555555555555525
27,16,71,0.04225352112676056,0.01408450704225352,0.15492957746478872
27,17,60,0.13333333333333333,-0.15,0.15
27,18,66,0.5151515151515151,0.07575757575757575,0.0
27,19,52,0.057692307692307696,0.019230769230769232,0.019230769230769232
27,20,92,0.03260869565217391,0.0,0.010869565217391304
27,21,55,0.2909090909090909,0.09090909090909088,0.0
27,22,57,0.2631578947368421,0.2631578947368421,0.03508771929824561
27,23,46,0.34782608695652173,0.04347826086956519,0.06521739130434784
27,24,48,0.08333333333333333,0.0,0.10416666666666667
27,25,81,0.2839506172839506,0.13580246913580246,0.0
27,26,73,0.3698630136986301,0.3424657534246575,0.0547945205479452
28,0,51,0.17647058823529413,0.17647058823529413,0.27450980392156865
28,1,45,0.15555555555555556,-0.8444444444444444,0.8444444444444444
28,2,51,0.0,0.0,0.13725490196078433
28,3,54,0.09259259259259259,0.09259259259259259,0.24074074074074073
28,4,49,0.16326530612244897,0.16326530612244897,0.26530612244897955
28,5,53,0.16981132075471697,0.16981132075471697,0.11320754716981132
28,6,52,0.0,0.0,0.19230769230769232
28,7,58,0.15517241379310345,0.15517241379310345,0.051724137931034475
28,8,62,0.0967741935483871,0.0967741935483871,0.14516129032258066
28,9,66,0.16666666666666666,0.04545454545454544,0.030303030303030304
28,10,71,0.028169014084507043,-0.04225352112676056,0.08450704225352113
28,11,68,0.07352941176470588,0.04411764705882353,0.08823529411764706
28,12,54,0.16666666666666666,0.037037037037037035,0.018518518518518517
28,13,66,0.06060606060606061,-0.3787878787878788,0.3787878787878788
28,14,60,0.06666666666666667,0.05,0.016666666666666663
28,15,54,0.3333333333333333,0.3333333333333333,0.0
28,16,71,0.04225352112676056,0.01408450704225352,0.15492957746478872
28,17,60,0.16666666666666666,-0.11666666666666667,0.11666666666666667
28,18,66,0.48484848484848486,0.04545454545454547,0.030303030303030276
28,19,52,0.038461538461538464,0.0,0.038461538461538464
28,20,92,0.043478260869565216,0.010869565217391304,0.0
28,21,55,0.2909090909090909,0.09090909090909088,0.0
28,22,57,0.22807017543859648,0.22807017543859648,0.07017543859649122
28,23,46,0.30434782608695654,0.0,0.10869565217391303
28,24,48,0.041666666666666664,-0.041666666666666664,0.14583333333333334
28,25,81,0.30864197530864196,0.16049382716049382,0.0
28,26,73,0.4383561643835616,0.410958904109589,0.0
29,0,51,0.19607843137254902,0.19607843137254902,0.2549019607843137
29,1,45,0.2,-0.8,0.8
29,2,51,0.0196078431372549,0.0196078431372549,0.11764705882352942
29,3,54,0.07407407407407407,0.07407407407407407,0.25925925925925924
29,4,49,0.14285714285714285,0.14285714285714285,0.2857142857142857
29,5,53,0.18867924528301888,0.18867924528301888,0.09433962264150941
29,6,52,0.0,0.0,0.19230769230769232
29,7,58,0.15517241379310345,0.15517241379310345,0.051724137931034475
29,8,62,0.1774193548387097,0.1774193548387097,0.06451612903225806
29,9,66,0.18181818181818182,0.06060606060606061,0.015151515151515138
29,10,71,0.028169014084507043,-0.04225352112676056,0.08450704225352113
29,11,68,0.10294117647058823,0.07352941176470587,0.05882352941176472
29,12,54,0.14814814814814814,0.018518518518518517,0.037037037037037035
29,13,66,0.045454545454545456,-0.3939393939393939,0.3939393939393939
29,14,60,0.06666666666666667,0.05,0.016666666666666663
29,15,54,0.35185185185185186,0.35185185185185186,0.0
29,16,71,0.04225352112676056,0.01408450704225352,0.15492957746478872
29,17,60,0.16666666666666666,-0.11666666666666667,0.11666666666666667
29,18,66,0.5151515151515151,0.07575757575757575,0.0
29,19,52,0.038461538461538464,0.0,0.038461538461538464
29,20,92,0.0,-0.03260869565217391,0.043478260869565216
29,21,55,0.3090909090909091,0.10909090909090907,0.0
29,22,57,0.2982456140350877,0.2982456140350877,0.0
29,23,46,0.41304347826086957,0.10869565217391303,0.0
29,24,48,0.16666666666666666,0.08333333333333333,0.020833333333333343
29,25,81,0.1728395061728395,0.024691358024691357,0.13580246913580246
29,26,73,0.410958904109589,0.3835616438356164,0.0273972602739726
30,0,51,0.21568627450980393,0.21568627450980393,0.23529411764705882
30,1,45,0.13333333333333333,-0.8666666666666667,0.8666666666666667
30,2,51,0.0196078431372549,0.0196078431372549,0.11764705882352942
30,3,54,0.07407407407407407,0.07407407407407407,0.25925925925925924
30,4,49,0.1836734693877551,0.1836734693877551,0.24489795918367344
30,5,53,0.20754716981132076,0.20754716981132076,0.07547169811320753
30,6,52,0.0,0.0,0.19230769230769232
30,7,58,0.1724137931034483,0.1724137931034483,0.03448275862068964
30,8,62,0.16129032258064516,0.16129032258064516,0.08064516129032259
30,9,66,0.16666666666666666,0.04545454545454544,0.030303030303030304
30,10,71,0.04225352112676056,-0.028169014084507046,0.07042253521126761
30,11,68,0.10294117647058823,0.07352941176470587,0.05882352941176472
30,12,54,0.14814814814814814,0.018518518518518517,0.037037037037037035
30,13,66,0.045454545454545456,-0.3939393939393939,0.3939393939393939
30,14,60,0.03333333333333333,0.016666666666666666,0.049999999999999996
30,15,54,0.35185185185185186,0.35185185185185186,0.0
30,16,71,0.04225352112676056,0.01408450704225352,0.15492957746478872
30,17,60,0.16666666666666666,-0.11666666666666667,0.11666666666666667
30,18,66,0.4696969696969697,0.03030303030303033,0.045454545454545414
30,19,52,0.057692307692307696,0.019230769230769232,0.019230769230769232
30,20,92,0.05434782608695652,0.021739130434782608,0.0
30,21,55,0.2727272727272727,0.0727272727272727,0.036363636363636376
30,22,57,0.21052631578947367,0.21052631578947367,0.08771929824561403
30,23,46,0.3695652173913043,0.06521739130434778,0.043478260869565244
30,24,48,0.08333333333333333,0.0,0.10416666666666667
30,25,81,0.3333333333333333,0.18518518518518517,0.0
30,26,73,0.4520547945205479,0.4246575342465753,0.0
31,0,51,0.21568627450980393,0.21568627450980393,0.23529411764705882
31,1,45,0.15555555555555556,-0.8444444444444444,0.8444444444444444
31,2,51,0.0392156862745098,0.0392156862745098,0.09803921568627452
31,3,54,0.09259259259259259,0.09259259259259259,0.24074074074074073
31,4,49,0.20408163265306123,0.20408163265306123,0.22448979591836732
31,5,53,0.22641509433962265,0.22641509433962265,0.05660377358490565
31,6,52,0.0,0.0,0.19230769230769232
31,7,58,0.1896551724137931,0.1896551724137931,0.017241379310344834
31,8,62,0.16129032258064516,0.16129032258064516,0.08064516129032259
31,9,66,0.19696969696969696,0.07575757575757575,0.0
31,10,71,0.028169014084507043,-0.04225352112676056,0.08450704225352113
31,11,68,0.08823529411764706,0.05882352941176471,0.07352941176470588
31,12,54,0.18518518518518517,0.05555555555555555,0.0
31,13,66,0.045454545454545456,-0.3939393939393939,0.3939393939393939
31,14,60,0.05,0.03333333333333334,0.033333333333333326
31,15,54,0.3148148148148148,0.3148148148148148,0.037037037037037035
31,16,71,0.09859154929577464,0.0704225352112676,0.09859154929577464
31,17,60,0.18333333333333332,-0.1,0.1
31,18,66,0.42424242424242425,-0.015151515151515138,0.09090909090909088
31,19,52,0.019230769230769232,-0.019230769230769232,0.057692307692307696
31,20,92,0.043478260869565216,0.010869565217391304,0.010869565217391304
31,21,55,0.3090909090909091,0.10909090909090907,0.0
31,22,57,0.2807017543859649,0.2807017543859649,0.017543859649122806
31,23,46,0.3695652173913043,0.06521739130434778,0.043478260869565244
31,24,48,0.10416666666666667,0.020833333333333343,0.08333333333333333
31,25,81,0.18518518518518517,0.037037037037037035,0.14814814814814814
31,26,73,0.3972602739726027,0.3698630136986301,0.0547945205479452
32,0,51,0.17647058823529413,0.17647058823529413,0.27450980392156865
32,1,45,0.15555555555555556,-0.8444444444444444,0.8444444444444444
32,2,51,0.0196078431372549,0.0196078431372549,0.11764705882352942
32,3,54,0.14814814814814814,0.14814814814814814,0.18518518518518517
32,4,49,0.24489795918367346,0.24489795918367346,0.18367346938775508
32,5,53,0.20754716981132076,0.20754716981132076,0.07547169811320753
32,6,52,0.019230769230769232,0.019230769230769232,0.17307692307692307
32,7,58,0.15517241379310345,0.15517241379310345,0.051724137931034475
32,8,62,0.14516129032258066,0.14516129032258066,0.0967741935483871
32,9,66,0.19696969696969696,0.07575757575757575,0.0
32,10,71,0.04225352112676056,-0.028169014084507046,0.07042253521126761
32,11,68,0.11764705882352941,0.08823529411764705,0.04411764705882354
32,12,54,0.2222222222222222,0.09259259259259259,0.0
32,13,66,0.045454545454545456,-0.3939393939393939,0.3939393939393939
32,14,60,0.05,0.03333333333333334,0.033333333333333326
32,15,54,0.3148148148148148,0.3148148148148148,0.037037037037037035
32,16,71,0.04225352112676056,0.01408450704225352,0.15492957746478872
32,17,60,0.18333333333333332,-0.1,0.1
32,18,66,0.42424242424242425,-0.015151515151515138,0.09090909090909088
32,19,52,0.038461538461538464,0.0,0.038461538461538464
32,20,92,0.05434782608695652,0.021739130434782608,0.0
32,21,55,0.36363636363636365,0.16363636363636364,0.0
32,22,57,0.24561403508771928,0.24561403508771928,0.05263157894736842
32,23,46,0.30434782608695654,0.0,0.10869565217391303
32,24,48,0.0625,-0.02083333333333333,0.125
32,25,81,0.2839506172839506,0.13580246913580246,0.04938271604938271
32,26,73,0.4383561643835616,0.410958904109589,0.0136986301369863
33,0,51,0.21568627450980393,0.21568627450980393,0.23529411764705882
33,1,45,0.2,-0.8,0.8
33,2,51,0.0392156862745098,0.0392156862745098,0.09803921568627452
33,3,54,0.09259259259259259,0.09259259259259259,0.24074074074074073
33,4,49,0.16326530612244897,0.16326530612244897,0.26530612244897955
33,5,53,0.20754716981132076,0.20754716981132076,0.07547169811320753
33,6,52,0.019230769230769232,0.019230769230769232,0.17307692307692307
33,7,58,0.13793103448275862,0.13793103448275862,0.06896551724137931
33,8,62,0.1935483870967742,0.1935483870967742,0.04838709677419356
33,9,66,0.24242424242424243,0.12121212121212122,0.0
33,10,71,0.056338028169014086,-0.014084507042253523,0.056338028169014086
33,11,68,0.10294117647058823,0.07352941176470587,0.05882352941176472
33,12,54,0.18518518518518517,0.05555555555555555,0.037037037037037035
33,13,66,0.06060606060606061,-0.3787878787878788,0.3787878787878788
33,14,60,0.016666666666666666,0.0,0.06666666666666667
33,15,54,0.3333333333333333,0.3333333333333333,0.018518518518518545
33,16,71,0.056338028169014086,0.028169014084507043,0.1408450704225352
33,17,60,0.16666666666666666,-0.11666666666666667,0.11666666666666667
33,18,66,0.48484848484848486,0.04545454545454547,0.030303030303030276
33,19,52,0.057692307692307696,0.019230769230769232,0.019230769230769232
33,20,92,0.05434782608695652,0.021739130434782608,0.0
33,21,55,0.32727272727272727,0.12727272727272726,0.036363636363636376
33,22,57,0.3157894736842105,0.3157894736842105,0.0
33,23,46,0.2391304347826087,-0.06521739130434784,0.17391304347826086
33,24,48,0.08333333333333333,0.0,0.10416666666666667
33,25,81,0.25925925925925924,0.1111111111111111,0.07407407407407407
33,26,73,0.4794520547945205,0.4520547945205479,0.0
34,0,51,0.19607843137254902,0.19607843137254902,0.2549019607843137
34,1,45,0.15555555555555556,-0.8444444444444444,0.8444444444444444
34,2,51,0.0,0.0,0.13725490196078433
34,3,54,0.1111111111111111,0.1111111111111111,0.2222222222222222
34,4,49,0.12244897959183673,0.12244897959183673,0.30612244897959184
34,5,53,0.22641509433962265,0.22641509433962265,0.05660377358490565
34,6,52,0.0,0.0,0.19230769230769232
34,7,58,0.13793103448275862,0.13793103448275862,0.06896551724137931
34,8,62,0.1774193548387097,0.1774193548387097,0.06451612903225806
34,9,66,0.22727272727272727,0.10606060606060605,0.015151515151515166
34,10,71,0.08450704225352113,0.014084507042253516,0.028169014084507046
34,11,68,0.11764705882352941,0.08823529411764705,0.04411764705882354
34,12,54,0.2222222222222222,0.09259259259259259,0.0
34,13,66,0.045454545454545456,-0.3939393939393939,0.3939393939393939
34,14,60,0.03333333333333333,0.016666666666666666,0.049999999999999996
34,15,54,0.24074074074074073,0.24074074074074073,0.11111111111111113
34,16,71,0.056338028169014086,0.028169014084507043,0.1408450704225352
34,17,60,0.15,-0.13333333333333333,0.13333333333333333
34,18,66,0.4393939393939394,0.0,0.07575757575757575
34,19,52,0.038461538461538464,0.0,0.038461538461538464
34,20,92,0.08695652173913043,0.05434782608695652,0.0
34,21,55,0.36363636363636365,0.16363636363636364,0.0
34,22,57,0.21052631578947367,0.21052631578947367,0.10526315789473684
34,23,46,0.3695652173913043,0.06521739130434778,0.043478260869565244
34,24,48,0.041666666666666664,-0.041666666666666664,0.14583333333333334
34,25,81,0.2962962962962963,0.14814814814814814,0.037037037037037035
34,26,73,0.3972602739726027,0.3698630136986301,0.0821917808219178
35,0,51,0.23529411764705882,0.23529411764705882,0.21568627450980393
35,1,45,0.15555555555555556,-0.8444444444444444,0.8444444444444444
35,2,51,0.0196078431372549,0.0196078431372549,0.11764705882352942
35,3,54,0.1111111111111111,0.1111111111111111,0.2222222222222222
35,4,49,0.16326530612244897,0.16326530612244897,0.26530612244897955
35,5,53,0.20754716981132076,0.20754716981132076,0.07547169811320753
35,6,52,0.0,0.0,0.19230769230769232
35,7,58,0.15517241379310345,0.15517241379310345,0.051724137931034475
35,8,62,0.1774193548387097,0.1774193548387097,0.06451612903225806
35,9,66,0.25757575757575757,0.13636363636363635,0.0
35,10,71,0.04225352112676056,-0.028169014084507046,0.07042253521126761
35,11,68,0.07352941176470588,0.04411764705882353,0.08823529411764706
35,12,54,0.2222222222222222,0.09259259259259259,0.0
35,13,66,0.06060606060606061,-0.3787878787878788,0.3787878787878788
35,14,60,0.05,0.03333333333333334,0.033333333333333326
35,15,54,0.2962962962962963,0.2962962962962963,0.05555555555555558
35,16,71,0.056338028169014086,0.028169014084507043,0.1408450704225352
35,17,60,0.13333333333333333,-0.15,0.15
35,18,66,0.45454545454545453,0.015151515151515138,0.06060606060606061
35,19,52,0.07692307692307693,0.038461538461538464,0.0
35,20,92,0.06521739130434782,0.03260869565217391,0.021739130434782608
35,21,55,0.38181818181818183,0.18181818181818182,0.0
35,22,57,0.2631578947368421,0.2631578947368421,0.05263157894736842
35,23,46,0.34782608695652173,0.04347826086956519,0.06521739130434784
35,24,48,0.08333333333333333,0.0,0.10416666666666667
35,25,81,0.2839506172839506,0.13580246913580246,0.04938271604938271
35,26,73,0.4520547945205479,0.4246575342465753,0.0273972602739726
36,0,51,0.09803921568627451,0.09803921568627451,0.35294117647058826
36,1,45,0.15555555555555556,-0.8444444444444444,0.8444444444444444
36,2,51,0.0196078431372549,0.0196078431372549,0.11764705882352942
36,3,54,0.1111111111111111,0.1111111111111111,0.2222222222222222
36,4,49,0.14285714285714285,0.14285714285714285,0.2857142857142857
36,5,53,0.20754716981132076,0.20754716981132076,0.07547169811320753
36,6,52,0.038461538461538464,0.038461538461538464,0.15384615384615385
36,7,58,0.1724137931034483,0.1724137931034483,0.03448275862068964
36,8,62,0.16129032258064516,0.16129032258064516,0.08064516129032259
36,9,66,0.30303030303030304,0.18181818181818182,0.0
36,10,71,0.08450704225352113,0.014084507042253516,0.028169014084507046
36,11,68,0.04411764705882353,0.01470588235294118,0.11764705882352941
36,12,54,0.2037037037037037,0.07407407407407407,0.018518518518518517
36,13,66,0.10606060606060606,-0.3333333333333333,0.3333333333333333
36,14,60,0.03333333333333333,0.016666666666666666,0.049999999999999996
36,15,54,0.37037037037037035,0.37037037037037035,0.0
36,16,71,0.07042253521126761,0.04225352112676056,0.1267605633802817
36,17,60,0.18333333333333332,-0.1,0.1
36,18,66,0.4090909090909091,-0.030303030303030276,0.10606060606060602
36,19,52,0.057692307692307696,0.019230769230769232,0.019230769230769232
36,20,92,0.06521739130434782,0.03260869565217391,0.021739130434782608
36,21,55,0.45454545454545453,0.2545454545454545,0.0
36,22,57,0.22807017543859648,0.22807017543859648,0.08771929824561403
36,23,46,0.2391304347826087,-0.06521739130434784,0.17391304347826086
36,24,48,0.041666666666666664,-0.041666666666666664,0.14583333333333334
36,25,81,0.345679012345679,0.19753086419753085,0.0
36,26,73,0.4383561643835616,0.410958904109589,0.0410958904109589
37,0,51,0.17647058823529413,0.17647058823529413,0.27450980392156865
37,1,45,0.17777777777777778,-0.8222222222222222,0.8222222222222222
37,2,51,0.0196078431372549,0.0196078431372549,0.11764705882352942
37,3,54,0.1111111111111111,0.1111111111111111,0.2222222222222222
37,4,49,0.20408163265306123,0.20408163265306123,0.22448979591836732
37,5,53,0.3018867924528302,0.3018867924528302,0.0
37,6,52,0.0,0.0,0.19230769230769232
37,7,58,0.1724137931034483,0.1724137931034483,0.03448275862068964
37,8,62,0.14516129032258066,0.14516129032258066,0.0967741935483871
37,9,66,0.2727272727272727,0.1515151515151515,0.03030303030303033
37,10,71,0.04225352112676056,-0.028169014084507046,0.07042253521126761
37,11,68,0.10294117647058823,0.07352941176470587,0.05882352941176472
37,12,54,0.2222222222222222,0.09259259259259259,0.0
37,13,66,0.09090909090909091,-0.3484848484848485,0.3484848484848485
37,14,60,0.06666666666666667,0.05,0.016666666666666663
37,15,54,0.14814814814814814,0.14814814814814814,0.2222222222222222
37,16,71,0.09859154929577464,0.0704225352112676,0.09859154929577464
37,17,60,0.18333333333333332,-0.1,0.1
37,18,66,0.5,0.06060606060606061,0.015151515151515138
37,19,52,0.038461538461538464,0.0,0.038461538461538464
37,20,92,0.043478260869565216,0.010869565217391304,0.043478260869565216
37,21,55,0.4,0.2,0.05454545454545451
37,22,57,0.3157894736842105,0.3157894736842105,0.0
37,23,46,0.34782608695652173,0.04347826086956519,0.06521739130434784
37,24,48,0.125,0.04166666666666667,0.0625
37,25,81,0.2839506172839506,0.13580246913580246,0.06172839506172839
37,26,73,0.410958904109589,0.3835616438356164,0.0684931506849315
38,0,51,0.23529411764705882,0.23529411764705882,0.21568627450980393
38,1,45,0.17777777777777778,-0.8222222222222222,0.8222222222222222
38,2,51,0.0196078431372549,0.0196078431372549,0.11764705882352942
38,3,54,0.1111111111111111,0.1111111111111111,0.2222222222222222
38,4,49,0.14285714285714285,0.14285714285714285,0.2857142857142857
38,5,53,0.20754716981132076,0.20754716981132076,0.09433962264150941
38,6,52,0.0,0.0,0.19230769230769232
38,7,58,0.15517241379310345,0.15517241379310345,0.051724137931034475
38,8,62,0.1935483870967742,0.1935483870967742,0.04838709677419356
38,9,66,0.24242424242424243,0.12121212121212122,0.06060606060606061
38,10,71,0.08450704225352113,0.014084507042253516,0.028169014084507046
38,11,68,0.07352941176470588,0.04411764705882353,0.08823529411764706
38,12,54,0.18518518518518517,0.05555555555555555,0.037037037037037035
38,13,66,0.07575757575757576,-0.36363636363636365,0.36363636363636365
38,14,60,0.05,0.03333333333333334,0.033333333333333326
38,15,54,0.25925925925925924,0.25925925925925924,0.1111111111111111
38,16,71,0.056338028169014086,0.028169014084507043,0.1408450704225352
38,17,60,0.2,-0.08333333333333331,0.08333333333333331
38,18,66,0.4090909090909091,-0.030303030303030276,0.10606060606060602
38,19,52,0.038461538461538464,0.0,0.038461538461538464
38,20,92,0.07608695652173914,0.04347826086956522,0.010869565217391297
38,21,55,0.41818181818181815,0.21818181818181814,0.036363636363636376
38,22,57,0.22807017543859648,0.22807017543859648,0.08771929824561403
38,23,46,0.2608695652173913,-0.043478260869565244,0.15217391304347827
38,24,48,0.08333333333333333,0.0,0.10416666666666667
38,25,81,0.35802469135802467,0.20987654320987653,0.0
38,26,73,0.4520547945205479,0.4246575342465753,0.0273972602739726
39,0,51,0.21568627450980393,0.21568627450980393,0.23529411764705882
39,1,45,0.17777777777777778,-0.8222222222222222,0.8222222222222222
39,2,51,0.0392156862745098,0.0392156862745098,0.09803921568627452
39,3,54,0.09259259259259259,0.09259259259259259,0.24074074074074073
39,4,49,0.1836734693877551,0.1836734693877551,0.24489795918367344
39,5,53,0.20754716981132076,0.20754716981132076,0.09433962264150941
39,6,52,0.0,0.0,0.19230769230769232
39,7,58,0.1206896551724138,0.1206896551724138,0.08620689655172413
39,8,62,0.22580645161290322,0.22580645161290322,0.01612903225806453
39,9,66,0.25757575757575757,0.13636363636363635,0.04545454545454547
39,10,71,0.056338028169014086,-0.014084507042253523,0.056338028169014086
39,11,68,0.058823529411764705,0.029411764705882353,0.10294117647058824
39,12,54,0.2037037037037037,0.07407407407407407,0.018518518518518517
39,13,66,0.06060606060606061,-0.3787878787878788,0.3787878787878788
39,14,60,0.03333333333333333,0.016666666666666666,0.049999999999999996
39,15,54,0.2037037037037037,0.2037037037037037,0.16666666666666666
39,16,71,0.056338028169014086,0.028169014084507043,0.1408450704225352
39,17,60,0.21666666666666667,-0.06666666666666665,0.06666666666666665
39,18,66,0.45454545454545453,0.015151515151515138,0.06060606060606061
39,19,52,0.038461538461538464,0.0,0.038461538461538464
39,20,92,0.08695652173913043,0.05434782608695652,0.0
39,21,55,0.36363636363636365,0.16363636363636364,0.09090909090909088
39,22,57,0.2982456140350877,0.2982456140350877,0.017543859649122806
39,23,46,0.391304347826087,0.08695652173913043,0.021739130434782594
39,24,48,0.10416666666666667,0.020833333333333343,0.08333333333333333
39,25,81,0.345679012345679,0.19753086419753085,0.012345679012345678
39,26,73,0.4931506849315068,0.4657534246575342,0.0
40,0,51,0.27450980392156865,0.27450980392156865,0.1764705882352941
40,1,45,0.17777777777777778,-0.8222222222222222,0.8222222222222222
40,2,51,0.0392156862745098,0.0392156862745098,0.09803921568627452
40,3,54,0.1111111111111111,0.1111111111111111,0.2222222222222222
40,4,49,0.14285714285714285,0.14285714285714285,0.2857142857142857
40,5,53,0.2830188679245283,0.2830188679245283,0.018867924528301883
40,6,52,0.019230769230769232,0.019230769230769232,0.17307692307692307
40,7,58,0.1206896551724138,0.1206896551724138,0.08620689655172413
40,8,62,0.1935483870967742,0.1935483870967742,0.04838709677419356
40,9,66,0.25757575757575757,0.13636363636363635,0.04545454545454547
40,10,71,0.07042253521126761,0.0,0.04225352112676056
40,11,68,0.058823529411764705,0.029411764705882353,0.10294117647058824
40,12,54,0.18518518518518517,0.05555555555555555,0.037037037037037035
40,13,66,0.07575757575757576,-0.36363636363636365,0.36363636363636365
40,14,60,0.03333333333333333,0.016666666666666666,0.049999999999999996
40,15,54,0.2777777777777778,0.2777777777777778,0.09259259259259256
40,16,71,0.11267605633802817,0.08450704225352113,0.08450704225352111
40,17,60,0.18333333333333332,-0.1,0.1
40,18,66,0.4090909090909091,-0.030303030303030276,0.10606060606060602
40,19,52,0.07692307692307693,0.038461538461538464,0.0
40,20,92,0.043478260869565216,0.010869565217391304,0.043478260869565216
40,21,55,0.4,0.2,0.05454545454545451
40,22,57,0.24561403508771928,0.24561403508771928,0.07017543859649122
40,23,46,0.2608695652173913,-0.043478260869565244,0.15217391304347827
40,24,48,0.0625,-0.02083333333333333,0.125
40,25,81,0.32098765432098764,0.1728395061728395,0.037037037037037035
40,26,73,0.4383561643835616,0.410958904109589,0.0547945205479452
41,0,51,0.23529411764705882,0.23529411764705882,0.21568627450980393
41,1,45,0.17777777777777778,-0.8222222222222222,0.8222222222222222
41,2,51,0.058823529411764705,0.058823529411764705,0.07843137254901962
41,3,54,0.1111111111111111,0.1111111111111111,0.2222222222222222
41,4,49,0.12244897959183673,0.12244897959183673,0.30612244897959184
41,5,53,0.3018867924528302,0.3018867924528302,0.0
41,6,52,0.038461538461538464,0.038461538461538464,0.15384615384615385
41,7,58,0.1724137931034483,0.1724137931034483,0.03448275862068964
41,8,62,0.20967741935483872,0.20967741935483872,0.03225806451612903
41,9,66,0.30303030303030304,0.18181818181818182,0.0
41,10,71,0.056338028169014086,-0.014084507042253523,0.056338028169014086
41,11,68,0.07352941176470588,0.04411764705882353,0.08823529411764706
41,12,54,0.18518518518518517,0.05555555555555555,0.037037037037037035
41,13,66,0.09090909090909091,-0.3484848484848485,0.3484848484848485
41,14,60,0.03333333333333333,0.016666666666666666,0.049999999999999996
41,15,54,0.2777777777777778,0.2777777777777778,0.09259259259259256
41,16,71,0.056338028169014086,0.028169014084507043,0.1408450704225352
41,17,60,0.13333333333333333,-0.15,0.15
41,18,66,0.4696969696969697,0.03030303030303033,0.045454545454545414
41,19,52,0.057692307692307696,0.019230769230769232,0.019230769230769232
41,20,92,0.07608695652173914,0.04347826086956522,0.010869565217391297
41,21,55,0.32727272727272727,0.12727272727272726,0.12727272727272726
41,22,57,0.22807017543859648,0.22807017543859648,0.08771929824561403
41,23,46,0.2391304347826087,-0.06521739130434784,0.17391304347826086
41,24,48,0.08333333333333333,0.0,0.10416666666666667
41,25,81,0.41975308641975306,0.2716049382716049,0.0
41,26,73,0.4520547945205479,0.4246575342465753,0.0410958904109589
42,0,51,0.2549019607843137,0.2549019607843137,0.19607843137254904
42,1,45,0.17777777777777778,-0.8222222222222222,0.8222222222222222
42,2,51,0.0784313725490196,0.0784313725490196,0.05882352941176472
42,3,54,0.1111111111111111,0.1111111111111111,0.2222222222222222
42,4,49,0.22448979591836735,0.22448979591836735,0.2040816326530612
42,5,53,0.2830188679245283,0.2830188679245283,0.018867924528301883
42,6,52,0.019230769230769232,0.019230769230769232,0.17307692307692307
42,7,58,0.10344827586206896,0.10344827586206896,0.10344827586206896
42,8,62,0.1935483870967742,0.1935483870967742,0.04838709677419356
42,9,66,0.30303030303030304,0.18181818181818182,0.0
42,10,71,0.07042253521126761,0.0,0.04225352112676056
42,11,68,0.08823529411764706,0.05882352941176471,0.07352941176470588
42,12,54,0.18518518518518517,0.05555555555555555,0.037037037037037035
42,13,66,0.015151515151515152,-0.42424242424242425,0.42424242424242425
42,14,60,0.03333333333333333,0.016666666666666666,0.049999999999999996
42,15,54,0.3148148148148148,0.3148148148148148,0.055555555555555525
42,16,71,0.16901408450704225,0.14084507042253522,0.028169014084507032
42,17,60,0.15,-0.13333333333333333,0.13333333333333333
42,18,66,0.45454545454545453,0.015151515151515138,0.06060606060606061
42,19,52,0.038461538461538464,0.0,0.038461538461538464
42,20,92,0.07608695652173914,0.04347826086956522,0.010869565217391297
42,21,55,0.34545454545454546,0.14545454545454545,0.10909090909090907
42,22,57,0.40350877192982454,0.40350877192982454,0.0
42,23,46,0.32608695652173914,0.021739130434782594,0.08695652173913043
42,24,48,0.041666666666666664,-0.041666666666666664,0.14583333333333334
42,25,81,0.3333333333333333,0.18518518518518517,0.08641975308641975
42,26,73,0.4657534246575342,0.4383561643835616,0.0273972602739726
43,0,51,0.19607843137254902,0.19607843137254902,0.2549019607843137
43,1,45,0.17777777777777778,-0.8222222222222222,0.8222222222222222
43,2,51,0.0196078431372549,0.0196078431372549,0.11764705882352942
43,3,54,0.09259259259259259,0.09259259259259259,0.24074074074074073
43,4,49,0.16326530612244897,0.16326530612244897,0.26530612244897955
43,5,53,0.18867924528301888,0.18867924528301888,0.1132075471698113
43,6,52,0.019230769230769232,0.019230769230769232,0.17307692307692307
43,7,58,0.1206896551724138,0.1206896551724138,0.08620689655172413
43,8,62,0.1935483870967742,0.1935483870967742,0.04838709677419356
43,9,66,0.3484848484848485,0.2272727272727273,0.0
43,10,71,0.08450704225352113,0.014084507042253516,0.028169014084507046
43,11,68,0.08823529411764706,0.05882352941176471,0.07352941176470588
43,12,54,0.2222222222222222,0.09259259259259259,0.0
43,13,66,0.06060606060606061,-0.3787878787878788,0.3787878787878788
43,14,60,0.03333333333333333,0.016666666666666666,0.049999999999999996
43,15,54,0.3148148148148148,0.3148148148148148,0.055555555555555525
43,16,71,0.056338028169014086,0.028169014084507043,0.1408450704225352
43,17,60,0.2,-0.08333333333333331,0.08333333333333331
43,18,66,0.4393939393939394,0.0,0.07575757575757575
43,19,52,0.038461538461538464,0.0,0.038461538461538464
43,20,92,0.07608695652173914,0.04347826086956522,0.010869565217391297
43,21,55,0.509090909090909,0.309090909090909,0.0
43,22,57,0.17543859649122806,0.17543859649122806,0.22807017543859648
43,23,46,0.2391304347826087,-0.06521739130434784,0.17391304347826086
43,24,48,0.041666666666666664,-0.041666666666666664,0.14583333333333334
43,25,81,0.4074074074074074,0.25925925925925924,0.012345679012345678
43,26,73,0.5068493150684932,0.4794520547945206,0.0
44,0,51,0.2549019607843137,0.2549019607843137,0.19607843137254904
44,1,45,0.17777777777777778,-0.8222222222222222,0.8222222222222222
44,2,51,0.0196078431372549,0.0196078431372549,0.11764705882352942
44,3,54,0.09259259259259259,0.09259259259259259,0.24074074074074073
44,4,49,0.16326530612244897,0.16326530612244897,0.26530612244897955
44,5,53,0.20754716981132076,0.20754716981132076,0.09433962264150941
44,6,52,0.019230769230769232,0.019230769230769232,0.17307692307692307
44,7,58,0.1206896551724138,0.1206896551724138,0.08620689655172413
44,8,62,0.1935483870967742,0.1935483870967742,0.04838709677419356
44,9,66,0.2727272727272727,0.1515151515151515,0.0757575757575758
44,10,71,0.08450704225352113,0.014084507042253516,0.028169014084507046
44,11,68,0.08823529411764706,0.05882352941176471,0.07352941176470588
44,12,54,0.14814814814814814,0.018518518518518517,0.07407407407407407
44,13,66,0.07575757575757576,-0.36363636363636365,0.36363636363636365
44,14,60,0.05,0.03333333333333334,0.033333333333333326
44,15,54,0.24074074074074073,0.24074074074074073,0.12962962962962962
44,16,71,0.1267605633802817,0.09859154929577464,0.0704225352112676
44,17,60,0.16666666666666666,-0.11666666666666667,0.11666666666666667
44,18,66,0.4393939393939394,0.0,0.07575757575757575
44,19,52,0.057692307692307696,0.019230769230769232,0.019230769230769232
44,20,92,0.05434782608695652,0.021739130434782608,0.03260869565217391
44,21,55,0.4,0.2,0.10909090909090902
44,22,57,0.3333333333333333,0.3333333333333333,0.07017543859649122
44,23,46,0.30434782608695654,0.0,0.10869565217391303
44,24,48,0.08333333333333333,0.0,0.10416666666666667
44,25,81,0.3333333333333333,0.18518518518518517,0.08641975308641975
44,26,73,0.4520547945205479,0.4246575342465753,0.05479452054794526
45,0,51,0.1568627450980392,0.1568627450980392,0.29411764705882354
45,1,45,0.17777777777777778,-0.8222222222222222,0.8222222222222222
45,2,51,0.058823529411764705,0.058823529411764705,0.07843137254901962
45,3,54,0.07407407407407407,0.07407407407407407,0.25925925925925924
45,4,49,0.14285714285714285,0.14285714285714285,0.2857142857142857
45,5,53,0.2641509433962264,0.2641509433962264,0.037735849056603765
45,6,52,0.057692307692307696,0.057692307692307696,0.13461538461538464
45,7,58,0.1206896551724138,0.1206896551724138,0.08620689655172413
45,8,62,0.20967741935483872,0.20967741935483872,0.03225806451612903
45,9,66,0.3181818181818182,0.19696969696969696,0.03030303030303033
45,10,71,0.09859154929577464,0.028169014084507032,0.01408450704225353
45,11,68,0.04411764705882353,0.01470588235294118,0.11764705882352941
45,12,54,0.24074074074074073,0.1111111111111111,0.0
45,13,66,0.07575757575757576,-0.36363636363636365,0.36363636363636365
45,14,60,0.05,0.03333333333333334,0.033333333333333326
45,15,54,0.37037037037037035,0.37037037037037035,0.0
45,16,71,0.08450704225352113,0.05633802816901408,0.11267605633802816
45,17,60,0.23333333333333334,-0.04999999999999999,0.04999999999999999
45,18,66,0.42424242424242425,-0.015151515151515138,0.09090909090909088
45,19,52,0.038461538461538464,0.0,0.038461538461538464
45,20,92,0.07608695652173914,0.04347826086956522,0.010869565217391297
45,21,55,0.4727272727272727,0.2727272727272727,0.03636363636363632
45,22,57,0.21052631578947367,0.21052631578947367,0.19298245614035087
45,23,46,0.2826086956521739,-0.02173913043478265,0.13043478260869568
45,24,48,0.041666666666666664,-0.041666666666666664,0.14583333333333334
45,25,81,0.4074074074074074,0.25925925925925924,0.012345679012345678
45,26,73,0.4657534246575342,0.4383561643835616,0.04109589041095896
46,0,51,0.19607843137254902,0.19607843137254902,0.2549019607843137
46,1,45,0.17777777777777778,-0.8222222222222222,0.8222222222222222
46,2,51,0.0196078431372549,0.0196078431372549,0.11764705882352942
46,3,54,0.16666666666666666,0.16666666666666666,0.16666666666666666
46,4,49,0.20408163265306123,0.20408163265306123,0.22448979591836732
46,5,53,0.20754716981132076,0.20754716981132076,0.09433962264150941
46,6,52,0.019230769230769232,0.019230769230769232,0.17307692307692307
46,7,58,0.10344827586206896,0.10344827586206896,0.10344827586206896
46,8,62,0.22580645161290322,0.22580645161290322,0.01612903225806453
46,9,66,0.21212121212121213,0.09090909090909091,0.13636363636363638
46,10,71,0.09859154929577464,0.028169014084507032,0.01408450704225353
46,11,68,0.058823529411764705,0.029411764705882353,0.10294117647058824
46,12,54,0.2037037037037037,0.07407407407407407,0.037037037037037035
46,13,66,0.045454545454545456,-0.3939393939393939,0.3939393939393939
46,14,60,0.05,0.03333333333333334,0.033333333333333326
46,15,54,0.2777777777777778,0.2777777777777778,0.09259259259259256
46,16,71,0.18309859154929578,0.15492957746478875,0.014084507042253502
46,17,60,0.16666666666666666,-0.11666666666666667,0.11666666666666667
46,18,66,0.42424242424242425,-0.015151515151515138,0.09090909090909088
46,19,52,0.09615384615384616,0.057692307692307696,0.0
46,20,92,0.06521739130434782,0.03260869565217391,0.021739130434782608
46,21,55,0.41818181818181815,0.21818181818181814,0.09090909090909088
46,22,57,0.3508771929824561,0.3508771929824561,0.05263157894736842
46,23,46,0.32608695652173914,0.021739130434782594,0.08695652173913043
46,24,48,0.08333333333333333,0.0,0.10416666666666667
46,25,81,0.345679012345679,0.19753086419753085,0.07407407407407407
46,26,73,0.410958904109589,0.3835616438356164,0.09589041095890416
47,0,51,0.19607843137254902,0.19607843137254902,0.2549019607843137
47,1,45,0.15555555555555556,-0.8444444444444444,0.8444444444444444
47,2,51,0.0196078431372549,0.0196078431372549,0.11764705882352942
47,3,54,0.14814814814814814,0.14814814814814814,0.18518518518518517
47,4,49,0.14285714285714285,0.14285714285714285,0.2857142857142857
47,5,53,0.2830188679245283,0.2830188679245283,0.018867924528301883
47,6,52,0.019230769230769232,0.019230769230769232,0.17307692307692307
47,7,58,0.10344827586206896,0.10344827586206896,0.10344827586206896
47,8,62,0.20967741935483872,0.20967741935483872,0.03225806451612903
47,9,66,0.3333333333333333,0.2121212121212121,0.015151515151515194
47,10,71,0.07042253521126761,0.0,0.04225352112676056
47,11,68,0.058823529411764705,0.029411764705882353,0.10294117647058824
47,12,54,0.2222222222222222,0.09259259259259259,0.018518518518518517
47,13,66,0.06060606060606061,-0.3787878787878788,0.3787878787878788
47,14,60,0.05,0.03333333333333334,0.033333333333333326
47,15,54,0.2037037037037037,0.2037037037037037,0.16666666666666666
47,16,71,0.15492957746478872,0.1267605633802817,0.04225352112676056
47,17,60,0.18333333333333332,-0.1,0.1
47,18,66,0.45454545454545453,0.015151515151515138,0.06060606060606061
47,19,52,0.057692307692307696,0.019230769230769232,0.038461538461538464
47,20,92,0.09782608695652174,0.06521739130434784,0.0
47,21,55,0.45454545454545453,0.2545454545454545,0.05454545454545451
47,22,57,0.2807017543859649,0.2807017543859649,0.12280701754385964
47,23,46,0.2391304347826087,-0.06521739130434784,0.17391304347826086
47,24,48,0.125,0.04166666666666667,0.0625
47,25,81,0.35802469135802467,0.20987654320987653,0.06172839506172839
47,26,73,0.5205479452054794,0.4931506849315068,0.0
48,0,51,0.23529411764705882,0.23529411764705882,0.21568627450980393
48,1,45,0.17777777777777778,-0.8222222222222222,0.8222222222222222
48,2,51,0.0196078431372549,0.0196078431372549,0.11764705882352942
48,3,54,0.12962962962962962,0.12962962962962962,0.2037037037037037
48,4,49,0.20408163265306123,0.20408163265306123,0.22448979591836732
48,5,53,0.24528301886792453,0.24528301886792453,0.05660377358490565
48,6,52,0.019230769230769232,0.019230769230769232,0.17307692307692307
48,7,58,0.1206896551724138,0.1206896551724138,0.08620689655172413
48,8,62,0.22580645161290322,0.22580645161290322,0.01612903225806453
48,9,66,0.3181818181818182,0.19696969696969696,0.03030303030303033
48,10,71,0.08450704225352113,0.014084507042253516,0.028169014084507046
48,11,68,0.10294117647058823,0.07352941176470587,0.05882352941176472
48,12,54,0.2222222222222222,0.09259259259259259,0.018518518518518517
48,13,66,0.045454545454545456,-0.3939393939393939,0.3939393939393939
48,14,60,0.05,0.03333333333333334,0.033333333333333326
48,15,54,0.3333333333333333,0.3333333333333333,0.037037037037037035
48,16,71,0.08450704225352113,0.05633802816901408,0.11267605633802816
48,17,60,0.16666666666666666,-0.11666666666666667,0.11666666666666667
48,18,66,0.4090909090909091,-0.030303030303030276,0.10606060606060602
48,19,52,0.07692307692307693,0.038461538461538464,0.019230769230769232
48,20,92,0.09782608695652174,0.06521739130434784,0.0
48,21,55,0.41818181818181815,0.21818181818181814,0.09090909090909088
48,22,57,0.3333333333333333,0.3333333333333333,0.07017543859649122
48,23,46,0.45652173913043476,0.15217391304347822,0.0
48,24,48,0.10416666666666667,0.020833333333333343,0.08333333333333333
48,25,81,0.4074074074074074,0.25925925925925924,0.012345679012345678
48,26,73,0.3835616438356164,0.3561643835616438,0.136986301369863
49,0,51,0.23529411764705882,0.23529411764705882,0.21568627450980393
49,1,45,0.17777777777777778,-0.8222222222222222,0.8222222222222222
49,2,51,0.0392156862745098,0.0392156862745098,0.09803921568627452
49,3,54,0.07407407407407407,0.07407407407407407,0.25925925925925924
49,4,49,0.1836734693877551,0.1836734693877551,0.24489795918367344
49,5,53,0.2830188679245283,0.2830188679245283,0.018867924528301883
49,6,52,0.038461538461538464,0.038461538461538464,0.15384615384615385
49,7,58,0.08620689655172414,0.08620689655172414,0.12068965517241378
49,8,62,0.24193548387096775,0.24193548387096775,0.0
49,9,66,0.30303030303030304,0.18181818181818182,0.04545454545454547
49,10,71,0.08450704225352113,0.014084507042253516,0.028169014084507046
49,11,68,0.08823529411764706,0.05882352941176471,0.07352941176470588
49,12,54,0.2037037037037037,0.07407407407407407,0.037037037037037035
49,13,66,0.045454545454545456,-0.3939393939393939,0.3939393939393939
49,14,60,0.05,0.03333333333333334,0.033333333333333326
49,15,54,0.2962962962962963,0.2962962962962963,0.07407407407407407
49,16,71,0.056338028169014086,0.028169014084507043,0.1408450704225352
49,17,60,0.16666666666666666,-0.11666666666666667,0.11666666666666667
49,18,66,0.3787878787878788,-0.06060606060606061,0.13636363636363635
49,19,52,0.057692307692307696,0.019230769230769232,0.038461538461538464
49,20,92,0.09782608695652174,0.06521739130434784,0.0
49,21,55,0.4,0.2,0.10909090909090902
49,22,57,0.3333333333333333,0.3333333333333333,0.07017543859649122
49,23,46,0.2608695652173913,-0.043478260869565244,0.19565217391304346
49,24,48,0.0625,-0.02083333333333333,0.125
49,25,81,0.4074074074074074,0.25925925925925924,0.012345679012345678
49,26,73,0.4931506849315068,0.4657534246575342,0.0273972602739726
50,0,51,0.17647058823529413,0.17647058823529413,0.27450980392156865
50,1,45,0.2222222222222222,-0.7777777777777778,0.7777777777777778
50,2,51,0.0196078431372549,0.0196078431372549,0.11764705882352942
50,3,54,0.05555555555555555,0.05555555555555555,0.2777777777777778
50,4,49,0.16326530612244897,0.16326530612244897,0.26530612244897955
50,5,53,0.2641509433962264,0.2641509433962264,0.037735849056603765
50,6,52,0.019230769230769232,0.019230769230769232,0.17307692307692307
50,7,58,0.10344827586206896,0.10344827586206896,0.10344827586206896
50,8,62,0.20967741935483872,0.20967741935483872,0.03225806451612903
50,9,66,0.30303030303030304,0.18181818181818182,0.04545454545454547
50,10,71,0.07042253521126761,0.0,0.04225352112676056
50,11,68,0.08823529411764706,0.05882352941176471,0.07352941176470588
50,12,54,0.2222222222222222,0.09259259259259259,0.018518518518518517
50,13,66,0.07575757575757576,-0.36363636363636365,0.36363636363636365
50,14,60,0.06666666666666667,0.05,0.016666666666666663
50,15,54,0.3148148148148148,0.3148148148148148,0.055555555555555525
50,16,71,0.07042253521126761,0.04225352112676056,0.1267605633802817
50,17,60,0.15,-0.13333333333333333,0.13333333333333333
50,18,66,0.3787878787878788,-0.06060606060606061,0.13636363636363635
50,19,52,0.019230769230769232,-0.019230769230769232,0.07692307692307693
50,20,92,0.07608695652173914,0.04347826086956522,0.021739130434782608
50,21,55,0.4,0.2,0.10909090909090902
50,22,57,0.3508771929824561,0.3508771929824561,0.05263157894736842
50,23,46,0.32608695652173914,0.021739130434782594,0.13043478260869562
50,24,48,0.10416666666666667,0.020833333333333343,0.08333333333333333
50,25,81,0.41975308641975306,0.2716049382716049,0.0
50,26,73,0.3835616438356164,0.3561643835616438,0.136986301369863
51,0,51,0.1568627450980392,0.1568627450980392,0.29411764705882354
51,1,45,0.17777777777777778,-0.8222222222222222,0.8222222222222222
51,2,51,0.0196078431372549,0.0196078431372549,0.11764705882352942
51,3,54,0.07407407407407407,0.07407407407407407,0.25925925925925924
51,4,49,0.1836734693877551,0.1836734693877551,0.24489795918367344
51,5,53,0.2641509433962264,0.2641509433962264,0.037735849056603765
51,6,52,0.019230769230769232,0.019230769230769232,0.17307692307692307
51,7,58,0.15517241379310345,0.15517241379310345,0.051724137931034475
51,8,62,0.24193548387096775,0.24193548387096775,0.0
51,9,66,0.2878787878787879,0.16666666666666669,0.06060606060606061
51,10,71,0.07042253521126761,0.0,0.04225352112676056
51,11,68,0.10294117647058823,0.07352941176470587,0.05882352941176472
51,12,54,0.2037037037037037,0.07407407407407407,0.037037037037037035
51,13,66,0.07575757575757576,-0.36363636363636365,0.36363636363636365
51,14,60,0.05,0.03333333333333334,0.033333333333333326
51,15,54,0.3148148148148148,0.3148148148148148,0.055555555555555525
51,16,71,0.09859154929577464,0.0704225352112676,0.09859154929577464
51,17,60,0.16666666666666666,-0.11666666666666667,0.11666666666666667
51,18,66,0.3939393939393939,-0.04545454545454547,0.12121212121212122
51,19,52,0.07692307692307693,0.038461538461538464,0.019230769230769232
51,20,92,0.09782608695652174,0.06521739130434784,0.0
51,21,55,0.41818181818181815,0.21818181818181814,0.09090909090909088
51,22,57,0.2982456140350877,0.2982456140350877,0.10526315789473684
51,23,46,0.2608695652173913,-0.043478260869565244,0.19565217391304346
51,24,48,0.041666666666666664,-0.041666666666666664,0.14583333333333334
51,25,81,0.43209876543209874,0.2839506172839506,0.0
51,26,73,0.5068493150684932,0.4794520547945206,0.013698630136986245
52,0,51,0.19607843137254902,0.19607843137254902,0.2549019607843137
52,1,45,0.2,-0.8,0.8
52,2,51,0.0392156862745098,0.0392156862745098,0.09803921568627452
52,3,54,0.12962962962962962,0.12962962962962962,0.2037037037037037
52,4,49,0.1836734693877551,0.1836734693877551,0.24489795918367344
52,5,53,0.3018867924528302,0.3018867924528302,0.0
52,6,52,0.038461538461538464,0.038461538461538464,0.15384615384615385
52,7,58,0.20689655172413793,0.20689655172413793,0.0
52,8,62,0.24193548387096775,0.24193548387096775,0.0
52,9,66,0.3333333333333333,0.2121212121212121,0.015151515151515194
52,10,71,0.07042253521126761,0.0,0.04225352112676056
52,11,68,0.07352941176470588,0.04411764705882353,0.08823529411764706
52,12,54,0.2037037037037037,0.07407407407407407,0.037037037037037035
52,13,66,0.045454545454545456,-0.3939393939393939,0.3939393939393939
52,14,60,0.05,0.03333333333333334,0.033333333333333326
52,15,54,0.2777777777777778,0.2777777777777778,0.09259259259259256
52,16,71,0.1267605633802817,0.09859154929577464,0.0704225352112676
52,17,60,0.21666666666666667,-0.06666666666666665,0.06666666666666665
52,18,66,0.4090909090909091,-0.030303030303030276,0.10606060606060602
52,19,52,0.0,-0.038461538461538464,0.09615384615384616
52,20,92,0.05434782608695652,0.021739130434782608,0.04347826086956522
52,21,55,0.509090909090909,0.309090909090909,0.0
52,22,57,0.3508771929824561,0.3508771929824561,0.05263157894736842
52,23,46,0.3695652173913043,0.06521739130434778,0.08695652173913043
52,24,48,0.125,0.04166666666666667,0.0625
52,25,81,0.37037037037037035,0.2222222222222222,0.06172839506172839
52,26,73,0.3561643835616438,0.3287671232876712,0.1643835616438356
53,0,51,0.17647058823529413,0.17647058823529413,0.27450980392156865
53,1,45,0.15555555555555556,-0.8444444444444444,0.8444444444444444
53,2,51,0.0196078431372549,0.0196078431372549,0.11764705882352942
53,3,54,0.12962962962962962,0.12962962962962962,0.2037037037037037
53,4,49,0.20408163265306123,0.20408163265306123,0.22448979591836732
53,5,53,0.3018867924528302,0.3018867924528302,0.0
53,6,52,0.038461538461538464,0.038461538461538464,0.15384615384615385
53,7,58,0.1206896551724138,0.1206896551724138,0.08620689655172413
53,8,62,0.22580645161290322,0.22580645161290322,0.01612903225806453
53,9,66,0.2878787878787879,0.16666666666666669,0.06060606060606061
53,10,71,0.07042253521126761,0.0,0.04225352112676056
53,11,68,0.10294117647058823,0.07352941176470587,0.05882352941176472
53,12,54,0.2037037037037037,0.07407407407407407,0.037037037037037035
53,13,66,0.06060606060606061,-0.3787878787878788,0.3787878787878788
53,14,60,0.03333333333333333,0.016666666666666666,0.049999999999999996
53,15,54,0.24074074074074073,0.24074074074074073,0.12962962962962962
53,16,71,0.14084507042253522,0.11267605633802817,0.056338028169014065
53,17,60,0.15,-0.13333333333333333,0.13333333333333333
53,18,66,0.36363636363636365,-0.07575757575757575,0.1515151515151515
53,19,52,0.07692307692307693,0.038461538461538464,0.019230769230769232
53,20,92,0.08695652173913043,0.05434782608695652,0.010869565217391311
53,21,55,0.41818181818181815,0.21818181818181814,0.09090909090909088
53,22,57,0.3508771929824561,0.3508771929824561,0.05263157894736842
53,23,46,0.2608695652173913,-0.043478260869565244,0.19565217391304346
53,24,48,0.10416666666666667,0.020833333333333343,0.08333333333333333
53,25,81,0.41975308641975306,0.2716049382716049,0.012345679012345678
53,26,73,0.4931506849315068,0.4657534246575342,0.0273972602739726
54,0,51,0.17647058823529413,0.17647058823529413,0.27450980392156865
54,1,45,0.15555555555555556,-0.8444444444444444,0.8444444444444444
54,2,51,0.0196078431372549,0.0196078431372549,0.11764705882352942
54,3,54,0.1111111111111111,0.1111111111111111,0.2222222222222222
54,4,49,0.22448979591836735,0.22448979591836735,0.2040816326530612
54,5,53,0.2830188679245283,0.2830188679245283,0.018867924528301883
54,6,52,0.057692307692307696,0.057692307692307696,0.13461538461538464
54,7,58,0.1724137931034483,0.1724137931034483,0.03448275862068964
54,8,62,0.27419354838709675,0.27419354838709675,0.0
54,9,66,0.3484848484848485,0.2272727272727273,0.0
54,10,71,0.08450704225352113,0.014084507042253516,0.028169014084507046
54,11,68,0.08823529411764706,0.05882352941176471,0.07352941176470588
54,12,54,0.2037037037037037,0.07407407407407407,0.037037037037037035
54,13,66,0.045454545454545456,-0.3939393939393939,0.3939393939393939
54,14,60,0.05,0.03333333333333334,0.033333333333333326
54,15,54,0.25925925925925924,0.25925925925925924,0.1111111111111111
54,16,71,0.14084507042253522,0.11267605633802817,0.056338028169014065
54,17,60,0.18333333333333332,-0.1,0.1
54,18,66,0.45454545454545453,0.015151515151515138,0.06060606060606061
54,19,52,0.057692307692307696,0.019230769230769232,0.038461538461538464
54,20,92,0.06521739130434782,0.03260869565217391,0.03260869565217392
54,21,55,0.45454545454545453,0.2545454545454545,0.05454545454545451
54,22,57,0.3508771929824561,0.3508771929824561,0.05263157894736842
54,23,46,0.391304347826087,0.08695652173913043,0.06521739130434778
54,24,48,0.10416666666666667,0.020833333333333343,0.08333333333333333
54,25,81,0.3950617283950617,0.24691358024691357,0.037037037037037035
54,26,73,0.3972602739726027,0.3698630136986301,0.1232876712328767
55,0,51,0.17647058823529413,0.17647058823529413,0.27450980392156865
55,1,45,0.17777777777777778,-0.8222222222222222,0.8222222222222222
55,2,51,0.0392156862745098,0.0392156862745098,0.09803921568627452
55,3,54,0.1111111111111111,0.1111111111111111,0.2222222222222222
55,4,49,0.20408163265306123,0.20408163265306123,0.22448979591836732
55,5,53,0.2830188679245283,0.2830188679245283,0.018867924528301883
55,6,52,0.019230769230769232,0.019230769230769232,0.17307692307692307
55,7,58,0.13793103448275862,0.13793103448275862,0.06896551724137931
55,8,62,0.20967741935483872,0.20967741935483872,0.06451612903225803
55,9,66,0.4090909090909091,0.2878787878787879,0.0
55,10,71,0.08450704225352113,0.014084507042253516,0.028169014084507046
55,11,68,0.07352941176470588,0.04411764705882353,0.08823529411764706
55,12,54,0.2037037037037037,0.07407407407407407,0.037037037037037035
55,13,66,0.07575757575757576,-0.36363636363636365,0.36363636363636365
55,14,60,0.05,0.03333333333333334,0.033333333333333326
55,15,54,0.37037037037037035,0.37037037037037035,0.0
55,16,71,0.11267605633802817,0.08450704225352113,0.08450704225352111
55,17,60,0.15,-0.13333333333333333,0.13333333333333333
55,18,66,0.3939393939393939,-0.04545454545454547,0.12121212121212122
55,19,52,0.057692307692307696,0.019230769230769232,0.038461538461538464
55,20,92,0.05434782608695652,0.021739130434782608,0.04347826086956522
55,21,55,0.4909090909090909,0.2909090909090909,0.018181818181818132
55,22,57,0.3684210526315789,0.3684210526315789,0.03508771929824561
55,23,46,0.30434782608695654,0.0,0.15217391304347822
55,24,48,0.10416666666666667,0.020833333333333343,0.08333333333333333
55,25,81,0.3950617283950617,0.24691358024691357,0.037037037037037035
55,26,73,0.3835616438356164,0.3561643835616438,0.136986301369863
56,0,51,0.1568627450980392,0.1568627450980392,0.29411764705882354
56,1,45,0.17777777777777778,-0.8222222222222222,0.8222222222222222
56,2,51,0.0196078431372549,0.0196078431372549,0.11764705882352942
56,3,54,0.09259259259259259,0.09259259259259259,0.24074074074074073
56,4,49,0.22448979591836735,0.22448979591836735,0.2040816326530612
56,5,53,0.2830188679245283,0.2830188679245283,0.018867924528301883
56,6,52,0.057692307692307696,0.057692307692307696,0.13461538461538464
56,7,58,0.1724137931034483,0.1724137931034483,0.03448275862068964
56,8,62,0.25806451612903225,0.25806451612903225,0.016129032258064502
56,9,66,0.4090909090909091,0.2878787878787879,0.0
56,10,71,0.08450704225352113,0.014084507042253516,0.028169014084507046
56,11,68,0.07352941176470588,0.04411764705882353,0.08823529411764706
56,12,54,0.2037037037037037,0.07407407407407407,0.037037037037037035
56,13,66,0.07575757575757576,-0.36363636363636365,0.36363636363636365
56,14,60,0.05,0.03333333333333334,0.033333333333333326
56,15,54,0.3148148148148148,0.3148148148148148,0.055555555555555525
56,16,71,0.14084507042253522,0.11267605633802817,0.056338028169014065
56,17,60,0.11666666666666667,-0.16666666666666666,0.16666666666666666
56,18,66,0.4393939393939394,0.0,0.07575757575757575
56,19,52,0.057692307692307696,0.019230769230769232,0.038461538461538464
56,20,92,0.05434782608695652,0.021739130434782608,0.04347826086956522
56,21,55,0.5272727272727272,0.3272727272727272,0.0
56,22,57,0.2982456140350877,0.2982456140350877,0.10526315789473684
56,23,46,0.32608695652173914,0.021739130434782594,0.13043478260869562
56,24,48,0.16666666666666666,0.08333333333333333,0.020833333333333343
56,25,81,0.4567901234567901,0.30864197530864196,0.0
56,26,73,0.4246575342465753,0.3972602739726027,0.0958904109589041
57,0,51,0.13725490196078433,0.13725490196078433,0.3137254901960784
57,1,45,0.2,-0.8,0.8
57,2,51,0.0196078431372549,0.0196078431372549,0.11764705882352942
57,3,54,0.09259259259259259,0.09259259259259259,0.24074074074074073
57,4,49,0.1836734693877551,0.1836734693877551,0.24489795918367344
57,5,53,0.2830188679245283,0.2830188679245283,0.018867924528301883
57,6,52,0.019230769230769232,0.019230769230769232,0.17307692307692307
57,7,58,0.1724137931034483,0.1724137931034483,0.03448275862068964
57,8,62,0.25806451612903225,0.25806451612903225,0.016129032258064502
57,9,66,0.3787878787878788,0.25757575757575757,0.03030303030303033
57,10,71,0.08450704225352113,0.014084507042253516,0.028169014084507046
57,11,68,0.11764705882352941,0.08823529411764705,0.04411764705882354
57,12,54,0.2037037037037037,0.07407407407407407,0.037037037037037035
57,13,66,0.07575757575757576,-0.36363636363636365,0.36363636363636365
57,14,60,0.05,0.03333333333333334,0.033333333333333326
57,15,54,0.3148148148148148,0.3148148148148148,0.055555555555555525
57,16,71,0.11267605633802817,0.08450704225352113,0.08450704225352111
57,17,60,0.13333333333333333,-0.15,0.15
57,18,66,0.42424242424242425,-0.015151515151515138,0.09090909090909088
57,19,52,0.057692307692307696,0.019230769230769232,0.038461538461538464
57,20,92,0.05434782608695652,0.021739130434782608,0.04347826086956522
57,21,55,0.38181818181818183,0.18181818181818182,0.1454545454545454
57,22,57,0.3684210526315789,0.3684210526315789,0.03508771929824561
57,23,46,0.34782608695652173,0.04347826086956519,0.10869565217391303
57,24,48,0.14583333333333334,0.06250000000000001,0.04166666666666666
57,25,81,0.4567901234567901,0.30864197530864196,0.0
57,26,73,0.3972602739726027,0.3698630136986301,0.1232876712328767
58,0,51,0.17647058823529413,0.17647058823529413,0.27450980392156865
58,1,45,0.17777777777777778,-0.8222222222222222,0.8222222222222222
58,2,51,0.0196078431372549,0.0196078431372549,0.11764705882352942
58,3,54,0.07407407407407407,0.07407407407407407,0.25925925925925924
58,4,49,0.1836734693877551,0.1836734693877551,0.24489795918367344
58,5,53,0.32075471698113206,0.32075471698113206,0.0
58,6,52,0.07692307692307693,0.07692307692307693,0.11538461538461539
58,7,58,0.15517241379310345,0.15517241379310345,0.051724137931034475
58,8,62,0.25806451612903225,0.25806451612903225,0.016129032258064502
58,9,66,0.4090909090909091,0.2878787878787879,0.0
58,10,71,0.08450704225352113,0.014084507042253516,0.028169014084507046
58,11,68,0.08823529411764706,0.05882352941176471,0.07352941176470588
58,12,54,0.2037037037037037,0.07407407407407407,0.037037037037037035
58,13,66,0.06060606060606061,-0.3787878787878788,0.3787878787878788
58,14,60,0.05,0.03333333333333334,0.033333333333333326
58,15,54,0.37037037037037035,0.37037037037037035,0.0
58,16,71,0.056338028169014086,0.028169014084507043,0.1408450704225352
58,17,60,0.16666666666666666,-0.11666666666666667,0.11666666666666667
58,18,66,0.36363636363636365,-0.07575757575757575,0.1515151515151515
58,19,52,0.07692307692307693,0.038461538461538464,0.019230769230769232
58,20,92,0.043478260869565216,0.010869565217391304,0.05434782608695653
58,21,55,0.4727272727272727,0.2727272727272727,0.05454545454545451
58,22,57,0.42105263157894735,0.42105263157894735,0.0
58,23,46,0.4782608695652174,0.17391304347826086,0.0
58,24,48,0.10416666666666667,0.020833333333333343,0.08333333333333333
58,25,81,0.4444444444444444,0.2962962962962963,0.012345679012345678
58,26,73,0.3972602739726027,0.3698630136986301,0.1232876712328767
59,0,51,0.11764705882352941,0.11764705882352941,0.33333333333333337
59,1,45,0.17777777777777778,-0.8222222222222222,0.8222222222222222
59,2,51,0.0196078431372549,0.0196078431372549,0.11764705882352942
59,3,54,0.1111111111111111,0.1111111111111111,0.2222222222222222
59,4,49,0.20408163265306123,0.20408163265306123,0.22448979591836732
59,5,53,0.2641509433962264,0.2641509433962264,0.05660377358490565
59,6,52,0.057692307692307696,0.057692307692307696,0.13461538461538464
59,7,58,0.20689655172413793,0.20689655172413793,0.0
59,8,62,0.1935483870967742,0.1935483870967742,0.08064516129032256
59,9,66,0.4090909090909091,0.2878787878787879,0.0
59,10,71,0.07042253521126761,0.0,0.04225352112676056
59,11,68,0.10294117647058823,0.07352941176470587,0.05882352941176472
59,12,54,0.2037037037037037,0.07407407407407407,0.037037037037037035
59,13,66,0.09090909090909091,-0.3484848484848485,0.3484848484848485
59,14,60,0.06666666666666667,0.05,0.016666666666666663
59,15,54,0.35185185185185186,0.35185185185185186,0.01851851851851849
59,16,71,0.056338028169014086,0.028169014084507043,0.1408450704225352
59,17,60,0.16666666666666666,-0.11666666666666667,0.11666666666666667
59,18,66,0.45454545454545453,0.015151515151515138,0.06060606060606061
59,19,52,0.07692307692307693,0.038461538461538464,0.019230769230769232
59,20,92,0.06521739130434782,0.03260869565217391,0.03260869565217392
59,21,55,0.4727272727272727,0.2727272727272727,0.05454545454545451
59,22,57,0.3508771929824561,0.3508771929824561,0.07017543859649122
59,23,46,0.391304347826087,0.08695652173913043,0.08695652173913043
59,24,48,0.125,0.04166666666666667,0.0625
59,25,81,0.5555555555555556,0.40740740740740744,0.0
59,26,73,0.3972602739726027,0.3698630136986301,0.1232876712328767
60,0,51,0.1568627450980392,0.1568627450980392,0.29411764705882354
60,1,45,0.15555555555555556,-0.8444444444444444,0.8444444444444444
60,2,51,0.0196078431372549,0.0196078431372549,0.11764705882352942
60,3,54,0.07407407407407407,0.07407407407407407,0.25925925925925924
60,4,49,0.22448979591836735,0.22448979591836735,0.2040816326530612
60,5,53,0.32075471698113206,0.32075471698113206,0.0
60,6,52,0.038461538461538464,0.038461538461538464,0.15384615384615385
60,7,58,0.1724137931034483,0.1724137931034483,0.03448275862068964
60,8,62,0.27419354838709675,0.27419354838709675,0.0
60,9,66,0.3787878787878788,0.25757575757575757,0.03030303030303033
60,10,71,0.08450704225352113,0.014084507042253516,0.028169014084507046
60,11,68,0.07352941176470588,0.04411764705882353,0.08823529411764706
60,12,54,0.24074074074074073,0.1111111111111111,0.0
60,13,66,0.06060606060606061,-0.3787878787878788,0.3787878787878788
60,14,60,0.05,0.03333333333333334,0.033333333333333326
60,15,54,0.3148148148148148,0.3148148148148148,0.055555555555555525
60,16,71,0.15492957746478872,0.1267605633802817,0.04225352112676056
60,17,60,0.13333333333333333,-0.15,0.15
60,18,66,0.4090909090909091,-0.030303030303030276,0.10606060606060602
60,19,52,0.11538461538461539,0.07692307692307693,0.0
60,20,92,0.03260869565217391,0.0,0.06521739130434784
60,21,55,0.5272727272727272,0.3272727272727272,0.0
60,22,57,0.40350877192982454,0.40350877192982454,0.017543859649122806
60,23,46,0.4782608695652174,0.17391304347826086,0.0
60,24,48,0.10416666666666667,0.020833333333333343,0.08333333333333333
60,25,81,0.41975308641975306,0.2716049382716049,0.13580246913580252
60,26,73,0.4246575342465753,0.3972602739726027,0.0958904109589041
61,0,51,0.19607843137254902,0.19607843137254902,0.2549019607843137
61,1,45,0.13333333333333333,-0.8666666666666667,0.8666666666666667
61,2,51,0.0196078431372549,0.0196078431372549,0.11764705882352942
61,3,54,0.07407407407407407,0.07407407407407407,0.25925925925925924
61,4,49,0.1836734693877551,0.1836734693877551,0.24489795918367344
61,5,53,0.3018867924528302,0.3018867924528302,0.018867924528301883
61,6,52,0.057692307692307696,0.057692307692307696,0.13461538461538464
61,7,58,0.1206896551724138,0.1206896551724138,0.08620689655172413
61,8,62,0.24193548387096775,0.24193548387096775,0.032258064516129004
61,9,66,0.3333333333333333,0.2121212121212121,0.0757575757575758
61,10,71,0.07042253521126761,0.0,0.04225352112676056
61,11,68,0.07352941176470588,0.04411764705882353,0.08823529411764706
61,12,54,0.2222222222222222,0.09259259259259259,0.018518518518518517
61,13,66,0.09090909090909091,-0.3484848484848485,0.3484848484848485
61,14,60,0.06666666666666667,0.05,0.016666666666666663
61,15,54,0.2777777777777778,0.2777777777777778,0.09259259259259256
61,16,71,0.11267605633802817,0.08450704225352113,0.08450704225352111
61,17,60,0.16666666666666666,-0.11666666666666667,0.11666666666666667
61,18,66,0.4090909090909091,-0.030303030303030276,0.10606060606060602
61,19,52,0.019230769230769232,-0.019230769230769232,0.09615384615384616
61,20,92,0.07608695652173914,0.04347826086956522,0.021739130434782608
61,21,55,0.509090909090909,0.309090909090909,0.018181818181818188
61,22,57,0.3684210526315789,0.3684210526315789,0.05263157894736842
61,23,46,0.4782608695652174,0.17391304347826086,0.0
61,24,48,0.22916666666666666,0.14583333333333331,0.0
61,25,81,0.38271604938271603,0.2345679012345679,0.17283950617283955
61,26,73,0.3287671232876712,0.3013698630136986,0.1917808219178082
62,0,51,0.2549019607843137,0.2549019607843137,0.19607843137254904
62,1,45,0.13333333333333333,-0.8666666666666667,0.8666666666666667
62,2,51,0.0392156862745098,0.0392156862745098,0.09803921568627452
62,3,54,0.07407407407407407,0.07407407407407407,0.25925925925925924
62,4,49,0.1836734693877551,0.1836734693877551,0.24489795918367344
62,5,53,0.2641509433962264,0.2641509433962264,0.05660377358490565
62,6,52,0.019230769230769232,0.019230769230769232,0.17307692307692307
62,7,58,0.1724137931034483,0.1724137931034483,0.03448275862068964
62,8,62,0.24193548387096775,0.24193548387096775,0.032258064516129004
62,9,66,0.3787878787878788,0.25757575757575757,0.03030303030303033
62,10,71,0.07042253521126761,0.0,0.04225352112676056
62,11,68,0.10294117647058823,0.07352941176470587,0.05882352941176472
62,12,54,0.2777777777777778,0.14814814814814817,0.0
62,13,66,0.045454545454545456,-0.3939393939393939,0.3939393939393939
62,14,60,0.05,0.03333333333333334,0.033333333333333326
62,15,54,0.3333333333333333,0.3333333333333333,0.037037037037037035
62,16,71,0.09859154929577464,0.0704225352112676,0.09859154929577464
62,17,60,0.16666666666666666,-0.11666666666666667,0.11666666666666667
62,18,66,0.42424242424242425,-0.015151515151515138,0.09090909090909088
62,19,52,0.09615384615384616,0.057692307692307696,0.019230769230769232
62,20,92,0.05434782608695652,0.021739130434782608,0.04347826086956522
62,21,55,0.4,0.2,0.1272727272727272
62,22,57,0.3684210526315789,0.3684210526315789,0.05263157894736842
62,23,46,0.30434782608695654,0.0,0.17391304347826086
62,24,48,0.08333333333333333,0.0,0.14583333333333331
62,25,81,0.4444444444444444,0.2962962962962963,0.11111111111111116
62,26,73,0.410958904109589,0.3835616438356164,0.1095890410958904
63,0,51,0.21568627450980393,0.21568627450980393,0.23529411764705882
63,1,45,0.17777777777777778,-0.8222222222222222,0.8222222222222222
63,2,51,0.0392156862745098,0.0392156862745098,0.09803921568627452
63,3,54,0.09259259259259259,0.09259259259259259,0.24074074074074073
63,4,49,0.20408163265306123,0.20408163265306123,0.22448979591836732
63,5,53,0.3018867924528302,0.3018867924528302,0.018867924528301883
63,6,52,0.038461538461538464,0.038461538461538464,0.15384615384615385
63,7,58,0.1896551724137931,0.1896551724137931,0.017241379310344834
63,8,62,0.20967741935483872,0.20967741935483872,0.06451612903225803
63,9,66,0.4393939393939394,0.3181818181818182,0.0
63,10,71,0.08450704225352113,0.014084507042253516,0.028169014084507046
63,11,68,0.10294117647058823,0.07352941176470587,0.05882352941176472
63,12,54,0.2037037037037037,0.07407407407407407,0.0740740740740741
63,13,66,0.07575757575757576,-0.36363636363636365,0.36363636363636365
63,14,60,0.06666666666666667,0.05,0.016666666666666663
63,15,54,0.3148148148148148,0.3148148148148148,0.055555555555555525
63,16,71,0.11267605633802817,0.08450704225352113,0.08450704225352111
63,17,60,0.15,-0.13333333333333333,0.13333333333333333
63,18,66,0.3939393939393939,-0.04545454545454547,0.12121212121212122
63,19,52,0.019230769230769232,-0.019230769230769232,0.09615384615384616
63,20,92,0.06521739130434782,0.03260869565217391,0.03260869565217392
63,21,55,0.5454545454545454,0.3454545454545454,0.0
63,22,57,0.3684210526315789,0.3684210526315789,0.05263157894736842
63,23,46,0.391304347826087,0.08695652173913043,0.08695652173913043
63,24,48,0.125,0.04166666666666667,0.10416666666666666
63,25,81,0.43209876543209874,0.2839506172839506,0.12345679012345684
63,26,73,0.410958904109589,0.3835616438356164,0.1095890410958904
64,0,51,0.1568627450980392,0.1568627450980392,0.29411764705882354
64,1,45,0.2,-0.8,0.8
64,2,51,0.0392156862745098,0.0392156862745098,0.09803921568627452
64,3,54,0.09259259259259259,0.09259259259259259,0.24074074074074073
64,4,49,0.22448979591836735,0.22448979591836735,0.2040816326530612
64,5,53,0.3018867924528302,0.3018867924528302,0.018867924528301883
64,6,52,0.038461538461538464,0.038461538461538464,0.15384615384615385
64,7,58,0.20689655172413793,0.20689655172413793,0.0
64,8,62,0.20967741935483872,0.20967741935483872,0.06451612903225803
64,9,66,0.42424242424242425,0.30303030303030304,0.015151515151515138
64,10,71,0.08450704225352113,0.014084507042253516,0.028169014084507046
64,11,68,0.058823529411764705,0.029411764705882353,0.10294117647058824
64,12,54,0.2222222222222222,0.09259259259259259,0.05555555555555558
64,13,66,0.09090909090909091,-0.3484848484848485,0.3484848484848485
64,14,60,0.05,0.03333333333333334,0.033333333333333326
64,15,54,0.2962962962962963,0.2962962962962963,0.07407407407407407
64,16,71,0.09859154929577464,0.0704225352112676,0.09859154929577464
64,17,60,0.15,-0.13333333333333333,0.13333333333333333
64,18,66,0.42424242424242425,-0.015151515151515138,0.09090909090909088
64,19,52,0.057692307692307696,0.019230769230769232,0.057692307692307696
64,20,92,0.06521739130434782,0.03260869565217391,0.03260869565217392
64,21,55,0.5272727272727272,0.3272727272727272,0.018181818181818188
64,22,57,0.2982456140350877,0.2982456140350877,0.12280701754385964
64,23,46,0.30434782608695654,0.0,0.17391304347826086
64,24,48,0.125,0.04166666666666667,0.10416666666666666
64,25,81,0.5061728395061729,0.3580246913580247,0.04938271604938271
64,26,73,0.3698630136986301,0.3424657534246575,0.1506849315068493
65,0,51,0.17647058823529413,0.17647058823529413,0.27450980392156865
65,1,45,0.17777777777777778,-0.8222222222222222,0.8222222222222222
65,2,51,0.0392156862745098,0.0392156862745098,0.09803921568627452
65,3,54,0.09259259259259259,0.09259259259259259,0.24074074074074073
65,4,49,0.22448979591836735,0.22448979591836735,0.2040816326530612
65,5,53,0.2830188679245283,0.2830188679245283,0.037735849056603765
65,6,52,0.038461538461538464,0.038461538461538464,0.15384615384615385
65,7,58,0.22413793103448276,0.22413793103448276,0.0
65,8,62,0.22580645161290322,0.22580645161290322,0.04838709677419353
65,9,66,0.4090909090909091,0.2878787878787879,0.030303030303030276
65,10,71,0.08450704225352113,0.014084507042253516,0.028169014084507046
65,11,68,0.1323529411764706,0.10294117647058823,0.02941176470588236
65,12,54,0.2222222222222222,0.09259259259259259,0.05555555555555558
65,13,66,0.06060606060606061,-0.3787878787878788,0.3787878787878788
65,14,60,0.05,0.03333333333333334,0.033333333333333326
65,15,54,0.3333333333333333,0.3333333333333333,0.037037037037037035
65,16,71,0.11267605633802817,0.08450704225352113,0.08450704225352111
65,17,60,0.16666666666666666,-0.11666666666666667,0.11666666666666667
65,18,66,0.42424242424242425,-0.015151515151515138,0.09090909090909088
65,19,52,0.057692307692307696,0.019230769230769232,0.057692307692307696
65,20,92,0.03260869565217391,0.0,0.06521739130434784
65,21,55,0.509090909090909,0.309090909090909,0.036363636363636376
65,22,57,0.3508771929824561,0.3508771929824561,0.07017543859649122
65,23,46,0.3695652173913043,0.06521739130434778,0.10869565217391308
65,24,48,0.14583333333333334,0.06250000000000001,0.08333333333333331
65,25,81,0.48148148148148145,0.3333333333333333,0.07407407407407413
65,26,73,0.4383561643835616,0.410958904109589,0.0821917808219178
66,0,51,0.2549019607843137,0.2549019607843137,0.19607843137254904
66,1,45,0.2,-0.8,0.8
66,2,51,0.0392156862745098,0.0392156862745098,0.09803921568627452
66,3,54,0.09259259259259259,0.09259259259259259,0.24074074074074073
66,4,49,0.16326530612244897,0.16326530612244897,0.26530612244897955
66,5,53,0.2830188679245283,0.2830188679245283,0.037735849056603765
66,6,52,0.019230769230769232,0.019230769230769232,0.17307692307692307
66,7,58,0.22413793103448276,0.22413793103448276,0.0
66,8,62,0.22580645161290322,0.22580645161290322,0.04838709677419353
66,9,66,0.4090909090909091,0.2878787878787879,0.030303030303030276
66,10,71,0.056338028169014086,-0.014084507042253523,0.056338028169014086
66,11,68,0.14705882352941177,0.11764705882352941,0.01470588235294118
66,12,54,0.2037037037037037,0.07407407407407407,0.0740740740740741
66,13,66,0.06060606060606061,-0.3787878787878788,0.3787878787878788
66,14,60,0.05,0.03333333333333334,0.033333333333333326
66,15,54,0.25925925925925924,0.25925925925925924,0.1111111111111111
66,16,71,0.056338028169014086,0.028169014084507043,0.1408450704225352
66,17,60,0.16666666666666666,-0.11666666666666667,0.11666666666666667
66,18,66,0.42424242424242425,-0.015151515151515138,0.09090909090909088
66,19,52,0.038461538461538464,0.0,0.07692307692307693
66,20,92,0.03260869565217391,0.0,0.06521739130434784
66,21,55,0.45454545454545453,0.2545454545454545,0.09090909090909088
66,22,57,0.3508771929824561,0.3508771929824561,0.07017543859649122
66,23,46,0.391304347826087,0.08695652173913043,0.08695652173913043
66,24,48,0.14583333333333334,0.06250000000000001,0.08333333333333331
66,25,81,0.5555555555555556,0.40740740740740744,0.0
66,26,73,0.410958904109589,0.3835616438356164,0.1095890410958904
67,0,51,0.17647058823529413,0.17647058823529413,0.27450980392156865
67,1,45,0.15555555555555556,-0.8444444444444444,0.8444444444444444
67,2,51,0.0196078431372549,0.0196078431372549,0.11764705882352942
67,3,54,0.1111111111111111,0.1111111111111111,0.2222222222222222
67,4,49,0.1836734693877551,0.1836734693877551,0.24489795918367344
67,5,53,0.2830188679245283,0.2830188679245283,0.037735849056603765
67,6,52,0.057692307692307696,0.057692307692307696,0.13461538461538464
67,7,58,0.3103448275862069,0.3103448275862069,0.0
67,8,62,0.22580645161290322,0.22580645161290322,0.04838709677419353
67,9,66,0.36363636363636365,0.24242424242424243,0.07575757575757575
67,10,71,0.08450704225352113,0.014084507042253516,0.028169014084507046
67,11,68,0.11764705882352941,0.08823529411764705,0.04411764705882354
67,12,54,0.2777777777777778,0.14814814814814817,0.0
67,13,66,0.07575757575757576,-0.36363636363636365,0.36363636363636365
67,14,60,0.05,0.03333333333333334,0.033333333333333326
67,15,54,0.24074074074074073,0.24074074074074073,0.12962962962962962
67,16,71,0.11267605633802817,0.08450704225352113,0.08450704225352111
67,17,60,0.13333333333333333,-0.15,0.15
67,18,66,0.42424242424242425,-0.015151515151515138,0.09090909090909088
67,19,52,0.057692307692307696,0.019230769230769232,0.057692307692307696
67,20,92,0.05434782608695652,0.021739130434782608,0.04347826086956522
67,21,55,0.45454545454545453,0.2545454545454545,0.09090909090909088
67,22,57,0.3508771929824561,0.3508771929824561,0.07017543859649122
67,23,46,0.34782608695652173,0.04347826086956519,0.13043478260869568
67,24,48,0.16666666666666666,0.08333333333333333,0.0625
67,25,81,0.48148148148148145,0.3333333333333333,0.07407407407407413
67,26,73,0.3972602739726027,0.3698630136986301,0.1232876712328767
68,0,51,0.17647058823529413,0.17647058823529413,0.27450980392156865
68,1,45,0.17777777777777778,-0.8222222222222222,0.8222222222222222
68,2,51,0.0392156862745098,0.0392156862745098,0.09803921568627452
68,3,54,0.1111111111111111,0.1111111111111111,0.2222222222222222
68,4,49,0.24489795918367346,0.24489795918367346,0.18367346938775508
68,5,53,0.3018867924528302,0.3018867924528302,0.018867924528301883
68,6,52,0.057692307692307696,0.057692307692307696,0.13461538461538464
68,7,58,0.1724137931034483,0.1724137931034483,0.13793103448275862
68,8,62,0.24193548387096775,0.24193548387096775,0.032258064516129004
68,9,66,0.4090909090909091,0.2878787878787879,0.030303030303030276
68,10,71,0.09859154929577464,0.028169014084507032,0.01408450704225353
68,11,68,0.08823529411764706,0.05882352941176471,0.07352941176470588
68,12,54,0.2222222222222222,0.09259259259259259,0.05555555555555558
68,13,66,0.06060606060606061,-0.3787878787878788,0.3787878787878788
68,14,60,0.08333333333333333,0.06666666666666667,0.0
68,15,54,0.2962962962962963,0.2962962962962963,0.07407407407407407
68,16,71,0.08450704225352113,0.05633802816901408,0.11267605633802816
68,17,60,0.13333333333333333,-0.15,0.15
68,18,66,0.45454545454545453,0.015151515151515138,0.06060606060606061
68,19,52,0.019230769230769232,-0.019230769230769232,0.09615384615384616
68,20,92,0.05434782608695652,0.021739130434782608,0.04347826086956522
68,21,55,0.4909090909090909,0.2909090909090909,0.05454545454545451
68,22,57,0.42105263157894735,0.42105263157894735,0.0
68,23,46,0.41304347826086957,0.10869565217391303,0.06521739130434784
68,24,48,0.1875,0.10416666666666667,0.04166666666666666
68,25,81,0.49382716049382713,0.345679012345679,0.06172839506172845
68,26,73,0.3972602739726027,0.3698630136986301,0.1232876712328767
69,0,51,0.09803921568627451,0.09803921568627451,0.35294117647058826
69,1,45,0.2222222222222222,-0.7777777777777778,0.7777777777777778
69,2,51,0.0196078431372549,0.0196078431372549,0.11764705882352942
69,3,54,0.1111111111111111,0.1111111111111111,0.2222222222222222
69,4,49,0.20408163265306123,0.20408163265306123,0.22448979591836732
69,5,53,0.3018867924528302,0.3018867924528302,0.018867924528301883
69,6,52,0.038461538461538464,0.038461538461538464,0.15384615384615385
69,7,58,0.2413793103448276,0.2413793103448276,0.06896551724137931
69,8,62,0.22580645161290322,0.22580645161290322,0.04838709677419353
69,9,66,0.3939393939393939,0.2727272727272727,0.04545454545454547
69,10,71,0.08450704225352113,0.014084507042253516,0.028169014084507046
69,11,68,0.07352941176470588,0.04411764705882353,0.08823529411764706
69,12,54,0.2222222222222222,0.09259259259259259,0.05555555555555558
69,13,66,0.06060606060606061,-0.3787878787878788,0.3787878787878788
69,14,60,0.08333333333333333,0.06666666666666667,0.0
69,15,54,0.3333333333333333,0.3333333333333333,0.037037037037037035
69,16,71,0.07042253521126761,0.04225352112676056,0.1267605633802817
69,17,60,0.13333333333333333,-0.15,0.15
69,18,66,0.45454545454545453,0.015151515151515138,0.06060606060606061
69,19,52,0.07692307692307693,0.038461538461538464,0.038461538461538464
69,20,92,0.043478260869565216,0.010869565217391304,0.05434782608695653
69,21,55,0.5818181818181818,0.3818181818181818,0.0
69,22,57,0.3333333333333333,0.3333333333333333,0.08771929824561403
69,23,46,0.391304347826087,0.08695652173913043,0.08695652173913043
69,24,48,0.16666666666666666,0.08333333333333333,0.0625
69,25,81,0.5061728395061729,0.3580246913580247,0.04938271604938271
69,26,73,0.3972602739726027,0.3698630136986301,0.1232876712328767
70,0,51,0.19607843137254902,0.19607843137254902,0.2549019607843137
70,1,45,0.2222222222222222,-0.7777777777777778,0.7777777777777778
70,2,51,0.0392156862745098,0.0392156862745098,0.09803921568627452
70,3,54,0.1111111111111111,0.1111111111111111,0.2222222222222222
70,4,49,0.24489795918367346,0.24489795918367346,0.18367346938775508
70,5,53,0.33962264150943394,0.33962264150943394,0.0
70,6,52,0.038461538461538464,0.038461538461538464,0.15384615384615385
70,7,58,0.2413793103448276,0.2413793103448276,0.06896551724137931
70,8,62,0.24193548387096775,0.24193548387096775,0.032258064516129004
70,9,66,0.42424242424242425,0.30303030303030304,0.015151515151515138
70,10,71,0.09859154929577464,0.028169014084507032,0.01408450704225353
70,11,68,0.10294117647058823,0.07352941176470587,0.05882352941176472
70,12,54,0.24074074074074073,0.1111111111111111,0.03703703703703706
70,13,66,0.07575757575757576,-0.36363636363636365,0.36363636363636365
70,14,60,0.03333333333333333,0.016666666666666666,0.049999999999999996
70,15,54,0.2222222222222222,0.2222222222222222,0.14814814814814814
70,16,71,0.056338028169014086,0.028169014084507043,0.1408450704225352
70,17,60,0.16666666666666666,-0.11666666666666667,0.11666666666666667
70,18,66,0.4393939393939394,0.0,0.07575757575757575
70,19,52,0.0,-0.038461538461538464,0.11538461538461539
70,20,92,0.043478260869565216,0.010869565217391304,0.05434782608695653
70,21,55,0.5454545454545454,0.3454545454545454,0.036363636363636376
70,22,57,0.21052631578947367,0.21052631578947367,0.21052631578947367
70,23,46,0.34782608695652173,0.04347826086956519,0.13043478260869568
70,24,48,0.125,0.04166666666666667,0.10416666666666666
70,25,81,0.5061728395061729,0.3580246913580247,0.04938271604938271
70,26,73,0.3972602739726027,0.3698630136986301,0.1232876712328767
71,0,51,0.23529411764705882,0.23529411764705882,0.21568627450980393
71,1,45,0.15555555555555556,-0.8444444444444444,0.8444444444444444
71,2,51,0.0196078431372549,0.0196078431372549,0.11764705882352942
71,3,54,0.1111111111111111,0.1111111111111111,0.2222222222222222
71,4,49,0.24489795918367346,0.24489795918367346,0.18367346938775508
71,5,53,0.2830188679245283,0.2830188679245283,0.05660377358490565
71,6,52,0.038461538461538464,0.038461538461538464,0.15384615384615385
71,7,58,0.22413793103448276,0.22413793103448276,0.08620689655172414
71,8,62,0.22580645161290322,0.22580645161290322,0.04838709677419353
71,9,66,0.3333333333333333,0.2121212121212121,0.10606060606060608
71,10,71,0.07042253521126761,0.0,0.04225352112676056
71,11,68,0.1323529411764706,0.10294117647058823,0.02941176470588236
71,12,54,0.25925925925925924,0.12962962962962962,0.018518518518518545
71,13,66,0.09090909090909091,-0.3484848484848485,0.3484848484848485
71,14,60,0.06666666666666667,0.05,0.016666666666666663
71,15,54,0.25925925925925924,0.25925925925925924,0.1111111111111111
71,16,71,0.08450704225352113,0.05633802816901408,0.11267605633802816
71,17,60,0.15,-0.13333333333333333,0.13333333333333333
71,18,66,0.3939393939393939,-0.04545454545454547,0.12121212121212122
71,19,52,0.09615384615384616,0.057692307692307696,0.019230769230769232
71,20,92,0.03260869565217391,0.0,0.06521739130434784
71,21,55,0.4,0.2,0.18181818181818177
71,22,57,0.22807017543859648,0.22807017543859648,0.19298245614035087
71,23,46,0.2826086956521739,-0.02173913043478265,0.19565217391304351
71,24,48,0.125,0.04166666666666667,0.10416666666666666
71,25,81,0.5308641975308642,0.3827160493827161,0.024691358024691357
71,26,73,0.4657534246575342,0.4383561643835616,0.0547945205479452
72,0,51,0.17647058823529413,0.17647058823529413,0.27450980392156865
72,1,45,0.15555555555555556,-0.8444444444444444,0.8444444444444444
72,2,51,0.0392156862745098,0.0392156862745098,0.09803921568627452
72,3,54,0.1111111111111111,0.1111111111111111,0.2222222222222222
72,4,49,0.22448979591836735,0.22448979591836735,0.2040816326530612
72,5,53,0.32075471698113206,0.32075471698113206,0.018867924528301883
72,6,52,0.038461538461538464,0.038461538461538464,0.15384615384615385
72,7,58,0.25862068965517243,0.25862068965517243,0.051724137931034475
72,8,62,0.22580645161290322,0.22580645161290322,0.04838709677419353
72,9,66,0.4393939393939394,0.3181818181818182,0.0
72,10,71,0.08450704225352113,0.014084507042253516,0.028169014084507046
72,11,68,0.07352941176470588,0.04411764705882353,0.08823529411764706
72,12,54,0.2222222222222222,0.09259259259259259,0.05555555555555558
72,13,66,0.06060606060606061,-0.3787878787878788,0.3787878787878788
72,14,60,0.08333333333333333,0.06666666666666667,0.0
72,15,54,0.2777777777777778,0.2777777777777778,0.09259259259259256
72,16,71,0.09859154929577464,0.0704225352112676,0.09859154929577464
72,17,60,0.11666666666666667,-0.16666666666666666,0.16666666666666666
72,18,66,0.45454545454545453,0.015151515151515138,0.06060606060606061
72,19,52,0.07692307692307693,0.038461538461538464,0.038461538461538464
72,20,92,0.043478260869565216,0.010869565217391304,0.05434782608695653
72,21,55,0.509090909090909,0.309090909090909,0.07272727272727275
72,22,57,0.38596491228070173,0.38596491228070173,0.03508771929824561
72,23,46,0.43478260869565216,0.13043478260869562,0.043478260869565244
72,24,48,0.10416666666666667,0.020833333333333343,0.12499999999999999
72,25,81,0.4567901234567901,0.30864197530864196,0.09876543209876548
72,26,73,0.4383561643835616,0.410958904109589,0.0821917808219178
73,0,51,0.17647058823529413,0.17647058823529413,0.27450980392156865
73,1,45,0.17777777777777778,-0.8222222222222222,0.8222222222222222
73,2,51,0.0392156862745098,0.0392156862745098,0.09803921568627452
73,3,54,0.12962962962962962,0.12962962962962962,0.2037037037037037
73,4,49,0.20408163265306123,0.20408163265306123,0.22448979591836732
73,5,53,0.37735849056603776,0.37735849056603776,0.0
73,6,52,0.038461538461538464,0.038461538461538464,0.15384615384615385
73,7,58,0.27586206896551724,0.27586206896551724,0.03448275862068967
73,8,62,0.20967741935483872,0.20967741935483872,0.06451612903225803
73,9,66,0.4090909090909091,0.2878787878787879,0.030303030303030276
73,10,71,0.07042253521126761,0.0,0.04225352112676056
73,11,68,0.058823529411764705,0.029411764705882353,0.10294117647058824
73,12,54,0.25925925925925924,0.12962962962962962,0.018518518518518545
73,13,66,0.045454545454545456,-0.3939393939393939,0.3939393939393939
73,14,60,0.06666666666666667,0.05,0.016666666666666663
73,15,54,0.2777777777777778,0.2777777777777778,0.09259259259259256
73,16,71,0.056338028169014086,0.028169014084507043,0.1408450704225352
73,17,60,0.15,-0.13333333333333333,0.13333333333333333
73,18,66,0.42424242424242425,-0.015151515151515138,0.09090909090909088
73,19,52,0.07692307692307693,0.038461538461538464,0.038461538461538464
73,20,92,0.03260869565217391,0.0,0.06521739130434784
73,21,55,0.4727272727272727,0.2727272727272727,0.10909090909090907
73,22,57,0.38596491228070173,0.38596491228070173,0.03508771929824561
73,23,46,0.3695652173913043,0.06521739130434778,0.10869565217391308
73,24,48,0.16666666666666666,0.08333333333333333,0.0625
73,25,81,0.5185185185185185,0.37037037037037035,0.03703703703703709
73,26,73,0.4246575342465753,0.3972602739726027,0.0958904109589041
74,0,51,0.23529411764705882,0.23529411764705882,0.21568627450980393
74,1,45,0.17777777777777778,-0.8222222222222222,0.8222222222222222
74,2,51,0.0392156862745098,0.0392156862745098,0.09803921568627452
74,3,54,0.09259259259259259,0.09259259259259259,0.24074074074074073
74,4,49,0.2653061224489796,0.2653061224489796,0.16326530612244894
74,5,53,0.32075471698113206,0.32075471698113206,0.0566037735849057
74,6,52,0.038461538461538464,0.038461538461538464,0.15384615384615385
74,7,58,0.22413793103448276,0.22413793103448276,0.08620689655172414
74,8,62,0.24193548387096775,0.24193548387096775,0.032258064516129004
74,9,66,0.4393939393939394,0.3181818181818182,0.0
74,10,71,0.08450704225352113,0.014084507042253516,0.028169014084507046
74,11,68,0.10294117647058823,0.07352941176470587,0.05882352941176472
74,12,54,0.2037037037037037,0.07407407407407407,0.0740740740740741
74,13,66,0.09090909090909091,-0.3484848484848485,0.3484848484848485
74,14,60,0.1,0.08333333333333334,0.0
74,15,54,0.3333333333333333,0.3333333333333333,0.037037037037037035
74,16,71,0.056338028169014086,0.028169014084507043,0.1408450704225352
74,17,60,0.13333333333333333,-0.15,0.15
74,18,66,0.4090909090909091,-0.030303030303030276,0.10606060606060602
74,19,52,0.038461538461538464,0.0,0.07692307692307693
74,20,92,0.021739130434782608,-0.010869565217391304,0.07608695652173914
74,21,55,0.509090909090909,0.309090909090909,0.07272727272727275
74,22,57,0.3684210526315789,0.3684210526315789,0.05263157894736842
74,23,46,0.391304347826087,0.08695652173913043,0.08695652173913043
74,24,48,0.1875,0.10416666666666667,0.04166666666666666
74,25,81,0.5555555555555556,0.40740740740740744,0.0
74,26,73,0.4383561643835616,0.410958904109589,0.0821917808219178
75,0,51,0.2549019607843137,0.2549019607843137,0.19607843137254904
75,1,45,0.17777777777777778,-0.8222222222222222,0.8222222222222222
75,2,51,0.0196078431372549,0.0196078431372549,0.11764705882352942
75,3,54,0.14814814814814814,0.14814814814814814,0.18518518518518517
75,4,49,0.2857142857142857,0.2857142857142857,0.14285714285714285
75,5,53,0.3018867924528302,0.3018867924528302,0.07547169811320759
75,6,52,0.09615384615384616,0.09615384615384616,0.09615384615384616
75,7,58,0.20689655172413793,0.20689655172413793,0.10344827586206898
75,8,62,0.22580645161290322,0.22580645161290322,0.04838709677419353
75,9,66,0.3939393939393939,0.2727272727272727,0.04545454545454547
75,10,71,0.08450704225352113,0.014084507042253516,0.028169014084507046
75,11,68,0.10294117647058823,0.07352941176470587,0.05882352941176472
75,12,54,0.24074074074074073,0.1111111111111111,0.03703703703703706
75,13,66,0.07575757575757576,-0.36363636363636365,0.36363636363636365
75,14,60,0.05,0.03333333333333334,0.05
75,15,54,0.2222222222222222,0.2222222222222222,0.14814814814814814
75,16,71,0.08450704225352113,0.05633802816901408,0.11267605633802816
75,17,60,0.13333333333333333,-0.15,0.15
75,18,66,0.4090909090909091,-0.030303030303030276,0.10606060606060602
75,19,52,0.057692307692307696,0.019230769230769232,0.057692307692307696
75,20,92,0.010869565217391304,-0.021739130434782608,0.08695652173913043
75,21,55,0.509090909090909,0.309090909090909,0.07272727272727275
75,22,57,0.3333333333333333,0.3333333333333333,0.08771929824561403
75,23,46,0.3695652173913043,0.06521739130434778,0.10869565217391308
75,24,48,0.10416666666666667,0.020833333333333343,0.12499999999999999
75,25,81,0.5185185185185185,0.37037037037037035,0.03703703703703709
75,26,73,0.3835616438356164,0.3561643835616438,0.136986301369863
76,0,51,0.19607843137254902,0.19607843137254902,0.2549019607843137
76,1,45,0.17777777777777778,-0.8222222222222222,0.8222222222222222
76,2,51,0.0392156862745098,0.0392156862745098,0.09803921568627452
76,3,54,0.12962962962962962,0.12962962962962962,0.2037037037037037
76,4,49,0.24489795918367346,0.24489795918367346,0.18367346938775508
76,5,53,0.3018867924528302,0.3018867924528302,0.07547169811320759
76,6,52,0.07692307692307693,0.07692307692307693,0.11538461538461539
76,7,58,0.20689655172413793,0.20689655172413793,0.10344827586206898
76,8,62,0.24193548387096775,0.24193548387096775,0.032258064516129004
76,9,66,0.42424242424242425,0.30303030303030304,0.015151515151515138
76,10,71,0.07042253521126761,0.0,0.04225352112676056
76,11,68,0.08823529411764706,0.05882352941176471,0.07352941176470588
76,12,54,0.24074074074074073,0.1111111111111111,0.03703703703703706
76,13,66,0.07575757575757576,-0.36363636363636365,0.36363636363636365
76,14,60,0.06666666666666667,0.05,0.03333333333333334
76,15,54,0.3148148148148148,0.3148148148148148,0.055555555555555525
76,16,71,0.09859154929577464,0.0704225352112676,0.09859154929577464
76,17,60,0.1,-0.18333333333333332,0.18333333333333332
76,18,66,0.42424242424242425,-0.015151515151515138,0.09090909090909088
76,19,52,0.057692307692307696,0.019230769230769232,0.057692307692307696
76,20,92,0.05434782608695652,0.021739130434782608,0.04347826086956522
76,21,55,0.41818181818181815,0.21818181818181814,0.16363636363636364
76,22,57,0.40350877192982454,0.40350877192982454,0.017543859649122806
76,23,46,0.32608695652173914,0.021739130434782594,0.15217391304347827
76,24,48,0.20833333333333334,0.125,0.020833333333333315
76,25,81,0.5185185185185185,0.37037037037037035,0.03703703703703709
76,26,73,0.5068493150684932,0.4794520547945206,0.013698630136986245
77,0,51,0.1568627450980392,0.1568627450980392,0.29411764705882354
77,1,45,0.2,-0.8,0.8
77,2,51,0.0196078431372549,0.0196078431372549,0.11764705882352942
77,3,54,0.1111111111111111,0.1111111111111111,0.2222222222222222
77,4,49,0.1836734693877551,0.1836734693877551,0.24489795918367344
77,5,53,0.3018867924528302,0.3018867924528302,0.07547169811320759
77,6,52,0.038461538461538464,0.038461538461538464,0.15384615384615385
77,7,58,0.20689655172413793,0.20689655172413793,0.10344827586206898
77,8,62,0.20967741935483872,0.20967741935483872,0.06451612903225803
77,9,66,0.4696969696969697,0.3484848484848485,0.0
77,10,71,0.08450704225352113,0.014084507042253516,0.028169014084507046
77,11,68,0.08823529411764706,0.05882352941176471,0.07352941176470588
77,12,54,0.2222222222222222,0.09259259259259259,0.05555555555555558
77,13,66,0.06060606060606061,-0.3787878787878788,0.3787878787878788
77,14,60,0.08333333333333333,0.06666666666666667,0.016666666666666677
77,15,54,0.2962962962962963,0.2962962962962963,0.07407407407407407
77,16,71,0.07042253521126761,0.04225352112676056,0.1267605633802817
77,17,60,0.13333333333333333,-0.15,0.15
77,18,66,0.3939393939393939,-0.04545454545454547,0.12121212121212122
77,19,52,0.07692307692307693,0.038461538461538464,0.038461538461538464
77,20,92,0.021739130434782608,-0.010869565217391304,0.07608695652173914
77,21,55,0.45454545454545453,0.2545454545454545,0.12727272727272726
77,22,57,0.3684210526315789,0.3684210526315789,0.05263157894736842
77,23,46,0.34782608695652173,0.04347826086956519,0.13043478260869568
77,24,48,0.14583333333333334,0.06250000000000001,0.08333333333333331
77,25,81,0.5061728395061729,0.3580246913580247,0.04938271604938271
77,26,73,0.4657534246575342,0.4383561643835616,0.0547945205479452
78,0,51,0.23529411764705882,0.23529411764705882,0.21568627450980393
78,1,45,0.2,-0.8,0.8
78,2,51,0.0392156862745098,0.0392156862745098,0.09803921568627452
78,3,54,0.16666666666666666,0.16666666666666666,0.16666666666666666
78,4,49,0.1836734693877551,0.1836734693877551,0.24489795918367344
78,5,53,0.3584905660377358,0.3584905660377358,0.018867924528301938
78,6,52,0.038461538461538464,0.038461538461538464,0.15384615384615385
78,7,58,0.25862068965517243,0.25862068965517243,0.051724137931034475
78,8,62,0.20967741935483872,0.20967741935483872,0.06451612903225803
78,9,66,0.3787878787878788,0.25757575757575757,0.09090909090909094
78,10,71,0.07042253521126761,0.0,0.04225352112676056
78,11,68,0.10294117647058823,0.07352941176470587,0.05882352941176472
78,12,54,0.2777777777777778,0.14814814814814817,0.0
78,13,66,0.06060606060606061,-0.3787878787878788,0.3787878787878788
78,14,60,0.08333333333333333,0.06666666666666667,0.016666666666666677
78,15,54,0.2962962962962963,0.2962962962962963,0.07407407407407407
78,16,71,0.07042253521126761,0.04225352112676056,0.1267605633802817
78,17,60,0.13333333333333333,-0.15,0.15
78,18,66,0.4696969696969697,0.03030303030303033,0.045454545454545414
78,19,52,0.057692307692307696,0.019230769230769232,0.057692307692307696
78,20,92,0.03260869565217391,0.0,0.06521739130434784
78,21,55,0.4727272727272727,0.2727272727272727,0.10909090909090907
78,22,57,0.40350877192982454,0.40350877192982454,0.017543859649122806
78,23,46,0.34782608695652173,0.04347826086956519,0.13043478260869568
78,24,48,0.20833333333333334,0.125,0.020833333333333315
78,25,81,0.5061728395061729,0.3580246913580247,0.04938271604938271
78,26,73,0.4246575342465753,0.3972602739726027,0.0958904109589041
79,0,51,0.17647058823529413,0.17647058823529413,0.27450980392156865
79,1,45,0.15555555555555556,-0.8444444444444444,0.8444444444444444
79,2,51,0.0196078431372549,0.0196078431372549,0.11764705882352942
79,3,54,0.16666666666666666,0.16666666666666666,0.16666666666666666
79,4,49,0.24489795918367346,0.24489795918367346,0.18367346938775508
79,5,53,0.3018867924528302,0.3018867924528302,0.07547169811320759
79,6,52,0.07692307692307693,0.07692307692307693,0.11538461538461539
79,7,58,0.27586206896551724,0.27586206896551724,0.03448275862068967
79,8,62,0.24193548387096775,0.24193548387096775,0.032258064516129004
79,9,66,0.45454545454545453,0.3333333333333333,0.015151515151515194
79,10,71,0.08450704225352113,0.014084507042253516,0.028169014084507046
79,11,68,0.11764705882352941,0.08823529411764705,0.04411764705882354
79,12,54,0.24074074074074073,0.1111111111111111,0.03703703703703706
79,13,66,0.06060606060606061,-0.3787878787878788,0.3787878787878788
79,14,60,0.06666666666666667,0.05,0.03333333333333334
79,15,54,0.2777777777777778,0.2777777777777778,0.09259259259259256
79,16,71,0.11267605633802817,0.08450704225352113,0.08450704225352111
79,17,60,0.11666666666666667,-0.16666666666666666,0.16666666666666666
79,18,66,0.3333333333333333,-0.10606060606060608,0.18181818181818182
79,19,52,0.09615384615384616,0.057692307692307696,0.019230769230769232
79,20,92,0.03260869565217391,0.0,0.06521739130434784
79,21,55,0.509090909090909,0.309090909090909,0.07272727272727275
79,22,57,0.3684210526315789,0.3684210526315789,0.05263157894736842
79,23,46,0.391304347826087,0.08695652173913043,0.08695652173913043
79,24,48,0.16666666666666666,0.08333333333333333,0.0625
79,25,81,0.4691358024691358,0.32098765432098764,0.0864197530864198
79,26,73,0.4246575342465753,0.3972602739726027,0.0958904109589041
80,0,51,0.2549019607843137,0.2549019607843137,0.19607843137254904
80,1,45,0.2,-0.8,0.8
80,2,51,0.058823529411764705,0.058823529411764705,0.07843137254901962
80,3,54,0.16666666666666666,0.16666666666666666,0.16666666666666666
80,4,49,0.24489795918367346,0.24489795918367346,0.18367346938775508
80,5,53,0.37735849056603776,0.37735849056603776,0.0
80,6,52,0.057692307692307696,0.057692307692307696,0.13461538461538464
80,7,58,0.3103448275862069,0.3103448275862069,0.0
80,8,62,0.22580645161290322,0.22580645161290322,0.04838709677419353
80,9,66,0.3484848484848485,0.2272727272727273,0.12121212121212122
80,10,71,0.07042253521126761,0.0,0.04225352112676056
80,11,68,0.08823529411764706,0.05882352941176471,0.07352941176470588
80,12,54,0.25925925925925924,0.12962962962962962,0.018518518518518545
80,13,66,0.06060606060606061,-0.3787878787878788,0.3787878787878788
80,14,60,0.08333333333333333,0.06666666666666667,0.016666666666666677
80,15,54,0.2962962962962963,0.2962962962962963,0.07407407407407407
80,16,71,0.1267605633802817,0.09859154929577464,0.0704225352112676
80,17,60,0.15,-0.13333333333333333,0.13333333333333333
80,18,66,0.45454545454545453,0.015151515151515138,0.06060606060606061
80,19,52,0.038461538461538464,0.0,0.07692307692307693
80,20,92,0.03260869565217391,0.0,0.06521739130434784
80,21,55,0.41818181818181815,0.21818181818181814,0.16363636363636364
80,22,57,0.40350877192982454,0.40350877192982454,0.017543859649122806
80,23,46,0.2826086956521739,-0.02173913043478265,0.19565217391304351
80,24,48,0.16666666666666666,0.08333333333333333,0.0625
80,25,81,0.5061728395061729,0.3580246913580247,0.04938271604938271
80,26,73,0.410958904109589,0.3835616438356164,0.1095890410958904
81,0,51,0.29411764705882354,0.29411764705882354,0.1568627450980392
81,1,45,0.24444444444444444,-0.7555555555555555,0.7555555555555555
81,2,51,0.0392156862745098,0.0392156862745098,0.09803921568627452
81,3,54,0.14814814814814814,0.14814814814814814,0.18518518518518517
81,4,49,0.22448979591836735,0.22448979591836735,0.2040816326530612
81,5,53,0.33962264150943394,0.33962264150943394,0.03773584905660382
81,6,52,0.07692307692307693,0.07692307692307693,0.11538461538461539
81,7,58,0.1896551724137931,0.1896551724137931,0.12068965517241381
81,8,62,0.22580645161290322,0.22580645161290322,0.04838709677419353
81,9,66,0.36363636363636365,0.24242424242424243,0.10606060606060608
81,10,71,0.08450704225352113,0.014084507042253516,0.028169014084507046
81,11,68,0.10294117647058823,0.07352941176470587,0.05882352941176472
81,12,54,0.2777777777777778,0.14814814814814817,0.0
81,13,66,0.06060606060606061,-0.3787878787878788,0.3787878787878788
81,14,60,0.06666666666666667,0.05,0.03333333333333334
81,15,54,0.2222222222222222,0.2222222222222222,0.14814814814814814
81,16,71,0.08450704225352113,0.05633802816901408,0.11267605633802816
81,17,60,0.16666666666666666,-0.11666666666666667,0.11666666666666667
81,18,66,0.3787878787878788,-0.06060606060606061,0.13636363636363635
81,19,52,0.057692307692307696,0.019230769230769232,0.057692307692307696
81,20,92,0.05434782608695652,0.021739130434782608,0.04347826086956522
81,21,55,0.36363636363636365,0.16363636363636364,0.21818181818181814
81,22,57,0.3333333333333333,0.3333333333333333,0.08771929824561403
81,23,46,0.32608695652173914,0.021739130434782594,0.15217391304347827
81,24,48,0.1875,0.10416666666666667,0.04166666666666666
81,25,81,0.5802469135802469,0.4320987654320988,0.0
81,26,73,0.4657534246575342,0.4383561643835616,0.0547945205479452
82,0,51,0.1568627450980392,0.1568627450980392,0.29411764705882354
82,1,45,0.17777777777777778,-0.8222222222222222,0.8222222222222222
82,2,51,0.0392156862745098,0.0392156862745098,0.09803921568627452
82,3,54,0.12962962962962962,0.12962962962962962,0.2037037037037037
82,4,49,0.24489795918367346,0.24489795918367346,0.18367346938775508
82,5,53,0.32075471698113206,0.32075471698113206,0.0566037735849057
82,6,52,0.07692307692307693,0.07692307692307693,0.11538461538461539
82,7,58,0.2413793103448276,0.2413793103448276,0.06896551724137931
82,8,62,0.24193548387096775,0.24193548387096775,0.032258064516129004
82,9,66,0.42424242424242425,0.30303030303030304,0.04545454545454547
82,10,71,0.08450704225352113,0.014084507042253516,0.028169014084507046
82,11,68,0.11764705882352941,0.08823529411764705,0.04411764705882354
82,12,54,0.25925925925925924,0.12962962962962962,0.018518518518518545
82,13,66,0.06060606060606061,-0.3787878787878788,0.3787878787878788
82,14,60,0.05,0.03333333333333334,0.05
82,15,54,0.25925925925925924,0.25925925925925924,0.1111111111111111
82,16,71,0.08450704225352113,0.05633802816901408,0.11267605633802816
82,17,60,0.15,-0.13333333333333333,0.13333333333333333
82,18,66,0.4090909090909091,-0.030303030303030276,0.10606060606060602
82,19,52,0.019230769230769232,-0.019230769230769232,0.09615384615384616
82,20,92,0.03260869565217391,0.0,0.06521739130434784
82,21,55,0.38181818181818183,0.18181818181818182,0.19999999999999996
82,22,57,0.3333333333333333,0.3333333333333333,0.08771929824561403
82,23,46,0.30434782608695654,0.0,0.17391304347826086
82,24,48,0.20833333333333334,0.125,0.020833333333333315
82,25,81,0.6296296296296297,0.4814814814814815,0.0
82,26,73,0.3972602739726027,0.3698630136986301,0.1232876712328767
83,0,51,0.19607843137254902,0.19607843137254902,0.2549019607843137
83,1,45,0.15555555555555556,-0.8444444444444444,0.8444444444444444
83,2,51,0.0392156862745098,0.0392156862745098,0.09803921568627452
83,3,54,0.14814814814814814,0.14814814814814814,0.18518518518518517
83,4,49,0.22448979591836735,0.22448979591836735,0.2040816326530612
83,5,53,0.33962264150943394,0.33962264150943394,0.03773584905660382
83,6,52,0.07692307692307693,0.07692307692307693,0.11538461538461539
83,7,58,0.27586206896551724,0.27586206896551724,0.03448275862068967
83,8,62,0.24193548387096775,0.24193548387096775,0.032258064516129004
83,9,66,0.45454545454545453,0.3333333333333333,0.015151515151515194
83,10,71,0.09859154929577464,0.028169014084507032,0.01408450704225353
83,11,68,0.11764705882352941,0.08823529411764705,0.04411764705882354
83,12,54,0.2777777777777778,0.14814814814814817,0.0
83,13,66,0.06060606060606061,-0.3787878787878788,0.3787878787878788
83,14,60,0.06666666666666667,0.05,0.03333333333333334
83,15,54,0.2962962962962963,0.2962962962962963,0.07407407407407407
83,16,71,0.09859154929577464,0.0704225352112676,0.09859154929577464
83,17,60,0.11666666666666667,-0.16666666666666666,0.16666666666666666
83,18,66,0.4393939393939394,0.0,0.07575757575757575
83,19,52,0.11538461538461539,0.07692307692307693,0.0
83,20,92,0.021739130434782608,-0.010869565217391304,0.07608695652173914
83,21,55,0.4909090909090909,0.2909090909090909,0.09090909090909088
83,22,57,0.49122807017543857,0.49122807017543857,0.0
83,23,46,0.43478260869565216,0.13043478260869562,0.043478260869565244
83,24,48,0.22916666666666666,0.14583333333333331,0.0
83,25,81,0.43209876543209874,0.2839506172839506,0.1975308641975309
83,26,73,0.410958904109589,0.3835616438356164,0.1095890410958904
84,0,51,0.17647058823529413,0.17647058823529413,0.27450980392156865
84,1,45,0.15555555555555556,-0.8444444444444444,0.8444444444444444
84,2,51,0.058823529411764705,0.058823529411764705,0.07843137254901962
84,3,54,0.09259259259259259,0.09259259259259259,0.24074074074074073
84,4,49,0.24489795918367346,0.24489795918367346,0.18367346938775508
84,5,53,0.2830188679245283,0.2830188679245283,0.09433962264150947
84,6,52,0.09615384615384616,0.09615384615384616,0.09615384615384616
84,7,58,0.27586206896551724,0.27586206896551724,0.03448275862068967
84,8,62,0.22580645161290322,0.22580645161290322,0.04838709677419353
84,9,66,0.5454545454545454,0.4242424242424242,0.0
84,10,71,0.09859154929577464,0.028169014084507032,0.01408450704225353
84,11,68,0.10294117647058823,0.07352941176470587,0.05882352941176472
84,12,54,0.2222222222222222,0.09259259259259259,0.05555555555555558
84,13,66,0.09090909090909091,-0.3484848484848485,0.3484848484848485
84,14,60,0.03333333333333333,0.016666666666666666,0.06666666666666668
84,15,54,0.35185185185185186,0.35185185185185186,0.01851851851851849
84,16,71,0.11267605633802817,0.08450704225352113,0.08450704225352111
84,17,60,0.16666666666666666,-0.11666666666666667,0.11666666666666667
84,18,66,0.4090909090909091,-0.030303030303030276,0.10606060606060602
84,19,52,0.09615384615384616,0.057692307692307696,0.019230769230769232
84,20,92,0.010869565217391304,-0.021739130434782608,0.08695652173913043
84,21,55,0.41818181818181815,0.21818181818181814,0.16363636363636364
84,22,57,0.3508771929824561,0.3508771929824561,0.14035087719298245
84,23,46,0.2391304347826087,-0.06521739130434784,0.2391304347826087
84,24,48,0.1875,0.10416666666666667,0.04166666666666666
84,25,81,0.49382716049382713,0.345679012345679,0.13580246913580252
84,26,73,0.410958904109589,0.3835616438356164,0.1095890410958904
85,0,51,0.11764705882352941,0.11764705882352941,0.33333333333333337
85,1,45,0.15555555555555556,-0.8444444444444444,0.8444444444444444
85,2,51,0.0,0.0,0.13725490196078433
85,3,54,0.2037037037037037,0.2037037037037037,0.12962962962962962
85,4,49,0.2653061224489796,0.2653061224489796,0.16326530612244894
85,5,53,0.33962264150943394,0.33962264150943394,0.03773584905660382
85,6,52,0.057692307692307696,0.057692307692307696,0.13461538461538464
85,7,58,0.27586206896551724,0.27586206896551724,0.03448275862068967
85,8,62,0.20967741935483872,0.20967741935483872,0.06451612903225803
85,9,66,0.45454545454545453,0.3333333333333333,0.09090909090909088
85,10,71,0.11267605633802817,0.04225352112676056,0.0
85,11,68,0.07352941176470588,0.04411764705882353,0.08823529411764706
85,12,54,0.2222222222222222,0.09259259259259259,0.05555555555555558
85,13,66,0.06060606060606061,-0.3787878787878788,0.3787878787878788
85,14,60,0.06666666666666667,0.05,0.03333333333333334
85,15,54,0.24074074074074073,0.24074074074074073,0.12962962962962962
85,16,71,0.08450704225352113,0.05633802816901408,0.11267605633802816
85,17,60,0.18333333333333332,-0.1,0.1
85,18,66,0.36363636363636365,-0.07575757575757575,0.1515151515151515
85,19,52,0.019230769230769232,-0.019230769230769232,0.09615384615384616
85,20,92,0.05434782608695652,0.021739130434782608,0.04347826086956522
85,21,55,0.41818181818181815,0.21818181818181814,0.16363636363636364
85,22,57,0.38596491228070173,0.38596491228070173,0.10526315789473684
85,23,46,0.43478260869565216,0.13043478260869562,0.043478260869565244
85,24,48,0.1875,0.10416666666666667,0.04166666666666666
85,25,81,0.5061728395061729,0.3580246913580247,0.12345679012345678
85,26,73,0.3287671232876712,0.3013698630136986,0.1917808219178082
86,0,51,0.19607843137254902,0.19607843137254902,0.2549019607843137
86,1,45,0.17777777777777778,-0.8222222222222222,0.8222222222222222
86,2,51,0.058823529411764705,0.058823529411764705,0.07843137254901962
86,3,54,0.1111111111111111,0.1111111111111111,0.2222222222222222
86,4,49,0.2857142857142857,0.2857142857142857,0.14285714285714285
86,5,53,0.2641509433962264,0.2641509433962264,0.11320754716981135
86,6,52,0.09615384615384616,0.09615384615384616,0.09615384615384616
86,7,58,0.29310344827586204,0.29310344827586204,0.017241379310344862
86,8,62,0.20967741935483872,0.20967741935483872,0.06451612903225803
86,9,66,0.45454545454545453,0.3333333333333333,0.09090909090909088
86,10,71,0.09859154929577464,0.028169014084507032,0.01408450704225353
86,11,68,0.07352941176470588,0.04411764705882353,0.08823529411764706
86,12,54,0.2962962962962963,0.16666666666666666,0.0
86,13,66,0.06060606060606061,-0.3787878787878788,0.3787878787878788
86,14,60,0.08333333333333333,0.06666666666666667,0.016666666666666677
86,15,54,0.2777777777777778,0.2777777777777778,0.09259259259259256
86,16,71,0.11267605633802817,0.08450704225352113,0.08450704225352111
86,17,60,0.1,-0.18333333333333332,0.18333333333333332
86,18,66,0.45454545454545453,0.015151515151515138,0.06060606060606061
86,19,52,0.07692307692307693,0.038461538461538464,0.038461538461538464
86,20,92,0.010869565217391304,-0.021739130434782608,0.08695652173913043
86,21,55,0.45454545454545453,0.2545454545454545,0.12727272727272726
86,22,57,0.24561403508771928,0.24561403508771928,0.24561403508771928
86,23,46,0.2826086956521739,-0.02173913043478265,0.19565217391304351
86,24,48,0.14583333333333334,0.06250000000000001,0.08333333333333331
86,25,81,0.5802469135802469,0.4320987654320988,0.04938271604938271
86,26,73,0.3972602739726027,0.3698630136986301,0.1232876712328767
87,0,51,0.1568627450980392,0.1568627450980392,0.29411764705882354
87,1,45,0.15555555555555556,-0.8444444444444444,0.8444444444444444
87,2,51,0.058823529411764705,0.058823529411764705,0.07843137254901962
87,3,54,0.18518518518518517,0.18518518518518517,0.14814814814814814
87,4,49,0.1836734693877551,0.1836734693877551,0.24489795918367344
87,5,53,0.3584905660377358,0.3584905660377358,0.018867924528301938
87,6,52,0.11538461538461539,0.11538461538461539,0.07692307692307693
87,7,58,0.20689655172413793,0.20689655172413793,0.10344827586206898
87,8,62,0.24193548387096775,0.24193548387096775,0.032258064516129004
87,9,66,0.4090909090909091,0.2878787878787879,0.1363636363636363
87,10,71,0.08450704225352113,0.014084507042253516,0.028169014084507046
87,11,68,0.11764705882352941,0.08823529411764705,0.04411764705882354
87,12,54,0.2777777777777778,0.14814814814814817,0.01851851851851849
87,13,66,0.045454545454545456,-0.3939393939393939,0.3939393939393939
87,14,60,0.06666666666666667,0.05,0.03333333333333334
87,15,54,0.2037037037037037,0.2037037037037037,0.16666666666666666
87,16,71,0.14084507042253522,0.11267605633802817,0.056338028169014065
87,17,60,0.08333333333333333,-0.2,0.2
87,18,66,0.42424242424242425,-0.015151515151515138,0.09090909090909088
87,19,52,0.07692307692307693,0.038461538461538464,0.038461538461538464
87,20,92,0.03260869565217391,0.0,0.06521739130434784
87,21,55,0.41818181818181815,0.21818181818181814,0.16363636363636364
87,22,57,0.38596491228070173,0.38596491228070173,0.10526315789473684
87,23,46,0.2826086956521739,-0.02173913043478265,0.19565217391304351
87,24,48,0.25,0.16666666666666669,0.0
87,25,81,0.6049382716049383,0.45679012345679015,0.024691358024691357
87,26,73,0.3698630136986301,0.3424657534246575,0.1506849315068493
88,0,51,0.21568627450980393,0.21568627450980393,0.23529411764705882
88,1,45,0.15555555555555556,-0.8444444444444444,0.8444444444444444
88,2,51,0.058823529411764705,0.058823529411764705,0.07843137254901962
88,3,54,0.14814814814814814,0.14814814814814814,0.18518518518518517
88,4,49,0.22448979591836735,0.22448979591836735,0.2040816326530612
88,5,53,0.2830188679245283,0.2830188679245283,0.09433962264150947
88,6,52,0.09615384615384616,0.09615384615384616,0.09615384615384616
88,7,58,0.20689655172413793,0.20689655172413793,0.10344827586206898
88,8,62,0.24193548387096775,0.24193548387096775,0.032258064516129004
88,9,66,0.45454545454545453,0.3333333333333333,0.09090909090909088
88,10,71,0.09859154929577464,0.028169014084507032,0.01408450704225353
88,11,68,0.14705882352941177,0.11764705882352941,0.01470588235294118
88,12,54,0.25925925925925924,0.12962962962962962,0.037037037037037035
88,13,66,0.045454545454545456,-0.3939393939393939,0.3939393939393939
88,14,60,0.06666666666666667,0.05,0.03333333333333334
88,15,54,0.2222222222222222,0.2222222222222222,0.14814814814814814
88,16,71,0.08450704225352113,0.05633802816901408,0.11267605633802816
88,17,60,0.13333333333333333,-0.15,0.15
88,18,66,0.42424242424242425,-0.015151515151515138,0.09090909090909088
88,19,52,0.057692307692307696,0.019230769230769232,0.057692307692307696
88,20,92,0.0,-0.03260869565217391,0.09782608695652174
88,21,55,0.45454545454545453,0.2545454545454545,0.12727272727272726
88,22,57,0.3157894736842105,0.3157894736842105,0.17543859649122806
88,23,46,0.30434782608695654,0.0,0.17391304347826086
88,24,48,0.1875,0.10416666666666667,0.0625
88,25,81,0.5925925925925926,0.4444444444444444,0.03703703703703709
88,26,73,0.4383561643835616,0.410958904109589,0.0821917808219178
89,0,51,0.21568627450980393,0.21568627450980393,0.23529411764705882
89,1,45,0.2,-0.8,0.8
89,2,51,0.0392156862745098,0.0392156862745098,0.09803921568627452
89,3,54,0.2222222222222222,0.2222222222222222,0.1111111111111111
89,4,49,0.2857142857142857,0.2857142857142857,0.14285714285714285
89,5,53,0.37735849056603776,0.37735849056603776,0.0
89,6,52,0.11538461538461539,0.11538461538461539,0.07692307692307693
89,7,58,0.22413793103448276,0.22413793103448276,0.08620689655172414
89,8,62,0.22580645161290322,0.22580645161290322,0.04838709677419353
89,9,66,0.3939393939393939,0.2727272727272727,0.1515151515151515
89,10,71,0.08450704225352113,0.014084507042253516,0.028169014084507046
89,11,68,0.10294117647058823,0.07352941176470587,0.05882352941176472
89,12,54,0.2777777777777778,0.14814814814814817,0.01851851851851849
89,13,66,0.045454545454545456,-0.3939393939393939,0.3939393939393939
89,14,60,0.08333333333333333,0.06666666666666667,0.016666666666666677
89,15,54,0.25925925925925924,0.25925925925925924,0.1111111111111111
89,16,71,0.1267605633802817,0.09859154929577464,0.0704225352112676
89,17,60,0.11666666666666667,-0.16666666666666666,0.16666666666666666
89,18,66,0.3484848484848485,-0.09090909090909088,0.16666666666666663
89,19,52,0.057692307692307696,0.019230769230769232,0.057692307692307696
89,20,92,0.021739130434782608,-0.010869565217391304,0.07608695652173914
89,21,55,0.5272727272727272,0.3272727272727272,0.054545454545454564
89,22,57,0.3684210526315789,0.3684210526315789,0.12280701754385964
89,23,46,0.3695652173913043,0.06521739130434778,0.10869565217391308
89,24,48,0.1875,0.10416666666666667,0.0625
89,25,81,0.5185185185185185,0.37037037037037035,0.11111111111111116
89,26,73,0.4383561643835616,0.410958904109589,0.0821917808219178
90,0,51,0.19607843137254902,0.19607843137254902,0.2549019607843137
90,1,45,0.2,-0.8,0.8
90,2,51,0.0784313725490196,0.0784313725490196,0.05882352941176472
90,3,54,0.14814814814814814,0.14814814814814814,0.18518518518518517
90,4,49,0.2653061224489796,0.2653061224489796,0.16326530612244894
90,5,53,0.3018867924528302,0.3018867924528302,0.07547169811320759
90,6,52,0.07692307692307693,0.07692307692307693,0.11538461538461539
90,7,58,0.20689655172413793,0.20689655172413793,0.10344827586206898
90,8,62,0.24193548387096775,0.24193548387096775,0.032258064516129004
90,9,66,0.3787878787878788,0.25757575757575757,0.16666666666666663
90,10,71,0.09859154929577464,0.028169014084507032,0.01408450704225353
90,11,68,0.17647058823529413,0.14705882352941177,0.0
90,12,54,0.25925925925925924,0.12962962962962962,0.037037037037037035
90,13,66,0.07575757575757576,-0.36363636363636365,0.36363636363636365
90,14,60,0.06666666666666667,0.05,0.03333333333333334
90,15,54,0.25925925925925924,0.25925925925925924,0.1111111111111111
90,16,71,0.09859154929577464,0.0704225352112676,0.09859154929577464
90,17,60,0.06666666666666667,-0.21666666666666667,0.21666666666666667
90,18,66,0.4393939393939394,0.0,0.07575757575757575
90,19,52,0.07692307692307693,0.038461538461538464,0.038461538461538464
90,20,92,0.021739130434782608,-0.010869565217391304,0.07608695652173914
90,21,55,0.4727272727272727,0.2727272727272727,0.10909090909090907
90,22,57,0.2982456140350877,0.2982456140350877,0.19298245614035087
90,23,46,0.30434782608695654,0.0,0.17391304347826086
90,24,48,0.1875,0.10416666666666667,0.0625
90,25,81,0.5555555555555556,0.40740740740740744,0.07407407407407407
90,26,73,0.4794520547945205,0.4520547945205479,0.0410958904109589
