round,class_id,n,acc,bwt,forgetting
1,0,51,0.49019607843137253,,
1,1,45,0.5555555555555556,,
1,2,51,0.0,,
1,3,54,0.37037037037037035,,
1,4,49,0.0,,
1,5,53,0.018867924528301886,,
1,6,52,0.057692307692307696,,
1,7,58,0.0,,
1,8,62,0.0,,
2,0,51,0.19607843137254902,-0.2941176470588235,0.2941176470588235
2,1,45,0.35555555555555557,-0.2,0.2
2,2,51,0.0,0.0,0.0
2,3,54,0.16666666666666666,-0.2037037037037037,0.2037037037037037
2,4,49,0.7551020408163265,0.7551020408163265,0.0
2,5,53,0.0,-0.018867924528301886,0.018867924528301886
2,6,52,0.07692307692307693,0.019230769230769232,0.0
2,7,58,0.0,0.0,0.0
2,8,62,0.0,0.0,0.0
3,0,51,0.5294117647058824,0.03921568627450983,0.0
3,1,45,0.6666666666666666,0.11111111111111105,0.0
3,2,51,0.0,0.0,0.0
3,3,54,0.0,-0.37037037037037035,0.37037037037037035
3,4,49,0.02040816326530612,0.02040816326530612,0.7346938775510203
3,5,53,0.0,-0.018867924528301886,0.018867924528301886
3,6,52,0.0,-0.057692307692307696,0.07692307692307693
3,7,58,0.0,0.0,0.0
3,8,62,0.0,0.0,0.0
4,0,51,0.2549019607843137,-0.23529411764705882,0.27450980392156865
4,1,45,0.044444444444444446,-0.5111111111111112,0.6222222222222222
4,2,51,0.0,0.0,0.0
4,3,54,0.4444444444444444,0.07407407407407407,0.0
4,4,49,0.4897959183673469,0.4897959183673469,0.26530612244897955
4,5,53,0.05660377358490566,0.03773584905660378,0.0
4,6,52,0.1346153846153846,0.07692307692307691,0.0
4,7,58,0.0,0.0,0.0
4,8,62,0.0,0.0,0.0
5,0,51,0.49019607843137253,0.0,0.03921568627450983
5,1,45,0.6222222222222222,0.06666666666666665,0.0444444444444444
5,2,51,0.0,0.0,0.0
5,3,54,0.0,-0.37037037037037035,0.4444444444444444
5,4,49,0.14285714285714285,0.14285714285714285,0.6122448979591837
5,5,53,0.0,-0.018867924528301886,0.05660377358490566
5,6,52,0.0,-0.057692307692307696,0.1346153846153846
5,7,58,0.0,0.0,0.0
5,8,62,0.0,0.0,0.0
6,0,51,0.0,-0.49019607843137253,0.5294117647058824
6,1,45,0.0,-0.5555555555555556,0.6666666666666666
6,2,51,0.21568627450980393,0.21568627450980393,0.0
6,3,54,0.16666666666666666,-0.2037037037037037,0.2777777777777778
6,4,49,0.22448979591836735,0.22448979591836735,0.5306122448979591
6,5,53,0.39622641509433965,0.37735849056603776,0.0
6,6,52,0.28846153846153844,0.23076923076923073,0.0
6,7,58,0.08620689655172414,0.08620689655172414,0.0
6,8,62,0.1774193548387097,0.1774193548387097,0.0
7,0,51,0.45098039215686275,-0.039215686274509776,0.0784313725490196
7,1,45,0.6666666666666666,0.11111111111111105,0.0
7,2,51,0.0196078431372549,0.0196078431372549,0.19607843137254904
7,3,54,0.018518518518518517,-0.35185185185185186,0.42592592592592593
7,4,49,0.24489795918367346,0.24489795918367346,0.510204081632653
7,5,53,0.0,-0.018867924528301886,0.39622641509433965
7,6,52,0.0,-0.057692307692307696,0.28846153846153844
7,7,58,0.0,0.0,0.08620689655172414
7,8,62,0.0,0.0,0.1774193548387097
8,0,51,0.35294117647058826,-0.13725490196078427,0.1764705882352941
8,1,45,0.1111111111111111,-0.4444444444444445,0.5555555555555556
8,2,51,0.13725490196078433,0.13725490196078433,0.0784313725490196
8,3,54,0.09259259259259259,-0.2777777777777778,0.35185185185185186
8,4,49,0.24489795918367346,0.24489795918367346,0.510204081632653
8,5,53,0.37735849056603776,0.3584905660377359,0.018867924528301883
8,6,52,0.17307692307692307,0.11538461538461538,0.11538461538461536
8,7,58,0.10344827586206896,0.10344827586206896,0.0
8,8,62,0.20967741935483872,0.20967741935483872,0.0
9,0,51,0.4117647058823529,-0.0784313725490196,0.11764705882352944
9,1,45,0.5111111111111111,-0.04444444444444451,0.15555555555555556
9,2,51,0.13725490196078433,0.13725490196078433,0.0784313725490196
9,3,54,0.018518518518518517,-0.35185185185185186,0.42592592592592593
9,4,49,0.32653061224489793,0.32653061224489793,0.42857142857142855
9,5,53,0.09433962264150944,0.07547169811320756,0.30188679245283023
9,6,52,0.09615384615384616,0.038461538461538464,0.1923076923076923
9,7,58,0.017241379310344827,0.017241379310344827,0.08620689655172414
9,8,62,0.0,0.0,0.20967741935483872
10,0,51,0.29411764705882354,-0.196078431372549,0.23529411764705882
10,1,45,0.3333333333333333,-0.22222222222222227,0.3333333333333333
10,2,51,0.2549019607843137,0.2549019607843137,0.0
10,3,54,0.1111111111111111,-0.25925925925925924,0.3333333333333333
10,4,49,0.24489795918367346,0.24489795918367346,0.510204081632653
10,5,53,0.09433962264150944,0.07547169811320756,0.30188679245283023
10,6,52,0.3269230769230769,0.2692307692307692,0.0
10,7,58,0.06896551724137931,0.06896551724137931,0.034482758620689655
10,8,62,0.14516129032258066,0.14516129032258066,0.06451612903225806
11,0,51,0.0196078431372549,-0.47058823529411764,0.5098039215686274
11,1,45,0.17777777777777778,-0.37777777777777777,0.4888888888888888
11,2,51,0.0,0.0,0.2549019607843137
11,3,54,0.037037037037037035,-0.3333333333333333,0.4074074074074074
11,4,49,0.0,0.0,0.7551020408163265
11,5,53,0.09433962264150944,0.07547169811320756,0.30188679245283023
11,6,52,0.7307692307692307,0.673076923076923,0.0
11,7,58,0.0,0.0,0.10344827586206896
11,8,62,0.0,0.0,0.20967741935483872
11,9,66,0.0,,
11,10,71,0.0,,
11,11,68,0.04411764705882353,,
11,12,54,0.018518518518518517,,
11,13,66,0.0,,
11,14,60,0.15,,
11,15,54,0.0,,
11,16,71,0.014084507042253521,,
11,17,60,0.05,,
12,0,51,0.0,-0.49019607843137253,0.5294117647058824
12,1,45,0.0,-0.5555555555555556,0.6666666666666666
12,2,51,0.0,0.0,0.2549019607843137
12,3,54,0.018518518518518517,-0.35185185185185186,0.42592592592592593
12,4,49,0.0,0.0,0.7551020408163265
12,5,53,0.1509433962264151,0.1320754716981132,0.24528301886792456
12,6,52,0.019230769230769232,-0.038461538461538464,0.7115384615384615
12,7,58,0.0,0.0,0.10344827586206896
12,8,62,0.0,0.0,0.20967741935483872
12,9,66,0.19696969696969696,0.19696969696969696,0.0
12,10,71,0.028169014084507043,0.028169014084507043,0.0
12,11,68,0.058823529411764705,0.014705882352941173,0.0
12,12,54,0.16666666666666666,0.14814814814814814,0.0
12,13,66,0.030303030303030304,0.030303030303030304,0.0
12,14,60,0.016666666666666666,-0.13333333333333333,0.13333333333333333
12,15,54,0.037037037037037035,0.037037037037037035,0.0
12,16,71,0.352112676056338,0.3380281690140845,0.0
12,17,60,0.26666666666666666,0.21666666666666667,0.0
13,0,51,0.0,-0.49019607843137253,0.5294117647058824
13,1,45,0.0,-0.5555555555555556,0.6666666666666666
13,2,51,0.0,0.0,0.2549019607843137
13,3,54,0.0,-0.37037037037037035,0.4444444444444444
13,4,49,0.0,0.0,0.7551020408163265
13,5,53,0.18867924528301888,0.169811320754717,0.20754716981132076
13,6,52,0.0,-0.057692307692307696,0.7307692307692307
13,7,58,0.0,0.0,0.10344827586206896
13,8,62,0.0,0.0,0.20967741935483872
13,9,66,0.36363636363636365,0.36363636363636365,0.0
13,10,71,0.028169014084507043,0.028169014084507043,0.0
13,11,68,0.20588235294117646,0.16176470588235292,0.0
13,12,54,0.0,-0.018518518518518517,0.16666666666666666
13,13,66,0.030303030303030304,0.030303030303030304,0.0
13,14,60,0.0,-0.15,0.15
13,15,54,0.05555555555555555,0.05555555555555555,0.0
13,16,71,0.1267605633802817,0.11267605633802817,0.22535211267605632
13,17,60,0.2,0.15000000000000002,0.06666666666666665
14,0,51,0.0,-0.49019607843137253,0.5294117647058824
14,1,45,0.0,-0.5555555555555556,0.6666666666666666
14,2,51,0.0,0.0,0.2549019607843137
14,3,54,0.0,-0.37037037037037035,0.4444444444444444
14,4,49,0.0,0.0,0.7551020408163265
14,5,53,0.0,-0.018867924528301886,0.39622641509433965
14,6,52,0.0,-0.057692307692307696,0.7307692307692307
14,7,58,0.0,0.0,0.10344827586206896
14,8,62,0.0,0.0,0.20967741935483872
14,9,66,0.07575757575757576,0.07575757575757576,0.2878787878787879
14,10,71,0.04225352112676056,0.04225352112676056,0.0
14,11,68,0.04411764705882353,0.0,0.16176470588235292
14,12,54,0.14814814814814814,0.12962962962962962,0.018518518518518517
14,13,66,0.015151515151515152,0.015151515151515152,0.015151515151515152
14,14,60,0.08333333333333333,-0.06666666666666667,0.06666666666666667
14,15,54,0.3148148148148148,0.3148148148148148,0.0
14,16,71,0.4225352112676056,0.4084507042253521,0.0
14,17,60,0.38333333333333336,0.33333333333333337,0.0
15,0,51,0.0,-0.49019607843137253,0.5294117647058824
15,1,45,0.0,-0.5555555555555556,0.6666666666666666
15,2,51,0.0,0.0,0.2549019607843137
15,3,54,0.0,-0.37037037037037035,0.4444444444444444
15,4,49,0.0,0.0,0.7551020408163265
15,5,53,0.0,-0.018867924528301886,0.39622641509433965
15,6,52,0.0,-0.057692307692307696,0.7307692307692307
15,7,58,0.0,0.0,0.10344827586206896
15,8,62,0.0,0.0,0.20967741935483872
15,9,66,0.5454545454545454,0.5454545454545454,0.0
15,10,71,0.0,0.0,0.04225352112676056
15,11,68,0.27941176470588236,0.23529411764705882,0.0
15,12,54,0.018518518518518517,0.0,0.14814814814814814
15,13,66,0.030303030303030304,0.030303030303030304,0.0
15,14,60,0.06666666666666667,-0.08333333333333333,0.08333333333333333
15,15,54,0.35185185185185186,0.35185185185185186,0.0
15,16,71,0.11267605633802817,0.09859154929577466,0.30985915492957744
15,17,60,0.1,0.05,0.2833333333333333
16,0,51,0.0,-0.49019607843137253,0.5294117647058824
16,1,45,0.0,-0.5555555555555556,0.6666666666666666
16,2,51,0.0,0.0,0.2549019607843137
16,3,54,0.0,-0.37037037037037035,0.4444444444444444
16,4,49,0.0,0.0,0.7551020408163265
16,5,53,0.0,-0.018867924528301886,0.39622641509433965
16,6,52,0.0,-0.057692307692307696,0.7307692307692307
16,7,58,0.0,0.0,0.10344827586206896
16,8,62,0.0,0.0,0.20967741935483872
16,9,66,0.16666666666666666,0.16666666666666666,0.3787878787878788
16,10,71,0.04225352112676056,0.04225352112676056,0.0
16,11,68,0.07352941176470588,0.029411764705882353,0.20588235294117646
16,12,54,0.2777777777777778,0.2592592592592593,0.0
16,13,66,0.030303030303030304,0.030303030303030304,0.0
16,14,60,0.08333333333333333,-0.06666666666666667,0.06666666666666667
16,15,54,0.46296296296296297,0.46296296296296297,0.0
16,16,71,0.4225352112676056,0.4084507042253521,0.0
16,17,60,0.35,0.3,0.03333333333333338
17,0,51,0.0,-0.49019607843137253,0.5294117647058824
17,1,45,0.0,-0.5555555555555556,0.6666666666666666
17,2,51,0.0,0.0,0.2549019607843137
17,3,54,0.0,-0.37037037037037035,0.4444444444444444
17,4,49,0.0,0.0,0.7551020408163265
17,5,53,0.0,-0.018867924528301886,0.39622641509433965
17,6,52,0.0,-0.057692307692307696,0.7307692307692307
17,7,58,0.0,0.0,0.10344827586206896
17,8,62,0.0,0.0,0.20967741935483872
17,9,66,0.6363636363636364,0.6363636363636364,0.0
17,10,71,0.014084507042253521,0.014084507042253521,0.02816901408450704
17,11,68,0.3088235294117647,0.2647058823529412,0.0
17,12,54,0.09259259259259259,0.07407407407407407,0.1851851851851852
17,13,66,0.045454545454545456,0.045454545454545456,0.0
17,14,60,0.03333333333333333,-0.11666666666666667,0.11666666666666667
17,15,54,0.5370370370370371,0.5370370370370371,0.0
17,16,71,0.14084507042253522,0.1267605633802817,0.2816901408450704
17,17,60,0.08333333333333333,0.033333333333333326,0.30000000000000004
18,0,51,0.0,-0.49019607843137253,0.5294117647058824
18,1,45,0.0,-0.5555555555555556,0.6666666666666666
18,2,51,0.0,0.0,0.2549019607843137
18,3,54,0.0,-0.37037037037037035,0.4444444444444444
18,4,49,0.0,0.0,0.7551020408163265
18,5,53,0.0,-0.018867924528301886,0.39622641509433965
18,6,52,0.0,-0.057692307692307696,0.7307692307692307
18,7,58,0.0,0.0,0.10344827586206896
18,8,62,0.0,0.0,0.20967741935483872
18,9,66,0.16666666666666666,0.16666666666666666,0.4696969696969697
18,10,71,0.08450704225352113,0.08450704225352113,0.0
18,11,68,0.058823529411764705,0.014705882352941173,0.25
18,12,54,0.24074074074074073,0.2222222222222222,0.03703703703703706
18,13,66,0.09090909090909091,0.09090909090909091,0.0
18,14,60,0.15,0.0,0.0
18,15,54,0.3888888888888889,0.3888888888888889,0.1481481481481482
18,16,71,0.4084507042253521,0.3943661971830986,0.014084507042253502
18,17,60,0.3,0.25,0.08333333333333337
19,0,51,0.0,-0.49019607843137253,0.5294117647058824
19,1,45,0.0,-0.5555555555555556,0.6666666666666666
19,2,51,0.0,0.0,0.2549019607843137
19,3,54,0.0,-0.37037037037037035,0.4444444444444444
19,4,49,0.0,0.0,0.7551020408163265
19,5,53,0.0,-0.018867924528301886,0.39622641509433965
19,6,52,0.0,-0.057692307692307696,0.7307692307692307
19,7,58,0.0,0.0,0.10344827586206896
19,8,62,0.0,0.0,0.20967741935483872
19,9,66,0.696969696969697,0.696969696969697,0.0
19,10,71,0.0,0.0,0.08450704225352113
19,11,68,0.2647058823529412,0.22058823529411764,0.04411764705882354
19,12,54,0.09259259259259259,0.07407407407407407,0.1851851851851852
19,13,66,0.045454545454545456,0.045454545454545456,0.045454545454545456
19,14,60,0.03333333333333333,-0.11666666666666667,0.11666666666666667
19,15,54,0.6666666666666666,0.6666666666666666,0.0
19,16,71,0.14084507042253522,0.1267605633802817,0.2816901408450704
19,17,60,0.1,0.05,0.2833333333333333
20,0,51,0.0,-0.49019607843137253,0.5294117647058824
20,1,45,0.0,-0.5555555555555556,0.6666666666666666
20,2,51,0.0,0.0,0.2549019607843137
20,3,54,0.0,-0.37037037037037035,0.4444444444444444
20,4,49,0.0,0.0,0.7551020408163265
20,5,53,0.0,-0.018867924528301886,0.39622641509433965
20,6,52,0.0,-0.057692307692307696,0.7307692307692307
20,7,58,0.0,0.0,0.10344827586206896
20,8,62,0.0,0.0,0.20967741935483872
20,9,66,0.07575757575757576,0.07575757575757576,0.6212121212121212
20,10,71,0.11267605633802817,0.11267605633802817,0.0
20,11,68,0.04411764705882353,0.0,0.2647058823529412
20,12,54,0.25925925925925924,0.24074074074074073,0.018518518518518545
20,13,66,0.21212121212121213,0.21212121212121213,0.0
20,14,60,0.18333333333333332,0.033333333333333326,0.0
20,15,54,0.3148148148148148,0.3148148148148148,0.3518518518518518
20,16,71,0.4788732394366197,0.4647887323943662,0.0
20,17,60,0.3,0.25,0.08333333333333337
21,0,51,0.0,-0.49019607843137253,0.5294117647058824
21,1,45,0.0,-0.5555555555555556,0.6666666666666666
21,2,51,0.0,0.0,0.2549019607843137
21,3,54,0.0,-0.37037037037037035,0.4444444444444444
21,4,49,0.0,0.0,0.7551020408163265
21,5,53,0.0,-0.018867924528301886,0.39622641509433965
21,6,52,0.0,-0.057692307692307696,0.7307692307692307
21,7,58,0.0,0.0,0.10344827586206896
21,8,62,0.0,0.0,0.20967741935483872
21,9,66,0.0,0.0,0.696969696969697
21,10,71,0.0,0.0,0.11267605633802817
21,11,68,0.0,-0.04411764705882353,0.3088235294117647
21,12,54,0.0,-0.018518518518518517,0.2777777777777778
21,13,66,0.0,0.0,0.21212121212121213
21,14,60,0.15,0.0,0.033333333333333326
21,15,54,0.12962962962962962,0.12962962962962962,0.537037037037037
21,16,71,0.0,-0.014084507042253521,0.4788732394366197
21,17,60,0.0,-0.05,0.38333333333333336
21,18,66,0.13636363636363635,,
21,19,52,0.0,,
21,20,92,0.021739130434782608,,
21,21,55,0.0,,
21,22,57,0.19298245614035087,,
21,23,46,0.0,,
21,24,48,0.7916666666666666,,
21,25,81,0.0,,
21,26,73,0.0,,
22,0,51,0.0,-0.49019607843137253,0.5294117647058824
22,1,45,0.0,-0.5555555555555556,0.6666666666666666
22,2,51,0.0,0.0,0.2549019607843137
22,3,54,0.0,-0.37037037037037035,0.4444444444444444
22,4,49,0.0,0.0,0.7551020408163265
22,5,53,0.0,-0.018867924528301886,0.39622641509433965
22,6,52,0.0,-0.057692307692307696,0.7307692307692307
22,7,58,0.0,0.0,0.10344827586206896
22,8,62,0.0,0.0,0.20967741935483872
22,9,66,0.015151515151515152,0.015151515151515152,0.6818181818181819
22,10,71,0.014084507042253521,0.014084507042253521,0.09859154929577466
22,11,68,0.0,-0.04411764705882353,0.3088235294117647
22,12,54,0.0,-0.018518518518518517,0.2777777777777778
22,13,66,0.0,0.0,0.21212121212121213
22,14,60,0.08333333333333333,-0.06666666666666667,0.09999999999999999
22,15,54,0.12962962962962962,0.12962962962962962,0.537037037037037
22,16,71,0.1267605633802817,0.11267605633802817,0.352112676056338
22,17,60,0.0,-0.05,0.38333333333333336
22,18,66,0.10606060606060606,-0.03030303030303029,0.03030303030303029
22,19,52,0.5384615384615384,0.5384615384615384,0.0
22,20,92,0.25,0.2282608695652174,0.0
22,21,55,0.16363636363636364,0.16363636363636364,0.0
22,22,57,0.0,-0.19298245614035087,0.19298245614035087
22,23,46,0.32608695652173914,0.32608695652173914,0.0
22,24,48,0.0,-0.7916666666666666,0.7916666666666666
22,25,81,0.06172839506172839,0.06172839506172839,0.0
22,26,73,0.2465753424657534,0.2465753424657534,0.0
23,0,51,0.0,-0.49019607843137253,0.5294117647058824
23,1,45,0.0,-0.5555555555555556,0.6666666666666666
23,2,51,0.0,0.0,0.2549019607843137
23,3,54,0.0,-0.37037037037037035,0.4444444444444444
23,4,49,0.0,0.0,0.7551020408163265
23,5,53,0.0,-0.018867924528301886,0.39622641509433965
23,6,52,0.0,-0.057692307692307696,0.7307692307692307
23,7,58,0.0,0.0,0.10344827586206896
23,8,62,0.0,0.0,0.20967741935483872
23,9,66,0.0,0.0,0.696969696969697
23,10,71,0.0,0.0,0.11267605633802817
23,11,68,0.0,-0.04411764705882353,0.3088235294117647
23,12,54,0.0,-0.018518518518518517,0.2777777777777778
23,13,66,0.0,0.0,0.21212121212121213
23,14,60,0.06666666666666667,-0.08333333333333333,0.11666666666666665
23,15,54,0.0,0.0,0.6666666666666666
23,16,71,0.0,-0.014084507042253521,0.4788732394366197
23,17,60,0.0,-0.05,0.38333333333333336
23,18,66,0.5,0.36363636363636365,0.0
23,19,52,0.09615384615384616,0.09615384615384616,0.4423076923076923
23,20,92,0.05434782608695652,0.03260869565217391,0.1956521739130435
23,21,55,0.05454545454545454,0.05454545454545454,0.1090909090909091
23,22,57,0.2982456140350877,0.10526315789473684,0.0
23,23,46,0.08695652173913043,0.08695652173913043,0.2391304347826087
23,24,48,0.7083333333333334,-0.08333333333333326,0.08333333333333326
23,25,81,0.012345679012345678,0.012345679012345678,0.04938271604938271
23,26,73,0.0821917808219178,0.0821917808219178,0.1643835616438356
24,0,51,0.0,-0.49019607843137253,0.5294117647058824
24,1,45,0.0,-0.5555555555555556,0.6666666666666666
24,2,51,0.0,0.0,0.2549019607843137
24,3,54,0.0,-0.37037037037037035,0.4444444444444444
24,4,49,0.0,0.0,0.7551020408163265
24,5,53,0.0,-0.018867924528301886,0.39622641509433965
24,6,52,0.0,-0.057692307692307696,0.7307692307692307
24,7,58,0.0,0.0,0.10344827586206896
24,8,62,0.0,0.0,0.20967741935483872
24,9,66,0.0,0.0,0.696969696969697
24,10,71,0.0,0.0,0.11267605633802817
24,11,68,0.0,-0.04411764705882353,0.3088235294117647
24,12,54,0.0,-0.018518518518518517,0.2777777777777778
24,13,66,0.0,0.0,0.21212121212121213
24,14,60,0.06666666666666667,-0.08333333333333333,0.11666666666666665
24,15,54,0.05555555555555555,0.05555555555555555,0.611111111111111
24,16,71,0.0,-0.014084507042253521,0.4788732394366197
24,17,60,0.0,-0.05,0.38333333333333336
24,18,66,0.24242424242424243,0.10606060606060608,0.25757575757575757
24,19,52,0.4423076923076923,0.4423076923076923,0.09615384615384615
24,20,92,0.18478260869565216,0.16304347826086957,0.06521739130434784
24,21,55,0.18181818181818182,0.18181818181818182,0.0
24,22,57,0.0,-0.19298245614035087,0.2982456140350877
24,23,46,0.3695652173913043,0.3695652173913043,0.0
24,24,48,0.08333333333333333,-0.7083333333333333,0.7083333333333333
24,25,81,0.18518518518518517,0.18518518518518517,0.0
24,26,73,0.1095890410958904,0.1095890410958904,0.136986301369863
25,0,51,0.0,-0.49019607843137253,0.5294117647058824
25,1,45,0.0,-0.5555555555555556,0.6666666666666666
25,2,51,0.0,0.0,0.2549019607843137
25,3,54,0.0,-0.37037037037037035,0.4444444444444444
25,4,49,0.0,0.0,0.7551020408163265
25,5,53,0.0,-0.018867924528301886,0.39622641509433965
25,6,52,0.0,-0.057692307692307696,0.7307692307692307
25,7,58,0.0,0.0,0.10344827586206896
25,8,62,0.0,0.0,0.20967741935483872
25,9,66,0.0,0.0,0.696969696969697
25,10,71,0.0,0.0,0.11267605633802817
25,11,68,0.0,-0.04411764705882353,0.3088235294117647
25,12,54,0.0,-0.018518518518518517,0.2777777777777778
25,13,66,0.0,0.0,0.21212121212121213
25,14,60,0.05,-0.09999999999999999,0.1333333333333333
25,15,54,0.037037037037037035,0.037037037037037035,0.6296296296296295
25,16,71,0.0,-0.014084507042253521,0.4788732394366197
25,17,60,0.0,-0.05,0.38333333333333336
25,18,66,0.4393939393939394,0.30303030303030304,0.06060606060606061
25,19,52,0.15384615384615385,0.15384615384615385,0.3846153846153846
25,20,92,0.11956521739130435,0.09782608695652174,0.13043478260869565
25,21,55,0.3090909090909091,0.3090909090909091,0.0
25,22,57,0.15789473684210525,-0.03508771929824561,0.14035087719298245
25,23,46,0.2608695652173913,0.2608695652173913,0.10869565217391303
25,24,48,0.3333333333333333,-0.4583333333333333,0.4583333333333333
25,25,81,0.13580246913580246,0.13580246913580246,0.04938271604938271
25,26,73,0.2054794520547945,0.2054794520547945,0.0410958904109589
26,0,51,0.0,-0.49019607843137253,0.5294117647058824
26,1,45,0.0,-0.5555555555555556,0.6666666666666666
26,2,51,0.0,0.0,0.2549019607843137
26,3,54,0.0,-0.37037037037037035,0.4444444444444444
26,4,49,0.0,0.0,0.7551020408163265
26,5,53,0.0,-0.018867924528301886,0.39622641509433965
26,6,52,0.0,-0.057692307692307696,0.7307692307692307
26,7,58,0.0,0.0,0.10344827586206896
26,8,62,0.0,0.0,0.20967741935483872
26,9,66,0.0,0.0,0.696969696969697
26,10,71,0.0,0.0,0.11267605633802817
26,11,68,0.0,-0.04411764705882353,0.3088235294117647
26,12,54,0.0,-0.018518518518518517,0.2777777777777778
26,13,66,0.0,0.0,0.21212121212121213
26,14,60,0.05,-0.09999999999999999,0.1333333333333333
26,15,54,0.037037037037037035,0.037037037037037035,0.6296296296296295
26,16,71,0.0,-0.014084507042253521,0.4788732394366197
26,17,60,0.0,-0.05,0.38333333333333336
26,18,66,0.3484848484848485,0.21212121212121215,0.1515151515151515
26,19,52,0.40384615384615385,0.40384615384615385,0.13461538461538458
26,20,92,0.15217391304347827,0.13043478260869568,0.09782608695652173
26,21,55,0.18181818181818182,0.18181818181818182,0.12727272727272726
26,22,57,0.0,-0.19298245614035087,0.2982456140350877
26,23,46,0.34782608695652173,0.34782608695652173,0.021739130434782594
26,24,48,0.4583333333333333,-0.3333333333333333,0.3333333333333333
26,25,81,0.14814814814814814,0.14814814814814814,0.037037037037037035
26,26,73,0.1917808219178082,0.1917808219178082,0.0547945205479452
27,0,51,0.0,-0.49019607843137253,0.5294117647058824
27,1,45,0.0,-0.5555555555555556,0.6666666666666666
27,2,51,0.0,0.0,0.2549019607843137
27,3,54,0.0,-0.37037037037037035,0.4444444444444444
27,4,49,0.0,0.0,0.7551020408163265
27,5,53,0.0,-0.018867924528301886,0.39622641509433965
27,6,52,0.0,-0.057692307692307696,0.7307692307692307
27,7,58,0.0,0.0,0.10344827586206896
27,8,62,0.0,0.0,0.20967741935483872
27,9,66,0.0,0.0,0.696969696969697
27,10,71,0.0,0.0,0.11267605633802817
27,11,68,0.0,-0.04411764705882353,0.3088235294117647
27,12,54,0.0,-0.018518518518518517,0.2777777777777778
27,13,66,0.0,0.0,0.21212121212121213
27,14,60,0.05,-0.09999999999999999,0.1333333333333333
27,15,54,0.05555555555555555,0.05555555555555555,0.611111111111111
27,16,71,0.0,-0.014084507042253521,0.4788732394366197
27,17,60,0.0,-0.05,0.38333333333333336
27,18,66,0.3787878787878788,0.24242424242424243,0.12121212121212122
27,19,52,0.28846153846153844,0.28846153846153844,0.25
27,20,92,0.16304347826086957,0.14130434782608697,0.08695652173913043
27,21,55,0.23636363636363636,0.23636363636363636,0.07272727272727272
27,22,57,0.05263157894736842,-0.14035087719298245,0.24561403508771928
27,23,46,0.34782608695652173,0.34782608695652173,0.021739130434782594
27,24,48,0.125,-0.6666666666666666,0.6666666666666666
27,25,81,0.2222222222222222,0.2222222222222222,0.0
27,26,73,0.2191780821917808,0.2191780821917808,0.0273972602739726
28,0,51,0.0,-0.49019607843137253,0.5294117647058824
28,1,45,0.0,-0.5555555555555556,0.6666666666666666
28,2,51,0.0,0.0,0.2549019607843137
28,3,54,0.0,-0.37037037037037035,0.4444444444444444
28,4,49,0.0,0.0,0.7551020408163265
28,5,53,0.0,-0.018867924528301886,0.39622641509433965
28,6,52,0.0,-0.057692307692307696,0.7307692307692307
28,7,58,0.0,0.0,0.10344827586206896
28,8,62,0.0,0.0,0.20967741935483872
28,9,66,0.0,0.0,0.696969696969697
28,10,71,0.0,0.0,0.11267605633802817
28,11,68,0.0,-0.04411764705882353,0.3088235294117647
28,12,54,0.0,-0.018518518518518517,0.2777777777777778
28,13,66,0.0,0.0,0.21212121212121213
28,14,60,0.05,-0.09999999999999999,0.1333333333333333
28,15,54,0.09259259259259259,0.09259259259259259,0.5740740740740741
28,16,71,0.0,-0.014084507042253521,0.4788732394366197
28,17,60,0.0,-0.05,0.38333333333333336
28,18,66,0.45454545454545453,0.3181818181818182,0.04545454545454547
28,19,52,0.36538461538461536,0.36538461538461536,0.17307692307692307
28,20,92,0.1956521739130435,0.17391304347826086,0.05434782608695651
28,21,55,0.45454545454545453,0.45454545454545453,0.0
28,22,57,0.15789473684210525,-0.03508771929824561,0.14035087719298245
28,23,46,0.3695652173913043,0.3695652173913043,0.0
28,24,48,0.5833333333333334,-0.20833333333333326,0.20833333333333326
28,25,81,0.09876543209876543,0.09876543209876543,0.12345679012345678
28,26,73,0.1643835616438356,0.1643835616438356,0.0821917808219178
29,0,51,0.0,-0.49019607843137253,0.5294117647058824
29,1,45,0.0,-0.5555555555555556,0.6666666666666666
29,2,51,0.0,0.0,0.2549019607843137
29,3,54,0.0,-0.37037037037037035,0.4444444444444444
29,4,49,0.0,0.0,0.7551020408163265
29,5,53,0.0,-0.018867924528301886,0.39622641509433965
29,6,52,0.0,-0.057692307692307696,0.7307692307692307
29,7,58,0.0,0.0,0.10344827586206896
29,8,62,0.0,0.0,0.20967741935483872
29,9,66,0.0,0.0,0.696969696969697
29,10,71,0.0,0.0,0.11267605633802817
29,11,68,0.0,-0.04411764705882353,0.3088235294117647
29,12,54,0.0,-0.018518518518518517,0.2777777777777778
29,13,66,0.0,0.0,0.21212121212121213
29,14,60,0.0,-0.15,0.18333333333333332
29,15,54,0.018518518518518517,0.018518518518518517,0.6481481481481481
29,16,71,0.0,-0.014084507042253521,0.4788732394366197
29,17,60,0.0,-0.05,0.38333333333333336
29,18,66,0.3181818181818182,0.18181818181818182,0.18181818181818182
29,19,52,0.3076923076923077,0.3076923076923077,0.23076923076923073
29,20,92,0.14130434782608695,0.11956521739130434,0.10869565217391305
29,21,55,0.2727272727272727,0.2727272727272727,0.18181818181818182
29,22,57,0.0,-0.19298245614035087,0.2982456140350877
29,23,46,0.30434782608695654,0.30434782608695654,0.06521739130434778
29,24,48,0.041666666666666664,-0.75,0.75
29,25,81,0.2839506172839506,0.2839506172839506,0.0
29,26,73,0.2465753424657534,0.2465753424657534,0.0
30,0,51,0.0,-0.49019607843137253,0.5294117647058824
30,1,45,0.0,-0.5555555555555556,0.6666666666666666
30,2,51,0.0,0.0,0.2549019607843137
30,3,54,0.0,-0.37037037037037035,0.4444444444444444
30,4,49,0.0,0.0,0.7551020408163265
30,5,53,0.0,-0.018867924528301886,0.39622641509433965
30,6,52,0.0,-0.057692307692307696,0.7307692307692307
30,7,58,0.0,0.0,0.10344827586206896
30,8,62,0.0,0.0,0.20967741935483872
30,9,66,0.0,0.0,0.696969696969697
30,10,71,0.0,0.0,0.11267605633802817
30,11,68,0.0,-0.04411764705882353,0.3088235294117647
30,12,54,0.0,-0.018518518518518517,0.2777777777777778
30,13,66,0.0,0.0,0.21212121212121213
30,14,60,0.03333333333333333,-0.11666666666666667,0.15
30,15,54,0.07407407407407407,0.07407407407407407,0.5925925925925926
30,16,71,0.0,-0.014084507042253521,0.4788732394366197
30,17,60,0.0,-0.05,0.38333333333333336
30,18,66,0.45454545454545453,0.3181818181818182,0.04545454545454547
30,19,52,0.34615384615384615,0.34615384615384615,0.1923076923076923
30,20,92,0.2608695652173913,0.2391304347826087,0.0
30,21,55,0.41818181818181815,0.41818181818181815,0.036363636363636376
30,22,57,0.21052631578947367,0.017543859649122806,0.08771929824561403
30,23,46,0.3695652173913043,0.3695652173913043,0.0
30,24,48,0.6458333333333334,-0.14583333333333326,0.14583333333333326
30,25,81,0.08641975308641975,0.08641975308641975,0.19753086419753085
30,26,73,0.0821917808219178,0.0821917808219178,0.1643835616438356
31,0,51,0.0,-0.49019607843137253,0.5294117647058824
31,1,45,0.0,-0.5555555555555556,0.6666666666666666
31,2,51,0.0,0.0,0.2549019607843137
31,3,54,0.0,-0.37037037037037035,0.4444444444444444
31,4,49,0.0,0.0,0.7551020408163265
31,5,53,0.0,-0.018867924528301886,0.39622641509433965
31,6,52,0.0,-0.057692307692307696,0.7307692307692307
31,7,58,0.0,0.0,0.10344827586206896
31,8,62,0.0,0.0,0.20967741935483872
31,9,66,0.0,0.0,0.696969696969697
31,10,71,0.0,0.0,0.11267605633802817
31,11,68,0.0,-0.04411764705882353,0.3088235294117647
31,12,54,0.0,-0.018518518518518517,0.2777777777777778
31,13,66,0.0,0.0,0.21212121212121213
31,14,60,0.0,-0.15,0.18333333333333332
31,15,54,0.0,0.0,0.6666666666666666
31,16,71,0.0,-0.014084507042253521,0.4788732394366197
31,17,60,0.0,-0.05,0.38333333333333336
31,18,66,0.3181818181818182,0.18181818181818182,0.18181818181818182
31,19,52,0.3076923076923077,0.3076923076923077,0.23076923076923073
31,20,92,0.15217391304347827,0.13043478260869568,0.10869565217391303
31,21,55,0.2909090909090909,0.2909090909090909,0.16363636363636364
31,22,57,0.0,-0.19298245614035087,0.2982456140350877
31,23,46,0.30434782608695654,0.30434782608695654,0.06521739130434778
31,24,48,0.041666666666666664,-0.75,0.75
31,25,81,0.2839506172839506,0.2839506172839506,0.0
31,26,73,0.2602739726027397,0.2602739726027397,0.0
32,0,51,0.0,-0.49019607843137253,0.5294117647058824
32,1,45,0.0,-0.5555555555555556,0.6666666666666666
32,2,51,0.0,0.0,0.2549019607843137
32,3,54,0.0,-0.37037037037037035,0.4444444444444444
32,4,49,0.0,0.0,0.7551020408163265
32,5,53,0.0,-0.018867924528301886,0.39622641509433965
32,6,52,0.0,-0.057692307692307696,0.7307692307692307
32,7,58,0.0,0.0,0.10344827586206896
32,8,62,0.0,0.0,0.20967741935483872
32,9,66,0.0,0.0,0.696969696969697
32,10,71,0.0,0.0,0.11267605633802817
32,11,68,0.0,-0.04411764705882353,0.3088235294117647
32,12,54,0.0,-0.018518518518518517,0.2777777777777778
32,13,66,0.0,0.0,0.21212121212121213
32,14,60,0.016666666666666666,-0.13333333333333333,0.16666666666666666
32,15,54,0.07407407407407407,0.07407407407407407,0.5925925925925926
32,16,71,0.0,-0.014084507042253521,0.4788732394366197
32,17,60,0.0,-0.05,0.38333333333333336
32,18,66,0.48484848484848486,0.3484848484848485,0.015151515151515138
32,19,52,0.34615384615384615,0.34615384615384615,0.1923076923076923
32,20,92,0.22826086956521738,0.20652173913043476,0.03260869565217392
32,21,55,0.38181818181818183,0.38181818181818183,0.0727272727272727
32,22,57,0.2982456140350877,0.10526315789473684,0.0
32,23,46,0.34782608695652173,0.34782608695652173,0.021739130434782594
32,24,48,0.5833333333333334,-0.20833333333333326,0.20833333333333326
32,25,81,0.12345679012345678,0.12345679012345678,0.16049382716049382
32,26,73,0.0958904109589041,0.0958904109589041,0.1643835616438356
33,0,51,0.0,-0.49019607843137253,0.5294117647058824
33,1,45,0.0,-0.5555555555555556,0.6666666666666666
33,2,51,0.0,0.0,0.2549019607843137
33,3,54,0.0,-0.37037037037037035,0.4444444444444444
33,4,49,0.0,0.0,0.7551020408163265
33,5,53,0.0,-0.018867924528301886,0.39622641509433965
33,6,52,0.0,-0.057692307692307696,0.7307692307692307
33,7,58,0.0,0.0,0.10344827586206896
33,8,62,0.0,0.0,0.20967741935483872
33,9,66,0.0,0.0,0.696969696969697
33,10,71,0.0,0.0,0.11267605633802817
33,11,68,0.0,-0.04411764705882353,0.3088235294117647
33,12,54,0.0,-0.018518518518518517,0.2777777777777778
33,13,66,0.0,0.0,0.21212121212121213
33,14,60,0.0,-0.15,0.18333333333333332
33,15,54,0.018518518518518517,0.018518518518518517,0.6481481481481481
33,16,71,0.0,-0.014084507042253521,0.4788732394366197
33,17,60,0.0,-0.05,0.38333333333333336
33,18,66,0.3484848484848485,0.21212121212121215,0.1515151515151515
33,19,52,0.34615384615384615,0.34615384615384615,0.1923076923076923
33,20,92,0.17391304347826086,0.15217391304347827,0.08695652173913043
33,21,55,0.36363636363636365,0.36363636363636365,0.09090909090909088
33,22,57,0.0,-0.19298245614035087,0.2982456140350877
33,23,46,0.32608695652173914,0.32608695652173914,0.04347826086956519
33,24,48,0.0625,-0.7291666666666666,0.7291666666666666
33,25,81,0.25925925925925924,0.25925925925925924,0.024691358024691357
33,26,73,0.2465753424657534,0.2465753424657534,0.0136986301369863
34,0,51,0.0,-0.49019607843137253,0.5294117647058824
34,1,45,0.0,-0.5555555555555556,0.6666666666666666
34,2,51,0.0,0.0,0.2549019607843137
34,3,54,0.0,-0.37037037037037035,0.4444444444444444
34,4,49,0.0,0.0,0.7551020408163265
34,5,53,0.0,-0.018867924528301886,0.39622641509433965
34,6,52,0.0,-0.057692307692307696,0.7307692307692307
34,7,58,0.0,0.0,0.10344827586206896
34,8,62,0.0,0.0,0.20967741935483872
34,9,66,0.0,0.0,0.696969696969697
34,10,71,0.0,0.0,0.11267605633802817
34,11,68,0.0,-0.04411764705882353,0.3088235294117647
34,12,54,0.0,-0.018518518518518517,0.2777777777777778
34,13,66,0.0,0.0,0.21212121212121213
34,14,60,0.016666666666666666,-0.13333333333333333,0.16666666666666666
34,15,54,0.05555555555555555,0.05555555555555555,0.611111111111111
34,16,71,0.0,-0.014084507042253521,0.4788732394366197
34,17,60,0.0,-0.05,0.38333333333333336
34,18,66,0.48484848484848486,0.3484848484848485,0.015151515151515138
34,19,52,0.3269230769230769,0.3269230769230769,0.2115384615384615
34,20,92,0.25,0.2282608695652174,0.010869565217391297
34,21,55,0.41818181818181815,0.41818181818181815,0.036363636363636376
34,22,57,0.2982456140350877,0.10526315789473684,0.0
34,23,46,0.34782608695652173,0.34782608695652173,0.021739130434782594
34,24,48,0.4375,-0.35416666666666663,0.35416666666666663
34,25,81,0.1728395061728395,0.1728395061728395,0.1111111111111111
34,26,73,0.1232876712328767,0.1232876712328767,0.136986301369863
35,0,51,0.0,-0.49019607843137253,0.5294117647058824
35,1,45,0.0,-0.5555555555555556,0.6666666666666666
35,2,51,0.0,0.0,0.2549019607843137
35,3,54,0.0,-0.37037037037037035,0.4444444444444444
35,4,49,0.0,0.0,0.7551020408163265
35,5,53,0.0,-0.018867924528301886,0.39622641509433965
35,6,52,0.0,-0.057692307692307696,0.7307692307692307
35,7,58,0.0,0.0,0.10344827586206896
35,8,62,0.0,0.0,0.20967741935483872
35,9,66,0.0,0.0,0.696969696969697
35,10,71,0.0,0.0,0.11267605633802817
35,11,68,0.0,-0.04411764705882353,0.3088235294117647
35,12,54,0.0,-0.018518518518518517,0.2777777777777778
35,13,66,0.0,0.0,0.21212121212121213
35,14,60,0.0,-0.15,0.18333333333333332
35,15,54,0.037037037037037035,0.037037037037037035,0.6296296296296295
35,16,71,0.0,-0.014084507042253521,0.4788732394366197
35,17,60,0.0,-0.05,0.38333333333333336
35,18,66,0.3484848484848485,0.21212121212121215,0.1515151515151515
35,19,52,0.34615384615384615,0.34615384615384615,0.1923076923076923
35,20,92,0.17391304347826086,0.15217391304347827,0.08695652173913043
35,21,55,0.4727272727272727,0.4727272727272727,0.0
35,22,57,0.03508771929824561,-0.15789473684210525,0.2631578947368421
35,23,46,0.41304347826086957,0.41304347826086957,0.0
35,24,48,0.1875,-0.6041666666666666,0.6041666666666666
35,25,81,0.2716049382716049,0.2716049382716049,0.012345679012345678
35,26,73,0.2054794520547945,0.2054794520547945,0.0547945205479452
36,0,51,0.0,-0.49019607843137253,0.5294117647058824
36,1,45,0.0,-0.5555555555555556,0.6666666666666666
36,2,51,0.0,0.0,0.2549019607843137
36,3,54,0.0,-0.37037037037037035,0.4444444444444444
36,4,49,0.0,0.0,0.7551020408163265
36,5,53,0.0,-0.018867924528301886,0.39622641509433965
36,6,52,0.0,-0.057692307692307696,0.7307692307692307
36,7,58,0.0,0.0,0.10344827586206896
36,8,62,0.0,0.0,0.20967741935483872
36,9,66,0.0,0.0,0.696969696969697
36,10,71,0.0,0.0,0.11267605633802817
36,11,68,0.0,-0.04411764705882353,0.3088235294117647
36,12,54,0.0,-0.018518518518518517,0.2777777777777778
36,13,66,0.0,0.0,0.21212121212121213
36,14,60,0.0,-0.15,0.18333333333333332
36,15,54,0.037037037037037035,0.037037037037037035,0.6296296296296295
36,16,71,0.0,-0.014084507042253521,0.4788732394366197
36,17,60,0.0,-0.05,0.38333333333333336
36,18,66,0.5454545454545454,0.40909090909090906,0.0
36,19,52,0.3269230769230769,0.3269230769230769,0.2115384615384615
36,20,92,0.1956521739130435,0.17391304347826086,0.06521739130434781
36,21,55,0.43636363636363634,0.43636363636363634,0.036363636363636376
36,22,57,0.3157894736842105,0.12280701754385964,0.0
36,23,46,0.34782608695652173,0.34782608695652173,0.06521739130434784
36,24,48,0.375,-0.41666666666666663,0.41666666666666663
36,25,81,0.16049382716049382,0.16049382716049382,0.12345679012345678
36,26,73,0.1095890410958904,0.1095890410958904,0.1506849315068493
37,0,51,0.0,-0.49019607843137253,0.5294117647058824
37,1,45,0.0,-0.5555555555555556,0.6666666666666666
37,2,51,0.0,0.0,0.2549019607843137
37,3,54,0.0,-0.37037037037037035,0.4444444444444444
37,4,49,0.0,0.0,0.7551020408163265
37,5,53,0.0,-0.018867924528301886,0.39622641509433965
37,6,52,0.0,-0.057692307692307696,0.7307692307692307
37,7,58,0.0,0.0,0.10344827586206896
37,8,62,0.0,0.0,0.20967741935483872
37,9,66,0.0,0.0,0.696969696969697
37,10,71,0.0,0.0,0.11267605633802817
37,11,68,0.0,-0.04411764705882353,0.3088235294117647
37,12,54,0.0,-0.018518518518518517,0.2777777777777778
37,13,66,0.0,0.0,0.21212121212121213
37,14,60,0.0,-0.15,0.18333333333333332
37,15,54,0.018518518518518517,0.018518518518518517,0.6481481481481481
37,16,71,0.0,-0.014084507042253521,0.4788732394366197
37,17,60,0.0,-0.05,0.38333333333333336
37,18,66,0.3939393939393939,0.25757575757575757,0.1515151515151515
37,19,52,0.3076923076923077,0.3076923076923077,0.23076923076923073
37,20,92,0.16304347826086957,0.14130434782608697,0.09782608695652173
37,21,55,0.32727272727272727,0.32727272727272727,0.14545454545454545
37,22,57,0.03508771929824561,-0.15789473684210525,0.2807017543859649
37,23,46,0.32608695652173914,0.32608695652173914,0.08695652173913043
37,24,48,0.22916666666666666,-0.5625,0.5625
37,25,81,0.345679012345679,0.345679012345679,0.0
37,26,73,0.273972602739726,0.273972602739726,0.0
38,0,51,0.0,-0.49019607843137253,0.5294117647058824
38,1,45,0.0,-0.5555555555555556,0.6666666666666666
38,2,51,0.0,0.0,0.2549019607843137
38,3,54,0.0,-0.37037037037037035,0.4444444444444444
38,4,49,0.0,0.0,0.7551020408163265
38,5,53,0.0,-0.018867924528301886,0.39622641509433965
38,6,52,0.0,-0.057692307692307696,0.7307692307692307
38,7,58,0.0,0.0,0.10344827586206896
38,8,62,0.0,0.0,0.20967741935483872
38,9,66,0.0,0.0,0.696969696969697
38,10,71,0.0,0.0,0.11267605633802817
38,11,68,0.0,-0.04411764705882353,0.3088235294117647
38,12,54,0.0,-0.018518518518518517,0.2777777777777778
38,13,66,0.0,0.0,0.21212121212121213
38,14,60,0.0,-0.15,0.18333333333333332
38,15,54,0.0,0.0,0.6666666666666666
38,16,71,0.0,-0.014084507042253521,0.4788732394366197
38,17,60,0.0,-0.05,0.38333333333333336
38,18,66,0.5303030303030303,0.3939393939393939,0.015151515151515138
38,19,52,0.3269230769230769,0.3269230769230769,0.2115384615384615
38,20,92,0.2608695652173913,0.2391304347826087,0.0
38,21,55,0.34545454545454546,0.34545454545454546,0.12727272727272726
38,22,57,0.24561403508771928,0.05263157894736842,0.07017543859649122
38,23,46,0.2826086956521739,0.2826086956521739,0.13043478260869568
38,24,48,0.3958333333333333,-0.3958333333333333,0.3958333333333333
38,25,81,0.1728395061728395,0.1728395061728395,0.1728395061728395
38,26,73,0.136986301369863,0.136986301369863,0.136986301369863
39,0,51,0.0,-0.49019607843137253,0.5294117647058824
39,1,45,0.0,-0.5555555555555556,0.6666666666666666
39,2,51,0.0,0.0,0.2549019607843137
39,3,54,0.0,-0.37037037037037035,0.4444444444444444
39,4,49,0.0,0.0,0.7551020408163265
39,5,53,0.0,-0.018867924528301886,0.39622641509433965
39,6,52,0.0,-0.057692307692307696,0.7307692307692307
39,7,58,0.0,0.0,0.10344827586206896
39,8,62,0.0,0.0,0.20967741935483872
39,9,66,0.0,0.0,0.696969696969697
39,10,71,0.0,0.0,0.11267605633802817
39,11,68,0.0,-0.04411764705882353,0.3088235294117647
39,12,54,0.0,-0.018518518518518517,0.2777777777777778
39,13,66,0.0,0.0,0.21212121212121213
39,14,60,0.0,-0.15,0.18333333333333332
39,15,54,0.037037037037037035,0.037037037037037035,0.6296296296296295
39,16,71,0.0,-0.014084507042253521,0.4788732394366197
39,17,60,0.0,-0.05,0.38333333333333336
39,18,66,0.36363636363636365,0.2272727272727273,0.18181818181818177
39,19,52,0.2692307692307692,0.2692307692307692,0.2692307692307692
39,20,92,0.13043478260869565,0.10869565217391304,0.13043478260869565
39,21,55,0.4727272727272727,0.4727272727272727,0.0
39,22,57,0.05263157894736842,-0.14035087719298245,0.2631578947368421
39,23,46,0.34782608695652173,0.34782608695652173,0.06521739130434784
39,24,48,0.20833333333333334,-0.5833333333333333,0.5833333333333333
39,25,81,0.3950617283950617,0.3950617283950617,0.0
39,26,73,0.2465753424657534,0.2465753424657534,0.0273972602739726
40,0,51,0.0,-0.49019607843137253,0.5294117647058824
40,1,45,0.0,-0.5555555555555556,0.6666666666666666
40,2,51,0.0,0.0,0.2549019607843137
40,3,54,0.0,-0.37037037037037035,0.4444444444444444
40,4,49,0.0,0.0,0.7551020408163265
40,5,53,0.0,-0.018867924528301886,0.39622641509433965
40,6,52,0.0,-0.057692307692307696,0.7307692307692307
40,7,58,0.0,0.0,0.10344827586206896
40,8,62,0.0,0.0,0.20967741935483872
40,9,66,0.0,0.0,0.696969696969697
40,10,71,0.0,0.0,0.11267605633802817
40,11,68,0.0,-0.04411764705882353,0.3088235294117647
40,12,54,0.0,-0.018518518518518517,0.2777777777777778
40,13,66,0.0,0.0,0.21212121212121213
40,14,60,0.0,-0.15,0.18333333333333332
40,15,54,0.0,0.0,0.6666666666666666
40,16,71,0.0,-0.014084507042253521,0.4788732394366197
40,17,60,0.0,-0.05,0.38333333333333336
40,18,66,0.5757575757575758,0.43939393939393945,0.0
40,19,52,0.36538461538461536,0.36538461538461536,0.17307692307692307
40,20,92,0.18478260869565216,0.16304347826086957,0.07608695652173914
40,21,55,0.3090909090909091,0.3090909090909091,0.16363636363636364
40,22,57,0.24561403508771928,0.05263157894736842,0.07017543859649122
40,23,46,0.32608695652173914,0.32608695652173914,0.08695652173913043
40,24,48,0.3541666666666667,-0.43749999999999994,0.43749999999999994
40,25,81,0.16049382716049382,0.16049382716049382,0.2345679012345679
40,26,73,0.0821917808219178,0.0821917808219178,0.1917808219178082
41,0,51,0.0,-0.49019607843137253,0.5294117647058824
41,1,45,0.0,-0.5555555555555556,0.6666666666666666
41,2,51,0.0,0.0,0.2549019607843137
41,3,54,0.0,-0.37037037037037035,0.4444444444444444
41,4,49,0.0,0.0,0.7551020408163265
41,5,53,0.0,-0.018867924528301886,0.39622641509433965
41,6,52,0.0,-0.057692307692307696,0.7307692307692307
41,7,58,0.0,0.0,0.10344827586206896
41,8,62,0.0,0.0,0.20967741935483872
41,9,66,0.0,0.0,0.696969696969697
41,10,71,0.0,0.0,0.11267605633802817
41,11,68,0.0,-0.04411764705882353,0.3088235294117647
41,12,54,0.0,-0.018518518518518517,0.2777777777777778
41,13,66,0.0,0.0,0.21212121212121213
41,14,60,0.0,-0.15,0.18333333333333332
41,15,54,0.0,0.0,0.6666666666666666
41,16,71,0.0,-0.014084507042253521,0.4788732394366197
41,17,60,0.0,-0.05,0.38333333333333336
41,18,66,0.4696969696969697,0.33333333333333337,0.10606060606060608
41,19,52,0.19230769230769232,0.19230769230769232,0.34615384615384615
41,20,92,0.15217391304347827,0.13043478260869568,0.10869565217391303
41,21,55,0.36363636363636365,0.36363636363636365,0.10909090909090907
41,22,57,0.05263157894736842,-0.14035087719298245,0.2631578947368421
41,23,46,0.2391304347826087,0.2391304347826087,0.17391304347826086
41,24,48,0.3541666666666667,-0.43749999999999994,0.43749999999999994
41,25,81,0.48148148148148145,0.48148148148148145,0.0
41,26,73,0.3150684931506849,0.3150684931506849,0.0
42,0,51,0.0,-0.49019607843137253,0.5294117647058824
42,1,45,0.0,-0.5555555555555556,0.6666666666666666
42,2,51,0.0,0.0,0.2549019607843137
42,3,54,0.0,-0.37037037037037035,0.4444444444444444
42,4,49,0.0,0.0,0.7551020408163265
42,5,53,0.0,-0.018867924528301886,0.39622641509433965
42,6,52,0.0,-0.057692307692307696,0.7307692307692307
42,7,58,0.0,0.0,0.10344827586206896
42,8,62,0.0,0.0,0.20967741935483872
42,9,66,0.0,0.0,0.696969696969697
42,10,71,0.0,0.0,0.11267605633802817
42,11,68,0.0,-0.04411764705882353,0.3088235294117647
42,12,54,0.0,-0.018518518518518517,0.2777777777777778
42,13,66,0.0,0.0,0.21212121212121213
42,14,60,0.0,-0.15,0.18333333333333332
42,15,54,0.0,0.0,0.6666666666666666
42,16,71,0.0,-0.014084507042253521,0.4788732394366197
42,17,60,0.0,-0.05,0.38333333333333336
42,18,66,0.5454545454545454,0.40909090909090906,0.030303030303030387
42,19,52,0.34615384615384615,0.34615384615384615,0.1923076923076923
42,20,92,0.18478260869565216,0.16304347826086957,0.07608695652173914
42,21,55,0.34545454545454546,0.34545454545454546,0.12727272727272726
42,22,57,0.19298245614035087,0.0,0.12280701754385964
42,23,46,0.21739130434782608,0.21739130434782608,0.1956521739130435
42,24,48,0.2916666666666667,-0.49999999999999994,0.49999999999999994
42,25,81,0.2716049382716049,0.2716049382716049,0.20987654320987653
42,26,73,0.1506849315068493,0.1506849315068493,0.1643835616438356
43,0,51,0.0,-0.49019607843137253,0.5294117647058824
43,1,45,0.0,-0.5555555555555556,0.6666666666666666
43,2,51,0.0,0.0,0.2549019607843137
43,3,54,0.0,-0.37037037037037035,0.4444444444444444
43,4,49,0.0,0.0,0.7551020408163265
43,5,53,0.0,-0.018867924528301886,0.39622641509433965
43,6,52,0.0,-0.057692307692307696,0.7307692307692307
43,7,58,0.0,0.0,0.10344827586206896
43,8,62,0.0,0.0,0.20967741935483872
43,9,66,0.0,0.0,0.696969696969697
43,10,71,0.0,0.0,0.11267605633802817
43,11,68,0.0,-0.04411764705882353,0.3088235294117647
43,12,54,0.0,-0.018518518518518517,0.2777777777777778
43,13,66,0.0,0.0,0.21212121212121213
43,14,60,0.0,-0.15,0.18333333333333332
43,15,54,0.018518518518518517,0.018518518518518517,0.6481481481481481
43,16,71,0.0,-0.014084507042253521,0.4788732394366197
43,17,60,0.0,-0.05,0.38333333333333336
43,18,66,0.42424242424242425,0.2878787878787879,0.15151515151515155
43,19,52,0.23076923076923078,0.23076923076923078,0.30769230769230765
43,20,92,0.09782608695652174,0.07608695652173914,0.16304347826086957
43,21,55,0.4727272727272727,0.4727272727272727,0.0
43,22,57,0.08771929824561403,-0.10526315789473684,0.22807017543859648
43,23,46,0.30434782608695654,0.30434782608695654,0.10869565217391303
43,24,48,0.3125,-0.47916666666666663,0.47916666666666663
43,25,81,0.5185185185185185,0.5185185185185185,0.0
43,26,73,0.2465753424657534,0.2465753424657534,0.0684931506849315
44,0,51,0.0,-0.49019607843137253,0.5294117647058824
44,1,45,0.0,-0.5555555555555556,0.6666666666666666
44,2,51,0.0,0.0,0.2549019607843137
44,3,54,0.0,-0.37037037037037035,0.4444444444444444
44,4,49,0.0,0.0,0.7551020408163265
44,5,53,0.0,-0.018867924528301886,0.39622641509433965
44,6,52,0.0,-0.057692307692307696,0.7307692307692307
44,7,58,0.0,0.0,0.10344827586206896
44,8,62,0.0,0.0,0.20967741935483872
44,9,66,0.0,0.0,0.696969696969697
44,10,71,0.0,0.0,0.11267605633802817
44,11,68,0.0,-0.04411764705882353,0.3088235294117647
44,12,54,0.0,-0.018518518518518517,0.2777777777777778
44,13,66,0.0,0.0,0.21212121212121213
44,14,60,0.0,-0.15,0.18333333333333332
44,15,54,0.018518518518518517,0.018518518518518517,0.6481481481481481
44,16,71,0.0,-0.014084507042253521,0.4788732394366197
44,17,60,0.0,-0.05,0.38333333333333336
44,18,66,0.5909090909090909,0.4545454545454546,0.0
44,19,52,0.40384615384615385,0.40384615384615385,0.13461538461538458
44,20,92,0.13043478260869565,0.10869565217391304,0.13043478260869565
44,21,55,0.3090909090909091,0.3090909090909091,0.16363636363636364
44,22,57,0.22807017543859648,0.03508771929824561,0.08771929824561403
44,23,46,0.32608695652173914,0.32608695652173914,0.08695652173913043
44,24,48,0.2708333333333333,-0.5208333333333333,0.5208333333333333
44,25,81,0.24691358024691357,0.24691358024691357,0.2716049382716049
44,26,73,0.1232876712328767,0.1232876712328767,0.1917808219178082
45,0,51,0.0,-0.49019607843137253,0.5294117647058824
45,1,45,0.0,-0.5555555555555556,0.6666666666666666
45,2,51,0.0,0.0,0.2549019607843137
45,3,54,0.0,-0.37037037037037035,0.4444444444444444
45,4,49,0.0,0.0,0.7551020408163265
45,5,53,0.0,-0.018867924528301886,0.39622641509433965
45,6,52,0.0,-0.057692307692307696,0.7307692307692307
45,7,58,0.0,0.0,0.10344827586206896
45,8,62,0.0,0.0,0.20967741935483872
45,9,66,0.0,0.0,0.696969696969697
45,10,71,0.0,0.0,0.11267605633802817
45,11,68,0.0,-0.04411764705882353,0.3088235294117647
45,12,54,0.0,-0.018518518518518517,0.2777777777777778
45,13,66,0.0,0.0,0.21212121212121213
45,14,60,0.0,-0.15,0.18333333333333332
45,15,54,0.0,0.0,0.6666666666666666
45,16,71,0.0,-0.014084507042253521,0.4788732394366197
45,17,60,0.0,-0.05,0.38333333333333336
45,18,66,0.5,0.36363636363636365,0.09090909090909094
45,19,52,0.25,0.25,0.28846153846153844
45,20,92,0.13043478260869565,0.10869565217391304,0.13043478260869565
45,21,55,0.509090909090909,0.509090909090909,0.0
45,22,57,0.05263157894736842,-0.14035087719298245,0.2631578947368421
45,23,46,0.21739130434782608,0.21739130434782608,0.1956521739130435
45,24,48,0.3333333333333333,-0.4583333333333333,0.4583333333333333
45,25,81,0.4691358024691358,0.4691358024691358,0.04938271604938271
45,26,73,0.273972602739726,0.273972602739726,0.0410958904109589
46,0,51,0.0,-0.49019607843137253,0.5294117647058824
46,1,45,0.0,-0.5555555555555556,0.6666666666666666
46,2,51,0.0,0.0,0.2549019607843137
46,3,54,0.0,-0.37037037037037035,0.4444444444444444
46,4,49,0.0,0.0,0.7551020408163265
46,5,53,0.0,-0.018867924528301886,0.39622641509433965
46,6,52,0.0,-0.057692307692307696,0.7307692307692307
46,7,58,0.0,0.0,0.10344827586206896
46,8,62,0.0,0.0,0.20967741935483872
46,9,66,0.015151515151515152,0.015151515151515152,0.6818181818181819
46,10,71,0.0,0.0,0.11267605633802817
46,11,68,0.0,-0.04411764705882353,0.3088235294117647
46,12,54,0.0,-0.018518518518518517,0.2777777777777778
46,13,66,0.0,0.0,0.21212121212121213
46,14,60,0.0,-0.15,0.18333333333333332
46,15,54,0.0,0.0,0.6666666666666666
46,16,71,0.0,-0.014084507042253521,0.4788732394366197
46,17,60,0.0,-0.05,0.38333333333333336
46,18,66,0.48484848484848486,0.3484848484848485,0.10606060606060608
46,19,52,0.34615384615384615,0.34615384615384615,0.1923076923076923
46,20,92,0.14130434782608695,0.11956521739130434,0.11956521739130435
46,21,55,0.4909090909090909,0.4909090909090909,0.018181818181818132
46,22,57,0.12280701754385964,-0.07017543859649122,0.19298245614035087
46,23,46,0.2608695652173913,0.2608695652173913,0.15217391304347827
46,24,48,0.25,-0.5416666666666666,0.5416666666666666
46,25,81,0.37037037037037035,0.37037037037037035,0.14814814814814814
46,26,73,0.2602739726027397,0.2602739726027397,0.0547945205479452
47,0,51,0.0,-0.49019607843137253,0.5294117647058824
47,1,45,0.0,-0.5555555555555556,0.6666666666666666
47,2,51,0.0,0.0,0.2549019607843137
47,3,54,0.0,-0.37037037037037035,0.4444444444444444
47,4,49,0.0,0.0,0.7551020408163265
47,5,53,0.0,-0.018867924528301886,0.39622641509433965
47,6,52,0.0,-0.057692307692307696,0.7307692307692307
47,7,58,0.0,0.0,0.10344827586206896
47,8,62,0.0,0.0,0.20967741935483872
47,9,66,0.030303030303030304,0.030303030303030304,0.6666666666666667
47,10,71,0.0,0.0,0.11267605633802817
47,11,68,0.0,-0.04411764705882353,0.3088235294117647
47,12,54,0.0,-0.018518518518518517,0.2777777777777778
47,13,66,0.0,0.0,0.21212121212121213
47,14,60,0.0,-0.15,0.18333333333333332
47,15,54,0.0,0.0,0.6666666666666666
47,16,71,0.0,-0.014084507042253521,0.4788732394366197
47,17,60,0.0,-0.05,0.38333333333333336
47,18,66,0.5,0.36363636363636365,0.09090909090909094
47,19,52,0.28846153846153844,0.28846153846153844,0.25
47,20,92,0.11956521739130435,0.09782608695652174,0.14130434782608695
47,21,55,0.4909090909090909,0.4909090909090909,0.018181818181818132
47,22,57,0.10526315789473684,-0.08771929824561403,0.21052631578947367
47,23,46,0.34782608695652173,0.34782608695652173,0.06521739130434784
47,24,48,0.25,-0.5416666666666666,0.5416666666666666
47,25,81,0.43209876543209874,0.43209876543209874,0.08641975308641975
47,26,73,0.273972602739726,0.273972602739726,0.0410958904109589
48,0,51,0.0,-0.49019607843137253,0.5294117647058824
48,1,45,0.0,-0.5555555555555556,0.6666666666666666
48,2,51,0.0,0.0,0.2549019607843137
48,3,54,0.0,-0.37037037037037035,0.4444444444444444
48,4,49,0.0,0.0,0.7551020408163265
48,5,53,0.0,-0.018867924528301886,0.39622641509433965
48,6,52,0.0,-0.057692307692307696,0.7307692307692307
48,7,58,0.0,0.0,0.10344827586206896
48,8,62,0.0,0.0,0.20967741935483872
48,9,66,0.030303030303030304,0.030303030303030304,0.6666666666666667
48,10,71,0.0,0.0,0.11267605633802817
48,11,68,0.0,-0.04411764705882353,0.3088235294117647
48,12,54,0.0,-0.018518518518518517,0.2777777777777778
48,13,66,0.0,0.0,0.21212121212121213
48,14,60,0.0,-0.15,0.18333333333333332
48,15,54,0.0,0.0,0.6666666666666666
48,16,71,0.0,-0.014084507042253521,0.4788732394366197
48,17,60,0.0,-0.05,0.38333333333333336
48,18,66,0.48484848484848486,0.3484848484848485,0.10606060606060608
48,19,52,0.3076923076923077,0.3076923076923077,0.23076923076923073
48,20,92,0.10869565217391304,0.08695652173913043,0.15217391304347827
48,21,55,0.43636363636363634,0.43636363636363634,0.0727272727272727
48,22,57,0.08771929824561403,-0.10526315789473684,0.22807017543859648
48,23,46,0.30434782608695654,0.30434782608695654,0.10869565217391303
48,24,48,0.25,-0.5416666666666666,0.5416666666666666
48,25,81,0.3950617283950617,0.3950617283950617,0.12345679012345678
48,26,73,0.3150684931506849,0.3150684931506849,0.0
49,0,51,0.0,-0.49019607843137253,0.5294117647058824
49,1,45,0.0,-0.5555555555555556,0.6666666666666666
49,2,51,0.0,0.0,0.2549019607843137
49,3,54,0.0,-0.37037037037037035,0.4444444444444444
49,4,49,0.0,0.0,0.7551020408163265
49,5,53,0.0,-0.018867924528301886,0.39622641509433965
49,6,52,0.0,-0.057692307692307696,0.7307692307692307
49,7,58,0.0,0.0,0.10344827586206896
49,8,62,0.0,0.0,0.20967741935483872
49,9,66,0.0,0.0,0.696969696969697
49,10,71,0.0,0.0,0.11267605633802817
49,11,68,0.0,-0.04411764705882353,0.3088235294117647
49,12,54,0.0,-0.018518518518518517,0.2777777777777778
49,13,66,0.0,0.0,0.21212121212121213
49,14,60,0.0,-0.15,0.18333333333333332
49,15,54,0.0,0.0,0.6666666666666666
49,16,71,0.0,-0.014084507042253521,0.4788732394366197
49,17,60,0.0,-0.05,0.38333333333333336
49,18,66,0.5,0.36363636363636365,0.09090909090909094
49,19,52,0.23076923076923078,0.23076923076923078,0.30769230769230765
49,20,92,0.11956521739130435,0.09782608695652174,0.14130434782608695
49,21,55,0.43636363636363634,0.43636363636363634,0.0727272727272727
49,22,57,0.12280701754385964,-0.07017543859649122,0.19298245614035087
49,23,46,0.34782608695652173,0.34782608695652173,0.06521739130434784
49,24,48,0.2916666666666667,-0.49999999999999994,0.49999999999999994
49,25,81,0.4691358024691358,0.4691358024691358,0.04938271604938271
49,26,73,0.3013698630136986,0.3013698630136986,0.0136986301369863
50,0,51,0.0,-0.49019607843137253,0.5294117647058824
50,1,45,0.0,-0.5555555555555556,0.6666666666666666
50,2,51,0.0,0.0,0.2549019607843137
50,3,54,0.0,-0.37037037037037035,0.4444444444444444
50,4,49,0.0,0.0,0.7551020408163265
50,5,53,0.0,-0.018867924528301886,0.39622641509433965
50,6,52,0.0,-0.057692307692307696,0.7307692307692307
50,7,58,0.0,0.0,0.10344827586206896
50,8,62,0.0,0.0,0.20967741935483872
50,9,66,0.015151515151515152,0.015151515151515152,0.6818181818181819
50,10,71,0.0,0.0,0.11267605633802817
50,11,68,0.0,-0.04411764705882353,0.3088235294117647
50,12,54,0.0,-0.018518518518518517,0.2777777777777778
50,13,66,0.0,0.0,0.21212121212121213
50,14,60,0.0,-0.15,0.18333333333333332
50,15,54,0.0,0.0,0.6666666666666666
50,16,71,0.0,-0.014084507042253521,0.4788732394366197
50,17,60,0.0,-0.05,0.38333333333333336
50,18,66,0.48484848484848486,0.3484848484848485,0.10606060606060608
50,19,52,0.25,0.25,0.28846153846153844
50,20,92,0.09782608695652174,0.07608695652173914,0.16304347826086957
50,21,55,0.4,0.4,0.10909090909090902
50,22,57,0.08771929824561403,-0.10526315789473684,0.22807017543859648
50,23,46,0.34782608695652173,0.34782608695652173,0.06521739130434784
50,24,48,0.22916666666666666,-0.5625,0.5625
50,25,81,0.43209876543209874,0.43209876543209874,0.08641975308641975
50,26,73,0.3424657534246575,0.3424657534246575,0.0
51,0,51,0.0,-0.49019607843137253,0.5294117647058824
51,1,45,0.0,-0.5555555555555556,0.6666666666666666
51,2,51,0.0,0.0,0.2549019607843137
51,3,54,0.0,-0.37037037037037035,0.4444444444444444
51,4,49,0.0,0.0,0.7551020408163265
51,5,53,0.0,-0.018867924528301886,0.39622641509433965
51,6,52,0.0,-0.057692307692307696,0.7307692307692307
51,7,58,0.0,0.0,0.10344827586206896
51,8,62,0.0,0.0,0.20967741935483872
51,9,66,0.0,0.0,0.696969696969697
51,10,71,0.0,0.0,0.11267605633802817
51,11,68,0.0,-0.04411764705882353,0.3088235294117647
51,12,54,0.0,-0.018518518518518517,0.2777777777777778
51,13,66,0.0,0.0,0.21212121212121213
51,14,60,0.0,-0.15,0.18333333333333332
51,15,54,0.0,0.0,0.6666666666666666
51,16,71,0.0,-0.014084507042253521,0.4788732394366197
51,17,60,0.0,-0.05,0.38333333333333336
51,18,66,0.5,0.36363636363636365,0.09090909090909094
51,19,52,0.19230769230769232,0.19230769230769232,0.34615384615384615
51,20,92,0.11956521739130435,0.09782608695652174,0.14130434782608695
51,21,55,0.45454545454545453,0.45454545454545453,0.05454545454545451
51,22,57,0.17543859649122806,-0.017543859649122806,0.14035087719298245
51,23,46,0.34782608695652173,0.34782608695652173,0.06521739130434784
51,24,48,0.2708333333333333,-0.5208333333333333,0.5208333333333333
51,25,81,0.48148148148148145,0.48148148148148145,0.037037037037037035
51,26,73,0.3013698630136986,0.3013698630136986,0.0410958904109589
52,0,51,0.0,-0.49019607843137253,0.5294117647058824
52,1,45,0.0,-0.5555555555555556,0.6666666666666666
52,2,51,0.0,0.0,0.2549019607843137
52,3,54,0.0,-0.37037037037037035,0.4444444444444444
52,4,49,0.0,0.0,0.7551020408163265
52,5,53,0.0,-0.018867924528301886,0.39622641509433965
52,6,52,0.0,-0.057692307692307696,0.7307692307692307
52,7,58,0.0,0.0,0.10344827586206896
52,8,62,0.0,0.0,0.20967741935483872
52,9,66,0.0,0.0,0.696969696969697
52,10,71,0.0,0.0,0.11267605633802817
52,11,68,0.0,-0.04411764705882353,0.3088235294117647
52,12,54,0.0,-0.018518518518518517,0.2777777777777778
52,13,66,0.0,0.0,0.21212121212121213
52,14,60,0.0,-0.15,0.18333333333333332
52,15,54,0.0,0.0,0.6666666666666666
52,16,71,0.0,-0.014084507042253521,0.4788732394366197
52,17,60,0.0,-0.05,0.38333333333333336
52,18,66,0.48484848484848486,0.3484848484848485,0.10606060606060608
52,19,52,0.19230769230769232,0.19230769230769232,0.34615384615384615
52,20,92,0.10869565217391304,0.08695652173913043,0.15217391304347827
52,21,55,0.38181818181818183,0.38181818181818183,0.1272727272727272
52,22,57,0.08771929824561403,-0.10526315789473684,0.22807017543859648
52,23,46,0.30434782608695654,0.30434782608695654,0.10869565217391303
52,24,48,0.20833333333333334,-0.5833333333333333,0.5833333333333333
52,25,81,0.4444444444444444,0.4444444444444444,0.07407407407407407
52,26,73,0.410958904109589,0.410958904109589,0.0
53,0,51,0.0,-0.49019607843137253,0.5294117647058824
53,1,45,0.0,-0.5555555555555556,0.6666666666666666
53,2,51,0.0,0.0,0.2549019607843137
53,3,54,0.0,-0.37037037037037035,0.4444444444444444
53,4,49,0.0,0.0,0.7551020408163265
53,5,53,0.0,-0.018867924528301886,0.39622641509433965
53,6,52,0.0,-0.057692307692307696,0.7307692307692307
53,7,58,0.0,0.0,0.10344827586206896
53,8,62,0.0,0.0,0.20967741935483872
53,9,66,0.0,0.0,0.696969696969697
53,10,71,0.0,0.0,0.11267605633802817
53,11,68,0.0,-0.04411764705882353,0.3088235294117647
53,12,54,0.0,-0.018518518518518517,0.2777777777777778
53,13,66,0.0,0.0,0.21212121212121213
53,14,60,0.0,-0.15,0.18333333333333332
53,15,54,0.0,0.0,0.6666666666666666
53,16,71,0.0,-0.014084507042253521,0.4788732394366197
53,17,60,0.0,-0.05,0.38333333333333336
53,18,66,0.5151515151515151,0.3787878787878788,0.0757575757575758
53,19,52,0.21153846153846154,0.21153846153846154,0.32692307692307687
53,20,92,0.08695652173913043,0.06521739130434782,0.17391304347826086
53,21,55,0.41818181818181815,0.41818181818181815,0.09090909090909088
53,22,57,0.17543859649122806,-0.017543859649122806,0.14035087719298245
53,23,46,0.34782608695652173,0.34782608695652173,0.06521739130434784
53,24,48,0.22916666666666666,-0.5625,0.5625
53,25,81,0.48148148148148145,0.48148148148148145,0.037037037037037035
53,26,73,0.273972602739726,0.273972602739726,0.136986301369863
54,0,51,0.0,-0.49019607843137253,0.5294117647058824
54,1,45,0.0,-0.5555555555555556,0.6666666666666666
54,2,51,0.0,0.0,0.2549019607843137
54,3,54,0.0,-0.37037037037037035,0.4444444444444444
54,4,49,0.0,0.0,0.7551020408163265
54,5,53,0.0,-0.018867924528301886,0.39622641509433965
54,6,52,0.0,-0.057692307692307696,0.7307692307692307
54,7,58,0.0,0.0,0.10344827586206896
54,8,62,0.0,0.0,0.20967741935483872
54,9,66,0.0,0.0,0.696969696969697
54,10,71,0.0,0.0,0.11267605633802817
54,11,68,0.0,-0.04411764705882353,0.3088235294117647
54,12,54,0.0,-0.018518518518518517,0.2777777777777778
54,13,66,0.0,0.0,0.21212121212121213
54,14,60,0.0,-0.15,0.18333333333333332
54,15,54,0.0,0.0,0.6666666666666666
54,16,71,0.0,-0.014084507042253521,0.4788732394366197
54,17,60,0.0,-0.05,0.38333333333333336
54,18,66,0.4696969696969697,0.33333333333333337,0.12121212121212122
54,19,52,0.25,0.25,0.28846153846153844
54,20,92,0.10869565217391304,0.08695652173913043,0.15217391304347827
54,21,55,0.4,0.4,0.10909090909090902
54,22,57,0.08771929824561403,-0.10526315789473684,0.22807017543859648
54,23,46,0.32608695652173914,0.32608695652173914,0.08695652173913043
54,24,48,0.1875,-0.6041666666666666,0.6041666666666666
54,25,81,0.5185185185185185,0.5185185185185185,0.0
54,26,73,0.4383561643835616,0.4383561643835616,0.0
55,0,51,0.0,-0.49019607843137253,0.5294117647058824
55,1,45,0.0,-0.5555555555555556,0.6666666666666666
55,2,51,0.0,0.0,0.2549019607843137
55,3,54,0.0,-0.37037037037037035,0.4444444444444444
55,4,49,0.0,0.0,0.7551020408163265
55,5,53,0.0,-0.018867924528301886,0.39622641509433965
55,6,52,0.0,-0.057692307692307696,0.7307692307692307
55,7,58,0.0,0.0,0.10344827586206896
55,8,62,0.0,0.0,0.20967741935483872
55,9,66,0.0,0.0,0.696969696969697
55,10,71,0.0,0.0,0.11267605633802817
55,11,68,0.0,-0.04411764705882353,0.3088235294117647
55,12,54,0.0,-0.018518518518518517,0.2777777777777778
55,13,66,0.0,0.0,0.21212121212121213
55,14,60,0.0,-0.15,0.18333333333333332
55,15,54,0.0,0.0,0.6666666666666666
55,16,71,0.0,-0.014084507042253521,0.4788732394366197
55,17,60,0.0,-0.05,0.38333333333333336
55,18,66,0.5151515151515151,0.3787878787878788,0.0757575757575758
55,19,52,0.23076923076923078,0.23076923076923078,0.30769230769230765
55,20,92,0.08695652173913043,0.06521739130434782,0.17391304347826086
55,21,55,0.4,0.4,0.10909090909090902
55,22,57,0.2982456140350877,0.10526315789473684,0.017543859649122806
55,23,46,0.3695652173913043,0.3695652173913043,0.043478260869565244
55,24,48,0.3125,-0.47916666666666663,0.47916666666666663
55,25,81,0.3950617283950617,0.3950617283950617,0.12345679012345678
55,26,73,0.2602739726027397,0.2602739726027397,0.1780821917808219
56,0,51,0.0,-0.49019607843137253,0.5294117647058824
56,1,45,0.0,-0.5555555555555556,0.6666666666666666
56,2,51,0.0,0.0,0.2549019607843137
56,3,54,0.0,-0.37037037037037035,0.4444444444444444
56,4,49,0.0,0.0,0.7551020408163265
56,5,53,0.0,-0.018867924528301886,0.39622641509433965
56,6,52,0.0,-0.057692307692307696,0.7307692307692307
56,7,58,0.0,0.0,0.10344827586206896
56,8,62,0.0,0.0,0.20967741935483872
56,9,66,0.0,0.0,0.696969696969697
56,10,71,0.0,0.0,0.11267605633802817
56,11,68,0.0,-0.04411764705882353,0.3088235294117647
56,12,54,0.0,-0.018518518518518517,0.2777777777777778
56,13,66,0.0,0.0,0.21212121212121213
56,14,60,0.0,-0.15,0.18333333333333332
56,15,54,0.0,0.0,0.6666666666666666
56,16,71,0.0,-0.014084507042253521,0.4788732394366197
56,17,60,0.0,-0.05,0.38333333333333336
56,18,66,0.48484848484848486,0.3484848484848485,0.10606060606060608
56,19,52,0.21153846153846154,0.21153846153846154,0.32692307692307687
56,20,92,0.10869565217391304,0.08695652173913043,0.15217391304347827
56,21,55,0.38181818181818183,0.38181818181818183,0.1272727272727272
56,22,57,0.14035087719298245,-0.05263157894736842,0.17543859649122806
56,23,46,0.2826086956521739,0.2826086956521739,0.13043478260869568
56,24,48,0.1875,-0.6041666666666666,0.6041666666666666
56,25,81,0.5061728395061729,0.5061728395061729,0.012345679012345623
56,26,73,0.4246575342465753,0.4246575342465753,0.0136986301369863
57,0,51,0.0,-0.49019607843137253,0.5294117647058824
57,1,45,0.0,-0.5555555555555556,0.6666666666666666
57,2,51,0.0,0.0,0.2549019607843137
57,3,54,0.0,-0.37037037037037035,0.4444444444444444
57,4,49,0.0,0.0,0.7551020408163265
57,5,53,0.0,-0.018867924528301886,0.39622641509433965
57,6,52,0.0,-0.057692307692307696,0.7307692307692307
57,7,58,0.0,0.0,0.10344827586206896
57,8,62,0.0,0.0,0.20967741935483872
57,9,66,0.0,0.0,0.696969696969697
57,10,71,0.0,0.0,0.11267605633802817
57,11,68,0.0,-0.04411764705882353,0.3088235294117647
57,12,54,0.0,-0.018518518518518517,0.2777777777777778
57,13,66,0.0,0.0,0.21212121212121213
57,14,60,0.0,-0.15,0.18333333333333332
57,15,54,0.0,0.0,0.6666666666666666
57,16,71,0.0,-0.014084507042253521,0.4788732394366197
57,17,60,0.0,-0.05,0.38333333333333336
57,18,66,0.5606060606060606,0.4242424242424242,0.030303030303030387
57,19,52,0.28846153846153844,0.28846153846153844,0.25
57,20,92,0.10869565217391304,0.08695652173913043,0.15217391304347827
57,21,55,0.38181818181818183,0.38181818181818183,0.1272727272727272
57,22,57,0.2631578947368421,0.07017543859649122,0.05263157894736842
57,23,46,0.3695652173913043,0.3695652173913043,0.043478260869565244
57,24,48,0.2708333333333333,-0.5208333333333333,0.5208333333333333
57,25,81,0.38271604938271603,0.38271604938271603,0.13580246913580246
57,26,73,0.3013698630136986,0.3013698630136986,0.136986301369863
58,0,51,0.0,-0.49019607843137253,0.5294117647058824
58,1,45,0.0,-0.5555555555555556,0.6666666666666666
58,2,51,0.0,0.0,0.2549019607843137
58,3,54,0.0,-0.37037037037037035,0.4444444444444444
58,4,49,0.0,0.0,0.7551020408163265
58,5,53,0.0,-0.018867924528301886,0.39622641509433965
58,6,52,0.0,-0.057692307692307696,0.7307692307692307
58,7,58,0.0,0.0,0.10344827586206896
58,8,62,0.0,0.0,0.20967741935483872
58,9,66,0.0,0.0,0.696969696969697
58,10,71,0.0,0.0,0.11267605633802817
58,11,68,0.0,-0.04411764705882353,0.3088235294117647
58,12,54,0.0,-0.018518518518518517,0.2777777777777778
58,13,66,0.0,0.0,0.21212121212121213
58,14,60,0.0,-0.15,0.18333333333333332
58,15,54,0.0,0.0,0.6666666666666666
58,16,71,0.0,-0.014084507042253521,0.4788732394366197
58,17,60,0.0,-0.05,0.38333333333333336
58,18,66,0.5,0.36363636363636365,0.09090909090909094
58,19,52,0.23076923076923078,0.23076923076923078,0.30769230769230765
58,20,92,0.10869565217391304,0.08695652173913043,0.15217391304347827
58,21,55,0.4,0.4,0.10909090909090902
58,22,57,0.15789473684210525,-0.03508771929824561,0.15789473684210525
58,23,46,0.32608695652173914,0.32608695652173914,0.08695652173913043
58,24,48,0.1875,-0.6041666666666666,0.6041666666666666
58,25,81,0.5308641975308642,0.5308641975308642,0.0
58,26,73,0.4931506849315068,0.4931506849315068,0.0
59,0,51,0.0,-0.49019607843137253,0.5294117647058824
59,1,45,0.0,-0.5555555555555556,0.6666666666666666
59,2,51,0.0,0.0,0.2549019607843137
59,3,54,0.0,-0.37037037037037035,0.4444444444444444
59,4,49,0.0,0.0,0.7551020408163265
59,5,53,0.0,-0.018867924528301886,0.39622641509433965
59,6,52,0.0,-0.057692307692307696,0.7307692307692307
59,7,58,0.0,0.0,0.10344827586206896
59,8,62,0.0,0.0,0.20967741935483872
59,9,66,0.0,0.0,0.696969696969697
59,10,71,0.0,0.0,0.11267605633802817
59,11,68,0.0,-0.04411764705882353,0.3088235294117647
59,12,54,0.0,-0.018518518518518517,0.2777777777777778
59,13,66,0.0,0.0,0.21212121212121213
59,14,60,0.0,-0.15,0.18333333333333332
59,15,54,0.0,0.0,0.6666666666666666
59,16,71,0.0,-0.014084507042253521,0.4788732394366197
59,17,60,0.0,-0.05,0.38333333333333336
59,18,66,0.5757575757575758,0.43939393939393945,0.015151515151515138
59,19,52,0.2692307692307692,0.2692307692307692,0.2692307692307692
59,20,92,0.09782608695652174,0.07608695652173914,0.16304347826086957
59,21,55,0.2909090909090909,0.2909090909090909,0.21818181818181814
59,22,57,0.3508771929824561,0.15789473684210525,0.0
59,23,46,0.391304347826087,0.391304347826087,0.021739130434782594
59,24,48,0.3333333333333333,-0.4583333333333333,0.4583333333333333
59,25,81,0.345679012345679,0.345679012345679,0.18518518518518523
59,26,73,0.2602739726027397,0.2602739726027397,0.2328767123287671
60,0,51,0.0,-0.49019607843137253,0.5294117647058824
60,1,45,0.0,-0.5555555555555556,0.6666666666666666
60,2,51,0.0,0.0,0.2549019607843137
60,3,54,0.0,-0.37037037037037035,0.4444444444444444
60,4,49,0.0,0.0,0.7551020408163265
60,5,53,0.0,-0.018867924528301886,0.39622641509433965
60,6,52,0.0,-0.057692307692307696,0.7307692307692307
60,7,58,0.0,0.0,0.10344827586206896
60,8,62,0.0,0.0,0.20967741935483872
60,9,66,0.0,0.0,0.696969696969697
60,10,71,0.0,0.0,0.11267605633802817
60,11,68,0.0,-0.04411764705882353,0.3088235294117647
60,12,54,0.0,-0.018518518518518517,0.2777777777777778
60,13,66,0.0,0.0,0.21212121212121213
60,14,60,0.0,-0.15,0.18333333333333332
60,15,54,0.0,0.0,0.6666666666666666
60,16,71,0.0,-0.014084507042253521,0.4788732394366197
60,17,60,0.0,-0.05,0.38333333333333336
60,18,66,0.5,0.36363636363636365,0.09090909090909094
60,19,52,0.23076923076923078,0.23076923076923078,0.30769230769230765
60,20,92,0.09782608695652174,0.07608695652173914,0.16304347826086957
60,21,55,0.38181818181818183,0.38181818181818183,0.1272727272727272
60,22,57,0.10526315789473684,-0.08771929824561403,0.24561403508771928
60,23,46,0.17391304347826086,0.17391304347826086,0.2391304347826087
60,24,48,0.1875,-0.6041666666666666,0.6041666666666666
60,25,81,0.6049382716049383,0.6049382716049383,0.0
60,26,73,0.5342465753424658,0.5342465753424658,0.0
61,0,51,0.0,-0.49019607843137253,0.5294117647058824
61,1,45,0.0,-0.5555555555555556,0.6666666666666666
61,2,51,0.0,0.0,0.2549019607843137
61,3,54,0.0,-0.37037037037037035,0.4444444444444444
61,4,49,0.0,0.0,0.7551020408163265
61,5,53,0.0,-0.018867924528301886,0.39622641509433965
61,6,52,0.0,-0.057692307692307696,0.7307692307692307
61,7,58,0.0,0.0,0.10344827586206896
61,8,62,0.0,0.0,0.20967741935483872
61,9,66,0.0,0.0,0.696969696969697
61,10,71,0.0,0.0,0.11267605633802817
61,11,68,0.0,-0.04411764705882353,0.3088235294117647
61,12,54,0.0,-0.018518518518518517,0.2777777777777778
61,13,66,0.0,0.0,0.21212121212121213
61,14,60,0.0,-0.15,0.18333333333333332
61,15,54,0.0,0.0,0.6666666666666666
61,16,71,0.0,-0.014084507042253521,0.4788732394366197
61,17,60,0.0,-0.05,0.38333333333333336
61,18,66,0.5606060606060606,0.4242424242424242,0.030303030303030387
61,19,52,0.23076923076923078,0.23076923076923078,0.30769230769230765
61,20,92,0.11956521739130435,0.09782608695652174,0.14130434782608695
61,21,55,0.3090909090909091,0.3090909090909091,0.19999999999999996
61,22,57,0.3333333333333333,0.14035087719298245,0.017543859649122806
61,23,46,0.30434782608695654,0.30434782608695654,0.10869565217391303
61,24,48,0.375,-0.41666666666666663,0.41666666666666663
61,25,81,0.25925925925925924,0.25925925925925924,0.34567901234567905
61,26,73,0.3424657534246575,0.3424657534246575,0.19178082191780826
62,0,51,0.0,-0.49019607843137253,0.5294117647058824
62,1,45,0.0,-0.5555555555555556,0.6666666666666666
62,2,51,0.0,0.0,0.2549019607843137
62,3,54,0.0,-0.37037037037037035,0.4444444444444444
62,4,49,0.0,0.0,0.7551020408163265
62,5,53,0.0,-0.018867924528301886,0.39622641509433965
62,6,52,0.0,-0.057692307692307696,0.7307692307692307
62,7,58,0.0,0.0,0.10344827586206896
62,8,62,0.0,0.0,0.20967741935483872
62,9,66,0.0,0.0,0.696969696969697
62,10,71,0.0,0.0,0.11267605633802817
62,11,68,0.0,-0.04411764705882353,0.3088235294117647
62,12,54,0.0,-0.018518518518518517,0.2777777777777778
62,13,66,0.0,0.0,0.21212121212121213
62,14,60,0.0,-0.15,0.18333333333333332
62,15,54,0.0,0.0,0.6666666666666666
62,16,71,0.0,-0.014084507042253521,0.4788732394366197
62,17,60,0.0,-0.05,0.38333333333333336
62,18,66,0.5151515151515151,0.3787878787878788,0.0757575757575758
62,19,52,0.21153846153846154,0.21153846153846154,0.32692307692307687
62,20,92,0.10869565217391304,0.08695652173913043,0.15217391304347827
62,21,55,0.4,0.4,0.10909090909090902
62,22,57,0.14035087719298245,-0.05263157894736842,0.21052631578947367
62,23,46,0.2826086956521739,0.2826086956521739,0.13043478260869568
62,24,48,0.1875,-0.6041666666666666,0.6041666666666666
62,25,81,0.5308641975308642,0.5308641975308642,0.07407407407407407
62,26,73,0.5205479452054794,0.5205479452054794,0.013698630136986356
63,0,51,0.0,-0.49019607843137253,0.5294117647058824
63,1,45,0.0,-0.5555555555555556,0.6666666666666666
63,2,51,0.0,0.0,0.2549019607843137
63,3,54,0.0,-0.37037037037037035,0.4444444444444444
63,4,49,0.0,0.0,0.7551020408163265
63,5,53,0.0,-0.018867924528301886,0.39622641509433965
63,6,52,0.0,-0.057692307692307696,0.7307692307692307
63,7,58,0.0,0.0,0.10344827586206896
63,8,62,0.0,0.0,0.20967741935483872
63,9,66,0.0,0.0,0.696969696969697
63,10,71,0.0,0.0,0.11267605633802817
63,11,68,0.0,-0.04411764705882353,0.3088235294117647
63,12,54,0.0,-0.018518518518518517,0.2777777777777778
63,13,66,0.0,0.0,0.21212121212121213
63,14,60,0.0,-0.15,0.18333333333333332
63,15,54,0.0,0.0,0.6666666666666666
63,16,71,0.0,-0.014084507042253521,0.4788732394366197
63,17,60,0.0,-0.05,0.38333333333333336
63,18,66,0.5151515151515151,0.3787878787878788,0.0757575757575758
63,19,52,0.21153846153846154,0.21153846153846154,0.32692307692307687
63,20,92,0.09782608695652174,0.07608695652173914,0.16304347826086957
63,21,55,0.36363636363636365,0.36363636363636365,0.1454545454545454
63,22,57,0.2982456140350877,0.10526315789473684,0.05263157894736842
63,23,46,0.32608695652173914,0.32608695652173914,0.08695652173913043
63,24,48,0.2708333333333333,-0.5208333333333333,0.5208333333333333
63,25,81,0.345679012345679,0.345679012345679,0.2592592592592593
63,26,73,0.3972602739726027,0.3972602739726027,0.13698630136986306
64,0,51,0.0,-0.49019607843137253,0.5294117647058824
64,1,45,0.0,-0.5555555555555556,0.6666666666666666
64,2,51,0.0,0.0,0.2549019607843137
64,3,54,0.0,-0.37037037037037035,0.4444444444444444
64,4,49,0.0,0.0,0.7551020408163265
64,5,53,0.0,-0.018867924528301886,0.39622641509433965
64,6,52,0.0,-0.057692307692307696,0.7307692307692307
64,7,58,0.0,0.0,0.10344827586206896
64,8,62,0.0,0.0,0.20967741935483872
64,9,66,0.0,0.0,0.696969696969697
64,10,71,0.0,0.0,0.11267605633802817
64,11,68,0.0,-0.04411764705882353,0.3088235294117647
64,12,54,0.0,-0.018518518518518517,0.2777777777777778
64,13,66,0.0,0.0,0.21212121212121213
64,14,60,0.0,-0.15,0.18333333333333332
64,15,54,0.0,0.0,0.6666666666666666
64,16,71,0.0,-0.014084507042253521,0.4788732394366197
64,17,60,0.0,-0.05,0.38333333333333336
64,18,66,0.48484848484848486,0.3484848484848485,0.10606060606060608
64,19,52,0.23076923076923078,0.23076923076923078,0.30769230769230765
64,20,92,0.11956521739130435,0.09782608695652174,0.14130434782608695
64,21,55,0.41818181818181815,0.41818181818181815,0.09090909090909088
64,22,57,0.19298245614035087,0.0,0.15789473684210525
64,23,46,0.2826086956521739,0.2826086956521739,0.13043478260869568
64,24,48,0.1875,-0.6041666666666666,0.6041666666666666
64,25,81,0.5061728395061729,0.5061728395061729,0.09876543209876543
64,26,73,0.4657534246575342,0.4657534246575342,0.06849315068493156
65,0,51,0.0,-0.49019607843137253,0.5294117647058824
65,1,45,0.0,-0.5555555555555556,0.6666666666666666
65,2,51,0.0,0.0,0.2549019607843137
65,3,54,0.0,-0.37037037037037035,0.4444444444444444
65,4,49,0.0,0.0,0.7551020408163265
65,5,53,0.0,-0.018867924528301886,0.39622641509433965
65,6,52,0.0,-0.057692307692307696,0.7307692307692307
65,7,58,0.0,0.0,0.10344827586206896
65,8,62,0.0,0.0,0.20967741935483872
65,9,66,0.0,0.0,0.696969696969697
65,10,71,0.0,0.0,0.11267605633802817
65,11,68,0.0,-0.04411764705882353,0.3088235294117647
65,12,54,0.0,-0.018518518518518517,0.2777777777777778
65,13,66,0.0,0.0,0.21212121212121213
65,14,60,0.0,-0.15,0.18333333333333332
65,15,54,0.0,0.0,0.6666666666666666
65,16,71,0.0,-0.014084507042253521,0.4788732394366197
65,17,60,0.0,-0.05,0.38333333333333336
65,18,66,0.5,0.36363636363636365,0.09090909090909094
65,19,52,0.23076923076923078,0.23076923076923078,0.30769230769230765
65,20,92,0.10869565217391304,0.08695652173913043,0.15217391304347827
65,21,55,0.36363636363636365,0.36363636363636365,0.1454545454545454
65,22,57,0.2631578947368421,0.07017543859649122,0.08771929824561403
65,23,46,0.3695652173913043,0.3695652173913043,0.043478260869565244
65,24,48,0.22916666666666666,-0.5625,0.5625
65,25,81,0.43209876543209874,0.43209876543209874,0.17283950617283955
65,26,73,0.3972602739726027,0.3972602739726027,0.13698630136986306
66,0,51,0.0,-0.49019607843137253,0.5294117647058824
66,1,45,0.0,-0.5555555555555556,0.6666666666666666
66,2,51,0.0,0.0,0.2549019607843137
66,3,54,0.0,-0.37037037037037035,0.4444444444444444
66,4,49,0.0,0.0,0.7551020408163265
66,5,53,0.0,-0.018867924528301886,0.39622641509433965
66,6,52,0.0,-0.057692307692307696,0.7307692307692307
66,7,58,0.0,0.0,0.10344827586206896
66,8,62,0.0,0.0,0.20967741935483872
66,9,66,0.0,0.0,0.696969696969697
66,10,71,0.0,0.0,0.11267605633802817
66,11,68,0.0,-0.04411764705882353,0.3088235294117647
66,12,54,0.0,-0.018518518518518517,0.2777777777777778
66,13,66,0.0,0.0,0.21212121212121213
66,14,60,0.0,-0.15,0.18333333333333332
66,15,54,0.0,0.0,0.6666666666666666
66,16,71,0.0,-0.014084507042253521,0.4788732394366197
66,17,60,0.0,-0.05,0.38333333333333336
66,18,66,0.48484848484848486,0.3484848484848485,0.10606060606060608
66,19,52,0.28846153846153844,0.28846153846153844,0.25
66,20,92,0.08695652173913043,0.06521739130434782,0.17391304347826086
66,21,55,0.41818181818181815,0.41818181818181815,0.09090909090909088
66,22,57,0.22807017543859648,0.03508771929824561,0.12280701754385964
66,23,46,0.391304347826087,0.391304347826087,0.021739130434782594
66,24,48,0.1875,-0.6041666666666666,0.6041666666666666
66,25,81,0.5555555555555556,0.5555555555555556,0.04938271604938271
66,26,73,0.3561643835616438,0.3561643835616438,0.17808219178082196
67,0,51,0.0,-0.49019607843137253,0.5294117647058824
67,1,45,0.0,-0.5555555555555556,0.6666666666666666
67,2,51,0.0,0.0,0.2549019607843137
67,3,54,0.0,-0.37037037037037035,0.4444444444444444
67,4,49,0.0,0.0,0.7551020408163265
67,5,53,0.0,-0.018867924528301886,0.39622641509433965
67,6,52,0.0,-0.057692307692307696,0.7307692307692307
67,7,58,0.0,0.0,0.10344827586206896
67,8,62,0.0,0.0,0.20967741935483872
67,9,66,0.0,0.0,0.696969696969697
67,10,71,0.0,0.0,0.11267605633802817
67,11,68,0.014705882352941176,-0.029411764705882356,0.29411764705882354
67,12,54,0.0,-0.018518518518518517,0.2777777777777778
67,13,66,0.015151515151515152,0.015151515151515152,0.19696969696969696
67,14,60,0.0,-0.15,0.18333333333333332
67,15,54,0.0,0.0,0.6666666666666666
67,16,71,0.0,-0.014084507042253521,0.4788732394366197
67,17,60,0.0,-0.05,0.38333333333333336
67,18,66,0.5454545454545454,0.40909090909090906,0.045454545454545525
67,19,52,0.3076923076923077,0.3076923076923077,0.23076923076923073
67,20,92,0.06521739130434782,0.043478260869565216,0.19565217391304346
67,21,55,0.36363636363636365,0.36363636363636365,0.1454545454545454
67,22,57,0.21052631578947367,0.017543859649122806,0.14035087719298245
67,23,46,0.3695652173913043,0.3695652173913043,0.043478260869565244
67,24,48,0.14583333333333334,-0.6458333333333333,0.6458333333333333
67,25,81,0.5432098765432098,0.5432098765432098,0.06172839506172845
67,26,73,0.2328767123287671,0.2328767123287671,0.30136986301369867
68,0,51,0.0,-0.49019607843137253,0.5294117647058824
68,1,45,0.0,-0.5555555555555556,0.6666666666666666
68,2,51,0.0,0.0,0.2549019607843137
68,3,54,0.0,-0.37037037037037035,0.4444444444444444
68,4,49,0.0,0.0,0.7551020408163265
68,5,53,0.0,-0.018867924528301886,0.39622641509433965
68,6,52,0.0,-0.057692307692307696,0.7307692307692307
68,7,58,0.0,0.0,0.10344827586206896
68,8,62,0.0,0.0,0.20967741935483872
68,9,66,0.0,0.0,0.696969696969697
68,10,71,0.0,0.0,0.11267605633802817
68,11,68,0.0,-0.04411764705882353,0.3088235294117647
68,12,54,0.0,-0.018518518518518517,0.2777777777777778
68,13,66,0.015151515151515152,0.015151515151515152,0.19696969696969696
68,14,60,0.0,-0.15,0.18333333333333332
68,15,54,0.0,0.0,0.6666666666666666
68,16,71,0.0,-0.014084507042253521,0.4788732394366197
68,17,60,0.0,-0.05,0.38333333333333336
68,18,66,0.5606060606060606,0.4242424242424242,0.030303030303030387
68,19,52,0.3269230769230769,0.3269230769230769,0.2115384615384615
68,20,92,0.09782608695652174,0.07608695652173914,0.16304347826086957
68,21,55,0.38181818181818183,0.38181818181818183,0.1272727272727272
68,22,57,0.21052631578947367,0.017543859649122806,0.14035087719298245
68,23,46,0.30434782608695654,0.30434782608695654,0.10869565217391303
68,24,48,0.22916666666666666,-0.5625,0.5625
68,25,81,0.5925925925925926,0.5925925925925926,0.012345679012345734
68,26,73,0.2465753424657534,0.2465753424657534,0.28767123287671237
69,0,51,0.0,-0.49019607843137253,0.5294117647058824
69,1,45,0.0,-0.5555555555555556,0.6666666666666666
69,2,51,0.0,0.0,0.2549019607843137
69,3,54,0.0,-0.37037037037037035,0.4444444444444444
69,4,49,0.0,0.0,0.7551020408163265
69,5,53,0.0,-0.018867924528301886,0.39622641509433965
69,6,52,0.0,-0.057692307692307696,0.7307692307692307
69,7,58,0.0,0.0,0.10344827586206896
69,8,62,0.0,0.0,0.20967741935483872
69,9,66,0.0,0.0,0.696969696969697
69,10,71,0.0,0.0,0.11267605633802817
69,11,68,0.0,-0.04411764705882353,0.3088235294117647
69,12,54,0.0,-0.018518518518518517,0.2777777777777778
69,13,66,0.015151515151515152,0.015151515151515152,0.19696969696969696
69,14,60,0.0,-0.15,0.18333333333333332
69,15,54,0.0,0.0,0.6666666666666666
69,16,71,0.0,-0.014084507042253521,0.4788732394366197
69,17,60,0.0,-0.05,0.38333333333333336
69,18,66,0.5606060606060606,0.4242424242424242,0.030303030303030387
69,19,52,0.3076923076923077,0.3076923076923077,0.23076923076923073
69,20,92,0.10869565217391304,0.08695652173913043,0.15217391304347827
69,21,55,0.38181818181818183,0.38181818181818183,0.1272727272727272
69,22,57,0.22807017543859648,0.03508771929824561,0.12280701754385964
69,23,46,0.34782608695652173,0.34782608695652173,0.06521739130434784
69,24,48,0.22916666666666666,-0.5625,0.5625
69,25,81,0.5061728395061729,0.5061728395061729,0.09876543209876543
69,26,73,0.2465753424657534,0.2465753424657534,0.28767123287671237
70,0,51,0.0,-0.49019607843137253,0.5294117647058824
70,1,45,0.0,-0.5555555555555556,0.6666666666666666
70,2,51,0.0,0.0,0.2549019607843137
70,3,54,0.0,-0.37037037037037035,0.4444444444444444
70,4,49,0.0,0.0,0.7551020408163265
70,5,53,0.0,-0.018867924528301886,0.39622641509433965
70,6,52,0.0,-0.057692307692307696,0.7307692307692307
70,7,58,0.0,0.0,0.10344827586206896
70,8,62,0.0,0.0,0.20967741935483872
70,9,66,0.0,0.0,0.696969696969697
70,10,71,0.0,0.0,0.11267605633802817
70,11,68,0.0,-0.04411764705882353,0.3088235294117647
70,12,54,0.0,-0.018518518518518517,0.2777777777777778
70,13,66,0.0,0.0,0.21212121212121213
70,14,60,0.0,-0.15,0.18333333333333332
70,15,54,0.0,0.0,0.6666666666666666
70,16,71,0.0,-0.014084507042253521,0.4788732394366197
70,17,60,0.0,-0.05,0.38333333333333336
70,18,66,0.5,0.36363636363636365,0.09090909090909094
70,19,52,0.3076923076923077,0.3076923076923077,0.23076923076923073
70,20,92,0.09782608695652174,0.07608695652173914,0.16304347826086957
70,21,55,0.41818181818181815,0.41818181818181815,0.09090909090909088
70,22,57,0.15789473684210525,-0.03508771929824561,0.19298245614035087
70,23,46,0.2826086956521739,0.2826086956521739,0.13043478260869568
70,24,48,0.22916666666666666,-0.5625,0.5625
70,25,81,0.6296296296296297,0.6296296296296297,0.0
70,26,73,0.2602739726027397,0.2602739726027397,0.27397260273972607
71,0,51,0.0,-0.49019607843137253,0.5294117647058824
71,1,45,0.0,-0.5555555555555556,0.6666666666666666
71,2,51,0.0,0.0,0.2549019607843137
71,3,54,0.0,-0.37037037037037035,0.4444444444444444
71,4,49,0.0,0.0,0.7551020408163265
71,5,53,0.0,-0.018867924528301886,0.39622641509433965
71,6,52,0.0,-0.057692307692307696,0.7307692307692307
71,7,58,0.0,0.0,0.10344827586206896
71,8,62,0.0,0.0,0.20967741935483872
71,9,66,0.0,0.0,0.696969696969697
71,10,71,0.0,0.0,0.11267605633802817
71,11,68,0.0,-0.04411764705882353,0.3088235294117647
71,12,54,0.0,-0.018518518518518517,0.2777777777777778
71,13,66,0.015151515151515152,0.015151515151515152,0.19696969696969696
71,14,60,0.0,-0.15,0.18333333333333332
71,15,54,0.0,0.0,0.6666666666666666
71,16,71,0.0,-0.014084507042253521,0.4788732394366197
71,17,60,0.0,-0.05,0.38333333333333336
71,18,66,0.5,0.36363636363636365,0.09090909090909094
71,19,52,0.3076923076923077,0.3076923076923077,0.23076923076923073
71,20,92,0.10869565217391304,0.08695652173913043,0.15217391304347827
71,21,55,0.41818181818181815,0.41818181818181815,0.09090909090909088
71,22,57,0.3157894736842105,0.12280701754385964,0.03508771929824561
71,23,46,0.3695652173913043,0.3695652173913043,0.043478260869565244
71,24,48,0.25,-0.5416666666666666,0.5416666666666666
71,25,81,0.49382716049382713,0.49382716049382713,0.13580246913580252
71,26,73,0.2191780821917808,0.2191780821917808,0.31506849315068497
72,0,51,0.0,-0.49019607843137253,0.5294117647058824
72,1,45,0.0,-0.5555555555555556,0.6666666666666666
72,2,51,0.0,0.0,0.2549019607843137
72,3,54,0.0,-0.37037037037037035,0.4444444444444444
72,4,49,0.0,0.0,0.7551020408163265
72,5,53,0.0,-0.018867924528301886,0.39622641509433965
72,6,52,0.0,-0.057692307692307696,0.7307692307692307
72,7,58,0.0,0.0,0.10344827586206896
72,8,62,0.0,0.0,0.20967741935483872
72,9,66,0.0,0.0,0.696969696969697
72,10,71,0.0,0.0,0.11267605633802817
72,11,68,0.0,-0.04411764705882353,0.3088235294117647
72,12,54,0.0,-0.018518518518518517,0.2777777777777778
72,13,66,0.0,0.0,0.21212121212121213
72,14,60,0.0,-0.15,0.18333333333333332
72,15,54,0.0,0.0,0.6666666666666666
72,16,71,0.0,-0.014084507042253521,0.4788732394366197
72,17,60,0.0,-0.05,0.38333333333333336
72,18,66,0.48484848484848486,0.3484848484848485,0.10606060606060608
72,19,52,0.34615384615384615,0.34615384615384615,0.1923076923076923
72,20,92,0.10869565217391304,0.08695652173913043,0.15217391304347827
72,21,55,0.43636363636363634,0.43636363636363634,0.0727272727272727
72,22,57,0.14035087719298245,-0.05263157894736842,0.21052631578947367
72,23,46,0.2391304347826087,0.2391304347826087,0.17391304347826086
72,24,48,0.2708333333333333,-0.5208333333333333,0.5208333333333333
72,25,81,0.6172839506172839,0.6172839506172839,0.012345679012345734
72,26,73,0.2602739726027397,0.2602739726027397,0.27397260273972607
73,0,51,0.0,-0.49019607843137253,0.5294117647058824
73,1,45,0.0,-0.5555555555555556,0.6666666666666666
73,2,51,0.0,0.0,0.2549019607843137
73,3,54,0.0,-0.37037037037037035,0.4444444444444444
73,4,49,0.0,0.0,0.7551020408163265
73,5,53,0.0,-0.018867924528301886,0.39622641509433965
73,6,52,0.0,-0.057692307692307696,0.7307692307692307
73,7,58,0.0,0.0,0.10344827586206896
73,8,62,0.0,0.0,0.20967741935483872
73,9,66,0.0,0.0,0.696969696969697
73,10,71,0.0,0.0,0.11267605633802817
73,11,68,0.0,-0.04411764705882353,0.3088235294117647
73,12,54,0.0,-0.018518518518518517,0.2777777777777778
73,13,66,0.015151515151515152,0.015151515151515152,0.19696969696969696
73,14,60,0.0,-0.15,0.18333333333333332
73,15,54,0.0,0.0,0.6666666666666666
73,16,71,0.0,-0.014084507042253521,0.4788732394366197
73,17,60,0.0,-0.05,0.38333333333333336
73,18,66,0.5303030303030303,0.3939393939393939,0.06060606060606066
73,19,52,0.3076923076923077,0.3076923076923077,0.23076923076923073
73,20,92,0.10869565217391304,0.08695652173913043,0.15217391304347827
73,21,55,0.45454545454545453,0.45454545454545453,0.05454545454545451
73,22,57,0.3157894736842105,0.12280701754385964,0.03508771929824561
73,23,46,0.391304347826087,0.391304347826087,0.021739130434782594
73,24,48,0.25,-0.5416666666666666,0.5416666666666666
73,25,81,0.4691358024691358,0.4691358024691358,0.16049382716049387
73,26,73,0.2602739726027397,0.2602739726027397,0.27397260273972607
74,0,51,0.0,-0.49019607843137253,0.5294117647058824
74,1,45,0.0,-0.5555555555555556,0.6666666666666666
74,2,51,0.0,0.0,0.2549019607843137
74,3,54,0.0,-0.37037037037037035,0.4444444444444444
74,4,49,0.0,0.0,0.7551020408163265
74,5,53,0.0,-0.018867924528301886,0.39622641509433965
74,6,52,0.0,-0.057692307692307696,0.7307692307692307
74,7,58,0.0,0.0,0.10344827586206896
74,8,62,0.0,0.0,0.20967741935483872
74,9,66,0.0,0.0,0.696969696969697
74,10,71,0.0,0.0,0.11267605633802817
74,11,68,0.0,-0.04411764705882353,0.3088235294117647
74,12,54,0.0,-0.018518518518518517,0.2777777777777778
74,13,66,0.0,0.0,0.21212121212121213
74,14,60,0.0,-0.15,0.18333333333333332
74,15,54,0.0,0.0,0.6666666666666666
74,16,71,0.0,-0.014084507042253521,0.4788732394366197
74,17,60,0.0,-0.05,0.38333333333333336
74,18,66,0.4696969696969697,0.33333333333333337,0.12121212121212122
74,19,52,0.28846153846153844,0.28846153846153844,0.25
74,20,92,0.13043478260869565,0.10869565217391304,0.13043478260869565
74,21,55,0.509090909090909,0.509090909090909,0.0
74,22,57,0.14035087719298245,-0.05263157894736842,0.21052631578947367
74,23,46,0.2391304347826087,0.2391304347826087,0.17391304347826086
74,24,48,0.2916666666666667,-0.49999999999999994,0.49999999999999994
74,25,81,0.5555555555555556,0.5555555555555556,0.07407407407407407
74,26,73,0.2876712328767123,0.2876712328767123,0.24657534246575347
75,0,51,0.0,-0.49019607843137253,0.5294117647058824
75,1,45,0.0,-0.5555555555555556,0.6666666666666666
75,2,51,0.0,0.0,0.2549019607843137
75,3,54,0.0,-0.37037037037037035,0.4444444444444444
75,4,49,0.0,0.0,0.7551020408163265
75,5,53,0.0,-0.018867924528301886,0.39622641509433965
75,6,52,0.0,-0.057692307692307696,0.7307692307692307
75,7,58,0.0,0.0,0.10344827586206896
75,8,62,0.0,0.0,0.20967741935483872
75,9,66,0.0,0.0,0.696969696969697
75,10,71,0.0,0.0,0.11267605633802817
75,11,68,0.0,-0.04411764705882353,0.3088235294117647
75,12,54,0.0,-0.018518518518518517,0.2777777777777778
75,13,66,0.0,0.0,0.21212121212121213
75,14,60,0.0,-0.15,0.18333333333333332
75,15,54,0.0,0.0,0.6666666666666666
75,16,71,0.0,-0.014084507042253521,0.4788732394366197
75,17,60,0.0,-0.05,0.38333333333333336
75,18,66,0.5151515151515151,0.3787878787878788,0.0757575757575758
75,19,52,0.28846153846153844,0.28846153846153844,0.25
75,20,92,0.09782608695652174,0.07608695652173914,0.16304347826086957
75,21,55,0.43636363636363634,0.43636363636363634,0.0727272727272727
75,22,57,0.22807017543859648,0.03508771929824561,0.12280701754385964
75,23,46,0.391304347826087,0.391304347826087,0.021739130434782594
75,24,48,0.14583333333333334,-0.6458333333333333,0.6458333333333333
75,25,81,0.4691358024691358,0.4691358024691358,0.16049382716049387
75,26,73,0.410958904109589,0.410958904109589,0.12328767123287676
76,0,51,0.0,-0.49019607843137253,0.5294117647058824
76,1,45,0.0,-0.5555555555555556,0.6666666666666666
76,2,51,0.0,0.0,0.2549019607843137
76,3,54,0.0,-0.37037037037037035,0.4444444444444444
76,4,49,0.0,0.0,0.7551020408163265
76,5,53,0.0,-0.018867924528301886,0.39622641509433965
76,6,52,0.0,-0.057692307692307696,0.7307692307692307
76,7,58,0.0,0.0,0.10344827586206896
76,8,62,0.0,0.0,0.20967741935483872
76,9,66,0.0,0.0,0.696969696969697
76,10,71,0.0,0.0,0.11267605633802817
76,11,68,0.0,-0.04411764705882353,0.3088235294117647
76,12,54,0.0,-0.018518518518518517,0.2777777777777778
76,13,66,0.0,0.0,0.21212121212121213
76,14,60,0.0,-0.15,0.18333333333333332
76,15,54,0.0,0.0,0.6666666666666666
76,16,71,0.0,-0.014084507042253521,0.4788732394366197
76,17,60,0.0,-0.05,0.38333333333333336
76,18,66,0.4696969696969697,0.33333333333333337,0.12121212121212122
76,19,52,0.3269230769230769,0.3269230769230769,0.2115384615384615
76,20,92,0.16304347826086957,0.14130434782608697,0.09782608695652173
76,21,55,0.5636363636363636,0.5636363636363636,0.0
76,22,57,0.17543859649122806,-0.017543859649122806,0.17543859649122806
76,23,46,0.2826086956521739,0.2826086956521739,0.13043478260869568
76,24,48,0.2916666666666667,-0.49999999999999994,0.49999999999999994
76,25,81,0.5185185185185185,0.5185185185185185,0.11111111111111116
76,26,73,0.2876712328767123,0.2876712328767123,0.24657534246575347
77,0,51,0.0,-0.49019607843137253,0.5294117647058824
77,1,45,0.0,-0.5555555555555556,0.6666666666666666
77,2,51,0.0,0.0,0.2549019607843137
77,3,54,0.0,-0.37037037037037035,0.4444444444444444
77,4,49,0.0,0.0,0.7551020408163265
77,5,53,0.0,-0.018867924528301886,0.39622641509433965
77,6,52,0.0,-0.057692307692307696,0.7307692307692307
77,7,58,0.0,0.0,0.10344827586206896
77,8,62,0.0,0.0,0.20967741935483872
77,9,66,0.0,0.0,0.696969696969697
77,10,71,0.0,0.0,0.11267605633802817
77,11,68,0.0,-0.04411764705882353,0.3088235294117647
77,12,54,0.0,-0.018518518518518517,0.2777777777777778
77,13,66,0.0,0.0,0.21212121212121213
77,14,60,0.0,-0.15,0.18333333333333332
77,15,54,0.0,0.0,0.6666666666666666
77,16,71,0.0,-0.014084507042253521,0.4788732394366197
77,17,60,0.0,-0.05,0.38333333333333336
77,18,66,0.5,0.36363636363636365,0.09090909090909094
77,19,52,0.28846153846153844,0.28846153846153844,0.25
77,20,92,0.11956521739130435,0.09782608695652174,0.14130434782608695
77,21,55,0.43636363636363634,0.43636363636363634,0.12727272727272726
77,22,57,0.22807017543859648,0.03508771929824561,0.12280701754385964
77,23,46,0.391304347826087,0.391304347826087,0.021739130434782594
77,24,48,0.20833333333333334,-0.5833333333333333,0.5833333333333333
77,25,81,0.48148148148148145,0.48148148148148145,0.1481481481481482
77,26,73,0.4246575342465753,0.4246575342465753,0.10958904109589046
78,0,51,0.0,-0.49019607843137253,0.5294117647058824
78,1,45,0.0,-0.5555555555555556,0.6666666666666666
78,2,51,0.0,0.0,0.2549019607843137
78,3,54,0.0,-0.37037037037037035,0.4444444444444444
78,4,49,0.0,0.0,0.7551020408163265
78,5,53,0.0,-0.018867924528301886,0.39622641509433965
78,6,52,0.0,-0.057692307692307696,0.7307692307692307
78,7,58,0.0,0.0,0.10344827586206896
78,8,62,0.0,0.0,0.20967741935483872
78,9,66,0.0,0.0,0.696969696969697
78,10,71,0.0,0.0,0.11267605633802817
78,11,68,0.0,-0.04411764705882353,0.3088235294117647
78,12,54,0.0,-0.018518518518518517,0.2777777777777778
78,13,66,0.0,0.0,0.21212121212121213
78,14,60,0.0,-0.15,0.18333333333333332
78,15,54,0.0,0.0,0.6666666666666666
78,16,71,0.0,-0.014084507042253521,0.4788732394366197
78,17,60,0.0,-0.05,0.38333333333333336
78,18,66,0.45454545454545453,0.3181818181818182,0.1363636363636364
78,19,52,0.34615384615384615,0.34615384615384615,0.1923076923076923
78,20,92,0.16304347826086957,0.14130434782608697,0.09782608695652173
78,21,55,0.4909090909090909,0.4909090909090909,0.0727272727272727
78,22,57,0.17543859649122806,-0.017543859649122806,0.17543859649122806
78,23,46,0.30434782608695654,0.30434782608695654,0.10869565217391303
78,24,48,0.3333333333333333,-0.4583333333333333,0.4583333333333333
78,25,81,0.4691358024691358,0.4691358024691358,0.16049382716049387
78,26,73,0.2876712328767123,0.2876712328767123,0.24657534246575347
79,0,51,0.0,-0.49019607843137253,0.5294117647058824
79,1,45,0.0,-0.5555555555555556,0.6666666666666666
79,2,51,0.0,0.0,0.2549019607843137
79,3,54,0.0,-0.37037037037037035,0.4444444444444444
79,4,49,0.0,0.0,0.7551020408163265
79,5,53,0.0,-0.018867924528301886,0.39622641509433965
79,6,52,0.0,-0.057692307692307696,0.7307692307692307
79,7,58,0.0,0.0,0.10344827586206896
79,8,62,0.0,0.0,0.20967741935483872
79,9,66,0.0,0.0,0.696969696969697
79,10,71,0.0,0.0,0.11267605633802817
79,11,68,0.0,-0.04411764705882353,0.3088235294117647
79,12,54,0.0,-0.018518518518518517,0.2777777777777778
79,13,66,0.0,0.0,0.21212121212121213
79,14,60,0.0,-0.15,0.18333333333333332
79,15,54,0.0,0.0,0.6666666666666666
79,16,71,0.0,-0.014084507042253521,0.4788732394366197
79,17,60,0.0,-0.05,0.38333333333333336
79,18,66,0.5,0.36363636363636365,0.09090909090909094
79,19,52,0.28846153846153844,0.28846153846153844,0.25
79,20,92,0.11956521739130435,0.09782608695652174,0.14130434782608695
79,21,55,0.38181818181818183,0.38181818181818183,0.18181818181818177
79,22,57,0.21052631578947367,0.017543859649122806,0.14035087719298245
79,23,46,0.3695652173913043,0.3695652173913043,0.043478260869565244
79,24,48,0.20833333333333334,-0.5833333333333333,0.5833333333333333
79,25,81,0.5555555555555556,0.5555555555555556,0.07407407407407407
79,26,73,0.4246575342465753,0.4246575342465753,0.10958904109589046
80,0,51,0.0,-0.49019607843137253,0.5294117647058824
80,1,45,0.0,-0.5555555555555556,0.6666666666666666
80,2,51,0.0,0.0,0.2549019607843137
80,3,54,0.0,-0.37037037037037035,0.4444444444444444
80,4,49,0.0,0.0,0.7551020408163265
80,5,53,0.0,-0.018867924528301886,0.39622641509433965
80,6,52,0.0,-0.057692307692307696,0.7307692307692307
80,7,58,0.0,0.0,0.10344827586206896
80,8,62,0.0,0.0,0.20967741935483872
80,9,66,0.0,0.0,0.696969696969697
80,10,71,0.0,0.0,0.11267605633802817
80,11,68,0.0,-0.04411764705882353,0.3088235294117647
80,12,54,0.0,-0.018518518518518517,0.2777777777777778
80,13,66,0.0,0.0,0.21212121212121213
80,14,60,0.0,-0.15,0.18333333333333332
80,15,54,0.0,0.0,0.6666666666666666
80,16,71,0.0,-0.014084507042253521,0.4788732394366197
80,17,60,0.0,-0.05,0.38333333333333336
80,18,66,0.48484848484848486,0.3484848484848485,0.10606060606060608
80,19,52,0.34615384615384615,0.34615384615384615,0.1923076923076923
80,20,92,0.10869565217391304,0.08695652173913043,0.15217391304347827
80,21,55,0.45454545454545453,0.45454545454545453,0.10909090909090907
80,22,57,0.22807017543859648,0.03508771929824561,0.12280701754385964
80,23,46,0.34782608695652173,0.34782608695652173,0.06521739130434784
80,24,48,0.3125,-0.47916666666666663,0.47916666666666663
80,25,81,0.4444444444444444,0.4444444444444444,0.18518518518518523
80,26,73,0.2876712328767123,0.2876712328767123,0.24657534246575347
81,0,51,0.0,-0.49019607843137253,0.5294117647058824
81,1,45,0.0,-0.5555555555555556,0.6666666666666666
81,2,51,0.0,0.0,0.2549019607843137
81,3,54,0.0,-0.37037037037037035,0.4444444444444444
81,4,49,0.0,0.0,0.7551020408163265
81,5,53,0.0,-0.018867924528301886,0.39622641509433965
81,6,52,0.0,-0.057692307692307696,0.7307692307692307
81,7,58,0.0,0.0,0.10344827586206896
81,8,62,0.0,0.0,0.20967741935483872
81,9,66,0.0,0.0,0.696969696969697
81,10,71,0.0,0.0,0.11267605633802817
81,11,68,0.0,-0.04411764705882353,0.3088235294117647
81,12,54,0.0,-0.018518518518518517,0.2777777777777778
81,13,66,0.0,0.0,0.21212121212121213
81,14,60,0.0,-0.15,0.18333333333333332
81,15,54,0.0,0.0,0.6666666666666666
81,16,71,0.0,-0.014084507042253521,0.4788732394366197
81,17,60,0.0,-0.05,0.38333333333333336
81,18,66,0.5,0.36363636363636365,0.09090909090909094
81,19,52,0.36538461538461536,0.36538461538461536,0.17307692307692307
81,20,92,0.11956521739130435,0.09782608695652174,0.14130434782608695
81,21,55,0.41818181818181815,0.41818181818181815,0.14545454545454545
81,22,57,0.17543859649122806,-0.017543859649122806,0.17543859649122806
81,23,46,0.2608695652173913,0.2608695652173913,0.15217391304347827
81,24,48,0.1875,-0.6041666666666666,0.6041666666666666
81,25,81,0.5432098765432098,0.5432098765432098,0.0864197530864198
81,26,73,0.3972602739726027,0.3972602739726027,0.13698630136986306
82,0,51,0.0,-0.49019607843137253,0.5294117647058824
82,1,45,0.0,-0.5555555555555556,0.6666666666666666
82,2,51,0.0,0.0,0.2549019607843137
82,3,54,0.0,-0.37037037037037035,0.4444444444444444
82,4,49,0.0,0.0,0.7551020408163265
82,5,53,0.0,-0.018867924528301886,0.39622641509433965
82,6,52,0.0,-0.057692307692307696,0.7307692307692307
82,7,58,0.0,0.0,0.10344827586206896
82,8,62,0.0,0.0,0.20967741935483872
82,9,66,0.0,0.0,0.696969696969697
82,10,71,0.0,0.0,0.11267605633802817
82,11,68,0.0,-0.04411764705882353,0.3088235294117647
82,12,54,0.0,-0.018518518518518517,0.2777777777777778
82,13,66,0.0,0.0,0.21212121212121213
82,14,60,0.0,-0.15,0.18333333333333332
82,15,54,0.0,0.0,0.6666666666666666
82,16,71,0.0,-0.014084507042253521,0.4788732394366197
82,17,60,0.0,-0.05,0.38333333333333336
82,18,66,0.48484848484848486,0.3484848484848485,0.10606060606060608
82,19,52,0.36538461538461536,0.36538461538461536,0.17307692307692307
82,20,92,0.13043478260869565,0.10869565217391304,0.13043478260869565
82,21,55,0.41818181818181815,0.41818181818181815,0.14545454545454545
82,22,57,0.21052631578947367,0.017543859649122806,0.14035087719298245
82,23,46,0.30434782608695654,0.30434782608695654,0.10869565217391303
82,24,48,0.2708333333333333,-0.5208333333333333,0.5208333333333333
82,25,81,0.5308641975308642,0.5308641975308642,0.09876543209876543
82,26,73,0.2465753424657534,0.2465753424657534,0.28767123287671237
83,0,51,0.0,-0.49019607843137253,0.5294117647058824
83,1,45,0.0,-0.5555555555555556,0.6666666666666666
83,2,51,0.0,0.0,0.2549019607843137
83,3,54,0.0,-0.37037037037037035,0.4444444444444444
83,4,49,0.0,0.0,0.7551020408163265
83,5,53,0.0,-0.018867924528301886,0.39622641509433965
83,6,52,0.0,-0.057692307692307696,0.7307692307692307
83,7,58,0.0,0.0,0.10344827586206896
83,8,62,0.0,0.0,0.20967741935483872
83,9,66,0.0,0.0,0.696969696969697
83,10,71,0.0,0.0,0.11267605633802817
83,11,68,0.0,-0.04411764705882353,0.3088235294117647
83,12,54,0.0,-0.018518518518518517,0.2777777777777778
83,13,66,0.0,0.0,0.21212121212121213
83,14,60,0.0,-0.15,0.18333333333333332
83,15,54,0.0,0.0,0.6666666666666666
83,16,71,0.0,-0.014084507042253521,0.4788732394366197
83,17,60,0.0,-0.05,0.38333333333333336
83,18,66,0.48484848484848486,0.3484848484848485,0.10606060606060608
83,19,52,0.40384615384615385,0.40384615384615385,0.13461538461538458
83,20,92,0.11956521739130435,0.09782608695652174,0.14130434782608695
83,21,55,0.41818181818181815,0.41818181818181815,0.14545454545454545
83,22,57,0.15789473684210525,-0.03508771929824561,0.19298245614035087
83,23,46,0.2391304347826087,0.2391304347826087,0.17391304347826086
83,24,48,0.20833333333333334,-0.5833333333333333,0.5833333333333333
83,25,81,0.5061728395061729,0.5061728395061729,0.12345679012345678
83,26,73,0.3013698630136986,0.3013698630136986,0.23287671232876717
84,0,51,0.0,-0.49019607843137253,0.5294117647058824
84,1,45,0.0,-0.5555555555555556,0.6666666666666666
84,2,51,0.0,0.0,0.2549019607843137
84,3,54,0.0,-0.37037037037037035,0.4444444444444444
84,4,49,0.0,0.0,0.7551020408163265
84,5,53,0.0,-0.018867924528301886,0.39622641509433965
84,6,52,0.0,-0.057692307692307696,0.7307692307692307
84,7,58,0.0,0.0,0.10344827586206896
84,8,62,0.0,0.0,0.20967741935483872
84,9,66,0.0,0.0,0.696969696969697
84,10,71,0.0,0.0,0.11267605633802817
84,11,68,0.0,-0.04411764705882353,0.3088235294117647
84,12,54,0.0,-0.018518518518518517,0.2777777777777778
84,13,66,0.0,0.0,0.21212121212121213
84,14,60,0.0,-0.15,0.18333333333333332
84,15,54,0.0,0.0,0.6666666666666666
84,16,71,0.0,-0.014084507042253521,0.4788732394366197
84,17,60,0.0,-0.05,0.38333333333333336
84,18,66,0.4696969696969697,0.33333333333333337,0.12121212121212122
84,19,52,0.34615384615384615,0.34615384615384615,0.1923076923076923
84,20,92,0.13043478260869565,0.10869565217391304,0.13043478260869565
84,21,55,0.43636363636363634,0.43636363636363634,0.12727272727272726
84,22,57,0.21052631578947367,0.017543859649122806,0.14035087719298245
84,23,46,0.2608695652173913,0.2608695652173913,0.15217391304347827
84,24,48,0.2708333333333333,-0.5208333333333333,0.5208333333333333
84,25,81,0.5185185185185185,0.5185185185185185,0.11111111111111116
84,26,73,0.2465753424657534,0.2465753424657534,0.28767123287671237
85,0,51,0.0,-0.49019607843137253,0.5294117647058824
85,1,45,0.0,-0.5555555555555556,0.6666666666666666
85,2,51,0.0,0.0,0.2549019607843137
85,3,54,0.0,-0.37037037037037035,0.4444444444444444
85,4,49,0.0,0.0,0.7551020408163265
85,5,53,0.0,-0.018867924528301886,0.39622641509433965
85,6,52,0.0,-0.057692307692307696,0.7307692307692307
85,7,58,0.0,0.0,0.10344827586206896
85,8,62,0.0,0.0,0.20967741935483872
85,9,66,0.0,0.0,0.696969696969697
85,10,71,0.0,0.0,0.11267605633802817
85,11,68,0.0,-0.04411764705882353,0.3088235294117647
85,12,54,0.0,-0.018518518518518517,0.2777777777777778
85,13,66,0.0,0.0,0.21212121212121213
85,14,60,0.0,-0.15,0.18333333333333332
85,15,54,0.0,0.0,0.6666666666666666
85,16,71,0.0,-0.014084507042253521,0.4788732394366197
85,17,60,0.0,-0.05,0.38333333333333336
85,18,66,0.48484848484848486,0.3484848484848485,0.10606060606060608
85,19,52,0.36538461538461536,0.36538461538461536,0.17307692307692307
85,20,92,0.13043478260869565,0.10869565217391304,0.13043478260869565
85,21,55,0.45454545454545453,0.45454545454545453,0.10909090909090907
85,22,57,0.17543859649122806,-0.017543859649122806,0.17543859649122806
85,23,46,0.2608695652173913,0.2608695652173913,0.15217391304347827
85,24,48,0.22916666666666666,-0.5625,0.5625
85,25,81,0.48148148148148145,0.48148148148148145,0.1481481481481482
85,26,73,0.3013698630136986,0.3013698630136986,0.23287671232876717
86,0,51,0.0,-0.49019607843137253,0.5294117647058824
86,1,45,0.0,-0.5555555555555556,0.6666666666666666
86,2,51,0.0,0.0,0.2549019607843137
86,3,54,0.0,-0.37037037037037035,0.4444444444444444
86,4,49,0.0,0.0,0.7551020408163265
86,5,53,0.0,-0.018867924528301886,0.39622641509433965
86,6,52,0.0,-0.057692307692307696,0.7307692307692307
86,7,58,0.0,0.0,0.10344827586206896
86,8,62,0.0,0.0,0.20967741935483872
86,9,66,0.0,0.0,0.696969696969697
86,10,71,0.0,0.0,0.11267605633802817
86,11,68,0.0,-0.04411764705882353,0.3088235294117647
86,12,54,0.0,-0.018518518518518517,0.2777777777777778
86,13,66,0.0,0.0,0.21212121212121213
86,14,60,0.0,-0.15,0.18333333333333332
86,15,54,0.0,0.0,0.6666666666666666
86,16,71,0.0,-0.014084507042253521,0.4788732394366197
86,17,60,0.0,-0.05,0.38333333333333336
86,18,66,0.4696969696969697,0.33333333333333337,0.12121212121212122
86,19,52,0.34615384615384615,0.34615384615384615,0.1923076923076923
86,20,92,0.15217391304347827,0.13043478260869568,0.10869565217391303
86,21,55,0.41818181818181815,0.41818181818181815,0.14545454545454545
86,22,57,0.21052631578947367,0.017543859649122806,0.14035087719298245
86,23,46,0.30434782608695654,0.30434782608695654,0.10869565217391303
86,24,48,0.25,-0.5416666666666666,0.5416666666666666
86,25,81,0.49382716049382713,0.49382716049382713,0.13580246913580252
86,26,73,0.2876712328767123,0.2876712328767123,0.24657534246575347
87,0,51,0.0,-0.49019607843137253,0.5294117647058824
87,1,45,0.0,-0.5555555555555556,0.6666666666666666
87,2,51,0.0,0.0,0.2549019607843137
87,3,54,0.0,-0.37037037037037035,0.4444444444444444
87,4,49,0.0,0.0,0.7551020408163265
87,5,53,0.0,-0.018867924528301886,0.39622641509433965
87,6,52,0.0,-0.057692307692307696,0.7307692307692307
87,7,58,0.0,0.0,0.10344827586206896
87,8,62,0.0,0.0,0.20967741935483872
87,9,66,0.0,0.0,0.696969696969697
87,10,71,0.0,0.0,0.11267605633802817
87,11,68,0.0,-0.04411764705882353,0.3088235294117647
87,12,54,0.0,-0.018518518518518517,0.2777777777777778
87,13,66,0.0,0.0,0.21212121212121213
87,14,60,0.0,-0.15,0.18333333333333332
87,15,54,0.0,0.0,0.6666666666666666
87,16,71,0.0,-0.014084507042253521,0.4788732394366197
87,17,60,0.0,-0.05,0.38333333333333336
87,18,66,0.5,0.36363636363636365,0.09090909090909094
87,19,52,0.34615384615384615,0.34615384615384615,0.1923076923076923
87,20,92,0.14130434782608695,0.11956521739130434,0.11956521739130435
87,21,55,0.45454545454545453,0.45454545454545453,0.10909090909090907
87,22,57,0.22807017543859648,0.03508771929824561,0.12280701754385964
87,23,46,0.34782608695652173,0.34782608695652173,0.06521739130434784
87,24,48,0.22916666666666666,-0.5625,0.5625
87,25,81,0.48148148148148145,0.48148148148148145,0.1481481481481482
87,26,73,0.3972602739726027,0.3972602739726027,0.13698630136986306
88,0,51,0.0,-0.49019607843137253,0.5294117647058824
88,1,45,0.0,-0.5555555555555556,0.6666666666666666
88,2,51,0.0,0.0,0.2549019607843137
88,3,54,0.0,-0.37037037037037035,0.4444444444444444
88,4,49,0.0,0.0,0.7551020408163265
88,5,53,0.0,-0.018867924528301886,0.39622641509433965
88,6,52,0.0,-0.057692307692307696,0.7307692307692307
88,7,58,0.0,0.0,0.10344827586206896
88,8,62,0.0,0.0,0.20967741935483872
88,9,66,0.0,0.0,0.696969696969697
88,10,71,0.0,0.0,0.11267605633802817
88,11,68,0.0,-0.04411764705882353,0.3088235294117647
88,12,54,0.0,-0.018518518518518517,0.2777777777777778
88,13,66,0.0,0.0,0.21212121212121213
88,14,60,0.0,-0.15,0.18333333333333332
88,15,54,0.0,0.0,0.6666666666666666
88,16,71,0.0,-0.014084507042253521,0.4788732394366197
88,17,60,0.0,-0.05,0.38333333333333336
88,18,66,0.45454545454545453,0.3181818181818182,0.1363636363636364
88,19,52,0.28846153846153844,0.28846153846153844,0.25
88,20,92,0.16304347826086957,0.14130434782608697,0.09782608695652173
88,21,55,0.3090909090909091,0.3090909090909091,0.2545454545454545
88,22,57,0.40350877192982454,0.21052631578947367,0.0
88,23,46,0.391304347826087,0.391304347826087,0.021739130434782594
88,24,48,0.4375,-0.35416666666666663,0.35416666666666663
88,25,81,0.37037037037037035,0.37037037037037035,0.2592592592592593
88,26,73,0.3013698630136986,0.3013698630136986,0.23287671232876717
89,0,51,0.0,-0.49019607843137253,0.5294117647058824
89,1,45,0.0,-0.5555555555555556,0.6666666666666666
89,2,51,0.0,0.0,0.2549019607843137
89,3,54,0.0,-0.37037037037037035,0.4444444444444444
89,4,49,0.0,0.0,0.7551020408163265
89,5,53,0.0,-0.018867924528301886,0.39622641509433965
89,6,52,0.0,-0.057692307692307696,0.7307692307692307
89,7,58,0.0,0.0,0.10344827586206896
89,8,62,0.0,0.0,0.20967741935483872
89,9,66,0.0,0.0,0.696969696969697
89,10,71,0.0,0.0,0.11267605633802817
89,11,68,0.0,-0.04411764705882353,0.3088235294117647
89,12,54,0.0,-0.018518518518518517,0.2777777777777778
89,13,66,0.0,0.0,0.21212121212121213
89,14,60,0.0,-0.15,0.18333333333333332
89,15,54,0.0,0.0,0.6666666666666666
89,16,71,0.0,-0.014084507042253521,0.4788732394366197
89,17,60,0.0,-0.05,0.38333333333333336
89,18,66,0.5,0.36363636363636365,0.09090909090909094
89,19,52,0.23076923076923078,0.23076923076923078,0.30769230769230765
89,20,92,0.17391304347826086,0.15217391304347827,0.08695652173913043
89,21,55,0.4,0.4,0.16363636363636358
89,22,57,0.19298245614035087,0.0,0.21052631578947367
89,23,46,0.34782608695652173,0.34782608695652173,0.06521739130434784
89,24,48,0.25,-0.5416666666666666,0.5416666666666666
89,25,81,0.4444444444444444,0.4444444444444444,0.18518518518518523
89,26,73,0.4794520547945205,0.4794520547945205,0.05479452054794526
90,0,51,0.0,-0.49019607843137253,0.5294117647058824
90,1,45,0.0,-0.5555555555555556,0.6666666666666666
90,2,51,0.0,0.0,0.2549019607843137
90,3,54,0.0,-0.37037037037037035,0.4444444444444444
90,4,49,0.0,0.0,0.7551020408163265
90,5,53,0.0,-0.018867924528301886,0.39622641509433965
90,6,52,0.0,-0.057692307692307696,0.7307692307692307
90,7,58,0.0,0.0,0.10344827586206896
90,8,62,0.0,0.0,0.20967741935483872
90,9,66,0.0,0.0,0.696969696969697
90,10,71,0.0,0.0,0.11267605633802817
90,11,68,0.0,-0.04411764705882353,0.3088235294117647
90,12,54,0.0,-0.018518518518518517,0.2777777777777778
90,13,66,0.0,0.0,0.21212121212121213
90,14,60,0.0,-0.15,0.18333333333333332
90,15,54,0.0,0.0,0.6666666666666666
90,16,71,0.0,-0.014084507042253521,0.4788732394366197
90,17,60,0.0,-0.05,0.38333333333333336
90,18,66,0.45454545454545453,0.3181818181818182,0.1363636363636364
90,19,52,0.2692307692307692,0.2692307692307692,0.2692307692307692
90,20,92,0.17391304347826086,0.15217391304347827,0.08695652173913043
90,21,55,0.2909090909090909,0.2909090909090909,0.2727272727272727
90,22,57,0.2807017543859649,0.08771929824561403,0.12280701754385964
90,23,46,0.43478260869565216,0.43478260869565216,0.0
90,24,48,0.3125,-0.47916666666666663,0.47916666666666663
90,25,81,0.4444444444444444,0.4444444444444444,0.18518518518518523
90,26,73,0.410958904109589,0.410958904109589,0.12328767123287676
