round,class_id,n,acc,bwt,forgetting
1,0,51,0.0,,
1,1,45,0.044444444444444446,,
1,2,51,0.19607843137254902,,
1,3,54,0.0,,
1,4,49,0.0,,
1,5,53,0.018867924528301886,,
1,6,52,0.0,,
1,7,58,0.0,,
1,8,62,0.22580645161290322,,
2,0,51,0.23529411764705882,0.23529411764705882,0.0
2,1,45,0.4666666666666667,0.4222222222222222,0.0
2,2,51,0.0,-0.19607843137254902,0.19607843137254902
2,3,54,0.0,0.0,0.0
2,4,49,0.0,0.0,0.0
2,5,53,0.0,-0.018867924528301886,0.018867924528301886
2,6,52,0.0,0.0,0.0
2,7,58,0.0,0.0,0.0
2,8,62,0.0,-0.22580645161290322,0.22580645161290322
3,0,51,0.0,0.0,0.23529411764705882
3,1,45,0.0,-0.044444444444444446,0.4666666666666667
3,2,51,0.0,-0.19607843137254902,0.19607843137254902
3,3,54,0.0,0.0,0.0
3,4,49,0.0,0.0,0.0
3,5,53,0.07547169811320754,0.05660377358490566,0.0
3,6,52,0.0,0.0,0.0
3,7,58,0.0,0.0,0.0
3,8,62,0.0,-0.22580645161290322,0.22580645161290322
4,0,51,0.49019607843137253,0.49019607843137253,0.0
4,1,45,0.37777777777777777,0.3333333333333333,0.0888888888888889
4,2,51,0.0,-0.19607843137254902,0.19607843137254902
4,3,54,0.0,0.0,0.0
4,4,49,0.0,0.0,0.0
4,5,53,0.0,-0.018867924528301886,0.07547169811320754
4,6,52,0.0,0.0,0.0
4,7,58,0.0,0.0,0.0
4,8,62,0.0,-0.22580645161290322,0.22580645161290322
5,0,51,0.0,0.0,0.49019607843137253
5,1,45,0.0,-0.044444444444444446,0.4666666666666667
5,2,51,0.0,-0.19607843137254902,0.19607843137254902
5,3,54,0.0,0.0,0.0
5,4,49,0.02040816326530612,0.02040816326530612,0.0
5,5,53,0.0,-0.018867924528301886,0.07547169811320754
5,6,52,0.0,0.0,0.0
5,7,58,0.10344827586206896,0.10344827586206896,0.0
5,8,62,0.03225806451612903,-0.1935483870967742,0.1935483870967742
6,0,51,0.0392156862745098,0.0392156862745098,0.4509803921568627
6,1,45,0.2222222222222222,0.17777777777777776,0.24444444444444446
6,2,51,0.0,-0.19607843137254902,0.19607843137254902
6,3,54,0.0,0.0,0.0
6,4,49,0.0,0.0,0.02040816326530612
6,5,53,0.0,-0.018867924528301886,0.07547169811320754
6,6,52,0.0,0.0,0.0
6,7,58,0.0,0.0,0.10344827586206896
6,8,62,0.04838709677419355,-0.1774193548387097,0.1774193548387097
7,0,51,0.0392156862745098,0.0392156862745098,0.4509803921568627
7,1,45,0.1111111111111111,0.06666666666666665,0.35555555555555557
7,2,51,0.0,-0.19607843137254902,0.19607843137254902
7,3,54,0.0,0.0,0.0
7,4,49,0.08163265306122448,0.08163265306122448,0.0
7,5,53,0.0,-0.018867924528301886,0.07547169811320754
7,6,52,0.0,0.0,0.0
7,7,58,0.05172413793103448,0.05172413793103448,0.05172413793103448
7,8,62,0.1935483870967742,-0.03225806451612903,0.03225806451612903
8,0,51,0.0392156862745098,0.0392156862745098,0.4509803921568627
8,1,45,0.044444444444444446,0.0,0.4222222222222222
8,2,51,0.0,-0.19607843137254902,0.19607843137254902
8,3,54,0.0,0.0,0.0
8,4,49,0.10204081632653061,0.10204081632653061,0.0
8,5,53,0.0,-0.018867924528301886,0.07547169811320754
8,6,52,0.0,0.0,0.0
8,7,58,0.0,0.0,0.10344827586206896
8,8,62,0.016129032258064516,-0.2096774193548387,0.2096774193548387
9,0,51,0.0196078431372549,0.0196078431372549,0.47058823529411764
9,1,45,0.06666666666666667,0.02222222222222222,0.4
9,2,51,0.0,-0.19607843137254902,0.19607843137254902
9,3,54,0.07407407407407407,0.07407407407407407,0.0
9,4,49,0.12244897959183673,0.12244897959183673,0.0
9,5,53,0.11320754716981132,0.09433962264150944,0.0
9,6,52,0.038461538461538464,0.038461538461538464,0.0
9,7,58,0.05172413793103448,0.05172413793103448,0.05172413793103448
9,8,62,0.04838709677419355,-0.1774193548387097,0.1774193548387097
10,0,51,0.0784313725490196,0.0784313725490196,0.4117647058823529
10,1,45,0.15555555555555556,0.1111111111111111,0.3111111111111111
10,2,51,0.0,-0.19607843137254902,0.19607843137254902
10,3,54,0.0,0.0,0.07407407407407407
10,4,49,0.08163265306122448,0.08163265306122448,0.04081632653061225
10,5,53,0.0,-0.018867924528301886,0.11320754716981132
10,6,52,0.0,0.0,0.038461538461538464
10,7,58,0.0,0.0,0.10344827586206896
10,8,62,0.03225806451612903,-0.1935483870967742,0.1935483870967742
11,0,51,0.11764705882352941,0.11764705882352941,0.37254901960784315
11,1,45,0.022222222222222223,-0.022222222222222223,0.4444444444444445
11,2,51,0.0196078431372549,-0.1764705882352941,0.1764705882352941
11,3,54,0.037037037037037035,0.037037037037037035,0.037037037037037035
11,4,49,0.10204081632653061,0.10204081632653061,0.020408163265306117
11,5,53,0.1509433962264151,0.1320754716981132,0.0
11,6,52,0.057692307692307696,0.057692307692307696,0.0
11,7,58,0.08620689655172414,0.08620689655172414,0.01724137931034482
11,8,62,0.016129032258064516,-0.2096774193548387,0.2096774193548387
11,9,66,0.015151515151515152,,
11,10,71,0.028169014084507043,,
11,11,68,0.08823529411764706,,
11,12,54,0.07407407407407407,,
11,13,66,0.045454545454545456,,
11,14,60,0.03333333333333333,,
11,15,54,0.05555555555555555,,
11,16,71,0.014084507042253521,,
11,17,60,0.016666666666666666,,
12,0,51,0.3137254901960784,0.3137254901960784,0.1764705882352941
12,1,45,0.044444444444444446,0.0,0.4222222222222222
12,2,51,0.0,-0.19607843137254902,0.19607843137254902
12,3,54,0.0,0.0,0.07407407407407407
12,4,49,0.04081632653061224,0.04081632653061224,0.0816326530612245
12,5,53,0.0,-0.018867924528301886,0.1509433962264151
12,6,52,0.0,0.0,0.057692307692307696
12,7,58,0.017241379310344827,0.017241379310344827,0.08620689655172414
12,8,62,0.04838709677419355,-0.1774193548387097,0.1774193548387097
12,9,66,0.015151515151515152,0.0,0.0
12,10,71,0.0,-0.028169014084507043,0.028169014084507043
12,11,68,0.0,-0.08823529411764706,0.08823529411764706
12,12,54,0.0,-0.07407407407407407,0.07407407407407407
12,13,66,0.0,-0.045454545454545456,0.045454545454545456
12,14,60,0.0,-0.03333333333333333,0.03333333333333333
12,15,54,0.0,-0.05555555555555555,0.05555555555555555
12,16,71,0.056338028169014086,0.04225352112676056,0.0
12,17,60,0.0,-0.016666666666666666,0.016666666666666666
13,0,51,0.0196078431372549,0.0196078431372549,0.47058823529411764
13,1,45,0.0,-0.044444444444444446,0.4666666666666667
13,2,51,0.0196078431372549,-0.1764705882352941,0.1764705882352941
13,3,54,0.0,0.0,0.07407407407407407
13,4,49,0.08163265306122448,0.08163265306122448,0.04081632653061225
13,5,53,0.1509433962264151,0.1320754716981132,0.0
13,6,52,0.09615384615384616,0.09615384615384616,0.0
13,7,58,0.08620689655172414,0.08620689655172414,0.01724137931034482
13,8,62,0.016129032258064516,-0.2096774193548387,0.2096774193548387
13,9,66,0.030303030303030304,0.015151515151515152,0.0
13,10,71,0.0,-0.028169014084507043,0.028169014084507043
13,11,68,0.08823529411764706,0.0,0.0
13,12,54,0.07407407407407407,0.0,0.0
13,13,66,0.045454545454545456,0.0,0.0
13,14,60,0.11666666666666667,0.08333333333333334,0.0
13,15,54,0.05555555555555555,0.0,0.0
13,16,71,0.014084507042253521,0.0,0.04225352112676056
13,17,60,0.06666666666666667,0.05,0.0
14,0,51,0.09803921568627451,0.09803921568627451,0.39215686274509803
14,1,45,0.26666666666666666,0.2222222222222222,0.2
14,2,51,0.0,-0.19607843137254902,0.19607843137254902
14,3,54,0.018518518518518517,0.018518518518518517,0.05555555555555555
14,4,49,0.14285714285714285,0.14285714285714285,0.0
14,5,53,0.03773584905660377,0.018867924528301886,0.11320754716981132
14,6,52,0.0,0.0,0.09615384615384616
14,7,58,0.034482758620689655,0.034482758620689655,0.06896551724137931
14,8,62,0.04838709677419355,-0.1774193548387097,0.1774193548387097
14,9,66,0.045454545454545456,0.030303030303030304,0.0
14,10,71,0.0,-0.028169014084507043,0.028169014084507043
14,11,68,0.0,-0.08823529411764706,0.08823529411764706
14,12,54,0.09259259259259259,0.018518518518518517,0.0
14,13,66,0.0,-0.045454545454545456,0.045454545454545456
14,14,60,0.0,-0.03333333333333333,0.11666666666666667
14,15,54,0.0,-0.05555555555555555,0.05555555555555555
14,16,71,0.028169014084507043,0.014084507042253521,0.028169014084507043
14,17,60,0.0,-0.016666666666666666,0.06666666666666667
15,0,51,0.11764705882352941,0.11764705882352941,0.37254901960784315
15,1,45,0.0,-0.044444444444444446,0.4666666666666667
15,2,51,0.0,-0.19607843137254902,0.19607843137254902
15,3,54,0.0,0.0,0.07407407407407407
15,4,49,0.061224489795918366,0.061224489795918366,0.08163265306122448
15,5,53,0.05660377358490566,0.03773584905660378,0.09433962264150943
15,6,52,0.0,0.0,0.09615384615384616
15,7,58,0.1206896551724138,0.1206896551724138,0.0
15,8,62,0.03225806451612903,-0.1935483870967742,0.1935483870967742
15,9,66,0.030303030303030304,0.015151515151515152,0.015151515151515152
15,10,71,0.014084507042253521,-0.014084507042253521,0.014084507042253521
15,11,68,0.07352941176470588,-0.01470588235294118,0.01470588235294118
15,12,54,0.018518518518518517,-0.05555555555555555,0.07407407407407407
15,13,66,0.06060606060606061,0.015151515151515152,0.0
15,14,60,0.05,0.01666666666666667,0.06666666666666667
15,15,54,0.0,-0.05555555555555555,0.05555555555555555
15,16,71,0.0,-0.014084507042253521,0.056338028169014086
15,17,60,0.06666666666666667,0.05,0.0
16,0,51,0.09803921568627451,0.09803921568627451,0.39215686274509803
16,1,45,0.2222222222222222,0.17777777777777776,0.24444444444444446
16,2,51,0.0196078431372549,-0.1764705882352941,0.1764705882352941
16,3,54,0.0,0.0,0.07407407407407407
16,4,49,0.061224489795918366,0.061224489795918366,0.08163265306122448
16,5,53,0.03773584905660377,0.018867924528301886,0.11320754716981132
16,6,52,0.0,0.0,0.09615384615384616
16,7,58,0.017241379310344827,0.017241379310344827,0.10344827586206898
16,8,62,0.0,-0.22580645161290322,0.22580645161290322
16,9,66,0.06060606060606061,0.045454545454545456,0.0
16,10,71,0.0,-0.028169014084507043,0.028169014084507043
16,11,68,0.0,-0.08823529411764706,0.08823529411764706
16,12,54,0.05555555555555555,-0.018518518518518517,0.037037037037037035
16,13,66,0.0,-0.045454545454545456,0.06060606060606061
16,14,60,0.0,-0.03333333333333333,0.11666666666666667
16,15,54,0.0,-0.05555555555555555,0.05555555555555555
16,16,71,0.0,-0.014084507042253521,0.056338028169014086
16,17,60,0.0,-0.016666666666666666,0.06666666666666667
17,0,51,0.0392156862745098,0.0392156862745098,0.4509803921568627
17,1,45,0.0,-0.044444444444444446,0.4666666666666667
17,2,51,0.0,-0.19607843137254902,0.19607843137254902
17,3,54,0.0,0.0,0.07407407407407407
17,4,49,0.04081632653061224,0.04081632653061224,0.10204081632653061
17,5,53,0.07547169811320754,0.05660377358490566,0.07547169811320754
17,6,52,0.019230769230769232,0.019230769230769232,0.07692307692307693
17,7,58,0.20689655172413793,0.20689655172413793,0.0
17,8,62,0.016129032258064516,-0.2096774193548387,0.2096774193548387
17,9,66,0.0,-0.015151515151515152,0.06060606060606061
17,10,71,0.028169014084507043,0.0,0.0
17,11,68,0.07352941176470588,-0.01470588235294118,0.01470588235294118
17,12,54,0.018518518518518517,-0.05555555555555555,0.07407407407407407
17,13,66,0.06060606060606061,0.015151515151515152,0.0
17,14,60,0.1,0.06666666666666668,0.016666666666666663
17,15,54,0.12962962962962962,0.07407407407407407,0.0
17,16,71,0.0,-0.014084507042253521,0.056338028169014086
17,17,60,0.0,-0.016666666666666666,0.06666666666666667
18,0,51,0.1568627450980392,0.1568627450980392,0.3333333333333333
18,1,45,0.06666666666666667,0.02222222222222222,0.4
18,2,51,0.0,-0.19607843137254902,0.19607843137254902
18,3,54,0.018518518518518517,0.018518518518518517,0.05555555555555555
18,4,49,0.22448979591836735,0.22448979591836735,0.0
18,5,53,0.11320754716981132,0.09433962264150944,0.037735849056603765
18,6,52,0.0,0.0,0.09615384615384616
18,7,58,0.06896551724137931,0.06896551724137931,0.13793103448275862
18,8,62,0.016129032258064516,-0.2096774193548387,0.2096774193548387
18,9,66,0.07575757575757576,0.06060606060606061,0.0
18,10,71,0.0,-0.028169014084507043,0.028169014084507043
18,11,68,0.0,-0.08823529411764706,0.08823529411764706
18,12,54,0.05555555555555555,-0.018518518518518517,0.037037037037037035
18,13,66,0.0,-0.045454545454545456,0.06060606060606061
18,14,60,0.0,-0.03333333333333333,0.11666666666666667
18,15,54,0.0,-0.05555555555555555,0.12962962962962962
18,16,71,0.028169014084507043,0.014084507042253521,0.028169014084507043
18,17,60,0.016666666666666666,0.0,0.05
19,0,51,0.0196078431372549,0.0196078431372549,0.47058823529411764
19,1,45,0.0,-0.044444444444444446,0.4666666666666667
19,2,51,0.0196078431372549,-0.1764705882352941,0.1764705882352941
19,3,54,0.05555555555555555,0.05555555555555555,0.018518518518518517
19,4,49,0.0,0.0,0.22448979591836735
19,5,53,0.09433962264150944,0.07547169811320756,0.05660377358490565
19,6,52,0.0,0.0,0.09615384615384616
19,7,58,0.27586206896551724,0.27586206896551724,0.0
19,8,62,0.0,-0.22580645161290322,0.22580645161290322
19,9,66,0.0,-0.015151515151515152,0.07575757575757576
19,10,71,0.04225352112676056,0.01408450704225352,0.0
19,11,68,0.14705882352941177,0.058823529411764705,0.0
19,12,54,0.0,-0.07407407407407407,0.09259259259259259
19,13,66,0.07575757575757576,0.030303030303030304,0.0
19,14,60,0.05,0.01666666666666667,0.06666666666666667
19,15,54,0.12962962962962962,0.07407407407407407,0.0
19,16,71,0.0,-0.014084507042253521,0.056338028169014086
19,17,60,0.0,-0.016666666666666666,0.06666666666666667
20,0,51,0.0392156862745098,0.0392156862745098,0.4509803921568627
20,1,45,0.08888888888888889,0.044444444444444446,0.37777777777777777
20,2,51,0.0196078431372549,-0.1764705882352941,0.1764705882352941
20,3,54,0.037037037037037035,0.037037037037037035,0.037037037037037035
20,4,49,0.061224489795918366,0.061224489795918366,0.163265306122449
20,5,53,0.1320754716981132,0.11320754716981132,0.018867924528301883
20,6,52,0.0,0.0,0.09615384615384616
20,7,58,0.017241379310344827,0.017241379310344827,0.25862068965517243
20,8,62,0.0,-0.22580645161290322,0.22580645161290322
20,9,66,0.015151515151515152,0.0,0.06060606060606061
20,10,71,0.0,-0.028169014084507043,0.04225352112676056
20,11,68,0.0,-0.08823529411764706,0.14705882352941177
20,12,54,0.05555555555555555,-0.018518518518518517,0.037037037037037035
20,13,66,0.0,-0.045454545454545456,0.07575757575757576
20,14,60,0.03333333333333333,0.0,0.08333333333333334
20,15,54,0.0,-0.05555555555555555,0.12962962962962962
20,16,71,0.014084507042253521,0.0,0.04225352112676056
20,17,60,0.016666666666666666,0.0,0.05
21,0,51,0.058823529411764705,0.058823529411764705,0.4313725490196078
21,1,45,0.0,-0.044444444444444446,0.4666666666666667
21,2,51,0.0,-0.19607843137254902,0.19607843137254902
21,3,54,0.037037037037037035,0.037037037037037035,0.037037037037037035
21,4,49,0.0,0.0,0.22448979591836735
21,5,53,0.05660377358490566,0.03773584905660378,0.09433962264150943
21,6,52,0.0,0.0,0.09615384615384616
21,7,58,0.25862068965517243,0.25862068965517243,0.017241379310344807
21,8,62,0.0,-0.22580645161290322,0.22580645161290322
21,9,66,0.0,-0.015151515151515152,0.07575757575757576
21,10,71,0.028169014084507043,0.0,0.01408450704225352
21,11,68,0.10294117647058823,0.014705882352941166,0.04411764705882354
21,12,54,0.0,-0.07407407407407407,0.09259259259259259
21,13,66,0.10606060606060606,0.06060606060606061,0.0
21,14,60,0.016666666666666666,-0.016666666666666666,0.1
21,15,54,0.16666666666666666,0.1111111111111111,0.0
21,16,71,0.0,-0.014084507042253521,0.056338028169014086
21,17,60,0.0,-0.016666666666666666,0.06666666666666667
21,18,66,0.15151515151515152,,
21,19,52,0.057692307692307696,,
21,20,92,0.010869565217391304,,
21,21,55,0.21818181818181817,,
21,22,57,0.21052631578947367,,
21,23,46,0.6086956521739131,,
21,24,48,0.2916666666666667,,
21,25,81,0.07407407407407407,,
21,26,73,0.0958904109589041,,
22,0,51,0.058823529411764705,0.058823529411764705,0.4313725490196078
22,1,45,0.1111111111111111,0.06666666666666665,0.35555555555555557
22,2,51,0.0196078431372549,-0.1764705882352941,0.1764705882352941
22,3,54,0.018518518518518517,0.018518518518518517,0.05555555555555555
22,4,49,0.0,0.0,0.22448979591836735
22,5,53,0.1509433962264151,0.1320754716981132,0.0
22,6,52,0.0,0.0,0.09615384615384616
22,7,58,0.017241379310344827,0.017241379310344827,0.25862068965517243
22,8,62,0.04838709677419355,-0.1774193548387097,0.1774193548387097
22,9,66,0.030303030303030304,0.015151515151515152,0.045454545454545456
22,10,71,0.0,-0.028169014084507043,0.04225352112676056
22,11,68,0.014705882352941176,-0.07352941176470588,0.1323529411764706
22,12,54,0.037037037037037035,-0.037037037037037035,0.05555555555555555
22,13,66,0.015151515151515152,-0.030303030303030304,0.09090909090909091
22,14,60,0.0,-0.03333333333333333,0.11666666666666667
22,15,54,0.0,-0.05555555555555555,0.16666666666666666
22,16,71,0.028169014084507043,0.014084507042253521,0.028169014084507043
22,17,60,0.016666666666666666,0.0,0.05
22,18,66,0.5,0.3484848484848485,0.0
22,19,52,0.38461538461538464,0.3269230769230769,0.0
22,20,92,0.0,-0.010869565217391304,0.010869565217391304
22,21,55,0.0,-0.21818181818181817,0.21818181818181817
22,22,57,0.017543859649122806,-0.19298245614035087,0.19298245614035087
22,23,46,0.021739130434782608,-0.5869565217391305,0.5869565217391305
22,24,48,0.0,-0.2916666666666667,0.2916666666666667
22,25,81,0.07407407407407407,0.0,0.0
22,26,73,0.0958904109589041,0.0,0.0
23,0,51,0.0784313725490196,0.0784313725490196,0.4117647058823529
23,1,45,0.0,-0.044444444444444446,0.4666666666666667
23,2,51,0.0,-0.19607843137254902,0.19607843137254902
23,3,54,0.0,0.0,0.07407407407407407
23,4,49,0.04081632653061224,0.04081632653061224,0.1836734693877551
23,5,53,0.05660377358490566,0.03773584905660378,0.09433962264150943
23,6,52,0.0,0.0,0.09615384615384616
23,7,58,0.27586206896551724,0.27586206896551724,0.0
23,8,62,0.016129032258064516,-0.2096774193548387,0.2096774193548387
23,9,66,0.015151515151515152,0.0,0.06060606060606061
23,10,71,0.04225352112676056,0.01408450704225352,0.0
23,11,68,0.16176470588235295,0.07352941176470588,0.0
23,12,54,0.0,-0.07407407407407407,0.09259259259259259
23,13,66,0.045454545454545456,0.0,0.06060606060606061
23,14,60,0.0,-0.03333333333333333,0.11666666666666667
23,15,54,0.16666666666666666,0.1111111111111111,0.0
23,16,71,0.0,-0.014084507042253521,0.056338028169014086
23,17,60,0.0,-0.016666666666666666,0.06666666666666667
23,18,66,0.12121212121212122,-0.030303030303030304,0.3787878787878788
23,19,52,0.057692307692307696,0.0,0.3269230769230769
23,20,92,0.0,-0.010869565217391304,0.010869565217391304
23,21,55,0.09090909090909091,-0.12727272727272726,0.12727272727272726
23,22,57,0.2631578947368421,0.05263157894736842,0.0
23,23,46,0.6956521739130435,0.08695652173913038,0.0
23,24,48,0.14583333333333334,-0.14583333333333334,0.14583333333333334
23,25,81,0.024691358024691357,-0.04938271604938271,0.04938271604938271
23,26,73,0.1232876712328767,0.0273972602739726,0.0
24,0,51,0.0196078431372549,0.0196078431372549,0.47058823529411764
24,1,45,0.022222222222222223,-0.022222222222222223,0.4444444444444445
24,2,51,0.0392156862745098,-0.1568627450980392,0.1568627450980392
24,3,54,0.037037037037037035,0.037037037037037035,0.037037037037037035
24,4,49,0.02040816326530612,0.02040816326530612,0.20408163265306123
24,5,53,0.11320754716981132,0.09433962264150944,0.037735849056603765
24,6,52,0.0,0.0,0.09615384615384616
24,7,58,0.017241379310344827,0.017241379310344827,0.25862068965517243
24,8,62,0.0,-0.22580645161290322,0.22580645161290322
24,9,66,0.21212121212121213,0.19696969696969696,0.0
24,10,71,0.0,-0.028169014084507043,0.04225352112676056
24,11,68,0.0,-0.08823529411764706,0.16176470588235295
24,12,54,0.0,-0.07407407407407407,0.09259259259259259
24,13,66,0.045454545454545456,0.0,0.06060606060606061
24,14,60,0.0,-0.03333333333333333,0.11666666666666667
24,15,54,0.0,-0.05555555555555555,0.16666666666666666
24,16,71,0.0,-0.014084507042253521,0.056338028169014086
24,17,60,0.016666666666666666,0.0,0.05
24,18,66,0.5757575757575758,0.4242424242424243,0.0
24,19,52,0.5192307692307693,0.46153846153846156,0.0
24,20,92,0.0,-0.010869565217391304,0.010869565217391304
24,21,55,0.0,-0.21818181818181817,0.21818181818181817
24,22,57,0.0,-0.21052631578947367,0.2631578947368421
24,23,46,0.0,-0.6086956521739131,0.6956521739130435
24,24,48,0.0,-0.2916666666666667,0.2916666666666667
24,25,81,0.07407407407407407,0.0,0.0
24,26,73,0.1506849315068493,0.0547945205479452,0.0
25,0,51,0.0784313725490196,0.0784313725490196,0.4117647058823529
25,1,45,0.0,-0.044444444444444446,0.4666666666666667
25,2,51,0.0,-0.19607843137254902,0.19607843137254902
25,3,54,0.037037037037037035,0.037037037037037035,0.037037037037037035
25,4,49,0.10204081632653061,0.10204081632653061,0.12244897959183673
25,5,53,0.05660377358490566,0.03773584905660378,0.09433962264150943
25,6,52,0.038461538461538464,0.038461538461538464,0.057692307692307696
25,7,58,0.08620689655172414,0.08620689655172414,0.1896551724137931
25,8,62,0.016129032258064516,-0.2096774193548387,0.2096774193548387
25,9,66,0.0,-0.015151515151515152,0.21212121212121213
25,10,71,0.04225352112676056,0.01408450704225352,0.0
25,11,68,0.08823529411764706,0.0,0.07352941176470588
25,12,54,0.037037037037037035,-0.037037037037037035,0.05555555555555555
25,13,66,0.06060606060606061,0.015151515151515152,0.045454545454545456
25,14,60,0.0,-0.03333333333333333,0.11666666666666667
25,15,54,0.3148148148148148,0.2592592592592593,0.0
25,16,71,0.0,-0.014084507042253521,0.056338028169014086
25,17,60,0.0,-0.016666666666666666,0.06666666666666667
25,18,66,0.045454545454545456,-0.10606060606060606,0.5303030303030304
25,19,52,0.038461538461538464,-0.019230769230769232,0.48076923076923084
25,20,92,0.0,-0.010869565217391304,0.010869565217391304
25,21,55,0.43636363636363634,0.21818181818181817,0.0
25,22,57,0.2807017543859649,0.07017543859649122,0.0
25,23,46,0.45652173913043476,-0.15217391304347833,0.2391304347826087
25,24,48,0.041666666666666664,-0.25,0.25
25,25,81,0.024691358024691357,-0.04938271604938271,0.04938271604938271
25,26,73,0.2191780821917808,0.1232876712328767,0.0
26,0,51,0.0196078431372549,0.0196078431372549,0.47058823529411764
26,1,45,0.0,-0.044444444444444446,0.4666666666666667
26,2,51,0.0784313725490196,-0.11764705882352941,0.11764705882352941
26,3,54,0.037037037037037035,0.037037037037037035,0.037037037037037035
26,4,49,0.02040816326530612,0.02040816326530612,0.20408163265306123
26,5,53,0.22641509433962265,0.20754716981132076,0.0
26,6,52,0.0,0.0,0.09615384615384616
26,7,58,0.1724137931034483,0.1724137931034483,0.10344827586206895
26,8,62,0.0,-0.22580645161290322,0.22580645161290322
26,9,66,0.07575757575757576,0.06060606060606061,0.13636363636363635
26,10,71,0.0,-0.028169014084507043,0.04225352112676056
26,11,68,0.029411764705882353,-0.05882352941176471,0.1323529411764706
26,12,54,0.018518518518518517,-0.05555555555555555,0.07407407407407407
26,13,66,0.045454545454545456,0.0,0.06060606060606061
26,14,60,0.0,-0.03333333333333333,0.11666666666666667
26,15,54,0.0,-0.05555555555555555,0.3148148148148148
26,16,71,0.0,-0.014084507042253521,0.056338028169014086
26,17,60,0.0,-0.016666666666666666,0.06666666666666667
26,18,66,0.8333333333333334,0.6818181818181819,0.0
26,19,52,0.25,0.1923076923076923,0.2692307692307693
26,20,92,0.0,-0.010869565217391304,0.010869565217391304
26,21,55,0.0,-0.21818181818181817,0.43636363636363634
26,22,57,0.0,-0.21052631578947367,0.2807017543859649
26,23,46,0.0,-0.6086956521739131,0.6956521739130435
26,24,48,0.0,-0.2916666666666667,0.2916666666666667
26,25,81,0.037037037037037035,-0.037037037037037035,0.037037037037037035
26,26,73,0.0821917808219178,-0.0136986301369863,0.136986301369863
27,0,51,0.0784313725490196,0.0784313725490196,0.4117647058823529
27,1,45,0.0,-0.044444444444444446,0.4666666666666667
27,2,51,0.0,-0.19607843137254902,0.19607843137254902
27,3,54,0.018518518518518517,0.018518518518518517,0.05555555555555555
27,4,49,0.14285714285714285,0.14285714285714285,0.0816326530612245
27,5,53,0.018867924528301886,0.0,0.20754716981132076
27,6,52,0.057692307692307696,0.057692307692307696,0.038461538461538464
27,7,58,0.05172413793103448,0.05172413793103448,0.22413793103448276
27,8,62,0.016129032258064516,-0.2096774193548387,0.2096774193548387
27,9,66,0.0,-0.015151515151515152,0.21212121212121213
27,10,71,0.028169014084507043,0.0,0.01408450704225352
27,11,68,0.10294117647058823,0.014705882352941166,0.05882352941176472
27,12,54,0.037037037037037035,-0.037037037037037035,0.05555555555555555
27,13,66,0.07575757575757576,0.030303030303030304,0.030303030303030304
27,14,60,0.016666666666666666,-0.016666666666666666,0.1
27,15,54,0.2777777777777778,0.22222222222222224,0.037037037037037035
27,16,71,0.0,-0.014084507042253521,0.056338028169014086
27,17,60,0.0,-0.016666666666666666,0.06666666666666667
27,18,66,0.0,-0.15151515151515152,0.8333333333333334
27,19,52,0.0,-0.057692307692307696,0.5192307692307693
27,20,92,0.0,-0.010869565217391304,0.010869565217391304
27,21,55,0.6363636363636364,0.4181818181818182,0.0
27,22,57,0.10526315789473684,-0.10526315789473684,0.17543859649122806
27,23,46,0.5,-0.10869565217391308,0.19565217391304346
27,24,48,0.020833333333333332,-0.27083333333333337,0.27083333333333337
27,25,81,0.012345679012345678,-0.06172839506172839,0.06172839506172839
27,26,73,0.2191780821917808,0.1232876712328767,0.0
28,0,51,0.0196078431372549,0.0196078431372549,0.47058823529411764
28,1,45,0.0,-0.044444444444444446,0.4666666666666667
28,2,51,0.13725490196078433,-0.05882352941176469,0.05882352941176469
28,3,54,0.037037037037037035,0.037037037037037035,0.037037037037037035
28,4,49,0.0,0.0,0.22448979591836735
28,5,53,0.2641509433962264,0.24528301886792453,0.0
28,6,52,0.0,0.0,0.09615384615384616
28,7,58,0.08620689655172414,0.08620689655172414,0.1896551724137931
28,8,62,0.0,-0.22580645161290322,0.22580645161290322
28,9,66,0.06060606060606061,0.045454545454545456,0.15151515151515152
28,10,71,0.0,-0.028169014084507043,0.04225352112676056
28,11,68,0.07352941176470588,-0.01470588235294118,0.08823529411764706
28,12,54,0.0,-0.07407407407407407,0.09259259259259259
28,13,66,0.045454545454545456,0.0,0.06060606060606061
28,14,60,0.0,-0.03333333333333333,0.11666666666666667
28,15,54,0.2777777777777778,0.22222222222222224,0.037037037037037035
28,16,71,0.0,-0.014084507042253521,0.056338028169014086
28,17,60,0.03333333333333333,0.016666666666666666,0.03333333333333333
28,18,66,0.803030303030303,0.6515151515151515,0.030303030303030387
28,19,52,0.36538461538461536,0.30769230769230765,0.1538461538461539
28,20,92,0.0,-0.010869565217391304,0.010869565217391304
28,21,55,0.0,-0.21818181818181817,0.6363636363636364
28,22,57,0.0,-0.21052631578947367,0.2807017543859649
28,23,46,0.0,-0.6086956521739131,0.6956521739130435
28,24,48,0.0,-0.2916666666666667,0.2916666666666667
28,25,81,0.012345679012345678,-0.06172839506172839,0.06172839506172839
28,26,73,0.0821917808219178,-0.0136986301369863,0.136986301369863
29,0,51,0.11764705882352941,0.11764705882352941,0.37254901960784315
29,1,45,0.022222222222222223,-0.022222222222222223,0.4444444444444445
29,2,51,0.0,-0.19607843137254902,0.19607843137254902
29,3,54,0.018518518518518517,0.018518518518518517,0.05555555555555555
29,4,49,0.08163265306122448,0.08163265306122448,0.14285714285714285
29,5,53,0.03773584905660377,0.018867924528301886,0.22641509433962265
29,6,52,0.07692307692307693,0.07692307692307693,0.019230769230769232
29,7,58,0.017241379310344827,0.017241379310344827,0.25862068965517243
29,8,62,0.0,-0.22580645161290322,0.22580645161290322
29,9,66,0.0,-0.015151515151515152,0.21212121212121213
29,10,71,0.014084507042253521,-0.014084507042253521,0.02816901408450704
29,11,68,0.07352941176470588,-0.01470588235294118,0.08823529411764706
29,12,54,0.018518518518518517,-0.05555555555555555,0.07407407407407407
29,13,66,0.06060606060606061,0.015151515151515152,0.045454545454545456
29,14,60,0.016666666666666666,-0.016666666666666666,0.1
29,15,54,0.25925925925925924,0.2037037037037037,0.05555555555555558
29,16,71,0.014084507042253521,0.0,0.04225352112676056
29,17,60,0.03333333333333333,0.016666666666666666,0.03333333333333333
29,18,66,0.06060606060606061,-0.09090909090909091,0.7727272727272727
29,19,52,0.0,-0.057692307692307696,0.5192307692307693
29,20,92,0.0,-0.010869565217391304,0.010869565217391304
29,21,55,0.6545454545454545,0.4363636363636364,0.0
29,22,57,0.10526315789473684,-0.10526315789473684,0.17543859649122806
29,23,46,0.3695652173913043,-0.23913043478260876,0.32608695652173914
29,24,48,0.020833333333333332,-0.27083333333333337,0.27083333333333337
29,25,81,0.024691358024691357,-0.04938271604938271,0.04938271604938271
29,26,73,0.2191780821917808,0.1232876712328767,0.0
30,0,51,0.0196078431372549,0.0196078431372549,0.47058823529411764
30,1,45,0.0,-0.044444444444444446,0.4666666666666667
30,2,51,0.13725490196078433,-0.05882352941176469,0.05882352941176469
30,3,54,0.037037037037037035,0.037037037037037035,0.037037037037037035
30,4,49,0.0,0.0,0.22448979591836735
30,5,53,0.09433962264150944,0.07547169811320756,0.16981132075471697
30,6,52,0.0,0.0,0.09615384615384616
30,7,58,0.25862068965517243,0.25862068965517243,0.017241379310344807
30,8,62,0.04838709677419355,-0.1774193548387097,0.1774193548387097
30,9,66,0.045454545454545456,0.030303030303030304,0.16666666666666669
30,10,71,0.0,-0.028169014084507043,0.04225352112676056
30,11,68,0.07352941176470588,-0.01470588235294118,0.08823529411764706
30,12,54,0.018518518518518517,-0.05555555555555555,0.07407407407407407
30,13,66,0.07575757575757576,0.030303030303030304,0.030303030303030304
30,14,60,0.016666666666666666,-0.016666666666666666,0.1
30,15,54,0.24074074074074073,0.18518518518518517,0.0740740740740741
30,16,71,0.028169014084507043,0.014084507042253521,0.028169014084507043
30,17,60,0.11666666666666667,0.1,0.0
30,18,66,0.7727272727272727,0.6212121212121212,0.06060606060606066
30,19,52,0.19230769230769232,0.13461538461538464,0.326923076923077
30,20,92,0.0,-0.010869565217391304,0.010869565217391304
30,21,55,0.0,-0.21818181818181817,0.6545454545454545
30,22,57,0.0,-0.21052631578947367,0.2807017543859649
30,23,46,0.021739130434782608,-0.5869565217391305,0.6739130434782609
30,24,48,0.0,-0.2916666666666667,0.2916666666666667
30,25,81,0.037037037037037035,-0.037037037037037035,0.037037037037037035
30,26,73,0.0821917808219178,-0.0136986301369863,0.136986301369863
31,0,51,0.09803921568627451,0.09803921568627451,0.39215686274509803
31,1,45,0.022222222222222223,-0.022222222222222223,0.4444444444444445
31,2,51,0.0,-0.19607843137254902,0.19607843137254902
31,3,54,0.037037037037037035,0.037037037037037035,0.037037037037037035
31,4,49,0.14285714285714285,0.14285714285714285,0.0816326530612245
31,5,53,0.05660377358490566,0.03773584905660378,0.20754716981132076
31,6,52,0.07692307692307693,0.07692307692307693,0.019230769230769232
31,7,58,0.06896551724137931,0.06896551724137931,0.20689655172413793
31,8,62,0.08064516129032258,-0.14516129032258063,0.14516129032258063
31,9,66,0.015151515151515152,0.0,0.19696969696969696
31,10,71,0.028169014084507043,0.0,0.01408450704225352
31,11,68,0.04411764705882353,-0.04411764705882353,0.11764705882352941
31,12,54,0.018518518518518517,-0.05555555555555555,0.07407407407407407
31,13,66,0.09090909090909091,0.045454545454545456,0.015151515151515152
31,14,60,0.0,-0.03333333333333333,0.11666666666666667
31,15,54,0.37037037037037035,0.31481481481481477,0.0
31,16,71,0.0,-0.014084507042253521,0.056338028169014086
31,17,60,0.016666666666666666,0.0,0.1
31,18,66,0.10606060606060606,-0.045454545454545456,0.7272727272727273
31,19,52,0.038461538461538464,-0.019230769230769232,0.48076923076923084
31,20,92,0.0,-0.010869565217391304,0.010869565217391304
31,21,55,0.5454545454545454,0.32727272727272727,0.10909090909090913
31,22,57,0.38596491228070173,0.17543859649122806,0.0
31,23,46,0.5,-0.10869565217391308,0.19565217391304346
31,24,48,0.1875,-0.10416666666666669,0.10416666666666669
31,25,81,0.024691358024691357,-0.04938271604938271,0.04938271604938271
31,26,73,0.2054794520547945,0.1095890410958904,0.0136986301369863
32,0,51,0.0392156862745098,0.0392156862745098,0.4509803921568627
32,1,45,0.022222222222222223,-0.022222222222222223,0.4444444444444445
32,2,51,0.0784313725490196,-0.11764705882352941,0.11764705882352941
32,3,54,0.05555555555555555,0.05555555555555555,0.018518518518518517
32,4,49,0.0,0.0,0.22448979591836735
32,5,53,0.09433962264150944,0.07547169811320756,0.16981132075471697
32,6,52,0.0,0.0,0.09615384615384616
32,7,58,0.22413793103448276,0.22413793103448276,0.051724137931034475
32,8,62,0.03225806451612903,-0.1935483870967742,0.1935483870967742
32,9,66,0.030303030303030304,0.015151515151515152,0.18181818181818182
32,10,71,0.0,-0.028169014084507043,0.04225352112676056
32,11,68,0.058823529411764705,-0.02941176470588236,0.10294117647058824
32,12,54,0.0,-0.07407407407407407,0.09259259259259259
32,13,66,0.10606060606060606,0.06060606060606061,0.0
32,14,60,0.016666666666666666,-0.016666666666666666,0.1
32,15,54,0.3333333333333333,0.2777777777777778,0.037037037037037035
32,16,71,0.04225352112676056,0.02816901408450704,0.014084507042253523
32,17,60,0.1,0.08333333333333334,0.016666666666666663
32,18,66,0.7575757575757576,0.6060606060606061,0.0757575757575758
32,19,52,0.3269230769230769,0.2692307692307692,0.19230769230769235
32,20,92,0.010869565217391304,0.0,0.0
32,21,55,0.0,-0.21818181818181817,0.6545454545454545
32,22,57,0.017543859649122806,-0.19298245614035087,0.3684210526315789
32,23,46,0.10869565217391304,-0.5,0.5869565217391304
32,24,48,0.020833333333333332,-0.27083333333333337,0.27083333333333337
32,25,81,0.07407407407407407,0.0,0.0
32,26,73,0.1232876712328767,0.0273972602739726,0.0958904109589041
33,0,51,0.0784313725490196,0.0784313725490196,0.4117647058823529
33,1,45,0.0,-0.044444444444444446,0.4666666666666667
33,2,51,0.0,-0.19607843137254902,0.19607843137254902
33,3,54,0.037037037037037035,0.037037037037037035,0.037037037037037035
33,4,49,0.12244897959183673,0.12244897959183673,0.10204081632653061
33,5,53,0.09433962264150944,0.07547169811320756,0.16981132075471697
33,6,52,0.019230769230769232,0.019230769230769232,0.07692307692307693
33,7,58,0.06896551724137931,0.06896551724137931,0.20689655172413793
33,8,62,0.08064516129032258,-0.14516129032258063,0.14516129032258063
33,9,66,0.015151515151515152,0.0,0.19696969696969696
33,10,71,0.04225352112676056,0.01408450704225352,0.0
33,11,68,0.07352941176470588,-0.01470588235294118,0.08823529411764706
33,12,54,0.018518518518518517,-0.05555555555555555,0.07407407407407407
33,13,66,0.09090909090909091,0.045454545454545456,0.015151515151515152
33,14,60,0.0,-0.03333333333333333,0.11666666666666667
33,15,54,0.48148148148148145,0.42592592592592593,0.0
33,16,71,0.014084507042253521,0.0,0.04225352112676056
33,17,60,0.0,-0.016666666666666666,0.11666666666666667
33,18,66,0.06060606060606061,-0.09090909090909091,0.7727272727272727
33,19,52,0.057692307692307696,0.0,0.46153846153846156
33,20,92,0.0,-0.010869565217391304,0.010869565217391304
33,21,55,0.43636363636363634,0.21818181818181817,0.2181818181818182
33,22,57,0.40350877192982454,0.19298245614035087,0.0
33,23,46,0.391304347826087,-0.2173913043478261,0.3043478260869565
33,24,48,0.375,0.08333333333333331,0.0
33,25,81,0.012345679012345678,-0.06172839506172839,0.06172839506172839
33,26,73,0.2054794520547945,0.1095890410958904,0.0136986301369863
34,0,51,0.09803921568627451,0.09803921568627451,0.39215686274509803
34,1,45,0.044444444444444446,0.0,0.4222222222222222
34,2,51,0.0196078431372549,-0.1764705882352941,0.1764705882352941
34,3,54,0.018518518518518517,0.018518518518518517,0.05555555555555555
34,4,49,0.04081632653061224,0.04081632653061224,0.1836734693877551
34,5,53,0.1320754716981132,0.11320754716981132,0.1320754716981132
34,6,52,0.0,0.0,0.09615384615384616
34,7,58,0.15517241379310345,0.15517241379310345,0.12068965517241378
34,8,62,0.03225806451612903,-0.1935483870967742,0.1935483870967742
34,9,66,0.18181818181818182,0.16666666666666669,0.030303030303030304
34,10,71,0.0,-0.028169014084507043,0.04225352112676056
34,11,68,0.04411764705882353,-0.04411764705882353,0.11764705882352941
34,12,54,0.0,-0.07407407407407407,0.09259259259259259
34,13,66,0.015151515151515152,-0.030303030303030304,0.09090909090909091
34,14,60,0.0,-0.03333333333333333,0.11666666666666667
34,15,54,0.14814814814814814,0.09259259259259259,0.3333333333333333
34,16,71,0.0,-0.014084507042253521,0.056338028169014086
34,17,60,0.03333333333333333,0.016666666666666666,0.08333333333333334
34,18,66,0.45454545454545453,0.303030303030303,0.37878787878787884
34,19,52,0.28846153846153844,0.23076923076923073,0.23076923076923084
34,20,92,0.0,-0.010869565217391304,0.010869565217391304
34,21,55,0.03636363636363636,-0.18181818181818182,0.6181818181818182
34,22,57,0.03508771929824561,-0.17543859649122806,0.3684210526315789
34,23,46,0.043478260869565216,-0.5652173913043479,0.6521739130434783
34,24,48,0.0,-0.2916666666666667,0.375
34,25,81,0.08641975308641975,0.012345679012345678,0.0
34,26,73,0.2328767123287671,0.136986301369863,0.0
35,0,51,0.058823529411764705,0.058823529411764705,0.4313725490196078
35,1,45,0.0,-0.044444444444444446,0.4666666666666667
35,2,51,0.0,-0.19607843137254902,0.19607843137254902
35,3,54,0.0,0.0,0.07407407407407407
35,4,49,0.0,0.0,0.22448979591836735
35,5,53,0.05660377358490566,0.03773584905660378,0.20754716981132076
35,6,52,0.07692307692307693,0.07692307692307693,0.019230769230769232
35,7,58,0.08620689655172414,0.08620689655172414,0.1896551724137931
35,8,62,0.03225806451612903,-0.1935483870967742,0.1935483870967742
35,9,66,0.015151515151515152,0.0,0.19696969696969696
35,10,71,0.04225352112676056,0.01408450704225352,0.0
35,11,68,0.014705882352941176,-0.07352941176470588,0.14705882352941177
35,12,54,0.0,-0.07407407407407407,0.09259259259259259
35,13,66,0.10606060606060606,0.06060606060606061,0.0
35,14,60,0.016666666666666666,-0.016666666666666666,0.1
35,15,54,0.5,0.4444444444444444,0.0
35,16,71,0.0,-0.014084507042253521,0.056338028169014086
35,17,60,0.0,-0.016666666666666666,0.11666666666666667
35,18,66,0.06060606060606061,-0.09090909090909091,0.7727272727272727
35,19,52,0.057692307692307696,0.0,0.46153846153846156
35,20,92,0.0,-0.010869565217391304,0.010869565217391304
35,21,55,0.41818181818181815,0.19999999999999998,0.2363636363636364
35,22,57,0.40350877192982454,0.19298245614035087,0.0
35,23,46,0.2826086956521739,-0.3260869565217392,0.41304347826086957
35,24,48,0.375,0.08333333333333331,0.0
35,25,81,0.012345679012345678,-0.06172839506172839,0.07407407407407407
35,26,73,0.3424657534246575,0.2465753424657534,0.0
36,0,51,0.09803921568627451,0.09803921568627451,0.39215686274509803
36,1,45,0.044444444444444446,0.0,0.4222222222222222
36,2,51,0.0784313725490196,-0.11764705882352941,0.11764705882352941
36,3,54,0.0,0.0,0.07407407407407407
36,4,49,0.02040816326530612,0.02040816326530612,0.20408163265306123
36,5,53,0.11320754716981132,0.09433962264150944,0.1509433962264151
36,6,52,0.0,0.0,0.09615384615384616
36,7,58,0.13793103448275862,0.13793103448275862,0.13793103448275862
36,8,62,0.03225806451612903,-0.1935483870967742,0.1935483870967742
36,9,66,0.16666666666666666,0.1515151515151515,0.04545454545454547
36,10,71,0.0,-0.028169014084507043,0.04225352112676056
36,11,68,0.014705882352941176,-0.07352941176470588,0.14705882352941177
36,12,54,0.0,-0.07407407407407407,0.09259259259259259
36,13,66,0.045454545454545456,0.0,0.06060606060606061
36,14,60,0.016666666666666666,-0.016666666666666666,0.1
36,15,54,0.2037037037037037,0.14814814814814814,0.2962962962962963
36,16,71,0.014084507042253521,0.0,0.04225352112676056
36,17,60,0.03333333333333333,0.016666666666666666,0.08333333333333334
36,18,66,0.48484848484848486,0.33333333333333337,0.3484848484848485
36,19,52,0.4423076923076923,0.3846153846153846,0.07692307692307698
36,20,92,0.0,-0.010869565217391304,0.010869565217391304
36,21,55,0.07272727272727272,-0.14545454545454545,0.5818181818181818
36,22,57,0.07017543859649122,-0.14035087719298245,0.3333333333333333
36,23,46,0.08695652173913043,-0.5217391304347827,0.6086956521739131
36,24,48,0.0,-0.2916666666666667,0.375
36,25,81,0.09876543209876543,0.024691358024691357,0.0
36,26,73,0.273972602739726,0.1780821917808219,0.0684931506849315
37,0,51,0.0784313725490196,0.0784313725490196,0.4117647058823529
37,1,45,0.0,-0.044444444444444446,0.4666666666666667
37,2,51,0.0,-0.19607843137254902,0.19607843137254902
37,3,54,0.018518518518518517,0.018518518518518517,0.05555555555555555
37,4,49,0.02040816326530612,0.02040816326530612,0.20408163265306123
37,5,53,0.05660377358490566,0.03773584905660378,0.20754716981132076
37,6,52,0.09615384615384616,0.09615384615384616,0.0
37,7,58,0.08620689655172414,0.08620689655172414,0.1896551724137931
37,8,62,0.11290322580645161,-0.11290322580645161,0.11290322580645161
37,9,66,0.015151515151515152,0.0,0.19696969696969696
37,10,71,0.04225352112676056,0.01408450704225352,0.0
37,11,68,0.04411764705882353,-0.04411764705882353,0.11764705882352941
37,12,54,0.0,-0.07407407407407407,0.09259259259259259
37,13,66,0.09090909090909091,0.045454545454545456,0.015151515151515152
37,14,60,0.0,-0.03333333333333333,0.11666666666666667
37,15,54,0.48148148148148145,0.42592592592592593,0.018518518518518545
37,16,71,0.014084507042253521,0.0,0.04225352112676056
37,17,60,0.0,-0.016666666666666666,0.11666666666666667
37,18,66,0.045454545454545456,-0.10606060606060606,0.787878787878788
37,19,52,0.11538461538461539,0.057692307692307696,0.40384615384615385
37,20,92,0.0,-0.010869565217391304,0.010869565217391304
37,21,55,0.43636363636363634,0.21818181818181817,0.2181818181818182
37,22,57,0.45614035087719296,0.24561403508771928,0.0
37,23,46,0.2608695652173913,-0.3478260869565218,0.43478260869565216
37,24,48,0.3125,0.020833333333333315,0.0625
37,25,81,0.012345679012345678,-0.06172839506172839,0.08641975308641975
37,26,73,0.3561643835616438,0.2602739726027397,0.0
38,0,51,0.0392156862745098,0.0392156862745098,0.4509803921568627
38,1,45,0.0,-0.044444444444444446,0.4666666666666667
38,2,51,0.13725490196078433,-0.05882352941176469,0.05882352941176469
38,3,54,0.07407407407407407,0.07407407407407407,0.0
38,4,49,0.0,0.0,0.22448979591836735
38,5,53,0.1509433962264151,0.1320754716981132,0.11320754716981132
38,6,52,0.038461538461538464,0.038461538461538464,0.057692307692307696
38,7,58,0.08620689655172414,0.08620689655172414,0.1896551724137931
38,8,62,0.06451612903225806,-0.16129032258064516,0.16129032258064516
38,9,66,0.22727272727272727,0.2121212121212121,0.0
38,10,71,0.0,-0.028169014084507043,0.04225352112676056
38,11,68,0.014705882352941176,-0.07352941176470588,0.14705882352941177
38,12,54,0.0,-0.07407407407407407,0.09259259259259259
38,13,66,0.045454545454545456,0.0,0.06060606060606061
38,14,60,0.0,-0.03333333333333333,0.11666666666666667
38,15,54,0.3333333333333333,0.2777777777777778,0.16666666666666669
38,16,71,0.028169014084507043,0.014084507042253521,0.028169014084507043
38,17,60,0.0,-0.016666666666666666,0.11666666666666667
38,18,66,0.5757575757575758,0.4242424242424243,0.25757575757575757
38,19,52,0.25,0.1923076923076923,0.2692307692307693
38,20,92,0.010869565217391304,0.0,0.0
38,21,55,0.01818181818181818,-0.19999999999999998,0.6363636363636364
38,22,57,0.017543859649122806,-0.19298245614035087,0.43859649122807015
38,23,46,0.10869565217391304,-0.5,0.5869565217391304
38,24,48,0.0,-0.2916666666666667,0.375
38,25,81,0.037037037037037035,-0.037037037037037035,0.06172839506172839
38,26,73,0.1506849315068493,0.0547945205479452,0.2054794520547945
39,0,51,0.0392156862745098,0.0392156862745098,0.4509803921568627
39,1,45,0.022222222222222223,-0.022222222222222223,0.4444444444444445
39,2,51,0.0,-0.19607843137254902,0.19607843137254902
39,3,54,0.07407407407407407,0.07407407407407407,0.0
39,4,49,0.1836734693877551,0.1836734693877551,0.040816326530612235
39,5,53,0.05660377358490566,0.03773584905660378,0.20754716981132076
39,6,52,0.07692307692307693,0.07692307692307693,0.019230769230769232
39,7,58,0.034482758620689655,0.034482758620689655,0.24137931034482757
39,8,62,0.03225806451612903,-0.1935483870967742,0.1935483870967742
39,9,66,0.045454545454545456,0.030303030303030304,0.18181818181818182
39,10,71,0.04225352112676056,0.01408450704225352,0.0
39,11,68,0.029411764705882353,-0.05882352941176471,0.1323529411764706
39,12,54,0.07407407407407407,0.0,0.018518518518518517
39,13,66,0.07575757575757576,0.030303030303030304,0.030303030303030304
39,14,60,0.1,0.06666666666666668,0.016666666666666663
39,15,54,0.42592592592592593,0.37037037037037035,0.07407407407407407
39,16,71,0.014084507042253521,0.0,0.04225352112676056
39,17,60,0.016666666666666666,0.0,0.1
39,18,66,0.045454545454545456,-0.10606060606060606,0.787878787878788
39,19,52,0.0,-0.057692307692307696,0.5192307692307693
39,20,92,0.0,-0.010869565217391304,0.010869565217391304
39,21,55,0.6545454545454545,0.4363636363636364,0.0
39,22,57,0.2631578947368421,0.05263157894736842,0.19298245614035087
39,23,46,0.13043478260869565,-0.4782608695652174,0.5652173913043478
39,24,48,0.125,-0.16666666666666669,0.25
39,25,81,0.07407407407407407,0.0,0.024691358024691357
39,26,73,0.410958904109589,0.3150684931506849,0.0
40,0,51,0.0784313725490196,0.0784313725490196,0.4117647058823529
40,1,45,0.0,-0.044444444444444446,0.4666666666666667
40,2,51,0.13725490196078433,-0.05882352941176469,0.05882352941176469
40,3,54,0.05555555555555555,0.05555555555555555,0.018518518518518517
40,4,49,0.0,0.0,0.22448979591836735
40,5,53,0.18867924528301888,0.169811320754717,0.07547169811320753
40,6,52,0.019230769230769232,0.019230769230769232,0.07692307692307693
40,7,58,0.1206896551724138,0.1206896551724138,0.15517241379310343
40,8,62,0.0967741935483871,-0.12903225806451613,0.12903225806451613
40,9,66,0.045454545454545456,0.030303030303030304,0.18181818181818182
40,10,71,0.0,-0.028169014084507043,0.04225352112676056
40,11,68,0.07352941176470588,-0.01470588235294118,0.08823529411764706
40,12,54,0.018518518518518517,-0.05555555555555555,0.07407407407407407
40,13,66,0.07575757575757576,0.030303030303030304,0.030303030303030304
40,14,60,0.016666666666666666,-0.016666666666666666,0.1
40,15,54,0.2222222222222222,0.16666666666666666,0.2777777777777778
40,16,71,0.04225352112676056,0.02816901408450704,0.014084507042253523
40,17,60,0.08333333333333333,0.06666666666666667,0.03333333333333334
40,18,66,0.4696969696969697,0.31818181818181823,0.36363636363636365
40,19,52,0.21153846153846154,0.15384615384615385,0.3076923076923077
40,20,92,0.021739130434782608,0.010869565217391304,0.0
40,21,55,0.01818181818181818,-0.19999999999999998,0.6363636363636364
40,22,57,0.03508771929824561,-0.17543859649122806,0.42105263157894735
40,23,46,0.21739130434782608,-0.39130434782608703,0.4782608695652174
40,24,48,0.22916666666666666,-0.06250000000000003,0.14583333333333334
40,25,81,0.04938271604938271,-0.024691358024691357,0.04938271604938271
40,26,73,0.1506849315068493,0.0547945205479452,0.2602739726027397
41,0,51,0.058823529411764705,0.058823529411764705,0.4313725490196078
41,1,45,0.0,-0.044444444444444446,0.4666666666666667
41,2,51,0.0196078431372549,-0.1764705882352941,0.1764705882352941
41,3,54,0.018518518518518517,0.018518518518518517,0.05555555555555555
41,4,49,0.14285714285714285,0.14285714285714285,0.0816326530612245
41,5,53,0.09433962264150944,0.07547169811320756,0.16981132075471697
41,6,52,0.1346153846153846,0.1346153846153846,0.0
41,7,58,0.05172413793103448,0.05172413793103448,0.22413793103448276
41,8,62,0.06451612903225806,-0.16129032258064516,0.16129032258064516
41,9,66,0.045454545454545456,0.030303030303030304,0.18181818181818182
41,10,71,0.028169014084507043,0.0,0.01408450704225352
41,11,68,0.029411764705882353,-0.05882352941176471,0.1323529411764706
41,12,54,0.05555555555555555,-0.018518518518518517,0.037037037037037035
41,13,66,0.045454545454545456,0.0,0.06060606060606061
41,14,60,0.1,0.06666666666666668,0.016666666666666663
41,15,54,0.3888888888888889,0.33333333333333337,0.1111111111111111
41,16,71,0.014084507042253521,0.0,0.04225352112676056
41,17,60,0.016666666666666666,0.0,0.1
41,18,66,0.09090909090909091,-0.06060606060606061,0.7424242424242424
41,19,52,0.0,-0.057692307692307696,0.5192307692307693
41,20,92,0.0,-0.010869565217391304,0.021739130434782608
41,21,55,0.6,0.38181818181818183,0.054545454545454564
41,22,57,0.38596491228070173,0.17543859649122806,0.07017543859649122
41,23,46,0.13043478260869565,-0.4782608695652174,0.5652173913043478
41,24,48,0.22916666666666666,-0.06250000000000003,0.14583333333333334
41,25,81,0.07407407407407407,0.0,0.024691358024691357
41,26,73,0.410958904109589,0.3150684931506849,0.0
42,0,51,0.0784313725490196,0.0784313725490196,0.4117647058823529
42,1,45,0.0,-0.044444444444444446,0.4666666666666667
42,2,51,0.1568627450980392,-0.0392156862745098,0.0392156862745098
42,3,54,0.037037037037037035,0.037037037037037035,0.037037037037037035
42,4,49,0.0,0.0,0.22448979591836735
42,5,53,0.22641509433962265,0.20754716981132076,0.037735849056603765
42,6,52,0.0,0.0,0.1346153846153846
42,7,58,0.27586206896551724,0.27586206896551724,0.0
42,8,62,0.03225806451612903,-0.1935483870967742,0.1935483870967742
42,9,66,0.13636363636363635,0.1212121212121212,0.09090909090909091
42,10,71,0.0,-0.028169014084507043,0.04225352112676056
42,11,68,0.07352941176470588,-0.01470588235294118,0.08823529411764706
42,12,54,0.07407407407407407,0.0,0.018518518518518517
42,13,66,0.09090909090909091,0.045454545454545456,0.015151515151515152
42,14,60,0.016666666666666666,-0.016666666666666666,0.1
42,15,54,0.24074074074074073,0.18518518518518517,0.2592592592592593
42,16,71,0.028169014084507043,0.014084507042253521,0.028169014084507043
42,17,60,0.08333333333333333,0.06666666666666667,0.03333333333333334
42,18,66,0.3939393939393939,0.2424242424242424,0.43939393939393945
42,19,52,0.07692307692307693,0.019230769230769232,0.44230769230769235
42,20,92,0.021739130434782608,0.010869565217391304,0.0
42,21,55,0.01818181818181818,-0.19999999999999998,0.6363636363636364
42,22,57,0.0,-0.21052631578947367,0.45614035087719296
42,23,46,0.08695652173913043,-0.5217391304347827,0.6086956521739131
42,24,48,0.2916666666666667,0.0,0.08333333333333331
42,25,81,0.08641975308641975,0.012345679012345678,0.012345679012345678
42,26,73,0.1506849315068493,0.0547945205479452,0.2602739726027397
43,0,51,0.0392156862745098,0.0392156862745098,0.4509803921568627
43,1,45,0.0,-0.044444444444444446,0.4666666666666667
43,2,51,0.0,-0.19607843137254902,0.19607843137254902
43,3,54,0.018518518518518517,0.018518518518518517,0.05555555555555555
43,4,49,0.16326530612244897,0.16326530612244897,0.06122448979591838
43,5,53,0.09433962264150944,0.07547169811320756,0.16981132075471697
43,6,52,0.07692307692307693,0.07692307692307693,0.05769230769230768
43,7,58,0.08620689655172414,0.08620689655172414,0.1896551724137931
43,8,62,0.08064516129032258,-0.14516129032258063,0.14516129032258063
43,9,66,0.06060606060606061,0.045454545454545456,0.16666666666666666
43,10,71,0.04225352112676056,0.01408450704225352,0.0
43,11,68,0.04411764705882353,-0.04411764705882353,0.11764705882352941
43,12,54,0.09259259259259259,0.018518518518518517,0.0
43,13,66,0.015151515151515152,-0.030303030303030304,0.09090909090909091
43,14,60,0.11666666666666667,0.08333333333333334,0.0
43,15,54,0.42592592592592593,0.37037037037037035,0.07407407407407407
43,16,71,0.014084507042253521,0.0,0.04225352112676056
43,17,60,0.03333333333333333,0.016666666666666666,0.08333333333333334
43,18,66,0.13636363636363635,-0.015151515151515166,0.696969696969697
43,19,52,0.019230769230769232,-0.038461538461538464,0.5
43,20,92,0.0,-0.010869565217391304,0.021739130434782608
43,21,55,0.4909090909090909,0.2727272727272727,0.16363636363636364
43,22,57,0.49122807017543857,0.2807017543859649,0.0
43,23,46,0.2391304347826087,-0.3695652173913044,0.45652173913043476
43,24,48,0.2708333333333333,-0.02083333333333337,0.10416666666666669
43,25,81,0.04938271604938271,-0.024691358024691357,0.04938271604938271
43,26,73,0.3424657534246575,0.2465753424657534,0.0684931506849315
44,0,51,0.058823529411764705,0.058823529411764705,0.4313725490196078
44,1,45,0.0,-0.044444444444444446,0.4666666666666667
44,2,51,0.1568627450980392,-0.0392156862745098,0.0392156862745098
44,3,54,0.0,0.0,0.07407407407407407
44,4,49,0.0,0.0,0.22448979591836735
44,5,53,0.3018867924528302,0.2830188679245283,0.0
44,6,52,0.0,0.0,0.1346153846153846
44,7,58,0.27586206896551724,0.27586206896551724,0.0
44,8,62,0.1774193548387097,-0.04838709677419353,0.04838709677419353
44,9,66,0.18181818181818182,0.16666666666666669,0.04545454545454544
44,10,71,0.0,-0.028169014084507043,0.04225352112676056
44,11,68,0.029411764705882353,-0.05882352941176471,0.1323529411764706
44,12,54,0.09259259259259259,0.018518518518518517,0.0
44,13,66,0.030303030303030304,-0.015151515151515152,0.07575757575757576
44,14,60,0.03333333333333333,0.0,0.08333333333333334
44,15,54,0.35185185185185186,0.2962962962962963,0.14814814814814814
44,16,71,0.04225352112676056,0.02816901408450704,0.014084507042253523
44,17,60,0.05,0.03333333333333334,0.06666666666666667
44,18,66,0.3939393939393939,0.2424242424242424,0.43939393939393945
44,19,52,0.17307692307692307,0.11538461538461538,0.3461538461538462
44,20,92,0.010869565217391304,0.0,0.010869565217391304
44,21,55,0.05454545454545454,-0.16363636363636364,0.6
44,22,57,0.017543859649122806,-0.19298245614035087,0.47368421052631576
44,23,46,0.021739130434782608,-0.5869565217391305,0.6739130434782609
44,24,48,0.2916666666666667,0.0,0.08333333333333331
44,25,81,0.08641975308641975,0.012345679012345678,0.012345679012345678
44,26,73,0.0958904109589041,0.0,0.3150684931506849
45,0,51,0.0392156862745098,0.0392156862745098,0.4509803921568627
45,1,45,0.022222222222222223,-0.022222222222222223,0.4444444444444445
45,2,51,0.0,-0.19607843137254902,0.19607843137254902
45,3,54,0.0,0.0,0.07407407407407407
45,4,49,0.12244897959183673,0.12244897959183673,0.10204081632653061
45,5,53,0.11320754716981132,0.09433962264150944,0.18867924528301885
45,6,52,0.11538461538461539,0.11538461538461539,0.019230769230769218
45,7,58,0.034482758620689655,0.034482758620689655,0.24137931034482757
45,8,62,0.04838709677419355,-0.1774193548387097,0.1774193548387097
45,9,66,0.045454545454545456,0.030303030303030304,0.18181818181818182
45,10,71,0.04225352112676056,0.01408450704225352,0.0
45,11,68,0.029411764705882353,-0.05882352941176471,0.1323529411764706
45,12,54,0.037037037037037035,-0.037037037037037035,0.05555555555555555
45,13,66,0.030303030303030304,-0.015151515151515152,0.07575757575757576
45,14,60,0.1,0.06666666666666668,0.016666666666666663
45,15,54,0.37037037037037035,0.31481481481481477,0.12962962962962965
45,16,71,0.0,-0.014084507042253521,0.056338028169014086
45,17,60,0.08333333333333333,0.06666666666666667,0.03333333333333334
45,18,66,0.10606060606060606,-0.045454545454545456,0.7272727272727273
45,19,52,0.019230769230769232,-0.038461538461538464,0.5
45,20,92,0.0,-0.010869565217391304,0.021739130434782608
45,21,55,0.41818181818181815,0.19999999999999998,0.2363636363636364
45,22,57,0.45614035087719296,0.24561403508771928,0.03508771929824561
45,23,46,0.5434782608695652,-0.0652173913043479,0.15217391304347827
45,24,48,0.2916666666666667,0.0,0.08333333333333331
45,25,81,0.024691358024691357,-0.04938271604938271,0.07407407407407407
45,26,73,0.1780821917808219,0.0821917808219178,0.2328767123287671
46,0,51,0.13725490196078433,0.13725490196078433,0.3529411764705882
46,1,45,0.0,-0.044444444444444446,0.4666666666666667
46,2,51,0.0392156862745098,-0.1568627450980392,0.1568627450980392
46,3,54,0.05555555555555555,0.05555555555555555,0.018518518518518517
46,4,49,0.0,0.0,0.22448979591836735
46,5,53,0.41509433962264153,0.39622641509433965,0.0
46,6,52,0.0,0.0,0.1346153846153846
46,7,58,0.20689655172413793,0.20689655172413793,0.06896551724137931
46,8,62,0.06451612903225806,-0.16129032258064516,0.16129032258064516
46,9,66,0.12121212121212122,0.10606060606060606,0.10606060606060605
46,10,71,0.0,-0.028169014084507043,0.04225352112676056
46,11,68,0.0,-0.08823529411764706,0.16176470588235295
46,12,54,0.07407407407407407,0.0,0.018518518518518517
46,13,66,0.030303030303030304,-0.015151515151515152,0.07575757575757576
46,14,60,0.05,0.01666666666666667,0.06666666666666667
46,15,54,0.12962962962962962,0.07407407407407407,0.37037037037037035
46,16,71,0.056338028169014086,0.04225352112676056,0.0
46,17,60,0.08333333333333333,0.06666666666666667,0.03333333333333334
46,18,66,0.7272727272727273,0.5757575757575758,0.10606060606060608
46,19,52,0.23076923076923078,0.17307692307692307,0.2884615384615385
46,20,92,0.010869565217391304,0.0,0.010869565217391304
46,21,55,0.0,-0.21818181818181817,0.6545454545454545
46,22,57,0.03508771929824561,-0.17543859649122806,0.45614035087719296
46,23,46,0.0,-0.6086956521739131,0.6956521739130435
46,24,48,0.2708333333333333,-0.02083333333333337,0.10416666666666669
46,25,81,0.09876543209876543,0.024691358024691357,0.0
46,26,73,0.0684931506849315,-0.0273972602739726,0.3424657534246575
47,0,51,0.0392156862745098,0.0392156862745098,0.4509803921568627
47,1,45,0.022222222222222223,-0.022222222222222223,0.4444444444444445
47,2,51,0.0196078431372549,-0.1764705882352941,0.1764705882352941
47,3,54,0.0,0.0,0.07407407407407407
47,4,49,0.16326530612244897,0.16326530612244897,0.06122448979591838
47,5,53,0.16981132075471697,0.1509433962264151,0.24528301886792456
47,6,52,0.15384615384615385,0.15384615384615385,0.0
47,7,58,0.06896551724137931,0.06896551724137931,0.20689655172413793
47,8,62,0.04838709677419355,-0.1774193548387097,0.1774193548387097
47,9,66,0.06060606060606061,0.045454545454545456,0.16666666666666666
47,10,71,0.04225352112676056,0.01408450704225352,0.0
47,11,68,0.04411764705882353,-0.04411764705882353,0.11764705882352941
47,12,54,0.037037037037037035,-0.037037037037037035,0.05555555555555555
47,13,66,0.015151515151515152,-0.030303030303030304,0.09090909090909091
47,14,60,0.1,0.06666666666666668,0.016666666666666663
47,15,54,0.3333333333333333,0.2777777777777778,0.16666666666666669
47,16,71,0.0,-0.014084507042253521,0.056338028169014086
47,17,60,0.1,0.08333333333333334,0.016666666666666663
47,18,66,0.0,-0.15151515151515152,0.8333333333333334
47,19,52,0.019230769230769232,-0.038461538461538464,0.5
47,20,92,0.0,-0.010869565217391304,0.021739130434782608
47,21,55,0.5454545454545454,0.32727272727272727,0.10909090909090913
47,22,57,0.3157894736842105,0.10526315789473684,0.17543859649122806
47,23,46,0.5,-0.10869565217391308,0.19565217391304346
47,24,48,0.2916666666666667,0.0,0.08333333333333331
47,25,81,0.06172839506172839,-0.012345679012345678,0.037037037037037035
47,26,73,0.1917808219178082,0.0958904109589041,0.2191780821917808
48,0,51,0.0196078431372549,0.0196078431372549,0.47058823529411764
48,1,45,0.0,-0.044444444444444446,0.4666666666666667
48,2,51,0.0784313725490196,-0.11764705882352941,0.11764705882352941
48,3,54,0.018518518518518517,0.018518518518518517,0.05555555555555555
48,4,49,0.0,0.0,0.22448979591836735
48,5,53,0.2830188679245283,0.2641509433962264,0.13207547169811323
48,6,52,0.0,0.0,0.15384615384615385
48,7,58,0.3448275862068966,0.3448275862068966,0.0
48,8,62,0.0967741935483871,-0.12903225806451613,0.12903225806451613
48,9,66,0.15151515151515152,0.13636363636363635,0.07575757575757575
48,10,71,0.0,-0.028169014084507043,0.04225352112676056
48,11,68,0.029411764705882353,-0.05882352941176471,0.1323529411764706
48,12,54,0.09259259259259259,0.018518518518518517,0.0
48,13,66,0.06060606060606061,0.015151515151515152,0.045454545454545456
48,14,60,0.05,0.01666666666666667,0.06666666666666667
48,15,54,0.5925925925925926,0.537037037037037,0.0
48,16,71,0.028169014084507043,0.014084507042253521,0.028169014084507043
48,17,60,0.016666666666666666,0.0,0.1
48,18,66,0.13636363636363635,-0.015151515151515166,0.696969696969697
48,19,52,0.07692307692307693,0.019230769230769232,0.44230769230769235
48,20,92,0.010869565217391304,0.0,0.010869565217391304
48,21,55,0.07272727272727272,-0.14545454545454545,0.5818181818181818
48,22,57,0.05263157894736842,-0.15789473684210525,0.43859649122807015
48,23,46,0.021739130434782608,-0.5869565217391305,0.6739130434782609
48,24,48,0.2916666666666667,0.0,0.08333333333333331
48,25,81,0.13580246913580246,0.06172839506172839,0.0
48,26,73,0.1643835616438356,0.0684931506849315,0.2465753424657534
49,0,51,0.0196078431372549,0.0196078431372549,0.47058823529411764
49,1,45,0.022222222222222223,-0.022222222222222223,0.4444444444444445
49,2,51,0.0,-0.19607843137254902,0.19607843137254902
49,3,54,0.0,0.0,0.07407407407407407
49,4,49,0.14285714285714285,0.14285714285714285,0.0816326530612245
49,5,53,0.18867924528301888,0.169811320754717,0.22641509433962265
49,6,52,0.1346153846153846,0.1346153846153846,0.019230769230769246
49,7,58,0.10344827586206896,0.10344827586206896,0.24137931034482762
49,8,62,0.08064516129032258,-0.14516129032258063,0.14516129032258063
49,9,66,0.045454545454545456,0.030303030303030304,0.18181818181818182
49,10,71,0.028169014084507043,0.0,0.01408450704225352
49,11,68,0.029411764705882353,-0.05882352941176471,0.1323529411764706
49,12,54,0.037037037037037035,-0.037037037037037035,0.05555555555555555
49,13,66,0.0,-0.045454545454545456,0.10606060606060606
49,14,60,0.08333333333333333,0.049999999999999996,0.03333333333333334
49,15,54,0.12962962962962962,0.07407407407407407,0.4629629629629629
49,16,71,0.014084507042253521,0.0,0.04225352112676056
49,17,60,0.05,0.03333333333333334,0.06666666666666667
49,18,66,0.0,-0.15151515151515152,0.8333333333333334
49,19,52,0.057692307692307696,0.0,0.46153846153846156
49,20,92,0.0,-0.010869565217391304,0.021739130434782608
49,21,55,0.5818181818181818,0.36363636363636365,0.07272727272727275
49,22,57,0.45614035087719296,0.24561403508771928,0.03508771929824561
49,23,46,0.4782608695652174,-0.13043478260869568,0.21739130434782605
49,24,48,0.14583333333333334,-0.14583333333333334,0.22916666666666666
49,25,81,0.04938271604938271,-0.024691358024691357,0.08641975308641975
49,26,73,0.2054794520547945,0.1095890410958904,0.2054794520547945
50,0,51,0.058823529411764705,0.058823529411764705,0.4313725490196078
50,1,45,0.0,-0.044444444444444446,0.4666666666666667
50,2,51,0.09803921568627451,-0.09803921568627451,0.09803921568627451
50,3,54,0.018518518518518517,0.018518518518518517,0.05555555555555555
50,4,49,0.0,0.0,0.22448979591836735
50,5,53,0.39622641509433965,0.37735849056603776,0.018867924528301883
50,6,52,0.0,0.0,0.15384615384615385
50,7,58,0.22413793103448276,0.22413793103448276,0.12068965517241381
50,8,62,0.016129032258064516,-0.2096774193548387,0.2096774193548387
50,9,66,0.3484848484848485,0.33333333333333337,0.0
50,10,71,0.0,-0.028169014084507043,0.04225352112676056
50,11,68,0.058823529411764705,-0.02941176470588236,0.10294117647058824
50,12,54,0.1111111111111111,0.037037037037037035,0.0
50,13,66,0.06060606060606061,0.015151515151515152,0.045454545454545456
50,14,60,0.03333333333333333,0.0,0.08333333333333334
50,15,54,0.2777777777777778,0.22222222222222224,0.31481481481481477
50,16,71,0.04225352112676056,0.02816901408450704,0.014084507042253523
50,17,60,0.03333333333333333,0.016666666666666666,0.08333333333333334
50,18,66,0.15151515151515152,0.0,0.6818181818181819
50,19,52,0.11538461538461539,0.057692307692307696,0.40384615384615385
50,20,92,0.010869565217391304,0.0,0.010869565217391304
50,21,55,0.03636363636363636,-0.18181818181818182,0.6181818181818182
50,22,57,0.03508771929824561,-0.17543859649122806,0.45614035087719296
50,23,46,0.043478260869565216,-0.5652173913043479,0.6521739130434783
50,24,48,0.2916666666666667,0.0,0.08333333333333331
50,25,81,0.13580246913580246,0.06172839506172839,0.0
50,26,73,0.1506849315068493,0.0547945205479452,0.2602739726027397
51,0,51,0.0196078431372549,0.0196078431372549,0.47058823529411764
51,1,45,0.1111111111111111,0.06666666666666665,0.35555555555555557
51,2,51,0.0196078431372549,-0.1764705882352941,0.1764705882352941
51,3,54,0.0,0.0,0.07407407407407407
51,4,49,0.12244897959183673,0.12244897959183673,0.10204081632653061
51,5,53,0.11320754716981132,0.09433962264150944,0.30188679245283023
51,6,52,0.1346153846153846,0.1346153846153846,0.019230769230769246
51,7,58,0.017241379310344827,0.017241379310344827,0.32758620689655177
51,8,62,0.03225806451612903,-0.1935483870967742,0.1935483870967742
51,9,66,0.045454545454545456,0.030303030303030304,0.30303030303030304
51,10,71,0.04225352112676056,0.01408450704225352,0.0
51,11,68,0.04411764705882353,-0.04411764705882353,0.11764705882352941
51,12,54,0.037037037037037035,-0.037037037037037035,0.07407407407407407
51,13,66,0.015151515151515152,-0.030303030303030304,0.09090909090909091
51,14,60,0.1,0.06666666666666668,0.016666666666666663
51,15,54,0.07407407407407407,0.018518518518518517,0.5185185185185185
51,16,71,0.014084507042253521,0.0,0.04225352112676056
51,17,60,0.0,-0.016666666666666666,0.11666666666666667
51,18,66,0.015151515151515152,-0.13636363636363635,0.8181818181818182
51,19,52,0.07692307692307693,0.019230769230769232,0.44230769230769235
51,20,92,0.0,-0.010869565217391304,0.021739130434782608
51,21,55,0.6181818181818182,0.4,0.036363636363636376
51,22,57,0.38596491228070173,0.17543859649122806,0.10526315789473684
51,23,46,0.41304347826086957,-0.19565217391304351,0.2826086956521739
51,24,48,0.10416666666666667,-0.1875,0.2708333333333333
51,25,81,0.07407407407407407,0.0,0.06172839506172839
51,26,73,0.2602739726027397,0.1643835616438356,0.1506849315068493
52,0,51,0.058823529411764705,0.058823529411764705,0.4313725490196078
52,1,45,0.0,-0.044444444444444446,0.4666666666666667
52,2,51,0.0,-0.19607843137254902,0.19607843137254902
52,3,54,0.05555555555555555,0.05555555555555555,0.018518518518518517
52,4,49,0.0,0.0,0.22448979591836735
52,5,53,0.41509433962264153,0.39622641509433965,0.0
52,6,52,0.0,0.0,0.15384615384615385
52,7,58,0.2413793103448276,0.2413793103448276,0.10344827586206898
52,8,62,0.11290322580645161,-0.11290322580645161,0.11290322580645161
52,9,66,0.24242424242424243,0.2272727272727273,0.10606060606060608
52,10,71,0.0,-0.028169014084507043,0.04225352112676056
52,11,68,0.04411764705882353,-0.04411764705882353,0.11764705882352941
52,12,54,0.1111111111111111,0.037037037037037035,0.0
52,13,66,0.045454545454545456,0.0,0.06060606060606061
52,14,60,0.03333333333333333,0.0,0.08333333333333334
52,15,54,0.2037037037037037,0.14814814814814814,0.38888888888888884
52,16,71,0.014084507042253521,0.0,0.04225352112676056
52,17,60,0.13333333333333333,0.11666666666666667,0.0
52,18,66,0.25757575757575757,0.10606060606060605,0.5757575757575758
52,19,52,0.0,-0.057692307692307696,0.5192307692307693
52,20,92,0.021739130434782608,0.010869565217391304,0.0
52,21,55,0.01818181818181818,-0.19999999999999998,0.6363636363636364
52,22,57,0.07017543859649122,-0.14035087719298245,0.42105263157894735
52,23,46,0.021739130434782608,-0.5869565217391305,0.6739130434782609
52,24,48,0.2916666666666667,0.0,0.08333333333333331
52,25,81,0.12345679012345678,0.04938271604938271,0.012345679012345678
52,26,73,0.0821917808219178,-0.0136986301369863,0.3287671232876712
53,0,51,0.0196078431372549,0.0196078431372549,0.47058823529411764
53,1,45,0.044444444444444446,0.0,0.4222222222222222
53,2,51,0.0,-0.19607843137254902,0.19607843137254902
53,3,54,0.0,0.0,0.07407407407407407
53,4,49,0.14285714285714285,0.14285714285714285,0.0816326530612245
53,5,53,0.11320754716981132,0.09433962264150944,0.30188679245283023
53,6,52,0.1346153846153846,0.1346153846153846,0.019230769230769246
53,7,58,0.017241379310344827,0.017241379310344827,0.32758620689655177
53,8,62,0.06451612903225806,-0.16129032258064516,0.16129032258064516
53,9,66,0.045454545454545456,0.030303030303030304,0.30303030303030304
53,10,71,0.056338028169014086,0.028169014084507043,0.0
53,11,68,0.04411764705882353,-0.04411764705882353,0.11764705882352941
53,12,54,0.05555555555555555,-0.018518518518518517,0.05555555555555555
53,13,66,0.015151515151515152,-0.030303030303030304,0.09090909090909091
53,14,60,0.1,0.06666666666666668,0.016666666666666663
53,15,54,0.05555555555555555,0.0,0.537037037037037
53,16,71,0.028169014084507043,0.014084507042253521,0.028169014084507043
53,17,60,0.03333333333333333,0.016666666666666666,0.1
53,18,66,0.015151515151515152,-0.13636363636363635,0.8181818181818182
53,19,52,0.07692307692307693,0.019230769230769232,0.44230769230769235
53,20,92,0.0,-0.010869565217391304,0.021739130434782608
53,21,55,0.6181818181818182,0.4,0.036363636363636376
53,22,57,0.2982456140350877,0.08771929824561403,0.19298245614035087
53,23,46,0.5434782608695652,-0.0652173913043479,0.15217391304347827
53,24,48,0.125,-0.16666666666666669,0.25
53,25,81,0.09876543209876543,0.024691358024691357,0.037037037037037035
53,26,73,0.2054794520547945,0.1095890410958904,0.2054794520547945
54,0,51,0.0392156862745098,0.0392156862745098,0.4509803921568627
54,1,45,0.0,-0.044444444444444446,0.4666666666666667
54,2,51,0.0,-0.19607843137254902,0.19607843137254902
54,3,54,0.05555555555555555,0.05555555555555555,0.018518518518518517
54,4,49,0.02040816326530612,0.02040816326530612,0.20408163265306123
54,5,53,0.33962264150943394,0.32075471698113206,0.07547169811320759
54,6,52,0.0,0.0,0.15384615384615385
54,7,58,0.3793103448275862,0.3793103448275862,0.0
54,8,62,0.0967741935483871,-0.12903225806451613,0.12903225806451613
54,9,66,0.16666666666666666,0.1515151515151515,0.18181818181818185
54,10,71,0.0,-0.028169014084507043,0.056338028169014086
54,11,68,0.08823529411764706,0.0,0.07352941176470588
54,12,54,0.09259259259259259,0.018518518518518517,0.018518518518518517
54,13,66,0.12121212121212122,0.07575757575757576,0.0
54,14,60,0.016666666666666666,-0.016666666666666666,0.1
54,15,54,0.35185185185185186,0.2962962962962963,0.2407407407407407
54,16,71,0.014084507042253521,0.0,0.04225352112676056
54,17,60,0.05,0.03333333333333334,0.08333333333333333
54,18,66,0.2878787878787879,0.13636363636363638,0.5454545454545454
54,19,52,0.0,-0.057692307692307696,0.5192307692307693
54,20,92,0.05434782608695652,0.043478260869565216,0.0
54,21,55,0.01818181818181818,-0.19999999999999998,0.6363636363636364
54,22,57,0.03508771929824561,-0.17543859649122806,0.45614035087719296
54,23,46,0.043478260869565216,-0.5652173913043479,0.6521739130434783
54,24,48,0.2916666666666667,0.0,0.08333333333333331
54,25,81,0.1111111111111111,0.037037037037037035,0.024691358024691357
54,26,73,0.1780821917808219,0.0821917808219178,0.2328767123287671
55,0,51,0.0392156862745098,0.0392156862745098,0.4509803921568627
55,1,45,0.08888888888888889,0.044444444444444446,0.37777777777777777
55,2,51,0.0196078431372549,-0.1764705882352941,0.1764705882352941
55,3,54,0.0,0.0,0.07407407407407407
55,4,49,0.14285714285714285,0.14285714285714285,0.0816326530612245
55,5,53,0.1320754716981132,0.11320754716981132,0.28301886792452835
55,6,52,0.038461538461538464,0.038461538461538464,0.11538461538461539
55,7,58,0.017241379310344827,0.017241379310344827,0.3620689655172414
55,8,62,0.08064516129032258,-0.14516129032258063,0.14516129032258063
55,9,66,0.0,-0.015151515151515152,0.3484848484848485
55,10,71,0.028169014084507043,0.0,0.028169014084507043
55,11,68,0.014705882352941176,-0.07352941176470588,0.14705882352941177
55,12,54,0.05555555555555555,-0.018518518518518517,0.05555555555555555
55,13,66,0.0,-0.045454545454545456,0.12121212121212122
55,14,60,0.016666666666666666,-0.016666666666666666,0.1
55,15,54,0.07407407407407407,0.018518518518518517,0.5185185185185185
55,16,71,0.014084507042253521,0.0,0.04225352112676056
55,17,60,0.0,-0.016666666666666666,0.13333333333333333
55,18,66,0.015151515151515152,-0.13636363636363635,0.8181818181818182
55,19,52,0.057692307692307696,0.0,0.46153846153846156
55,20,92,0.0,-0.010869565217391304,0.05434782608695652
55,21,55,0.6545454545454545,0.4363636363636364,0.0
55,22,57,0.19298245614035087,-0.017543859649122806,0.2982456140350877
55,23,46,0.21739130434782608,-0.39130434782608703,0.4782608695652174
55,24,48,0.20833333333333334,-0.08333333333333334,0.16666666666666666
55,25,81,0.1111111111111111,0.037037037037037035,0.024691358024691357
55,26,73,0.3698630136986301,0.273972602739726,0.0410958904109589
56,0,51,0.0196078431372549,0.0196078431372549,0.47058823529411764
56,1,45,0.0,-0.044444444444444446,0.4666666666666667
56,2,51,0.0,-0.19607843137254902,0.19607843137254902
56,3,54,0.07407407407407407,0.07407407407407407,0.0
56,4,49,0.0,0.0,0.22448979591836735
56,5,53,0.3584905660377358,0.33962264150943394,0.0566037735849057
56,6,52,0.0,0.0,0.15384615384615385
56,7,58,0.3275862068965517,0.3275862068965517,0.051724137931034475
56,8,62,0.04838709677419355,-0.1774193548387097,0.1774193548387097
56,9,66,0.18181818181818182,0.16666666666666669,0.16666666666666669
56,10,71,0.0,-0.028169014084507043,0.056338028169014086
56,11,68,0.1323529411764706,0.044117647058823525,0.02941176470588236
56,12,54,0.1111111111111111,0.037037037037037035,0.0
56,13,66,0.07575757575757576,0.030303030303030304,0.045454545454545456
56,14,60,0.1,0.06666666666666668,0.016666666666666663
56,15,54,0.18518518518518517,0.12962962962962962,0.4074074074074074
56,16,71,0.0,-0.014084507042253521,0.056338028169014086
56,17,60,0.05,0.03333333333333334,0.08333333333333333
56,18,66,0.18181818181818182,0.030303030303030304,0.6515151515151516
56,19,52,0.0,-0.057692307692307696,0.5192307692307693
56,20,92,0.021739130434782608,0.010869565217391304,0.03260869565217391
56,21,55,0.01818181818181818,-0.19999999999999998,0.6363636363636364
56,22,57,0.07017543859649122,-0.14035087719298245,0.42105263157894735
56,23,46,0.15217391304347827,-0.4565217391304348,0.5434782608695652
56,24,48,0.2916666666666667,0.0,0.08333333333333331
56,25,81,0.12345679012345678,0.04938271604938271,0.012345679012345678
56,26,73,0.1232876712328767,0.0273972602739726,0.2876712328767123
57,0,51,0.09803921568627451,0.09803921568627451,0.39215686274509803
57,1,45,0.06666666666666667,0.02222222222222222,0.4
57,2,51,0.0,-0.19607843137254902,0.19607843137254902
57,3,54,0.0,0.0,0.07407407407407407
57,4,49,0.22448979591836735,0.22448979591836735,0.0
57,5,53,0.16981132075471697,0.1509433962264151,0.24528301886792456
57,6,52,0.09615384615384616,0.09615384615384616,0.057692307692307696
57,7,58,0.05172413793103448,0.05172413793103448,0.3275862068965517
57,8,62,0.16129032258064516,-0.06451612903225806,0.06451612903225806
57,9,66,0.06060606060606061,0.045454545454545456,0.2878787878787879
57,10,71,0.028169014084507043,0.0,0.028169014084507043
57,11,68,0.014705882352941176,-0.07352941176470588,0.14705882352941177
57,12,54,0.037037037037037035,-0.037037037037037035,0.07407407407407407
57,13,66,0.0,-0.045454545454545456,0.12121212121212122
57,14,60,0.0,-0.03333333333333333,0.11666666666666667
57,15,54,0.1111111111111111,0.05555555555555555,0.48148148148148145
57,16,71,0.028169014084507043,0.014084507042253521,0.028169014084507043
57,17,60,0.016666666666666666,0.0,0.11666666666666667
57,18,66,0.09090909090909091,-0.06060606060606061,0.7424242424242424
57,19,52,0.23076923076923078,0.17307692307692307,0.2884615384615385
57,20,92,0.010869565217391304,0.0,0.043478260869565216
57,21,55,0.6363636363636364,0.4181818181818182,0.018181818181818188
57,22,57,0.12280701754385964,-0.08771929824561403,0.3684210526315789
57,23,46,0.2391304347826087,-0.3695652173913044,0.45652173913043476
57,24,48,0.3125,0.020833333333333315,0.0625
57,25,81,0.07407407407407407,0.0,0.06172839506172839
57,26,73,0.3287671232876712,0.2328767123287671,0.0821917808219178
58,0,51,0.0196078431372549,0.0196078431372549,0.47058823529411764
58,1,45,0.0,-0.044444444444444446,0.4666666666666667
58,2,51,0.0,-0.19607843137254902,0.19607843137254902
58,3,54,0.07407407407407407,0.07407407407407407,0.0
58,4,49,0.0,0.0,0.22448979591836735
58,5,53,0.3018867924528302,0.2830188679245283,0.11320754716981135
58,6,52,0.0,0.0,0.15384615384615385
58,7,58,0.3448275862068966,0.3448275862068966,0.03448275862068961
58,8,62,0.12903225806451613,-0.0967741935483871,0.0967741935483871
58,9,66,0.2727272727272727,0.25757575757575757,0.0757575757575758
58,10,71,0.0,-0.028169014084507043,0.056338028169014086
58,11,68,0.08823529411764706,0.0,0.07352941176470588
58,12,54,0.12962962962962962,0.05555555555555555,0.0
58,13,66,0.015151515151515152,-0.030303030303030304,0.10606060606060606
58,14,60,0.1,0.06666666666666668,0.016666666666666663
58,15,54,0.24074074074074073,0.18518518518518517,0.35185185185185186
58,16,71,0.028169014084507043,0.014084507042253521,0.028169014084507043
58,17,60,0.05,0.03333333333333334,0.08333333333333333
58,18,66,0.16666666666666666,0.015151515151515138,0.6666666666666667
58,19,52,0.019230769230769232,-0.038461538461538464,0.5
58,20,92,0.010869565217391304,0.0,0.043478260869565216
58,21,55,0.14545454545454545,-0.07272727272727272,0.509090909090909
58,22,57,0.03508771929824561,-0.17543859649122806,0.45614035087719296
58,23,46,0.13043478260869565,-0.4782608695652174,0.5652173913043478
58,24,48,0.25,-0.041666666666666685,0.125
58,25,81,0.19753086419753085,0.12345679012345678,0.0
58,26,73,0.2465753424657534,0.1506849315068493,0.1643835616438356
59,0,51,0.09803921568627451,0.09803921568627451,0.39215686274509803
59,1,45,0.022222222222222223,-0.022222222222222223,0.4444444444444445
59,2,51,0.0,-0.19607843137254902,0.19607843137254902
59,3,54,0.0,0.0,0.07407407407407407
59,4,49,0.20408163265306123,0.20408163265306123,0.020408163265306117
59,5,53,0.16981132075471697,0.1509433962264151,0.24528301886792456
59,6,52,0.038461538461538464,0.038461538461538464,0.11538461538461539
59,7,58,0.034482758620689655,0.034482758620689655,0.3448275862068965
59,8,62,0.20967741935483872,-0.016129032258064502,0.016129032258064502
59,9,66,0.06060606060606061,0.045454545454545456,0.2878787878787879
59,10,71,0.04225352112676056,0.01408450704225352,0.014084507042253523
59,11,68,0.029411764705882353,-0.05882352941176471,0.1323529411764706
59,12,54,0.12962962962962962,0.05555555555555555,0.0
59,13,66,0.0,-0.045454545454545456,0.12121212121212122
59,14,60,0.0,-0.03333333333333333,0.11666666666666667
59,15,54,0.05555555555555555,0.0,0.537037037037037
59,16,71,0.056338028169014086,0.04225352112676056,0.0
59,17,60,0.05,0.03333333333333334,0.08333333333333333
59,18,66,0.25757575757575757,0.10606060606060605,0.5757575757575758
59,19,52,0.21153846153846154,0.15384615384615385,0.3076923076923077
59,20,92,0.010869565217391304,0.0,0.043478260869565216
59,21,55,0.5636363636363636,0.34545454545454546,0.09090909090909094
59,22,57,0.22807017543859648,0.017543859649122806,0.2631578947368421
59,23,46,0.32608695652173914,-0.28260869565217395,0.3695652173913043
59,24,48,0.3333333333333333,0.04166666666666663,0.041666666666666685
59,25,81,0.1111111111111111,0.037037037037037035,0.08641975308641975
59,26,73,0.2054794520547945,0.1095890410958904,0.2054794520547945
60,0,51,0.0196078431372549,0.0196078431372549,0.47058823529411764
60,1,45,0.0,-0.044444444444444446,0.4666666666666667
60,2,51,0.058823529411764705,-0.13725490196078433,0.13725490196078433
60,3,54,0.07407407407407407,0.07407407407407407,0.0
60,4,49,0.0,0.0,0.22448979591836735
60,5,53,0.39622641509433965,0.37735849056603776,0.018867924528301883
60,6,52,0.0,0.0,0.15384615384615385
60,7,58,0.3448275862068966,0.3448275862068966,0.03448275862068961
60,8,62,0.04838709677419355,-0.1774193548387097,0.1774193548387097
60,9,66,0.2727272727272727,0.25757575757575757,0.0757575757575758
60,10,71,0.0,-0.028169014084507043,0.056338028169014086
60,11,68,0.11764705882352941,0.029411764705882346,0.04411764705882354
60,12,54,0.14814814814814814,0.07407407407407407,0.0
60,13,66,0.015151515151515152,-0.030303030303030304,0.10606060606060606
60,14,60,0.1,0.06666666666666668,0.016666666666666663
60,15,54,0.18518518518518517,0.12962962962962962,0.4074074074074074
60,16,71,0.0,-0.014084507042253521,0.056338028169014086
60,17,60,0.08333333333333333,0.06666666666666667,0.05
60,18,66,0.3484848484848485,0.196969696969697,0.48484848484848486
60,19,52,0.038461538461538464,-0.019230769230769232,0.48076923076923084
60,20,92,0.021739130434782608,0.010869565217391304,0.03260869565217391
60,21,55,0.03636363636363636,-0.18181818181818182,0.6181818181818182
60,22,57,0.14035087719298245,-0.07017543859649122,0.3508771929824561
60,23,46,0.17391304347826086,-0.4347826086956522,0.5217391304347826
60,24,48,0.3125,0.020833333333333315,0.0625
60,25,81,0.13580246913580246,0.06172839506172839,0.06172839506172839
60,26,73,0.1643835616438356,0.0684931506849315,0.2465753424657534
61,0,51,0.0784313725490196,0.0784313725490196,0.4117647058823529
61,1,45,0.06666666666666667,0.02222222222222222,0.4
61,2,51,0.0,-0.19607843137254902,0.19607843137254902
61,3,54,0.0,0.0,0.07407407407407407
61,4,49,0.12244897959183673,0.12244897959183673,0.10204081632653061
61,5,53,0.20754716981132076,0.18867924528301888,0.20754716981132076
61,6,52,0.057692307692307696,0.057692307692307696,0.09615384615384616
61,7,58,0.034482758620689655,0.034482758620689655,0.3448275862068965
61,8,62,0.12903225806451613,-0.0967741935483871,0.0967741935483871
61,9,66,0.06060606060606061,0.045454545454545456,0.2878787878787879
61,10,71,0.014084507042253521,-0.014084507042253521,0.04225352112676056
61,11,68,0.014705882352941176,-0.07352941176470588,0.14705882352941177
61,12,54,0.25925925925925924,0.18518518518518517,0.0
61,13,66,0.0,-0.045454545454545456,0.12121212121212122
61,14,60,0.0,-0.03333333333333333,0.11666666666666667
61,15,54,0.09259259259259259,0.037037037037037035,0.5
61,16,71,0.04225352112676056,0.02816901408450704,0.014084507042253523
61,17,60,0.016666666666666666,0.0,0.11666666666666667
61,18,66,0.09090909090909091,-0.06060606060606061,0.7424242424242424
61,19,52,0.09615384615384616,0.038461538461538464,0.42307692307692313
61,20,92,0.010869565217391304,0.0,0.043478260869565216
61,21,55,0.6363636363636364,0.4181818181818182,0.018181818181818188
61,22,57,0.15789473684210525,-0.05263157894736842,0.3333333333333333
61,23,46,0.2391304347826087,-0.3695652173913044,0.45652173913043476
61,24,48,0.3333333333333333,0.04166666666666663,0.041666666666666685
61,25,81,0.1111111111111111,0.037037037037037035,0.08641975308641975
61,26,73,0.3424657534246575,0.2465753424657534,0.0684931506849315
62,0,51,0.058823529411764705,0.058823529411764705,0.4313725490196078
62,1,45,0.0,-0.044444444444444446,0.4666666666666667
62,2,51,0.0,-0.19607843137254902,0.19607843137254902
62,3,54,0.07407407407407407,0.07407407407407407,0.0
62,4,49,0.02040816326530612,0.02040816326530612,0.20408163265306123
62,5,53,0.33962264150943394,0.32075471698113206,0.07547169811320759
62,6,52,0.0,0.0,0.15384615384615385
62,7,58,0.3275862068965517,0.3275862068965517,0.051724137931034475
62,8,62,0.06451612903225806,-0.16129032258064516,0.16129032258064516
62,9,66,0.19696969696969696,0.18181818181818182,0.15151515151515155
62,10,71,0.028169014084507043,0.0,0.028169014084507043
62,11,68,0.16176470588235295,0.07352941176470588,0.0
62,12,54,0.12962962962962962,0.05555555555555555,0.12962962962962962
62,13,66,0.015151515151515152,-0.030303030303030304,0.10606060606060606
62,14,60,0.08333333333333333,0.049999999999999996,0.03333333333333334
62,15,54,0.2777777777777778,0.22222222222222224,0.31481481481481477
62,16,71,0.028169014084507043,0.014084507042253521,0.028169014084507043
62,17,60,0.1,0.08333333333333334,0.033333333333333326
62,18,66,0.18181818181818182,0.030303030303030304,0.6515151515151516
62,19,52,0.038461538461538464,-0.019230769230769232,0.48076923076923084
62,20,92,0.043478260869565216,0.03260869565217391,0.010869565217391304
62,21,55,0.03636363636363636,-0.18181818181818182,0.6181818181818182
62,22,57,0.17543859649122806,-0.03508771929824561,0.3157894736842105
62,23,46,0.1956521739130435,-0.4130434782608696,0.5
62,24,48,0.3125,0.020833333333333315,0.0625
62,25,81,0.09876543209876543,0.024691358024691357,0.09876543209876543
62,26,73,0.1780821917808219,0.0821917808219178,0.2328767123287671
63,0,51,0.13725490196078433,0.13725490196078433,0.3529411764705882
63,1,45,0.06666666666666667,0.02222222222222222,0.4
63,2,51,0.0,-0.19607843137254902,0.19607843137254902
63,3,54,0.0,0.0,0.07407407407407407
63,4,49,0.12244897959183673,0.12244897959183673,0.10204081632653061
63,5,53,0.20754716981132076,0.18867924528301888,0.20754716981132076
63,6,52,0.057692307692307696,0.057692307692307696,0.09615384615384616
63,7,58,0.034482758620689655,0.034482758620689655,0.3448275862068965
63,8,62,0.14516129032258066,-0.08064516129032256,0.08064516129032256
63,9,66,0.10606060606060606,0.09090909090909091,0.24242424242424243
63,10,71,0.0,-0.028169014084507043,0.056338028169014086
63,11,68,0.014705882352941176,-0.07352941176470588,0.14705882352941177
63,12,54,0.2222222222222222,0.14814814814814814,0.037037037037037035
63,13,66,0.0,-0.045454545454545456,0.12121212121212122
63,14,60,0.016666666666666666,-0.016666666666666666,0.1
63,15,54,0.018518518518518517,-0.037037037037037035,0.5740740740740741
63,16,71,0.028169014084507043,0.014084507042253521,0.028169014084507043
63,17,60,0.016666666666666666,0.0,0.11666666666666667
63,18,66,0.24242424242424243,0.09090909090909091,0.5909090909090909
63,19,52,0.11538461538461539,0.057692307692307696,0.40384615384615385
63,20,92,0.010869565217391304,0.0,0.043478260869565216
63,21,55,0.4727272727272727,0.2545454545454545,0.18181818181818182
63,22,57,0.15789473684210525,-0.05263157894736842,0.3333333333333333
63,23,46,0.15217391304347827,-0.4565217391304348,0.5434782608695652
63,24,48,0.3541666666666667,0.0625,0.020833333333333315
63,25,81,0.13580246913580246,0.06172839506172839,0.06172839506172839
63,26,73,0.3424657534246575,0.2465753424657534,0.0684931506849315
64,0,51,0.0784313725490196,0.0784313725490196,0.4117647058823529
64,1,45,0.0,-0.044444444444444446,0.4666666666666667
64,2,51,0.0196078431372549,-0.1764705882352941,0.1764705882352941
64,3,54,0.018518518518518517,0.018518518518518517,0.05555555555555555
64,4,49,0.02040816326530612,0.02040816326530612,0.20408163265306123
64,5,53,0.41509433962264153,0.39622641509433965,0.0
64,6,52,0.0,0.0,0.15384615384615385
64,7,58,0.29310344827586204,0.29310344827586204,0.08620689655172414
64,8,62,0.03225806451612903,-0.1935483870967742,0.1935483870967742
64,9,66,0.25757575757575757,0.24242424242424243,0.09090909090909094
64,10,71,0.028169014084507043,0.0,0.028169014084507043
64,11,68,0.10294117647058823,0.014705882352941166,0.05882352941176472
64,12,54,0.09259259259259259,0.018518518518518517,0.16666666666666666
64,13,66,0.045454545454545456,0.0,0.07575757575757576
64,14,60,0.06666666666666667,0.03333333333333333,0.05
64,15,54,0.24074074074074073,0.18518518518518517,0.35185185185185186
64,16,71,0.04225352112676056,0.02816901408450704,0.014084507042253523
64,17,60,0.08333333333333333,0.06666666666666667,0.05
64,18,66,0.42424242424242425,0.2727272727272727,0.4090909090909091
64,19,52,0.038461538461538464,-0.019230769230769232,0.48076923076923084
64,20,92,0.06521739130434782,0.05434782608695652,0.0
64,21,55,0.07272727272727272,-0.14545454545454545,0.5818181818181818
64,22,57,0.017543859649122806,-0.19298245614035087,0.47368421052631576
64,23,46,0.15217391304347827,-0.4565217391304348,0.5434782608695652
64,24,48,0.2916666666666667,0.0,0.08333333333333331
64,25,81,0.09876543209876543,0.024691358024691357,0.09876543209876543
64,26,73,0.2328767123287671,0.136986301369863,0.1780821917808219
65,0,51,0.09803921568627451,0.09803921568627451,0.39215686274509803
65,1,45,0.06666666666666667,0.02222222222222222,0.4
65,2,51,0.0,-0.19607843137254902,0.19607843137254902
65,3,54,0.0,0.0,0.07407407407407407
65,4,49,0.10204081632653061,0.10204081632653061,0.12244897959183673
65,5,53,0.20754716981132076,0.18867924528301888,0.20754716981132076
65,6,52,0.057692307692307696,0.057692307692307696,0.09615384615384616
65,7,58,0.05172413793103448,0.05172413793103448,0.3275862068965517
65,8,62,0.11290322580645161,-0.11290322580645161,0.11290322580645161
65,9,66,0.06060606060606061,0.045454545454545456,0.2878787878787879
65,10,71,0.0,-0.028169014084507043,0.056338028169014086
65,11,68,0.058823529411764705,-0.02941176470588236,0.10294117647058824
65,12,54,0.09259259259259259,0.018518518518518517,0.16666666666666666
65,13,66,0.015151515151515152,-0.030303030303030304,0.10606060606060606
65,14,60,0.016666666666666666,-0.016666666666666666,0.1
65,15,54,0.09259259259259259,0.037037037037037035,0.5
65,16,71,0.056338028169014086,0.04225352112676056,0.0
65,17,60,0.03333333333333333,0.016666666666666666,0.1
65,18,66,0.19696969696969696,0.04545454545454544,0.6363636363636365
65,19,52,0.07692307692307693,0.019230769230769232,0.44230769230769235
65,20,92,0.010869565217391304,0.0,0.05434782608695652
65,21,55,0.6,0.38181818181818183,0.054545454545454564
65,22,57,0.38596491228070173,0.17543859649122806,0.10526315789473684
65,23,46,0.17391304347826086,-0.4347826086956522,0.5217391304347826
65,24,48,0.3541666666666667,0.0625,0.020833333333333315
65,25,81,0.12345679012345678,0.04938271604938271,0.07407407407407407
65,26,73,0.3561643835616438,0.2602739726027397,0.0547945205479452
66,0,51,0.0,0.0,0.49019607843137253
66,1,45,0.0,-0.044444444444444446,0.4666666666666667
66,2,51,0.0,-0.19607843137254902,0.19607843137254902
66,3,54,0.09259259259259259,0.09259259259259259,0.0
66,4,49,0.0,0.0,0.22448979591836735
66,5,53,0.37735849056603776,0.3584905660377359,0.037735849056603765
66,6,52,0.0,0.0,0.15384615384615385
66,7,58,0.3448275862068966,0.3448275862068966,0.03448275862068961
66,8,62,0.04838709677419355,-0.1774193548387097,0.1774193548387097
66,9,66,0.09090909090909091,0.07575757575757576,0.25757575757575757
66,10,71,0.04225352112676056,0.01408450704225352,0.014084507042253523
66,11,68,0.1323529411764706,0.044117647058823525,0.02941176470588236
66,12,54,0.12962962962962962,0.05555555555555555,0.12962962962962962
66,13,66,0.06060606060606061,0.015151515151515152,0.06060606060606061
66,14,60,0.1,0.06666666666666668,0.016666666666666663
66,15,54,0.2222222222222222,0.16666666666666666,0.37037037037037035
66,16,71,0.028169014084507043,0.014084507042253521,0.028169014084507043
66,17,60,0.1,0.08333333333333334,0.033333333333333326
66,18,66,0.5,0.3484848484848485,0.33333333333333337
66,19,52,0.019230769230769232,-0.038461538461538464,0.5
66,20,92,0.043478260869565216,0.03260869565217391,0.021739130434782608
66,21,55,0.03636363636363636,-0.18181818181818182,0.6181818181818182
66,22,57,0.22807017543859648,0.017543859649122806,0.2631578947368421
66,23,46,0.17391304347826086,-0.4347826086956522,0.5217391304347826
66,24,48,0.20833333333333334,-0.08333333333333334,0.16666666666666666
66,25,81,0.16049382716049382,0.08641975308641975,0.037037037037037035
66,26,73,0.2328767123287671,0.136986301369863,0.1780821917808219
67,0,51,0.13725490196078433,0.13725490196078433,0.3529411764705882
67,1,45,0.044444444444444446,0.0,0.4222222222222222
67,2,51,0.0,-0.19607843137254902,0.19607843137254902
67,3,54,0.0,0.0,0.09259259259259259
67,4,49,0.12244897959183673,0.12244897959183673,0.10204081632653061
67,5,53,0.24528301886792453,0.22641509433962265,0.169811320754717
67,6,52,0.07692307692307693,0.07692307692307693,0.07692307692307693
67,7,58,0.06896551724137931,0.06896551724137931,0.31034482758620685
67,8,62,0.1774193548387097,-0.04838709677419353,0.04838709677419353
67,9,66,0.07575757575757576,0.06060606060606061,0.27272727272727276
67,10,71,0.0,-0.028169014084507043,0.056338028169014086
67,11,68,0.04411764705882353,-0.04411764705882353,0.11764705882352941
67,12,54,0.2037037037037037,0.12962962962962962,0.05555555555555555
67,13,66,0.0,-0.045454545454545456,0.12121212121212122
67,14,60,0.0,-0.03333333333333333,0.11666666666666667
67,15,54,0.018518518518518517,-0.037037037037037035,0.5740740740740741
67,16,71,0.014084507042253521,0.0,0.04225352112676056
67,17,60,0.016666666666666666,0.0,0.11666666666666667
67,18,66,0.09090909090909091,-0.06060606060606061,0.7424242424242424
67,19,52,0.09615384615384616,0.038461538461538464,0.42307692307692313
67,20,92,0.0,-0.010869565217391304,0.06521739130434782
67,21,55,0.5272727272727272,0.3090909090909091,0.12727272727272732
67,22,57,0.22807017543859648,0.017543859649122806,0.2631578947368421
67,23,46,0.21739130434782608,-0.39130434782608703,0.4782608695652174
67,24,48,0.375,0.08333333333333331,0.0
67,25,81,0.09876543209876543,0.024691358024691357,0.09876543209876543
67,26,73,0.3561643835616438,0.2602739726027397,0.0547945205479452
68,0,51,0.0,0.0,0.49019607843137253
68,1,45,0.0,-0.044444444444444446,0.4666666666666667
68,2,51,0.0,-0.19607843137254902,0.19607843137254902
68,3,54,0.05555555555555555,0.05555555555555555,0.037037037037037035
68,4,49,0.0,0.0,0.22448979591836735
68,5,53,0.18867924528301888,0.169811320754717,0.22641509433962265
68,6,52,0.0,0.0,0.15384615384615385
68,7,58,0.3448275862068966,0.3448275862068966,0.03448275862068961
68,8,62,0.0967741935483871,-0.12903225806451613,0.12903225806451613
68,9,66,0.045454545454545456,0.030303030303030304,0.30303030303030304
68,10,71,0.0,-0.028169014084507043,0.056338028169014086
68,11,68,0.10294117647058823,0.014705882352941166,0.05882352941176472
68,12,54,0.2037037037037037,0.12962962962962962,0.05555555555555555
68,13,66,0.015151515151515152,-0.030303030303030304,0.10606060606060606
68,14,60,0.11666666666666667,0.08333333333333334,0.0
68,15,54,0.25925925925925924,0.2037037037037037,0.3333333333333333
68,16,71,0.04225352112676056,0.02816901408450704,0.014084507042253523
68,17,60,0.11666666666666667,0.1,0.016666666666666663
68,18,66,0.5151515151515151,0.36363636363636365,0.31818181818181823
68,19,52,0.038461538461538464,-0.019230769230769232,0.48076923076923084
68,20,92,0.021739130434782608,0.010869565217391304,0.043478260869565216
68,21,55,0.0,-0.21818181818181817,0.6545454545454545
68,22,57,0.17543859649122806,-0.03508771929824561,0.3157894736842105
68,23,46,0.10869565217391304,-0.5,0.5869565217391304
68,24,48,0.08333333333333333,-0.20833333333333337,0.2916666666666667
68,25,81,0.20987654320987653,0.13580246913580246,0.0
68,26,73,0.2465753424657534,0.1506849315068493,0.1643835616438356
69,0,51,0.1568627450980392,0.1568627450980392,0.3333333333333333
69,1,45,0.08888888888888889,0.044444444444444446,0.37777777777777777
69,2,51,0.0,-0.19607843137254902,0.19607843137254902
69,3,54,0.018518518518518517,0.018518518518518517,0.07407407407407407
69,4,49,0.30612244897959184,0.30612244897959184,0.0
69,5,53,0.2830188679245283,0.2641509433962264,0.13207547169811323
69,6,52,0.057692307692307696,0.057692307692307696,0.09615384615384616
69,7,58,0.017241379310344827,0.017241379310344827,0.3620689655172414
69,8,62,0.11290322580645161,-0.11290322580645161,0.11290322580645161
69,9,66,0.10606060606060606,0.09090909090909091,0.24242424242424243
69,10,71,0.0,-0.028169014084507043,0.056338028169014086
69,11,68,0.014705882352941176,-0.07352941176470588,0.14705882352941177
69,12,54,0.16666666666666666,0.09259259259259259,0.09259259259259259
69,13,66,0.015151515151515152,-0.030303030303030304,0.10606060606060606
69,14,60,0.0,-0.03333333333333333,0.11666666666666667
69,15,54,0.018518518518518517,-0.037037037037037035,0.5740740740740741
69,16,71,0.028169014084507043,0.014084507042253521,0.028169014084507043
69,17,60,0.03333333333333333,0.016666666666666666,0.1
69,18,66,0.015151515151515152,-0.13636363636363635,0.8181818181818182
69,19,52,0.07692307692307693,0.019230769230769232,0.44230769230769235
69,20,92,0.03260869565217391,0.021739130434782608,0.03260869565217391
69,21,55,0.5454545454545454,0.32727272727272727,0.10909090909090913
69,22,57,0.21052631578947367,0.0,0.2807017543859649
69,23,46,0.2608695652173913,-0.3478260869565218,0.43478260869565216
69,24,48,0.3958333333333333,0.10416666666666663,0.0
69,25,81,0.06172839506172839,-0.012345679012345678,0.14814814814814814
69,26,73,0.3013698630136986,0.2054794520547945,0.1095890410958904
70,0,51,0.0,0.0,0.49019607843137253
70,1,45,0.0,-0.044444444444444446,0.4666666666666667
70,2,51,0.0196078431372549,-0.1764705882352941,0.1764705882352941
70,3,54,0.037037037037037035,0.037037037037037035,0.05555555555555555
70,4,49,0.0,0.0,0.30612244897959184
70,5,53,0.2830188679245283,0.2641509433962264,0.13207547169811323
70,6,52,0.0,0.0,0.15384615384615385
70,7,58,0.3448275862068966,0.3448275862068966,0.03448275862068961
70,8,62,0.12903225806451613,-0.0967741935483871,0.0967741935483871
70,9,66,0.09090909090909091,0.07575757575757576,0.25757575757575757
70,10,71,0.028169014084507043,0.0,0.028169014084507043
70,11,68,0.14705882352941177,0.058823529411764705,0.01470588235294118
70,12,54,0.09259259259259259,0.018518518518518517,0.16666666666666666
70,13,66,0.06060606060606061,0.015151515151515152,0.06060606060606061
70,14,60,0.08333333333333333,0.049999999999999996,0.03333333333333334
70,15,54,0.18518518518518517,0.12962962962962962,0.4074074074074074
70,16,71,0.014084507042253521,0.0,0.04225352112676056
70,17,60,0.06666666666666667,0.05,0.06666666666666667
70,18,66,0.21212121212121213,0.06060606060606061,0.6212121212121212
70,19,52,0.019230769230769232,-0.038461538461538464,0.5
70,20,92,0.021739130434782608,0.010869565217391304,0.043478260869565216
70,21,55,0.01818181818181818,-0.19999999999999998,0.6363636363636364
70,22,57,0.42105263157894735,0.21052631578947367,0.07017543859649122
70,23,46,0.13043478260869565,-0.4782608695652174,0.5652173913043478
70,24,48,0.20833333333333334,-0.08333333333333334,0.18749999999999997
70,25,81,0.18518518518518517,0.1111111111111111,0.024691358024691357
70,26,73,0.3287671232876712,0.2328767123287671,0.0821917808219178
71,0,51,0.17647058823529413,0.17647058823529413,0.3137254901960784
71,1,45,0.044444444444444446,0.0,0.4222222222222222
71,2,51,0.0196078431372549,-0.1764705882352941,0.1764705882352941
71,3,54,0.018518518518518517,0.018518518518518517,0.07407407407407407
71,4,49,0.2653061224489796,0.2653061224489796,0.040816326530612235
71,5,53,0.2830188679245283,0.2641509433962264,0.13207547169811323
71,6,52,0.0,0.0,0.15384615384615385
71,7,58,0.034482758620689655,0.034482758620689655,0.3448275862068965
71,8,62,0.0967741935483871,-0.12903225806451613,0.12903225806451613
71,9,66,0.13636363636363635,0.1212121212121212,0.21212121212121215
71,10,71,0.014084507042253521,-0.014084507042253521,0.04225352112676056
71,11,68,0.0,-0.08823529411764706,0.16176470588235295
71,12,54,0.2037037037037037,0.12962962962962962,0.05555555555555555
71,13,66,0.0,-0.045454545454545456,0.12121212121212122
71,14,60,0.016666666666666666,-0.016666666666666666,0.1
71,15,54,0.018518518518518517,-0.037037037037037035,0.5740740740740741
71,16,71,0.04225352112676056,0.02816901408450704,0.014084507042253523
71,17,60,0.016666666666666666,0.0,0.11666666666666667
71,18,66,0.22727272727272727,0.07575757575757575,0.6060606060606061
71,19,52,0.1346153846153846,0.07692307692307691,0.3846153846153847
71,20,92,0.021739130434782608,0.010869565217391304,0.043478260869565216
71,21,55,0.4909090909090909,0.2727272727272727,0.16363636363636364
71,22,57,0.22807017543859648,0.017543859649122806,0.2631578947368421
71,23,46,0.13043478260869565,-0.4782608695652174,0.5652173913043478
71,24,48,0.3958333333333333,0.10416666666666663,0.0
71,25,81,0.13580246913580246,0.06172839506172839,0.07407407407407407
71,26,73,0.3561643835616438,0.2602739726027397,0.0547945205479452
72,0,51,0.0,0.0,0.49019607843137253
72,1,45,0.0,-0.044444444444444446,0.4666666666666667
72,2,51,0.0196078431372549,-0.1764705882352941,0.1764705882352941
72,3,54,0.05555555555555555,0.05555555555555555,0.037037037037037035
72,4,49,0.0,0.0,0.30612244897959184
72,5,53,0.24528301886792453,0.22641509433962265,0.169811320754717
72,6,52,0.0,0.0,0.15384615384615385
72,7,58,0.27586206896551724,0.27586206896551724,0.10344827586206895
72,8,62,0.14516129032258066,-0.08064516129032256,0.08064516129032256
72,9,66,0.045454545454545456,0.030303030303030304,0.30303030303030304
72,10,71,0.028169014084507043,0.0,0.028169014084507043
72,11,68,0.17647058823529413,0.08823529411764706,0.0
72,12,54,0.018518518518518517,-0.05555555555555555,0.24074074074074073
72,13,66,0.06060606060606061,0.015151515151515152,0.06060606060606061
72,14,60,0.15,0.11666666666666667,0.0
72,15,54,0.24074074074074073,0.18518518518518517,0.35185185185185186
72,16,71,0.014084507042253521,0.0,0.04225352112676056
72,17,60,0.03333333333333333,0.016666666666666666,0.1
72,18,66,0.30303030303030304,0.15151515151515152,0.5303030303030303
72,19,52,0.0,-0.057692307692307696,0.5192307692307693
72,20,92,0.05434782608695652,0.043478260869565216,0.010869565217391304
72,21,55,0.01818181818181818,-0.19999999999999998,0.6363636363636364
72,22,57,0.47368421052631576,0.2631578947368421,0.017543859649122806
72,23,46,0.15217391304347827,-0.4565217391304348,0.5434782608695652
72,24,48,0.16666666666666666,-0.12500000000000003,0.22916666666666666
72,25,81,0.18518518518518517,0.1111111111111111,0.024691358024691357
72,26,73,0.3561643835616438,0.2602739726027397,0.0547945205479452
73,0,51,0.21568627450980393,0.21568627450980393,0.2745098039215686
73,1,45,0.1111111111111111,0.06666666666666665,0.35555555555555557
73,2,51,0.0196078431372549,-0.1764705882352941,0.1764705882352941
73,3,54,0.018518518518518517,0.018518518518518517,0.07407407407407407
73,4,49,0.2857142857142857,0.2857142857142857,0.020408163265306145
73,5,53,0.2641509433962264,0.24528301886792453,0.15094339622641512
73,6,52,0.0,0.0,0.15384615384615385
73,7,58,0.034482758620689655,0.034482758620689655,0.3448275862068965
73,8,62,0.06451612903225806,-0.16129032258064516,0.16129032258064516
73,9,66,0.13636363636363635,0.1212121212121212,0.21212121212121215
73,10,71,0.0,-0.028169014084507043,0.056338028169014086
73,11,68,0.0,-0.08823529411764706,0.17647058823529413
73,12,54,0.2222222222222222,0.14814814814814814,0.037037037037037035
73,13,66,0.0,-0.045454545454545456,0.12121212121212122
73,14,60,0.016666666666666666,-0.016666666666666666,0.13333333333333333
73,15,54,0.037037037037037035,-0.018518518518518517,0.5555555555555556
73,16,71,0.07042253521126761,0.056338028169014086,0.0
73,17,60,0.05,0.03333333333333334,0.08333333333333333
73,18,66,0.3333333333333333,0.1818181818181818,0.5
73,19,52,0.057692307692307696,0.0,0.46153846153846156
73,20,92,0.021739130434782608,0.010869565217391304,0.043478260869565216
73,21,55,0.38181818181818183,0.16363636363636366,0.2727272727272727
73,22,57,0.10526315789473684,-0.10526315789473684,0.38596491228070173
73,23,46,0.06521739130434782,-0.5434782608695653,0.6304347826086957
73,24,48,0.3125,0.020833333333333315,0.08333333333333331
73,25,81,0.09876543209876543,0.024691358024691357,0.1111111111111111
73,26,73,0.3424657534246575,0.2465753424657534,0.0684931506849315
74,0,51,0.0196078431372549,0.0196078431372549,0.47058823529411764
74,1,45,0.0,-0.044444444444444446,0.4666666666666667
74,2,51,0.0392156862745098,-0.1568627450980392,0.1568627450980392
74,3,54,0.0,0.0,0.09259259259259259
74,4,49,0.0,0.0,0.30612244897959184
74,5,53,0.20754716981132076,0.18867924528301888,0.20754716981132076
74,6,52,0.0,0.0,0.15384615384615385
74,7,58,0.25862068965517243,0.25862068965517243,0.12068965517241376
74,8,62,0.1774193548387097,-0.04838709677419353,0.04838709677419353
74,9,66,0.07575757575757576,0.06060606060606061,0.27272727272727276
74,10,71,0.014084507042253521,-0.014084507042253521,0.04225352112676056
74,11,68,0.20588235294117646,0.1176470588235294,0.0
74,12,54,0.07407407407407407,0.0,0.18518518518518517
74,13,66,0.09090909090909091,0.045454545454545456,0.030303030303030304
74,14,60,0.16666666666666666,0.13333333333333333,0.0
74,15,54,0.1111111111111111,0.05555555555555555,0.48148148148148145
74,16,71,0.014084507042253521,0.0,0.056338028169014086
74,17,60,0.03333333333333333,0.016666666666666666,0.1
74,18,66,0.10606060606060606,-0.045454545454545456,0.7272727272727273
74,19,52,0.038461538461538464,-0.019230769230769232,0.48076923076923084
74,20,92,0.06521739130434782,0.05434782608695652,0.0
74,21,55,0.03636363636363636,-0.18181818181818182,0.6181818181818182
74,22,57,0.47368421052631576,0.2631578947368421,0.017543859649122806
74,23,46,0.391304347826087,-0.2173913043478261,0.3043478260869565
74,24,48,0.25,-0.041666666666666685,0.14583333333333331
74,25,81,0.13580246913580246,0.06172839506172839,0.07407407407407407
74,26,73,0.2602739726027397,0.1643835616438356,0.1506849315068493
75,0,51,0.17647058823529413,0.17647058823529413,0.3137254901960784
75,1,45,0.15555555555555556,0.1111111111111111,0.3111111111111111
75,2,51,0.0,-0.19607843137254902,0.19607843137254902
75,3,54,0.0,0.0,0.09259259259259259
75,4,49,0.2653061224489796,0.2653061224489796,0.040816326530612235
75,5,53,0.20754716981132076,0.18867924528301888,0.20754716981132076
75,6,52,0.038461538461538464,0.038461538461538464,0.11538461538461539
75,7,58,0.0,0.0,0.3793103448275862
75,8,62,0.11290322580645161,-0.11290322580645161,0.11290322580645161
75,9,66,0.13636363636363635,0.1212121212121212,0.21212121212121215
75,10,71,0.0,-0.028169014084507043,0.056338028169014086
75,11,68,0.014705882352941176,-0.07352941176470588,0.19117647058823528
75,12,54,0.12962962962962962,0.05555555555555555,0.12962962962962962
75,13,66,0.015151515151515152,-0.030303030303030304,0.10606060606060606
75,14,60,0.03333333333333333,0.0,0.13333333333333333
75,15,54,0.018518518518518517,-0.037037037037037035,0.5740740740740741
75,16,71,0.09859154929577464,0.08450704225352113,0.0
75,17,60,0.05,0.03333333333333334,0.08333333333333333
75,18,66,0.2727272727272727,0.12121212121212119,0.5606060606060607
75,19,52,0.09615384615384616,0.038461538461538464,0.42307692307692313
75,20,92,0.05434782608695652,0.043478260869565216,0.010869565217391304
75,21,55,0.32727272727272727,0.1090909090909091,0.32727272727272727
75,22,57,0.05263157894736842,-0.15789473684210525,0.43859649122807015
75,23,46,0.043478260869565216,-0.5652173913043479,0.6521739130434783
75,24,48,0.10416666666666667,-0.1875,0.29166666666666663
75,25,81,0.09876543209876543,0.024691358024691357,0.1111111111111111
75,26,73,0.3013698630136986,0.2054794520547945,0.1095890410958904
76,0,51,0.0196078431372549,0.0196078431372549,0.47058823529411764
76,1,45,0.0,-0.044444444444444446,0.4666666666666667
76,2,51,0.058823529411764705,-0.13725490196078433,0.13725490196078433
76,3,54,0.0,0.0,0.09259259259259259
76,4,49,0.0,0.0,0.30612244897959184
76,5,53,0.24528301886792453,0.22641509433962265,0.169811320754717
76,6,52,0.0,0.0,0.15384615384615385
76,7,58,0.2413793103448276,0.2413793103448276,0.1379310344827586
76,8,62,0.0967741935483871,-0.12903225806451613,0.12903225806451613
76,9,66,0.06060606060606061,0.045454545454545456,0.2878787878787879
76,10,71,0.014084507042253521,-0.014084507042253521,0.04225352112676056
76,11,68,0.14705882352941177,0.058823529411764705,0.05882352941176469
76,12,54,0.09259259259259259,0.018518518518518517,0.16666666666666666
76,13,66,0.045454545454545456,0.0,0.07575757575757576
76,14,60,0.16666666666666666,0.13333333333333333,0.0
76,15,54,0.18518518518518517,0.12962962962962962,0.4074074074074074
76,16,71,0.014084507042253521,0.0,0.08450704225352113
76,17,60,0.06666666666666667,0.05,0.06666666666666667
76,18,66,0.07575757575757576,-0.07575757575757576,0.7575757575757576
76,19,52,0.019230769230769232,-0.038461538461538464,0.5
76,20,92,0.05434782608695652,0.043478260869565216,0.010869565217391304
76,21,55,0.10909090909090909,-0.10909090909090909,0.5454545454545454
76,22,57,0.5789473684210527,0.368421052631579,0.0
76,23,46,0.10869565217391304,-0.5,0.5869565217391304
76,24,48,0.2916666666666667,0.0,0.10416666666666663
76,25,81,0.19753086419753085,0.12345679012345678,0.012345679012345678
76,26,73,0.3835616438356164,0.2876712328767123,0.0273972602739726
77,0,51,0.2549019607843137,0.2549019607843137,0.23529411764705882
77,1,45,0.17777777777777778,0.13333333333333333,0.28888888888888886
77,2,51,0.0196078431372549,-0.1764705882352941,0.1764705882352941
77,3,54,0.0,0.0,0.09259259259259259
77,4,49,0.22448979591836735,0.22448979591836735,0.0816326530612245
77,5,53,0.2641509433962264,0.24528301886792453,0.15094339622641512
77,6,52,0.0,0.0,0.15384615384615385
77,7,58,0.017241379310344827,0.017241379310344827,0.3620689655172414
77,8,62,0.11290322580645161,-0.11290322580645161,0.11290322580645161
77,9,66,0.15151515151515152,0.13636363636363635,0.196969696969697
77,10,71,0.0,-0.028169014084507043,0.056338028169014086
77,11,68,0.014705882352941176,-0.07352941176470588,0.19117647058823528
77,12,54,0.14814814814814814,0.07407407407407407,0.1111111111111111
77,13,66,0.015151515151515152,-0.030303030303030304,0.10606060606060606
77,14,60,0.03333333333333333,0.0,0.13333333333333333
77,15,54,0.037037037037037035,-0.018518518518518517,0.5555555555555556
77,16,71,0.09859154929577464,0.08450704225352113,0.0
77,17,60,0.05,0.03333333333333334,0.08333333333333333
77,18,66,0.3181818181818182,0.16666666666666666,0.5151515151515151
77,19,52,0.17307692307692307,0.11538461538461538,0.3461538461538462
77,20,92,0.043478260869565216,0.03260869565217391,0.021739130434782608
77,21,55,0.2545454545454545,0.03636363636363635,0.4
77,22,57,0.05263157894736842,-0.15789473684210525,0.5263157894736843
77,23,46,0.06521739130434782,-0.5434782608695653,0.6304347826086957
77,24,48,0.14583333333333334,-0.14583333333333334,0.24999999999999997
77,25,81,0.08641975308641975,0.012345679012345678,0.12345679012345678
77,26,73,0.273972602739726,0.1780821917808219,0.136986301369863
78,0,51,0.0196078431372549,0.0196078431372549,0.47058823529411764
78,1,45,0.0,-0.044444444444444446,0.4666666666666667
78,2,51,0.058823529411764705,-0.13725490196078433,0.13725490196078433
78,3,54,0.0,0.0,0.09259259259259259
78,4,49,0.02040816326530612,0.02040816326530612,0.2857142857142857
78,5,53,0.24528301886792453,0.22641509433962265,0.169811320754717
78,6,52,0.019230769230769232,0.019230769230769232,0.13461538461538464
78,7,58,0.3103448275862069,0.3103448275862069,0.06896551724137928
78,8,62,0.24193548387096775,0.01612903225806453,0.0
78,9,66,0.045454545454545456,0.030303030303030304,0.30303030303030304
78,10,71,0.014084507042253521,-0.014084507042253521,0.04225352112676056
78,11,68,0.1323529411764706,0.044117647058823525,0.07352941176470587
78,12,54,0.1111111111111111,0.037037037037037035,0.14814814814814814
78,13,66,0.06060606060606061,0.015151515151515152,0.06060606060606061
78,14,60,0.2,0.16666666666666669,0.0
78,15,54,0.3333333333333333,0.2777777777777778,0.25925925925925924
78,16,71,0.014084507042253521,0.0,0.08450704225352113
78,17,60,0.08333333333333333,0.06666666666666667,0.05
78,18,66,0.16666666666666666,0.015151515151515138,0.6666666666666667
78,19,52,0.038461538461538464,-0.019230769230769232,0.48076923076923084
78,20,92,0.043478260869565216,0.03260869565217391,0.021739130434782608
78,21,55,0.05454545454545454,-0.16363636363636364,0.6
78,22,57,0.49122807017543857,0.2807017543859649,0.08771929824561409
78,23,46,0.32608695652173914,-0.28260869565217395,0.3695652173913043
78,24,48,0.125,-0.16666666666666669,0.2708333333333333
78,25,81,0.2345679012345679,0.16049382716049382,0.0
78,26,73,0.3287671232876712,0.2328767123287671,0.0821917808219178
79,0,51,0.21568627450980393,0.21568627450980393,0.2745098039215686
79,1,45,0.2,0.15555555555555556,0.26666666666666666
79,2,51,0.0784313725490196,-0.11764705882352941,0.11764705882352941
79,3,54,0.0,0.0,0.09259259259259259
79,4,49,0.22448979591836735,0.22448979591836735,0.0816326530612245
79,5,53,0.18867924528301888,0.169811320754717,0.22641509433962265
79,6,52,0.0,0.0,0.15384615384615385
79,7,58,0.0,0.0,0.3793103448275862
79,8,62,0.06451612903225806,-0.16129032258064516,0.1774193548387097
79,9,66,0.12121212121212122,0.10606060606060606,0.2272727272727273
79,10,71,0.0,-0.028169014084507043,0.056338028169014086
79,11,68,0.0,-0.08823529411764706,0.20588235294117646
79,12,54,0.18518518518518517,0.1111111111111111,0.07407407407407407
79,13,66,0.015151515151515152,-0.030303030303030304,0.10606060606060606
79,14,60,0.03333333333333333,0.0,0.16666666666666669
79,15,54,0.018518518518518517,-0.037037037037037035,0.5740740740740741
79,16,71,0.09859154929577464,0.08450704225352113,0.0
79,17,60,0.05,0.03333333333333334,0.08333333333333333
79,18,66,0.3333333333333333,0.1818181818181818,0.5
79,19,52,0.19230769230769232,0.13461538461538464,0.326923076923077
79,20,92,0.021739130434782608,0.010869565217391304,0.043478260869565216
79,21,55,0.36363636363636365,0.14545454545454548,0.2909090909090909
79,22,57,0.07017543859649122,-0.14035087719298245,0.5087719298245614
79,23,46,0.043478260869565216,-0.5652173913043479,0.6521739130434783
79,24,48,0.1875,-0.10416666666666669,0.20833333333333331
79,25,81,0.04938271604938271,-0.024691358024691357,0.18518518518518517
79,26,73,0.2602739726027397,0.1643835616438356,0.1506849315068493
80,0,51,0.0196078431372549,0.0196078431372549,0.47058823529411764
80,1,45,0.0,-0.044444444444444446,0.4666666666666667
80,2,51,0.0392156862745098,-0.1568627450980392,0.1568627450980392
80,3,54,0.0,0.0,0.09259259259259259
80,4,49,0.02040816326530612,0.02040816326530612,0.2857142857142857
80,5,53,0.2641509433962264,0.24528301886792453,0.15094339622641512
80,6,52,0.0,0.0,0.15384615384615385
80,7,58,0.2413793103448276,0.2413793103448276,0.1379310344827586
80,8,62,0.12903225806451613,-0.0967741935483871,0.11290322580645162
80,9,66,0.030303030303030304,0.015151515151515152,0.31818181818181823
80,10,71,0.028169014084507043,0.0,0.028169014084507043
80,11,68,0.08823529411764706,0.0,0.1176470588235294
80,12,54,0.14814814814814814,0.07407407407407407,0.1111111111111111
80,13,66,0.045454545454545456,0.0,0.07575757575757576
80,14,60,0.13333333333333333,0.1,0.06666666666666668
80,15,54,0.24074074074074073,0.18518518518518517,0.35185185185185186
80,16,71,0.014084507042253521,0.0,0.08450704225352113
80,17,60,0.03333333333333333,0.016666666666666666,0.1
80,18,66,0.15151515151515152,0.0,0.6818181818181819
80,19,52,0.07692307692307693,0.019230769230769232,0.44230769230769235
80,20,92,0.03260869565217391,0.021739130434782608,0.03260869565217391
80,21,55,0.12727272727272726,-0.09090909090909091,0.5272727272727273
80,22,57,0.631578947368421,0.42105263157894735,0.0
80,23,46,0.1956521739130435,-0.4130434782608696,0.5
80,24,48,0.2916666666666667,0.0,0.10416666666666663
80,25,81,0.19753086419753085,0.12345679012345678,0.037037037037037035
80,26,73,0.4383561643835616,0.3424657534246575,0.0
81,0,51,0.23529411764705882,0.23529411764705882,0.2549019607843137
81,1,45,0.17777777777777778,0.13333333333333333,0.28888888888888886
81,2,51,0.0392156862745098,-0.1568627450980392,0.1568627450980392
81,3,54,0.018518518518518517,0.018518518518518517,0.07407407407407407
81,4,49,0.08163265306122448,0.08163265306122448,0.22448979591836737
81,5,53,0.20754716981132076,0.18867924528301888,0.20754716981132076
81,6,52,0.0,0.0,0.15384615384615385
81,7,58,0.0,0.0,0.3793103448275862
81,8,62,0.04838709677419355,-0.1774193548387097,0.1935483870967742
81,9,66,0.15151515151515152,0.13636363636363635,0.196969696969697
81,10,71,0.0,-0.028169014084507043,0.056338028169014086
81,11,68,0.014705882352941176,-0.07352941176470588,0.19117647058823528
81,12,54,0.018518518518518517,-0.05555555555555555,0.24074074074074073
81,13,66,0.030303030303030304,-0.015151515151515152,0.09090909090909091
81,14,60,0.05,0.01666666666666667,0.15000000000000002
81,15,54,0.018518518518518517,-0.037037037037037035,0.5740740740740741
81,16,71,0.07042253521126761,0.056338028169014086,0.028169014084507032
81,17,60,0.05,0.03333333333333334,0.08333333333333333
81,18,66,0.4393939393939394,0.28787878787878785,0.393939393939394
81,19,52,0.23076923076923078,0.17307692307692307,0.2884615384615385
81,20,92,0.06521739130434782,0.05434782608695652,0.0
81,21,55,0.12727272727272726,-0.09090909090909091,0.5272727272727273
81,22,57,0.05263157894736842,-0.15789473684210525,0.5789473684210527
81,23,46,0.15217391304347827,-0.4565217391304348,0.5434782608695652
81,24,48,0.14583333333333334,-0.14583333333333334,0.24999999999999997
81,25,81,0.012345679012345678,-0.06172839506172839,0.2222222222222222
81,26,73,0.273972602739726,0.1780821917808219,0.1643835616438356
82,0,51,0.0196078431372549,0.0196078431372549,0.47058823529411764
82,1,45,0.0,-0.044444444444444446,0.4666666666666667
82,2,51,0.0392156862745098,-0.1568627450980392,0.1568627450980392
82,3,54,0.0,0.0,0.09259259259259259
82,4,49,0.02040816326530612,0.02040816326530612,0.2857142857142857
82,5,53,0.2641509433962264,0.24528301886792453,0.15094339622641512
82,6,52,0.038461538461538464,0.038461538461538464,0.11538461538461539
82,7,58,0.1206896551724138,0.1206896551724138,0.2586206896551724
82,8,62,0.1774193548387097,-0.04838709677419353,0.06451612903225806
82,9,66,0.0,-0.015151515151515152,0.3484848484848485
82,10,71,0.07042253521126761,0.04225352112676056,0.0
82,11,68,0.11764705882352941,0.029411764705882346,0.08823529411764705
82,12,54,0.2037037037037037,0.12962962962962962,0.05555555555555555
82,13,66,0.030303030303030304,-0.015151515151515152,0.09090909090909091
82,14,60,0.16666666666666666,0.13333333333333333,0.033333333333333354
82,15,54,0.3148148148148148,0.2592592592592593,0.27777777777777773
82,16,71,0.028169014084507043,0.014084507042253521,0.0704225352112676
82,17,60,0.06666666666666667,0.05,0.06666666666666667
82,18,66,0.06060606060606061,-0.09090909090909091,0.7727272727272727
82,19,52,0.057692307692307696,0.0,0.46153846153846156
82,20,92,0.03260869565217391,0.021739130434782608,0.03260869565217391
82,21,55,0.16363636363636364,-0.054545454545454536,0.4909090909090909
82,22,57,0.49122807017543857,0.2807017543859649,0.14035087719298245
82,23,46,0.2826086956521739,-0.3260869565217392,0.41304347826086957
82,24,48,0.3333333333333333,0.04166666666666663,0.0625
82,25,81,0.25925925925925924,0.18518518518518517,0.0
82,26,73,0.3835616438356164,0.2876712328767123,0.0547945205479452
83,0,51,0.27450980392156865,0.27450980392156865,0.21568627450980388
83,1,45,0.2,0.15555555555555556,0.26666666666666666
83,2,51,0.0196078431372549,-0.1764705882352941,0.1764705882352941
83,3,54,0.018518518518518517,0.018518518518518517,0.07407407407407407
83,4,49,0.1836734693877551,0.1836734693877551,0.12244897959183673
83,5,53,0.2830188679245283,0.2641509433962264,0.13207547169811323
83,6,52,0.0,0.0,0.15384615384615385
83,7,58,0.05172413793103448,0.05172413793103448,0.3275862068965517
83,8,62,0.04838709677419355,-0.1774193548387097,0.1935483870967742
83,9,66,0.13636363636363635,0.1212121212121212,0.21212121212121215
83,10,71,0.0,-0.028169014084507043,0.07042253521126761
83,11,68,0.014705882352941176,-0.07352941176470588,0.19117647058823528
83,12,54,0.037037037037037035,-0.037037037037037035,0.2222222222222222
83,13,66,0.015151515151515152,-0.030303030303030304,0.10606060606060606
83,14,60,0.05,0.01666666666666667,0.15000000000000002
83,15,54,0.07407407407407407,0.018518518518518517,0.5185185185185185
83,16,71,0.028169014084507043,0.014084507042253521,0.0704225352112676
83,17,60,0.03333333333333333,0.016666666666666666,0.1
83,18,66,0.45454545454545453,0.303030303030303,0.37878787878787884
83,19,52,0.07692307692307693,0.019230769230769232,0.44230769230769235
83,20,92,0.05434782608695652,0.043478260869565216,0.010869565217391304
83,21,55,0.09090909090909091,-0.12727272727272726,0.5636363636363636
83,22,57,0.05263157894736842,-0.15789473684210525,0.5789473684210527
83,23,46,0.13043478260869565,-0.4782608695652174,0.5652173913043478
83,24,48,0.16666666666666666,-0.12500000000000003,0.22916666666666666
83,25,81,0.037037037037037035,-0.037037037037037035,0.2222222222222222
83,26,73,0.1917808219178082,0.0958904109589041,0.2465753424657534
84,0,51,0.0196078431372549,0.0196078431372549,0.47058823529411764
84,1,45,0.0,-0.044444444444444446,0.4666666666666667
84,2,51,0.0392156862745098,-0.1568627450980392,0.1568627450980392
84,3,54,0.037037037037037035,0.037037037037037035,0.05555555555555555
84,4,49,0.04081632653061224,0.04081632653061224,0.2653061224489796
84,5,53,0.22641509433962265,0.20754716981132076,0.18867924528301888
84,6,52,0.057692307692307696,0.057692307692307696,0.09615384615384616
84,7,58,0.1206896551724138,0.1206896551724138,0.2586206896551724
84,8,62,0.20967741935483872,-0.016129032258064502,0.03225806451612903
84,9,66,0.0,-0.015151515151515152,0.3484848484848485
84,10,71,0.056338028169014086,0.028169014084507043,0.014084507042253523
84,11,68,0.11764705882352941,0.029411764705882346,0.08823529411764705
84,12,54,0.14814814814814814,0.07407407407407407,0.1111111111111111
84,13,66,0.045454545454545456,0.0,0.07575757575757576
84,14,60,0.16666666666666666,0.13333333333333333,0.033333333333333354
84,15,54,0.25925925925925924,0.2037037037037037,0.3333333333333333
84,16,71,0.028169014084507043,0.014084507042253521,0.0704225352112676
84,17,60,0.08333333333333333,0.06666666666666667,0.05
84,18,66,0.09090909090909091,-0.06060606060606061,0.7424242424242424
84,19,52,0.09615384615384616,0.038461538461538464,0.42307692307692313
84,20,92,0.03260869565217391,0.021739130434782608,0.03260869565217391
84,21,55,0.18181818181818182,-0.03636363636363635,0.4727272727272727
84,22,57,0.6140350877192983,0.4035087719298246,0.01754385964912275
84,23,46,0.2608695652173913,-0.3478260869565218,0.43478260869565216
84,24,48,0.3958333333333333,0.10416666666666663,0.0
84,25,81,0.1728395061728395,0.09876543209876543,0.08641975308641975
84,26,73,0.4657534246575342,0.3698630136986301,0.0
85,0,51,0.17647058823529413,0.17647058823529413,0.3137254901960784
85,1,45,0.15555555555555556,0.1111111111111111,0.3111111111111111
85,2,51,0.0392156862745098,-0.1568627450980392,0.1568627450980392
85,3,54,0.037037037037037035,0.037037037037037035,0.05555555555555555
85,4,49,0.14285714285714285,0.14285714285714285,0.163265306122449
85,5,53,0.20754716981132076,0.18867924528301888,0.20754716981132076
85,6,52,0.0,0.0,0.15384615384615385
85,7,58,0.017241379310344827,0.017241379310344827,0.3620689655172414
85,8,62,0.016129032258064516,-0.2096774193548387,0.22580645161290325
85,9,66,0.13636363636363635,0.1212121212121212,0.21212121212121215
85,10,71,0.0,-0.028169014084507043,0.07042253521126761
85,11,68,0.014705882352941176,-0.07352941176470588,0.19117647058823528
85,12,54,0.1111111111111111,0.037037037037037035,0.14814814814814814
85,13,66,0.015151515151515152,-0.030303030303030304,0.10606060606060606
85,14,60,0.05,0.01666666666666667,0.15000000000000002
85,15,54,0.05555555555555555,0.0,0.537037037037037
85,16,71,0.014084507042253521,0.0,0.08450704225352113
85,17,60,0.05,0.03333333333333334,0.08333333333333333
85,18,66,0.4090909090909091,0.25757575757575757,0.42424242424242425
85,19,52,0.25,0.1923076923076923,0.2692307692307693
85,20,92,0.08695652173913043,0.07608695652173914,0.0
85,21,55,0.2,-0.01818181818181816,0.45454545454545453
85,22,57,0.05263157894736842,-0.15789473684210525,0.5789473684210527
85,23,46,0.21739130434782608,-0.39130434782608703,0.4782608695652174
85,24,48,0.125,-0.16666666666666669,0.2708333333333333
85,25,81,0.024691358024691357,-0.04938271604938271,0.2345679012345679
85,26,73,0.3150684931506849,0.2191780821917808,0.1506849315068493
86,0,51,0.0196078431372549,0.0196078431372549,0.47058823529411764
86,1,45,0.0,-0.044444444444444446,0.4666666666666667
86,2,51,0.0392156862745098,-0.1568627450980392,0.1568627450980392
86,3,54,0.018518518518518517,0.018518518518518517,0.07407407407407407
86,4,49,0.02040816326530612,0.02040816326530612,0.2857142857142857
86,5,53,0.2830188679245283,0.2641509433962264,0.13207547169811323
86,6,52,0.0,0.0,0.15384615384615385
86,7,58,0.10344827586206896,0.10344827586206896,0.27586206896551724
86,8,62,0.16129032258064516,-0.06451612903225806,0.08064516129032259
86,9,66,0.030303030303030304,0.015151515151515152,0.31818181818181823
86,10,71,0.09859154929577464,0.0704225352112676,0.0
86,11,68,0.07352941176470588,-0.01470588235294118,0.13235294117647056
86,12,54,0.09259259259259259,0.018518518518518517,0.16666666666666666
86,13,66,0.09090909090909091,0.045454545454545456,0.030303030303030304
86,14,60,0.16666666666666666,0.13333333333333333,0.033333333333333354
86,15,54,0.2777777777777778,0.22222222222222224,0.31481481481481477
86,16,71,0.0,-0.014084507042253521,0.09859154929577464
86,17,60,0.08333333333333333,0.06666666666666667,0.05
86,18,66,0.015151515151515152,-0.13636363636363635,0.8181818181818182
86,19,52,0.019230769230769232,-0.038461538461538464,0.5
86,20,92,0.021739130434782608,0.010869565217391304,0.06521739130434782
86,21,55,0.14545454545454545,-0.07272727272727272,0.509090909090909
86,22,57,0.6140350877192983,0.4035087719298246,0.01754385964912275
86,23,46,0.2608695652173913,-0.3478260869565218,0.43478260869565216
86,24,48,0.4166666666666667,0.125,0.0
86,25,81,0.14814814814814814,0.07407407407407407,0.1111111111111111
86,26,73,0.4246575342465753,0.3287671232876712,0.0410958904109589
87,0,51,0.21568627450980393,0.21568627450980393,0.2745098039215686
87,1,45,0.17777777777777778,0.13333333333333333,0.28888888888888886
87,2,51,0.0392156862745098,-0.1568627450980392,0.1568627450980392
87,3,54,0.0,0.0,0.09259259259259259
87,4,49,0.12244897959183673,0.12244897959183673,0.1836734693877551
87,5,53,0.16981132075471697,0.1509433962264151,0.24528301886792456
87,6,52,0.0,0.0,0.15384615384615385
87,7,58,0.017241379310344827,0.017241379310344827,0.3620689655172414
87,8,62,0.016129032258064516,-0.2096774193548387,0.22580645161290325
87,9,66,0.15151515151515152,0.13636363636363635,0.196969696969697
87,10,71,0.0,-0.028169014084507043,0.09859154929577464
87,11,68,0.014705882352941176,-0.07352941176470588,0.19117647058823528
87,12,54,0.09259259259259259,0.018518518518518517,0.16666666666666666
87,13,66,0.045454545454545456,0.0,0.07575757575757576
87,14,60,0.016666666666666666,-0.016666666666666666,0.18333333333333335
87,15,54,0.037037037037037035,-0.018518518518518517,0.5555555555555556
87,16,71,0.028169014084507043,0.014084507042253521,0.0704225352112676
87,17,60,0.05,0.03333333333333334,0.08333333333333333
87,18,66,0.36363636363636365,0.21212121212121213,0.4696969696969697
87,19,52,0.23076923076923078,0.17307692307692307,0.2884615384615385
87,20,92,0.05434782608695652,0.043478260869565216,0.03260869565217391
87,21,55,0.10909090909090909,-0.10909090909090909,0.5454545454545454
87,22,57,0.03508771929824561,-0.17543859649122806,0.5964912280701754
87,23,46,0.13043478260869565,-0.4782608695652174,0.5652173913043478
87,24,48,0.20833333333333334,-0.08333333333333334,0.20833333333333334
87,25,81,0.024691358024691357,-0.04938271604938271,0.2345679012345679
87,26,73,0.2054794520547945,0.1095890410958904,0.2602739726027397
88,0,51,0.0196078431372549,0.0196078431372549,0.47058823529411764
88,1,45,0.0,-0.044444444444444446,0.4666666666666667
88,2,51,0.0392156862745098,-0.1568627450980392,0.1568627450980392
88,3,54,0.018518518518518517,0.018518518518518517,0.07407407407407407
88,4,49,0.02040816326530612,0.02040816326530612,0.2857142857142857
88,5,53,0.20754716981132076,0.18867924528301888,0.20754716981132076
88,6,52,0.038461538461538464,0.038461538461538464,0.11538461538461539
88,7,58,0.1206896551724138,0.1206896551724138,0.2586206896551724
88,8,62,0.20967741935483872,-0.016129032258064502,0.03225806451612903
88,9,66,0.015151515151515152,0.0,0.33333333333333337
88,10,71,0.11267605633802817,0.08450704225352113,0.0
88,11,68,0.08823529411764706,0.0,0.1176470588235294
88,12,54,0.09259259259259259,0.018518518518518517,0.16666666666666666
88,13,66,0.045454545454545456,0.0,0.07575757575757576
88,14,60,0.16666666666666666,0.13333333333333333,0.033333333333333354
88,15,54,0.3888888888888889,0.33333333333333337,0.20370370370370366
88,16,71,0.0,-0.014084507042253521,0.09859154929577464
88,17,60,0.08333333333333333,0.06666666666666667,0.05
88,18,66,0.030303030303030304,-0.12121212121212122,0.8030303030303031
88,19,52,0.038461538461538464,-0.019230769230769232,0.48076923076923084
88,20,92,0.03260869565217391,0.021739130434782608,0.05434782608695652
88,21,55,0.14545454545454545,-0.07272727272727272,0.509090909090909
88,22,57,0.631578947368421,0.42105263157894735,0.0
88,23,46,0.2608695652173913,-0.3478260869565218,0.43478260869565216
88,24,48,0.3125,0.020833333333333315,0.10416666666666669
88,25,81,0.345679012345679,0.2716049382716049,0.0
88,26,73,0.410958904109589,0.3150684931506849,0.0547945205479452
89,0,51,0.21568627450980393,0.21568627450980393,0.2745098039215686
89,1,45,0.13333333333333333,0.08888888888888888,0.33333333333333337
89,2,51,0.0392156862745098,-0.1568627450980392,0.1568627450980392
89,3,54,0.018518518518518517,0.018518518518518517,0.07407407407407407
89,4,49,0.20408163265306123,0.20408163265306123,0.10204081632653061
89,5,53,0.3018867924528302,0.2830188679245283,0.11320754716981135
89,6,52,0.0,0.0,0.15384615384615385
89,7,58,0.017241379310344827,0.017241379310344827,0.3620689655172414
89,8,62,0.0,-0.22580645161290322,0.24193548387096775
89,9,66,0.21212121212121213,0.19696969696969696,0.13636363636363638
89,10,71,0.0,-0.028169014084507043,0.11267605633802817
89,11,68,0.014705882352941176,-0.07352941176470588,0.19117647058823528
89,12,54,0.09259259259259259,0.018518518518518517,0.16666666666666666
89,13,66,0.030303030303030304,-0.015151515151515152,0.09090909090909091
89,14,60,0.016666666666666666,-0.016666666666666666,0.18333333333333335
89,15,54,0.018518518518518517,-0.037037037037037035,0.5740740740740741
89,16,71,0.014084507042253521,0.0,0.08450704225352113
89,17,60,0.05,0.03333333333333334,0.08333333333333333
89,18,66,0.42424242424242425,0.2727272727272727,0.4090909090909091
89,19,52,0.19230769230769232,0.13461538461538464,0.326923076923077
89,20,92,0.021739130434782608,0.010869565217391304,0.06521739130434782
89,21,55,0.23636363636363636,0.018181818181818188,0.4181818181818182
89,22,57,0.07017543859649122,-0.14035087719298245,0.5614035087719298
89,23,46,0.2391304347826087,-0.3695652173913044,0.45652173913043476
89,24,48,0.14583333333333334,-0.14583333333333334,0.27083333333333337
89,25,81,0.037037037037037035,-0.037037037037037035,0.30864197530864196
89,26,73,0.273972602739726,0.1780821917808219,0.1917808219178082
90,0,51,0.0,0.0,0.49019607843137253
90,1,45,0.0,-0.044444444444444446,0.4666666666666667
90,2,51,0.0,-0.19607843137254902,0.19607843137254902
90,3,54,0.018518518518518517,0.018518518518518517,0.07407407407407407
90,4,49,0.04081632653061224,0.04081632653061224,0.2653061224489796
90,5,53,0.09433962264150944,0.07547169811320756,0.3207547169811321
90,6,52,0.038461538461538464,0.038461538461538464,0.11538461538461539
90,7,58,0.1206896551724138,0.1206896551724138,0.2586206896551724
90,8,62,0.1774193548387097,-0.04838709677419353,0.06451612903225806
90,9,66,0.0,-0.015151515151515152,0.3484848484848485
90,10,71,0.11267605633802817,0.08450704225352113,0.0
90,11,68,0.14705882352941177,0.058823529411764705,0.05882352941176469
90,12,54,0.09259259259259259,0.018518518518518517,0.16666666666666666
90,13,66,0.045454545454545456,0.0,0.07575757575757576
90,14,60,0.16666666666666666,0.13333333333333333,0.033333333333333354
90,15,54,0.4074074074074074,0.35185185185185186,0.18518518518518517
90,16,71,0.014084507042253521,0.0,0.08450704225352113
90,17,60,0.1,0.08333333333333334,0.033333333333333326
90,18,66,0.015151515151515152,-0.13636363636363635,0.8181818181818182
90,19,52,0.038461538461538464,-0.019230769230769232,0.48076923076923084
90,20,92,0.03260869565217391,0.021739130434782608,0.05434782608695652
90,21,55,0.12727272727272726,-0.09090909090909091,0.5272727272727273
90,22,57,0.5964912280701754,0.38596491228070173,0.03508771929824561
90,23,46,0.3695652173913043,-0.23913043478260876,0.32608695652173914
90,24,48,0.08333333333333333,-0.20833333333333337,0.33333333333333337
90,25,81,0.25925925925925924,0.18518518518518517,0.08641975308641975
90,26,73,0.3424657534246575,0.2465753424657534,0.1232876712328767
