trial,round,phase,acc_after,acc_before,alpha_mean,avg_forgetting,bwt,contribution_ratio,eval_acc,eval_loss,expanded_depth,expanded_width,expansion_g,incorp_accepted,incorp_active_adapters,incorp_candidacies_proposed,incorp_candidacy_pending,incorp_confirmed,incorp_last_vote_favorable_fraction,incorp_monitoring,incorp_rejected,incorp_reverted,num_classes_seen,partition_id,server_eval_acc,server_eval_loss,train_loss,vote,worst_class_bwt,worst_class_bwt_id,worst_class_forgetting,worst_class_forgetting_id
trial_0000,1,train,,,0.25026713179636606,,,0.002416013521171776,,,0.0,0.0,0.017890783433531336,0,0,0,0,0,,0,0,0,,,,,2.214080249709922,,,,,
trial_0000,1,eval,,,,,,,0.29411764705882354,2.148765031029196,,,,,,,,,,,,,,,,,,,,,,
trial_0000,1,global,,,,,,,,,,,,0,0,0,0,0,,0,0,0,9,,0.12210526315789473,2.2200303183103864,,,,,,
trial_0000,2,train,,,0.2502527199214018,,,0.0035731022281548642,,,0.0,0.0,0.03085463703197392,0,0,0,0,0,,0,0,0,,,,,2.0286218991762475,,,,,
trial_0000,2,eval,,,,,,,0.058823529411764705,2.199983835220337,,,,,,,,,,,,,,,,,,,,,,
trial_0000,2,global,,,,0.10239651416122003,-0.018445896877269424,,,,,,,0,0,0,0,0,,0,0,0,9,,0.09473684210526316,2.2649330447849474,,,-0.9215686274509803,0,0.9215686274509803,0
trial_0000,3,train,,,0.2502961509589907,,,0.005950989531753939,,,0.0,0.0,0.0385480392347031,0,0,0,0,0,,0,0,0,,,,,1.9537261817525708,,,,,
trial_0000,3,eval,,,,,,,0.058823529411764705,2.1353903307634243,,,,,,,,,,,,,,,,,,,,,,
trial_0000,3,global,,,,0.09760348583877994,-0.013652868554829327,,,,,,,0,0,0,0,0,,0,0,0,9,,0.10105263157894737,2.2455621531135157,,,-0.7450980392156862,0,0.7450980392156862,0
trial_0000,4,train,,,0.2503933812244029,,,0.008819193473156494,,,0.0,0.0,0.03326771202721174,0,0,0,0,0,,0,0,0,,,,,1.8916055675800338,,,,,
trial_0000,4,eval,,,,,,,0.11764705882352941,2.1469300985336304,,,,,,,,,,,,,,,,,,,,,,
trial_0000,4,global,,,,0.08685548293391429,0.008433002830761939,,,,,,,0,0,0,0,0,,0,0,0,9,,0.12421052631578948,2.2539782260593615,,,-0.4705882352941176,0,0.4705882352941176,0
trial_0000,5,train,,,0.2504912901528274,,,0.011326086200490783,,,0.0,0.0,0.034496871014184596,0,0,0,0,0,,0,0,0,,,,,1.9351008343294198,,,,,
trial_0000,5,eval,,,,,,,0.1764705882352941,2.04964194578283,,,,,,,,,,,,,,,,,,,,,,
trial_0000,5,global,,,,0.0970225127087872,0.06965797071516779,,,,,,,0,0,0,0,0,,0,0,0,9,,0.19157894736842104,2.1710818872953714,,,-0.11764705882352933,0,0.7555555555555555,1
trial_0000,6,train,,,0.2506220031388198,,,0.01470013424942765,,,0.0,0.0,0.0302200520057467,0,0,0,0,0,,0,0,0,,,,,1.751485974979803,,,,,
trial_0000,6,eval,,,,,,,0.11764705882352941,2.172377186663011,,,,,,,,,,,,,,,,,,,,,,
trial_0000,6,global,,,,0.15216327869260007,0.01451720473135492,,,,,,,0,0,0,0,0,,0,0,0,9,,0.13052631578947368,2.3676040915439005,,,-0.37254901960784303,0,0.5306122448979591,4
trial_0000,7,train,,,0.250727941341038,,,0.017803414430044875,,,0.0,0.0,0.045073007735647735,0,0,0,0,0,,0,0,0,,,,,1.7175850005592475,,,,,
trial_0000,7,eval,,,,,,,0.4117647058823529,1.9160126938539392,,,,,,,,,,,,,,,,,,,,,,
trial_0000,7,global,,,,0.18251448727639202,0.11960469406761375,,,,,,,0,0,0,0,0,,0,0,0,9,,0.25684210526315787,2.0384593893352307,,,-0.6666666666666666,0,0.9555555555555556,1
trial_0000,8,train,,,0.25081843250914465,,,0.020348850967763347,,,0.0,0.0,0.03323987759649754,0,0,0,0,0,,0,0,0,,,,,1.5591305396224877,,,,,
trial_0000,8,eval,,,,,,,0.1764705882352941,2.2104773801915787,,,,,,,,,,,,,,,,,,,,,,
trial_0000,8,global,,,,0.23681549714631236,0.06530368419769343,,,,,,,0,0,0,0,0,,0,0,0,9,,0.18105263157894738,2.412965182003222,,,-0.33333333333333326,0,0.6612903225806451,8
trial_0000,9,train,,,0.2509597294692752,,,0.023710572455502763,,,0.0,0.0,0.05575390180832224,0,0,0,0,0,,0,0,0,,,,,1.5305775862957354,,,,,
trial_0000,9,eval,,,,,,,0.47058823529411764,1.6887323786230648,,,,,,,,,,,,,,,,,,,,,,
trial_0000,9,global,,,,0.15794934461239693,0.16680358158757594,,,,,,,0,0,0,0,0,,0,0,0,9,,0.29894736842105263,1.967004024104068,,,-0.5098039215686274,0,0.7333333333333334,1
trial_0000,10,train,,,0.25099746637706516,,,0.025598516003995,,,0.0,0.0,0.037809208912562724,0,0,0,0,0,,0,0,0,,,,,1.3636344764303054,,,,,
trial_0000,10,eval,,,,,,,0.23529411764705882,1.92318210181068,,,,,,,,,,,,,,,,,,,,,,
trial_0000,10,global,,,,0.2194494427994442,0.12797922036197992,,,,,,,0,0,0,0,0,,0,0,0,9,,0.2505263157894737,2.143256294852809,,,-0.2549019607843137,0,0.5555555555555556,1
trial_0000,11,train,,,0.25094729107479713,,,0.01083763558850732,,,0.0,0.0,0.015854961162996284,0,0,0,0,0,,0,0,0,,,,,17.074639715889624,,,,,
trial_0000,11,eval,,,,,,,0.2631578947368421,2.0463139257932963,,,,,,,,,,,,,,,,,,,,,,
trial_0000,11,global,,,,0.47698567114980467,-0.12955700798838052,,,,,,,0,0,0,0,0,,0,0,0,18,,0.09952153110047847,5.532682615033748,,,-0.9215686274509803,0,1.0,1
trial_0000,12,train,,,0.2509141515853793,,,0.01219809193943822,,,0.0,1.0,0.17877292480579646,0,0,0,0,0,,0,0,0,,,,,2.0444159771120827,,,,,
trial_0000,12,eval,,,,,,,0.2631578947368421,1.9944513785211662,,,,,,,,,,,,,,,,,,,,,,
trial_0000,12,global,,,,0.2837458350532539,-0.06328941940191134,,,,,,,0,0,0,0,0,,0,0,0,18,,0.09760765550239234,4.226769098254482,,,-0.9215686274509803,0,1.0,1
trial_0000,13,train,,,0.25089781263539956,,,0.011232521125050477,,,0.0,0.0,0.04869754031993623,0,0,0,0,0,,0,0,0,,,,,1.7826952014782633,,,,,
trial_0000,13,eval,,,,,,,0.47368421052631576,1.8146176965613114,,,,,,,,,,,,,,,,,,,,,,
trial_0000,13,global,,,,0.2837561021973699,-0.04908345010756867,,,,,,,0,0,0,0,0,,0,0,0,18,,0.11387559808612441,4.641330756867331,,,-0.9215686274509803,0,1.0,1
trial_0000,14,train,,,0.2508694512206454,,,0.011551641014426253,,,0.0,0.0,0.05233149791006433,0,0,0,0,0,,0,0,0,,,,,1.611443130544914,,,,,
trial_0000,14,eval,,,,,,,0.3157894736842105,1.9006078180513883,,,,,,,,,,,,,,,,,,,,,,
trial_0000,14,global,,,,0.2809379067413212,-0.037398812451744416,,,,,,,0,0,0,0,0,,0,0,0,18,,0.12631578947368421,4.261829773661052,,,-0.9215686274509803,0,1.0,1
trial_0000,15,train,,,0.25085006480993227,,,0.011147740361995475,,,0.0,0.0,0.04220653618144435,0,0,0,0,0,,0,0,0,,,,,1.5802473190218902,,,,,
trial_0000,15,eval,,,,,,,0.3684210526315789,1.7644811617700678,,,,,,,,,,,,,,,,,,,,,,
trial_0000,15,global,,,,0.2844662476235238,-0.031677246861818345,,,,,,,0,0,0,0,0,,0,0,0,18,,0.1320574162679426,4.632723778628847,,,-0.9215686274509803,0,1.0,1
trial_0000,16,train,,,0.25084440098252403,,,0.012729496630125268,,,0.0,0.0,0.04635455591907336,0,0,0,0,0,,0,0,0,,,,,1.4406356367953987,,,,,
trial_0000,16,eval,,,,,,,0.42105263157894735,1.8290293530413977,,,,,,,,,,,,,,,,,,,,,,
trial_0000,16,global,,,,0.27774610347127066,-0.017060320595255692,,,,,,,0,0,0,0,0,,0,0,0,18,,0.1492822966507177,4.320656227495111,,,-0.9215686274509803,0,1.0,1
trial_0000,17,train,,,0.25085540843564413,,,0.012335137918938038,,,0.0,0.0,0.04185446025153925,0,0,0,0,0,,0,0,0,,,,,1.4365070171134418,,,,,
trial_0000,17,eval,,,,,,,0.3684210526315789,1.7627418543163098,,,,,,,,,,,,,,,,,,,,,,
trial_0000,17,global,,,,0.299404601365615,-0.030217134987916536,,,,,,,0,0,0,0,0,,0,0,0,18,,0.13301435406698564,4.708258381528718,,,-0.9215686274509803,0,1.0,1
trial_0000,18,train,,,0.25087029504221536,,,0.013987707840495332,,,0.0,0.0,0.04641659905657519,0,0,0,0,0,,0,0,0,,,,,1.329811826925869,,,,,
trial_0000,18,eval,,,,,,,0.42105263157894735,1.7245127715562518,,,,,,,,,,,,,,,,,,,,,,
trial_0000,18,global,,,,0.29079694543907847,-0.0027449074190305832,,,,,,,0,0,0,0,0,,0,0,0,18,,0.16172248803827752,4.425245090648889,,,-0.9215686274509803,0,1.0,1
trial_0000,19,train,,,0.2508979453596958,,,0.014032585849595623,,,0.0,0.0,0.04078081453782182,0,0,0,0,0,,0,0,0,,,,,1.305794114983359,,,,,
trial_0000,19,eval,,,,,,,0.3157894736842105,1.87861682866749,,,,,,,,,,,,,,,,,,,,,,
trial_0000,19,global,,,,0.33546141671912555,-0.04572587701557599,,,,,,,0,0,0,0,0,,0,0,0,18,,0.11578947368421053,4.840244726701216,,,-0.9215686274509803,0,1.0,1
trial_0000,20,train,,,0.25091803281806235,,,0.016241118485151335,,,0.0,0.0,0.04957246180017328,0,0,0,0,0,,0,0,0,,,,,1.2219435773616614,,,,,
trial_0000,20,eval,,,,,,,0.3684210526315789,1.766103656668412,,,,,,,,,,,,,,,,,,,,,,
trial_0000,20,global,,,,0.31699313359328923,-0.011660306461466362,,,,,,,0,0,0,0,0,,0,0,0,18,,0.15023923444976076,4.5232132428000416,,,-0.9215686274509803,0,1.0,1
trial_0000,21,train,,,0.2508719091085677,,,0.012402081663938278,,,0.0,0.0,0.01784427631448241,0,0,0,0,0,,0,0,0,,,,,17.10953141273336,,,,,
trial_0000,21,eval,,,,,,,0.10526315789473684,1.964835574752406,,,,,,,,,,,,,,,,,,,,,,
trial_0000,21,global,,,,0.4543615010569343,-0.14902867392511135,,,,,,,0,0,0,0,0,,0,0,0,27,,0.051393188854489166,8.65327197095558,,,-0.9215686274509803,0,1.0,1
trial_0000,22,train,,,0.25088538039237895,,,0.016075332748129015,,,0.0,1.0,0.19799145885763017,0,0,0,0,0,,0,0,0,,,,,2.3527269067493735,,,,,
trial_0000,22,eval,,,,,,,0.3157894736842105,2.085642532298439,,,,,,,,,,,,,,,,,,,,,,
trial_0000,22,global,,,,0.3502659116498236,-0.0922595903623183,,,,,,,0,0,0,0,0,,0,0,0,27,,0.06873065015479876,7.441416394968889,,,-0.9215686274509803,0,1.0,1
trial_0000,23,train,,,0.2508767231347713,,,0.01724764435215199,,,0.0,0.0,0.05411856002471549,0,0,0,0,0,,0,0,0,,,,,1.9818756876262367,,,,,
trial_0000,23,eval,,,,,,,0.5263157894736842,1.6857478053946242,,,,,,,,,,,,,,,,,,,,,,
trial_0000,23,global,,,,0.35885421009319457,-0.0740342839681941,,,,,,,0,0,0,0,0,,0,0,0,27,,0.08978328173374613,7.14748643810166,,,-0.9215686274509803,0,1.0,1
trial_0000,24,train,,,0.250887689755318,,,0.01822700224658276,,,0.0,0.0,0.037426331433209975,0,0,0,0,0,,0,0,0,,,,,1.6836216779465372,,,,,
trial_0000,24,eval,,,,,,,0.5789473684210527,1.6091046960730302,,,,,,,,,,,,,,,,,,,,,,
trial_0000,24,global,,,,0.3586868180424063,-0.07073918226795707,,,,,,,0,0,0,0,0,,0,0,0,27,,0.09040247678018576,7.07195170494056,,,-0.9215686274509803,0,1.0,1
trial_0000,25,train,,,0.2509007162236153,,,0.018048248075424357,,,0.0,0.0,0.034082173389640265,0,0,0,0,0,,0,0,0,,,,,1.5855405605431143,,,,,
trial_0000,25,eval,,,,,,,0.5789473684210527,1.571153107442354,,,,,,,,,,,,,,,,,,,,,,
trial_0000,25,global,,,,0.3610471151819607,-0.07167497798301006,,,,,,,0,0,0,0,0,,0,0,0,27,,0.08978328173374613,7.246123825876336,,,-0.9215686274509803,0,1.0,1
trial_0000,26,train,,,0.25092425815602565,,,0.01932030979623186,,,0.0,0.0,0.03308830831120623,0,0,0,0,0,,0,0,0,,,,,1.5656269425196006,,,,,
trial_0000,26,eval,,,,,,,0.5789473684210527,1.5129262585388987,,,,,,,,,,,,,,,,,,,,,,
trial_0000,26,global,,,,0.356698377495594,-0.0666764677170462,,,,,,,0,0,0,0,0,,0,0,0,27,,0.09535603715170278,7.202185429434289,,,-0.9215686274509803,0,1.0,1
trial_0000,27,train,,,0.250934917241969,,,0.020388806119878238,,,0.0,0.0,0.03205311651480325,0,0,0,0,0,,0,0,0,,,,,1.482703189900581,,,,,
trial_0000,27,eval,,,,,,,0.5789473684210527,1.4788579878054167,,,,,,,,,,,,,,,,,,,,,,
trial_0000,27,global,,,,0.3561947220790348,-0.06487326714129273,,,,,,,0,0,0,0,0,,0,0,0,27,,0.09721362229102168,7.333984476567791,,,-0.9215686274509803,0,1.0,1
trial_0000,28,train,,,0.25095262235783516,,,0.021225966037587918,,,0.0,0.0,0.030608620637274802,0,0,0,0,0,,0,0,0,,,,,1.4150014409782194,,,,,
trial_0000,28,eval,,,,,,,0.5789473684210527,1.4489376105760272,,,,,,,,,,,,,,,,,,,,,,
trial_0000,28,global,,,,0.355885312521647,-0.06223663458961824,,,,,,,0,0,0,0,0,,0,0,0,27,,0.09969040247678018,7.358185319930039,,,-0.9215686274509803,0,1.0,1
trial_0000,29,train,,,0.2509749582473268,,,0.02237492149814646,,,0.0,0.0,0.030570079948990907,0,0,0,0,0,,0,0,0,,,,,1.3922029921771788,,,,,
trial_0000,29,eval,,,,,,,0.5263157894736842,1.4764567550859953,,,,,,,,,,,,,,,,,,,,,,
trial_0000,29,global,,,,0.3687587208708735,-0.07454887571101082,,,,,,,0,0,0,0,0,,0,0,0,27,,0.08668730650154799,7.475925625071806,,,-0.9215686274509803,0,1.0,1
trial_0000,30,train,,,0.2510190276389426,,,0.02508636136004265,,,0.0,0.0,0.03275516588399385,0,0,0,0,0,,0,0,0,,,,,1.4165623813656205,,,,,
trial_0000,30,eval,,,,,,,0.5789473684210527,1.421211807351363,,,,,,,,,,,,,,,,,,,,,,
trial_0000,30,global,,,,0.3681385121002372,-0.07327889436077732,,,,,,,0,0,0,0,0,,0,0,0,27,,0.08792569659442724,7.586461870884379,,,-0.9215686274509803,0,1.0,1
trial_0000,31,train,,,0.2510695917175171,,,0.02675609306452122,,,0.0,0.0,0.031339614164639026,0,0,0,0,0,,0,0,0,,,,,1.3087922778535397,,,,,
trial_0000,31,eval,,,,,,,0.47368421052631576,1.4561274992792228,,,,,,,,,,,,,,,,,,,,,,
trial_0000,31,global,,,,0.3657446991974315,-0.07088508145797172,,,,,,,0,0,0,0,0,,0,0,0,27,,0.08978328173374613,7.53579804269891,,,-0.9215686274509803,0,1.0,1
trial_0000,32,train,,,0.2511251854135635,,,0.028860037472653897,,,0.0,0.0,0.03295583189564182,0,0,1,1,0,,0,0,0,,,,,1.365308826485424,,,,,
trial_0000,32,eval,0.42105263157894735,0.42105263157894735,,,,,,,,,,,,,,,,,,,,2.1052631578947367,,,,0.0,,,,
trial_0000,32,global,,,,0.3658938952035824,-0.07038450488452541,,,,,,,0,0,1,0,0,0.0,0,1,0,27,,0.09164086687306501,7.7281890113287295,,,-0.9215686274509803,0,1.0,1
trial_0000,33,train,,,0.2511796919589347,,,0.030474936391444912,,,0.0,0.0,0.03259159119680841,0,0,1,0,0,0.0,0,1,0,,,,,1.1980466559423621,,,,,
trial_0000,33,eval,,,,,,,0.5789473684210527,1.4358171224594116,,,,,,,,,,,,,,,,,,,,,,
trial_0000,33,global,,,,0.36275474418117487,-0.06659558128252076,,,,,,,0,0,1,0,0,0.0,0,1,0,27,,0.09287925696594428,7.545247666680776,,,-0.9215686274509803,0,1.0,1
trial_0000,34,train,,,0.25122845046063685,,,0.032168030738830566,,,0.0,0.0,0.032344839452429025,0,0,1,0,0,0.0,0,1,0,,,,,1.2506935321692878,,,,,
trial_0000,34,eval,,,,,,,0.5789473684210527,1.3393384061361613,,,,,,,,,,,,,,,,,,,,,,
trial_0000,34,global,,,,0.3615425838586244,-0.0653834209599703,,,,,,,0,0,1,0,0,0.0,0,1,0,27,,0.09845201238390093,7.761413335652543,,,-0.9215686274509803,0,1.0,1
trial_0000,35,train,,,0.25126737704936497,,,0.03336760021270589,,,0.0,0.0,0.0344778039770082,0,0,1,0,0,0.0,0,1,0,,,,,1.2171308241837413,,,,,
trial_0000,35,eval,,,,,,,0.5789473684210527,1.4749424269324853,,,,,,,,,,,,,,,,,,,,,,
trial_0000,35,global,,,,0.36849321584370426,-0.07177288571721621,,,,,,,0,0,1,0,0,0.0,0,1,0,27,,0.08668730650154799,7.699849412758653,,,-0.9215686274509803,0,1.0,1
trial_0000,36,train,,,0.25131089731733847,,,0.035384778646712606,,,0.0,0.0,0.03604649579588404,0,0,1,0,0,0.0,0,1,0,,,,,1.2321430548285761,,,,,
trial_0000,36,eval,,,,,,,0.631578947368421,1.287848174571991,,,,,,,,,,,,,,,,,,,,,,
trial_0000,36,global,,,,0.3550218977463895,-0.05224614670442545,,,,,,,0,0,1,0,0,0.0,0,1,0,27,,0.11207430340557276,7.646240613482685,,,-0.9215686274509803,0,1.0,1
trial_0000,37,train,,,0.2513331818453809,,,0.03545067760538548,,,0.0,0.0,0.031600620702622415,0,0,1,0,0,0.0,0,1,0,,,,,0.9577143069700147,,,,,
trial_0000,37,eval,,,,,,,0.5789473684210527,1.2810517078951784,,,,,,,,,,,,,,,,,,,,,,
trial_0000,37,global,,,,0.3500171245031549,-0.04368174976426742,,,,,,,0,0,1,0,0,0.0,0,1,0,27,,0.11517027863777089,7.551901067964064,,,-0.9215686274509803,0,1.0,1
trial_0000,38,train,,,0.25136187957956435,,,0.036697441593129584,,,0.0,0.0,0.03182744617237056,0,0,1,0,0,0.0,0,1,0,,,,,0.989018532189917,,,,,
trial_0000,38,eval,,,,,,,0.6842105263157895,1.3010250079004388,,,,,,,,,,,,,,,,,,,,,,
trial_0000,38,global,,,,0.3445780657877853,-0.0375929184693007,,,,,,,0,0,1,0,0,0.0,0,1,0,27,,0.11826625386996904,7.5787167150538775,,,-0.9215686274509803,0,1.0,1
trial_0000,39,train,,,0.25139262321147515,,,0.03814371976446598,,,0.0,0.0,0.03036035423345388,0,0,1,0,0,0.0,0,1,0,,,,,0.9524724147421249,,,,,
trial_0000,39,eval,,,,,,,0.5789473684210527,1.268182236897318,,,,,,,,,,,,,,,,,,,,,,
trial_0000,39,global,,,,0.3484653385953888,-0.040675038297838174,,,,,,,0,0,1,0,0,0.0,0,1,0,27,,0.11764705882352941,7.697597598143775,,,-0.9215686274509803,0,1.0,1
trial_0000,40,train,,,0.2514292879941616,,,0.03836148343187697,,,0.0,0.0,0.03310738753012203,0,0,2,1,0,0.0,0,1,0,,,,,1.0447474879787322,,,,,
trial_0000,40,eval,0.42105263157894735,0.42105263157894735,,,,,,,,,,,,,,,,,,,,2.1052631578947367,,,,0.0,,,,
trial_0000,40,global,,,,0.36026543106900405,-0.0524751307714534,,,,,,,0,0,2,0,0,0.0,0,2,0,27,,0.10897832817337462,8.003529308307282,,,-0.9215686274509803,0,1.0,1
trial_0000,41,train,,,0.25145900503117985,,,0.03930452466011047,,,0.0,0.0,0.0358375173636732,0,0,2,0,0,0.0,0,2,0,,,,,1.024376152783421,,,,,
trial_0000,41,eval,,,,,,,0.5789473684210527,1.275393790320346,,,,,,,,,,,,,,,,,,,,,,
trial_0000,41,global,,,,0.35115391450203404,-0.04336361420448341,,,,,,,0,0,2,0,0,0.0,0,2,0,27,,0.11640866873065016,7.913190656254535,,,-0.9215686274509803,0,1.0,1
trial_0000,42,train,,,0.25149095185259557,,,0.04011287492640475,,,0.0,0.0,0.03400723223792429,0,0,2,0,0,0.0,0,2,0,,,,,1.0048391584386218,,,,,
trial_0000,42,eval,,,,,,,0.631578947368421,1.229789978579471,,,,,,,,,,,,,,,,,,,,,,
trial_0000,42,global,,,,0.35062119964789523,-0.04283089935034456,,,,,,,0,0,2,0,0,0.0,0,2,0,27,,0.11640866873065016,7.808374474587455,,,-0.9215686274509803,0,1.0,1
trial_0000,43,train,,,0.2515162102719571,,,0.04146703126582693,,,0.0,0.0,0.03236315380088352,0,0,2,0,0,0.0,0,2,0,,,,,0.8156940075733982,,,,,
trial_0000,43,eval,,,,,,,0.5263157894736842,1.3425103582833942,,,,,,,,,,,,,,,,,,,,,,
trial_0000,43,global,,,,0.3531477083211112,-0.044122840122326014,,,,,,,0,0,2,0,0,0.0,0,2,0,27,,0.11331269349845201,8.16252707608344,,,-0.9215686274509803,0,1.0,1
trial_0000,44,train,,,0.25154527324311277,,,0.04236253715576009,,,0.0,0.0,0.03834211454389895,0,0,2,0,0,0.0,0,2,0,,,,,0.8344793085088121,,,,,
trial_0000,44,eval,,,,,,,0.631578947368421,1.2120962362540393,,,,,,,,,,,,,,,,,,,,,,
trial_0000,44,global,,,,0.34550439470689454,-0.03500097285564266,,,,,,,0,0,2,0,0,0.0,0,2,0,27,,0.1238390092879257,7.723261154694454,,,-0.9215686274509803,0,1.0,1
trial_0000,45,train,,,0.2515538233391782,,,0.04367253120909346,,,0.0,0.0,0.029760403374328896,0,0,2,0,0,0.0,0,2,0,,,,,0.6872628854310259,,,,,
trial_0000,45,eval,,,,,,,0.5789473684210527,1.3028449886723568,,,,,,,,,,,,,,,,,,,,,,
trial_0000,45,global,,,,0.34794009023035855,-0.03608986703230529,,,,,,,0,0,2,0,0,0.0,0,2,0,27,,0.12012383900928793,7.938184370861703,,,-0.9215686274509803,0,1.0,1
trial_0000,46,train,,,0.2515720433377205,,,0.04442167218695295,,,0.0,0.0,0.033202513705622015,0,0,3,1,0,0.0,0,2,0,,,,,0.722515936861647,,,,,
trial_0000,46,eval,0.631578947368421,0.5789473684210527,,,,,,,,,,,,,,,,,,,,2.1052631578947367,,,,0.2631578947368421,,,,
trial_0000,46,global,,,,0.345907257931819,-0.03271023338696439,,,,,,,0,0,3,0,0,0.25,0,3,0,27,,0.12445820433436533,7.777688267946981,,,-0.9215686274509803,0,1.0,1
trial_0000,47,train,,,0.251594806605197,,,0.04493599939853586,,,0.0,0.0,0.02949562472826306,0,0,3,0,0,0.25,0,3,0,,,,,0.6993134734055675,,,,,
trial_0000,47,eval,,,,,,,0.5263157894736842,1.3134584991555465,,,,,,,,,,,,,,,,,,,,,,
trial_0000,47,global,,,,0.3497062107974688,-0.03112198086540876,,,,,,,0,0,3,0,0,0.25,0,3,0,27,,0.1238390092879257,7.670663711973019,,,-0.9215686274509803,0,1.0,1
trial_0000,48,train,,,0.2516143068354181,,,0.04617288835505222,,,0.0,0.0,0.027950844290527577,0,0,4,1,0,0.25,0,3,0,,,,,0.6810477205836181,,,,,
trial_0000,48,eval,0.3157894736842105,0.3157894736842105,,,,,,,,,,,,,,,,,,,,2.1052631578947367,,,,0.0,,,,
trial_0000,48,global,,,,0.3466814488761389,-0.0173474635718979,,,,,,,0,0,4,0,0,0.0,0,4,0,27,,0.13622291021671826,7.412945641674124,,,-0.9215686274509803,0,1.0,1
trial_0000,49,train,,,0.251627911595588,,,0.04817797275299722,,,0.0,0.0,0.02475102031306225,0,0,4,0,0,0.0,0,4,0,,,,,0.6394828320183652,,,,,
trial_0000,49,eval,,,,,,,0.47368421052631576,1.3695929364154211,,,,,,,,,,,,,,,,,,,,,,
trial_0000,49,global,,,,0.3511301564122482,-0.021083920395756493,,,,,,,0,0,4,0,0,0.0,0,4,0,27,,0.1325077399380805,7.363065768026346,,,-0.9215686274509803,0,1.0,1
trial_0000,50,train,,,0.2516457146786629,,,0.04848677744256689,,,0.0,0.0,0.025708726699404577,0,0,4,0,0,0.0,0,4,0,,,,,0.6421587938535298,,,,,
trial_0000,50,eval,,,,,,,0.5263157894736842,1.4160413020535518,,,,,,,,,,,,,,,,,,,,,,
trial_0000,50,global,,,,0.3482771231164649,-0.008931434398537315,,,,,,,0,0,4,0,0,0.0,0,4,0,27,,0.14241486068111456,7.402965914132794,,,-0.9215686274509803,0,1.0,1
trial_0000,51,train,,,0.2516669041298805,,,0.05087143246163713,,,0.0,0.0,0.026106065831721783,0,0,4,0,0,0.0,0,4,0,,,,,0.60964054429362,,,,,
trial_0000,51,eval,,,,,,,0.47368421052631576,1.3009588247851323,,,,,,,,,,,,,,,,,,,,,,
trial_0000,51,global,,,,0.36904622058678427,-0.029700531868856652,,,,,,,0,0,4,0,0,0.0,0,4,0,27,,0.1256965944272446,7.759382719152114,,,-0.9215686274509803,0,1.0,1
trial_0000,52,train,,,0.2516818338252128,,,0.05098558233139362,,,0.0,0.0,0.0245352570135939,0,0,4,0,0,0.0,0,4,0,,,,,0.6871729809658746,,,,,
trial_0000,52,eval,,,,,,,0.5789473684210527,1.2396324935712313,,,,,,,,,,,,,,,,,,,,,,
trial_0000,52,global,,,,0.3611447337012607,-0.02018873902520108,,,,,,,0,0,4,0,0,0.0,0,4,0,27,,0.13436532507739937,7.746138702014651,,,-0.9215686274509803,0,1.0,1
trial_0000,53,train,,,0.25169905861641495,,,0.05397134290096607,,,0.0,0.0,0.024836309242280242,0,0,5,1,0,0.0,0,4,0,,,,,0.5962622687748983,,,,,
trial_0000,53,eval,0.5263157894736842,0.47368421052631576,,,,,,,,,,,,,,,,,,,,2.1052631578947367,,,,0.3684210526315789,,,,
trial_0000,53,global,,,,0.36873096880785594,-0.027062723419545527,,,,,,,0,0,5,0,0,0.25,0,5,0,27,,0.12755417956656348,7.82899885384291,,,-0.9215686274509803,0,1.0,1
trial_0000,54,train,,,0.2517207461468717,,,0.053340013039873,,,0.0,0.0,0.02467395495573812,0,0,5,0,0,0.25,0,5,0,,,,,0.5467467259959126,,,,,
trial_0000,54,eval,,,,,,,0.5263157894736842,1.2709716683939882,,,,,,,,,,,,,,,,,,,,,,
trial_0000,54,global,,,,0.36281319601794865,-0.01646941315471098,,,,,,,0,0,5,0,0,0.25,0,5,0,27,,0.13746130030959752,7.889176924383677,,,-0.9215686274509803,0,1.0,1
trial_0000,55,train,,,0.2517359694267841,,,0.05774801715891412,,,0.0,0.0,0.02526574376078838,0,0,5,0,0,0.25,0,5,0,,,,,0.5300509243252429,,,,,
trial_0000,55,eval,,,,,,,0.5263157894736842,1.3562957330753926,,,,,,,,,,,,,,,,,,,,,,
trial_0000,55,global,,,,0.3721734536243911,-0.02532231408941321,,,,,,,0,0,5,0,0,0.25,0,5,0,27,,0.12941176470588237,7.7945082389902405,,,-0.9215686274509803,0,1.0,1
trial_0000,56,train,,,0.2517693404187547,,,0.055781144093959886,,,0.0,0.0,0.024414366322688445,0,0,6,1,0,0.25,0,5,0,,,,,0.5197589186066431,,,,,
trial_0000,56,eval,0.3157894736842105,0.3157894736842105,,,,,,,,,,,,,,,,,,,,2.1052631578947367,,,,0.0,,,,
trial_0000,56,global,,,,0.36753947233994294,-0.020688332804965064,,,,,,,0,0,6,0,0,0.0,0,6,0,27,,0.13436532507739937,7.943028315966344,,,-0.9215686274509803,0,1.0,1
trial_0000,57,train,,,0.2517841169808773,,,0.059534296076348484,,,0.0,0.0,0.024316645831246167,0,0,6,0,0,0.0,0,6,0,,,,,0.4947914040997518,,,,,
trial_0000,57,eval,,,,,,,0.5789473684210527,1.3947896267238415,,,,,,,,,,,,,,,,,,,,,,
trial_0000,57,global,,,,0.36415825350163,-0.015882612542150693,,,,,,,0,0,6,0,0,0.0,0,6,0,27,,0.13560371517027864,7.723021438173466,,,-0.9215686274509803,0,1.0,1
trial_0000,58,train,,,0.25179925370723644,,,0.0568910076263103,,,0.0,0.0,0.023011924463145914,0,0,6,0,0,0.0,0,6,0,,,,,0.4681494338503966,,,,,
trial_0000,58,eval,,,,,,,0.5789473684210527,1.2849766894390706,,,,,,,,,,,,,,,,,,,,,,
trial_0000,58,global,,,,0.36230237626852474,-0.014026735309045456,,,,,,,0,0,6,0,0,0.0,0,6,0,27,,0.1393188854489164,7.932376755280392,,,-0.9215686274509803,0,1.0,1
trial_0000,59,train,,,0.25181873015900874,,,0.060420134600172655,,,0.0,0.0,0.020634884767709895,0,0,6,0,0,0.0,0,6,0,,,,,0.4628713578514173,,,,,
trial_0000,59,eval,,,,,,,0.5789473684210527,1.3317948438619311,,,,,,,,,,,,,,,,,,,,,,
trial_0000,59,global,,,,0.3682173702315878,-0.019941729272108466,,,,,,,0,0,6,0,0,0.0,0,6,0,27,,0.13312693498452013,7.8797114274819196,,,-0.9215686274509803,0,1.0,1
trial_0000,60,train,,,0.25184024743577266,,,0.061755246304451145,,,0.0,0.0,0.021421868607223515,0,0,6,0,0,0.0,0,6,0,,,,,0.5182671000031716,,,,,
trial_0000,60,eval,,,,,,,0.5789473684210527,1.2690570134865609,,,,,,,,,,,,,,,,,,,,,,
trial_0000,60,global,,,,0.36988506247791136,-0.020936020845031426,,,,,,,0,0,6,0,0,0.0,0,6,0,27,,0.13312693498452013,7.972443767819242,,,-0.9215686274509803,0,1.0,1
trial_0000,61,train,,,0.25186662217403977,,,0.06018712926418223,,,0.0,0.0,0.021087524471457734,0,0,7,1,0,0.0,0,6,0,,,,,0.5369961376942641,,,,,
trial_0000,61,eval,0.5263157894736842,0.5263157894736842,,,,,,,,,,,,,,,,,,,,2.1052631578947367,,,,0.0,,,,
trial_0000,61,global,,,,0.3675823259455791,-0.018633284312699158,,,,,,,0,0,7,0,0,0.0,0,7,0,27,,0.13498452012383902,8.110897520083023,,,-0.9215686274509803,0,1.0,1
trial_0000,62,train,,,0.251885730852472,,,0.06099770360804618,,,0.0,0.0,0.020790257167437688,0,0,8,1,0,0.0,0,7,0,,,,,0.45881636567572326,,,,,
trial_0000,62,eval,0.5789473684210527,0.5789473684210527,,,,,,,,,,,,,,,,,,,,2.1052631578947367,,,,0.2631578947368421,,,,
trial_0000,62,global,,,,0.3625782922968544,-0.013629250663974433,,,,,,,0,0,8,0,0,0.25,0,8,0,27,,0.1393188854489164,8.257922365643292,,,-0.9215686274509803,0,1.0,1
trial_0000,63,train,,,0.25190088533340615,,,0.059827969746386746,,,0.0,0.0,0.019602132455118874,0,0,8,0,0,0.25,0,8,0,,,,,0.43888826472750786,,,,,
trial_0000,63,eval,,,,,,,0.5789473684210527,1.204854579348313,,,,,,,,,,,,,,,,,,,,,,
trial_0000,63,global,,,,0.36445659852969636,-0.015507556896816356,,,,,,,0,0,8,0,0,0.25,0,8,0,27,,0.13808049535603714,8.334943999299323,,,-0.9215686274509803,0,1.0,1
trial_0000,64,train,,,0.25190979813007597,,,0.05920938164629834,,,0.0,0.0,0.01923085547651739,0,0,9,1,0,0.25,0,8,0,,,,,0.43667496872920514,,,,,
trial_0000,64,eval,0.3684210526315789,0.3684210526315789,,,,,,,,,,,,,,,,,,,,2.1052631578947367,,,,0.0,,,,
trial_0000,64,global,,,,0.3662725785217736,-0.017323536888893615,,,,,,,0,0,9,0,0,0.0,0,9,0,27,,0.13746130030959752,8.486418860467964,,,-0.9215686274509803,0,1.0,1
trial_0000,65,train,,,0.2519304961600202,,,0.061114492568563904,,,0.0,0.0,0.01887719966892272,0,0,9,0,0,0.0,0,9,0,,,,,0.4382469918816647,,,,,
trial_0000,65,eval,,,,,,,0.631578947368421,1.1360737775501453,,,,,,,,,,,,,,,,,,,,,,
trial_0000,65,global,,,,0.3658608947759535,-0.016911853143073512,,,,,,,0,0,9,0,0,0.0,0,9,0,27,,0.14055727554179567,8.549847442815917,,,-0.9215686274509803,0,1.0,1
trial_0000,66,train,,,0.251944085384937,,,0.06424371803060491,,,0.0,0.0,0.018397238617762927,0,0,9,0,0,0.0,0,9,0,,,,,0.45093082224434994,,,,,
trial_0000,66,eval,,,,,,,0.5789473684210527,1.2155769153645164,,,,,,,,,,,,,,,,,,,,,,
trial_0000,66,global,,,,0.36899215427357174,-0.01953575596895151,,,,,,,0,0,9,0,0,0.0,0,9,0,27,,0.13746130030959752,8.412179891391435,,,-0.9215686274509803,0,1.0,1
trial_0000,67,train,,,0.25196647992793547,,,0.06564324840586236,,,0.0,0.0,0.018886463728515393,0,0,9,0,0,0.0,0,9,0,,,,,0.45268265807882263,,,,,
trial_0000,67,eval,,,,,,,0.631578947368421,1.1730366631558067,,,,,,,,,,,,,,,,,,,,,,
trial_0000,67,global,,,,0.3703790747034195,-0.020922676398799307,,,,,,,0,0,9,0,0,0.0,0,9,0,27,,0.13808049535603714,8.709990105171322,,,-0.9215686274509803,0,1.0,1
trial_0000,68,train,,,0.25199527848274145,,,0.06681015072984899,,,0.0,0.0,0.019838493517253232,0,0,9,0,0,0.0,0,9,0,,,,,0.495411068782316,,,,,
trial_0000,68,eval,,,,,,,0.5789473684210527,1.1811584798913253,,,,,,,,,,,,,,,,,,,,,,
trial_0000,68,global,,,,0.3699691290046975,-0.020512730700077305,,,,,,,0,0,9,0,0,0.0,0,9,0,27,,0.13746130030959752,8.400984744612277,,,-0.9215686274509803,0,1.0,1
trial_0000,69,train,,,0.2520219385623932,,,0.0663800854632195,,,0.0,0.0,0.018077083234922922,0,0,10,1,0,0.0,0,9,0,,,,,0.4580629419350455,,,,,
trial_0000,69,eval,0.5263157894736842,0.5263157894736842,,,,,,,,,,,,,,,,,,,,2.1052631578947367,,,,0.0,,,,
trial_0000,69,global,,,,0.36411559830478146,-0.01465920000016131,,,,,,,0,0,10,0,0,0.0,0,10,0,27,,0.1436532507739938,8.667507765684334,,,-0.9215686274509803,0,1.0,1
trial_0000,70,train,,,0.2520470035837052,,,0.06774156334552359,,,0.0,0.0,0.019027056160600898,0,0,11,1,0,0.0,0,10,0,,,,,0.432653268918078,,,,,
trial_0000,70,eval,0.5263157894736842,0.5263157894736842,,,,,,,,,,,,,,,,,,,,2.1052631578947367,,,,0.0,,,,
trial_0000,70,global,,,,0.36896852803658514,-0.01951212973196496,,,,,,,0,0,11,0,0,0.0,0,11,0,27,,0.1386996904024768,8.398782213996439,,,-0.9215686274509803,0,1.0,1
trial_0000,71,train,,,0.2520728383926635,,,0.06865844859721812,,,0.0,0.0,0.018849254784947065,0,0,11,0,0,0.0,0,11,0,,,,,0.3916943960473047,,,,,
trial_0000,71,eval,,,,,,,0.631578947368421,1.1471113907663444,,,,,,,,,,,,,,,,,,,,,,
trial_0000,71,global,,,,0.3660650035094254,-0.016608605204805237,,,,,,,0,0,11,0,0,0.0,0,11,0,27,,0.1411764705882353,8.627838810309537,,,-0.9215686274509803,0,1.0,1
trial_0000,72,train,,,0.2520913262950613,,,0.0710141103952489,,,0.0,0.0,0.01725517825466244,0,0,12,1,0,0.0,0,11,0,,,,,0.39072422519431893,,,,,
trial_0000,72,eval,0.3684210526315789,0.42105263157894735,,,,,,,,,,,,,,,,,,,,2.1052631578947367,,,,0.0,,,,
trial_0000,72,global,,,,0.37008832479727477,-0.020631926492654593,,,,,,,0,0,12,0,0,0.0,0,12,0,27,,0.13746130030959752,8.355052936187839,,,-0.9215686274509803,0,1.0,1
trial_0000,73,train,,,0.25211516751887947,,,0.07026571384135713,,,0.0,0.0,0.018788862096125937,0,0,12,0,0,0.0,0,12,0,,,,,0.3971860701522083,,,,,
trial_0000,73,eval,,,,,,,0.5789473684210527,1.143216798180028,,,,,,,,,,,,,,,,,,,,,,
trial_0000,73,global,,,,0.3680259344982788,-0.01856953619365864,,,,,,,0,0,12,0,0,0.0,0,12,0,27,,0.1393188854489164,8.580928318271695,,,-0.9215686274509803,0,1.0,1
trial_0000,74,train,,,0.2521427657375944,,,0.07191888639267455,,,0.0,0.0,0.016743389646116488,0,0,12,0,0,0.0,0,12,0,,,,,0.4310336353931021,,,,,
trial_0000,74,eval,,,,,,,0.631578947368421,1.2316411043468272,,,,,,,,,,,,,,,,,,,,,,
trial_0000,74,global,,,,0.37439600266093565,-0.024432247684575213,,,,,,,0,0,12,0,0,0.0,0,12,0,27,,0.13498452012383902,8.391696577987435,,,-0.9215686274509803,0,1.0,1
trial_0000,75,train,,,0.2521671297702383,,,0.07153260961492011,,,0.0,0.0,0.018144830464425082,0,0,12,0,0,0.0,0,12,0,,,,,0.4142041951417923,,,,,
trial_0000,75,eval,,,,,,,0.631578947368421,1.1671858116200096,,,,,,,,,,,,,,,,,,,,,,
trial_0000,75,global,,,,0.36812217570040473,-0.01815842072404429,,,,,,,0,0,12,0,0,0.0,0,12,0,27,,0.1393188854489164,8.392508595941974,,,-0.9215686274509803,0,1.0,1
trial_0000,76,train,,,0.2521804723333805,,,0.07291710186511913,,,0.0,0.0,0.016979805455404395,0,0,12,0,0,0.0,0,12,0,,,,,0.39625782926454606,,,,,
trial_0000,76,eval,,,,,,,0.631578947368421,1.174927018190685,,,,,,,,,,,,,,,,,,,,,,
trial_0000,76,global,,,,0.3723571147585052,-0.02239335978214478,,,,,,,0,0,12,0,0,0.0,0,12,0,27,,0.1368421052631579,8.552615389513896,,,-0.9215686274509803,0,1.0,1
trial_0000,77,train,,,0.25219939744218867,,,0.07239584276016722,,,0.0,0.0,0.01745823736480893,0,0,13,1,0,0.0,0,12,0,,,,,0.40545869851154637,,,,,
trial_0000,77,eval,0.5789473684210527,0.5789473684210527,,,,,,,,,,,,,,,,,,,,2.1052631578947367,,,,0.0,,,,
trial_0000,77,global,,,,0.3691436050080714,-0.019179850031710997,,,,,,,0,0,13,0,0,0.0,0,13,0,27,,0.13993808049535603,8.581101479545097,,,-0.9215686274509803,0,1.0,1
trial_0000,78,train,,,0.25221224414541366,,,0.07100995709287358,,,0.0,0.0,0.017043435241422676,0,0,14,1,0,0.0,0,13,0,,,,,0.36768295954093866,,,,,
trial_0000,78,eval,0.5263157894736842,0.5789473684210527,,,,,,,,,,,,,,,,,,,,2.1052631578947367,,,,0.0,,,,
trial_0000,78,global,,,,0.3752438383207484,-0.024365588602732777,,,,,,,0,0,14,0,0,0.0,0,14,0,27,,0.13560371517027864,8.58017306254006,,,-0.9215686274509803,0,1.0,1
trial_0000,79,train,,,0.2522314228910081,,,0.0699648305456689,,,0.0,0.0,0.01712625354795935,0,0,14,0,0,0.0,0,14,0,,,,,0.3574746064577542,,,,,
trial_0000,79,eval,,,,,,,0.631578947368421,1.088273547197643,,,,,,,,,,,,,,,,,,,,,,
trial_0000,79,global,,,,0.37666297424455464,-0.025784724526539016,,,,,,,0,0,14,0,0,0.0,0,14,0,27,,0.13312693498452013,8.586224426647458,,,-0.9215686274509803,0,1.0,1
trial_0000,80,train,,,0.25224419223501326,,,0.07034505111105899,,,0.0,0.0,0.01669086783163329,0,0,15,1,0,0.0,0,14,0,,,,,0.37939232286620644,,,,,
trial_0000,80,eval,0.42105263157894735,0.42105263157894735,,,,,,,,,,,,,,,,,,,,2.1052631578947367,,,,0.0,,,,
trial_0000,80,global,,,,0.38510603625502876,-0.03422778653701309,,,,,,,0,0,15,0,0,0.0,0,15,0,27,,0.12693498452012383,8.72765844244706,,,-0.9215686274509803,0,1.0,1
trial_0000,81,train,,,0.25227108407527843,,,0.06853378992131416,,,0.0,0.0,0.0196882765049095,0,0,15,0,0,0.0,0,15,0,,,,,0.36343451018663164,,,,,
trial_0000,81,eval,,,,,,,0.631578947368421,1.098553783015201,,,,,,,,,,,,,,,,,,,,,,
trial_0000,81,global,,,,0.37822025774386875,-0.02734200802585305,,,,,,,0,0,15,0,0,0.0,0,15,0,27,,0.1325077399380805,8.641428339813515,,,-0.9215686274509803,0,1.0,1
trial_0000,82,train,,,0.2522916743095885,,,0.07256969872941361,,,0.0,0.0,0.01747473614250726,0,0,15,0,0,0.0,0,15,0,,,,,0.33356207746563227,,,,,
trial_0000,82,eval,,,,,,,0.631578947368421,1.1261967044127614,,,,,,,,,,,,,,,,,,,,,,
trial_0000,82,global,,,,0.3787446932440403,-0.027866443526024635,,,,,,,0,0,15,0,0,0.0,0,15,0,27,,0.13126934984520125,8.520132706113644,,,-0.9215686274509803,0,1.0,1
trial_0000,83,train,,,0.2523178502600244,,,0.07131729068908285,,,0.0,0.0,0.01790794745394762,0,0,15,0,0,0.0,0,15,0,,,,,0.32494183841115193,,,,,
trial_0000,83,eval,,,,,,,0.631578947368421,1.0931911123426337,,,,,,,,,,,,,,,,,,,,,,
trial_0000,83,global,,,,0.3739893598524718,-0.023111110134456107,,,,,,,0,0,15,0,0,0.0,0,15,0,27,,0.1368421052631579,8.647989441957266,,,-0.9215686274509803,0,1.0,1
trial_0000,84,train,,,0.25234035386684095,,,0.07474032583388876,,,0.0,0.0,0.017526278165763524,0,0,15,0,0,0.0,0,15,0,,,,,0.3227980695400678,,,,,
trial_0000,84,eval,,,,,,,0.631578947368421,1.1563715150481775,,,,,,,,,,,,,,,,,,,,,,
trial_0000,84,global,,,,0.37630265730200957,-0.025424407583993912,,,,,,,0,0,15,0,0,0.0,0,15,0,27,,0.13374613003095975,8.37654654440865,,,-0.9215686274509803,0,1.0,1
trial_0000,85,train,,,0.25236272716775854,,,0.07467916956607332,,,0.0,0.0,0.017425641568595586,0,0,16,1,0,0.0,0,15,0,,,,,0.3233690657884094,,,,,
trial_0000,85,eval,0.631578947368421,0.5789473684210527,,,,,,,,,,,,,,,,,,,,2.1052631578947367,,,,0.3684210526315789,,,,
trial_0000,85,global,,,,0.37382611583309067,-0.022947866115074985,,,,,,,0,0,16,0,0,0.25,0,16,0,27,,0.13622291021671826,8.519282595513406,,,-0.9215686274509803,0,1.0,1
trial_0000,86,train,,,0.25238606080095816,,,0.07660247670843245,,,0.0,0.0,0.01744974838802591,0,0,17,1,0,0.25,0,16,0,,,,,0.3139680988082649,,,,,
trial_0000,86,eval,0.5789473684210527,0.5789473684210527,,,,,,,,,,,,,,,,,,,,2.1052631578947367,,,,0.0,,,,
trial_0000,86,global,,,,0.36891704281800214,-0.018038793099986485,,,,,,,0,0,17,0,0,0.0,0,17,0,27,,0.13993808049535603,8.296485085974536,,,-0.9215686274509803,0,1.0,1
trial_0000,87,train,,,0.25241667349287805,,,0.07783809304237366,,,0.0,0.0,0.01632627073868594,0,0,17,0,0,0.0,0,17,0,,,,,0.31418010864591767,,,,,
trial_0000,87,eval,,,,,,,0.5789473684210527,1.1006799465731572,,,,,,,,,,,,,,,,,,,,,,
trial_0000,87,global,,,,0.367027840119075,-0.01614959040105937,,,,,,,0,0,17,0,0,0.0,0,17,0,27,,0.13993808049535603,8.048358251140582,,,-0.9215686274509803,0,1.0,1
trial_0000,88,train,,,0.2524345463260691,,,0.07836922432513946,,,0.0,0.0,0.014231292823542584,0,0,18,1,0,0.0,0,17,0,,,,,0.29515222705742145,,,,,
trial_0000,88,eval,0.3684210526315789,0.42105263157894735,,,,,,,,,,,,,,,,,,,,2.1052631578947367,,,,0.0,,,,
trial_0000,88,global,,,,0.3770708915674329,-0.02619264184941721,,,,,,,0,0,18,0,0,0.0,0,18,0,27,,0.1325077399380805,8.277666910366378,,,-0.9215686274509803,0,1.0,1
trial_0000,89,train,,,0.2524606702809638,,,0.0758896882229663,,,0.0,0.0,0.016679981114724258,0,0,18,0,0,0.0,0,18,0,,,,,0.27735148433675155,,,,,
trial_0000,89,eval,,,,,,,0.5789473684210527,1.0613778264899,,,,,,,,,,,,,,,,,,,,,,
trial_0000,89,global,,,,0.3666744408897698,-0.015796191171754126,,,,,,,0,0,18,0,0,0.0,0,18,0,27,,0.14055727554179567,8.231765830922791,,,-0.9215686274509803,0,1.0,1
trial_0000,90,train,,,0.25248410822229184,,,0.08523560648268841,,,0.0,0.0,0.014986481674218632,0,0,18,0,0,0.0,0,18,0,,,,,0.2761939560320783,,,,,
trial_0000,90,eval,,,,,,,0.5263157894736842,1.1576911493351585,,,,,,,,,,,,,,,,,,,,,,
trial_0000,90,global,,,,0.367680480271846,-0.016802230553830334,,,,,,,0,0,18,0,0,0.0,0,18,0,27,,0.1393188854489164,7.9130880349929855,,,-0.9215686274509803,0,1.0,1
trial_0001,1,train,,,0.25053287231469457,,,0.005130251915425451,,,0.0,0.0,0.017890783433531336,0,0,0,0,0,,0,0,0,,,,,2.208479132229769,,,,,
trial_0001,1,eval,,,,,,,0.23529411764705882,2.1726276033064895,,,,,,,,,,,,,,,,,,,,,,
trial_0001,1,global,,,,,,,,,,,,0,0,0,0,0,,0,0,0,9,,0.13052631578947368,2.229169413416009,,,,,,
trial_0001,2,train,,,0.25052016633975355,,,0.009319188757033288,,,0.0,0.0,0.028665577580185633,0,0,0,0,0,,0,0,0,,,,,1.9987298606317254,,,,,
trial_0001,2,eval,,,,,,,0.058823529411764705,2.2238634404014137,,,,,,,,,,,,,,,,,,,,,,
trial_0001,2,global,,,,0.09368191721132897,-0.02948438634713145,,,,,,,0,0,0,0,0,,0,0,0,9,,0.09473684210526316,2.308173249897204,,,-0.8431372549019608,0,0.8431372549019608,0
trial_0001,3,train,,,0.2505598626559294,,,0.014104770755843273,,,0.0,0.0,0.03635435155298137,0,0,0,0,0,,0,0,0,,,,,1.9492057134833518,,,,,
trial_0001,3,eval,,,,,,,0.29411764705882354,2.138192653656006,,,,,,,,,,,,,,,,,,,,,,
trial_0001,3,global,,,,0.1111111111111111,-0.02939546188845909,,,,,,,0,0,0,0,0,,0,0,0,9,,0.10736842105263159,2.2310268552679764,,,-0.4222222222222222,1,1.0,1
trial_0001,4,train,,,0.250606011740769,,,0.019151536158368558,,,0.0,0.0,0.029384697188587886,0,0,0,0,0,,0,0,0,,,,,1.8504630265356616,,,,,
trial_0001,4,eval,,,,,,,0.058823529411764705,2.20157290206236,,,,,,,,,,,,,,,,,,,,,,
trial_0001,4,global,,,,0.10806100217864924,-0.015007484475271594,,,,,,,0,0,0,0,0,,0,0,0,9,,0.11157894736842106,2.31039046990244,,,-0.5686274509803921,0,0.7058823529411764,0
trial_0001,5,train,,,0.2506750610810292,,,0.022798240844961962,,,0.0,0.0,0.034590761792622035,0,0,0,0,0,,0,0,0,,,,,1.8376068732406519,,,,,
trial_0001,5,eval,,,,,,,0.35294117647058826,1.9871389795752135,,,,,,,,,,,,,,,,,,,,,,
trial_0001,5,global,,,,0.14814814814814814,0.07366298110703401,,,,,,,0,0,0,0,0,,0,0,0,9,,0.21473684210526317,2.120478475470292,,,-0.4222222222222222,1,1.0,1
trial_0001,6,train,,,0.25068289531937127,,,0.027230864650086513,,,0.0,0.0,0.02752644639650855,0,0,0,0,0,,0,0,0,,,,,1.5994621145574353,,,,,
trial_0001,6,eval,,,,,,,0.058823529411764705,2.196729954551248,,,,,,,,,,,,,,,,,,,,,,
trial_0001,6,global,,,,0.1794890630332334,0.042322066221948756,,,,,,,0,0,0,0,0,,0,0,0,9,,0.16842105263157894,2.3724042867359363,,,-0.4117647058823529,0,0.5490196078431372,0
trial_0001,7,train,,,0.25072744677338415,,,0.030092029018869888,,,0.0,0.0,0.04356136969939063,0,0,0,0,0,,0,0,0,,,,,1.5698235751707343,,,,,
trial_0001,7,eval,,,,,,,0.29411764705882354,1.7819099286023308,,,,,,,,,,,,,,,,,,,,,,
trial_0001,7,global,,,,0.1254427697004728,0.13159887604617668,,,,,,,0,0,0,0,0,,0,0,0,9,,0.2673684210526316,2.0444936867764123,,,-0.3137254901960784,0,0.5555555555555556,1
trial_0001,8,train,,,0.2506935886944397,,,0.032505771498891375,,,0.0,0.0,0.03780814785557457,0,0,0,0,0,,0,0,0,,,,,1.3349644384052182,,,,,
trial_0001,8,eval,,,,,,,0.23529411764705882,1.9293109248666203,,,,,,,,,,,,,,,,,,,,,,
trial_0001,8,global,,,,0.17987279333909942,0.08887245858120228,,,,,,,0,0,0,0,0,,0,0,0,9,,0.22526315789473683,2.1624090696636,,,-0.5294117647058824,0,0.6666666666666666,0
trial_0001,9,train,,,0.25068586876120746,,,0.03375916164132613,,,0.0,0.0,0.043051682525797746,0,0,1,1,0,,0,0,0,,,,,1.270266663952719,,,,,
trial_0001,9,eval,0.1764705882352941,0.1764705882352941,,,,,,,,,,,,,,,,,,,,2.8823529411764706,,,,0.0,,,,
trial_0001,9,global,,,,0.1580649628944809,0.1311073909096076,,,,,,,0,0,1,0,0,0.0,0,1,0,9,,0.2694736842105263,2.0217355231234904,,,-0.35294117647058826,0,0.5777777777777777,1
trial_0001,10,train,,,0.25064719817306425,,,0.03482340502588055,,,0.0,0.0,0.03320698218443727,0,0,1,0,0,0.0,0,1,0,,,,,1.0868049642707727,,,,,
trial_0001,10,eval,,,,,,,0.2941176470588235,1.7952240284751444,,,,,,,,,,,,,,,,,,,,,,
trial_0001,10,global,,,,0.16037271406464984,0.12879963973943867,,,,,,,0,0,1,0,0,0.0,0,1,0,9,,0.26526315789473687,2.1171345883921573,,,-0.2941176470588235,0,0.5777777777777777,1
trial_0001,11,train,,,0.2507494889026465,,,0.008919408761484678,,,0.0,0.0,0.023371428976831834,0,0,1,0,0,0.0,0,1,0,,,,,13.019600210078927,,,,,
trial_0001,11,eval,,,,,,,0.21052631578947367,2.001264409015053,,,,,,,,,,,,,,,,,,,,,,
trial_0001,11,global,,,,0.4297678512623311,-0.14059549745824254,,,,,,,0,0,1,0,0,0.0,0,1,0,18,,0.08421052631578947,7.7788400577015855,,,-0.8431372549019608,0,1.0,1
trial_0001,12,train,,,0.2507027533165244,,,0.01096489050880421,,,0.0,1.0,0.385804186345533,0,0,1,0,0,0.0,0,1,0,,,,,2.685131194425183,,,,,
trial_0001,12,eval,,,,,,,0.3157894736842105,2.59096286171361,,,,,,,,,,,,,,,,,,,,,,
trial_0001,12,global,,,,0.2753861912218045,-0.07984919153795156,,,,,,,0,0,1,0,0,0.0,0,1,0,18,,0.07942583732057416,7.399883860720402,,,-0.8431372549019608,0,1.0,1
trial_0001,13,train,,,0.25067134582719136,,,0.012596472448041272,,,0.0,0.7325581395348837,0.10823183358581953,0,0,1,0,0,0.0,0,1,0,,,,,1.92060610527216,,,,,
trial_0001,13,eval,,,,,,,0.2631578947368421,1.9200256749203328,,,,,,,,,,,,,,,,,,,,,,
trial_0001,13,global,,,,0.28257307587117647,-0.05511486648373329,,,,,,,0,0,1,0,0,0.0,0,1,0,18,,0.10143540669856459,6.707403026471297,,,-0.8431372549019608,0,1.0,1
trial_0001,14,train,,,0.2506566806588062,,,0.013334725745195565,,,0.0,0.0,0.06622632121623949,0,0,1,0,0,0.0,0,1,0,,,,,1.5596963189369024,,,,,
trial_0001,14,eval,,,,,,,0.3157894736842105,2.1433116323069523,,,,,,,,,,,,,,,,,,,,,,
trial_0001,14,global,,,,0.30472258346669345,-0.0690944394387274,,,,,,,0,0,1,0,0,0.0,0,1,0,18,,0.09186602870813397,7.127453448555686,,,-0.8431372549019608,0,1.0,1
trial_0001,15,train,,,0.25060903610185137,,,0.01358763544365417,,,0.0,0.0,0.059406938169931256,0,0,1,0,0,0.0,0,1,0,,,,,1.3840797014014665,,,,,
trial_0001,15,eval,,,,,,,0.21052631578947367,1.9270345286319128,,,,,,,,,,,,,,,,,,,,,,
trial_0001,15,global,,,,0.295760505725273,-0.03842564309516349,,,,,,,0,0,1,0,0,0.0,0,1,0,18,,0.1215311004784689,6.466435314707779,,,-0.8431372549019608,0,1.0,1
trial_0001,16,train,,,0.2505868520847586,,,0.01421960833114247,,,0.0,0.0,0.04457425036749175,0,0,1,0,0,0.0,0,1,0,,,,,1.2446031043695847,,,,,
trial_0001,16,eval,,,,,,,0.3684210526315789,1.9915691049475421,,,,,,,,,,,,,,,,,,,,,,
trial_0001,16,global,,,,0.3023471072649262,-0.04501224463481667,,,,,,,0,0,1,0,0,0.0,0,1,0,18,,0.11674641148325358,7.213368784982052,,,-0.8431372549019608,0,1.0,1
trial_0001,17,train,,,0.25054736816605855,,,0.014994924844697465,,,0.0,0.0,0.05125936929916227,0,0,1,0,0,0.0,0,1,0,,,,,1.12047446578048,,,,,
trial_0001,17,eval,,,,,,,0.15789473684210525,1.9175421501460825,,,,,,,,,,,,,,,,,,,,,,
trial_0001,17,global,,,,0.2920660230793037,-0.031438429215286445,,,,,,,0,0,1,0,0,0.0,0,1,0,18,,0.1291866028708134,6.501434186543004,,,-0.8431372549019608,0,1.0,1
trial_0001,18,train,,,0.2505376893420552,,,0.015406441896460777,,,0.0,0.0,0.04300631512562897,0,0,1,0,0,0.0,0,1,0,,,,,1.0554741724979047,,,,,
trial_0001,18,eval,,,,,,,0.42105263157894735,2.047301982578478,,,,,,,,,,,,,,,,,,,,,,
trial_0001,18,global,,,,0.30702626714752895,-0.030391653191524322,,,,,,,0,0,1,0,0,0.0,0,1,0,18,,0.1291866028708134,7.326038229180295,,,-0.8431372549019608,0,1.0,1
trial_0001,19,train,,,0.2505326092589733,,,0.01643862627273382,,,0.0,0.0,0.04982790676660316,0,0,2,1,0,0.0,0,1,0,,,,,0.9593263316293095,,,,,
trial_0001,19,eval,0.21052631578947367,0.21052631578947367,,,,,,,,,,,,,,,,,,,,1.6842105263157894,,,,0.0,,,,
trial_0001,19,global,,,,0.29877087112402095,-0.02121033124209043,,,,,,,0,0,2,0,0,0.0,0,2,0,18,,0.13875598086124402,6.716626646872342,,,-0.8431372549019608,0,1.0,1
trial_0001,20,train,,,0.25054076903088146,,,0.017146509573903193,,,0.0,0.0,0.04067193559522546,0,0,2,0,0,0.0,0,2,0,,,,,0.882678954476534,,,,,
trial_0001,20,eval,,,,,,,0.42105263157894735,1.9586409518593233,,,,,,,,,,,,,,,,,,,,,,
trial_0001,20,global,,,,0.2959808890051242,-0.014516935906054938,,,,,,,0,0,2,0,0,0.0,0,2,0,18,,0.14641148325358852,7.255902351032604,,,-0.8431372549019608,0,1.0,1
trial_0001,21,train,,,0.250483974497369,,,0.010304929886726622,,,0.0,0.0,0.024817872495251882,0,0,2,0,0,0.0,0,2,0,,,,,12.580359022668068,,,,,
trial_0001,21,eval,,,,,,,0.21052631578947367,2.151403803574411,,,,,,,,,,,,,,,,,,,,,,
trial_0001,21,global,,,,0.4312277312965214,-0.14976377819745215,,,,,,,0,0,2,0,0,0.0,0,2,0,27,,0.04829721362229102,12.192675671415063,,,-0.8431372549019608,0,1.0,1
trial_0001,22,train,,,0.2504914735860013,,,0.01777025653009719,,,0.0,1.0,0.18048174676901485,0,0,2,0,0,0.0,0,2,0,,,,,2.1224660820149364,,,,,
trial_0001,22,eval,,,,,,,0.15789473684210525,2.086636398967944,,,,,,,,,,,,,,,,,,,,,,
trial_0001,22,global,,,,0.33099719770972447,-0.09651800221284175,,,,,,,0,0,2,0,0,0.0,0,2,0,27,,0.06315789473684211,10.78211372304627,,,-0.8431372549019608,0,1.0,1
trial_0001,23,train,,,0.25046153968953067,,,0.01566423261736302,,,0.0,0.0,0.03608361783813923,0,0,2,0,0,0.0,0,2,0,,,,,1.816607106746511,,,,,
trial_0001,23,eval,,,,,,,0.5263157894736842,1.7165221603293168,,,,,,,,,,,,,,,,,,,,,,
trial_0001,23,global,,,,0.31952721029671544,-0.07943634252149376,,,,,,,0,0,2,0,0,0.0,0,2,0,27,,0.07801857585139318,11.181901455811303,,,-0.8431372549019608,0,1.0,1
trial_0001,24,train,,,0.25041641675411386,,,0.016066550257358144,,,0.0,0.0,0.029332748217944134,0,0,2,0,0,0.0,0,2,0,,,,,1.5499878779370735,,,,,
trial_0001,24,eval,,,,,,,0.47368421052631576,1.6059641398881612,,,,,,,,,,,,,,,,,,,,,,
trial_0001,24,global,,,,0.31155436526808317,-0.06343184802267209,,,,,,,0,0,2,0,0,0.0,0,2,0,27,,0.09535603715170278,10.681764436137197,,,-0.8431372549019608,0,1.0,1
trial_0001,25,train,,,0.2503890449062307,,,0.01602957159914869,,,0.0,0.0,0.02611371486031629,0,0,2,0,0,0.0,0,2,0,,,,,1.4726273052235865,,,,,
trial_0001,25,eval,,,,,,,0.5263157894736842,1.4988709688186646,,,,,,,,,,,,,,,,,,,,,,
trial_0001,25,global,,,,0.30946362077114453,-0.05400317260670806,,,,,,,0,0,2,0,0,0.0,0,2,0,27,,0.10526315789473684,10.701825640888037,,,-0.8431372549019608,0,1.0,1
trial_0001,26,train,,,0.2503901857961999,,,0.0170059361039324,,,0.0,0.0,0.027571548561149458,0,0,2,0,0,0.0,0,2,0,,,,,1.3682423958118926,,,,,
trial_0001,26,eval,,,,,,,0.5263157894736842,1.413379625270241,,,,,,,,,,,,,,,,,,,,,,
trial_0001,26,global,,,,0.3045574044451751,-0.04752019836340102,,,,,,,0,0,2,0,0,0.0,0,2,0,27,,0.1108359133126935,10.632893749508696,,,-0.8431372549019608,0,1.0,1
trial_0001,27,train,,,0.2503971671487423,,,0.01853841424305388,,,0.0,0.0,0.025934856131355814,0,0,2,0,0,0.0,0,2,0,,,,,1.2420672221386686,,,,,
trial_0001,27,eval,,,,,,,0.5263157894736842,1.3330255684099699,,,,,,,,,,,,,,,,,,,,,,
trial_0001,27,global,,,,0.3032922493406535,-0.044833665741010706,,,,,,,0,0,2,0,0,0.0,0,2,0,27,,0.11331269349845201,10.478417156207673,,,-0.8431372549019608,0,1.0,1
trial_0001,28,train,,,0.25041628613116895,,,0.019825638925775567,,,0.0,0.0,0.02564121287791653,0,0,2,0,0,0.0,0,2,0,,,,,1.1380755325581164,,,,,
trial_0001,28,eval,,,,,,,0.5789473684210527,1.2757811107133565,,,,,,,,,,,,,,,,,,,,,,
trial_0001,28,global,,,,0.3022192686042194,-0.04018346983986811,,,,,,,0,0,2,0,0,0.0,0,2,0,27,,0.11764705882352941,10.551524364837553,,,-0.8431372549019608,0,1.0,1
trial_0001,29,train,,,0.25044489762884503,,,0.021904235983148532,,,0.0,0.0,0.02524452283582155,0,0,2,0,0,0.0,0,2,0,,,,,1.039004555788446,,,,,
trial_0001,29,eval,,,,,,,0.5263157894736842,1.2438310886684216,,,,,,,,,,,,,,,,,,,,,,
trial_0001,29,global,,,,0.3036049739803953,-0.033764972307029954,,,,,,,0,0,2,0,0,0.0,0,2,0,27,,0.12321981424148606,10.445569131101248,,,-0.8431372549019608,0,1.0,1
trial_0001,30,train,,,0.25048228543489537,,,0.02366778777634844,,,0.0,0.0,0.02509742882102728,0,0,2,0,0,0.0,0,2,0,,,,,0.9427603632845777,,,,,
trial_0001,30,eval,,,,,,,0.5789473684210527,1.2079573399142214,,,,,,,,,,,,,,,,,,,,,,
trial_0001,30,global,,,,0.30934165160314714,-0.03234127809549694,,,,,,,0,0,2,0,0,0.0,0,2,0,27,,0.12321981424148606,10.360317841993396,,,-0.8431372549019608,0,1.0,1
trial_0001,31,train,,,0.25051561853987103,,,0.025889052672589077,,,0.0,0.0,0.0247074217832786,0,0,2,0,0,0.0,0,2,0,,,,,0.8677746735988777,,,,,
trial_0001,31,eval,,,,,,,0.5789473684210527,1.158839774759192,,,,,,,,,,,,,,,,,,,,,,
trial_0001,31,global,,,,0.31076674868751963,-0.025208253921519284,,,,,,,0,0,2,0,0,0.0,0,2,0,27,,0.13003095975232198,10.281878052702629,,,-0.8431372549019608,0,1.0,1
trial_0001,32,train,,,0.2505608923891758,,,0.02742266464740672,,,0.0,0.0,0.024054133261930438,0,0,2,0,0,0.0,0,2,0,,,,,0.80443118075107,,,,,
trial_0001,32,eval,,,,,,,0.631578947368421,1.1362508723610325,,,,,,,,,,,,,,,,,,,,,,
trial_0001,32,global,,,,0.3106237371197917,-0.019864365032395352,,,,,,,0,0,2,0,0,0.0,0,2,0,27,,0.13560371517027864,10.335938088148371,,,-0.8431372549019608,0,1.0,1
trial_0001,33,train,,,0.2506079361476797,,,0.028780394729147566,,,0.0,0.0,0.023873190042820385,0,0,3,1,0,0.0,0,2,0,,,,,0.7387855919117623,,,,,
trial_0001,33,eval,0.5789473684210527,0.5789473684210527,,,,,,,,,,,,,,,,,,,,2.1052631578947367,,,,0.0,,,,
trial_0001,33,global,,,,0.3137261134458875,-0.0229667413584912,,,,,,,0,0,3,0,0,0.0,0,3,0,27,,0.1325077399380805,10.26289925353815,,,-0.8431372549019608,0,1.0,1
trial_0001,34,train,,,0.2506618911915637,,,0.030057649980200097,,,0.0,0.0,0.023607845350782922,0,0,3,0,0,0.0,0,3,0,,,,,0.6752866713924611,,,,,
trial_0001,34,eval,,,,,,,0.5789473684210527,1.0989174842834473,,,,,,,,,,,,,,,,,,,,,,
trial_0001,34,global,,,,0.3107698542828296,-0.015543713054751121,,,,,,,0,0,3,0,0,0.0,0,3,0,27,,0.1393188854489164,10.299662837450718,,,-0.8431372549019608,0,1.0,1
trial_0001,35,train,,,0.2507145588702344,,,0.031317304899083805,,,0.0,0.0,0.024047419844948233,0,0,3,0,0,0.0,0,3,0,,,,,0.6220673085527217,,,,,
trial_0001,35,eval,,,,,,,0.631578947368421,1.0596137329151756,,,,,,,,,,,,,,,,,,,,,,
trial_0001,35,global,,,,0.3093443016142531,-0.009272603366704544,,,,,,,0,0,3,0,0,0.0,0,3,0,27,,0.14613003095975233,10.251023961589802,,,-0.8431372549019608,0,1.0,1
trial_0001,36,train,,,0.2507697339070604,,,0.032095206861800334,,,0.0,0.0,0.023330312897946612,0,0,3,0,0,0.0,0,3,0,,,,,0.5760168670339787,,,,,
trial_0001,36,eval,,,,,,,0.5789473684210527,1.039462481674395,,,,,,,,,,,,,,,,,,,,,,
trial_0001,36,global,,,,0.312885370741742,-0.01214027182079275,,,,,,,0,0,3,0,0,0.0,0,3,0,27,,0.1436532507739938,10.277107885968944,,,-0.8431372549019608,0,1.0,1
trial_0001,37,train,,,0.25081930452204765,,,0.032435790021368795,,,0.0,0.0,0.023705616957963783,0,0,3,0,0,0.0,0,3,0,,,,,0.5283184156772938,,,,,
trial_0001,37,eval,,,,,,,0.736842105263158,1.0235142833308168,,,,,,,,,,,,,,,,,,,,,,
trial_0001,37,global,,,,0.3110708962611324,-0.006982422066983318,,,,,,,0,0,3,0,0,0.0,0,3,0,27,,0.14860681114551083,10.27981734142953,,,-0.8431372549019608,0,1.0,1
trial_0001,38,train,,,0.2508752460175372,,,0.03362104518616453,,,0.0,0.0,0.022942712852493566,0,0,3,0,0,0.0,0,3,0,,,,,0.4879547992285261,,,,,
trial_0001,38,eval,,,,,,,0.631578947368421,0.9806628352717348,,,,,,,,,,,,,,,,,,,,,,
trial_0001,38,global,,,,0.3144502812095188,-0.010361807015369737,,,,,,,0,0,3,0,0,0.0,0,3,0,27,,0.14613003095975233,10.3495790629195,,,-0.8431372549019608,0,1.0,1
trial_0001,39,train,,,0.25093881373709825,,,0.03601631490474051,,,0.0,0.0,0.02317756343969798,0,0,3,0,0,0.0,0,3,0,,,,,0.45281873618034607,,,,,
trial_0001,39,eval,,,,,,,0.5263157894736842,1.0092508416426809,,,,,,,,,,,,,,,,,,,,,,
trial_0001,39,global,,,,0.3254137680173375,-0.021325293823188415,,,,,,,0,0,3,0,0,0.0,0,3,0,27,,0.13374613003095975,10.237532629243361,,,-0.8431372549019608,0,1.0,1
trial_0001,40,train,,,0.2510134783831049,,,0.035340013656210395,,,0.0,0.0,0.024423752533906,0,0,3,0,0,0.0,0,3,0,,,,,0.4294783895003035,,,,,
trial_0001,40,eval,,,,,,,0.5789473684210527,0.9115839349596124,,,,,,,,,,,,,,,,,,,,,,
trial_0001,40,global,,,,0.32179459328557525,-0.01633437697894331,,,,,,,0,0,3,0,0,0.0,0,3,0,27,,0.14055727554179567,10.548262581367611,,,-0.8431372549019608,0,1.0,1
trial_0001,41,train,,,0.25108420848846436,,,0.037716661044891846,,,0.0,0.0,0.02382147211601284,0,0,4,1,0,0.0,0,3,0,,,,,0.4042767982533637,,,,,
trial_0001,41,eval,0.5263157894736842,0.5263157894736842,,,,,,,,,,,,,,,,,,,,2.1052631578947367,,,,0.0,,,,
trial_0001,41,global,,,,0.32299715299230936,-0.017079689314849777,,,,,,,0,0,4,0,0,0.0,0,4,0,27,,0.1411764705882353,10.512735698688141,,,-0.8431372549019608,0,1.0,1
trial_0001,42,train,,,0.2511374994795373,,,0.039554446935653687,,,0.0,0.0,0.021647754007395596,0,0,4,0,0,0.0,0,4,0,,,,,0.38810578045692845,,,,,
trial_0001,42,eval,,,,,,,0.5789473684210527,0.9127297558282551,,,,,,,,,,,,,,,,,,,,,,
trial_0001,42,global,,,,0.3196683733555286,-0.013750909678069034,,,,,,,0,0,4,0,0,0.0,0,4,0,27,,0.1436532507739938,10.370673091640413,,,-0.8431372549019608,0,1.0,1
trial_0001,43,train,,,0.2512037861854472,,,0.0400903989025887,,,0.0,0.0,0.021728105123769097,0,0,5,1,0,0.0,0,4,0,,,,,0.3599067166447639,,,,,
trial_0001,43,eval,0.3684210526315789,0.3684210526315789,,,,,,,,,,,,,,,,,,,,2.1052631578947367,,,,0.0,,,,
trial_0001,43,global,,,,0.3207498956329981,-0.0141590312821379,,,,,,,0,0,5,0,0,0.0,0,5,0,27,,0.1436532507739938,10.383359265401268,,,-0.8431372549019608,0,1.0,1
trial_0001,44,train,,,0.2512881378544138,,,0.04141584989872384,,,0.0,0.0,0.02085590366412826,0,0,5,0,0,0.0,0,5,0,,,,,0.32192843512017677,,,,,
trial_0001,44,eval,,,,,,,0.5789473684210527,0.9116268095217253,,,,,,,,,,,,,,,,,,,,,,
trial_0001,44,global,,,,0.32088509850475844,-0.01429423415389824,,,,,,,0,0,5,0,0,0.0,0,5,0,27,,0.14241486068111456,10.43247569884309,,,-0.8431372549019608,0,1.0,1
trial_0001,45,train,,,0.25137501289235786,,,0.04136731301216369,,,0.0,0.0,0.02212597082834691,0,0,5,0,0,0.0,0,5,0,,,,,0.32284692034442375,,,,,
trial_0001,45,eval,,,,,,,0.631578947368421,0.8650131366754833,,,,,,,,,,,,,,,,,,,,,,
trial_0001,45,global,,,,0.3268821247739249,-0.017812498360157053,,,,,,,0,0,5,0,0,0.0,0,5,0,27,,0.1411764705882353,10.60508977458942,,,-0.8431372549019608,0,1.0,1
trial_0001,46,train,,,0.2514274234467364,,,0.039778295032521505,,,0.0,0.0,0.022798909881508893,0,0,5,0,0,0.0,0,5,0,,,,,0.33514014970748984,,,,,
trial_0001,46,eval,,,,,,,0.5789473684210527,0.8409434321679566,,,,,,,,,,,,,,,,,,,,,,
trial_0001,46,global,,,,0.32601525707333723,-0.015573888547086549,,,,,,,0,0,5,0,0,0.0,0,5,0,27,,0.1436532507739938,10.608113778412527,,,-0.8431372549019608,0,1.0,1
trial_0001,47,train,,,0.25150560857133664,,,0.04112865950198884,,,0.0,0.0,0.0202317950964727,0,0,5,0,0,0.0,0,5,0,,,,,0.30840410514080774,,,,,
trial_0001,47,eval,,,,,,,0.5789473684210527,0.8895222450557507,,,,,,,,,,,,,,,,,,,,,,
trial_0001,47,global,,,,0.3362063143896008,-0.025764945863350094,,,,,,,0,0,5,0,0,0.0,0,5,0,27,,0.13374613003095975,10.804251370267602,,,-0.8431372549019608,0,1.0,1
trial_0001,48,train,,,0.25156800670826684,,,0.04140871414478789,,,0.0,0.0,0.021454059086898545,0,0,5,0,0,0.0,0,5,0,,,,,0.30176761147189646,,,,,
trial_0001,48,eval,,,,,,,0.631578947368421,0.8815874771067969,,,,,,,,,,,,,,,,,,,,,,
trial_0001,48,global,,,,0.33783900440297643,-0.02739763587672576,,,,,,,0,0,5,0,0,0.0,0,5,0,27,,0.1325077399380805,10.808944227378065,,,-0.8431372549019608,0,1.0,1
trial_0001,49,train,,,0.2516462184647296,,,0.043555425836684855,,,0.0,0.0,0.021856053514366456,0,0,6,1,0,0.0,0,5,0,,,,,0.2597374691291058,,,,,
trial_0001,49,eval,0.47368421052631576,0.5263157894736842,,,,,,,,,,,,,,,,,,,,2.1052631578947367,,,,0.0,,,,
trial_0001,49,global,,,,0.33622538414054937,-0.025784015614298675,,,,,,,0,0,6,0,0,0.0,0,6,0,27,,0.13312693498452013,10.753905208339631,,,-0.8431372549019608,0,1.0,1
trial_0001,50,train,,,0.2517309562957033,,,0.04488830268383026,,,0.0,0.0,0.02019065998846348,0,0,6,0,0,0.0,0,6,0,,,,,0.26252641601765403,,,,,
trial_0001,50,eval,,,,,,,0.5789473684210527,0.8758759043718639,,,,,,,,,,,,,,,,,,,,,,
trial_0001,50,global,,,,0.33793918365707076,-0.0265833203891648,,,,,,,0,0,6,0,0,0.0,0,6,0,27,,0.13436532507739937,10.819621973657755,,,-0.8431372549019608,0,1.0,1
trial_0001,51,train,,,0.25181453373837975,,,0.045216164690382935,,,0.0,0.0,0.020318075571645132,0,0,6,0,0,0.0,0,6,0,,,,,0.26654583675430177,,,,,
trial_0001,51,eval,,,,,,,0.5789473684210527,0.843363467015718,,,,,,,,,,,,,,,,,,,,,,
trial_0001,51,global,,,,0.3360914087801743,-0.024085772932671248,,,,,,,0,0,6,0,0,0.0,0,6,0,27,,0.13560371517027864,10.691421159206898,,,-0.8431372549019608,0,1.0,1
trial_0001,52,train,,,0.25192074445967977,,,0.047617261714123664,,,0.0,0.0,0.01919153709078525,0,0,6,0,0,0.0,0,6,0,,,,,0.23491343548323249,,,,,
trial_0001,52,eval,,,,,,,0.631578947368421,0.8438460544535987,,,,,,,,,,,,,,,,,,,,,,
trial_0001,52,global,,,,0.33345901431553054,-0.02145337846802744,,,,,,,0,0,6,0,0,0.0,0,6,0,27,,0.1368421052631579,10.542639443601248,,,-0.8431372549019608,0,1.0,1
trial_0001,53,train,,,0.2520040444871212,,,0.05132974272078656,,,0.0,0.0,0.01681777780969687,0,0,6,0,0,0.0,0,6,0,,,,,0.21238633682753175,,,,,
trial_0001,53,eval,,,,,,,0.631578947368421,0.8616823020734286,,,,,,,,,,,,,,,,,,,,,,
trial_0001,53,global,,,,0.33079894747939675,-0.01749376647269943,,,,,,,0,0,6,0,0,0.0,0,6,0,27,,0.1411764705882353,10.4228711391012,,,-0.8431372549019608,0,1.0,1
trial_0001,54,train,,,0.25209668912786115,,,0.05293117051428937,,,0.0,0.0,0.016621048650159405,0,0,7,1,0,0.0,0,6,0,,,,,0.19516710204646942,,,,,
trial_0001,54,eval,0.47368421052631576,0.42105263157894735,,,,,,,,,,,,,,,,,,,,2.1052631578947367,,,,0.15789473684210525,,,,
trial_0001,54,global,,,,0.3259099059725309,-0.012604724965833524,,,,,,,0,0,7,0,0,0.25,0,7,0,27,,0.1436532507739938,10.260711325063793,,,-0.8431372549019608,0,1.0,1
trial_0001,55,train,,,0.2521873820335307,,,0.054299220125725925,,,0.0,0.0,0.015260110413556564,0,0,7,0,0,0.25,0,7,0,,,,,0.1828106495294165,,,,,
trial_0001,55,eval,,,,,,,0.6842105263157894,0.8880130397646051,,,,,,,,,,,,,,,,,,,,,,
trial_0001,55,global,,,,0.3288756225284209,-0.015570441521723537,,,,,,,0,0,7,0,0,0.25,0,7,0,27,,0.14055727554179567,10.179634096600322,,,-0.8431372549019608,0,1.0,1
trial_0001,56,train,,,0.25228095910650616,,,0.05518719173492269,,,0.0,0.0,0.01601352852117766,0,0,7,0,0,0.25,0,7,0,,,,,0.17054678813574162,,,,,
trial_0001,56,eval,,,,,,,0.5789473684210527,0.8602373631376969,,,,,,,,,,,,,,,,,,,,,,
trial_0001,56,global,,,,0.331762380489389,-0.017807426903094465,,,,,,,0,0,7,0,0,0.25,0,7,0,27,,0.1393188854489164,10.046674847676657,,,-0.8431372549019608,0,1.0,1
trial_0001,57,train,,,0.2523719712774804,,,0.056323596137635254,,,0.0,0.0,0.014550488111389644,0,0,8,1,0,0.25,0,7,0,,,,,0.18279959892338896,,,,,
trial_0001,57,eval,0.5789473684210527,0.47368421052631576,,,,,,,,,,,,,,,,,,,,2.1052631578947367,,,,0.42105263157894735,,,,
trial_0001,57,global,,,,0.3356157499977449,-0.002124985723847192,,,,,,,1,1,8,0,0,0.5,1,7,0,27,,0.14860681114551083,8.375983242353788,,,-0.8431372549019608,0,1.0,1
trial_0001,58,train,,,0.25200372617295447,,,0.03775485503943042,,,0.0,0.0,0.017195303203969045,1,1,8,0,0,0.5,1,7,0,,,,,0.17314827140975506,,,,,
trial_0001,58,eval,,,,,,,0.6842105263157894,0.8093204184582359,,,,,,,,,,,,,,,,,,,,,,
trial_0001,58,global,,,,0.3439485131529506,-0.010457748879052929,,,,,,,1,1,8,0,0,0.5,1,7,0,27,,0.14613003095975233,10.108646147169933,,,-0.8431372549019608,0,1.0,1
trial_0001,59,train,,,0.2520684279659961,,,0.04013919145701096,,,0.0,0.0,0.013248385411830857,1,1,8,0,0,0.5,1,7,0,,,,,0.16837168186902998,,,,,
trial_0001,59,eval,,,,,,,0.6842105263157894,0.8842578875391106,,,,,,,,,,,,,,,,,,,,,,
trial_0001,59,global,,,,0.3437061253643793,-0.010215361090481557,,,,,,,1,1,8,0,0,0.5,1,7,0,27,,0.14427244582043344,10.036497870761174,,,-0.8431372549019608,0,1.0,1
trial_0001,60,train,,,0.2521673846752086,,,0.04118676701600247,,,0.0,0.0,0.013424331589324521,1,1,8,0,0,0.5,1,7,0,,,,,0.16191958723233102,,,,,
trial_0001,60,eval,,,,,,,0.5263157894736842,0.861688091566688,,,,,,,,,,,,,,,,,,,,,,
trial_0001,60,global,,,,0.356459532608729,-0.022968768334831264,,,,,,,1,0,8,0,0,0.5,0,7,1,27,,0.13560371517027864,10.201354538766962,,,-0.8431372549019608,0,1.0,1
trial_0001,61,train,,,0.2527133029826144,,,0.05936314704570365,,,0.0,0.0,0.014442987295680065,1,0,9,1,0,0.5,0,7,1,,,,,0.16714841433345,,,,,
trial_0001,61,eval,0.631578947368421,0.631578947368421,,,,,,,,,,,,,,,,,,,,2.1052631578947367,,,,0.0,,,,
trial_0001,61,global,,,,0.35609725992922076,-0.022606495655323085,,,,,,,1,0,9,0,0,0.0,0,8,1,27,,0.13560371517027864,10.163374477421906,,,-0.8431372549019608,0,1.0,1
trial_0001,62,train,,,0.2528200174899811,,,0.06163834764602337,,,0.0,0.0,0.015105409678096508,1,0,10,1,0,0.0,0,8,1,,,,,0.15066102155028505,,,,,
trial_0001,62,eval,0.47368421052631576,0.3684210526315789,,,,,,,,,,,,,,,,,,,,2.1052631578947367,,,,0.21052631578947367,,,,
trial_0001,62,global,,,,0.3565785350304815,-0.022526603528749887,,,,,,,2,1,10,0,0,0.5,1,8,1,27,,0.1368421052631579,9.853564143697543,,,-0.8431372549019608,0,1.0,1
trial_0001,63,train,,,0.25234066901054786,,,0.04408493210026558,,,0.0,0.0,0.013512008721405205,2,1,10,0,0,0.5,1,8,1,,,,,0.18458352442434492,,,,,
trial_0001,63,eval,,,,,,,0.7368421052631579,0.7984604757083088,,,,,,,,,,,,,,,,,,,,,,
trial_0001,63,global,,,,0.35056176233213293,-0.014987760815180658,,,,,,,2,1,10,0,0,0.5,1,8,1,27,,0.14427244582043344,9.946870004281909,,,-0.8431372549019608,0,1.0,1
trial_0001,64,train,,,0.2523970274215048,,,0.045398526012580445,,,0.0,0.0,0.013469342200427337,2,1,10,0,0,0.5,1,8,1,,,,,0.15612408127239408,,,,,
trial_0001,64,eval,,,,,,,0.7368421052631579,0.7569915636589651,,,,,,,,,,,,,,,,,,,,,,
trial_0001,64,global,,,,0.35210684563928224,-0.016532844122329943,,,,,,,2,1,10,0,0,0.5,1,8,1,27,,0.1411764705882353,9.995316588694097,,,-0.8431372549019608,0,1.0,1
trial_0001,65,train,,,0.2524452171427138,,,0.04645580398116974,,,0.0,0.0,0.011865744984614606,2,1,10,0,0,0.5,1,8,1,,,,,0.14939944484132403,,,,,
trial_0001,65,eval,,,,,,,0.7368421052631577,0.7610986985658345,,,,,,,,,,,,,,,,,,,,,,
trial_0001,65,global,,,,0.35182266344514695,-0.01624866192819466,,,,,,,2,1,10,0,1,0.5,0,8,1,27,,0.14241486068111456,10.06233914732564,,,-0.8431372549019608,0,1.0,1
trial_0001,66,train,,,0.25252408550140704,,,0.047916884910553056,,,0.0,0.0,0.012112236476411669,2,1,10,0,1,0.5,0,8,1,,,,,0.13886209753282527,,,,,
trial_0001,66,eval,,,,,,,0.7368421052631579,0.724891025769083,,,,,,,,,,,,,,,,,,,,,,
trial_0001,66,global,,,,0.3457941653735573,-0.010220163856604937,,,,,,,2,1,10,0,1,0.5,0,8,1,27,,0.14860681114551083,9.908771892819242,,,-0.8431372549019608,0,1.0,1
trial_0001,67,train,,,0.252592312845778,,,0.048225144598078216,,,0.0,0.0,0.01096025305370394,2,1,10,0,1,0.5,0,8,1,,,,,0.14545313191223652,,,,,
trial_0001,67,eval,,,,,,,0.7368421052631579,0.7018569221622065,,,,,,,,,,,,,,,,,,,,,,
trial_0001,67,global,,,,0.3438366588927155,-0.007457504396697125,,,,,,,2,1,10,0,1,0.5,0,8,1,27,,0.1498452012383901,9.838490021413325,,,-0.8431372549019608,0,1.0,1
trial_0001,68,train,,,0.2526531171925524,,,0.05010167346831331,,,0.0,0.0,0.010125356831246036,2,1,11,1,1,0.5,0,8,1,,,,,0.1412816286879651,,,,,
trial_0001,68,eval,0.5789473684210527,0.6842105263157894,,,,,,,,,,,,,,,,,,,,2.1052631578947367,,,,0.0,,,,
trial_0001,68,global,,,,0.34300636639964077,-0.006627211903622473,,,,,,,2,1,11,0,1,0.0,0,9,1,27,,0.15108359133126936,9.776911390086077,,,-0.8431372549019608,0,1.0,1
trial_0001,69,train,,,0.25275345685634204,,,0.05051134078902133,,,0.0,0.0,0.010123970628247915,2,1,12,1,1,0.0,0,9,1,,,,,0.13623977476295002,,,,,
trial_0001,69,eval,0.47368421052631576,0.5263157894736842,,,,,,,,,,,,,,,,,,,,2.1052631578947367,,,,0.0,,,,
trial_0001,69,global,,,,0.3471331716523251,-0.01075401715630675,,,,,,,2,1,12,0,1,0.0,0,10,1,27,,0.14674922600619195,9.86126396958673,,,-0.8431372549019608,0,1.0,1
trial_0001,70,train,,,0.2528571847905504,,,0.051724226630114487,,,0.0,0.0,0.009517894025664143,2,1,13,1,1,0.0,0,10,1,,,,,0.12998346770380403,,,,,
trial_0001,70,eval,0.6842105263157894,0.631578947368421,,,,,,,,,,,,,,,,,,,,2.1052631578947367,,,,0.15789473684210525,,,,
trial_0001,70,global,,,,0.3516896091323986,-0.015310454636380276,,,,,,,2,1,13,0,1,0.25,0,11,1,27,,0.14241486068111456,9.82474476958945,,,-0.8431372549019608,0,1.0,1
trial_0001,71,train,,,0.25297662869412846,,,0.05325307784245369,,,0.0,0.0,0.01055093474396346,2,1,13,0,1,0.25,0,11,1,,,,,0.12106532741417274,,,,,
trial_0001,71,eval,,,,,,,0.631578947368421,0.7587232228956724,,,,,,,,,,,,,,,,,,,,,,
trial_0001,71,global,,,,0.3474179773372865,-0.011038822841268238,,,,,,,2,1,13,0,1,0.25,0,11,1,27,,0.14674922600619195,9.773343063212769,,,-0.8431372549019608,0,1.0,1
trial_0001,72,train,,,0.253073015111558,,,0.054073487983105024,,,0.0,0.0,0.008844719025240767,2,1,13,0,1,0.25,0,11,1,,,,,0.1280682475484432,,,,,
trial_0001,72,eval,,,,,,,0.7368421052631579,0.7234224159466591,,,,,,,,,,,,,,,,,,,,,,
trial_0001,72,global,,,,0.35068641212491114,-0.014307257628892792,,,,,,,2,1,13,0,1,0.25,0,11,1,27,,0.14489164086687306,9.860206764622738,,,-0.8431372549019608,0,1.0,1
trial_0001,73,train,,,0.253192164162372,,,0.054122340013372135,,,0.0,0.0,0.009235964532126674,2,1,13,0,1,0.25,0,11,1,,,,,0.11149957040522962,,,,,
trial_0001,73,eval,,,,,,,0.7368421052631579,0.7219331201754118,,,,,,,,,,,,,,,,,,,,,,
trial_0001,73,global,,,,0.3467217875205885,-0.010342633024570181,,,,,,,2,1,13,0,1,0.25,0,11,1,27,,0.14674922600619195,9.62456373799327,,,-0.8431372549019608,0,1.0,1
trial_0001,74,train,,,0.25328274293148767,,,0.05460715507890316,,,0.0,0.0,0.008114946246775057,2,1,13,0,1,0.25,0,11,1,,,,,0.13049366976669494,,,,,
trial_0001,74,eval,,,,,,,0.6842105263157894,0.7327632378590734,,,,,,,,,,,,,,,,,,,,,,
trial_0001,74,global,,,,0.34827776753939393,-0.011898613043375587,,,,,,,2,1,13,0,1,0.25,0,11,1,27,,0.14674922600619195,9.771578632272066,,,-0.8431372549019608,0,1.0,1
trial_0001,75,train,,,0.2533937201220938,,,0.05587120798039943,,,0.0,0.0,0.008733003767129242,2,1,13,0,1,0.25,0,11,1,,,,,0.11128994790797539,,,,,
trial_0001,75,eval,,,,,,,0.7368421052631577,0.8773312380439356,,,,,,,,,,,,,,,,,,,,,,
trial_0001,75,global,,,,0.3462420392603854,-0.009862884764367075,,,,,,,2,1,13,0,1,0.25,0,11,1,27,,0.14613003095975233,9.603987608162612,,,-0.8431372549019608,0,1.0,1
trial_0001,76,train,,,0.25347495776541684,,,0.05552067100367647,,,0.0,0.0,0.008597510100554111,2,1,14,1,1,0.25,0,11,1,,,,,0.11782591151113206,,,,,
trial_0001,76,eval,0.5263157894736842,0.5789473684210527,,,,,,,,,,,,,,,,,,,,2.1052631578947367,,,,0.0,,,,
trial_0001,76,global,,,,0.3573432901132782,-0.02096413561725987,,,,,,,2,1,14,0,1,0.0,0,12,1,27,,0.13560371517027864,9.785322062961827,,,-0.8431372549019608,0,1.0,1
trial_0001,77,train,,,0.25356478957419704,,,0.058149185903528904,,,0.0,0.0,0.012029438393755242,2,1,15,1,1,0.0,0,12,1,,,,,0.10656334039695718,,,,,
trial_0001,77,eval,0.47368421052631576,0.47368421052631576,,,,,,,,,,,,,,,,,,,,2.1052631578947367,,,,0.0,,,,
trial_0001,77,global,,,,0.350702777071112,-0.014323622575093722,,,,,,,2,1,15,0,1,0.0,0,13,1,27,,0.1411764705882353,9.49769063896439,,,-0.8431372549019608,0,1.0,1
trial_0001,78,train,,,0.253665288078024,,,0.05745207407373063,,,0.0,0.0,0.008641131780639124,2,1,16,1,1,0.0,0,13,1,,,,,0.11806091702681908,,,,,
trial_0001,78,eval,0.6842105263157894,0.6842105263157894,,,,,,,,,,,,,,,,,,,,2.1052631578947367,,,,0.0,,,,
trial_0001,78,global,,,,0.34985661679646235,-0.013477462300444032,,,,,,,2,1,16,0,1,0.0,0,14,1,27,,0.1436532507739938,9.608882122216949,,,-0.8431372549019608,0,1.0,1
trial_0001,79,train,,,0.25377324191813777,,,0.061941700254349,,,0.0,0.0,0.009154600871075442,2,1,16,0,1,0.0,0,14,1,,,,,0.09571227339353967,,,,,
trial_0001,79,eval,,,,,,,0.7368421052631579,0.8142057861152447,,,,,,,,,,,,,,,,,,,,,,
trial_0001,79,global,,,,0.3505213963112218,-0.014142241815203481,,,,,,,2,1,16,0,1,0.0,0,14,1,27,,0.14241486068111456,9.5865211179751,,,-0.8431372549019608,0,1.0,1
trial_0001,80,train,,,0.2538935015810297,,,0.06290523422525283,,,0.0,0.0,0.008359925663024386,2,1,16,0,1,0.0,0,14,1,,,,,0.10026949523611271,,,,,
trial_0001,80,eval,,,,,,,0.7368421052631577,0.7821925407961795,,,,,,,,,,,,,,,,,,,,,,
trial_0001,80,global,,,,0.3471436118939677,-0.010764457397949349,,,,,,,2,1,16,0,1,0.0,0,14,1,27,,0.14736842105263157,9.644255332828676,,,-0.8431372549019608,0,1.0,1
trial_0001,81,train,,,0.2540039813264887,,,0.06431001266266437,,,0.0,0.0,0.007160699725624154,2,1,16,0,1,0.0,0,14,1,,,,,0.10091177824329824,,,,,
trial_0001,81,eval,,,,,,,0.7368421052631579,0.7968157678842545,,,,,,,,,,,,,,,,,,,,,,
trial_0001,81,global,,,,0.3449707054883579,-0.008591550992339604,,,,,,,2,1,16,0,1,0.0,0,14,1,27,,0.1479876160990712,9.41255407894359,,,-0.8431372549019608,0,1.0,1
trial_0001,82,train,,,0.2541064990961805,,,0.06502692464818345,,,0.0,0.0,0.006172209351875899,2,1,16,0,1,0.0,0,14,1,,,,,0.09427330367108609,,,,,
trial_0001,82,eval,,,,,,,0.7368421052631579,0.7347395874952015,,,,,,,,,,,,,,,,,,,,,,
trial_0001,82,global,,,,0.3455662417344562,-0.00784028589163656,,,,,,,2,1,16,0,1,0.0,0,14,1,27,,0.14922600619195048,9.352786550138019,,,-0.8431372549019608,0,1.0,1
trial_0001,83,train,,,0.2542194622628232,,,0.06606224813359848,,,0.0,0.0,0.006102920431542171,2,1,16,0,1,0.0,0,14,1,,,,,0.09667674518646077,,,,,
trial_0001,83,eval,,,,,,,0.6842105263157894,0.6794859280711725,,,,,,,,,,,,,,,,,,,,,,
trial_0001,83,global,,,,0.3482114744722622,-0.010485518629442546,,,,,,,2,1,16,0,1,0.0,0,14,1,27,,0.1479876160990712,9.5579395494963,,,-0.8431372549019608,0,1.0,1
trial_0001,84,train,,,0.2543164478971603,,,0.06514158274265046,,,0.0,0.0,0.006400042054852709,2,1,17,1,1,0.0,0,14,1,,,,,0.09948019310832022,,,,,
trial_0001,84,eval,0.5263157894736842,0.5789473684210527,,,,,,,,,,,,,,,,,,,,2.1052631578947367,,,,0.0,,,,
trial_0001,84,global,,,,0.3450721313144021,-0.007346175471582418,,,,,,,2,1,17,0,1,0.0,0,15,1,27,,0.1498452012383901,9.535015623488293,,,-0.8431372549019608,0,1.0,1
trial_0001,85,train,,,0.25443140274666726,,,0.06645062248757545,,,0.0,0.0,0.006397524866646409,2,1,18,1,1,0.0,0,15,1,,,,,0.09051159680523771,,,,,
trial_0001,85,eval,0.5789473684210527,0.5789473684210527,,,,,,,,,,,,,,,,,,,,2.1052631578947367,,,,0.0,,,,
trial_0001,85,global,,,,0.34452091647523386,-0.006794960632414222,,,,,,,2,1,18,0,1,0.0,0,16,1,27,,0.15108359133126936,9.426520644621952,,,-0.8431372549019608,0,1.0,1
trial_0001,86,train,,,0.2545261005771921,,,0.06869026542978084,,,0.0,0.0,0.005625466273186055,2,1,19,1,1,0.0,0,16,1,,,,,0.08285453189560707,,,,,
trial_0001,86,eval,0.736842105263158,0.736842105263158,,,,,,,,,,,,,,,,,,,,2.1052631578947367,,,,0.0,,,,
trial_0001,86,global,,,,0.3465066591484129,-0.00878070330559326,,,,,,,2,1,19,0,1,0.0,0,17,1,27,,0.1479876160990712,9.324779234139173,,,-0.8431372549019608,0,1.0,1
trial_0001,87,train,,,0.2546376528892111,,,0.06779514792117666,,,0.0,0.0,0.0054472623420495315,2,1,19,0,1,0.0,0,17,1,,,,,0.08198920447141565,,,,,
trial_0001,87,eval,,,,,,,0.7894736842105263,0.669566243102676,,,,,,,,,,,,,,,,,,,,,,
trial_0001,87,global,,,,0.3443448477830606,-0.0066188919402409225,,,,,,,2,1,19,0,1,0.0,0,17,1,27,,0.15108359133126936,9.309176465675188,,,-0.8431372549019608,0,1.0,1
trial_0001,88,train,,,0.254748764190268,,,0.07079411884571643,,,0.0,0.0,0.0052054118800987596,2,1,19,0,1,0.0,0,17,1,,,,,0.08112563842788656,,,,,
trial_0001,88,eval,,,,,,,0.7894736842105263,0.6645109080954601,,,,,,,,,,,,,,,,,,,,,,
trial_0001,88,global,,,,0.34502321477784015,-0.006492105955954437,,,,,,,2,1,19,0,1,0.0,0,17,1,27,,0.15046439628482972,9.29206010800766,,,-0.8431372549019608,0,1.0,1
trial_0001,89,train,,,0.25486287474632263,,,0.0711610012866081,,,0.0,0.0,0.005316441002403426,2,1,19,0,1,0.0,0,17,1,,,,,0.08320632416834221,,,,,
trial_0001,89,eval,,,,,,,0.8421052631578947,0.6489064583652897,,,,,,,,,,,,,,,,,,,,,,
trial_0001,89,global,,,,0.34621662851327717,-0.006880366712325486,,,,,,,2,1,19,0,1,0.0,0,17,1,27,,0.15046439628482972,9.4090870954673,,,-0.8431372549019608,0,1.0,1
trial_0001,90,train,,,0.2549629655290157,,,0.07156218778579793,,,0.0,0.0,0.005301775156515354,2,1,19,0,1,0.0,0,17,1,,,,,0.08255499719463764,,,,,
trial_0001,90,eval,,,,,,,0.7894736842105263,0.731776552764993,,,,,,,,,,,,,,,,,,,,,,
trial_0001,90,global,,,,0.3457076338194907,-0.006371372018538993,,,,,,,2,1,19,0,1,0.0,0,17,1,27,,0.15046439628482972,9.221428781987713,,,-0.8431372549019608,0,1.0,1
trial_0002,1,train,,,0.2508003304276285,,,0.008780135216833906,,,0.0,0.0,0.017890783433531336,0,0,0,0,0,,0,0,0,,,,,2.2057223475216525,,,,,
trial_0002,1,eval,,,,,,,0.1764705882352941,2.1837791695314293,,,,,,,,,,,,,,,,,,,,,,
trial_0002,1,global,,,,,,,,,,,,0,0,0,0,0,,0,0,0,9,,0.13263157894736843,2.234830486147027,,,,,,
trial_0002,2,train,,,0.25077374864228164,,,0.015286886852376069,,,0.0,0.0,0.02801398723916728,0,0,0,0,0,,0,0,0,,,,,1.9935629780641733,,,,,
trial_0002,2,eval,,,,,,,0.058823529411764705,2.2355472129933975,,,,,,,,,,,,,,,,,,,,,,
trial_0002,2,global,,,,0.07189542483660132,-0.03485838779956427,,,,,,,0,0,0,0,0,,0,0,0,9,,0.09473684210526316,2.328432277880217,,,-0.6470588235294118,0,0.6470588235294118,0
trial_0002,3,train,,,0.2508089055743398,,,0.02244059802799285,,,0.0,0.0,0.035938173648017116,0,0,0,0,0,,0,0,0,,,,,1.925026028539992,,,,,
trial_0002,3,eval,,,,,,,0.3529411764705882,2.157612632302677,,,,,,,,,,,,,,,,,,,,,,
trial_0002,3,global,,,,0.1111111111111111,-0.032590814103419144,,,,,,,0,0,0,0,0,,0,0,0,9,,0.10947368421052632,2.257805827291388,,,-0.6666666666666666,1,1.0,1
trial_0002,4,train,,,0.2507965655266484,,,0.028917987654103507,,,0.0,0.0,0.02951787361474354,0,0,0,0,0,,0,0,0,,,,,1.7963335174548474,,,,,
trial_0002,4,eval,,,,,,,0.058823529411764705,2.1254082848044002,,,,,,,,,,,,,,,,,,,,,,
trial_0002,4,global,,,,0.104720406681191,0.020943478944743958,,,,,,,0,0,0,0,0,,0,0,0,9,,0.15368421052631578,2.2566281976197895,,,-0.17777777777777776,1,0.5111111111111111,1
trial_0002,5,train,,,0.25081718420680565,,,0.03334535361279415,,,0.0,0.0,0.031152701267053058,0,0,0,0,0,,0,0,0,,,,,1.7052814913054704,,,,,
trial_0002,5,eval,,,,,,,0.058823529411764705,1.9983016182394588,,,,,,,,,,,,,,,,,,,,,,
trial_0002,5,global,,,,0.12374727668845316,0.04503708293353184,,,,,,,0,0,0,0,0,,0,0,0,9,,0.1831578947368421,2.207966815797906,,,-0.29411764705882354,0,0.6470588235294117,0
trial_0002,6,train,,,0.25078629202480557,,,0.03700523908379712,,,0.0,0.0,0.03382784188548221,0,0,1,1,0,,0,0,0,,,,,1.4599877446620417,,,,,
trial_0002,6,eval,0.11764705882352941,0.11764705882352941,,,,,,,,,,,,,,,,,,,,2.8823529411764706,,,,0.0,,,,
trial_0002,6,global,,,,0.15329687430527766,0.06927044812349473,,,,,,,0,0,1,0,0,0.0,0,1,0,9,,0.2168421052631579,2.078907027495535,,,-0.411764705882353,0,0.7647058823529411,0
trial_0002,7,train,,,0.2506990738307373,,,0.039479503997519046,,,0.0,0.0,0.03220585186175908,0,0,1,0,0,0.0,0,1,0,,,,,1.2974928906877907,,,,,
trial_0002,7,eval,,,,,,,0.1764705882352941,1.8744317573659561,,,,,,,,,,,,,,,,,,,,,,
trial_0002,7,global,,,,0.14845034788108794,0.10647084677083773,,,,,,,0,0,1,0,0,0.0,0,1,0,9,,0.2463157894736842,2.183256613580804,,,-0.27450980392156865,0,0.6274509803921569,0
trial_0002,8,train,,,0.25065051754818685,,,0.03972117065251628,,,0.0,0.0,0.03977094478433646,0,0,1,0,0,0.0,0,1,0,,,,,1.1895959608485858,,,,,
trial_0002,8,eval,,,,,,,0.1764705882352941,1.9521775245666504,,,,,,,,,,,,,,,,,,,,,,
trial_0002,8,global,,,,0.19006828476573365,0.09206379423993351,,,,,,,0,0,1,0,0,0.0,0,1,0,9,,0.23157894736842105,2.1964369773864747,,,-0.37254901960784315,0,0.7254901960784313,0
trial_0002,9,train,,,0.2506262984456895,,,0.04059760187622868,,,0.0,0.0,0.037649681739792044,0,0,1,0,0,0.0,0,1,0,,,,,1.0318471096307849,,,,,
trial_0002,9,eval,,,,,,,0.23529411764705882,1.9320504735497868,,,,,,,,,,,,,,,,,,,,,,
trial_0002,9,global,,,,0.1772868759058934,0.10711277679591885,,,,,,,0,0,1,0,0,0.0,0,1,0,9,,0.2463157894736842,2.2714790798488416,,,-0.23529411764705888,0,0.5882352941176471,0
trial_0002,10,train,,,0.25057466912873183,,,0.0411366538816615,,,0.0,0.0,0.035897558630455906,0,0,1,0,0,0.0,0,1,0,,,,,0.9254413087587892,,,,,
trial_0002,10,eval,,,,,,,0.47058823529411764,1.7633918523788454,,,,,,,,,,,,,,,,,,,,,,
trial_0002,10,global,,,,0.18272006532601093,0.1182957842854993,,,,,,,0,0,1,0,0,0.0,0,1,0,9,,0.25894736842105265,2.241924174710324,,,-0.19607843137254904,0,0.5490196078431373,0
trial_0002,11,train,,,0.2506389153558154,,,0.00812712900860365,,,0.0,0.0,0.023496951951190524,0,0,1,0,0,0.0,0,1,0,,,,,10.3736260436302,,,,,
trial_0002,11,eval,,,,,,,0.2631578947368421,2.0359608844706885,,,,,,,,,,,,,,,,,,,,,,
trial_0002,11,global,,,,0.4469853485221856,-0.14596949891067537,,,,,,,0,0,1,0,0,0.0,0,1,0,18,,0.08133971291866028,10.07787874395197,,,-0.6666666666666666,1,1.0,1
trial_0002,12,train,,,0.25057808846928353,,,0.009437778661417404,,,0.0,1.0,0.3843328639518383,0,0,1,0,0,0.0,0,1,0,,,,,2.284820020396844,,,,,
trial_0002,12,eval,,,,,,,0.21052631578947367,2.452271674808703,,,,,,,,,,,,,,,,,,,,,,
trial_0002,12,global,,,,0.28317794638767946,-0.052332602157696514,,,,,,,0,0,1,0,0,0.0,0,1,0,18,,0.10909090909090909,8.51222594594271,,,-0.7222222222222222,15,1.0,1
trial_0002,13,train,,,0.25053960223530614,,,0.011271410903265309,,,0.0,0.0,0.07778998036370721,0,0,1,0,0,0.0,0,1,0,,,,,1.5563764202832382,,,,,
trial_0002,13,eval,,,,,,,0.3684210526315789,1.9415521496220638,,,,,,,,,,,,,,,,,,,,,,
trial_0002,13,global,,,,0.30182670653510485,-0.05498809631185587,,,,,,,0,0,1,0,0,0.0,0,1,0,18,,0.10717703349282297,9.168525608646812,,,-0.6666666666666666,1,1.0,1
trial_0002,14,train,,,0.2504942039417666,,,0.011596516294534814,,,0.0,0.0,0.054472455754876144,0,0,1,0,0,0.0,0,1,0,,,,,1.2246648030621663,,,,,
trial_0002,14,eval,,,,,,,0.42105263157894735,1.9422595563687777,,,,,,,,,,,,,,,,,,,,,,
trial_0002,14,global,,,,0.2922051526923414,-0.03677133109610326,,,,,,,0,0,1,0,0,0.0,0,1,0,18,,0.12631578947368421,8.74002729078229,,,-0.6851851851851851,15,1.0,1
trial_0002,15,train,,,0.25048697999743524,,,0.012520366889792817,,,0.0,0.0,0.04613345037106165,0,0,1,0,0,0.0,0,1,0,,,,,1.130458121580935,,,,,
trial_0002,15,eval,,,,,,,0.3684210526315789,1.8587163624010588,,,,,,,,,,,,,,,,,,,,,,
trial_0002,15,global,,,,0.27769581834732626,-0.018642468131559543,,,,,,,0,0,1,0,0,0.0,0,1,0,18,,0.14545454545454545,8.940760308133358,,,-0.6666666666666666,1,1.0,1
trial_0002,16,train,,,0.2504745420328406,,,0.013120487332344055,,,0.0,0.0,0.04310820068470961,0,0,1,0,0,0.0,0,1,0,,,,,0.9559462940277055,,,,,
trial_0002,16,eval,,,,,,,0.5789473684210527,1.7847505368684466,,,,,,,,,,,,,,,,,,,,,,
trial_0002,16,global,,,,0.2806354838042522,-0.018888530894882738,,,,,,,0,0,1,0,0,0.0,0,1,0,18,,0.1444976076555024,8.744998888992237,,,-0.6666666666666666,1,1.0,1
trial_0002,17,train,,,0.25046323135841725,,,0.01354042267383531,,,0.0,0.0,0.041112899684975314,0,0,1,0,0,0.0,0,1,0,,,,,0.8819785291867399,,,,,
trial_0002,17,eval,,,,,,,0.5789473684210527,1.761386513710022,,,,,,,,,,,,,,,,,,,,,,
trial_0002,17,global,,,,0.2766135141305288,-0.008612708136320407,,,,,,,0,0,1,0,0,0.0,0,1,0,18,,0.15502392344497606,8.760332174164256,,,-0.6666666666666666,1,1.0,1
trial_0002,18,train,,,0.25049274674681726,,,0.015171603927778644,,,0.0,0.0,0.03942277854048582,0,0,1,0,0,0.0,0,1,0,,,,,0.7896600943863195,,,,,
trial_0002,18,eval,,,,,,,0.5263157894736842,1.7959591871813723,,,,,,,,,,,,,,,,,,,,,,
trial_0002,18,global,,,,0.27876755321727525,-0.008914895371214988,,,,,,,0,0,1,0,0,0.0,0,1,0,18,,0.15311004784688995,8.742742669867557,,,-0.6666666666666666,1,1.0,1
trial_0002,19,train,,,0.2505266046108201,,,0.016929561748754145,,,0.0,0.0,0.03865334470214886,0,0,1,0,0,0.0,0,1,0,,,,,0.6704472198438802,,,,,
trial_0002,19,eval,,,,,,,0.5263157894736842,1.7001086253868907,,,,,,,,,,,,,,,,,,,,,,
trial_0002,19,global,,,,0.2736485488807435,-0.001305019881840285,,,,,,,0,0,1,0,0,0.0,0,1,0,18,,0.16172248803827752,8.46043197504071,,,-0.6666666666666666,1,1.0,1
trial_0002,20,train,,,0.25056925831839094,,,0.017242097057575404,,,0.0,0.0,0.03724060626483934,0,0,1,0,0,0.0,0,1,0,,,,,0.6102956998288829,,,,,
trial_0002,20,eval,,,,,,,0.5263157894736842,1.7894549777633264,,,,,,,,,,,,,,,,,,,,,,
trial_0002,20,global,,,,0.2843359020218388,-0.00812348065639054,,,,,,,0,0,1,0,0,0.0,0,1,0,18,,0.15406698564593302,8.615128827437259,,,-0.6666666666666666,1,1.0,1
trial_0002,21,train,,,0.25052653459158347,,,0.010125057969955687,,,0.0,0.0,0.03486056310778614,0,0,1,0,0,0.0,0,1,0,,,,,11.960494755973931,,,,,
trial_0002,21,eval,,,,,,,0.0,2.517766300000642,,,,,,,,,,,,,,,,,,,,,,
trial_0002,21,global,,,,0.4253143678300017,-0.14910194646455346,,,,,,,0,0,1,0,0,0.0,0,1,0,27,,0.039628482972136225,11.202960904242454,,,-0.7222222222222222,15,1.0,1
trial_0002,22,train,,,0.25056896976968074,,,0.012342141346728548,,,0.0,0.9999999999999999,0.21744077193768735,0,0,1,0,0,0.0,0,1,0,,,,,2.0171392346225607,,,,,
trial_0002,22,eval,,,,,,,0.42105263157894735,1.7486945955376876,,,,,,,,,,,,,,,,,,,,,,
trial_0002,22,global,,,,0.29403242237617827,-0.06474529272805825,,,,,,,0,0,1,0,0,0.0,0,1,0,27,,0.08297213622291022,11.200887494633442,,,-0.7222222222222222,15,1.0,1
trial_0002,23,train,,,0.2505551725625992,,,0.013755386655635023,,,0.0,0.0,0.05240717664202478,0,0,1,0,0,0.0,0,1,0,,,,,1.3685739750557757,,,,,
trial_0002,23,eval,,,,,,,0.47368421052631576,1.4233144145262866,,,,,,,,,,,,,,,,,,,,,,
trial_0002,23,global,,,,0.3062611133488306,-0.062386872502207875,,,,,,,0,0,1,0,0,0.0,0,1,0,27,,0.08544891640866874,10.976362305159908,,,-0.7222222222222222,15,1.0,1
trial_0002,24,train,,,0.250549704470533,,,0.01409856562918805,,,0.0,0.0,0.03814835474687689,0,0,1,0,0,0.0,0,1,0,,,,,1.1342467537042218,,,,,
trial_0002,24,eval,,,,,,,0.6842105263157894,1.344302829943205,,,,,,,,,,,,,,,,,,,,,,
trial_0002,24,global,,,,0.3018849093851297,-0.052368177007380785,,,,,,,0,0,1,0,0,0.0,0,1,0,27,,0.09597523219814241,10.771167620490578,,,-0.7222222222222222,15,1.0,1
trial_0002,25,train,,,0.2505461034622598,,,0.015476546388991336,,,0.0,0.0,0.03369169716346772,0,0,1,0,0,0.0,0,1,0,,,,,1.0651238694741731,,,,,
trial_0002,25,eval,,,,,,,0.631578947368421,1.2791950734038102,,,,,,,,,,,,,,,,,,,,,,
trial_0002,25,global,,,,0.3095926336098871,-0.057654021617276154,,,,,,,0,0,1,0,0,0.0,0,1,0,27,,0.09102167182662539,10.690719224203482,,,-0.7222222222222222,15,1.0,1
trial_0002,26,train,,,0.2505400203009869,,,0.015652265003386963,,,0.0,0.0,0.032427062224993045,0,0,1,0,0,0.0,0,1,0,,,,,0.9964092602121069,,,,,
trial_0002,26,eval,,,,,,,0.5789473684210527,1.3040830524344194,,,,,,,,,,,,,,,,,,,,,,
trial_0002,26,global,,,,0.3107462433335482,-0.04904515146976176,,,,,,,0,0,1,0,0,0.0,0,1,0,27,,0.09907120743034056,10.55893196956292,,,-0.7222222222222222,15,1.0,1
trial_0002,27,train,,,0.2505649975005616,,,0.017594712845822594,,,0.0,0.0,0.031117938894857755,0,0,1,0,0,0.0,0,1,0,,,,,0.8873960653880446,,,,,
trial_0002,27,eval,,,,,,,0.631578947368421,1.2222889755901536,,,,,,,,,,,,,,,,,,,,,,
trial_0002,27,global,,,,0.3125419958217255,-0.04862686405708952,,,,,,,0,0,1,0,0,0.0,0,1,0,27,,0.09907120743034056,10.515127816215019,,,-0.7222222222222222,15,1.0,1
trial_0002,28,train,,,0.25058626874964285,,,0.017986705011509837,,,0.0,0.0,0.03131233789819352,0,0,1,0,0,0.0,0,1,0,,,,,0.8580567466723521,,,,,
trial_0002,28,eval,,,,,,,0.5263157894736842,1.2280687407443396,,,,,,,,,,,,,,,,,,,,,,
trial_0002,28,global,,,,0.31002900016916635,-0.03470307216345187,,,,,,,0,0,1,0,0,0.0,0,1,0,27,,0.11145510835913312,10.40917503663999,,,-0.7222222222222222,15,1.0,1
trial_0002,29,train,,,0.25062672492671517,,,0.01939684754990517,,,0.0,0.0,0.03111316343729801,0,0,1,0,0,0.0,0,1,0,,,,,0.7721731794550788,,,,,
trial_0002,29,eval,,,,,,,0.5789473684210527,1.2047047677793,,,,,,,,,,,,,,,,,,,,,,
trial_0002,29,global,,,,0.30693485558133426,-0.027880215332414835,,,,,,,0,0,1,0,0,0.0,0,1,0,27,,0.11826625386996904,10.323284782197085,,,-0.7222222222222222,15,1.0,1
trial_0002,30,train,,,0.2506887865193347,,,0.020528857061203488,,,0.0,0.0,0.031240378639244656,0,0,1,0,0,0.0,0,1,0,,,,,0.6995559768202094,,,,,
trial_0002,30,eval,,,,,,,0.5263157894736842,1.1920062711364343,,,,,,,,,,,,,,,,,,,,,,
trial_0002,30,global,,,,0.3058654713565592,-0.021629633163283923,,,,,,,0,0,1,0,0,0.0,0,1,0,27,,0.1238390092879257,10.256201698610289,,,-0.7222222222222222,15,1.0,1
trial_0002,31,train,,,0.25076369782711594,,,0.022297958744333143,,,0.0,0.0,0.030797867839561496,0,0,1,0,0,0.0,0,1,0,,,,,0.6355618235731559,,,,,
trial_0002,31,eval,,,,,,,0.5263157894736842,1.2325669872133356,,,,,,,,,,,,,,,,,,,,,,
trial_0002,31,global,,,,0.3093024297081677,-0.02183866002609133,,,,,,,0,0,1,0,0,0.0,0,1,0,27,,0.12445820433436533,10.159923861713231,,,-0.7222222222222222,15,1.0,1
trial_0002,32,train,,,0.2508405710154391,,,0.023444847382129506,,,0.0,0.0,0.031287741217207406,0,0,1,0,0,0.0,0,1,0,,,,,0.5893469368161401,,,,,
trial_0002,32,eval,,,,,,,0.5263157894736842,1.2830949143359536,,,,,,,,,,,,,,,,,,,,,,
trial_0002,32,global,,,,0.31528095034166737,-0.02504900179492095,,,,,,,0,0,1,0,0,0.0,0,1,0,27,,0.11826625386996904,10.158514357056042,,,-0.7222222222222222,15,1.0,1
trial_0002,33,train,,,0.2509243218822682,,,0.025680677370822177,,,0.0,0.0,0.0323166588519482,0,0,1,0,0,0.0,0,1,0,,,,,0.5454540591471826,,,,,
trial_0002,33,eval,,,,,,,0.5263157894736842,1.2506075250475028,,,,,,,,,,,,,,,,,,,,,,
trial_0002,33,global,,,,0.31352254970540155,-0.020547116933689404,,,,,,,0,0,1,0,0,0.0,0,1,0,27,,0.12631578947368421,10.074282562917231,,,-0.7222222222222222,15,1.0,1
trial_0002,34,train,,,0.2510137697483631,,,0.026256757847806237,,,0.0,0.0,0.030359714496088156,0,0,1,0,0,0.0,0,1,0,,,,,0.4412299716635678,,,,,
trial_0002,34,eval,,,,,,,0.5263157894736842,1.3041159322387292,,,,,,,,,,,,,,,,,,,,,,
trial_0002,34,global,,,,0.31537588558502283,-0.016959698974387517,,,,,,,0,0,1,0,0,0.0,0,1,0,27,,0.12879256965944272,10.085891950388811,,,-0.7222222222222222,15,1.0,1
trial_0002,35,train,,,0.2511146499755535,,,0.028058664912873125,,,0.0,0.0,0.030568381463316214,0,0,1,0,0,0.0,0,1,0,,,,,0.40790697850717234,,,,,
trial_0002,35,eval,,,,,,,0.5263157894736842,1.3744737317687585,,,,,,,,,,,,,,,,,,,,,,
trial_0002,35,global,,,,0.3215073784879936,-0.015592899777616864,,,,,,,0,0,1,0,0,0.0,0,1,0,27,,0.1306501547987616,9.934988272227,,,-0.7222222222222222,15,1.0,1
trial_0002,36,train,,,0.25123389192084045,,,0.02996142462212989,,,0.0,0.0,0.030933831261589807,0,0,1,0,0,0.0,0,1,0,,,,,0.36685230324786483,,,,,
trial_0002,36,eval,,,,,,,0.5263157894736842,1.3333026013876261,,,,,,,,,,,,,,,,,,,,,,
trial_0002,36,global,,,,0.31856623642622717,-0.012651757715850455,,,,,,,0,0,1,0,0,0.0,0,1,0,27,,0.1325077399380805,9.938863447207046,,,-0.7222222222222222,15,1.0,1
trial_0002,37,train,,,0.2513397684756746,,,0.03186171929887,,,0.0,0.0,0.029635971770720915,0,0,1,0,0,0.0,0,1,0,,,,,0.34164305207939494,,,,,
trial_0002,37,eval,,,,,,,0.5263157894736842,1.4544801304214878,,,,,,,,,,,,,,,,,,,,,,
trial_0002,37,global,,,,0.32241774857509137,-0.010452262717216262,,,,,,,0,0,1,0,0,0.0,0,1,0,27,,0.13374613003095975,9.837220814944052,,,-0.7222222222222222,15,1.0,1
trial_0002,38,train,,,0.25145153098918016,,,0.03378408354647616,,,0.0,0.0,0.029589080062021128,0,0,1,0,0,0.0,0,1,0,,,,,0.30446092725524787,,,,,
trial_0002,38,eval,,,,,,,0.5263157894736842,1.4534041928617578,,,,,,,,,,,,,,,,,,,,,,
trial_0002,38,global,,,,0.3223063006746166,-0.008994013469940125,,,,,,,0,0,1,0,0,0.0,0,1,0,27,,0.13622291021671826,9.872044930000424,,,-0.7222222222222222,15,1.0,1
trial_0002,39,train,,,0.25156531657310244,,,0.036267526606295966,,,0.0,0.0,0.028525998074799143,0,0,2,1,0,0.0,0,1,0,,,,,0.280134928783566,,,,,
trial_0002,39,eval,0.3157894736842105,0.3157894736842105,,,,,,,,,,,,,,,,,,,,2.1052631578947367,,,,0.0,,,,
trial_0002,39,global,,,,0.32503754540479146,-0.011725258200114988,,,,,,,0,0,2,0,0,0.0,0,2,0,27,,0.13188854489164087,9.748077992536704,,,-0.7222222222222222,15,1.0,1
trial_0002,40,train,,,0.2516959068622995,,,0.0388124721481445,,,0.0,0.0,0.02816577033793673,0,0,2,0,0,0.0,0,2,0,,,,,0.2618534742517674,,,,,
trial_0002,40,eval,,,,,,,0.5789473684210527,1.4822482858833512,,,,,,,,,,,,,,,,,,,,,,
trial_0002,40,global,,,,0.3225929038110375,-0.008630844026763902,,,,,,,0,0,2,0,0,0.0,0,2,0,27,,0.13622291021671826,9.722112023793507,,,-0.7222222222222222,15,1.0,1
trial_0002,41,train,,,0.2518290376409571,,,0.03885205280273518,,,0.0,0.0,0.027075161092339997,0,0,2,0,0,0.0,0,2,0,,,,,0.2309306857479017,,,,,
trial_0002,41,eval,,,,,,,0.5789473684210527,1.4423160129471828,,,,,,,,,,,,,,,,,,,,,,
trial_0002,41,global,,,,0.3210211921622006,-0.0070591323779270725,,,,,,,0,0,2,0,0,0.0,0,2,0,27,,0.1368421052631579,9.703427872790641,,,-0.7222222222222222,15,1.0,1
trial_0002,42,train,,,0.2519608219253256,,,0.041132820413467726,,,0.0,0.0,0.02584987043928197,0,0,2,0,0,0.0,0,2,0,,,,,0.2121840143140326,,,,,
trial_0002,42,eval,,,,,,,0.5789473684210527,1.4962535375042965,,,,,,,,,,,,,,,,,,,,,,
trial_0002,42,global,,,,0.32320058253762457,-0.009238522753351013,,,,,,,0,0,2,0,0,0.0,0,2,0,27,,0.13560371517027864,9.648490067236933,,,-0.7222222222222222,15,1.0,1
trial_0002,43,train,,,0.25210091852127237,,,0.043453849059470154,,,0.0,0.0,0.02554955830515184,0,0,2,0,0,0.0,0,2,0,,,,,0.21054087212382844,,,,,
trial_0002,43,eval,,,,,,,0.5789473684210527,1.5088346443678202,,,,,,,,,,,,,,,,,,,,,,
trial_0002,43,global,,,,0.3252233450633378,-0.009650979320932163,,,,,,,0,0,2,0,0,0.0,0,2,0,27,,0.1368421052631579,9.621602077897489,,,-0.7222222222222222,15,1.0,1
trial_0002,44,train,,,0.25224555806910737,,,0.0465748462271183,,,0.0,0.0,0.02368217569483603,0,0,2,0,0,0.0,0,2,0,,,,,0.18982130744265205,,,,,
trial_0002,44,eval,,,,,,,0.5789473684210527,1.5902867128974512,,,,,,,,,,,,,,,,,,,,,,
trial_0002,44,global,,,,0.31759557225174107,-0.002023206509335445,,,,,,,0,0,2,0,0,0.0,0,2,0,27,,0.1417956656346749,9.476809867173895,,,-0.7222222222222222,15,1.0,1
trial_0002,45,train,,,0.25235308009259244,,,0.046986539947225694,,,0.0,0.0,0.02304850937080312,0,0,2,0,0,0.0,0,2,0,,,,,0.18807069027632203,,,,,
trial_0002,45,eval,,,,,,,0.5789473684210527,1.5801217634426918,,,,,,,,,,,,,,,,,,,,,,
trial_0002,45,global,,,,0.3301964047508381,-0.014624039008432479,,,,,,,0,0,2,0,0,0.0,0,2,0,27,,0.12941176470588237,9.653753825090249,,,-0.7222222222222222,15,1.0,1
trial_0002,46,train,,,0.2525078958653389,,,0.049443324829669705,,,0.0,0.0,0.02337777703886535,0,0,2,0,0,0.0,0,2,0,,,,,0.16633943760467518,,,,,
trial_0002,46,eval,,,,,,,0.5789473684210527,1.5037478702633005,,,,,,,,,,,,,,,,,,,,,,
trial_0002,46,global,,,,0.31819840387913323,-0.0026260381367276264,,,,,,,0,0,2,0,0,0.0,0,2,0,27,,0.1411764705882353,9.43112339456753,,,-0.7222222222222222,15,1.0,1
trial_0002,47,train,,,0.25263718785123623,,,0.05255539398244087,,,0.0,0.0,0.02081051533620686,0,0,3,1,0,0.0,0,2,0,,,,,0.1661718613765341,,,,,
trial_0002,47,eval,0.3157894736842105,0.3157894736842105,,,,,,,,,,,,,,,,,,,,2.1052631578947367,,,,0.0,,,,
trial_0002,47,global,,,,0.3254245004955737,-0.009080529814896444,,,,,,,0,0,3,0,0,0.0,0,3,0,27,,0.13312693498452013,9.588648037275663,,,-0.7222222222222222,15,1.0,1
trial_0002,48,train,,,0.2527759290756063,,,0.0539028895028094,,,0.0,0.0,0.022284848231232748,0,0,3,0,0,0.0,0,3,0,,,,,0.15775640180906264,,,,,
trial_0002,48,eval,,,,,,,0.5789473684210527,1.538299050770308,,,,,,,,,,,,,,,,,,,,,,
trial_0002,48,global,,,,0.3231059917876942,-0.0058475263653618,,,,,,,0,0,3,0,0,0.0,0,3,0,27,,0.1386996904024768,9.433388275996819,,,-0.7222222222222222,15,1.0,1
trial_0002,49,train,,,0.2529181939490298,,,0.057332739233970635,,,0.0,0.0,0.020142419780034854,0,0,4,1,0,0.0,0,3,0,,,,,0.1585459117989953,,,,,
trial_0002,49,eval,0.5789473684210527,0.5789473684210527,,,,,,,,,,,,,,,,,,,,2.1052631578947367,,,,0.0,,,,
trial_0002,49,global,,,,0.3272675534580718,-0.01000908803573932,,,,,,,0,0,4,0,0,0.0,0,4,0,27,,0.1325077399380805,9.47342233096852,,,-0.7222222222222222,15,1.0,1
trial_0002,50,train,,,0.2530732643097005,,,0.055954594878440206,,,0.0,0.0,0.019256088416404193,0,0,4,0,0,0.0,0,4,0,,,,,0.14327620757930545,,,,,
trial_0002,50,eval,,,,,,,0.5789473684210527,1.472039261930867,,,,,,,,,,,,,,,,,,,,,,
trial_0002,50,global,,,,0.32222437886415844,-0.004965913441825976,,,,,,,0,0,4,0,0,0.0,0,4,0,27,,0.13746130030959752,9.407634387887299,,,-0.7222222222222222,15,1.0,1
trial_0002,51,train,,,0.25321871676343555,,,0.05798501537201252,,,0.0,0.0,0.017731958497910108,0,0,5,1,0,0.0,0,4,0,,,,,0.1356983376061119,,,,,
trial_0002,51,eval,0.42105263157894735,0.42105263157894735,,,,,,,,,,,,,,,,,,,,2.1052631578947367,,,,0.0,,,,
trial_0002,51,global,,,,0.32480599557377665,-0.005442832013183897,,,,,,,0,0,5,0,0,0.0,0,5,0,27,,0.13746130030959752,9.426448418112361,,,-0.7222222222222222,15,1.0,1
trial_0002,52,train,,,0.2533654576920448,,,0.06017138697999588,,,0.0,0.0,0.016948971708002997,0,0,5,0,0,0.0,0,5,0,,,,,0.12393995657517916,,,,,
trial_0002,52,eval,,,,,,,0.5789473684210527,1.439065543444533,,,,,,,,,,,,,,,,,,,,,,
trial_0002,52,global,,,,0.3265575128216056,-0.007194349261012847,,,,,,,0,0,5,0,0,0.0,0,5,0,27,,0.1368421052631579,9.327637507671911,,,-0.7222222222222222,15,1.0,1
trial_0002,53,train,,,0.2535109497765277,,,0.0618103267030513,,,0.0,0.0,0.01629331099288043,0,0,5,0,0,0.0,0,5,0,,,,,0.13435303985981956,,,,,
trial_0002,53,eval,,,,,,,0.5789473684210527,1.6369680330941552,,,,,,,,,,,,,,,,,,,,,,
trial_0002,53,global,,,,0.33087110531891056,-0.011507941758317798,,,,,,,0,0,5,0,0,0.0,0,5,0,27,,0.13126934984520125,9.471978618043126,,,-0.7222222222222222,15,1.0,1
trial_0002,54,train,,,0.25366025465600034,,,0.06379024906361357,,,0.0,0.0,0.01689926196122542,0,0,5,0,0,0.0,0,5,0,,,,,0.11774809329026013,,,,,
trial_0002,54,eval,,,,,,,0.5789473684210527,1.6039663114045797,,,,,,,,,,,,,,,,,,,,,,
trial_0002,54,global,,,,0.32495426433163466,-0.005591100771041885,,,,,,,0,0,5,0,0,0.0,0,5,0,27,,0.13808049535603714,9.306731816342003,,,-0.7222222222222222,15,1.0,1
trial_0002,55,train,,,0.2537975330302056,,,0.06684592588150755,,,0.0,0.0,0.01506952306112037,0,0,6,1,0,0.0,0,5,0,,,,,0.12133618885804093,,,,,
trial_0002,55,eval,0.3157894736842105,0.3684210526315789,,,,,,,,,,,,,,,,,,,,2.1052631578947367,,,,0.0,,,,
trial_0002,55,global,,,,0.33141096882946736,-0.012047805268874587,,,,,,,0,0,6,0,0,0.0,0,6,0,27,,0.13126934984520125,9.377884319766018,,,-0.7222222222222222,15,1.0,1
trial_0002,56,train,,,0.253930297937799,,,0.06873753508354755,,,0.0,0.0,0.014784078868328932,0,0,6,0,0,0.0,0,6,0,,,,,0.1080675814697083,,,,,
trial_0002,56,eval,,,,,,,0.5789473684210527,1.623990940420251,,,,,,,,,,,,,,,,,,,,,,
trial_0002,56,global,,,,0.32633660063493203,-0.006973437074339293,,,,,,,0,0,6,0,0,0.0,0,6,0,27,,0.1368421052631579,9.319330575665454,,,-0.7222222222222222,15,1.0,1
trial_0002,57,train,,,0.25408841193990506,,,0.07106345448088137,,,0.0,0.0,0.013870966333234584,0,0,7,1,0,0.0,0,6,0,,,,,0.107855080833551,,,,,
trial_0002,57,eval,0.5789473684210527,0.5789473684210527,,,,,,,,,,,,,,,,,,,,2.1052631578947367,,,,0.0,,,,
trial_0002,57,global,,,,0.3333582360396612,-0.013995072479068461,,,,,,,0,0,7,0,0,0.0,0,7,0,27,,0.13003095975232198,9.432554102091597,,,-0.7222222222222222,15,1.0,1
trial_0002,58,train,,,0.2542244078631097,,,0.07101268971219976,,,0.0,0.0,0.014396272889001575,0,0,7,0,0,0.0,0,7,0,,,,,0.10448770648530913,,,,,
trial_0002,58,eval,,,,,,,0.5789473684210527,1.6930774991449555,,,,,,,,,,,,,,,,,,,,,,
trial_0002,58,global,,,,0.32643146087014835,-0.007068297309555628,,,,,,,0,0,7,0,0,0.0,0,7,0,27,,0.1368421052631579,9.289147651601501,,,-0.7222222222222222,15,1.0,1
trial_0002,59,train,,,0.25434035411540495,,,0.07254816591739655,,,0.0,0.0,0.012085689256646414,0,0,8,1,0,0.0,0,7,0,,,,,0.09521306507674394,,,,,
trial_0002,59,eval,0.3684210526315789,0.3684210526315789,,,,,,,,,,,,,,,,,,,,2.1052631578947367,,,,0.0,,,,
trial_0002,59,global,,,,0.3280378165842162,-0.00867465302362344,,,,,,,0,0,8,0,0,0.0,0,8,0,27,,0.13560371517027864,9.339857126241867,,,-0.7222222222222222,15,1.0,1
trial_0002,60,train,,,0.2544617811416058,,,0.07377944981798212,,,0.0,0.0,0.011806157219441648,0,0,8,0,0,0.0,0,8,0,,,,,0.09072150881076656,,,,,
trial_0002,60,eval,,,,,,,0.5789473684210527,1.7200761657012136,,,,,,,,,,,,,,,,,,,,,,
trial_0002,60,global,,,,0.3271354690051854,-0.007315058073765055,,,,,,,0,0,8,0,0,0.0,0,8,0,27,,0.13746130030959752,9.27322748851481,,,-0.7222222222222222,15,1.0,1
trial_0002,61,train,,,0.25457936842390827,,,0.0745553101630921,,,0.0,0.0,0.011127104024660397,0,0,8,0,0,0.0,0,8,0,,,,,0.08982306650887868,,,,,
trial_0002,61,eval,,,,,,,0.5789473684210527,1.7379174750102193,,,,,,,,,,,,,,,,,,,,,,
trial_0002,61,global,,,,0.3264704842407336,-0.00587846837104162,,,,,,,0,0,8,0,0,0.0,0,8,0,27,,0.13560371517027864,9.333021096622243,,,-0.7222222222222222,15,1.0,1
trial_0002,62,train,,,0.2547202538302604,,,0.07788997127654704,,,0.0,0.0,0.011197360659060268,0,0,8,0,0,0.0,0,8,0,,,,,0.08650163482976539,,,,,
trial_0002,62,eval,,,,,,,0.5789473684210527,1.6940568834543228,,,,,,,,,,,,,,,,,,,,,,
trial_0002,62,global,,,,0.3278736077529593,-0.007281591883267329,,,,,,,0,0,8,0,0,0.0,0,8,0,27,,0.1368421052631579,9.284653796500097,,,-0.7222222222222222,15,1.0,1
trial_0002,63,train,,,0.25482068892489085,,,0.07972050156999141,,,0.0,0.0,0.009803315121222268,0,0,9,1,0,0.0,0,8,0,,,,,0.08491419687708641,,,,,
trial_0002,63,eval,0.3157894736842105,0.3157894736842105,,,,,,,,,,,,,,,,,,,,2.1052631578947367,,,,0.0,,,,
trial_0002,63,global,,,,0.3266151127940995,-0.006023096924407508,,,,,,,0,0,9,0,0,0.0,0,9,0,27,,0.13622291021671826,9.295508206960955,,,-0.7222222222222222,15,1.0,1
trial_0002,64,train,,,0.25491821607376663,,,0.07959003524577364,,,0.0,0.0,0.009472295722770604,0,0,9,0,0,0.0,0,9,0,,,,,0.08106389826327834,,,,,
trial_0002,64,eval,,,,,,,0.5789473684210527,1.7457120320514627,,,,,,,,,,,,,,,,,,,,,,
trial_0002,64,global,,,,0.3316802503404695,-0.0110882344707775,,,,,,,0,0,9,0,0,0.0,0,9,0,27,,0.13312693498452013,9.310737739775572,,,-0.7222222222222222,15,1.0,1
trial_0002,65,train,,,0.25503124360074386,,,0.07985476737326763,,,0.0,0.0,0.00930926582337595,0,0,10,1,0,0.0,0,9,0,,,,,0.08100137173404809,,,,,
trial_0002,65,eval,0.5789473684210527,0.5789473684210527,,,,,,,,,,,,,,,,,,,,2.1052631578947367,,,,0.0,,,,
trial_0002,65,global,,,,0.32867787829165807,-0.008085862421966065,,,,,,,0,0,10,0,0,0.0,0,10,0,27,,0.13498452012383902,9.267256929852277,,,-0.7222222222222222,15,1.0,1
trial_0002,66,train,,,0.25513101511813224,,,0.08180273340103474,,,0.0,0.0,0.008923030844233197,0,0,10,0,0,0.0,0,10,0,,,,,0.07482168535308453,,,,,
trial_0002,66,eval,,,,,,,0.5789473684210527,1.8383361846208572,,,,,,,,,,,,,,,,,,,,,,
trial_0002,66,global,,,,0.32641980956285577,-0.005827793693163802,,,,,,,0,0,10,0,0,0.0,0,10,0,27,,0.13746130030959752,9.24858741878356,,,-0.7222222222222222,15,1.0,1
trial_0002,67,train,,,0.25523484070250324,,,0.08316020382211563,,,0.0,0.0,0.008050864557562239,0,0,11,1,0,0.0,0,10,0,,,,,0.07479332582770329,,,,,
trial_0002,67,eval,0.3684210526315789,0.3684210526315789,,,,,,,,,,,,,,,,,,,,2.1052631578947367,,,,0.0,,,,
trial_0002,67,global,,,,0.3326592744475129,-0.012067258577820934,,,,,,,0,0,11,0,0,0.0,0,11,0,27,,0.13003095975232198,9.287377062818214,,,-0.7222222222222222,15,1.0,1
trial_0002,68,train,,,0.2553308834420874,,,0.08447374625408902,,,0.0,0.0,0.008334364545434972,0,0,11,0,0,0.0,0,11,0,,,,,0.07092311276309758,,,,,
trial_0002,68,eval,,,,,,,0.5789473684210527,1.86293799234064,,,,,,,,,,,,,,,,,,,,,,
trial_0002,68,global,,,,0.3295950903057976,-0.00900307443610565,,,,,,,0,0,11,0,0,0.0,0,11,0,27,,0.13436532507739937,9.29127132781888,,,-0.7222222222222222,15,1.0,1
trial_0002,69,train,,,0.25542175642987514,,,0.0836855097019926,,,0.0,0.0,0.008215064157643902,0,0,11,0,0,0.0,0,11,0,,,,,0.07584180511919199,,,,,
trial_0002,69,eval,,,,,,,0.5789473684210527,1.7662140123153989,,,,,,,,,,,,,,,,,,,,,,
trial_0002,69,global,,,,0.33203867948525584,-0.01144666361556382,,,,,,,0,0,11,0,0,0.0,0,11,0,27,,0.1325077399380805,9.29008701666959,,,-0.7222222222222222,15,1.0,1
trial_0002,70,train,,,0.25553099462326534,,,0.08628066866955858,,,0.0,0.0,0.0079591768754131,0,0,11,0,0,0.0,0,11,0,,,,,0.06979724600639386,,,,,
trial_0002,70,eval,,,,,,,0.5789473684210527,1.84427210218028,,,,,,,,,,,,,,,,,,,,,,
trial_0002,70,global,,,,0.3269878800528317,-0.0063958641831396755,,,,,,,0,0,11,0,0,0.0,0,11,0,27,,0.13622291021671826,9.20767109637659,,,-0.7222222222222222,15,1.0,1
trial_0002,71,train,,,0.2556142166573951,,,0.0871886744144115,,,0.0,0.0,0.006867109784736309,0,0,12,1,0,0.0,0,11,0,,,,,0.06644594933735745,,,,,
trial_0002,71,eval,0.3157894736842105,0.3157894736842105,,,,,,,,,,,,,,,,,,,,2.1052631578947367,,,,0.0,,,,
trial_0002,71,global,,,,0.33231734336215724,-0.010920174513399238,,,,,,,0,0,12,0,0,0.0,0,12,0,27,,0.13312693498452013,9.279926871662907,,,-0.7222222222222222,15,1.0,1
trial_0002,72,train,,,0.2556830688993981,,,0.08746742377889917,,,0.0,0.0,0.0066529249389435455,0,0,12,0,0,0.0,0,12,0,,,,,0.06453440589179202,,,,,
trial_0002,72,eval,,,,,,,0.5789473684210527,1.8466245904564855,,,,,,,,,,,,,,,,,,,,,,
trial_0002,72,global,,,,0.33021936751779934,-0.008822198669041357,,,,,,,0,0,12,0,0,0.0,0,12,0,27,,0.13436532507739937,9.185149662265836,,,-0.7222222222222222,15,1.0,1
trial_0002,73,train,,,0.2557355327175019,,,0.08890093831305808,,,0.0,0.0,0.006207136900450273,0,0,13,1,0,0.0,0,12,0,,,,,0.06303532107373683,,,,,
trial_0002,73,eval,0.5789473684210527,0.5789473684210527,,,,,,,,,,,,,,,,,,,,2.1052631578947367,,,,0.0,,,,
trial_0002,73,global,,,,0.3332684568199803,-0.011066134992156284,,,,,,,0,0,13,0,0,0.0,0,13,0,27,,0.1325077399380805,9.276182858493675,,,-0.7222222222222222,15,1.0,1
trial_0002,74,train,,,0.255810261723843,,,0.08962922020161405,,,0.0,0.0,0.005953440023400385,0,0,13,0,0,0.0,0,13,0,,,,,0.06060579516514456,,,,,
trial_0002,74,eval,,,,,,,0.631578947368421,1.8273955462010283,,,,,,,,,,,,,,,,,,,,,,
trial_0002,74,global,,,,0.33277946175905826,-0.010577139931234221,,,,,,,0,0,13,0,0,0.0,0,13,0,27,,0.13312693498452013,9.236368227743142,,,-0.7222222222222222,15,1.0,1
trial_0002,75,train,,,0.2558739318492565,,,0.09050816170712736,,,0.0,0.0,0.0057048359604061965,0,0,14,1,0,0.0,0,13,0,,,,,0.059211025580673225,,,,,
trial_0002,75,eval,0.3684210526315789,0.3684210526315789,,,,,,,,,,,,,,,,,,,,2.1052631578947367,,,,0.0,,,,
trial_0002,75,global,,,,0.3344491061840722,-0.012246784356248173,,,,,,,0,0,14,0,0,0.0,0,14,0,27,,0.13188854489164087,9.324581958782563,,,-0.7222222222222222,15,1.0,1
trial_0002,76,train,,,0.2559477252529022,,,0.0900378056029056,,,0.0,0.0,0.005704832464385967,0,0,14,0,0,0.0,0,14,0,,,,,0.057072678212880354,,,,,
trial_0002,76,eval,,,,,,,0.631578947368421,1.7504951722527806,,,,,,,,,,,,,,,,,,,,,,
trial_0002,76,global,,,,0.328458914524936,-0.006256592697111967,,,,,,,0,0,14,0,0,0.0,0,14,0,27,,0.1368421052631579,9.191154300465303,,,-0.7222222222222222,15,1.0,1
trial_0002,77,train,,,0.2560239060127989,,,0.09139462861608952,,,0.0,0.0,0.005332687421933442,0,0,14,0,0,0.0,0,14,0,,,,,0.055060155078270515,,,,,
trial_0002,77,eval,,,,,,,0.631578947368421,1.9224720361985657,,,,,,,,,,,,,,,,,,,,,,
trial_0002,77,global,,,,0.33396469169142773,-0.011762369863603742,,,,,,,0,0,14,0,0,0.0,0,14,0,27,,0.13188854489164087,9.276390836261005,,,-0.7222222222222222,15,1.0,1
trial_0002,78,train,,,0.2560952201168588,,,0.09252420892106725,,,0.0,0.0,0.004923237171401815,0,0,14,0,0,0.0,0,14,0,,,,,0.05382430686482361,,,,,
trial_0002,78,eval,,,,,,,0.5789473684210527,1.892650612482899,,,,,,,,,,,,,,,,,,,,,,
trial_0002,78,global,,,,0.3311519568908126,-0.008949635062988617,,,,,,,0,0,14,0,0,0.0,0,14,0,27,,0.13498452012383902,9.329466972705381,,,-0.7222222222222222,15,1.0,1
trial_0002,79,train,,,0.25617212374159626,,,0.09356087319394375,,,0.0,0.0,0.005062450074988289,0,0,15,1,0,0.0,0,14,0,,,,,0.05580523699001157,,,,,
trial_0002,79,eval,0.3157894736842105,0.3157894736842105,,,,,,,,,,,,,,,,,,,,2.1052631578947367,,,,0.0,,,,
trial_0002,79,global,,,,0.33136344584532545,-0.009161124017501411,,,,,,,0,0,15,0,0,0.0,0,15,0,27,,0.13436532507739937,9.270827557354151,,,-0.7222222222222222,15,1.0,1
trial_0002,80,train,,,0.256233071393155,,,0.09315146600946467,,,0.0,0.0,0.004885292849676843,0,0,15,0,0,0.0,0,15,0,,,,,0.05212657351760154,,,,,
trial_0002,80,eval,,,,,,,0.631578947368421,1.8737080387378993,,,,,,,,,,,,,,,,,,,,,,
trial_0002,80,global,,,,0.3310996963245961,-0.008897374496772057,,,,,,,0,0,15,0,0,0.0,0,15,0,27,,0.13498452012383902,9.299767773513086,,,-0.7222222222222222,15,1.0,1
trial_0002,81,train,,,0.2562853107427029,,,0.09354254603385925,,,0.0,0.0,0.00453339814619617,0,0,16,1,0,0.0,0,15,0,,,,,0.052238250236199615,,,,,
trial_0002,81,eval,0.5263157894736842,0.5263157894736842,,,,,,,,,,,,,,,,,,,,2.1052631578947367,,,,0.0,,,,
trial_0002,81,global,,,,0.33378834086455944,-0.01158601903673536,,,,,,,0,0,16,0,0,0.0,0,16,0,27,,0.13374613003095975,9.360872073808322,,,-0.7222222222222222,15,1.0,1
trial_0002,82,train,,,0.2563332160736652,,,0.09324312844174973,,,0.0,0.0,0.004684659702662488,0,0,17,1,0,0.0,0,16,0,,,,,0.05045608842694469,,,,,
trial_0002,82,eval,0.5789473684210527,0.5789473684210527,,,,,,,,,,,,,,,,,,,,2.1052631578947367,,,,0.0,,,,
trial_0002,82,global,,,,0.3294437593510281,-0.007241437523204076,,,,,,,0,0,17,0,0,0.0,0,17,0,27,,0.1368421052631579,9.2689368115121,,,-0.7222222222222222,15,1.0,1
trial_0002,83,train,,,0.2563791788638906,,,0.0927806629779491,,,0.0,0.0,0.004112174190479292,0,0,18,1,0,0.0,0,17,0,,,,,0.050238737972356985,,,,,
trial_0002,83,eval,0.42105263157894735,0.42105263157894735,,,,,,,,,,,,,,,,,,,,2.1052631578947367,,,,0.0,,,,
trial_0002,83,global,,,,0.3336005782898588,-0.007033479786045271,,,,,,,0,0,18,0,0,0.0,0,18,0,27,,0.13746130030959752,9.370618986714366,,,-0.7222222222222222,15,1.0,1
trial_0002,84,train,,,0.25642209389108295,,,0.09286751518858238,,,0.0,0.0,0.0040595522962208405,0,0,18,0,0,0.0,0,18,0,,,,,0.04815714389629277,,,,,
trial_0002,84,eval,,,,,,,0.5789473684210527,1.953677858961256,,,,,,,,,,,,,,,,,,,,,,
trial_0002,84,global,,,,0.3310925240520221,-0.004525425548208579,,,,,,,0,0,18,0,0,0.0,0,18,0,27,,0.13993808049535603,9.288774234074927,,,-0.7222222222222222,15,1.0,1
trial_0002,85,train,,,0.256475512017595,,,0.093865101641797,,,0.0,0.0,0.0038813983795215733,0,0,18,0,0,0.0,0,18,0,,,,,0.04603035233937498,,,,,
trial_0002,85,eval,,,,,,,0.5789473684210527,2.059314552106355,,,,,,,,,,,,,,,,,,,,,,
trial_0002,85,global,,,,0.33693961518786436,-0.010372516684050873,,,,,,,0,0,18,0,0,0.0,0,18,0,27,,0.13374613003095975,9.467660215395522,,,-0.7222222222222222,15,1.0,1
trial_0002,86,train,,,0.25655768938521123,,,0.09349807716430503,,,0.0,0.0,0.003985000164183031,0,0,18,0,0,0.0,0,18,0,,,,,0.04688372575086301,,,,,
trial_0002,86,eval,,,,,,,0.5789473684210527,1.9410386434511133,,,,,,,,,,,,,,,,,,,,,,
trial_0002,86,global,,,,0.33512642703789103,-0.008559328534077542,,,,,,,0,0,18,0,0,0.0,0,18,0,27,,0.13560371517027864,9.311452229030362,,,-0.7222222222222222,15,1.0,1
trial_0002,87,train,,,0.2566258618806271,,,0.09604907543101208,,,0.0,0.0,0.003729312194534826,0,0,19,1,0,0.0,0,18,0,,,,,0.0461881802074815,,,,,
trial_0002,87,eval,0.3684210526315789,0.3684210526315789,,,,,,,,,,,,,,,,,,,,2.1052631578947367,,,,0.0,,,,
trial_0002,87,global,,,,0.3369445959691115,-0.010377497465298003,,,,,,,0,0,19,0,0,0.0,0,19,0,27,,0.13436532507739937,9.424267559228667,,,-0.7222222222222222,15,1.0,1
trial_0002,88,train,,,0.2566759529265952,,,0.09543839540887386,,,0.0,0.0,0.003600714475203163,0,0,19,0,0,0.0,0,19,0,,,,,0.044710334458340266,,,,,
trial_0002,88,eval,,,,,,,0.631578947368421,1.9324754425569584,,,,,,,,,,,,,,,,,,,,,,
trial_0002,88,global,,,,0.33737068235514694,-0.010803583851333396,,,,,,,0,0,19,0,0,0.0,0,19,0,27,,0.13374613003095975,9.42849767820754,,,-0.7222222222222222,15,1.0,1
trial_0002,89,train,,,0.2567530417061866,,,0.09675960274452858,,,0.0,0.0,0.0036581196090914913,0,0,19,0,0,0.0,0,19,0,,,,,0.0441222705943425,,,,,
trial_0002,89,eval,,,,,,,0.631578947368421,2.276288136055595,,,,,,,,,,,,,,,,,,,,,,
trial_0002,89,global,,,,0.3337108829799427,-0.007143784476129188,,,,,,,0,0,19,0,0,0.0,0,19,0,27,,0.1368421052631579,9.478355081753095,,,-0.7222222222222222,15,1.0,1
trial_0002,90,train,,,0.2567843173412567,,,0.09629445316943716,,,0.0,0.0,0.0034181877028381584,0,0,20,1,0,0.0,0,19,0,,,,,0.04328107881419202,,,,,
trial_0002,90,eval,0.631578947368421,0.631578947368421,,,,,,,,,,,,,,,,,,,,2.1052631578947367,,,,0.0,,,,
trial_0002,90,global,,,,0.33629645300702066,-0.009729354503207107,,,,,,,0,0,20,0,0,0.0,0,20,0,27,,0.13374613003095975,9.402436058587703,,,-0.7222222222222222,15,1.0,1
trial_0003,1,train,,,0.25026713179636606,,,0.002416011941460067,,,0.0,0.0,0.017890783433531336,0,0,0,0,0,,0,0,0,,,,,2.2140802180213766,,,,,
trial_0003,1,eval,,,,,,,0.29411764705882354,2.1487647785859947,,,,,,,,,,,,,,,,,,,,,,
trial_0003,1,global,,,,,,,,,,,,0,0,0,0,0,,0,0,0,9,,0.12210526315789473,2.2200314775266143,,,,,,
trial_0003,2,train,,,0.25025272972976104,,,0.0035726694225133217,,,0.0,0.0,0.03085473599973359,0,0,0,0,0,,0,0,0,,,,,2.0286628742258257,,,,,
trial_0003,2,eval,,,,,,,0.058823529411764705,2.199985553236569,,,,,,,,,,,,,,,,,,,,,,
trial_0003,2,global,,,,0.10239651416122003,-0.018445896877269424,,,,,,,0,0,0,0,0,,0,0,0,9,,0.09473684210526316,2.2649413374850624,,,-0.9215686274509803,0,0.9215686274509803,0
trial_0003,3,train,,,0.25029609210883513,,,0.005950466246355938,,,0.0,0.0,0.03854659787744662,0,0,0,0,0,,0,0,0,,,,,1.953797845146324,,,,,
trial_0003,3,eval,,,,,,,0.058823529411764705,2.1355290903764614,,,,,,,,,,,,,,,,,,,,,,
trial_0003,3,global,,,,0.09760348583877994,-0.013652868554829327,,,,,,,0,0,0,0,0,,0,0,0,9,,0.10105263157894737,2.245554848470186,,,-0.7450980392156862,0,0.7450980392156862,0
trial_0003,4,train,,,0.2503924324542661,,,0.008814278046918821,,,0.0,0.0,0.03327394628166398,0,0,0,0,0,,0,0,0,,,,,1.8917724205974786,,,,,
trial_0003,4,eval,,,,,,,0.11764705882352941,2.147242118330563,,,,,,,,,,,,,,,,,,,,,,
trial_0003,4,global,,,,0.0887436456063907,0.0065448401582855415,,,,,,,0,0,0,0,0,,0,0,0,9,,0.12210526315789473,2.2537585639953615,,,-0.5098039215686274,0,0.5098039215686274,0
trial_0003,5,train,,,0.25049034100544604,,,0.011323804342294042,,,0.0,0.0,0.03445612562325182,0,0,0,0,0,,0,0,0,,,,,1.9344341214196088,,,,,
trial_0003,5,eval,,,,,,,0.1764705882352941,2.050972573897418,,,,,,,,,,,,,,,,,,,,,,
trial_0003,5,global,,,,0.09484386347131445,0.07410419364878568,,,,,,,0,0,0,0,0,,0,0,0,9,,0.1957894736842105,2.1700475582323575,,,-0.0980392156862745,0,0.7555555555555555,1
trial_0003,6,train,,,0.2506205341483973,,,0.014702548096074335,,,0.0,0.0,0.03024750364166272,0,0,0,0,0,,0,0,0,,,,,1.750425379236036,,,,,
trial_0003,6,eval,,,,,,,0.11764705882352941,2.1764588145648736,,,,,,,,,,,,,,,,,,,,,,
trial_0003,6,global,,,,0.1544308523887452,0.01451720473135492,,,,,,,0,0,0,0,0,,0,0,0,9,,0.13052631578947368,2.371535783064993,,,-0.37254901960784303,0,0.5510204081632653,4
trial_0003,7,train,,,0.25073063298116754,,,0.017884221540976172,,,0.0,0.0,0.04532618499537812,0,0,0,0,0,,0,0,0,,,,,1.7175901388820214,,,,,
trial_0003,7,eval,,,,,,,0.4117647058823529,1.9131386630675373,,,,,,,,,,,,,,,,,,,,,,
trial_0003,7,global,,,,0.18478206097253716,0.11742604483014099,,,,,,,0,0,0,0,0,,0,0,0,9,,0.25473684210526315,2.0364425041801053,,,-0.6666666666666666,0,0.9555555555555556,1
trial_0003,8,train,,,0.2508197468292864,,,0.0203734421277348,,,0.0,0.0,0.03322078646455385,0,0,0,0,0,,0,0,0,,,,,1.556251084502739,,,,,
trial_0003,8,eval,,,,,,,0.1764705882352941,2.2031096430385815,,,,,,,,,,,,,,,,,,,,,,
trial_0003,8,global,,,,0.2283985102798812,0.07380959552279694,,,,,,,0,0,0,0,0,,0,0,0,9,,0.18947368421052632,2.404657961694818,,,-0.3137254901960784,0,0.6451612903225806,8
trial_0003,9,train,,,0.2509571694875065,,,0.02359939008196698,,,0.0,0.0,0.05569534258374686,0,0,0,0,0,,0,0,0,,,,,1.529404718664628,,,,,
trial_0003,9,eval,,,,,,,0.47058823529411764,1.6831532436258654,,,,,,,,,,,,,,,,,,,,,,
trial_0003,9,global,,,,0.157450172422613,0.16759185327280857,,,,,,,0,0,0,0,0,,0,0,0,9,,0.29894736842105263,1.965309587779798,,,-0.4705882352941176,0,0.7111111111111111,1
trial_0003,10,train,,,0.25099408060689515,,,0.025486284701884545,,,0.0,0.0,0.038319670729622064,0,0,0,0,0,,0,0,0,,,,,1.3690619496353567,,,,,
trial_0003,10,eval,,,,,,,0.23529411764705882,1.9270858133540434,,,,,,,,,,,,,,,,,,,,,,
trial_0003,10,global,,,,0.21214616245167722,0.13330402650905046,,,,,,,0,0,0,0,0,,0,0,0,9,,0.25473684210526315,2.1532155318009227,,,-0.23529411764705876,0,0.5111111111111111,1
trial_0003,11,train,,,0.2509462233892707,,,0.011070919244788412,,,0.0,0.0,0.015770345742186314,0,0,0,0,0,,0,0,0,,,,,17.183383864025735,,,,,
trial_0003,11,eval,,,,,,,0.3157894736842105,2.03478531461013,,,,,,,,,,,,,,,,,,,,,,
trial_0003,11,global,,,,0.4750071969491082,-0.12955700798838052,,,,,,,0,0,0,0,0,,0,0,0,18,,0.10334928229665072,5.354857183301278,,,-0.9215686274509803,0,1.0,1
trial_0003,12,train,,,0.25091466099716897,,,0.012207943686219148,,,0.0,1.0,0.17796663265068866,0,0,0,0,0,,0,0,0,,,,,2.033386454101681,,,,,
trial_0003,12,eval,,,,,,,0.2631578947368421,1.9712582763872648,,,,,,,,,,,,,,,,,,,,,,
trial_0003,12,global,,,,0.27571434443177895,-0.054115822994125484,,,,,,,0,0,0,0,0,,0,0,0,18,,0.11196172248803828,4.152036593861557,,,-0.9215686274509803,0,1.0,1
trial_0003,13,train,,,0.2508945641822593,,,0.011528791036716727,,,0.0,0.0,0.04658427522626035,0,0,0,0,0,,0,0,0,,,,,1.7627434688945147,,,,,
trial_0003,13,eval,,,,,,,0.42105263157894735,1.830804944038391,,,,,,,,,,,,,,,,,,,,,,
trial_0003,13,global,,,,0.279730386282673,-0.043447989050032686,,,,,,,0,0,0,0,0,,0,0,0,18,,0.12440191387559808,4.439519197290594,,,-0.9215686274509803,0,1.0,1
trial_0003,14,train,,,0.2508618315291959,,,0.012031428689180418,,,0.0,0.0,0.05085307958340922,0,0,0,0,0,,0,0,0,,,,,1.5943471544472745,,,,,
trial_0003,14,eval,,,,,,,0.3157894736842105,1.892509529465123,,,,,,,,,,,,,,,,,,,,,,
trial_0003,14,global,,,,0.2790787132108582,-0.03160653142242022,,,,,,,0,0,0,0,0,,0,0,0,18,,0.1368421052631579,4.165439718876159,,,-0.9215686274509803,0,1.0,1
trial_0003,15,train,,,0.2508410749047301,,,0.011352906480085016,,,0.0,0.0,0.043523460358034734,0,0,0,0,0,,0,0,0,,,,,1.5783329961835877,,,,,
trial_0003,15,eval,,,,,,,0.42105263157894735,1.8035197508962528,,,,,,,,,,,,,,,,,,,,,,
trial_0003,15,global,,,,0.2927045152491614,-0.03572054894893889,,,,,,,0,0,0,0,0,,0,0,0,18,,0.1320574162679426,4.50293403196563,,,-0.9215686274509803,0,1.0,1
trial_0003,16,train,,,0.2508271038532257,,,0.01284412797107253,,,0.0,0.0,0.04867203876722691,0,0,0,0,0,,0,0,0,,,,,1.4392286428185397,,,,,
trial_0003,16,eval,,,,,,,0.42105263157894735,1.8203083025781732,,,,,,,,,,,,,,,,,,,,,,
trial_0003,16,global,,,,0.28313834974310814,-0.009559238089570403,,,,,,,0,0,0,0,0,,0,0,0,18,,0.1598086124401914,4.234674111051422,,,-0.9215686274509803,0,1.0,1
trial_0003,17,train,,,0.2508420989263889,,,0.012610372848982034,,,0.0,0.0,0.04259457870624786,0,0,0,0,0,,0,0,0,,,,,1.434217337490052,,,,,
trial_0003,17,eval,,,,,,,0.3684210526315789,1.8973722708852667,,,,,,,,,,,,,,,,,,,,,,
trial_0003,17,global,,,,0.3323341030353358,-0.05370448633129291,,,,,,,0,0,0,0,0,,0,0,0,18,,0.11196172248803828,4.622449265712756,,,-0.9215686274509803,0,1.0,1
trial_0003,18,train,,,0.2508406341075897,,,0.014211925829565802,,,0.0,0.0,0.050996315544254565,0,0,0,0,0,,0,0,0,,,,,1.3243621844191882,,,,,
trial_0003,18,eval,,,,,,,0.3684210526315789,1.780731753299111,,,,,,,,,,,,,,,,,,,,,,
trial_0003,18,global,,,,0.31169804222160763,-0.0021013473282643874,,,,,,,0,0,0,0,0,,0,0,0,18,,0.16267942583732056,4.372855112084932,,,-0.9215686274509803,0,1.0,1
trial_0003,19,train,,,0.2508658340504003,,,0.014339468766783558,,,0.0,0.0,0.047426560564443124,0,0,0,0,0,,0,0,0,,,,,1.3513009936310525,,,,,
trial_0003,19,eval,,,,,,,0.3157894736842105,2.0709412348897835,,,,,,,,,,,,,,,,,,,,,,
trial_0003,19,global,,,,0.3728217761083904,-0.06322508121504715,,,,,,,0,0,0,0,0,,0,0,0,18,,0.10239234449760766,4.7595501272301926,,,-0.9215686274509803,0,1.0,1
trial_0003,20,train,,,0.2508827038975649,,,0.016458598507005116,,,0.0,0.0,0.05478800630500151,0,0,0,0,0,,0,0,0,,,,,1.2225326047849285,,,,,
trial_0003,20,eval,,,,,,,0.3684210526315789,1.7660083457043296,,,,,,,,,,,,,,,,,,,,,,
trial_0003,20,global,,,,0.3245476714111061,-0.009395420962207291,,,,,,,0,0,0,0,0,,0,0,0,18,,0.15406698564593302,4.49534139541918,,,-0.9215686274509803,0,1.0,1
trial_0003,21,train,,,0.2508484825808951,,,0.010862675277476615,,,0.0,0.0,0.016585668638110937,0,0,0,0,0,,0,0,0,,,,,17.22978563173443,,,,,
trial_0003,21,eval,,,,,,,0.2631578947368421,1.9389194563815466,,,,,,,,,,,,,,,,,,,,,,
trial_0003,21,global,,,,0.4681683731971397,-0.15301612274824095,,,,,,,0,0,0,0,0,,0,0,0,27,,0.06687306501547988,8.985117630619014,,,-0.9215686274509803,0,1.0,1
trial_0003,22,train,,,0.25086078364798364,,,0.015054415832174584,,,0.0,0.9999999999999999,0.1469770523224105,0,0,0,0,0,,0,0,0,,,,,2.212124335850384,,,,,
trial_0003,22,eval,,,,,,,0.2631578947368421,2.116837181543049,,,,,,,,,,,,,,,,,,,,,,
trial_0003,22,global,,,,0.36408263706075195,-0.1148179914339572,,,,,,,0,0,0,0,0,,0,0,0,27,,0.05386996904024768,7.712642036650572,,,-0.9215686274509803,0,1.0,1
trial_0003,23,train,,,0.2508647264318263,,,0.01633177142828069,,,0.0,0.0,0.046115704245389785,0,0,0,0,0,,0,0,0,,,,,1.9634432953300207,,,,,
trial_0003,23,eval,,,,,,,0.47368421052631576,1.6960507505818416,,,,,,,,,,,,,,,,,,,,,,
trial_0003,23,global,,,,0.3647381454457289,-0.09862320766979114,,,,,,,0,0,0,0,0,,0,0,0,27,,0.07430340557275542,7.454892083513478,,,-0.9215686274509803,0,1.0,1
trial_0003,24,train,,,0.25087263831432827,,,0.016434438685153395,,,0.0,0.0,0.032648685301079394,0,0,0,0,0,,0,0,0,,,,,1.7162951979231327,,,,,
trial_0003,24,eval,,,,,,,0.5263157894736842,1.6451578203000519,,,,,,,,,,,,,,,,,,,,,,
trial_0003,24,global,,,,0.3641647356046039,-0.0941169352001513,,,,,,,0,0,0,0,0,,0,0,0,27,,0.07739938080495357,7.4589543865192045,,,-0.9215686274509803,0,1.0,1
trial_0003,25,train,,,0.2508822657326434,,,0.017649447664301446,,,0.0,0.0,0.03255131916796908,0,0,0,0,0,,0,0,0,,,,,1.6689715271300456,,,,,
trial_0003,25,eval,,,,,,,0.631578947368421,1.558820793503209,,,,,,,,,,,,,,,,,,,,,,
trial_0003,25,global,,,,0.3647381454457289,-0.08570984467858317,,,,,,,0,0,0,0,0,,0,0,0,27,,0.08668730650154799,7.4430636946261854,,,-0.9215686274509803,0,1.0,1
trial_0003,26,train,,,0.2508907527365583,,,0.01802640122936127,,,0.0,0.0,0.031226895947722683,0,0,0,0,0,,0,0,0,,,,,1.5390783865401085,,,,,
trial_0003,26,eval,,,,,,,0.631578947368421,1.5065870975193223,,,,,,,,,,,,,,,,,,,,,,
trial_0003,26,global,,,,0.3633040514190423,-0.08103138290484864,,,,,,,0,0,0,0,0,,0,0,0,27,,0.09102167182662539,7.387385771665779,,,-0.9215686274509803,0,1.0,1
trial_0003,27,train,,,0.25091109789432364,,,0.01837412505707842,,,0.0,0.0,0.030360559401835536,0,0,0,0,0,,0,0,0,,,,,1.522192026283724,,,,,
trial_0003,27,eval,,,,,,,0.5789473684210527,1.4529609554692318,,,,,,,,,,,,,,,,,,,,,,
trial_0003,27,global,,,,0.36305464376222724,-0.07798838172215525,,,,,,,0,0,0,0,0,,0,0,0,27,,0.09535603715170278,7.662496263250109,,,-0.9215686274509803,0,1.0,1
trial_0003,28,train,,,0.2509370211591112,,,0.019553400734637644,,,0.0,0.0,0.032162209061232024,0,0,0,0,0,,0,0,0,,,,,1.4356015016001167,,,,,
trial_0003,28,eval,,,,,,,0.631578947368421,1.4380342709390739,,,,,,,,,,,,,,,,,,,,,,
trial_0003,28,global,,,,0.36501940222471146,-0.07652296790396097,,,,,,,0,0,0,0,0,,0,0,0,27,,0.09597523219814241,7.514225646216803,,,-0.9215686274509803,0,1.0,1
trial_0003,29,train,,,0.2509666468868864,,,0.020278375912854012,,,0.0,0.0,0.02931640752135439,0,0,0,0,0,,0,0,0,,,,,1.4503108360243182,,,,,
trial_0003,29,eval,,,,,,,0.5789473684210527,1.38186828713668,,,,,,,,,,,,,,,,,,,,,,
trial_0003,29,global,,,,0.3717874401791243,-0.08004214296038804,,,,,,,0,0,0,0,0,,0,0,0,27,,0.09287925696594428,7.74588302517823,,,-0.9215686274509803,0,1.0,1
trial_0003,30,train,,,0.2510021341607926,,,0.021638081825159965,,,0.0,0.0,0.0314291771303149,0,0,0,0,0,,0,0,0,,,,,1.3986155401307638,,,,,
trial_0003,30,eval,,,,,,,0.6842105263157894,1.372937089518497,,,,,,,,,,,,,,,,,,,,,,
trial_0003,30,global,,,,0.364575257792376,-0.06937868247328334,,,,,,,0,0,0,0,0,,0,0,0,27,,0.10464396284829722,7.517032812254348,,,-0.9215686274509803,0,1.0,1
trial_0003,31,train,,,0.2510281306632022,,,0.02242799824539651,,,0.0,0.0,0.026659522142182007,0,0,0,0,0,,0,0,0,,,,,1.2892502916197404,,,,,
trial_0003,31,eval,,,,,,,0.5789473684210527,1.3206384276088914,,,,,,,,,,,,,,,,,,,,,,
trial_0003,31,global,,,,0.3691691415526507,-0.07397256623355802,,,,,,,0,0,0,0,0,,0,0,0,27,,0.09969040247678018,7.765856288756379,,,-0.9215686274509803,0,1.0,1
trial_0003,32,train,,,0.25107707558794223,,,0.023574849630289888,,,0.0,0.0,0.0314675939487333,0,0,0,0,0,,0,0,0,,,,,1.3183964459185904,,,,,
trial_0003,32,eval,,,,,,,0.6842105263157894,1.3002498024388363,,,,,,,,,,,,,,,,,,,,,,
trial_0003,32,global,,,,0.36714100030926367,-0.06733353880033745,,,,,,,0,0,0,0,0,,0,0,0,27,,0.10464396284829722,7.697858823416034,,,-0.9215686274509803,0,1.0,1
trial_0003,33,train,,,0.25110252296670954,,,0.02438517636124124,,,0.0,0.0,0.027510130556022867,0,0,0,0,0,,0,0,0,,,,,1.2618367931944259,,,,,
trial_0003,33,eval,,,,,,,0.5789473684210527,1.2974096881715875,,,,,,,,,,,,,,,,,,,,,,
trial_0003,33,global,,,,0.36990089381976643,-0.06532052139891355,,,,,,,0,0,0,0,0,,0,0,0,27,,0.11021671826625387,7.682051424197737,,,-0.9215686274509803,0,1.0,1
trial_0003,34,train,,,0.25112794783521203,,,0.026890050382056135,,,0.0,0.0,0.028974793114243672,0,0,0,0,0,,0,0,0,,,,,1.1609171920634331,,,,,
trial_0003,34,eval,,,,,,,0.5263157894736842,1.3089105079048557,,,,,,,,,,,,,,,,,,,,,,
trial_0003,34,global,,,,0.3697921374556912,-0.056114948920478386,,,,,,,0,0,0,0,0,,0,0,0,27,,0.11145510835913312,7.5395401733209475,,,-0.9215686274509803,0,1.0,1
trial_0003,35,train,,,0.251157818956578,,,0.02612029031870213,,,0.0,0.0,0.030415463082967917,0,0,0,0,0,,0,0,0,,,,,1.1231154632483813,,,,,
trial_0003,35,eval,,,,,,,0.5789473684210527,1.2820885118685268,,,,,,,,,,,,,,,,,,,,,,
trial_0003,35,global,,,,0.3797319786317818,-0.06514029535491374,,,,,,,0,0,0,0,0,,0,0,0,27,,0.1108359133126935,7.930645775573542,,,-0.9215686274509803,0,1.0,1
trial_0003,36,train,,,0.2511870734235074,,,0.02678896185565502,,,0.0,0.0,0.029654155344642857,0,0,0,0,0,,0,0,0,,,,,1.1447668593403295,,,,,
trial_0003,36,eval,,,,,,,0.5263157894736842,1.2433343121879978,,,,,,,,,,,,,,,,,,,,,,
trial_0003,36,global,,,,0.37124325523275625,-0.05309194825896472,,,,,,,0,0,0,0,0,,0,0,0,27,,0.11331269349845201,7.565520371003047,,,-0.9215686274509803,0,1.0,1
trial_0003,37,train,,,0.25121543572304095,,,0.029188480941539113,,,0.0,0.0,0.03093272454323287,0,0,0,0,0,,0,0,0,,,,,1.054201588140312,,,,,
trial_0003,37,eval,,,,,,,0.5263157894736842,1.3251578274526092,,,,,,,,,,,,,,,,,,,,,,
trial_0003,37,global,,,,0.37823737840706323,-0.05501250471586935,,,,,,,0,0,0,0,0,,0,0,0,27,,0.12136222910216718,7.729230709489285,,,-0.9215686274509803,0,1.0,1
trial_0003,38,train,,,0.25124649671798055,,,0.029959715744282335,,,0.0,0.0,0.030784480242019005,0,0,0,0,0,,0,0,0,,,,,1.0133378332388316,,,,,
trial_0003,38,eval,,,,,,,0.5263157894736842,1.2377179484618337,,,,,,,,,,,,,,,,,,,,,,
trial_0003,38,global,,,,0.37496545902297523,-0.049791267592989956,,,,,,,0,0,0,0,0,,0,0,0,27,,0.11640866873065016,7.71998837592063,,,-0.9215686274509803,0,1.0,1
trial_0003,39,train,,,0.25127967779940746,,,0.03072873296889853,,,0.0,0.0,0.03252472210120648,0,0,1,1,0,,0,0,0,,,,,0.9307409966668339,,,,,
trial_0003,39,eval,0.2631578947368421,0.2631578947368421,,,,,,,,,,,,,,,,,,,,2.1052631578947367,,,,0.0,,,,
trial_0003,39,global,,,,0.37899204546960946,-0.05263709669448328,,,,,,,0,0,1,0,0,0.0,0,1,0,27,,0.12198142414860681,7.734036899720183,,,-0.9215686274509803,0,1.0,1
trial_0003,40,train,,,0.2513139710781422,,,0.030162085878088118,,,0.0,0.0,0.03304525763787171,0,0,1,0,0,0.0,0,1,0,,,,,0.9533237503141375,,,,,
trial_0003,40,eval,,,,,,,0.47368421052631576,1.2400846857773629,,,,,,,,,,,,,,,,,,,,,,
trial_0003,40,global,,,,0.38084118738728806,-0.05101951718205373,,,,,,,0,0,1,0,0,0.0,0,1,0,27,,0.11455108359133127,7.774409803738904,,,-0.9215686274509803,0,1.0,1
trial_0003,41,train,,,0.25134179059495315,,,0.032664197397992964,,,0.0,0.0,0.03545800368202494,0,0,1,0,0,0.0,0,1,0,,,,,0.8427067754116464,,,,,
trial_0003,41,eval,,,,,,,0.42105263157894735,1.502791614908921,,,,,,,,,,,,,,,,,,,,,,
trial_0003,41,global,,,,0.38600997169824197,-0.051474496779202905,,,,,,,0,0,1,0,0,0.0,0,1,0,27,,0.12136222910216718,7.641772382990125,,,-0.9215686274509803,0,1.0,1
trial_0003,42,train,,,0.2513692936998732,,,0.03158306568226915,,,0.0,0.0,0.03543934763032706,0,0,1,0,0,0.0,0,1,0,,,,,0.9115789913116618,,,,,
trial_0003,42,eval,,,,,,,0.5263157894736842,1.3000727076279488,,,,,,,,,,,,,,,,,,,,,,
trial_0003,42,global,,,,0.38708076337149455,-0.048985664755532,,,,,,,0,0,1,0,0,0.0,0,1,0,27,,0.11578947368421053,7.850397822140909,,,-0.9215686274509803,0,1.0,1
trial_0003,43,train,,,0.25139294659837763,,,0.03262073150340547,,,0.0,0.0,0.03726819359519064,0,0,1,0,0,0.0,0,1,0,,,,,0.7740069437534252,,,,,
trial_0003,43,eval,,,,,,,0.42105263157894735,1.5371206277295162,,,,,,,,,,,,,,,,,,,,,,
trial_0003,43,global,,,,0.3873223335817488,-0.049227234965786196,,,,,,,0,0,1,0,0,0.0,0,1,0,27,,0.12445820433436533,7.8757124980536775,,,-0.9215686274509803,0,1.0,1
trial_0003,44,train,,,0.25143153965473175,,,0.034560475577699375,,,0.0,0.0,0.03672407475755887,0,0,1,0,0,0.0,0,1,0,,,,,0.8505887216921393,,,,,
trial_0003,44,eval,,,,,,,0.47368421052631576,1.3063424982522662,,,,,,,,,,,,,,,,,,,,,,
trial_0003,44,global,,,,0.3855485710851423,-0.0406732368559922,,,,,,,0,0,1,0,0,0.0,0,1,0,27,,0.12321981424148606,7.78757175410126,,,-0.9215686274509803,0,1.0,1
trial_0003,45,train,,,0.25145693472091185,,,0.03524543059633133,,,0.0,0.0,0.03650126384095626,0,0,1,0,0,0.0,0,1,0,,,,,0.7278193524966003,,,,,
trial_0003,45,eval,,,,,,,0.42105263157894735,1.522591587744261,,,,,,,,,,,,,,,,,,,,,,
trial_0003,45,global,,,,0.3915960780912864,-0.04672074386213629,,,,,,,0,0,1,0,0,0.0,0,1,0,27,,0.12507739938080495,7.792146960279152,,,-0.9215686274509803,0,1.0,1
trial_0003,46,train,,,0.25149308842547397,,,0.037741571347764194,,,0.0,0.0,0.0327998377204417,0,0,1,0,0,0.0,0,1,0,,,,,0.8024909502648292,,,,,
trial_0003,46,eval,,,,,,,0.47368421052631576,1.3247270835073373,,,,,,,,,,,,,,,,,,,,,,
trial_0003,46,global,,,,0.3837030743322381,-0.03656766156535885,,,,,,,0,0,1,0,0,0.0,0,1,0,27,,0.12693498452012383,7.73013156146826,,,-0.9215686274509803,0,1.0,1
trial_0003,47,train,,,0.2515218007437726,,,0.037267847898158624,,,0.0,0.0,0.034984030523040194,0,0,2,1,0,0.0,0,1,0,,,,,0.661256454832165,,,,,
trial_0003,47,eval,0.2631578947368421,0.2631578947368421,,,,,,,,,,,,,,,,,,,,2.1052631578947367,,,,0.0,,,,
trial_0003,47,global,,,,0.39387941047647035,-0.04674399770959105,,,,,,,0,0,2,0,0,0.0,0,2,0,27,,0.12445820433436533,8.02077048570379,,,-0.9215686274509803,0,1.0,1
trial_0003,48,train,,,0.25156735232535826,,,0.03942395080911352,,,0.0,0.0,0.03163650294944169,0,0,2,0,0,0.0,0,2,0,,,,,0.7502839814686606,,,,,
trial_0003,48,eval,,,,,,,0.47368421052631576,1.3057453632354736,,,,,,,,,,,,,,,,,,,,,,
trial_0003,48,global,,,,0.38586059717830806,-0.03630972547423069,,,,,,,0,0,2,0,0,0.0,0,2,0,27,,0.1281733746130031,7.8217566499031,,,-0.9215686274509803,0,1.0,1
trial_0003,49,train,,,0.25159981307831214,,,0.039683159678540324,,,0.0,0.0,0.03333363357257653,0,0,2,0,0,0.0,0,2,0,,,,,0.6302237580431267,,,,,
trial_0003,49,eval,,,,,,,0.47368421052631576,1.5678628651719344,,,,,,,,,,,,,,,,,,,,,,
trial_0003,49,global,,,,0.3980287107649208,-0.044437435020439446,,,,,,,0,0,2,0,0,0.0,0,2,0,27,,0.12507739938080495,7.865539238991752,,,-0.9215686274509803,0,1.0,1
trial_0003,50,train,,,0.2516394793353182,,,0.04117743449008211,,,0.0,0.0,0.031034757239506282,0,0,2,0,0,0.0,0,2,0,,,,,0.6845691970265503,,,,,
trial_0003,50,eval,,,,,,,0.47368421052631576,1.2888452222472742,,,,,,,,,,,,,,,,,,,,,,
trial_0003,50,global,,,,0.3885039266423746,-0.034200400185642466,,,,,,,0,0,2,0,0,0.0,0,2,0,27,,0.1306501547987616,7.9988752382827615,,,-0.9215686274509803,0,1.0,1
trial_0003,51,train,,,0.25166704489829694,,,0.04106393234526857,,,0.0,0.0,0.03244348101991605,0,0,2,0,0,0.0,0,2,0,,,,,0.5919138885347555,,,,,
trial_0003,51,eval,,,,,,,0.47368421052631576,1.3833887294719094,,,,,,,,,,,,,,,,,,,,,,
trial_0003,51,global,,,,0.39570464453115,-0.041401118074417854,,,,,,,0,0,2,0,0,0.0,0,2,0,27,,0.12941176470588237,8.289749998204849,,,-0.9215686274509803,0,1.0,1
trial_0003,52,train,,,0.25169567256531816,,,0.03972962688892445,,,0.0,0.0,0.028603568993152143,0,0,2,0,0,0.0,0,2,0,,,,,0.6842075241795669,,,,,
trial_0003,52,eval,,,,,,,0.5263157894736842,1.2341689875251367,,,,,,,,,,,,,,,,,,,,,,
trial_0003,52,global,,,,0.38601445754128955,-0.031710931084557414,,,,,,,0,0,2,0,0,0.0,0,2,0,27,,0.13436532507739937,8.16161697198732,,,-0.9215686274509803,0,1.0,1
trial_0003,53,train,,,0.25172026613925363,,,0.042918902445346754,,,0.0,0.0,0.030106820606012295,0,0,2,0,0,0.0,0,2,0,,,,,0.575178657229065,,,,,
trial_0003,53,eval,,,,,,,0.47368421052631576,1.3655914099592912,,,,,,,,,,,,,,,,,,,,,,
trial_0003,53,global,,,,0.3963059471223811,-0.04200242066564897,,,,,,,0,0,2,0,0,0.0,0,2,0,27,,0.12941176470588237,8.373011160930243,,,-0.9215686274509803,0,1.0,1
trial_0003,54,train,,,0.25174600361509525,,,0.04087853875566036,,,0.0,0.0,0.02927134357333342,0,0,2,0,0,0.0,0,2,0,,,,,0.6110413999210859,,,,,
trial_0003,54,eval,,,,,,,0.5263157894736842,1.2087799749876322,,,,,,,,,,,,,,,,,,,,,,
trial_0003,54,global,,,,0.3869449412888586,-0.03264141483212651,,,,,,,0,0,2,0,0,0.0,0,2,0,27,,0.13436532507739937,8.228585907549311,,,-0.9215686274509803,0,1.0,1
trial_0003,55,train,,,0.2517727638812775,,,0.04625122851513802,,,0.0,0.0,0.030480075251073283,0,0,3,1,0,0.0,0,2,0,,,,,0.5097139556991293,,,,,
trial_0003,55,eval,0.3157894736842105,0.3157894736842105,,,,,,,,,,,,,,,,,,,,2.1052631578947367,,,,0.0,,,,
trial_0003,55,global,,,,0.3926352599337084,-0.038331733476976354,,,,,,,0,0,3,0,0,0.0,0,3,0,27,,0.13126934984520125,8.254740742780845,,,-0.9215686274509803,0,1.0,1
trial_0003,56,train,,,0.2518058286068287,,,0.042286193751274265,,,0.0,0.0,0.0272499555533633,0,0,3,0,0,0.0,0,3,0,,,,,0.5584876582766256,,,,,
trial_0003,56,eval,,,,,,,0.47368421052631576,1.2820723119534942,,,,,,,,,,,,,,,,,,,,,,
trial_0003,56,global,,,,0.39112267247482335,-0.0368191460180913,,,,,,,0,0,3,0,0,0.0,0,3,0,27,,0.1306501547987616,8.197463181439568,,,-0.9215686274509803,0,1.0,1
trial_0003,57,train,,,0.2518340501379459,,,0.045756859982267334,,,0.0,0.0,0.028161722282938503,0,0,4,1,0,0.0,0,3,0,,,,,0.4909328863764485,,,,,
trial_0003,57,eval,0.42105263157894735,0.42105263157894735,,,,,,,,,,,,,,,,,,,,2.1052631578947367,,,,0.0,,,,
trial_0003,57,global,,,,0.3936894419693683,-0.0393859155126362,,,,,,,0,0,4,0,0,0.0,0,4,0,27,,0.13003095975232198,8.297252841630588,,,-0.9215686274509803,0,1.0,1
trial_0003,58,train,,,0.25186481849944337,,,0.044041049607256626,,,0.0,0.0,0.026752095912741698,0,0,4,0,0,0.0,0,4,0,,,,,0.545956071334105,,,,,
trial_0003,58,eval,,,,,,,0.47368421052631576,1.3739833800416241,,,,,,,,,,,,,,,,,,,,,,
trial_0003,58,global,,,,0.38802106629176075,-0.033717539835028634,,,,,,,0,0,4,0,0,0.0,0,4,0,27,,0.13312693498452013,8.182152382581965,,,-0.9215686274509803,0,1.0,1
trial_0003,59,train,,,0.2519017106040995,,,0.0476308674254316,,,0.0,0.0,0.02770372118028079,0,0,5,1,0,0.0,0,4,0,,,,,0.4556461138294098,,,,,
trial_0003,59,eval,0.47368421052631576,0.42105263157894735,,,,,,,,,,,,,,,,,,,,2.1052631578947367,,,,0.15789473684210525,,,,
trial_0003,59,global,,,,0.38955108043030895,-0.03524755397357686,,,,,,,0,0,5,0,0,0.25,0,5,0,27,,0.13436532507739937,8.403349186097136,,,-0.9215686274509803,0,1.0,1
trial_0003,60,train,,,0.2519318569213786,,,0.045939714667644904,,,0.0,0.0,0.026213779739361814,0,0,5,0,0,0.25,0,5,0,,,,,0.5238148151031623,,,,,
trial_0003,60,eval,,,,,,,0.47368421052631576,1.1978263447159214,,,,,,,,,,,,,,,,,,,,,,
trial_0003,60,global,,,,0.3879998610797521,-0.03369633462301997,,,,,,,0,0,5,0,0,0.25,0,5,0,27,,0.13498452012383902,8.336977962812773,,,-0.9215686274509803,0,1.0,1
trial_0003,61,train,,,0.25195509100213964,,,0.047726323629947415,,,0.0,0.0,0.025623371538785387,0,0,5,0,0,0.25,0,5,0,,,,,0.4612765463320076,,,,,
trial_0003,61,eval,,,,,,,0.5263157894736842,1.3273770934657045,,,,,,,,,,,,,,,,,,,,,,
trial_0003,61,global,,,,0.3895719215846569,-0.03190139176092143,,,,,,,0,0,5,0,0,0.25,0,5,0,27,,0.1368421052631579,8.567986588138545,,,-0.9215686274509803,0,1.0,1
trial_0003,62,train,,,0.25198141025735976,,,0.04708479344844818,,,0.0,0.0,0.024629916610354758,0,0,5,0,0,0.25,0,5,0,,,,,0.4751631046334902,,,,,
trial_0003,62,eval,,,,,,,0.47368421052631576,1.2529847088613006,,,,,,,,,,,,,,,,,,,,,,
trial_0003,62,global,,,,0.3907405285296463,-0.033069998705910826,,,,,,,0,0,5,0,0,0.25,0,5,0,27,,0.13560371517027864,8.260105681050304,,,-0.9215686274509803,0,1.0,1
trial_0003,63,train,,,0.25200904810682256,,,0.04974847334496518,,,0.0,0.0,0.025254616963657297,0,0,6,1,0,0.25,0,5,0,,,,,0.42323314150174457,,,,,
trial_0003,63,eval,0.2631578947368421,0.3157894736842105,,,,,,,,,,,,,,,,,,,,2.1052631578947367,,,,0.0,,,,
trial_0003,63,global,,,,0.389385730621352,-0.031041800124215913,,,,,,,0,0,6,0,0,0.0,0,6,0,27,,0.13746130030959752,8.600579715882292,,,-0.9215686274509803,0,1.0,1
trial_0003,64,train,,,0.25203415719752614,,,0.04712841992682599,,,0.0,0.0,0.023066590919080098,0,0,6,0,0,0.0,0,6,0,,,,,0.458190530221513,,,,,
trial_0003,64,eval,,,,,,,0.5263157894736842,1.2043056864487498,,,,,,,,,,,,,,,,,,,,,,
trial_0003,64,global,,,,0.3848499532446947,-0.026506022747558512,,,,,,,0,0,6,0,0,0.0,0,6,0,27,,0.1417956656346749,8.324553881193463,,,-0.9215686274509803,0,1.0,1
trial_0003,65,train,,,0.2520724813988868,,,0.049495017908989115,,,0.0,0.0,0.022991171444052876,0,0,7,1,0,0.0,0,6,0,,,,,0.4129024712857625,,,,,
trial_0003,65,eval,0.3684210526315789,0.42105263157894735,,,,,,,,,,,,,,,,,,,,2.1052631578947367,,,,0.0,,,,
trial_0003,65,global,,,,0.3921709800189169,-0.03382704952178077,,,,,,,0,0,7,0,0,0.0,0,7,0,27,,0.13808049535603714,8.817290428326965,,,-0.9215686274509803,0,1.0,1
trial_0003,66,train,,,0.25210734440925275,,,0.044993385038477315,,,0.0,0.0,0.02289574614508038,0,0,7,0,0,0.0,0,7,0,,,,,0.4338346351968481,,,,,
trial_0003,66,eval,,,,,,,0.5263157894736842,1.1252708999734176,,,,,,,,,,,,,,,,,,,,,,
trial_0003,66,global,,,,0.3937200268497547,-0.03466384564036785,,,,,,,0,0,7,0,0,0.0,0,7,0,27,,0.13560371517027864,8.665948209969251,,,-0.9215686274509803,0,1.0,1
trial_0003,67,train,,,0.25213385008751077,,,0.045405269620266364,,,0.0,0.0,0.02413589707129893,0,0,8,1,0,0.0,0,7,0,,,,,0.457874412126575,,,,,
trial_0003,67,eval,0.5263157894736842,0.5263157894736842,,,,,,,,,,,,,,,,,,,,2.1052631578947367,,,,0.0,,,,
trial_0003,67,global,,,,0.41113045712413404,-0.05024528643143673,,,,,,,0,0,8,0,0,0.0,0,8,0,27,,0.1256965944272446,9.469431711202805,,,-0.9215686274509803,0,1.0,1
trial_0003,68,train,,,0.25217247167800333,,,0.04529990889924638,,,0.0,0.0,0.02874268334547177,0,0,8,0,0,0.0,0,8,0,,,,,0.5384404594805223,,,,,
trial_0003,68,eval,,,,,,,0.631578947368421,1.0668697263065137,,,,,,,,,,,,,,,,,,,,,,
trial_0003,68,global,,,,0.3972171633040946,-0.036331992611397274,,,,,,,0,0,8,0,0,0.0,0,8,0,27,,0.13560371517027864,8.915323497193517,,,-0.9215686274509803,0,1.0,1
trial_0003,69,train,,,0.25220617778757787,,,0.04671263441126397,,,0.0,0.0,0.022522126628145414,0,0,8,0,0,0.0,0,8,0,,,,,0.472926896831668,,,,,
trial_0003,69,eval,,,,,,,0.5789473684210527,1.1811639478332117,,,,,,,,,,,,,,,,,,,,,,
trial_0003,69,global,,,,0.4030762348473662,-0.042191064154668896,,,,,,,0,0,8,0,0,0.0,0,8,0,27,,0.1306501547987616,9.042920972983534,,,-0.9215686274509803,0,1.0,1
trial_0003,70,train,,,0.2522502148405034,,,0.047199805049186055,,,0.0,0.0,0.02314667339124618,0,0,8,0,0,0.0,0,8,0,,,,,0.4867417913273716,,,,,
trial_0003,70,eval,,,,,,,0.631578947368421,1.0946563701880605,,,,,,,,,,,,,,,,,,,,,,
trial_0003,70,global,,,,0.40130078753241516,-0.040415616839717804,,,,,,,0,0,8,0,0,0.0,0,8,0,27,,0.13126934984520125,8.852205334359278,,,-0.9215686274509803,0,1.0,1
trial_0003,71,train,,,0.25228557719829237,,,0.049575992721192376,,,0.0,0.0,0.022268255665264237,0,0,9,1,0,0.0,0,8,0,,,,,0.4255172603941978,,,,,
trial_0003,71,eval,0.3684210526315789,0.42105263157894735,,,,,,,,,,,,,,,,,,,,2.1052631578947367,,,,0.0,,,,
trial_0003,71,global,,,,0.40405185648012504,-0.04316668578742772,,,,,,,0,0,9,0,0,0.0,0,9,0,27,,0.12941176470588237,8.9332898190147,,,-0.9215686274509803,0,1.0,1
trial_0003,72,train,,,0.25232189893722534,,,0.05086889482559041,,,0.0,0.0,0.022293861736939785,0,0,9,0,0,0.0,0,9,0,,,,,0.4702204355956815,,,,,
trial_0003,72,eval,,,,,,,0.631578947368421,1.1112085643567535,,,,,,,,,,,,,,,,,,,,,,
trial_0003,72,global,,,,0.40074656723073926,-0.03986139653804193,,,,,,,0,0,9,0,0,0.0,0,9,0,27,,0.1325077399380805,8.759505176839445,,,-0.9215686274509803,0,1.0,1
trial_0003,73,train,,,0.25236058869260425,,,0.05265869485571029,,,0.0,0.0,0.02223603718027354,0,0,10,1,0,0.0,0,9,0,,,,,0.45920852592862244,,,,,
trial_0003,73,eval,0.42105263157894735,0.5263157894736842,,,,,,,,,,,,,,,,,,,,2.1052631578947367,,,,0.0,,,,
trial_0003,73,global,,,,0.40136233057855253,-0.04047715988585517,,,,,,,0,0,10,0,0,0.0,0,10,0,27,,0.13126934984520125,8.711923600424186,,,-0.9215686274509803,0,1.0,1
trial_0003,74,train,,,0.2524033803889092,,,0.05250108146921117,,,0.0,0.0,0.021335495926905423,0,0,10,0,0,0.0,0,10,0,,,,,0.4195597872983479,,,,,
trial_0003,74,eval,,,,,,,0.5789473684210527,1.1336939962286698,,,,,,,,,,,,,,,,,,,,,,
trial_0003,74,global,,,,0.3987403558215611,-0.03785518512886374,,,,,,,0,0,10,0,0,0.0,0,10,0,27,,0.13436532507739937,8.588898132607664,,,-0.9215686274509803,0,1.0,1
trial_0003,75,train,,,0.25244443689255003,,,0.054451378736090156,,,0.0,0.0,0.020094730048886244,0,0,11,1,0,0.0,0,10,0,,,,,0.3993943682904785,,,,,
trial_0003,75,eval,0.5789473684210527,0.5789473684210527,,,,,,,,,,,,,,,,,,,,2.1052631578947367,,,,0.0,,,,
trial_0003,75,global,,,,0.4039375103389263,-0.04305233964622901,,,,,,,0,0,11,0,0,0.0,0,11,0,27,,0.12941176470588237,8.692376456245919,,,-0.9215686274509803,0,1.0,1
trial_0003,76,train,,,0.2524810902615811,,,0.05635588695394231,,,0.0,0.0,0.02170751603775995,0,0,11,0,0,0.0,0,11,0,,,,,0.40949441793751207,,,,,
trial_0003,76,eval,,,,,,,0.631578947368421,1.130366309692985,,,,,,,,,,,,,,,,,,,,,,
trial_0003,76,global,,,,0.4009259235840139,-0.040040752891316554,,,,,,,0,0,11,0,0,0.0,0,11,0,27,,0.1325077399380805,8.498236343808957,,,-0.9215686274509803,0,1.0,1
trial_0003,77,train,,,0.2525256352221712,,,0.05761163031801264,,,0.0,0.0,0.020691869450495285,0,0,11,0,0,0.0,0,11,0,,,,,0.42586192113499266,,,,,
trial_0003,77,eval,,,,,,,0.5263157894736842,1.146740116571125,,,,,,,,,,,,,,,,,,,,,,
trial_0003,77,global,,,,0.39589511333140154,-0.03500994263870417,,,,,,,0,0,11,0,0,0.0,0,11,0,27,,0.13622291021671826,8.380364780012668,,,-0.9215686274509803,0,1.0,1
trial_0003,78,train,,,0.2525665912222355,,,0.05791109039428387,,,0.0,0.0,0.01916229144937577,0,0,11,0,0,0.0,0,11,0,,,,,0.3712442528377188,,,,,
trial_0003,78,eval,,,,,,,0.5789473684210527,1.1754640811368038,,,,,,,,,,,,,,,,,,,,,,
trial_0003,78,global,,,,0.3975011585661247,-0.036615987873427396,,,,,,,0,0,11,0,0,0.0,0,11,0,27,,0.13498452012383902,8.267642859113474,,,-0.9215686274509803,0,1.0,1
trial_0003,79,train,,,0.25260124815271257,,,0.05991777206989045,,,0.0,0.0,0.018505373160216085,0,0,12,1,0,0.0,0,11,0,,,,,0.3697905435312724,,,,,
trial_0003,79,eval,0.3684210526315789,0.3684210526315789,,,,,,,,,,,,,,,,,,,,2.1052631578947367,,,,0.3684210526315789,,,,
trial_0003,79,global,,,,0.39313261523916315,-0.03224744454646584,,,,,,,0,0,12,0,0,0.25,0,12,0,27,,0.13808049535603714,8.20225437979211,,,-0.9215686274509803,0,1.0,1
trial_0003,80,train,,,0.2526397689225826,,,0.06118412062208703,,,0.0,0.0,0.018319398422596698,0,0,12,0,0,0.25,0,12,0,,,,,0.3685438422129509,,,,,
trial_0003,80,eval,,,,,,,0.5789473684210527,1.2112274232663605,,,,,,,,,,,,,,,,,,,,,,
trial_0003,80,global,,,,0.39629300647620824,-0.03540783578351089,,,,,,,0,0,12,0,0,0.25,0,12,0,27,,0.13622291021671826,8.30491388043383,,,-0.9215686274509803,0,1.0,1
trial_0003,81,train,,,0.25266642773405035,,,0.061585630191133375,,,0.0,0.0,0.018634553509764375,0,0,13,1,0,0.25,0,12,0,,,,,0.3586353058299274,,,,,
trial_0003,81,eval,0.5263157894736842,0.47368421052631576,,,,,,,,,,,,,,,,,,,,2.1052631578947367,,,,0.3684210526315789,,,,
trial_0003,81,global,,,,0.39679375750525264,-0.03590858681255528,,,,,,,0,0,13,0,0,0.25,0,13,0,27,,0.13560371517027864,8.250214957600408,,,-0.9215686274509803,0,1.0,1
trial_0003,82,train,,,0.25270357347549277,,,0.06206368005022089,,,0.0,0.0,0.01889176807376219,0,0,13,0,0,0.25,0,13,0,,,,,0.3455456684984214,,,,,
trial_0003,82,eval,,,,,,,0.5263157894736842,1.1711673956168327,,,,,,,,,,,,,,,,,,,,,,
trial_0003,82,global,,,,0.39339013472671475,-0.0325049640340174,,,,,,,0,0,13,0,0,0.25,0,13,0,27,,0.1393188854489164,8.28461062546485,,,-0.9215686274509803,0,1.0,1
trial_0003,83,train,,,0.2527550519146818,,,0.0631545547475206,,,0.0,0.0,0.018951733879487412,0,0,14,1,0,0.25,0,13,0,,,,,0.3639406509538914,,,,,
trial_0003,83,eval,0.47368421052631576,0.47368421052631576,,,,,,,,,,,,,,,,,,,,2.1052631578947367,,,,0.0,,,,
trial_0003,83,global,,,,0.3940839799812059,-0.03319880928850861,,,,,,,0,0,14,0,0,0.0,0,14,0,27,,0.13808049535603714,8.208972978149037,,,-0.9215686274509803,0,1.0,1
trial_0003,84,train,,,0.25279497212552005,,,0.0645235593014575,,,0.0,0.0,0.01836236189466287,0,0,15,1,0,0.0,0,14,0,,,,,0.35086896793639405,,,,,
trial_0003,84,eval,0.5789473684210527,0.5263157894736842,,,,,,,,,,,,,,,,,,,,2.1052631578947367,,,,0.3684210526315789,,,,
trial_0003,84,global,,,,0.39338268146335514,-0.032497510770657836,,,,,,,0,0,15,0,0,0.25,0,15,0,27,,0.1386996904024768,8.154303346994123,,,-0.9215686274509803,0,1.0,1
trial_0003,85,train,,,0.2528332785723057,,,0.06509254682571329,,,0.0,0.0,0.018379586990278692,0,0,15,0,0,0.25,0,15,0,,,,,0.31264685136629333,,,,,
trial_0003,85,eval,,,,,,,0.5263157894736842,1.181740531795903,,,,,,,,,,,,,,,,,,,,,,
trial_0003,85,global,,,,0.3919824267859866,-0.031097256093289283,,,,,,,0,0,15,0,0,0.25,0,15,0,27,,0.13993808049535603,8.100504784835012,,,-0.9215686274509803,0,1.0,1
trial_0003,86,train,,,0.2528669634397994,,,0.06631887307826509,,,0.0,0.0,0.017660659822348032,0,0,15,0,0,0.25,0,15,0,,,,,0.32719947677766176,,,,,
trial_0003,86,eval,,,,,,,0.5263157894736842,1.1659813335067346,,,,,,,,,,,,,,,,,,,,,,
trial_0003,86,global,,,,0.39293380167161257,-0.03204863097891523,,,,,,,0,0,15,0,0,0.25,0,15,0,27,,0.1386996904024768,8.139951116603225,,,-0.9215686274509803,0,1.0,1
trial_0003,87,train,,,0.2529192154711865,,,0.06687730487356794,,,0.0,0.0,0.018295058244690698,0,0,16,1,0,0.25,0,15,0,,,,,0.3256418101013975,,,,,
trial_0003,87,eval,0.3684210526315789,0.42105263157894735,,,,,,,,,,,,,,,,,,,,2.1052631578947367,,,,0.0,,,,
trial_0003,87,global,,,,0.38790741580541493,-0.027022245112717655,,,,,,,0,0,16,0,0,0.0,0,16,0,27,,0.1436532507739938,7.90613198058893,,,-0.9215686274509803,0,1.0,1
trial_0003,88,train,,,0.25295428678076315,,,0.07031920520549124,,,0.0,0.0,0.016308621201723657,0,0,16,0,0,0.0,0,16,0,,,,,0.29766811277215366,,,,,
trial_0003,88,eval,,,,,,,0.5263157894736842,1.2222986723247327,,,,,,,,,,,,,,,,,,,,,,
trial_0003,88,global,,,,0.3936880627866068,-0.03280289209390946,,,,,,,0,0,16,0,0,0.0,0,16,0,27,,0.13746130030959752,7.970984850431743,,,-0.9215686274509803,0,1.0,1
trial_0003,89,train,,,0.25299389375017045,,,0.06910567144130138,,,0.0,0.0,0.017138728497431,0,0,17,1,0,0.0,0,16,0,,,,,0.27769435947457105,,,,,
trial_0003,89,eval,0.42105263157894735,0.47368421052631576,,,,,,,,,,,,,,,,,,,,2.1052631578947367,,,,0.0,,,,
trial_0003,89,global,,,,0.3886106449531064,-0.027725474260409052,,,,,,,0,0,17,0,0,0.0,0,17,0,27,,0.14303405572755418,7.840675507536614,,,-0.9215686274509803,0,1.0,1
trial_0003,90,train,,,0.2530305357055461,,,0.0732730227581998,,,0.0,0.0,0.01629545287665059,0,0,17,0,0,0.0,0,17,0,,,,,0.28756206519637545,,,,,
trial_0003,90,eval,,,,,,,0.47368421052631576,1.2690785276262384,,,,,,,,,,,,,,,,,,,,,,
trial_0003,90,global,,,,0.3907014345962571,-0.029816263903559757,,,,,,,0,0,17,0,0,0.0,0,17,0,27,,0.1393188854489164,7.724545094398522,,,-0.9215686274509803,0,1.0,1
trial_0004,1,train,,,0.25053287231469457,,,0.005130287399994433,,,0.0,0.0,0.017890783433531336,0,0,0,0,0,,0,0,0,,,,,2.208479165729088,,,,,
trial_0004,1,eval,,,,,,,0.23529411764705882,2.1726270142723534,,,,,,,,,,,,,,,,,,,,,,
trial_0004,1,global,,,,,,,,,,,,0,0,0,0,0,,0,0,0,9,,0.13052631578947368,2.229170228556583,,,,,,
trial_0004,2,train,,,0.2505201904834071,,,0.009318622336074521,,,0.0,0.0,0.02866557309804838,0,0,0,0,0,,0,0,0,,,,,1.998787890506696,,,,,
trial_0004,2,eval,,,,,,,0.058823529411764705,2.2238425928003647,,,,,,,,,,,,,,,,,,,,,,
trial_0004,2,global,,,,0.09368191721132897,-0.02948438634713145,,,,,,,0,0,0,0,0,,0,0,0,9,,0.09473684210526316,2.3081343881707443,,,-0.8431372549019608,0,0.8431372549019608,0
trial_0004,3,train,,,0.2505596193331706,,,0.014099499776582175,,,0.0,0.0,0.03635030338139852,0,0,0,0,0,,0,0,0,,,,,1.949214925494375,,,,,
trial_0004,3,eval,,,,,,,0.29411764705882354,2.138190136236303,,,,,,,,,,,,,,,,,,,,,,
trial_0004,3,global,,,,0.1111111111111111,-0.02939546188845909,,,,,,,0,0,0,0,0,,0,0,0,9,,0.10736842105263159,2.230641142694574,,,-0.4222222222222222,1,1.0,1
trial_0004,4,train,,,0.25060475740251664,,,0.019119613862867597,,,0.0,0.0,0.029347291204465345,0,0,0,0,0,,0,0,0,,,,,1.8501120259490196,,,,,
trial_0004,4,eval,,,,,,,0.058823529411764705,2.2011597016278435,,,,,,,,,,,,,,,,,,,,,,
trial_0004,4,global,,,,0.10806100217864924,-0.015007484475271594,,,,,,,0,0,0,0,0,,0,0,0,9,,0.11157894736842106,2.3098593880000866,,,-0.5686274509803921,0,0.7058823529411764,0
trial_0004,5,train,,,0.2506740274308603,,,0.022770569388624987,,,0.0,0.0,0.03455038433069293,0,0,0,0,0,,0,0,0,,,,,1.8368548512458802,,,,,
trial_0004,5,eval,,,,,,,0.35294117647058826,1.9858687484965605,,,,,,,,,,,,,,,,,,,,,,
trial_0004,5,global,,,,0.14814814814814814,0.06924886978349225,,,,,,,0,0,0,0,0,,0,0,0,9,,0.21052631578947367,2.120130735698499,,,-0.4222222222222222,1,1.0,1
trial_0004,6,train,,,0.250682132530816,,,0.027192984955220278,,,0.0,0.0,0.02760150128197444,0,0,0,0,0,,0,0,0,,,,,1.5994654118260252,,,,,
trial_0004,6,eval,,,,,,,0.058823529411764705,2.1945726590998036,,,,,,,,,,,,,,,,,,,,,,
trial_0004,6,global,,,,0.17328283701435113,0.04411418091728926,,,,,,,0,0,0,0,0,,0,0,0,9,,0.1705263157894737,2.369397506713867,,,-0.4117647058823529,0,0.5490196078431372,0
trial_0004,7,train,,,0.25072808356224735,,,0.03005510271538662,,,0.0,0.0,0.043371605458138875,0,0,0,0,0,,0,0,0,,,,,1.5702065729642216,,,,,
trial_0004,7,eval,,,,,,,0.29411764705882354,1.7876644134521482,,,,,,,,,,,,,,,,,,,,,,
trial_0004,7,global,,,,0.12081869784951017,0.12950659321920469,,,,,,,0,0,0,0,0,,0,0,0,9,,0.26526315789473687,2.046242184889944,,,-0.33333333333333337,0,0.5555555555555556,1
trial_0004,8,train,,,0.2506900652299954,,,0.03249127936514118,,,0.0,0.0,0.037606483561140075,0,0,0,0,0,,0,0,0,,,,,1.3353033151807665,,,,,
trial_0004,8,eval,,,,,,,0.23529411764705882,1.9317881990881527,,,,,,,,,,,,,,,,,,,,,,
trial_0004,8,global,,,,0.17807812059558736,0.08848592403907002,,,,,,,0,0,0,0,0,,0,0,0,9,,0.22526315789473683,2.1610646207709063,,,-0.5490196078431373,0,0.6862745098039216,0
trial_0004,9,train,,,0.2506807876538627,,,0.03363940515850164,,,0.0,0.0,0.04314375735725029,0,0,1,1,0,,0,0,0,,,,,1.26898913443843,,,,,
trial_0004,9,eval,0.1764705882352941,0.1764705882352941,,,,,,,,,,,,,,,,,,,,2.8823529411764706,,,,0.0,,,,
trial_0004,9,global,,,,0.14496552132986015,0.147971789111349,,,,,,,0,0,1,0,0,0.0,0,1,0,9,,0.2863157894736842,2.017856694522657,,,-0.3137254901960784,0,0.5555555555555556,1
trial_0004,10,train,,,0.2506464323665522,,,0.0346370362028291,,,0.0,0.0,0.03319074808608128,0,0,1,0,0,0.0,0,1,0,,,,,1.0867929792856867,,,,,
trial_0004,10,eval,,,,,,,0.2941176470588235,1.7870157886953915,,,,,,,,,,,,,,,,,,,,,,
trial_0004,10,global,,,,0.15948988566182862,0.13344742477938054,,,,,,,0,0,1,0,0,0.0,0,1,0,9,,0.2694736842105263,2.110169785650153,,,-0.27450980392156865,0,0.5555555555555556,1
trial_0004,11,train,,,0.2507524310156356,,,0.00897066615695177,,,0.0,0.0,0.02305473256206452,0,0,1,0,0,0.0,0,1,0,,,,,13.145669189164805,,,,,
trial_0004,11,eval,,,,,,,0.21052631578947367,2.0360785126686096,,,,,,,,,,,,,,,,,,,,,,
trial_0004,11,global,,,,0.4335328078994517,-0.14059549745824254,,,,,,,0,0,1,0,0,0.0,0,1,0,18,,0.08421052631578947,7.692945952848954,,,-0.8431372549019608,0,1.0,1
trial_0004,12,train,,,0.2507049576487652,,,0.011278431212832762,,,0.0,1.0,0.3931727368471235,0,0,1,0,0,0.0,0,1,0,,,,,2.7176152783770897,,,,,
trial_0004,12,eval,,,,,,,0.3157894736842105,2.650816434308102,,,,,,,,,,,,,,,,,,,,,,
trial_0004,12,global,,,,0.2808912279360062,-0.08546705509791214,,,,,,,0,0,1,0,0,0.0,0,1,0,18,,0.07368421052631578,7.207323047875217,,,-0.8431372549019608,0,1.0,1
trial_0004,13,train,,,0.2506716542465742,,,0.013049979715846306,,,0.0,0.7325581395348837,0.10731462384898997,0,0,1,0,0,0.0,0,1,0,,,,,1.9378396907518076,,,,,
trial_0004,13,eval,,,,,,,0.2631578947368421,1.9462052019018876,,,,,,,,,,,,,,,,,,,,,,
trial_0004,13,global,,,,0.2923118953794114,-0.05957337962769243,,,,,,,0,0,1,0,0,0.0,0,1,0,18,,0.09856459330143541,6.385855671093224,,,-0.8431372549019608,0,1.0,1
trial_0004,14,train,,,0.25065495974795765,,,0.013480089691489242,,,0.0,0.0,0.06600325260051462,0,0,1,0,0,0.0,0,1,0,,,,,1.5847556987474132,,,,,
trial_0004,14,eval,,,,,,,0.3157894736842105,2.1422065684669898,,,,,,,,,,,,,,,,,,,,,,
trial_0004,14,global,,,,0.3116178922284442,-0.0707094418362024,,,,,,,0,0,1,0,0,0.0,0,1,0,18,,0.08995215311004785,6.849635884408175,,,-0.8431372549019608,0,1.0,1
trial_0004,15,train,,,0.25060236939164093,,,0.01360796877118044,,,0.0,0.0,0.05974785804228727,0,0,1,0,0,0.0,0,1,0,,,,,1.3979411782220355,,,,,
trial_0004,15,eval,,,,,,,0.3157894736842105,1.9383399862992137,,,,,,,,,,,,,,,,,,,,,,
trial_0004,15,global,,,,0.3038808978717315,-0.03820406650195843,,,,,,,0,0,1,0,0,0.0,0,1,0,18,,0.1215311004784689,6.071646343577992,,,-0.8431372549019608,0,1.0,1
trial_0004,16,train,,,0.25058794783991434,,,0.013958961637907248,,,0.0,0.0,0.045990218715958826,0,0,1,0,0,0.0,0,1,0,,,,,1.2609877658444781,,,,,
trial_0004,16,eval,,,,,,,0.42105263157894735,2.0183543970710356,,,,,,,,,,,,,,,,,,,,,,
trial_0004,16,global,,,,0.31220119774362853,-0.04652436637385546,,,,,,,0,0,1,0,0,0.0,0,1,0,18,,0.11483253588516747,6.902472971957266,,,-0.8431372549019608,0,1.0,1
trial_0004,17,train,,,0.25055197747640834,,,0.014740343963684038,,,0.0,0.0,0.051940094562637255,0,0,1,0,0,0.0,0,1,0,,,,,1.1405378911384316,,,,,
trial_0004,17,eval,,,,,,,0.2631578947368421,1.9159574634150454,,,,,,,,,,,,,,,,,,,,,,
trial_0004,17,global,,,,0.2974056076718717,-0.028193422766745056,,,,,,,0,0,1,0,0,0.0,0,1,0,18,,0.1320574162679426,6.119203740900213,,,-0.8431372549019608,0,1.0,1
trial_0004,18,train,,,0.2505431144043457,,,0.015030268493086793,,,0.0,0.0,0.043380741402506834,0,0,1,0,0,0.0,0,1,0,,,,,1.0781500906445258,,,,,
trial_0004,18,eval,,,,,,,0.42105263157894735,2.098491743991249,,,,,,,,,,,,,,,,,,,,,,
trial_0004,18,global,,,,0.3163938732172577,-0.03283891416543539,,,,,,,0,0,1,0,0,0.0,0,1,0,18,,0.12727272727272726,6.884086445073762,,,-0.8431372549019608,0,1.0,1
trial_0004,19,train,,,0.25054316465244736,,,0.016076559417469556,,,0.0,0.0,0.05089463744702382,0,0,2,1,0,0.0,0,1,0,,,,,0.9877486384192179,,,,,
trial_0004,19,eval,0.21052631578947367,0.21052631578947367,,,,,,,,,,,,,,,,,,,,1.6842105263157894,,,,0.0,,,,
trial_0004,19,global,,,,0.31004356321924453,-0.02556267824149625,,,,,,,0,0,2,0,0,0.0,0,2,0,18,,0.1339712918660287,6.28454850666831,,,-0.8431372549019608,0,1.0,1
trial_0004,20,train,,,0.2505569312461587,,,0.016705669116142186,,,0.0,0.0,0.04204342473991389,0,0,2,0,0,0.0,0,2,0,,,,,0.906478595872258,,,,,
trial_0004,20,eval,,,,,,,0.42105263157894735,2.061947759829069,,,,,,,,,,,,,,,,,,,,,,
trial_0004,20,global,,,,0.3116240835100659,-0.02036517868240229,,,,,,,0,0,2,0,0,0.0,0,2,0,18,,0.14066985645933014,6.726889053600257,,,-0.8431372549019608,0,1.0,1
trial_0004,21,train,,,0.2505307498764484,,,0.010121272123874502,,,0.0,0.0,0.025404990838959612,0,0,2,0,0,0.0,0,2,0,,,,,12.591827706073193,,,,,
trial_0004,21,eval,,,,,,,0.2631578947368421,2.1964106936203804,,,,,,,,,,,,,,,,,,,,,,
trial_0004,21,global,,,,0.44102268302511566,-0.14976377819745212,,,,,,,0,0,2,0,0,0.0,0,2,0,27,,0.05263157894736842,12.248536398683909,,,-0.8431372549019608,0,1.0,1
trial_0004,22,train,,,0.2505272607854072,,,0.016926092194749952,,,0.0,0.9999999999999999,0.16003354584124493,0,0,2,0,0,0.0,0,2,0,,,,,2.1324422433021217,,,,,
trial_0004,22,eval,,,,,,,0.15789473684210525,2.101421224443536,,,,,,,,,,,,,,,,,,,,,,
trial_0004,22,global,,,,0.33968550102045614,-0.09726074995372917,,,,,,,0,0,2,0,0,0.0,0,2,0,27,,0.06439628482972136,10.48700320358985,,,-0.8484848484848485,18,1.0,1
trial_0004,23,train,,,0.25049441830909,,,0.01507811446456199,,,0.0,0.0,0.03513109287683001,0,0,2,0,0,0.0,0,2,0,,,,,1.8666647297270753,,,,,
trial_0004,23,eval,,,,,,,0.42105263157894735,1.7173404819086977,,,,,,,,,,,,,,,,,,,,,,
trial_0004,23,global,,,,0.3334073110035989,-0.09098255993687196,,,,,,,0,0,2,0,0,0.0,0,2,0,27,,0.06625386996904024,10.653992808197305,,,-0.8431372549019608,0,1.0,1
trial_0004,24,train,,,0.2504418172100757,,,0.01508975956351199,,,0.0,0.0,0.028096490583204216,0,0,2,0,0,0.0,0,2,0,,,,,1.5785688795941941,,,,,
trial_0004,24,eval,,,,,,,0.47368421052631576,1.5684307186227096,,,,,,,,,,,,,,,,,,,,,,
trial_0004,24,global,,,,0.31693860916496785,-0.061693732622028784,,,,,,,0,0,2,0,0,0.0,0,2,0,27,,0.0978328173374613,10.256934441722953,,,-0.8431372549019608,0,1.0,1
trial_0004,25,train,,,0.25041754464519783,,,0.015401637776100888,,,0.0,0.0,0.025163335254059196,0,0,2,0,0,0.0,0,2,0,,,,,1.5127759938544416,,,,,
trial_0004,25,eval,,,,,,,0.5263157894736842,1.4866191525208323,,,,,,,,,,,,,,,,,,,,,,
trial_0004,25,global,,,,0.31655603487927664,-0.053249165219113784,,,,,,,0,0,2,0,0,0.0,0,2,0,27,,0.10588235294117647,10.204346962093199,,,-0.8431372549019608,0,1.0,1
trial_0004,26,train,,,0.25042535047581854,,,0.016309583282217065,,,0.0,0.0,0.02729457081394627,0,0,2,0,0,0.0,0,2,0,,,,,1.4115429997444153,,,,,
trial_0004,26,eval,,,,,,,0.47368421052631576,1.4117551226364937,,,,,,,,,,,,,,,,,,,,,,
trial_0004,26,global,,,,0.31671452819106716,-0.05249316378924904,,,,,,,0,0,2,0,0,0.0,0,2,0,27,,0.10773993808049535,10.14528390748582,,,-0.8431372549019608,0,1.0,1
trial_0004,27,train,,,0.2504267267724301,,,0.017569352654700582,,,0.0,0.0,0.02588257701631556,0,0,2,0,0,0.0,0,2,0,,,,,1.2910699026381716,,,,,
trial_0004,27,eval,,,,,,,0.5789473684210527,1.3329812413767763,,,,,,,,,,,,,,,,,,,,,,
trial_0004,27,global,,,,0.3132998629632926,-0.047078041314103675,,,,,,,0,0,2,0,0,0.0,0,2,0,27,,0.11269349845201239,10.054129633002976,,,-0.8431372549019608,0,1.0,1
trial_0004,28,train,,,0.25044366083246594,,,0.0187792587787547,,,0.0,0.0,0.02589993401569255,0,0,2,0,0,0.0,0,2,0,,,,,1.1988508475587722,,,,,
trial_0004,28,eval,,,,,,,0.631578947368421,1.2777564337379053,,,,,,,,,,,,,,,,,,,,,,
trial_0004,28,global,,,,0.31573636129072435,-0.045337187302615704,,,,,,,0,0,2,0,0,0.0,0,2,0,27,,0.11393188854489164,10.088532483836076,,,-0.8431372549019608,0,1.0,1
trial_0004,29,train,,,0.2504681833881013,,,0.020577406391818473,,,0.0,0.0,0.025959669925430987,0,0,2,0,0,0.0,0,2,0,,,,,1.1097242285596562,,,,,
trial_0004,29,eval,,,,,,,0.5789473684210527,1.2315305283195093,,,,,,,,,,,,,,,,,,,,,,
trial_0004,29,global,,,,0.3161852950729915,-0.0407278220451023,,,,,,,0,0,2,0,0,0.0,0,2,0,27,,0.11888544891640866,9.980281832196026,,,-0.8431372549019608,0,1.0,1
trial_0004,30,train,,,0.2504941072869808,,,0.022048436897866272,,,0.0,0.0,0.026486027965995862,0,0,2,0,0,0.0,0,2,0,,,,,1.0153444395420397,,,,,
trial_0004,30,eval,,,,,,,0.5789473684210527,1.1917123920039125,,,,,,,,,,,,,,,,,,,,,,
trial_0004,30,global,,,,0.31637844703893125,-0.031855683424012356,,,,,,,0,0,2,0,0,0.0,0,2,0,27,,0.1256965944272446,9.85605281203893,,,-0.8431372549019608,0,1.0,1
trial_0004,31,train,,,0.2505231122387216,,,0.02379591620348869,,,0.0,0.0,0.025451872632541558,0,0,2,0,0,0.0,0,2,0,,,,,0.9322279148913445,,,,,
trial_0004,31,eval,,,,,,,0.631578947368421,1.1571579763763828,,,,,,,,,,,,,,,,,,,,,,
trial_0004,31,global,,,,0.3207587478074408,-0.03132577094897528,,,,,,,0,0,2,0,0,0.0,0,2,0,27,,0.1256965944272446,9.797197995023462,,,-0.8431372549019608,0,1.0,1
trial_0004,32,train,,,0.25054707552524325,,,0.025691191566751356,,,0.0,0.0,0.0245193708331344,0,0,2,0,0,0.0,0,2,0,,,,,0.8810658107412621,,,,,
trial_0004,32,eval,,,,,,,0.5789473684210527,1.1238828050462824,,,,,,,,,,,,,,,,,,,,,,
trial_0004,32,global,,,,0.31487635785285756,-0.02116771838539613,,,,,,,0,0,2,0,0,0.0,0,2,0,27,,0.13560371517027864,9.811376988555624,,,-0.8431372549019608,0,1.0,1
trial_0004,33,train,,,0.25057253717107975,,,0.027358718533465207,,,0.0,0.0,0.02474371458383951,0,0,2,0,0,0.0,0,2,0,,,,,0.8133895290658828,,,,,
trial_0004,33,eval,,,,,,,0.631578947368421,1.074161366412514,,,,,,,,,,,,,,,,,,,,,,
trial_0004,33,global,,,,0.31827121342445125,-0.019487060366983496,,,,,,,0,0,2,0,0,0.0,0,2,0,27,,0.1368421052631579,9.628135992941841,,,-0.8431372549019608,0,1.0,1
trial_0004,34,train,,,0.25061235212265176,,,0.028654581371774065,,,0.0,0.0,0.024367493327627797,0,0,2,0,0,0.0,0,2,0,,,,,0.7358580047145802,,,,,
trial_0004,34,eval,,,,,,,0.5789473684210527,1.08043793000673,,,,,,,,,,,,,,,,,,,,,,
trial_0004,34,global,,,,0.3206862125425995,-0.01766524691498585,,,,,,,0,0,2,0,0,0.0,0,2,0,27,,0.13746130030959752,9.661055831200567,,,-0.8431372549019608,0,1.0,1
trial_0004,35,train,,,0.25065094486195993,,,0.03018653202564158,,,0.0,0.0,0.024425813238671486,0,0,3,1,0,0.0,0,2,0,,,,,0.6806218113036866,,,,,
trial_0004,35,eval,0.5263157894736842,0.5263157894736842,,,,,,,,,,,,,,,,,,,,2.1052631578947367,,,,0.0,,,,
trial_0004,35,global,,,,0.32241542186843974,-0.01284038899835307,,,,,,,0,0,3,0,0,0.0,0,3,0,27,,0.1436532507739938,9.547414691086525,,,-0.8431372549019608,0,1.0,1
trial_0004,36,train,,,0.25070451738986566,,,0.03111787822018278,,,0.0,0.0,0.02428193205293823,0,0,3,0,0,0.0,0,3,0,,,,,0.6272971642144183,,,,,
trial_0004,36,eval,,,,,,,0.5789473684210527,1.0303536088843093,,,,,,,,,,,,,,,,,,,,,,
trial_0004,36,global,,,,0.32108408725705684,-0.009488852366768132,,,,,,,0,0,3,0,0,0.0,0,3,0,27,,0.1479876160990712,9.56035711565992,,,-0.8431372549019608,0,1.0,1
trial_0004,37,train,,,0.25075509700369325,,,0.03258955209179127,,,0.0,0.0,0.024477981423285416,0,0,3,0,0,0.0,0,3,0,,,,,0.5651344580219146,,,,,
trial_0004,37,eval,,,,,,,0.631578947368421,1.050237316834299,,,,,,,,,,,,,,,,,,,,,,
trial_0004,37,global,,,,0.32489884230677163,-0.012532002478211315,,,,,,,0,0,3,0,0,0.0,0,3,0,27,,0.1436532507739938,9.492677349645655,,,-0.8431372549019608,0,1.0,1
trial_0004,38,train,,,0.25081145763397217,,,0.03373119900835321,,,0.0,0.0,0.024304985926744155,0,0,3,0,0,0.0,0,3,0,,,,,0.5263086046310181,,,,,
trial_0004,38,eval,,,,,,,0.5789473684210527,1.0079089465894198,,,,,,,,,,,,,,,,,,,,,,
trial_0004,38,global,,,,0.32319326761368755,-0.010826427785127234,,,,,,,0,0,3,0,0,0.0,0,3,0,27,,0.14674922600619195,9.457460735309235,,,-0.8431372549019608,0,1.0,1
trial_0004,39,train,,,0.2508777985547451,,,0.036060992073505486,,,0.0,0.0,0.02421327320898467,0,0,3,0,0,0.0,0,3,0,,,,,0.4855179098058253,,,,,
trial_0004,39,eval,,,,,,,0.631578947368421,1.0339750522061397,,,,,,,,,,,,,,,,,,,,,,
trial_0004,39,global,,,,0.3307708858415921,-0.017632441074760183,,,,,,,0,0,3,0,0,0.0,0,3,0,27,,0.1393188854489164,9.397581387451927,,,-0.8431372549019608,0,1.0,1
trial_0004,40,train,,,0.2509366641653345,,,0.035910074856687096,,,0.0,0.0,0.025099198509285114,0,0,3,0,0,0.0,0,3,0,,,,,0.4696841497370537,,,,,
trial_0004,40,eval,,,,,,,0.5263157894736842,0.9776183147179452,,,,,,,,,,,,,,,,,,,,,,
trial_0004,40,global,,,,0.33120266677458415,-0.014555727758517241,,,,,,,0,0,3,0,0,0.0,0,3,0,27,,0.14241486068111456,9.56106052930141,,,-0.8431372549019608,0,1.0,1
trial_0004,41,train,,,0.25100593617621886,,,0.038960891835233005,,,0.0,0.0,0.025081171529327935,0,0,3,0,0,0.0,0,3,0,,,,,0.4272355356114976,,,,,
trial_0004,41,eval,,,,,,,0.5263157894736842,0.9669428122671025,,,,,,,,,,,,,,,,,,,,,,
trial_0004,41,global,,,,0.3305104910604172,-0.012516750697548916,,,,,,,0,0,3,0,0,0.0,0,3,0,27,,0.14674922600619195,9.413243932103963,,,-0.8431372549019608,0,1.0,1
trial_0004,42,train,,,0.25107333793285047,,,0.040033655914854485,,,0.0,0.0,0.023187102844066762,0,0,3,0,0,0.0,0,3,0,,,,,0.38290110579196446,,,,,
trial_0004,42,eval,,,,,,,0.5789473684210527,1.016857271131716,,,,,,,,,,,,,,,,,,,,,,
trial_0004,42,global,,,,0.32802874706846563,-0.010035006705597418,,,,,,,0,0,3,0,0,0.0,0,3,0,27,,0.14736842105263157,9.310435303962636,,,-0.8431372549019608,0,1.0,1
trial_0004,43,train,,,0.2511508604313465,,,0.04150510151335533,,,0.0,0.0,0.023141042180755675,0,0,4,1,0,0.0,0,3,0,,,,,0.3571731156491218,,,,,
trial_0004,43,eval,0.42105263157894735,0.47368421052631576,,,,,,,,,,,,,,,,,,,,2.1052631578947367,,,,0.0,,,,
trial_0004,43,global,,,,0.3332254024190502,-0.015231662056181924,,,,,,,0,0,4,0,0,0.0,0,4,0,27,,0.14303405572755418,9.184774288968773,,,-0.8431372549019608,0,1.0,1
trial_0004,44,train,,,0.25122196084641396,,,0.04239493798702321,,,0.0,0.0,0.02323850297438417,0,0,5,1,0,0.0,0,4,0,,,,,0.3387564096044987,,,,,
trial_0004,44,eval,0.3684210526315789,0.3684210526315789,,,,,,,,,,,,,,,,,,,,2.1052631578947367,,,,0.0,,,,
trial_0004,44,global,,,,0.3308344371881492,-0.012840696825280943,,,,,,,0,0,5,0,0,0.0,0,5,0,27,,0.1436532507739938,9.275198779977144,,,-0.8431372549019608,0,1.0,1
trial_0004,45,train,,,0.25130798905453783,,,0.044209251378444905,,,0.0,0.0,0.02326866940030472,0,0,5,0,0,0.0,0,5,0,,,,,0.3319613342906566,,,,,
trial_0004,45,eval,,,,,,,0.5789473684210527,0.9559033026820734,,,,,,,,,,,,,,,,,,,,,,
trial_0004,45,global,,,,0.33527424617695645,-0.017280505814088166,,,,,,,0,0,5,0,0,0.0,0,5,0,27,,0.1417956656346749,9.183693728136943,,,-0.8431372549019608,0,1.0,1
trial_0004,46,train,,,0.2513750715458647,,,0.04583203095070859,,,0.0,0.0,0.022660109353687695,0,0,5,0,0,0.0,0,5,0,,,,,0.3190782619283554,,,,,
trial_0004,46,eval,,,,,,,0.631578947368421,1.0340998517839533,,,,,,,,,,,,,,,,,,,,,,
trial_0004,46,global,,,,0.3292307910085754,-0.010563649972306485,,,,,,,0,0,5,0,0,0.0,0,5,0,27,,0.14736842105263157,8.994355778649865,,,-0.8431372549019608,0,1.0,1
trial_0004,47,train,,,0.25147332568117914,,,0.04648022417058336,,,0.0,0.0,0.021463754499687793,0,0,5,0,0,0.0,0,5,0,,,,,0.28106863701597173,,,,,
trial_0004,47,eval,,,,,,,0.631578947368421,1.0683812546102625,,,,,,,,,,,,,,,,,,,,,,
trial_0004,47,global,,,,0.3282254113465561,-0.009558270310287128,,,,,,,0,0,5,0,0,0.0,0,5,0,27,,0.14674922600619195,9.10176939122817,,,-0.8431372549019608,0,1.0,1
trial_0004,48,train,,,0.25155809204629126,,,0.04865354236136091,,,0.0,0.0,0.021278629342014806,0,0,5,0,0,0.0,0,5,0,,,,,0.2700746015982425,,,,,
trial_0004,48,eval,,,,,,,0.6842105263157894,0.9827195515758113,,,,,,,,,,,,,,,,,,,,,,
trial_0004,48,global,,,,0.32966188909023186,-0.010321347380562274,,,,,,,0,0,5,0,0,0.0,0,5,0,27,,0.14860681114551083,8.88377755463308,,,-0.8431372549019608,0,1.0,1
trial_0004,49,train,,,0.2516504985854981,,,0.04803910027159021,,,0.0,0.0,0.020071722082595563,0,0,5,0,0,0.0,0,5,0,,,,,0.26145421745295216,,,,,
trial_0004,49,eval,,,,,,,0.631578947368421,0.9937695139332821,,,,,,,,,,,,,,,,,,,,,,
trial_0004,49,global,,,,0.33392384898504573,-0.014126059904548467,,,,,,,0,0,5,0,0,0.0,0,5,0,27,,0.14613003095975233,9.109401513917527,,,-0.8431372549019608,0,1.0,1
trial_0004,50,train,,,0.2517263109379626,,,0.047501499665544386,,,0.0,0.0,0.01988536009287581,0,0,5,0,0,0.0,0,5,0,,,,,0.3107929743984912,,,,,
trial_0004,50,eval,,,,,,,0.631578947368421,1.055048744929464,,,,,,,,,,,,,,,,,,,,,,
trial_0004,50,global,,,,0.3388353361478729,-0.01720855758406524,,,,,,,0,0,5,0,0,0.0,0,5,0,27,,0.1436532507739938,9.124680118147433,,,-0.8431372549019608,0,1.0,1
trial_0004,51,train,,,0.2517983637591626,,,0.04754926613036622,,,0.0,0.0,0.019985085440442918,0,0,6,1,0,0.0,0,5,0,,,,,0.2775149203678395,,,,,
trial_0004,51,eval,0.5263157894736842,0.5789473684210527,,,,,,,,,,,,,,,,,,,,2.1052631578947367,,,,0.0,,,,
trial_0004,51,global,,,,0.34164005634254296,-0.020013277778735288,,,,,,,0,0,6,0,0,0.0,0,6,0,27,,0.14055727554179567,9.180739449421319,,,-0.8431372549019608,0,1.0,1
trial_0004,52,train,,,0.25187638465394363,,,0.04844517435165162,,,0.0,0.0,0.01939649876316098,0,0,7,1,0,0.0,0,6,0,,,,,0.2741844415347627,,,,,
trial_0004,52,eval,0.3684210526315789,0.3684210526315789,,,,,,,,,,,,,,,,,,,,2.1052631578947367,,,,0.0,,,,
trial_0004,52,global,,,,0.34273042756699706,-0.02064640163236173,,,,,,,0,0,7,0,0,0.0,0,7,0,27,,0.14055727554179567,9.147811920354979,,,-0.8431372549019608,0,1.0,1
trial_0004,53,train,,,0.25195944753099,,,0.0502244899881647,,,0.0,0.0,0.019544472546623823,0,0,7,0,0,0.0,0,7,0,,,,,0.24713211405150431,,,,,
trial_0004,53,eval,,,,,,,0.631578947368421,1.0311746016929024,,,,,,,,,,,,,,,,,,,,,,
trial_0004,53,global,,,,0.3420401661484447,-0.019956140213809353,,,,,,,0,0,7,0,0,0.0,0,7,0,27,,0.1411764705882353,9.042526219134729,,,-0.8431372549019608,0,1.0,1
trial_0004,54,train,,,0.252026212025196,,,0.0523767426927039,,,0.0,0.0,0.017973759286155175,0,0,7,0,0,0.0,0,7,0,,,,,0.23137539193985313,,,,,
trial_0004,54,eval,,,,,,,0.631578947368421,1.1062499394542291,,,,,,,,,,,,,,,,,,,,,,
trial_0004,54,global,,,,0.33868185139440954,-0.016597825459774198,,,,,,,0,0,7,0,0,0.0,0,7,0,27,,0.1436532507739938,9.028531821519598,,,-0.8431372549019608,0,1.0,1
trial_0004,55,train,,,0.25210621445736986,,,0.05184425635540739,,,0.0,0.0,0.01786309551952922,0,0,7,0,0,0.0,0,7,0,,,,,0.23823896247021695,,,,,
trial_0004,55,eval,,,,,,,0.631578947368421,1.0976012537353916,,,,,,,,,,,,,,,,,,,,,,
trial_0004,55,global,,,,0.34670250522544277,-0.024618479290807443,,,,,,,0,0,7,0,0,0.0,0,7,0,27,,0.13622291021671826,9.100143949904309,,,-0.8431372549019608,0,1.0,1
trial_0004,56,train,,,0.2522039679770774,,,0.05370993817106206,,,0.0,0.0,0.018961560891376454,0,0,7,0,0,0.0,0,7,0,,,,,0.21250968632545877,,,,,
trial_0004,56,eval,,,,,,,0.6842105263157894,1.0010049060771338,,,,,,,,,,,,,,,,,,,,,,
trial_0004,56,global,,,,0.3386753251137253,-0.01659129917908994,,,,,,,0,0,7,0,0,0.0,0,7,0,27,,0.14427244582043344,8.894442708868729,,,-0.8431372549019608,0,1.0,1
trial_0004,57,train,,,0.2522937604721556,,,0.054875964179952094,,,0.0,0.0,0.016154439605282067,0,0,7,0,0,0.0,0,7,0,,,,,0.2116665711428257,,,,,
trial_0004,57,eval,,,,,,,0.631578947368421,1.0458304207575948,,,,,,,,,,,,,,,,,,,,,,
trial_0004,57,global,,,,0.3431064277282704,-0.020107907051979845,,,,,,,0,0,7,0,0,0.0,0,7,0,27,,0.1417956656346749,9.004070260724047,,,-0.8431372549019608,0,1.0,1
trial_0004,58,train,,,0.2523900276802956,,,0.055556750995047546,,,0.0,0.0,0.01679753257888072,0,0,7,0,0,0.0,0,7,0,,,,,0.20677485567458131,,,,,
trial_0004,58,eval,,,,,,,0.631578947368421,1.0021906228441941,,,,,,,,,,,,,,,,,,,,,,
trial_0004,58,global,,,,0.3385000564453059,-0.014696382789949329,,,,,,,0,0,7,0,0,0.0,0,7,0,27,,0.14674922600619195,8.872366075545273,,,-0.8431372549019608,0,1.0,1
trial_0004,59,train,,,0.25249661758859104,,,0.058092708283282335,,,0.0,0.0,0.015604856654511213,0,0,8,1,0,0.0,0,7,0,,,,,0.19135338803555102,,,,,
trial_0004,59,eval,0.5263157894736842,0.5789473684210527,,,,,,,,,,,,,,,,,,,,2.1052631578947367,,,,0.0,,,,
trial_0004,59,global,,,,0.3353577076507832,-0.011096786624599002,,,,,,,0,0,8,0,0,0.0,0,8,0,27,,0.15046439628482972,8.713746732823989,,,-0.8431372549019608,0,1.0,1
trial_0004,60,train,,,0.25259005642951804,,,0.05847865343093872,,,0.0,0.0,0.014467884019200515,0,0,9,1,0,0.0,0,8,0,,,,,0.19277369215133341,,,,,
trial_0004,60,eval,0.3684210526315789,0.3684210526315789,,,,,,,,,,,,,,,,,,,,2.1052631578947367,,,,0.05263157894736842,,,,
trial_0004,60,global,,,,0.3464736707461968,-0.022212749720012605,,,,,,,0,0,9,0,0,0.25,0,9,0,27,,0.1386996904024768,8.805674164952139,,,-0.8431372549019608,0,1.0,1
trial_0004,61,train,,,0.2527092774497702,,,0.06006698088443025,,,0.0,0.0,0.014968290692319143,0,0,10,1,0,0.25,0,9,0,,,,,0.17505206031368134,,,,,
trial_0004,61,eval,0.631578947368421,0.631578947368421,,,,,,,,,,,,,,,,,,,,2.1052631578947367,,,,0.0,,,,
trial_0004,61,global,,,,0.3423140406303097,-0.018053119604125454,,,,,,,0,0,10,0,0,0.0,0,10,0,27,,0.13993808049535603,8.54778496237362,,,-0.8431372549019608,0,1.0,1
trial_0004,62,train,,,0.2527973785045299,,,0.06226205064895306,,,0.0,0.0,0.013181499086389756,0,0,10,0,0,0.0,0,10,0,,,,,0.1654108576001005,,,,,
trial_0004,62,eval,,,,,,,0.631578947368421,1.150248994952754,,,,,,,,,,,,,,,,,,,,,,
trial_0004,62,global,,,,0.3396000263285263,-0.014665704628941454,,,,,,,0,0,10,0,0,0.0,0,10,0,27,,0.1417956656346749,8.51906530657789,,,-0.8431372549019608,0,1.0,1
trial_0004,63,train,,,0.2529120572069858,,,0.06474393733004305,,,0.0,0.0,0.013442861183516761,0,0,10,0,0,0.0,0,10,0,,,,,0.15784575539700527,,,,,
trial_0004,63,eval,,,,,,,0.631578947368421,1.1793453865929653,,,,,,,,,,,,,,,,,,,,,,
trial_0004,63,global,,,,0.3405526071666646,-0.015618285467079695,,,,,,,0,0,10,0,0,0.0,0,10,0,27,,0.1417956656346749,8.509706481839112,,,-0.8431372549019608,0,1.0,1
trial_0004,64,train,,,0.2530268849210536,,,0.06523344808436454,,,0.0,0.0,0.013674589314379116,0,0,10,0,0,0.0,0,10,0,,,,,0.15941708584098108,,,,,
trial_0004,64,eval,,,,,,,0.631578947368421,1.162955282550109,,,,,,,,,,,,,,,,,,,,,,
trial_0004,64,global,,,,0.3392746638378412,-0.011091479240270645,,,,,,,0,0,10,0,0,0.0,0,10,0,27,,0.14613003095975233,8.35548019881588,,,-0.8431372549019608,0,1.0,1
trial_0004,65,train,,,0.25315094881869377,,,0.0676769994674845,,,0.0,0.0,0.012153705264852838,0,0,10,0,0,0.0,0,10,0,,,,,0.14904841585679257,,,,,
trial_0004,65,eval,,,,,,,0.631578947368421,1.0949264498133409,,,,,,,,,,,,,,,,,,,,,,
trial_0004,65,global,,,,0.3449564523669688,-0.016773267769398217,,,,,,,0,0,10,0,0,0.0,0,10,0,27,,0.14241486068111456,8.330762885598576,,,-0.8431372549019608,0,1.0,1
trial_0004,66,train,,,0.2532738386950594,,,0.06651564861865752,,,0.0,0.0,0.011435186073240983,0,0,10,0,0,0.0,0,10,0,,,,,0.15266882336520132,,,,,
trial_0004,66,eval,,,,,,,0.631578947368421,1.0774090399867609,,,,,,,,,,,,,,,,,,,,,,
trial_0004,66,global,,,,0.3446495952400683,-0.01646641064249772,,,,,,,0,0,10,0,0,0.0,0,10,0,27,,0.14241486068111456,8.433389738100601,,,-0.8431372549019608,0,1.0,1
trial_0004,67,train,,,0.2533943247287831,,,0.06719240799863288,,,0.0,0.0,0.011047415813725899,0,0,11,1,0,0.0,0,10,0,,,,,0.14292048220621778,,,,,
trial_0004,67,eval,0.5263157894736842,0.5263157894736842,,,,,,,,,,,,,,,,,,,,2.1052631578947367,,,,0.0,,,,
trial_0004,67,global,,,,0.34284780015323646,-0.014664615555665898,,,,,,,0,0,11,0,0,0.0,0,11,0,27,,0.1436532507739938,8.351088183140238,,,-0.8431372549019608,0,1.0,1
trial_0004,68,train,,,0.2535243164351646,,,0.07052696892555724,,,0.0,0.0,0.011650270573296982,0,0,12,1,0,0.0,0,11,0,,,,,0.1339001326009314,,,,,
trial_0004,68,eval,0.47368421052631576,0.3684210526315789,,,,,,,,,,,,,,,,,,,,2.1052631578947367,,,,0.21052631578947367,,,,
trial_0004,68,global,,,,0.3485316806898975,-0.01630809205192285,,,,,,,1,1,12,0,0,0.5,1,11,0,27,,0.13746130030959752,7.543616230495205,,,-0.8431372549019608,0,1.0,1
trial_0004,69,train,,,0.25292625642837363,,,0.04754443181321976,,,0.0,0.0,0.011711716691794946,1,1,12,0,0,0.5,1,11,0,,,,,0.13826461632518056,,,,,
trial_0004,69,eval,,,,,,,0.631578947368421,0.9471933818177173,,,,,,,,,,,,,,,,,,,,,,
trial_0004,69,global,,,,0.34081990368142767,-0.00859631504345307,,,,,,,1,1,12,0,0,0.5,1,11,0,27,,0.15108359133126936,8.151032292510703,,,-0.8431372549019608,0,1.0,1
trial_0004,70,train,,,0.25298178100839575,,,0.050109618680274234,,,0.0,0.0,0.01076111757051586,1,1,12,0,0,0.5,1,11,0,,,,,0.13724162204468504,,,,,
trial_0004,70,eval,,,,,,,0.631578947368421,0.9003797597006747,,,,,,,,,,,,,,,,,,,,,,
trial_0004,70,global,,,,0.34791707194646543,-0.015693483308490797,,,,,,,1,1,12,0,0,0.5,1,11,0,27,,0.14489164086687306,8.155467637478383,,,-0.8431372549019608,0,1.0,1
trial_0004,71,train,,,0.2530472928539236,,,0.05129467820788317,,,0.0,0.0,0.010310965382674848,1,1,12,0,0,0.5,1,11,0,,,,,0.13118431479372877,,,,,
trial_0004,71,eval,,,,,,,0.631578947368421,0.9434893303795864,,,,,,,,,,,,,,,,,,,,,,
trial_0004,71,global,,,,0.34513569068707384,-0.01291210204909925,,,,,,,1,1,12,0,1,0.5,0,11,0,27,,0.14674922600619195,7.928690418444182,,,-0.8431372549019608,0,1.0,1
trial_0004,72,train,,,0.25311026642931267,,,0.05123698330940084,,,0.0,0.0,0.009094056601145682,1,1,13,1,1,0.5,0,11,0,,,,,0.12717419111348213,,,,,
trial_0004,72,eval,0.6842105263157894,0.5263157894736842,,,,,,,,,,,,,,,,,,,,2.1052631578947367,,,,0.47368421052631576,,,,
trial_0004,72,global,,,,0.343144288469567,-0.007671836933606719,,,,,,,2,2,13,0,1,0.75,1,11,0,27,,0.14922600619195048,7.635013783457848,,,-0.8431372549019608,0,1.0,1
trial_0004,73,train,,,0.25239380449056625,,,0.0439433362830351,,,0.0,0.0,0.009509375137326486,2,2,13,0,1,0.75,1,11,0,,,,,0.12792895829423945,,,,,
trial_0004,73,eval,,,,,,,0.6842105263157894,0.8564284302686389,,,,,,,,,,,,,,,,,,,,,,
trial_0004,73,global,,,,0.34443838839143354,-0.008965936855473257,,,,,,,2,2,13,0,1,0.75,1,11,0,27,,0.15108359133126936,7.900305693068371,,,-0.8431372549019608,0,1.0,1
trial_0004,74,train,,,0.2524054805014996,,,0.045162928746418744,,,0.0,0.0,0.009711902261652212,2,2,13,0,1,0.75,1,11,0,,,,,0.12426675450294576,,,,,
trial_0004,74,eval,,,,,,,0.6842105263157894,0.8626200407743454,,,,,,,,,,,,,,,,,,,,,,
trial_0004,74,global,,,,0.34926782277806573,-0.013795371242105432,,,,,,,2,2,13,0,1,0.75,1,11,0,27,,0.14674922600619195,7.954024300117611,,,-0.8431372549019608,0,1.0,1
trial_0004,75,train,,,0.25244367138502444,,,0.04542719824437765,,,0.0,0.0,0.00834561929105474,2,2,13,0,1,0.75,1,11,0,,,,,0.11474549183820157,,,,,
trial_0004,75,eval,,,,,,,0.6842105263157895,0.8128834358955683,,,,,,,,,,,,,,,,,,,,,,
trial_0004,75,global,,,,0.35088937045622626,-0.01541691892026595,,,,,,,2,2,13,0,2,0.75,0,11,0,27,,0.14551083591331268,7.862934693611074,,,-0.8431372549019608,0,1.0,1
trial_0004,76,train,,,0.2524893990856536,,,0.04649118028898189,,,0.0,0.0,0.008374297636235381,2,2,14,1,2,0.75,0,11,0,,,,,0.10778555289862002,,,,,
trial_0004,76,eval,0.5789473684210527,0.5789473684210527,,,,,,,,,,,,,,,,,,,,2.1052631578947367,,,,0.0,,,,
trial_0004,76,global,,,,0.3473237006938381,-0.01185124915787783,,,,,,,2,2,14,0,2,0.0,0,12,0,27,,0.14736842105263157,7.741707131589529,,,-0.8431372549019608,0,1.0,1
trial_0004,77,train,,,0.25254335872670436,,,0.04724202384340002,,,0.0,0.0,0.00781486313468083,2,2,15,1,2,0.0,0,12,0,,,,,0.10312579610246292,,,,,
trial_0004,77,eval,0.47368421052631576,0.47368421052631576,,,,,,,,,,,,,,,,,,,,2.1052631578947367,,,,0.0,,,,
trial_0004,77,global,,,,0.34269558735072747,-0.006417982835701137,,,,,,,2,2,15,0,2,0.0,0,13,0,27,,0.15170278637770898,7.652695786325555,,,-0.8431372549019608,0,1.0,1
trial_0004,78,train,,,0.25260425913841167,,,0.04768080052305409,,,0.0,0.0,0.0073370955052520555,2,2,16,1,2,0.0,0,13,0,,,,,0.10169495190394684,,,,,
trial_0004,78,eval,0.631578947368421,0.6842105263157894,,,,,,,,,,,,,,,,,,,,2.1052631578947367,,,,0.0,,,,
trial_0004,78,global,,,,0.3507111510199608,-0.014433546504934476,,,,,,,2,2,16,0,2,0.0,0,14,0,27,,0.14551083591331268,7.739709914358039,,,-0.8431372549019608,0,1.0,1
trial_0004,79,train,,,0.2526721928982024,,,0.04877753559737763,,,0.0,0.0,0.007089779640367116,2,2,16,0,2,0.0,0,14,0,,,,,0.0983232984041914,,,,,
trial_0004,79,eval,,,,,,,0.7368421052631579,0.8511203825473785,,,,,,,,,,,,,,,,,,,,,,
trial_0004,79,global,,,,0.34514168243249793,-0.008864077917471559,,,,,,,2,2,16,0,2,0.0,0,14,0,27,,0.15046439628482972,7.75483930841688,,,-0.8431372549019608,0,1.0,1
trial_0004,80,train,,,0.2527472088311581,,,0.048791589572074565,,,0.0,0.0,0.006804570329017651,2,2,16,0,2,0.0,0,14,0,,,,,0.10016732176250599,,,,,
trial_0004,80,eval,,,,,,,0.7368421052631579,0.8637178853938453,,,,,,,,,,,,,,,,,,,,,,
trial_0004,80,global,,,,0.34673072189864923,-0.010453117383622933,,,,,,,2,2,16,0,2,0.0,0,14,0,27,,0.14922600619195048,7.68684106360279,,,-0.8431372549019608,0,1.0,1
trial_0004,81,train,,,0.25281574973400606,,,0.04962373841950234,,,0.0,0.0,0.006348778807714166,2,2,16,0,2,0.0,0,14,0,,,,,0.09517736788442795,,,,,
trial_0004,81,eval,,,,,,,0.7368421052631579,0.8188130573222511,,,,,,,,,,,,,,,,,,,,,,
trial_0004,81,global,,,,0.3454258663907346,-0.009148261875708271,,,,,,,2,2,16,0,2,0.0,0,14,0,27,,0.15046439628482972,7.689295260308327,,,-0.8431372549019608,0,1.0,1
trial_0004,82,train,,,0.2528765859439018,,,0.04943036264244546,,,0.0,0.0,0.006460983821183463,2,2,16,0,2,0.0,0,14,0,,,,,0.09028078465068594,,,,,
trial_0004,82,eval,,,,,,,0.7368421052631577,1.0004959192715193,,,,,,,,,,,,,,,,,,,,,,
trial_0004,82,global,,,,0.34643568608053393,-0.009484680892106934,,,,,,,2,2,16,0,2,0.0,0,14,0,27,,0.1479876160990712,7.661387950790925,,,-0.8431372549019608,0,1.0,1
trial_0004,83,train,,,0.2529416079533861,,,0.05017683417239088,,,0.0,0.0,0.00582776032075499,2,2,16,0,2,0.0,0,14,0,,,,,0.09338991169599777,,,,,
trial_0004,83,eval,,,,,,,0.7368421052631579,0.9517944251236162,,,,,,,,,,,,,,,,,,,,,,
trial_0004,83,global,,,,0.34491903838310456,-0.007968033194677534,,,,,,,2,2,16,0,2,0.0,0,14,0,27,,0.1498452012383901,7.714871071735772,,,-0.8431372549019608,0,1.0,1
trial_0004,84,train,,,0.2530241215482671,,,0.05173828195225685,,,0.0,0.0,0.006112674636545868,2,2,17,1,2,0.0,0,14,0,,,,,0.08494635008751078,,,,,
trial_0004,84,eval,0.631578947368421,0.5789473684210527,,,,,,,,,,,,,,,,,,,,2.1052631578947367,,,,0.15789473684210525,,,,
trial_0004,84,global,,,,0.34654694925403035,-0.009595944065603346,,,,,,,2,2,17,0,2,0.25,0,15,0,27,,0.14922600619195048,7.667662636488215,,,-0.8431372549019608,0,1.0,1
trial_0004,85,train,,,0.25309963809682967,,,0.053757809578104214,,,0.0,0.0,0.005860643566089454,2,2,18,1,2,0.25,0,15,0,,,,,0.08377065549188471,,,,,
trial_0004,85,eval,0.42105263157894735,0.47368421052631576,,,,,,,,,,,,,,,,,,,,2.1052631578947367,,,,0.0,,,,
trial_0004,85,global,,,,0.3485879339100284,-0.011636928721601424,,,,,,,2,2,18,0,2,0.0,0,16,0,27,,0.1479876160990712,7.6997957235519365,,,-0.8431372549019608,0,1.0,1
trial_0004,86,train,,,0.2531782499653228,,,0.05322982228182732,,,0.0,0.0,0.005721474694585963,2,2,19,1,2,0.0,0,16,0,,,,,0.08054045966648041,,,,,
trial_0004,86,eval,0.6842105263157894,0.7368421052631579,,,,,,,,,,,,,,,,,,,,2.1052631578947367,,,,0.0,,,,
trial_0004,86,global,,,,0.350417515065188,-0.013466509876761021,,,,,,,2,2,19,0,2,0.0,0,17,0,27,,0.14551083591331268,7.614475273864557,,,-0.8431372549019608,0,1.0,1
trial_0004,87,train,,,0.25324603962771436,,,0.05476005399163733,,,0.0,0.0,0.005096385952492711,2,2,19,0,2,0.0,0,17,0,,,,,0.08289596741186811,,,,,
trial_0004,87,eval,,,,,,,0.7368421052631579,0.914587284389295,,,,,,,,,,,,,,,,,,,,,,
trial_0004,87,global,,,,0.3458067176855825,-0.008855712497155551,,,,,,,2,2,19,0,2,0.0,0,17,0,27,,0.14922600619195048,7.671750173184893,,,-0.8431372549019608,0,1.0,1
trial_0004,88,train,,,0.2533253919571004,,,0.05533946424405625,,,0.0,0.0,0.005068683590550482,2,2,19,0,2,0.0,0,17,0,,,,,0.08320970930000568,,,,,
trial_0004,88,eval,,,,,,,0.7368421052631579,0.8526491460047269,,,,,,,,,,,,,,,,,,,,,,
trial_0004,88,global,,,,0.3484835150328322,-0.01072735686533917,,,,,,,2,2,19,0,2,0.0,0,17,0,27,,0.14922600619195048,7.658520172402586,,,-0.8431372549019608,0,1.0,1
trial_0004,89,train,,,0.2533848518703846,,,0.05610937791618894,,,0.0,0.0,0.0050805919661256,2,2,19,0,2,0.0,0,17,0,,,,,0.08076443536643017,,,,,
trial_0004,89,eval,,,,,,,0.736842105263158,0.9181897648070987,,,,,,,,,,,,,,,,,,,,,,
trial_0004,89,global,,,,0.3508740822007623,-0.013117924033269253,,,,,,,2,2,19,0,2,0.0,0,17,0,27,,0.14674922600619195,7.628236018319617,,,-0.8431372549019608,0,1.0,1
trial_0004,90,train,,,0.2534444316270503,,,0.055933147431054014,,,0.0,0.0,0.00463784912033279,2,2,19,0,2,0.0,0,17,0,,,,,0.07712382976996138,,,,,
trial_0004,90,eval,,,,,,,0.736842105263158,0.8584787837768856,,,,,,,,,,,,,,,,,,,,,,
trial_0004,90,global,,,,0.3498214779145187,-0.012065319747025674,,,,,,,2,2,19,0,2,0.0,0,17,0,27,,0.14736842105263157,7.584743554082817,,,-0.8431372549019608,0,1.0,1
trial_0005,1,train,,,0.2508003304276285,,,0.008780139531568872,,,0.0,0.0,0.017890783433531336,0,0,0,0,0,,0,0,0,,,,,2.205722369294054,,,,,
trial_0005,1,eval,,,,,,,0.1764705882352941,2.183777795118444,,,,,,,,,,,,,,,,,,,,,,
trial_0005,1,global,,,,,,,,,,,,0,0,0,0,0,,0,0,0,9,,0.13263157894736843,2.2348328735953884,,,,,,
trial_0005,2,train,,,0.25077380371999136,,,0.01528258395345905,,,0.0,0.0,0.02801446534363152,0,0,0,0,0,,0,0,0,,,,,1.9936071858483673,,,,,
trial_0005,2,eval,,,,,,,0.058823529411764705,2.2353975842980778,,,,,,,,,,,,,,,,,,,,,,
trial_0005,2,global,,,,0.07189542483660132,-0.03485838779956427,,,,,,,0,0,0,0,0,,0,0,0,9,,0.09473684210526316,2.328316116082041,,,-0.6470588235294118,0,0.6470588235294118,0
trial_0005,3,train,,,0.2508086369761938,,,0.022447303267596645,,,0.0,0.0,0.03593292417877083,0,0,0,0,0,,0,0,0,,,,,1.9251616722205231,,,,,
trial_0005,3,eval,,,,,,,0.3529411764705882,2.1571781004176422,,,,,,,,,,,,,,,,,,,,,,
trial_0005,3,global,,,,0.1111111111111111,-0.032590814103419144,,,,,,,0,0,0,0,0,,0,0,0,9,,0.10947368421052632,2.2568115121439885,,,-0.6666666666666666,1,1.0,1
trial_0005,4,train,,,0.2507954617089863,,,0.028908107476898388,,,0.0,0.0,0.029489403008188628,0,0,0,0,0,,0,0,0,,,,,1.7954323339203597,,,,,
trial_0005,4,eval,,,,,,,0.058823529411764705,2.1212166127036602,,,,,,,,,,,,,,,,,,,,,,
trial_0005,4,global,,,,0.104720406681191,0.023211052640889088,,,,,,,0,0,0,0,0,,0,0,0,9,,0.15578947368421053,2.254108449785333,,,-0.17777777777777776,1,0.5111111111111111,1
trial_0005,5,train,,,0.2508126746250104,,,0.03327901916036123,,,0.0,0.0,0.03111463170027054,0,0,0,0,0,,0,0,0,,,,,1.7022629643219505,,,,,
trial_0005,5,eval,,,,,,,0.058823529411764705,1.9973848637412577,,,,,,,,,,,,,,,,,,,,,,
trial_0005,5,global,,,,0.1259259259259259,0.04691812208754469,,,,,,,0,0,0,0,0,,0,0,0,9,,0.18526315789473685,2.2066494730899207,,,-0.3137254901960785,0,0.6666666666666667,0
trial_0005,6,train,,,0.25077873732470257,,,0.03682728064588353,,,0.0,0.0,0.03401941292082208,0,0,1,1,0,,0,0,0,,,,,1.4561415184255533,,,,,
trial_0005,6,eval,0.11764705882352941,0.11764705882352941,,,,,,,,,,,,,,,,,,,,2.8823529411764706,,,,0.0,,,,
trial_0005,6,global,,,,0.15556444800142277,0.07350671052969177,,,,,,,0,0,1,0,0,0.0,0,1,0,9,,0.22105263157894736,2.076632322010241,,,-0.411764705882353,0,0.7647058823529411,0
trial_0005,7,train,,,0.25068439373487156,,,0.03934903027890604,,,0.0,0.0,0.03228130880035932,0,0,1,0,0,0.0,0,1,0,,,,,1.293520557783396,,,,,
trial_0005,7,eval,,,,,,,0.1764705882352941,1.8698989784016329,,,,,,,,,,,,,,,,,,,,,,
trial_0005,7,global,,,,0.14883688242322016,0.10835188592485061,,,,,,,0,0,1,0,0,0.0,0,1,0,9,,0.24842105263157896,2.177831822947452,,,-0.29411764705882354,0,0.6470588235294117,0
trial_0005,8,train,,,0.2506316006183624,,,0.039534655034164846,,,0.0,0.0,0.03974213196506983,0,0,1,0,0,0.0,0,1,0,,,,,1.1832990597320507,,,,,
trial_0005,8,eval,,,,,,,0.23529411764705882,1.9405299705617567,,,,,,,,,,,,,,,,,,,,,,
trial_0005,8,global,,,,0.19006828476573365,0.09206379423993351,,,,,,,0,0,1,0,0,0.0,0,1,0,9,,0.23157894736842105,2.1908795236286362,,,-0.37254901960784315,0,0.7254901960784313,0
trial_0005,9,train,,,0.2506104530412939,,,0.039926084913784944,,,0.0,0.0,0.03767389778660823,0,0,1,0,0,0.0,0,1,0,,,,,1.0239109508491124,,,,,
trial_0005,9,eval,,,,,,,0.23529411764705882,1.9123819996328915,,,,,,,,,,,,,,,,,,,,,,
trial_0005,9,global,,,,0.17767341044802568,0.1067262422537866,,,,,,,0,0,1,0,0,0.0,0,1,0,9,,0.2463157894736842,2.2580421146593594,,,-0.23529411764705888,0,0.5882352941176471,0
trial_0005,10,train,,,0.2505672317516955,,,0.04067864542520499,,,0.0,0.0,0.03653451776297033,0,0,1,0,0,0.0,0,1,0,,,,,0.924020860337435,,,,,
trial_0005,10,eval,,,,,,,0.47058823529411764,1.7047822966295132,,,,,,,,,,,,,,,,,,,,,,
trial_0005,10,global,,,,0.1777302557821217,0.13123223779135818,,,,,,,0,0,1,0,0,0.0,0,1,0,9,,0.2736842105263158,2.2163973328941746,,,-0.21568627450980393,0,0.5686274509803921,0
trial_0005,11,train,,,0.25060806614021924,,,0.00804412633527157,,,0.0,0.0,0.02466493780009977,0,0,1,0,0,0.0,0,1,0,,,,,10.226264178158832,,,,,
trial_0005,11,eval,,,,,,,0.2631578947368421,1.97192960350137,,,,,,,,,,,,,,,,,,,,,,
trial_0005,11,global,,,,0.4549319924841552,-0.14596949891067537,,,,,,,0,0,1,0,0,0.0,0,1,0,18,,0.07464114832535886,9.749929527118445,,,-0.6666666666666666,1,1.0,1
trial_0005,12,train,,,0.25056867336117944,,,0.009150662740995717,,,0.0,1.0,0.4200593531824822,0,0,1,0,0,0.0,0,1,0,,,,,2.8121119800992185,,,,,
trial_0005,12,eval,,,,,,,0.47368421052631576,1.8658265628312765,,,,,,,,,,,,,,,,,,,,,,
trial_0005,12,global,,,,0.2571419946191715,-0.0526866055380278,,,,,,,0,0,1,0,0,0.0,0,1,0,18,,0.10143540669856459,9.748878114873714,,,-0.6666666666666666,1,1.0,1
trial_0005,13,train,,,0.2505374211211537,,,0.0110868361540312,,,0.0,0.46511627906976744,0.1052180987804435,0,0,1,0,0,0.0,0,1,0,,,,,1.650898324393751,,,,,
trial_0005,13,eval,,,,,,,0.42105263157894735,1.9319612603438525,,,,,,,,,,,,,,,,,,,,,,
trial_0005,13,global,,,,0.27693565369295575,-0.024295387208486723,,,,,,,0,0,1,0,0,0.0,0,1,0,18,,0.1320574162679426,8.622077140625585,,,-0.6666666666666666,1,1.0,1
trial_0005,14,train,,,0.25050278354522787,,,0.010623456260492636,,,0.0,0.0,0.06279359406163526,0,0,1,0,0,0.0,0,1,0,,,,,1.3569751494746667,,,,,
trial_0005,14,eval,,,,,,,0.3157894736842105,1.9228262901306152,,,,,,,,,,,,,,,,,,,,,,
trial_0005,14,global,,,,0.2843268583846299,-0.02163454639059905,,,,,,,0,0,1,0,0,0.0,0,1,0,18,,0.1320574162679426,9.000624111850867,,,-0.6666666666666666,1,1.0,1
trial_0005,15,train,,,0.25047228953172995,,,0.011617290592470835,,,0.0,0.0,0.05682422644783593,0,0,1,0,0,0.0,0,1,0,,,,,1.2500302866843849,,,,,
trial_0005,15,eval,,,,,,,0.42105263157894735,1.8811989332500259,,,,,,,,,,,,,,,,,,,,,,
trial_0005,15,global,,,,0.289081367481862,-0.024331442319106875,,,,,,,0,0,1,0,0,0.0,0,1,0,18,,0.13014354066985645,8.395450819280159,,,-0.6666666666666666,1,1.0,1
trial_0005,16,train,,,0.25044681807590086,,,0.012135022601415944,,,0.0,0.0,0.04761340392450261,0,0,1,0,0,0.0,0,1,0,,,,,1.1053790568909374,,,,,
trial_0005,16,eval,,,,,,,0.5263157894736842,1.707103547297026,,,,,,,,,,,,,,,,,,,,,,
trial_0005,16,global,,,,0.2755393608371213,-0.009863509748440254,,,,,,,0,0,1,0,0,0.0,0,1,0,18,,0.14354066985645933,8.512715216002396,,,-0.6666666666666666,1,1.0,1
trial_0005,17,train,,,0.25044925129690837,,,0.013020455923884414,,,0.0,0.0,0.04377016140971074,0,0,1,0,0,0.0,0,1,0,,,,,0.9496345875964212,,,,,
trial_0005,17,eval,,,,,,,0.631578947368421,1.6983981854037233,,,,,,,,,,,,,,,,,,,,,,
trial_0005,17,global,,,,0.2836603308861959,-0.010062669097926396,,,,,,,0,0,1,0,0,0.0,0,1,0,18,,0.14354066985645933,8.06724064384351,,,-0.6666666666666666,1,1.0,1
trial_0005,18,train,,,0.2504710184280262,,,0.015187572687864304,,,0.0,0.0,0.04216995566736821,0,0,1,0,0,0.0,0,1,0,,,,,0.8478042594222135,,,,,
trial_0005,18,eval,,,,,,,0.5789473684210527,1.7479338645935059,,,,,,,,,,,,,,,,,,,,,,
trial_0005,18,global,,,,0.27591939239638513,0.0007646891449708275,,,,,,,0,0,1,0,0,0.0,0,1,0,18,,0.15311004784688995,8.003361466512725,,,-0.6666666666666666,1,1.0,1
trial_0005,19,train,,,0.2505094249581181,,,0.01649859651576641,,,0.0,0.0,0.04161844460813459,0,0,1,0,0,0.0,0,1,0,,,,,0.758909918541132,,,,,
trial_0005,19,eval,,,,,,,0.6842105263157894,1.6836905542172884,,,,,,,,,,,,,,,,,,,,,,
trial_0005,19,global,,,,0.27664890979256923,0.002812949526564545,,,,,,,0,0,1,0,0,0.0,0,1,0,18,,0.15598086124401914,7.569532689181242,,,-0.6666666666666666,1,1.0,1
trial_0005,20,train,,,0.2505722104810005,,,0.017797291538743085,,,0.0,0.0,0.04109375863227734,0,0,1,0,0,0.0,0,1,0,,,,,0.6688459540324353,,,,,
trial_0005,20,eval,,,,,,,0.5789473684210527,1.8165937944462422,,,,,,,,,,,,,,,,,,,,,,
trial_0005,20,global,,,,0.27454701230035594,0.009812545969684876,,,,,,,0,0,1,0,0,0.0,0,1,0,18,,0.16267942583732056,7.571063581950357,,,-0.6666666666666666,1,1.0,1
trial_0005,21,train,,,0.25053580232123107,,,0.009421611165112637,,,0.0,0.0,0.039082385510444115,0,0,1,0,0,0.0,0,1,0,,,,,11.930419571856234,,,,,
trial_0005,21,eval,,,,,,,0.15789473684210525,3.2691730574557654,,,,,,,,,,,,,,,,,,,,,,
trial_0005,21,global,,,,0.4250281887895413,-0.14066863051950046,,,,,,,0,0,1,0,0,0.0,0,1,0,27,,0.06253869969040247,12.656025295434722,,,-0.7183098591549296,16,1.0,1
trial_0005,22,train,,,0.2505984065380502,,,0.016800790074023794,,,0.0,0.9999999999999999,0.18876723796129227,0,0,1,0,0,0.0,0,1,0,,,,,2.1676384931639694,,,,,
trial_0005,22,eval,,,,,,,0.47368421052631576,1.8891995768798024,,,,,,,,,,,,,,,,,,,,,,
trial_0005,22,global,,,,0.332781199201811,-0.07855730343189055,,,,,,,0,0,1,0,0,0.0,0,1,0,27,,0.0891640866873065,10.372498463255702,,,-0.75,24,1.0,1
trial_0005,23,train,,,0.25056153504138295,,,0.022641948166679825,,,0.0,0.0,0.04988136274066378,0,0,1,0,0,0.0,0,1,0,,,,,1.47649286347682,,,,,
trial_0005,23,eval,,,,,,,0.5789473684210527,1.4965014896894755,,,,,,,,,,,,,,,,,,,,,,
trial_0005,23,global,,,,0.3326384449460669,-0.05950879072460578,,,,,,,0,0,1,0,0,0.0,0,1,0,27,,0.10402476780185758,10.201529960514222,,,-0.7183098591549296,16,1.0,1
trial_0005,24,train,,,0.2505126834866849,,,0.02439131460925366,,,0.0,0.0,0.035537900252545135,0,0,1,0,0,0.0,0,1,0,,,,,1.2348609548571625,,,,,
trial_0005,24,eval,,,,,,,0.631578947368421,1.3921523658852828,,,,,,,,,,,,,,,,,,,,,,
trial_0005,24,global,,,,0.3339055346133229,-0.05909237870836002,,,,,,,0,0,1,0,0,0.0,0,1,0,27,,0.10340557275541795,9.912560409215212,,,-0.7183098591549296,16,1.0,1
trial_0005,25,train,,,0.2504967381345465,,,0.025191358429320316,,,0.0,0.0,0.03240122963139352,0,0,2,1,0,0.0,0,1,0,,,,,1.1229015862325769,,,,,
trial_0005,25,eval,0.42105263157894735,0.42105263157894735,,,,,,,,,,,,,,,,,,,,2.1052631578947367,,,,0.0,,,,
trial_0005,25,global,,,,0.329660691431269,-0.0535479903671119,,,,,,,0,0,2,0,0,0.0,0,2,0,27,,0.10897832817337462,9.982083191295896,,,-0.7183098591549296,16,1.0,1
trial_0005,26,train,,,0.250508022593691,,,0.02556975059052731,,,0.0,0.0,0.029734244891145137,0,0,2,0,0,0.0,0,2,0,,,,,1.0401520526155512,,,,,
trial_0005,26,eval,,,,,,,0.5789473684210527,1.3055755150945565,,,,,,,,,,,,,,,,,,,,,,
trial_0005,26,global,,,,0.3227582616607483,-0.046645560596591196,,,,,,,0,0,2,0,0,0.0,0,2,0,27,,0.11393188854489164,9.87499494877393,,,-0.7183098591549296,16,1.0,1
trial_0005,27,train,,,0.25053685523094016,,,0.026006660562880493,,,0.0,0.0,0.02924842625618615,0,0,2,0,0,0.0,0,2,0,,,,,0.946584580335936,,,,,
trial_0005,27,eval,,,,,,,0.5789473684210527,1.2726067304611206,,,,,,,,,,,,,,,,,,,,,,
trial_0005,27,global,,,,0.32145006620266364,-0.04477619791067258,,,,,,,0,0,2,0,0,0.0,0,2,0,27,,0.11640866873065016,9.81700320878634,,,-0.7183098591549296,16,1.0,1
trial_0005,28,train,,,0.25058890625517416,,,0.026773540263480326,,,0.0,0.0,0.029451458857573096,0,0,2,0,0,0.0,0,2,0,,,,,0.8787871131781024,,,,,
trial_0005,28,eval,,,,,,,0.5789473684210527,1.2198727475969413,,,,,,,,,,,,,,,,,,,,,,
trial_0005,28,global,,,,0.32028357026187365,-0.039400305693362024,,,,,,,0,0,2,0,0,0.0,0,2,0,27,,0.12136222910216718,9.689810539694394,,,-0.7183098591549296,16,1.0,1
trial_0005,29,train,,,0.250658595181526,,,0.02767886443341032,,,0.0,0.0,0.028459592611390222,0,0,2,0,0,0.0,0,2,0,,,,,0.8039916407735876,,,,,
trial_0005,29,eval,,,,,,,0.5263157894736842,1.2062068487468518,,,,,,,,,,,,,,,,,,,,,,
trial_0005,29,global,,,,0.32022293019009385,-0.039339665621582164,,,,,,,0,0,2,0,0,0.0,0,2,0,27,,0.12321981424148606,9.60072636678123,,,-0.7183098591549296,16,1.0,1
trial_0005,30,train,,,0.25074006585364644,,,0.028204503370092268,,,0.0,0.0,0.028036830027369744,0,0,2,0,0,0.0,0,2,0,,,,,0.7240384052136748,,,,,
trial_0005,30,eval,,,,,,,0.5263157894736842,1.1887485416311967,,,,,,,,,,,,,,,,,,,,,,
trial_0005,30,global,,,,0.32196201383308853,-0.0384796589461883,,,,,,,0,0,2,0,0,0.0,0,2,0,27,,0.1238390092879257,9.423562078800733,,,-0.7183098591549296,16,1.0,1
trial_0005,31,train,,,0.2508285384862981,,,0.029600691605121528,,,0.0,0.0,0.02789173620217976,0,0,2,0,0,0.0,0,2,0,,,,,0.6421859621729893,,,,,
trial_0005,31,eval,,,,,,,0.5263157894736842,1.2129389424073067,,,,,,,,,,,,,,,,,,,,,,
trial_0005,31,global,,,,0.319834240858563,-0.03554673299259675,,,,,,,0,0,2,0,0,0.0,0,2,0,27,,0.12631578947368421,9.368223489105885,,,-0.7183098591549296,16,1.0,1
trial_0005,32,train,,,0.25091876184686696,,,0.030751927101865726,,,0.0,0.0,0.027609805532909457,0,0,2,0,0,0.0,0,2,0,,,,,0.5745983643734708,,,,,
trial_0005,32,eval,,,,,,,0.5263157894736842,1.2481378442362736,,,,,,,,,,,,,,,,,,,,,,
trial_0005,32,global,,,,0.32589599583657836,-0.03965917023182072,,,,,,,0,0,2,0,0,0.0,0,2,0,27,,0.12321981424148606,9.271714542967617,,,-0.7183098591549296,16,1.0,1
trial_0005,33,train,,,0.25100922679647486,,,0.03102708512798269,,,0.0,0.0,0.028391253497411915,0,0,3,1,0,0.0,0,2,0,,,,,0.5184883433181826,,,,,
trial_0005,33,eval,0.3684210526315789,0.3684210526315789,,,,,,,,,,,,,,,,,,,,2.1052631578947367,,,,0.0,,,,
trial_0005,33,global,,,,0.3172017531295856,-0.027381675734100924,,,,,,,0,0,3,0,0,0.0,0,3,0,27,,0.13560371517027864,9.167950525667646,,,-0.7183098591549296,16,1.0,1
trial_0005,34,train,,,0.2510914472823447,,,0.03239192972157864,,,0.0,0.0,0.026390201796559577,0,0,3,0,0,0.0,0,3,0,,,,,0.44924556602098287,,,,,
trial_0005,34,eval,,,,,,,0.5789473684210527,1.2494135404887952,,,,,,,,,,,,,,,,,,,,,,
trial_0005,34,global,,,,0.3224971773076128,-0.032677099912128145,,,,,,,0,0,3,0,0,0.0,0,3,0,27,,0.13126934984520125,9.123662673430546,,,-0.7183098591549296,16,1.0,1
trial_0005,35,train,,,0.25119348504441846,,,0.033275089682416714,,,0.0,0.0,0.026024197829649483,0,0,3,0,0,0.0,0,3,0,,,,,0.40591165498125514,,,,,
trial_0005,35,eval,,,,,,,0.5263157894736842,1.323573488938181,,,,,,,,,,,,,,,,,,,,,,
trial_0005,35,global,,,,0.3226167848374529,-0.03010310474836549,,,,,,,0,0,3,0,0,0.0,0,3,0,27,,0.13312693498452013,9.09263705557714,,,-0.7183098591549296,16,1.0,1
trial_0005,36,train,,,0.251304936535815,,,0.03367647687171368,,,0.0,0.0,0.02608311881033823,0,0,3,0,0,0.0,0,3,0,,,,,0.37423441509254796,,,,,
trial_0005,36,eval,,,,,,,0.5789473684210527,1.243147473586233,,,,,,,,,,,,,,,,,,,,,,
trial_0005,36,global,,,,0.3273709831500355,-0.03485730306094813,,,,,,,0,0,3,0,0,0.0,0,3,0,27,,0.13188854489164087,9.019777140897864,,,-0.7183098591549296,16,1.0,1
trial_0005,37,train,,,0.25142009017315314,,,0.03532376869561824,,,0.0,0.0,0.024708652076251964,0,0,3,0,0,0.0,0,3,0,,,,,0.3161829469051767,,,,,
trial_0005,37,eval,,,,,,,0.5789473684210527,1.3373801551367106,,,,,,,,,,,,,,,,,,,,,,
trial_0005,37,global,,,,0.3233515654790952,-0.028422426452809797,,,,,,,0,0,3,0,0,0.0,0,3,0,27,,0.13498452012383902,8.997535478810407,,,-0.7183098591549296,16,1.0,1
trial_0005,38,train,,,0.25155737330304817,,,0.03526508300862413,,,0.0,0.0,0.024381013631701788,0,0,3,0,0,0.0,0,3,0,,,,,0.29346100601019465,,,,,
trial_0005,38,eval,,,,,,,0.5789473684210527,1.3443504383689477,,,,,,,,,,,,,,,,,,,,,,
trial_0005,38,global,,,,0.32687692608026736,-0.031545210564448894,,,,,,,0,0,3,0,0,0.0,0,3,0,27,,0.13374613003095975,8.990860592396267,,,-0.7183098591549296,16,1.0,1
trial_0005,39,train,,,0.25169231631654376,,,0.03759839861316883,,,0.0,0.0,0.024335359121137795,0,0,3,0,0,0.0,0,3,0,,,,,0.2657756626288942,,,,,
trial_0005,39,eval,,,,,,,0.5789473684210527,1.3620597798573344,,,,,,,,,,,,,,,,,,,,,,
trial_0005,39,global,,,,0.3232235822024307,-0.0272184660132116,,,,,,,0,0,3,0,0,0.0,0,3,0,27,,0.1368421052631579,8.893564334078102,,,-0.7183098591549296,16,1.0,1
trial_0005,40,train,,,0.2518555423680772,,,0.04161997741841254,,,0.0,0.0,0.022285642238096037,0,0,3,0,0,0.0,0,3,0,,,,,0.23259495493126495,,,,,
trial_0005,40,eval,,,,,,,0.5789473684210527,1.3521079436728827,,,,,,,,,,,,,,,,,,,,,,
trial_0005,40,global,,,,0.3215506052169272,-0.024337759559109093,,,,,,,0,0,3,0,0,0.0,0,3,0,27,,0.1411764705882353,8.721235085124201,,,-0.7183098591549296,16,1.0,1
trial_0005,41,train,,,0.25203084057949965,,,0.04086795116358615,,,0.0,0.0,0.021458237214222,0,0,4,1,0,0.0,0,3,0,,,,,0.21787653213485758,,,,,
trial_0005,41,eval,0.3684210526315789,0.3684210526315789,,,,,,,,,,,,,,,,,,,,2.1052631578947367,,,,0.0,,,,
trial_0005,41,global,,,,0.3221715355088042,-0.024958689850986076,,,,,,,0,0,4,0,0,0.0,0,4,0,27,,0.1393188854489164,8.791777692859755,,,-0.7183098591549296,16,1.0,1
trial_0005,42,train,,,0.25220840186514754,,,0.04246325727472913,,,0.0,0.0,0.02029945178606369,0,0,4,0,0,0.0,0,4,0,,,,,0.20693311169969997,,,,,
trial_0005,42,eval,,,,,,,0.5789473684210527,1.4050813834918172,,,,,,,,,,,,,,,,,,,,,,
trial_0005,42,global,,,,0.32695235712511145,-0.029739511467293325,,,,,,,0,0,4,0,0,0.0,0,4,0,27,,0.13374613003095975,8.7873473625065,,,-0.7183098591549296,16,1.0,1
trial_0005,43,train,,,0.25237831029486146,,,0.04276402564124858,,,0.0,0.0,0.020168004102232136,0,0,4,0,0,0.0,0,4,0,,,,,0.1871147884967479,,,,,
trial_0005,43,eval,,,,,,,0.5789473684210527,1.364952736779263,,,,,,,,,,,,,,,,,,,,,,
trial_0005,43,global,,,,0.3224857104892451,-0.025272864831426985,,,,,,,0,0,4,0,0,0.0,0,4,0,27,,0.14055727554179567,8.82234746738115,,,-0.7183098591549296,16,1.0,1
trial_0005,44,train,,,0.25255147890841706,,,0.04776981187627671,,,0.0,0.0,0.01906183709296339,0,0,4,0,0,0.0,0,4,0,,,,,0.17024357111892438,,,,,
trial_0005,44,eval,,,,,,,0.631578947368421,1.386738381887737,,,,,,,,,,,,,,,,,,,,,,
trial_0005,44,global,,,,0.3202681222036285,-0.022381875872409664,,,,,,,0,0,4,0,0,0.0,0,4,0,27,,0.1417956656346749,8.717852721790042,,,-0.7183098591549296,16,1.0,1
trial_0005,45,train,,,0.25271129798381886,,,0.04885163998350184,,,0.0,0.0,0.017724469967652114,0,0,4,0,0,0.0,0,4,0,,,,,0.1645831565137692,,,,,
trial_0005,45,eval,,,,,,,0.5789473684210527,1.3683994788872567,,,,,,,,,,,,,,,,,,,,,,
trial_0005,45,global,,,,0.322408729280369,-0.024522482949150166,,,,,,,0,0,4,0,0,0.0,0,4,0,27,,0.1417956656346749,8.675552268958313,,,-0.7183098591549296,16,1.0,1
trial_0005,46,train,,,0.25291527427257376,,,0.04777466426504419,,,0.0,0.0,0.01625747279774279,0,0,5,1,0,0.0,0,4,0,,,,,0.16007301038114133,,,,,
trial_0005,46,eval,0.5789473684210527,0.5263157894736842,,,,,,,,,,,,,,,,,,,,2.1052631578947367,,,,0.2631578947368421,,,,
trial_0005,46,global,,,,0.32746286569105365,-0.027649131925101055,,,,,,,0,0,5,0,0,0.25,0,5,0,27,,0.13560371517027864,8.795998564445567,,,-0.7183098591549296,16,1.0,1
trial_0005,47,train,,,0.25314193234798754,,,0.05166643889660531,,,0.0,0.0,0.016981237825684926,0,0,5,0,0,0.25,0,5,0,,,,,0.13635127032373812,,,,,
trial_0005,47,eval,,,,,,,0.5789473684210527,1.4121273834454384,,,,,,,,,,,,,,,,,,,,,,
trial_0005,47,global,,,,0.3297939352646407,-0.02998020149868809,,,,,,,0,0,5,0,0,0.25,0,5,0,27,,0.1368421052631579,8.736819987105143,,,-0.7183098591549296,16,1.0,1
trial_0005,48,train,,,0.2533299869045298,,,0.05171010231084011,,,0.0,0.0,0.014945856920701078,0,0,5,0,0,0.25,0,5,0,,,,,0.14163297751074866,,,,,
trial_0005,48,eval,,,,,,,0.5789473684210527,1.4342054661951567,,,,,,,,,,,,,,,,,,,,,,
trial_0005,48,global,,,,0.3335214759540583,-0.03209743622997358,,,,,,,0,0,5,0,0,0.25,0,5,0,27,,0.13436532507739937,8.838083152652894,,,-0.7183098591549296,16,1.0,1
trial_0005,49,train,,,0.25354145562395136,,,0.05316832756742518,,,0.0,0.0,0.015091809246471112,0,0,6,1,0,0.25,0,5,0,,,,,0.1297611054995502,,,,,
trial_0005,49,eval,0.3684210526315789,0.3684210526315789,,,,,,,,,,,,,,,,,,,,2.1052631578947367,,,,0.0,,,,
trial_0005,49,global,,,,0.3323588811331219,-0.03012968842997121,,,,,,,0,0,6,0,0,0.0,0,6,0,27,,0.13498452012383902,8.744624479783948,,,-0.7183098591549296,16,1.0,1
trial_0005,50,train,,,0.2537217232141089,,,0.05383597885040526,,,0.0,0.0,0.014198581559429976,0,0,6,0,0,0.0,0,6,0,,,,,0.12833469963454186,,,,,
trial_0005,50,eval,,,,,,,0.5789473684210527,1.460109514625449,,,,,,,,,,,,,,,,,,,,,,
trial_0005,50,global,,,,0.33351727449844326,-0.030726914567458668,,,,,,,0,0,6,0,0,0.0,0,6,0,27,,0.13436532507739937,8.857087022527452,,,-0.7183098591549296,16,1.0,1
trial_0005,51,train,,,0.25393189109386277,,,0.05839324853521713,,,0.0,0.0,0.013708981792962656,0,0,6,0,0,0.0,0,6,0,,,,,0.11899168634260678,,,,,
trial_0005,51,eval,,,,,,,0.5789473684210527,1.5184989610784931,,,,,,,,,,,,,,,,,,,,,,
trial_0005,51,global,,,,0.33017752709104886,-0.026582014180998263,,,,,,,0,0,6,0,0,0.0,0,6,0,27,,0.13746130030959752,8.680848464729616,,,-0.7183098591549296,16,1.0,1
trial_0005,52,train,,,0.2541062368991527,,,0.05885710963543425,,,0.0,0.0,0.012999003583954232,0,0,6,0,0,0.0,0,6,0,,,,,0.11732769801669207,,,,,
trial_0005,52,eval,,,,,,,0.5789473684210527,1.452872130431627,,,,,,,,,,,,,,,,,,,,,,
trial_0005,52,global,,,,0.33939337149354903,-0.03523669135566456,,,,,,,0,0,6,0,0,0.0,0,6,0,27,,0.13003095975232198,8.805155066144724,,,-0.7183098591549296,16,1.0,1
trial_0005,53,train,,,0.25429582247074617,,,0.061613791800559835,,,0.0,0.0,0.012818853521566007,0,0,7,1,0,0.0,0,6,0,,,,,0.11225911555953301,,,,,
trial_0005,53,eval,0.5789473684210527,0.5789473684210527,,,,,,,,,,,,,,,,,,,,2.1052631578947367,,,,0.0,,,,
trial_0005,53,global,,,,0.33741972961143357,-0.033263049473549085,,,,,,,0,0,7,0,0,0.0,0,7,0,27,,0.1325077399380805,8.77156381282275,,,-0.7183098591549296,16,1.0,1
trial_0005,54,train,,,0.2544833900446587,,,0.0639446808936748,,,0.0,0.0,0.011595921472341637,0,0,8,1,0,0.0,0,7,0,,,,,0.10151565849418698,,,,,
trial_0005,54,eval,0.5263157894736842,0.5263157894736842,,,,,,,,,,,,,,,,,,,,2.1052631578947367,,,,0.0,,,,
trial_0005,54,global,,,,0.334910471890576,-0.030753791752691512,,,,,,,0,0,8,0,0,0.0,0,8,0,27,,0.13374613003095975,8.754211775363414,,,-0.7183098591549296,16,1.0,1
trial_0005,55,train,,,0.2546437953380828,,,0.06485150722747153,,,0.0,0.0,0.01140776389672302,0,0,8,0,0,0.0,0,8,0,,,,,0.11255280668974649,,,,,
trial_0005,55,eval,,,,,,,0.5789473684210527,1.4631230925258836,,,,,,,,,,,,,,,,,,,,,,
trial_0005,55,global,,,,0.33397489425003224,-0.028207908154015728,,,,,,,0,0,8,0,0,0.0,0,8,0,27,,0.1368421052631579,8.531621953060753,,,-0.7183098591549296,16,1.0,1
trial_0005,56,train,,,0.25480415117233357,,,0.06663266014545521,,,0.0,0.0,0.010473804258706764,0,0,8,0,0,0.0,0,8,0,,,,,0.10306096531020471,,,,,
trial_0005,56,eval,,,,,,,0.631578947368421,1.4940303869937597,,,,,,,,,,,,,,,,,,,,,,
trial_0005,56,global,,,,0.33894286608986285,-0.03317587999384634,,,,,,,0,0,8,0,0,0.0,0,8,0,27,,0.1325077399380805,8.699569940714644,,,-0.7183098591549296,16,1.0,1
trial_0005,57,train,,,0.25497461950525324,,,0.0696360097920641,,,0.0,0.0,0.010291901940883613,0,0,9,1,0,0.0,0,8,0,,,,,0.10156103830478837,,,,,
trial_0005,57,eval,0.3684210526315789,0.42105263157894735,,,,,,,,,,,,,,,,,,,,2.1052631578947367,,,,0.0,,,,
trial_0005,57,global,,,,0.33584620918856306,-0.029429450512949384,,,,,,,0,0,9,0,0,0.0,0,9,0,27,,0.13560371517027864,8.546948402806333,,,-0.7183098591549296,16,1.0,1
trial_0005,58,train,,,0.2551381232890677,,,0.0698536938809334,,,0.0,0.0,0.009457833210670171,0,0,9,0,0,0.0,0,9,0,,,,,0.10104248765006797,,,,,
trial_0005,58,eval,,,,,,,0.631578947368421,1.4790718626034884,,,,,,,,,,,,,,,,,,,,,,
trial_0005,58,global,,,,0.3415111882467482,-0.035094429571134504,,,,,,,0,0,9,0,0,0.0,0,9,0,27,,0.1306501547987616,8.72769947347257,,,-0.7183098591549296,16,1.0,1
trial_0005,59,train,,,0.2552982936514185,,,0.07285294095252423,,,0.0,0.0,0.009288361900983914,0,0,9,0,0,0.0,0,9,0,,,,,0.08878102231102693,,,,,
trial_0005,59,eval,,,,,,,0.5789473684210527,1.4996428426943327,,,,,,,,,,,,,,,,,,,,,,
trial_0005,59,global,,,,0.3386162590769935,-0.03139434742231376,,,,,,,0,0,9,0,0,0.0,0,9,0,27,,0.13374613003095975,8.612391922422237,,,-0.7183098591549296,16,1.0,1
trial_0005,60,train,,,0.25546304501117545,,,0.07432054522189688,,,0.0,0.0,0.00835814054676411,0,0,9,0,0,0.0,0,9,0,,,,,0.08404631849299085,,,,,
trial_0005,60,eval,,,,,,,0.5789473684210527,1.5423654615879059,,,,,,,,,,,,,,,,,,,,,,
trial_0005,60,global,,,,0.34923987009288193,-0.04089562398253444,,,,,,,0,0,9,0,0,0.0,0,9,0,27,,0.12507739938080495,8.758036341239055,,,-0.7183098591549296,16,1.0,1
trial_0005,61,train,,,0.25560855009454364,,,0.07437670452797668,,,0.0,0.0,0.008425002958888109,0,0,10,1,0,0.0,0,9,0,,,,,0.0855885856249865,,,,,
trial_0005,61,eval,0.5263157894736842,0.5263157894736842,,,,,,,,,,,,,,,,,,,,2.1052631578947367,,,,0.0,,,,
trial_0005,61,global,,,,0.34489199436927337,-0.03654774825892589,,,,,,,0,0,10,0,0,0.0,0,10,0,27,,0.1281733746130031,8.716309864528409,,,-0.7183098591549296,16,1.0,1
trial_0005,62,train,,,0.2557210053535218,,,0.07641743028417546,,,0.0,0.0,0.007927466748979567,0,0,11,1,0,0.0,0,10,0,,,,,0.0857959077792599,,,,,
trial_0005,62,eval,0.5789473684210527,0.5789473684210527,,,,,,,,,,,,,,,,,,,,2.1052631578947367,,,,0.0,,,,
trial_0005,62,global,,,,0.3460331580203636,-0.03768891191001608,,,,,,,0,0,11,0,0,0.0,0,11,0,27,,0.12693498452012383,8.774188128492042,,,-0.7183098591549296,16,1.0,1
trial_0005,63,train,,,0.2558382965148764,,,0.07774848253168958,,,0.0,0.0,0.008319966606157981,0,0,12,1,0,0.0,0,11,0,,,,,0.0823455178334539,,,,,
trial_0005,63,eval,0.3157894736842105,0.3157894736842105,,,,,,,,,,,,,,,,,,,,2.1052631578947367,,,,0.0,,,,
trial_0005,63,global,,,,0.34305468542499945,-0.03471043931465196,,,,,,,0,0,12,0,0,0.0,0,12,0,27,,0.13126934984520125,8.663077205032018,,,-0.7183098591549296,16,1.0,1
trial_0005,64,train,,,0.2559588221793479,,,0.07910149940784941,,,0.0,0.0,0.007359120620698222,0,0,13,1,0,0.0,0,12,0,,,,,0.0808075286934894,,,,,
trial_0005,64,eval,0.631578947368421,0.631578947368421,,,,,,,,,,,,,,,,,,,,2.1052631578947367,,,,0.0,,,,
trial_0005,64,global,,,,0.34075890052977786,-0.03241465441943038,,,,,,,0,0,13,0,0,0.0,0,13,0,27,,0.13188854489164087,8.650981149584885,,,-0.7183098591549296,16,1.0,1
trial_0005,65,train,,,0.256061538102779,,,0.07786623531199516,,,0.0,0.0,0.0075339480331402895,0,0,14,1,0,0.0,0,13,0,,,,,0.08035655594841326,,,,,
trial_0005,65,eval,0.42105263157894735,0.3684210526315789,,,,,,,,,,,,,,,,,,,,2.1052631578947367,,,,0.15789473684210525,,,,
trial_0005,65,global,,,,0.34307547258882287,-0.03473122647847538,,,,,,,0,0,14,0,0,0.25,0,14,0,27,,0.1306501547987616,8.6470971878099,,,-0.7183098591549296,16,1.0,1
trial_0005,66,train,,,0.256180243289217,,,0.08185747265815735,,,0.0,0.0,0.007219008091859461,0,0,14,0,0,0.25,0,14,0,,,,,0.08071895531381516,,,,,
trial_0005,66,eval,,,,,,,0.631578947368421,1.6244569718837738,,,,,,,,,,,,,,,,,,,,,,
trial_0005,66,global,,,,0.3371030038931908,-0.02875875778284329,,,,,,,0,0,14,0,0,0.25,0,14,0,27,,0.13498452012383902,8.558562944252794,,,-0.7183098591549296,16,1.0,1
trial_0005,67,train,,,0.2562845631482753,,,0.08132678397158358,,,0.0,0.0,0.006881691948721245,0,0,14,0,0,0.25,0,14,0,,,,,0.07587586025110131,,,,,
trial_0005,67,eval,,,,,,,0.631578947368421,1.5780905093017377,,,,,,,,,,,,,,,,,,,,,,
trial_0005,67,global,,,,0.33781598273955665,-0.029471736629209145,,,,,,,0,0,14,0,0,0.25,0,14,0,27,,0.13436532507739937,8.700777298304319,,,-0.7183098591549296,16,1.0,1
trial_0005,68,train,,,0.2564281675409763,,,0.08406655965967381,,,0.0,0.0,0.006903231123578736,0,0,14,0,0,0.25,0,14,0,,,,,0.0765490389194079,,,,,
trial_0005,68,eval,,,,,,,0.6842105263157894,1.579548538515442,,,,,,,,,,,,,,,,,,,,,,
trial_0005,68,global,,,,0.33892778560119335,-0.03058353949084589,,,,,,,0,0,14,0,0,0.25,0,14,0,27,,0.1325077399380805,8.573666110201147,,,-0.7183098591549296,16,1.0,1
trial_0005,69,train,,,0.2565497251901221,,,0.08648240693072055,,,0.0,0.0,0.006254555811198984,0,0,15,1,0,0.25,0,14,0,,,,,0.06918817830461681,,,,,
trial_0005,69,eval,0.5789473684210527,0.5789473684210527,,,,,,,,,,,,,,,,,,,,2.1052631578947367,,,,0.0,,,,
trial_0005,69,global,,,,0.34233932094969927,-0.03399507483935175,,,,,,,0,0,15,0,0,0.0,0,15,0,27,,0.1306501547987616,8.58366169649012,,,-0.7183098591549296,16,1.0,1
trial_0005,70,train,,,0.25666325079633834,,,0.08728573677387642,,,0.0,0.0,0.005801884528494718,0,0,16,1,0,0.0,0,15,0,,,,,0.06825619895792479,,,,,
trial_0005,70,eval,0.5789473684210527,0.5789473684210527,,,,,,,,,,,,,,,,,,,,2.1052631578947367,,,,0.0,,,,
trial_0005,70,global,,,,0.3415629382409175,-0.033218692130569966,,,,,,,0,0,16,0,0,0.0,0,16,0,27,,0.13126934984520125,8.620221334640455,,,-0.7183098591549296,16,1.0,1
trial_0005,71,train,,,0.2567778502372985,,,0.08718946132254093,,,0.0,0.0,0.00569434639953815,0,0,17,1,0,0.0,0,16,0,,,,,0.06710068972096254,,,,,
trial_0005,71,eval,0.42105263157894735,0.3684210526315789,,,,,,,,,,,,,,,,,,,,2.1052631578947367,,,,0.15789473684210525,,,,
trial_0005,71,global,,,,0.3447249858113314,-0.036380739700983926,,,,,,,0,0,17,0,0,0.25,0,17,0,27,,0.1281733746130031,8.70572654322574,,,-0.7183098591549296,16,1.0,1
trial_0005,72,train,,,0.2568602850462528,,,0.08869664466127436,,,0.0,0.0,0.005592347267628747,0,0,18,1,0,0.25,0,17,0,,,,,0.06642345164118385,,,,,
trial_0005,72,eval,0.631578947368421,0.631578947368421,,,,,,,,,,,,,,,,,,,,2.1052631578947367,,,,0.0,,,,
trial_0005,72,global,,,,0.3414507890775514,-0.033106542967203896,,,,,,,0,0,18,0,0,0.0,0,18,0,27,,0.13126934984520125,8.61783156734502,,,-0.7183098591549296,16,1.0,1
trial_0005,73,train,,,0.2569452013741148,,,0.08893580005524006,,,0.0,0.0,0.005422153889431935,0,0,19,1,0,0.0,0,18,0,,,,,0.06581552031147081,,,,,
trial_0005,73,eval,0.3684210526315789,0.3684210526315789,,,,,,,,,,,,,,,,,,,,2.1052631578947367,,,,0.0,,,,
trial_0005,73,global,,,,0.34584182717591455,-0.03749758106556705,,,,,,,0,0,19,0,0,0.0,0,19,0,27,,0.12631578947368421,8.767449863776333,,,-0.7183098591549296,16,1.0,1
trial_0005,74,train,,,0.2570385698308336,,,0.09014493227005005,,,0.0,0.0,0.005631412434957655,0,0,19,0,0,0.0,0,19,0,,,,,0.06503556843699836,,,,,
trial_0005,74,eval,,,,,,,0.631578947368421,1.6945544089141644,,,,,,,,,,,,,,,,,,,,,,
trial_0005,74,global,,,,0.33763987547771135,-0.029295629367363834,,,,,,,0,0,19,0,0,0.0,0,19,0,27,,0.13498452012383902,8.640546159773788,,,-0.7183098591549296,16,1.0,1
trial_0005,75,train,,,0.2571259020490849,,,0.09017774779745873,,,0.0,0.0,0.004907574679174936,0,0,19,0,0,0.0,0,19,0,,,,,0.06424081631253918,,,,,
trial_0005,75,eval,,,,,,,0.631578947368421,1.7521226131602337,,,,,,,,,,,,,,,,,,,,,,
trial_0005,75,global,,,,0.34625755550012016,-0.03791330938977264,,,,,,,0,0,19,0,0,0.0,0,19,0,27,,0.12631578947368421,8.776329574348757,,,-0.7183098591549296,16,1.0,1
trial_0005,76,train,,,0.2572154371028251,,,0.09308003998817281,,,0.0,0.0,0.005277265478427116,0,0,19,0,0,0.0,0,19,0,,,,,0.06152452694925856,,,,,
trial_0005,76,eval,,,,,,,0.631578947368421,1.7520945213342967,,,,,,,,,,,,,,,,,,,,,,
trial_0005,76,global,,,,0.34077325182311496,-0.03242900571276747,,,,,,,0,0,19,0,0,0.0,0,19,0,27,,0.1325077399380805,8.674056749373397,,,-0.7183098591549296,16,1.0,1
trial_0005,77,train,,,0.25731264625458006,,,0.09467037117227595,,,0.0,0.0,0.004790012185564612,0,0,20,1,0,0.0,0,19,0,,,,,0.06407469187192279,,,,,
trial_0005,77,eval,0.5789473684210527,0.5789473684210527,,,,,,,,,,,,,,,,,,,,2.1052631578947367,,,,0.0,,,,
trial_0005,77,global,,,,0.34168533712798416,-0.03334109101763662,,,,,,,0,0,20,0,0,0.0,0,20,0,27,,0.13003095975232198,8.658703176303545,,,-0.7183098591549296,16,1.0,1
trial_0005,78,train,,,0.25737622126619863,,,0.09226035247457788,,,0.0,0.0,0.004431904553332951,0,0,21,1,0,0.0,0,20,0,,,,,0.06171261646012042,,,,,
trial_0005,78,eval,0.5789473684210527,0.5789473684210527,,,,,,,,,,,,,,,,,,,,2.1052631578947367,,,,0.0,,,,
trial_0005,78,global,,,,0.3463479307818571,-0.03800368467150962,,,,,,,0,0,21,0,0,0.0,0,21,0,27,,0.12631578947368421,8.892389284494122,,,-0.7183098591549296,16,1.0,1
trial_0005,79,train,,,0.2574700988987659,,,0.09574846764828296,,,0.0,0.0,0.004845468120332412,0,0,22,1,0,0.0,0,21,0,,,,,0.06211562797223362,,,,,
trial_0005,79,eval,0.42105263157894735,0.3684210526315789,,,,,,,,,,,,,,,,,,,,2.1052631578947367,,,,0.15789473684210525,,,,
trial_0005,79,global,,,,0.33921290095987644,-0.03086865484952893,,,,,,,0,0,22,0,0,0.25,0,22,0,27,,0.13436532507739937,8.680106134089892,,,-0.7183098591549296,16,1.0,1
trial_0005,80,train,,,0.2575467669583381,,,0.09821081795590988,,,0.0,0.0,0.004112756278141689,0,0,23,1,0,0.25,0,22,0,,,,,0.06409891191473667,,,,,
trial_0005,80,eval,0.631578947368421,0.631578947368421,,,,,,,,,,,,,,,,,,,,2.1052631578947367,,,,0.0,,,,
trial_0005,80,global,,,,0.339371817085933,-0.03102757097558548,,,,,,,0,0,23,0,0,0.0,0,23,0,27,,0.13312693498452013,8.717329900404986,,,-0.7183098591549296,16,1.0,1
trial_0005,81,train,,,0.2576076629314017,,,0.09682982779563741,,,0.0,0.0,0.0042322877026658426,0,0,24,1,0,0.0,0,23,0,,,,,0.0613545867639925,,,,,
trial_0005,81,eval,0.42105263157894735,0.42105263157894735,,,,,,,,,,,,,,,,,,,,2.1052631578947367,,,,0.0,,,,
trial_0005,81,global,,,,0.334674525412639,-0.026330279302291478,,,,,,,0,0,24,0,0,0.0,0,24,0,27,,0.1386996904024768,8.64300193668519,,,-0.7183098591549296,16,1.0,1
trial_0005,82,train,,,0.25765933096408844,,,0.09636669970573263,,,0.0,0.0,0.0038570803709939974,0,0,24,0,0,0.0,0,24,0,,,,,0.059539546799424206,,,,,
trial_0005,82,eval,,,,,,,0.6842105263157894,1.8349058337901767,,,,,,,,,,,,,,,,,,,,,,
trial_0005,82,global,,,,0.3447704278649432,-0.03642618175459574,,,,,,,0,0,24,0,0,0.0,0,24,0,27,,0.12879256965944272,8.753948620303127,,,-0.7183098591549296,16,1.0,1
trial_0005,83,train,,,0.257730170767358,,,0.09630182322035444,,,0.0,0.0,0.004155158586651483,0,0,24,0,0,0.0,0,24,0,,,,,0.056062027251512075,,,,,
trial_0005,83,eval,,,,,,,0.6842105263157894,1.8291377429115143,,,,,,,,,,,,,,,,,,,,,,
trial_0005,83,global,,,,0.34032994524373383,-0.03198569913338636,,,,,,,0,0,24,0,0,0.0,0,24,0,27,,0.1325077399380805,8.814950547351188,,,-0.7183098591549296,16,1.0,1
trial_0005,84,train,,,0.2578054346302723,,,0.09949446675625252,,,0.0,0.0,0.003878989198494039,0,0,24,0,0,0.0,0,24,0,,,,,0.05739074262102505,,,,,
trial_0005,84,eval,,,,,,,0.6842105263157894,1.8449030106789186,,,,,,,,,,,,,,,,,,,,,,
trial_0005,84,global,,,,0.3400736849587475,-0.03172943884840005,,,,,,,0,0,24,0,0,0.0,0,24,0,27,,0.13126934984520125,8.739491271972657,,,-0.7183098591549296,16,1.0,1
trial_0005,85,train,,,0.25784924023963035,,,0.09994950319858306,,,0.0,0.0,0.003438219749644285,0,0,25,1,0,0.0,0,24,0,,,,,0.05701129597054064,,,,,
trial_0005,85,eval,0.5789473684210527,0.5789473684210527,,,,,,,,,,,,,,,,,,,,2.1052631578947367,,,,0.0,,,,
trial_0005,85,global,,,,0.3362810761250654,-0.027936830014717966,,,,,,,0,0,25,0,0,0.0,0,25,0,27,,0.13746130030959752,8.788344840885316,,,-0.7183098591549296,16,1.0,1
trial_0005,86,train,,,0.2578950857228421,,,0.100197545391448,,,0.0,0.0,0.0034326755521296368,0,0,26,1,0,0.0,0,25,0,,,,,0.05437810703727068,,,,,
trial_0005,86,eval,0.5789473684210527,0.5789473684210527,,,,,,,,,,,,,,,,,,,,2.1052631578947367,,,,0.0,,,,
trial_0005,86,global,,,,0.34247390585347365,-0.03412965974312612,,,,,,,0,0,26,0,0,0.0,0,26,0,27,,0.12879256965944272,8.818270895281813,,,-0.7183098591549296,16,1.0,1
trial_0005,87,train,,,0.2579515665135485,,,0.09986381708307468,,,0.0,0.0,0.003428531177927111,0,0,27,1,0,0.0,0,26,0,,,,,0.053891823539300894,,,,,
trial_0005,87,eval,0.3684210526315789,0.3684210526315789,,,,,,,,,,,,,,,,,,,,2.1052631578947367,,,,0.0,,,,
trial_0005,87,global,,,,0.3365148462669106,-0.026560294198431044,,,,,,,0,0,27,0,0,0.0,0,27,0,27,,0.13808049535603714,8.794437895027846,,,-0.7183098591549296,16,1.0,1
trial_0005,88,train,,,0.2580180802243821,,,0.1015358896965676,,,0.0,0.0,0.003427602033743244,0,0,28,1,0,0.0,0,27,0,,,,,0.05651697833487328,,,,,
trial_0005,88,eval,0.631578947368421,0.631578947368421,,,,,,,,,,,,,,,,,,,,2.1052631578947367,,,,0.0,,,,
trial_0005,88,global,,,,0.34358202546804706,-0.033627473399567495,,,,,,,0,0,28,0,0,0.0,0,28,0,27,,0.13003095975232198,8.847539411609755,,,-0.7183098591549296,16,1.0,1
trial_0005,89,train,,,0.25807210137235354,,,0.1012346528946085,,,0.0,0.0,0.003258226302026974,0,0,29,1,0,0.0,0,28,0,,,,,0.05416457992511317,,,,,
trial_0005,89,eval,0.47368421052631576,0.42105263157894735,,,,,,,,,,,,,,,,,,,,2.1052631578947367,,,,0.15789473684210525,,,,
trial_0005,89,global,,,,0.33441537530149207,-0.024460823233012536,,,,,,,0,0,29,0,0,0.25,0,29,0,27,,0.1393188854489164,8.770276606415079,,,-0.7183098591549296,16,1.0,1
trial_0005,90,train,,,0.2581224127652797,,,0.10174470632634264,,,0.0,0.0,0.0030050733975974468,0,0,29,0,0,0.25,0,29,0,,,,,0.0539756843701322,,,,,
trial_0005,90,eval,,,,,,,0.631578947368421,2.069268001145438,,,,,,,,,,,,,,,,,,,,,,
trial_0005,90,global,,,,0.34776755249133395,-0.03669066596718657,,,,,,,0,0,29,0,0,0.25,0,29,0,27,,0.12693498452012383,8.986716421026932,,,-0.7183098591549296,16,1.0,1
trial_0006,1,train,,,0.25026713179636606,,,0.002416011363804293,,,0.0,0.0,0.017890783433531336,0,0,0,0,0,,0,0,0,,,,,2.214080212488456,,,,,
trial_0006,1,eval,,,,,,,0.29411764705882354,2.148766040802002,,,,,,,,,,,,,,,,,,,,,,
trial_0006,1,global,,,,,,,,,,,,0,0,0,0,0,,0,0,0,9,,0.12210526315789473,2.2200307539889685,,,,,,
trial_0006,2,train,,,0.25025273048425023,,,0.0035724124246383016,,,0.0,0.0,0.030854889535922796,0,0,0,0,0,,0,0,0,,,,,2.0287019504776485,,,,,
trial_0006,2,eval,,,,,,,0.058823529411764705,2.1998883906532734,,,,,,,,,,,,,,,,,,,,,,
trial_0006,2,global,,,,0.10239651416122003,-0.018445896877269424,,,,,,,0,0,0,0,0,,0,0,0,9,,0.09473684210526316,2.2648682360900074,,,-0.9215686274509803,0,0.9215686274509803,0
trial_0006,3,train,,,0.25029603816285917,,,0.005948951750805106,,,0.0,0.0,0.03853565778913377,0,0,0,0,0,,0,0,0,,,,,1.953861088440891,,,,,
trial_0006,3,eval,,,,,,,0.058823529411764705,2.1355439073899216,,,,,,,,,,,,,,,,,,,,,,
trial_0006,3,global,,,,0.09760348583877994,-0.013652868554829327,,,,,,,0,0,0,0,0,,0,0,0,9,,0.10105263157894737,2.245752258300781,,,-0.7450980392156862,0,0.7450980392156862,0
trial_0006,4,train,,,0.2503928606268726,,,0.008811654075037074,,,0.0,0.0,0.03328687981053998,0,0,0,0,0,,0,0,0,,,,,1.891732645688681,,,,,
trial_0006,4,eval,,,,,,,0.11764705882352941,2.1475796980016373,,,,,,,,,,,,,,,,,,,,,,
trial_0006,4,global,,,,0.08685548293391429,0.008433002830761939,,,,,,,0,0,0,0,0,,0,0,0,9,,0.12421052631578948,2.254009858181602,,,-0.4705882352941176,0,0.4705882352941176,0
trial_0006,5,train,,,0.25049075522000275,,,0.011309117361714567,,,0.0,0.0,0.034446731214470505,0,0,0,0,0,,0,0,0,,,,,1.9346631048600884,,,,,
trial_0006,5,eval,,,,,,,0.1764705882352941,2.0504248983719773,,,,,,,,,,,,,,,,,,,,,,
trial_0006,5,global,,,,0.0970225127087872,0.06965797071516779,,,,,,,0,0,0,0,0,,0,0,0,9,,0.19157894736842104,2.169928271394027,,,-0.11764705882352933,0,0.7555555555555555,1
trial_0006,6,train,,,0.25062180319918864,,,0.014690696721590017,,,0.0,0.0,0.030298841612625728,0,0,0,0,0,,0,0,0,,,,,1.7510958039810887,,,,,
trial_0006,6,eval,,,,,,,0.11764705882352941,2.175975014181698,,,,,,,,,,,,,,,,,,,,,,
trial_0006,6,global,,,,0.15434192793007284,0.012338555493882148,,,,,,,0,0,0,0,0,,0,0,0,9,,0.12842105263157894,2.3701338986346596,,,-0.392156862745098,0,0.5306122448979591,4
trial_0006,7,train,,,0.2507317149186436,,,0.017872339468213577,,,0.0,0.0,0.04518569440498382,0,0,0,0,0,,0,0,0,,,,,1.7186153493350065,,,,,
trial_0006,7,eval,,,,,,,0.4117647058823529,1.909958383616279,,,,,,,,,,,,,,,,,,,,,,
trial_0006,7,global,,,,0.17806826434277415,0.12183344487378295,,,,,,,0,0,0,0,0,,0,0,0,9,,0.25894736842105265,2.0369627942537005,,,-0.6470588235294117,0,0.9555555555555556,1
trial_0006,8,train,,,0.25082262784619874,,,0.020383800132365168,,,0.0,0.0,0.03333668260823323,0,0,0,0,0,,0,0,0,,,,,1.5571679422624,,,,,
trial_0006,8,eval,,,,,,,0.1764705882352941,2.1963825997184303,,,,,,,,,,,,,,,,,,,,,,
trial_0006,8,global,,,,0.22609211369376014,0.07380959552279694,,,,,,,0,0,0,0,0,,0,0,0,9,,0.18947368421052632,2.4024061970961723,,,-0.3137254901960784,0,0.6451612903225806,8
trial_0006,9,train,,,0.25096367771112466,,,0.023721569701086118,,,0.0,0.0,0.05545400366941586,0,0,0,0,0,,0,0,0,,,,,1.5280121983606605,,,,,
trial_0006,9,eval,,,,,,,0.47058823529411764,1.6859319280175602,,,,,,,,,,,,,,,,,,,,,,
trial_0006,9,global,,,,0.1476862668603881,0.17508818513888832,,,,,,,0,0,0,0,0,,0,0,0,9,,0.30526315789473685,1.966599076923571,,,-0.4901960784313725,0,0.6444444444444444,1
trial_0006,10,train,,,0.25099800960927066,,,0.02561730033234705,,,0.0,0.0,0.03801574571223199,0,0,0,0,0,,0,0,0,,,,,1.365610756074326,,,,,
trial_0006,10,eval,,,,,,,0.23529411764705882,1.9226661640055038,,,,,,,,,,,,,,,,,,,,,,
trial_0006,10,global,,,,0.215292319361275,0.13015786959945266,,,,,,,0,0,0,0,0,,0,0,0,9,,0.25263157894736843,2.148712165230199,,,-0.23529411764705876,0,0.5555555555555556,1
trial_0006,11,train,,,0.250948837330175,,,0.010996699593094891,,,0.0,0.0,0.015841746237129018,0,0,0,0,0,,0,0,0,,,,,17.1330589065256,,,,,
trial_0006,11,eval,,,,,,,0.3157894736842105,2.0461161011143734,,,,,,,,,,,,,,,,,,,,,,
trial_0006,11,global,,,,0.4750071969491082,-0.12955700798838052,,,,,,,0,0,0,0,0,,0,0,0,18,,0.10334928229665072,5.401389160795075,,,-0.9215686274509803,0,1.0,1
trial_0006,12,train,,,0.25091532288595686,,,0.012255463835804961,,,0.0,1.0,0.18039495099422545,0,0,0,0,0,,0,0,0,,,,,2.0474306506703988,,,,,
trial_0006,12,eval,,,,,,,0.3157894736842105,1.9891969781172902,,,,,,,,,,,,,,,,,,,,,,
trial_0006,12,global,,,,0.27727928965869597,-0.059480618886399966,,,,,,,0,0,0,0,0,,0,0,0,18,,0.10622009569377991,4.1585017227099845,,,-0.9215686274509803,0,1.0,1
trial_0006,13,train,,,0.250895642957022,,,0.011433952509663826,,,0.0,0.0,0.04831104926591696,0,0,0,0,0,,0,0,0,,,,,1.7820123826810557,,,,,
trial_0006,13,eval,,,,,,,0.42105263157894735,1.8261802698436536,,,,,,,,,,,,,,,,,,,,,,
trial_0006,13,global,,,,0.279691177415332,-0.047779150863013514,,,,,,,0,0,0,0,0,,0,0,0,18,,0.11961722488038277,4.475566497145658,,,-0.9215686274509803,0,1.0,1
trial_0006,14,train,,,0.25086125350275706,,,0.011814486841822777,,,0.0,0.0,0.05188939300214136,0,0,0,0,0,,0,0,0,,,,,1.6083515817804857,,,,,
trial_0006,14,eval,,,,,,,0.3157894736842105,1.8994107622849314,,,,,,,,,,,,,,,,,,,,,,
trial_0006,14,global,,,,0.2764259543788671,-0.0346373846166721,,,,,,,0,0,0,0,0,,0,0,0,18,,0.1339712918660287,4.1628431247181865,,,-0.9215686274509803,0,1.0,1
trial_0006,15,train,,,0.2508394357769988,,,0.01128313855029816,,,0.0,0.0,0.04349539964351544,0,0,0,0,0,,0,0,0,,,,,1.5870427138121552,,,,,
trial_0006,15,eval,,,,,,,0.42105263157894735,1.7877272869411267,,,,,,,,,,,,,,,,,,,,,,
trial_0006,15,global,,,,0.29018227700244553,-0.03503792721780386,,,,,,,0,0,0,0,0,,0,0,0,18,,0.13301435406698564,4.478463690360767,,,-0.9215686274509803,0,1.0,1
trial_0006,16,train,,,0.2508336218983628,,,0.012792077435310497,,,0.0,0.0,0.04725317099933015,0,0,0,0,0,,0,0,0,,,,,1.4514392568159473,,,,,
trial_0006,16,eval,,,,,,,0.42105263157894735,1.8292804579985769,,,,,,,,,,,,,,,,,,,,,,
trial_0006,16,global,,,,0.27800366960842804,-0.013260059244133622,,,,,,,0,0,0,0,0,,0,0,0,18,,0.15598086124401914,4.214649701004394,,,-0.9215686274509803,0,1.0,1
trial_0006,17,train,,,0.2508507762537446,,,0.012516793686636657,,,0.0,0.0,0.04241256790972034,0,0,0,0,0,,0,0,0,,,,,1.4457312711449557,,,,,
trial_0006,17,eval,,,,,,,0.3684210526315789,1.8046599312832479,,,,,,,,,,,,,,,,,,,,,,
trial_0006,17,global,,,,0.3083196946289546,-0.03852557921415511,,,,,,,0,0,0,0,0,,0,0,0,18,,0.12822966507177033,4.549928806615218,,,-0.9215686274509803,0,1.0,1
trial_0006,18,train,,,0.2508581537146901,,,0.014058345105758933,,,0.0,0.0,0.04796024058447328,0,0,0,0,0,,0,0,0,,,,,1.33936704545058,,,,,
trial_0006,18,eval,,,,,,,0.47368421052631576,1.7410763815829629,,,,,,,,,,,,,,,,,,,,,,
trial_0006,18,global,,,,0.29353052055367174,-0.002935806560495878,,,,,,,0,0,0,0,0,,0,0,0,18,,0.1645933014354067,4.305955687436191,,,-0.9215686274509803,0,1.0,1
trial_0006,19,train,,,0.25088748127915134,,,0.014137290591417356,,,0.0,0.0,0.04232558635778206,0,0,0,0,0,,0,0,0,,,,,1.3307757895122203,,,,,
trial_0006,19,eval,,,,,,,0.3157894736842105,1.9497972162146318,,,,,,,,,,,,,,,,,,,,,,
trial_0006,19,global,,,,0.3497390897213682,-0.05830262488644151,,,,,,,0,0,0,0,0,,0,0,0,18,,0.10717703349282297,4.692843174820311,,,-0.9215686274509803,0,1.0,1
trial_0006,20,train,,,0.2509005949940792,,,0.016381328189095785,,,0.0,0.0,0.05163807100508103,0,0,0,0,0,,0,0,0,,,,,1.228495935830035,,,,,
trial_0006,20,eval,,,,,,,0.3684210526315789,1.808918651781584,,,,,,,,,,,,,,,,,,,,,,
trial_0006,20,global,,,,0.31545249273800235,-0.0064234353104830905,,,,,,,0,0,0,0,0,,0,0,0,18,,0.15789473684210525,4.407518833561947,,,-0.9215686274509803,0,1.0,1
trial_0006,21,train,,,0.25085934489331346,,,0.011546985424579458,,,0.0,0.0,0.017565528941439895,0,0,0,0,0,,0,0,0,,,,,17.012453488424317,,,,,
trial_0006,21,eval,,,,,,,0.10526315789473684,2.018952821430407,,,,,,,,,,,,,,,,,,,,,,
trial_0006,21,global,,,,0.46229151414666386,-0.15326245671914457,,,,,,,0,0,0,0,0,,0,0,0,27,,0.04520123839009288,8.94182936015882,,,-0.9215686274509803,0,1.0,1
trial_0006,22,train,,,0.25087929849928997,,,0.015769030502501953,,,0.0,1.0,0.18525685665613795,0,0,0,0,0,,0,0,0,,,,,2.3962933949544922,,,,,
trial_0006,22,eval,,,,,,,0.2631578947368421,2.0822515613154358,,,,,,,,,,,,,,,,,,,,,,
trial_0006,22,global,,,,0.3539252020822584,-0.09802879973959584,,,,,,,0,0,0,0,0,,0,0,0,27,,0.058823529411764705,7.791851122829567,,,-0.9375,24,1.0,1
trial_0006,23,train,,,0.25087704525348986,,,0.016947597978596993,,,0.0,0.0,0.05310822524764437,0,0,0,0,0,,0,0,0,,,,,2.0006559207929784,,,,,
trial_0006,23,eval,,,,,,,0.5263157894736842,1.6849525476756848,,,,,,,,,,,,,,,,,,,,,,
trial_0006,23,global,,,,0.36146436179533115,-0.08010927105905538,,,,,,,0,0,0,0,0,,0,0,0,27,,0.08111455108359134,7.312290952227802,,,-0.9375,24,1.0,1
trial_0006,24,train,,,0.2508850414702233,,,0.01803515407633274,,,0.0,0.0,0.0348394689645539,0,0,0,0,0,,0,0,0,,,,,1.6753180365190437,,,,,
trial_0006,24,eval,,,,,,,0.631578947368421,1.5983311126106663,,,,,,,,,,,,,,,,,,,,,,
trial_0006,24,global,,,,0.3586218411420177,-0.07296282199807598,,,,,,,0,0,0,0,0,,0,0,0,27,,0.08606811145510836,7.07167655307073,,,-0.9375,24,1.0,1
trial_0006,25,train,,,0.25088669454797785,,,0.017916830613258036,,,0.0,0.0,0.03295744141524143,0,0,0,0,0,,0,0,0,,,,,1.6112911088246826,,,,,
trial_0006,25,eval,,,,,,,0.5789473684210527,1.5635625939620166,,,,,,,,,,,,,,,,,,,,,,
trial_0006,25,global,,,,0.35919941676832634,-0.07202299393306781,,,,,,,0,0,0,0,0,,0,0,0,27,,0.08730650154798762,7.283865120241147,,,-0.9375,24,1.0,1
trial_0006,26,train,,,0.250901719991197,,,0.019238525169326903,,,0.0,0.0,0.03192893800900338,0,0,0,0,0,,0,0,0,,,,,1.5897777515945704,,,,,
trial_0006,26,eval,,,,,,,0.631578947368421,1.49223550369865,,,,,,,,,,,,,,,,,,,,,,
trial_0006,26,global,,,,0.3567418820325937,-0.06624115367508396,,,,,,,0,0,0,0,0,,0,0,0,27,,0.09287925696594428,7.122561718731104,,,-0.9375,24,1.0,1
trial_0006,27,train,,,0.2509204656519788,,,0.019363189393535575,,,0.0,0.0,0.03024877692632219,0,0,0,0,0,,0,0,0,,,,,1.4517658179533397,,,,,
trial_0006,27,eval,,,,,,,0.5789473684210527,1.4532640544991744,,,,,,,,,,,,,,,,,,,,,,
trial_0006,27,global,,,,0.3557551903376499,-0.06080957635598115,,,,,,,0,0,0,0,0,,0,0,0,27,,0.09907120743034056,7.302200863014434,,,-0.9375,24,1.0,1
trial_0006,28,train,,,0.2509437063907055,,,0.020265609105216693,,,0.0,0.0,0.03081225693384384,0,0,0,0,0,,0,0,0,,,,,1.448541559648852,,,,,
trial_0006,28,eval,,,,,,,0.5789473684210527,1.4308870591615375,,,,,,,,,,,,,,,,,,,,,,
trial_0006,28,global,,,,0.35824284622813657,-0.06278987557472757,,,,,,,0,0,0,0,0,,0,0,0,27,,0.09721362229102168,7.19560768670711,,,-0.9375,24,1.0,1
trial_0006,29,train,,,0.25097532411839096,,,0.02127727358899218,,,0.0,0.0,0.029370012169981256,0,0,0,0,0,,0,0,0,,,,,1.4251837409134451,,,,,
trial_0006,29,eval,,,,,,,0.5263157894736842,1.4218004440006458,,,,,,,,,,,,,,,,,,,,,,
trial_0006,29,global,,,,0.36642810768635165,-0.07097513703294266,,,,,,,0,0,0,0,0,,0,0,0,27,,0.0891640866873065,7.3562386385796605,,,-0.9375,24,1.0,1
trial_0006,30,train,,,0.2509926630461469,,,0.023151066867595025,,,0.0,0.0,0.03139678589761892,0,0,0,0,0,,0,0,0,,,,,1.3984422163760408,,,,,
trial_0006,30,eval,,,,,,,0.6842105263157894,1.3766947545503314,,,,,,,,,,,,,,,,,,,,,,
trial_0006,30,global,,,,0.3565595704573675,-0.05684302356249234,,,,,,,0,0,0,0,0,,0,0,0,27,,0.10340557275541795,7.164070292375405,,,-0.9215686274509803,0,1.0,1
trial_0006,31,train,,,0.2510147380067947,,,0.02352697766841726,,,0.0,0.0,0.027142725084373293,0,0,0,0,0,,0,0,0,,,,,1.28325850321046,,,,,
trial_0006,31,eval,,,,,,,0.631578947368421,1.3514075530202765,,,,,,,,,,,,,,,,,,,,,,
trial_0006,31,global,,,,0.3616204632862915,-0.06043195567710827,,,,,,,0,0,0,0,0,,0,0,0,27,,0.10092879256965945,7.3064183639668085,,,-0.9375,24,1.0,1
trial_0006,32,train,,,0.2510361284651655,,,0.023968990812910363,,,0.0,0.0,0.03076396086352303,0,0,0,0,0,,0,0,0,,,,,1.3025706549908251,,,,,
trial_0006,32,eval,,,,,,,0.631578947368421,1.31800429444564,,,,,,,,,,,,,,,,,,,,,,
trial_0006,32,global,,,,0.35627015365560505,-0.04935248064410087,,,,,,,0,0,0,0,0,,0,0,0,27,,0.11021671826625387,7.221156932252111,,,-0.9215686274509803,0,1.0,1
trial_0006,33,train,,,0.25105483132473966,,,0.025155347078404527,,,0.0,0.0,0.02802914965580753,0,0,0,0,0,,0,0,0,,,,,1.2243620639151713,,,,,
trial_0006,33,eval,,,,,,,0.5789473684210527,1.3289589505446584,,,,,,,,,,,,,,,,,,,,,,
trial_0006,33,global,,,,0.3621573233101843,-0.04953236432462755,,,,,,,0,0,0,0,0,,0,0,0,27,,0.11145510835913312,7.260666618701475,,,-0.9215686274509803,0,1.0,1
trial_0006,34,train,,,0.25106981269856715,,,0.0261628916288944,,,0.0,0.0,0.029092532063418247,0,0,0,0,0,,0,0,0,,,,,1.1991445633536535,,,,,
trial_0006,34,eval,,,,,,,0.5263157894736842,1.3211847167266042,,,,,,,,,,,,,,,,,,,,,,
trial_0006,34,global,,,,0.36326623772762345,-0.041419506362399564,,,,,,,0,0,0,0,0,,0,0,0,27,,0.1108359133126935,7.025598749213913,,,-0.9215686274509803,0,1.0,1
trial_0006,35,train,,,0.25109009000849214,,,0.02718815714754957,,,0.0,0.0,0.03162234809566686,0,0,1,1,0,,0,0,0,,,,,1.089605834467191,,,,,
trial_0006,35,eval,0.3684210526315789,0.3684210526315789,,,,,,,,,,,,,,,,,,,,2.1052631578947367,,,,0.0,,,,
trial_0006,35,global,,,,0.38051434943799617,-0.05040254442633549,,,,,,,0,0,1,0,0,0.0,0,1,0,27,,0.11393188854489164,7.404962550302039,,,-0.9215686274509803,0,1.0,1
trial_0006,36,train,,,0.2511148474952008,,,0.026104094817283305,,,0.0,0.0,0.03582003879103255,0,0,1,0,0,0.0,0,1,0,,,,,1.1086558811630762,,,,,
trial_0006,36,eval,,,,,,,0.5263157894736842,1.3264520732980023,,,,,,,,,,,,,,,,,,,,,,
trial_0006,36,global,,,,0.3848223031830636,-0.05471049817140293,,,,,,,0,0,1,0,0,0.0,0,1,0,27,,0.09969040247678018,7.428848599649435,,,-0.9215686274509803,0,1.0,1
trial_0006,37,train,,,0.25114450619575823,,,0.028602607389713854,,,0.0,0.0,0.03625631724345557,0,0,1,0,0,0.0,0,1,0,,,,,1.0294844072761267,,,,,
trial_0006,37,eval,,,,,,,0.5263157894736842,1.3742567896842957,,,,,,,,,,,,,,,,,,,,,,
trial_0006,37,global,,,,0.37999264837897495,-0.0498808433673143,,,,,,,0,0,1,0,0,0.0,0,1,0,27,,0.11207430340557276,7.513142132832908,,,-0.9215686274509803,0,1.0,1
trial_0006,38,train,,,0.2511673176542242,,,0.028243636355755178,,,0.0,0.0,0.03281876732139512,0,0,1,0,0,0.0,0,1,0,,,,,1.0685218967867236,,,,,
trial_0006,38,eval,,,,,,,0.631578947368421,1.2347664205651532,,,,,,,,,,,,,,,,,,,,,,
trial_0006,38,global,,,,0.3727515637613926,-0.042639758749731936,,,,,,,0,0,1,0,0,0.0,0,1,0,27,,0.11331269349845201,7.442706348431,,,-0.9215686274509803,0,1.0,1
trial_0006,39,train,,,0.2511922485650854,,,0.03155348370683954,,,0.0,0.0,0.03291420840281756,0,0,1,0,0,0.0,0,1,0,,,,,0.9373543687323307,,,,,
trial_0006,39,eval,,,,,,,0.47368421052631576,1.3791652510040686,,,,,,,,,,,,,,,,,,,,,,
trial_0006,39,global,,,,0.3687219100473082,-0.03456970099524345,,,,,,,0,0,1,0,0,0.0,0,1,0,27,,0.12321981424148606,7.368382747402132,,,-0.9215686274509803,0,1.0,1
trial_0006,40,train,,,0.25122202520674847,,,0.031069789478119385,,,0.0,0.0,0.030723866049517348,0,0,1,0,0,0.0,0,1,0,,,,,0.9301921425136268,,,,,
trial_0006,40,eval,,,,,,,0.5263157894736842,1.2979006516306022,,,,,,,,,,,,,,,,,,,,,,
trial_0006,40,global,,,,0.3789217749882344,-0.044769565936169764,,,,,,,0,0,1,0,0,0.0,0,1,0,27,,0.11021671826625387,7.345075993493615,,,-0.9215686274509803,0,1.0,1
trial_0006,41,train,,,0.25124567239842516,,,0.03397778437492695,,,0.0,0.0,0.035123765405188224,0,0,1,0,0,0.0,0,1,0,,,,,0.8736354969706095,,,,,
trial_0006,41,eval,,,,,,,0.5263157894736842,1.3668073792206612,,,,,,,,,,,,,,,,,,,,,,
trial_0006,41,global,,,,0.36942226582334464,-0.03527005677127993,,,,,,,0,0,1,0,0,0.0,0,1,0,27,,0.12198142414860681,7.4157074943046455,,,-0.9215686274509803,0,1.0,1
trial_0006,42,train,,,0.2512598411833986,,,0.03315742155338855,,,0.0,0.0,0.03168190004541836,0,0,1,0,0,0.0,0,1,0,,,,,0.8854483705251774,,,,,
trial_0006,42,eval,,,,,,,0.5263157894736842,1.2814499704461348,,,,,,,,,,,,,,,,,,,,,,
trial_0006,42,global,,,,0.36450802326690385,-0.02955066123577313,,,,,,,0,0,1,0,0,0.0,0,1,0,27,,0.12507739938080495,7.2963279015508595,,,-0.9215686274509803,0,1.0,1
trial_0006,43,train,,,0.2512789872732568,,,0.035431029948782417,,,0.0,0.0,0.03219779179173898,0,0,2,1,0,0.0,0,1,0,,,,,0.8136997514582694,,,,,
trial_0006,43,eval,0.3157894736842105,0.3684210526315789,,,,,,,,,,,,,,,,,,,,2.1052631578947367,,,,0.0,,,,
trial_0006,43,global,,,,0.3638334586298623,-0.025509093231728237,,,,,,,0,0,2,0,0,0.0,0,2,0,27,,0.13126934984520125,7.52786033795714,,,-0.9215686274509803,0,1.0,1
trial_0006,44,train,,,0.25129532528684495,,,0.03556391469975735,,,0.0,0.0,0.02830861785865211,0,0,2,0,0,0.0,0,2,0,,,,,0.8754830443901374,,,,,
trial_0006,44,eval,,,,,,,0.47368421052631576,1.309665987366124,,,,,,,,,,,,,,,,,,,,,,
trial_0006,44,global,,,,0.37155459278810554,-0.023511889677735955,,,,,,,0,0,2,0,0,0.0,0,2,0,27,,0.1281733746130031,7.030191677790308,,,-0.9215686274509803,0,1.0,1
trial_0006,45,train,,,0.2513222139566502,,,0.03845230093661775,,,0.0,0.0,0.03142637825432293,0,0,2,0,0,0.0,0,2,0,,,,,0.7742069340344017,,,,,
trial_0006,45,eval,,,,,,,0.3684210526315789,1.4205818960541172,,,,,,,,,,,,,,,,,,,,,,
trial_0006,45,global,,,,0.3730714055831263,-0.02098829843235264,,,,,,,0,0,2,0,0,0.0,0,2,0,27,,0.13560371517027864,7.303108999529859,,,-0.9215686274509803,0,1.0,1
trial_0006,46,train,,,0.2513532013969218,,,0.03915287712787059,,,0.0,0.0,0.028975107860652376,0,0,2,0,0,0.0,0,2,0,,,,,0.8251809893136328,,,,,
trial_0006,46,eval,,,,,,,0.5263157894736842,1.2986277530067845,,,,,,,,,,,,,,,,,,,,,,
trial_0006,46,global,,,,0.38010368344588813,-0.021395721081395872,,,,,,,0,0,2,0,0,0.0,0,2,0,27,,0.12941176470588237,7.115269333216428,,,-0.9215686274509803,0,1.0,1
trial_0006,47,train,,,0.25138088173054635,,,0.04174463197271874,,,0.0,0.0,0.030323094234583865,0,0,2,0,0,0.0,0,2,0,,,,,0.6728242700192946,,,,,
trial_0006,47,eval,,,,,,,0.42105263157894735,1.4650386007208573,,,,,,,,,,,,,,,,,,,,,,
trial_0006,47,global,,,,0.38616864334639295,-0.025440478961698595,,,,,,,0,0,2,0,0,0.0,0,2,0,27,,0.12941176470588237,7.2743119278190305,,,-0.9215686274509803,0,1.0,1
trial_0006,48,train,,,0.2514108264065803,,,0.04218884858679264,,,0.0,0.0,0.026689826045185334,0,0,2,0,0,0.0,0,2,0,,,,,0.7540995073868028,,,,,
trial_0006,48,eval,,,,,,,0.47368421052631576,1.2977427777491117,,,,,,,,,,,,,,,,,,,,,,
trial_0006,48,global,,,,0.389623429597976,-0.028895265213281732,,,,,,,0,0,2,0,0,0.0,0,2,0,27,,0.1238390092879257,7.177545395133665,,,-0.9215686274509803,0,1.0,1
trial_0006,49,train,,,0.25143595261776697,,,0.04380268302369625,,,0.0,0.0,0.03117719919995425,0,0,2,0,0,0.0,0,2,0,,,,,0.6283930803233004,,,,,
trial_0006,49,eval,,,,,,,0.42105263157894735,1.504863048854627,,,,,,,,,,,,,,,,,,,,,,
trial_0006,49,global,,,,0.38541783118750056,-0.024689666802806234,,,,,,,0,0,2,0,0,0.0,0,2,0,27,,0.13003095975232198,7.335299368465648,,,-0.9215686274509803,0,1.0,1
trial_0006,50,train,,,0.25146355622626365,,,0.0431396409552148,,,0.0,0.0,0.027742242640716605,0,0,2,0,0,0.0,0,2,0,,,,,0.6922122571907989,,,,,
trial_0006,50,eval,,,,,,,0.47368421052631576,1.3414760326084336,,,,,,,,,,,,,,,,,,,,,,
trial_0006,50,global,,,,0.38520908785137453,-0.02448092346668019,,,,,,,0,0,2,0,0,0.0,0,2,0,27,,0.12693498452012383,7.221174049967952,,,-0.9215686274509803,0,1.0,1
trial_0006,51,train,,,0.2514896589390775,,,0.04448347205811358,,,0.0,0.0,0.030845811577672338,0,0,3,1,0,0.0,0,2,0,,,,,0.599921556440651,,,,,
trial_0006,51,eval,0.3157894736842105,0.3157894736842105,,,,,,,,,,,,,,,,,,,,2.1052631578947367,,,,0.05263157894736842,,,,
trial_0006,51,global,,,,0.3823721260031767,-0.021643961618482383,,,,,,,0,0,3,0,0,0.25,0,3,0,27,,0.13374613003095975,7.619432221403801,,,-0.9215686274509803,0,1.0,1
trial_0006,52,train,,,0.2515118185510027,,,0.0434301384585969,,,0.0,0.0,0.027216899646644265,0,0,3,0,0,0.25,0,3,0,,,,,0.7021732205617511,,,,,
trial_0006,52,eval,,,,,,,0.5789473684210527,1.2336063918314482,,,,,,,,,,,,,,,,,,,,,,
trial_0006,52,global,,,,0.38515533441307603,-0.024427170028381736,,,,,,,0,0,3,0,0,0.25,0,3,0,27,,0.12941176470588237,7.391569710368342,,,-0.9215686274509803,0,1.0,1
trial_0006,53,train,,,0.25153314877063665,,,0.04553581964462361,,,0.0,0.0,0.028570662978838417,0,0,3,0,0,0.25,0,3,0,,,,,0.5966219626208569,,,,,
trial_0006,53,eval,,,,,,,0.47368421052631576,1.3764972247575458,,,,,,,,,,,,,,,,,,,,,,
trial_0006,53,global,,,,0.3793224516971493,-0.01859428731245499,,,,,,,0,0,3,0,0,0.25,0,3,0,27,,0.13560371517027864,7.55605667633907,,,-0.9215686274509803,0,1.0,1
trial_0006,54,train,,,0.2515567141644498,,,0.04355784172707416,,,0.0,0.0,0.02532847510313893,0,0,3,0,0,0.25,0,3,0,,,,,0.6145834779063015,,,,,
trial_0006,54,eval,,,,,,,0.5789473684210527,1.222068400759446,,,,,,,,,,,,,,,,,,,,,,
trial_0006,54,global,,,,0.38459873659507715,-0.023870572210382815,,,,,,,0,0,3,0,0,0.25,0,3,0,27,,0.13003095975232198,7.442473481830798,,,-0.9215686274509803,0,1.0,1
trial_0006,55,train,,,0.2515661963757048,,,0.04735736580605202,,,0.0,0.0,0.028091665829947973,0,0,3,0,0,0.25,0,3,0,,,,,0.5822874614110229,,,,,
trial_0006,55,eval,,,,,,,0.42105263157894735,1.3812264800071719,,,,,,,,,,,,,,,,,,,,,,
trial_0006,55,global,,,,0.37734700061125104,-0.01661883622655669,,,,,,,0,0,3,0,0,0.25,0,3,0,27,,0.1368421052631579,7.443989036252993,,,-0.9215686274509803,0,1.0,1
trial_0006,56,train,,,0.25158897042274475,,,0.044982577257968004,,,0.0,0.0,0.023806501708508652,0,0,3,0,0,0.25,0,3,0,,,,,0.5811847895383835,,,,,
trial_0006,56,eval,,,,,,,0.5789473684210527,1.2110630901236283,,,,,,,,,,,,,,,,,,,,,,
trial_0006,56,global,,,,0.38137294451777065,-0.020644780133076343,,,,,,,0,0,3,0,0,0.25,0,3,0,27,,0.13436532507739937,7.562191713409896,,,-0.9215686274509803,0,1.0,1
trial_0006,57,train,,,0.2516070648710778,,,0.04413366951840989,,,0.0,0.0,0.02571157143659335,0,0,3,0,0,0.25,0,3,0,,,,,0.51793250589506,,,,,
trial_0006,57,eval,,,,,,,0.42105263157894735,1.2922372378801044,,,,,,,,,,,,,,,,,,,,,,
trial_0006,57,global,,,,0.3754808663186399,-0.013405900587144236,,,,,,,0,0,3,0,0,0.25,0,3,0,27,,0.14055727554179567,7.707031266534291,,,-0.9215686274509803,0,1.0,1
trial_0006,58,train,,,0.25162076506208864,,,0.04504886650024577,,,0.0,0.0,0.02341385904570764,0,0,3,0,0,0.25,0,3,0,,,,,0.5586183228602646,,,,,
trial_0006,58,eval,,,,,,,0.5789473684210527,1.2012646386497898,,,,,,,,,,,,,,,,,,,,,,
trial_0006,58,global,,,,0.37393860883384644,-0.01186364310235079,,,,,,,0,0,3,0,0,0.25,0,3,0,27,,0.14241486068111456,7.524554934664038,,,-0.9215686274509803,0,1.0,1
trial_0006,59,train,,,0.25164549940444053,,,0.049291740706626404,,,0.0,0.0,0.02282745919903701,0,0,4,1,0,0.25,0,3,0,,,,,0.5086890038446332,,,,,
trial_0006,59,eval,0.2631578947368421,0.2631578947368421,,,,,,,,,,,,,,,,,,,,2.1052631578947367,,,,0.0,,,,
trial_0006,59,global,,,,0.3738700864649811,-0.009101518039882768,,,,,,,0,0,4,0,0,0.0,0,4,0,27,,0.14551083591331268,7.63364797302813,,,-0.9215686274509803,0,1.0,1
trial_0006,60,train,,,0.25166928070656797,,,0.04777763054725971,,,0.0,0.0,0.02248025138050001,0,0,4,0,0,0.0,0,4,0,,,,,0.5499100810352792,,,,,
trial_0006,60,eval,,,,,,,0.5789473684210527,1.1567802931133069,,,,,,,,,,,,,,,,,,,,,,
trial_0006,60,global,,,,0.3748236182502605,-0.010055049825162159,,,,,,,0,0,4,0,0,0.0,0,4,0,27,,0.14489164086687306,7.634613523689955,,,-0.9215686274509803,0,1.0,1
trial_0006,61,train,,,0.2516845249115153,,,0.04828864114081606,,,0.0,0.0,0.022511573074425157,0,0,4,0,0,0.0,0,4,0,,,,,0.5293302280260317,,,,,
trial_0006,61,eval,,,,,,,0.47368421052631576,1.2590698129252382,,,,,,,,,,,,,,,,,,,,,,
trial_0006,61,global,,,,0.3776070329347351,-0.012838464509636676,,,,,,,0,0,4,0,0,0.0,0,4,0,27,,0.14241486068111456,7.741272742681828,,,-0.9215686274509803,0,1.0,1
trial_0006,62,train,,,0.2517014653124708,,,0.04704975574574572,,,0.0,0.0,0.022445683491891844,0,0,4,0,0,0.0,0,4,0,,,,,0.5116634325038456,,,,,
trial_0006,62,eval,,,,,,,0.5789473684210527,1.1657033844998008,,,,,,,,,,,,,,,,,,,,,,
trial_0006,62,global,,,,0.3785519645789878,-0.013783396153889446,,,,,,,0,0,4,0,0,0.0,0,4,0,27,,0.1417956656346749,7.699143412681556,,,-0.9215686274509803,0,1.0,1
trial_0006,63,train,,,0.25171663310933623,,,0.04673256772629758,,,0.0,0.0,0.021513453178959804,0,0,4,0,0,0.0,0,4,0,,,,,0.49447660755815226,,,,,
trial_0006,63,eval,,,,,,,0.47368421052631576,1.2456370968567696,,,,,,,,,,,,,,,,,,,,,,
trial_0006,63,global,,,,0.37924463527896507,-0.014476066853866706,,,,,,,0,0,4,0,0,0.0,0,4,0,27,,0.1417956656346749,7.699508662268104,,,-0.9215686274509803,0,1.0,1
trial_0006,64,train,,,0.25173035042083014,,,0.04281497382103129,,,0.0,0.0,0.021499945664223523,0,0,4,0,0,0.0,0,4,0,,,,,0.5269947511718629,,,,,
trial_0006,64,eval,,,,,,,0.631578947368421,1.1299474506001723,,,,,,,,,,,,,,,,,,,,,,
trial_0006,64,global,,,,0.38235163226154106,-0.01758306383644269,,,,,,,0,0,4,0,0,0.0,0,4,0,27,,0.13993808049535603,8.018355586285193,,,-0.9215686274509803,0,1.0,1
trial_0006,65,train,,,0.25175067750697433,,,0.04232927776397542,,,0.0,0.0,0.02242089767712466,0,0,4,0,0,0.0,0,4,0,,,,,0.48879868336391785,,,,,
trial_0006,65,eval,,,,,,,0.631578947368421,1.22006209586796,,,,,,,,,,,,,,,,,,,,,,
trial_0006,65,global,,,,0.3930936359728574,-0.028325067547759052,,,,,,,0,0,4,0,0,0.0,0,4,0,27,,0.13126934984520125,8.11012144531628,,,-0.9215686274509803,0,1.0,1
trial_0006,66,train,,,0.25177997192169754,,,0.04242785370096247,,,0.0,0.0,0.024753759789993952,0,0,4,0,0,0.0,0,4,0,,,,,0.542093538012065,,,,,
trial_0006,66,eval,,,,,,,0.5789473684210527,1.1763027875046979,,,,,,,,,,,,,,,,,,,,,,
trial_0006,66,global,,,,0.3932619919309183,-0.028036176134992315,,,,,,,0,0,4,0,0,0.0,0,4,0,27,,0.13126934984520125,8.090599794653548,,,-0.9215686274509803,0,1.0,1
trial_0006,67,train,,,0.25180823371765465,,,0.04360489769184842,,,0.0,0.0,0.024275663273626985,0,0,5,1,0,0.0,0,4,0,,,,,0.5401776054649489,,,,,
trial_0006,67,eval,0.3684210526315789,0.3684210526315789,,,,,,,,,,,,,,,,,,,,2.1052631578947367,,,,0.0,,,,
trial_0006,67,global,,,,0.3895860250422817,-0.02436020924635571,,,,,,,0,0,5,0,0,0.0,0,5,0,27,,0.13498452012383902,7.979478827792424,,,-0.9215686274509803,0,1.0,1
trial_0006,68,train,,,0.251841128189513,,,0.044722476855237434,,,0.0,0.0,0.023635012215805894,0,0,5,0,0,0.0,0,5,0,,,,,0.5144121280164583,,,,,
trial_0006,68,eval,,,,,,,0.5789473684210527,1.1883753804784072,,,,,,,,,,,,,,,,,,,,,,
trial_0006,68,global,,,,0.38786028613870077,-0.022634470342774753,,,,,,,0,0,5,0,0,0.0,0,5,0,27,,0.13560371517027864,7.712186202766725,,,-0.9215686274509803,0,1.0,1
trial_0006,69,train,,,0.25186511493743735,,,0.04549074807065599,,,0.0,0.0,0.021108179476775943,0,0,6,1,0,0.0,0,5,0,,,,,0.46158297492045874,,,,,
trial_0006,69,eval,0.47368421052631576,0.5263157894736842,,,,,,,,,,,,,,,,,,,,2.1052631578947367,,,,0.0,,,,
trial_0006,69,global,,,,0.3904794077823866,-0.025253591986460624,,,,,,,0,0,6,0,0,0.0,0,6,0,27,,0.13312693498452013,7.707841619249468,,,-0.9215686274509803,0,1.0,1
trial_0006,70,train,,,0.2518925273672063,,,0.04627155877174215,,,0.0,0.0,0.021603632535032453,0,0,6,0,0,0.0,0,6,0,,,,,0.4234316395529618,,,,,
trial_0006,70,eval,,,,,,,0.5789473684210527,1.2360215469410543,,,,,,,,,,,,,,,,,,,,,,
trial_0006,70,global,,,,0.3887199933290611,-0.023494177533135104,,,,,,,0,0,6,0,0,0.0,0,6,0,27,,0.13498452012383902,7.5876681088663105,,,-0.9215686274509803,0,1.0,1
trial_0006,71,train,,,0.25191033869347673,,,0.04890704281786654,,,0.0,0.0,0.021202884031895634,0,0,6,0,0,0.0,0,6,0,,,,,0.41190129212031124,,,,,
trial_0006,71,eval,,,,,,,0.5263157894736842,1.2358369984124835,,,,,,,,,,,,,,,,,,,,,,
trial_0006,71,global,,,,0.3815052233826524,-0.01627940758672646,,,,,,,0,0,6,0,0,0.0,0,6,0,27,,0.14055727554179567,7.437371894671083,,,-0.9215686274509803,0,1.0,1
trial_0006,72,train,,,0.2519256808656327,,,0.04745884207969016,,,0.0,0.0,0.02040441491234889,0,0,6,0,0,0.0,0,6,0,,,,,0.4025759364590577,,,,,
trial_0006,72,eval,,,,,,,0.631578947368421,1.2432928822542493,,,,,,,,,,,,,,,,,,,,,,
trial_0006,72,global,,,,0.3844652677360352,-0.019239451940109235,,,,,,,0,0,6,0,0,0.0,0,6,0,27,,0.13993808049535603,7.623616153020238,,,-0.9215686274509803,0,1.0,1
trial_0006,73,train,,,0.25195548572438825,,,0.0472918856651225,,,0.0,0.0,0.02171917430699823,0,0,6,0,0,0.0,0,6,0,,,,,0.46052716735829696,,,,,
trial_0006,73,eval,,,,,,,0.5789473684210527,1.2605263998633935,,,,,,,,,,,,,,,,,,,,,,
trial_0006,73,global,,,,0.3955439763120793,-0.0298609131453257,,,,,,,0,0,6,0,0,0.0,0,6,0,27,,0.12941176470588237,7.781097145198668,,,-0.9215686274509803,0,1.0,1
trial_0006,74,train,,,0.25199090673568403,,,0.04910595302886151,,,0.0,0.0,0.02404714418907075,0,0,6,0,0,0.0,0,6,0,,,,,0.4240949217309343,,,,,
trial_0006,74,eval,,,,,,,0.5263157894736842,1.2826799656215466,,,,,,,,,,,,,,,,,,,,,,
trial_0006,74,global,,,,0.38604294702926273,-0.02035988386250913,,,,,,,0,0,6,0,0,0.0,0,6,0,27,,0.1386996904024768,7.345257556549167,,,-0.9215686274509803,0,1.0,1
trial_0006,75,train,,,0.2520236674141376,,,0.050590240574897596,,,0.0,0.0,0.02017479786139101,0,0,7,1,0,0.0,0,6,0,,,,,0.4032448986214948,,,,,
trial_0006,75,eval,0.3684210526315789,0.3684210526315789,,,,,,,,,,,,,,,,,,,,2.1052631578947367,,,,0.0,,,,
trial_0006,75,global,,,,0.391588467422459,-0.025905404255705446,,,,,,,0,0,7,0,0,0.0,0,7,0,27,,0.13374613003095975,7.504017303750242,,,-0.9215686274509803,0,1.0,1
trial_0006,76,train,,,0.2520518619963463,,,0.0517918328021435,,,0.0,0.0,0.022441699680565128,0,0,7,0,0,0.0,0,7,0,,,,,0.3804470421151912,,,,,
trial_0006,76,eval,,,,,,,0.5789473684210527,1.2550802513172752,,,,,,,,,,,,,,,,,,,,,,
trial_0006,76,global,,,,0.38646158892358207,-0.020778525756828474,,,,,,,0,0,7,0,0,0.0,0,7,0,27,,0.1386996904024768,7.456380923244606,,,-0.9215686274509803,0,1.0,1
trial_0006,77,train,,,0.2520852650099612,,,0.05259259013419455,,,0.0,0.0,0.020745525171514602,0,0,8,1,0,0.0,0,7,0,,,,,0.4117299594143604,,,,,
trial_0006,77,eval,0.5263157894736842,0.5263157894736842,,,,,,,,,,,,,,,,,,,,2.1052631578947367,,,,0.3684210526315789,,,,
trial_0006,77,global,,,,0.38845253981804173,-0.022769476651288142,,,,,,,0,0,8,0,0,0.25,0,8,0,27,,0.13622291021671826,7.366732171593067,,,-0.9215686274509803,0,1.0,1
trial_0006,78,train,,,0.2521132065894756,,,0.053728224749260756,,,0.0,0.0,0.021248667717148416,0,0,8,0,0,0.25,0,8,0,,,,,0.36282392105100847,,,,,
trial_0006,78,eval,,,,,,,0.5789473684210527,1.229928167242753,,,,,,,,,,,,,,,,,,,,,,
trial_0006,78,global,,,,0.3833836624468187,-0.017700599280065087,,,,,,,0,0,8,0,0,0.25,0,8,0,27,,0.13993808049535603,7.240019252056677,,,-0.9215686274509803,0,1.0,1
trial_0006,79,train,,,0.25215068776556787,,,0.054440260250517666,,,0.0,0.0,0.01887681166804891,0,0,8,0,0,0.25,0,8,0,,,,,0.3578571387639283,,,,,
trial_0006,79,eval,,,,,,,0.631578947368421,1.275841170235684,,,,,,,,,,,,,,,,,,,,,,
trial_0006,79,global,,,,0.37947670539586115,-0.013793642229107558,,,,,,,0,0,8,0,0,0.25,0,8,0,27,,0.14241486068111456,7.006110632456493,,,-0.9215686274509803,0,1.0,1
trial_0006,80,train,,,0.2521772029552054,,,0.05787795908907627,,,0.0,0.0,0.0184266701605706,0,0,8,0,0,0.25,0,8,0,,,,,0.34423561209271136,,,,,
trial_0006,80,eval,,,,,,,0.5263157894736842,1.292145837294428,,,,,,,,,,,,,,,,,,,,,,
trial_0006,80,global,,,,0.3726788000591991,-0.006995736892445549,,,,,,,0,0,8,0,0,0.25,0,8,0,27,,0.14860681114551083,6.998637068899054,,,-0.9215686274509803,0,1.0,1
trial_0006,81,train,,,0.25219587474427324,,,0.05861209459761355,,,0.0,0.0,0.017309542571224197,0,0,8,0,0,0.25,0,8,0,,,,,0.36586492941946,,,,,
trial_0006,81,eval,,,,,,,0.631578947368421,1.3032481231187518,,,,,,,,,,,,,,,,,,,,,,
trial_0006,81,global,,,,0.3702998930980023,-0.0046168299312487025,,,,,,,0,0,8,0,0,0.25,0,8,0,27,,0.15046439628482972,6.7582318049097205,,,-0.9215686274509803,0,1.0,1
trial_0006,82,train,,,0.25221736221871477,,,0.05959893287496363,,,0.0,0.0,0.016707630392084734,0,0,8,0,0,0.25,0,8,0,,,,,0.31192147229791534,,,,,
trial_0006,82,eval,,,,,,,0.6842105263157894,1.3150460971029179,,,,,,,,,,,,,,,,,,,,,,
trial_0006,82,global,,,,0.37375601105321105,-0.008072947886457403,,,,,,,0,0,8,0,0,0.25,0,8,0,27,,0.14674922600619195,6.8092929403110185,,,-0.9215686274509803,0,1.0,1
trial_0006,83,train,,,0.25225023671667623,,,0.05941992617667989,,,0.0,0.0,0.01658270466017557,0,0,9,1,0,0.25,0,8,0,,,,,0.3033177777596399,,,,,
trial_0006,83,eval,0.3684210526315789,0.3684210526315789,,,,,,,,,,,,,,,,,,,,2.1052631578947367,,,,0.0,,,,
trial_0006,83,global,,,,0.3725644869911434,-0.006881423824389791,,,,,,,0,0,9,0,0,0.0,0,9,0,27,,0.14736842105263157,6.73412889888043,,,-0.9215686274509803,0,1.0,1
trial_0006,84,train,,,0.25226340617271176,,,0.060544768546489956,,,0.0,0.0,0.01590853418827929,0,0,10,1,0,0.0,0,9,0,,,,,0.2923371949834181,,,,,
trial_0006,84,eval,0.5263157894736842,0.5789473684210527,,,,,,,,,,,,,,,,,,,,2.1052631578947367,,,,0.0,,,,
trial_0006,84,global,,,,0.374727722200592,-0.009044659033838378,,,,,,,0,0,10,0,0,0.0,0,10,0,27,,0.14613003095975233,6.857367477180788,,,-0.9215686274509803,0,1.0,1
trial_0006,85,train,,,0.252277136166045,,,0.05912932373107748,,,0.0,0.0,0.016649959808800054,0,0,11,1,0,0.0,0,10,0,,,,,0.3059559700125498,,,,,
trial_0006,85,eval,0.47368421052631576,0.47368421052631576,,,,,,,,,,,,,,,,,,,,2.1052631578947367,,,,0.0,,,,
trial_0006,85,global,,,,0.3712418720900279,-0.005558808923274306,,,,,,,0,0,11,0,0,0.0,0,11,0,27,,0.14922600619195048,6.702321329500653,,,-0.9215686274509803,0,1.0,1
trial_0006,86,train,,,0.2523009929251164,,,0.06297672777733904,,,0.0,0.0,0.014822483907374454,0,0,11,0,0,0.0,0,11,0,,,,,0.3197361313282175,,,,,
trial_0006,86,eval,,,,,,,0.5789473684210527,1.353710231028105,,,,,,,,,,,,,,,,,,,,,,
trial_0006,86,global,,,,0.3748406993013594,-0.00915763613460583,,,,,,,0,0,11,0,0,0.0,0,11,0,27,,0.14613003095975233,6.782838843850529,,,-0.9215686274509803,0,1.0,1
trial_0006,87,train,,,0.2523298120879113,,,0.059914295977734504,,,0.0,0.0,0.015842921744184967,0,0,11,0,0,0.0,0,11,0,,,,,0.3127837012528527,,,,,
trial_0006,87,eval,,,,,,,0.5789473684210527,1.2600608577853754,,,,,,,,,,,,,,,,,,,,,,
trial_0006,87,global,,,,0.3769047181754381,-0.011221655008684458,,,,,,,0,0,11,0,0,0.0,0,11,0,27,,0.14427244582043344,6.765392370784984,,,-0.9215686274509803,0,1.0,1
trial_0006,88,train,,,0.2523686797060865,,,0.060129307051922404,,,0.0,0.0,0.01478463470678222,0,0,11,0,0,0.0,0,11,0,,,,,0.2632882255823054,,,,,
trial_0006,88,eval,,,,,,,0.5263157894736842,1.3542337103893882,,,,,,,,,,,,,,,,,,,,,,
trial_0006,88,global,,,,0.384359082961992,-0.01867601979523841,,,,,,,0,0,11,0,0,0.0,0,11,0,27,,0.13808049535603714,7.053657805735113,,,-0.9215686274509803,0,1.0,1
trial_0006,89,train,,,0.2524148095795449,,,0.059206608762132365,,,0.0,0.0,0.01811879102470096,0,0,11,0,0,0.0,0,11,0,,,,,0.2824017825595876,,,,,
trial_0006,89,eval,,,,,,,0.5789473684210527,1.2122873789385746,,,,,,,,,,,,,,,,,,,,,,
trial_0006,89,global,,,,0.37933930277482475,-0.013656239608071155,,,,,,,0,0,11,0,0,0.0,0,11,0,27,,0.14427244582043344,7.169424811679144,,,-0.9215686274509803,0,1.0,1
trial_0006,90,train,,,0.25245808762438754,,,0.06118310068516021,,,0.0,0.0,0.019527197610264883,0,0,11,0,0,0.0,0,11,0,,,,,0.3243532758866641,,,,,
trial_0006,90,eval,,,,,,,0.5263157894736842,1.2806069866607062,,,,,,,,,,,,,,,,,,,,,,
trial_0006,90,global,,,,0.3861052231121636,-0.02042215994540997,,,,,,,0,0,11,0,0,0.0,0,11,0,27,,0.13622291021671826,7.034809570784908,,,-0.9215686274509803,0,1.0,1
trial_0007,1,train,,,0.25053285835664485,,,0.005130279619324822,,,0.0,0.0,0.017890783433531336,0,0,0,0,0,,0,0,0,,,,,2.2084791545626485,,,,,
trial_0007,1,eval,,,,,,,0.23529411764705882,2.172623732510735,,,,,,,,,,,,,,,,,,,,,,
trial_0007,1,global,,,,,,,,,,,,0,0,0,0,0,,0,0,0,9,,0.13052631578947368,2.2291703467620048,,,,,,
trial_0007,2,train,,,0.25052021424981613,,,0.00931742555119946,,,0.0,0.0,0.028665756648760057,0,0,0,0,0,,0,0,0,,,,,1.9988405855396125,,,,,
trial_0007,2,eval,,,,,,,0.058823529411764705,2.223784797331866,,,,,,,,,,,,,,,,,,,,,,
trial_0007,2,global,,,,0.09368191721132897,-0.02948438634713145,,,,,,,0,0,0,0,0,,0,0,0,9,,0.09473684210526316,2.3080724033556486,,,-0.8431372549019608,0,0.8431372549019608,0
trial_0007,3,train,,,0.2505595110639741,,,0.014097924709697314,,,0.0,0.0,0.03634256038437539,0,0,0,0,0,,0,0,0,,,,,1.949355826498587,,,,,
trial_0007,3,eval,,,,,,,0.29411764705882354,2.1386081751655133,,,,,,,,,,,,,,,,,,,,,,
trial_0007,3,global,,,,0.1111111111111111,-0.02939546188845909,,,,,,,0,0,0,0,0,,0,0,0,9,,0.10736842105263159,2.230391276761105,,,-0.4222222222222222,1,1.0,1
trial_0007,4,train,,,0.2506045929238766,,,0.01912644288585156,,,0.0,0.0,0.029307281086810785,0,0,0,0,0,,0,0,0,,,,,1.8504469916790347,,,,,
trial_0007,4,eval,,,,,,,0.058823529411764705,2.2031280713922836,,,,,,,,,,,,,,,,,,,,,,
trial_0007,4,global,,,,0.11241830065359476,-0.02163235664636226,,,,,,,0,0,0,0,0,,0,0,0,9,,0.10526315789473684,2.3128639364242556,,,-0.607843137254902,0,0.7450980392156863,0
trial_0007,5,train,,,0.25067281043982204,,,0.022806961655239513,,,0.0,0.0,0.03467361814802206,0,0,0,0,0,,0,0,0,,,,,1.838642629339725,,,,,
trial_0007,5,eval,,,,,,,0.35294117647058826,1.9838168340570785,,,,,,,,,,,,,,,,,,,,,,
trial_0007,5,global,,,,0.14814814814814814,0.071427519020965,,,,,,,0,0,0,0,0,,0,0,0,9,,0.21263157894736842,2.120547175156443,,,-0.4222222222222222,1,1.0,1
trial_0007,6,train,,,0.2506821204589892,,,0.0272415707571597,,,0.0,0.0,0.027725051112378704,0,0,0,0,0,,0,0,0,,,,,1.6000026639503768,,,,,
trial_0007,6,eval,,,,,,,0.058823529411764705,2.188262504689834,,,,,,,,,,,,,,,,,,,,,,
trial_0007,6,global,,,,0.1754614862518239,0.04411418091728926,,,,,,,0,0,0,0,0,,0,0,0,9,,0.1705263157894737,2.3664127021086845,,,-0.4117647058823529,0,0.5490196078431372,0
trial_0007,7,train,,,0.2507267571702788,,,0.030102782753072207,,,0.0,0.0,0.04322691580540017,0,0,0,0,0,,0,0,0,,,,,1.5685404714904252,,,,,
trial_0007,7,eval,,,,,,,0.29411764705882354,1.7880968206069048,,,,,,,,,,,,,,,,,,,,,,
trial_0007,7,global,,,,0.11637247491589228,0.13421831462620637,,,,,,,0,0,0,0,0,,0,0,0,9,,0.2694736842105263,2.047376144308793,,,-0.3137254901960784,0,0.5555555555555556,1
trial_0007,8,train,,,0.25069079255755944,,,0.03244049847126007,,,0.0,0.0,0.03789047169251533,0,0,0,0,0,,0,0,0,,,,,1.336399319202085,,,,,
trial_0007,8,eval,,,,,,,0.23529411764705882,1.923045326681698,,,,,,,,,,,,,,,,,,,,,,
trial_0007,8,global,,,,0.17795708452683887,0.09245668797188329,,,,,,,0,0,0,0,0,,0,0,0,9,,0.2294736842105263,2.1569577616139464,,,-0.5294117647058824,0,0.6666666666666666,0
trial_0007,9,train,,,0.2506768692143356,,,0.033642972854873804,,,0.0,0.0,0.04275461442862886,0,0,1,1,0,,0,0,0,,,,,1.2691946056070207,,,,,
trial_0007,9,eval,0.1764705882352941,0.1764705882352941,,,,,,,,,,,,,,,,,,,,2.8823529411764706,,,,0.0,,,,
trial_0007,9,global,,,,0.1511149345001462,0.14003026124572246,,,,,,,0,0,1,0,0,0.0,0,1,0,9,,0.27789473684210525,2.022084985030325,,,-0.33333333333333337,0,0.5555555555555556,1
trial_0007,10,train,,,0.2506400505198708,,,0.0345638273637506,,,0.0,0.0,0.033448942430034476,0,0,1,0,0,0.0,0,1,0,,,,,1.0940773659869085,,,,,
trial_0007,10,eval,,,,,,,0.2941176470588235,1.7988307405920592,,,,,,,,,,,,,,,,,,,,,,
trial_0007,10,global,,,,0.16372614806802566,0.12741904767784304,,,,,,,0,0,1,0,0,0.0,0,1,0,9,,0.2631578947368421,2.1196698949211523,,,-0.2941176470588235,0,0.5555555555555556,1
trial_0007,11,train,,,0.25074298714482507,,,0.008888825037798215,,,0.0,0.0,0.023104200367057782,0,0,1,0,0,0.0,0,1,0,,,,,13.045825217490973,,,,,
trial_0007,11,eval,,,,,,,0.21052631578947367,2.0257415771484375,,,,,,,,,,,,,,,,,,,,,,
trial_0007,11,global,,,,0.43174069320411124,-0.14059549745824254,,,,,,,0,0,1,0,0,0.0,0,1,0,18,,0.08038277511961722,7.871984656575764,,,-0.8431372549019608,0,1.0,1
trial_0007,12,train,,,0.2506973240957704,,,0.011075397173679152,,,0.0,1.0,0.3789748772458975,0,0,1,0,0,0.0,0,1,0,,,,,2.6672756375268447,,,,,
trial_0007,12,eval,,,,,,,0.21052631578947367,2.734759537797225,,,,,,,,,,,,,,,,,,,,,,
trial_0007,12,global,,,,0.27917817712428367,-0.08450660832139245,,,,,,,0,0,1,0,0,0.0,0,1,0,18,,0.0708133971291866,7.2625001916474705,,,-0.8431372549019608,0,1.0,1
trial_0007,13,train,,,0.25066733152367343,,,0.012982949181351549,,,0.0,0.7325581395348837,0.10258288279522298,0,0,1,0,0,0.0,0,1,0,,,,,1.9548223609148068,,,,,
trial_0007,13,eval,,,,,,,0.2631578947368421,1.9616042689273232,,,,,,,,,,,,,,,,,,,,,,
trial_0007,13,global,,,,0.28676447305173763,-0.05226884512993323,,,,,,,0,0,1,0,0,0.0,0,1,0,18,,0.10239234449760766,6.476456005151192,,,-0.8431372549019608,0,1.0,1
trial_0007,14,train,,,0.25064679633739384,,,0.013706620869248412,,,0.0,0.0,0.06481982526737591,0,0,1,0,0,0.0,0,1,0,,,,,1.6263517762339395,,,,,
trial_0007,14,eval,,,,,,,0.3157894736842105,2.1549327498988102,,,,,,,,,,,,,,,,,,,,,,
trial_0007,14,global,,,,0.30444624644556106,-0.06014669695512926,,,,,,,0,0,1,0,0,0.0,0,1,0,18,,0.09760765550239234,6.757763546391537,,,-0.8431372549019608,0,1.0,1
trial_0007,15,train,,,0.2505988159845042,,,0.014000854346641275,,,0.0,0.0,0.05826875165884579,0,0,1,0,0,0.0,0,1,0,,,,,1.4389813528504483,,,,,
trial_0007,15,eval,,,,,,,0.3157894736842105,1.9691956984369379,,,,,,,,,,,,,,,,,,,,,,
trial_0007,15,global,,,,0.29946516278685614,-0.03158833726816789,,,,,,,0,0,1,0,0,0.0,0,1,0,18,,0.12535885167464114,6.012740815997694,,,-0.8431372549019608,0,1.0,1
trial_0007,16,train,,,0.2505796045758003,,,0.014584268161723778,,,0.0,0.0,0.04578150842598704,0,0,1,0,0,0.0,0,1,0,,,,,1.3063152139963106,,,,,
trial_0007,16,eval,,,,,,,0.3684210526315789,2.0555581105382816,,,,,,,,,,,,,,,,,,,,,,
trial_0007,16,global,,,,0.3115169535162681,-0.04282313453352761,,,,,,,0,0,1,0,0,0.0,0,1,0,18,,0.11578947368421053,6.68877575796757,,,-0.8431372549019608,0,1.0,1
trial_0007,17,train,,,0.2505508287008419,,,0.015529679524344066,,,0.0,0.0,0.052421440907515764,0,0,1,0,0,0.0,0,1,0,,,,,1.1916459132072537,,,,,
trial_0007,17,eval,,,,,,,0.2631578947368421,1.9479419432188334,,,,,,,,,,,,,,,,,,,,,,
trial_0007,17,global,,,,0.2957270777107429,-0.024255480950224582,,,,,,,0,0,1,0,0,0.0,0,1,0,18,,0.13301435406698564,5.939781804061963,,,-0.8431372549019608,0,1.0,1
trial_0007,18,train,,,0.2505462332520374,,,0.015973741491866665,,,0.0,0.0,0.04373541699592457,0,0,1,0,0,0.0,0,1,0,,,,,1.1228276067001874,,,,,
trial_0007,18,eval,,,,,,,0.42105263157894735,2.155238333501314,,,,,,,,,,,,,,,,,,,,,,
trial_0007,18,global,,,,0.31972198241769767,-0.03184999834175937,,,,,,,0,0,1,0,0,0.0,0,1,0,18,,0.12440191387559808,6.598063019474157,,,-0.8431372549019608,0,1.0,1
trial_0007,19,train,,,0.2505591116672338,,,0.017157231652459432,,,0.0,0.0,0.052808018485733944,0,0,2,1,0,0.0,0,1,0,,,,,1.040287809039271,,,,,
trial_0007,19,eval,0.21052631578947367,0.21052631578947367,,,,,,,,,,,,,,,,,,,,1.6842105263157894,,,,0.0,,,,
trial_0007,19,global,,,,0.3066815315746141,-0.01695769564682388,,,,,,,0,0,2,0,0,0.0,0,2,0,18,,0.1397129186602871,6.056490364257228,,,-0.8431372549019608,0,1.0,1
trial_0007,20,train,,,0.2505735959424529,,,0.017914230307174282,,,0.0,0.0,0.04146194810177698,0,0,2,0,0,0.0,0,2,0,,,,,0.946185597430828,,,,,
trial_0007,20,eval,,,,,,,0.42105263157894735,2.08747609038102,,,,,,,,,,,,,,,,,,,,,,
trial_0007,20,global,,,,0.31514570319353113,-0.020489647464240122,,,,,,,0,0,2,0,0,0.0,0,2,0,18,,0.1368421052631579,6.31480384808408,,,-0.8431372549019608,0,1.0,1
trial_0007,21,train,,,0.2505527699881412,,,0.010271099336603855,,,0.0,0.0,0.0260377360824893,0,0,2,0,0,0.0,0,2,0,,,,,12.639983924906304,,,,,
trial_0007,21,eval,,,,,,,0.21052631578947367,2.2369139445455453,,,,,,,,,,,,,,,,,,,,,,
trial_0007,21,global,,,,0.44125542262231526,-0.14659936689302425,,,,,,,0,0,2,0,0,0.0,0,2,0,27,,0.05572755417956656,12.300617610116491,,,-0.8431372549019608,0,1.0,1
trial_0007,22,train,,,0.25055036138980946,,,0.018333675934279217,,,0.0,1.0,0.1516516552881358,0,0,2,0,0,0.0,0,2,0,,,,,2.1562281750618144,,,,,
trial_0007,22,eval,,,,,,,0.10526315789473684,2.120397028170134,,,,,,,,,,,,,,,,,,,,,,
trial_0007,22,global,,,,0.3425817468263419,-0.10273065254890297,,,,,,,0,0,2,0,0,0.0,0,2,0,27,,0.05820433436532508,9.944087051533325,,,-0.8431372549019608,0,1.0,1
trial_0007,23,train,,,0.2505255940746754,,,0.016206317204744258,,,0.0,0.0,0.03673123715722815,0,0,2,0,0,0.0,0,2,0,,,,,1.9018847341233112,,,,,
trial_0007,23,eval,,,,,,,0.42105263157894735,1.7361918938787357,,,,,,,,,,,,,,,,,,,,,,
trial_0007,23,global,,,,0.3370004898528872,-0.09317965703780848,,,,,,,0,0,2,0,0,0.0,0,2,0,27,,0.06501547987616099,10.241063130381676,,,-0.8431372549019608,0,1.0,1
trial_0007,24,train,,,0.2504777876620597,,,0.016671692754359955,,,0.0,0.0,0.0275104945842573,0,0,2,0,0,0.0,0,2,0,,,,,1.6140299502839432,,,,,
trial_0007,24,eval,,,,,,,0.42105263157894735,1.602393859311154,,,,,,,,,,,,,,,,,,,,,,
trial_0007,24,global,,,,0.32472108742309763,-0.06066849715629933,,,,,,,0,0,2,0,0,0.0,0,2,0,27,,0.09969040247678018,9.722814407584837,,,-0.8431372549019608,0,1.0,1
trial_0007,25,train,,,0.25045492721998946,,,0.016809682896796692,,,0.0,0.0,0.025635934854917074,0,0,2,0,0,0.0,0,2,0,,,,,1.5510856052662463,,,,,
trial_0007,25,eval,,,,,,,0.42105263157894735,1.5385026555312304,,,,,,,,,,,,,,,,,,,,,,
trial_0007,25,global,,,,0.32490622255040147,-0.05163498381056871,,,,,,,0,0,2,0,0,0.0,0,2,0,27,,0.10773993808049535,9.582715991702242,,,-0.8431372549019608,0,1.0,1
trial_0007,26,train,,,0.2504646365946912,,,0.01793609654649775,,,0.0,0.0,0.027374180596559612,0,0,2,0,0,0.0,0,2,0,,,,,1.4617693127469813,,,,,
trial_0007,26,eval,,,,,,,0.42105263157894735,1.4622611560319598,,,,,,,,,,,,,,,,,,,,,,
trial_0007,26,global,,,,0.33003363122189583,-0.053104413515442095,,,,,,,0,0,2,0,0,0.0,0,2,0,27,,0.10835913312693499,9.475919823897513,,,-0.8431372549019608,0,1.0,1
trial_0007,27,train,,,0.2504738204656763,,,0.019549211764589267,,,0.0,0.0,0.02706512341156919,0,0,2,0,0,0.0,0,2,0,,,,,1.3444064485265854,,,,,
trial_0007,27,eval,,,,,,,0.47368421052631576,1.402775626433523,,,,,,,,,,,,,,,,,,,,,,
trial_0007,27,global,,,,0.32248136192989235,-0.04116617931115795,,,,,,,0,0,2,0,0,0.0,0,2,0,27,,0.11826625386996904,9.338064565747146,,,-0.8431372549019608,0,1.0,1
trial_0007,28,train,,,0.25049107822966066,,,0.02115775589296158,,,0.0,0.0,0.027083648344937792,0,0,2,0,0,0.0,0,2,0,,,,,1.2668337107972896,,,,,
trial_0007,28,eval,,,,,,,0.47368421052631576,1.3463866459695917,,,,,,,,,,,,,,,,,,,,,,
trial_0007,28,global,,,,0.3259821595975686,-0.04192349275386847,,,,,,,0,0,2,0,0,0.0,0,2,0,27,,0.1195046439628483,9.331282289109362,,,-0.8431372549019608,0,1.0,1
trial_0007,29,train,,,0.25050818840874,,,0.023400797409580107,,,0.0,0.0,0.02704500607512099,0,0,2,0,0,0.0,0,2,0,,,,,1.1583356442603658,,,,,
trial_0007,29,eval,,,,,,,0.5263157894736842,1.2574251952924227,,,,,,,,,,,,,,,,,,,,,,
trial_0007,29,global,,,,0.32113001442356154,-0.02945350246201628,,,,,,,0,0,2,0,0,0.0,0,2,0,27,,0.13003095975232198,9.160476906602227,,,-0.8431372549019608,0,1.0,1
trial_0007,30,train,,,0.25051768536263325,,,0.02485834149287102,,,0.0,0.0,0.025913137641358885,0,0,2,0,0,0.0,0,2,0,,,,,1.0366933344526492,,,,,
trial_0007,30,eval,,,,,,,0.5789473684210527,1.2103418488251536,,,,,,,,,,,,,,,,,,,,,,
trial_0007,30,global,,,,0.3212088345252455,-0.0279555646463627,,,,,,,0,0,2,0,0,0.0,0,2,0,27,,0.1325077399380805,9.070580190180255,,,-0.8431372549019608,0,1.0,1
trial_0007,31,train,,,0.25053433978811224,,,0.026680131541921736,,,0.0,0.0,0.025207501332810585,0,0,2,0,0,0.0,0,2,0,,,,,0.9486658650509854,,,,,
trial_0007,31,eval,,,,,,,0.5263157894736842,1.1480369473758496,,,,,,,,,,,,,,,,,,,,,,
trial_0007,31,global,,,,0.3221665580710996,-0.018287708726057554,,,,,,,0,0,2,0,0,0.0,0,2,0,27,,0.14055727554179567,8.933685075978376,,,-0.8431372549019608,0,1.0,1
trial_0007,32,train,,,0.2505494968054142,,,0.02793374594221724,,,0.0,0.0,0.02417569953076383,0,0,2,0,0,0.0,0,2,0,,,,,0.8858529216431557,,,,,
trial_0007,32,eval,,,,,,,0.6842105263157894,1.1158661026703682,,,,,,,,,,,,,,,,,,,,,,
trial_0007,32,global,,,,0.3233391235920243,-0.018786873573581577,,,,,,,0,0,2,0,0,0.0,0,2,0,27,,0.13993808049535603,8.960288148767807,,,-0.8431372549019608,0,1.0,1
trial_0007,33,train,,,0.25056877922504506,,,0.029109315035190986,,,0.0,0.0,0.02377676084796165,0,0,2,0,0,0.0,0,2,0,,,,,0.8141641718910095,,,,,
trial_0007,33,eval,,,,,,,0.631578947368421,1.074248404879319,,,,,,,,,,,,,,,,,,,,,,
trial_0007,33,global,,,,0.32339546239487965,-0.016149609682834208,,,,,,,0,0,2,0,0,0.0,0,2,0,27,,0.14303405572755418,8.784364944788694,,,-0.8431372549019608,0,1.0,1
trial_0007,34,train,,,0.25060775337067054,,,0.03060711920261383,,,0.0,0.0,0.023703696241879717,0,0,3,1,0,0.0,0,2,0,,,,,0.7332739956835482,,,,,
trial_0007,34,eval,0.47368421052631576,0.5263157894736842,,,,,,,,,,,,,,,,,,,,2.1052631578947367,,,,0.0,,,,
trial_0007,34,global,,,,0.33050661389128394,-0.013914886978291874,,,,,,,0,0,3,0,0,0.0,0,3,0,27,,0.14303405572755418,8.718121049721544,,,-0.8431372549019608,0,1.0,1
trial_0007,35,train,,,0.2506447929017087,,,0.03140689765519284,,,0.0,0.0,0.023959185397054286,0,0,4,1,0,0.0,0,3,0,,,,,0.6800051658077443,,,,,
trial_0007,35,eval,0.3684210526315789,0.42105263157894735,,,,,,,,,,,,,,,,,,,,2.1052631578947367,,,,0.0,,,,
trial_0007,35,global,,,,0.33207647689714437,-0.011451665516285205,,,,,,,0,0,4,0,0,0.0,0,4,0,27,,0.14613003095975233,8.64583774483979,,,-0.8431372549019608,0,1.0,1
trial_0007,36,train,,,0.25068594229982255,,,0.032279501570031996,,,0.0,0.0,0.023781194311982775,0,0,4,0,0,0.0,0,4,0,,,,,0.6209855144328259,,,,,
trial_0007,36,eval,,,,,,,0.631578947368421,1.0339672251751548,,,,,,,,,,,,,,,,,,,,,,
trial_0007,36,global,,,,0.32979615286493824,-0.008399736545807493,,,,,,,0,0,4,0,0,0.0,0,4,0,27,,0.14922600619195048,8.620399134963659,,,-0.8431372549019608,0,1.0,1
trial_0007,37,train,,,0.25071812880800126,,,0.03300064310748526,,,0.0,0.0,0.023400093547682813,0,0,4,0,0,0.0,0,4,0,,,,,0.5831625872469963,,,,,
trial_0007,37,eval,,,,,,,0.631578947368421,1.0327928034882796,,,,,,,,,,,,,,,,,,,,,,
trial_0007,37,global,,,,0.3354588204791643,-0.010834472671232519,,,,,,,0,0,4,0,0,0.0,0,4,0,27,,0.14860681114551083,8.64770728190986,,,-0.8431372549019608,0,1.0,1
trial_0007,38,train,,,0.25076596185247946,,,0.03360853471020435,,,0.0,0.0,0.022850341288412505,0,0,4,0,0,0.0,0,4,0,,,,,0.5371124438782955,,,,,
trial_0007,38,eval,,,,,,,0.631578947368421,0.9909140059822483,,,,,,,,,,,,,,,,,,,,,,
trial_0007,38,global,,,,0.3369615890221994,-0.01233724121426761,,,,,,,0,0,4,0,0,0.0,0,4,0,27,,0.14674922600619195,8.588656840604894,,,-0.8431372549019608,0,1.0,1
trial_0007,39,train,,,0.2508212267718417,,,0.03584475466545592,,,0.0,0.0,0.02383257350091763,0,0,4,0,0,0.0,0,4,0,,,,,0.5266177461502399,,,,,
trial_0007,39,eval,,,,,,,0.631578947368421,1.0110203906109458,,,,,,,,,,,,,,,,,,,,,,
trial_0007,39,global,,,,0.33586481524722583,-0.010567066765893321,,,,,,,0,0,4,0,0,0.0,0,4,0,27,,0.14922600619195048,8.51673654137012,,,-0.8431372549019608,0,1.0,1
trial_0007,40,train,,,0.25087797102775977,,,0.03582808914336752,,,0.0,0.0,0.022710201191775345,0,0,4,0,0,0.0,0,4,0,,,,,0.5011358126680902,,,,,
trial_0007,40,eval,,,,,,,0.5789473684210527,0.9990584003297907,,,,,,,,,,,,,,,,,,,,,,
trial_0007,40,global,,,,0.3395156750823223,-0.014217926600989807,,,,,,,0,0,4,0,0,0.0,0,4,0,27,,0.14427244582043344,8.532909343707672,,,-0.8431372549019608,0,1.0,1
trial_0007,41,train,,,0.25095692498886835,,,0.03775673518155484,,,0.0,0.0,0.024371090754272143,0,0,4,0,0,0.0,0,4,0,,,,,0.4269909649453264,,,,,
trial_0007,41,eval,,,,,,,0.5789473684210527,0.9748273335005107,,,,,,,,,,,,,,,,,,,,,,
trial_0007,41,global,,,,0.3378862410288446,-0.012588492547512195,,,,,,,0,0,4,0,0,0.0,0,4,0,27,,0.14736842105263157,8.456250177153123,,,-0.8431372549019608,0,1.0,1
trial_0007,42,train,,,0.2510249849329603,,,0.03908932002935004,,,0.0,0.0,0.022548838050917105,0,0,5,1,0,0.0,0,4,0,,,,,0.4012056308857938,,,,,
trial_0007,42,eval,0.47368421052631576,0.47368421052631576,,,,,,,,,,,,,,,,,,,,2.1052631578947367,,,,0.15789473684210525,,,,
trial_0007,42,global,,,,0.33982954930602305,-0.01453180082469057,,,,,,,0,0,5,0,0,0.25,0,5,0,27,,0.14489164086687306,8.392986167695131,,,-0.8431372549019608,0,1.0,1
trial_0007,43,train,,,0.25110908455037056,,,0.04087147116661072,,,0.0,0.0,0.022524341116560268,0,0,6,1,0,0.25,0,5,0,,,,,0.37266958409801443,,,,,
trial_0007,43,eval,0.3684210526315789,0.47368421052631576,,,,,,,,,,,,,,,,,,,,2.1052631578947367,,,,0.0,,,,
trial_0007,43,global,,,,0.34128276649784284,-0.015985018016510335,,,,,,,0,0,6,0,0,0.0,0,6,0,27,,0.1436532507739938,8.232678104554168,,,-0.8431372549019608,0,1.0,1
trial_0007,44,train,,,0.2511971050754507,,,0.04152964404288759,,,0.0,0.0,0.02144235630539504,0,0,6,0,0,0.0,0,6,0,,,,,0.3584323427144517,,,,,
trial_0007,44,eval,,,,,,,0.631578947368421,0.9968542189974533,,,,,,,,,,,,,,,,,,,,,,
trial_0007,44,global,,,,0.33990353741864227,-0.014605788937309773,,,,,,,0,0,6,0,0,0.0,0,6,0,27,,0.14427244582043344,8.29338456145012,,,-0.8431372549019608,0,1.0,1
trial_0007,45,train,,,0.2512989228076123,,,0.04337535418094473,,,0.0,0.0,0.021314154820952644,0,0,6,0,0,0.0,0,6,0,,,,,0.33967992301951067,,,,,
trial_0007,45,eval,,,,,,,0.631578947368421,0.9817607151834588,,,,,,,,,,,,,,,,,,,,,,
trial_0007,45,global,,,,0.33731596963691285,-0.012018221155580351,,,,,,,0,0,6,0,0,0.0,0,6,0,27,,0.14736842105263157,8.324109926017076,,,-0.8431372549019608,0,1.0,1
trial_0007,46,train,,,0.25138973841007717,,,0.046338155865669244,,,0.0,0.0,0.02168144190465992,0,0,6,0,0,0.0,0,6,0,,,,,0.3171485474769105,,,,,
trial_0007,46,eval,,,,,,,0.631578947368421,1.0526065104886104,,,,,,,,,,,,,,,,,,,,,,
trial_0007,46,global,,,,0.3402733754395843,-0.014975626958251852,,,,,,,0,0,6,0,0,0.0,0,6,0,27,,0.14303405572755418,8.018020362972106,,,-0.8431372549019608,0,1.0,1
trial_0007,47,train,,,0.25149665455868897,,,0.045904728326391656,,,0.0,0.0,0.021018117156494015,0,0,6,0,0,0.0,0,6,0,,,,,0.28747413269382843,,,,,
trial_0007,47,eval,,,,,,,0.631578947368421,1.049712981048383,,,,,,,,,,,,,,,,,,,,,,
trial_0007,47,global,,,,0.3402409763161992,-0.013464674182400065,,,,,,,0,0,6,0,0,0.0,0,6,0,27,,0.14489164086687306,8.045949800095691,,,-0.8431372549019608,0,1.0,1
trial_0007,48,train,,,0.25158047612677226,,,0.048172986253778985,,,0.0,0.0,0.01998815923096969,0,0,6,0,0,0.0,0,6,0,,,,,0.27837169465232403,,,,,
trial_0007,48,eval,,,,,,,0.6842105263157894,0.9871376156806945,,,,,,,,,,,,,,,,,,,,,,
trial_0007,48,global,,,,0.3386870374867783,-0.01191073535297914,,,,,,,0,0,6,0,0,0.0,0,6,0,27,,0.1479876160990712,8.010553394234956,,,-0.8431372549019608,0,1.0,1
trial_0007,49,train,,,0.25168043692061237,,,0.04911738697518694,,,0.0,0.0,0.018961634611255156,0,0,6,0,0,0.0,0,6,0,,,,,0.259118290245533,,,,,
trial_0007,49,eval,,,,,,,0.631578947368421,1.0057820066025382,,,,,,,,,,,,,,,,,,,,,,
trial_0007,49,global,,,,0.33897743452126905,-0.012201132387469884,,,,,,,0,0,6,0,0,0.0,0,6,0,27,,0.14736842105263157,8.02866620043114,,,-0.8431372549019608,0,1.0,1
trial_0007,50,train,,,0.2517849479583984,,,0.05249272730756313,,,0.0,0.0,0.018767668776947292,0,0,7,1,0,0.0,0,6,0,,,,,0.26584926551960886,,,,,
trial_0007,50,eval,0.47368421052631576,0.5263157894736842,,,,,,,,,,,,,,,,,,,,2.1052631578947367,,,,0.15789473684210525,,,,
trial_0007,50,global,,,,0.3415094468125443,-0.014733144678745112,,,,,,,0,0,7,0,0,0.25,0,7,0,27,,0.14489164086687306,7.777478272996082,,,-0.8431372549019608,0,1.0,1
trial_0007,51,train,,,0.2518858922288773,,,0.052290644417417806,,,0.0,0.0,0.018348375123806618,0,0,8,1,0,0.25,0,7,0,,,,,0.24811634709860414,,,,,
trial_0007,51,eval,0.42105263157894735,0.3684210526315789,,,,,,,,,,,,,,,,,,,,2.1052631578947367,,,,0.21052631578947367,,,,
trial_0007,51,global,,,,0.33723105065071324,-0.00723413660064996,,,,,,,1,1,8,0,0,0.5,1,7,0,27,,0.1523219814241486,6.987029717507377,,,-0.8431372549019608,0,1.0,1
trial_0007,52,train,,,0.2516441177180473,,,0.03265809543193021,,,0.0,0.0,0.018984123003332222,1,1,8,0,0,0.5,1,7,0,,,,,0.24810378247119008,,,,,
trial_0007,52,eval,,,,,,,0.631578947368421,0.926687566857589,,,,,,,,,,,,,,,,,,,,,,
trial_0007,52,global,,,,0.3430445365715848,-0.01304762252152153,,,,,,,1,1,8,0,0,0.5,1,7,0,27,,0.1479876160990712,7.801793087230009,,,-0.8431372549019608,0,1.0,1
trial_0007,53,train,,,0.25164133563954777,,,0.03315707462582183,,,0.0,0.0,0.017015686825145673,1,1,8,0,0,0.5,1,7,0,,,,,0.2710665222178114,,,,,
trial_0007,53,eval,,,,,,,0.631578947368421,0.9107868749844399,,,,,,,,,,,,,,,,,,,,,,
trial_0007,53,global,,,,0.34606985232679294,-0.014701196164246802,,,,,,,1,1,8,0,0,0.5,1,7,0,27,,0.14613003095975233,7.838964397324128,,,-0.8431372549019608,0,1.0,1
trial_0007,54,train,,,0.25170034518901335,,,0.03409192124579815,,,0.0,0.0,0.017135002461579094,1,1,8,0,0,0.5,1,7,0,,,,,0.23432833298723746,,,,,
trial_0007,54,eval,,,,,,,0.631578947368421,0.9310464576670998,,,,,,,,,,,,,,,,,,,,,,
trial_0007,54,global,,,,0.34521680722912107,-0.013848151066574903,,,,,,,1,1,8,0,1,0.5,0,7,0,27,,0.14736842105263157,7.830521390460224,,,-0.8431372549019608,0,1.0,1
trial_0007,55,train,,,0.25177054741281146,,,0.03493921260567421,,,0.0,0.0,0.016305659187491984,1,1,9,1,1,0.5,0,7,0,,,,,0.23626732968903602,,,,,
trial_0007,55,eval,0.5263157894736842,0.5789473684210527,,,,,,,,,,,,,,,,,,,,2.1052631578947367,,,,0.0,,,,
trial_0007,55,global,,,,0.34847792280128886,-0.01710926663874269,,,,,,,1,1,9,0,1,0.0,0,8,0,27,,0.14427244582043344,7.67808408471453,,,-0.8431372549019608,0,1.0,1
trial_0007,56,train,,,0.25184870210099725,,,0.03625083706797438,,,0.0,0.0,0.01562750589974383,1,1,9,0,1,0.0,0,8,0,,,,,0.225518621092147,,,,,
trial_0007,56,eval,,,,,,,0.631578947368421,0.9040396605667315,,,,,,,,,,,,,,,,,,,,,,
trial_0007,56,global,,,,0.349786663066014,-0.018418006903467923,,,,,,,1,1,9,0,1,0.0,0,8,0,27,,0.14241486068111456,7.650569762238777,,,-0.8431372549019608,0,1.0,1
trial_0007,57,train,,,0.25194966380900524,,,0.037837609490181535,,,0.0,0.0,0.01658976201483227,1,1,9,0,1,0.0,0,8,0,,,,,0.204936971404451,,,,,
trial_0007,57,eval,,,,,,,0.6842105263157894,1.004477775410602,,,,,,,,,,,,,,,,,,,,,,
trial_0007,57,global,,,,0.3490911791943429,-0.017722523031796805,,,,,,,1,1,9,0,1,0.0,0,8,0,27,,0.14241486068111456,7.592628906533445,,,-0.8431372549019608,0,1.0,1
trial_0007,58,train,,,0.2520602345466614,,,0.03908944415285232,,,0.0,0.0,0.016384709503580914,1,1,10,1,1,0.0,0,8,0,,,,,0.1946928193594547,,,,,
trial_0007,58,eval,0.47368421052631576,0.5263157894736842,,,,,,,,,,,,,,,,,,,,2.1052631578947367,,,,0.15789473684210525,,,,
trial_0007,58,global,,,,0.34754387658370534,-0.016175220421159167,,,,,,,1,1,10,0,1,0.25,0,9,0,27,,0.14551083591331268,7.623670498874534,,,-0.8431372549019608,0,1.0,1
trial_0007,59,train,,,0.2521532872255812,,,0.039559471401128365,,,0.0,0.0,0.014688491663137609,1,1,10,0,1,0.25,0,9,0,,,,,0.19882674955941262,,,,,
trial_0007,59,eval,,,,,,,0.6842105263157894,0.8999030793967999,,,,,,,,,,,,,,,,,,,,,,
trial_0007,59,global,,,,0.3490915667027752,-0.016808415798573832,,,,,,,1,1,10,0,1,0.25,0,9,0,27,,0.14613003095975233,7.556531756138285,,,-0.8431372549019608,0,1.0,1
trial_0007,60,train,,,0.25226609313741644,,,0.04087044631547116,,,0.0,0.0,0.014696116422357516,1,1,10,0,1,0.25,0,9,0,,,,,0.1853240799872165,,,,,
trial_0007,60,eval,,,,,,,0.7368421052631577,0.9297928151331448,,,,,,,,,,,,,,,,,,,,,,
trial_0007,60,global,,,,0.3464389258390513,-0.012808973588048608,,,,,,,1,1,10,0,1,0.25,0,9,0,27,,0.14736842105263157,7.4789438962198265,,,-0.8431372549019608,0,1.0,1
trial_0007,61,train,,,0.2523850139151228,,,0.04259807299426262,,,0.0,0.0,0.013029393317311648,1,1,10,0,1,0.25,0,9,0,,,,,0.1723354884443131,,,,,
trial_0007,61,eval,,,,,,,0.6842105263157894,0.8978575624917683,,,,,,,,,,,,,,,,,,,,,,
trial_0007,61,global,,,,0.3503335878673693,-0.01670363561636661,,,,,,,1,1,10,0,1,0.25,0,9,0,27,,0.14613003095975233,7.473723708586796,,,-0.8431372549019608,0,1.0,1
trial_0007,62,train,,,0.25251446600924143,,,0.0439869834387556,,,0.0,0.0,0.014065085054484219,1,1,10,0,1,0.25,0,9,0,,,,,0.16185513977357682,,,,,
trial_0007,62,eval,,,,,,,0.7368421052631579,0.913912451580951,,,,,,,,,,,,,,,,,,,,,,
trial_0007,62,global,,,,0.3483349831231997,-0.01470503087219698,,,,,,,1,1,10,0,1,0.25,0,9,0,27,,0.14674922600619195,7.266773412840285,,,-0.8431372549019608,0,1.0,1
trial_0007,63,train,,,0.25262114183699835,,,0.04511634498200518,,,0.0,0.0,0.011884693584424701,1,1,11,1,1,0.25,0,9,0,,,,,0.168659951934155,,,,,
trial_0007,63,eval,0.5789473684210527,0.631578947368421,,,,,,,,,,,,,,,,,,,,2.1052631578947367,,,,0.0,,,,
trial_0007,63,global,,,,0.3479081797978263,-0.013604826873422907,,,,,,,1,1,11,0,1,0.0,0,10,0,27,,0.14736842105263157,7.199617927952817,,,-0.8431372549019608,0,1.0,1
trial_0007,64,train,,,0.25273424418682744,,,0.04609299086509867,,,0.0,0.0,0.012397726020215952,1,1,11,0,1,0.0,0,10,0,,,,,0.16475860159447853,,,,,
trial_0007,64,eval,,,,,,,0.6842105263157894,0.8914983586261147,,,,,,,,,,,,,,,,,,,,,,
trial_0007,64,global,,,,0.34684354832915454,-0.011193394057949772,,,,,,,1,1,11,0,1,0.0,0,10,0,27,,0.15046439628482972,7.3258977600664545,,,-0.8431372549019608,0,1.0,1
trial_0007,65,train,,,0.2528719325014885,,,0.0478869153464094,,,0.0,0.0,0.0114899259718244,1,1,11,0,1,0.0,0,10,0,,,,,0.14141456050441623,,,,,
trial_0007,65,eval,,,,,,,0.7894736842105263,0.9163051043686113,,,,,,,,,,,,,,,,,,,,,,
trial_0007,65,global,,,,0.3449709623994006,-0.005280404087791816,,,,,,,1,1,11,0,1,0.0,0,10,0,27,,0.15417956656346749,7.259376566033614,,,-0.8431372549019608,0,1.0,1
trial_0007,66,train,,,0.2529969976303425,,,0.04791594344250699,,,0.0,0.0,0.010727090848129284,1,1,12,1,1,0.0,0,10,0,,,,,0.15474551199598513,,,,,
trial_0007,66,eval,0.47368421052631576,0.5789473684210527,,,,,,,,,,,,,,,,,,,,2.1052631578947367,,,,0.0,,,,
trial_0007,66,global,,,,0.3500920787792201,-0.010401520467611333,,,,,,,1,1,12,0,1,0.0,0,11,0,27,,0.15108359133126936,7.423301252713514,,,-0.8431372549019608,0,1.0,1
trial_0007,67,train,,,0.2531183466632315,,,0.04859292190125648,,,0.0,0.0,0.011328662714259601,1,1,12,0,1,0.0,0,11,0,,,,,0.1483950413605,,,,,
trial_0007,67,eval,,,,,,,0.7894736842105263,0.8656763081487855,,,,,,,,,,,,,,,,,,,,,,
trial_0007,67,global,,,,0.34887448405829175,-0.009183925746682996,,,,,,,1,1,12,0,1,0.0,0,11,0,27,,0.15170278637770898,7.306362915039062,,,-0.8431372549019608,0,1.0,1
trial_0007,68,train,,,0.25321175158023834,,,0.048318993537983995,,,0.0,0.0,0.010279480435704674,1,1,12,0,1,0.0,0,11,0,,,,,0.15783687246606704,,,,,
trial_0007,68,eval,,,,,,,0.7368421052631577,0.9013708139720715,,,,,,,,,,,,,,,,,,,,,,
trial_0007,68,global,,,,0.34997490661645236,-0.009479195325777614,,,,,,,1,1,12,0,1,0.0,0,11,0,27,,0.15170278637770898,7.4569597533612795,,,-0.8431372549019608,0,1.0,1
trial_0007,69,train,,,0.25332192379109403,,,0.04876807649084862,,,0.0,0.0,0.011560068542739634,1,1,12,0,1,0.0,0,11,0,,,,,0.14832017594512473,,,,,
trial_0007,69,eval,,,,,,,0.7368421052631577,1.0381835103034973,,,,,,,,,,,,,,,,,,,,,,
trial_0007,69,global,,,,0.3551057673262144,-0.01461005603553964,,,,,,,1,1,12,0,1,0.0,0,11,0,27,,0.14427244582043344,7.535693538890166,,,-0.8431372549019608,0,1.0,1
trial_0007,70,train,,,0.2534237446937155,,,0.04874887047929967,,,0.0,0.0,0.01202250247111574,1,1,12,0,1,0.0,0,11,0,,,,,0.14608624301692272,,,,,
trial_0007,70,eval,,,,,,,0.7368421052631579,0.9402482399815006,,,,,,,,,,,,,,,,,,,,,,
trial_0007,70,global,,,,0.35526418618741207,-0.013963321917671249,,,,,,,1,1,12,0,1,0.0,0,11,0,27,,0.14736842105263157,7.427294862823959,,,-0.8431372549019608,0,1.0,1
trial_0007,71,train,,,0.2535133162077437,,,0.050122833949454285,,,0.0,0.0,0.01117808567898774,1,1,13,1,1,0.0,0,11,0,,,,,0.14120467712587498,,,,,
trial_0007,71,eval,0.6842105263157894,0.6842105263157894,,,,,,,,,,,,,,,,,,,,2.1052631578947367,,,,0.0,,,,
trial_0007,71,global,,,,0.35601405358354155,-0.013102883355668705,,,,,,,1,1,13,0,1,0.0,0,12,0,27,,0.14613003095975233,7.5048501714464315,,,-0.8431372549019608,0,1.0,1
trial_0007,72,train,,,0.25359679314684364,,,0.05066888541617292,,,0.0,0.0,0.012373697863423584,1,1,13,0,1,0.0,0,12,0,,,,,0.13580717154322786,,,,,
trial_0007,72,eval,,,,,,,0.6842105263157894,0.997420295680824,,,,,,,,,,,,,,,,,,,,,,
trial_0007,72,global,,,,0.35271753798858996,-0.009349120389889476,,,,,,,1,1,13,0,1,0.0,0,12,0,27,,0.15170278637770898,7.353143702645789,,,-0.8431372549019608,0,1.0,1
trial_0007,73,train,,,0.25370739115045426,,,0.05285229866809033,,,0.0,0.0,0.010874024145007927,1,1,13,0,1,0.0,0,12,0,,,,,0.12818278475327693,,,,,
trial_0007,73,eval,,,,,,,0.7368421052631579,0.9711193740367889,,,,,,,,,,,,,,,,,,,,,,
trial_0007,73,global,,,,0.35991028533135677,-0.016541867732656305,,,,,,,1,1,13,0,1,0.0,0,12,0,27,,0.1417956656346749,7.356822473862592,,,-0.8431372549019608,0,1.0,1
trial_0007,74,train,,,0.2537978522955103,,,0.053903467794682115,,,0.0,0.0,0.010189192605073605,1,1,14,1,1,0.0,0,12,0,,,,,0.13073476351639057,,,,,
trial_0007,74,eval,0.5789473684210527,0.5789473684210527,,,,,,,,,,,,,,,,,,,,2.1052631578947367,,,,0.0,,,,
trial_0007,74,global,,,,0.3567741425692115,-0.01340572497051107,,,,,,,1,1,14,0,1,0.0,0,13,0,27,,0.14736842105263157,7.299702233943408,,,-0.8431372549019608,0,1.0,1
trial_0007,75,train,,,0.2538913789581745,,,0.05494291160969023,,,0.0,0.0,0.009376261390663903,1,1,14,0,1,0.0,0,13,0,,,,,0.12766033997561066,,,,,
trial_0007,75,eval,,,,,,,0.736842105263158,0.9814038990359556,,,,,,,,,,,,,,,,,,,,,,
trial_0007,75,global,,,,0.35624743382013196,-0.012879016221431493,,,,,,,1,1,14,0,1,0.0,0,13,0,27,,0.14551083591331268,7.283899724151328,,,-0.8431372549019608,0,1.0,1
trial_0007,76,train,,,0.25399782682986966,,,0.05602195954069178,,,0.0,0.0,0.008864745169201807,1,1,14,0,1,0.0,0,13,0,,,,,0.12371208303152245,,,,,
trial_0007,76,eval,,,,,,,0.6842105263157894,0.8999825041545064,,,,,,,,,,,,,,,,,,,,,,
trial_0007,76,global,,,,0.35616219663413823,-0.012793779035437757,,,,,,,1,1,14,0,1,0.0,0,13,0,27,,0.14860681114551083,7.1945508726610115,,,-0.8431372549019608,0,1.0,1
trial_0007,77,train,,,0.25411539699168917,,,0.05812040320102205,,,0.0,0.0,0.008470349165331079,1,1,14,0,1,0.0,0,13,0,,,,,0.1122500884564633,,,,,
trial_0007,77,eval,,,,,,,0.7894736842105263,0.9633527790245257,,,,,,,,,,,,,,,,,,,,,,
trial_0007,77,global,,,,0.3587020536225815,-0.015333636023881055,,,,,,,1,1,14,0,1,0.0,0,13,0,27,,0.14241486068111456,7.163538183442579,,,-0.8431372549019608,0,1.0,1
trial_0007,78,train,,,0.2542286550110959,,,0.05877146315067372,,,0.0,0.0,0.008361718544465283,1,1,14,0,1,0.0,0,13,0,,,,,0.11885633398877814,,,,,
trial_0007,78,eval,,,,,,,0.6842105263157894,0.9266353751483716,,,,,,,,,,,,,,,,,,,,,,
trial_0007,78,global,,,,0.36030542136981797,-0.016937003771117506,,,,,,,1,1,14,0,1,0.0,0,13,0,27,,0.1436532507739938,7.154504009518461,,,-0.8431372549019608,0,1.0,1
trial_0007,79,train,,,0.25432782477520877,,,0.0612965352991794,,,0.0,0.0,0.008219502483274134,1,1,15,1,1,0.0,0,13,0,,,,,0.11095583033054432,,,,,
trial_0007,79,eval,0.631578947368421,0.6842105263157894,,,,,,,,,,,,,,,,,,,,2.1052631578947367,,,,0.0,,,,
trial_0007,79,global,,,,0.3591004991466346,-0.01573208154793412,,,,,,,1,1,15,0,1,0.0,0,14,0,27,,0.14303405572755418,7.011355059360941,,,-0.8431372549019608,0,1.0,1
trial_0007,80,train,,,0.25442730682961484,,,0.061653183495744744,,,0.0,0.0,0.0076489437300590515,1,1,15,0,1,0.0,0,14,0,,,,,0.10740316415086705,,,,,
trial_0007,80,eval,,,,,,,0.6842105263157894,0.8931080173504979,,,,,,,,,,,,,,,,,,,,,,
trial_0007,80,global,,,,0.35716942836960963,-0.013801010770909172,,,,,,,1,1,15,0,1,0.0,0,14,0,27,,0.14613003095975233,7.075888078057729,,,-0.8431372549019608,0,1.0,1
trial_0007,81,train,,,0.2545394536028517,,,0.063993013919668,,,0.0,0.0,0.0077110697523358855,1,1,16,1,1,0.0,0,14,0,,,,,0.09941341244476906,,,,,
trial_0007,81,eval,0.5263157894736842,0.5263157894736842,,,,,,,,,,,,,,,,,,,,2.1052631578947367,,,,0.0,,,,
trial_0007,81,global,,,,0.3587137110578713,-0.015345293459170862,,,,,,,1,1,16,0,1,0.0,0,15,0,27,,0.14303405572755418,6.950814599666064,,,-0.8431372549019608,0,1.0,1
trial_0007,82,train,,,0.25462802927544775,,,0.06417291468762337,,,0.0,0.0,0.006849769814165329,1,1,17,1,1,0.0,0,15,0,,,,,0.10003309151593676,,,,,
trial_0007,82,eval,0.5263157894736842,0.5789473684210527,,,,,,,,,,,,,,,,,,,,2.1052631578947367,,,,0.0,,,,
trial_0007,82,global,,,,0.35540838005516173,-0.01203996245646128,,,,,,,1,1,17,0,1,0.0,0,16,0,27,,0.1479876160990712,7.02920208154448,,,-0.8431372549019608,0,1.0,1
trial_0007,83,train,,,0.2547310470266545,,,0.06491222597183065,,,0.0,0.0,0.006528012144058558,1,1,17,0,1,0.0,0,16,0,,,,,0.10125940832051825,,,,,
trial_0007,83,eval,,,,,,,0.7368421052631579,0.8618420942833548,,,,,,,,,,,,,,,,,,,,,,
trial_0007,83,global,,,,0.35870372066585027,-0.0153353030671498,,,,,,,1,1,17,0,1,0.0,0,16,0,27,,0.1436532507739938,7.054063743851133,,,-0.8431372549019608,0,1.0,1
trial_0007,84,train,,,0.25482429342066987,,,0.06517968089022534,,,0.0,0.0,0.006526395614213124,1,1,17,0,1,0.0,0,16,0,,,,,0.09549201490714196,,,,,
trial_0007,84,eval,,,,,,,0.7368421052631577,0.8683311852969621,,,,,,,,,,,,,,,,,,,,,,
trial_0007,84,global,,,,0.35766629354429175,-0.014297875945591251,,,,,,,1,1,17,0,1,0.0,0,16,0,27,,0.14489164086687306,7.085436260589505,,,-0.8431372549019608,0,1.0,1
trial_0007,85,train,,,0.2549152818131954,,,0.06716778303714509,,,0.0,0.0,0.006024646395854554,1,1,17,0,1,0.0,0,16,0,,,,,0.0918507179681291,,,,,
trial_0007,85,eval,,,,,,,0.7368421052631577,0.9068959331826159,,,,,,,,,,,,,,,,,,,,,,
trial_0007,85,global,,,,0.357711978193172,-0.014343560594471514,,,,,,,1,1,17,0,1,0.0,0,16,0,27,,0.14489164086687306,7.017374587870973,,,-0.8431372549019608,0,1.0,1
trial_0007,86,train,,,0.25499813322057113,,,0.06878425593071795,,,0.0,0.0,0.006211463709955074,1,1,17,0,1,0.0,0,16,0,,,,,0.08945192869039291,,,,,
trial_0007,86,eval,,,,,,,0.7368421052631579,0.9046775996685028,,,,,,,,,,,,,,,,,,,,,,
trial_0007,86,global,,,,0.35979138023337576,-0.016422962634675315,,,,,,,1,1,17,0,1,0.0,0,16,0,27,,0.14303405572755418,6.956302338118893,,,-0.8431372549019608,0,1.0,1
trial_0007,87,train,,,0.2550691480332232,,,0.06910064562838128,,,0.0,0.0,0.0056696467224800805,1,1,18,1,1,0.0,0,16,0,,,,,0.08925476353219215,,,,,
trial_0007,87,eval,0.6842105263157894,0.631578947368421,,,,,,,,,,,,,,,,,,,,2.1052631578947367,,,,0.2631578947368421,,,,
trial_0007,87,global,,,,0.3588432758877958,-0.015474858289095329,,,,,,,1,1,18,0,1,0.25,0,17,0,27,,0.1436532507739938,7.070417154979411,,,-0.8431372549019608,0,1.0,1
trial_0007,88,train,,,0.25515911870814384,,,0.0705370027968224,,,0.0,0.0,0.006016931759207164,1,1,18,0,1,0.25,0,17,0,,,,,0.08495266147433442,,,,,
trial_0007,88,eval,,,,,,,0.7368421052631579,0.9075552695675899,,,,,,,,,,,,,,,,,,,,,,
trial_0007,88,global,,,,0.35804428013764233,-0.014675862538941849,,,,,,,1,1,18,0,1,0.25,0,17,0,27,,0.1436532507739938,6.977784301474368,,,-0.8431372549019608,0,1.0,1
trial_0007,89,train,,,0.2552512820730818,,,0.07193968334096543,,,0.0,0.0,0.005417605447168017,1,1,19,1,1,0.25,0,17,0,,,,,0.08514810412963654,,,,,
trial_0007,89,eval,0.47368421052631576,0.47368421052631576,,,,,,,,,,,,,,,,,,,,2.1052631578947367,,,,0.0,,,,
trial_0007,89,global,,,,0.3556465705139604,-0.012278152915259976,,,,,,,1,1,19,0,1,0.0,0,18,0,27,,0.14736842105263157,7.036760047936218,,,-0.8431372549019608,0,1.0,1
trial_0007,90,train,,,0.25532180958605827,,,0.06967979859798512,,,0.0,0.0,0.005228910858785001,1,1,20,1,1,0.0,0,18,0,,,,,0.08331094368341121,,,,,
trial_0007,90,eval,0.5789473684210527,0.6842105263157894,,,,,,,,,,,,,,,,,,,,2.1052631578947367,,,,0.3684210526315789,,,,
trial_0007,90,global,,,,0.356327837661409,-0.012959420062708572,,,,,,,1,1,20,0,1,0.25,0,19,0,27,,0.14427244582043344,7.078453002551761,,,-0.8431372549019608,0,1.0,1
trial_0008,1,train,,,0.2508003304276285,,,0.008780174002293025,,,0.0,0.0,0.017890783433531336,0,0,0,0,0,,0,0,0,,,,,2.205722392144298,,,,,
trial_0008,1,eval,,,,,,,0.1764705882352941,2.183782605563893,,,,,,,,,,,,,,,,,,,,,,
trial_0008,1,global,,,,,,,,,,,,0,0,0,0,0,,0,0,0,9,,0.13263157894736843,2.2348326251381323,,,,,,
trial_0008,2,train,,,0.25077388369584386,,,0.015280756745723231,,,0.0,0.0,0.02801447331292343,0,0,0,0,0,,0,0,0,,,,,1.9936282185275127,,,,,
trial_0008,2,eval,,,,,,,0.058823529411764705,2.2354135934044335,,,,,,,,,,,,,,,,,,,,,,
trial_0008,2,global,,,,0.07189542483660132,-0.03485838779956427,,,,,,,0,0,0,0,0,,0,0,0,9,,0.09473684210526316,2.328304374845404,,,-0.6470588235294118,0,0.6470588235294118,0
trial_0008,3,train,,,0.2508091605916808,,,0.02244617148667951,,,0.0,0.0,0.03592645613641679,0,0,0,0,0,,0,0,0,,,,,1.9253458438902606,,,,,
trial_0008,3,eval,,,,,,,0.3529411764705882,2.156803320435917,,,,,,,,,,,,,,,,,,,,,,
trial_0008,3,global,,,,0.1111111111111111,-0.032590814103419144,,,,,,,0,0,0,0,0,,0,0,0,9,,0.10947368421052632,2.2569963929527685,,,-0.6666666666666666,1,1.0,1
trial_0008,4,train,,,0.25079582461827915,,,0.028900376650728754,,,0.0,0.0,0.02949537875578751,0,0,0,0,0,,0,0,0,,,,,1.7962568109117407,,,,,
trial_0008,4,eval,,,,,,,0.058823529411764705,2.120310615090763,,,,,,,,,,,,,,,,,,,,,,
trial_0008,4,global,,,,0.104720406681191,0.023211052640889088,,,,,,,0,0,0,0,0,,0,0,0,9,,0.15578947368421053,2.252551948145816,,,-0.17777777777777776,1,0.5111111111111111,1
trial_0008,5,train,,,0.2508121298838265,,,0.03324183831109276,,,0.0,0.0,0.03101173791138432,0,0,0,0,0,,0,0,0,,,,,1.702661084762318,,,,,
trial_0008,5,eval,,,,,,,0.058823529411764705,1.9957369215348186,,,,,,,,,,,,,,,,,,,,,,
trial_0008,5,global,,,,0.1215686274509804,0.05127542056249023,,,,,,,0,0,0,0,0,,0,0,0,9,,0.18947368421052632,2.2059982475481537,,,-0.27450980392156865,0,0.6274509803921569,0
trial_0008,6,train,,,0.25078081481064424,,,0.03686947837660584,,,0.0,0.0,0.0337741640974072,0,0,1,1,0,,0,0,0,,,,,1.4585384214549555,,,,,
trial_0008,6,eval,0.11764705882352941,0.11764705882352941,,,,,,,,,,,,,,,,,,,,2.8823529411764706,,,,0.0,,,,
trial_0008,6,global,,,,0.15338579876395003,0.07568535976716453,,,,,,,0,0,1,0,0,0.0,0,1,0,9,,0.2231578947368421,2.076374965717918,,,-0.3921568627450981,0,0.7450980392156863,0
trial_0008,7,train,,,0.2506874448890928,,,0.03940014437406878,,,0.0,0.0,0.03242681552243384,0,0,1,0,0,0.0,0,1,0,,,,,1.295630381723856,,,,,
trial_0008,7,eval,,,,,,,0.1764705882352941,1.8610498344196995,,,,,,,,,,,,,,,,,,,,,,
trial_0008,7,global,,,,0.14931234142402483,0.10787642692404598,,,,,,,0,0,1,0,0,0.0,0,1,0,9,,0.24842105263157896,2.176083035218088,,,-0.29411764705882354,0,0.6470588235294117,0
trial_0008,8,train,,,0.2506360264518593,,,0.0397748982038679,,,0.0,0.0,0.03988967269093176,0,0,1,0,0,0.0,0,1,0,,,,,1.1862197055954613,,,,,
trial_0008,8,eval,,,,,,,0.29411764705882354,1.9396014704423792,,,,,,,,,,,,,,,,,,,,,,
trial_0008,8,global,,,,0.19006828476573365,0.09433136793607863,,,,,,,0,0,1,0,0,0.0,0,1,0,9,,0.2336842105263158,2.188564335672479,,,-0.37254901960784315,0,0.7254901960784313,0
trial_0008,9,train,,,0.25060565901708,,,0.03995122402151928,,,0.0,0.0,0.03751570231552366,0,0,1,0,0,0.0,0,1,0,,,,,1.0272225270327349,,,,,
trial_0008,9,eval,,,,,,,0.35294117647058826,1.8844399171717028,,,,,,,,,,,,,,,,,,,,,,
trial_0008,9,global,,,,0.1801425462504948,0.10425710645131746,,,,,,,0,0,1,0,0,0.0,0,1,0,9,,0.24421052631578946,2.2456873103191977,,,-0.23529411764705888,0,0.5882352941176471,0
trial_0008,10,train,,,0.25055098420456995,,,0.04064779794668849,,,0.0,0.0,0.03592354642062248,0,0,1,0,0,0.0,0,1,0,,,,,0.9274185974063321,,,,,
trial_0008,10,eval,,,,,,,0.5294117647058824,1.665027197669534,,,,,,,,,,,,,,,,,,,,,,
trial_0008,10,global,,,,0.17110538361103103,0.13785710996244882,,,,,,,0,0,1,0,0,0.0,0,1,0,9,,0.28,2.2013083706404033,,,-0.17777777777777776,1,0.5294117647058824,0
trial_0008,11,train,,,0.25060124903224235,,,0.007939227055325064,,,0.0,0.0,0.025188334307871624,0,0,1,0,0,0.0,0,1,0,,,,,10.14570358821324,,,,,
trial_0008,11,eval,,,,,,,0.2631578947368421,1.8552947797273336,,,,,,,,,,,,,,,,,,,,,,
trial_0008,11,global,,,,0.4549319924841552,-0.14596949891067537,,,,,,,0,0,1,0,0,0.0,0,1,0,18,,0.08133971291866028,9.73602028760043,,,-0.6666666666666666,1,1.0,1
trial_0008,12,train,,,0.2505589252294496,,,0.00825130913493245,,,0.0,1.0,0.4054485739143782,0,0,1,0,0,0.0,0,1,0,,,,,2.883912301142746,,,,,
trial_0008,12,eval,,,,,,,0.47368421052631576,1.8222561447243937,,,,,,,,,,,,,,,,,,,,,,
trial_0008,12,global,,,,0.2556205200930021,-0.05742269576615522,,,,,,,0,0,1,0,0,0.0,0,1,0,18,,0.10239234449760766,9.918030113238467,,,-0.6666666666666666,1,1.0,1
trial_0008,13,train,,,0.2505380389995353,,,0.010810466656504675,,,0.0,0.46511627906976744,0.10677417711636356,0,0,1,0,0,0.0,0,1,0,,,,,1.80338114618859,,,,,
trial_0008,13,eval,,,,,,,0.3157894736842105,1.9414453569211456,,,,,,,,,,,,,,,,,,,,,,
trial_0008,13,global,,,,0.27977837406306266,-0.03046646773978082,,,,,,,0,0,1,0,0,0.0,0,1,0,18,,0.13014354066985645,8.53186304831619,,,-0.6666666666666666,1,1.0,1
trial_0008,14,train,,,0.25050447188144503,,,0.010975467257721479,,,0.0,0.0,0.0675965722823559,0,0,1,0,0,0.0,0,1,0,,,,,1.5263965005098388,,,,,
trial_0008,14,eval,,,,,,,0.3157894736842105,1.96000169452868,,,,,,,,,,,,,,,,,,,,,,
trial_0008,14,global,,,,0.28221931977474385,-0.028398819890580913,,,,,,,0,0,1,0,0,0.0,0,1,0,18,,0.1320574162679426,8.481165810178911,,,-0.6666666666666666,1,1.0,1
trial_0008,15,train,,,0.25047722112300785,,,0.011903141473614893,,,0.0,0.0,0.06123137324615274,0,0,1,0,0,0.0,0,1,0,,,,,1.366392925134133,,,,,
trial_0008,15,eval,,,,,,,0.47368421052631576,1.9773267382069637,,,,,,,,,,,,,,,,,,,,,,
trial_0008,15,global,,,,0.2797345081741263,-0.015837755566651818,,,,,,,0,0,1,0,0,0.0,0,1,0,18,,0.1444976076555024,7.677998076443467,,,-0.6666666666666666,1,1.0,1
trial_0008,16,train,,,0.2504571579223455,,,0.012643083236938298,,,0.0,0.0,0.05402312658640536,0,0,1,0,0,0.0,0,1,0,,,,,1.198412170936895,,,,,
trial_0008,16,eval,,,,,,,0.5789473684210527,1.7729413885819283,,,,,,,,,,,,,,,,,,,,,,
trial_0008,16,global,,,,0.2774191470697567,-0.012596468536356228,,,,,,,0,0,1,0,0,0.0,0,1,0,18,,0.14641148325358852,7.571375854163649,,,-0.6666666666666666,1,1.0,1
trial_0008,17,train,,,0.2504589082889779,,,0.013785839427349178,,,0.0,0.0,0.04869486269389475,0,0,1,0,0,0.0,0,1,0,,,,,1.0409539482522248,,,,,
trial_0008,17,eval,,,,,,,0.6842105263157895,1.7253852204272622,,,,,,,,,,,,,,,,,,,,,,
trial_0008,17,global,,,,0.28046498642002393,-0.006012098647650521,,,,,,,0,0,1,0,0,0.0,0,1,0,18,,0.15311004784688995,7.127133683382609,,,-0.6666666666666666,1,1.0,1
trial_0008,18,train,,,0.2504933521498081,,,0.015926558870908825,,,0.0,0.0,0.045795877490106024,0,0,1,0,0,0.0,0,1,0,,,,,0.9176496217813206,,,,,
trial_0008,18,eval,,,,,,,0.631578947368421,1.7272630145675258,,,,,,,,,,,,,,,,,,,,,,
trial_0008,18,global,,,,0.27784318399614105,0.00047859614277730996,,,,,,,0,0,1,0,0,0.0,0,1,0,18,,0.15885167464114833,6.88700350163656,,,-0.6666666666666666,1,1.0,1
trial_0008,19,train,,,0.250523837326571,,,0.017600870236407877,,,0.0,0.0,0.044248583811053704,0,0,1,0,0,0.0,0,1,0,,,,,0.8213702916504934,,,,,
trial_0008,19,eval,,,,,,,0.6842105263157894,1.6759666863240692,,,,,,,,,,,,,,,,,,,,,,
trial_0008,19,global,,,,0.27743840280796667,0.004689961693091582,,,,,,,0,0,1,0,0,0.0,0,1,0,18,,0.16267942583732056,6.495046679026773,,,-0.6666666666666666,1,1.0,1
trial_0008,20,train,,,0.2505690670290659,,,0.018454575434673666,,,0.0,0.0,0.04337758957949836,0,0,1,0,0,0.0,0,1,0,,,,,0.7130606829427009,,,,,
trial_0008,20,eval,,,,,,,0.736842105263158,1.74975554880343,,,,,,,,,,,,,,,,,,,,,,
trial_0008,20,global,,,,0.27786822033020797,0.00734656392393666,,,,,,,0,0,1,0,0,0.0,0,1,0,18,,0.16555023923444975,6.460673597782993,,,-0.6666666666666666,1,1.0,1
trial_0008,21,train,,,0.25060055278083115,,,0.009464771506634165,,,0.0,0.0,0.03846317445463013,0,0,1,0,0,0.0,0,1,0,,,,,12.11108985425491,,,,,
trial_0008,21,eval,,,,,,,0.05263157894736842,2.664157528626291,,,,,,,,,,,,,,,,,,,,,,
trial_0008,21,global,,,,0.4312329455535358,-0.14601816129939116,,,,,,,0,0,1,0,0,0.0,0,1,0,27,,0.04643962848297214,12.8437169715716,,,-0.7746478873239436,16,1.0,1
trial_0008,22,train,,,0.2507042589973896,,,0.02016702872958589,,,0.0,1.0,0.13326534299140283,0,0,1,0,0,0.0,0,1,0,,,,,2.0427230538568235,,,,,
trial_0008,22,eval,,,,,,,0.3157894736842105,1.872537562721654,,,,,,,,,,,,,,,,,,,,,,
trial_0008,22,global,,,,0.3200534555063128,-0.0809648427318446,,,,,,,0,0,1,0,0,0.0,0,1,0,27,,0.06625386996904024,9.660074067484853,,,-0.7746478873239436,16,1.0,1
trial_0008,23,train,,,0.2506581785831046,,,0.019671818201846263,,,0.0,0.0,0.04512466774817478,0,0,1,0,0,0.0,0,1,0,,,,,1.6125939836255683,,,,,
trial_0008,23,eval,,,,,,,0.47368421052631576,1.5290860314118235,,,,,,,,,,,,,,,,,,,,,,
trial_0008,23,global,,,,0.3286405219040065,-0.04631471260286807,,,,,,,0,0,1,0,0,0.0,0,1,0,27,,0.09473684210526316,9.941605157527393,,,-0.7746478873239436,16,1.0,1
trial_0008,24,train,,,0.25063273849639484,,,0.02048963704641829,,,0.0,0.0,0.030147745258155022,0,0,1,0,0,0.0,0,1,0,,,,,1.3566034200706019,,,,,
trial_0008,24,eval,,,,,,,0.5789473684210527,1.4332335685428816,,,,,,,,,,,,,,,,,,,,,,
trial_0008,24,global,,,,0.3295528536919329,-0.03940811434964227,,,,,,,0,0,1,0,0,0.0,0,1,0,27,,0.10464396284829722,9.556560738389337,,,-0.7746478873239436,16,1.0,1
trial_0008,25,train,,,0.25062222319080474,,,0.020772310489035665,,,0.0,0.0,0.030296225330614032,0,0,1,0,0,0.0,0,1,0,,,,,1.2173239628594696,,,,,
trial_0008,25,eval,,,,,,,0.631578947368421,1.3162269153093036,,,,,,,,,,,,,,,,,,,,,,
trial_0008,25,global,,,,0.33176868780671487,-0.037445276319540206,,,,,,,0,0,1,0,0,0.0,0,1,0,27,,0.1065015479876161,9.503087416374278,,,-0.7746478873239436,16,1.0,1
trial_0008,26,train,,,0.25065698664873204,,,0.021177091180010044,,,0.0,0.0,0.02861354310224031,0,0,1,0,0,0.0,0,1,0,,,,,1.1267518233564486,,,,,
trial_0008,26,eval,,,,,,,0.631578947368421,1.274949174178274,,,,,,,,,,,,,,,,,,,,,,
trial_0008,26,global,,,,0.3354065108583755,-0.04016860462954562,,,,,,,0,0,1,0,0,0.0,0,1,0,27,,0.10340557275541795,9.378098672683763,,,-0.7746478873239436,16,1.0,1
trial_0008,27,train,,,0.2507047337737489,,,0.021848988739099906,,,0.0,0.0,0.028575048583777664,0,0,1,0,0,0.0,0,1,0,,,,,1.0248149191354907,,,,,
trial_0008,27,eval,,,,,,,0.631578947368421,1.243593288095374,,,,,,,,,,,,,,,,,,,,,,
trial_0008,27,global,,,,0.3339907150676646,-0.03875280883883473,,,,,,,0,0,1,0,0,0.0,0,1,0,27,,0.10464396284829722,9.417374167427559,,,-0.7746478873239436,16,1.0,1
trial_0008,28,train,,,0.25076112341373524,,,0.023740852925371616,,,0.0,0.0,0.028844223266586345,0,0,1,0,0,0.0,0,1,0,,,,,0.9405350454128985,,,,,
trial_0008,28,eval,,,,,,,0.631578947368421,1.2117189514009574,,,,,,,,,,,,,,,,,,,,,,
trial_0008,28,global,,,,0.33268193257476153,-0.03407702297892831,,,,,,,0,0,1,0,0,0.0,0,1,0,27,,0.10773993808049535,9.35588182856793,,,-0.7746478873239436,16,1.0,1
trial_0008,29,train,,,0.25083844966076785,,,0.025625286267158834,,,0.0,0.0,0.029352775497480908,0,0,1,0,0,0.0,0,1,0,,,,,0.8619274542324449,,,,,
trial_0008,29,eval,,,,,,,0.631578947368421,1.1925490435801054,,,,,,,,,,,,,,,,,,,,,,
trial_0008,29,global,,,,0.3348888243040704,-0.035369419966581966,,,,,,,0,0,1,0,0,0.0,0,1,0,27,,0.10773993808049535,9.352713032772666,,,-0.7746478873239436,16,1.0,1
trial_0008,30,train,,,0.25091588877617044,,,0.027828586862442342,,,0.0,0.0,0.029850797184762808,0,0,1,0,0,0.0,0,1,0,,,,,0.7988669778981832,,,,,
trial_0008,30,eval,,,,,,,0.631578947368421,1.1904839841943036,,,,,,,,,,,,,,,,,,,,,,
trial_0008,30,global,,,,0.3356409592784239,-0.032081150900531444,,,,,,,0,0,1,0,0,0.0,0,1,0,27,,0.10959752321981424,9.212977630804197,,,-0.7746478873239436,16,1.0,1
trial_0008,31,train,,,0.25100720182378244,,,0.03087293816373703,,,0.0,0.0,0.029631615315187487,0,0,2,1,0,0.0,0,1,0,,,,,0.7287192520399586,,,,,
trial_0008,31,eval,0.42105263157894735,0.42105263157894735,,,,,,,,,,,,,,,,,,,,2.1052631578947367,,,,0.0,,,,
trial_0008,31,global,,,,0.3325677907974458,-0.02900798241955327,,,,,,,0,0,2,0,0,0.0,0,2,0,27,,0.11331269349845201,9.2093998167906,,,-0.7746478873239436,16,1.0,1
trial_0008,32,train,,,0.2510941336129574,,,0.03427652618352403,,,0.0,0.0,0.029667421610669258,0,0,2,0,0,0.0,0,2,0,,,,,0.6503863734133699,,,,,
trial_0008,32,eval,,,,,,,0.5263157894736842,1.2027370459155031,,,,,,,,,,,,,,,,,,,,,,
trial_0008,32,global,,,,0.33772033415422226,-0.029446721062525032,,,,,,,0,0,2,0,0,0.0,0,2,0,27,,0.11269349845201239,9.157816045424518,,,-0.7746478873239436,16,1.0,1
trial_0008,33,train,,,0.25120452426849527,,,0.036725657734465095,,,0.0,0.0,0.030117303901847376,0,0,2,0,0,0.0,0,2,0,,,,,0.6090724536622548,,,,,
trial_0008,33,eval,,,,,,,0.5263157894736842,1.192363491183833,,,,,,,,,,,,,,,,,,,,,,
trial_0008,33,global,,,,0.33489794508680565,-0.026624331995108427,,,,,,,0,0,2,0,0,0.0,0,2,0,27,,0.11640866873065016,9.140981326974213,,,-0.7746478873239436,16,1.0,1
trial_0008,34,train,,,0.2513119248633689,,,0.039720891320959045,,,0.0,0.0,0.029327406962104938,0,0,2,0,0,0.0,0,2,0,,,,,0.524444126294739,,,,,
trial_0008,34,eval,,,,,,,0.47368421052631576,1.196372621937802,,,,,,,,,,,,,,,,,,,,,,
trial_0008,34,global,,,,0.331926493182849,-0.02232970683815398,,,,,,,0,0,2,0,0,0.0,0,2,0,27,,0.12012383900928793,8.980203950958725,,,-0.7746478873239436,16,1.0,1
trial_0008,35,train,,,0.2514308678342941,,,0.042062546027467604,,,0.0,0.0,0.028326566883937476,0,0,2,0,0,0.0,0,2,0,,,,,0.49777196293362735,,,,,
trial_0008,35,eval,,,,,,,0.47368421052631576,1.2034890337994224,,,,,,,,,,,,,,,,,,,,,,
trial_0008,35,global,,,,0.335891070721497,-0.025644511797204776,,,,,,,0,0,2,0,0,0.0,0,2,0,27,,0.11826625386996904,8.931739736267657,,,-0.7746478873239436,16,1.0,1
trial_0008,36,train,,,0.2515441727765063,,,0.04529206201117089,,,0.0,0.0,0.02784280337769776,0,0,2,0,0,0.0,0,2,0,,,,,0.4465769991097479,,,,,
trial_0008,36,eval,,,,,,,0.47368421052631576,1.2173767340810675,,,,,,,,,,,,,,,,,,,,,,
trial_0008,36,global,,,,0.3331605156559982,-0.02091738280530758,,,,,,,0,0,2,0,0,0.0,0,2,0,27,,0.1238390092879257,8.982962598298725,,,-0.7746478873239436,16,1.0,1
trial_0008,37,train,,,0.2516469077226963,,,0.048719477463275825,,,0.0,0.0,0.026557303809541022,0,0,2,0,0,0.0,0,2,0,,,,,0.3885056397291664,,,,,
trial_0008,37,eval,,,,,,,0.47368421052631576,1.248271904493633,,,,,,,,,,,,,,,,,,,,,,
trial_0008,37,global,,,,0.3326875673502534,-0.02044443449956271,,,,,,,0,0,2,0,0,0.0,0,2,0,27,,0.1238390092879257,8.88540755942141,,,-0.7746478873239436,16,1.0,1
trial_0008,38,train,,,0.25176112702552306,,,0.051010424152333686,,,0.0,0.0,0.026826480092936533,0,0,2,0,0,0.0,0,2,0,,,,,0.3726297802883441,,,,,
trial_0008,38,eval,,,,,,,0.47368421052631576,1.3182220176646582,,,,,,,,,,,,,,,,,,,,,,
trial_0008,38,global,,,,0.33258888918985574,-0.02034575633916506,,,,,,,0,0,2,0,0,0.0,0,2,0,27,,0.12445820433436533,8.852354506737676,,,-0.7746478873239436,16,1.0,1
trial_0008,39,train,,,0.251888096966642,,,0.052408013730607134,,,0.0,0.0,0.02662711232662835,0,0,3,1,0,0.0,0,2,0,,,,,0.3167185864232956,,,,,
trial_0008,39,eval,0.42105263157894735,0.42105263157894735,,,,,,,,,,,,,,,,,,,,2.1052631578947367,,,,0.0,,,,
trial_0008,39,global,,,,0.3348000374077277,-0.019863301863434317,,,,,,,0,0,3,0,0,0.0,0,3,0,27,,0.1238390092879257,8.840567659076891,,,-0.7746478873239436,16,1.0,1
trial_0008,40,train,,,0.25200963749530464,,,0.05471631123664531,,,0.0,0.0,0.026033608899749025,0,0,4,1,0,0.0,0,3,0,,,,,0.2981986089136825,,,,,
trial_0008,40,eval,0.3157894736842105,0.3684210526315789,,,,,,,,,,,,,,,,,,,,2.1052631578947367,,,,0.0,,,,
trial_0008,40,global,,,,0.33598157374021426,-0.02104483819592087,,,,,,,0,0,4,0,0,0.0,0,4,0,27,,0.12321981424148606,8.751641840979042,,,-0.7746478873239436,16,1.0,1
trial_0008,41,train,,,0.2521266227072858,,,0.05824773092853262,,,0.0,0.0,0.024680357431358796,0,0,4,0,0,0.0,0,4,0,,,,,0.26292861234906234,,,,,
trial_0008,41,eval,,,,,,,0.5263157894736842,1.4257495842481913,,,,,,,,,,,,,,,,,,,,,,
trial_0008,41,global,,,,0.3368484525077819,-0.021911716963488533,,,,,,,0,0,4,0,0,0.0,0,4,0,27,,0.12321981424148606,8.735687638510122,,,-0.7746478873239436,16,1.0,1
trial_0008,42,train,,,0.25226477264089786,,,0.060538077925113926,,,0.0,0.0,0.023581502643572366,0,0,4,0,0,0.0,0,4,0,,,,,0.23759496848362194,,,,,
trial_0008,42,eval,,,,,,,0.5263157894736842,1.4153787148626227,,,,,,,,,,,,,,,,,,,,,,
trial_0008,42,global,,,,0.3383919834182083,-0.02208350576143209,,,,,,,0,0,4,0,0,0.0,0,4,0,27,,0.12260061919504645,8.766862783048175,,,-0.7746478873239436,16,1.0,1
trial_0008,43,train,,,0.2523933192516895,,,0.06287430845042492,,,0.0,0.0,0.02298101530598596,0,0,4,0,0,0.0,0,4,0,,,,,0.223822355474201,,,,,
trial_0008,43,eval,,,,,,,0.5263157894736842,1.4320273932657743,,,,,,,,,,,,,,,,,,,,,,
trial_0008,43,global,,,,0.33191180156578104,-0.014231581796522001,,,,,,,0,0,4,0,0,0.0,0,4,0,27,,0.13188854489164087,8.580944543135793,,,-0.7746478873239436,16,1.0,1
trial_0008,44,train,,,0.2525112800141598,,,0.06678425409692398,,,0.0,0.0,0.02084176359683315,0,0,4,0,0,0.0,0,4,0,,,,,0.20077032229005387,,,,,
trial_0008,44,eval,,,,,,,0.5789473684210527,1.445160840686999,,,,,,,,,,,,,,,,,,,,,,
trial_0008,44,global,,,,0.3297411562633413,-0.011411163914485052,,,,,,,0,0,4,0,0,0.0,0,4,0,27,,0.13436532507739937,8.589454676861365,,,-0.7746478873239436,16,1.0,1
trial_0008,45,train,,,0.2525996248772804,,,0.06984152629020365,,,0.0,0.0,0.020139397543290277,0,0,4,0,0,0.0,0,4,0,,,,,0.1925604898924161,,,,,
trial_0008,45,eval,,,,,,,0.5263157894736842,1.5087529985528243,,,,,,,,,,,,,,,,,,,,,,
trial_0008,45,global,,,,0.33565266635913615,-0.017322674010279978,,,,,,,0,0,4,0,0,0.0,0,4,0,27,,0.12693498452012383,8.626177421073795,,,-0.7746478873239436,16,1.0,1
trial_0008,46,train,,,0.25274164372302116,,,0.07136274145004597,,,0.0,0.0,0.020440768729647663,0,0,4,0,0,0.0,0,4,0,,,,,0.18200535911466575,,,,,
trial_0008,46,eval,,,,,,,0.5263157894736842,1.4647240701474642,,,,,,,,,,,,,,,,,,,,,,
trial_0008,46,global,,,,0.3318412907902477,-0.013511298441391487,,,,,,,0,0,4,0,0,0.0,0,4,0,27,,0.13003095975232198,8.546329484118766,,,-0.7746478873239436,16,1.0,1
trial_0008,47,train,,,0.25285672539092124,,,0.07367529260351302,,,0.0,0.0,0.019518971931253702,0,0,5,1,0,0.0,0,4,0,,,,,0.1739805505517587,,,,,
trial_0008,47,eval,0.42105263157894735,0.42105263157894735,,,,,,,,,,,,,,,,,,,,2.1052631578947367,,,,0.0,,,,
trial_0008,47,global,,,,0.3378047741317574,-0.019474781782901213,,,,,,,0,0,5,0,0,0.0,0,5,0,27,,0.1256965944272446,8.641851950725165,,,-0.7746478873239436,16,1.0,1
trial_0008,48,train,,,0.25298859115610733,,,0.07470688287248002,,,0.0,0.0,0.019257974175072495,0,0,6,1,0,0.0,0,5,0,,,,,0.1626858884259198,,,,,
trial_0008,48,eval,0.3157894736842105,0.3684210526315789,,,,,,,,,,,,,,,,,,,,2.1052631578947367,,,,0.0,,,,
trial_0008,48,global,,,,0.3334659096461997,-0.01422142255568827,,,,,,,0,0,6,0,0,0.0,0,6,0,27,,0.1325077399380805,8.436209680421433,,,-0.7746478873239436,16,1.0,1
trial_0008,49,train,,,0.253104788825867,,,0.07854596224236995,,,0.0,0.0,0.016994817553093025,0,0,6,0,0,0.0,0,6,0,,,,,0.14881156032797413,,,,,
trial_0008,49,eval,,,,,,,0.5789473684210527,1.494946219419178,,,,,,,,,,,,,,,,,,,,,,
trial_0008,49,global,,,,0.33071653842810234,-0.011472051337590891,,,,,,,0,0,6,0,0,0.0,0,6,0,27,,0.13436532507739937,8.436931017234967,,,-0.7746478873239436,16,1.0,1
trial_0008,50,train,,,0.25324089191061383,,,0.08108830895829708,,,0.0,0.0,0.01620318826258262,0,0,6,0,0,0.0,0,6,0,,,,,0.1484380492708422,,,,,
trial_0008,50,eval,,,,,,,0.5789473684210527,1.5511482577574882,,,,,,,,,,,,,,,,,,,,,,
trial_0008,50,global,,,,0.33649881305095664,-0.016339831218789985,,,,,,,0,0,6,0,0,0.0,0,6,0,27,,0.12941176470588237,8.501603970365258,,,-0.7746478873239436,16,1.0,1
trial_0008,51,train,,,0.25332791691130774,,,0.08119374323398508,,,0.0,0.0,0.01669617689101947,0,0,6,0,0,0.0,0,6,0,,,,,0.14611696730449933,,,,,
trial_0008,51,eval,,,,,,,0.5789473684210527,1.5151010845836839,,,,,,,,,,,,,,,,,,,,,,
trial_0008,51,global,,,,0.3298283740440908,-0.009669392211924166,,,,,,,0,0,6,0,0,0.0,0,6,0,27,,0.13312693498452013,8.272622959384977,,,-0.7746478873239436,16,1.0,1
trial_0008,52,train,,,0.25345930932684146,,,0.08172892287690589,,,0.0,0.0,0.01507405399176431,0,0,6,0,0,0.0,0,6,0,,,,,0.13937064509351926,,,,,
trial_0008,52,eval,,,,,,,0.5789473684210527,1.5135008441774467,,,,,,,,,,,,,,,,,,,,,,
trial_0008,52,global,,,,0.33273969567025596,-0.012580713838089284,,,,,,,0,0,6,0,0,0.0,0,6,0,27,,0.13188854489164087,8.349505190066878,,,-0.7746478873239436,16,1.0,1
trial_0008,53,train,,,0.2535607402629041,,,0.08619211519018133,,,0.0,0.0,0.014937790101790367,0,0,7,1,0,0.0,0,6,0,,,,,0.14537449491332005,,,,,
trial_0008,53,eval,0.631578947368421,0.631578947368421,,,,,,,,,,,,,,,,,,,,2.1052631578947367,,,,0.0,,,,
trial_0008,53,global,,,,0.33110161808612365,-0.010942636253956948,,,,,,,0,0,7,0,0,0.0,0,7,0,27,,0.13312693498452013,8.238234871312192,,,-0.7746478873239436,16,1.0,1
trial_0008,54,train,,,0.25368719658953076,,,0.08541396862648903,,,0.0,0.0,0.013433962882597973,0,0,7,0,0,0.0,0,7,0,,,,,0.12285945854379049,,,,,
trial_0008,54,eval,,,,,,,0.631578947368421,1.542183474490517,,,,,,,,,,,,,,,,,,,,,,
trial_0008,54,global,,,,0.33348696147535306,-0.012522826664120372,,,,,,,0,0,7,0,0,0.0,0,7,0,27,,0.13312693498452013,8.305777393258394,,,-0.7746478873239436,16,1.0,1
trial_0008,55,train,,,0.2537975165438145,,,0.08723234749854877,,,0.0,0.0,0.013086476779674143,0,0,8,1,0,0.0,0,7,0,,,,,0.1184037023741967,,,,,
trial_0008,55,eval,0.5789473684210527,0.5263157894736842,,,,,,,,,,,,,,,,,,,,2.1052631578947367,,,,0.15789473684210525,,,,
trial_0008,55,global,,,,0.33090597592188237,-0.007198356885684019,,,,,,,0,0,8,0,0,0.25,0,8,0,27,,0.1386996904024768,8.223422926203016,,,-0.7746478873239436,16,1.0,1
trial_0008,56,train,,,0.2538871663682004,,,0.08623066037259203,,,0.0,0.0,0.012053333757014232,0,0,9,1,0,0.25,0,8,0,,,,,0.11149047132819255,,,,,
trial_0008,56,eval,0.42105263157894735,0.42105263157894735,,,,,,,,,,,,,,,,,,,,2.1052631578947367,,,,0.0,,,,
trial_0008,56,global,,,,0.33669726534106037,-0.012316245631461286,,,,,,,0,0,9,0,0,0.0,0,9,0,27,,0.13188854489164087,8.231684547164491,,,-0.7746478873239436,16,1.0,1
trial_0008,57,train,,,0.25399527334152383,,,0.08884395754083674,,,0.0,0.0,0.011988174159357207,0,0,10,1,0,0.0,0,9,0,,,,,0.10969974758460166,,,,,
trial_0008,57,eval,0.3684210526315789,0.42105263157894735,,,,,,,,,,,,,,,,,,,,2.1052631578947367,,,,0.0,,,,
trial_0008,57,global,,,,0.3325502679629789,-0.008169248253379773,,,,,,,0,0,10,0,0,0.0,0,10,0,27,,0.1386996904024768,8.140558062101665,,,-0.7746478873239436,16,1.0,1
trial_0008,58,train,,,0.2540931971149242,,,0.09170758280348272,,,0.0,0.0,0.010803100985271777,0,0,10,0,0,0.0,0,10,0,,,,,0.10740062818610559,,,,,
trial_0008,58,eval,,,,,,,0.631578947368421,1.4858300278061314,,,,,,,,,,,,,,,,,,,,,,
trial_0008,58,global,,,,0.33141300884342423,-0.007031989133825126,,,,,,,0,0,10,0,0,0.0,0,10,0,27,,0.1386996904024768,8.279094887370295,,,-0.7746478873239436,16,1.0,1
trial_0008,59,train,,,0.2542017270275887,,,0.09252754614708271,,,0.0,0.0,0.0106265240952006,0,0,10,0,0,0.0,0,10,0,,,,,0.10386855231094143,,,,,
trial_0008,59,eval,,,,,,,0.6842105263157894,1.5055810432685048,,,,,,,,,,,,,,,,,,,,,,
trial_0008,59,global,,,,0.32737880859518925,-0.0021926359065241896,,,,,,,0,0,10,0,0,0.0,0,10,0,27,,0.1436532507739938,8.038129680149327,,,-0.7746478873239436,16,1.0,1
trial_0008,60,train,,,0.2542886993986495,,,0.08893847719151922,,,0.0,0.0,0.010095041160635214,0,0,10,0,0,0.0,0,10,0,,,,,0.09860154081668172,,,,,
trial_0008,60,eval,,,,,,,0.631578947368421,1.5080864680440802,,,,,,,,,,,,,,,,,,,,,,
trial_0008,60,global,,,,0.34152293542718515,-0.01633676273852005,,,,,,,0,0,10,0,0,0.0,0,10,0,27,,0.13126934984520125,8.167529700784122,,,-0.7746478873239436,16,1.0,1
trial_0008,61,train,,,0.2543891719047059,,,0.09442625654504654,,,0.0,0.0,0.010000247782049207,0,0,11,1,0,0.0,0,10,0,,,,,0.09869420838664006,,,,,
trial_0008,61,eval,0.5263157894736842,0.5789473684210527,,,,,,,,,,,,,,,,,,,,2.1052631578947367,,,,0.0,,,,
trial_0008,61,global,,,,0.335966357072437,-0.01078018438377193,,,,,,,0,0,11,0,0,0.0,0,11,0,27,,0.13560371517027864,8.13768296138421,,,-0.7746478873239436,16,1.0,1
trial_0008,62,train,,,0.25445865316593896,,,0.08977855076181128,,,0.0,0.0,0.009491508189487232,0,0,12,1,0,0.0,0,11,0,,,,,0.09389168707976589,,,,,
trial_0008,62,eval,0.6842105263157895,0.6842105263157895,,,,,,,,,,,,,,,,,,,,2.1052631578947367,,,,0.0,,,,
trial_0008,62,global,,,,0.3375336729351028,-0.009932041309239617,,,,,,,0,0,12,0,0,0.0,0,12,0,27,,0.13622291021671826,8.120807784703494,,,-0.7746478873239436,16,1.0,1
trial_0008,63,train,,,0.2545554644249855,,,0.0950383778582228,,,0.0,0.0,0.009030859389167745,0,0,13,1,0,0.0,0,12,0,,,,,0.09245455630780353,,,,,
trial_0008,63,eval,0.5789473684210527,0.5789473684210527,,,,,,,,,,,,,,,,,,,,2.1052631578947367,,,,0.0,,,,
trial_0008,63,global,,,,0.3401199466845401,-0.011868542479079772,,,,,,,0,0,13,0,0,0.0,0,13,0,27,,0.13498452012383902,8.05453364369301,,,-0.7746478873239436,16,1.0,1
trial_0008,64,train,,,0.25464979923786,,,0.09653129476182004,,,0.0,0.0,0.008690434513536797,0,0,14,1,0,0.0,0,13,0,,,,,0.08755329610230712,,,,,
trial_0008,64,eval,0.47368421052631576,0.47368421052631576,,,,,,,,,,,,,,,,,,,,2.1052631578947367,,,,0.0,,,,
trial_0008,64,global,,,,0.3351739274343231,-0.006922523228862847,,,,,,,0,0,14,0,0,0.0,0,14,0,27,,0.13808049535603714,8.038044030157035,,,-0.7746478873239436,16,1.0,1
trial_0008,65,train,,,0.2547229696461495,,,0.09254014872490092,,,0.0,0.0,0.008307916844948542,0,0,15,1,0,0.0,0,14,0,,,,,0.09019735197346986,,,,,
trial_0008,65,eval,0.42105263157894735,0.3684210526315789,,,,,,,,,,,,,,,,,,,,2.1052631578947367,,,,0.15789473684210525,,,,
trial_0008,65,global,,,,0.34302543942391706,-0.014774035218456737,,,,,,,0,0,15,0,0,0.25,0,15,0,27,,0.13126934984520125,8.155813936404769,,,-0.7746478873239436,16,1.0,1
trial_0008,66,train,,,0.25478395914777796,,,0.09689882587879262,,,0.0,0.0,0.008682406423929237,0,0,15,0,0,0.25,0,15,0,,,,,0.09154004191464567,,,,,
trial_0008,66,eval,,,,,,,0.6842105263157895,1.419789847574736,,,,,,,,,,,,,,,,,,,,,,
trial_0008,66,global,,,,0.33398769129383427,0.0004574790709260119,,,,,,,0,0,15,0,0,0.25,0,15,0,27,,0.14674922600619195,7.933338462900451,,,-0.7746478873239436,16,1.0,1
trial_0008,67,train,,,0.2548309843590919,,,0.0962050030840204,,,0.0,0.0,0.007801949287092245,0,0,15,0,0,0.25,0,15,0,,,,,0.0850454370765791,,,,,
trial_0008,67,eval,,,,,,,0.6842105263157895,1.4752445722881116,,,,,,,,,,,,,,,,,,,,,,
trial_0008,67,global,,,,0.34119077303716994,-0.006095830092812563,,,,,,,0,0,15,0,0,0.25,0,15,0,27,,0.13746130030959752,7.944007136578161,,,-0.7746478873239436,16,1.0,1
trial_0008,68,train,,,0.2549073020828531,,,0.09698774396105014,,,0.0,0.0,0.007813450937565577,0,0,15,0,0,0.25,0,15,0,,,,,0.0827630733431382,,,,,
trial_0008,68,eval,,,,,,,0.6842105263157895,1.4502922108298852,,,,,,,,,,,,,,,,,,,,,,
trial_0008,68,global,,,,0.3375037201442841,-0.0024087771999266924,,,,,,,0,0,15,0,0,0.25,0,15,0,27,,0.1436532507739938,7.878255396509318,,,-0.7746478873239436,16,1.0,1
trial_0008,69,train,,,0.25495731640369335,,,0.09630626123002234,,,0.0,0.0,0.0069449528383940685,0,0,15,0,0,0.25,0,15,0,,,,,0.08212832017804532,,,,,
trial_0008,69,eval,,,,,,,0.6842105263157894,1.4832970625475834,,,,,,,,,,,,,,,,,,,,,,
trial_0008,69,global,,,,0.3393930096688252,-0.0029985215652735078,,,,,,,0,0,15,0,0,0.25,0,15,0,27,,0.14241486068111456,7.889484710220951,,,-0.7746478873239436,16,1.0,1
trial_0008,70,train,,,0.2550333541758517,,,0.09869222057626602,,,0.0,0.0,0.007123709540873609,0,0,16,1,0,0.25,0,15,0,,,,,0.07628211047851388,,,,,
trial_0008,70,eval,0.631578947368421,0.631578947368421,,,,,,,,,,,,,,,,,,,,2.1052631578947367,,,,0.0,,,,
trial_0008,70,global,,,,0.34850923521762606,-0.012114747114074413,,,,,,,0,0,16,0,0,0.0,0,16,0,27,,0.13436532507739937,8.025812599016787,,,-0.7746478873239436,16,1.0,1
trial_0008,71,train,,,0.25510334334474927,,,0.09902766156703867,,,0.0,0.0,0.006822159300413371,0,0,17,1,0,0.0,0,16,0,,,,,0.07505490884501882,,,,,
trial_0008,71,eval,0.5263157894736842,0.5789473684210527,,,,,,,,,,,,,,,,,,,,2.1052631578947367,,,,0.0,,,,
trial_0008,71,global,,,,0.34439011419027316,-0.007995626086721478,,,,,,,0,0,17,0,0,0.0,0,17,0,27,,0.13808049535603714,7.957893877058945,,,-0.7746478873239436,16,1.0,1
trial_0008,72,train,,,0.2551568464395847,,,0.09834010043042771,,,0.0,0.0,0.0066350477762790305,0,0,18,1,0,0.0,0,17,0,,,,,0.07564000704956997,,,,,
trial_0008,72,eval,0.5789473684210527,0.5789473684210527,,,,,,,,,,,,,,,,,,,,2.1052631578947367,,,,0.0,,,,
trial_0008,72,global,,,,0.3478678697101828,-0.011473381606631135,,,,,,,0,0,18,0,0,0.0,0,18,0,27,,0.13498452012383902,7.97086696801909,,,-0.7746478873239436,16,1.0,1
trial_0008,73,train,,,0.25520316780881674,,,0.09943465095885255,,,0.0,0.0,0.006314972223759818,0,0,19,1,0,0.0,0,18,0,,,,,0.07435105363399605,,,,,
trial_0008,73,eval,0.42105263157894735,0.42105263157894735,,,,,,,,,,,,,,,,,,,,2.1052631578947367,,,,0.0,,,,
trial_0008,73,global,,,,0.34547991316052284,-0.009085425056971195,,,,,,,0,0,19,0,0,0.0,0,19,0,27,,0.13808049535603714,7.919935482721948,,,-0.7746478873239436,16,1.0,1
trial_0008,74,train,,,0.25524446748672647,,,0.10069693529859501,,,0.0,0.0,0.006142226321235091,0,0,20,1,0,0.0,0,19,0,,,,,0.0725634256292893,,,,,
trial_0008,74,eval,0.42105263157894735,0.42105263157894735,,,,,,,,,,,,,,,,,,,,2.1052631578947367,,,,0.0,,,,
trial_0008,74,global,,,,0.34735426506104566,-0.010959776957493957,,,,,,,0,0,20,0,0,0.0,0,20,0,27,,0.13560371517027864,8.005505264801876,,,-0.7746478873239436,16,1.0,1
trial_0008,75,train,,,0.2552906959614855,,,0.09955315513813748,,,0.0,0.0,0.005963108949474693,0,0,20,0,0,0.0,0,20,0,,,,,0.0705731739785443,,,,,
trial_0008,75,eval,,,,,,,0.6842105263157894,1.4322814972777116,,,,,,,,,,,,,,,,,,,,,,
trial_0008,75,global,,,,0.3425443895487927,-0.0041296994250389655,,,,,,,0,0,20,0,0,0.0,0,20,0,27,,0.1417956656346749,7.978070866729453,,,-0.7746478873239436,16,1.0,1
trial_0008,76,train,,,0.25534472186514673,,,0.10153039528968485,,,0.0,0.0,0.005891600016230827,0,0,20,0,0,0.0,0,20,0,,,,,0.07001975154373964,,,,,
trial_0008,76,eval,,,,,,,0.6842105263157894,1.4607930089298047,,,,,,,,,,,,,,,,,,,,,,
trial_0008,76,global,,,,0.34509474411593355,-0.00668005399217984,,,,,,,0,0,20,0,0,0.0,0,20,0,27,,0.1393188854489164,7.963755042486516,,,-0.7746478873239436,16,1.0,1
trial_0008,77,train,,,0.25540826231875313,,,0.10030163539216873,,,0.0,0.0,0.005479618414717558,0,0,20,0,0,0.0,0,20,0,,,,,0.06871988770401947,,,,,
trial_0008,77,eval,,,,,,,0.7368421052631579,1.538861770378916,,,,,,,,,,,,,,,,,,,,,,
trial_0008,77,global,,,,0.34780131956912075,-0.00938662944536701,,,,,,,0,0,20,0,0,0.0,0,20,0,27,,0.1368421052631579,8.011314205488553,,,-0.7746478873239436,16,1.0,1
trial_0008,78,train,,,0.25545661056295355,,,0.10177805132054267,,,0.0,0.0,0.005701752359442602,0,0,21,1,0,0.0,0,20,0,,,,,0.07131928820899011,,,,,
trial_0008,78,eval,0.631578947368421,0.631578947368421,,,,,,,,,,,,,,,,,,,,2.1052631578947367,,,,0.0,,,,
trial_0008,78,global,,,,0.34345450441877706,-0.005039814295023314,,,,,,,0,0,21,0,0,0.0,0,21,0,27,,0.1417956656346749,7.870651974988058,,,-0.7746478873239436,16,1.0,1
trial_0008,79,train,,,0.2554964822657565,,,0.10299001412188752,,,0.0,0.0,0.005275849745877613,0,0,22,1,0,0.0,0,21,0,,,,,0.06840973111905588,,,,,
trial_0008,79,eval,0.5263157894736842,0.631578947368421,,,,,,,,,,,,,,,,,,,,2.1052631578947367,,,,0.0,,,,
trial_0008,79,global,,,,0.3478559428535056,-0.009441252729751859,,,,,,,0,0,22,0,0,0.0,0,22,0,27,,0.13498452012383902,8.134536799853063,,,-0.7746478873239436,16,1.0,1
trial_0008,80,train,,,0.2555660817851411,,,0.10432997536151967,,,0.0,0.0,0.005566284798833101,0,0,23,1,0,0.0,0,22,0,,,,,0.06746201471377469,,,,,
trial_0008,80,eval,0.5789473684210527,0.5789473684210527,,,,,,,,,,,,,,,,,,,,2.1052631578947367,,,,0.0,,,,
trial_0008,80,global,,,,0.34203300189903696,-0.0036183117752832316,,,,,,,0,0,23,0,0,0.0,0,23,0,27,,0.14241486068111456,7.907327303576396,,,-0.7746478873239436,16,1.0,1
trial_0008,81,train,,,0.255615992431945,,,0.10517941320196111,,,0.0,0.0,0.00499463665074337,0,0,24,1,0,0.0,0,23,0,,,,,0.06578063817077676,,,,,
trial_0008,81,eval,0.42105263157894735,0.42105263157894735,,,,,,,,,,,,,,,,,,,,2.1052631578947367,,,,0.0,,,,
trial_0008,81,global,,,,0.33998273784528393,-0.0015680477215301854,,,,,,,0,0,24,0,0,0.0,0,24,0,27,,0.14303405572755418,7.971868811450876,,,-0.7746478873239436,16,1.0,1
trial_0008,82,train,,,0.25563656713100186,,,0.10404911003214248,,,0.0,0.0,0.004907457193993206,0,0,25,1,0,0.0,0,24,0,,,,,0.064633293451011,,,,,
trial_0008,82,eval,0.42105263157894735,0.47368421052631576,,,,,,,,,,,,,,,,,,,,2.1052631578947367,,,,0.0,,,,
trial_0008,82,global,,,,0.3466599249936461,-0.008245234869892428,,,,,,,0,0,25,0,0,0.0,0,25,0,27,,0.1368421052631579,8.052033181677661,,,-0.7746478873239436,16,1.0,1
trial_0008,83,train,,,0.2556871359652661,,,0.10557847390783594,,,0.0,0.0,0.00488094432345106,0,0,25,0,0,0.0,0,25,0,,,,,0.06354483337025511,,,,,
trial_0008,83,eval,,,,,,,0.5789473684210527,1.5204058885574339,,,,,,,,,,,,,,,,,,,,,,
trial_0008,83,global,,,,0.34263377279034984,-0.004219082666596117,,,,,,,0,0,25,0,0,0.0,0,25,0,27,,0.1411764705882353,7.908339629749026,,,-0.7746478873239436,16,1.0,1
trial_0008,84,train,,,0.2557144884733443,,,0.10493896489447735,,,0.0,0.0,0.004428065809569238,0,0,25,0,0,0.0,0,25,0,,,,,0.061505404054710916,,,,,
trial_0008,84,eval,,,,,,,0.6842105263157895,1.5335009286278172,,,,,,,,,,,,,,,,,,,,,,
trial_0008,84,global,,,,0.3350352846712861,0.0033794054524676153,,,,,,,0,0,25,0,0,0.0,0,25,0,27,,0.14736842105263157,7.892411060156099,,,-0.7746478873239436,16,1.0,1
trial_0008,85,train,,,0.2557564247795876,,,0.10629713852354822,,,0.0,0.0,0.004393468374055761,0,0,25,0,0,0.0,0,25,0,,,,,0.06201209351533633,,,,,
trial_0008,85,eval,,,,,,,0.6842105263157894,1.5488072178865733,,,,,,,,,,,,,,,,,,,,,,
trial_0008,85,global,,,,0.34319616897417765,-0.004781478850423924,,,,,,,0,0,25,0,0,0.0,0,25,0,27,,0.1411764705882353,7.974486005564592,,,-0.7746478873239436,16,1.0,1
trial_0008,86,train,,,0.25578230207270763,,,0.1060281846117466,,,0.0,0.0,0.004302397698050667,0,0,26,1,0,0.0,0,25,0,,,,,0.06235039228499842,,,,,
trial_0008,86,eval,0.5789473684210527,0.7368421052631579,,,,,,,,,,,,,,,,,,,,2.1052631578947367,,,,0.0,,,,
trial_0008,86,global,,,,0.3364969060548128,0.00191778406894085,,,,,,,0,0,26,0,0,0.0,0,26,0,27,,0.14489164086687306,8.015232575124262,,,-0.7746478873239436,16,1.0,1
trial_0008,87,train,,,0.2558311363483997,,,0.10702241862073855,,,0.0,0.0,0.0042252456186651355,0,0,27,1,0,0.0,0,26,0,,,,,0.061080350124455514,,,,,
trial_0008,87,eval,0.5789473684210527,0.5789473684210527,,,,,,,,,,,,,,,,,,,,2.1052631578947367,,,,0.0,,,,
trial_0008,87,global,,,,0.3385779413246709,0.0006419017781488107,,,,,,,0,0,27,0,0,0.0,0,27,0,27,,0.14613003095975233,7.779293797259729,,,-0.7746478873239436,16,1.0,1
trial_0008,88,train,,,0.2558551119997146,,,0.1078059381627022,,,0.0,0.0,0.004006590692455226,0,0,28,1,0,0.0,0,27,0,,,,,0.05729039239847189,,,,,
trial_0008,88,eval,0.5789473684210527,0.5263157894736842,,,,,,,,,,,,,,,,,,,,2.1052631578947367,,,,0.15789473684210525,,,,
trial_0008,88,global,,,,0.3415778378004337,-0.0023579946976139744,,,,,,,0,0,28,0,0,0.25,0,28,0,27,,0.1411764705882353,8.006736023138181,,,-0.7746478873239436,16,1.0,1
trial_0008,89,train,,,0.2558829720984114,,,0.1056896574953769,,,0.0,0.0,0.00404792188064869,0,0,29,1,0,0.25,0,28,0,,,,,0.05826272287810827,,,,,
trial_0008,89,eval,0.3157894736842105,0.3684210526315789,,,,,,,,,,,,,,,,,,,,2.1052631578947367,,,,0.0,,,,
trial_0008,89,global,,,,0.3424950695429405,-0.0032752264401207463,,,,,,,0,0,29,0,0,0.0,0,29,0,27,,0.14241486068111456,7.995029990370429,,,-0.7746478873239436,16,1.0,1
trial_0008,90,train,,,0.25590310546946016,,,0.10663344061121026,,,0.0,0.0,0.0038774467838749768,0,0,30,1,0,0.0,0,29,0,,,,,0.05832482848916554,,,,,
trial_0008,90,eval,0.47368421052631576,0.47368421052631576,,,,,,,,,,,,,,,,,,,,2.1052631578947367,,,,0.0,,,,
trial_0008,90,global,,,,0.33916562267739564,5.42204254241008e-05,,,,,,,0,0,30,0,0,0.0,0,30,0,27,,0.14241486068111456,8.059461901874364,,,-0.7746478873239436,16,1.0,1
trial_0009,1,train,,,0.25026713179636606,,,0.002416009854825944,,,0.0,0.0,0.017890783433531336,0,0,0,0,0,,0,0,0,,,,,2.214080212488456,,,,,
trial_0009,1,eval,,,,,,,0.29411764705882354,2.1487665737376496,,,,,,,,,,,,,,,,,,,,,,
trial_0009,1,global,,,,,,,,,,,,0,0,0,0,0,,0,0,0,9,,0.12210526315789473,2.220030789375305,,,,,,
trial_0009,2,train,,,0.25025274821474586,,,0.003572817255235925,,,0.0,0.0,0.030854715623810324,0,0,0,0,0,,0,0,0,,,,,2.0287519937326133,,,,,
trial_0009,2,eval,,,,,,,0.058823529411764705,2.199833589441636,,,,,,,,,,,,,,,,,,,,,,
trial_0009,2,global,,,,0.10239651416122003,-0.018445896877269424,,,,,,,0,0,0,0,0,,0,0,0,9,,0.09473684210526316,2.2648223500502738,,,-0.9215686274509803,0,0.9215686274509803,0
trial_0009,3,train,,,0.250295823510689,,,0.005947079250141036,,,0.0,0.0,0.03852374116076699,0,0,0,0,0,,0,0,0,,,,,1.9539182736903804,,,,,
trial_0009,3,eval,,,,,,,0.058823529411764705,2.1354936150943535,,,,,,,,,,,,,,,,,,,,,,
trial_0009,3,global,,,,0.09760348583877994,-0.013652868554829327,,,,,,,0,0,0,0,0,,0,0,0,9,,0.10105263157894737,2.245588470760145,,,-0.7450980392156862,0,0.7450980392156862,0
trial_0009,4,train,,,0.2503924309452878,,,0.008810261783154704,,,0.0,0.0,0.03328336274510697,0,0,0,0,0,,0,0,0,,,,,1.891985369885521,,,,,
trial_0009,4,eval,,,,,,,0.11764705882352941,2.1477431900361004,,,,,,,,,,,,,,,,,,,,,,
trial_0009,4,global,,,,0.0887436456063907,0.0065448401582855415,,,,,,,0,0,0,0,0,,0,0,0,9,,0.12210526315789473,2.253953218962017,,,-0.5098039215686274,0,0.5098039215686274,0
trial_0009,5,train,,,0.25049000752123096,,,0.011305583334421809,,,0.0,0.0,0.03443131212946735,0,0,0,0,0,,0,0,0,,,,,1.9347428742340345,,,,,
trial_0009,5,eval,,,,,,,0.1764705882352941,2.0494792251025933,,,,,,,,,,,,,,,,,,,,,,
trial_0009,5,global,,,,0.0970225127087872,0.07145008541050829,,,,,,,0,0,0,0,0,,0,0,0,9,,0.1936842105263158,2.1692739210630716,,,-0.11764705882352933,0,0.7555555555555555,1
trial_0009,6,train,,,0.2506199513055101,,,0.014663820402531684,,,0.0,0.0,0.030321869221103345,0,0,0,0,0,,0,0,0,,,,,1.751216330608738,,,,,
trial_0009,6,eval,,,,,,,0.11764705882352941,2.17854441614712,,,,,,,,,,,,,,,,,,,,,,
trial_0009,6,global,,,,0.16010480655822662,0.008367791561068875,,,,,,,0,0,0,0,0,,0,0,0,9,,0.12421052631578948,2.3727757416273416,,,-0.4117647058823529,0,0.5306122448979591,4
trial_0009,7,train,,,0.25072986415669885,,,0.01786603212733812,,,0.0,0.0,0.045318561099186735,0,0,0,0,0,,0,0,0,,,,,1.71840799961412,,,,,
trial_0009,7,eval,,,,,,,0.4117647058823529,1.9108964415157543,,,,,,,,,,,,,,,,,,,,,,
trial_0009,7,global,,,,0.17559912854030502,0.12657015437239721,,,,,,,0,0,0,0,0,,0,0,0,9,,0.2631578947368421,2.036973708805285,,,-0.6470588235294117,0,0.9333333333333333,1
trial_0009,8,train,,,0.2508207887788362,,,0.020334814545474474,,,0.0,0.0,0.0332655179679771,0,0,0,0,0,,0,0,0,,,,,1.556222094010703,,,,,
trial_0009,8,eval,,,,,,,0.1764705882352941,2.1997358097749595,,,,,,,,,,,,,,,,,,,,,,
trial_0009,8,global,,,,0.22656757269456473,0.07560171021813744,,,,,,,0,0,0,0,0,,0,0,0,9,,0.19157894736842104,2.4021363536935105,,,-0.3137254901960784,0,0.6290322580645161,8
trial_0009,9,train,,,0.2509610800048973,,,0.02360235088610951,,,0.0,0.0,0.055661398021480714,0,0,0,0,0,,0,0,0,,,,,1.5292028027747753,,,,,
trial_0009,9,eval,,,,,,,0.4117647058823529,1.687111686257755,,,,,,,,,,,,,,,,,,,,,,
trial_0009,9,global,,,,0.15430401551301523,0.16855936094493354,,,,,,,0,0,0,0,0,,0,0,0,9,,0.29894736842105263,1.968073370080245,,,-0.4313725490196078,0,0.6666666666666667,1
trial_0009,10,train,,,0.2509963335115698,,,0.025470953104616723,,,0.0,0.0,0.03846708111747911,0,0,0,0,0,,0,0,0,,,,,1.3724942641167701,,,,,
trial_0009,10,eval,,,,,,,0.23529411764705882,1.9129653678220864,,,,,,,,,,,,,,,,,,,,,,
trial_0009,10,global,,,,0.21311367012380222,0.13015786959945266,,,,,,,0,0,0,0,0,,0,0,0,9,,0.25263157894736843,2.144360580444336,,,-0.23529411764705876,0,0.5555555555555556,1
trial_0009,11,train,,,0.25094876559667806,,,0.011218922169402587,,,0.0,0.0,0.015772236067108678,0,0,0,0,0,,0,0,0,,,,,17.267676242562224,,,,,
trial_0009,11,eval,,,,,,,0.3157894736842105,2.032913521716469,,,,,,,,,,,,,,,,,,,,,,
trial_0009,11,global,,,,0.47282854771163546,-0.12955700798838052,,,,,,,0,0,0,0,0,,0,0,0,18,,0.09760765550239234,5.251276269940098,,,-0.9215686274509803,0,1.0,1
trial_0009,12,train,,,0.25091861881488975,,,0.012393532450809035,,,0.0,1.0,0.17740966438554057,0,0,0,0,0,,0,0,0,,,,,2.0347832478294077,,,,,
trial_0009,12,eval,,,,,,,0.2631578947368421,1.991563131934718,,,,,,,,,,,,,,,,,,,,,,
trial_0009,12,global,,,,0.270534822060873,-0.044769079918209984,,,,,,,0,0,0,0,0,,0,0,0,18,,0.11674641148325358,4.069731311706835,,,-0.9215686274509803,0,1.0,1
trial_0009,13,train,,,0.2508923764838729,,,0.011585889947275782,,,0.0,0.0,0.04641253749818304,0,0,0,0,0,,0,0,0,,,,,1.7733807129453316,,,,,
trial_0009,13,eval,,,,,,,0.42105263157894735,1.8477872108158313,,,,,,,,,,,,,,,,,,,,,,
trial_0009,13,global,,,,0.2853353171154415,-0.04020930561250915,,,,,,,0,0,0,0,0,,0,0,0,18,,0.12248803827751197,4.37037960673063,,,-0.9215686274509803,0,1.0,1
trial_0009,14,train,,,0.2508586988199588,,,0.011962101383264676,,,0.0,0.0,0.05238680215769037,0,0,0,0,0,,0,0,0,,,,,1.604661366736242,,,,,
trial_0009,14,eval,,,,,,,0.2631578947368421,1.921949323854948,,,,,,,,,,,,,,,,,,,,,,
trial_0009,14,global,,,,0.28791256400825493,-0.03457425524073779,,,,,,,0,0,0,0,0,,0,0,0,18,,0.12822966507177033,4.077923891076631,,,-0.9215686274509803,0,1.0,1
trial_0009,15,train,,,0.2508474900278934,,,0.011318307543216749,,,0.0,0.0,0.044137491519714515,0,0,0,0,0,,0,0,0,,,,,1.5879557197408158,,,,,
trial_0009,15,eval,,,,,,,0.3684210526315789,1.80717995292262,,,,,,,,,,,,,,,,,,,,,,
trial_0009,15,global,,,,0.29536647964131085,-0.03231062504513668,,,,,,,0,0,0,0,0,,0,0,0,18,,0.13014354066985645,4.447774134640488,,,-0.9215686274509803,0,1.0,1
trial_0009,16,train,,,0.25083565989206,,,0.012868113122707189,,,0.0,0.0,0.0507494799446228,0,0,0,0,0,,0,0,0,,,,,1.4392355186070582,,,,,
trial_0009,16,eval,,,,,,,0.42105263157894735,1.8435824419322766,,,,,,,,,,,,,,,,,,,,,,
trial_0009,16,global,,,,0.28512912186644035,-0.004069152043928807,,,,,,,0,0,0,0,0,,0,0,0,18,,0.1598086124401914,4.113108101073634,,,-0.9215686274509803,0,1.0,1
trial_0009,17,train,,,0.25084702150766236,,,0.012604115747435148,,,0.0,0.0,0.04296526174212611,0,0,0,0,0,,0,0,0,,,,,1.4434527230355165,,,,,
trial_0009,17,eval,,,,,,,0.3684210526315789,1.8899647499385632,,,,,,,,,,,,,,,,,,,,,,
trial_0009,17,global,,,,0.33490845188143276,-0.048713801924241025,,,,,,,0,0,0,0,0,,0,0,0,18,,0.11196172248803828,4.5427439723858996,,,-0.9215686274509803,0,1.0,1
trial_0009,18,train,,,0.25084924212721893,,,0.014187459855578666,,,0.0,0.0,0.05202102774191041,0,0,0,0,0,,0,0,0,,,,,1.3325277294299398,,,,,
trial_0009,18,eval,,,,,,,0.42105263157894735,1.7789280100872642,,,,,,,,,,,,,,,,,,,,,,
trial_0009,18,global,,,,0.30629626136415156,0.009013614930488727,,,,,,,0,0,0,0,0,,0,0,0,18,,0.16937799043062202,4.231050373150401,,,-0.9215686274509803,0,1.0,1
trial_0009,19,train,,,0.25087859117707545,,,0.014441044784562531,,,0.0,0.0,0.046103706860611604,0,0,0,0,0,,0,0,0,,,,,1.3463139607924823,,,,,
trial_0009,19,eval,,,,,,,0.3157894736842105,2.089110443466588,,,,,,,,,,,,,,,,,,,,,,
trial_0009,19,global,,,,0.37233749235521224,-0.05702761606057197,,,,,,,0,0,0,0,0,,0,0,0,18,,0.10334928229665072,4.68678953636206,,,-0.9215686274509803,0,1.0,1
trial_0009,20,train,,,0.25089074428691416,,,0.016462075502373448,,,0.0,0.0,0.056236807893701765,0,0,0,0,0,,0,0,0,,,,,1.2308785936167075,,,,,
trial_0009,20,eval,,,,,,,0.3684210526315789,1.7596771968038458,,,,,,,,,,,,,,,,,,,,,,
trial_0009,20,global,,,,0.32332080580515554,-0.001529448029033772,,,,,,,0,0,0,0,0,,0,0,0,18,,0.1569377990430622,4.340745898068807,,,-0.9215686274509803,0,1.0,1
trial_0009,21,train,,,0.25084990516622013,,,0.011338602672231957,,,0.0,0.0,0.017127563126702362,0,0,0,0,0,,0,0,0,,,,,17.282148591170074,,,,,
trial_0009,21,eval,,,,,,,0.2631578947368421,1.9321336432507161,,,,,,,,,,,,,,,,,,,,,,
trial_0009,21,global,,,,0.46974775441612326,-0.14795639664000154,,,,,,,0,0,0,0,0,,0,0,0,27,,0.0693498452012384,8.830643976878825,,,-0.9215686274509803,0,1.0,1
trial_0009,22,train,,,0.2508538067340851,,,0.015184662364264752,,,0.0,1.0,0.1420234834735698,0,0,0,0,0,,0,0,0,,,,,2.2290351521884295,,,,,
trial_0009,22,eval,,,,,,,0.3157894736842105,1.9612851895784078,,,,,,,,,,,,,,,,,,,,,,
trial_0009,22,global,,,,0.35695329238437884,-0.10546672741871031,,,,,,,0,0,0,0,0,,0,0,0,27,,0.06687306501547988,7.421319985168268,,,-0.9215686274509803,0,1.0,1
trial_0009,23,train,,,0.2508582973733861,,,0.016663274232377394,,,0.0,0.0,0.0405950259496557,0,0,0,0,0,,0,0,0,,,,,1.9064778440387538,,,,,
trial_0009,23,eval,,,,,,,0.5263157894736842,1.6999617940501162,,,,,,,,,,,,,,,,,,,,,,
trial_0009,23,global,,,,0.37161439617591746,-0.08957214442208593,,,,,,,0,0,0,0,0,,0,0,0,27,,0.08297213622291022,7.044111959262529,,,-0.9215686274509803,0,1.0,1
trial_0009,24,train,,,0.2508673585475759,,,0.017723767364278754,,,0.0,0.0,0.034703537136157786,0,0,0,0,0,,0,0,0,,,,,1.7510371351918428,,,,,
trial_0009,24,eval,,,,,,,0.631578947368421,1.619709341149581,,,,,,,,,,,,,,,,,,,,,,
trial_0009,24,global,,,,0.37375386272350075,-0.08697359536208843,,,,,,,0,0,0,0,0,,0,0,0,27,,0.0848297213622291,6.958630186854501,,,-0.9215686274509803,0,1.0,1
trial_0009,25,train,,,0.2508820926255368,,,0.01805614172778231,,,0.0,0.0,0.030248066493646898,0,0,0,0,0,,0,0,0,,,,,1.6589344203049408,,,,,
trial_0009,25,eval,,,,,,,0.5263157894736842,1.5546601697018272,,,,,,,,,,,,,,,,,,,,,,
trial_0009,25,global,,,,0.37510983474653653,-0.08787232001429655,,,,,,,0,0,0,0,0,,0,0,0,27,,0.08421052631578947,7.233060091567851,,,-0.9215686274509803,0,1.0,1
trial_0009,26,train,,,0.25090606225297807,,,0.019535236219142344,,,0.0,0.0,0.03247614844920153,0,0,0,0,0,,0,0,0,,,,,1.605615795926845,,,,,
trial_0009,26,eval,,,,,,,0.6842105263157895,1.5064368247985838,,,,,,,,,,,,,,,,,,,,,,
trial_0009,26,global,,,,0.37035490549080796,-0.07933018970888704,,,,,,,0,0,0,0,0,,0,0,0,27,,0.09287925696594428,7.0140562665720845,,,-0.9215686274509803,0,1.0,1
trial_0009,27,train,,,0.2509262558627636,,,0.019991990020300478,,,0.0,0.0,0.030050470890041363,0,0,0,0,0,,0,0,0,,,,,1.5338005085363455,,,,,
trial_0009,27,eval,,,,,,,0.5789473684210527,1.4513901032899554,,,,,,,,,,,,,,,,,,,,,,
trial_0009,27,global,,,,0.3725425535072179,-0.07877435350033125,,,,,,,0,0,0,0,0,,0,0,0,27,,0.09411764705882353,7.281769360994038,,,-0.9215686274509803,0,1.0,1
trial_0009,28,train,,,0.25096596111642555,,,0.021343123881106683,,,0.0,0.0,0.03184868989393432,0,0,0,0,0,,0,0,0,,,,,1.466245484690294,,,,,
trial_0009,28,eval,,,,,,,0.5789473684210527,1.4442296279104132,,,,,,,,,,,,,,,,,,,,,,
trial_0009,28,global,,,,0.3749423669446318,-0.08117416693774519,,,,,,,0,0,0,0,0,,0,0,0,27,,0.09226006191950464,7.131924523510062,,,-0.9215686274509803,0,1.0,1
trial_0009,29,train,,,0.2510040177309767,,,0.02238015450061636,,,0.0,0.0,0.030300463343712877,0,0,0,0,0,,0,0,0,,,,,1.4634739422629064,,,,,
trial_0009,29,eval,,,,,,,0.5789473684210527,1.3876960026590446,,,,,,,,,,,,,,,,,,,,,,
trial_0009,29,global,,,,0.37161091626033677,-0.0778427162534502,,,,,,,0,0,0,0,0,,0,0,0,27,,0.09473684210526316,7.321805839420472,,,-0.9215686274509803,0,1.0,1
trial_0009,30,train,,,0.2510402849380006,,,0.0236511193215847,,,0.0,0.0,0.03096553794643346,0,0,0,0,0,,0,0,0,,,,,1.4141258214805144,,,,,
trial_0009,30,eval,,,,,,,0.631578947368421,1.3808820184908412,,,,,,,,,,,,,,,,,,,,,,
trial_0009,30,global,,,,0.3697866268042884,-0.07029003500367133,,,,,,,0,0,0,0,0,,0,0,0,27,,0.10402476780185758,7.120111339084874,,,-0.9215686274509803,0,1.0,1
trial_0009,31,train,,,0.25106989544756864,,,0.024539749593810833,,,0.0,0.0,0.02757900826474454,0,0,0,0,0,,0,0,0,,,,,1.3144269042403984,,,,,
trial_0009,31,eval,,,,,,,0.5789473684210527,1.3393174911800183,,,,,,,,,,,,,,,,,,,,,,
trial_0009,31,global,,,,0.3742561810564262,-0.07475958925580911,,,,,,,0,0,0,0,0,,0,0,0,27,,0.0978328173374613,7.298094507931925,,,-0.9215686274509803,0,1.0,1
trial_0009,32,train,,,0.2511215615779795,,,0.02581376772611699,,,0.0,0.0,0.031607601268494386,0,0,0,0,0,,0,0,0,,,,,1.3214492206032395,,,,,
trial_0009,32,eval,,,,,,,0.631578947368421,1.3093663077605397,,,,,,,,,,,,,,,,,,,,,,
trial_0009,32,global,,,,0.37405258750446824,-0.07059488209361475,,,,,,,0,0,0,0,0,,0,0,0,27,,0.1021671826625387,7.273217140410337,,,-0.9215686274509803,0,1.0,1
trial_0009,33,train,,,0.2511482847497818,,,0.02667315415245421,,,0.0,0.0,0.027936034407862964,0,0,0,0,0,,0,0,0,,,,,1.2761137965300404,,,,,
trial_0009,33,eval,,,,,,,0.5789473684210527,1.3096571501932646,,,,,,,,,,,,,,,,,,,,,,
trial_0009,33,global,,,,0.37446249025208167,-0.06456233550949289,,,,,,,0,0,0,0,0,,0,0,0,27,,0.11145510835913312,7.142185950500677,,,-0.9215686274509803,0,1.0,1
trial_0009,34,train,,,0.2511758319240935,,,0.02861903243242426,,,0.0,0.0,0.03011703792008314,0,0,0,0,0,,0,0,0,,,,,1.188045410399741,,,,,
trial_0009,34,eval,,,,,,,0.5263157894736842,1.3259820498918231,,,,,,,,,,,,,,,,,,,,,,
trial_0009,34,global,,,,0.37417224017174994,-0.05842413221278689,,,,,,,0,0,0,0,0,,0,0,0,27,,0.10897832817337462,7.118077519655966,,,-0.9215686274509803,0,1.0,1
trial_0009,35,train,,,0.25119065699425147,,,0.02853758347795364,,,0.0,0.0,0.031809915134564354,0,0,0,0,0,,0,0,0,,,,,1.1439475013431928,,,,,
trial_0009,35,eval,,,,,,,0.5789473684210527,1.3069679705720196,,,,,,,,,,,,,,,,,,,,,,
trial_0009,35,global,,,,0.38198893702337977,-0.06441183958110619,,,,,,,0,0,0,0,0,,0,0,0,27,,0.11269349845201239,7.336355942764518,,,-0.9215686274509803,0,1.0,1
trial_0009,36,train,,,0.25122031854822274,,,0.029007965262900007,,,0.0,0.0,0.030830016680695908,0,0,0,0,0,,0,0,0,,,,,1.1313261670846466,,,,,
trial_0009,36,eval,,,,,,,0.5263157894736842,1.2810520686601337,,,,,,,,,,,,,,,,,,,,,,
trial_0009,36,global,,,,0.37720085628382627,-0.05702466852316414,,,,,,,0,0,0,0,0,,0,0,0,27,,0.1108359133126935,7.1725945345757545,,,-0.9215686274509803,0,1.0,1
trial_0009,37,train,,,0.25123971764077535,,,0.03063117982225215,,,0.0,0.0,0.03223141730029849,0,0,0,0,0,,0,0,0,,,,,1.079757088465048,,,,,
trial_0009,37,eval,,,,,,,0.5263157894736842,1.3166405495844389,,,,,,,,,,,,,,,,,,,,,,
trial_0009,37,global,,,,0.37989107571781716,-0.05688030829112815,,,,,,,0,0,0,0,0,,0,0,0,27,,0.1195046439628483,7.27291816498842,,,-0.9215686274509803,0,1.0,1
trial_0009,38,train,,,0.2512688243642766,,,0.031272996930365865,,,0.0,0.0,0.031287707245730344,0,0,1,1,0,,0,0,0,,,,,1.0352569624041834,,,,,
trial_0009,38,eval,0.3684210526315789,0.3684210526315789,,,,,,,,,,,,,,,,,,,,2.1052631578947367,,,,0.0,,,,
trial_0009,38,global,,,,0.37484589725253137,-0.05118535724624516,,,,,,,0,0,1,0,0,0.0,0,1,0,27,,0.11640866873065016,7.198053465096205,,,-0.9215686274509803,0,1.0,1
trial_0009,39,train,,,0.25128670417247934,,,0.03286469474117806,,,0.0,0.0,0.03196640231230475,0,0,1,0,0,0.0,0,1,0,,,,,0.9541224444166141,,,,,
trial_0009,39,eval,,,,,,,0.47368421052631576,1.3164634139914262,,,,,,,,,,,,,,,,,,,,,,
trial_0009,39,global,,,,0.37812725250941875,-0.05446671250313254,,,,,,,0,0,1,0,0,0.0,0,1,0,27,,0.11888544891640866,7.321104990956215,,,-0.9215686274509803,0,1.0,1
trial_0009,40,train,,,0.25131744114642446,,,0.03225479227431277,,,0.0,0.0,0.03110020535780078,0,0,1,0,0,0.0,0,1,0,,,,,0.97991022509886,,,,,
trial_0009,40,eval,,,,,,,0.42105263157894735,1.229646218450446,,,,,,,,,,,,,,,,,,,,,,
trial_0009,40,global,,,,0.38001700518450515,-0.051652676721570104,,,,,,,0,0,1,0,0,0.0,0,1,0,27,,0.11517027863777089,7.156795586742484,,,-0.9215686274509803,0,1.0,1
trial_0009,41,train,,,0.25133007764816284,,,0.036282973879195275,,,0.0,0.0,0.03373814596933254,0,0,1,0,0,0.0,0,1,0,,,,,0.8588948828954223,,,,,
trial_0009,41,eval,,,,,,,0.42105263157894735,1.4409011853368658,,,,,,,,,,,,,,,,,,,,,,
trial_0009,41,global,,,,0.3825202141311003,-0.054155885668165246,,,,,,,0,0,1,0,0,0.0,0,1,0,27,,0.11640866873065016,7.150701082306381,,,-0.9215686274509803,0,1.0,1
trial_0009,42,train,,,0.25136048806474565,,,0.03442506492137908,,,0.0,0.0,0.033452027944966836,0,0,1,0,0,0.0,0,1,0,,,,,0.9178432009532942,,,,,
trial_0009,42,eval,,,,,,,0.42105263157894735,1.2724228407207288,,,,,,,,,,,,,,,,,,,,,,
trial_0009,42,global,,,,0.3821195906271335,-0.053105489584601345,,,,,,,0,0,1,0,0,0.0,0,1,0,27,,0.11393188854489164,7.357159664756374,,,-0.9215686274509803,0,1.0,1
trial_0009,43,train,,,0.25137655056537467,,,0.03746027578698828,,,0.0,0.0,0.03618973996886548,0,0,1,0,0,0.0,0,1,0,,,,,0.7745326672885435,,,,,
trial_0009,43,eval,,,,,,,0.42105263157894735,1.454503247612401,,,,,,,,,,,,,,,,,,,,,,
trial_0009,43,global,,,,0.37958902886700024,-0.05057492782446805,,,,,,,0,0,1,0,0,0.0,0,1,0,27,,0.12198142414860681,7.33923512981403,,,-0.9215686274509803,0,1.0,1
trial_0009,44,train,,,0.2514122721362621,,,0.035819325358309645,,,0.0,0.0,0.033988335556251574,0,0,1,0,0,0.0,0,1,0,,,,,0.8522857878859161,,,,,
trial_0009,44,eval,,,,,,,0.42105263157894735,1.2611108077199833,,,,,,,,,,,,,,,,,,,,,,
trial_0009,44,global,,,,0.37922755314035644,-0.048603146139692154,,,,,,,0,0,1,0,0,0.0,0,1,0,27,,0.11888544891640866,7.361112494217722,,,-0.9215686274509803,0,1.0,1
trial_0009,45,train,,,0.2514305114746094,,,0.03978859617355022,,,0.0,0.0,0.03539975243323344,0,0,1,0,0,0.0,0,1,0,,,,,0.7173549841481742,,,,,
trial_0009,45,eval,,,,,,,0.47368421052631576,1.4104423052386232,,,,,,,,,,,,,,,,,,,,,,
trial_0009,45,global,,,,0.3731635910572131,-0.04119238270974747,,,,,,,0,0,1,0,0,0.0,0,1,0,27,,0.12941176470588237,7.404370865954704,,,-0.9215686274509803,0,1.0,1
trial_0009,46,train,,,0.2514728431371932,,,0.037861040297974935,,,0.0,0.0,0.03170040521295147,0,0,2,1,0,0.0,0,1,0,,,,,0.7919742255768877,,,,,
trial_0009,46,eval,0.3157894736842105,0.3157894736842105,,,,,,,,,,,,,,,,,,,,2.1052631578947367,,,,0.0,,,,
trial_0009,46,global,,,,0.37920964063868823,-0.045721028599905886,,,,,,,0,0,2,0,0,0.0,0,2,0,27,,0.12136222910216718,7.335759328836258,,,-0.9215686274509803,0,1.0,1
trial_0009,47,train,,,0.251494141335183,,,0.04183641393133935,,,0.0,0.0,0.03215655698341892,0,0,2,0,0,0.0,0,2,0,,,,,0.6783363565485527,,,,,
trial_0009,47,eval,,,,,,,0.47368421052631576,1.4231751874873513,,,,,,,,,,,,,,,,,,,,,,
trial_0009,47,global,,,,0.375381294156013,-0.04189268211723068,,,,,,,0,0,2,0,0,0.0,0,2,0,27,,0.1281733746130031,7.399818323566449,,,-0.9215686274509803,0,1.0,1
trial_0009,48,train,,,0.2515284967549304,,,0.04043344233898406,,,0.0,0.0,0.029713023802701466,0,0,2,0,0,0.0,0,2,0,,,,,0.7622027445769479,,,,,
trial_0009,48,eval,,,,,,,0.47368421052631576,1.3040591509718644,,,,,,,,,,,,,,,,,,,,,,
trial_0009,48,global,,,,0.3791098977892067,-0.04481613277135833,,,,,,,0,0,2,0,0,0.0,0,2,0,27,,0.12198142414860681,7.28478072317023,,,-0.9215686274509803,0,1.0,1
trial_0009,49,train,,,0.25153669524700084,,,0.044076054020130886,,,0.0,0.0,0.03209423714099413,0,0,2,0,0,0.0,0,2,0,,,,,0.6249653988696159,,,,,
trial_0009,49,eval,,,,,,,0.42105263157894735,1.4892349996064835,,,,,,,,,,,,,,,,,,,,,,
trial_0009,49,global,,,,0.37639797108345036,-0.03941060337199925,,,,,,,0,0,2,0,0,0.0,0,2,0,27,,0.13003095975232198,7.3394357427354935,,,-0.9215686274509803,0,1.0,1
trial_0009,50,train,,,0.2515676690542951,,,0.04302672312614765,,,0.0,0.0,0.029026508701846324,0,0,2,0,0,0.0,0,2,0,,,,,0.7119792258063106,,,,,
trial_0009,50,eval,,,,,,,0.42105263157894735,1.28465147394883,,,,,,,,,,,,,,,,,,,,,,
trial_0009,50,global,,,,0.3808498425066443,-0.04386247479519323,,,,,,,0,0,2,0,0,0.0,0,2,0,27,,0.12321981424148606,7.390775958081886,,,-0.9215686274509803,0,1.0,1
trial_0009,51,train,,,0.2515864096423413,,,0.04507593525216934,,,0.0,0.0,0.030661489801639893,0,0,2,0,0,0.0,0,2,0,,,,,0.6133274614599579,,,,,
trial_0009,51,eval,,,,,,,0.5263157894736842,1.3716394901275635,,,,,,,,,,,,,,,,,,,,,,
trial_0009,51,global,,,,0.37387375649508453,-0.036886388783633456,,,,,,,0,0,2,0,0,0.0,0,2,0,27,,0.13312693498452013,7.632119240775566,,,-0.9215686274509803,0,1.0,1
trial_0009,52,train,,,0.2516141495806105,,,0.04230708264290018,,,0.0,0.0,0.028305545648401403,0,0,2,0,0,0.0,0,2,0,,,,,0.7015331070473853,,,,,
trial_0009,52,eval,,,,,,,0.47368421052631576,1.2724121056104962,,,,,,,,,,,,,,,,,,,,,,
trial_0009,52,global,,,,0.3757529406327489,-0.038765572921297835,,,,,,,0,0,2,0,0,0.0,0,2,0,27,,0.12941176470588237,7.343439682054076,,,-0.9215686274509803,0,1.0,1
trial_0009,53,train,,,0.2516372495509208,,,0.046963291599395426,,,0.0,0.0,0.030253586828946438,0,0,2,0,0,0.0,0,2,0,,,,,0.5805045564969381,,,,,
trial_0009,53,eval,,,,,,,0.5263157894736842,1.3816450771532562,,,,,,,,,,,,,,,,,,,,,,
trial_0009,53,global,,,,0.3724777061725715,-0.035490338461120444,,,,,,,0,0,2,0,0,0.0,0,2,0,27,,0.13436532507739937,7.6236582115338685,,,-0.9215686274509803,0,1.0,1
trial_0009,54,train,,,0.2516686456634643,,,0.04277831220880468,,,0.0,0.0,0.028720878783930495,0,0,3,1,0,0.0,0,2,0,,,,,0.6315731772928374,,,,,
trial_0009,54,eval,0.3684210526315789,0.3684210526315789,,,,,,,,,,,,,,,,,,,,2.1052631578947367,,,,0.0,,,,
trial_0009,54,global,,,,0.37300060300669313,-0.034402929337110054,,,,,,,0,0,3,0,0,0.0,0,3,0,27,,0.13560371517027864,7.358833218506615,,,-0.9215686274509803,0,1.0,1
trial_0009,55,train,,,0.251683623549786,,,0.050532396803510946,,,0.0,0.0,0.031225972456183842,0,0,4,1,0,0.0,0,3,0,,,,,0.5387150020675456,,,,,
trial_0009,55,eval,0.3684210526315789,0.42105263157894735,,,,,,,,,,,,,,,,,,,,2.1052631578947367,,,,0.0,,,,
trial_0009,55,global,,,,0.37621115065668326,-0.03626667564029882,,,,,,,0,0,4,0,0,0.0,0,4,0,27,,0.1325077399380805,7.559723790880327,,,-0.9215686274509803,0,1.0,1
trial_0009,56,train,,,0.2517137327726851,,,0.046623791785950344,,,0.0,0.0,0.026176500229283854,0,0,4,0,0,0.0,0,4,0,,,,,0.5758649866420327,,,,,
trial_0009,56,eval,,,,,,,0.5263157894736842,1.385090991070396,,,,,,,,,,,,,,,,,,,,,,
trial_0009,56,global,,,,0.37296460544091015,-0.02979951850826161,,,,,,,0,0,4,0,0,0.0,0,4,0,27,,0.1368421052631579,7.101482707871003,,,-0.9215686274509803,0,1.0,1
trial_0009,57,train,,,0.25172789331446305,,,0.05160865663213933,,,0.0,0.0,0.029077128894587467,0,0,4,0,0,0.0,0,4,0,,,,,0.49129324327123924,,,,,
trial_0009,57,eval,,,,,,,0.5263157894736842,1.4798661533154938,,,,,,,,,,,,,,,,,,,,,,
trial_0009,57,global,,,,0.3800332859825671,-0.030134192315911804,,,,,,,0,0,4,0,0,0.0,0,4,0,27,,0.1368421052631579,7.369883083189973,,,-0.9215686274509803,0,1.0,1
trial_0009,58,train,,,0.25176487482608634,,,0.050004992079227525,,,0.0,0.0,0.02463538043864785,0,0,4,0,0,0.0,0,4,0,,,,,0.568464754109687,,,,,
trial_0009,58,eval,,,,,,,0.5263157894736842,1.2728076106623598,,,,,,,,,,,,,,,,,,,,,,
trial_0009,58,global,,,,0.3853169028455938,-0.0354178091789385,,,,,,,0,0,4,0,0,0.0,0,4,0,27,,0.13312693498452013,7.421364806089608,,,-0.9215686274509803,0,1.0,1
trial_0009,59,train,,,0.25177804206279997,,,0.052058504299914585,,,0.0,0.0,0.02719504977576435,0,0,4,0,0,0.0,0,4,0,,,,,0.49974142712481473,,,,,
trial_0009,59,eval,,,,,,,0.47368421052631576,1.4246495899401213,,,,,,,,,,,,,,,,,,,,,,
trial_0009,59,global,,,,0.3803617374311312,-0.030462643764475977,,,,,,,0,0,4,0,0,0.0,0,4,0,27,,0.13808049535603714,7.601516811028354,,,-0.9215686274509803,0,1.0,1
trial_0009,60,train,,,0.2518022044541988,,,0.04944169965196163,,,0.0,0.0,0.025929891831300997,0,0,4,0,0,0.0,0,4,0,,,,,0.543484463653666,,,,,
trial_0009,60,eval,,,,,,,0.5263157894736842,1.254783636645267,,,,,,,,,,,,,,,,,,,,,,
trial_0009,60,global,,,,0.38151076317483285,-0.03161166950817754,,,,,,,0,0,4,0,0,0.0,0,4,0,27,,0.13746130030959752,7.379023282077659,,,-0.9215686274509803,0,1.0,1
trial_0009,61,train,,,0.2518191651460972,,,0.05307757537415687,,,0.0,0.0,0.026521433397453838,0,0,4,0,0,0.0,0,4,0,,,,,0.48434162087051574,,,,,
trial_0009,61,eval,,,,,,,0.47368421052631576,1.4079675831292804,,,,,,,,,,,,,,,,,,,,,,
trial_0009,61,global,,,,0.3831176463351794,-0.03321855266852413,,,,,,,0,0,4,0,0,0.0,0,4,0,27,,0.13560371517027864,7.623288592170266,,,-0.9215686274509803,0,1.0,1
trial_0009,62,train,,,0.25184452502017324,,,0.04978223525463266,,,0.0,0.0,0.02592228859851256,0,0,5,1,0,0.0,0,4,0,,,,,0.5022135467288342,,,,,
trial_0009,62,eval,0.3684210526315789,0.3684210526315789,,,,,,,,,,,,,,,,,,,,2.1052631578947367,,,,0.0,,,,
trial_0009,62,global,,,,0.3775077006523142,-0.026803454006592963,,,,,,,0,0,5,0,0,0.0,0,5,0,27,,0.1411764705882353,7.1952285388674895,,,-0.9215686274509803,0,1.0,1
trial_0009,63,train,,,0.2518567328757428,,,0.05570847049672553,,,0.0,0.0,0.026573704459030737,0,0,6,1,0,0.0,0,5,0,,,,,0.43640920001987027,,,,,
trial_0009,63,eval,0.47368421052631576,0.3684210526315789,,,,,,,,,,,,,,,,,,,,2.1052631578947367,,,,0.631578947368421,,,,
trial_0009,63,global,,,,0.3873901938292328,-0.034371132368696676,,,,,,,1,1,6,0,0,0.5,1,5,0,27,,0.13126934984520125,5.693335168797165,,,-0.9215686274509803,0,1.0,1
trial_0009,64,train,,,0.25116307557897366,,,0.03951323200809828,,,0.0,0.0,0.02468266510107416,1,1,6,0,0,0.5,1,5,0,,,,,0.4511803660198306,,,,,
trial_0009,64,eval,,,,,,,0.47368421052631576,1.3547403247732865,,,,,,,,,,,,,,,,,,,,,,
trial_0009,64,global,,,,0.3773389012194529,-0.024319839758916786,,,,,,,1,1,6,0,0,0.5,1,5,0,27,,0.14303405572755418,7.222094395876669,,,-0.9215686274509803,0,1.0,1
trial_0009,65,train,,,0.25118674401273117,,,0.045554094472305566,,,0.0,0.0,0.024111257029816195,1,1,6,0,0,0.5,1,5,0,,,,,0.5198956553606278,,,,,
trial_0009,65,eval,,,,,,,0.5263157894736842,1.4441771475892318,,,,,,,,,,,,,,,,,,,,,,
trial_0009,65,global,,,,0.38172459726789243,-0.02870553580735629,,,,,,,1,1,6,0,0,0.5,1,5,0,27,,0.1411764705882353,7.4196556540096505,,,-0.9215686274509803,0,1.0,1
trial_0009,66,train,,,0.2512126045024141,,,0.0429396205284494,,,0.0,0.0,0.023434623719708243,1,1,6,0,0,0.5,1,5,0,,,,,0.5125246933588745,,,,,
trial_0009,66,eval,,,,,,,0.5263157894736842,1.322030064306761,,,,,,,,,,,,,,,,,,,,,,
trial_0009,66,global,,,,0.37837692348844104,-0.025357862027904958,,,,,,,1,1,6,0,1,0.5,0,5,0,27,,0.14241486068111456,7.410379992033306,,,-0.9215686274509803,0,1.0,1
trial_0009,67,train,,,0.25123413287578744,,,0.043157992765624466,,,0.0,0.0,0.022929689575957653,1,1,7,1,1,0.5,0,5,0,,,,,0.4490726282621952,,,,,
trial_0009,67,eval,0.47368421052631576,0.47368421052631576,,,,,,,,,,,,,,,,,,,,2.1052631578947367,,,,0.0,,,,
trial_0009,67,global,,,,0.38078326733112866,-0.027764205870592563,,,,,,,1,1,7,0,1,0.0,0,6,0,27,,0.14241486068111456,7.46403855834583,,,-0.9215686274509803,0,1.0,1
trial_0009,68,train,,,0.25126404457903917,,,0.041397858014766205,,,0.0,0.0,0.022174158395872397,1,1,7,0,1,0.0,0,6,0,,,,,0.48417726423300755,,,,,
trial_0009,68,eval,,,,,,,0.5263157894736842,1.324374889072619,,,,,,,,,,,,,,,,,,,,,,
trial_0009,68,global,,,,0.3800102499540273,-0.025566687068989805,,,,,,,1,1,7,0,1,0.0,0,6,0,27,,0.14241486068111456,7.308081713697121,,,-0.9215686274509803,0,1.0,1
trial_0009,69,train,,,0.2512967393119284,,,0.04437878688282154,,,0.0,0.0,0.022677878529685454,1,1,7,0,1,0.0,0,6,0,,,,,0.3821110063833548,,,,,
trial_0009,69,eval,,,,,,,0.5263157894736842,1.4730082185644853,,,,,,,,,,,,,,,,,,,,,,
trial_0009,69,global,,,,0.3802814114245649,-0.025837848539527346,,,,,,,1,1,7,0,1,0.0,0,6,0,27,,0.1436532507739938,7.444636157717867,,,-0.9215686274509803,0,1.0,1
trial_0009,70,train,,,0.25132580735581983,,,0.04220955660368534,,,0.0,0.0,0.022190837397864288,1,1,8,1,1,0.0,0,6,0,,,,,0.43360395275109204,,,,,
trial_0009,70,eval,0.3157894736842105,0.3157894736842105,,,,,,,,,,,,,,,,,,,,2.1052631578947367,,,,0.3684210526315789,,,,
trial_0009,70,global,,,,0.37301991144758057,-0.018576348562543008,,,,,,,1,1,8,0,1,0.25,0,7,0,27,,0.14922600619195048,7.152599710281419,,,-0.9215686274509803,0,1.0,1
trial_0009,71,train,,,0.2513564064147625,,,0.04519641605463434,,,0.0,0.0,0.022297692201298444,1,1,8,0,1,0.25,0,7,0,,,,,0.3988715705085308,,,,,
trial_0009,71,eval,,,,,,,0.5789473684210527,1.3750509211891573,,,,,,,,,,,,,,,,,,,,,,
trial_0009,71,global,,,,0.38593183792523655,-0.03148827504019907,,,,,,,1,1,8,0,1,0.25,0,7,0,27,,0.1393188854489164,7.592966165926434,,,-0.9215686274509803,0,1.0,1
trial_0009,72,train,,,0.2513947778559745,,,0.040414520717681715,,,0.0,0.0,0.022723957463514383,1,1,8,0,1,0.25,0,7,0,,,,,0.44714080045620597,,,,,
trial_0009,72,eval,,,,,,,0.5263157894736842,1.2186282716299357,,,,,,,,,,,,,,,,,,,,,,
trial_0009,72,global,,,,0.39085024238032495,-0.03640667949528742,,,,,,,1,1,8,0,1,0.25,0,7,0,27,,0.13560371517027864,7.571329245552559,,,-0.9215686274509803,0,1.0,1
trial_0009,73,train,,,0.25143509025269367,,,0.03839044272899628,,,0.0,0.0,0.024215498463092174,1,1,8,0,1,0.25,0,7,0,,,,,0.4375726666222228,,,,,
trial_0009,73,eval,,,,,,,0.5263157894736842,1.2931454024816813,,,,,,,,,,,,,,,,,,,,,,
trial_0009,73,global,,,,0.3853476514616551,-0.03090408857661759,,,,,,,1,1,8,0,1,0.25,0,7,0,27,,0.13993808049535603,7.659779646079238,,,-0.9215686274509803,0,1.0,1
trial_0009,74,train,,,0.2514806931957285,,,0.0394211433669354,,,0.0,0.0,0.022271441648208958,1,1,8,0,1,0.25,0,7,0,,,,,0.44647009691870804,,,,,
trial_0009,74,eval,,,,,,,0.5789473684210527,1.2188582671316046,,,,,,,,,,,,,,,,,,,,,,
trial_0009,74,global,,,,0.3874906943164234,-0.03304713143138588,,,,,,,1,1,8,0,1,0.25,0,7,0,27,,0.13808049535603714,7.552881284542497,,,-0.9215686274509803,0,1.0,1
trial_0009,75,train,,,0.2515267311258519,,,0.03968565911054611,,,0.0,0.0,0.02341720112946202,1,1,9,1,1,0.25,0,7,0,,,,,0.43385379687480047,,,,,
trial_0009,75,eval,0.5789473684210527,0.5263157894736842,,,,,,,,,,,,,,,,,,,,2.1052631578947367,,,,0.05263157894736842,,,,
trial_0009,75,global,,,,0.3870625174789725,-0.03261895459393494,,,,,,,1,1,9,0,1,0.25,0,8,0,27,,0.13808049535603714,7.498396308355656,,,-0.9215686274509803,0,1.0,1
trial_0009,76,train,,,0.25158121959960206,,,0.04256475558306309,,,0.0,0.0,0.0213082977550778,1,1,9,0,1,0.25,0,8,0,,,,,0.4162642895012882,,,,,
trial_0009,76,eval,,,,,,,0.5263157894736842,1.302538332186247,,,,,,,,,,,,,,,,,,,,,,
trial_0009,76,global,,,,0.3811875193248515,-0.026743956439813994,,,,,,,1,1,9,0,1,0.25,0,8,0,27,,0.1436532507739938,7.1659198300388205,,,-0.9215686274509803,0,1.0,1
trial_0009,77,train,,,0.2516254294425883,,,0.044898038848917535,,,0.0,0.0,0.02019051819831688,1,1,9,0,1,0.25,0,8,0,,,,,0.40222851033751844,,,,,
trial_0009,77,eval,,,,,,,0.5789473684210527,1.2805092303376449,,,,,,,,,,,,,,,,,,,,,,
trial_0009,77,global,,,,0.37457069226357265,-0.020127129378535134,,,,,,,1,1,9,0,1,0.25,0,8,0,27,,0.14922600619195048,7.0316128662865225,,,-0.9215686274509803,0,1.0,1
trial_0009,78,train,,,0.25167337186793065,,,0.04822051873866548,,,0.0,0.0,0.01910604600561783,1,1,10,1,1,0.25,0,8,0,,,,,0.35534967022373315,,,,,
trial_0009,78,eval,0.3157894736842105,0.3684210526315789,,,,,,,,,,,,,,,,,,,,2.1052631578947367,,,,0.0,,,,
trial_0009,78,global,,,,0.38229772348335594,-0.027854160598318436,,,,,,,1,1,10,0,1,0.0,0,9,0,27,,0.14241486068111456,7.044179194778112,,,-0.9215686274509803,0,1.0,1
trial_0009,79,train,,,0.2517174032140285,,,0.048183167551426175,,,0.0,0.0,0.019427539152588623,1,1,10,0,1,0.0,0,9,0,,,,,0.3360344624371393,,,,,
trial_0009,79,eval,,,,,,,0.5789473684210527,1.3362435980847007,,,,,,,,,,,,,,,,,,,,,,
trial_0009,79,global,,,,0.372865401068353,-0.018421838183315414,,,,,,,1,1,10,0,1,0.0,0,9,0,27,,0.15046439628482972,6.86130568560432,,,-0.9215686274509803,0,1.0,1
trial_0009,80,train,,,0.251761405708942,,,0.04890377613458227,,,0.0,0.0,0.018263197435868628,1,1,10,0,1,0.0,0,9,0,,,,,0.34750084605411435,,,,,
trial_0009,80,eval,,,,,,,0.5789473684210527,1.318956406492936,,,,,,,,,,,,,,,,,,,,,,
trial_0009,80,global,,,,0.3853449283167678,-0.030901365431730284,,,,,,,1,1,10,0,1,0.0,0,9,0,27,,0.1393188854489164,7.066018426381397,,,-0.9215686274509803,0,1.0,1
trial_0009,81,train,,,0.25180135477096477,,,0.04906833790084149,,,0.0,0.0,0.01995009437669069,1,1,10,0,1,0.0,0,9,0,,,,,0.32147326013931987,,,,,
trial_0009,81,eval,,,,,,,0.5789473684210527,1.3552972313604856,,,,,,,,,,,,,,,,,,,,,,
trial_0009,81,global,,,,0.37219414604470036,-0.017750583159662874,,,,,,,1,1,10,0,1,0.0,0,9,0,27,,0.15108359133126936,6.865539354731793,,,-0.9215686274509803,0,1.0,1
trial_0009,82,train,,,0.25184719105984305,,,0.04987586622542524,,,0.0,0.0,0.01747622663858644,1,1,10,0,1,0.0,0,9,0,,,,,0.3167759617064016,,,,,
trial_0009,82,eval,,,,,,,0.5263157894736842,1.4977388256474544,,,,,,,,,,,,,,,,,,,,,,
trial_0009,82,global,,,,0.38156638279814176,-0.027122819913104248,,,,,,,1,1,10,0,1,0.0,0,9,0,27,,0.13993808049535603,6.756414107567755,,,-0.9215686274509803,0,1.0,1
trial_0009,83,train,,,0.25188879668712616,,,0.05088467832575453,,,0.0,0.0,0.018748579341720077,1,1,11,1,1,0.0,0,9,0,,,,,0.31146255082695196,,,,,
trial_0009,83,eval,0.47368421052631576,0.47368421052631576,,,,,,,,,,,,,,,,,,,,2.1052631578947367,,,,0.0,,,,
trial_0009,83,global,,,,0.3709669434748893,-0.016523380589851748,,,,,,,1,1,11,0,1,0.0,0,10,0,27,,0.15170278637770898,6.621861045057929,,,-0.9215686274509803,0,1.0,1
trial_0009,84,train,,,0.25193183028951605,,,0.0547353983559507,,,0.0,0.0,0.016938691770291316,1,1,11,0,1,0.0,0,10,0,,,,,0.3134302761115081,,,,,
trial_0009,84,eval,,,,,,,0.5263157894736842,1.5562018061939038,,,,,,,,,,,,,,,,,,,,,,
trial_0009,84,global,,,,0.372219396649488,-0.0161655278063184,,,,,,,1,1,11,0,1,0.0,0,10,0,27,,0.14922600619195048,6.39860387512774,,,-0.9215686274509803,0,1.0,1
trial_0009,85,train,,,0.25195634365081787,,,0.05745481239988449,,,0.0,0.0,0.01713777851273722,1,1,11,0,1,0.0,0,10,0,,,,,0.3301668251659853,,,,,
trial_0009,85,eval,,,,,,,0.5263157894736842,1.6009490521330583,,,,,,,,,,,,,,,,,,,,,,
trial_0009,85,global,,,,0.37494849249238765,-0.018894623649218095,,,,,,,1,1,11,0,1,0.0,0,10,0,27,,0.14736842105263157,6.435704779846381,,,-0.9215686274509803,0,1.0,1
trial_0009,86,train,,,0.2519997539038354,,,0.05657707376683012,,,0.0,0.0,0.017064384998941914,1,1,12,1,1,0.0,0,10,0,,,,,0.3017452086011569,,,,,
trial_0009,86,eval,0.3157894736842105,0.3157894736842105,,,,,,,,,,,,,,,,,,,,2.1052631578947367,,,,0.0,,,,
trial_0009,86,global,,,,0.3770834281171158,-0.021029559273946213,,,,,,,1,1,12,0,1,0.0,0,11,0,27,,0.14427244582043344,6.572114955087195,,,-0.9215686274509803,0,1.0,1
trial_0009,87,train,,,0.2520424314635865,,,0.05442545008152089,,,0.0,0.0,0.017493605565284676,1,1,12,0,1,0.0,0,11,0,,,,,0.28569346629347364,,,,,
trial_0009,87,eval,,,,,,,0.5263157894736842,1.5519653056797227,,,,,,,,,,,,,,,,,,,,,,
trial_0009,87,global,,,,0.37329988378030793,-0.01724601493713833,,,,,,,1,1,12,0,1,0.0,0,11,0,27,,0.14860681114551083,6.434025897330175,,,-0.9215686274509803,0,1.0,1
trial_0009,88,train,,,0.25208624595023216,,,0.059342104703822035,,,0.0,0.0,0.01619773993399886,1,1,12,0,1,0.0,0,11,0,,,,,0.283030998146703,,,,,
trial_0009,88,eval,,,,,,,0.5263157894736842,1.5278975461658675,,,,,,,,,,,,,,,,,,,,,,
trial_0009,88,global,,,,0.3728819114476765,-0.016828042604506988,,,,,,,1,1,12,0,1,0.0,0,11,0,27,,0.1498452012383901,6.503783201802257,,,-0.9215686274509803,0,1.0,1
trial_0009,89,train,,,0.2521289577509494,,,0.05937282867888186,,,0.0,0.0,0.01596131474361755,1,1,12,0,1,0.0,0,11,0,,,,,0.2874845456041343,,,,,
trial_0009,89,eval,,,,,,,0.5789473684210527,1.573450123008929,,,,,,,,,,,,,,,,,,,,,,
trial_0009,89,global,,,,0.37499805295353306,-0.018944184110363433,,,,,,,1,1,12,0,1,0.0,0,11,0,27,,0.14860681114551083,6.552828117346985,,,-0.9215686274509803,0,1.0,1
trial_0009,90,train,,,0.25216712723387047,,,0.057343198263898804,,,0.0,0.0,0.016503337522141358,1,1,12,0,1,0.0,0,11,0,,,,,0.2758808393321984,,,,,
trial_0009,90,eval,,,,,,,0.5263157894736842,1.5865504710297835,,,,,,,,,,,,,,,,,,,,,,
trial_0009,90,global,,,,0.37623406349506383,-0.020180194651894218,,,,,,,1,1,12,0,1,0.0,0,11,0,27,,0.14613003095975233,6.553492982468738,,,-0.9215686274509803,0,1.0,1
trial_0010,1,train,,,0.25053287231469457,,,0.005130276672101485,,,0.0,0.0,0.017890783433531336,0,0,0,0,0,,0,0,0,,,,,2.208479151242896,,,,,
trial_0010,1,eval,,,,,,,0.23529411764705882,2.172628164291382,,,,,,,,,,,,,,,,,,,,,,
trial_0010,1,global,,,,,,,,,,,,0,0,0,0,0,,0,0,0,9,,0.13052631578947368,2.2291705086356717,,,,,,
trial_0010,2,train,,,0.2505202342437792,,,0.009317606463556803,,,0.0,0.0,0.028665738783871075,0,0,0,0,0,,0,0,0,,,,,1.9988934210584133,,,,,
trial_0010,2,eval,,,,,,,0.058823529411764705,2.223695355303147,,,,,,,,,,,,,,,,,,,,,,
trial_0010,2,global,,,,0.09368191721132897,-0.02948438634713145,,,,,,,0,0,0,0,0,,0,0,0,9,,0.09473684210526316,2.307978008169877,,,-0.8431372549019608,0,0.8431372549019608,0
trial_0010,3,train,,,0.2505595442614978,,,0.014096882712991933,,,0.0,0.0,0.036334663780429696,0,0,0,0,0,,0,0,0,,,,,1.9494877920875067,,,,,
trial_0010,3,eval,,,,,,,0.29411764705882354,2.139469020506915,,,,,,,,,,,,,,,,,,,,,,
trial_0010,3,global,,,,0.1111111111111111,-0.02939546188845909,,,,,,,0,0,0,0,0,,0,0,0,9,,0.10736842105263159,2.2323424873853983,,,-0.4222222222222222,1,1.0,1
trial_0010,4,train,,,0.2506072279773181,,,0.019161409356548816,,,0.0,0.0,0.029403977555847623,0,0,0,0,0,,0,0,0,,,,,1.8524180116532725,,,,,
trial_0010,4,eval,,,,,,,0.058823529411764705,2.199500090935651,,,,,,,,,,,,,,,,,,,,,,
trial_0010,4,global,,,,0.10806100217864924,-0.010472337082981346,,,,,,,0,0,0,0,0,,0,0,0,9,,0.11578947368421053,2.30597757138704,,,-0.5686274509803921,0,0.7058823529411764,0
trial_0010,5,train,,,0.2506761777250073,,,0.022860501291631145,,,0.0,0.0,0.034303437621344496,0,0,0,0,0,,0,0,0,,,,,1.8380261083192462,,,,,
trial_0010,5,eval,,,,,,,0.29411764705882354,1.987408630988177,,,,,,,,,,,,,,,,,,,,,,
trial_0010,5,global,,,,0.14596949891067537,0.06924886978349223,,,,,,,0,0,0,0,0,,0,0,0,9,,0.21052631578947367,2.123671010167975,,,-0.4222222222222222,1,1.0,1
trial_0010,6,train,,,0.25068783118755,,,0.027255687155301057,,,0.0,0.0,0.02770115640721744,0,0,0,0,0,,0,0,0,,,,,1.6009629629835298,,,,,
trial_0010,6,eval,,,,,,,0.058823529411764705,2.184272983494927,,,,,,,,,,,,,,,,,,,,,,
trial_0010,6,global,,,,0.171015263318206,0.044203105375961615,,,,,,,0,0,0,0,0,,0,0,0,9,,0.1705263157894737,2.357900313327187,,,-0.43137254901960786,0,0.5686274509803921,0
trial_0010,7,train,,,0.25073149309882636,,,0.030083468396075168,,,0.0,0.0,0.04271218206120443,0,0,0,0,0,,0,0,0,,,,,1.5660490426836136,,,,,
trial_0010,7,eval,,,,,,,0.29411764705882354,1.7860278101528395,,,,,,,,,,,,,,,,,,,,,,
trial_0010,7,global,,,,0.12090762230818254,0.13147528192925662,,,,,,,0,0,0,0,0,,0,0,0,9,,0.2673684210526316,2.049134010013781,,,-0.3137254901960784,0,0.5555555555555556,1
trial_0010,8,train,,,0.2507021668591077,,,0.03239595852320708,,,0.0,0.0,0.038841980375066594,0,0,0,0,0,,0,0,0,,,,,1.3387115075618405,,,,,
trial_0010,8,eval,,,,,,,0.23529411764705882,1.916304497157826,,,,,,,,,,,,,,,,,,,,,,
trial_0010,8,global,,,,0.17795708452683887,0.0906645732765428,,,,,,,0,0,0,0,0,,0,0,0,9,,0.22736842105263158,2.1517392585152075,,,-0.5294117647058824,0,0.6666666666666666,0
trial_0010,9,train,,,0.25069939977006067,,,0.03376221571919284,,,0.0,0.0,0.04243916717322567,0,0,1,1,0,,0,0,0,,,,,1.2681690148914917,,,,,
trial_0010,9,eval,0.1764705882352941,0.1764705882352941,,,,,,,,,,,,,,,,,,,,2.8823529411764706,,,,0.0,,,,
trial_0010,9,global,,,,0.1493228198048057,0.14003026124572246,,,,,,,0,0,1,0,0,0.0,0,1,0,9,,0.27789473684210525,2.0267121879678025,,,-0.33333333333333337,0,0.5555555555555556,1
trial_0010,10,train,,,0.25066858907289147,,,0.03452471511650689,,,0.0,0.0,0.033725731734988065,0,0,1,0,0,0.0,0,1,0,,,,,1.095507207475131,,,,,
trial_0010,10,eval,,,,,,,0.3529411764705882,1.7903717545902027,,,,,,,,,,,,,,,,,,,,,,
trial_0010,10,global,,,,0.16035187920476549,0.12900120184576266,,,,,,,0,0,1,0,0,0.0,0,1,0,9,,0.26526315789473687,2.11406441738731,,,-0.2941176470588235,0,0.5555555555555556,1
trial_0010,11,train,,,0.2507648457621419,,,0.008860810378263164,,,0.0,0.0,0.023528669083621057,0,0,1,0,0,0.0,0,1,0,,,,,12.959071178768955,,,,,
trial_0010,11,eval,,,,,,,0.21052631578947367,1.969110652020103,,,,,,,,,,,,,,,,,,,,,,
trial_0010,11,global,,,,0.4299485785087707,-0.14059549745824254,,,,,,,0,0,1,0,0,0.0,0,1,0,18,,0.08325358851674641,7.882289113724631,,,-0.8431372549019608,0,1.0,1
trial_0010,12,train,,,0.25071640485940977,,,0.011324191509291183,,,0.0,1.0,0.3783024952335413,0,0,1,0,0,0.0,0,1,0,,,,,2.644394326210022,,,,,
trial_0010,12,eval,,,,,,,0.15789473684210525,2.8502843003523974,,,,,,,,,,,,,,,,,,,,,,
trial_0010,12,global,,,,0.2814120102304475,-0.09111257408228779,,,,,,,0,0,1,0,0,0.0,0,1,0,18,,0.0660287081339713,7.267615414122075,,,-0.8431372549019608,0,1.0,1
trial_0010,13,train,,,0.25067928433418274,,,0.013076325228741002,,,0.0,0.7325581395348837,0.10037846754110137,0,0,1,0,0,0.0,0,1,0,,,,,1.9872991711594337,,,,,
trial_0010,13,eval,,,,,,,0.2631578947368421,1.9738768778349223,,,,,,,,,,,,,,,,,,,,,,
trial_0010,13,global,,,,0.2868972222884295,-0.05537686850399729,,,,,,,0,0,1,0,0,0.0,0,1,0,18,,0.10143540669856459,6.37878010763506,,,-0.8431372549019608,0,1.0,1
trial_0010,14,train,,,0.2506556704986927,,,0.013599859160739322,,,0.0,0.0,0.06487945365871109,0,0,1,0,0,0.0,0,1,0,,,,,1.6626762744992278,,,,,
trial_0010,14,eval,,,,,,,0.3157894736842105,2.1537017759523893,,,,,,,,,,,,,,,,,,,,,,
trial_0010,14,global,,,,0.3047879185046343,-0.06591462354373152,,,,,,,0,0,1,0,0,0.0,0,1,0,18,,0.0937799043062201,6.737125479775753,,,-0.8431372549019608,0,1.0,1
trial_0010,15,train,,,0.2506005410538163,,,0.013987591360197511,,,0.0,0.0,0.05885511971576963,0,0,1,0,0,0.0,0,1,0,,,,,1.4688863621201624,,,,,
trial_0010,15,eval,,,,,,,0.3157894736842105,1.9823243053335893,,,,,,,,,,,,,,,,,,,,,,
trial_0010,15,global,,,,0.3015932171878673,-0.037399726808729855,,,,,,,0,0,1,0,0,0.0,0,1,0,18,,0.1215311004784689,5.822632424569016,,,-0.8431372549019608,0,1.0,1
trial_0010,16,train,,,0.2505720878063246,,,0.014414036603167998,,,0.0,0.0,0.04751054757209711,0,0,1,0,0,0.0,0,1,0,,,,,1.3429218509862588,,,,,
trial_0010,16,eval,,,,,,,0.3684210526315789,2.102325847274378,,,,,,,,,,,,,,,,,,,,,,
trial_0010,16,global,,,,0.31113529946077895,-0.04449082868948468,,,,,,,0,0,1,0,0,0.0,0,1,0,18,,0.11578947368421053,6.579950700878527,,,-0.8431372549019608,0,1.0,1
trial_0010,17,train,,,0.2505440060482469,,,0.015287922045519185,,,0.0,0.0,0.053951073082727063,0,0,1,0,0,0.0,0,1,0,,,,,1.2269390181053517,,,,,
trial_0010,17,eval,,,,,,,0.2631578947368421,1.9694716679422477,,,,,,,,,,,,,,,,,,,,,,
trial_0010,17,global,,,,0.29745021144539546,-0.030805740674101172,,,,,,,0,0,1,0,0,0.0,0,1,0,18,,0.12822966507177033,5.6800225714177035,,,-0.8431372549019608,0,1.0,1
trial_0010,18,train,,,0.25054745376110077,,,0.015753772542920222,,,0.0,0.0,0.045436578616499905,0,0,1,0,0,0.0,0,1,0,,,,,1.1475810260273689,,,,,
trial_0010,18,eval,,,,,,,0.3684210526315789,2.172888831088417,,,,,,,,,,,,,,,,,,,,,,
trial_0010,18,global,,,,0.315898766156953,-0.03243028182961904,,,,,,,0,0,1,0,0,0.0,0,1,0,18,,0.12631578947368421,6.387381273479553,,,-0.8431372549019608,0,1.0,1
trial_0010,19,train,,,0.2505544645841732,,,0.016944111779678698,,,0.0,0.0,0.05339700138889428,0,0,2,1,0,0.0,0,1,0,,,,,1.063565355955168,,,,,
trial_0010,19,eval,0.21052631578947367,0.21052631578947367,,,,,,,,,,,,,,,,,,,,1.6842105263157894,,,,0.0,,,,
trial_0010,19,global,,,,0.31144377096275133,-0.027049360709491432,,,,,,,0,0,2,0,0,0.0,0,2,0,18,,0.13110047846889952,5.745492267152339,,,-0.8431372549019608,0,1.0,1
trial_0010,20,train,,,0.2505690368802048,,,0.01754868714961895,,,0.0,0.0,0.04409568360032037,0,0,2,0,0,0.0,0,2,0,,,,,0.9597055376962174,,,,,
trial_0010,20,eval,,,,,,,0.42105263157894735,2.156735733935707,,,,,,,,,,,,,,,,,,,,,,
trial_0010,20,global,,,,0.31813421401055425,-0.027173597027688904,,,,,,,0,0,2,0,0,0.0,0,2,0,18,,0.1320574162679426,6.021908236234382,,,-0.8431372549019608,0,1.0,1
trial_0010,21,train,,,0.2505334419138888,,,0.01063707986093582,,,0.0,0.0,0.02564050246307511,0,0,2,0,0,0.0,0,2,0,,,,,12.668177639169894,,,,,
trial_0010,21,eval,,,,,,,0.21052631578947367,2.2019106212415194,,,,,,,,,,,,,,,,,,,,,,
trial_0010,21,global,,,,0.4399666799445575,-0.14900606296169217,,,,,,,0,0,2,0,0,0.0,0,2,0,27,,0.051393188854489166,12.26925841765507,,,-0.8431372549019608,0,1.0,1
trial_0010,22,train,,,0.2505264409044956,,,0.018514852416008074,,,0.0,0.9999999999999999,0.1410783569070887,0,0,2,0,0,0.0,0,2,0,,,,,2.1777230780175394,,,,,
trial_0010,22,eval,,,,,,,0.10526315789473684,2.144995877617284,,,,,,,,,,,,,,,,,,,,,,
trial_0010,22,global,,,,0.33936999935525103,-0.09910647149873965,,,,,,,0,0,2,0,0,0.0,0,2,0,27,,0.05572755417956656,9.727612368462625,,,-0.8431372549019608,0,1.0,1
trial_0010,23,train,,,0.25050250218903763,,,0.016394069695726352,,,0.0,0.0,0.03682435942774124,0,0,2,0,0,0.0,0,2,0,,,,,1.9422994233192281,,,,,
trial_0010,23,eval,,,,,,,0.42105263157894735,1.778412429909957,,,,,,,,,,,,,,,,,,,,,,
trial_0010,23,global,,,,0.3460937131814068,-0.09533427976726146,,,,,,,0,0,2,0,0,0.0,0,2,0,27,,0.06068111455108359,10.00729025849617,,,-0.8431372549019608,0,1.0,1
trial_0010,24,train,,,0.2504453716125894,,,0.017214684013990643,,,0.0,0.0,0.029537526771743247,0,0,2,0,0,0.0,0,2,0,,,,,1.6463663501942412,,,,,
trial_0010,24,eval,,,,,,,0.42105263157894735,1.582783811970761,,,,,,,,,,,,,,,,,,,,,,
trial_0010,24,global,,,,0.32255692324100366,-0.050469306542859506,,,,,,,0,0,2,0,0,0.0,0,2,0,27,,0.10588235294117647,9.43786834386111,,,-0.8431372549019608,0,1.0,1
trial_0010,25,train,,,0.25041902207947797,,,0.017425815079440462,,,0.0,0.0,0.024859650718404895,0,0,2,0,0,0.0,0,2,0,,,,,1.5611191110408051,,,,,
trial_0010,25,eval,,,,,,,0.3684210526315789,1.5295870617816323,,,,,,,,,,,,,,,,,,,,,,
trial_0010,25,global,,,,0.31974518670879853,-0.03593007741084216,,,,,,,0,0,2,0,0,0.0,0,2,0,27,,0.1195046439628483,9.164184487641043,,,-0.8431372549019608,0,1.0,1
trial_0010,26,train,,,0.25041967154817374,,,0.018103103212853692,,,0.0,0.0,0.02696547502295134,0,0,2,0,0,0.0,0,2,0,,,,,1.4804020582361423,,,,,
trial_0010,26,eval,,,,,,,0.42105263157894735,1.4743806500183907,,,,,,,,,,,,,,,,,,,,,,
trial_0010,26,global,,,,0.3263470759906979,-0.03691577615975008,,,,,,,0,0,2,0,0,0.0,0,2,0,27,,0.12012383900928793,9.110529008516956,,,-0.8431372549019608,0,1.0,1
trial_0010,27,train,,,0.2504323733613846,,,0.019222650122135244,,,0.0,0.0,0.026559000601001248,0,0,2,0,0,0.0,0,2,0,,,,,1.3745350586607101,,,,,
trial_0010,27,eval,,,,,,,0.47368421052631576,1.4232220085043656,,,,,,,,,,,,,,,,,,,,,,
trial_0010,27,global,,,,0.32573643183467743,-0.03023049676242771,,,,,,,0,0,2,0,0,0.0,0,2,0,27,,0.12445820433436533,8.941567638857816,,,-0.8431372549019608,0,1.0,1
trial_0010,28,train,,,0.25045444198111266,,,0.02038035303988355,,,0.0,0.0,0.026924767614679136,0,0,2,0,0,0.0,0,2,0,,,,,1.290046828604759,,,,,
trial_0010,28,eval,,,,,,,0.47368421052631576,1.3676444417551945,,,,,,,,,,,,,,,,,,,,,,
trial_0010,28,global,,,,0.3306295130912023,-0.033294588535642156,,,,,,,0,0,2,0,0,0.0,0,2,0,27,,0.1238390092879257,8.882292409135092,,,-0.8431372549019608,0,1.0,1
trial_0010,29,train,,,0.2504822932025219,,,0.022679988691147335,,,0.0,0.0,0.026987085146631336,0,0,2,0,0,0.0,0,2,0,,,,,1.1826417895073584,,,,,
trial_0010,29,eval,,,,,,,0.5263157894736842,1.2899548129031533,,,,,,,,,,,,,,,,,,,,,,
trial_0010,29,global,,,,0.3216601234289254,-0.020859991241490936,,,,,,,0,0,2,0,0,0.0,0,2,0,27,,0.13436532507739937,8.700144504984097,,,-0.8431372549019608,0,1.0,1
trial_0010,30,train,,,0.25050846836034285,,,0.024525814154680737,,,0.0,0.0,0.02651749120113698,0,0,2,0,0,0.0,0,2,0,,,,,1.0562006506514043,,,,,
trial_0010,30,eval,,,,,,,0.5789473684210527,1.231860738051565,,,,,,,,,,,,,,,,,,,,,,
trial_0010,30,global,,,,0.32894699854648507,-0.02381184952403373,,,,,,,0,0,2,0,0,0.0,0,2,0,27,,0.13126934984520125,8.592413670212123,,,-0.8431372549019608,0,1.0,1
trial_0010,31,train,,,0.25054127532751,,,0.025843217493371762,,,0.0,0.0,0.025633649076236057,0,0,2,0,0,0.0,0,2,0,,,,,0.9734741928729606,,,,,
trial_0010,31,eval,,,,,,,0.6842105263157894,1.1751921553360787,,,,,,,,,,,,,,,,,,,,,,
trial_0010,31,global,,,,0.3260881340760946,-0.018127630054375246,,,,,,,0,0,2,0,0,0.0,0,2,0,27,,0.13808049535603714,8.513406764169227,,,-0.8431372549019608,0,1.0,1
trial_0010,32,train,,,0.25059050908114044,,,0.027174094255934367,,,0.0,0.0,0.024813692010146507,0,0,2,0,0,0.0,0,2,0,,,,,0.8954912075336943,,,,,
trial_0010,32,eval,,,,,,,0.6842105263157894,1.1399203476152922,,,,,,,,,,,,,,,,,,,,,,
trial_0010,32,global,,,,0.3261962290838087,-0.013227307553671781,,,,,,,0,0,2,0,0,0.0,0,2,0,27,,0.1417956656346749,8.50837435176129,,,-0.8431372549019608,0,1.0,1
trial_0010,33,train,,,0.25062453556568065,,,0.028762036181510763,,,0.0,0.0,0.02449214340762255,0,0,2,0,0,0.0,0,2,0,,,,,0.8363343401792203,,,,,
trial_0010,33,eval,,,,,,,0.6842105263157894,1.1038471962276257,,,,,,,,,,,,,,,,,,,,,,
trial_0010,33,global,,,,0.32810238444784545,-0.012341655959234987,,,,,,,0,0,2,0,0,0.0,0,2,0,27,,0.14303405572755418,8.350483963437863,,,-0.8431372549019608,0,1.0,1
trial_0010,34,train,,,0.2506727271891655,,,0.030183281194656457,,,0.0,0.0,0.024420953534067945,0,0,3,1,0,0.0,0,2,0,,,,,0.7579189040559403,,,,,
trial_0010,34,eval,0.42105263157894735,0.42105263157894735,,,,,,,,,,,,,,,,,,,,2.1052631578947367,,,,0.0,,,,
trial_0010,34,global,,,,0.3271596033923237,-0.007835463006967932,,,,,,,0,0,3,0,0,0.0,0,3,0,27,,0.14674922600619195,8.313197161317241,,,-0.8431372549019608,0,1.0,1
trial_0010,35,train,,,0.25072515993676286,,,0.0311529075211667,,,0.0,0.0,0.024625014573177124,0,0,3,0,0,0.0,0,3,0,,,,,0.7030780562695037,,,,,
trial_0010,35,eval,,,,,,,0.631578947368421,1.0924394287561114,,,,,,,,,,,,,,,,,,,,,,
trial_0010,35,global,,,,0.3274613656201604,-0.005041046051668988,,,,,,,0,0,3,0,0,0.0,0,3,0,27,,0.1498452012383901,8.257486701233098,,,-0.8431372549019608,0,1.0,1
trial_0010,36,train,,,0.2507877061341671,,,0.03198281485349574,,,0.0,0.0,0.02441083336288625,0,0,3,0,0,0.0,0,3,0,,,,,0.6489132552704912,,,,,
trial_0010,36,eval,,,,,,,0.631578947368421,1.0839906617214805,,,,,,,,,,,,,,,,,,,,,,
trial_0010,36,global,,,,0.3299769264891835,-0.007556606920692017,,,,,,,0,0,3,0,0,0.0,0,3,0,27,,0.1479876160990712,8.170600385636368,,,-0.8431372549019608,0,1.0,1
trial_0010,37,train,,,0.25085648165104235,,,0.03282811334158511,,,0.0,0.0,0.024735778181793844,0,0,3,0,0,0.0,0,3,0,,,,,0.5858154438277507,,,,,
trial_0010,37,eval,,,,,,,0.631578947368421,1.0831797656260038,,,,,,,,,,,,,,,,,,,,,,
trial_0010,37,global,,,,0.333570737167397,-0.008456814905302904,,,,,,,0,0,3,0,0,0.0,0,3,0,27,,0.14613003095975233,8.150954040432863,,,-0.8431372549019608,0,1.0,1
trial_0010,38,train,,,0.2509324442833028,,,0.034615977013364746,,,0.0,0.0,0.02416147041392136,0,0,3,0,0,0.0,0,3,0,,,,,0.5574236398047588,,,,,
trial_0010,38,eval,,,,,,,0.631578947368421,1.0615970492362974,,,,,,,,,,,,,,,,,,,,,,
trial_0010,38,global,,,,0.33599186042252116,-0.010072785181361045,,,,,,,0,0,3,0,0,0.0,0,3,0,27,,0.14613003095975233,8.07551766268609,,,-0.8431372549019608,0,1.0,1
trial_0010,39,train,,,0.2510108621196544,,,0.036534305424132246,,,0.0,0.0,0.024926981353696358,0,0,4,1,0,0.0,0,3,0,,,,,0.5228403857413758,,,,,
trial_0010,39,eval,0.47368421052631576,0.5263157894736842,,,,,,,,,,,,,,,,,,,,2.1052631578947367,,,,0.0,,,,
trial_0010,39,global,,,,0.3347561092051524,-0.008837033963992312,,,,,,,0,0,4,0,0,0.0,0,4,0,27,,0.14674922600619195,8.055345642751215,,,-0.8431372549019608,0,1.0,1
trial_0010,40,train,,,0.25109603081611875,,,0.03618220572775983,,,0.0,0.0,0.02478391612543071,0,0,4,0,0,0.0,0,4,0,,,,,0.4817572374293144,,,,,
trial_0010,40,eval,,,,,,,0.5789473684210527,1.0383471721097042,,,,,,,,,,,,,,,,,,,,,,
trial_0010,40,global,,,,0.3369713386328255,-0.011052263391665451,,,,,,,0,0,4,0,0,0.0,0,4,0,27,,0.14427244582043344,8.057053935048012,,,-0.8431372549019608,0,1.0,1
trial_0010,41,train,,,0.25115831957218493,,,0.03934258476216742,,,0.0,0.0,0.024754040766547022,0,0,4,0,0,0.0,0,4,0,,,,,0.45496581456762675,,,,,
trial_0010,41,eval,,,,,,,0.5263157894736842,1.026659419662074,,,,,,,,,,,,,,,,,,,,,,
trial_0010,41,global,,,,0.3377932977626148,-0.011874222521454631,,,,,,,0,0,4,0,0,0.0,0,4,0,27,,0.14551083591331268,7.866910909646805,,,-0.8431372549019608,0,1.0,1
trial_0010,42,train,,,0.2512292180289613,,,0.038368782623017086,,,0.0,0.0,0.023773688969618467,0,0,5,1,0,0.0,0,4,0,,,,,0.41160059387379505,,,,,
trial_0010,42,eval,0.3684210526315789,0.3684210526315789,,,,,,,,,,,,,,,,,,,,2.1052631578947367,,,,0.15789473684210525,,,,
trial_0010,42,global,,,,0.33952942363147415,-0.013153101019486442,,,,,,,0,0,5,0,0,0.25,0,5,0,27,,0.1436532507739938,7.876575743967535,,,-0.8431372549019608,0,1.0,1
trial_0010,43,train,,,0.2512824490983435,,,0.041316057931869585,,,0.0,0.0,0.02329084392874799,0,0,5,0,0,0.25,0,5,0,,,,,0.3936819765161961,,,,,
trial_0010,43,eval,,,,,,,0.5263157894736842,1.0150392024140609,,,,,,,,,,,,,,,,,,,,,,
trial_0010,43,global,,,,0.3403071013874076,-0.013473531404592225,,,,,,,0,0,5,0,0,0.25,0,5,0,27,,0.14427244582043344,7.792616078285241,,,-0.8431372549019608,0,1.0,1
trial_0010,44,train,,,0.25135862573664236,,,0.04066399199531433,,,0.0,0.0,0.023076532008324532,0,0,5,0,0,0.25,0,5,0,,,,,0.3558623250811658,,,,,
trial_0010,44,eval,,,,,,,0.47368421052631576,1.018184156794297,,,,,,,,,,,,,,,,,,,,,,
trial_0010,44,global,,,,0.33732175239360784,-0.01048818241079251,,,,,,,0,0,5,0,0,0.25,0,5,0,27,,0.14551083591331268,7.836753538149429,,,-0.8431372549019608,0,1.0,1
trial_0010,45,train,,,0.2514290787438129,,,0.04325368112706124,,,0.0,0.0,0.022726042145625396,0,0,5,0,0,0.25,0,5,0,,,,,0.3481359418402327,,,,,
trial_0010,45,eval,,,,,,,0.47368421052631576,1.0181898286468103,,,,,,,,,,,,,,,,,,,,,,
trial_0010,45,global,,,,0.3400958731014324,-0.013262303118617067,,,,,,,0,0,5,0,0,0.25,0,5,0,27,,0.1436532507739938,7.736148250804228,,,-0.8431372549019608,0,1.0,1
trial_0010,46,train,,,0.2515102453688358,,,0.045707894449538364,,,0.0,0.0,0.023458021043978157,0,0,5,0,0,0.25,0,5,0,,,,,0.31379021181071054,,,,,
trial_0010,46,eval,,,,,,,0.5789473684210527,1.0895352959632874,,,,,,,,,,,,,,,,,,,,,,
trial_0010,46,global,,,,0.33854111624891026,-0.009687344245892845,,,,,,,0,0,5,0,0,0.25,0,5,0,27,,0.14613003095975233,7.541000779568226,,,-0.8431372549019608,0,1.0,1
trial_0010,47,train,,,0.2515806517702468,,,0.043780697470015666,,,0.0,0.0,0.021214341270697722,0,0,6,1,0,0.25,0,5,0,,,,,0.2991016670110378,,,,,
trial_0010,47,eval,0.47368421052631576,0.42105263157894735,,,,,,,,,,,,,,,,,,,,2.1052631578947367,,,,0.42105263157894735,,,,
trial_0010,47,global,,,,0.3445812836183695,-0.015727511615352113,,,,,,,1,1,6,0,0,0.5,1,5,0,27,,0.1368421052631579,7.478774901587896,,,-0.8431372549019608,0,1.0,1
trial_0010,48,train,,,0.2511968599989059,,,0.03230046205460391,,,0.0,0.0,0.02214168836907583,1,1,6,0,0,0.5,1,5,0,,,,,0.308774240980757,,,,,
trial_0010,48,eval,,,,,,,0.5263157894736842,1.1054648662868298,,,,,,,,,,,,,,,,,,,,,,
trial_0010,48,global,,,,0.3405661672251242,-0.010365593875305426,,,,,,,1,0,6,0,0,0.5,0,5,1,27,,0.14674922600619195,7.644293734901829,,,-0.8431372549019608,0,1.0,1
trial_0010,49,train,,,0.25168673662429164,,,0.046598542877968316,,,0.0,0.0,0.021076464310704555,1,0,6,0,0,0.5,0,5,1,,,,,0.28692540294946506,,,,,
trial_0010,49,eval,,,,,,,0.5263157894736842,1.0740272967438949,,,,,,,,,,,,,,,,,,,,,,
trial_0010,49,global,,,,0.34275130870775367,-0.01174558237886895,,,,,,,1,0,6,0,0,0.5,0,5,1,27,,0.14613003095975233,7.468225636201747,,,-0.8431372549019608,0,1.0,1
trial_0010,50,train,,,0.25175745309667386,,,0.047117902243391,,,0.0,0.0,0.01961642920406179,1,0,7,1,0,0.5,0,5,1,,,,,0.2630984951524024,,,,,
trial_0010,50,eval,0.47368421052631576,0.3684210526315789,,,,,,,,,,,,,,,,,,,,2.1052631578947367,,,,0.5263157894736842,,,,
trial_0010,50,global,,,,0.3480992321056018,-0.01628835279765103,,,,,,,2,1,7,0,0,0.5,1,5,1,27,,0.1386996904024768,6.14074433743031,,,-0.8431372549019608,0,1.0,1
trial_0010,51,train,,,0.25149557533416345,,,0.027943404104085044,,,0.0,0.0,0.020904221282182063,2,1,7,0,0,0.5,1,5,1,,,,,0.26126619764464964,,,,,
trial_0010,51,eval,,,,,,,0.5789473684210527,1.0782810982904936,,,,,,,,,,,,,,,,,,,,,,
trial_0010,51,global,,,,0.34132156558664367,-0.009510686278692879,,,,,,,2,1,7,0,0,0.5,1,5,1,27,,0.1479876160990712,7.40305215935958,,,-0.8431372549019608,0,1.0,1
trial_0010,52,train,,,0.2514861581173349,,,0.029477794912267236,,,0.0,0.0,0.019531977630438326,2,1,7,0,0,0.5,1,5,1,,,,,0.27044767375956186,,,,,
trial_0010,52,eval,,,,,,,0.5263157894736842,1.003346662772329,,,,,,,,,,,,,,,,,,,,,,
trial_0010,52,global,,,,0.34071378149508974,-0.007531160074656124,,,,,,,2,0,7,0,0,0.5,0,5,2,27,,0.15108359133126936,7.502203928944496,,,-0.8431372549019608,0,1.0,1
trial_0010,53,train,,,0.2519100394020689,,,0.049718843178546177,,,0.0,0.0,0.01911763232325184,2,0,7,0,0,0.5,0,5,2,,,,,0.24907014129009653,,,,,
trial_0010,53,eval,,,,,,,0.5263157894736842,1.0941493605312549,,,,,,,,,,,,,,,,,,,,,,
trial_0010,53,global,,,,0.3443987784718524,-0.011216157051418794,,,,,,,2,0,7,0,0,0.5,0,5,2,27,,0.14674922600619195,7.321223341053115,,,-0.8431372549019608,0,1.0,1
trial_0010,54,train,,,0.2519847268753863,,,0.04980597312146044,,,0.0,0.0,0.018394241636579343,2,0,7,0,0,0.5,0,5,2,,,,,0.2355750854028032,,,,,
trial_0010,54,eval,,,,,,,0.47368421052631576,1.0483018003012006,,,,,,,,,,,,,,,,,,,,,,
trial_0010,54,global,,,,0.3423342988916616,-0.009151677471227988,,,,,,,2,0,7,0,0,0.5,0,5,2,27,,0.1498452012383901,7.363784291648274,,,-0.8431372549019608,0,1.0,1
trial_0010,55,train,,,0.25204998888867963,,,0.05298186014307306,,,0.0,0.0,0.01724053166132975,2,0,7,0,0,0.5,0,5,2,,,,,0.23760879410708205,,,,,
trial_0010,55,eval,,,,,,,0.5263157894736842,1.0472387483245447,,,,,,,,,,,,,,,,,,,,,,
trial_0010,55,global,,,,0.349587352695585,-0.016404731275151366,,,,,,,2,0,7,0,0,0.5,0,5,2,27,,0.1411764705882353,7.262993274606049,,,-0.8431372549019608,0,1.0,1
trial_0010,56,train,,,0.2521244173354291,,,0.05744493578342681,,,0.0,0.0,0.018145101565738862,2,0,8,1,0,0.5,0,5,2,,,,,0.22642438880940702,,,,,
trial_0010,56,eval,0.42105263157894735,0.47368421052631576,,,,,,,,,,,,,,,,,,,,2.1052631578947367,,,,0.15789473684210525,,,,
trial_0010,56,global,,,,0.3484760606164849,-0.015293439196051277,,,,,,,2,0,8,0,0,0.25,0,6,2,27,,0.14303405572755418,7.136034877529085,,,-0.8431372549019608,0,1.0,1
trial_0010,57,train,,,0.25218653013097475,,,0.055921273979734856,,,0.0,0.0,0.016875057463890855,2,0,8,0,0,0.25,0,6,2,,,,,0.22118076957920763,,,,,
trial_0010,57,eval,,,,,,,0.5789473684210527,1.0936243377233805,,,,,,,,,,,,,,,,,,,,,,
trial_0010,57,global,,,,0.3438361925669352,-0.010653571146501613,,,,,,,2,0,8,0,0,0.25,0,6,2,27,,0.14674922600619195,7.18283064520396,,,-0.8431372549019608,0,1.0,1
trial_0010,58,train,,,0.25227397077895225,,,0.05571973926209389,,,0.0,0.0,0.01633945208741352,2,0,8,0,0,0.25,0,6,2,,,,,0.20157433542165348,,,,,
trial_0010,58,eval,,,,,,,0.5263157894736842,1.056371304549669,,,,,,,,,,,,,,,,,,,,,,
trial_0010,58,global,,,,0.3473363167588234,-0.014153695338389796,,,,,,,2,0,8,0,0,0.25,0,6,2,27,,0.1436532507739938,7.188044039605202,,,-0.8431372549019608,0,1.0,1
trial_0010,59,train,,,0.2523495190321131,,,0.05875718466779019,,,0.0,0.0,0.015593354495866425,2,0,9,1,0,0.25,0,6,2,,,,,0.20361013269804895,,,,,
trial_0010,59,eval,0.5789473684210527,0.5263157894736842,,,,,,,,,,,,,,,,,,,,2.1052631578947367,,,,0.3684210526315789,,,,
trial_0010,59,global,,,,0.34871214331863454,-0.01552952189820087,,,,,,,2,0,9,0,0,0.25,0,7,2,27,,0.1417956656346749,7.110089739631204,,,-0.8431372549019608,0,1.0,1
trial_0010,60,train,,,0.2523983786714838,,,0.05792128786127618,,,0.0,0.0,0.014970218806101528,2,0,10,1,0,0.25,0,7,2,,,,,0.2122737332861474,,,,,
trial_0010,60,eval,0.3684210526315789,0.3684210526315789,,,,,,,,,,,,,,,,,,,,2.1052631578947367,,,,0.0,,,,
trial_0010,60,global,,,,0.35554254927465323,-0.022359927854219593,,,,,,,2,0,10,0,0,0.0,0,8,2,27,,0.13622291021671826,7.246648210932965,,,-0.8431372549019608,0,1.0,1
trial_0010,61,train,,,0.2524701217387585,,,0.06151862283970447,,,0.0,0.0,0.01498393963804429,2,0,10,0,0,0.0,0,8,2,,,,,0.21057275730244657,,,,,
trial_0010,61,eval,,,,,,,0.5789473684210527,1.0241967361224324,,,,,,,,,,,,,,,,,,,,,,
trial_0010,61,global,,,,0.3495142180121339,-0.015874349220872653,,,,,,,2,0,10,0,0,0.0,0,8,2,27,,0.1436532507739938,7.124920987344748,,,-0.8431372549019608,0,1.0,1
trial_0010,62,train,,,0.2525365187766704,,,0.061405199956386644,,,0.0,0.0,0.013805402119946172,2,0,10,0,0,0.0,0,8,2,,,,,0.19283353898753508,,,,,
trial_0010,62,eval,,,,,,,0.5789473684210527,1.0188232817147906,,,,,,,,,,,,,,,,,,,,,,
trial_0010,62,global,,,,0.35099751735051615,-0.016900401188427287,,,,,,,2,0,10,0,0,0.0,0,8,2,27,,0.14241486068111456,7.169738986839082,,,-0.8431372549019608,0,1.0,1
trial_0010,63,train,,,0.25259679333960755,,,0.06250904151733885,,,0.0,0.0,0.013351045838220325,2,0,10,0,0,0.0,0,8,2,,,,,0.17908724743001003,,,,,
trial_0010,63,eval,,,,,,,0.5789473684210527,1.040403077476903,,,,,,,,,,,,,,,,,,,,,,
trial_0010,63,global,,,,0.354205908430369,-0.02010879226828008,,,,,,,2,0,10,0,0,0.0,0,8,2,27,,0.1393188854489164,7.182632089620773,,,-0.8431372549019608,0,1.0,1
trial_0010,64,train,,,0.25267396677047643,,,0.06339506995170675,,,0.0,0.0,0.013286068144705189,2,0,11,1,0,0.0,0,8,2,,,,,0.17439476232579415,,,,,
trial_0010,64,eval,0.47368421052631576,0.5789473684210527,,,,,,,,,,,,,,,,,,,,2.1052631578947367,,,,0.0,,,,
trial_0010,64,global,,,,0.3483235566620664,-0.014226440499977523,,,,,,,2,0,11,0,0,0.0,0,9,2,27,,0.1436532507739938,6.974534254989388,,,-0.8431372549019608,0,1.0,1
trial_0010,65,train,,,0.25274786670157245,,,0.06176924515277782,,,0.0,0.0,0.012287045904791896,2,0,11,0,0,0.0,0,9,2,,,,,0.16778464597907472,,,,,
trial_0010,65,eval,,,,,,,0.5263157894736842,1.0051850111860978,,,,,,,,,,,,,,,,,,,,,,
trial_0010,65,global,,,,0.35296855842717567,-0.01795694752343155,,,,,,,2,0,11,0,0,0.0,0,9,2,27,,0.14241486068111456,7.061063701523347,,,-0.8431372549019608,0,1.0,1
trial_0010,66,train,,,0.25281778263284804,,,0.06386384558170399,,,0.0,0.0,0.012554438894817686,2,0,11,0,0,0.0,0,9,2,,,,,0.16077076859296635,,,,,
trial_0010,66,eval,,,,,,,0.6842105263157894,1.0232878421482288,,,,,,,,,,,,,,,,,,,,,,
trial_0010,66,global,,,,0.34809507583253335,-0.013083464928789245,,,,,,,2,0,11,0,0,0.0,0,9,2,27,,0.14489164086687306,6.999026668772978,,,-0.8431372549019608,0,1.0,1
trial_0010,67,train,,,0.25289947967580023,,,0.06346380583783413,,,0.0,0.0,0.011019194869948751,2,0,12,1,0,0.0,0,9,2,,,,,0.17144303053934523,,,,,
trial_0010,67,eval,0.5789473684210527,0.5263157894736842,,,,,,,,,,,,,,,,,,,,2.1052631578947367,,,,0.15789473684210525,,,,
trial_0010,67,global,,,,0.35062247331216734,-0.015610862408423212,,,,,,,2,0,12,0,0,0.25,0,10,2,27,,0.14241486068111456,6.908585310425183,,,-0.8431372549019608,0,1.0,1
trial_0010,68,train,,,0.25298226703988747,,,0.06481355809150859,,,0.0,0.0,0.011622034459736476,2,0,13,1,0,0.25,0,10,2,,,,,0.15697734122897716,,,,,
trial_0010,68,eval,0.42105263157894735,0.47368421052631576,,,,,,,,,,,,,,,,,,,,2.1052631578947367,,,,0.0,,,,
trial_0010,68,global,,,,0.3493119899247937,-0.014300379021049558,,,,,,,2,0,13,0,0,0.0,0,11,2,27,,0.1436532507739938,7.0459442138671875,,,-0.8431372549019608,0,1.0,1
trial_0010,69,train,,,0.2530565949830603,,,0.06773253768048387,,,0.0,0.0,0.010953224649865855,2,0,13,0,0,0.0,0,11,2,,,,,0.15881676734127895,,,,,
trial_0010,69,eval,,,,,,,0.631578947368421,1.0361067715444063,,,,,,,,,,,,,,,,,,,,,,
trial_0010,69,global,,,,0.3502209382614127,-0.015209327357668605,,,,,,,2,0,13,0,0,0.0,0,11,2,27,,0.14241486068111456,6.968660714825609,,,-0.8431372549019608,0,1.0,1
trial_0010,70,train,,,0.2531253904738324,,,0.06402294559681668,,,0.0,0.0,0.011810687825237302,2,0,13,0,0,0.0,0,11,2,,,,,0.14890561374895117,,,,,
trial_0010,70,eval,,,,,,,0.6842105263157894,1.0293850522292287,,,,,,,,,,,,,,,,,,,,,,
trial_0010,70,global,,,,0.3487435063619499,-0.013731895458205743,,,,,,,2,0,13,0,0,0.0,0,11,2,27,,0.1436532507739938,6.860425872330326,,,-0.8431372549019608,0,1.0,1
trial_0010,71,train,,,0.253206674088823,,,0.06739742356411954,,,0.0,0.0,0.010713041426819513,2,0,13,0,0,0.0,0,11,2,,,,,0.14406914747458824,,,,,
trial_0010,71,eval,,,,,,,0.6842105263157894,0.995371107992373,,,,,,,,,,,,,,,,,,,,,,
trial_0010,71,global,,,,0.34853811705121784,-0.01352650614747374,,,,,,,2,0,13,0,0,0.0,0,11,2,27,,0.14489164086687306,6.886673200388811,,,-0.8431372549019608,0,1.0,1
trial_0010,72,train,,,0.2532714909695564,,,0.07225677814889461,,,0.0,0.0,0.009385200553484501,2,0,14,1,0,0.0,0,11,2,,,,,0.14107243341017278,,,,,
trial_0010,72,eval,0.5263157894736842,0.5789473684210527,,,,,,,,,,,,,,,,,,,,2.1052631578947367,,,,0.0,,,,
trial_0010,72,global,,,,0.3453941354292259,-0.009035723178680484,,,,,,,2,0,14,0,0,0.0,0,12,2,27,,0.14922600619195048,6.813364167110101,,,-0.8431372549019608,0,1.0,1
trial_0010,73,train,,,0.2533238891591417,,,0.0648807109670436,,,0.0,0.0,0.008564675155658018,2,0,14,0,0,0.0,0,12,2,,,,,0.13629113564148862,,,,,
trial_0010,73,eval,,,,,,,0.7368421052631579,0.9952734097054129,,,,,,,,,,,,,,,,,,,,,,
trial_0010,73,global,,,,0.34708057359486033,-0.007098972938517797,,,,,,,2,0,14,0,0,0.0,0,12,2,27,,0.15170278637770898,6.841117757318928,,,-0.8431372549019608,0,1.0,1
trial_0010,74,train,,,0.2533927838853065,,,0.06913577242100491,,,0.0,0.0,0.008470080843433106,2,0,14,0,0,0.0,0,12,2,,,,,0.1297984353088318,,,,,
trial_0010,74,eval,,,,,,,0.7368421052631577,1.0246775526749459,,,,,,,,,,,,,,,,,,,,,,
trial_0010,74,global,,,,0.3512250469422323,-0.011243446285889693,,,,,,,2,0,14,0,0,0.0,0,12,2,27,,0.14736842105263157,6.86768873232437,,,-0.8431372549019608,0,1.0,1
trial_0010,75,train,,,0.25346713307056024,,,0.06671013540409981,,,0.0,0.0,0.008367583130862801,2,0,15,1,0,0.0,0,12,2,,,,,0.12818598019632887,,,,,
trial_0010,75,eval,0.6842105263157894,0.6842105263157894,,,,,,,,,,,,,,,,,,,,2.1052631578947367,,,,0.0,,,,
trial_0010,75,global,,,,0.35581225444062603,-0.01583065378428346,,,,,,,2,0,15,0,0,0.0,0,13,2,27,,0.14303405572755418,6.937681912637716,,,-0.8431372549019608,0,1.0,1
trial_0010,76,train,,,0.25353720054981554,,,0.060140879864388326,,,0.0,0.0,0.009004315645297732,2,0,16,1,0,0.0,0,13,2,,,,,0.15006191007634426,,,,,
trial_0010,76,eval,0.47368421052631576,0.47368421052631576,,,,,,,,,,,,,,,,,,,,2.1052631578947367,,,,0.0,,,,
trial_0010,76,global,,,,0.362467542989899,-0.019742458108590814,,,,,,,2,0,16,0,0,0.0,0,14,2,27,,0.14055727554179567,7.057760157157024,,,-0.8431372549019608,0,1.0,1
trial_0010,77,train,,,0.25360429921048755,,,0.05898241984083297,,,0.0,0.0,0.00980684801724373,2,0,16,0,0,0.0,0,14,2,,,,,0.148674156072926,,,,,
trial_0010,77,eval,,,,,,,0.7368421052631579,1.0014242733779706,,,,,,,,,,,,,,,,,,,,,,
trial_0010,77,global,,,,0.35791999748058756,-0.01519491259927934,,,,,,,2,0,16,0,0,0.0,0,14,2,27,,0.14489164086687306,6.998980438893794,,,-0.8431372549019608,0,1.0,1
trial_0010,78,train,,,0.25367104182852074,,,0.05972727499109634,,,0.0,0.0,0.009718747601405956,2,0,16,0,0,0.0,0,14,2,,,,,0.1362357770667431,,,,,
trial_0010,78,eval,,,,,,,0.6842105263157894,1.0692238054777445,,,,,,,,,,,,,,,,,,,,,,
trial_0010,78,global,,,,0.3550027992880323,-0.009862255469525981,,,,,,,2,0,16,0,0,0.0,0,14,2,27,,0.15046439628482972,6.938500924597584,,,-0.8431372549019608,0,1.0,1
trial_0010,79,train,,,0.2537306889574578,,,0.062163333626503635,,,0.0,0.0,0.009153372516293338,2,0,16,0,0,0.0,0,14,2,,,,,0.13208901184670468,,,,,
trial_0010,79,eval,,,,,,,0.7368421052631577,1.1484883113911277,,,,,,,,,,,,,,,,,,,,,,
trial_0010,79,global,,,,0.35672137091440315,-0.011580827095896851,,,,,,,2,0,16,0,0,0.0,0,14,2,27,,0.14736842105263157,6.991615867024236,,,-0.8431372549019608,0,1.0,1
trial_0010,80,train,,,0.25380411807526937,,,0.062294656926013055,,,0.0,0.0,0.009809035215801759,2,0,17,1,0,0.0,0,14,2,,,,,0.12563757330496259,,,,,
trial_0010,80,eval,0.5789473684210527,0.5789473684210527,,,,,,,,,,,,,,,,,,,,2.1052631578947367,,,,0.0,,,,
trial_0010,80,global,,,,0.35536855200214784,-0.010228008183641548,,,,,,,2,0,17,0,0,0.0,0,15,2,27,,0.14922600619195048,6.902411835850577,,,-0.8431372549019608,0,1.0,1
trial_0010,81,train,,,0.2538716574298574,,,0.06249140107885319,,,0.0,0.0,0.008913599262001647,2,0,17,0,0,0.0,0,15,2,,,,,0.12067807166183248,,,,,
trial_0010,81,eval,,,,,,,0.6842105263157894,1.115513092593143,,,,,,,,,,,,,,,,,,,,,,
trial_0010,81,global,,,,0.35936317286083913,-0.014222629042332817,,,,,,,2,0,17,0,0,0.0,0,15,2,27,,0.14551083591331268,7.037860355436249,,,-0.8431372549019608,0,1.0,1
trial_0010,82,train,,,0.25393191931095527,,,0.06473711830504397,,,0.0,0.0,0.010151336256394838,2,0,17,0,0,0.0,0,15,2,,,,,0.1149257182599382,,,,,
trial_0010,82,eval,,,,,,,0.7368421052631577,1.0324769129878595,,,,,,,,,,,,,,,,,,,,,,
trial_0010,82,global,,,,0.3552321179705198,-0.010091574152013439,,,,,,,2,0,17,0,0,0.0,0,15,2,27,,0.14736842105263157,6.796701120665937,,,-0.8431372549019608,0,1.0,1
trial_0010,83,train,,,0.2540089361211087,,,0.07183288766982707,,,0.0,0.0,0.007293916653911089,2,0,18,1,0,0.0,0,15,2,,,,,0.11224595794969416,,,,,
trial_0010,83,eval,0.631578947368421,0.6842105263157894,,,,,,,,,,,,,,,,,,,,2.1052631578947367,,,,0.0,,,,
trial_0010,83,global,,,,0.3549079277477825,-0.009767383929276166,,,,,,,2,0,18,0,0,0.0,0,16,2,27,,0.14736842105263157,6.809085635725559,,,-0.8431372549019608,0,1.0,1
trial_0010,84,train,,,0.2540767097726781,,,0.07203130772773254,,,0.0,0.0,0.006754513896266098,2,0,19,1,0,0.0,0,16,2,,,,,0.11119592411721006,,,,,
trial_0010,84,eval,0.42105263157894735,0.42105263157894735,,,,,,,,,,,,,,,,,,,,2.1052631578947367,,,,0.0,,,,
trial_0010,84,global,,,,0.35642382599153016,-0.011283282173023799,,,,,,,2,0,19,0,0,0.0,0,17,2,27,,0.14674922600619195,6.710629440165895,,,-0.8431372549019608,0,1.0,1
trial_0010,85,train,,,0.2541564293998353,,,0.07305810933417461,,,0.0,0.0,0.006443286556911537,2,0,19,0,0,0.0,0,17,2,,,,,0.10306365632630408,,,,,
trial_0010,85,eval,,,,,,,0.6842105263157894,1.0524768390153583,,,,,,,,,,,,,,,,,,,,,,
trial_0010,85,global,,,,0.35251532404503955,-0.007374780226533185,,,,,,,2,0,19,0,0,0.0,0,17,2,27,,0.15108359133126936,6.671099128368838,,,-0.8431372549019608,0,1.0,1
trial_0010,86,train,,,0.25423423597153194,,,0.07118782591312489,,,0.0,0.0,0.006154683802990203,2,0,19,0,0,0.0,0,17,2,,,,,0.10488630208246251,,,,,
trial_0010,86,eval,,,,,,,0.6842105263157894,1.0669582752805007,,,,,,,,,,,,,,,,,,,,,,
trial_0010,86,global,,,,0.3577699242286465,-0.012629380410140199,,,,,,,2,0,19,0,0,0.0,0,17,2,27,,0.14489164086687306,6.721365150947689,,,-0.8431372549019608,0,1.0,1
trial_0010,87,train,,,0.25431248196896084,,,0.07272778292919727,,,0.0,0.0,0.006364553899472046,2,0,19,0,0,0.0,0,17,2,,,,,0.10388217711068214,,,,,
trial_0010,87,eval,,,,,,,0.7368421052631579,1.0048100493456187,,,,,,,,,,,,,,,,,,,,,,
trial_0010,87,global,,,,0.3574045481389085,-0.012264004320402167,,,,,,,2,0,19,0,0,0.0,0,17,2,27,,0.14551083591331268,6.763276563709366,,,-0.8431372549019608,0,1.0,1
trial_0010,88,train,,,0.2543918645762383,,,0.07380615143065757,,,0.0,0.0,0.006077624629982351,2,0,20,1,0,0.0,0,17,2,,,,,0.0985970156148393,,,,,
trial_0010,88,eval,0.5263157894736842,0.5789473684210527,,,,,,,,,,,,,,,,,,,,2.1052631578947367,,,,0.0,,,,
trial_0010,88,global,,,,0.3601173005218113,-0.014976756703304991,,,,,,,2,0,20,0,0,0.0,0,18,2,27,,0.14489164086687306,6.811366812880194,,,-0.8431372549019608,0,1.0,1
trial_0010,89,train,,,0.25447910928979833,,,0.07285713705610722,,,0.0,0.0,0.006176539031575692,2,0,20,0,0,0.0,0,18,2,,,,,0.09983026266415068,,,,,
trial_0010,89,eval,,,,,,,0.6842105263157894,0.8593283185833379,,,,,,,,,,,,,,,,,,,,,,
trial_0010,89,global,,,,0.356876872464289,-0.011736328645782688,,,,,,,2,0,20,0,0,0.0,0,18,2,27,,0.14736842105263157,6.723659482312276,,,-0.8431372549019608,0,1.0,1
trial_0010,90,train,,,0.2545524096869408,,,0.07386392545192799,,,0.0,0.0,0.005882827137743045,2,0,20,0,0,0.0,0,18,2,,,,,0.0965328908822638,,,,,
trial_0010,90,eval,,,,,,,0.7368421052631579,0.9028963901494678,,,,,,,,,,,,,,,,,,,,,,
trial_0010,90,global,,,,0.3594668277956683,-0.014326283977162006,,,,,,,2,0,20,0,0,0.0,0,18,2,27,,0.14613003095975233,6.768516259444388,,,-0.8431372549019608,0,1.0,1
trial_0011,1,train,,,0.2508003304276285,,,0.008780098364753294,,,0.0,0.0,0.017890783433531336,0,0,0,0,0,,0,0,0,,,,,2.2057223447192644,,,,,
trial_0011,1,eval,,,,,,,0.1764705882352941,2.183778061586268,,,,,,,,,,,,,,,,,,,,,,
trial_0011,1,global,,,,,,,,,,,,0,0,0,0,0,,0,0,0,9,,0.13263157894736843,2.234833177014401,,,,,,
trial_0011,2,train,,,0.2507738587977011,,,0.0152777922162904,,,0.0,0.0,0.028014424123765924,0,0,0,0,0,,0,0,0,,,,,1.9937377715412574,,,,,
trial_0011,2,eval,,,,,,,0.058823529411764705,2.2353164378334496,,,,,,,,,,,,,,,,,,,,,,
trial_0011,2,global,,,,0.07189542483660132,-0.03485838779956427,,,,,,,0,0,0,0,0,,0,0,0,9,,0.09473684210526316,2.3281999849018296,,,-0.6470588235294118,0,0.6470588235294118,0
trial_0011,3,train,,,0.2508077036730851,,,0.02242608269370055,,,0.0,0.0,0.03591824499064986,0,0,0,0,0,,0,0,0,,,,,1.9254483768133746,,,,,
trial_0011,3,eval,,,,,,,0.3529411764705882,2.157234584583956,,,,,,,,,,,,,,,,,,,,,,
trial_0011,3,global,,,,0.1111111111111111,-0.032590814103419144,,,,,,,0,0,0,0,0,,0,0,0,9,,0.10947368421052632,2.2571499222203304,,,-0.6666666666666666,1,1.0,1
trial_0011,4,train,,,0.25079449181315266,,,0.02887728694779209,,,0.0,0.0,0.029508684992884532,0,0,0,0,0,,0,0,0,,,,,1.7964661834899598,,,,,
trial_0011,4,eval,,,,,,,0.058823529411764705,2.1206513853634106,,,,,,,,,,,,,,,,,,,,,,
trial_0011,4,global,,,,0.104720406681191,0.027746200033179333,,,,,,,0,0,0,0,0,,0,0,0,9,,0.16,2.2531706388373123,,,-0.17777777777777776,1,0.5111111111111111,1
trial_0011,5,train,,,0.25081033306785777,,,0.03319370322212388,,,0.0,0.0,0.03105126173483043,0,0,0,0,0,,0,0,0,,,,,1.703617425120114,,,,,
trial_0011,5,eval,,,,,,,0.058823529411764705,1.9960020500070907,,,,,,,,,,,,,,,,,,,,,,
trial_0011,5,global,,,,0.12374727668845316,0.04456162393272721,,,,,,,0,0,0,0,0,,0,0,0,9,,0.1831578947368421,2.2065108786131207,,,-0.29411764705882354,0,0.6470588235294117,0
trial_0011,6,train,,,0.25077747468706924,,,0.03686604969486405,,,0.0,0.0,0.03389476436319985,0,0,1,1,0,,0,0,0,,,,,1.4592959427596432,,,,,
trial_0011,6,eval,0.11764705882352941,0.11764705882352941,,,,,,,,,,,,,,,,,,,,2.8823529411764706,,,,0.0,,,,
trial_0011,6,global,,,,0.1485601648066634,0.07811259846891304,,,,,,,0,0,1,0,0,0.0,0,1,0,9,,0.22526315789473683,2.074892289011102,,,-0.411764705882353,0,0.7647058823529411,0
trial_0011,7,train,,,0.2506883857370932,,,0.03943452993525734,,,0.0,0.0,0.03215096639587155,0,0,1,0,0,0.0,0,1,0,,,,,1.2979952099633691,,,,,
trial_0011,7,eval,,,,,,,0.29411764705882354,1.869342810967389,,,,,,,,,,,,,,,,,,,,,,
trial_0011,7,global,,,,0.14883688242322016,0.10381673853256035,,,,,,,0,0,1,0,0,0.0,0,1,0,9,,0.24421052631578946,2.177087063036467,,,-0.29411764705882354,0,0.6470588235294117,0
trial_0011,8,train,,,0.25063503278961663,,,0.03961856125653544,,,0.0,0.0,0.03969426042860068,0,0,1,0,0,0.0,0,1,0,,,,,1.1851711869239807,,,,,
trial_0011,8,eval,,,,,,,0.23529411764705882,1.950185586424435,,,,,,,,,,,,,,,,,,,,,,
trial_0011,8,global,,,,0.18788963552826085,0.0965100171735514,,,,,,,0,0,1,0,0,0.0,0,1,0,9,,0.23578947368421052,2.1978216324354474,,,-0.35294117647058826,0,0.7058823529411764,0
trial_0011,9,train,,,0.25061293493343306,,,0.04002467467437817,,,0.0,0.0,0.037988286588010914,0,0,1,0,0,0.0,0,1,0,,,,,1.027182125323073,,,,,
trial_0011,9,eval,,,,,,,0.23529411764705882,1.8735522662892063,,,,,,,,,,,,,,,,,,,,,,
trial_0011,9,global,,,,0.17985205968549844,0.10454759301631383,,,,,,,0,0,1,0,0,0.0,0,1,0,9,,0.24421052631578946,2.2388879786039655,,,-0.25490196078431376,0,0.607843137254902,0
trial_0011,10,train,,,0.2505615312087385,,,0.040753146138372304,,,0.0,0.0,0.03598767139866382,0,0,1,0,0,0.0,0,1,0,,,,,0.9232029324468178,,,,,
trial_0011,10,eval,,,,,,,0.47058823529411764,1.6608242988586426,,,,,,,,,,,,,,,,,,,,,,
trial_0011,10,global,,,,0.1738954436659325,0.13889846753206844,,,,,,,0,0,1,0,0,0.0,0,1,0,9,,0.28210526315789475,2.206312383350573,,,-0.17777777777777776,1,0.5111111111111111,1
trial_0011,11,train,,,0.25059967228146485,,,0.00780870514207108,,,0.0,0.0,0.02575716231191578,0,0,1,0,0,0.0,0,1,0,,,,,10.061680778712528,,,,,
trial_0011,11,eval,,,,,,,0.47368421052631576,1.850641689802471,,,,,,,,,,,,,,,,,,,,,,
trial_0011,11,global,,,,0.4587634101086764,-0.14596949891067537,,,,,,,0,0,1,0,0,0.0,0,1,0,18,,0.08708133971291866,9.623908417076585,,,-0.6666666666666666,1,1.0,1
trial_0011,12,train,,,0.2505429508381112,,,0.008477801110508828,,,0.0,1.0,0.3934385727831098,0,0,1,0,0,0.0,0,1,0,,,,,2.7628598753796068,,,,,
trial_0011,12,eval,,,,,,,0.15789473684210525,2.135511586540624,,,,,,,,,,,,,,,,,,,,,,
trial_0011,12,global,,,,0.278126850826088,-0.06849163022411665,,,,,,,0,0,1,0,0,0.0,0,1,0,18,,0.0937799043062201,9.335752669704018,,,-0.6666666666666666,1,1.0,1
trial_0011,13,train,,,0.25052959419960197,,,0.009943260789610617,,,0.0,0.46511627906976744,0.10506486287990283,0,0,1,0,0,0.0,0,1,0,,,,,1.9951128387371961,,,,,
trial_0011,13,eval,,,,,,,0.3157894736842105,2.054515813526354,,,,,,,,,,,,,,,,,,,,,,
trial_0011,13,global,,,,0.30080801826468895,-0.04614627976038268,,,,,,,0,0,1,0,0,0.0,0,1,0,18,,0.11674641148325358,8.017542719498776,,,-0.6666666666666666,1,1.0,1
trial_0011,14,train,,,0.25050629779349926,,,0.011034633617761523,,,0.0,0.0,0.06785631535011669,0,0,1,0,0,0.0,0,1,0,,,,,1.572605270483961,,,,,
trial_0011,14,eval,,,,,,,0.3684210526315789,1.9156097299174257,,,,,,,,,,,,,,,,,,,,,,
trial_0011,14,global,,,,0.2942855689409877,-0.0330878827242631,,,,,,,0,0,1,0,0,0.0,0,1,0,18,,0.13014354066985645,7.967137268285432,,,-0.6666666666666666,1,1.0,1
trial_0011,15,train,,,0.250469904306323,,,0.011780351400375364,,,0.0,0.11627906976744186,0.06882521474603998,0,0,1,0,0,0.0,0,1,0,,,,,1.3890639833635665,,,,,
trial_0011,15,eval,,,,,,,0.42105263157894735,1.9116461653458445,,,,,,,,,,,,,,,,,,,,,,
trial_0011,15,global,,,,0.29157050210459157,-0.02008475004424558,,,,,,,0,0,1,0,0,0.0,0,1,0,18,,0.14258373205741626,7.01193114194003,,,-0.6666666666666666,1,1.0,1
trial_0011,16,train,,,0.2504450190205907,,,0.012939127551954846,,,0.0,0.0,0.05387849270171205,0,0,1,0,0,0.0,0,1,0,,,,,1.2286250555634102,,,,,
trial_0011,16,eval,,,,,,,0.47368421052631576,1.7284622819800124,,,,,,,,,,,,,,,,,,,,,,
trial_0011,16,global,,,,0.28659207628017475,-0.014077517635466639,,,,,,,0,0,1,0,0,0.0,0,1,0,18,,0.14832535885167464,6.865621348659388,,,-0.6666666666666666,1,1.0,1
trial_0011,17,train,,,0.25044796234646505,,,0.01374176205244175,,,0.0,0.0,0.051293533321383394,0,0,1,0,0,0.0,0,1,0,,,,,1.0389896290642875,,,,,
trial_0011,17,eval,,,,,,,0.631578947368421,1.7127608688254103,,,,,,,,,,,,,,,,,,,,,,
trial_0011,17,global,,,,0.29167063194328346,-0.007839200870591832,,,,,,,0,0,1,0,0,0.0,0,1,0,18,,0.15406698564593302,6.465339970018305,,,-0.6666666666666666,1,1.0,1
trial_0011,18,train,,,0.250479661274788,,,0.015979902862116348,,,0.0,0.0,0.04537754547457362,0,0,1,0,0,0.0,0,1,0,,,,,0.9338983857255441,,,,,
trial_0011,18,eval,,,,,,,0.5789473684210527,1.6732501073887471,,,,,,,,,,,,,,,,,,,,,,
trial_0011,18,global,,,,0.2885033458385031,-0.004671914765811484,,,,,,,0,0,1,0,0,0.0,0,1,0,18,,0.1569377990430622,6.118804629567707,,,-0.6666666666666666,1,1.0,1
trial_0011,19,train,,,0.2505064241068307,,,0.01698572353221649,,,0.0,0.0,0.045593935443998077,0,0,1,0,0,0.0,0,1,0,,,,,0.8098936809158801,,,,,
trial_0011,19,eval,,,,,,,0.631578947368421,1.6506135181376806,,,,,,,,,,,,,,,,,,,,,,
trial_0011,19,global,,,,0.2884348465524764,-0.00182563770200703,,,,,,,0,0,1,0,0,0.0,0,1,0,18,,0.1598086124401914,5.89321022763777,,,-0.6666666666666666,1,1.0,1
trial_0011,20,train,,,0.2505743593670601,,,0.01830373115317766,,,0.0,0.0,0.04169121150923676,0,0,1,0,0,0.0,0,1,0,,,,,0.7304618395246143,,,,,
trial_0011,20,eval,,,,,,,0.5789473684210527,1.705017648245159,,,,,,,,,,,,,,,,,,,,,,
trial_0011,20,global,,,,0.28006355965546004,0.0065456491950094025,,,,,,,0,0,1,0,0,0.0,0,1,0,18,,0.16842105263157894,5.750656942431436,,,-0.6666666666666666,1,1.0,1
trial_0011,21,train,,,0.250582273336167,,,0.010146825237477078,,,0.0,0.0,0.03601860592855116,0,0,1,0,0,0.0,0,1,0,,,,,12.696480501748868,,,,,
trial_0011,21,eval,,,,,,,0.10526315789473684,2.4607935830166463,,,,,,,,,,,,,,,,,,,,,,
trial_0011,21,global,,,,0.4361405931466516,-0.14953138429618223,,,,,,,0,0,1,0,0,0.0,0,1,0,27,,0.03777089783281734,12.288430157829733,,,-0.6666666666666666,1,1.0,1
trial_0011,22,train,,,0.25070457636041843,,,0.021786725108927867,,,0.0,0.9999999999999999,0.12174509106639853,0,0,1,0,0,0.0,0,1,0,,,,,2.036811717918941,,,,,
trial_0011,22,eval,,,,,,,0.2631578947368421,1.8800773997055857,,,,,,,,,,,,,,,,,,,,,,
trial_0011,22,global,,,,0.3079137667511391,-0.06793566339406874,,,,,,,0,0,1,0,0,0.0,0,1,0,27,,0.07801857585139318,9.1218128334258,,,-0.6666666666666666,1,1.0,1
trial_0011,23,train,,,0.2506583811754876,,,0.020996936141176425,,,0.0,0.0,0.04057572856545448,0,0,1,0,0,0.0,0,1,0,,,,,1.668258060619099,,,,,
trial_0011,23,eval,,,,,,,0.47368421052631576,1.5960560284162821,,,,,,,,,,,,,,,,,,,,,,
trial_0011,23,global,,,,0.3158745506822427,-0.041348290863435604,,,,,,,0,0,1,0,0,0.0,0,1,0,27,,0.10092879256965945,9.590422367532925,,,-0.6666666666666666,1,1.0,1
trial_0011,24,train,,,0.2506214090167208,,,0.022017387950674018,,,0.0,0.0,0.029180068106568875,0,0,1,0,0,0.0,0,1,0,,,,,1.4308877099973452,,,,,
trial_0011,24,eval,,,,,,,0.5789473684210527,1.4475903134596975,,,,,,,,,,,,,,,,,,,,,,
trial_0011,24,global,,,,0.3224936813868446,-0.03628185242632804,,,,,,,0,0,1,0,0,0.0,0,1,0,27,,0.10526315789473684,8.870327073796984,,,-0.6666666666666666,1,1.0,1
trial_0011,25,train,,,0.25060804980866447,,,0.022579447703158603,,,0.0,0.0,0.03026021827963439,0,0,1,0,0,0.0,0,1,0,,,,,1.2768021638089038,,,,,
trial_0011,25,eval,,,,,,,0.5789473684210527,1.3379738393582796,,,,,,,,,,,,,,,,,,,,,,
trial_0011,25,global,,,,0.32637017752688674,-0.03678614920651655,,,,,,,0,0,1,0,0,0.0,0,1,0,27,,0.10588235294117647,8.960822818153783,,,-0.6666666666666666,1,1.0,1
trial_0011,26,train,,,0.2506149024405378,,,0.024207469630748664,,,0.0,0.0,0.028075515058763482,0,0,1,0,0,0.0,0,1,0,,,,,1.1672684639058213,,,,,
trial_0011,26,eval,,,,,,,0.6842105263157894,1.2910712455448352,,,,,,,,,,,,,,,,,,,,,,
trial_0011,26,global,,,,0.3292705793552219,-0.033946756511756306,,,,,,,0,0,1,0,0,0.0,0,1,0,27,,0.10835913312693499,8.751655435709761,,,-0.6666666666666666,1,1.0,1
trial_0011,27,train,,,0.25061786269887965,,,0.025352563154190145,,,0.0,0.0,0.028082290803022845,0,0,1,0,0,0.0,0,1,0,,,,,1.0655219192562857,,,,,
trial_0011,27,eval,,,,,,,0.631578947368421,1.2264390838773624,,,,,,,,,,,,,,,,,,,,,,
trial_0011,27,global,,,,0.3354740392017232,-0.037286403877810986,,,,,,,0,0,1,0,0,0.0,0,1,0,27,,0.10526315789473684,8.671936718967308,,,-0.6666666666666666,1,1.0,1
trial_0011,28,train,,,0.2506468727233562,,,0.02696182848291194,,,0.0,0.0,0.0283382858446938,0,0,2,1,0,0.0,0,1,0,,,,,0.9962396910668869,,,,,
trial_0011,28,eval,0.47368421052631576,0.42105263157894735,,,,,,,,,,,,,,,,,,,,2.1052631578947367,,,,0.05263157894736842,,,,
trial_0011,28,global,,,,0.3314883656486941,-0.03330073032478187,,,,,,,0,0,2,0,0,0.25,0,2,0,27,,0.10835913312693499,8.529859213341869,,,-0.6666666666666666,1,1.0,1
trial_0011,29,train,,,0.25068987287739486,,,0.02908908528216342,,,0.0,0.0,0.02883627818936997,0,0,2,0,0,0.25,0,2,0,,,,,0.8948625503702365,,,,,
trial_0011,29,eval,,,,,,,0.631578947368421,1.146872263205679,,,,,,,,,,,,,,,,,,,,,,
trial_0011,29,global,,,,0.3293884785921404,-0.029877670015230326,,,,,,,0,0,2,0,0,0.25,0,2,0,27,,0.11207430340557276,8.541904440014724,,,-0.6666666666666666,1,1.0,1
trial_0011,30,train,,,0.25075536142004295,,,0.030979313114856154,,,0.0,0.0,0.028445987589657308,0,0,2,0,0,0.25,0,2,0,,,,,0.8428976036676157,,,,,
trial_0011,30,eval,,,,,,,0.631578947368421,1.1292172074317932,,,,,,,,,,,,,,,,,,,,,,
trial_0011,30,global,,,,0.3268056875936257,-0.025971705763717864,,,,,,,0,0,2,0,0,0.25,0,2,0,27,,0.11640866873065016,8.421292704768225,,,-0.6666666666666666,1,1.0,1
trial_0011,31,train,,,0.25082915070209094,,,0.03419715990411474,,,0.0,0.0,0.028579168828164647,0,0,2,0,0,0.25,0,2,0,,,,,0.7536205728637411,,,,,
trial_0011,31,eval,,,,,,,0.631578947368421,1.1189076210323132,,,,,,,,,,,,,,,,,,,,,,
trial_0011,31,global,,,,0.3272490237154411,-0.02126761789470444,,,,,,,0,0,2,0,0,0.25,0,2,0,27,,0.12136222910216718,8.387463996580141,,,-0.6666666666666666,1,1.0,1
trial_0011,32,train,,,0.2508997543061033,,,0.03659763456659114,,,0.0,0.0,0.028339290910182485,0,0,2,0,0,0.25,0,2,0,,,,,0.6817523378278708,,,,,
trial_0011,32,eval,,,,,,,0.5789473684210527,1.128273474542718,,,,,,,,,,,,,,,,,,,,,,
trial_0011,32,global,,,,0.32584557973564887,-0.014920412630571186,,,,,,,0,0,2,0,0,0.25,0,2,0,27,,0.12693498452012383,8.412463661170227,,,-0.6666666666666666,1,1.0,1
trial_0011,33,train,,,0.25097945364231755,,,0.038212822155749546,,,0.0,0.0,0.02878359608907015,0,0,2,0,0,0.25,0,2,0,,,,,0.6142968818952972,,,,,
trial_0011,33,eval,,,,,,,0.5789473684210527,1.0959447277219672,,,,,,,,,,,,,,,,,,,,,,
trial_0011,33,global,,,,0.33129663808564974,-0.018111392442842916,,,,,,,0,0,2,0,0,0.25,0,2,0,27,,0.12507739938080495,8.344245664992199,,,-0.6666666666666666,1,1.0,1
trial_0011,34,train,,,0.2510581967678476,,,0.03978467875338615,,,0.0,0.0,0.0279713371035425,0,0,2,0,0,0.25,0,2,0,,,,,0.5630664173683496,,,,,
trial_0011,34,eval,,,,,,,0.5789473684210527,1.0876304726851613,,,,,,,,,,,,,,,,,,,,,,
trial_0011,34,global,,,,0.3312358711551816,-0.01498539399557953,,,,,,,0,0,2,0,0,0.25,0,2,0,27,,0.1281733746130031,8.15604203758594,,,-0.6666666666666666,1,1.0,1
trial_0011,35,train,,,0.2511437792093196,,,0.04146605064260198,,,0.0,0.0,0.02718948760327507,0,0,2,0,0,0.25,0,2,0,,,,,0.5019940801395109,,,,,
trial_0011,35,eval,,,,,,,0.5789473684210527,1.0541943437174748,,,,,,,,,,,,,,,,,,,,,,
trial_0011,35,global,,,,0.3303536556293841,-0.00942764099485481,,,,,,,0,0,2,0,0,0.25,0,2,0,27,,0.13436532507739937,8.098665220892466,,,-0.6666666666666666,1,1.0,1
trial_0011,36,train,,,0.25122861738534685,,,0.043060826494338664,,,0.0,0.0,0.02656113570159737,0,0,3,1,0,0.25,0,2,0,,,,,0.4429110952604868,,,,,
trial_0011,36,eval,0.3684210526315789,0.3684210526315789,,,,,,,,,,,,,,,,,,,,2.1052631578947367,,,,0.0,,,,
trial_0011,36,global,,,,0.3365912089447652,-0.014457464841636876,,,,,,,0,0,3,0,0,0.0,0,3,0,27,,0.12941176470588237,8.160925595310081,,,-0.6666666666666666,1,1.0,1
trial_0011,37,train,,,0.25132156464647737,,,0.04442004764333684,,,0.0,0.0,0.026472786917014327,0,0,3,0,0,0.0,0,3,0,,,,,0.40233894374142304,,,,,
trial_0011,37,eval,,,,,,,0.5789473684210527,1.0583308119522898,,,,,,,,,,,,,,,,,,,,,,
trial_0011,37,global,,,,0.33288859657333913,-0.008873722328211054,,,,,,,0,0,3,0,0,0.0,0,3,0,27,,0.13560371517027864,8.000395566391132,,,-0.6666666666666666,1,1.0,1
trial_0011,38,train,,,0.25140085974906357,,,0.04570543322157353,,,0.0,0.0,0.025253179217589662,0,0,3,0,0,0.0,0,3,0,,,,,0.36821230220124346,,,,,
trial_0011,38,eval,,,,,,,0.5789473684210527,1.0931129204599481,,,,,,,,,,,,,,,,,,,,,,
trial_0011,38,global,,,,0.3374323083532254,-0.010754779080835171,,,,,,,0,0,3,0,0,0.0,0,3,0,27,,0.13374613003095975,7.98942732205701,,,-0.6666666666666666,1,1.0,1
trial_0011,39,train,,,0.25148553226856474,,,0.0454707643453111,,,0.0,0.0,0.025033494600273196,0,0,3,0,0,0.0,0,3,0,,,,,0.3364474390460727,,,,,
trial_0011,39,eval,,,,,,,0.631578947368421,1.1110187517969232,,,,,,,,,,,,,,,,,,,,,,
trial_0011,39,global,,,,0.3356533234273056,-0.006715715617186153,,,,,,,0,0,3,0,0,0.0,0,3,0,27,,0.13808049535603714,7.839662220013031,,,-0.6666666666666666,1,1.0,1
trial_0011,40,train,,,0.2515737062439005,,,0.047082613123224135,,,0.0,0.0,0.02413511624351699,0,0,3,0,0,0.0,0,3,0,,,,,0.29601873464225636,,,,,
trial_0011,40,eval,,,,,,,0.5789473684210527,1.109847821687397,,,,,,,,,,,,,,,,,,,,,,
trial_0011,40,global,,,,0.3374454556598706,-0.0038013627084834416,,,,,,,0,0,3,0,0,0.0,0,3,0,27,,0.1417956656346749,7.906222240105502,,,-0.6666666666666666,1,1.0,1
trial_0011,41,train,,,0.2516742932035568,,,0.04735659126271592,,,0.0,0.0,0.022805314407030004,0,0,3,0,0,0.0,0,3,0,,,,,0.26460847865484405,,,,,
trial_0011,41,eval,,,,,,,0.5789473684210527,1.131427460595181,,,,,,,,,,,,,,,,,,,,,,
trial_0011,41,global,,,,0.3387042281439588,-0.00506013519257163,,,,,,,0,0,3,0,0,0.0,0,3,0,27,,0.13993808049535603,7.875857952578518,,,-0.6666666666666666,1,1.0,1
trial_0011,42,train,,,0.2517915234920826,,,0.049891651310819254,,,0.0,0.0,0.0224168299018663,0,0,3,0,0,0.0,0,3,0,,,,,0.2573061421694726,,,,,
trial_0011,42,eval,,,,,,,0.631578947368421,1.098230021564584,,,,,,,,,,,,,,,,,,,,,,
trial_0011,42,global,,,,0.3388526788122469,-0.0039090407016654305,,,,,,,0,0,3,0,0,0.0,0,3,0,27,,0.1411764705882353,7.738769762730081,,,-0.6666666666666666,1,1.0,1
trial_0011,43,train,,,0.25191106694809934,,,0.049857779069149746,,,0.0,0.0,0.021215578001686077,0,0,3,0,0,0.0,0,3,0,,,,,0.22534786540686538,,,,,
trial_0011,43,eval,,,,,,,0.631578947368421,1.0914105365150852,,,,,,,,,,,,,,,,,,,,,,
trial_0011,43,global,,,,0.34103184693344396,-0.005630961452034918,,,,,,,0,0,3,0,0,0.0,0,3,0,27,,0.1393188854489164,7.791286690537775,,,-0.6666666666666666,1,1.0,1
trial_0011,44,train,,,0.25201783535328315,,,0.05217144971198224,,,0.0,0.0,0.020422275842692548,0,0,4,1,0,0.0,0,3,0,,,,,0.21215212533086267,,,,,
trial_0011,44,eval,0.3684210526315789,0.42105263157894735,,,,,,,,,,,,,,,,,,,,2.1052631578947367,,,,0.0,,,,
trial_0011,44,global,,,,0.33867229618419925,-0.0032714107027901275,,,,,,,0,0,4,0,0,0.0,0,4,0,27,,0.14241486068111456,7.627226391960593,,,-0.6666666666666666,1,1.0,1
trial_0011,45,train,,,0.2521429905231963,,,0.051670849323272705,,,0.0,0.0,0.02000723471964135,0,0,4,0,0,0.0,0,4,0,,,,,0.20314791062592008,,,,,
trial_0011,45,eval,,,,,,,0.631578947368421,1.1685245068449723,,,,,,,,,,,,,,,,,,,,,,
trial_0011,45,global,,,,0.3472644169705225,-0.011863531489113384,,,,,,,0,0,4,0,0,0.0,0,4,0,27,,0.13374613003095975,7.733753910596157,,,-0.6666666666666666,1,1.0,1
trial_0011,46,train,,,0.2522765505821147,,,0.05428346674493018,,,0.0,0.0,0.019715485121173035,0,0,4,0,0,0.0,0,4,0,,,,,0.18523167466637214,,,,,
trial_0011,46,eval,,,,,,,0.5789473684210527,1.184950866197285,,,,,,,,,,,,,,,,,,,,,,
trial_0011,46,global,,,,0.3398597736732439,-0.0035443934501796087,,,,,,,0,0,4,0,0,0.0,0,4,0,27,,0.1417956656346749,7.555212409429875,,,-0.6666666666666666,1,1.0,1
trial_0011,47,train,,,0.2523912467220996,,,0.056904070871941576,,,0.0,0.0,0.017496061351824,0,0,5,1,0,0.0,0,4,0,,,,,0.1722566613129207,,,,,
trial_0011,47,eval,0.5263157894736842,0.5789473684210527,,,,,,,,,,,,,,,,,,,,2.1052631578947367,,,,0.0,,,,
trial_0011,47,global,,,,0.3411647197016129,-0.00484933947854853,,,,,,,0,0,5,0,0,0.0,0,5,0,27,,0.14055727554179567,7.4946305478689474,,,-0.6666666666666666,1,1.0,1
trial_0011,48,train,,,0.25251600019475245,,,0.058869048001918375,,,0.0,0.0,0.01681758923805319,0,0,5,0,0,0.0,0,5,0,,,,,0.16601415165334849,,,,,
trial_0011,48,eval,,,,,,,0.631578947368421,1.170681865591752,,,,,,,,,,,,,,,,,,,,,,
trial_0011,48,global,,,,0.3404769967560976,-0.0041616165330332425,,,,,,,0,0,5,0,0,0.0,0,5,0,27,,0.13993808049535603,7.574343125665151,,,-0.6666666666666666,1,1.0,1
trial_0011,49,train,,,0.2526235092193522,,,0.0573140227414192,,,0.0,0.0,0.016160664401398576,0,0,5,0,0,0.0,0,5,0,,,,,0.15679632444330988,,,,,
trial_0011,49,eval,,,,,,,0.7368421052631579,1.1271575234438242,,,,,,,,,,,,,,,,,,,,,,
trial_0011,49,global,,,,0.3427655790870689,-0.005992951493177011,,,,,,,0,0,5,0,0,0.0,0,5,0,27,,0.13993808049535603,7.538070196854441,,,-0.6666666666666666,1,1.0,1
trial_0011,50,train,,,0.25275158089526156,,,0.06014824896416765,,,0.0,0.0,0.015267109024051102,0,0,5,0,0,0.0,0,5,0,,,,,0.15267446067603163,,,,,
trial_0011,50,eval,,,,,,,0.6842105263157894,1.1531962375891835,,,,,,,,,,,,,,,,,,,,,,
trial_0011,50,global,,,,0.34050596541762873,-0.0037333378237367956,,,,,,,0,0,5,0,0,0.0,0,5,0,27,,0.13993808049535603,7.484131480591954,,,-0.6666666666666666,1,1.0,1
trial_0011,51,train,,,0.252873438786953,,,0.06158215822057521,,,0.0,0.0,0.01448182763786927,0,0,5,0,0,0.0,0,5,0,,,,,0.14904106954129634,,,,,
trial_0011,51,eval,,,,,,,0.7894736842105263,1.1536971879632847,,,,,,,,,,,,,,,,,,,,,,
trial_0011,51,global,,,,0.3380979077291094,-2.5734976023203608e-05,,,,,,,0,0,5,0,0,0.0,0,5,0,27,,0.14427244582043344,7.347496592518715,,,-0.6666666666666666,1,1.0,1
trial_0011,52,train,,,0.2529954193754399,,,0.06433101473970616,,,0.0,0.0,0.014126666203423583,0,0,6,1,0,0.0,0,5,0,,,,,0.13595049744500215,,,,,
trial_0011,52,eval,0.42105263157894735,0.47368421052631576,,,,,,,,,,,,,,,,,,,,2.1052631578947367,,,,0.0,,,,
trial_0011,52,global,,,,0.3423320351752641,-0.004259862422177947,,,,,,,0,0,6,0,0,0.0,0,6,0,27,,0.13993808049535603,7.480928325357821,,,-0.6666666666666666,1,1.0,1
trial_0011,53,train,,,0.2531103358623829,,,0.06408223256151727,,,0.0,0.0,0.013790047201922444,0,0,7,1,0,0.0,0,6,0,,,,,0.14266878150199683,,,,,
trial_0011,53,eval,0.47368421052631576,0.47368421052631576,,,,,,,,,,,,,,,,,,,,2.1052631578947367,,,,0.0,,,,
trial_0011,53,global,,,,0.3413854135481596,-0.00331324079507337,,,,,,,0,0,7,0,0,0.0,0,7,0,27,,0.14241486068111456,7.293653923955865,,,-0.6666666666666666,1,1.0,1
trial_0011,54,train,,,0.253219318199665,,,0.06687731565313135,,,0.0,0.0,0.012261696077915444,0,0,7,0,0,0.0,0,7,0,,,,,0.12665907842727053,,,,,
trial_0011,54,eval,,,,,,,0.6842105263157894,1.2291480600833893,,,,,,,,,,,,,,,,,,,,,,
trial_0011,54,global,,,,0.34208364854351697,-0.004011475790430717,,,,,,,0,0,7,0,0,0.0,0,7,0,27,,0.14055727554179567,7.326571355294148,,,-0.6666666666666666,1,1.0,1
trial_0011,55,train,,,0.253307820317593,,,0.06783808672681768,,,0.0,0.0,0.012461531735173965,0,0,8,1,0,0.0,0,7,0,,,,,0.12781815115351083,,,,,
trial_0011,55,eval,0.631578947368421,0.5789473684210527,,,,,,,,,,,,,,,,,,,,2.1052631578947367,,,,0.2631578947368421,,,,
trial_0011,55,global,,,,0.3508332282630167,-0.006576183178209557,,,,,,,0,0,8,0,0,0.25,0,8,0,27,,0.1417956656346749,7.245378904076921,,,-0.6666666666666666,1,1.0,1
trial_0011,56,train,,,0.2534120748651788,,,0.06811847743835855,,,0.0,0.0,0.011625042981579604,0,0,9,1,0,0.25,0,8,0,,,,,0.12037992890709077,,,,,
trial_0011,56,eval,0.7368421052631579,0.7368421052631579,,,,,,,,,,,,,,,,,,,,2.1052631578947367,,,,0.0,,,,
trial_0011,56,global,,,,0.35485397124647367,-0.010596926161666471,,,,,,,0,0,9,0,0,0.0,0,9,0,27,,0.13560371517027864,7.310700169141079,,,-0.6666666666666666,1,1.0,1
trial_0011,57,train,,,0.25351768510138734,,,0.06978163820631961,,,0.0,0.0,0.01145573105939238,0,0,9,0,0,0.0,0,9,0,,,,,0.11798910369762533,,,,,
trial_0011,57,eval,,,,,,,0.7368421052631579,1.2549506504284706,,,,,,,,,,,,,,,,,,,,,,
trial_0011,57,global,,,,0.3455398198853461,-0.0012827748005389524,,,,,,,0,0,9,0,0,0.0,0,9,0,27,,0.1436532507739938,7.1385776342622265,,,-0.6666666666666666,1,1.0,1
trial_0011,58,train,,,0.25362503972459344,,,0.07297424528192967,,,0.0,0.0,0.010690508179547404,0,0,9,0,0,0.0,0,9,0,,,,,0.11354797546352659,,,,,
trial_0011,58,eval,,,,,,,0.7368421052631579,1.227458235464598,,,,,,,,,,,,,,,,,,,,,,
trial_0011,58,global,,,,0.34892836332664146,-0.004671318241834333,,,,,,,0,0,9,0,0,0.0,0,9,0,27,,0.1417956656346749,7.232406547711729,,,-0.6666666666666666,1,1.0,1
trial_0011,59,train,,,0.253725676460469,,,0.0741051213538393,,,0.0,0.0,0.010195407027470325,0,0,9,0,0,0.0,0,9,0,,,,,0.10569391551351112,,,,,
trial_0011,59,eval,,,,,,,0.7368421052631579,1.267227408133055,,,,,,,,,,,,,,,,,,,,,,
trial_0011,59,global,,,,0.35299421216582166,-0.007822672339359274,,,,,,,0,0,9,0,0,0.0,0,9,0,27,,0.13746130030959752,7.258681039249196,,,-0.6666666666666666,1,1.0,1
trial_0011,60,train,,,0.253816933707988,,,0.07496503439355405,,,0.0,0.0,0.010382636435988775,0,0,10,1,0,0.0,0,9,0,,,,,0.10674559422358192,,,,,
trial_0011,60,eval,0.42105263157894735,0.47368421052631576,,,,,,,,,,,,,,,,,,,,2.1052631578947367,,,,0.0,,,,
trial_0011,60,global,,,,0.34496083959327967,0.0002107002331826963,,,,,,,0,0,10,0,0,0.0,0,10,0,27,,0.14674922600619195,7.076385467340334,,,-0.6666666666666666,1,1.0,1
trial_0011,61,train,,,0.2538937317564132,,,0.07496571794469305,,,0.0,0.0,0.009247462527685244,0,0,11,1,0,0.0,0,10,0,,,,,0.10543037099497658,,,,,
trial_0011,61,eval,0.47368421052631576,0.47368421052631576,,,,,,,,,,,,,,,,,,,,2.1052631578947367,,,,0.0,,,,
trial_0011,61,global,,,,0.35125020929593975,-0.00542889688988024,,,,,,,0,0,11,0,0,0.0,0,11,0,27,,0.14055727554179567,7.228167181339796,,,-0.6666666666666666,1,1.0,1
trial_0011,62,train,,,0.2539945514278209,,,0.07755594114039806,,,0.0,0.0,0.009172681953629202,0,0,11,0,0,0.0,0,11,0,,,,,0.0973776340779019,,,,,
trial_0011,62,eval,,,,,,,0.7368421052631579,1.3037802796614797,,,,,,,,,,,,,,,,,,,,,,
trial_0011,62,global,,,,0.34790149233866685,-0.0007806347734130596,,,,,,,0,0,11,0,0,0.0,0,11,0,27,,0.14613003095975233,7.011689621302366,,,-0.6666666666666666,1,1.0,1
trial_0011,63,train,,,0.2540636363815754,,,0.0774207387832885,,,0.0,0.0,0.008293017112659885,0,0,12,1,0,0.0,0,11,0,,,,,0.09521434953192809,,,,,
trial_0011,63,eval,0.631578947368421,0.5789473684210527,,,,,,,,,,,,,,,,,,,,2.1052631578947367,,,,0.15789473684210525,,,,
trial_0011,63,global,,,,0.3506507753504402,-0.0035299177851863877,,,,,,,0,0,12,0,0,0.25,0,12,0,27,,0.14303405572755418,7.214647138377092,,,-0.6666666666666666,1,1.0,1
trial_0011,64,train,,,0.25416758402864986,,,0.07957569335369354,,,0.0,0.0,0.008573007524172043,0,0,13,1,0,0.25,0,12,0,,,,,0.09329961743035939,,,,,
trial_0011,64,eval,0.7368421052631579,0.6842105263157894,,,,,,,,,,,,,,,,,,,,2.1052631578947367,,,,0.15789473684210525,,,,
trial_0011,64,global,,,,0.3478340986376319,0.00020125366927714657,,,,,,,0,0,13,0,0,0.25,0,13,0,27,,0.14736842105263157,7.025321615591138,,,-0.6666666666666666,1,1.0,1
trial_0011,65,train,,,0.2542222630470357,,,0.08144504212318582,,,0.0,0.0,0.007459899814374636,0,0,13,0,0,0.25,0,13,0,,,,,0.09030975512367613,,,,,
trial_0011,65,eval,,,,,,,0.6842105263157895,1.3268117936033952,,,,,,,,,,,,,,,,,,,,,,
trial_0011,65,global,,,,0.35259564740079097,-0.004560295093881921,,,,,,,0,0,13,0,0,0.25,0,13,0,27,,0.14241486068111456,7.042113483062838,,,-0.6666666666666666,1,1.0,1
trial_0011,66,train,,,0.2542871243142067,,,0.08222732645400026,,,0.0,0.0,0.007549663326991574,0,0,13,0,0,0.25,0,13,0,,,,,0.08894719861130765,,,,,
trial_0011,66,eval,,,,,,,0.7368421052631579,1.3141709903353138,,,,,,,,,,,,,,,,,,,,,,
trial_0011,66,global,,,,0.3483814129608505,-0.0003460606539414909,,,,,,,0,0,13,0,0,0.25,0,13,0,27,,0.14551083591331268,7.063414629767923,,,-0.6666666666666666,1,1.0,1
trial_0011,67,train,,,0.25436049414441936,,,0.08394705995600274,,,0.0,0.0,0.007055429124212676,0,0,13,0,0,0.25,0,13,0,,,,,0.08394372608727778,,,,,
trial_0011,67,eval,,,,,,,0.7368421052631579,1.3198111229821254,,,,,,,,,,,,,,,,,,,,,,
trial_0011,67,global,,,,0.3486993119619007,-1.4187075394458548e-05,,,,,,,0,0,13,0,0,0.25,0,13,0,27,,0.14613003095975233,7.043426558550666,,,-0.6666666666666666,1,1.0,1
trial_0011,68,train,,,0.25442398513885256,,,0.08388665635535056,,,0.0,0.0,0.0069269284033501395,0,0,14,1,0,0.25,0,13,0,,,,,0.08267733248058241,,,,,
trial_0011,68,eval,0.42105263157894735,0.42105263157894735,,,,,,,,,,,,,,,,,,,,2.1052631578947367,,,,0.0,,,,
trial_0011,68,global,,,,0.3467719659923142,0.00511389048998527,,,,,,,0,0,14,0,0,0.0,0,14,0,27,,0.15294117647058825,7.051728383823076,,,-0.6666666666666666,1,1.0,1
trial_0011,69,train,,,0.2544837628907346,,,0.08474049859858573,,,0.0,0.0,0.006615497852382102,0,0,15,1,0,0.0,0,14,0,,,,,0.08104841107089288,,,,,
trial_0011,69,eval,0.42105263157894735,0.47368421052631576,,,,,,,,,,,,,,,,,,,,2.1052631578947367,,,,0.0,,,,
trial_0011,69,global,,,,0.3567430527386027,-0.004857196256303185,,,,,,,0,0,15,0,0,0.0,0,15,0,27,,0.14241486068111456,6.981131732574557,,,-0.6666666666666666,1,1.0,1
trial_0011,70,train,,,0.2545300132416664,,,0.08616029962580254,,,0.0,0.0,0.006434930855020673,0,0,15,0,0,0.0,0,15,0,,,,,0.07905308702411441,,,,,
trial_0011,70,eval,,,,,,,0.7368421052631579,1.3639098852872846,,,,,,,,,,,,,,,,,,,,,,
trial_0011,70,global,,,,0.35142565809941156,0.00046019838288793397,,,,,,,0,0,15,0,0,0.0,0,15,0,27,,0.1479876160990712,7.088650205629898,,,-0.6666666666666666,1,1.0,1
trial_0011,71,train,,,0.2546089513504759,,,0.08855224670247827,,,0.0,0.0,0.006150633619356395,0,0,16,1,0,0.0,0,15,0,,,,,0.07911878629477191,,,,,
trial_0011,71,eval,0.631578947368421,0.631578947368421,,,,,,,,,,,,,,,,,,,,2.1052631578947367,,,,0.0,,,,
trial_0011,71,global,,,,0.3530764367351748,-0.0011905802528753022,,,,,,,0,0,16,0,0,0.0,0,16,0,27,,0.14613003095975233,6.983777235757456,,,-0.6666666666666666,1,1.0,1
trial_0011,72,train,,,0.254670669106727,,,0.08884075918096176,,,0.0,0.0,0.005999757413674355,0,0,17,1,0,0.0,0,16,0,,,,,0.08053316786817323,,,,,
trial_0011,72,eval,0.6842105263157894,0.6842105263157894,,,,,,,,,,,,,,,,,,,,2.1052631578947367,,,,0.15789473684210525,,,,
trial_0011,72,global,,,,0.3568449176129059,-0.004959061130606401,,,,,,,0,0,17,0,0,0.25,0,17,0,27,,0.14303405572755418,7.075564409852397,,,-0.6666666666666666,1,1.0,1
trial_0011,73,train,,,0.25473275590450206,,,0.09117946092118608,,,0.0,0.0,0.005810096496536566,0,0,17,0,0,0.25,0,17,0,,,,,0.07465022870857484,,,,,
trial_0011,73,eval,,,,,,,0.7368421052631579,1.3301488710077185,,,,,,,,,,,,,,,,,,,,,,
trial_0011,73,global,,,,0.35101751836694534,0.0028885401355561832,,,,,,,0,0,17,0,0,0.25,0,17,0,27,,0.14922600619195048,6.954335683344318,,,-0.6666666666666666,1,1.0,1
trial_0011,74,train,,,0.254786767224048,,,0.09105528986200373,,,0.0,0.0,0.005338730360071691,0,0,17,0,0,0.25,0,17,0,,,,,0.07250866066879595,,,,,
trial_0011,74,eval,,,,,,,0.6842105263157894,1.3847517057469017,,,,,,,,,,,,,,,,,,,,,,
trial_0011,74,global,,,,0.35288093475560395,0.0010251237468975384,,,,,,,0,0,17,0,0,0.25,0,17,0,27,,0.1479876160990712,7.038235022482858,,,-0.6666666666666666,1,1.0,1
trial_0011,75,train,,,0.25485858860168054,,,0.09164044260978699,,,0.0,0.0,0.005091612099916328,0,0,17,0,0,0.25,0,17,0,,,,,0.0716033530871647,,,,,
trial_0011,75,eval,,,,,,,0.6842105263157894,1.3951312123160613,,,,,,,,,,,,,,,,,,,,,,
trial_0011,75,global,,,,0.35517956065472756,-0.0012735021522260013,,,,,,,0,0,17,0,0,0.25,0,17,0,27,,0.14551083591331268,7.011229422365549,,,-0.6666666666666666,1,1.0,1
trial_0011,76,train,,,0.25493164138591035,,,0.09505545775941077,,,0.0,0.0,0.005046277914531876,0,0,18,1,0,0.25,0,17,0,,,,,0.0679262939183817,,,,,
trial_0011,76,eval,0.3684210526315789,0.3684210526315789,,,,,,,,,,,,,,,,,,,,2.1052631578947367,,,,0.0,,,,
trial_0011,76,global,,,,0.35077840891905593,0.0031276495834456058,,,,,,,0,0,18,0,0,0.0,0,18,0,27,,0.14922600619195048,6.979852635055873,,,-0.6666666666666666,1,1.0,1
trial_0011,77,train,,,0.25501013626443575,,,0.09551227980471672,,,0.0,0.0,0.004922543628050877,0,0,19,1,0,0.0,0,18,0,,,,,0.06891197295106471,,,,,
trial_0011,77,eval,0.47368421052631576,0.47368421052631576,,,,,,,,,,,,,,,,,,,,2.1052631578947367,,,,0.0,,,,
trial_0011,77,global,,,,0.35167714553407686,0.0022289129684247067,,,,,,,0,0,19,0,0,0.0,0,19,0,27,,0.14922600619195048,6.907287489002334,,,-0.6666666666666666,1,1.0,1
trial_0011,78,train,,,0.2550546862977616,,,0.09654737913862187,,,0.0,0.0,0.004743321892833883,0,0,19,0,0,0.0,0,19,0,,,,,0.06734125068733937,,,,,
trial_0011,78,eval,,,,,,,0.631578947368421,1.4811255610302874,,,,,,,,,,,,,,,,,,,,,,
trial_0011,78,global,,,,0.3549918273017155,-0.0010857687992139593,,,,,,,0,0,19,0,0,0.0,0,19,0,27,,0.14613003095975233,7.001721566970873,,,-0.6666666666666666,1,1.0,1
trial_0011,79,train,,,0.2551146143294395,,,0.09831912593638642,,,0.0,0.0,0.0045968568159955895,0,0,20,1,0,0.0,0,19,0,,,,,0.06563408987024816,,,,,
trial_0011,79,eval,0.631578947368421,0.631578947368421,,,,,,,,,,,,,,,,,,,,2.1052631578947367,,,,0.0,,,,
trial_0011,79,global,,,,0.34898961190816746,0.004916446594334035,,,,,,,0,0,20,0,0,0.0,0,20,0,27,,0.15170278637770898,6.91866167381452,,,-0.6666666666666666,1,1.0,1
trial_0011,80,train,,,0.25515346736349953,,,0.09994003810781113,,,0.0,0.0,0.004284526372205793,0,0,21,1,0,0.0,0,20,0,,,,,0.0652887192710464,,,,,
trial_0011,80,eval,0.631578947368421,0.631578947368421,,,,,,,,,,,,,,,,,,,,2.1052631578947367,,,,0.15789473684210525,,,,
trial_0011,80,global,,,,0.35258697339428186,0.0013190851082196917,,,,,,,0,0,21,0,0,0.25,0,21,0,27,,0.1479876160990712,6.93925562288739,,,-0.6666666666666666,1,1.0,1
trial_0011,81,train,,,0.25522882887657655,,,0.10068531556332365,,,0.0,0.0,0.0041937936052489294,0,0,22,1,0,0.25,0,21,0,,,,,0.0685214084207921,,,,,
trial_0011,81,eval,0.5789473684210527,0.5789473684210527,,,,,,,,,,,,,,,,,,,,2.1052631578947367,,,,0.0,,,,
trial_0011,81,global,,,,0.35188085446553474,0.002025204036966805,,,,,,,0,0,22,0,0,0.0,0,22,0,27,,0.1498452012383901,6.9312397203947365,,,-0.6666666666666666,1,1.0,1
trial_0011,82,train,,,0.25527524631074133,,,0.10231013627762489,,,0.0,0.0,0.0041758810454531215,0,0,22,0,0,0.0,0,22,0,,,,,0.06185137252903636,,,,,
trial_0011,82,eval,,,,,,,0.631578947368421,1.534506143707978,,,,,,,,,,,,,,,,,,,,,,
trial_0011,82,global,,,,0.350069469794785,0.003836588707716539,,,,,,,0,0,22,0,0,0.0,0,22,0,27,,0.1498452012383901,6.971298541373144,,,-0.6666666666666666,1,1.0,1
trial_0011,83,train,,,0.25533459795282243,,,0.10355258368431253,,,0.0,0.0,0.003917358582405909,0,0,22,0,0,0.0,0,22,0,,,,,0.06210424813320209,,,,,
trial_0011,83,eval,,,,,,,0.6842105263157894,1.4925621183295,,,,,,,,,,,,,,,,,,,,,,
trial_0011,83,global,,,,0.35197744096670874,0.0019286175357927727,,,,,,,0,0,22,0,0,0.0,0,22,0,27,,0.14922600619195048,6.907978516097408,,,-0.6666666666666666,1,1.0,1
trial_0011,84,train,,,0.2553681271507385,,,0.10268799485044275,,,0.0,0.0,0.0037544374888115123,0,0,23,1,0,0.0,0,22,0,,,,,0.0634045061856327,,,,,
trial_0011,84,eval,0.47368421052631576,0.42105263157894735,,,,,,,,,,,,,,,,,,,,2.1052631578947367,,,,0.15789473684210525,,,,
trial_0011,84,global,,,,0.3513899867808825,0.0025160717216190062,,,,,,,0,0,23,0,0,0.25,0,23,0,27,,0.14860681114551083,6.978038726428714,,,-0.6666666666666666,1,1.0,1
trial_0011,85,train,,,0.2554219517302006,,,0.10514614937153269,,,0.0,0.0,0.00373491417942321,0,0,24,1,0,0.25,0,23,0,,,,,0.05908229761957941,,,,,
trial_0011,85,eval,0.42105263157894735,0.42105263157894735,,,,,,,,,,,,,,,,,,,,2.1052631578947367,,,,0.0,,,,
trial_0011,85,global,,,,0.3553832517873041,-0.001477193284802637,,,,,,,0,0,24,0,0,0.0,0,24,0,27,,0.14736842105263157,6.854890012002951,,,-0.6666666666666666,1,1.0,1
trial_0011,86,train,,,0.2554701046740755,,,0.10578722015340278,,,0.0,0.0,0.003617561144377799,0,0,24,0,0,0.0,0,24,0,,,,,0.05824718006679896,,,,,
trial_0011,86,eval,,,,,,,0.631578947368421,1.570555655579818,,,,,,,,,,,,,,,,,,,,,,
trial_0011,86,global,,,,0.3507997758094565,0.003106282693045045,,,,,,,0,0,24,0,0,0.0,0,24,0,27,,0.14922600619195048,6.989283133586494,,,-0.6666666666666666,1,1.0,1
trial_0011,87,train,,,0.2555352379666998,,,0.10672091106151013,,,0.0,0.0,0.0035167419539418997,0,0,25,1,0,0.0,0,24,0,,,,,0.05786693390560729,,,,,
trial_0011,87,eval,0.631578947368421,0.5789473684210527,,,,,,,,,,,,,,,,,,,,2.1052631578947367,,,,0.15789473684210525,,,,
trial_0011,87,global,,,,0.3539184451169397,0.0006610140589625246,,,,,,,0,0,25,0,0,0.25,0,25,0,27,,0.1479876160990712,6.880794116513279,,,-0.6666666666666666,1,1.0,1
trial_0011,88,train,,,0.255585270993253,,,0.10752517999486719,,,0.0,0.0,0.003332648165613794,0,0,26,1,0,0.25,0,25,0,,,,,0.05675033596556599,,,,,
trial_0011,88,eval,0.631578947368421,0.631578947368421,,,,,,,,,,,,,,,,,,,,2.1052631578947367,,,,0.0,,,,
trial_0011,88,global,,,,0.3537887397089302,0.0007907194669720278,,,,,,,0,0,26,0,0,0.0,0,26,0,27,,0.1479876160990712,7.007935245856412,,,-0.6666666666666666,1,1.0,1
trial_0011,89,train,,,0.2556448027174523,,,0.10861541742974139,,,0.0,0.0,0.0033704171733877457,0,0,27,1,0,0.0,0,26,0,,,,,0.056016084406875916,,,,,
trial_0011,89,eval,0.631578947368421,0.631578947368421,,,,,,,,,,,,,,,,,,,,2.1052631578947367,,,,0.0,,,,
trial_0011,89,global,,,,0.3509485719960525,0.0036308871798497204,,,,,,,0,0,27,0,0,0.0,0,27,0,27,,0.15046439628482972,6.924453822747104,,,-0.6666666666666666,1,1.0,1
trial_0011,90,train,,,0.2557017425907419,,,0.10955783344329671,,,0.0,0.0,0.003270656545832258,0,0,27,0,0,0.0,0,27,0,,,,,0.05613884289598935,,,,,
trial_0011,90,eval,,,,,,,0.631578947368421,1.623424515912407,,,,,,,,,,,,,,,,,,,,,,
trial_0011,90,global,,,,0.3551731777786999,-0.0005937186027977097,,,,,,,0,0,27,0,0,0.0,0,27,0,27,,0.14613003095975233,6.9709376899081485,,,-0.6666666666666666,1,1.0,1
