round,class_id,n,acc,bwt,forgetting
1,0,51,0.37254901960784315,,
1,1,45,0.8,,
1,2,51,0.0,,
1,3,54,0.07407407407407407,,
1,4,49,0.0,,
1,5,53,0.0,,
1,6,52,0.0,,
1,7,58,0.0,,
1,8,62,0.0,,
2,0,51,0.19607843137254902,-0.17647058823529413,0.17647058823529413
2,1,45,0.06666666666666667,-0.7333333333333334,0.7333333333333334
2,2,51,0.0,0.0,0.0
2,3,54,0.6666666666666666,0.5925925925925926,0.0
2,4,49,0.42857142857142855,0.42857142857142855,0.0
2,5,53,0.0,0.0,0.0
2,6,52,0.0,0.0,0.0
2,7,58,0.0,0.0,0.0
2,8,62,0.0,0.0,0.0
3,0,51,0.5098039215686274,0.13725490196078427,0.0
3,1,45,0.4222222222222222,-0.3777777777777778,0.3777777777777778
3,2,51,0.0,0.0,0.0
3,3,54,0.037037037037037035,-0.037037037037037035,0.6296296296296295
3,4,49,0.32653061224489793,0.32653061224489793,0.10204081632653061
3,5,53,0.0,0.0,0.0
3,6,52,0.0,0.0,0.0
3,7,58,0.0,0.0,0.0
3,8,62,0.0,0.0,0.0
4,0,51,0.2549019607843137,-0.11764705882352944,0.2549019607843137
4,1,45,0.022222222222222223,-0.7777777777777778,0.7777777777777778
4,2,51,0.0196078431372549,0.0196078431372549,0.0
4,3,54,0.48148148148148145,0.4074074074074074,0.18518518518518517
4,4,49,0.42857142857142855,0.42857142857142855,0.0
4,5,53,0.16981132075471697,0.16981132075471697,0.0
4,6,52,0.1346153846153846,0.1346153846153846,0.0
4,7,58,0.0,0.0,0.0
4,8,62,0.03225806451612903,0.03225806451612903,0.0
5,0,51,0.3333333333333333,-0.03921568627450983,0.1764705882352941
5,1,45,0.6444444444444445,-0.15555555555555556,0.15555555555555556
5,2,51,0.0,0.0,0.0196078431372549
5,3,54,0.1111111111111111,0.037037037037037035,0.5555555555555556
5,4,49,0.46938775510204084,0.46938775510204084,0.0
5,5,53,0.0,0.0,0.16981132075471697
5,6,52,0.019230769230769232,0.019230769230769232,0.11538461538461538
5,7,58,0.0,0.0,0.0
5,8,62,0.0,0.0,0.03225806451612903
6,0,51,0.21568627450980393,-0.1568627450980392,0.2941176470588235
6,1,45,0.2222222222222222,-0.5777777777777778,0.5777777777777778
6,2,51,0.13725490196078433,0.13725490196078433,0.0
6,3,54,0.16666666666666666,0.09259259259259259,0.5
6,4,49,0.2857142857142857,0.2857142857142857,0.18367346938775514
6,5,53,0.11320754716981132,0.11320754716981132,0.05660377358490565
6,6,52,0.3269230769230769,0.3269230769230769,0.0
6,7,58,0.034482758620689655,0.034482758620689655,0.0
6,8,62,0.03225806451612903,0.03225806451612903,0.0
7,0,51,0.3137254901960784,-0.05882352941176472,0.196078431372549
7,1,45,0.5111111111111111,-0.288888888888889,0.288888888888889
7,2,51,0.09803921568627451,0.09803921568627451,0.03921568627450982
7,3,54,0.14814814814814814,0.07407407407407407,0.5185185185185185
7,4,49,0.2857142857142857,0.2857142857142857,0.18367346938775514
7,5,53,0.09433962264150944,0.09433962264150944,0.07547169811320753
7,6,52,0.1346153846153846,0.1346153846153846,0.19230769230769232
7,7,58,0.034482758620689655,0.034482758620689655,0.0
7,8,62,0.12903225806451613,0.12903225806451613,0.0
8,0,51,0.35294117647058826,-0.019607843137254888,0.15686274509803916
8,1,45,0.37777777777777777,-0.4222222222222223,0.4222222222222223
8,2,51,0.11764705882352941,0.11764705882352941,0.019607843137254916
8,3,54,0.07407407407407407,0.0,0.5925925925925926
8,4,49,0.32653061224489793,0.32653061224489793,0.1428571428571429
8,5,53,0.09433962264150944,0.09433962264150944,0.07547169811320753
8,6,52,0.1346153846153846,0.1346153846153846,0.19230769230769232
8,7,58,0.017241379310344827,0.017241379310344827,0.017241379310344827
8,8,62,0.0967741935483871,0.0967741935483871,0.03225806451612903
9,0,51,0.27450980392156865,-0.0980392156862745,0.23529411764705876
9,1,45,0.3333333333333333,-0.46666666666666673,0.46666666666666673
9,2,51,0.1568627450980392,0.1568627450980392,0.0
9,3,54,0.05555555555555555,-0.018518518518518517,0.611111111111111
9,4,49,0.3673469387755102,0.3673469387755102,0.10204081632653061
9,5,53,0.11320754716981132,0.11320754716981132,0.05660377358490565
9,6,52,0.21153846153846154,0.21153846153846154,0.11538461538461539
9,7,58,0.05172413793103448,0.05172413793103448,0.0
9,8,62,0.0967741935483871,0.0967741935483871,0.03225806451612903
10,0,51,0.3333333333333333,-0.03921568627450983,0.1764705882352941
10,1,45,0.24444444444444444,-0.5555555555555556,0.5555555555555556
10,2,51,0.11764705882352941,0.11764705882352941,0.0392156862745098
10,3,54,0.05555555555555555,-0.018518518518518517,0.611111111111111
10,4,49,0.3877551020408163,0.3877551020408163,0.08163265306122452
10,5,53,0.11320754716981132,0.11320754716981132,0.05660377358490565
10,6,52,0.11538461538461539,0.11538461538461539,0.21153846153846154
10,7,58,0.034482758620689655,0.034482758620689655,0.017241379310344827
10,8,62,0.1774193548387097,0.1774193548387097,0.0
11,0,51,0.0,-0.37254901960784315,0.5098039215686274
11,1,45,0.044444444444444446,-0.7555555555555556,0.7555555555555556
11,2,51,0.0,0.0,0.1568627450980392
11,3,54,0.0,-0.07407407407407407,0.6666666666666666
11,4,49,0.0,0.0,0.46938775510204084
11,5,53,0.20754716981132076,0.20754716981132076,0.0
11,6,52,0.5769230769230769,0.5769230769230769,0.0
11,7,58,0.0,0.0,0.05172413793103448
11,8,62,0.0,0.0,0.1774193548387097
11,9,66,0.2727272727272727,,
11,10,71,0.028169014084507043,,
11,11,68,0.23529411764705882,,
11,12,54,0.1111111111111111,,
11,13,66,0.0,,
11,14,60,0.1,,
11,15,54,0.0,,
11,16,71,0.09859154929577464,,
11,17,60,0.05,,
12,0,51,0.0,-0.37254901960784315,0.5098039215686274
12,1,45,0.0,-0.8,0.8
12,2,51,0.0,0.0,0.1568627450980392
12,3,54,0.0,-0.07407407407407407,0.6666666666666666
12,4,49,0.0,0.0,0.46938775510204084
12,5,53,0.0,0.0,0.20754716981132076
12,6,52,0.0,0.0,0.5769230769230769
12,7,58,0.0,0.0,0.05172413793103448
12,8,62,0.0,0.0,0.1774193548387097
12,9,66,0.21212121212121213,-0.06060606060606058,0.06060606060606058
12,10,71,0.07042253521126761,0.04225352112676056,0.0
12,11,68,0.029411764705882353,-0.20588235294117646,0.20588235294117646
12,12,54,0.2222222222222222,0.1111111111111111,0.0
12,13,66,0.06060606060606061,0.06060606060606061,0.0
12,14,60,0.05,-0.05,0.05
12,15,54,0.0,0.0,0.0
12,16,71,0.30985915492957744,0.2112676056338028,0.0
12,17,60,0.48333333333333334,0.43333333333333335,0.0
13,0,51,0.0,-0.37254901960784315,0.5098039215686274
13,1,45,0.0,-0.8,0.8
13,2,51,0.0,0.0,0.1568627450980392
13,3,54,0.0,-0.07407407407407407,0.6666666666666666
13,4,49,0.0,0.0,0.46938775510204084
13,5,53,0.0,0.0,0.20754716981132076
13,6,52,0.0,0.0,0.5769230769230769
13,7,58,0.0,0.0,0.05172413793103448
13,8,62,0.0,0.0,0.1774193548387097
13,9,66,0.3181818181818182,0.04545454545454547,0.0
13,10,71,0.056338028169014086,0.028169014084507043,0.014084507042253523
13,11,68,0.1323529411764706,-0.10294117647058823,0.10294117647058823
13,12,54,0.16666666666666666,0.05555555555555555,0.05555555555555555
13,13,66,0.015151515151515152,0.015151515151515152,0.045454545454545456
13,14,60,0.1,0.0,0.0
13,15,54,0.2222222222222222,0.2222222222222222,0.0
13,16,71,0.7605633802816901,0.6619718309859155,0.0
13,17,60,0.016666666666666666,-0.03333333333333334,0.4666666666666667
14,0,51,0.0,-0.37254901960784315,0.5098039215686274
14,1,45,0.0,-0.8,0.8
14,2,51,0.0,0.0,0.1568627450980392
14,3,54,0.0,-0.07407407407407407,0.6666666666666666
14,4,49,0.0,0.0,0.46938775510204084
14,5,53,0.0,0.0,0.20754716981132076
14,6,52,0.0,0.0,0.5769230769230769
14,7,58,0.0,0.0,0.05172413793103448
14,8,62,0.0,0.0,0.1774193548387097
14,9,66,0.4393939393939394,0.16666666666666669,0.0
14,10,71,0.04225352112676056,0.01408450704225352,0.028169014084507046
14,11,68,0.10294117647058823,-0.1323529411764706,0.1323529411764706
14,12,54,0.14814814814814814,0.037037037037037035,0.07407407407407407
14,13,66,0.015151515151515152,0.015151515151515152,0.045454545454545456
14,14,60,0.11666666666666667,0.016666666666666663,0.0
14,15,54,0.14814814814814814,0.14814814814814814,0.07407407407407407
14,16,71,0.4084507042253521,0.3098591549295775,0.352112676056338
14,17,60,0.16666666666666666,0.11666666666666665,0.31666666666666665
15,0,51,0.0,-0.37254901960784315,0.5098039215686274
15,1,45,0.0,-0.8,0.8
15,2,51,0.0,0.0,0.1568627450980392
15,3,54,0.0,-0.07407407407407407,0.6666666666666666
15,4,49,0.0,0.0,0.46938775510204084
15,5,53,0.0,0.0,0.20754716981132076
15,6,52,0.0,0.0,0.5769230769230769
15,7,58,0.0,0.0,0.05172413793103448
15,8,62,0.0,0.0,0.1774193548387097
15,9,66,0.3333333333333333,0.06060606060606061,0.10606060606060608
15,10,71,0.028169014084507043,0.0,0.04225352112676056
15,11,68,0.1323529411764706,-0.10294117647058823,0.10294117647058823
15,12,54,0.2962962962962963,0.18518518518518517,0.0
15,13,66,0.015151515151515152,0.015151515151515152,0.045454545454545456
15,14,60,0.13333333333333333,0.033333333333333326,0.0
15,15,54,0.42592592592592593,0.42592592592592593,0.0
15,16,71,0.6338028169014085,0.5352112676056339,0.12676056338028163
15,17,60,0.016666666666666666,-0.03333333333333334,0.4666666666666667
16,0,51,0.0,-0.37254901960784315,0.5098039215686274
16,1,45,0.0,-0.8,0.8
16,2,51,0.0,0.0,0.1568627450980392
16,3,54,0.0,-0.07407407407407407,0.6666666666666666
16,4,49,0.0,0.0,0.46938775510204084
16,5,53,0.0,0.0,0.20754716981132076
16,6,52,0.0,0.0,0.5769230769230769
16,7,58,0.0,0.0,0.05172413793103448
16,8,62,0.0,0.0,0.1774193548387097
16,9,66,0.4393939393939394,0.16666666666666669,0.0
16,10,71,0.04225352112676056,0.01408450704225352,0.028169014084507046
16,11,68,0.10294117647058823,-0.1323529411764706,0.1323529411764706
16,12,54,0.2222222222222222,0.1111111111111111,0.07407407407407407
16,13,66,0.12121212121212122,0.12121212121212122,0.0
16,14,60,0.13333333333333333,0.033333333333333326,0.0
16,15,54,0.2777777777777778,0.2777777777777778,0.14814814814814814
16,16,71,0.4225352112676056,0.323943661971831,0.3380281690140845
16,17,60,0.13333333333333333,0.08333333333333333,0.35
17,0,51,0.0,-0.37254901960784315,0.5098039215686274
17,1,45,0.0,-0.8,0.8
17,2,51,0.0,0.0,0.1568627450980392
17,3,54,0.0,-0.07407407407407407,0.6666666666666666
17,4,49,0.0,0.0,0.46938775510204084
17,5,53,0.0,0.0,0.20754716981132076
17,6,52,0.0,0.0,0.5769230769230769
17,7,58,0.0,0.0,0.05172413793103448
17,8,62,0.0,0.0,0.1774193548387097
17,9,66,0.3484848484848485,0.0757575757575758,0.09090909090909088
17,10,71,0.04225352112676056,0.01408450704225352,0.028169014084507046
17,11,68,0.14705882352941177,-0.08823529411764705,0.08823529411764705
17,12,54,0.35185185185185186,0.24074074074074076,0.0
17,13,66,0.045454545454545456,0.045454545454545456,0.07575757575757576
17,14,60,0.13333333333333333,0.033333333333333326,0.0
17,15,54,0.42592592592592593,0.42592592592592593,0.0
17,16,71,0.5915492957746479,0.49295774647887325,0.16901408450704225
17,17,60,0.1,0.05,0.3833333333333333
18,0,51,0.0,-0.37254901960784315,0.5098039215686274
18,1,45,0.0,-0.8,0.8
18,2,51,0.0,0.0,0.1568627450980392
18,3,54,0.0,-0.07407407407407407,0.6666666666666666
18,4,49,0.0,0.0,0.46938775510204084
18,5,53,0.0,0.0,0.20754716981132076
18,6,52,0.0,0.0,0.5769230769230769
18,7,58,0.0,0.0,0.05172413793103448
18,8,62,0.0,0.0,0.1774193548387097
18,9,66,0.5,0.2272727272727273,0.0
18,10,71,0.07042253521126761,0.04225352112676056,0.0
18,11,68,0.16176470588235295,-0.07352941176470587,0.07352941176470587
18,12,54,0.25925925925925924,0.14814814814814814,0.09259259259259262
18,13,66,0.09090909090909091,0.09090909090909091,0.030303030303030304
18,14,60,0.13333333333333333,0.033333333333333326,0.0
18,15,54,0.37037037037037035,0.37037037037037035,0.05555555555555558
18,16,71,0.39436619718309857,0.29577464788732394,0.36619718309859156
18,17,60,0.11666666666666667,0.06666666666666667,0.3666666666666667
19,0,51,0.0,-0.37254901960784315,0.5098039215686274
19,1,45,0.0,-0.8,0.8
19,2,51,0.0,0.0,0.1568627450980392
19,3,54,0.0,-0.07407407407407407,0.6666666666666666
19,4,49,0.0,0.0,0.46938775510204084
19,5,53,0.0,0.0,0.20754716981132076
19,6,52,0.0,0.0,0.5769230769230769
19,7,58,0.0,0.0,0.05172413793103448
19,8,62,0.0,0.0,0.1774193548387097
19,9,66,0.3333333333333333,0.06060606060606061,0.16666666666666669
19,10,71,0.056338028169014086,0.028169014084507043,0.014084507042253523
19,11,68,0.14705882352941177,-0.08823529411764705,0.08823529411764705
19,12,54,0.3888888888888889,0.2777777777777778,0.0
19,13,66,0.045454545454545456,0.045454545454545456,0.07575757575757576
19,14,60,0.13333333333333333,0.033333333333333326,0.0
19,15,54,0.4444444444444444,0.4444444444444444,0.0
19,16,71,0.6197183098591549,0.5211267605633803,0.14084507042253525
19,17,60,0.1,0.05,0.3833333333333333
20,0,51,0.0,-0.37254901960784315,0.5098039215686274
20,1,45,0.0,-0.8,0.8
20,2,51,0.0,0.0,0.1568627450980392
20,3,54,0.0,-0.07407407407407407,0.6666666666666666
20,4,49,0.0,0.0,0.46938775510204084
20,5,53,0.0,0.0,0.20754716981132076
20,6,52,0.0,0.0,0.5769230769230769
20,7,58,0.0,0.0,0.05172413793103448
20,8,62,0.0,0.0,0.1774193548387097
20,9,66,0.5454545454545454,0.2727272727272727,0.0
20,10,71,0.04225352112676056,0.01408450704225352,0.028169014084507046
20,11,68,0.058823529411764705,-0.1764705882352941,0.1764705882352941
20,12,54,0.3333333333333333,0.2222222222222222,0.05555555555555558
20,13,66,0.06060606060606061,0.06060606060606061,0.06060606060606061
20,14,60,0.13333333333333333,0.033333333333333326,0.0
20,15,54,0.46296296296296297,0.46296296296296297,0.0
20,16,71,0.4647887323943662,0.36619718309859156,0.29577464788732394
20,17,60,0.15,0.09999999999999999,0.33333333333333337
21,0,51,0.0,-0.37254901960784315,0.5098039215686274
21,1,45,0.0,-0.8,0.8
21,2,51,0.0,0.0,0.1568627450980392
21,3,54,0.0,-0.07407407407407407,0.6666666666666666
21,4,49,0.0,0.0,0.46938775510204084
21,5,53,0.09433962264150944,0.09433962264150944,0.11320754716981132
21,6,52,0.0,0.0,0.5769230769230769
21,7,58,0.0,0.0,0.05172413793103448
21,8,62,0.0,0.0,0.1774193548387097
21,9,66,0.0,-0.2727272727272727,0.5454545454545454
21,10,71,0.0,-0.028169014084507043,0.07042253521126761
21,11,68,0.0,-0.23529411764705882,0.23529411764705882
21,12,54,0.0,-0.1111111111111111,0.3888888888888889
21,13,66,0.0,0.0,0.12121212121212122
21,14,60,0.0,-0.1,0.13333333333333333
21,15,54,0.42592592592592593,0.42592592592592593,0.037037037037037035
21,16,71,0.0,-0.09859154929577464,0.7605633802816901
21,17,60,0.0,-0.05,0.48333333333333334
21,18,66,0.696969696969697,,
21,19,52,0.1346153846153846,,
21,20,92,0.16304347826086957,,
21,21,55,0.05454545454545454,,
21,22,57,0.5263157894736842,,
21,23,46,0.0,,
21,24,48,0.0,,
21,25,81,0.0,,
21,26,73,0.0,,
22,0,51,0.0,-0.37254901960784315,0.5098039215686274
22,1,45,0.0,-0.8,0.8
22,2,51,0.0,0.0,0.1568627450980392
22,3,54,0.0,-0.07407407407407407,0.6666666666666666
22,4,49,0.0,0.0,0.46938775510204084
22,5,53,0.0,0.0,0.20754716981132076
22,6,52,0.0,0.0,0.5769230769230769
22,7,58,0.0,0.0,0.05172413793103448
22,8,62,0.0,0.0,0.1774193548387097
22,9,66,0.015151515151515152,-0.25757575757575757,0.5303030303030303
22,10,71,0.056338028169014086,0.028169014084507043,0.014084507042253523
22,11,68,0.07352941176470588,-0.16176470588235292,0.16176470588235292
22,12,54,0.0,-0.1111111111111111,0.3888888888888889
22,13,66,0.030303030303030304,0.030303030303030304,0.09090909090909091
22,14,60,0.03333333333333333,-0.06666666666666668,0.1
22,15,54,0.037037037037037035,0.037037037037037035,0.42592592592592593
22,16,71,0.08450704225352113,-0.014084507042253516,0.676056338028169
22,17,60,0.06666666666666667,0.016666666666666663,0.4166666666666667
22,18,66,0.07575757575757576,-0.6212121212121212,0.6212121212121212
22,19,52,0.2692307692307692,0.1346153846153846,0.0
22,20,92,0.043478260869565216,-0.11956521739130435,0.11956521739130435
22,21,55,0.18181818181818182,0.1272727272727273,0.0
22,22,57,0.05263157894736842,-0.47368421052631576,0.47368421052631576
22,23,46,0.021739130434782608,0.021739130434782608,0.0
22,24,48,0.3125,0.3125,0.0
22,25,81,0.09876543209876543,0.09876543209876543,0.0
22,26,73,0.3972602739726027,0.3972602739726027,0.0
23,0,51,0.0,-0.37254901960784315,0.5098039215686274
23,1,45,0.0,-0.8,0.8
23,2,51,0.0,0.0,0.1568627450980392
23,3,54,0.0,-0.07407407407407407,0.6666666666666666
23,4,49,0.0,0.0,0.46938775510204084
23,5,53,0.0,0.0,0.20754716981132076
23,6,52,0.0,0.0,0.5769230769230769
23,7,58,0.0,0.0,0.05172413793103448
23,8,62,0.0,0.0,0.1774193548387097
23,9,66,0.0,-0.2727272727272727,0.5454545454545454
23,10,71,0.0,-0.028169014084507043,0.07042253521126761
23,11,68,0.0,-0.23529411764705882,0.23529411764705882
23,12,54,0.0,-0.1111111111111111,0.3888888888888889
23,13,66,0.0,0.0,0.12121212121212122
23,14,60,0.0,-0.1,0.13333333333333333
23,15,54,0.0,0.0,0.46296296296296297
23,16,71,0.0,-0.09859154929577464,0.7605633802816901
23,17,60,0.0,-0.05,0.48333333333333334
23,18,66,0.3787878787878788,-0.31818181818181823,0.31818181818181823
23,19,52,0.3076923076923077,0.1730769230769231,0.0
23,20,92,0.05434782608695652,-0.10869565217391305,0.10869565217391305
23,21,55,0.32727272727272727,0.2727272727272727,0.0
23,22,57,0.12280701754385964,-0.40350877192982454,0.40350877192982454
23,23,46,0.34782608695652173,0.34782608695652173,0.0
23,24,48,0.0,0.0,0.3125
23,25,81,0.037037037037037035,0.037037037037037035,0.06172839506172839
23,26,73,0.0547945205479452,0.0547945205479452,0.3424657534246575
24,0,51,0.0,-0.37254901960784315,0.5098039215686274
24,1,45,0.0,-0.8,0.8
24,2,51,0.0,0.0,0.1568627450980392
24,3,54,0.0,-0.07407407407407407,0.6666666666666666
24,4,49,0.0,0.0,0.46938775510204084
24,5,53,0.0,0.0,0.20754716981132076
24,6,52,0.0,0.0,0.5769230769230769
24,7,58,0.0,0.0,0.05172413793103448
24,8,62,0.0,0.0,0.1774193548387097
24,9,66,0.0,-0.2727272727272727,0.5454545454545454
24,10,71,0.0,-0.028169014084507043,0.07042253521126761
24,11,68,0.0,-0.23529411764705882,0.23529411764705882
24,12,54,0.0,-0.1111111111111111,0.3888888888888889
24,13,66,0.0,0.0,0.12121212121212122
24,14,60,0.0,-0.1,0.13333333333333333
24,15,54,0.0,0.0,0.46296296296296297
24,16,71,0.0,-0.09859154929577464,0.7605633802816901
24,17,60,0.0,-0.05,0.48333333333333334
24,18,66,0.36363636363636365,-0.33333333333333337,0.33333333333333337
24,19,52,0.3076923076923077,0.1730769230769231,0.0
24,20,92,0.07608695652173914,-0.08695652173913043,0.08695652173913043
24,21,55,0.32727272727272727,0.2727272727272727,0.0
24,22,57,0.10526315789473684,-0.42105263157894735,0.42105263157894735
24,23,46,0.17391304347826086,0.17391304347826086,0.17391304347826086
24,24,48,0.3958333333333333,0.3958333333333333,0.0
24,25,81,0.08641975308641975,0.08641975308641975,0.012345679012345678
24,26,73,0.3013698630136986,0.3013698630136986,0.0958904109589041
25,0,51,0.0,-0.37254901960784315,0.5098039215686274
25,1,45,0.0,-0.8,0.8
25,2,51,0.0,0.0,0.1568627450980392
25,3,54,0.0,-0.07407407407407407,0.6666666666666666
25,4,49,0.0,0.0,0.46938775510204084
25,5,53,0.0,0.0,0.20754716981132076
25,6,52,0.0,0.0,0.5769230769230769
25,7,58,0.0,0.0,0.05172413793103448
25,8,62,0.0,0.0,0.1774193548387097
25,9,66,0.0,-0.2727272727272727,0.5454545454545454
25,10,71,0.0,-0.028169014084507043,0.07042253521126761
25,11,68,0.0,-0.23529411764705882,0.23529411764705882
25,12,54,0.0,-0.1111111111111111,0.3888888888888889
25,13,66,0.0,0.0,0.12121212121212122
25,14,60,0.0,-0.1,0.13333333333333333
25,15,54,0.0,0.0,0.46296296296296297
25,16,71,0.0,-0.09859154929577464,0.7605633802816901
25,17,60,0.0,-0.05,0.48333333333333334
25,18,66,0.3787878787878788,-0.31818181818181823,0.31818181818181823
25,19,52,0.3076923076923077,0.1730769230769231,0.0
25,20,92,0.15217391304347827,-0.010869565217391297,0.010869565217391297
25,21,55,0.41818181818181815,0.3636363636363636,0.0
25,22,57,0.03508771929824561,-0.49122807017543857,0.49122807017543857
25,23,46,0.2608695652173913,0.2608695652173913,0.08695652173913043
25,24,48,0.16666666666666666,0.16666666666666666,0.22916666666666666
25,25,81,0.12345679012345678,0.12345679012345678,0.0
25,26,73,0.2328767123287671,0.2328767123287671,0.1643835616438356
26,0,51,0.0,-0.37254901960784315,0.5098039215686274
26,1,45,0.0,-0.8,0.8
26,2,51,0.0,0.0,0.1568627450980392
26,3,54,0.0,-0.07407407407407407,0.6666666666666666
26,4,49,0.0,0.0,0.46938775510204084
26,5,53,0.0,0.0,0.20754716981132076
26,6,52,0.0,0.0,0.5769230769230769
26,7,58,0.0,0.0,0.05172413793103448
26,8,62,0.0,0.0,0.1774193548387097
26,9,66,0.0,-0.2727272727272727,0.5454545454545454
26,10,71,0.0,-0.028169014084507043,0.07042253521126761
26,11,68,0.0,-0.23529411764705882,0.23529411764705882
26,12,54,0.0,-0.1111111111111111,0.3888888888888889
26,13,66,0.0,0.0,0.12121212121212122
26,14,60,0.0,-0.1,0.13333333333333333
26,15,54,0.0,0.0,0.46296296296296297
26,16,71,0.0,-0.09859154929577464,0.7605633802816901
26,17,60,0.0,-0.05,0.48333333333333334
26,18,66,0.3939393939393939,-0.3030303030303031,0.3030303030303031
26,19,52,0.3269230769230769,0.19230769230769232,0.0
26,20,92,0.16304347826086957,0.0,0.0
26,21,55,0.43636363636363634,0.3818181818181818,0.0
26,22,57,0.017543859649122806,-0.5087719298245614,0.5087719298245614
26,23,46,0.2391304347826087,0.2391304347826087,0.10869565217391303
26,24,48,0.5416666666666666,0.5416666666666666,0.0
26,25,81,0.12345679012345678,0.12345679012345678,0.0
26,26,73,0.1780821917808219,0.1780821917808219,0.2191780821917808
27,0,51,0.0,-0.37254901960784315,0.5098039215686274
27,1,45,0.0,-0.8,0.8
27,2,51,0.0,0.0,0.1568627450980392
27,3,54,0.0,-0.07407407407407407,0.6666666666666666
27,4,49,0.0,0.0,0.46938775510204084
27,5,53,0.0,0.0,0.20754716981132076
27,6,52,0.0,0.0,0.5769230769230769
27,7,58,0.0,0.0,0.05172413793103448
27,8,62,0.0,0.0,0.1774193548387097
27,9,66,0.0,-0.2727272727272727,0.5454545454545454
27,10,71,0.0,-0.028169014084507043,0.07042253521126761
27,11,68,0.0,-0.23529411764705882,0.23529411764705882
27,12,54,0.0,-0.1111111111111111,0.3888888888888889
27,13,66,0.0,0.0,0.12121212121212122
27,14,60,0.0,-0.1,0.13333333333333333
27,15,54,0.0,0.0,0.46296296296296297
27,16,71,0.0,-0.09859154929577464,0.7605633802816901
27,17,60,0.0,-0.05,0.48333333333333334
27,18,66,0.42424242424242425,-0.27272727272727276,0.27272727272727276
27,19,52,0.3269230769230769,0.19230769230769232,0.0
27,20,92,0.11956521739130435,-0.043478260869565216,0.043478260869565216
27,21,55,0.41818181818181815,0.3636363636363636,0.018181818181818188
27,22,57,0.0,-0.5263157894736842,0.5263157894736842
27,23,46,0.43478260869565216,0.43478260869565216,0.0
27,24,48,0.5208333333333334,0.5208333333333334,0.02083333333333326
27,25,81,0.12345679012345678,0.12345679012345678,0.0
27,26,73,0.3013698630136986,0.3013698630136986,0.0958904109589041
28,0,51,0.0,-0.37254901960784315,0.5098039215686274
28,1,45,0.0,-0.8,0.8
28,2,51,0.0,0.0,0.1568627450980392
28,3,54,0.0,-0.07407407407407407,0.6666666666666666
28,4,49,0.0,0.0,0.46938775510204084
28,5,53,0.0,0.0,0.20754716981132076
28,6,52,0.0,0.0,0.5769230769230769
28,7,58,0.0,0.0,0.05172413793103448
28,8,62,0.0,0.0,0.1774193548387097
28,9,66,0.0,-0.2727272727272727,0.5454545454545454
28,10,71,0.0,-0.028169014084507043,0.07042253521126761
28,11,68,0.0,-0.23529411764705882,0.23529411764705882
28,12,54,0.0,-0.1111111111111111,0.3888888888888889
28,13,66,0.0,0.0,0.12121212121212122
28,14,60,0.0,-0.1,0.13333333333333333
28,15,54,0.0,0.0,0.46296296296296297
28,16,71,0.0,-0.09859154929577464,0.7605633802816901
28,17,60,0.0,-0.05,0.48333333333333334
28,18,66,0.45454545454545453,-0.2424242424242425,0.2424242424242425
28,19,52,0.3269230769230769,0.19230769230769232,0.0
28,20,92,0.17391304347826086,0.010869565217391297,0.0
28,21,55,0.4,0.34545454545454546,0.03636363636363632
28,22,57,0.017543859649122806,-0.5087719298245614,0.5087719298245614
28,23,46,0.34782608695652173,0.34782608695652173,0.08695652173913043
28,24,48,0.6666666666666666,0.6666666666666666,0.0
28,25,81,0.1111111111111111,0.1111111111111111,0.012345679012345678
28,26,73,0.273972602739726,0.273972602739726,0.1232876712328767
29,0,51,0.0,-0.37254901960784315,0.5098039215686274
29,1,45,0.0,-0.8,0.8
29,2,51,0.0,0.0,0.1568627450980392
29,3,54,0.0,-0.07407407407407407,0.6666666666666666
29,4,49,0.0,0.0,0.46938775510204084
29,5,53,0.0,0.0,0.20754716981132076
29,6,52,0.0,0.0,0.5769230769230769
29,7,58,0.0,0.0,0.05172413793103448
29,8,62,0.0,0.0,0.1774193548387097
29,9,66,0.0,-0.2727272727272727,0.5454545454545454
29,10,71,0.0,-0.028169014084507043,0.07042253521126761
29,11,68,0.0,-0.23529411764705882,0.23529411764705882
29,12,54,0.0,-0.1111111111111111,0.3888888888888889
29,13,66,0.0,0.0,0.12121212121212122
29,14,60,0.0,-0.1,0.13333333333333333
29,15,54,0.0,0.0,0.46296296296296297
29,16,71,0.0,-0.09859154929577464,0.7605633802816901
29,17,60,0.0,-0.05,0.48333333333333334
29,18,66,0.45454545454545453,-0.2424242424242425,0.2424242424242425
29,19,52,0.36538461538461536,0.23076923076923075,0.0
29,20,92,0.16304347826086957,0.0,0.010869565217391297
29,21,55,0.41818181818181815,0.3636363636363636,0.018181818181818188
29,22,57,0.0,-0.5263157894736842,0.5263157894736842
29,23,46,0.32608695652173914,0.32608695652173914,0.10869565217391303
29,24,48,0.6041666666666666,0.6041666666666666,0.0625
29,25,81,0.16049382716049382,0.16049382716049382,0.0
29,26,73,0.2191780821917808,0.2191780821917808,0.1780821917808219
30,0,51,0.0,-0.37254901960784315,0.5098039215686274
30,1,45,0.0,-0.8,0.8
30,2,51,0.0,0.0,0.1568627450980392
30,3,54,0.0,-0.07407407407407407,0.6666666666666666
30,4,49,0.0,0.0,0.46938775510204084
30,5,53,0.0,0.0,0.20754716981132076
30,6,52,0.0,0.0,0.5769230769230769
30,7,58,0.0,0.0,0.05172413793103448
30,8,62,0.0,0.0,0.1774193548387097
30,9,66,0.0,-0.2727272727272727,0.5454545454545454
30,10,71,0.0,-0.028169014084507043,0.07042253521126761
30,11,68,0.0,-0.23529411764705882,0.23529411764705882
30,12,54,0.0,-0.1111111111111111,0.3888888888888889
30,13,66,0.0,0.0,0.12121212121212122
30,14,60,0.0,-0.1,0.13333333333333333
30,15,54,0.0,0.0,0.46296296296296297
30,16,71,0.0,-0.09859154929577464,0.7605633802816901
30,17,60,0.0,-0.05,0.48333333333333334
30,18,66,0.5454545454545454,-0.1515151515151516,0.1515151515151516
30,19,52,0.38461538461538464,0.25,0.0
30,20,92,0.16304347826086957,0.0,0.010869565217391297
30,21,55,0.45454545454545453,0.39999999999999997,0.0
30,22,57,0.017543859649122806,-0.5087719298245614,0.5087719298245614
30,23,46,0.34782608695652173,0.34782608695652173,0.08695652173913043
30,24,48,0.6875,0.6875,0.0
30,25,81,0.14814814814814814,0.14814814814814814,0.012345679012345678
30,26,73,0.2054794520547945,0.2054794520547945,0.1917808219178082
31,0,51,0.0,-0.37254901960784315,0.5098039215686274
31,1,45,0.0,-0.8,0.8
31,2,51,0.0,0.0,0.1568627450980392
31,3,54,0.0,-0.07407407407407407,0.6666666666666666
31,4,49,0.0,0.0,0.46938775510204084
31,5,53,0.0,0.0,0.20754716981132076
31,6,52,0.0,0.0,0.5769230769230769
31,7,58,0.0,0.0,0.05172413793103448
31,8,62,0.0,0.0,0.1774193548387097
31,9,66,0.0,-0.2727272727272727,0.5454545454545454
31,10,71,0.0,-0.028169014084507043,0.07042253521126761
31,11,68,0.0,-0.23529411764705882,0.23529411764705882
31,12,54,0.0,-0.1111111111111111,0.3888888888888889
31,13,66,0.0,0.0,0.12121212121212122
31,14,60,0.0,-0.1,0.13333333333333333
31,15,54,0.0,0.0,0.46296296296296297
31,16,71,0.0,-0.09859154929577464,0.7605633802816901
31,17,60,0.0,-0.05,0.48333333333333334
31,18,66,0.5303030303030303,-0.16666666666666674,0.16666666666666674
31,19,52,0.38461538461538464,0.25,0.0
31,20,92,0.14130434782608695,-0.021739130434782622,0.03260869565217392
31,21,55,0.43636363636363634,0.3818181818181818,0.018181818181818188
31,22,57,0.017543859649122806,-0.5087719298245614,0.5087719298245614
31,23,46,0.391304347826087,0.391304347826087,0.04347826086956519
31,24,48,0.6875,0.6875,0.0
31,25,81,0.1728395061728395,0.1728395061728395,0.0
31,26,73,0.1917808219178082,0.1917808219178082,0.2054794520547945
32,0,51,0.0,-0.37254901960784315,0.5098039215686274
32,1,45,0.0,-0.8,0.8
32,2,51,0.0,0.0,0.1568627450980392
32,3,54,0.0,-0.07407407407407407,0.6666666666666666
32,4,49,0.0,0.0,0.46938775510204084
32,5,53,0.0,0.0,0.20754716981132076
32,6,52,0.0,0.0,0.5769230769230769
32,7,58,0.0,0.0,0.05172413793103448
32,8,62,0.0,0.0,0.1774193548387097
32,9,66,0.0,-0.2727272727272727,0.5454545454545454
32,10,71,0.0,-0.028169014084507043,0.07042253521126761
32,11,68,0.0,-0.23529411764705882,0.23529411764705882
32,12,54,0.0,-0.1111111111111111,0.3888888888888889
32,13,66,0.0,0.0,0.12121212121212122
32,14,60,0.0,-0.1,0.13333333333333333
32,15,54,0.0,0.0,0.46296296296296297
32,16,71,0.0,-0.09859154929577464,0.7605633802816901
32,17,60,0.0,-0.05,0.48333333333333334
32,18,66,0.5,-0.19696969696969702,0.19696969696969702
32,19,52,0.3076923076923077,0.1730769230769231,0.07692307692307693
32,20,92,0.10869565217391304,-0.05434782608695653,0.06521739130434782
32,21,55,0.45454545454545453,0.39999999999999997,0.0
32,22,57,0.05263157894736842,-0.47368421052631576,0.47368421052631576
32,23,46,0.45652173913043476,0.45652173913043476,0.0
32,24,48,0.6666666666666666,0.6666666666666666,0.02083333333333337
32,25,81,0.2716049382716049,0.2716049382716049,0.0
32,26,73,0.2328767123287671,0.2328767123287671,0.1643835616438356
33,0,51,0.0,-0.37254901960784315,0.5098039215686274
33,1,45,0.0,-0.8,0.8
33,2,51,0.0,0.0,0.1568627450980392
33,3,54,0.0,-0.07407407407407407,0.6666666666666666
33,4,49,0.0,0.0,0.46938775510204084
33,5,53,0.0,0.0,0.20754716981132076
33,6,52,0.0,0.0,0.5769230769230769
33,7,58,0.0,0.0,0.05172413793103448
33,8,62,0.0,0.0,0.1774193548387097
33,9,66,0.0,-0.2727272727272727,0.5454545454545454
33,10,71,0.0,-0.028169014084507043,0.07042253521126761
33,11,68,0.0,-0.23529411764705882,0.23529411764705882
33,12,54,0.0,-0.1111111111111111,0.3888888888888889
33,13,66,0.0,0.0,0.12121212121212122
33,14,60,0.0,-0.1,0.13333333333333333
33,15,54,0.0,0.0,0.46296296296296297
33,16,71,0.0,-0.09859154929577464,0.7605633802816901
33,17,60,0.0,-0.05,0.48333333333333334
33,18,66,0.5151515151515151,-0.18181818181818188,0.18181818181818188
33,19,52,0.34615384615384615,0.21153846153846154,0.03846153846153849
33,20,92,0.15217391304347827,-0.010869565217391297,0.021739130434782594
33,21,55,0.4727272727272727,0.41818181818181815,0.0
33,22,57,0.05263157894736842,-0.47368421052631576,0.47368421052631576
33,23,46,0.34782608695652173,0.34782608695652173,0.10869565217391303
33,24,48,0.6875,0.6875,0.0
33,25,81,0.2839506172839506,0.2839506172839506,0.0
33,26,73,0.2465753424657534,0.2465753424657534,0.1506849315068493
34,0,51,0.0,-0.37254901960784315,0.5098039215686274
34,1,45,0.0,-0.8,0.8
34,2,51,0.0,0.0,0.1568627450980392
34,3,54,0.0,-0.07407407407407407,0.6666666666666666
34,4,49,0.0,0.0,0.46938775510204084
34,5,53,0.0,0.0,0.20754716981132076
34,6,52,0.0,0.0,0.5769230769230769
34,7,58,0.0,0.0,0.05172413793103448
34,8,62,0.0,0.0,0.1774193548387097
34,9,66,0.0,-0.2727272727272727,0.5454545454545454
34,10,71,0.0,-0.028169014084507043,0.07042253521126761
34,11,68,0.0,-0.23529411764705882,0.23529411764705882
34,12,54,0.0,-0.1111111111111111,0.3888888888888889
34,13,66,0.0,0.0,0.12121212121212122
34,14,60,0.0,-0.1,0.13333333333333333
34,15,54,0.0,0.0,0.46296296296296297
34,16,71,0.0,-0.09859154929577464,0.7605633802816901
34,17,60,0.0,-0.05,0.48333333333333334
34,18,66,0.5909090909090909,-0.10606060606060608,0.10606060606060608
34,19,52,0.3076923076923077,0.1730769230769231,0.07692307692307693
34,20,92,0.11956521739130435,-0.043478260869565216,0.05434782608695651
34,21,55,0.43636363636363634,0.3818181818181818,0.036363636363636376
34,22,57,0.05263157894736842,-0.47368421052631576,0.47368421052631576
34,23,46,0.3695652173913043,0.3695652173913043,0.08695652173913043
34,24,48,0.6458333333333334,0.6458333333333334,0.04166666666666663
34,25,81,0.2839506172839506,0.2839506172839506,0.0
34,26,73,0.2191780821917808,0.2191780821917808,0.1780821917808219
35,0,51,0.0,-0.37254901960784315,0.5098039215686274
35,1,45,0.0,-0.8,0.8
35,2,51,0.0,0.0,0.1568627450980392
35,3,54,0.0,-0.07407407407407407,0.6666666666666666
35,4,49,0.0,0.0,0.46938775510204084
35,5,53,0.0,0.0,0.20754716981132076
35,6,52,0.0,0.0,0.5769230769230769
35,7,58,0.0,0.0,0.05172413793103448
35,8,62,0.0,0.0,0.1774193548387097
35,9,66,0.0,-0.2727272727272727,0.5454545454545454
35,10,71,0.0,-0.028169014084507043,0.07042253521126761
35,11,68,0.0,-0.23529411764705882,0.23529411764705882
35,12,54,0.0,-0.1111111111111111,0.3888888888888889
35,13,66,0.0,0.0,0.12121212121212122
35,14,60,0.0,-0.1,0.13333333333333333
35,15,54,0.0,0.0,0.46296296296296297
35,16,71,0.0,-0.09859154929577464,0.7605633802816901
35,17,60,0.0,-0.05,0.48333333333333334
35,18,66,0.6060606060606061,-0.09090909090909094,0.09090909090909094
35,19,52,0.36538461538461536,0.23076923076923075,0.019230769230769273
35,20,92,0.13043478260869565,-0.03260869565217392,0.043478260869565216
35,21,55,0.4,0.34545454545454546,0.0727272727272727
35,22,57,0.08771929824561403,-0.43859649122807015,0.43859649122807015
35,23,46,0.32608695652173914,0.32608695652173914,0.13043478260869562
35,24,48,0.6666666666666666,0.6666666666666666,0.02083333333333337
35,25,81,0.2839506172839506,0.2839506172839506,0.0
35,26,73,0.2054794520547945,0.2054794520547945,0.1917808219178082
36,0,51,0.0,-0.37254901960784315,0.5098039215686274
36,1,45,0.0,-0.8,0.8
36,2,51,0.0,0.0,0.1568627450980392
36,3,54,0.0,-0.07407407407407407,0.6666666666666666
36,4,49,0.0,0.0,0.46938775510204084
36,5,53,0.0,0.0,0.20754716981132076
36,6,52,0.0,0.0,0.5769230769230769
36,7,58,0.0,0.0,0.05172413793103448
36,8,62,0.0,0.0,0.1774193548387097
36,9,66,0.0,-0.2727272727272727,0.5454545454545454
36,10,71,0.0,-0.028169014084507043,0.07042253521126761
36,11,68,0.0,-0.23529411764705882,0.23529411764705882
36,12,54,0.0,-0.1111111111111111,0.3888888888888889
36,13,66,0.0,0.0,0.12121212121212122
36,14,60,0.0,-0.1,0.13333333333333333
36,15,54,0.0,0.0,0.46296296296296297
36,16,71,0.0,-0.09859154929577464,0.7605633802816901
36,17,60,0.0,-0.05,0.48333333333333334
36,18,66,0.5909090909090909,-0.10606060606060608,0.10606060606060608
36,19,52,0.38461538461538464,0.25,0.0
36,20,92,0.08695652173913043,-0.07608695652173914,0.08695652173913043
36,21,55,0.34545454545454546,0.2909090909090909,0.12727272727272726
36,22,57,0.03508771929824561,-0.49122807017543857,0.49122807017543857
36,23,46,0.30434782608695654,0.30434782608695654,0.15217391304347822
36,24,48,0.625,0.625,0.0625
36,25,81,0.3333333333333333,0.3333333333333333,0.0
36,26,73,0.2191780821917808,0.2191780821917808,0.1780821917808219
37,0,51,0.0,-0.37254901960784315,0.5098039215686274
37,1,45,0.0,-0.8,0.8
37,2,51,0.0,0.0,0.1568627450980392
37,3,54,0.0,-0.07407407407407407,0.6666666666666666
37,4,49,0.0,0.0,0.46938775510204084
37,5,53,0.0,0.0,0.20754716981132076
37,6,52,0.0,0.0,0.5769230769230769
37,7,58,0.0,0.0,0.05172413793103448
37,8,62,0.0,0.0,0.1774193548387097
37,9,66,0.0,-0.2727272727272727,0.5454545454545454
37,10,71,0.0,-0.028169014084507043,0.07042253521126761
37,11,68,0.0,-0.23529411764705882,0.23529411764705882
37,12,54,0.0,-0.1111111111111111,0.3888888888888889
37,13,66,0.0,0.0,0.12121212121212122
37,14,60,0.0,-0.1,0.13333333333333333
37,15,54,0.0,0.0,0.46296296296296297
37,16,71,0.0,-0.09859154929577464,0.7605633802816901
37,17,60,0.0,-0.05,0.48333333333333334
37,18,66,0.5454545454545454,-0.1515151515151516,0.1515151515151516
37,19,52,0.36538461538461536,0.23076923076923075,0.019230769230769273
37,20,92,0.11956521739130435,-0.043478260869565216,0.05434782608695651
37,21,55,0.32727272727272727,0.2727272727272727,0.14545454545454545
37,22,57,0.10526315789473684,-0.42105263157894735,0.42105263157894735
37,23,46,0.32608695652173914,0.32608695652173914,0.13043478260869562
37,24,48,0.5416666666666666,0.5416666666666666,0.14583333333333337
37,25,81,0.32098765432098764,0.32098765432098764,0.012345679012345678
37,26,73,0.273972602739726,0.273972602739726,0.1232876712328767
38,0,51,0.0,-0.37254901960784315,0.5098039215686274
38,1,45,0.0,-0.8,0.8
38,2,51,0.0,0.0,0.1568627450980392
38,3,54,0.0,-0.07407407407407407,0.6666666666666666
38,4,49,0.0,0.0,0.46938775510204084
38,5,53,0.0,0.0,0.20754716981132076
38,6,52,0.0,0.0,0.5769230769230769
38,7,58,0.0,0.0,0.05172413793103448
38,8,62,0.0,0.0,0.1774193548387097
38,9,66,0.0,-0.2727272727272727,0.5454545454545454
38,10,71,0.0,-0.028169014084507043,0.07042253521126761
38,11,68,0.0,-0.23529411764705882,0.23529411764705882
38,12,54,0.0,-0.1111111111111111,0.3888888888888889
38,13,66,0.0,0.0,0.12121212121212122
38,14,60,0.0,-0.1,0.13333333333333333
38,15,54,0.0,0.0,0.46296296296296297
38,16,71,0.0,-0.09859154929577464,0.7605633802816901
38,17,60,0.0,-0.05,0.48333333333333334
38,18,66,0.6060606060606061,-0.09090909090909094,0.09090909090909094
38,19,52,0.38461538461538464,0.25,0.0
38,20,92,0.14130434782608695,-0.021739130434782622,0.03260869565217392
38,21,55,0.36363636363636365,0.3090909090909091,0.10909090909090907
38,22,57,0.12280701754385964,-0.40350877192982454,0.40350877192982454
38,23,46,0.32608695652173914,0.32608695652173914,0.13043478260869562
38,24,48,0.625,0.625,0.0625
38,25,81,0.2716049382716049,0.2716049382716049,0.06172839506172839
38,26,73,0.2328767123287671,0.2328767123287671,0.1643835616438356
39,0,51,0.0,-0.37254901960784315,0.5098039215686274
39,1,45,0.0,-0.8,0.8
39,2,51,0.0,0.0,0.1568627450980392
39,3,54,0.0,-0.07407407407407407,0.6666666666666666
39,4,49,0.0,0.0,0.46938775510204084
39,5,53,0.0,0.0,0.20754716981132076
39,6,52,0.0,0.0,0.5769230769230769
39,7,58,0.0,0.0,0.05172413793103448
39,8,62,0.0,0.0,0.1774193548387097
39,9,66,0.0,-0.2727272727272727,0.5454545454545454
39,10,71,0.0,-0.028169014084507043,0.07042253521126761
39,11,68,0.0,-0.23529411764705882,0.23529411764705882
39,12,54,0.0,-0.1111111111111111,0.3888888888888889
39,13,66,0.0,0.0,0.12121212121212122
39,14,60,0.0,-0.1,0.13333333333333333
39,15,54,0.0,0.0,0.46296296296296297
39,16,71,0.0,-0.09859154929577464,0.7605633802816901
39,17,60,0.0,-0.05,0.48333333333333334
39,18,66,0.48484848484848486,-0.21212121212121215,0.21212121212121215
39,19,52,0.40384615384615385,0.2692307692307693,0.0
39,20,92,0.14130434782608695,-0.021739130434782622,0.03260869565217392
39,21,55,0.2909090909090909,0.23636363636363636,0.18181818181818182
39,22,57,0.12280701754385964,-0.40350877192982454,0.40350877192982454
39,23,46,0.32608695652173914,0.32608695652173914,0.13043478260869562
39,24,48,0.4791666666666667,0.4791666666666667,0.20833333333333331
39,25,81,0.2716049382716049,0.2716049382716049,0.06172839506172839
39,26,73,0.2465753424657534,0.2465753424657534,0.1506849315068493
40,0,51,0.0,-0.37254901960784315,0.5098039215686274
40,1,45,0.0,-0.8,0.8
40,2,51,0.0,0.0,0.1568627450980392
40,3,54,0.0,-0.07407407407407407,0.6666666666666666
40,4,49,0.0,0.0,0.46938775510204084
40,5,53,0.0,0.0,0.20754716981132076
40,6,52,0.0,0.0,0.5769230769230769
40,7,58,0.0,0.0,0.05172413793103448
40,8,62,0.0,0.0,0.1774193548387097
40,9,66,0.0,-0.2727272727272727,0.5454545454545454
40,10,71,0.0,-0.028169014084507043,0.07042253521126761
40,11,68,0.0,-0.23529411764705882,0.23529411764705882
40,12,54,0.0,-0.1111111111111111,0.3888888888888889
40,13,66,0.0,0.0,0.12121212121212122
40,14,60,0.0,-0.1,0.13333333333333333
40,15,54,0.0,0.0,0.46296296296296297
40,16,71,0.0,-0.09859154929577464,0.7605633802816901
40,17,60,0.0,-0.05,0.48333333333333334
40,18,66,0.6060606060606061,-0.09090909090909094,0.09090909090909094
40,19,52,0.46153846153846156,0.326923076923077,0.0
40,20,92,0.14130434782608695,-0.021739130434782622,0.03260869565217392
40,21,55,0.2909090909090909,0.23636363636363636,0.18181818181818182
40,22,57,0.12280701754385964,-0.40350877192982454,0.40350877192982454
40,23,46,0.32608695652173914,0.32608695652173914,0.13043478260869562
40,24,48,0.5625,0.5625,0.125
40,25,81,0.30864197530864196,0.30864197530864196,0.024691358024691357
40,26,73,0.1917808219178082,0.1917808219178082,0.2054794520547945
41,0,51,0.0,-0.37254901960784315,0.5098039215686274
41,1,45,0.0,-0.8,0.8
41,2,51,0.0,0.0,0.1568627450980392
41,3,54,0.0,-0.07407407407407407,0.6666666666666666
41,4,49,0.0,0.0,0.46938775510204084
41,5,53,0.0,0.0,0.20754716981132076
41,6,52,0.0,0.0,0.5769230769230769
41,7,58,0.0,0.0,0.05172413793103448
41,8,62,0.0,0.0,0.1774193548387097
41,9,66,0.0,-0.2727272727272727,0.5454545454545454
41,10,71,0.0,-0.028169014084507043,0.07042253521126761
41,11,68,0.0,-0.23529411764705882,0.23529411764705882
41,12,54,0.0,-0.1111111111111111,0.3888888888888889
41,13,66,0.0,0.0,0.12121212121212122
41,14,60,0.0,-0.1,0.13333333333333333
41,15,54,0.0,0.0,0.46296296296296297
41,16,71,0.0,-0.09859154929577464,0.7605633802816901
41,17,60,0.0,-0.05,0.48333333333333334
41,18,66,0.5303030303030303,-0.16666666666666674,0.16666666666666674
41,19,52,0.4423076923076923,0.3076923076923077,0.019230769230769273
41,20,92,0.15217391304347827,-0.010869565217391297,0.021739130434782594
41,21,55,0.2545454545454545,0.19999999999999998,0.2181818181818182
41,22,57,0.14035087719298245,-0.38596491228070173,0.38596491228070173
41,23,46,0.30434782608695654,0.30434782608695654,0.15217391304347822
41,24,48,0.4583333333333333,0.4583333333333333,0.22916666666666669
41,25,81,0.2839506172839506,0.2839506172839506,0.04938271604938271
41,26,73,0.2465753424657534,0.2465753424657534,0.1506849315068493
42,0,51,0.0,-0.37254901960784315,0.5098039215686274
42,1,45,0.0,-0.8,0.8
42,2,51,0.0,0.0,0.1568627450980392
42,3,54,0.0,-0.07407407407407407,0.6666666666666666
42,4,49,0.0,0.0,0.46938775510204084
42,5,53,0.0,0.0,0.20754716981132076
42,6,52,0.0,0.0,0.5769230769230769
42,7,58,0.0,0.0,0.05172413793103448
42,8,62,0.0,0.0,0.1774193548387097
42,9,66,0.0,-0.2727272727272727,0.5454545454545454
42,10,71,0.0,-0.028169014084507043,0.07042253521126761
42,11,68,0.0,-0.23529411764705882,0.23529411764705882
42,12,54,0.0,-0.1111111111111111,0.3888888888888889
42,13,66,0.0,0.0,0.12121212121212122
42,14,60,0.0,-0.1,0.13333333333333333
42,15,54,0.0,0.0,0.46296296296296297
42,16,71,0.0,-0.09859154929577464,0.7605633802816901
42,17,60,0.0,-0.05,0.48333333333333334
42,18,66,0.6363636363636364,-0.06060606060606066,0.06060606060606066
42,19,52,0.4807692307692308,0.34615384615384615,0.0
42,20,92,0.08695652173913043,-0.07608695652173914,0.08695652173913043
42,21,55,0.2727272727272727,0.21818181818181817,0.2
42,22,57,0.14035087719298245,-0.38596491228070173,0.38596491228070173
42,23,46,0.30434782608695654,0.30434782608695654,0.15217391304347822
42,24,48,0.3958333333333333,0.3958333333333333,0.2916666666666667
42,25,81,0.345679012345679,0.345679012345679,0.0
42,26,73,0.2191780821917808,0.2191780821917808,0.1780821917808219
43,0,51,0.0,-0.37254901960784315,0.5098039215686274
43,1,45,0.0,-0.8,0.8
43,2,51,0.0,0.0,0.1568627450980392
43,3,54,0.0,-0.07407407407407407,0.6666666666666666
43,4,49,0.0,0.0,0.46938775510204084
43,5,53,0.0,0.0,0.20754716981132076
43,6,52,0.0,0.0,0.5769230769230769
43,7,58,0.0,0.0,0.05172413793103448
43,8,62,0.0,0.0,0.1774193548387097
43,9,66,0.0,-0.2727272727272727,0.5454545454545454
43,10,71,0.0,-0.028169014084507043,0.07042253521126761
43,11,68,0.0,-0.23529411764705882,0.23529411764705882
43,12,54,0.0,-0.1111111111111111,0.3888888888888889
43,13,66,0.0,0.0,0.12121212121212122
43,14,60,0.0,-0.1,0.13333333333333333
43,15,54,0.0,0.0,0.46296296296296297
43,16,71,0.0,-0.09859154929577464,0.7605633802816901
43,17,60,0.0,-0.05,0.48333333333333334
43,18,66,0.5454545454545454,-0.1515151515151516,0.1515151515151516
43,19,52,0.40384615384615385,0.2692307692307693,0.07692307692307693
43,20,92,0.13043478260869565,-0.03260869565217392,0.043478260869565216
43,21,55,0.16363636363636364,0.1090909090909091,0.3090909090909091
43,22,57,0.21052631578947367,-0.3157894736842105,0.3157894736842105
43,23,46,0.2826086956521739,0.2826086956521739,0.17391304347826086
43,24,48,0.2708333333333333,0.2708333333333333,0.4166666666666667
43,25,81,0.345679012345679,0.345679012345679,0.0
43,26,73,0.2465753424657534,0.2465753424657534,0.1506849315068493
44,0,51,0.0,-0.37254901960784315,0.5098039215686274
44,1,45,0.0,-0.8,0.8
44,2,51,0.0,0.0,0.1568627450980392
44,3,54,0.0,-0.07407407407407407,0.6666666666666666
44,4,49,0.0,0.0,0.46938775510204084
44,5,53,0.0,0.0,0.20754716981132076
44,6,52,0.0,0.0,0.5769230769230769
44,7,58,0.0,0.0,0.05172413793103448
44,8,62,0.0,0.0,0.1774193548387097
44,9,66,0.0,-0.2727272727272727,0.5454545454545454
44,10,71,0.0,-0.028169014084507043,0.07042253521126761
44,11,68,0.0,-0.23529411764705882,0.23529411764705882
44,12,54,0.0,-0.1111111111111111,0.3888888888888889
44,13,66,0.0,0.0,0.12121212121212122
44,14,60,0.0,-0.1,0.13333333333333333
44,15,54,0.0,0.0,0.46296296296296297
44,16,71,0.0,-0.09859154929577464,0.7605633802816901
44,17,60,0.0,-0.05,0.48333333333333334
44,18,66,0.6060606060606061,-0.09090909090909094,0.09090909090909094
44,19,52,0.4230769230769231,0.28846153846153844,0.05769230769230771
44,20,92,0.08695652173913043,-0.07608695652173914,0.08695652173913043
44,21,55,0.2545454545454545,0.19999999999999998,0.2181818181818182
44,22,57,0.17543859649122806,-0.3508771929824561,0.3508771929824561
44,23,46,0.2826086956521739,0.2826086956521739,0.17391304347826086
44,24,48,0.375,0.375,0.3125
44,25,81,0.43209876543209874,0.43209876543209874,0.0
44,26,73,0.2328767123287671,0.2328767123287671,0.1643835616438356
45,0,51,0.0,-0.37254901960784315,0.5098039215686274
45,1,45,0.0,-0.8,0.8
45,2,51,0.0,0.0,0.1568627450980392
45,3,54,0.0,-0.07407407407407407,0.6666666666666666
45,4,49,0.0,0.0,0.46938775510204084
45,5,53,0.0,0.0,0.20754716981132076
45,6,52,0.0,0.0,0.5769230769230769
45,7,58,0.0,0.0,0.05172413793103448
45,8,62,0.0,0.0,0.1774193548387097
45,9,66,0.015151515151515152,-0.25757575757575757,0.5303030303030303
45,10,71,0.0,-0.028169014084507043,0.07042253521126761
45,11,68,0.0,-0.23529411764705882,0.23529411764705882
45,12,54,0.0,-0.1111111111111111,0.3888888888888889
45,13,66,0.0,0.0,0.12121212121212122
45,14,60,0.0,-0.1,0.13333333333333333
45,15,54,0.0,0.0,0.46296296296296297
45,16,71,0.0,-0.09859154929577464,0.7605633802816901
45,17,60,0.0,-0.05,0.48333333333333334
45,18,66,0.5606060606060606,-0.13636363636363646,0.13636363636363646
45,19,52,0.36538461538461536,0.23076923076923075,0.11538461538461542
45,20,92,0.10869565217391304,-0.05434782608695653,0.06521739130434782
45,21,55,0.18181818181818182,0.1272727272727273,0.2909090909090909
45,22,57,0.22807017543859648,-0.2982456140350877,0.2982456140350877
45,23,46,0.30434782608695654,0.30434782608695654,0.15217391304347822
45,24,48,0.25,0.25,0.4375
45,25,81,0.4691358024691358,0.4691358024691358,0.0
45,26,73,0.273972602739726,0.273972602739726,0.1232876712328767
46,0,51,0.0,-0.37254901960784315,0.5098039215686274
46,1,45,0.0,-0.8,0.8
46,2,51,0.0,0.0,0.1568627450980392
46,3,54,0.0,-0.07407407407407407,0.6666666666666666
46,4,49,0.0,0.0,0.46938775510204084
46,5,53,0.0,0.0,0.20754716981132076
46,6,52,0.0,0.0,0.5769230769230769
46,7,58,0.0,0.0,0.05172413793103448
46,8,62,0.0,0.0,0.1774193548387097
46,9,66,0.0,-0.2727272727272727,0.5454545454545454
46,10,71,0.0,-0.028169014084507043,0.07042253521126761
46,11,68,0.0,-0.23529411764705882,0.23529411764705882
46,12,54,0.0,-0.1111111111111111,0.3888888888888889
46,13,66,0.0,0.0,0.12121212121212122
46,14,60,0.0,-0.1,0.13333333333333333
46,15,54,0.0,0.0,0.46296296296296297
46,16,71,0.0,-0.09859154929577464,0.7605633802816901
46,17,60,0.0,-0.05,0.48333333333333334
46,18,66,0.7272727272727273,0.030303030303030276,0.0
46,19,52,0.4423076923076923,0.3076923076923077,0.03846153846153849
46,20,92,0.08695652173913043,-0.07608695652173914,0.08695652173913043
46,21,55,0.18181818181818182,0.1272727272727273,0.2909090909090909
46,22,57,0.2982456140350877,-0.22807017543859648,0.22807017543859648
46,23,46,0.2826086956521739,0.2826086956521739,0.17391304347826086
46,24,48,0.4375,0.4375,0.25
46,25,81,0.41975308641975306,0.41975308641975306,0.04938271604938271
46,26,73,0.1506849315068493,0.1506849315068493,0.2465753424657534
47,0,51,0.0,-0.37254901960784315,0.5098039215686274
47,1,45,0.0,-0.8,0.8
47,2,51,0.0,0.0,0.1568627450980392
47,3,54,0.0,-0.07407407407407407,0.6666666666666666
47,4,49,0.0,0.0,0.46938775510204084
47,5,53,0.0,0.0,0.20754716981132076
47,6,52,0.0,0.0,0.5769230769230769
47,7,58,0.0,0.0,0.05172413793103448
47,8,62,0.0,0.0,0.1774193548387097
47,9,66,0.0,-0.2727272727272727,0.5454545454545454
47,10,71,0.0,-0.028169014084507043,0.07042253521126761
47,11,68,0.0,-0.23529411764705882,0.23529411764705882
47,12,54,0.0,-0.1111111111111111,0.3888888888888889
47,13,66,0.0,0.0,0.12121212121212122
47,14,60,0.0,-0.1,0.13333333333333333
47,15,54,0.0,0.0,0.46296296296296297
47,16,71,0.0,-0.09859154929577464,0.7605633802816901
47,17,60,0.0,-0.05,0.48333333333333334
47,18,66,0.6060606060606061,-0.09090909090909094,0.12121212121212122
47,19,52,0.40384615384615385,0.2692307692307693,0.07692307692307693
47,20,92,0.10869565217391304,-0.05434782608695653,0.06521739130434782
47,21,55,0.2,0.14545454545454548,0.2727272727272727
47,22,57,0.24561403508771928,-0.2807017543859649,0.2807017543859649
47,23,46,0.32608695652173914,0.32608695652173914,0.13043478260869562
47,24,48,0.22916666666666666,0.22916666666666666,0.45833333333333337
47,25,81,0.5679012345679012,0.5679012345679012,0.0
47,26,73,0.2465753424657534,0.2465753424657534,0.1506849315068493
48,0,51,0.0,-0.37254901960784315,0.5098039215686274
48,1,45,0.0,-0.8,0.8
48,2,51,0.0,0.0,0.1568627450980392
48,3,54,0.0,-0.07407407407407407,0.6666666666666666
48,4,49,0.0,0.0,0.46938775510204084
48,5,53,0.0,0.0,0.20754716981132076
48,6,52,0.0,0.0,0.5769230769230769
48,7,58,0.0,0.0,0.05172413793103448
48,8,62,0.0,0.0,0.1774193548387097
48,9,66,0.015151515151515152,-0.25757575757575757,0.5303030303030303
48,10,71,0.0,-0.028169014084507043,0.07042253521126761
48,11,68,0.0,-0.23529411764705882,0.23529411764705882
48,12,54,0.0,-0.1111111111111111,0.3888888888888889
48,13,66,0.0,0.0,0.12121212121212122
48,14,60,0.0,-0.1,0.13333333333333333
48,15,54,0.0,0.0,0.46296296296296297
48,16,71,0.0,-0.09859154929577464,0.7605633802816901
48,17,60,0.0,-0.05,0.48333333333333334
48,18,66,0.6515151515151515,-0.045454545454545525,0.0757575757575758
48,19,52,0.38461538461538464,0.25,0.09615384615384615
48,20,92,0.11956521739130435,-0.043478260869565216,0.05434782608695651
48,21,55,0.21818181818181817,0.16363636363636364,0.2545454545454545
48,22,57,0.2982456140350877,-0.22807017543859648,0.22807017543859648
48,23,46,0.30434782608695654,0.30434782608695654,0.15217391304347822
48,24,48,0.4375,0.4375,0.25
48,25,81,0.48148148148148145,0.48148148148148145,0.08641975308641975
48,26,73,0.1917808219178082,0.1917808219178082,0.2054794520547945
49,0,51,0.0,-0.37254901960784315,0.5098039215686274
49,1,45,0.0,-0.8,0.8
49,2,51,0.0,0.0,0.1568627450980392
49,3,54,0.0,-0.07407407407407407,0.6666666666666666
49,4,49,0.0,0.0,0.46938775510204084
49,5,53,0.0,0.0,0.20754716981132076
49,6,52,0.0,0.0,0.5769230769230769
49,7,58,0.0,0.0,0.05172413793103448
49,8,62,0.0,0.0,0.1774193548387097
49,9,66,0.0,-0.2727272727272727,0.5454545454545454
49,10,71,0.0,-0.028169014084507043,0.07042253521126761
49,11,68,0.0,-0.23529411764705882,0.23529411764705882
49,12,54,0.0,-0.1111111111111111,0.3888888888888889
49,13,66,0.0,0.0,0.12121212121212122
49,14,60,0.0,-0.1,0.13333333333333333
49,15,54,0.0,0.0,0.46296296296296297
49,16,71,0.0,-0.09859154929577464,0.7605633802816901
49,17,60,0.0,-0.05,0.48333333333333334
49,18,66,0.696969696969697,0.0,0.030303030303030276
49,19,52,0.40384615384615385,0.2692307692307693,0.07692307692307693
49,20,92,0.11956521739130435,-0.043478260869565216,0.05434782608695651
49,21,55,0.23636363636363636,0.18181818181818182,0.23636363636363636
49,22,57,0.2631578947368421,-0.2631578947368421,0.2631578947368421
49,23,46,0.34782608695652173,0.34782608695652173,0.10869565217391303
49,24,48,0.20833333333333334,0.20833333333333334,0.47916666666666663
49,25,81,0.5308641975308642,0.5308641975308642,0.03703703703703698
49,26,73,0.2191780821917808,0.2191780821917808,0.1780821917808219
50,0,51,0.0,-0.37254901960784315,0.5098039215686274
50,1,45,0.0,-0.8,0.8
50,2,51,0.0,0.0,0.1568627450980392
50,3,54,0.0,-0.07407407407407407,0.6666666666666666
50,4,49,0.0,0.0,0.46938775510204084
50,5,53,0.0,0.0,0.20754716981132076
50,6,52,0.0,0.0,0.5769230769230769
50,7,58,0.0,0.0,0.05172413793103448
50,8,62,0.0,0.0,0.1774193548387097
50,9,66,0.015151515151515152,-0.25757575757575757,0.5303030303030303
50,10,71,0.0,-0.028169014084507043,0.07042253521126761
50,11,68,0.0,-0.23529411764705882,0.23529411764705882
50,12,54,0.0,-0.1111111111111111,0.3888888888888889
50,13,66,0.0,0.0,0.12121212121212122
50,14,60,0.0,-0.1,0.13333333333333333
50,15,54,0.0,0.0,0.46296296296296297
50,16,71,0.0,-0.09859154929577464,0.7605633802816901
50,17,60,0.0,-0.05,0.48333333333333334
50,18,66,0.6666666666666666,-0.030303030303030387,0.06060606060606066
50,19,52,0.34615384615384615,0.21153846153846154,0.13461538461538464
50,20,92,0.13043478260869565,-0.03260869565217392,0.043478260869565216
50,21,55,0.2727272727272727,0.21818181818181817,0.2
50,22,57,0.2807017543859649,-0.24561403508771928,0.24561403508771928
50,23,46,0.2608695652173913,0.2608695652173913,0.19565217391304346
50,24,48,0.4791666666666667,0.4791666666666667,0.20833333333333331
50,25,81,0.41975308641975306,0.41975308641975306,0.14814814814814814
50,26,73,0.1917808219178082,0.1917808219178082,0.2054794520547945
51,0,51,0.0,-0.37254901960784315,0.5098039215686274
51,1,45,0.0,-0.8,0.8
51,2,51,0.0,0.0,0.1568627450980392
51,3,54,0.0,-0.07407407407407407,0.6666666666666666
51,4,49,0.0,0.0,0.46938775510204084
51,5,53,0.0,0.0,0.20754716981132076
51,6,52,0.0,0.0,0.5769230769230769
51,7,58,0.0,0.0,0.05172413793103448
51,8,62,0.0,0.0,0.1774193548387097
51,9,66,0.0,-0.2727272727272727,0.5454545454545454
51,10,71,0.0,-0.028169014084507043,0.07042253521126761
51,11,68,0.0,-0.23529411764705882,0.23529411764705882
51,12,54,0.0,-0.1111111111111111,0.3888888888888889
51,13,66,0.0,0.0,0.12121212121212122
51,14,60,0.0,-0.1,0.13333333333333333
51,15,54,0.0,0.0,0.46296296296296297
51,16,71,0.0,-0.09859154929577464,0.7605633802816901
51,17,60,0.0,-0.05,0.48333333333333334
51,18,66,0.6515151515151515,-0.045454545454545525,0.0757575757575758
51,19,52,0.38461538461538464,0.25,0.09615384615384615
51,20,92,0.09782608695652174,-0.06521739130434782,0.07608695652173912
51,21,55,0.2545454545454545,0.19999999999999998,0.2181818181818182
51,22,57,0.22807017543859648,-0.2982456140350877,0.2982456140350877
51,23,46,0.34782608695652173,0.34782608695652173,0.10869565217391303
51,24,48,0.20833333333333334,0.20833333333333334,0.47916666666666663
51,25,81,0.6172839506172839,0.6172839506172839,0.0
51,26,73,0.273972602739726,0.273972602739726,0.1232876712328767
52,0,51,0.0,-0.37254901960784315,0.5098039215686274
52,1,45,0.0,-0.8,0.8
52,2,51,0.0,0.0,0.1568627450980392
52,3,54,0.0,-0.07407407407407407,0.6666666666666666
52,4,49,0.0,0.0,0.46938775510204084
52,5,53,0.0,0.0,0.20754716981132076
52,6,52,0.0,0.0,0.5769230769230769
52,7,58,0.0,0.0,0.05172413793103448
52,8,62,0.0,0.0,0.1774193548387097
52,9,66,0.015151515151515152,-0.25757575757575757,0.5303030303030303
52,10,71,0.0,-0.028169014084507043,0.07042253521126761
52,11,68,0.0,-0.23529411764705882,0.23529411764705882
52,12,54,0.0,-0.1111111111111111,0.3888888888888889
52,13,66,0.0,0.0,0.12121212121212122
52,14,60,0.0,-0.1,0.13333333333333333
52,15,54,0.0,0.0,0.46296296296296297
52,16,71,0.0,-0.09859154929577464,0.7605633802816901
52,17,60,0.0,-0.05,0.48333333333333334
52,18,66,0.5151515151515151,-0.18181818181818188,0.21212121212121215
52,19,52,0.34615384615384615,0.21153846153846154,0.13461538461538464
52,20,92,0.14130434782608695,-0.021739130434782622,0.03260869565217392
52,21,55,0.2727272727272727,0.21818181818181817,0.2
52,22,57,0.3157894736842105,-0.21052631578947367,0.21052631578947367
52,23,46,0.2826086956521739,0.2826086956521739,0.17391304347826086
52,24,48,0.375,0.375,0.3125
52,25,81,0.4074074074074074,0.4074074074074074,0.20987654320987653
52,26,73,0.2054794520547945,0.2054794520547945,0.1917808219178082
53,0,51,0.0,-0.37254901960784315,0.5098039215686274
53,1,45,0.0,-0.8,0.8
53,2,51,0.0,0.0,0.1568627450980392
53,3,54,0.0,-0.07407407407407407,0.6666666666666666
53,4,49,0.0,0.0,0.46938775510204084
53,5,53,0.0,0.0,0.20754716981132076
53,6,52,0.0,0.0,0.5769230769230769
53,7,58,0.0,0.0,0.05172413793103448
53,8,62,0.0,0.0,0.1774193548387097
53,9,66,0.0,-0.2727272727272727,0.5454545454545454
53,10,71,0.0,-0.028169014084507043,0.07042253521126761
53,11,68,0.0,-0.23529411764705882,0.23529411764705882
53,12,54,0.0,-0.1111111111111111,0.3888888888888889
53,13,66,0.0,0.0,0.12121212121212122
53,14,60,0.0,-0.1,0.13333333333333333
53,15,54,0.0,0.0,0.46296296296296297
53,16,71,0.0,-0.09859154929577464,0.7605633802816901
53,17,60,0.0,-0.05,0.48333333333333334
53,18,66,0.6060606060606061,-0.09090909090909094,0.12121212121212122
53,19,52,0.36538461538461536,0.23076923076923075,0.11538461538461542
53,20,92,0.06521739130434782,-0.09782608695652174,0.10869565217391304
53,21,55,0.2545454545454545,0.19999999999999998,0.2181818181818182
53,22,57,0.21052631578947367,-0.3157894736842105,0.3157894736842105
53,23,46,0.391304347826087,0.391304347826087,0.06521739130434778
53,24,48,0.2708333333333333,0.2708333333333333,0.4166666666666667
53,25,81,0.6790123456790124,0.6790123456790124,0.0
53,26,73,0.2602739726027397,0.2602739726027397,0.136986301369863
54,0,51,0.0,-0.37254901960784315,0.5098039215686274
54,1,45,0.0,-0.8,0.8
54,2,51,0.0,0.0,0.1568627450980392
54,3,54,0.0,-0.07407407407407407,0.6666666666666666
54,4,49,0.0,0.0,0.46938775510204084
54,5,53,0.0,0.0,0.20754716981132076
54,6,52,0.0,0.0,0.5769230769230769
54,7,58,0.0,0.0,0.05172413793103448
54,8,62,0.0,0.0,0.1774193548387097
54,9,66,0.015151515151515152,-0.25757575757575757,0.5303030303030303
54,10,71,0.0,-0.028169014084507043,0.07042253521126761
54,11,68,0.0,-0.23529411764705882,0.23529411764705882
54,12,54,0.0,-0.1111111111111111,0.3888888888888889
54,13,66,0.0,0.0,0.12121212121212122
54,14,60,0.0,-0.1,0.13333333333333333
54,15,54,0.0,0.0,0.46296296296296297
54,16,71,0.0,-0.09859154929577464,0.7605633802816901
54,17,60,0.0,-0.05,0.48333333333333334
54,18,66,0.5606060606060606,-0.13636363636363646,0.16666666666666674
54,19,52,0.3269230769230769,0.19230769230769232,0.15384615384615385
54,20,92,0.11956521739130435,-0.043478260869565216,0.05434782608695651
54,21,55,0.2909090909090909,0.23636363636363636,0.18181818181818182
54,22,57,0.3333333333333333,-0.19298245614035087,0.19298245614035087
54,23,46,0.34782608695652173,0.34782608695652173,0.10869565217391303
54,24,48,0.2708333333333333,0.2708333333333333,0.4166666666666667
54,25,81,0.4444444444444444,0.4444444444444444,0.23456790123456794
54,26,73,0.1780821917808219,0.1780821917808219,0.2191780821917808
55,0,51,0.0,-0.37254901960784315,0.5098039215686274
55,1,45,0.0,-0.8,0.8
55,2,51,0.0,0.0,0.1568627450980392
55,3,54,0.0,-0.07407407407407407,0.6666666666666666
55,4,49,0.0,0.0,0.46938775510204084
55,5,53,0.0,0.0,0.20754716981132076
55,6,52,0.0,0.0,0.5769230769230769
55,7,58,0.0,0.0,0.05172413793103448
55,8,62,0.0,0.0,0.1774193548387097
55,9,66,0.015151515151515152,-0.25757575757575757,0.5303030303030303
55,10,71,0.0,-0.028169014084507043,0.07042253521126761
55,11,68,0.0,-0.23529411764705882,0.23529411764705882
55,12,54,0.0,-0.1111111111111111,0.3888888888888889
55,13,66,0.0,0.0,0.12121212121212122
55,14,60,0.0,-0.1,0.13333333333333333
55,15,54,0.0,0.0,0.46296296296296297
55,16,71,0.0,-0.09859154929577464,0.7605633802816901
55,17,60,0.0,-0.05,0.48333333333333334
55,18,66,0.48484848484848486,-0.21212121212121215,0.24242424242424243
55,19,52,0.38461538461538464,0.25,0.09615384615384615
55,20,92,0.13043478260869565,-0.03260869565217392,0.043478260869565216
55,21,55,0.3090909090909091,0.2545454545454545,0.16363636363636364
55,22,57,0.14035087719298245,-0.38596491228070173,0.38596491228070173
55,23,46,0.32608695652173914,0.32608695652173914,0.13043478260869562
55,24,48,0.3125,0.3125,0.375
55,25,81,0.6666666666666666,0.6666666666666666,0.012345679012345734
55,26,73,0.2465753424657534,0.2465753424657534,0.1506849315068493
56,0,51,0.0,-0.37254901960784315,0.5098039215686274
56,1,45,0.0,-0.8,0.8
56,2,51,0.0,0.0,0.1568627450980392
56,3,54,0.0,-0.07407407407407407,0.6666666666666666
56,4,49,0.0,0.0,0.46938775510204084
56,5,53,0.0,0.0,0.20754716981132076
56,6,52,0.0,0.0,0.5769230769230769
56,7,58,0.0,0.0,0.05172413793103448
56,8,62,0.0,0.0,0.1774193548387097
56,9,66,0.015151515151515152,-0.25757575757575757,0.5303030303030303
56,10,71,0.0,-0.028169014084507043,0.07042253521126761
56,11,68,0.0,-0.23529411764705882,0.23529411764705882
56,12,54,0.0,-0.1111111111111111,0.3888888888888889
56,13,66,0.0,0.0,0.12121212121212122
56,14,60,0.0,-0.1,0.13333333333333333
56,15,54,0.0,0.0,0.46296296296296297
56,16,71,0.0,-0.09859154929577464,0.7605633802816901
56,17,60,0.0,-0.05,0.48333333333333334
56,18,66,0.6666666666666666,-0.030303030303030387,0.06060606060606066
56,19,52,0.34615384615384615,0.21153846153846154,0.13461538461538464
56,20,92,0.11956521739130435,-0.043478260869565216,0.05434782608695651
56,21,55,0.2909090909090909,0.23636363636363636,0.18181818181818182
56,22,57,0.2982456140350877,-0.22807017543859648,0.22807017543859648
56,23,46,0.30434782608695654,0.30434782608695654,0.15217391304347822
56,24,48,0.20833333333333334,0.20833333333333334,0.47916666666666663
56,25,81,0.4444444444444444,0.4444444444444444,0.23456790123456794
56,26,73,0.2876712328767123,0.2876712328767123,0.1095890410958904
57,0,51,0.0,-0.37254901960784315,0.5098039215686274
57,1,45,0.0,-0.8,0.8
57,2,51,0.0,0.0,0.1568627450980392
57,3,54,0.0,-0.07407407407407407,0.6666666666666666
57,4,49,0.0,0.0,0.46938775510204084
57,5,53,0.0,0.0,0.20754716981132076
57,6,52,0.0,0.0,0.5769230769230769
57,7,58,0.0,0.0,0.05172413793103448
57,8,62,0.0,0.0,0.1774193548387097
57,9,66,0.015151515151515152,-0.25757575757575757,0.5303030303030303
57,10,71,0.0,-0.028169014084507043,0.07042253521126761
57,11,68,0.0,-0.23529411764705882,0.23529411764705882
57,12,54,0.0,-0.1111111111111111,0.3888888888888889
57,13,66,0.0,0.0,0.12121212121212122
57,14,60,0.0,-0.1,0.13333333333333333
57,15,54,0.0,0.0,0.46296296296296297
57,16,71,0.0,-0.09859154929577464,0.7605633802816901
57,17,60,0.0,-0.05,0.48333333333333334
57,18,66,0.4696969696969697,-0.2272727272727273,0.25757575757575757
57,19,52,0.40384615384615385,0.2692307692307693,0.07692307692307693
57,20,92,0.17391304347826086,0.010869565217391297,0.0
57,21,55,0.2727272727272727,0.21818181818181817,0.2
57,22,57,0.17543859649122806,-0.3508771929824561,0.3508771929824561
57,23,46,0.2826086956521739,0.2826086956521739,0.17391304347826086
57,24,48,0.3333333333333333,0.3333333333333333,0.3541666666666667
57,25,81,0.6172839506172839,0.6172839506172839,0.06172839506172845
57,26,73,0.273972602739726,0.273972602739726,0.1232876712328767
58,0,51,0.0,-0.37254901960784315,0.5098039215686274
58,1,45,0.0,-0.8,0.8
58,2,51,0.0,0.0,0.1568627450980392
58,3,54,0.0,-0.07407407407407407,0.6666666666666666
58,4,49,0.0,0.0,0.46938775510204084
58,5,53,0.0,0.0,0.20754716981132076
58,6,52,0.0,0.0,0.5769230769230769
58,7,58,0.0,0.0,0.05172413793103448
58,8,62,0.0,0.0,0.1774193548387097
58,9,66,0.015151515151515152,-0.25757575757575757,0.5303030303030303
58,10,71,0.0,-0.028169014084507043,0.07042253521126761
58,11,68,0.0,-0.23529411764705882,0.23529411764705882
58,12,54,0.0,-0.1111111111111111,0.3888888888888889
58,13,66,0.0,0.0,0.12121212121212122
58,14,60,0.0,-0.1,0.13333333333333333
58,15,54,0.0,0.0,0.46296296296296297
58,16,71,0.0,-0.09859154929577464,0.7605633802816901
58,17,60,0.0,-0.05,0.48333333333333334
58,18,66,0.7272727272727273,0.030303030303030276,0.0
58,19,52,0.2692307692307692,0.1346153846153846,0.21153846153846156
58,20,92,0.10869565217391304,-0.05434782608695653,0.06521739130434782
58,21,55,0.3090909090909091,0.2545454545454545,0.16363636363636364
58,22,57,0.2631578947368421,-0.2631578947368421,0.2631578947368421
58,23,46,0.30434782608695654,0.30434782608695654,0.15217391304347822
58,24,48,0.1875,0.1875,0.5
58,25,81,0.48148148148148145,0.48148148148148145,0.1975308641975309
58,26,73,0.3835616438356164,0.3835616438356164,0.0136986301369863
59,0,51,0.0,-0.37254901960784315,0.5098039215686274
59,1,45,0.0,-0.8,0.8
59,2,51,0.0,0.0,0.1568627450980392
59,3,54,0.0,-0.07407407407407407,0.6666666666666666
59,4,49,0.0,0.0,0.46938775510204084
59,5,53,0.0,0.0,0.20754716981132076
59,6,52,0.0,0.0,0.5769230769230769
59,7,58,0.0,0.0,0.05172413793103448
59,8,62,0.0,0.0,0.1774193548387097
59,9,66,0.015151515151515152,-0.25757575757575757,0.5303030303030303
59,10,71,0.0,-0.028169014084507043,0.07042253521126761
59,11,68,0.0,-0.23529411764705882,0.23529411764705882
59,12,54,0.0,-0.1111111111111111,0.3888888888888889
59,13,66,0.0,0.0,0.12121212121212122
59,14,60,0.0,-0.1,0.13333333333333333
59,15,54,0.0,0.0,0.46296296296296297
59,16,71,0.0,-0.09859154929577464,0.7605633802816901
59,17,60,0.0,-0.05,0.48333333333333334
59,18,66,0.3939393939393939,-0.3030303030303031,0.33333333333333337
59,19,52,0.38461538461538464,0.25,0.09615384615384615
59,20,92,0.16304347826086957,0.0,0.010869565217391297
59,21,55,0.3090909090909091,0.2545454545454545,0.16363636363636364
59,22,57,0.17543859649122806,-0.3508771929824561,0.3508771929824561
59,23,46,0.34782608695652173,0.34782608695652173,0.10869565217391303
59,24,48,0.4166666666666667,0.4166666666666667,0.2708333333333333
59,25,81,0.5679012345679012,0.5679012345679012,0.11111111111111116
59,26,73,0.273972602739726,0.273972602739726,0.1232876712328767
60,0,51,0.0,-0.37254901960784315,0.5098039215686274
60,1,45,0.0,-0.8,0.8
60,2,51,0.0,0.0,0.1568627450980392
60,3,54,0.0,-0.07407407407407407,0.6666666666666666
60,4,49,0.0,0.0,0.46938775510204084
60,5,53,0.0,0.0,0.20754716981132076
60,6,52,0.0,0.0,0.5769230769230769
60,7,58,0.0,0.0,0.05172413793103448
60,8,62,0.0,0.0,0.1774193548387097
60,9,66,0.0,-0.2727272727272727,0.5454545454545454
60,10,71,0.0,-0.028169014084507043,0.07042253521126761
60,11,68,0.0,-0.23529411764705882,0.23529411764705882
60,12,54,0.0,-0.1111111111111111,0.3888888888888889
60,13,66,0.0,0.0,0.12121212121212122
60,14,60,0.0,-0.1,0.13333333333333333
60,15,54,0.0,0.0,0.46296296296296297
60,16,71,0.0,-0.09859154929577464,0.7605633802816901
60,17,60,0.0,-0.05,0.48333333333333334
60,18,66,0.8181818181818182,0.12121212121212122,0.0
60,19,52,0.3269230769230769,0.19230769230769232,0.15384615384615385
60,20,92,0.043478260869565216,-0.11956521739130435,0.13043478260869565
60,21,55,0.2545454545454545,0.19999999999999998,0.2181818181818182
60,22,57,0.38596491228070173,-0.14035087719298245,0.14035087719298245
60,23,46,0.30434782608695654,0.30434782608695654,0.15217391304347822
60,24,48,0.22916666666666666,0.22916666666666666,0.45833333333333337
60,25,81,0.4567901234567901,0.4567901234567901,0.22222222222222227
60,26,73,0.3287671232876712,0.3287671232876712,0.0684931506849315
61,0,51,0.0,-0.37254901960784315,0.5098039215686274
61,1,45,0.0,-0.8,0.8
61,2,51,0.0,0.0,0.1568627450980392
61,3,54,0.0,-0.07407407407407407,0.6666666666666666
61,4,49,0.0,0.0,0.46938775510204084
61,5,53,0.0,0.0,0.20754716981132076
61,6,52,0.0,0.0,0.5769230769230769
61,7,58,0.0,0.0,0.05172413793103448
61,8,62,0.0,0.0,0.1774193548387097
61,9,66,0.0,-0.2727272727272727,0.5454545454545454
61,10,71,0.0,-0.028169014084507043,0.07042253521126761
61,11,68,0.0,-0.23529411764705882,0.23529411764705882
61,12,54,0.0,-0.1111111111111111,0.3888888888888889
61,13,66,0.015151515151515152,0.015151515151515152,0.10606060606060606
61,14,60,0.0,-0.1,0.13333333333333333
61,15,54,0.0,0.0,0.46296296296296297
61,16,71,0.0,-0.09859154929577464,0.7605633802816901
61,17,60,0.0,-0.05,0.48333333333333334
61,18,66,0.4393939393939394,-0.2575757575757576,0.37878787878787884
61,19,52,0.3269230769230769,0.19230769230769232,0.15384615384615385
61,20,92,0.14130434782608695,-0.021739130434782622,0.03260869565217392
61,21,55,0.3090909090909091,0.2545454545454545,0.16363636363636364
61,22,57,0.2807017543859649,-0.24561403508771928,0.24561403508771928
61,23,46,0.3695652173913043,0.3695652173913043,0.08695652173913043
61,24,48,0.3333333333333333,0.3333333333333333,0.3541666666666667
61,25,81,0.4567901234567901,0.4567901234567901,0.22222222222222227
61,26,73,0.2465753424657534,0.2465753424657534,0.1506849315068493
62,0,51,0.0,-0.37254901960784315,0.5098039215686274
62,1,45,0.0,-0.8,0.8
62,2,51,0.0,0.0,0.1568627450980392
62,3,54,0.0,-0.07407407407407407,0.6666666666666666
62,4,49,0.0,0.0,0.46938775510204084
62,5,53,0.0,0.0,0.20754716981132076
62,6,52,0.0,0.0,0.5769230769230769
62,7,58,0.0,0.0,0.05172413793103448
62,8,62,0.0,0.0,0.1774193548387097
62,9,66,0.015151515151515152,-0.25757575757575757,0.5303030303030303
62,10,71,0.0,-0.028169014084507043,0.07042253521126761
62,11,68,0.0,-0.23529411764705882,0.23529411764705882
62,12,54,0.0,-0.1111111111111111,0.3888888888888889
62,13,66,0.0,0.0,0.12121212121212122
62,14,60,0.0,-0.1,0.13333333333333333
62,15,54,0.0,0.0,0.46296296296296297
62,16,71,0.0,-0.09859154929577464,0.7605633802816901
62,17,60,0.0,-0.05,0.48333333333333334
62,18,66,0.6666666666666666,-0.030303030303030387,0.1515151515151516
62,19,52,0.34615384615384615,0.21153846153846154,0.13461538461538464
62,20,92,0.021739130434782608,-0.14130434782608697,0.15217391304347827
62,21,55,0.34545454545454546,0.2909090909090909,0.12727272727272726
62,22,57,0.2982456140350877,-0.22807017543859648,0.22807017543859648
62,23,46,0.30434782608695654,0.30434782608695654,0.15217391304347822
62,24,48,0.22916666666666666,0.22916666666666666,0.45833333333333337
62,25,81,0.6049382716049383,0.6049382716049383,0.07407407407407407
62,26,73,0.3287671232876712,0.3287671232876712,0.0684931506849315
63,0,51,0.0,-0.37254901960784315,0.5098039215686274
63,1,45,0.0,-0.8,0.8
63,2,51,0.0,0.0,0.1568627450980392
63,3,54,0.0,-0.07407407407407407,0.6666666666666666
63,4,49,0.0,0.0,0.46938775510204084
63,5,53,0.0,0.0,0.20754716981132076
63,6,52,0.0,0.0,0.5769230769230769
63,7,58,0.0,0.0,0.05172413793103448
63,8,62,0.0,0.0,0.1774193548387097
63,9,66,0.015151515151515152,-0.25757575757575757,0.5303030303030303
63,10,71,0.0,-0.028169014084507043,0.07042253521126761
63,11,68,0.0,-0.23529411764705882,0.23529411764705882
63,12,54,0.0,-0.1111111111111111,0.3888888888888889
63,13,66,0.0,0.0,0.12121212121212122
63,14,60,0.0,-0.1,0.13333333333333333
63,15,54,0.0,0.0,0.46296296296296297
63,16,71,0.0,-0.09859154929577464,0.7605633802816901
63,17,60,0.0,-0.05,0.48333333333333334
63,18,66,0.48484848484848486,-0.21212121212121215,0.33333333333333337
63,19,52,0.36538461538461536,0.23076923076923075,0.11538461538461542
63,20,92,0.09782608695652174,-0.06521739130434782,0.07608695652173912
63,21,55,0.2909090909090909,0.23636363636363636,0.18181818181818182
63,22,57,0.3333333333333333,-0.19298245614035087,0.19298245614035087
63,23,46,0.34782608695652173,0.34782608695652173,0.10869565217391303
63,24,48,0.25,0.25,0.4375
63,25,81,0.5925925925925926,0.5925925925925926,0.0864197530864198
63,26,73,0.2054794520547945,0.2054794520547945,0.1917808219178082
64,0,51,0.0,-0.37254901960784315,0.5098039215686274
64,1,45,0.0,-0.8,0.8
64,2,51,0.0,0.0,0.1568627450980392
64,3,54,0.0,-0.07407407407407407,0.6666666666666666
64,4,49,0.0,0.0,0.46938775510204084
64,5,53,0.0,0.0,0.20754716981132076
64,6,52,0.0,0.0,0.5769230769230769
64,7,58,0.0,0.0,0.05172413793103448
64,8,62,0.0,0.0,0.1774193548387097
64,9,66,0.0,-0.2727272727272727,0.5454545454545454
64,10,71,0.0,-0.028169014084507043,0.07042253521126761
64,11,68,0.0,-0.23529411764705882,0.23529411764705882
64,12,54,0.0,-0.1111111111111111,0.3888888888888889
64,13,66,0.0,0.0,0.12121212121212122
64,14,60,0.0,-0.1,0.13333333333333333
64,15,54,0.0,0.0,0.46296296296296297
64,16,71,0.0,-0.09859154929577464,0.7605633802816901
64,17,60,0.0,-0.05,0.48333333333333334
64,18,66,0.6818181818181818,-0.015151515151515249,0.13636363636363646
64,19,52,0.36538461538461536,0.23076923076923075,0.11538461538461542
64,20,92,0.043478260869565216,-0.11956521739130435,0.13043478260869565
64,21,55,0.3090909090909091,0.2545454545454545,0.16363636363636364
64,22,57,0.38596491228070173,-0.14035087719298245,0.14035087719298245
64,23,46,0.32608695652173914,0.32608695652173914,0.13043478260869562
64,24,48,0.3125,0.3125,0.375
64,25,81,0.5432098765432098,0.5432098765432098,0.13580246913580252
64,26,73,0.1917808219178082,0.1917808219178082,0.2054794520547945
65,0,51,0.0,-0.37254901960784315,0.5098039215686274
65,1,45,0.0,-0.8,0.8
65,2,51,0.0,0.0,0.1568627450980392
65,3,54,0.0,-0.07407407407407407,0.6666666666666666
65,4,49,0.0,0.0,0.46938775510204084
65,5,53,0.0,0.0,0.20754716981132076
65,6,52,0.0,0.0,0.5769230769230769
65,7,58,0.0,0.0,0.05172413793103448
65,8,62,0.0,0.0,0.1774193548387097
65,9,66,0.015151515151515152,-0.25757575757575757,0.5303030303030303
65,10,71,0.0,-0.028169014084507043,0.07042253521126761
65,11,68,0.0,-0.23529411764705882,0.23529411764705882
65,12,54,0.0,-0.1111111111111111,0.3888888888888889
65,13,66,0.0,0.0,0.12121212121212122
65,14,60,0.0,-0.1,0.13333333333333333
65,15,54,0.0,0.0,0.46296296296296297
65,16,71,0.0,-0.09859154929577464,0.7605633802816901
65,17,60,0.0,-0.05,0.48333333333333334
65,18,66,0.5909090909090909,-0.10606060606060608,0.2272727272727273
65,19,52,0.38461538461538464,0.25,0.09615384615384615
65,20,92,0.11956521739130435,-0.043478260869565216,0.05434782608695651
65,21,55,0.3090909090909091,0.2545454545454545,0.16363636363636364
65,22,57,0.2807017543859649,-0.24561403508771928,0.24561403508771928
65,23,46,0.32608695652173914,0.32608695652173914,0.13043478260869562
65,24,48,0.22916666666666666,0.22916666666666666,0.45833333333333337
65,25,81,0.5679012345679012,0.5679012345679012,0.11111111111111116
65,26,73,0.3013698630136986,0.3013698630136986,0.0958904109589041
66,0,51,0.0,-0.37254901960784315,0.5098039215686274
66,1,45,0.0,-0.8,0.8
66,2,51,0.0,0.0,0.1568627450980392
66,3,54,0.0,-0.07407407407407407,0.6666666666666666
66,4,49,0.0,0.0,0.46938775510204084
66,5,53,0.0,0.0,0.20754716981132076
66,6,52,0.0,0.0,0.5769230769230769
66,7,58,0.0,0.0,0.05172413793103448
66,8,62,0.0,0.0,0.1774193548387097
66,9,66,0.015151515151515152,-0.25757575757575757,0.5303030303030303
66,10,71,0.0,-0.028169014084507043,0.07042253521126761
66,11,68,0.0,-0.23529411764705882,0.23529411764705882
66,12,54,0.0,-0.1111111111111111,0.3888888888888889
66,13,66,0.0,0.0,0.12121212121212122
66,14,60,0.0,-0.1,0.13333333333333333
66,15,54,0.0,0.0,0.46296296296296297
66,16,71,0.0,-0.09859154929577464,0.7605633802816901
66,17,60,0.0,-0.05,0.48333333333333334
66,18,66,0.7272727272727273,0.030303030303030276,0.09090909090909094
66,19,52,0.36538461538461536,0.23076923076923075,0.11538461538461542
66,20,92,0.08695652173913043,-0.07608695652173914,0.08695652173913043
66,21,55,0.36363636363636365,0.3090909090909091,0.10909090909090907
66,22,57,0.38596491228070173,-0.14035087719298245,0.14035087719298245
66,23,46,0.2391304347826087,0.2391304347826087,0.21739130434782605
66,24,48,0.2916666666666667,0.2916666666666667,0.3958333333333333
66,25,81,0.5555555555555556,0.5555555555555556,0.12345679012345678
66,26,73,0.2328767123287671,0.2328767123287671,0.1643835616438356
67,0,51,0.0,-0.37254901960784315,0.5098039215686274
67,1,45,0.0,-0.8,0.8
67,2,51,0.0,0.0,0.1568627450980392
67,3,54,0.0,-0.07407407407407407,0.6666666666666666
67,4,49,0.0,0.0,0.46938775510204084
67,5,53,0.0,0.0,0.20754716981132076
67,6,52,0.0,0.0,0.5769230769230769
67,7,58,0.0,0.0,0.05172413793103448
67,8,62,0.0,0.0,0.1774193548387097
67,9,66,0.015151515151515152,-0.25757575757575757,0.5303030303030303
67,10,71,0.0,-0.028169014084507043,0.07042253521126761
67,11,68,0.0,-0.23529411764705882,0.23529411764705882
67,12,54,0.0,-0.1111111111111111,0.3888888888888889
67,13,66,0.0,0.0,0.12121212121212122
67,14,60,0.0,-0.1,0.13333333333333333
67,15,54,0.0,0.0,0.46296296296296297
67,16,71,0.0,-0.09859154929577464,0.7605633802816901
67,17,60,0.0,-0.05,0.48333333333333334
67,18,66,0.5303030303030303,-0.16666666666666674,0.28787878787878796
67,19,52,0.4230769230769231,0.28846153846153844,0.05769230769230771
67,20,92,0.13043478260869565,-0.03260869565217392,0.043478260869565216
67,21,55,0.32727272727272727,0.2727272727272727,0.14545454545454545
67,22,57,0.3157894736842105,-0.21052631578947367,0.21052631578947367
67,23,46,0.32608695652173914,0.32608695652173914,0.13043478260869562
67,24,48,0.1875,0.1875,0.5
67,25,81,0.6419753086419753,0.6419753086419753,0.03703703703703709
67,26,73,0.3835616438356164,0.3835616438356164,0.0136986301369863
68,0,51,0.0,-0.37254901960784315,0.5098039215686274
68,1,45,0.0,-0.8,0.8
68,2,51,0.0,0.0,0.1568627450980392
68,3,54,0.0,-0.07407407407407407,0.6666666666666666
68,4,49,0.0,0.0,0.46938775510204084
68,5,53,0.0,0.0,0.20754716981132076
68,6,52,0.0,0.0,0.5769230769230769
68,7,58,0.0,0.0,0.05172413793103448
68,8,62,0.0,0.0,0.1774193548387097
68,9,66,0.015151515151515152,-0.25757575757575757,0.5303030303030303
68,10,71,0.0,-0.028169014084507043,0.07042253521126761
68,11,68,0.0,-0.23529411764705882,0.23529411764705882
68,12,54,0.0,-0.1111111111111111,0.3888888888888889
68,13,66,0.0,0.0,0.12121212121212122
68,14,60,0.0,-0.1,0.13333333333333333
68,15,54,0.0,0.0,0.46296296296296297
68,16,71,0.0,-0.09859154929577464,0.7605633802816901
68,17,60,0.0,-0.05,0.48333333333333334
68,18,66,0.7727272727272727,0.07575757575757569,0.045454545454545525
68,19,52,0.40384615384615385,0.2692307692307693,0.07692307692307693
68,20,92,0.10869565217391304,-0.05434782608695653,0.06521739130434782
68,21,55,0.32727272727272727,0.2727272727272727,0.14545454545454545
68,22,57,0.40350877192982454,-0.12280701754385964,0.12280701754385964
68,23,46,0.21739130434782608,0.21739130434782608,0.23913043478260868
68,24,48,0.4375,0.4375,0.25
68,25,81,0.4691358024691358,0.4691358024691358,0.2098765432098766
68,26,73,0.273972602739726,0.273972602739726,0.1232876712328767
69,0,51,0.0,-0.37254901960784315,0.5098039215686274
69,1,45,0.0,-0.8,0.8
69,2,51,0.0,0.0,0.1568627450980392
69,3,54,0.0,-0.07407407407407407,0.6666666666666666
69,4,49,0.0,0.0,0.46938775510204084
69,5,53,0.0,0.0,0.20754716981132076
69,6,52,0.0,0.0,0.5769230769230769
69,7,58,0.0,0.0,0.05172413793103448
69,8,62,0.0,0.0,0.1774193548387097
69,9,66,0.015151515151515152,-0.25757575757575757,0.5303030303030303
69,10,71,0.0,-0.028169014084507043,0.07042253521126761
69,11,68,0.0,-0.23529411764705882,0.23529411764705882
69,12,54,0.0,-0.1111111111111111,0.3888888888888889
69,13,66,0.0,0.0,0.12121212121212122
69,14,60,0.0,-0.1,0.13333333333333333
69,15,54,0.0,0.0,0.46296296296296297
69,16,71,0.0,-0.09859154929577464,0.7605633802816901
69,17,60,0.0,-0.05,0.48333333333333334
69,18,66,0.5303030303030303,-0.16666666666666674,0.28787878787878796
69,19,52,0.38461538461538464,0.25,0.09615384615384615
69,20,92,0.14130434782608695,-0.021739130434782622,0.03260869565217392
69,21,55,0.36363636363636365,0.3090909090909091,0.10909090909090907
69,22,57,0.3333333333333333,-0.19298245614035087,0.19298245614035087
69,23,46,0.3695652173913043,0.3695652173913043,0.08695652173913043
69,24,48,0.14583333333333334,0.14583333333333334,0.5416666666666666
69,25,81,0.5185185185185185,0.5185185185185185,0.16049382716049387
69,26,73,0.3287671232876712,0.3287671232876712,0.0684931506849315
70,0,51,0.0,-0.37254901960784315,0.5098039215686274
70,1,45,0.0,-0.8,0.8
70,2,51,0.0,0.0,0.1568627450980392
70,3,54,0.0,-0.07407407407407407,0.6666666666666666
70,4,49,0.0,0.0,0.46938775510204084
70,5,53,0.0,0.0,0.20754716981132076
70,6,52,0.0,0.0,0.5769230769230769
70,7,58,0.0,0.0,0.05172413793103448
70,8,62,0.0,0.0,0.1774193548387097
70,9,66,0.015151515151515152,-0.25757575757575757,0.5303030303030303
70,10,71,0.0,-0.028169014084507043,0.07042253521126761
70,11,68,0.0,-0.23529411764705882,0.23529411764705882
70,12,54,0.0,-0.1111111111111111,0.3888888888888889
70,13,66,0.0,0.0,0.12121212121212122
70,14,60,0.0,-0.1,0.13333333333333333
70,15,54,0.0,0.0,0.46296296296296297
70,16,71,0.0,-0.09859154929577464,0.7605633802816901
70,17,60,0.0,-0.05,0.48333333333333334
70,18,66,0.5909090909090909,-0.10606060606060608,0.2272727272727273
70,19,52,0.38461538461538464,0.25,0.09615384615384615
70,20,92,0.15217391304347827,-0.010869565217391297,0.021739130434782594
70,21,55,0.4,0.34545454545454546,0.0727272727272727
70,22,57,0.3333333333333333,-0.19298245614035087,0.19298245614035087
70,23,46,0.2391304347826087,0.2391304347826087,0.21739130434782605
70,24,48,0.4166666666666667,0.4166666666666667,0.2708333333333333
70,25,81,0.4074074074074074,0.4074074074074074,0.271604938271605
70,26,73,0.2876712328767123,0.2876712328767123,0.1095890410958904
71,0,51,0.0,-0.37254901960784315,0.5098039215686274
71,1,45,0.0,-0.8,0.8
71,2,51,0.0,0.0,0.1568627450980392
71,3,54,0.0,-0.07407407407407407,0.6666666666666666
71,4,49,0.0,0.0,0.46938775510204084
71,5,53,0.0,0.0,0.20754716981132076
71,6,52,0.0,0.0,0.5769230769230769
71,7,58,0.0,0.0,0.05172413793103448
71,8,62,0.0,0.0,0.1774193548387097
71,9,66,0.015151515151515152,-0.25757575757575757,0.5303030303030303
71,10,71,0.0,-0.028169014084507043,0.07042253521126761
71,11,68,0.0,-0.23529411764705882,0.23529411764705882
71,12,54,0.0,-0.1111111111111111,0.3888888888888889
71,13,66,0.0,0.0,0.12121212121212122
71,14,60,0.0,-0.1,0.13333333333333333
71,15,54,0.0,0.0,0.46296296296296297
71,16,71,0.0,-0.09859154929577464,0.7605633802816901
71,17,60,0.0,-0.05,0.48333333333333334
71,18,66,0.6515151515151515,-0.045454545454545525,0.16666666666666674
71,19,52,0.38461538461538464,0.25,0.09615384615384615
71,20,92,0.13043478260869565,-0.03260869565217392,0.043478260869565216
71,21,55,0.36363636363636365,0.3090909090909091,0.10909090909090907
71,22,57,0.3508771929824561,-0.17543859649122806,0.17543859649122806
71,23,46,0.2826086956521739,0.2826086956521739,0.17391304347826086
71,24,48,0.14583333333333334,0.14583333333333334,0.5416666666666666
71,25,81,0.49382716049382713,0.49382716049382713,0.18518518518518523
71,26,73,0.3287671232876712,0.3287671232876712,0.0684931506849315
72,0,51,0.0,-0.37254901960784315,0.5098039215686274
72,1,45,0.0,-0.8,0.8
72,2,51,0.0,0.0,0.1568627450980392
72,3,54,0.0,-0.07407407407407407,0.6666666666666666
72,4,49,0.0,0.0,0.46938775510204084
72,5,53,0.0,0.0,0.20754716981132076
72,6,52,0.0,0.0,0.5769230769230769
72,7,58,0.0,0.0,0.05172413793103448
72,8,62,0.0,0.0,0.1774193548387097
72,9,66,0.0,-0.2727272727272727,0.5454545454545454
72,10,71,0.0,-0.028169014084507043,0.07042253521126761
72,11,68,0.0,-0.23529411764705882,0.23529411764705882
72,12,54,0.0,-0.1111111111111111,0.3888888888888889
72,13,66,0.0,0.0,0.12121212121212122
72,14,60,0.0,-0.1,0.13333333333333333
72,15,54,0.0,0.0,0.46296296296296297
72,16,71,0.0,-0.09859154929577464,0.7605633802816901
72,17,60,0.0,-0.05,0.48333333333333334
72,18,66,0.5606060606060606,-0.13636363636363646,0.2575757575757577
72,19,52,0.40384615384615385,0.2692307692307693,0.07692307692307693
72,20,92,0.16304347826086957,0.0,0.010869565217391297
72,21,55,0.4,0.34545454545454546,0.0727272727272727
72,22,57,0.3333333333333333,-0.19298245614035087,0.19298245614035087
72,23,46,0.2391304347826087,0.2391304347826087,0.21739130434782605
72,24,48,0.4166666666666667,0.4166666666666667,0.2708333333333333
72,25,81,0.48148148148148145,0.48148148148148145,0.1975308641975309
72,26,73,0.273972602739726,0.273972602739726,0.1232876712328767
73,0,51,0.0,-0.37254901960784315,0.5098039215686274
73,1,45,0.0,-0.8,0.8
73,2,51,0.0,0.0,0.1568627450980392
73,3,54,0.0,-0.07407407407407407,0.6666666666666666
73,4,49,0.0,0.0,0.46938775510204084
73,5,53,0.0,0.0,0.20754716981132076
73,6,52,0.0,0.0,0.5769230769230769
73,7,58,0.0,0.0,0.05172413793103448
73,8,62,0.0,0.0,0.1774193548387097
73,9,66,0.015151515151515152,-0.25757575757575757,0.5303030303030303
73,10,71,0.0,-0.028169014084507043,0.07042253521126761
73,11,68,0.0,-0.23529411764705882,0.23529411764705882
73,12,54,0.0,-0.1111111111111111,0.3888888888888889
73,13,66,0.0,0.0,0.12121212121212122
73,14,60,0.0,-0.1,0.13333333333333333
73,15,54,0.0,0.0,0.46296296296296297
73,16,71,0.0,-0.09859154929577464,0.7605633802816901
73,17,60,0.0,-0.05,0.48333333333333334
73,18,66,0.5909090909090909,-0.10606060606060608,0.2272727272727273
73,19,52,0.36538461538461536,0.23076923076923075,0.11538461538461542
73,20,92,0.05434782608695652,-0.10869565217391305,0.11956521739130435
73,21,55,0.41818181818181815,0.3636363636363636,0.054545454545454564
73,22,57,0.3684210526315789,-0.15789473684210525,0.15789473684210525
73,23,46,0.30434782608695654,0.30434782608695654,0.15217391304347822
73,24,48,0.16666666666666666,0.16666666666666666,0.5208333333333334
73,25,81,0.6172839506172839,0.6172839506172839,0.06172839506172845
73,26,73,0.3424657534246575,0.3424657534246575,0.0547945205479452
74,0,51,0.0,-0.37254901960784315,0.5098039215686274
74,1,45,0.0,-0.8,0.8
74,2,51,0.0,0.0,0.1568627450980392
74,3,54,0.0,-0.07407407407407407,0.6666666666666666
74,4,49,0.0,0.0,0.46938775510204084
74,5,53,0.0,0.0,0.20754716981132076
74,6,52,0.0,0.0,0.5769230769230769
74,7,58,0.0,0.0,0.05172413793103448
74,8,62,0.0,0.0,0.1774193548387097
74,9,66,0.0,-0.2727272727272727,0.5454545454545454
74,10,71,0.0,-0.028169014084507043,0.07042253521126761
74,11,68,0.0,-0.23529411764705882,0.23529411764705882
74,12,54,0.0,-0.1111111111111111,0.3888888888888889
74,13,66,0.0,0.0,0.12121212121212122
74,14,60,0.0,-0.1,0.13333333333333333
74,15,54,0.0,0.0,0.46296296296296297
74,16,71,0.0,-0.09859154929577464,0.7605633802816901
74,17,60,0.0,-0.05,0.48333333333333334
74,18,66,0.6363636363636364,-0.06060606060606066,0.18181818181818188
74,19,52,0.40384615384615385,0.2692307692307693,0.07692307692307693
74,20,92,0.15217391304347827,-0.010869565217391297,0.021739130434782594
74,21,55,0.34545454545454546,0.2909090909090909,0.12727272727272726
74,22,57,0.38596491228070173,-0.14035087719298245,0.14035087719298245
74,23,46,0.2608695652173913,0.2608695652173913,0.19565217391304346
74,24,48,0.3958333333333333,0.3958333333333333,0.2916666666666667
74,25,81,0.5185185185185185,0.5185185185185185,0.16049382716049387
74,26,73,0.273972602739726,0.273972602739726,0.1232876712328767
75,0,51,0.0,-0.37254901960784315,0.5098039215686274
75,1,45,0.0,-0.8,0.8
75,2,51,0.0,0.0,0.1568627450980392
75,3,54,0.0,-0.07407407407407407,0.6666666666666666
75,4,49,0.0,0.0,0.46938775510204084
75,5,53,0.0,0.0,0.20754716981132076
75,6,52,0.0,0.0,0.5769230769230769
75,7,58,0.0,0.0,0.05172413793103448
75,8,62,0.0,0.0,0.1774193548387097
75,9,66,0.0,-0.2727272727272727,0.5454545454545454
75,10,71,0.0,-0.028169014084507043,0.07042253521126761
75,11,68,0.0,-0.23529411764705882,0.23529411764705882
75,12,54,0.0,-0.1111111111111111,0.3888888888888889
75,13,66,0.0,0.0,0.12121212121212122
75,14,60,0.0,-0.1,0.13333333333333333
75,15,54,0.0,0.0,0.46296296296296297
75,16,71,0.0,-0.09859154929577464,0.7605633802816901
75,17,60,0.0,-0.05,0.48333333333333334
75,18,66,0.5909090909090909,-0.10606060606060608,0.2272727272727273
75,19,52,0.4230769230769231,0.28846153846153844,0.05769230769230771
75,20,92,0.16304347826086957,0.0,0.010869565217391297
75,21,55,0.36363636363636365,0.3090909090909091,0.10909090909090907
75,22,57,0.3157894736842105,-0.21052631578947367,0.21052631578947367
75,23,46,0.32608695652173914,0.32608695652173914,0.13043478260869562
75,24,48,0.16666666666666666,0.16666666666666666,0.5208333333333334
75,25,81,0.5555555555555556,0.5555555555555556,0.12345679012345678
75,26,73,0.3424657534246575,0.3424657534246575,0.0547945205479452
76,0,51,0.0,-0.37254901960784315,0.5098039215686274
76,1,45,0.0,-0.8,0.8
76,2,51,0.0,0.0,0.1568627450980392
76,3,54,0.0,-0.07407407407407407,0.6666666666666666
76,4,49,0.0,0.0,0.46938775510204084
76,5,53,0.0,0.0,0.20754716981132076
76,6,52,0.0,0.0,0.5769230769230769
76,7,58,0.0,0.0,0.05172413793103448
76,8,62,0.0,0.0,0.1774193548387097
76,9,66,0.0,-0.2727272727272727,0.5454545454545454
76,10,71,0.0,-0.028169014084507043,0.07042253521126761
76,11,68,0.0,-0.23529411764705882,0.23529411764705882
76,12,54,0.0,-0.1111111111111111,0.3888888888888889
76,13,66,0.0,0.0,0.12121212121212122
76,14,60,0.0,-0.1,0.13333333333333333
76,15,54,0.0,0.0,0.46296296296296297
76,16,71,0.0,-0.09859154929577464,0.7605633802816901
76,17,60,0.0,-0.05,0.48333333333333334
76,18,66,0.6515151515151515,-0.045454545454545525,0.16666666666666674
76,19,52,0.40384615384615385,0.2692307692307693,0.07692307692307693
76,20,92,0.10869565217391304,-0.05434782608695653,0.06521739130434782
76,21,55,0.34545454545454546,0.2909090909090909,0.12727272727272726
76,22,57,0.38596491228070173,-0.14035087719298245,0.14035087719298245
76,23,46,0.2608695652173913,0.2608695652173913,0.19565217391304346
76,24,48,0.375,0.375,0.3125
76,25,81,0.5802469135802469,0.5802469135802469,0.09876543209876543
76,26,73,0.2465753424657534,0.2465753424657534,0.1506849315068493
77,0,51,0.0,-0.37254901960784315,0.5098039215686274
77,1,45,0.0,-0.8,0.8
77,2,51,0.0,0.0,0.1568627450980392
77,3,54,0.0,-0.07407407407407407,0.6666666666666666
77,4,49,0.0,0.0,0.46938775510204084
77,5,53,0.0,0.0,0.20754716981132076
77,6,52,0.0,0.0,0.5769230769230769
77,7,58,0.0,0.0,0.05172413793103448
77,8,62,0.0,0.0,0.1774193548387097
77,9,66,0.0,-0.2727272727272727,0.5454545454545454
77,10,71,0.0,-0.028169014084507043,0.07042253521126761
77,11,68,0.0,-0.23529411764705882,0.23529411764705882
77,12,54,0.0,-0.1111111111111111,0.3888888888888889
77,13,66,0.0,0.0,0.12121212121212122
77,14,60,0.0,-0.1,0.13333333333333333
77,15,54,0.0,0.0,0.46296296296296297
77,16,71,0.0,-0.09859154929577464,0.7605633802816901
77,17,60,0.0,-0.05,0.48333333333333334
77,18,66,0.5909090909090909,-0.10606060606060608,0.2272727272727273
77,19,52,0.36538461538461536,0.23076923076923075,0.11538461538461542
77,20,92,0.10869565217391304,-0.05434782608695653,0.06521739130434782
77,21,55,0.36363636363636365,0.3090909090909091,0.10909090909090907
77,22,57,0.3333333333333333,-0.19298245614035087,0.19298245614035087
77,23,46,0.32608695652173914,0.32608695652173914,0.13043478260869562
77,24,48,0.1875,0.1875,0.5
77,25,81,0.6296296296296297,0.6296296296296297,0.04938271604938271
77,26,73,0.3287671232876712,0.3287671232876712,0.0684931506849315
78,0,51,0.0,-0.37254901960784315,0.5098039215686274
78,1,45,0.0,-0.8,0.8
78,2,51,0.0,0.0,0.1568627450980392
78,3,54,0.0,-0.07407407407407407,0.6666666666666666
78,4,49,0.0,0.0,0.46938775510204084
78,5,53,0.0,0.0,0.20754716981132076
78,6,52,0.0,0.0,0.5769230769230769
78,7,58,0.0,0.0,0.05172413793103448
78,8,62,0.0,0.0,0.1774193548387097
78,9,66,0.0,-0.2727272727272727,0.5454545454545454
78,10,71,0.0,-0.028169014084507043,0.07042253521126761
78,11,68,0.0,-0.23529411764705882,0.23529411764705882
78,12,54,0.0,-0.1111111111111111,0.3888888888888889
78,13,66,0.0,0.0,0.12121212121212122
78,14,60,0.0,-0.1,0.13333333333333333
78,15,54,0.0,0.0,0.46296296296296297
78,16,71,0.0,-0.09859154929577464,0.7605633802816901
78,17,60,0.0,-0.05,0.48333333333333334
78,18,66,0.6515151515151515,-0.045454545454545525,0.16666666666666674
78,19,52,0.40384615384615385,0.2692307692307693,0.07692307692307693
78,20,92,0.09782608695652174,-0.06521739130434782,0.07608695652173912
78,21,55,0.3090909090909091,0.2545454545454545,0.16363636363636364
78,22,57,0.42105263157894735,-0.10526315789473684,0.10526315789473684
78,23,46,0.2608695652173913,0.2608695652173913,0.19565217391304346
78,24,48,0.3541666666666667,0.3541666666666667,0.3333333333333333
78,25,81,0.5555555555555556,0.5555555555555556,0.12345679012345678
78,26,73,0.273972602739726,0.273972602739726,0.1232876712328767
79,0,51,0.0,-0.37254901960784315,0.5098039215686274
79,1,45,0.0,-0.8,0.8
79,2,51,0.0,0.0,0.1568627450980392
79,3,54,0.0,-0.07407407407407407,0.6666666666666666
79,4,49,0.0,0.0,0.46938775510204084
79,5,53,0.0,0.0,0.20754716981132076
79,6,52,0.0,0.0,0.5769230769230769
79,7,58,0.0,0.0,0.05172413793103448
79,8,62,0.0,0.0,0.1774193548387097
79,9,66,0.0,-0.2727272727272727,0.5454545454545454
79,10,71,0.0,-0.028169014084507043,0.07042253521126761
79,11,68,0.0,-0.23529411764705882,0.23529411764705882
79,12,54,0.0,-0.1111111111111111,0.3888888888888889
79,13,66,0.0,0.0,0.12121212121212122
79,14,60,0.0,-0.1,0.13333333333333333
79,15,54,0.0,0.0,0.46296296296296297
79,16,71,0.0,-0.09859154929577464,0.7605633802816901
79,17,60,0.0,-0.05,0.48333333333333334
79,18,66,0.6818181818181818,-0.015151515151515249,0.13636363636363646
79,19,52,0.4807692307692308,0.34615384615384615,0.0
79,20,92,0.10869565217391304,-0.05434782608695653,0.06521739130434782
79,21,55,0.2909090909090909,0.23636363636363636,0.18181818181818182
79,22,57,0.40350877192982454,-0.12280701754385964,0.12280701754385964
79,23,46,0.34782608695652173,0.34782608695652173,0.10869565217391303
79,24,48,0.16666666666666666,0.16666666666666666,0.5208333333333334
79,25,81,0.5555555555555556,0.5555555555555556,0.12345679012345678
79,26,73,0.3013698630136986,0.3013698630136986,0.0958904109589041
80,0,51,0.0,-0.37254901960784315,0.5098039215686274
80,1,45,0.0,-0.8,0.8
80,2,51,0.0,0.0,0.1568627450980392
80,3,54,0.0,-0.07407407407407407,0.6666666666666666
80,4,49,0.0,0.0,0.46938775510204084
80,5,53,0.0,0.0,0.20754716981132076
80,6,52,0.0,0.0,0.5769230769230769
80,7,58,0.0,0.0,0.05172413793103448
80,8,62,0.0,0.0,0.1774193548387097
80,9,66,0.0,-0.2727272727272727,0.5454545454545454
80,10,71,0.0,-0.028169014084507043,0.07042253521126761
80,11,68,0.0,-0.23529411764705882,0.23529411764705882
80,12,54,0.0,-0.1111111111111111,0.3888888888888889
80,13,66,0.0,0.0,0.12121212121212122
80,14,60,0.0,-0.1,0.13333333333333333
80,15,54,0.0,0.0,0.46296296296296297
80,16,71,0.0,-0.09859154929577464,0.7605633802816901
80,17,60,0.0,-0.05,0.48333333333333334
80,18,66,0.6515151515151515,-0.045454545454545525,0.16666666666666674
80,19,52,0.4230769230769231,0.28846153846153844,0.05769230769230771
80,20,92,0.07608695652173914,-0.08695652173913043,0.09782608695652173
80,21,55,0.2545454545454545,0.19999999999999998,0.2181818181818182
80,22,57,0.43859649122807015,-0.08771929824561403,0.08771929824561403
80,23,46,0.2608695652173913,0.2608695652173913,0.19565217391304346
80,24,48,0.2916666666666667,0.2916666666666667,0.3958333333333333
80,25,81,0.5802469135802469,0.5802469135802469,0.09876543209876543
80,26,73,0.2602739726027397,0.2602739726027397,0.136986301369863
81,0,51,0.0,-0.37254901960784315,0.5098039215686274
81,1,45,0.0,-0.8,0.8
81,2,51,0.0,0.0,0.1568627450980392
81,3,54,0.0,-0.07407407407407407,0.6666666666666666
81,4,49,0.0,0.0,0.46938775510204084
81,5,53,0.0,0.0,0.20754716981132076
81,6,52,0.0,0.0,0.5769230769230769
81,7,58,0.0,0.0,0.05172413793103448
81,8,62,0.0,0.0,0.1774193548387097
81,9,66,0.0,-0.2727272727272727,0.5454545454545454
81,10,71,0.0,-0.028169014084507043,0.07042253521126761
81,11,68,0.0,-0.23529411764705882,0.23529411764705882
81,12,54,0.0,-0.1111111111111111,0.3888888888888889
81,13,66,0.0,0.0,0.12121212121212122
81,14,60,0.0,-0.1,0.13333333333333333
81,15,54,0.0,0.0,0.46296296296296297
81,16,71,0.0,-0.09859154929577464,0.7605633802816901
81,17,60,0.0,-0.05,0.48333333333333334
81,18,66,0.7727272727272727,0.07575757575757569,0.045454545454545525
81,19,52,0.40384615384615385,0.2692307692307693,0.07692307692307693
81,20,92,0.07608695652173914,-0.08695652173913043,0.09782608695652173
81,21,55,0.23636363636363636,0.18181818181818182,0.23636363636363636
81,22,57,0.47368421052631576,-0.05263157894736842,0.05263157894736842
81,23,46,0.30434782608695654,0.30434782608695654,0.15217391304347822
81,24,48,0.16666666666666666,0.16666666666666666,0.5208333333333334
81,25,81,0.5925925925925926,0.5925925925925926,0.0864197530864198
81,26,73,0.3424657534246575,0.3424657534246575,0.0547945205479452
82,0,51,0.0,-0.37254901960784315,0.5098039215686274
82,1,45,0.0,-0.8,0.8
82,2,51,0.0,0.0,0.1568627450980392
82,3,54,0.0,-0.07407407407407407,0.6666666666666666
82,4,49,0.0,0.0,0.46938775510204084
82,5,53,0.0,0.0,0.20754716981132076
82,6,52,0.0,0.0,0.5769230769230769
82,7,58,0.0,0.0,0.05172413793103448
82,8,62,0.0,0.0,0.1774193548387097
82,9,66,0.0,-0.2727272727272727,0.5454545454545454
82,10,71,0.0,-0.028169014084507043,0.07042253521126761
82,11,68,0.0,-0.23529411764705882,0.23529411764705882
82,12,54,0.0,-0.1111111111111111,0.3888888888888889
82,13,66,0.0,0.0,0.12121212121212122
82,14,60,0.0,-0.1,0.13333333333333333
82,15,54,0.0,0.0,0.46296296296296297
82,16,71,0.0,-0.09859154929577464,0.7605633802816901
82,17,60,0.0,-0.05,0.48333333333333334
82,18,66,0.6212121212121212,-0.0757575757575758,0.19696969696969702
82,19,52,0.4423076923076923,0.3076923076923077,0.03846153846153849
82,20,92,0.11956521739130435,-0.043478260869565216,0.05434782608695651
82,21,55,0.3090909090909091,0.2545454545454545,0.16363636363636364
82,22,57,0.40350877192982454,-0.12280701754385964,0.12280701754385964
82,23,46,0.2608695652173913,0.2608695652173913,0.19565217391304346
82,24,48,0.3333333333333333,0.3333333333333333,0.3541666666666667
82,25,81,0.5555555555555556,0.5555555555555556,0.12345679012345678
82,26,73,0.273972602739726,0.273972602739726,0.1232876712328767
83,0,51,0.0,-0.37254901960784315,0.5098039215686274
83,1,45,0.0,-0.8,0.8
83,2,51,0.0,0.0,0.1568627450980392
83,3,54,0.0,-0.07407407407407407,0.6666666666666666
83,4,49,0.0,0.0,0.46938775510204084
83,5,53,0.0,0.0,0.20754716981132076
83,6,52,0.0,0.0,0.5769230769230769
83,7,58,0.0,0.0,0.05172413793103448
83,8,62,0.0,0.0,0.1774193548387097
83,9,66,0.0,-0.2727272727272727,0.5454545454545454
83,10,71,0.0,-0.028169014084507043,0.07042253521126761
83,11,68,0.0,-0.23529411764705882,0.23529411764705882
83,12,54,0.0,-0.1111111111111111,0.3888888888888889
83,13,66,0.0,0.0,0.12121212121212122
83,14,60,0.0,-0.1,0.13333333333333333
83,15,54,0.0,0.0,0.46296296296296297
83,16,71,0.0,-0.09859154929577464,0.7605633802816901
83,17,60,0.0,-0.05,0.48333333333333334
83,18,66,0.4696969696969697,-0.2272727272727273,0.3484848484848485
83,19,52,0.34615384615384615,0.21153846153846154,0.13461538461538464
83,20,92,0.08695652173913043,-0.07608695652173914,0.08695652173913043
83,21,55,0.38181818181818183,0.32727272727272727,0.09090909090909088
83,22,57,0.45614035087719296,-0.07017543859649122,0.07017543859649122
83,23,46,0.391304347826087,0.391304347826087,0.06521739130434778
83,24,48,0.25,0.25,0.4375
83,25,81,0.654320987654321,0.654320987654321,0.024691358024691357
83,26,73,0.3287671232876712,0.3287671232876712,0.0684931506849315
84,0,51,0.0,-0.37254901960784315,0.5098039215686274
84,1,45,0.0,-0.8,0.8
84,2,51,0.0,0.0,0.1568627450980392
84,3,54,0.0,-0.07407407407407407,0.6666666666666666
84,4,49,0.0,0.0,0.46938775510204084
84,5,53,0.0,0.0,0.20754716981132076
84,6,52,0.0,0.0,0.5769230769230769
84,7,58,0.0,0.0,0.05172413793103448
84,8,62,0.0,0.0,0.1774193548387097
84,9,66,0.0,-0.2727272727272727,0.5454545454545454
84,10,71,0.0,-0.028169014084507043,0.07042253521126761
84,11,68,0.0,-0.23529411764705882,0.23529411764705882
84,12,54,0.0,-0.1111111111111111,0.3888888888888889
84,13,66,0.0,0.0,0.12121212121212122
84,14,60,0.0,-0.1,0.13333333333333333
84,15,54,0.0,0.0,0.46296296296296297
84,16,71,0.0,-0.09859154929577464,0.7605633802816901
84,17,60,0.0,-0.05,0.48333333333333334
84,18,66,0.5606060606060606,-0.13636363636363646,0.2575757575757577
84,19,52,0.36538461538461536,0.23076923076923075,0.11538461538461542
84,20,92,0.09782608695652174,-0.06521739130434782,0.07608695652173912
84,21,55,0.4909090909090909,0.43636363636363634,0.0
84,22,57,0.40350877192982454,-0.12280701754385964,0.12280701754385964
84,23,46,0.34782608695652173,0.34782608695652173,0.10869565217391303
84,24,48,0.2708333333333333,0.2708333333333333,0.4166666666666667
84,25,81,0.5555555555555556,0.5555555555555556,0.12345679012345678
84,26,73,0.3835616438356164,0.3835616438356164,0.0136986301369863
85,0,51,0.0,-0.37254901960784315,0.5098039215686274
85,1,45,0.0,-0.8,0.8
85,2,51,0.0,0.0,0.1568627450980392
85,3,54,0.0,-0.07407407407407407,0.6666666666666666
85,4,49,0.0,0.0,0.46938775510204084
85,5,53,0.0,0.0,0.20754716981132076
85,6,52,0.0,0.0,0.5769230769230769
85,7,58,0.0,0.0,0.05172413793103448
85,8,62,0.0,0.0,0.1774193548387097
85,9,66,0.0,-0.2727272727272727,0.5454545454545454
85,10,71,0.0,-0.028169014084507043,0.07042253521126761
85,11,68,0.0,-0.23529411764705882,0.23529411764705882
85,12,54,0.0,-0.1111111111111111,0.3888888888888889
85,13,66,0.0,0.0,0.12121212121212122
85,14,60,0.0,-0.1,0.13333333333333333
85,15,54,0.0,0.0,0.46296296296296297
85,16,71,0.0,-0.09859154929577464,0.7605633802816901
85,17,60,0.0,-0.05,0.48333333333333334
85,18,66,0.6060606060606061,-0.09090909090909094,0.21212121212121215
85,19,52,0.40384615384615385,0.2692307692307693,0.07692307692307693
85,20,92,0.09782608695652174,-0.06521739130434782,0.07608695652173912
85,21,55,0.32727272727272727,0.2727272727272727,0.16363636363636364
85,22,57,0.49122807017543857,-0.03508771929824561,0.03508771929824561
85,23,46,0.2391304347826087,0.2391304347826087,0.21739130434782605
85,24,48,0.16666666666666666,0.16666666666666666,0.5208333333333334
85,25,81,0.5308641975308642,0.5308641975308642,0.14814814814814814
85,26,73,0.3287671232876712,0.3287671232876712,0.0684931506849315
86,0,51,0.0,-0.37254901960784315,0.5098039215686274
86,1,45,0.0,-0.8,0.8
86,2,51,0.0,0.0,0.1568627450980392
86,3,54,0.0,-0.07407407407407407,0.6666666666666666
86,4,49,0.0,0.0,0.46938775510204084
86,5,53,0.0,0.0,0.20754716981132076
86,6,52,0.0,0.0,0.5769230769230769
86,7,58,0.0,0.0,0.05172413793103448
86,8,62,0.0,0.0,0.1774193548387097
86,9,66,0.0,-0.2727272727272727,0.5454545454545454
86,10,71,0.0,-0.028169014084507043,0.07042253521126761
86,11,68,0.0,-0.23529411764705882,0.23529411764705882
86,12,54,0.0,-0.1111111111111111,0.3888888888888889
86,13,66,0.0,0.0,0.12121212121212122
86,14,60,0.0,-0.1,0.13333333333333333
86,15,54,0.0,0.0,0.46296296296296297
86,16,71,0.0,-0.09859154929577464,0.7605633802816901
86,17,60,0.0,-0.05,0.48333333333333334
86,18,66,0.6363636363636364,-0.06060606060606066,0.18181818181818188
86,19,52,0.36538461538461536,0.23076923076923075,0.11538461538461542
86,20,92,0.07608695652173914,-0.08695652173913043,0.09782608695652173
86,21,55,0.34545454545454546,0.2909090909090909,0.14545454545454545
86,22,57,0.47368421052631576,-0.05263157894736842,0.05263157894736842
86,23,46,0.2608695652173913,0.2608695652173913,0.19565217391304346
86,24,48,0.2916666666666667,0.2916666666666667,0.3958333333333333
86,25,81,0.5679012345679012,0.5679012345679012,0.11111111111111116
86,26,73,0.3150684931506849,0.3150684931506849,0.0821917808219178
87,0,51,0.0,-0.37254901960784315,0.5098039215686274
87,1,45,0.0,-0.8,0.8
87,2,51,0.0,0.0,0.1568627450980392
87,3,54,0.0,-0.07407407407407407,0.6666666666666666
87,4,49,0.0,0.0,0.46938775510204084
87,5,53,0.0,0.0,0.20754716981132076
87,6,52,0.0,0.0,0.5769230769230769
87,7,58,0.0,0.0,0.05172413793103448
87,8,62,0.0,0.0,0.1774193548387097
87,9,66,0.0,-0.2727272727272727,0.5454545454545454
87,10,71,0.0,-0.028169014084507043,0.07042253521126761
87,11,68,0.0,-0.23529411764705882,0.23529411764705882
87,12,54,0.0,-0.1111111111111111,0.3888888888888889
87,13,66,0.0,0.0,0.12121212121212122
87,14,60,0.0,-0.1,0.13333333333333333
87,15,54,0.0,0.0,0.46296296296296297
87,16,71,0.0,-0.09859154929577464,0.7605633802816901
87,17,60,0.0,-0.05,0.48333333333333334
87,18,66,0.6666666666666666,-0.030303030303030387,0.1515151515151516
87,19,52,0.36538461538461536,0.23076923076923075,0.11538461538461542
87,20,92,0.07608695652173914,-0.08695652173913043,0.09782608695652173
87,21,55,0.38181818181818183,0.32727272727272727,0.10909090909090907
87,22,57,0.5964912280701754,0.07017543859649122,0.0
87,23,46,0.2608695652173913,0.2608695652173913,0.19565217391304346
87,24,48,0.125,0.125,0.5625
87,25,81,0.5308641975308642,0.5308641975308642,0.14814814814814814
87,26,73,0.3835616438356164,0.3835616438356164,0.0136986301369863
88,0,51,0.0,-0.37254901960784315,0.5098039215686274
88,1,45,0.0,-0.8,0.8
88,2,51,0.0,0.0,0.1568627450980392
88,3,54,0.0,-0.07407407407407407,0.6666666666666666
88,4,49,0.0,0.0,0.46938775510204084
88,5,53,0.0,0.0,0.20754716981132076
88,6,52,0.0,0.0,0.5769230769230769
88,7,58,0.0,0.0,0.05172413793103448
88,8,62,0.0,0.0,0.1774193548387097
88,9,66,0.0,-0.2727272727272727,0.5454545454545454
88,10,71,0.0,-0.028169014084507043,0.07042253521126761
88,11,68,0.0,-0.23529411764705882,0.23529411764705882
88,12,54,0.0,-0.1111111111111111,0.3888888888888889
88,13,66,0.0,0.0,0.12121212121212122
88,14,60,0.0,-0.1,0.13333333333333333
88,15,54,0.0,0.0,0.46296296296296297
88,16,71,0.0,-0.09859154929577464,0.7605633802816901
88,17,60,0.0,-0.05,0.48333333333333334
88,18,66,0.6060606060606061,-0.09090909090909094,0.21212121212121215
88,19,52,0.38461538461538464,0.25,0.09615384615384615
88,20,92,0.09782608695652174,-0.06521739130434782,0.07608695652173912
88,21,55,0.32727272727272727,0.2727272727272727,0.16363636363636364
88,22,57,0.40350877192982454,-0.12280701754385964,0.19298245614035087
88,23,46,0.2608695652173913,0.2608695652173913,0.19565217391304346
88,24,48,0.3333333333333333,0.3333333333333333,0.3541666666666667
88,25,81,0.5802469135802469,0.5802469135802469,0.09876543209876543
88,26,73,0.2876712328767123,0.2876712328767123,0.1095890410958904
89,0,51,0.0,-0.37254901960784315,0.5098039215686274
89,1,45,0.0,-0.8,0.8
89,2,51,0.0,0.0,0.1568627450980392
89,3,54,0.0,-0.07407407407407407,0.6666666666666666
89,4,49,0.0,0.0,0.46938775510204084
89,5,53,0.0,0.0,0.20754716981132076
89,6,52,0.0,0.0,0.5769230769230769
89,7,58,0.0,0.0,0.05172413793103448
89,8,62,0.0,0.0,0.1774193548387097
89,9,66,0.0,-0.2727272727272727,0.5454545454545454
89,10,71,0.0,-0.028169014084507043,0.07042253521126761
89,11,68,0.0,-0.23529411764705882,0.23529411764705882
89,12,54,0.0,-0.1111111111111111,0.3888888888888889
89,13,66,0.0,0.0,0.12121212121212122
89,14,60,0.0,-0.1,0.13333333333333333
89,15,54,0.0,0.0,0.46296296296296297
89,16,71,0.0,-0.09859154929577464,0.7605633802816901
89,17,60,0.0,-0.05,0.48333333333333334
89,18,66,0.7575757575757576,0.06060606060606055,0.06060606060606066
89,19,52,0.34615384615384615,0.21153846153846154,0.13461538461538464
89,20,92,0.05434782608695652,-0.10869565217391305,0.11956521739130435
89,21,55,0.4,0.34545454545454546,0.09090909090909088
89,22,57,0.5263157894736842,0.0,0.07017543859649122
89,23,46,0.2826086956521739,0.2826086956521739,0.17391304347826086
89,24,48,0.125,0.125,0.5625
89,25,81,0.6296296296296297,0.6296296296296297,0.04938271604938271
89,26,73,0.3561643835616438,0.3561643835616438,0.0410958904109589
90,0,51,0.0,-0.37254901960784315,0.5098039215686274
90,1,45,0.0,-0.8,0.8
90,2,51,0.0,0.0,0.1568627450980392
90,3,54,0.0,-0.07407407407407407,0.6666666666666666
90,4,49,0.0,0.0,0.46938775510204084
90,5,53,0.0,0.0,0.20754716981132076
90,6,52,0.0,0.0,0.5769230769230769
90,7,58,0.0,0.0,0.05172413793103448
90,8,62,0.0,0.0,0.1774193548387097
90,9,66,0.0,-0.2727272727272727,0.5454545454545454
90,10,71,0.0,-0.028169014084507043,0.07042253521126761
90,11,68,0.0,-0.23529411764705882,0.23529411764705882
90,12,54,0.0,-0.1111111111111111,0.3888888888888889
90,13,66,0.0,0.0,0.12121212121212122
90,14,60,0.0,-0.1,0.13333333333333333
90,15,54,0.0,0.0,0.46296296296296297
90,16,71,0.0,-0.09859154929577464,0.7605633802816901
90,17,60,0.0,-0.05,0.48333333333333334
90,18,66,0.5606060606060606,-0.13636363636363646,0.2575757575757577
90,19,52,0.36538461538461536,0.23076923076923075,0.11538461538461542
90,20,92,0.10869565217391304,-0.05434782608695653,0.06521739130434782
90,21,55,0.41818181818181815,0.3636363636363636,0.07272727272727275
90,22,57,0.5263157894736842,0.0,0.07017543859649122
90,23,46,0.30434782608695654,0.30434782608695654,0.15217391304347822
90,24,48,0.3125,0.3125,0.375
90,25,81,0.6049382716049383,0.6049382716049383,0.07407407407407407
90,26,73,0.3150684931506849,0.3150684931506849,0.0821917808219178
