trial,round,phase,acc_after,acc_before,alpha_mean,avg_forgetting,bwt,contribution_ratio,eval_acc,eval_loss,expanded_depth,expanded_width,expansion_g,incorp_accepted,incorp_active_adapters,incorp_candidacies_proposed,incorp_candidacy_pending,incorp_confirmed,incorp_last_vote_favorable_fraction,incorp_monitoring,incorp_rejected,incorp_reverted,num_classes_seen,partition_id,server_eval_acc,server_eval_loss,train_loss,vote,worst_class_bwt,worst_class_bwt_id,worst_class_forgetting,worst_class_forgetting_id
trial_0000,1,train,,,0.250413255223745,,,0.011868536059709289,,,0.0,0.0,0.002826578910698489,0,0,0,0,0,,0,0,0,,,,,2.198364117779309,,,,,
trial_0000,1,eval,,,,,,,0.3529411764705882,2.1883490786832924,,,,,,,,,,,,,,,,,,,,,,
trial_0000,1,global,,,,,,,,,,,,0,0,0,0,0,,0,0,0,9,,0.12421052631578948,2.196899121936999,,,,,,
trial_0000,2,train,,,0.25035763692252244,,,0.014058626056471957,,,0.0,0.0,0.021402858438477203,0,0,0,0,0,,0,0,0,,,,,2.1681638213652596,,,,,
trial_0000,2,eval,,,,,,,0.11764705882352941,2.177979623570162,,,,,,,,,,,,,,,,,,,,,,
trial_0000,2,global,,,,0.015637860082304538,-0.004744613894940704,,,,,,,0,0,0,0,0,,0,0,0,9,,0.12,2.1961993548744605,,,-0.07407407407407407,3,0.07407407407407407,3
trial_0000,3,train,,,0.25035121433342555,,,0.019244865148882323,,,0.0,0.0,0.02170854838022703,0,0,0,0,0,,0,0,0,,,,,2.090297364735905,,,,,
trial_0000,3,eval,,,,,,,0.058823529411764705,2.14324353722965,,,,,,,,,,,,,,,,,,,,,,
trial_0000,3,global,,,,0.032195594287097555,-0.021302348099733723,,,,,,,0,0,0,0,0,,0,0,0,9,,0.1031578947368421,2.2272808742523194,,,-0.11764705882352944,0,0.21568627450980393,0
trial_0000,4,train,,,0.2504076633272292,,,0.02692312586911117,,,0.0,0.0,0.028165187858799588,0,0,0,0,0,,0,0,0,,,,,1.9490073886098742,,,,,
trial_0000,4,eval,,,,,,,0.1764705882352941,2.1162802121218514,,,,,,,,,,,,,,,,,,,,,,
trial_0000,4,global,,,,0.05495037521181313,-0.004106364006298835,,,,,,,0,0,0,0,0,,0,0,0,9,,0.12210526315789473,2.2192578506469727,,,-0.22222222222222232,1,0.23529411764705882,0
trial_0000,5,train,,,0.2504490055615389,,,0.032617657433582255,,,0.0,0.0,0.025058244238312866,0,0,0,0,0,,0,0,0,,,,,1.7256941547122184,,,,,
trial_0000,5,eval,,,,,,,0.1764705882352941,2.194585407481474,,,,,,,,,,,,,,,,,,,,,,
trial_0000,5,global,,,,0.05551571450132133,-0.004671703295807033,,,,,,,0,0,0,0,0,,0,0,0,9,,0.12,2.3672560395692526,,,-0.13725490196078433,0,0.23529411764705882,0
trial_0000,6,train,,,0.25044958991340444,,,0.037856846104694315,,,0.0,0.0,0.03041435829069042,0,0,0,0,0,,0,0,0,,,,,1.6220751910270015,,,,,
trial_0000,6,eval,,,,,,,0.2941176470588235,2.160227060317993,,,,,,,,,,,,,,,,,,,,,,
trial_0000,6,global,,,,0.04313725490196079,0.07424325395140546,,,,,,,0,0,0,0,0,,0,0,0,9,,0.2,2.2990808100449414,,,-0.1568627450980392,0,0.2549019607843137,0
trial_0000,7,train,,,0.25045085217379315,,,0.04108360541772239,,,0.0,0.0,0.028000613683952562,0,0,0,0,0,,0,0,0,,,,,1.4613825491712062,,,,,
trial_0000,7,eval,,,,,,,0.411764705882353,2.3276735333835377,,,,,,,,,,,,,,,,,,,,,,
trial_0000,7,global,,,,0.08416901687991951,0.04037995075480874,,,,,,,0,0,0,0,0,,0,0,0,9,,0.16842105263157894,2.547918035105655,,,-0.13333333333333341,1,0.196078431372549,0
trial_0000,8,train,,,0.25044952766804757,,,0.04290969103951997,,,0.0,0.0,0.03688312935395332,0,0,0,0,0,,0,0,0,,,,,1.334143138384517,,,,,
trial_0000,8,eval,,,,,,,0.4705882352941177,2.2344982624053955,,,,,,,,,,,,,,,,,,,,,,
trial_0000,8,global,,,,0.06229141861456184,0.06225754902016642,,,,,,,0,0,0,0,0,,0,0,0,9,,0.18947368421052632,2.5611765444906136,,,-0.1777777777777778,1,0.1777777777777778,1
trial_0000,9,train,,,0.2504724154743967,,,0.04505369859405711,,,0.0,0.0,0.03692785609466366,0,0,1,1,0,,0,0,0,,,,,1.1073243622915654,,,,,
trial_0000,9,eval,0.3529411764705882,0.3529411764705882,,,,,,,,,,,,,,,,,,,,2.8823529411764706,,,,0.0,,,,
trial_0000,9,global,,,,0.0680981117858945,0.058629505086306516,,,,,,,0,0,1,0,0,0.0,0,1,0,9,,0.1831578947368421,2.8010053840436435,,,-0.1777777777777778,1,0.1777777777777778,1
trial_0000,10,train,,,0.25047629769844343,,,0.047581770563427404,,,0.0,0.0,0.03833679417737677,0,0,1,0,0,0.0,0,1,0,,,,,0.9931497606484194,,,,,
trial_0000,10,eval,,,,,,,0.411764705882353,2.2798780272988712,,,,,,,,,,,,,,,,,,,,,,
trial_0000,10,global,,,,0.05572929861335019,0.07780103934728622,,,,,,,0,0,1,0,0,0.0,0,1,0,9,,0.20421052631578948,2.8297608731922352,,,-0.24444444444444446,1,0.24444444444444446,1
trial_0000,11,train,,,0.2504019610757051,,,0.024890322324841525,,,0.0,0.0,0.04927565150915895,0,0,1,0,0,0.0,0,1,0,,,,,16.308390795907307,,,,,
trial_0000,11,eval,,,,,,,0.10526315789473684,4.742648112146478,,,,,,,,,,,,,,,,,,,,,,
trial_0000,11,global,,,,0.25516318863176907,-0.12163285067113266,,,,,,,0,0,1,0,0,0.0,0,1,0,18,,0.06985645933014355,6.452195308082982,,,-0.6888888888888889,1,0.6888888888888889,1
trial_0000,12,train,,,0.25030932454175725,,,0.03517849899308626,,,0.0,1.0,0.1999153156093387,0,0,1,0,0,0.0,0,1,0,,,,,3.20335323089777,,,,,
trial_0000,12,eval,,,,,,,0.05263157894736842,2.9580178511770145,,,,,,,,,,,,,,,,,,,,,,
trial_0000,12,global,,,,0.15208938993778617,-0.05754573803998109,,,,,,,0,0,1,0,0,0.0,0,1,0,18,,0.07272727272727272,4.975816014394805,,,-0.6444444444444445,1,0.6444444444444445,1
trial_0000,13,train,,,0.2502953022025352,,,0.03379322033981945,,,0.0,0.3488372093023256,0.0969465198904969,0,0,1,0,0,0.0,0,1,0,,,,,1.9380068876022516,,,,,
trial_0000,13,eval,,,,,,,0.10526315789473684,2.238891300402189,,,,,,,,,,,,,,,,,,,,,,
trial_0000,13,global,,,,0.16813631701905346,-0.037737744439392235,,,,,,,0,0,1,0,0,0.0,0,1,0,18,,0.09856459330143541,4.8364118169939685,,,-0.8,1,0.8,1
trial_0000,14,train,,,0.2502755961099336,,,0.033385960861693986,,,0.0,0.09302325581395349,0.06483847862759302,0,0,2,1,0,0.0,0,1,0,,,,,1.7148560598839162,,,,,
trial_0000,14,eval,0.21052631578947367,0.21052631578947367,,,,,,,,,,,,,,,,,,,,1.6842105263157894,,,,0.0,,,,
trial_0000,14,global,,,,0.17737838171771395,-0.038705885762407896,,,,,,,0,0,2,0,0,0.0,0,2,0,18,,0.09760765550239234,5.16573300452894,,,-0.8,1,0.8,1
trial_0000,15,train,,,0.25027677312839863,,,0.034733218855636065,,,0.09302325581395349,0.0,0.06202723649871905,0,0,2,0,0,0.0,0,2,0,,,,,1.5800888087860372,,,,,
trial_0000,15,eval,,,,,,,0.2631578947368421,1.9558553632936981,,,,,,,,,,,,,,,,,,,,,,
trial_0000,15,global,,,,0.17976004145231486,-0.028988200455566746,,,,,,,0,0,2,0,0,0.0,0,2,0,18,,0.10622009569377991,4.923790885386855,,,-0.8,1,0.8,1
trial_0000,16,train,,,0.2502890773290811,,,0.03571055690909541,,,0.0,0.0,0.049606622980777615,0,0,2,0,0,0.0,0,2,0,,,,,1.3663571639116419,,,,,
trial_0000,16,eval,,,,,,,0.3157894736842105,2.2131453062358655,,,,,,,,,,,,,,,,,,,,,,
trial_0000,16,global,,,,0.1648545890641229,-0.010706523642637057,,,,,,,0,0,2,0,0,0.0,0,2,0,18,,0.12631578947368421,5.286950515217758,,,-0.8,1,0.8,1
trial_0000,17,train,,,0.25031583392342854,,,0.03772410265235014,,,0.0,0.09302325581395349,0.050203995073084234,0,0,3,1,0,0.0,0,2,0,,,,,1.3183983720319215,,,,,
trial_0000,17,eval,0.21052631578947367,0.21052631578947367,,,,,,,,,,,,,,,,,,,,1.6842105263157894,,,,0.0,,,,
trial_0000,17,global,,,,0.18112857814949004,-0.02286528639055565,,,,,,,0,0,3,0,0,0.0,0,3,0,18,,0.11291866028708133,5.070571976529354,,,-0.8,1,0.8,1
trial_0000,18,train,,,0.2503376632582309,,,0.039534718837848926,,,0.0,0.0,0.04244723044509112,0,0,3,0,0,0.0,0,3,0,,,,,1.1825859585473704,,,,,
trial_0000,18,eval,,,,,,,0.3684210526315789,2.091191423566718,,,,,,,,,,,,,,,,,,,,,,
trial_0000,18,global,,,,0.16453040302006203,-0.006267111261127646,,,,,,,0,0,3,0,0,0.0,0,3,0,18,,0.13110047846889952,5.469907425921499,,,-0.8,1,0.8,1
trial_0000,19,train,,,0.2503787712302319,,,0.04199132600495982,,,0.0,0.0,0.045424686549881174,0,0,3,0,0,0.0,0,3,0,,,,,1.1644672389640365,,,,,
trial_0000,19,eval,,,,,,,0.3684210526315789,1.7270420601493432,,,,,,,,,,,,,,,,,,,,,,
trial_0000,19,global,,,,0.17400147539963115,-0.009156983006287986,,,,,,,0,0,3,0,0,0.0,0,3,0,18,,0.12727272727272726,5.198656926999252,,,-0.8,1,0.8,1
trial_0000,20,train,,,0.25042532921530475,,,0.04457737713359124,,,0.0,0.0,0.03898497240314651,0,0,3,0,0,0.0,0,3,0,,,,,1.0533942961415579,,,,,
trial_0000,20,eval,,,,,,,0.3684210526315789,2.1207226703041475,,,,,,,,,,,,,,,,,,,,,,
trial_0000,20,global,,,,0.16480452414477692,3.9968248566243964e-05,,,,,,,0,0,3,0,0,0.0,0,3,0,18,,0.13779904306220095,5.701062125794625,,,-0.8,1,0.8,1
trial_0000,21,train,,,0.2504793947681468,,,0.06568124700099864,,,0.0,0.0,0.02636542884593337,0,0,3,0,0,0.0,0,3,0,,,,,17.36579097991294,,,,,
trial_0000,21,eval,,,,,,,0.21052631578947367,2.21724385964243,,,,,,,,,,,,,,,,,,,,,,
trial_0000,21,global,,,,0.27557449486365676,-0.11073000247031362,,,,,,,0,0,3,0,0,0.0,0,3,0,27,,0.05944272445820433,7.025253987976641,,,-0.8,1,0.8,1
trial_0000,22,train,,,0.25044212854923087,,,0.049217478391972,,,0.0,1.0,0.19200365440325534,0,0,4,1,0,0.0,0,3,0,,,,,2.1820660829544067,,,,,
trial_0000,22,eval,0.21052631578947367,0.15789473684210525,,,,,,,,,,,,,,,,,,,,2.1052631578947367,,,,0.3684210526315789,,,,
trial_0000,22,global,,,,0.23098236255525412,-0.08072192795187139,,,,,,,1,1,4,0,0,0.25,1,3,0,27,,0.05263157894736842,5.622097105138442,,,-0.8771929824561403,22,0.8771929824561403,22
trial_0000,23,train,,,0.25045710802078247,,,0.048502796888351435,,,0.0,0.0,0.03318909915430205,1,1,4,0,0,0.25,1,3,0,,,,,1.598258432320186,,,,,
trial_0000,23,eval,,,,,,,0.3157894736842105,1.7497994899749756,,,,,,,,,,,,,,,,,,,,,,
trial_0000,23,global,,,,0.24196084809217122,-0.06034519463356964,,,,,,,1,1,4,0,0,0.25,1,3,0,27,,0.07306501547987616,8.712117039825156,,,-0.8,1,0.8,1
trial_0000,24,train,,,0.2504602673840015,,,0.05028680220563361,,,0.0,0.0,0.05699074557645525,1,1,4,0,0,0.25,1,3,0,,,,,1.4371671293644195,,,,,
trial_0000,24,eval,,,,,,,0.47368421052631576,1.7059404536297444,,,,,,,,,,,,,,,,,,,,,,
trial_0000,24,global,,,,0.24872911561855945,-0.05353719407189188,,,,,,,1,1,4,0,0,0.25,1,3,0,27,,0.08730650154798762,8.650410924385945,,,-0.8596491228070176,22,0.8596491228070176,22
trial_0000,25,train,,,0.250442458277053,,,0.052884739130101305,,,0.0,0.0,0.030362504007334402,1,1,4,0,0,0.25,1,3,0,,,,,1.2589646339416503,,,,,
trial_0000,25,eval,,,,,,,0.5789473684210527,1.6002413787339862,,,,,,,,,,,,,,,,,,,,,,
trial_0000,25,global,,,,0.23780976922312014,-0.03832369845476712,,,,,,,1,1,4,0,1,0.25,0,3,0,27,,0.09969040247678018,8.559328366211693,,,-0.8,1,0.8,1
trial_0000,26,train,,,0.2504348469541428,,,0.05325853190523512,,,0.0,0.0,0.03660769782801892,1,1,5,1,1,0.25,0,3,0,,,,,1.118139755218587,,,,,
trial_0000,26,eval,0.47368421052631576,0.5263157894736842,,,,,,,,,,,,,,,,,,,,2.1052631578947367,,,,0.0,,,,
trial_0000,26,global,,,,0.24117550938074267,-0.027300239672201368,,,,,,,1,1,5,0,1,0.0,0,4,0,27,,0.11145510835913312,8.516671249814816,,,-0.8,1,0.8,1
trial_0000,27,train,,,0.25042415679769314,,,0.05446117926151194,,,0.0,0.0,0.03585991820597902,1,1,6,1,1,0.0,0,4,0,,,,,1.0020959812275907,,,,,
trial_0000,27,eval,0.5263157894736842,0.5263157894736842,,,,,,,,,,,,,,,,,,,,2.1052631578947367,,,,0.0,,,,
trial_0000,27,global,,,,0.24570246999649611,-0.030409910454941347,,,,,,,1,1,6,0,1,0.0,0,5,0,27,,0.10897832817337462,8.585342008041524,,,-0.8,1,0.8,1
trial_0000,28,train,,,0.2504213147975029,,,0.054786190073540866,,,0.0,0.0,0.03693852376668377,1,1,7,1,1,0.0,0,5,0,,,,,0.889446582439098,,,,,
trial_0000,28,eval,0.42105263157894735,0.47368421052631576,,,,,,,,,,,,,,,,,,,,2.1052631578947367,,,,0.0,,,,
trial_0000,28,global,,,,0.2512882372184896,-0.033850316289226044,,,,,,,1,1,7,0,1,0.0,0,6,0,27,,0.10712074303405572,8.919599949981405,,,-0.8,1,0.8,1
trial_0000,29,train,,,0.2504161681900633,,,0.05629683428622306,,,0.0,0.0,0.034411103650927546,1,1,7,0,1,0.0,0,6,0,,,,,0.7991825238187262,,,,,
trial_0000,29,eval,,,,,,,0.5263157894736842,1.6858992702082582,,,,,,,,,,,,,,,,,,,,,,
trial_0000,29,global,,,,0.25420813194030256,-0.03505512487069974,,,,,,,1,1,7,0,1,0.0,0,6,0,27,,0.10588235294117647,9.068093423282399,,,-0.8,1,0.8,1
trial_0000,30,train,,,0.25042215940800117,,,0.05720011287547172,,,0.0,0.0,0.033724816333740325,1,1,7,0,1,0.0,0,6,0,,,,,0.7285006709555362,,,,,
trial_0000,30,eval,,,,,,,0.631578947368421,1.6995099045728383,,,,,,,,,,,,,,,,,,,,,,
trial_0000,30,global,,,,0.25560045945878485,-0.035940095717441785,,,,,,,1,1,7,0,1,0.0,0,6,0,27,,0.10588235294117647,9.393330765951529,,,-0.8,1,0.8,1
trial_0000,31,train,,,0.2504356084985936,,,0.058939796812990886,,,0.0,0.0,0.03183313487295775,1,1,7,0,1,0.0,0,6,0,,,,,0.6668796992048304,,,,,
trial_0000,31,eval,,,,,,,0.5263157894736842,1.7158580140063635,,,,,,,,,,,,,,,,,,,,,,
trial_0000,31,global,,,,0.2584979728416694,-0.037761631937392695,,,,,,,1,1,7,0,1,0.0,0,6,0,27,,0.10340557275541795,9.594521643576607,,,-0.8,1,0.8,1
trial_0000,32,train,,,0.25045460494274785,,,0.05954936146736145,,,0.0,0.0,0.03173272343788376,1,1,8,1,1,0.0,0,6,0,,,,,0.6163505923874835,,,,,
trial_0000,32,eval,0.5263157894736842,0.5263157894736842,,,,,,,,,,,,,,,,,,,,2.1052631578947367,,,,0.0,,,,
trial_0000,32,global,,,,0.25747237711735105,-0.035621209011290615,,,,,,,1,1,8,0,1,0.0,0,7,0,27,,0.10712074303405572,10.00747757194212,,,-0.8,1,0.8,1
trial_0000,33,train,,,0.2504774249614553,,,0.0614877184654804,,,0.0,0.0,0.030392015721411147,1,1,8,0,1,0.0,0,7,0,,,,,0.5658742230623326,,,,,
trial_0000,33,eval,,,,,,,0.5789473684210527,1.707588489902647,,,,,,,,,,,,,,,,,,,,,,
trial_0000,33,global,,,,0.2576874638740233,-0.034616688383971875,,,,,,,1,1,8,0,1,0.0,0,7,0,27,,0.10712074303405572,10.19700343837679,,,-0.8,1,0.8,1
trial_0000,34,train,,,0.2505047521058549,,,0.06265699229341871,,,0.0,0.0,0.03066870517473906,1,1,9,1,1,0.0,0,7,0,,,,,0.5262908106788675,,,,,
trial_0000,34,eval,0.5263157894736842,0.5789473684210527,,,,,,,,,,,,,,,,,,,,2.1052631578947367,,,,0.0,,,,
trial_0000,34,global,,,,0.25648712412980973,-0.033416348639758356,,,,,,,1,1,9,0,1,0.0,0,8,0,27,,0.10897832817337462,10.512760471780972,,,-0.8,1,0.8,1
trial_0000,35,train,,,0.2505373485544895,,,0.06491555685692646,,,0.0,0.0,0.029553114121502386,1,1,10,1,1,0.0,0,8,0,,,,,0.48766524049829924,,,,,
trial_0000,35,eval,0.42105263157894735,0.42105263157894735,,,,,,,,,,,,,,,,,,,,2.1052631578947367,,,,0.0,,,,
trial_0000,35,global,,,,0.2570889665335704,-0.034018191043519004,,,,,,,1,1,10,0,1,0.0,0,9,0,27,,0.10773993808049535,10.5710619521953,,,-0.8,1,0.8,1
trial_0000,36,train,,,0.25057071162031047,,,0.06628311377890567,,,0.0,0.0,0.02957812704423324,1,1,11,1,1,0.0,0,9,0,,,,,0.45295059075380895,,,,,
trial_0000,36,eval,0.47368421052631576,0.47368421052631576,,,,,,,,,,,,,,,,,,,,2.1052631578947367,,,,0.3684210526315789,,,,
trial_0000,36,global,,,,0.3060387051907701,-0.06801685051497607,,,,,,,2,2,11,0,1,0.25,1,9,0,27,,0.07678018575851393,7.173277894483631,,,-0.8771929824561403,22,0.8771929824561403,22
trial_0000,37,train,,,0.2505334458180836,,,0.05679845128740583,,,0.0,0.0,0.03227638170921377,2,2,11,0,1,0.25,1,9,0,,,,,0.4481150212458202,,,,,
trial_0000,37,eval,,,,,,,0.5789473684210527,1.6842653751373289,,,,,,,,,,,,,,,,,,,,,,
trial_0000,37,global,,,,0.2636836698736155,-0.02344520464787756,,,,,,,2,2,11,0,1,0.25,1,9,0,27,,0.11455108359133127,10.786670299801663,,,-0.8,1,0.8,1
trial_0000,38,train,,,0.25064763363371506,,,0.06697228424092556,,,0.0,0.0,0.03329361432648086,2,2,11,0,1,0.25,1,9,0,,,,,0.421467227694836,,,,,
trial_0000,38,eval,,,,,,,0.5789473684210527,1.7048155402666645,,,,,,,,,,,,,,,,,,,,,,
trial_0000,38,global,,,,0.27843465907171266,-0.030447929307586736,,,,,,,2,2,11,0,1,0.25,1,9,0,27,,0.11393188854489164,11.308123023443548,,,-0.8,1,0.8,1
trial_0000,39,train,,,0.25068401561138476,,,0.07027887093259932,,,0.0,0.0,0.029045276926394477,2,2,11,0,1,0.25,1,9,0,,,,,0.3990342335181033,,,,,
trial_0000,39,eval,,,,,,,0.5789473684210527,1.8564936408871098,,,,,,,,,,,,,,,,,,,,,,
trial_0000,39,global,,,,0.270727088294962,-0.021393557184034732,,,,,,,2,2,11,0,2,0.25,0,9,0,27,,0.11826625386996904,10.848758697509766,,,-0.8,1,0.8,1
trial_0000,40,train,,,0.25071596623735226,,,0.06878449561748098,,,0.0,0.0,0.0293129349345381,2,2,12,1,2,0.25,0,9,0,,,,,0.35408586054406266,,,,,
trial_0000,40,eval,0.5789473684210527,0.5263157894736842,,,,,,,,,,,,,,,,,,,,2.1052631578947367,,,,0.15789473684210525,,,,
trial_0000,40,global,,,,0.32838497991873405,-0.07832523239531587,,,,,,,3,3,12,0,2,0.25,1,9,0,27,,0.05944272445820433,4.953594715602627,,,-0.8771929824561403,22,0.8771929824561403,22
trial_0000,41,train,,,0.2507497472099111,,,0.07220505460908141,,,0.0,0.0,0.025787663917186898,3,3,12,0,2,0.25,1,9,0,,,,,0.3543564000461675,,,,,
trial_0000,41,eval,,,,,,,0.5789473684210527,1.8514436702979233,,,,,,,,,,,,,,,,,,,,,,
trial_0000,41,global,,,,0.28180123661082584,-0.031029238375156924,,,,,,,3,3,12,0,2,0.25,1,9,0,27,,0.10835913312693499,11.357864715292727,,,-0.8,1,0.8,1
trial_0000,42,train,,,0.25076910377816947,,,0.0716189792815675,,,0.0,0.0,0.03020139873780786,3,3,12,0,2,0.25,1,9,0,,,,,0.32332436930625996,,,,,
trial_0000,42,eval,,,,,,,0.5789473684210527,1.9453671229513065,,,,,,,,,,,,,,,,,,,,,,
trial_0000,42,global,,,,0.27468579784053454,-0.023240398931464953,,,,,,,3,3,12,0,2,0.25,1,9,0,27,,0.11764705882352941,11.875231905249251,,,-0.8,1,0.8,1
trial_0000,43,train,,,0.25081160727967605,,,0.07348858232193804,,,0.0,0.0,0.025526185102879684,3,3,12,0,2,0.25,1,9,0,,,,,0.2814046152094577,,,,,
trial_0000,43,eval,,,,,,,0.5789473684210527,2.010020496813875,,,,,,,,,,,,,,,,,,,,,,
trial_0000,43,global,,,,0.2765521850273585,-0.024433385444888225,,,,,,,3,3,12,0,3,0.25,0,9,0,27,,0.11640866873065016,11.454470199254276,,,-0.8,1,0.8,1
trial_0000,44,train,,,0.2508372030359633,,,0.07304672294474662,,,0.0,0.0,0.026261513854594944,3,3,13,1,3,0.25,0,9,0,,,,,0.2608735932790218,,,,,
trial_0000,44,eval,0.5263157894736842,0.5263157894736842,,,,,,,,,,,,,,,,,,,,2.1052631578947367,,,,0.0,,,,
trial_0000,44,global,,,,0.27760036763473217,-0.025481568052261865,,,,,,,3,3,13,0,3,0.0,0,10,0,27,,0.11517027863777089,12.139857993111153,,,-0.8,1,0.8,1
trial_0000,45,train,,,0.25087132241497645,,,0.07380474628286159,,,0.0,0.0,0.023558555592465752,3,3,14,1,3,0.0,0,10,0,,,,,0.25695867711242204,,,,,
trial_0000,45,eval,0.47368421052631576,0.42105263157894735,,,,,,,,,,,,,,,,,,,,2.1052631578947367,,,,0.15789473684210525,,,,
trial_0000,45,global,,,,0.2791461665619021,-0.026353966306031148,,,,,,,3,3,14,0,3,0.25,0,11,0,27,,0.11578947368421053,11.945626285423065,,,-0.8,1,0.8,1
trial_0000,46,train,,,0.25090239640880135,,,0.07416822872263319,,,0.0,0.0,0.024296747605772096,3,3,15,1,3,0.25,0,11,0,,,,,0.22589234917404805,,,,,
trial_0000,46,eval,0.47368421052631576,0.3684210526315789,,,,,,,,,,,,,,,,,,,,2.1052631578947367,,,,0.42105263157894735,,,,
trial_0000,46,global,,,,0.2754801156334874,-0.02268791537761645,,,,,,,3,3,15,0,3,0.5,0,12,0,27,,0.11578947368421053,12.437427797110827,,,-0.8,1,0.8,1
trial_0000,47,train,,,0.25094766169786453,,,0.07376828662892605,,,0.0,0.0,0.02389298799457623,3,3,16,1,3,0.5,0,12,0,,,,,0.22569267041188606,,,,,
trial_0000,47,eval,0.47368421052631576,0.47368421052631576,,,,,,,,,,,,,,,,,,,,2.1052631578947367,,,,0.15789473684210525,,,,
trial_0000,47,global,,,,0.27729779190931564,-0.0245055916534447,,,,,,,3,3,16,0,3,0.25,0,13,0,27,,0.11764705882352941,12.401122652414044,,,-0.8,1,0.8,1
trial_0000,48,train,,,0.2509793513949881,,,0.07494585818432746,,,0.0,0.0,0.022475922737825428,3,3,16,0,3,0.25,0,13,0,,,,,0.18793714953229784,,,,,
trial_0000,48,eval,,,,,,,0.5789473684210527,2.088592257938887,,,,,,,,,,,,,,,,,,,,,,
trial_0000,48,global,,,,0.272374376106916,-0.01958217585104507,,,,,,,3,3,16,0,3,0.25,0,13,0,27,,0.11888544891640866,12.739288391491208,,,-0.8,1,0.8,1
trial_0000,49,train,,,0.2510239535823781,,,0.0754916471369723,,,0.0,0.0,0.021517662344589593,3,3,16,0,3,0.25,0,13,0,,,,,0.20791341265306829,,,,,
trial_0000,49,eval,,,,,,,0.5789473684210527,2.0494629191724876,,,,,,,,,,,,,,,,,,,,,,
trial_0000,49,global,,,,0.27823993628459676,-0.023427534008523758,,,,,,,3,3,16,0,3,0.25,0,13,0,27,,0.11702786377708978,12.647639710984363,,,-0.8,1,0.8,1
trial_0000,50,train,,,0.25106112183408535,,,0.07293278549579864,,,0.0,0.0,0.021608264396026575,3,3,16,0,3,0.25,0,13,0,,,,,0.16138397264987864,,,,,
trial_0000,50,eval,,,,,,,0.5789473684210527,2.0052094867354944,,,,,,,,,,,,,,,,,,,,,,
trial_0000,50,global,,,,0.27220128618895184,-0.017388883912878853,,,,,,,3,3,16,0,3,0.25,0,13,0,27,,0.12198142414860681,13.494872994910084,,,-0.8,1,0.8,1
trial_0000,51,train,,,0.2511014459615058,,,0.07637638677941992,,,0.0,0.0,0.021054710187463764,3,3,16,0,3,0.25,0,13,0,,,,,0.17701569217792215,,,,,
trial_0000,51,eval,,,,,,,0.5789473684210527,2.074627851185046,,,,,,,,,,,,,,,,,,,,,,
trial_0000,51,global,,,,0.2732146679916854,-0.01840226571561243,,,,,,,3,3,16,0,3,0.25,0,13,0,27,,0.12136222910216718,13.621834306746445,,,-0.8,1,0.8,1
trial_0000,52,train,,,0.25112999341589337,,,0.07267333154982708,,,0.0,0.0,0.021083549665227692,3,3,17,1,3,0.25,0,13,0,,,,,0.15780840608033728,,,,,
trial_0000,52,eval,0.47368421052631576,0.47368421052631576,,,,,,,,,,,,,,,,,,,,2.1052631578947367,,,,0.0,,,,
trial_0000,52,global,,,,0.26965294416584684,-0.014128291177523147,,,,,,,3,3,17,0,3,0.0,0,14,0,27,,0.1256965944272446,13.94651262501814,,,-0.8,1,0.8,1
trial_0000,53,train,,,0.2511748541542824,,,0.07663464546203613,,,0.0,0.0,0.01918232792510374,3,3,18,1,3,0.0,0,14,0,,,,,0.1618321152998412,,,,,
trial_0000,53,eval,0.631578947368421,0.5789473684210527,,,,,,,,,,,,,,,,,,,,2.1052631578947367,,,,0.15789473684210525,,,,
trial_0000,53,global,,,,0.26928195064218496,-0.013757297653861316,,,,,,,3,3,18,0,3,0.25,0,15,0,27,,0.12445820433436533,13.432736248571437,,,-0.8,1,0.8,1
trial_0000,54,train,,,0.25120257078967195,,,0.07464413059518692,,,0.0,0.0,0.01712728395186206,3,3,19,1,3,0.25,0,15,0,,,,,0.1255457949606662,,,,,
trial_0000,54,eval,0.42105263157894735,0.42105263157894735,,,,,,,,,,,,,,,,,,,,2.1052631578947367,,,,0.0,,,,
trial_0000,54,global,,,,0.26870748210215284,-0.011162627093627149,,,,,,,3,3,19,0,3,0.0,0,16,0,27,,0.1281733746130031,13.271697823255792,,,-0.8,1,0.8,1
trial_0000,55,train,,,0.251248152015057,,,0.07460415743766946,,,0.0,0.0,0.015557408675506831,3,3,20,1,3,0.0,0,16,0,,,,,0.12425204305810497,,,,,
trial_0000,55,eval,0.5263157894736842,0.5263157894736842,,,,,,,,,,,,,,,,,,,,2.1052631578947367,,,,0.0,,,,
trial_0000,55,global,,,,0.27413965720230826,-0.01659480219378259,,,,,,,3,3,20,0,3,0.0,0,17,0,27,,0.12321981424148606,12.712644358537515,,,-0.8,1,0.8,1
trial_0000,56,train,,,0.2512717047270308,,,0.07554012980866939,,,0.0,0.0,0.019940332555152637,3,3,20,0,3,0.0,0,17,0,,,,,0.1537222329130832,,,,,
trial_0000,56,eval,,,,,,,0.631578947368421,1.9530329202350816,,,,,,,,,,,,,,,,,,,,,,
trial_0000,56,global,,,,0.26619956542538686,-0.00865471041686113,,,,,,,3,3,20,0,3,0.0,0,17,0,27,,0.1306501547987616,13.05237853814943,,,-0.8,1,0.8,1
trial_0000,57,train,,,0.25131342544200574,,,0.07531128601824982,,,0.0,0.0,0.014987438223126565,3,3,20,0,3,0.0,0,17,0,,,,,0.11358077248280987,,,,,
trial_0000,57,eval,,,,,,,0.5789473684210527,1.9288995869849856,,,,,,,,,,,,,,,,,,,,,,
trial_0000,57,global,,,,0.2717979349105844,-0.01425307990205873,,,,,,,3,3,20,0,3,0.0,0,17,0,27,,0.12445820433436533,12.963987448488595,,,-0.8,1,0.8,1
trial_0000,58,train,,,0.25133203651676783,,,0.07429350817457159,,,0.0,0.0,0.017799985015943168,3,3,20,0,3,0.0,0,17,0,,,,,0.12115615999445002,,,,,
trial_0000,58,eval,,,,,,,0.5263157894736842,2.1344007783030206,,,,,,,,,,,,,,,,,,,,,,
trial_0000,58,global,,,,0.2722705424891605,-0.013378886133833425,,,,,,,3,3,20,0,3,0.0,0,17,0,27,,0.12631578947368421,12.960020744394592,,,-0.8,1,0.8,1
trial_0000,59,train,,,0.25138371865800085,,,0.07436675467389695,,,0.0,0.0,0.015528086262651066,3,3,20,0,3,0.0,0,17,0,,,,,0.10809285388664995,,,,,
trial_0000,59,eval,,,,,,,0.631578947368421,2.018601077755815,,,,,,,,,,,,,,,,,,,,,,
trial_0000,59,global,,,,0.27487218186394174,-0.015980525508614712,,,,,,,3,3,20,0,3,0.0,0,17,0,27,,0.12074303405572756,12.632529721097681,,,-0.8,1,0.8,1
trial_0000,60,train,,,0.25140703104911966,,,0.07361784196914511,,,0.0,0.0,0.016549547987821652,3,3,21,1,3,0.0,0,17,0,,,,,0.08207102215829047,,,,,
trial_0000,60,eval,0.47368421052631576,0.47368421052631576,,,,,,,,,,,,,,,,,,,,2.1052631578947367,,,,0.0,,,,
trial_0000,60,global,,,,0.2717556525969154,-0.012863996241588401,,,,,,,3,3,21,0,3,0.0,0,18,0,27,,0.12755417956656348,13.40160743548036,,,-0.8,1,0.8,1
trial_0000,61,train,,,0.2514500418241988,,,0.07345960495319771,,,0.0,0.0,0.012164932183619154,3,3,22,1,3,0.0,0,18,0,,,,,0.08527336084541488,,,,,
trial_0000,61,eval,0.47368421052631576,0.5263157894736842,,,,,,,,,,,,,,,,,,,,2.1052631578947367,,,,0.0,,,,
trial_0000,61,global,,,,0.2699999421727202,-0.009565075940849975,,,,,,,3,3,22,0,3,0.0,0,19,0,27,,0.1256965944272446,12.616785504131494,,,-0.8,1,0.8,1
trial_0000,62,train,,,0.2514795518301903,,,0.07279733013599476,,,0.0,0.0,0.0141032714458019,3,3,23,1,3,0.0,0,19,0,,,,,0.06907485340266152,,,,,
trial_0000,62,eval,0.42105263157894735,0.47368421052631576,,,,,,,,,,,,,,,,,,,,2.1052631578947367,,,,0.0,,,,
trial_0000,62,global,,,,0.2661782837869416,-0.005743417555071338,,,,,,,3,3,23,0,3,0.0,0,20,0,27,,0.1325077399380805,13.301103203363093,,,-0.8,1,0.8,1
trial_0000,63,train,,,0.251507801102831,,,0.07181325618256913,,,0.0,0.0,0.011587902983871013,3,3,24,1,3,0.0,0,20,0,,,,,0.05901273520306703,,,,,
trial_0000,63,eval,0.5263157894736842,0.5263157894736842,,,,,,,,,,,,,,,,,,,,2.1052631578947367,,,,0.0,,,,
trial_0000,63,global,,,,0.2721749466123746,-0.011740080380504385,,,,,,,3,3,24,0,3,0.0,0,21,0,27,,0.12631578947368421,13.397761223855033,,,-0.8,1,0.8,1
trial_0000,64,train,,,0.2515415829863954,,,0.07281539668428136,,,0.0,0.0,0.01095938768573452,3,3,24,0,3,0.0,0,21,0,,,,,0.06444666267154699,,,,,
trial_0000,64,eval,,,,,,,0.5789473684210527,1.8049872870507992,,,,,,,,,,,,,,,,,,,,,,
trial_0000,64,global,,,,0.26495995183199145,-0.004525085600121159,,,,,,,3,3,24,0,3,0.0,0,21,0,27,,0.13436532507739937,13.719883739837552,,,-0.8,1,0.8,1
trial_0000,65,train,,,0.2515449251266236,,,0.07141673311274102,,,0.0,0.0,0.01106282627551217,3,3,24,0,3,0.0,0,21,0,,,,,0.061904874132906504,,,,,
trial_0000,65,eval,,,,,,,0.631578947368421,1.8570997595394911,,,,,,,,,,,,,,,,,,,,,,
trial_0000,65,global,,,,0.269331360455584,-0.00889649422371372,,,,,,,3,3,24,0,3,0.0,0,21,0,27,,0.12941176470588237,13.672628623560856,,,-0.8,1,0.8,1
trial_0000,66,train,,,0.25158335728214143,,,0.07049913989736678,,,0.0,0.0,0.011242591258834434,3,3,24,0,3,0.0,0,21,0,,,,,0.05805803024546896,,,,,
trial_0000,66,eval,,,,,,,0.5789473684210527,1.9738870451324866,,,,,,,,,,,,,,,,,,,,,,
trial_0000,66,global,,,,0.2625908529038427,-0.002155986671972456,,,,,,,3,3,24,0,3,0.0,0,21,0,27,,0.13808049535603714,14.11009369841301,,,-0.8,1,0.8,1
trial_0000,67,train,,,0.2516015826704654,,,0.06999830679690584,,,0.0,0.0,0.010248206579405072,3,3,24,0,3,0.0,0,21,0,,,,,0.05367656945191482,,,,,
trial_0000,67,eval,,,,,,,0.631578947368421,1.7839908027335216,,,,,,,,,,,,,,,,,,,,,,
trial_0000,67,global,,,,0.2702030681037395,-0.00976820187186922,,,,,,,3,3,24,0,3,0.0,0,21,0,27,,0.12879256965944272,13.832702225723503,,,-0.8,1,0.8,1
trial_0000,68,train,,,0.25164523815855067,,,0.06940712510271274,,,0.0,0.0,0.011997816191944097,3,3,25,1,3,0.0,0,21,0,,,,,0.060676393895707226,,,,,
trial_0000,68,eval,0.5263157894736842,0.47368421052631576,,,,,,,,,,,,,,,,,,,,2.1052631578947367,,,,0.15789473684210525,,,,
trial_0000,68,global,,,,0.26603936685522994,-0.00358429860315767,,,,,,,3,3,25,0,3,0.25,0,22,0,27,,0.1368421052631579,14.218892955484774,,,-0.8,1,0.8,1
trial_0000,69,train,,,0.2516795731288321,,,0.06858012841102924,,,0.0,0.0,0.008684100091774413,3,3,26,1,3,0.25,0,22,0,,,,,0.04026674124550947,,,,,
trial_0000,69,eval,0.5789473684210527,0.5789473684210527,,,,,,,,,,,,,,,,,,,,2.1052631578947367,,,,0.0,,,,
trial_0000,69,global,,,,0.27464184038226175,-0.012186772130189464,,,,,,,3,3,26,0,3,0.0,0,23,0,27,,0.1256965944272446,13.831342823512783,,,-0.8,1,0.8,1
trial_0000,70,train,,,0.25172058920911017,,,0.06869755590215643,,,0.0,0.0,0.009901704530892994,3,3,27,1,3,0.0,0,23,0,,,,,0.05166052868589759,,,,,
trial_0000,70,eval,0.5263157894736842,0.5263157894736842,,,,,,,,,,,,,,,,,,,,2.1052631578947367,,,,0.0,,,,
trial_0000,70,global,,,,0.2663917454904694,-0.003936677238397125,,,,,,,3,3,27,0,3,0.0,0,24,0,27,,0.13622291021671826,14.425419673388218,,,-0.8,1,0.8,1
trial_0000,71,train,,,0.25174808359526574,,,0.06782898940938584,,,0.0,0.0,0.009174512877553812,3,3,28,1,3,0.0,0,24,0,,,,,0.08583327766230447,,,,,
trial_0000,71,eval,0.5263157894736842,0.5263157894736842,,,,,,,,,,,,,,,,,,,,2.1052631578947367,,,,0.0,,,,
trial_0000,71,global,,,,0.27134854442776785,-0.008893476175695532,,,,,,,3,3,28,0,3,0.0,0,25,0,27,,0.13003095975232198,13.81513755018866,,,-0.8,1,0.8,1
trial_0000,72,train,,,0.2517705126962763,,,0.06634326120640369,,,0.0,0.0,0.008121210231199277,3,3,28,0,3,0.0,0,25,0,,,,,0.034992122701666455,,,,,
trial_0000,72,eval,,,,,,,0.5789473684210527,1.8592241594665928,,,,,,,,,,,,,,,,,,,,,,
trial_0000,72,global,,,,0.2633821713622851,-0.0009271031102128027,,,,,,,3,3,28,0,3,0.0,0,25,0,27,,0.1386996904024768,14.353388367644035,,,-0.8,1,0.8,1
trial_0000,73,train,,,0.2517874272579842,,,0.06567473614469488,,,0.0,0.0,0.0071309217265924756,3,3,28,0,3,0.0,0,25,0,,,,,0.035388186285668546,,,,,
trial_0000,73,eval,,,,,,,0.5789473684210527,2.066068559885025,,,,,,,,,,,,,,,,,,,,,,
trial_0000,73,global,,,,0.266239419257993,-0.0037843510059207314,,,,,,,3,3,28,0,3,0.0,0,25,0,27,,0.13560371517027864,14.147140616307686,,,-0.8,1,0.8,1
trial_0000,74,train,,,0.2518037058254506,,,0.06528334414705317,,,0.0,0.0,0.007044686045976941,3,3,28,0,3,0.0,0,25,0,,,,,0.03537376647656585,,,,,
trial_0000,74,eval,,,,,,,0.631578947368421,1.91556074431068,,,,,,,,,,,,,,,,,,,,,,
trial_0000,74,global,,,,0.26754455389987625,-0.00508948564780398,,,,,,,3,3,28,0,3,0.0,0,25,0,27,,0.13436532507739937,13.986942378655307,,,-0.8,1,0.8,1
trial_0000,75,train,,,0.25182878891838356,,,0.06430355031439598,,,0.0,0.0,0.006353467728021838,3,3,28,0,3,0.0,0,25,0,,,,,0.03305696475002518,,,,,
trial_0000,75,eval,,,,,,,0.5789473684210527,2.2461540987224957,,,,,,,,,,,,,,,,,,,,,,
trial_0000,75,global,,,,0.26775387761409414,-0.00529880936202189,,,,,,,3,3,28,0,3,0.0,0,25,0,27,,0.13436532507739937,14.154585927484943,,,-0.8,1,0.8,1
trial_0000,76,train,,,0.25183336516009996,,,0.06423514447313673,,,0.0,0.0,0.0067519059548082645,3,3,29,1,3,0.0,0,25,0,,,,,0.031904735817435255,,,,,
trial_0000,76,eval,0.5263157894736842,0.5263157894736842,,,,,,,,,,,,,,,,,,,,2.1052631578947367,,,,0.0,,,,
trial_0000,76,global,,,,0.2704158919455296,-0.0066140223466560075,,,,,,,3,3,29,0,3,0.0,0,26,0,27,,0.13188854489164087,13.788460647063358,,,-0.8,1,0.8,1
trial_0000,77,train,,,0.25184950026425906,,,0.06338711621913504,,,0.0,0.0,0.006637417990404697,3,3,30,1,3,0.0,0,26,0,,,,,0.05318247527379463,,,,,
trial_0000,77,eval,0.5263157894736842,0.5263157894736842,,,,,,,,,,,,,,,,,,,,2.1052631578947367,,,,0.0,,,,
trial_0000,77,global,,,,0.26559785262419383,-0.0017959830253202209,,,,,,,3,3,30,0,3,0.0,0,27,0,27,,0.1386996904024768,14.474294571536982,,,-0.8,1,0.8,1
trial_0000,78,train,,,0.2518718253741873,,,0.06365200560143652,,,0.0,0.0,0.006557193635207443,3,3,31,1,3,0.0,0,27,0,,,,,0.05759182265127435,,,,,
trial_0000,78,eval,0.47368421052631576,0.47368421052631576,,,,,,,,,,,,,,,,,,,,2.1052631578947367,,,,0.0,,,,
trial_0000,78,global,,,,0.27254466796331644,-0.00874279836444282,,,,,,,3,3,31,0,3,0.0,0,28,0,27,,0.12941176470588237,13.583103130328766,,,-0.8,1,0.8,1
trial_0000,79,train,,,0.25188787535150003,,,0.06312014004017444,,,0.0,0.0,0.006769962185307065,3,3,32,1,3,0.0,0,28,0,,,,,0.0613742158381625,,,,,
trial_0000,79,eval,0.5263157894736842,0.5263157894736842,,,,,,,,,,,,,,,,,,,,2.1052631578947367,,,,0.0,,,,
trial_0000,79,global,,,,0.2667161614881189,-0.0029142918892452524,,,,,,,3,3,32,0,3,0.0,0,29,0,27,,0.1368421052631579,13.979287913413978,,,-0.8,1,0.8,1
trial_0000,80,train,,,0.2518881400848957,,,0.06227445856053779,,,0.0,0.0,0.005216722646830331,3,3,32,0,3,0.0,0,29,0,,,,,0.019908314870987483,,,,,
trial_0000,80,eval,,,,,,,0.631578947368421,2.0088053261371033,,,,,,,,,,,,,,,,,,,,,,
trial_0000,80,global,,,,0.2711635209299955,-0.007361651331121872,,,,,,,3,3,32,0,3,0.0,0,29,0,27,,0.13188854489164087,14.2290625510201,,,-0.8,1,0.8,1
trial_0000,81,train,,,0.2519091258340694,,,0.062182098627090454,,,0.0,0.0,0.006284309178993276,3,3,32,0,3,0.0,0,29,0,,,,,0.0348647220763675,,,,,
trial_0000,81,eval,,,,,,,0.5789473684210527,2.113688684411739,,,,,,,,,,,,,,,,,,,,,,
trial_0000,81,global,,,,0.27103315315828286,-0.007231283559409218,,,,,,,3,3,32,0,3,0.0,0,29,0,27,,0.13312693498452013,14.430516529378508,,,-0.8,1,0.8,1
trial_0000,82,train,,,0.25191737156599125,,,0.06136145934145501,,,0.0,0.0,0.00451411841631659,3,3,32,0,3,0.0,0,29,0,,,,,0.02001992181993704,,,,,
trial_0000,82,eval,,,,,,,0.631578947368421,2.103494163014387,,,,,,,,,,,,,,,,,,,,,,
trial_0000,82,global,,,,0.26212995206643946,0.0016719175324341337,,,,,,,3,3,32,0,3,0.0,0,29,0,27,,0.1393188854489164,13.90814297797141,,,-0.8,1,0.8,1
trial_0000,83,train,,,0.25193599817600654,,,0.062163094256786594,,,0.0,0.0,0.0055913085963340495,3,3,32,0,3,0.0,0,29,0,,,,,0.031998538135729254,,,,,
trial_0000,83,eval,,,,,,,0.631578947368421,2.1697635416333614,,,,,,,,,,,,,,,,,,,,,,
trial_0000,83,global,,,,0.26821800302968496,-0.004416133430811353,,,,,,,3,3,32,0,3,0.0,0,29,0,27,,0.13622291021671826,14.413907838236806,,,-0.8,1,0.8,1
trial_0000,84,train,,,0.25194025879844706,,,0.060844379536649014,,,0.0,0.0,0.004231155353184651,3,3,33,1,3,0.0,0,29,0,,,,,0.01694848249626762,,,,,
trial_0000,84,eval,0.5263157894736842,0.5263157894736842,,,,,,,,,,,,,,,,,,,,2.1052631578947367,,,,0.0,,,,
trial_0000,84,global,,,,0.26356118974229353,0.0002406798565801099,,,,,,,3,3,33,0,3,0.0,0,30,0,27,,0.1386996904024768,14.332516810178019,,,-0.8,1,0.8,1
trial_0000,85,train,,,0.2519575468403228,,,0.061252406302918776,,,0.0,0.0,0.005470924141418631,3,3,34,1,3,0.0,0,30,0,,,,,0.030647464170853827,,,,,
trial_0000,85,eval,0.5263157894736842,0.5263157894736842,,,,,,,,,,,,,,,,,,,,2.1052631578947367,,,,0.0,,,,
trial_0000,85,global,,,,0.2662652075704164,-0.00246333797154274,,,,,,,3,3,34,0,3,0.0,0,31,0,27,,0.13746130030959752,14.726237591722802,,,-0.8,1,0.8,1
trial_0000,86,train,,,0.25195391523711225,,,0.060183373537469415,,,0.0,0.0,0.0036360833942029446,3,3,35,1,3,0.0,0,31,0,,,,,0.01758099342399138,,,,,
trial_0000,86,eval,0.47368421052631576,0.47368421052631576,,,,,,,,,,,,,,,,,,,,2.1052631578947367,,,,0.0,,,,
trial_0000,86,global,,,,0.2587425971909835,0.005059272407890124,,,,,,,3,3,35,0,3,0.0,0,32,0,27,,0.14303405572755418,14.368471590874734,,,-0.8,1,0.8,1
trial_0000,87,train,,,0.25195589550632114,,,0.059934656036661024,,,0.0,0.0,0.004287799376857522,3,3,36,1,3,0.0,0,32,0,,,,,0.018689529125162578,,,,,
trial_0000,87,eval,0.5263157894736842,0.5263157894736842,,,,,,,,,,,,,,,,,,,,2.1052631578947367,,,,0.0,,,,
trial_0000,87,global,,,,0.266761118981409,-0.002959249382535369,,,,,,,3,3,36,0,3,0.0,0,33,0,27,,0.13808049535603714,14.930633431543876,,,-0.8,1,0.8,1
trial_0000,88,train,,,0.25195520862619925,,,0.05955882655813338,,,0.0,0.0,0.0034401960187174256,3,3,36,0,3,0.0,0,33,0,,,,,0.01566753452049291,,,,,
trial_0000,88,eval,,,,,,,0.631578947368421,2.2557137190903487,,,,,,,,,,,,,,,,,,,,,,
trial_0000,88,global,,,,0.25967051062774477,0.0041313589711289,,,,,,,3,3,36,0,3,0.0,0,33,0,27,,0.14303405572755418,14.58880901513823,,,-0.8,1,0.8,1
trial_0000,89,train,,,0.25195003934997195,,,0.059239164311835096,,,0.0,0.0,0.0038333820312239355,3,3,36,0,3,0.0,0,33,0,,,,,0.017613004535397,,,,,
trial_0000,89,eval,,,,,,,0.631578947368421,2.165260930594645,,,,,,,,,,,,,,,,,,,,,,
trial_0000,89,global,,,,0.2629047089352476,0.0008971606636260682,,,,,,,3,3,36,0,3,0.0,0,33,0,27,,0.13993808049535603,14.733358202482524,,,-0.8,1,0.8,1
trial_0000,90,train,,,0.2519446652620397,,,0.058101623616320014,,,0.0,0.0,0.003679154853787313,3,3,36,0,3,0.0,0,33,0,,,,,0.016405635688235942,,,,,
trial_0000,90,eval,,,,,,,0.631578947368421,2.313537535894858,,,,,,,,,,,,,,,,,,,,,,
trial_0000,90,global,,,,0.25553775636148524,0.008264113237388408,,,,,,,3,3,36,0,3,0.0,0,33,0,27,,0.14674922600619195,14.628474350684199,,,-0.8,1,0.8,1
trial_0001,1,train,,,0.250413255223745,,,0.011868554827627503,,,0.0,0.0,0.002826578910698489,0,0,0,0,0,,0,0,0,,,,,2.198364117779309,,,,,
trial_0001,1,eval,,,,,,,0.3529411764705882,2.1883495975943172,,,,,,,,,,,,,,,,,,,,,,
trial_0001,1,global,,,,,,,,,,,,0,0,0,0,0,,0,0,0,9,,0.12421052631578948,2.1968993543323716,,,,,,
trial_0001,2,train,,,0.2503576704972907,,,0.014061411064636858,,,0.0,0.0,0.021403005801707134,0,0,0,0,0,,0,0,0,,,,,2.1681621738626986,,,,,
trial_0001,2,eval,,,,,,,0.11764705882352941,2.1779859907486863,,,,,,,,,,,,,,,,,,,,,,
trial_0001,2,global,,,,0.015637860082304538,-0.004744613894940704,,,,,,,0,0,0,0,0,,0,0,0,9,,0.12,2.1961989342538932,,,-0.07407407407407407,3,0.07407407407407407,3
trial_0001,3,train,,,0.25035100798063636,,,0.0192470384549491,,,0.0,0.0,0.021708343587697874,0,0,0,0,0,,0,0,0,,,,,2.0902914438066604,,,,,
trial_0001,3,eval,,,,,,,0.058823529411764705,2.1432573935564827,,,,,,,,,,,,,,,,,,,,,,
trial_0001,3,global,,,,0.032195594287097555,-0.021302348099733723,,,,,,,0,0,0,0,0,,0,0,0,9,,0.1031578947368421,2.2272883942252713,,,-0.11764705882352944,0,0.21568627450980393,0
trial_0001,4,train,,,0.2504075248784657,,,0.026926735345321366,,,0.0,0.0,0.028166768784764453,0,0,0,0,0,,0,0,0,,,,,1.9490146081658857,,,,,
trial_0001,4,eval,,,,,,,0.1764705882352941,2.116291649201337,,,,,,,,,,,,,,,,,,,,,,
trial_0001,4,global,,,,0.05495037521181313,-0.004106364006298835,,,,,,,0,0,0,0,0,,0,0,0,9,,0.12210526315789473,2.2192633598729183,,,-0.22222222222222232,1,0.23529411764705882,0
trial_0001,5,train,,,0.250448978022684,,,0.03262298280679727,,,0.0,0.0,0.0250548941130408,0,0,0,0,0,,0,0,0,,,,,1.725686500570442,,,,,
trial_0001,5,eval,,,,,,,0.1764705882352941,2.194379385779886,,,,,,,,,,,,,,,,,,,,,,
trial_0001,5,global,,,,0.05551571450132133,-0.004671703295807033,,,,,,,0,0,0,0,0,,0,0,0,9,,0.12,2.366928901672363,,,-0.13725490196078433,0,0.23529411764705882,0
trial_0001,6,train,,,0.2504492956626264,,,0.037852214295652845,,,0.0,0.0,0.03040401437614538,0,0,0,0,0,,0,0,0,,,,,1.6219348205795772,,,,,
trial_0001,6,eval,,,,,,,0.29411764705882354,2.1611897735034717,,,,,,,,,,,,,,,,,,,,,,
trial_0001,6,global,,,,0.04313725490196079,0.07206204666576115,,,,,,,0,0,0,0,0,,0,0,0,9,,0.19789473684210526,2.2998129864742882,,,-0.1568627450980392,0,0.2549019607843137,0
trial_0001,7,train,,,0.2504503828815267,,,0.04107704362537287,,,0.0,0.0,0.02801376324901475,0,0,0,0,0,,0,0,0,,,,,1.4612350512908985,,,,,
trial_0001,7,eval,,,,,,,0.4117647058823529,2.327026233953588,,,,,,,,,,,,,,,,,,,,,,
trial_0001,7,global,,,,0.08019569489893469,0.04037995075480874,,,,,,,0,0,0,0,0,,0,0,0,9,,0.16842105263157894,2.54764515224256,,,-0.13333333333333341,1,0.196078431372549,0
trial_0001,8,train,,,0.2504500384572186,,,0.04290690074993085,,,0.0,0.0,0.0368319611477701,0,0,0,0,0,,0,0,0,,,,,1.333963909556594,,,,,
trial_0001,8,eval,,,,,,,0.4705882352941177,2.239487556850209,,,,,,,,,,,,,,,,,,,,,,
trial_0001,8,global,,,,0.06041453269227723,0.0601611129614662,,,,,,,0,0,0,0,0,,0,0,0,9,,0.18736842105263157,2.562940148805317,,,-0.1777777777777778,1,0.1777777777777778,1
trial_0001,9,train,,,0.25047444919996625,,,0.04508083700379238,,,0.0,0.0,0.03690343708554401,0,0,1,1,0,,0,0,0,,,,,1.1073022995002662,,,,,
trial_0001,9,eval,0.3529411764705882,0.3529411764705882,,,,,,,,,,,,,,,,,,,,2.8823529411764706,,,,0.0,,,,
trial_0001,9,global,,,,0.0641247898049097,0.058629505086306516,,,,,,,0,0,1,0,0,0.0,0,1,0,9,,0.1831578947368421,2.8006727173453885,,,-0.1777777777777778,1,0.1777777777777778,1
trial_0001,10,train,,,0.2504779945445966,,,0.0475499609225913,,,0.0,0.0,0.038237699668241455,0,0,1,0,0,0.0,0,1,0,,,,,0.9937720589622666,,,,,
trial_0001,10,eval,,,,,,,0.411764705882353,2.2845616971745213,,,,,,,,,,,,,,,,,,,,,,
trial_0001,10,global,,,,0.0536716854446259,0.07588533053502568,,,,,,,0,0,1,0,0,0.0,0,1,0,9,,0.20210526315789473,2.8288905540265534,,,-0.24444444444444446,1,0.24444444444444446,1
trial_0001,11,train,,,0.25040625451609144,,,0.02483165887899177,,,0.0,0.0,0.04902928842361597,0,0,1,0,0,0.0,0,1,0,,,,,16.28909736344981,,,,,
trial_0001,11,eval,,,,,,,0.10526315789473684,4.804804262362028,,,,,,,,,,,,,,,,,,,,,,
trial_0001,11,global,,,,0.25365900245325335,-0.12410198647360178,,,,,,,0,0,1,0,0,0.0,0,1,0,18,,0.07368421052631578,6.521529300817463,,,-0.7111111111111111,1,0.7111111111111111,1
trial_0001,12,train,,,0.2503099313309026,,,0.0344752139130304,,,0.0,1.0,0.1998542437893014,0,0,1,0,0,0.0,0,1,0,,,,,3.2105650777040524,,,,,
trial_0001,12,eval,,,,,,,0.05263157894736842,2.943120341551931,,,,,,,,,,,,,,,,,,,,,,
trial_0001,12,global,,,,0.15223516441306256,-0.0621537717974211,,,,,,,0,0,1,0,0,0.0,0,1,0,18,,0.07177033492822966,4.947917804535496,,,-0.6222222222222222,1,0.6222222222222222,1
trial_0001,13,train,,,0.25029316943052204,,,0.03328342493190322,,,0.0,0.3488372093023256,0.09574989167063735,0,0,1,0,0,0.0,0,1,0,,,,,1.9067514663518859,,,,,
trial_0001,13,eval,,,,,,,0.10526315789473684,2.2026929102445902,,,,,,,,,,,,,,,,,,,,,,
trial_0001,13,global,,,,0.16672017604352551,-0.0410143891893869,,,,,,,0,0,1,0,0,0.0,0,1,0,18,,0.09856459330143541,4.812231769516138,,,-0.8,1,0.8,1
trial_0001,14,train,,,0.2502779037106869,,,0.03302107543446297,,,0.0,0.09302325581395349,0.06325331688100516,0,0,2,1,0,0.0,0,1,0,,,,,1.7260763166948807,,,,,
trial_0001,14,eval,0.21052631578947367,0.15789473684210525,,,,,,,,,,,,,,,,,,,,1.6842105263157894,,,,0.2631578947368421,,,,
trial_0001,14,global,,,,0.17184083087190383,-0.023501299161798106,,,,,,,1,1,2,0,0,0.25,1,1,0,18,,0.11483253588516747,3.776418868662638,,,-0.8,1,0.8,1
trial_0001,15,train,,,0.25024630913608953,,,0.031095638871192936,,,0.10526315789473684,0.0,0.05970626699885256,1,1,2,0,0,0.25,1,1,0,,,,,1.5585863439660324,,,,,
trial_0001,15,eval,,,,,,,0.2631578947368421,1.9491857917685256,,,,,,,,,,,,,,,,,,,,,,
trial_0001,15,global,,,,0.19091088487475724,-0.03268901386134195,,,,,,,1,1,2,0,0,0.25,1,1,0,18,,0.10622009569377991,4.98362733530656,,,-0.8,1,0.8,1
trial_0001,16,train,,,0.25029621897048726,,,0.03454565482084141,,,0.0,0.0,0.04861431224055069,1,1,2,0,0,0.25,1,1,0,,,,,1.376763196601424,,,,,
trial_0001,16,eval,,,,,,,0.3157894736842105,2.270068457252101,,,,,,,,,,,,,,,,,,,,,,
trial_0001,16,global,,,,0.17706545893782802,-0.01781478134005061,,,,,,,1,1,2,0,0,0.25,1,1,0,18,,0.12344497607655502,5.342366720728897,,,-0.8,1,0.8,1
trial_0001,17,train,,,0.25031706430884293,,,0.0366335590911466,,,0.0,0.09302325581395349,0.050331869972653175,1,1,2,0,0,0.25,1,1,0,,,,,1.3299240862214288,,,,,
trial_0001,17,eval,,,,,,,0.2631578947368421,1.7784973257466365,,,,,,,,,,,,,,,,,,,,,,
trial_0001,17,global,,,,0.18397661846336663,-0.024725940865589213,,,,,,,1,0,2,0,0,0.25,0,1,1,18,,0.11578947368421053,5.029906488263436,,,-0.8,1,0.8,1
trial_0001,18,train,,,0.25033830868643386,,,0.03854065717652787,,,0.0,0.09302325581395349,0.0578023866165516,1,0,3,1,0,0.25,0,1,1,,,,,1.5179734390835429,,,,,
trial_0001,18,eval,0.2631578947368421,0.21052631578947367,,,,,,,,,,,,,,,,,,,,1.6842105263157894,,,,0.10526315789473684,,,,
trial_0001,18,global,,,,0.19671471934700743,-0.03746404174923,,,,,,,2,1,3,0,0,0.25,1,1,1,18,,0.10430622009569378,3.844562089272093,,,-0.8,1,0.8,1
trial_0001,19,train,,,0.2500541394110769,,,0.03547263704240322,,,0.0,0.125,0.05024537122808397,2,1,3,0,0,0.25,1,1,1,,,,,1.2927825687453152,,,,,
trial_0001,19,eval,,,,,,,0.2631578947368421,2.237310585222746,,,,,,,,,,,,,,,,,,,,,,
trial_0001,19,global,,,,0.18636695684054105,-0.021347810239000523,,,,,,,2,1,3,0,0,0.25,1,1,1,18,,0.1215311004784689,5.2611049289338325,,,-0.8,1,0.8,1
trial_0001,20,train,,,0.25040360557478525,,,0.04196436945782152,,,0.0,0.0,0.05337817117052023,2,1,3,0,0,0.25,1,1,1,,,,,1.320943249588789,,,,,
trial_0001,20,eval,,,,,,,0.3157894736842105,1.7363321592933252,,,,,,,,,,,,,,,,,,,,,,
trial_0001,20,global,,,,0.1914939269311492,-0.025692307716150123,,,,,,,2,1,3,0,0,0.25,1,1,1,18,,0.11387559808612441,5.220506321756464,,,-0.8,1,0.8,1
trial_0001,21,train,,,0.25053816019220554,,,0.06342527143498684,,,0.0,0.0,0.022111157747976472,2,1,3,0,0,0.25,1,1,1,,,,,17.593063636536293,,,,,
trial_0001,21,eval,,,,,,,0.2631578947368421,2.0909907692357113,,,,,,,,,,,,,,,,,,,,,,
trial_0001,21,global,,,,0.2879420219846019,-0.12214040276960282,,,,,,,2,0,3,0,0,0.25,0,1,2,27,,0.058823529411764705,6.6328067295322475,,,-0.8,1,0.8,1
trial_0001,22,train,,,0.25071370886995437,,,0.05312472137999027,,,0.0,0.0,0.09255626799261317,2,0,3,0,0,0.25,0,1,2,,,,,2.591955538506203,,,,,
trial_0001,22,eval,,,,,,,0.3157894736842105,2.101954322112234,,,,,,,,,,,,,,,,,,,,,,
trial_0001,22,global,,,,0.2182410389867745,-0.0940080287959448,,,,,,,2,0,3,0,0,0.25,0,1,2,27,,0.04767801857585139,7.830500082482494,,,-0.8,1,0.8,1
trial_0001,23,train,,,0.2507004515921816,,,0.051795832654263116,,,0.0,0.0,0.042880512559984596,2,0,4,1,0,0.25,0,1,2,,,,,1.904978376246513,,,,,
trial_0001,23,eval,0.42105263157894735,0.3684210526315789,,,,,,,,,,,,,,,,,,,,2.1052631578947367,,,,0.2631578947368421,,,,
trial_0001,23,global,,,,0.2335361898733431,-0.08302868257468292,,,,,,,3,1,4,0,0,0.25,1,1,2,27,,0.05201238390092879,4.564667300764621,,,-0.8,1,0.8787878787878788,18
trial_0001,24,train,,,0.25075680514176685,,,0.050552062499217496,,,0.0,0.0,0.024907640023873405,3,1,4,0,0,0.25,1,1,2,,,,,1.6845605119680744,,,,,
trial_0001,24,eval,,,,,,,0.5263157894736842,1.743644551226967,,,,,,,,,,,,,,,,,,,,,,
trial_0001,24,global,,,,0.2367300223880386,-0.05037416122076341,,,,,,,3,1,4,0,0,0.25,1,1,2,27,,0.0934984520123839,7.5240554313541566,,,-0.8,1,0.8,1
trial_0001,25,train,,,0.25066003266801223,,,0.052874939238771484,,,0.0,0.0,0.037630734259777886,3,1,4,0,0,0.25,1,1,2,,,,,1.4516483390584904,,,,,
trial_0001,25,eval,,,,,,,0.42105263157894735,1.6522597074508667,,,,,,,,,,,,,,,,,,,,,,
trial_0001,25,global,,,,0.24454807731460554,-0.04111831373741444,,,,,,,3,0,4,0,0,0.25,0,1,3,27,,0.0978328173374613,7.149579948685117,,,-0.8,1,0.8,1
trial_0001,26,train,,,0.25067481303468664,,,0.053728301474388604,,,0.0,0.0,0.02887004670152005,3,0,5,1,0,0.25,0,1,3,,,,,1.5557538062968153,,,,,
trial_0001,26,eval,0.47368421052631576,0.3157894736842105,,,,,,,,,,,,,,,,,,,,2.1052631578947367,,,,0.631578947368421,,,,
trial_0001,26,global,,,,0.28751759404290284,-0.06945591459922795,,,,,,,4,1,5,0,0,0.5,1,1,3,27,,0.0848297213622291,5.318214572398655,,,-0.8,1,0.8,1
trial_0001,27,train,,,0.25065755542320545,,,0.05224462400508832,,,0.0,0.0,0.04302625722145733,4,1,5,0,0,0.5,1,1,3,,,,,1.3763517138324206,,,,,
trial_0001,27,eval,,,,,,,0.47368421052631576,1.7493349125510766,,,,,,,,,,,,,,,,,,,,,,
trial_0001,27,global,,,,0.2800970343159455,-0.05136601737148586,,,,,,,4,1,5,0,0,0.5,1,1,3,27,,0.09226006191950464,7.76386209257616,,,-0.8,1,0.8,1
trial_0001,28,train,,,0.25065785519620204,,,0.05595760966869111,,,0.0,0.0,0.032642404822276,4,1,5,0,0,0.5,1,1,3,,,,,1.2700886046632807,,,,,
trial_0001,28,eval,,,,,,,0.5263157894736842,1.4939983894950466,,,,,,,,,,,,,,,,,,,,,,
trial_0001,28,global,,,,0.2716580408295291,-0.04292702388506942,,,,,,,4,1,5,0,0,0.5,1,1,3,27,,0.09907120743034056,8.005913794077587,,,-0.8,1,0.8,1
trial_0001,29,train,,,0.2506406896925987,,,0.05507877722699591,,,0.0,0.0,0.03780226784342147,4,1,5,0,0,0.5,1,1,3,,,,,1.1581930491518466,,,,,
trial_0001,29,eval,,,,,,,0.42105263157894735,1.6094740127262317,,,,,,,,,,,,,,,,,,,,,,
trial_0001,29,global,,,,0.2663029148123026,-0.034439521894490205,,,,,,,4,0,5,0,0,0.5,0,1,4,27,,0.10712074303405572,7.764884013361975,,,-0.8,1,0.8,1
trial_0001,30,train,,,0.2506914896533844,,,0.055677386674475166,,,0.0,0.0,0.03605853270818579,4,0,6,1,0,0.5,0,1,4,,,,,1.2645107946497327,,,,,
trial_0001,30,eval,0.42105263157894735,0.47368421052631576,,,,,,,,,,,,,,,,,,,,2.1052631578947367,,,,0.0,,,,
trial_0001,30,global,,,,0.2775124959975241,-0.04564910307971169,,,,,,,4,0,6,0,0,0.0,0,2,4,27,,0.09969040247678018,8.297575333539177,,,-0.8,1,0.8,1
trial_0001,31,train,,,0.25067819559827764,,,0.059221807312458116,,,0.0,0.0,0.03905371920542515,4,0,6,0,0,0.0,0,2,4,,,,,1.1760495965785167,,,,,
trial_0001,31,eval,,,,,,,0.5789473684210527,1.5102022509825854,,,,,,,,,,,,,,,,,,,,,,
trial_0001,31,global,,,,0.2686111334514318,-0.036747740533619365,,,,,,,4,0,6,0,0,0.0,0,2,4,27,,0.10526315789473684,8.241605677176555,,,-0.8,1,0.8,1
trial_0001,32,train,,,0.2506686458562283,,,0.05863520693271718,,,0.0,0.0,0.037906142371766115,4,0,6,0,0,0.0,0,2,4,,,,,1.076724595592377,,,,,
trial_0001,32,eval,,,,,,,0.3684210526315789,1.5393211716099788,,,,,,,,,,,,,,,,,,,,,,
trial_0001,32,global,,,,0.27241870946033686,-0.039843065830273736,,,,,,,4,0,6,0,0,0.0,0,2,4,27,,0.10402476780185758,8.795971148228128,,,-0.8,1,0.8,1
trial_0001,33,train,,,0.2506623981480903,,,0.06350153050524124,,,0.0,0.0,0.03630888647538551,4,0,7,1,0,0.0,0,2,4,,,,,0.9930897933371524,,,,,
trial_0001,33,eval,0.47368421052631576,0.47368421052631576,,,,,,,,,,,,,,,,,,,,2.1052631578947367,,,,0.0,,,,
trial_0001,33,global,,,,0.2664981261787165,-0.033922482548653356,,,,,,,4,0,7,0,0,0.0,0,3,4,27,,0.1065015479876161,8.59446778194085,,,-0.8,1,0.8,1
trial_0001,34,train,,,0.250669963499333,,,0.06252543216056011,,,0.0,0.0,0.039465166549099255,4,0,7,0,0,0.0,0,3,4,,,,,0.9213923815717089,,,,,
trial_0001,34,eval,,,,,,,0.47368421052631576,1.4119506070488375,,,,,,,,,,,,,,,,,,,,,,
trial_0001,34,global,,,,0.2747434673346276,-0.04166046703282425,,,,,,,4,0,7,0,0,0.0,0,3,4,27,,0.10030959752321982,9.091362639625006,,,-0.8,1,0.8,1
trial_0001,35,train,,,0.25067519824555573,,,0.06690760242178084,,,0.0,0.0,0.03672488298901218,4,0,7,0,0,0.0,0,3,4,,,,,0.8274542540945905,,,,,
trial_0001,35,eval,,,,,,,0.5263157894736842,1.3491717953430977,,,,,,,,,,,,,,,,,,,,,,
trial_0001,35,global,,,,0.266198995650663,-0.03190826588026063,,,,,,,4,0,7,0,0,0.0,0,3,4,27,,0.11021671826625387,8.880061174989116,,,-0.8,1,0.8,1
trial_0001,36,train,,,0.2507085051942379,,,0.06821035070622221,,,0.0,0.0,0.03892337129788196,4,0,7,0,0,0.0,0,3,4,,,,,0.7640422574383147,,,,,
trial_0001,36,eval,,,,,,,0.47368421052631576,1.2965255411047685,,,,,,,,,,,,,,,,,,,,,,
trial_0001,36,global,,,,0.2736219368356075,-0.039331207065205105,,,,,,,4,0,7,0,0,0.0,0,3,4,27,,0.10340557275541795,9.25754994017421,,,-0.8,1,0.8,1
trial_0001,37,train,,,0.2507377831225699,,,0.07157565811847118,,,0.0,0.0,0.03572117393004134,4,0,8,1,0,0.0,0,3,4,,,,,0.6784610568842988,,,,,
trial_0001,37,eval,0.42105263157894735,0.42105263157894735,,,,,,,,,,,,,,,,,,,,2.1052631578947367,,,,0.0,,,,
trial_0001,37,global,,,,0.2701819241441046,-0.035488617884169155,,,,,,,4,0,8,0,0,0.0,0,4,4,27,,0.10773993808049535,9.179838781681593,,,-0.8,1,0.8,1
trial_0001,38,train,,,0.25079038866022796,,,0.0740261509063396,,,0.0,0.0,0.03567646514782881,4,0,9,1,0,0.0,0,4,4,,,,,0.6184610167716411,,,,,
trial_0001,38,eval,0.47368421052631576,0.47368421052631576,,,,,,,,,,,,,,,,,,,,2.1052631578947367,,,,0.0,,,,
trial_0001,38,global,,,,0.2723327721378206,-0.03459532584744379,,,,,,,4,0,9,0,0,0.0,0,5,4,27,,0.10959752321981424,9.51302434490192,,,-0.8,1,0.8,1
trial_0001,39,train,,,0.2508410694117241,,,0.07591817353634124,,,0.0,0.0,0.033675913274922274,4,0,10,1,0,0.0,0,5,4,,,,,0.5392669786798192,,,,,
trial_0001,39,eval,0.42105263157894735,0.42105263157894735,,,,,,,,,,,,,,,,,,,,2.1052631578947367,,,,0.05263157894736842,,,,
trial_0001,39,global,,,,0.30744498220553534,-0.047149677740862025,,,,,,,5,1,10,0,0,0.25,1,5,4,27,,0.09411764705882353,6.574580690366195,,,-0.8,1,0.8,1
trial_0001,40,train,,,0.25090559337820323,,,0.08160899877548217,,,0.0,0.0,0.03323298310594899,5,1,10,0,0,0.25,1,5,4,,,,,0.5382581088798387,,,,,
trial_0001,40,eval,,,,,,,0.631578947368421,1.4150840953776709,,,,,,,,,,,,,,,,,,,,,,
trial_0001,40,global,,,,0.2938976393480263,-0.03283072994508139,,,,,,,5,1,10,0,0,0.25,1,5,4,27,,0.10897832817337462,9.171007934664795,,,-0.8,1,0.8,1
trial_0001,41,train,,,0.25091310130788924,,,0.07795832004952938,,,0.0,0.0,0.03811370917457216,5,1,10,0,0,0.25,1,5,4,,,,,0.513794673218372,,,,,
trial_0001,41,eval,,,,,,,0.6842105263157894,0.9969212883397152,,,,,,,,,,,,,,,,,,,,,,
trial_0001,41,global,,,,0.3044083654386996,-0.043341456035754664,,,,,,,5,1,10,0,0,0.25,1,5,4,27,,0.10030959752321982,10.382739619204873,,,-0.8,1,0.8,1
trial_0001,42,train,,,0.2509398656956693,,,0.08091973180466511,,,0.0,0.0,0.032435363659912606,5,1,10,0,0,0.25,1,5,4,,,,,0.3942556197973008,,,,,
trial_0001,42,eval,,,,,,,0.631578947368421,1.2288989299222042,,,,,,,,,,,,,,,,,,,,,,
trial_0001,42,global,,,,0.2970475181155035,-0.03598060871255855,,,,,,,5,0,10,0,0,0.25,0,5,5,27,,0.10526315789473684,9.989487459637433,,,-0.8,1,0.8,1
trial_0001,43,train,,,0.2509926912632394,,,0.08388730059278773,,,0.0,0.0,0.03461999645099995,5,0,11,1,0,0.25,0,5,5,,,,,0.45842999587667743,,,,,
trial_0001,43,eval,0.3684210526315789,0.42105263157894735,,,,,,,,,,,,,,,,,,,,2.1052631578947367,,,,0.0,,,,
trial_0001,43,global,,,,0.3042301840508944,-0.04316327464794945,,,,,,,5,0,11,0,0,0.0,0,6,5,27,,0.1021671826625387,10.215802332638956,,,-0.8,1,0.8,1
trial_0001,44,train,,,0.25104663568608304,,,0.08593442148350654,,,0.0,0.0,0.03339004009922451,5,0,12,1,0,0.0,0,6,5,,,,,0.39346979108262564,,,,,
trial_0001,44,eval,0.3684210526315789,0.3684210526315789,,,,,,,,,,,,,,,,,,,,2.1052631578947367,,,,0.0,,,,
trial_0001,44,global,,,,0.29702046414174865,-0.03595355473880373,,,,,,,5,0,12,0,0,0.0,0,7,5,27,,0.10526315789473684,10.078979645720207,,,-0.8,1,0.8,1
trial_0001,45,train,,,0.2511166140754172,,,0.08896086063790828,,,0.0,0.0,0.03432494299189049,5,0,13,1,0,0.0,0,7,5,,,,,0.38425696457320074,,,,,
trial_0001,45,eval,0.5263157894736842,0.5263157894736842,,,,,,,,,,,,,,,,,,,,2.1052631578947367,,,,0.0,,,,
trial_0001,45,global,,,,0.30736095690334375,-0.046294047500398845,,,,,,,5,0,13,0,0,0.0,0,8,5,27,,0.09845201238390093,10.576298017472306,,,-0.8,1,0.8,1
trial_0001,46,train,,,0.25115529400237063,,,0.08895656149438087,,,0.0,0.0,0.03203937785323472,5,0,14,1,0,0.0,0,8,5,,,,,0.32402671708705577,,,,,
trial_0001,46,eval,0.5263157894736842,0.631578947368421,,,,,,,,,,,,,,,,,,,,2.1052631578947367,,,,0.0,,,,
trial_0001,46,global,,,,0.2889848591589961,-0.02791794975605111,,,,,,,5,0,14,0,0,0.0,0,9,5,27,,0.11331269349845201,10.394025163680038,,,-0.8,1,0.8,1
trial_0001,47,train,,,0.25121683199354944,,,0.09073724328203404,,,0.0,0.0,0.033844926012085476,5,0,14,0,0,0.0,0,9,5,,,,,0.345525173525861,,,,,
trial_0001,47,eval,,,,,,,0.6842105263157894,1.2473735181908856,,,,,,,,,,,,,,,,,,,,,,
trial_0001,47,global,,,,0.3044935495112079,-0.04342664010826295,,,,,,,5,0,14,0,0,0.0,0,9,5,27,,0.1021671826625387,11.264214213935213,,,-0.8,1,0.8,1
trial_0001,48,train,,,0.2512385179387762,,,0.09209922526745086,,,0.0,0.0,0.031996921254718244,5,0,14,0,0,0.0,0,9,5,,,,,0.29908698530907324,,,,,
trial_0001,48,eval,,,,,,,0.631578947368421,1.4328569848286477,,,,,,,,,,,,,,,,,,,,,,
trial_0001,48,global,,,,0.29385481254971546,-0.03278790314677052,,,,,,,5,0,14,0,0,0.0,0,9,5,27,,0.10897832817337462,10.707455916744268,,,-0.8,1,0.8,1
trial_0001,49,train,,,0.25127980176438675,,,0.09113108984967495,,,0.0,0.0,0.030535421840489865,5,0,14,0,0,0.0,0,9,5,,,,,0.2613950206402768,,,,,
trial_0001,49,eval,,,,,,,0.631578947368421,1.2999496710927863,,,,,,,,,,,,,,,,,,,,,,
trial_0001,49,global,,,,0.30317493783859206,-0.04210802843564713,,,,,,,5,0,14,0,0,0.0,0,9,5,27,,0.10278637770897833,11.587261603860295,,,-0.8,1,0.8,1
trial_0001,50,train,,,0.2512955881179647,,,0.09173729318253537,,,0.0,0.0,0.029337343779154756,5,0,15,1,0,0.0,0,9,5,,,,,0.23037072128437935,,,,,
trial_0001,50,eval,0.47368421052631576,0.42105263157894735,,,,,,,,,,,,,,,,,,,,2.1052631578947367,,,,0.15789473684210525,,,,
trial_0001,50,global,,,,0.3013297313066831,-0.04026282190373817,,,,,,,6,1,15,0,0,0.25,1,9,5,27,,0.1021671826625387,5.633013386918296,,,-0.8,1,0.8,1
trial_0001,51,train,,,0.2513077880655016,,,0.09204071845327105,,,0.0,0.0,0.027988633175846194,6,1,15,0,0,0.25,1,9,5,,,,,0.302318550071546,,,,,
trial_0001,51,eval,,,,,,,0.631578947368421,1.7081579471889294,,,,,,,,,,,,,,,,,,,,,,
trial_0001,51,global,,,,0.2936594642186175,-0.03259255481567254,,,,,,,6,1,15,0,0,0.25,1,9,5,27,,0.10773993808049535,10.585502487513303,,,-0.8,1,0.8,1
trial_0001,52,train,,,0.25137075401367026,,,0.08955462435458568,,,0.0,0.0,0.034997521813443684,6,1,15,0,0,0.25,1,9,5,,,,,0.24898468496951653,,,,,
trial_0001,52,eval,,,,,,,0.6842105263157894,1.2335945226644214,,,,,,,,,,,,,,,,,,,,,,
trial_0001,52,global,,,,0.3035326240962133,-0.0424657146932684,,,,,,,6,1,15,0,0,0.25,1,9,5,27,,0.10154798761609907,11.803331725885256,,,-0.8,1,0.8,1
trial_0001,53,train,,,0.25139281819475456,,,0.08762246116678765,,,0.0,0.0,0.024777417937095498,6,1,15,0,0,0.25,1,9,5,,,,,0.18365634656015864,,,,,
trial_0001,53,eval,,,,,,,0.631578947368421,1.4458520177163574,,,,,,,,,,,,,,,,,,,,,,
trial_0001,53,global,,,,0.29627573177924316,-0.03520882237629825,,,,,,,6,0,15,0,0,0.25,0,9,6,27,,0.10897832817337462,11.773693394144253,,,-0.8,1,0.8,1
trial_0001,54,train,,,0.2513870562010623,,,0.0945315329318351,,,0.0,0.0,0.028576503759448202,6,0,16,1,0,0.25,0,9,6,,,,,0.218160687196762,,,,,
trial_0001,54,eval,0.5263157894736842,0.5263157894736842,,,,,,,,,,,,,,,,,,,,2.1052631578947367,,,,0.0,,,,
trial_0001,54,global,,,,0.3014646225088316,-0.04039771310588664,,,,,,,6,0,16,0,0,0.0,0,10,6,27,,0.10402476780185758,11.5074024401213,,,-0.8,1,0.8,1
trial_0001,55,train,,,0.25141338591879986,,,0.09254036748662908,,,0.0,0.0,0.026651489145142288,6,0,17,1,0,0.0,0,10,6,,,,,0.19838744956762233,,,,,
trial_0001,55,eval,0.3684210526315789,0.42105263157894735,,,,,,,,,,,,,,,,,,,,2.1052631578947367,,,,0.0,,,,
trial_0001,55,global,,,,0.2937484492405896,-0.032681539837644685,,,,,,,6,0,17,0,0,0.0,0,11,6,27,,0.10959752321981424,11.329400299355711,,,-0.8,1,0.8,1
trial_0001,56,train,,,0.2514685566755051,,,0.09478787094988722,,,0.0,0.0,0.027181827579996494,6,0,18,1,0,0.0,0,11,6,,,,,0.21598694517891454,,,,,
trial_0001,56,eval,0.3684210526315789,0.3157894736842105,,,,,,,,,,,,,,,,,,,,2.1052631578947367,,,,0.2631578947368421,,,,
trial_0001,56,global,,,,0.2981582076374468,-0.03709129823450187,,,,,,,7,1,18,0,0,0.25,1,11,6,27,,0.1108359133126935,6.5211278082785595,,,-0.8,1,0.8,1
trial_0001,57,train,,,0.2517946466567024,,,0.11030964245871891,,,0.0,0.0,0.034321733932232576,7,1,18,0,0,0.25,1,11,6,,,,,0.2278454876844845,,,,,
trial_0001,57,eval,,,,,,,0.5263157894736842,1.8046236885221383,,,,,,,,,,,,,,,,,,,,,,
trial_0001,57,global,,,,0.28117793966409393,-0.020111030261149,,,,,,,7,0,18,0,0,0.25,0,11,7,27,,0.12074303405572756,10.555152722999408,,,-0.8,1,0.8,1
trial_0001,58,train,,,0.25152910326389555,,,0.09403668692771425,,,0.0,0.0,0.025890733570880953,7,0,19,1,0,0.25,0,11,7,,,,,0.17127937775977115,,,,,
trial_0001,58,eval,0.47368421052631576,0.5789473684210527,,,,,,,,,,,,,,,,,,,,2.1052631578947367,,,,0.0,,,,
trial_0001,58,global,,,,0.29047216767094985,-0.029405258268004927,,,,,,,7,0,19,0,0,0.0,0,12,7,27,,0.11269349845201239,11.527670368395354,,,-0.8,1,0.8,1
trial_0001,59,train,,,0.25157309085764784,,,0.09037814241774537,,,0.0,0.0,0.025443242791237587,7,0,19,0,0,0.0,0,12,7,,,,,0.1561939670050398,,,,,
trial_0001,59,eval,,,,,,,0.631578947368421,1.4992047548294065,,,,,,,,,,,,,,,,,,,,,,
trial_0001,59,global,,,,0.30258590554626935,-0.041518996143324445,,,,,,,7,0,19,0,0,0.0,0,12,7,27,,0.10402476780185758,12.427826801689786,,,-0.8,1,0.8,1
trial_0001,60,train,,,0.25160715808259676,,,0.09369886936025416,,,0.0,0.0,0.02397988289433651,7,0,19,0,0,0.0,0,12,7,,,,,0.15602909011885208,,,,,
trial_0001,60,eval,,,,,,,0.5263157894736842,1.8234036423658069,,,,,,,,,,,,,,,,,,,,,,
trial_0001,60,global,,,,0.28980141191431114,-0.028734502511366184,,,,,,,7,0,19,0,0,0.0,0,12,7,27,,0.11393188854489164,11.565888655813117,,,-0.8,1,0.8,1
trial_0001,61,train,,,0.2516455485465679,,,0.08935461716449007,,,0.0,0.0,0.024407872981627155,7,0,20,1,0,0.0,0,12,7,,,,,0.14401075636294292,,,,,
trial_0001,61,eval,0.5263157894736842,0.47368421052631576,,,,,,,,,,,,,,,,,,,,2.1052631578947367,,,,0.15789473684210525,,,,
trial_0001,61,global,,,,0.3162223751076519,-0.05515546570470696,,,,,,,8,1,20,0,0,0.25,1,12,7,27,,0.08792569659442724,5.761071274228878,,,-0.8,1,0.8,1
trial_0001,62,train,,,0.25169870044503895,,,0.09380370037896293,,,0.0,0.0,0.025668068592702705,8,1,20,0,0,0.25,1,12,7,,,,,0.17464987545141153,,,,,
trial_0001,62,eval,,,,,,,0.631578947368421,2.2405399774250228,,,,,,,,,,,,,,,,,,,,,,
trial_0001,62,global,,,,0.29229620014453045,-0.029686080865042312,,,,,,,8,1,20,0,0,0.25,1,12,7,27,,0.1108359133126935,10.661565642460213,,,-0.8,1,0.8,1
trial_0001,63,train,,,0.25173090588539204,,,0.09064169513418319,,,0.0,0.0,0.0313082271976337,8,1,20,0,0,0.25,1,12,7,,,,,0.16978734446332808,,,,,
trial_0001,63,eval,,,,,,,0.5789473684210527,1.4886505046957417,,,,,,,,,,,,,,,,,,,,,,
trial_0001,63,global,,,,0.2979121877757883,-0.03530206849630018,,,,,,,8,0,20,0,0,0.25,0,12,8,27,,0.10773993808049535,11.690850877318958,,,-0.8,1,0.8,1
trial_0001,64,train,,,0.2517337767367667,,,0.09353243036473052,,,0.0,0.0,0.02149214889628793,8,0,21,1,0,0.25,0,12,8,,,,,0.11892788955505856,,,,,
trial_0001,64,eval,0.42105263157894735,0.3684210526315789,,,,,,,,,,,,,,,,,,,,2.1052631578947367,,,,0.2631578947368421,,,,
trial_0001,64,global,,,,0.2948841662992899,-0.03227404701980173,,,,,,,9,1,21,0,0,0.25,1,12,8,27,,0.10835913312693499,6.474875862901055,,,-0.8,1,0.8,1
trial_0001,65,train,,,0.2519502292705488,,,0.09615223317206659,,,0.0,0.0,0.02467060351841553,9,1,21,0,0,0.25,1,12,8,,,,,0.15380137844742098,,,,,
trial_0001,65,eval,,,,,,,0.5263157894736842,1.6534588964361894,,,,,,,,,,,,,,,,,,,,,,
trial_0001,65,global,,,,0.3072297474648097,-0.04461962818532158,,,,,,,9,0,21,0,0,0.25,0,12,9,27,,0.09907120743034056,12.315425284654363,,,-0.8,1,0.8,1
trial_0001,66,train,,,0.2517674241928344,,,0.0920758862444695,,,0.0,0.0,0.021674280948850252,9,0,22,1,0,0.25,0,12,9,,,,,0.1263614450006726,,,,,
trial_0001,66,eval,0.42105263157894735,0.42105263157894735,,,,,,,,,,,,,,,,,,,,2.1052631578947367,,,,0.0,,,,
trial_0001,66,global,,,,0.30653687868430796,-0.0439267594048198,,,,,,,9,0,22,0,0,0.0,0,13,9,27,,0.09969040247678018,12.343420447948917,,,-0.8,1,0.8,1
trial_0001,67,train,,,0.2517917086469366,,,0.0927302228643539,,,0.0,0.0,0.0187532132915023,9,0,23,1,0,0.0,0,13,9,,,,,0.09601611828708902,,,,,
trial_0001,67,eval,0.3157894736842105,0.3157894736842105,,,,,,,,,,,,,,,,,,,,2.1052631578947367,,,,0.0,,,,
trial_0001,67,global,,,,0.2948376399842515,-0.03222752070476337,,,,,,,9,0,23,0,0,0.0,0,14,9,27,,0.1108359133126935,11.535217100917002,,,-0.8,1,0.8,1
trial_0001,68,train,,,0.25182069140545865,,,0.09015255912821343,,,0.0,0.0,0.01993846468289353,9,0,24,1,0,0.0,0,14,9,,,,,0.11767559128397322,,,,,
trial_0001,68,eval,0.47368421052631576,0.47368421052631576,,,,,,,,,,,,,,,,,,,,2.1052631578947367,,,,0.0,,,,
trial_0001,68,global,,,,0.3080315531766941,-0.04542143389720596,,,,,,,9,0,24,0,0,0.0,0,15,9,27,,0.09845201238390093,12.439028222051567,,,-0.8,1,0.8,1
trial_0001,69,train,,,0.2518419401442751,,,0.09331108344362138,,,0.0,0.0,0.017163430072894777,9,0,24,0,0,0.0,0,15,9,,,,,0.0966083888598579,,,,,
trial_0001,69,eval,,,,,,,0.47368421052631576,2.169277211553172,,,,,,,,,,,,,,,,,,,,,,
trial_0001,69,global,,,,0.289375980866896,-0.02676586158740787,,,,,,,9,0,24,0,0,0.0,0,15,9,27,,0.11578947368421053,11.32119428321673,,,-0.8,1,0.8,1
trial_0001,70,train,,,0.25186773437134763,,,0.08567653818333403,,,0.0,0.0,0.018804073332873313,9,0,24,0,0,0.0,0,15,9,,,,,0.09394538847214365,,,,,
trial_0001,70,eval,,,,,,,0.5263157894736842,1.7779286801815033,,,,,,,,,,,,,,,,,,,,,,
trial_0001,70,global,,,,0.29941903515059587,-0.036808915871107684,,,,,,,9,0,24,0,0,0.0,0,15,9,27,,0.1065015479876161,12.582738964919335,,,-0.8,1,0.8,1
trial_0001,71,train,,,0.2518871198309229,,,0.0864500802882174,,,0.0,0.0,0.015769778430447023,9,0,25,1,0,0.0,0,15,9,,,,,0.0766786541472724,,,,,
trial_0001,71,eval,0.47368421052631576,0.42105263157894735,,,,,,,,,,,,,,,,,,,,2.1052631578947367,,,,0.15789473684210525,,,,
trial_0001,71,global,,,,0.28743504293561994,-0.02078451961572773,,,,,,,10,1,25,0,0,0.25,1,15,9,27,,0.12074303405572756,8.818138016266719,,,-0.8,1,0.8,1
trial_0001,72,train,,,0.2519663912909372,,,0.08630690744944983,,,0.0,0.0,0.017235225565839625,10,1,25,0,0,0.25,1,15,9,,,,,0.09705439426004886,,,,,
trial_0001,72,eval,,,,,,,0.47368421052631576,2.016484903661828,,,,,,,,,,,,,,,,,,,,,,
trial_0001,72,global,,,,0.28867084888523764,-0.02202032556534543,,,,,,,10,0,25,0,0,0.25,0,15,10,27,,0.11764705882352941,11.601737361943389,,,-0.8,1,0.8,1
trial_0001,73,train,,,0.251938392190223,,,0.08789339534779812,,,0.0,0.0,0.016843444303710986,10,0,26,1,0,0.25,0,15,10,,,,,0.10130326799017952,,,,,
trial_0001,73,eval,0.42105263157894735,0.3684210526315789,,,,,,,,,,,,,,,,,,,,2.1052631578947367,,,,0.2631578947368421,,,,
trial_0001,73,global,,,,0.30927769919631176,-0.03940656396015548,,,,,,,11,1,26,0,0,0.25,1,15,10,27,,0.1021671826625387,6.631993391196425,,,-0.8,1,0.8,1
trial_0001,74,train,,,0.25213207285615463,,,0.09030147142048123,,,0.0,0.0,0.015290253969716925,11,1,26,0,0,0.25,1,15,10,,,,,0.08297502592771869,,,,,
trial_0001,74,eval,,,,,,,0.5263157894736842,2.185315392519298,,,,,,,,,,,,,,,,,,,,,,
trial_0001,74,global,,,,0.2928036245612735,-0.0229324893251172,,,,,,,11,1,26,0,0,0.25,1,15,10,27,,0.1195046439628483,11.852596039668695,,,-0.8,1,0.8,1
trial_0001,75,train,,,0.251959263010228,,,0.08606619910990938,,,0.0,0.0,0.0167942019846065,11,1,26,0,0,0.25,1,15,10,,,,,0.11709373037707296,,,,,
trial_0001,75,eval,,,,,,,0.47368421052631576,1.9297883494904164,,,,,,,,,,,,,,,,,,,,,,
trial_0001,75,global,,,,0.2982236038406774,-0.028352468604521144,,,,,,,11,0,26,0,0,0.25,0,15,11,27,,0.11269349845201239,11.808494874936509,,,-0.8,1,0.8,1
trial_0001,76,train,,,0.2519832985832336,,,0.08822475595677151,,,0.0,0.0,0.0136329008417422,11,0,27,1,0,0.25,0,15,11,,,,,0.08074921497956236,,,,,
trial_0001,76,eval,0.3684210526315789,0.3684210526315789,,,,,,,,,,,,,,,,,,,,2.1052631578947367,,,,0.0,,,,
trial_0001,76,global,,,,0.2923489448588603,-0.022477809622704056,,,,,,,11,0,27,0,0,0.0,0,16,11,27,,0.1195046439628483,11.424655094678188,,,-0.8,1,0.8,1
trial_0001,77,train,,,0.2520025835392323,,,0.08475972363289366,,,0.0,0.0,0.017381785821511432,11,0,28,1,0,0.0,0,16,11,,,,,0.08266434988522149,,,,,
trial_0001,77,eval,0.3157894736842105,0.3157894736842105,,,,,,,,,,,,,,,,,,,,2.1052631578947367,,,,0.0,,,,
trial_0001,77,global,,,,0.2921839672377163,-0.022312832001559965,,,,,,,11,0,28,0,0,0.0,0,17,11,27,,0.12012383900928793,12.288148465466573,,,-0.8,1,0.8,1
trial_0001,78,train,,,0.25202835684126995,,,0.08464792180568613,,,0.0,0.0,0.012875457560585347,11,0,29,1,0,0.0,0,17,11,,,,,0.1148674779908454,,,,,
trial_0001,78,eval,0.42105263157894735,0.47368421052631576,,,,,,,,,,,,,,,,,,,,2.1052631578947367,,,,0.0,,,,
trial_0001,78,global,,,,0.29008232967760395,-0.020211194441447672,,,,,,,11,0,29,0,0,0.0,0,18,11,27,,0.12136222910216718,11.642695697985197,,,-0.8,1,0.8,1
trial_0001,79,train,,,0.25206904842498457,,,0.08545797112140249,,,0.0,0.0,0.014892111898479153,11,0,29,0,0,0.0,0,18,11,,,,,0.07749327944908688,,,,,
trial_0001,79,eval,,,,,,,0.47368421052631576,1.6797212581885488,,,,,,,,,,,,,,,,,,,,,,
trial_0001,79,global,,,,0.2919599698882369,-0.022088834652080662,,,,,,,11,0,29,0,0,0.0,0,18,11,27,,0.12074303405572756,12.249625257368058,,,-0.8,1,0.8,1
trial_0001,80,train,,,0.2521043394474273,,,0.08739773073094956,,,0.0,0.0,0.011342573481484347,11,0,30,1,0,0.0,0,18,11,,,,,0.10393974020918632,,,,,
trial_0001,80,eval,0.42105263157894735,0.42105263157894735,,,,,,,,,,,,,,,,,,,,2.1052631578947367,,,,0.0,,,,
trial_0001,80,global,,,,0.29064295523609135,-0.020771819999935055,,,,,,,11,0,30,0,0,0.0,0,19,11,27,,0.12012383900928793,11.465328615737773,,,-0.8,1,0.8,1
trial_0001,81,train,,,0.2521345317363739,,,0.08713561169644618,,,0.0,0.0,0.012758802314830123,11,0,30,0,0,0.0,0,19,11,,,,,0.06447533785781645,,,,,
trial_0001,81,eval,,,,,,,0.47368421052631576,2.086828286710538,,,,,,,,,,,,,,,,,,,,,,
trial_0001,81,global,,,,0.2937645113790319,-0.023893376142875646,,,,,,,11,0,30,0,0,0.0,0,19,11,27,,0.1195046439628483,12.061563483554144,,,-0.8,1,0.8,1
trial_0001,82,train,,,0.2521740781499984,,,0.08487318361059148,,,0.0,0.0,0.010791765794032898,11,0,30,0,0,0.0,0,19,11,,,,,0.05622003785473235,,,,,
trial_0001,82,eval,,,,,,,0.47368421052631576,2.3247578112702616,,,,,,,,,,,,,,,,,,,,,,
trial_0001,82,global,,,,0.28962086602544246,-0.019749730789286216,,,,,,,11,0,30,0,0,0.0,0,19,11,27,,0.12198142414860681,11.510641578697937,,,-0.8,1,0.8,1
trial_0001,83,train,,,0.25221613334848525,,,0.08371950020181372,,,0.0,0.0,0.01238748032086965,11,0,31,1,0,0.0,0,19,11,,,,,0.04973224670566776,,,,,
trial_0001,83,eval,0.42105263157894735,0.42105263157894735,,,,,,,,,,,,,,,,,,,,2.1052631578947367,,,,0.0,,,,
trial_0001,83,global,,,,0.29796644725810667,-0.028095312021950408,,,,,,,11,0,31,0,0,0.0,0,20,11,27,,0.11640866873065016,12.429365534826697,,,-0.8,1,0.8,1
trial_0001,84,train,,,0.25224654598438995,,,0.08368324345730721,,,0.0,0.0,0.00958905369099081,11,0,32,1,0,0.0,0,20,11,,,,,0.044846111117921604,,,,,
trial_0001,84,eval,0.3157894736842105,0.3157894736842105,,,,,,,,,,,,,,,,,,,,2.1052631578947367,,,,0.0,,,,
trial_0001,84,global,,,,0.2910256495120021,-0.021154514275845845,,,,,,,11,0,32,0,0,0.0,0,21,11,27,,0.12074303405572756,11.525261248892674,,,-0.8,1,0.8,1
trial_0001,85,train,,,0.25228512762708866,,,0.0846420260185891,,,0.0,0.0,0.012871118157806664,11,0,33,1,0,0.0,0,21,11,,,,,0.05144489670885688,,,,,
trial_0001,85,eval,0.3157894736842105,0.3157894736842105,,,,,,,,,,,,,,,,,,,,2.1052631578947367,,,,0.0,,,,
trial_0001,85,global,,,,0.29755111550715846,-0.027679980271002217,,,,,,,11,0,33,0,0,0.0,0,22,11,27,,0.11640866873065016,12.446434167442677,,,-0.8,1,0.8,1
trial_0001,86,train,,,0.2523080433936829,,,0.0868638684140875,,,0.0,0.0,0.009299931991065139,11,0,34,1,0,0.0,0,22,11,,,,,0.0700980773710824,,,,,
trial_0001,86,eval,0.42105263157894735,0.47368421052631576,,,,,,,,,,,,,,,,,,,,2.1052631578947367,,,,0.0,,,,
trial_0001,86,global,,,,0.2934565749653589,-0.023585439729202577,,,,,,,11,0,34,0,0,0.0,0,23,11,27,,0.11764705882352941,11.289000893229671,,,-0.8,1,0.8,1
trial_0001,87,train,,,0.25234943279560573,,,0.08389274110185338,,,0.0,0.0,0.011203398239972847,11,0,34,0,0,0.0,0,23,11,,,,,0.04811898355392065,,,,,
trial_0001,87,eval,,,,,,,0.5263157894736842,2.187276382195322,,,,,,,,,,,,,,,,,,,,,,
trial_0001,87,global,,,,0.30292305706819644,-0.03305192183204018,,,,,,,11,0,34,0,0,0.0,0,23,11,27,,0.11207430340557276,12.336065808464499,,,-0.8,1,0.8,1
trial_0001,88,train,,,0.2523518049336494,,,0.0847468021068167,,,0.0,0.0,0.008462143879745435,11,0,35,1,0,0.0,0,23,11,,,,,0.04194397339399191,,,,,
trial_0001,88,eval,0.42105263157894735,0.42105263157894735,,,,,,,,,,,,,,,,,,,,2.1052631578947367,,,,0.0,,,,
trial_0001,88,global,,,,0.2861827767382313,-0.01631164150207497,,,,,,,11,0,35,0,0,0.0,0,24,11,27,,0.1256965944272446,11.570336710926918,,,-0.8,1,0.8,1
trial_0001,89,train,,,0.252379317549949,,,0.08397699290133537,,,0.0,0.0,0.0093404001741332,11,0,35,0,0,0.0,0,24,11,,,,,0.03899963487415238,,,,,
trial_0001,89,eval,,,,,,,0.5263157894736842,2.5578762512457995,,,,,,,,,,,,,,,,,,,,,,
trial_0001,89,global,,,,0.29735464277941037,-0.027483507543254106,,,,,,,11,0,35,0,0,0.0,0,24,11,27,,0.11702786377708978,12.07252546375381,,,-0.8,1,0.8,1
trial_0001,90,train,,,0.2523889890376557,,,0.08670619320362172,,,0.0,0.0,0.008050582619746801,11,0,35,0,0,0.0,0,24,11,,,,,0.05560540853543801,,,,,
trial_0001,90,eval,,,,,,,0.47368421052631576,2.6939762124889777,,,,,,,,,,,,,,,,,,,,,,
trial_0001,90,global,,,,0.292066454559522,-0.02219531932336572,,,,,,,11,0,35,0,0,0.0,0,24,11,27,,0.11888544891640866,11.220229530924984,,,-0.8,1,0.8,1
trial_0002,1,train,,,0.250413255223745,,,0.011868512293300298,,,0.0,0.0,0.002826578910698489,0,0,0,0,0,,0,0,0,,,,,2.198364128945749,,,,,
trial_0002,1,eval,,,,,,,0.3529411764705882,2.188349162831026,,,,,,,,,,,,,,,,,,,,,,
trial_0002,1,global,,,,,,,,,,,,0,0,0,0,0,,0,0,0,9,,0.12421052631578948,2.1968993553362393,,,,,,
trial_0002,2,train,,,0.2503576727607582,,,0.014061208201360097,,,0.0,0.0,0.021402955260953004,0,0,0,0,0,,0,0,0,,,,,2.1681645227383965,,,,,
trial_0002,2,eval,,,,,,,0.11764705882352941,2.1779856541577507,,,,,,,,,,,,,,,,,,,,,,
trial_0002,2,global,,,,0.015637860082304538,-0.004744613894940704,,,,,,,0,0,0,0,0,,0,0,0,9,,0.12,2.1962002939926952,,,-0.07407407407407407,3,0.07407407407407407,3
trial_0002,3,train,,,0.25035124564472633,,,0.019247210855725446,,,0.0,0.0,0.021708273074790084,0,0,0,0,0,,0,0,0,,,,,2.090301097042953,,,,,
trial_0002,3,eval,,,,,,,0.058823529411764705,2.143250521491556,,,,,,,,,,,,,,,,,,,,,,
trial_0002,3,global,,,,0.032195594287097555,-0.021302348099733723,,,,,,,0,0,0,0,0,,0,0,0,9,,0.1031578947368421,2.227276576694689,,,-0.11764705882352944,0,0.21568627450980393,0
trial_0002,4,train,,,0.2504077304767657,,,0.026926191547248936,,,0.0,0.0,0.028164462712180767,0,0,0,0,0,,0,0,0,,,,,1.9490253976628749,,,,,
trial_0002,4,eval,,,,,,,0.1764705882352941,2.116334599607131,,,,,,,,,,,,,,,,,,,,,,
trial_0002,4,global,,,,0.05495037521181313,-0.004106364006298835,,,,,,,0,0,0,0,0,,0,0,0,9,,0.12210526315789473,2.2193280300341156,,,-0.22222222222222232,1,0.23529411764705882,0
trial_0002,5,train,,,0.2504492130460618,,,0.03262000766736042,,,0.0,0.0,0.025058816631525,0,0,0,0,0,,0,0,0,,,,,1.7257370318793044,,,,,
trial_0002,5,eval,,,,,,,0.1764705882352941,2.194606563624214,,,,,,,,,,,,,,,,,,,,,,
trial_0002,5,global,,,,0.05551571450132133,-0.004671703295807033,,,,,,,0,0,0,0,0,,0,0,0,9,,0.12,2.3671006699612267,,,-0.13725490196078433,0,0.23529411764705882,0
trial_0002,6,train,,,0.2504497211945208,,,0.03786348598667338,,,0.0,0.0,0.03040574183569679,0,0,0,0,0,,0,0,0,,,,,1.6220856837079491,,,,,
trial_0002,6,eval,,,,,,,0.2941176470588235,2.1610131964964028,,,,,,,,,,,,,,,,,,,,,,
trial_0002,6,global,,,,0.04313725490196079,0.07397775547802168,,,,,,,0,0,0,0,0,,0,0,0,9,,0.2,2.2992482245595833,,,-0.1568627450980392,0,0.2549019607843137,0
trial_0002,7,train,,,0.2504509159281284,,,0.041079144689101205,,,0.0,0.0,0.028012016891867303,0,0,0,0,0,,0,0,0,,,,,1.4614670169504382,,,,,
trial_0002,7,eval,,,,,,,0.411764705882353,2.3284477205837475,,,,,,,,,,,,,,,,,,,,,,
trial_0002,7,global,,,,0.08211140371119523,0.04037995075480874,,,,,,,0,0,0,0,0,,0,0,0,9,,0.16842105263157894,2.5487252340818705,,,-0.13333333333333341,1,0.196078431372549,0
trial_0002,8,train,,,0.25044986454746393,,,0.04291268824776517,,,0.0,0.0,0.036858990236739574,0,0,0,0,0,,0,0,0,,,,,1.33452033581613,,,,,
trial_0002,8,eval,,,,,,,0.4705882352941177,2.2431193309671738,,,,,,,,,,,,,,,,,,,,,,
trial_0002,8,global,,,,0.0644669936412899,0.05802436082471407,,,,,,,0,0,0,0,0,,0,0,0,9,,0.18526315789473685,2.5653279706051477,,,-0.1777777777777778,1,0.1777777777777778,1
trial_0002,9,train,,,0.25047446504423887,,,0.045076749370067934,,,0.0,0.0,0.03688684993812555,0,0,1,1,0,,0,0,0,,,,,1.108367511196227,,,,,
trial_0002,9,eval,0.3529411764705882,0.3529411764705882,,,,,,,,,,,,,,,,,,,,2.8823529411764706,,,,0.0,,,,
trial_0002,9,global,,,,0.06394406255847002,0.06072594114500672,,,,,,,0,0,1,0,0,0.0,0,1,0,9,,0.18526315789473685,2.797540689518577,,,-0.1777777777777778,1,0.1777777777777778,1
trial_0002,10,train,,,0.2504780318918107,,,0.04756572672837897,,,0.0,0.0,0.03817872072133837,0,0,1,0,0,0.0,0,1,0,,,,,0.9933555195791812,,,,,
trial_0002,10,eval,,,,,,,0.411764705882353,2.281619534772985,,,,,,,,,,,,,,,,,,,,,,
trial_0002,10,global,,,,0.05580843758137804,0.07566428721053407,,,,,,,0,0,1,0,0,0.0,0,1,0,9,,0.20210526315789473,2.8307472725918417,,,-0.24444444444444446,1,0.24444444444444446,1
trial_0002,11,train,,,0.25040619491144667,,,0.02480957431848659,,,0.0,0.0,0.04885732614283663,0,0,1,0,0,0.0,0,1,0,,,,,16.338848834814026,,,,,
trial_0002,11,eval,,,,,,,0.15789473684210525,4.632214834815577,,,,,,,,,,,,,,,,,,,,,,
trial_0002,11,global,,,,0.25310557546304474,-0.12163285067113266,,,,,,,0,0,1,0,0,0.0,0,1,0,18,,0.07272727272727272,6.303205144690555,,,-0.6888888888888889,1,0.6888888888888889,1
trial_0002,12,train,,,0.2503153610714646,,,0.03485489134178605,,,0.0,1.0,0.1973765871899073,0,0,1,0,0,0.0,0,1,0,,,,,3.235141031409419,,,,,
trial_0002,12,eval,,,,,,,0.05263157894736842,2.9557684597216154,,,,,,,,,,,,,,,,,,,,,,
trial_0002,12,global,,,,0.14943319839270575,-0.05944765481117891,,,,,,,0,0,1,0,0,0.0,0,1,0,18,,0.07272727272727272,5.005839470584998,,,-0.6000000000000001,1,0.6000000000000001,1
trial_0002,13,train,,,0.250304899070152,,,0.03383322129415912,,,0.0,0.3488372093023256,0.09742565004284993,0,0,1,0,0,0.0,0,1,0,,,,,1.9342265781968138,,,,,
trial_0002,13,eval,,,,,,,0.10526315789473684,2.209262458901656,,,,,,,,,,,,,,,,,,,,,,
trial_0002,13,global,,,,0.16515277792440325,-0.04042887526961908,,,,,,,0,0,1,0,0,0.0,0,1,0,18,,0.09760765550239234,4.840986954082142,,,-0.8,1,0.8,1
trial_0002,14,train,,,0.2502822957413141,,,0.03316517659398013,,,0.0,0.09302325581395349,0.06478530213583347,0,0,2,1,0,0.0,0,1,0,,,,,1.711404056743134,,,,,
trial_0002,14,eval,0.15789473684210525,0.15789473684210525,,,,,,,,,,,,,,,,,,,,1.6842105263157894,,,,0.0,,,,
trial_0002,14,global,,,,0.17038799858353995,-0.038911647079280326,,,,,,,0,0,2,0,0,0.0,0,2,0,18,,0.10047846889952153,5.199569163710307,,,-0.8,1,0.8,1
trial_0002,15,train,,,0.2502818395232045,,,0.03448373876338781,,,0.09302325581395349,0.0,0.06218868338957777,0,0,2,0,0,0.0,0,2,0,,,,,1.5785127366698066,,,,,
trial_0002,15,eval,,,,,,,0.2631578947368421,1.9401921974985221,,,,,,,,,,,,,,,,,,,,,,
trial_0002,15,global,,,,0.17431947016207036,-0.03255505281418933,,,,,,,0,0,2,0,0,0.0,0,2,0,18,,0.10526315789473684,4.947555666334892,,,-0.8,1,0.8,1
trial_0002,16,train,,,0.2502819076180458,,,0.03524770916894425,,,0.0,0.0,0.04950838082924832,0,0,2,0,0,0.0,0,2,0,,,,,1.370709381269854,,,,,
trial_0002,16,eval,,,,,,,0.3157894736842105,2.2363745287845007,,,,,,,,,,,,,,,,,,,,,,
trial_0002,16,global,,,,0.15949819285805347,-0.015922496312351785,,,,,,,0,0,2,0,0,0.0,0,2,0,18,,0.12344497607655502,5.341905245712499,,,-0.8,1,0.8,1
trial_0002,17,train,,,0.2503024786710739,,,0.037178529556407484,,,0.0,0.09302325581395349,0.05096224260538124,0,0,3,1,0,0.0,0,2,0,,,,,1.3274410282456597,,,,,
trial_0002,17,eval,0.15789473684210525,0.15789473684210525,,,,,,,,,,,,,,,,,,,,1.6842105263157894,,,,0.0,,,,
trial_0002,17,global,,,,0.173695723722251,-0.02600480083910075,,,,,,,0,0,3,0,0,0.0,0,3,0,18,,0.11196172248803828,5.103525319167872,,,-0.8,1,0.8,1
trial_0002,18,train,,,0.25032915556153584,,,0.038906466129214265,,,0.0,0.0,0.0427393768589164,0,0,3,0,0,0.0,0,3,0,,,,,1.1845076286515523,,,,,
trial_0002,18,eval,,,,,,,0.3684210526315789,2.110926992014835,,,,,,,,,,,,,,,,,,,,,,
trial_0002,18,global,,,,0.160670452754883,-0.012979529871732755,,,,,,,0,0,3,0,0,0.0,0,3,0,18,,0.12631578947368421,5.519908284000232,,,-0.8,1,0.8,1
trial_0002,19,train,,,0.25037052603655086,,,0.04126930721970491,,,0.0,0.09302325581395349,0.046408008506824805,0,0,3,0,0,0.0,0,3,0,,,,,1.173209909297699,,,,,
trial_0002,19,eval,,,,,,,0.3684210526315789,1.730483099033958,,,,,,,,,,,,,,,,,,,,,,
trial_0002,19,global,,,,0.1683799001702128,-0.013197526524876244,,,,,,,0,0,3,0,0,0.0,0,3,0,18,,0.12535885167464114,5.241395405947307,,,-0.8,1,0.8,1
trial_0002,20,train,,,0.2504137757905694,,,0.04364459667094918,,,0.0,0.0,0.039375296798209815,0,0,3,0,0,0.0,0,3,0,,,,,1.052439830330915,,,,,
trial_0002,20,eval,,,,,,,0.3684210526315789,2.107692950650265,,,,,,,,,,,,,,,,,,,,,,
trial_0002,20,global,,,,0.16178592178437212,-0.005574741554673435,,,,,,,0,0,3,0,0,0.0,0,3,0,18,,0.1339712918660287,5.745881069219854,,,-0.8,1,0.8,1
trial_0002,21,train,,,0.25047697126865387,,,0.06567781275891242,,,0.0,0.0,0.027120154192473173,0,0,3,0,0,0.0,0,3,0,,,,,17.25800064776806,,,,,
trial_0002,21,eval,,,,,,,0.21052631578947367,2.1892467737197876,,,,,,,,,,,,,,,,,,,,,,
trial_0002,21,global,,,,0.2695881609361464,-0.1133769807064477,,,,,,,0,0,3,0,0,0.0,0,3,0,27,,0.058823529411764705,7.111083263952296,,,-0.8,1,0.8,1
trial_0002,22,train,,,0.2504442441970744,,,0.05017881634387564,,,0.0,1.0,0.19273689066634533,0,0,4,1,0,0.0,0,3,0,,,,,2.168158703154706,,,,,
trial_0002,22,eval,0.21052631578947367,0.21052631578947367,,,,,,,,,,,,,,,,,,,,2.1052631578947367,,,,0.0,,,,
trial_0002,22,global,,,,0.21983445802356336,-0.06645048078628207,,,,,,,0,0,4,0,0,0.0,0,4,0,27,,0.07430340557275542,8.424722835670684,,,-0.8070175438596491,22,0.8070175438596491,22
trial_0002,23,train,,,0.2504280130279825,,,0.051381799768894273,,,0.0,0.0,0.03238539479355863,0,0,5,1,0,0.0,0,4,0,,,,,1.605691648544149,,,,,
trial_0002,23,eval,0.21052631578947367,0.2631578947368421,,,,,,,,,,,,,,,,,,,,2.1052631578947367,,,,0.0,,,,
trial_0002,23,global,,,,0.2434182026430857,-0.06679153277905384,,,,,,,0,0,5,0,0,0.0,0,5,0,27,,0.07120743034055728,8.816486379900953,,,-0.8,1,0.8,1
trial_0002,24,train,,,0.25041842238700135,,,0.051140869551516595,,,0.0,0.0,0.04258277730897386,0,0,5,0,0,0.0,0,5,0,,,,,1.3871015546169687,,,,,
trial_0002,24,eval,,,,,,,0.47368421052631576,1.7051590555592584,,,,,,,,,,,,,,,,,,,,,,
trial_0002,24,global,,,,0.2381132877059018,-0.05072313753008412,,,,,,,0,0,5,0,0,0.0,0,5,0,27,,0.0934984520123839,8.695157283157018,,,-0.8,1,0.8,1
trial_0002,25,train,,,0.25040568633282434,,,0.052978376124767544,,,0.0,0.0,0.03287893650221064,0,0,6,1,0,0.0,0,5,0,,,,,1.2177106705117733,,,,,
trial_0002,25,eval,0.47368421052631576,0.5263157894736842,,,,,,,,,,,,,,,,,,,,2.1052631578947367,,,,0.0,,,,
trial_0002,25,global,,,,0.23522161843896217,-0.04300055038874834,,,,,,,0,0,6,0,0,0.0,0,6,0,27,,0.09969040247678018,8.823869304834135,,,-0.8,1,0.8,1
trial_0002,26,train,,,0.25037528954921884,,,0.05325626375827383,,,0.0,0.0,0.036373264869635415,0,0,6,0,0,0.0,0,6,0,,,,,1.0220603088115123,,,,,
trial_0002,26,eval,,,,,,,0.5263157894736842,1.5873817707362927,,,,,,,,,,,,,,,,,,,,,,
trial_0002,26,global,,,,0.23267641803867883,-0.035134305751693476,,,,,,,0,0,6,0,0,0.0,0,6,0,27,,0.10773993808049535,8.972710739938837,,,-0.8,1,0.8,1
trial_0002,27,train,,,0.25034489466788923,,,0.05435049026570422,,,0.0,0.0,0.0365217863918936,0,0,6,0,0,0.0,0,6,0,,,,,0.8951519094883127,,,,,
trial_0002,27,eval,,,,,,,0.47368421052631576,1.6126708074619893,,,,,,,,,,,,,,,,,,,,,,
trial_0002,27,global,,,,0.23699543537714174,-0.03621160535421443,,,,,,,0,0,6,0,0,0.0,0,6,0,27,,0.10835913312693499,9.0017615894046,,,-0.8,1,0.8,1
trial_0002,28,train,,,0.25033407071803476,,,0.05587908625602722,,,0.0,0.0,0.03463264614581428,0,0,6,0,0,0.0,0,6,0,,,,,0.8188923263803441,,,,,
trial_0002,28,eval,,,,,,,0.47368421052631576,1.6202580411183205,,,,,,,,,,,,,,,,,,,,,,
trial_0002,28,global,,,,0.23643709205846564,-0.03411005215899511,,,,,,,0,0,6,0,0,0.0,0,6,0,27,,0.10835913312693499,9.048287080463611,,,-0.8,1,0.8,1
trial_0002,29,train,,,0.25033844087986235,,,0.057726567095898566,,,0.0,0.0,0.03381154719106061,0,0,6,0,0,0.0,0,6,0,,,,,0.7525840144208137,,,,,
trial_0002,29,eval,,,,,,,0.47368421052631576,1.6354952031060268,,,,,,,,,,,,,,,,,,,,,,
trial_0002,29,global,,,,0.23932956996544152,-0.03565572871916965,,,,,,,0,0,6,0,0,0.0,0,6,0,27,,0.10712074303405572,9.114392387460997,,,-0.8,1,0.8,1
trial_0002,30,train,,,0.25035695351184684,,,0.05937199770136082,,,0.0,0.0,0.03335629566077222,0,0,7,1,0,0.0,0,6,0,,,,,0.6900510764502464,,,,,
trial_0002,30,eval,0.42105263157894735,0.42105263157894735,,,,,,,,,,,,,,,,,,,,2.1052631578947367,,,,0.0,,,,
trial_0002,30,global,,,,0.24260297125737024,-0.03892913001109836,,,,,,,0,0,7,0,0,0.0,0,7,0,27,,0.10464396284829722,9.345695646776134,,,-0.8,1,0.8,1
trial_0002,31,train,,,0.250375804114849,,,0.06115549612552562,,,0.0,0.0,0.03242320627211891,0,0,8,1,0,0.0,0,7,0,,,,,0.6349470522809536,,,,,
trial_0002,31,eval,0.42105263157894735,0.42105263157894735,,,,,,,,,,,,,,,,,,,,2.1052631578947367,,,,0.0,,,,
trial_0002,31,global,,,,0.24389910495137665,-0.040225263705104757,,,,,,,0,0,8,0,0,0.0,0,8,0,27,,0.10340557275541795,9.596467283266616,,,-0.8,1,0.8,1
trial_0002,32,train,,,0.25040592158094366,,,0.06282110163506041,,,0.0,0.0,0.031794559269984986,0,0,8,0,0,0.0,0,8,0,,,,,0.5863806917312298,,,,,
trial_0002,32,eval,,,,,,,0.5263157894736842,1.6228465155551306,,,,,,,,,,,,,,,,,,,,,,
trial_0002,32,global,,,,0.24220728967931446,-0.03802609176130233,,,,,,,0,0,8,0,0,0.0,0,8,0,27,,0.10588235294117647,9.873903325320029,,,-0.8,1,0.8,1
trial_0002,33,train,,,0.25043721592172663,,,0.06500579385047263,,,0.0,0.0,0.031025273693685837,0,0,9,1,0,0.0,0,8,0,,,,,0.5425423353276354,,,,,
trial_0002,33,eval,0.47368421052631576,0.47368421052631576,,,,,,,,,,,,,,,,,,,,2.1052631578947367,,,,0.2631578947368421,,,,
trial_0002,33,global,,,,0.24608595747205997,-0.027244265726887366,,,,,,,1,1,9,0,0,0.25,1,8,0,27,,0.11269349845201239,5.244504289656601,,,-0.8,1,0.8,1
trial_0002,34,train,,,0.2505272694780857,,,0.0692826569834842,,,0.0,0.0,0.02914397007066616,1,1,9,0,0,0.25,1,8,0,,,,,0.5082638905018191,,,,,
trial_0002,34,eval,,,,,,,0.5789473684210527,1.652588089829997,,,,,,,,,,,,,,,,,,,,,,
trial_0002,34,global,,,,0.259835369046383,-0.03383143315266487,,,,,,,1,1,9,0,0,0.25,1,8,0,27,,0.10897832817337462,10.438631883272814,,,-0.8,1,0.8,1
trial_0002,35,train,,,0.2505071058552316,,,0.06754275585742707,,,0.0,0.0,0.03322657580546877,1,1,9,0,0,0.25,1,8,0,,,,,0.4891013302067493,,,,,
trial_0002,35,eval,,,,,,,0.5263157894736842,1.62736544797295,,,,,,,,,,,,,,,,,,,,,,
trial_0002,35,global,,,,0.25841628143364687,-0.03241234553992877,,,,,,,1,0,9,0,0,0.25,0,8,1,27,,0.1108359133126935,10.22285451032798,,,-0.8,1,0.8,1
trial_0002,36,train,,,0.25054001174074536,,,0.06918336102303038,,,0.0,0.0,0.032078147869794925,1,0,10,1,0,0.25,0,8,1,,,,,0.4921505441691013,,,,,
trial_0002,36,eval,0.5263157894736842,0.5263157894736842,,,,,,,,,,,,,,,,,,,,2.1052631578947367,,,,0.0,,,,
trial_0002,36,global,,,,0.25973381393851686,-0.03372987804479876,,,,,,,1,0,10,0,0,0.0,0,9,1,27,,0.11021671826625387,10.591676432134197,,,-0.8,1,0.8,1
trial_0002,37,train,,,0.25059582134510605,,,0.07191958516202074,,,0.0,0.0,0.030897273798968568,1,0,10,0,0,0.0,0,9,1,,,,,0.4495605736019763,,,,,
trial_0002,37,eval,,,,,,,0.5263157894736842,1.6282004400303487,,,,,,,,,,,,,,,,,,,,,,
trial_0002,37,global,,,,0.25581945801690936,-0.029815522123191236,,,,,,,1,0,10,0,0,0.0,0,9,1,27,,0.11393188854489164,10.54726084658974,,,-0.8,1,0.8,1
trial_0002,38,train,,,0.2506543080857459,,,0.07350477576255798,,,0.0,0.0,0.030719288692195368,1,0,11,1,0,0.0,0,9,1,,,,,0.4194571774690709,,,,,
trial_0002,38,eval,0.47368421052631576,0.42105263157894735,,,,,,,,,,,,,,,,,,,,2.1052631578947367,,,,0.15789473684210525,,,,
trial_0002,38,global,,,,0.2671089484860939,-0.03470354940078911,,,,,,,2,1,11,0,0,0.25,1,9,1,27,,0.11145510835913312,6.968638223465013,,,-0.8,1,0.8,1
trial_0002,39,train,,,0.2506581974881036,,,0.06590441720826284,,,0.0,0.0,0.03384788822648781,2,1,11,0,0,0.25,1,9,1,,,,,0.4369719987256186,,,,,
trial_0002,39,eval,,,,,,,0.47368421052631576,1.6646970541853652,,,,,,,,,,,,,,,,,,,,,,
trial_0002,39,global,,,,0.2641308651306877,-0.031322889555849914,,,,,,,2,0,11,0,0,0.25,0,9,2,27,,0.10712074303405572,10.86229421420732,,,-0.8,1,0.8,1
trial_0002,40,train,,,0.2507572697198137,,,0.0775974044140349,,,0.0,0.0,0.029672704201112406,2,0,12,1,0,0.25,0,9,2,,,,,0.38525618549357066,,,,,
trial_0002,40,eval,0.42105263157894735,0.3684210526315789,,,,,,,,,,,,,,,,,,,,2.1052631578947367,,,,0.5263157894736842,,,,
trial_0002,40,global,,,,0.3391026513479513,-0.08991290939134718,,,,,,,3,1,12,0,0,0.5,1,9,2,27,,0.039628482972136225,7.316803654059537,,,-0.8421052631578947,22,0.9545454545454546,18
trial_0002,41,train,,,0.2507355855061458,,,0.07037840134058243,,,0.0,0.0,0.03232880296090093,3,1,12,0,0,0.5,1,9,2,,,,,0.3895617192754379,,,,,
trial_0002,41,eval,,,,,,,0.5789473684210527,1.8325742867432142,,,,,,,,,,,,,,,,,,,,,,
trial_0002,41,global,,,,0.2816947840726305,-0.027791237402221638,,,,,,,3,1,12,0,0,0.5,1,9,2,27,,0.11640866873065016,11.404937800829625,,,-0.8,1,0.8,1
trial_0002,42,train,,,0.25086836168106563,,,0.07861582269059851,,,0.0,0.0,0.03003054458073321,3,1,12,0,0,0.5,1,9,2,,,,,0.3569824529138017,,,,,
trial_0002,42,eval,,,,,,,0.42105263157894735,1.8115131855010986,,,,,,,,,,,,,,,,,,,,,,
trial_0002,42,global,,,,0.2796658491903339,-0.02576230251992502,,,,,,,3,0,12,0,0,0.5,0,9,3,27,,0.11702786377708978,10.934472847575373,,,-0.8,1,0.8,1
trial_0002,43,train,,,0.2508846052149509,,,0.0814922312472729,,,0.0,0.0,0.03053247917919083,3,0,13,1,0,0.5,0,9,3,,,,,0.35059810391765955,,,,,
trial_0002,43,eval,0.5789473684210527,0.47368421052631576,,,,,,,,,,,,,,,,,,,,2.1052631578947367,,,,0.42105263157894735,,,,
trial_0002,43,global,,,,0.31983864322764455,-0.057883566766575446,,,,,,,4,1,13,0,0,0.5,1,9,3,27,,0.07863777089783282,5.76656625706345,,,-0.8,1,0.8,1
trial_0002,44,train,,,0.25098149233226535,,,0.08627272708506524,,,0.0,0.0,0.02658921305231656,4,1,13,0,0,0.5,1,9,3,,,,,0.31152552109730397,,,,,
trial_0002,44,eval,,,,,,,0.5263157894736842,1.7368136377711043,,,,,,,,,,,,,,,,,,,,,,
trial_0002,44,global,,,,0.29468883040493477,-0.03273375394386564,,,,,,,4,1,13,0,0,0.5,1,9,3,27,,0.10959752321981424,11.653148365316007,,,-0.8,1,0.8,1
trial_0002,45,train,,,0.2509584493459539,,,0.08139116206067673,,,0.0,0.0,0.030326035390905247,4,1,13,0,0,0.5,1,9,3,,,,,0.28965522459846865,,,,,
trial_0002,45,eval,,,,,,,0.6842105263157894,1.784608588406914,,,,,,,,,,,,,,,,,,,,,,
trial_0002,45,global,,,,0.2871061714426459,-0.025151094981576763,,,,,,,4,1,13,0,0,0.5,1,9,3,27,,0.11702786377708978,11.801170717599591,,,-0.8,1,0.8,1
trial_0002,46,train,,,0.2509962301305,,,0.08104118768205033,,,0.0,0.0,0.02656793653905551,4,1,13,0,0,0.5,1,9,3,,,,,0.26796288230317705,,,,,
trial_0002,46,eval,,,,,,,0.5263157894736842,1.9119701181587418,,,,,,,,,,,,,,,,,,,,,,
trial_0002,46,global,,,,0.2957098049427908,-0.033754728481721695,,,,,,,4,0,13,0,0,0.5,0,9,4,27,,0.10835913312693499,11.871644837937488,,,-0.8,1,0.8,1
trial_0002,47,train,,,0.2509953734722543,,,0.08543956152936244,,,0.0,0.0,0.030775646165885195,4,0,14,1,0,0.5,0,9,4,,,,,0.3103804593073561,,,,,
trial_0002,47,eval,0.47368421052631576,0.47368421052631576,,,,,,,,,,,,,,,,,,,,2.1052631578947367,,,,0.2631578947368421,,,,
trial_0002,47,global,,,,0.3216171411525683,-0.05966206469149918,,,,,,,5,1,14,0,0,0.25,1,9,4,27,,0.07430340557275542,6.602093387757292,,,-0.8421052631578947,22,0.8421052631578947,22
trial_0002,48,train,,,0.2509058471335921,,,0.07581296077994414,,,0.0,0.0,0.026186594661585124,5,1,14,0,0,0.25,1,9,4,,,,,0.23594078594862028,,,,,
trial_0002,48,eval,,,,,,,0.6842105263157894,1.812396559276079,,,,,,,,,,,,,,,,,,,,,,
trial_0002,48,global,,,,0.2902040519675421,-0.027234262162992542,,,,,,,5,1,14,0,0,0.25,1,9,4,27,,0.11764705882352941,12.525845266052812,,,-0.8,1,0.8,1
trial_0002,49,train,,,0.2510937087713404,,,0.08213424428980401,,,0.0,0.0,0.02905405957965141,5,1,14,0,0,0.25,1,9,4,,,,,0.2668260004926235,,,,,
trial_0002,49,eval,,,,,,,0.631578947368421,1.8779780535321486,,,,,,,,,,,,,,,,,,,,,,
trial_0002,49,global,,,,0.2882933269844339,-0.025323537179884278,,,,,,,5,0,14,0,0,0.25,0,9,5,27,,0.11640866873065016,12.393218668178877,,,-0.8,1,0.8,1
trial_0002,50,train,,,0.2511159397186117,,,0.0866698996817812,,,0.0,0.0,0.032159555497321676,5,0,15,1,0,0.25,0,9,5,,,,,0.28452834810348265,,,,,
trial_0002,50,eval,0.5263157894736842,0.5263157894736842,,,,,,,,,,,,,,,,,,,,2.1052631578947367,,,,0.15789473684210525,,,,
trial_0002,50,global,,,,0.31645392949141793,-0.05187383372873636,,,,,,,6,1,15,0,0,0.25,1,9,5,27,,0.08978328173374613,5.541236655409491,,,-0.8,1,0.8,1
trial_0002,51,train,,,0.2510561465452879,,,0.07968440575477405,,,0.0,0.0,0.029291814779385163,6,1,15,0,0,0.25,1,9,5,,,,,0.25017167843687227,,,,,
trial_0002,51,eval,,,,,,,0.631578947368421,2.0599816739559174,,,,,,,,,,,,,,,,,,,,,,
trial_0002,51,global,,,,0.29062325131791106,-0.024696354208428077,,,,,,,6,1,15,0,0,0.25,1,9,5,27,,0.11702786377708978,12.160402714873983,,,-0.8,1,0.8,1
trial_0002,52,train,,,0.251242421725963,,,0.08386719607292338,,,0.0,0.0,0.02919134110846418,6,1,15,0,0,0.25,1,9,5,,,,,0.25581947189379245,,,,,
trial_0002,52,eval,,,,,,,0.631578947368421,1.9278760317124817,,,,,,,,,,,,,,,,,,,,,,
trial_0002,52,global,,,,0.30051712050707885,-0.03459022339759587,,,,,,,6,1,15,0,0,0.25,1,9,5,27,,0.10773993808049535,12.774833112309222,,,-0.8,1,0.8,1
trial_0002,53,train,,,0.2512935666327781,,,0.08377682274960456,,,0.0,0.0,0.025598355877074475,6,1,15,0,0,0.25,1,9,5,,,,,0.21498407253876645,,,,,
trial_0002,53,eval,,,,,,,0.5263157894736842,1.9642402764997984,,,,,,,,,,,,,,,,,,,,,,
trial_0002,53,global,,,,0.2901166470642446,-0.024189749954761627,,,,,,,6,0,15,0,0,0.25,0,9,6,27,,0.11826625386996904,12.614101213862652,,,-0.8,1,0.8,1
trial_0002,54,train,,,0.2513175406988631,,,0.09239708489560067,,,0.0,0.0,0.029213507403124207,6,0,16,1,0,0.25,0,9,6,,,,,0.24197828443126473,,,,,
trial_0002,54,eval,0.5789473684210527,0.631578947368421,,,,,,,,,,,,,,,,,,,,2.1052631578947367,,,,0.0,,,,
trial_0002,54,global,,,,0.2980542532159969,-0.032127356106513905,,,,,,,6,0,16,0,0,0.0,0,10,6,27,,0.10959752321981424,12.015306951091755,,,-0.8,1,0.8,1
trial_0002,55,train,,,0.2513690191380521,,,0.09080153196416002,,,0.0,0.0,0.028329074674067978,6,0,17,1,0,0.0,0,10,6,,,,,0.22891065728791216,,,,,
trial_0002,55,eval,0.3157894736842105,0.42105263157894735,,,,,,,,,,,,,,,,,,,,2.1052631578947367,,,,0.0,,,,
trial_0002,55,global,,,,0.29586551205559725,-0.029938614946114286,,,,,,,6,0,17,0,0,0.0,0,11,6,27,,0.11269349845201239,12.43142524931822,,,-0.8,1,0.8,1
trial_0002,56,train,,,0.25143671257698785,,,0.09367474723369516,,,0.0,0.0,0.02770487371871763,6,0,18,1,0,0.0,0,11,6,,,,,0.2186548534701479,,,,,
trial_0002,56,eval,0.47368421052631576,0.47368421052631576,,,,,,,,,,,,,,,,,,,,2.1052631578947367,,,,0.15789473684210525,,,,
trial_0002,56,global,,,,0.3591794108606481,-0.0856035604500379,,,,,,,7,1,18,0,0,0.25,1,11,6,27,,0.060061919504643964,7.800156955305637,,,-0.8,1,0.8,1
trial_0002,57,train,,,0.25152444711753297,,,0.08197954211916242,,,0.0,0.0,0.029131651093651144,7,1,18,0,0,0.25,1,11,6,,,,,0.23885015428066256,,,,,
trial_0002,57,eval,,,,,,,0.5789473684210527,1.9144309006239237,,,,,,,,,,,,,,,,,,,,,,
trial_0002,57,global,,,,0.3005950117968347,-0.02701916138622451,,,,,,,7,1,18,0,0,0.25,1,11,6,27,,0.1108359133126935,12.358284776055775,,,-0.8,1,0.8,1
trial_0002,58,train,,,0.2515397912010234,,,0.08657649730114227,,,0.0,0.0,0.025598973187895377,7,1,18,0,0,0.25,1,11,6,,,,,0.17981796106125444,,,,,
trial_0002,58,eval,,,,,,,0.631578947368421,1.8722008670631205,,,,,,,,,,,,,,,,,,,,,,
trial_0002,58,global,,,,0.30142903145658295,-0.027853181045972765,,,,,,,7,1,18,0,0,0.25,1,11,6,27,,0.11331269349845201,13.100284956704721,,,-0.8,1,0.8,1
trial_0002,59,train,,,0.25158725647216146,,,0.08860934795217311,,,0.0,0.0,0.023257292423179338,7,1,18,0,0,0.25,1,11,6,,,,,0.189260681512508,,,,,
trial_0002,59,eval,,,,,,,0.5789473684210527,1.903125375509262,,,,,,,,,,,,,,,,,,,,,,
trial_0002,59,global,,,,0.30675622266091007,-0.03318037225029987,,,,,,,7,0,18,0,0,0.25,0,11,7,27,,0.10402476780185758,13.151918880120151,,,-0.8,1,0.8,1
trial_0002,60,train,,,0.2515970084895479,,,0.09278349419857593,,,0.0,0.0,0.029460550976441582,7,0,19,1,0,0.25,0,11,7,,,,,0.19593852633174427,,,,,
trial_0002,60,eval,0.5789473684210527,0.5789473684210527,,,,,,,,,,,,,,,,,,,,2.1052631578947367,,,,0.0,,,,
trial_0002,60,global,,,,0.2988556737410967,-0.02527982333048649,,,,,,,7,0,19,0,0,0.0,0,12,7,27,,0.11702786377708978,13.065394365529158,,,-0.8,1,0.8,1
trial_0002,61,train,,,0.25164164507642706,,,0.09293239928306417,,,0.0,0.0,0.02427084972249701,7,0,20,1,0,0.0,0,12,7,,,,,0.17155992101798667,,,,,
trial_0002,61,eval,0.47368421052631576,0.47368421052631576,,,,,,,,,,,,,,,,,,,,2.1052631578947367,,,,0.0,,,,
trial_0002,61,global,,,,0.30198847357113906,-0.02841262316052887,,,,,,,7,0,20,0,0,0.0,0,13,7,27,,0.11021671826625387,12.951550160694417,,,-0.8,1,0.8,1
trial_0002,62,train,,,0.2516847126027371,,,0.0931930732219777,,,0.0,0.0,0.02476826519309048,7,0,21,1,0,0.0,0,13,7,,,,,0.1673239310054069,,,,,
trial_0002,62,eval,0.5263157894736842,0.5263157894736842,,,,,,,,,,,,,,,,,,,,2.1052631578947367,,,,0.0,,,,
trial_0002,62,global,,,,0.29696973380789077,-0.02339388339728054,,,,,,,7,0,21,0,0,0.0,0,14,7,27,,0.11764705882352941,13.080879471250363,,,-0.8,1,0.8,1
trial_0002,63,train,,,0.2517276231912856,,,0.09186087897483339,,,0.0,0.0,0.021477729191092105,7,0,22,1,0,0.0,0,14,7,,,,,0.14740589159600276,,,,,
trial_0002,63,eval,0.3684210526315789,0.3684210526315789,,,,,,,,,,,,,,,,,,,,2.1052631578947367,,,,0.2631578947368421,,,,
trial_0002,63,global,,,,0.30172348310529185,-0.02814763269468166,,,,,,,8,1,22,0,0,0.25,1,14,7,27,,0.10835913312693499,7.362523391298465,,,-0.8,1,0.8,1
trial_0002,64,train,,,0.25214035596166334,,,0.1086468393840487,,,0.0,0.0,0.027726194265461163,8,1,22,0,0,0.25,1,14,7,,,,,0.1740278219183286,,,,,
trial_0002,64,eval,,,,,,,0.5263157894736842,1.9829590548025933,,,,,,,,,,,,,,,,,,,,,,
trial_0002,64,global,,,,0.2945874056225671,-0.016971151171552856,,,,,,,8,0,22,0,0,0.25,0,14,8,27,,0.1256965944272446,12.485072085731908,,,-0.8,1,0.8,1
trial_0002,65,train,,,0.25177235077036186,,,0.09200036652544712,,,0.0,0.0,0.021926641382990365,8,0,22,0,0,0.25,0,14,8,,,,,0.13840200184507573,,,,,
trial_0002,65,eval,,,,,,,0.631578947368421,1.8926292799021067,,,,,,,,,,,,,,,,,,,,,,
trial_0002,65,global,,,,0.30019826419408985,-0.022582009743075608,,,,,,,8,0,22,0,0,0.25,0,14,8,27,,0.11764705882352941,13.262124917234061,,,-0.8,1,0.8,1
trial_0002,66,train,,,0.25180225644973997,,,0.0891395629720485,,,0.0,0.0,0.02003435079464095,8,0,22,0,0,0.25,0,14,8,,,,,0.11653404327783178,,,,,
trial_0002,66,eval,,,,,,,0.5789473684210527,1.867950037906044,,,,,,,,,,,,,,,,,,,,,,
trial_0002,66,global,,,,0.29812784700559036,-0.020511592554576092,,,,,,,8,0,22,0,0,0.25,0,14,8,27,,0.12012383900928793,13.41285162769235,,,-0.8,1,0.8,1
trial_0002,67,train,,,0.2518488951820008,,,0.09040066282799902,,,0.0,0.0,0.019750721651461335,8,0,23,1,0,0.25,0,14,8,,,,,0.11620311829796498,,,,,
trial_0002,67,eval,0.5263157894736842,0.47368421052631576,,,,,,,,,,,,,,,,,,,,2.1052631578947367,,,,0.15789473684210525,,,,
trial_0002,67,global,,,,0.2996712154232314,-0.022054960972217194,,,,,,,9,1,23,0,0,0.25,1,14,8,27,,0.1195046439628483,8.546848979749178,,,-0.8,1,0.8,1
trial_0002,68,train,,,0.2519538581371307,,,0.078017372744424,,,0.0,0.0,0.023729957608239996,9,1,23,0,0,0.25,1,14,8,,,,,0.15300985863166194,,,,,
trial_0002,68,eval,,,,,,,0.5789473684210527,1.8713080145810779,,,,,,,,,,,,,,,,,,,,,,
trial_0002,68,global,,,,0.29101056444986606,-0.013394309998851843,,,,,,,9,1,23,0,0,0.25,1,14,8,27,,0.12198142414860681,12.632985585688068,,,-0.8,1,0.8,1
trial_0002,69,train,,,0.2519703206229717,,,0.09428300502452444,,,0.0,0.0,0.02370411848867352,9,1,23,0,0,0.25,1,14,8,,,,,0.1771929271202138,,,,,
trial_0002,69,eval,,,,,,,0.5263157894736842,1.7338209316918722,,,,,,,,,,,,,,,,,,,,,,
trial_0002,69,global,,,,0.2980185014654686,-0.02040224701445436,,,,,,,9,0,23,0,0,0.25,0,14,9,27,,0.11640866873065016,12.425226189108455,,,-0.8,1,0.8,1
trial_0002,70,train,,,0.25195711470664817,,,0.09340204330200844,,,0.0,0.0,0.01900530984325513,9,0,24,1,0,0.25,0,14,9,,,,,0.11219366023990701,,,,,
trial_0002,70,eval,0.47368421052631576,0.5263157894736842,,,,,,,,,,,,,,,,,,,,2.1052631578947367,,,,0.0,,,,
trial_0002,70,global,,,,0.2944685306997414,-0.016852276248727167,,,,,,,9,0,24,0,0,0.0,0,15,9,27,,0.1238390092879257,13.517239857015227,,,-0.8,1,0.8,1
trial_0002,71,train,,,0.25200360759775686,,,0.09687394030550692,,,0.0,0.0,0.01744502064793004,9,0,25,1,0,0.0,0,15,9,,,,,0.10533660616963467,,,,,
trial_0002,71,eval,0.47368421052631576,0.47368421052631576,,,,,,,,,,,,,,,,,,,,2.1052631578947367,,,,0.0,,,,
trial_0002,71,global,,,,0.2947907843651069,-0.01650112924069201,,,,,,,9,0,25,0,0,0.0,0,16,9,27,,0.12260061919504645,12.800311865083204,,,-0.8,1,0.8,1
trial_0002,72,train,,,0.25203909075006525,,,0.09404031900649375,,,0.0,0.0,0.019120605150237682,9,0,26,1,0,0.0,0,16,9,,,,,0.11626898932488675,,,,,
trial_0002,72,eval,0.631578947368421,0.631578947368421,,,,,,,,,,,,,,,,,,,,2.1052631578947367,,,,0.0,,,,
trial_0002,72,global,,,,0.2907727016090081,-0.012483046484593183,,,,,,,9,0,26,0,0,0.0,0,17,9,27,,0.1281733746130031,12.825777291218193,,,-0.8,1,0.8,1
trial_0002,73,train,,,0.25210440602708367,,,0.09964040492443327,,,0.0,0.0,0.016400180432692844,9,0,27,1,0,0.0,0,17,9,,,,,0.133071395429842,,,,,
trial_0002,73,eval,0.42105263157894735,0.42105263157894735,,,,,,,,,,,,,,,,,,,,2.1052631578947367,,,,0.0,,,,
trial_0002,73,global,,,,0.29721126012860455,-0.016901402983987627,,,,,,,9,0,27,0,0,0.0,0,18,9,27,,0.12136222910216718,12.076462528949182,,,-0.8,1,0.8,1
trial_0002,74,train,,,0.252140667210234,,,0.09360531162708363,,,0.0,0.0,0.02309686739413821,9,0,27,0,0,0.0,0,18,9,,,,,0.13023891563111165,,,,,
trial_0002,74,eval,,,,,,,0.631578947368421,1.8068572459252257,,,,,,,,,,,,,,,,,,,,,,
trial_0002,74,global,,,,0.28854734284001565,-0.008237485695398757,,,,,,,9,0,27,0,0,0.0,0,18,9,27,,0.13312693498452013,13.019043578156746,,,-0.8,1,0.8,1
trial_0002,75,train,,,0.2521908711245719,,,0.09844371486217418,,,0.0,0.0,0.015491529783367756,9,0,27,0,0,0.0,0,18,9,,,,,0.09863953202408045,,,,,
trial_0002,75,eval,,,,,,,0.5789473684210527,1.8514368502717267,,,,,,,,,,,,,,,,,,,,,,
trial_0002,75,global,,,,0.2918845520863483,-0.010901294268330695,,,,,,,9,0,27,0,0,0.0,0,18,9,27,,0.12693498452012383,12.267210019705097,,,-0.8,1,0.8,1
trial_0002,76,train,,,0.25223575659254766,,,0.09317839018842007,,,0.0,0.0,0.020390893759186124,9,0,27,0,0,0.0,0,18,9,,,,,0.10556814792625449,,,,,
trial_0002,76,eval,,,,,,,0.631578947368421,1.799430612082544,,,,,,,,,,,,,,,,,,,,,,
trial_0002,76,global,,,,0.2950384543857793,-0.01405519656776173,,,,,,,9,0,27,0,0,0.0,0,18,9,27,,0.12879256965944272,13.118407910231836,,,-0.8,1,0.8,1
trial_0002,77,train,,,0.25228809073884434,,,0.09593835029196232,,,0.0,0.0,0.013954523696992648,9,0,28,1,0,0.0,0,18,9,,,,,0.08485455450780213,,,,,
trial_0002,77,eval,0.5263157894736842,0.5263157894736842,,,,,,,,,,,,,,,,,,,,2.1052631578947367,,,,0.0,,,,
trial_0002,77,global,,,,0.2940459125496322,-0.013062654731614623,,,,,,,9,0,28,0,0,0.0,0,19,9,27,,0.12445820433436533,12.2706248469397,,,-0.8,1,0.8,1
trial_0002,78,train,,,0.2523344219365018,,,0.09164790143357947,,,0.0,0.0,0.016284821950520906,9,0,29,1,0,0.0,0,19,9,,,,,0.07476648943538361,,,,,
trial_0002,78,eval,0.5263157894736842,0.5263157894736842,,,,,,,,,,,,,,,,,,,,2.1052631578947367,,,,0.0,,,,
trial_0002,78,global,,,,0.29630366972784933,-0.01532041190983174,,,,,,,9,0,29,0,0,0.0,0,20,9,27,,0.12507739938080495,12.91465752663627,,,-0.8,1,0.8,1
trial_0002,79,train,,,0.2523754828787864,,,0.09406985627843978,,,0.0,0.0,0.011696366580485545,9,0,30,1,0,0.0,0,20,9,,,,,0.07497660191927819,,,,,
trial_0002,79,eval,0.5789473684210527,0.5789473684210527,,,,,,,,,,,,,,,,,,,,2.1052631578947367,,,,0.0,,,,
trial_0002,79,global,,,,0.2941937962497556,-0.011190336411536047,,,,,,,9,0,30,0,0,0.0,0,21,9,27,,0.12693498452012383,12.102710324691914,,,-0.8,1,0.8,1
trial_0002,80,train,,,0.2523987033265702,,,0.08902413794334899,,,0.0,0.0,0.014156643653900285,9,0,31,1,0,0.0,0,21,9,,,,,0.05778930502686094,,,,,
trial_0002,80,eval,0.5789473684210527,0.5789473684210527,,,,,,,,,,,,,,,,,,,,2.1052631578947367,,,,0.0,,,,
trial_0002,80,global,,,,0.2992445578341856,-0.016241097995966024,,,,,,,9,0,31,0,0,0.0,0,22,9,27,,0.12445820433436533,13.14845036367883,,,-0.8,1,0.8,1
trial_0002,81,train,,,0.2524530443739384,,,0.09323076111205081,,,0.0,0.0,0.010159554062881805,9,0,32,1,0,0.0,0,22,9,,,,,0.07338609853957562,,,,,
trial_0002,81,eval,0.42105263157894735,0.42105263157894735,,,,,,,,,,,,,,,,,,,,2.1052631578947367,,,,0.0,,,,
trial_0002,81,global,,,,0.2951113484685994,-0.011434487956979088,,,,,,,9,0,32,0,0,0.0,0,23,9,27,,0.12693498452012383,12.209790948448536,,,-0.8,1,0.8,1
trial_0002,82,train,,,0.25246766463239145,,,0.08884116309754392,,,0.0,0.0,0.013361980742805868,9,0,32,0,0,0.0,0,23,9,,,,,0.052821028549620445,,,,,
trial_0002,82,eval,,,,,,,0.631578947368421,1.8939470146831712,,,,,,,,,,,,,,,,,,,,,,
trial_0002,82,global,,,,0.30040218123939905,-0.016725320727778808,,,,,,,9,0,32,0,0,0.0,0,23,9,27,,0.12445820433436533,13.246144977959316,,,-0.8,1,0.8,1
trial_0002,83,train,,,0.25252544372639757,,,0.0898247221682934,,,0.0,0.0,0.009679539924818141,9,0,32,0,0,0.0,0,23,9,,,,,0.06451140991313026,,,,,
trial_0002,83,eval,,,,,,,0.631578947368421,1.7391289888243924,,,,,,,,,,,,,,,,,,,,,,
trial_0002,83,global,,,,0.2938704094261198,-0.010193548914499518,,,,,,,9,0,32,0,0,0.0,0,23,9,27,,0.12879256965944272,12.890062612055257,,,-0.8,1,0.8,1
trial_0002,84,train,,,0.25255449401571395,,,0.08782337066975046,,,0.0,0.0,0.01071861926537438,9,0,32,0,0,0.0,0,23,9,,,,,0.04947797246277333,,,,,
trial_0002,84,eval,,,,,,,0.631578947368421,1.9099877366894167,,,,,,,,,,,,,,,,,,,,,,
trial_0002,84,global,,,,0.30252527284504205,-0.01884841233342176,,,,,,,9,0,32,0,0,0.0,0,23,9,27,,0.12136222910216718,13.518710190150022,,,-0.8,1,0.8,1
trial_0002,85,train,,,0.2525918778586895,,,0.08841487575084604,,,0.0,0.0,0.008960389074862643,9,0,33,1,0,0.0,0,23,9,,,,,0.053681043032160466,,,,,
trial_0002,85,eval,0.47368421052631576,0.47368421052631576,,,,,,,,,,,,,,,,,,,,2.1052631578947367,,,,0.0,,,,
trial_0002,85,global,,,,0.2952711372209561,-0.011594276709335856,,,,,,,9,0,33,0,0,0.0,0,24,9,27,,0.12755417956656348,13.24987402287061,,,-0.8,1,0.8,1
trial_0002,86,train,,,0.2526206776816794,,,0.08751826717498452,,,0.0,0.0,0.00961350618025345,9,0,34,1,0,0.0,0,24,9,,,,,0.04457067681000905,,,,,
trial_0002,86,eval,0.5263157894736842,0.5263157894736842,,,,,,,,,,,,,,,,,,,,2.1052631578947367,,,,0.0,,,,
trial_0002,86,global,,,,0.30221863506310453,-0.018541774551484234,,,,,,,9,0,34,0,0,0.0,0,25,9,27,,0.12260061919504645,13.641255268297698,,,-0.8,1,0.8,1
trial_0002,87,train,,,0.25264796519533117,,,0.08874246351262355,,,0.0,0.0,0.008107864243975974,9,0,35,1,0,0.0,0,25,9,,,,,0.047229004035049926,,,,,
trial_0002,87,eval,0.5263157894736842,0.5789473684210527,,,,,,,,,,,,,,,,,,,,2.1052631578947367,,,,0.0,,,,
trial_0002,87,global,,,,0.2963668921108372,-0.012690031599216937,,,,,,,9,0,35,0,0,0.0,0,26,9,27,,0.12693498452012383,12.941059525906118,,,-0.8,1,0.8,1
trial_0002,88,train,,,0.25266096883631767,,,0.088879202274566,,,0.0,0.0,0.010842369145022068,9,0,36,1,0,0.0,0,26,9,,,,,0.05439141954473676,,,,,
trial_0002,88,eval,0.5789473684210527,0.5789473684210527,,,,,,,,,,,,,,,,,,,,2.1052631578947367,,,,0.0,,,,
trial_0002,88,global,,,,0.29588331569917736,-0.012206455187557077,,,,,,,9,0,36,0,0,0.0,0,27,9,27,,0.12879256965944272,13.291552238346254,,,-0.8,1,0.8,1
trial_0002,89,train,,,0.25267945578757756,,,0.08772687455441089,,,0.0,0.0,0.00815317780281011,9,0,36,0,0,0.0,0,27,9,,,,,0.048011350114532614,,,,,
trial_0002,89,eval,,,,,,,0.6842105263157894,1.8811178601493959,,,,,,,,,,,,,,,,,,,,,,
trial_0002,89,global,,,,0.29373751740443776,-0.01006065689281748,,,,,,,9,0,36,0,0,0.0,0,27,9,27,,0.13003095975232198,13.200174252536645,,,-0.8,1,0.8,1
trial_0002,90,train,,,0.25268620252609253,,,0.08638254061658332,,,0.0,0.0,0.008815220629711552,9,0,36,0,0,0.0,0,27,9,,,,,0.03920961500621063,,,,,
trial_0002,90,eval,,,,,,,0.631578947368421,2.060792121251947,,,,,,,,,,,,,,,,,,,,,,
trial_0002,90,global,,,,0.294544753096929,-0.010867892585308715,,,,,,,9,0,36,0,0,0.0,0,27,9,27,,0.13003095975232198,13.417200344782495,,,-0.8,1,0.8,1
trial_0003,1,train,,,0.2504132412656953,,,0.011868489941558504,,,0.0,0.0,0.002826578910698489,0,0,0,0,0,,0,0,0,,,,,2.1983641066128694,,,,,
trial_0003,1,eval,,,,,,,0.3529411764705882,2.188349765889785,,,,,,,,,,,,,,,,,,,,,,
trial_0003,1,global,,,,,,,,,,,,0,0,0,0,0,,0,0,0,9,,0.12421052631578948,2.1968990797745556,,,,,,
trial_0003,2,train,,,0.25035768332360664,,,0.01406170710732665,,,0.0,0.0,0.0214030128626648,0,0,0,0,0,,0,0,0,,,,,2.168162265910378,,,,,
trial_0003,2,eval,,,,,,,0.11764705882352941,2.177982386420755,,,,,,,,,,,,,,,,,,,,,,
trial_0003,2,global,,,,0.015637860082304538,-0.004744613894940704,,,,,,,0,0,0,0,0,,0,0,0,9,,0.12,2.1961992504722194,,,-0.07407407407407407,3,0.07407407407407407,3
trial_0003,3,train,,,0.2503510781481296,,,0.01924700752089295,,,0.0,0.0,0.02170926388529943,0,0,0,0,0,,0,0,0,,,,,2.090293217912505,,,,,
trial_0003,3,eval,,,,,,,0.058823529411764705,2.143264153424431,,,,,,,,,,,,,,,,,,,,,,
trial_0003,3,global,,,,0.032195594287097555,-0.021302348099733723,,,,,,,0,0,0,0,0,,0,0,0,9,,0.1031578947368421,2.2272774606002006,,,-0.11764705882352944,0,0.21568627450980393,0
trial_0003,4,train,,,0.25040744641159157,,,0.02692194443337525,,,0.0,0.0,0.02816349382783416,0,0,0,0,0,,0,0,0,,,,,1.9490112165861493,,,,,
trial_0003,4,eval,,,,,,,0.1764705882352941,2.1162471350501564,,,,,,,,,,,,,,,,,,,,,,
trial_0003,4,global,,,,0.05495037521181313,-0.004106364006298835,,,,,,,0,0,0,0,0,,0,0,0,9,,0.12210526315789473,2.2192954951838444,,,-0.22222222222222232,1,0.23529411764705882,0
trial_0003,5,train,,,0.2504481431804126,,,0.032629179426386386,,,0.0,0.0,0.025054998845569318,0,0,0,0,0,,0,0,0,,,,,1.7257267435894739,,,,,
trial_0003,5,eval,,,,,,,0.1764705882352941,2.1944685823777146,,,,,,,,,,,,,,,,,,,,,,
trial_0003,5,global,,,,0.05551571450132133,-0.004671703295807033,,,,,,,0,0,0,0,0,,0,0,0,9,,0.12,2.367111782274748,,,-0.13725490196078433,0,0.23529411764705882,0
trial_0003,6,train,,,0.2504485445686534,,,0.037865458598619776,,,0.0,0.0,0.030407291150923013,0,0,0,0,0,,0,0,0,,,,,1.6220426592645767,,,,,
trial_0003,6,eval,,,,,,,0.29411764705882354,2.161352711565354,,,,,,,,,,,,,,,,,,,,,,
trial_0003,6,global,,,,0.04313725490196079,0.07397775547802168,,,,,,,0,0,0,0,0,,0,0,0,9,,0.2,2.2995347660466243,,,-0.1568627450980392,0,0.2549019607843137,0
trial_0003,7,train,,,0.2504496008534975,,,0.04108201476592052,,,0.0,0.0,0.02801652445776176,0,0,0,0,0,,0,0,0,,,,,1.4610973590536962,,,,,
trial_0003,7,eval,,,,,,,0.4117647058823529,2.3282016655978035,,,,,,,,,,,,,,,,,,,,,,
trial_0003,7,global,,,,0.08211140371119523,0.04037995075480874,,,,,,,0,0,0,0,0,,0,0,0,9,,0.16842105263157894,2.5481757906863565,,,-0.13333333333333341,1,0.196078431372549,0
trial_0003,8,train,,,0.2504492296448237,,,0.04291179870502858,,,0.0,0.0,0.03686074523514585,0,0,0,0,0,,0,0,0,,,,,1.3338635494437399,,,,,
trial_0003,8,eval,,,,,,,0.4705882352941177,2.234362749492421,,,,,,,,,,,,,,,,,,,,,,
trial_0003,8,global,,,,0.062330241504537774,0.0601611129614662,,,,,,,0,0,0,0,0,,0,0,0,9,,0.18736842105263157,2.5606467367473402,,,-0.1777777777777778,1,0.1777777777777778,1
trial_0003,9,train,,,0.2504737618603284,,,0.0451020481465738,,,0.0,0.0,0.03682323060929776,0,0,1,1,0,,0,0,0,,,,,1.106621925306471,,,,,
trial_0003,9,eval,0.3529411764705882,0.3529411764705882,,,,,,,,,,,,,,,,,,,,2.8823529411764706,,,,0.0,,,,
trial_0003,9,global,,,,0.06604049861717023,0.058629505086306516,,,,,,,0,0,1,0,0,0.0,0,1,0,9,,0.1831578947368421,2.799555920299731,,,-0.1777777777777778,1,0.1777777777777778,1
trial_0003,10,train,,,0.25047925718222996,,,0.047535760115973553,,,0.0,0.0,0.03829880376593976,0,0,1,0,0,0.0,0,1,0,,,,,0.9933380088851422,,,,,
trial_0003,10,eval,,,,,,,0.411764705882353,2.2868475563385906,,,,,,,,,,,,,,,,,,,,,,
trial_0003,10,global,,,,0.06000280288685446,0.07146992190505766,,,,,,,0,0,1,0,0,0.0,0,1,0,9,,0.19789473684210526,2.8340922179975006,,,-0.24444444444444446,1,0.24444444444444446,1
trial_0003,11,train,,,0.2504043655340062,,,0.024854885111021442,,,0.0,0.0,0.04879257695879354,0,0,1,0,0,0.0,0,1,0,,,,,16.34607194412586,,,,,
trial_0003,11,eval,,,,,,,0.10526315789473684,4.635438191263299,,,,,,,,,,,,,,,,,,,,,,
trial_0003,11,global,,,,0.25310557546304474,-0.12163285067113266,,,,,,,0,0,1,0,0,0.0,0,1,0,18,,0.07368421052631578,6.339308656117563,,,-0.6888888888888889,1,0.6888888888888889,1
trial_0003,12,train,,,0.2503186455646227,,,0.03491766438927761,,,0.0,1.0,0.19662716419890872,0,0,1,0,0,0.0,0,1,0,,,,,3.193498351407605,,,,,
trial_0003,12,eval,,,,,,,0.05263157894736842,2.9490521707032853,,,,,,,,,,,,,,,,,,,,,,
trial_0003,12,global,,,,0.1485914475509549,-0.06120941925360247,,,,,,,0,0,1,0,0,0.0,0,1,0,18,,0.07177033492822966,5.001124174172799,,,-0.6000000000000001,1,0.6000000000000001,1
trial_0003,13,train,,,0.25030397207931027,,,0.033694983221763786,,,0.0,0.3488372093023256,0.0967326709177605,0,0,1,0,0,0.0,0,1,0,,,,,1.9365556876326715,,,,,
trial_0003,13,eval,,,,,,,0.10526315789473684,2.2442356661746374,,,,,,,,,,,,,,,,,,,,,,
trial_0003,13,global,,,,0.16523695300857832,-0.044628276691242724,,,,,,,0,0,1,0,0,0.0,0,1,0,18,,0.09473684210526316,4.863254146940971,,,-0.8,1,0.8,1
trial_0003,14,train,,,0.25027964368116024,,,0.03317978077156599,,,0.0,0.09302325581395349,0.06480031179827314,0,0,2,1,0,0.0,0,1,0,,,,,1.7134117077949433,,,,,
trial_0003,14,eval,0.15789473684210525,0.15789473684210525,,,,,,,,,,,,,,,,,,,,1.6842105263157894,,,,0.0,,,,
trial_0003,14,global,,,,0.16944336708335292,-0.03953196080601033,,,,,,,0,0,2,0,0,0.0,0,2,0,18,,0.10047846889952153,5.202665562150581,,,-0.8,1,0.8,1
trial_0003,15,train,,,0.2502771248651105,,,0.03441460777160733,,,0.09302325581395349,0.0,0.06236888220490412,0,0,2,0,0,0.0,0,2,0,,,,,1.5835118798322456,,,,,
trial_0003,15,eval,,,,,,,0.2631578947368421,1.965398876290572,,,,,,,,,,,,,,,,,,,,,,
trial_0003,15,global,,,,0.1755353324890438,-0.03249577458589702,,,,,,,0,0,2,0,0,0.0,0,2,0,18,,0.10622009569377991,4.949627684634268,,,-0.8,1,0.8,1
trial_0003,16,train,,,0.25028127241273257,,,0.03539984066819036,,,0.0,0.0,0.049632383233239485,0,0,2,0,0,0.0,0,2,0,,,,,1.3725361628587855,,,,,
trial_0003,16,eval,,,,,,,0.3157894736842105,2.2592606419011165,,,,,,,,,,,,,,,,,,,,,,
trial_0003,16,global,,,,0.15792362363642543,-0.014101593119820134,,,,,,,0,0,2,0,0,0.0,0,2,0,18,,0.12631578947368421,5.331695420890334,,,-0.8,1,0.8,1
trial_0003,17,train,,,0.25030197878909666,,,0.0374208113481832,,,0.0,0.09302325581395349,0.050513943159129736,0,0,3,1,0,0.0,0,2,0,,,,,1.324628784490186,,,,,
trial_0003,17,eval,0.21052631578947367,0.15789473684210525,,,,,,,,,,,,,,,,,,,,1.6842105263157894,,,,0.2631578947368421,,,,
trial_0003,17,global,,,,0.17209957412600935,-0.004614992169074832,,,,,,,1,1,3,0,0,0.25,1,2,0,18,,0.1339712918660287,3.8879489736693897,,,-0.8,1,0.8,1
trial_0003,18,train,,,0.24996923143044114,,,0.032361728604882956,,,0.0,0.0,0.04693654474103824,1,1,3,0,0,0.25,1,2,0,,,,,1.1877599669620396,,,,,
trial_0003,18,eval,,,,,,,0.3684210526315789,2.393094602384065,,,,,,,,,,,,,,,,,,,,,,
trial_0003,18,global,,,,0.1887185082585217,-0.017916437689980916,,,,,,,1,1,3,0,0,0.25,1,2,0,18,,0.12440191387559808,5.4676619338076655,,,-0.8,1,0.8,1
trial_0003,19,train,,,0.2503565040438674,,,0.04059530240158702,,,0.0,0.09302325581395349,0.05276845754665691,1,1,3,0,0,0.25,1,2,0,,,,,1.2637030530114508,,,,,
trial_0003,19,eval,,,,,,,0.3157894736842105,1.669824437091225,,,,,,,,,,,,,,,,,,,,,,
trial_0003,19,global,,,,0.19308061873082272,-0.019871852093614042,,,,,,,1,0,3,0,0,0.25,0,2,1,18,,0.11866028708133972,5.129995157159686,,,-0.8,1,0.8,1
trial_0003,20,train,,,0.2503763934554056,,,0.04234883189201355,,,0.0,0.0,0.04190611970112768,1,0,3,0,0,0.25,0,2,1,,,,,1.175882629876913,,,,,
trial_0003,20,eval,,,,,,,0.3684210526315789,2.2450873287100537,,,,,,,,,,,,,,,,,,,,,,
trial_0003,20,global,,,,0.18637494931457613,-0.013166182677367437,,,,,,,1,0,3,0,0,0.25,0,2,1,18,,0.12727272727272726,5.739974298431543,,,-0.8,1,0.8,1
trial_0003,21,train,,,0.25043449059445805,,,0.0636427269337025,,,0.0,0.0,0.02539453877413546,1,0,3,0,0,0.25,0,2,1,,,,,17.626031621973564,,,,,
trial_0003,21,eval,,,,,,,0.2631578947368421,2.097680894952071,,,,,,,,,,,,,,,,,,,,,,
trial_0003,21,global,,,,0.2932318673240302,-0.1200231006868216,,,,,,,1,0,3,0,0,0.25,0,2,1,27,,0.06811145510835913,7.0276108024290105,,,-0.8,1,0.8,1
trial_0003,22,train,,,0.2504080635436038,,,0.045944917709269416,,,0.0,1.0,0.17696711352847994,1,0,4,1,0,0.25,0,2,1,,,,,2.1728478109582943,,,,,
trial_0003,22,eval,0.21052631578947367,0.15789473684210525,,,,,,,,,,,,,,,,,,,,2.1052631578947367,,,,0.3684210526315789,,,,
trial_0003,22,global,,,,0.2632617237823173,-0.0901649346067656,,,,,,,2,1,4,0,0,0.25,1,2,1,27,,0.07058823529411765,6.792871535451789,,,-0.8070175438596491,22,0.9074074074074074,15
trial_0003,23,train,,,0.2504071371895926,,,0.04504818405423845,,,0.0,0.0,0.031501791434628626,2,1,4,0,0,0.25,1,2,1,,,,,1.676694731371743,,,,,
trial_0003,23,eval,,,,,,,0.3157894736842105,1.7777374167191353,,,,,,,,,,,,,,,,,,,,,,
trial_0003,23,global,,,,0.2786922049074276,-0.08728733492379506,,,,,,,2,1,4,0,0,0.25,1,2,1,27,,0.06253869969040247,9.401915089043301,,,-0.8,1,0.9074074074074074,15
trial_0003,24,train,,,0.25042043055625673,,,0.045528789784045925,,,0.0,0.0,0.05753380787816454,2,1,4,0,0,0.25,1,2,1,,,,,1.5910855635683585,,,,,
trial_0003,24,eval,,,,,,,0.3684210526315789,1.7690756948370678,,,,,,,,,,,,,,,,,,,,,,
trial_0003,24,global,,,,0.2619753278818066,-0.06573954002377794,,,,,,,2,1,4,0,0,0.25,1,2,1,27,,0.09102167182662539,9.224001997247939,,,-0.8070175438596491,22,0.9074074074074074,15
trial_0003,25,train,,,0.2504202872514725,,,0.047711375545948106,,,0.0,0.0,0.02884765246367835,2,1,4,0,0,0.25,1,2,1,,,,,1.396639020645872,,,,,
trial_0003,25,eval,,,,,,,0.5789473684210527,1.5302293928045976,,,,,,,,,,,,,,,,,,,,,,
trial_0003,25,global,,,,0.2620995866630079,-0.062710282970304,,,,,,,2,1,4,0,1,0.25,0,2,1,27,,0.09164086687306501,9.492922642946981,,,-0.8,1,0.9074074074074074,15
trial_0003,26,train,,,0.2504073711151772,,,0.05114647555858531,,,0.0,0.0,0.034586125223877585,2,1,5,1,1,0.25,0,2,1,,,,,1.207430468848411,,,,,
trial_0003,26,eval,0.47368421052631576,0.5263157894736842,,,,,,,,,,,,,,,,,,,,2.1052631578947367,,,,0.0,,,,
trial_0003,26,global,,,,0.25609463117641923,-0.0477306053111939,,,,,,,2,1,5,0,1,0.0,0,3,1,27,,0.10835913312693499,9.128085390923562,,,-0.8,1,0.9074074074074074,15
trial_0003,27,train,,,0.2503941144714964,,,0.05276452987752062,,,0.0,0.0,0.0344610446152535,2,1,6,1,1,0.0,0,3,1,,,,,1.0896022555675913,,,,,
trial_0003,27,eval,0.47368421052631576,0.47368421052631576,,,,,,,,,,,,,,,,,,,,2.1052631578947367,,,,0.0,,,,
trial_0003,27,global,,,,0.25261351294968176,-0.037117467298115644,,,,,,,2,1,6,0,1,0.0,0,4,1,27,,0.11764705882352941,9.035715309828058,,,-0.8,1,0.9074074074074074,15
trial_0003,28,train,,,0.25039056609285637,,,0.054279667899963704,,,0.0,0.0,0.03496931333966712,2,1,7,1,1,0.0,0,4,1,,,,,0.9800422466815786,,,,,
trial_0003,28,eval,0.47368421052631576,0.47368421052631576,,,,,,,,,,,,,,,,,,,,2.1052631578947367,,,,0.0,,,,
trial_0003,28,global,,,,0.25804376437992793,-0.036686319039801664,,,,,,,2,1,7,0,1,0.0,0,5,1,27,,0.11764705882352941,9.084132302582448,,,-0.8,1,0.9074074074074074,15
trial_0003,29,train,,,0.25038789022476116,,,0.05512239514513218,,,0.0,0.0,0.03534150066924222,2,1,7,0,1,0.0,0,5,1,,,,,0.8767644785820169,,,,,
trial_0003,29,eval,,,,,,,0.5789473684210527,1.4491717172296423,,,,,,,,,,,,,,,,,,,,,,
trial_0003,29,global,,,,0.2620626104369024,-0.0407051650967761,,,,,,,2,1,7,0,1,0.0,0,5,1,27,,0.11455108359133127,9.421823186254354,,,-0.8,1,0.9074074074074074,15
trial_0003,30,train,,,0.2503851442895037,,,0.05680858771851722,,,0.0,0.0,0.03321390115517252,2,1,7,0,1,0.0,0,5,1,,,,,0.782049557376415,,,,,
trial_0003,30,eval,,,,,,,0.631578947368421,1.4445443765113226,,,,,,,,,,,,,,,,,,,,,,
trial_0003,30,global,,,,0.2649469770794584,-0.04358953173933214,,,,,,,2,1,7,0,1,0.0,0,5,1,27,,0.11207430340557276,9.658713914144888,,,-0.8,1,0.9074074074074074,15
trial_0003,31,train,,,0.2503850869041808,,,0.058323084673982985,,,0.0,0.0,0.03206143037990687,2,1,7,0,1,0.0,0,5,1,,,,,0.7081774562597274,,,,,
trial_0003,31,eval,,,,,,,0.6842105263157894,1.4405432108201477,,,,,,,,,,,,,,,,,,,,,,
trial_0003,31,global,,,,0.26553832676958244,-0.043266386687800924,,,,,,,2,1,7,0,1,0.0,0,5,1,27,,0.11269349845201239,9.97598101258647,,,-0.8,1,0.9074074074074074,15
trial_0003,32,train,,,0.2504055912190295,,,0.05990560701552858,,,0.0,0.0,0.030884160271825944,2,1,7,0,1,0.0,0,5,1,,,,,0.6442095577082736,,,,,
trial_0003,32,eval,,,,,,,0.6842105263157894,1.4270302339604026,,,,,,,,,,,,,,,,,,,,,,
trial_0003,32,global,,,,0.26862141441949255,-0.04634947433771104,,,,,,,2,1,7,0,1,0.0,0,5,1,27,,0.11021671826625387,10.235949638532043,,,-0.8,1,0.9074074074074074,15
trial_0003,33,train,,,0.2504262680068929,,,0.061295513142930705,,,0.0,0.0,0.03021401798630015,2,1,7,0,1,0.0,0,5,1,,,,,0.5882023720031089,,,,,
trial_0003,33,eval,,,,,,,0.631578947368421,1.4166864980208247,,,,,,,,,,,,,,,,,,,,,,
trial_0003,33,global,,,,0.26772836355222074,-0.04410962212363785,,,,,,,2,1,7,0,1,0.0,0,5,1,27,,0.11207430340557276,10.5170728134297,,,-0.8,1,0.9074074074074074,15
trial_0003,34,train,,,0.2504494928933204,,,0.06290217726788622,,,0.0,0.0,0.02982255461368155,2,1,8,1,1,0.0,0,5,1,,,,,0.5395638395497139,,,,,
trial_0003,34,eval,0.47368421052631576,0.5263157894736842,,,,,,,,,,,,,,,,,,,,2.1052631578947367,,,,0.0,,,,
trial_0003,34,global,,,,0.26936933727343615,-0.04507719517145259,,,,,,,2,1,8,0,1,0.0,0,6,1,27,,0.11145510835913312,10.737866019612126,,,-0.8,1,0.9074074074074074,15
trial_0003,35,train,,,0.2504753676500726,,,0.0641155407783833,,,0.0,0.0,0.029305432804245902,2,1,9,1,1,0.0,0,6,1,,,,,0.49641094524809654,,,,,
trial_0003,35,eval,0.5263157894736842,0.47368421052631576,,,,,,,,,,,,,,,,,,,,2.1052631578947367,,,,0.2631578947368421,,,,
trial_0003,35,global,,,,0.30619617139592087,-0.08190402929393731,,,,,,,3,2,9,0,1,0.25,1,6,1,27,,0.07120743034055728,7.134847632724065,,,-0.8,1,0.9074074074074074,15
trial_0003,36,train,,,0.2504069041027579,,,0.0610040634177452,,,0.0,0.0,0.02614387154882384,3,2,9,0,1,0.25,1,6,1,,,,,0.4080719366669655,,,,,
trial_0003,36,eval,,,,,,,0.5263157894736842,1.4835269825631066,,,,,,,,,,,,,,,,,,,,,,
trial_0003,36,global,,,,0.27098867695063594,-0.04303855588203147,,,,,,,3,1,9,0,1,0.25,0,6,2,27,,0.11702786377708978,11.406091249542708,,,-0.8,1,0.9074074074074074,15
trial_0003,37,train,,,0.2505122245626247,,,0.06550878857044462,,,0.0,0.0,0.029985186382335556,3,1,10,1,1,0.25,0,6,2,,,,,0.44578611061294027,,,,,
trial_0003,37,eval,0.5263157894736842,0.42105263157894735,,,,,,,,,,,,,,,,,,,,2.1052631578947367,,,,0.5263157894736842,,,,
trial_0003,37,global,,,,0.2767162615151102,-0.047960987467439674,,,,,,,4,2,10,0,1,0.5,1,6,2,27,,0.10464396284829722,6.40532575672256,,,-0.8,1,0.9074074074074074,15
trial_0003,38,train,,,0.2504449065242495,,,0.055828530447823654,,,0.0,0.0,0.03125317130770002,4,2,10,0,1,0.5,1,6,2,,,,,0.43429004737309046,,,,,
trial_0003,38,eval,,,,,,,0.631578947368421,1.512101967868052,,,,,,,,,,,,,,,,,,,,,,
trial_0003,38,global,,,,0.26537939216932455,-0.03258371408125001,,,,,,,4,2,10,0,1,0.5,1,6,2,27,,0.12012383900928793,11.128824721770389,,,-0.8,1,0.9074074074074074,15
trial_0003,39,train,,,0.25057723167094775,,,0.06530676179743827,,,0.0,0.0,0.036135959796647125,4,2,10,0,1,0.5,1,6,2,,,,,0.4390333293917331,,,,,
trial_0003,39,eval,,,,,,,0.5789473684210527,1.5155524345801064,,,,,,,,,,,,,,,,,,,,,,
trial_0003,39,global,,,,0.2777256189865314,-0.04492994089845688,,,,,,,4,1,10,0,1,0.5,0,6,3,27,,0.11393188854489164,11.835746760412636,,,-0.8,1,0.9074074074074074,15
trial_0003,40,train,,,0.25058449773078273,,,0.07053707064466275,,,0.0,0.0,0.029674235951313948,4,1,10,0,1,0.5,0,6,3,,,,,0.40287967904451044,,,,,
trial_0003,40,eval,,,,,,,0.5263157894736842,1.5506115436161816,,,,,,,,,,,,,,,,,,,,,,
trial_0003,40,global,,,,0.272941793326014,-0.04014611523793939,,,,,,,4,1,10,0,1,0.5,0,6,3,27,,0.11578947368421053,11.568409695935323,,,-0.8,1,0.9074074074074074,15
trial_0003,41,train,,,0.2506236621039979,,,0.07099545889712394,,,0.0,0.0,0.030576878296647306,4,1,10,0,1,0.5,0,6,3,,,,,0.3671499778615667,,,,,
trial_0003,41,eval,,,,,,,0.5263157894736842,1.5787506577999968,,,,,,,,,,,,,,,,,,,,,,
trial_0003,41,global,,,,0.27666701299420593,-0.04387133490613136,,,,,,,4,1,10,0,1,0.5,0,6,3,27,,0.11517027863777089,12.09527409084072,,,-0.8,1,0.9074074074074074,15
trial_0003,42,train,,,0.2506508919152807,,,0.07297157036497237,,,0.0,0.0,0.028387656037081432,4,1,11,1,1,0.5,0,6,3,,,,,0.33994435528491407,,,,,
trial_0003,42,eval,0.47368421052631576,0.42105263157894735,,,,,,,,,,,,,,,,,,,,2.1052631578947367,,,,0.15789473684210525,,,,
trial_0003,42,global,,,,0.2732439480676702,-0.040448269979595636,,,,,,,5,2,11,0,1,0.25,1,6,3,27,,0.11455108359133127,8.21259095986192,,,-0.8,1,0.9074074074074074,15
trial_0003,43,train,,,0.2506320212896054,,,0.06581402665529495,,,0.0,0.0,0.03304313736824463,5,2,11,0,1,0.25,1,6,3,,,,,0.34487726233708554,,,,,
trial_0003,43,eval,,,,,,,0.5789473684210527,1.8155935170423043,,,,,,,,,,,,,,,,,,,,,,
trial_0003,43,global,,,,0.27491198196080074,-0.042116303872726184,,,,,,,5,2,11,0,1,0.25,1,6,3,27,,0.11702786377708978,12.669248468735638,,,-0.8,1,0.9074074074074074,15
trial_0003,44,train,,,0.2507149669084143,,,0.07497854816152694,,,0.0,0.0,0.029661381975846723,5,2,11,0,1,0.25,1,6,3,,,,,0.3322725347381957,,,,,
trial_0003,44,eval,,,,,,,0.5263157894736842,1.6779043911711164,,,,,,,,,,,,,,,,,,,,,,
trial_0003,44,global,,,,0.27138420811022845,-0.038588530022153913,,,,,,,5,1,11,0,1,0.25,0,6,4,27,,0.11640866873065016,12.033849601627503,,,-0.8,1,0.9074074074074074,15
trial_0003,45,train,,,0.25075326733132625,,,0.07588338915337908,,,0.0,0.0,0.030972048527303533,5,1,12,1,1,0.25,0,6,4,,,,,0.30575821203120207,,,,,
trial_0003,45,eval,0.47368421052631576,0.47368421052631576,,,,,,,,,,,,,,,,,,,,2.1052631578947367,,,,0.0,,,,
trial_0003,45,global,,,,0.280441029429253,-0.047645351341178394,,,,,,,5,1,12,0,1,0.0,0,7,4,27,,0.1108359133126935,12.673490223131681,,,-0.8,1,0.9074074074074074,15
trial_0003,46,train,,,0.2507832063005325,,,0.07894142193997158,,,0.0,0.0,0.027646095317570455,5,1,12,0,1,0.0,0,7,4,,,,,0.2890136981739643,,,,,
trial_0003,46,eval,,,,,,,0.5263157894736842,1.7033750063886766,,,,,,,,,,,,,,,,,,,,,,
trial_0003,46,global,,,,0.2701255797988325,-0.03732990171075798,,,,,,,5,1,12,0,1,0.0,0,7,4,27,,0.11702786377708978,12.371130937983747,,,-0.8,1,0.9074074074074074,15
trial_0003,47,train,,,0.2508353527556074,,,0.07730614061051226,,,0.0,0.0,0.030223310270168363,5,1,13,1,1,0.0,0,7,4,,,,,0.2601298923980683,,,,,
trial_0003,47,eval,0.47368421052631576,0.42105263157894735,,,,,,,,,,,,,,,,,,,,2.1052631578947367,,,,0.15789473684210525,,,,
trial_0003,47,global,,,,0.3002615529922914,-0.0652816634776581,,,,,,,6,2,13,0,1,0.25,1,7,4,27,,0.09535603715170278,10.047097438186315,,,-0.8070175438596491,22,0.9074074074074074,15
trial_0003,48,train,,,0.2507449699299676,,,0.060535277639116564,,,0.0,0.0,0.03012753531602877,6,2,13,0,1,0.25,1,7,4,,,,,0.26560046396085196,,,,,
trial_0003,48,eval,,,,,,,0.631578947368421,1.7020553507302936,,,,,,,,,,,,,,,,,,,,,,
trial_0003,48,global,,,,0.26614944711771904,-0.031169557603085707,,,,,,,6,2,13,0,1,0.25,1,7,4,27,,0.12136222910216718,12.47077107149012,,,-0.8,1,0.9074074074074074,15
trial_0003,49,train,,,0.25093155401818296,,,0.07380789708583912,,,0.0,0.0,0.03383379273433635,6,2,13,0,1,0.25,1,7,4,,,,,0.25857342243828674,,,,,
trial_0003,49,eval,,,,,,,0.5263157894736842,1.696788931755643,,,,,,,,,,,,,,,,,,,,,,
trial_0003,49,global,,,,0.27979006486336405,-0.04481017534873074,,,,,,,6,1,13,0,1,0.25,0,7,5,27,,0.11269349845201239,13.573147710558061,,,-0.8,1,0.9074074074074074,15
trial_0003,50,train,,,0.25094038945563296,,,0.08472471097682385,,,0.0,0.0,0.027066194816948257,6,1,13,0,1,0.25,0,7,5,,,,,0.24532102571522935,,,,,
trial_0003,50,eval,,,,,,,0.5263157894736842,1.7862906009939155,,,,,,,,,,,,,,,,,,,,,,
trial_0003,50,global,,,,0.2696364725959376,-0.033309781734502886,,,,,,,6,1,13,0,1,0.25,0,7,5,27,,0.12012383900928793,12.626121662718592,,,-0.8,1,0.9074074074074074,15
trial_0003,51,train,,,0.25099702306250304,,,0.08206073717868075,,,0.0,0.0,0.029416245415786958,6,1,13,0,1,0.25,0,7,5,,,,,0.2169888528737616,,,,,
trial_0003,51,eval,,,,,,,0.5263157894736842,1.828831668256929,,,,,,,,,,,,,,,,,,,,,,
trial_0003,51,global,,,,0.27572455894520326,-0.03939786808376859,,,,,,,6,1,13,0,1,0.25,0,7,5,27,,0.11826625386996904,13.257812483465708,,,-0.8,1,0.9074074074074074,15
trial_0003,52,train,,,0.2510391546690718,,,0.0851050209491811,,,0.0,0.0,0.025743921091185607,6,1,14,1,1,0.25,0,7,5,,,,,0.20355468985248118,,,,,
trial_0003,52,eval,0.42105263157894735,0.42105263157894735,,,,,,,,,,,,,,,,,,,,2.1052631578947367,,,,0.15789473684210525,,,,
trial_0003,52,global,,,,0.2791567292198397,-0.039172059391784066,,,,,,,7,2,14,0,1,0.25,1,7,5,27,,0.11764705882352941,8.826928498353752,,,-0.8,1,0.9074074074074074,15
trial_0003,53,train,,,0.25101324686637294,,,0.07698485102408972,,,0.0,0.0,0.03095527646752696,7,2,14,0,1,0.25,1,7,5,,,,,0.20558974178364642,,,,,
trial_0003,53,eval,,,,,,,0.5789473684210527,2.0295252859298336,,,,,,,,,,,,,,,,,,,,,,
trial_0003,53,global,,,,0.2789059332853681,-0.03824786278391176,,,,,,,7,2,14,0,1,0.25,1,7,5,27,,0.12012383900928793,13.79028453295445,,,-0.8,1,0.9074074074074074,15
trial_0003,54,train,,,0.2511390552241751,,,0.08562833831665363,,,0.0,0.0,0.026550926202957698,7,2,14,0,1,0.25,1,7,5,,,,,0.20693135960622033,,,,,
trial_0003,54,eval,,,,,,,0.5789473684210527,1.7580627677472014,,,,,,,,,,,,,,,,,,,,,,
trial_0003,54,global,,,,0.2709368949545643,-0.030278824453108005,,,,,,,7,2,14,0,1,0.25,1,7,5,27,,0.1238390092879257,13.016244029703524,,,-0.8,1,0.9074074074074074,15
trial_0003,55,train,,,0.25116428225598436,,,0.08140491424722873,,,0.0,0.0,0.025063491654780473,7,2,14,0,1,0.25,1,7,5,,,,,0.17878165538323687,,,,,
trial_0003,55,eval,,,,,,,0.5789473684210527,1.864639372515835,,,,,,,,,,,,,,,,,,,,,,
trial_0003,55,global,,,,0.2788208909987529,-0.03816282049729659,,,,,,,7,2,14,0,2,0.25,0,7,5,27,,0.11888544891640866,13.674223348895094,,,-0.8,1,0.9074074074074074,15
trial_0003,56,train,,,0.2512118413727334,,,0.08499684612801735,,,0.0,0.0,0.022776150506762592,7,2,15,1,2,0.25,0,7,5,,,,,0.16180261560577025,,,,,
trial_0003,56,eval,0.47368421052631576,0.47368421052631576,,,,,,,,,,,,,,,,,,,,2.1052631578947367,,,,0.15789473684210525,,,,
trial_0003,56,global,,,,0.3053692078796918,-0.058538297872062675,,,,,,,8,3,15,0,2,0.25,1,7,5,27,,0.0934984520123839,5.825972761974985,,,-0.8,1,0.9074074074074074,15
trial_0003,57,train,,,0.25116624664037657,,,0.07661897937456767,,,0.0,0.0,0.02606155334237533,8,3,15,0,2,0.25,1,7,5,,,,,0.14669270106615165,,,,,
trial_0003,57,eval,,,,,,,0.5789473684210527,2.002057552729782,,,,,,,,,,,,,,,,,,,,,,
trial_0003,57,global,,,,0.2802676008063214,-0.033436690798692256,,,,,,,8,3,15,0,2,0.25,1,7,5,27,,0.1238390092879257,14.194737579062258,,,-0.8,1,0.9074074074074074,15
trial_0003,58,train,,,0.2513123436811122,,,0.08211918523971069,,,0.0,0.0,0.02211127499665847,8,3,15,0,2,0.25,1,7,5,,,,,0.14873419687786002,,,,,
trial_0003,58,eval,,,,,,,0.631578947368421,1.7703363105262582,,,,,,,,,,,,,,,,,,,,,,
trial_0003,58,global,,,,0.2818903854165196,-0.03505947540889048,,,,,,,8,3,15,0,2,0.25,1,7,5,27,,0.1195046439628483,13.609288594154382,,,-0.8,1,0.9074074074074074,15
trial_0003,59,train,,,0.25132037318767386,,,0.07811909279924757,,,0.0,0.0,0.01980721339028567,8,3,15,0,2,0.25,1,7,5,,,,,0.1120723653069519,,,,,
trial_0003,59,eval,,,,,,,0.6842105263157894,1.8611755720094632,,,,,,,,,,,,,,,,,,,,,,
trial_0003,59,global,,,,0.2803851278541742,-0.033554217846545026,,,,,,,8,3,15,0,3,0.25,0,7,5,27,,0.12198142414860681,14.290088802373077,,,-0.8,1,0.9074074074074074,15
trial_0003,60,train,,,0.2513687832558409,,,0.07917349199031262,,,0.0,0.0,0.01848910632543266,8,3,16,1,3,0.25,0,7,5,,,,,0.11930739242345728,,,,,
trial_0003,60,eval,0.5263157894736842,0.5263157894736842,,,,,,,,,,,,,,,,,,,,2.1052631578947367,,,,0.0,,,,
trial_0003,60,global,,,,0.2840093118220894,-0.03717840181446024,,,,,,,8,3,16,0,3,0.0,0,8,5,27,,0.11826625386996904,14.304509770538047,,,-0.8,1,0.9074074074074074,15
trial_0003,61,train,,,0.2513717996313217,,,0.07783020810878022,,,0.0,0.0,0.017001006085341403,8,3,17,1,3,0.0,0,8,5,,,,,0.10477448454562653,,,,,
trial_0003,61,eval,0.5789473684210527,0.5263157894736842,,,,,,,,,,,,,,,,,,,,2.1052631578947367,,,,0.15789473684210525,,,,
trial_0003,61,global,,,,0.2756067888547922,-0.028102478173762324,,,,,,,8,3,17,0,3,0.25,0,9,5,27,,0.12631578947368421,14.049388486313008,,,-0.8,1,0.9074074074074074,15
trial_0003,62,train,,,0.2513920376275448,,,0.0775785744190216,,,0.0,0.0,0.016678716958329537,8,3,18,1,3,0.25,0,9,5,,,,,0.10677523389062349,,,,,
trial_0003,62,eval,0.5789473684210527,0.5789473684210527,,,,,,,,,,,,,,,,,,,,2.1052631578947367,,,,0.0,,,,
trial_0003,62,global,,,,0.2760825798007433,-0.027231467772912115,,,,,,,8,3,18,0,3,0.0,0,10,5,27,,0.12879256965944272,14.090843876227506,,,-0.8,1,0.9074074074074074,15
trial_0003,63,train,,,0.25140620641251826,,,0.07448942420330452,,,0.0,0.0,0.014887108642885344,8,3,19,1,3,0.0,0,10,5,,,,,0.08853273226859723,,,,,
trial_0003,63,eval,0.47368421052631576,0.5263157894736842,,,,,,,,,,,,,,,,,,,,2.1052631578947367,,,,0.0,,,,
trial_0003,63,global,,,,0.27607433119701835,-0.02722321916918719,,,,,,,8,3,19,0,3,0.0,0,11,5,27,,0.12693498452012383,14.493192331414473,,,-0.8,1,0.9074074074074074,15
trial_0003,64,train,,,0.2514277779041453,,,0.07359587004844179,,,0.0,0.0,0.017406681984009104,8,3,19,0,3,0.0,0,11,5,,,,,0.10777927888755467,,,,,
trial_0003,64,eval,,,,,,,0.5789473684210527,1.9593512826648198,,,,,,,,,,,,,,,,,,,,,,
trial_0003,64,global,,,,0.2825827376160036,-0.03373162558817248,,,,,,,8,3,19,0,3,0.0,0,11,5,27,,0.12198142414860681,14.300113330758393,,,-0.8,1,0.9074074074074074,15
trial_0003,65,train,,,0.2514542816801274,,,0.07240591277467442,,,0.0,0.0,0.01499672982330246,8,3,19,0,3,0.0,0,11,5,,,,,0.09429446105310257,,,,,
trial_0003,65,eval,,,,,,,0.631578947368421,1.8592226477830034,,,,,,,,,,,,,,,,,,,,,,
trial_0003,65,global,,,,0.27352628475361723,-0.023328371378984712,,,,,,,8,3,19,0,3,0.0,0,11,5,27,,0.1306501547987616,13.849414974248077,,,-0.8,1,0.9074074074074074,15
trial_0003,66,train,,,0.2514847938684707,,,0.07188459026052596,,,0.0,0.0,0.01303756497063466,8,3,19,0,3,0.0,0,11,5,,,,,0.07645738366594974,,,,,
trial_0003,66,eval,,,,,,,0.5789473684210527,2.052351245950711,,,,,,,,,,,,,,,,,,,,,,
trial_0003,66,global,,,,0.2851109779878079,-0.034913064613175365,,,,,,,8,3,19,0,3,0.0,0,11,5,27,,0.12074303405572756,13.975482886346871,,,-0.8,1,0.9074074074074074,15
trial_0003,67,train,,,0.2515170006675923,,,0.07173654120019142,,,0.0,0.0,0.012721089942831589,8,3,19,0,3,0.0,0,11,5,,,,,0.06684178748821958,,,,,
trial_0003,67,eval,,,,,,,0.631578947368421,1.905098377481887,,,,,,,,,,,,,,,,,,,,,,
trial_0003,67,global,,,,0.276701717013827,-0.02650380363919449,,,,,,,8,3,19,0,3,0.0,0,11,5,27,,0.12693498452012383,14.101883510908475,,,-0.8,1,0.9074074074074074,15
trial_0003,68,train,,,0.25154671199778295,,,0.06828137915185158,,,0.0,0.0,0.014039626769768571,8,3,20,1,3,0.0,0,11,5,,,,,0.06485784236698391,,,,,
trial_0003,68,eval,0.47368421052631576,0.47368421052631576,,,,,,,,,,,,,,,,,,,,2.1052631578947367,,,,0.0,,,,
trial_0003,68,global,,,,0.28320792513691523,-0.033010011762282736,,,,,,,8,3,20,0,3,0.0,0,12,5,27,,0.12260061919504645,14.19296535810819,,,-0.8,1,0.9074074074074074,15
trial_0003,69,train,,,0.25157628287660316,,,0.06775945361624372,,,0.0,0.0,0.013621694249029153,8,3,21,1,3,0.0,0,12,5,,,,,0.0763347290931864,,,,,
trial_0003,69,eval,0.5263157894736842,0.47368421052631576,,,,,,,,,,,,,,,,,,,,2.1052631578947367,,,,0.15789473684210525,,,,
trial_0003,69,global,,,,0.27513075776427026,-0.02493284438963776,,,,,,,8,3,21,0,3,0.25,0,13,5,27,,0.13003095975232198,14.37962929929373,,,-0.8,1,0.9074074074074074,15
trial_0003,70,train,,,0.25160681440475136,,,0.06762903611710731,,,0.0,0.0,0.011506655217306889,8,3,22,1,3,0.25,0,13,5,,,,,0.060829247756207246,,,,,
trial_0003,70,eval,0.5263157894736842,0.5263157894736842,,,,,,,,,,,,,,,,,,,,2.1052631578947367,,,,0.0,,,,
trial_0003,70,global,,,,0.2757949692671886,-0.02559705589255608,,,,,,,8,3,22,0,3,0.0,0,14,5,27,,0.1306501547987616,14.346015675075282,,,-0.8,1,0.9074074074074074,15
trial_0003,71,train,,,0.2516276896634,,,0.06668117008310682,,,0.0,0.0,0.009554603868015507,8,3,23,1,3,0.0,0,14,5,,,,,0.056447644765548255,,,,,
trial_0003,71,eval,0.47368421052631576,0.47368421052631576,,,,,,,,,,,,,,,,,,,,2.1052631578947367,,,,0.0,,,,
trial_0003,71,global,,,,0.27313654195534376,-0.022938628580711235,,,,,,,8,3,23,0,3,0.0,0,15,5,27,,0.13126934984520125,14.675111341919322,,,-0.8,1,0.9074074074074074,15
trial_0003,72,train,,,0.25163864423619936,,,0.06589514460969478,,,0.0,0.0,0.010176105173787678,8,3,23,0,3,0.0,0,15,5,,,,,0.061222336423444615,,,,,
trial_0003,72,eval,,,,,,,0.5789473684210527,2.162534640023583,,,,,,,,,,,,,,,,,,,,,,
trial_0003,72,global,,,,0.27771671446659335,-0.027518801091960837,,,,,,,8,3,23,0,3,0.0,0,15,5,27,,0.12879256965944272,14.27620232644096,,,-0.8,1,0.9074074074074074,15
trial_0003,73,train,,,0.2516694443022951,,,0.06440442166429886,,,0.0,0.0,0.009665909039347057,8,3,23,0,3,0.0,0,15,5,,,,,0.04941045208140573,,,,,
trial_0003,73,eval,,,,,,,0.631578947368421,1.8670588423939125,,,,,,,,,,,,,,,,,,,,,,
trial_0003,73,global,,,,0.2726737914601046,-0.02247587808547211,,,,,,,8,3,23,0,3,0.0,0,15,5,27,,0.13126934984520125,14.347382220099954,,,-0.8,1,0.9074074074074074,15
trial_0003,74,train,,,0.25171248836720245,,,0.06328114930619584,,,0.0,0.0,0.011433532650931121,8,3,23,0,3,0.0,0,15,5,,,,,0.05974916394185671,,,,,
trial_0003,74,eval,,,,,,,0.631578947368421,2.1064274678202835,,,,,,,,,,,,,,,,,,,,,,
trial_0003,74,global,,,,0.27606347112304247,-0.025865557748409977,,,,,,,8,3,23,0,3,0.0,0,15,5,27,,0.13003095975232198,14.894582718887566,,,-0.8,1,0.9074074074074074,15
trial_0003,75,train,,,0.251738872616849,,,0.062356017371441454,,,0.0,0.0,0.009318706856704903,8,3,23,0,3,0.0,0,15,5,,,,,0.04678636237661889,,,,,
trial_0003,75,eval,,,,,,,0.631578947368421,1.987092012343438,,,,,,,,,,,,,,,,,,,,,,
trial_0003,75,global,,,,0.27278217588319087,-0.022584262508558346,,,,,,,8,3,23,0,3,0.0,0,15,5,27,,0.1325077399380805,14.62823056908953,,,-0.8,1,0.9074074074074074,15
trial_0003,76,train,,,0.2517596587855765,,,0.06192443535683003,,,0.0,0.0,0.008955225791098512,8,3,24,1,3,0.0,0,15,5,,,,,0.0881467605039398,,,,,
trial_0003,76,eval,0.47368421052631576,0.47368421052631576,,,,,,,,,,,,,,,,,,,,2.1052631578947367,,,,0.0,,,,
trial_0003,76,global,,,,0.2719652628464947,-0.021767349471862155,,,,,,,8,3,24,0,3,0.0,0,16,5,27,,0.13436532507739937,14.716424371583543,,,-0.8,1,0.9074074074074074,15
trial_0003,77,train,,,0.2517802284118977,,,0.06025280216906933,,,0.0,0.0,0.009271033120882188,8,3,25,1,3,0.0,0,16,5,,,,,0.08047708744738014,,,,,
trial_0003,77,eval,0.47368421052631576,0.47368421052631576,,,,,,,,,,,,,,,,,,,,2.1052631578947367,,,,0.0,,,,
trial_0003,77,global,,,,0.27781568129312123,-0.027617767918488738,,,,,,,8,3,25,0,3,0.0,0,17,5,27,,0.12755417956656348,14.849401113787671,,,-0.8,1,0.9074074074074074,15
trial_0003,78,train,,,0.25178175245193724,,,0.06039312101425008,,,0.0,0.0,0.007602888228389698,8,3,26,1,3,0.0,0,17,5,,,,,0.04463648523421997,,,,,
trial_0003,78,eval,0.5263157894736842,0.5263157894736842,,,,,,,,,,,,,,,,,,,,2.1052631578947367,,,,0.0,,,,
trial_0003,78,global,,,,0.27584125079251837,-0.025643337417885832,,,,,,,8,3,26,0,3,0.0,0,18,5,27,,0.12941176470588237,14.612013787898485,,,-0.8,1,0.9074074074074074,15
trial_0003,79,train,,,0.251780518191926,,,0.057222657381220066,,,0.0,0.0,0.00693924022421112,8,3,27,1,3,0.0,0,18,5,,,,,0.032001753412979714,,,,,
trial_0003,79,eval,0.47368421052631576,0.47368421052631576,,,,,,,,,,,,,,,,,,,,2.1052631578947367,,,,0.0,,,,
trial_0003,79,global,,,,0.27342968597890804,-0.023231772604275492,,,,,,,8,3,27,0,3,0.0,0,19,5,27,,0.13188854489164087,15.291803460372122,,,-0.8,1,0.9074074074074074,15
trial_0003,80,train,,,0.25177438049874407,,,0.05713771759195531,,,0.0,0.0,0.007339873620568395,8,3,27,0,3,0.0,0,19,5,,,,,0.042936143479210896,,,,,
trial_0003,80,eval,,,,,,,0.5789473684210527,2.47386853762069,,,,,,,,,,,,,,,,,,,,,,
trial_0003,80,global,,,,0.27944388177988533,-0.0285337176930021,,,,,,,8,3,27,0,3,0.0,0,19,5,27,,0.12755417956656348,15.464121716384179,,,-0.8,1,0.9074074074074074,15
trial_0003,81,train,,,0.25179015036593094,,,0.056522076434277466,,,0.0,0.0,0.0073579156947008876,8,3,27,0,3,0.0,0,19,5,,,,,0.04080919181591177,,,,,
trial_0003,81,eval,,,,,,,0.5789473684210527,2.193894213114522,,,,,,,,,,,,,,,,,,,,,,
trial_0003,81,global,,,,0.27697780618094325,-0.026067642094060005,,,,,,,8,3,27,0,3,0.0,0,19,5,27,,0.12941176470588237,14.882909003573674,,,-0.8,1,0.9074074074074074,15
trial_0003,82,train,,,0.2517967867724439,,,0.057158475226544325,,,0.0,0.0,0.006004382485890405,8,3,27,0,3,0.0,0,19,5,,,,,0.04754547991571908,,,,,
trial_0003,82,eval,,,,,,,0.5789473684210527,2.401990244679741,,,,,,,,,,,,,,,,,,,,,,
trial_0003,82,global,,,,0.2734597803163134,-0.021876215556029525,,,,,,,8,3,27,0,3,0.0,0,19,5,27,,0.13312693498452013,14.599981920933207,,,-0.8,1,0.9074074074074074,15
trial_0003,83,train,,,0.25179337694289833,,,0.05458160790991276,,,0.0,0.0,0.006252680266318729,8,3,27,0,3,0.0,0,19,5,,,,,0.029492001692229444,,,,,
trial_0003,83,eval,,,,,,,0.5789473684210527,2.3781258843741133,,,,,,,,,,,,,,,,,,,,,,
trial_0003,83,global,,,,0.2801407004122896,-0.028557135652005697,,,,,,,8,3,27,0,3,0.0,0,19,5,27,,0.12507739938080495,14.612051042019399,,,-0.8,1,0.9074074074074074,15
trial_0003,84,train,,,0.2518083072723226,,,0.05449551470736239,,,0.0,0.0,0.006407021144742489,8,3,28,1,3,0.0,0,19,5,,,,,0.0409395520119591,,,,,
trial_0003,84,eval,0.47368421052631576,0.47368421052631576,,,,,,,,,,,,,,,,,,,,2.1052631578947367,,,,0.0,,,,
trial_0003,84,global,,,,0.2767526890630742,-0.025169124302790294,,,,,,,8,3,28,0,3,0.0,0,20,5,27,,0.13003095975232198,14.653900401584874,,,-0.8,1,0.9074074074074074,15
trial_0003,85,train,,,0.25181966607875006,,,0.05343525967699416,,,0.0,0.0,0.004964512829122969,8,3,29,1,3,0.0,0,20,5,,,,,0.030515905941261887,,,,,
trial_0003,85,eval,0.5263157894736842,0.5263157894736842,,,,,,,,,,,,,,,,,,,,2.1052631578947367,,,,0.0,,,,
trial_0003,85,global,,,,0.2775932656347223,-0.026009700874438418,,,,,,,8,3,29,0,3,0.0,0,21,5,27,,0.1281733746130031,14.879402680293694,,,-0.8,1,0.9074074074074074,15
trial_0003,86,train,,,0.2518316982908452,,,0.05341500995006967,,,0.0,0.0,0.005643047528482907,8,3,30,1,3,0.0,0,21,5,,,,,0.033635287000203226,,,,,
trial_0003,86,eval,0.5263157894736842,0.5263157894736842,,,,,,,,,,,,,,,,,,,,2.1052631578947367,,,,0.0,,,,
trial_0003,86,global,,,,0.27560863372900646,-0.024025068968722536,,,,,,,8,3,30,0,3,0.0,0,22,5,27,,0.13126934984520125,14.602257431549923,,,-0.8,1,0.9074074074074074,15
trial_0003,87,train,,,0.25185174574243263,,,0.053970019868079644,,,0.0,0.0,0.004563184123570806,8,3,31,1,3,0.0,0,22,5,,,,,0.03569274610304769,,,,,
trial_0003,87,eval,0.5263157894736842,0.47368421052631576,,,,,,,,,,,,,,,,,,,,2.1052631578947367,,,,0.15789473684210525,,,,
trial_0003,87,global,,,,0.27580848032202504,-0.024224915561741136,,,,,,,8,3,31,0,3,0.25,0,23,5,27,,0.12941176470588237,14.536470178184864,,,-0.8,1,0.9074074074074074,15
trial_0003,88,train,,,0.25185864307778943,,,0.05368437792392487,,,0.0,0.0,0.00505640505546174,8,3,31,0,3,0.25,0,23,5,,,,,0.031097665692164385,,,,,
trial_0003,88,eval,,,,,,,0.5263157894736842,2.633636174625472,,,,,,,,,,,,,,,,,,,,,,
trial_0003,88,global,,,,0.27768802964121303,-0.02610446488092914,,,,,,,8,3,31,0,3,0.25,0,23,5,27,,0.1281733746130031,14.33480291691358,,,-0.8,1,0.9074074074074074,15
trial_0003,89,train,,,0.25187964895938303,,,0.05347062108364511,,,0.0,0.0,0.004756525521441562,8,3,31,0,3,0.25,0,23,5,,,,,0.05479051581623548,,,,,
trial_0003,89,eval,,,,,,,0.631578947368421,2.4135520562627595,,,,,,,,,,,,,,,,,,,,,,
trial_0003,89,global,,,,0.2736707758123168,-0.022087211052032926,,,,,,,8,3,31,0,3,0.25,0,23,5,27,,0.13188854489164087,14.728733178484182,,,-0.8,1,0.9074074074074074,15
trial_0003,90,train,,,0.2518978141089703,,,0.05290869575865725,,,0.0,0.0,0.0047926527762645,8,3,31,0,3,0.25,0,23,5,,,,,0.04262202132116765,,,,,
trial_0003,90,eval,,,,,,,0.5789473684210527,2.526655231406422,,,,,,,,,,,,,,,,,,,,,,
trial_0003,90,global,,,,0.2780654280470654,-0.026481863286781506,,,,,,,8,3,31,0,3,0.25,0,23,5,27,,0.12755417956656348,14.771467448609533,,,-0.8,1,0.9074074074074074,15
trial_0004,1,train,,,0.2504132412656953,,,0.01186846626946066,,,0.0,0.0,0.002826578910698489,0,0,0,0,0,,0,0,0,,,,,2.198364117779309,,,,,
trial_0004,1,eval,,,,,,,0.3529411764705882,2.1883499902837418,,,,,,,,,,,,,,,,,,,,,,
trial_0004,1,global,,,,,,,,,,,,0,0,0,0,0,,0,0,0,9,,0.12421052631578948,2.196899349814967,,,,,,
trial_0004,2,train,,,0.2503577550000782,,,0.014061787271801428,,,0.0,0.0,0.021403108876422522,0,0,0,0,0,,0,0,0,,,,,2.1681623805927326,,,,,
trial_0004,2,eval,,,,,,,0.11764705882352941,2.1779867621029125,,,,,,,,,,,,,,,,,,,,,,
trial_0004,2,global,,,,0.015637860082304538,-0.004744613894940704,,,,,,,0,0,0,0,0,,0,0,0,9,,0.12,2.1961998261903464,,,-0.07407407407407407,3,0.07407407407407407,3
trial_0004,3,train,,,0.250351084184043,,,0.01924703788908222,,,0.0,0.0,0.021708836156544807,0,0,0,0,0,,0,0,0,,,,,2.090291950219794,,,,,
trial_0004,3,eval,,,,,,,0.058823529411764705,2.143270885243136,,,,,,,,,,,,,,,,,,,,,,
trial_0004,3,global,,,,0.032195594287097555,-0.021302348099733723,,,,,,,0,0,0,0,0,,0,0,0,9,,0.1031578947368421,2.2272737844366777,,,-0.11764705882352944,0,0.21568627450980393,0
trial_0004,4,train,,,0.25040753506406954,,,0.026925050476683844,,,0.0,0.0,0.028162717017569124,0,0,0,0,0,,0,0,0,,,,,1.9490076059027563,,,,,
trial_0004,4,eval,,,,,,,0.1764705882352941,2.116316935595344,,,,,,,,,,,,,,,,,,,,,,
trial_0004,4,global,,,,0.05495037521181313,-0.004106364006298835,,,,,,,0,0,0,0,0,,0,0,0,9,,0.12210526315789473,2.2192602112418727,,,-0.22222222222222232,1,0.23529411764705882,0
trial_0004,5,train,,,0.25044921945921983,,,0.03262481168855595,,,0.0,0.0,0.025057802567423522,0,0,0,0,0,,0,0,0,,,,,1.7258059298690362,,,,,
trial_0004,5,eval,,,,,,,0.1764705882352941,2.194862926707548,,,,,,,,,,,,,,,,,,,,,,
trial_0004,5,global,,,,0.05551571450132133,-0.004671703295807033,,,,,,,0,0,0,0,0,,0,0,0,9,,0.12,2.3676032974845485,,,-0.13725490196078433,0,0.23529411764705882,0
trial_0004,6,train,,,0.25044959217687196,,,0.03786324983156181,,,0.0,0.0,0.030421607403815547,0,0,0,0,0,,0,0,0,,,,,1.6222382534908342,,,,,
trial_0004,6,eval,,,,,,,0.29411764705882354,2.161007565610549,,,,,,,,,,,,,,,,,,,,,,
trial_0004,6,global,,,,0.04313725490196079,0.07397775547802168,,,,,,,0,0,0,0,0,,0,0,0,9,,0.2,2.299596535532098,,,-0.1568627450980392,0,0.2549019607843137,0
trial_0004,7,train,,,0.25045065223416196,,,0.041085956217367436,,,0.0,0.0,0.028015477608747875,0,0,0,0,0,,0,0,0,,,,,1.461414018235629,,,,,
trial_0004,7,eval,,,,,,,0.4117647058823529,2.329080532578861,,,,,,,,,,,,,,,,,,,,,,
trial_0004,7,global,,,,0.08211140371119523,0.04037995075480874,,,,,,,0,0,0,0,0,,0,0,0,9,,0.16842105263157894,2.5486298475767435,,,-0.13333333333333341,1,0.196078431372549,0
trial_0004,8,train,,,0.25045015427130685,,,0.04291651539410217,,,0.0,0.0,0.0368773020851084,0,0,0,0,0,,0,0,0,,,,,1.33439314433291,,,,,
trial_0004,8,eval,,,,,,,0.4705882352941177,2.24007248878479,,,,,,,,,,,,,,,,,,,,,,
trial_0004,8,global,,,,0.06023380544583755,0.06225754902016642,,,,,,,0,0,0,0,0,,0,0,0,9,,0.18947368421052632,2.5646841561166864,,,-0.1777777777777778,1,0.1777777777777778,1
trial_0004,9,train,,,0.2504744322239598,,,0.04508571609666076,,,0.0,0.0,0.03688709293551083,0,0,1,1,0,,0,0,0,,,,,1.1077885908039309,,,,,
trial_0004,9,eval,0.3529411764705882,0.3529411764705882,,,,,,,,,,,,,,,,,,,,2.88235294117647,,,,0.0,,,,
trial_0004,9,global,,,,0.06604049861717023,0.058629505086306516,,,,,,,0,0,1,0,0,0.0,0,1,0,9,,0.1831578947368421,2.7977097809942144,,,-0.1777777777777778,1,0.1777777777777778,1
trial_0004,10,train,,,0.2504797366601002,,,0.04749663966366007,,,0.0,0.0,0.038180886270313324,0,0,1,0,0,0.0,0,1,0,,,,,0.9949037076928948,,,,,
trial_0004,10,eval,,,,,,,0.411764705882353,2.297235839507159,,,,,,,,,,,,,,,,,,,,,,
trial_0004,10,global,,,,0.05362978834390528,0.07784293644800683,,,,,,,0,0,1,0,0,0.0,0,1,0,9,,0.20421052631578948,2.8385396977474815,,,-0.24444444444444446,1,0.24444444444444446,1
trial_0004,11,train,,,0.25040415518505627,,,0.02488925429277642,,,0.0,0.0,0.04856641772528041,0,0,1,0,0,0.0,0,1,0,,,,,16.38157823806585,,,,,
trial_0004,11,eval,,,,,,,0.15789473684210525,4.638290982497366,,,,,,,,,,,,,,,,,,,,,,
trial_0004,11,global,,,,0.25063643966057564,-0.11916371486866353,,,,,,,0,0,1,0,0,0.0,0,1,0,18,,0.07272727272727272,6.2918386532359145,,,-0.6666666666666667,1,0.6666666666666667,1
trial_0004,12,train,,,0.25031645457411916,,,0.0348262429930443,,,0.0,1.0,0.19572863577063696,0,0,1,0,0,0.0,0,1,0,,,,,3.1883538856062774,,,,,
trial_0004,12,eval,,,,,,,0.05263157894736842,2.9490773928792846,,,,,,,,,,,,,,,,,,,,,,
trial_0004,12,global,,,,0.14991019053636456,-0.0590520869319509,,,,,,,0,0,1,0,0,0.0,0,1,0,18,,0.07272727272727272,5.008852133226166,,,-0.6222222222222222,1,0.6222222222222222,1
trial_0004,13,train,,,0.2503068876820941,,,0.033722489032634466,,,0.0,0.3488372093023256,0.09641876014512642,0,0,1,0,0,0.0,0,1,0,,,,,1.9173840355041414,,,,,
trial_0004,13,eval,,,,,,,0.10526315789473684,2.2247322107616223,,,,,,,,,,,,,,,,,,,,,,
trial_0004,13,global,,,,0.16523695300857832,-0.04074356904836515,,,,,,,0,0,1,0,0,0.0,0,1,0,18,,0.09665071770334928,4.8330426451121795,,,-0.8,1,0.8,1
trial_0004,14,train,,,0.25028215625951455,,,0.03306761210740999,,,0.0,0.09302325581395349,0.06380330915887689,0,0,2,1,0,0.0,0,1,0,,,,,1.708023299727329,,,,,
trial_0004,14,eval,0.15789473684210525,0.15789473684210525,,,,,,,,,,,,,,,,,,,,1.6842105263157894,,,,0.0,,,,
trial_0004,14,global,,,,0.17308174075532687,-0.04183590794563822,,,,,,,0,0,2,0,0,0.0,0,2,0,18,,0.09665071770334928,5.192841188074869,,,-0.8,1,0.8,1
trial_0004,15,train,,,0.25027833359186036,,,0.03437276115251142,,,0.09302325581395349,0.0,0.061536287473038194,0,0,2,0,0,0.0,0,2,0,,,,,1.5716091976609339,,,,,
trial_0004,15,eval,,,,,,,0.21052631578947367,1.9646850134197034,,,,,,,,,,,,,,,,,,,,,,
trial_0004,15,global,,,,0.1764425528407086,-0.036183794742664296,,,,,,,0,0,2,0,0,0.0,0,2,0,18,,0.10143540669856459,4.94898811071113,,,-0.8,1,0.8,1
trial_0004,16,train,,,0.25028073960958525,,,0.035248693338660306,,,0.0,0.0,0.0490685083925031,0,0,2,0,0,0.0,0,2,0,,,,,1.3667813737725103,,,,,
trial_0004,16,eval,,,,,,,0.3157894736842105,2.2479992791226038,,,,,,,,,,,,,,,,,,,,,,
trial_0004,16,global,,,,0.1613847050386833,-0.0128520235649942,,,,,,,0,0,2,0,0,0.0,0,2,0,18,,0.12631578947368421,5.326277987466474,,,-0.8,1,0.8,1
trial_0004,17,train,,,0.25030314471832543,,,0.037224727314572,,,0.0,0.09302325581395349,0.05055539753547934,0,0,3,1,0,0.0,0,2,0,,,,,1.324641053343928,,,,,
trial_0004,17,eval,0.15789473684210525,0.15789473684210525,,,,,,,,,,,,,,,,,,,,1.6842105263157894,,,,0.0,,,,
trial_0004,17,global,,,,0.18013966232581402,-0.02646294793031421,,,,,,,0,0,3,0,0,0.0,0,3,0,18,,0.11100478468899522,5.094698296779651,,,-0.8,1,0.8,1
trial_0004,18,train,,,0.2503255515597587,,,0.03899127903372743,,,0.0,0.0,0.04249259230875692,0,0,3,0,0,0.0,0,3,0,,,,,1.1806041229602902,,,,,
trial_0004,18,eval,,,,,,,0.3684210526315789,2.125732283843191,,,,,,,,,,,,,,,,,,,,,,
trial_0004,18,global,,,,0.16847370699788689,-0.014014519988928534,,,,,,,0,0,3,0,0,0.0,0,3,0,18,,0.12535885167464114,5.5011487912903565,,,-0.8,1,0.8,1
trial_0004,19,train,,,0.25036320471486384,,,0.04148362438346065,,,0.0,0.0,0.04583019690891339,0,0,3,0,0,0.0,0,3,0,,,,,1.1710160484147627,,,,,
trial_0004,19,eval,,,,,,,0.3684210526315789,1.7619600358762237,,,,,,,,,,,,,,,,,,,,,,
trial_0004,19,global,,,,0.17315601288842253,-0.016639212710739912,,,,,,,0,0,3,0,0,0.0,0,3,0,18,,0.1215311004784689,5.232206551994433,,,-0.8,1,0.8,1
trial_0004,20,train,,,0.25040931133336797,,,0.04381414901378543,,,0.0,0.0,0.039087605060533034,0,0,3,0,0,0.0,0,3,0,,,,,1.0506758253241693,,,,,
trial_0004,20,eval,,,,,,,0.3684210526315789,2.1652186418834485,,,,,,,,,,,,,,,,,,,,,,
trial_0004,20,global,,,,0.16297399695753426,-0.006457196779851662,,,,,,,0,0,3,0,0,0.0,0,3,0,18,,0.13301435406698564,5.741673061151824,,,-0.8,1,0.8,1
trial_0004,21,train,,,0.25047736821022437,,,0.06666071491038546,,,0.0,0.0,0.026525256560838,0,0,3,0,0,0.0,0,3,0,,,,,17.440001014952966,,,,,
trial_0004,21,eval,,,,,,,0.2631578947368421,2.121002335297434,,,,,,,,,,,,,,,,,,,,,,
trial_0004,21,global,,,,0.2688021161314143,-0.11228531595373169,,,,,,,0,0,3,0,0,0.0,0,3,0,27,,0.06315789473684211,6.911843298094191,,,-0.8,1,0.8,1
trial_0004,22,train,,,0.25044499686423766,,,0.051281366576539714,,,0.0,0.9999999999999999,0.18646988603979986,0,0,4,1,0,0.0,0,3,0,,,,,2.129042253849354,,,,,
trial_0004,22,eval,0.21052631578947367,0.2631578947368421,,,,,,,,,,,,,,,,,,,,2.1052631578947367,,,,0.0,,,,
trial_0004,22,global,,,,0.22018644359230755,-0.06633635024582035,,,,,,,0,0,4,0,0,0.0,0,4,0,27,,0.0761609907120743,8.185545094020595,,,-0.8,1,0.8,1
trial_0004,23,train,,,0.2504357330976648,,,0.05232046259210465,,,0.0,0.0,0.03153660784851998,0,0,5,1,0,0.0,0,4,0,,,,,1.6027679714750735,,,,,
trial_0004,23,eval,0.21052631578947367,0.2631578947368421,,,,,,,,,,,,,,,,,,,,2.1052631578947367,,,,0.0,,,,
trial_0004,23,global,,,,0.2444026723757187,-0.07017976880134881,,,,,,,0,0,5,0,0,0.0,0,5,0,27,,0.07120743034055728,8.818115215478667,,,-0.8,1,0.8,1
trial_0004,24,train,,,0.2504340559244156,,,0.051542724700684245,,,0.0,0.0,0.0439760075129093,0,0,5,0,0,0.0,0,5,0,,,,,1.3945836825573696,,,,,
trial_0004,24,eval,,,,,,,0.47368421052631576,1.7166546520433927,,,,,,,,,,,,,,,,,,,,,,
trial_0004,24,global,,,,0.24179450577054518,-0.05316585901669111,,,,,,,0,0,5,0,0,0.0,0,5,0,27,,0.09535603715170278,8.729589548494793,,,-0.8,1,0.8,1
trial_0004,25,train,,,0.25043289521907236,,,0.053662581646696045,,,0.0,0.0,0.03226626520144179,0,0,6,1,0,0.0,0,5,0,,,,,1.2272220449244724,,,,,
trial_0004,25,eval,0.47368421052631576,0.5263157894736842,,,,,,,,,,,,,,,,,,,,2.1052631578947367,,,,0.0,,,,
trial_0004,25,global,,,,0.23886695948558836,-0.046212547836404196,,,,,,,0,0,6,0,0,0.0,0,6,0,27,,0.09969040247678018,8.822883284719367,,,-0.8,1,0.8,1
trial_0004,26,train,,,0.25040420319171663,,,0.054917739426836046,,,0.0,0.0,0.0360231433935622,0,0,6,0,0,0.0,0,6,0,,,,,1.0296328019588552,,,,,
trial_0004,26,eval,,,,,,,0.5263157894736842,1.5861362752161527,,,,,,,,,,,,,,,,,,,,,,
trial_0004,26,global,,,,0.23387352002767817,-0.03609839660185094,,,,,,,0,0,6,0,0,0.0,0,6,0,27,,0.1108359133126935,8.84094619042364,,,-0.8,1,0.8,1
trial_0004,27,train,,,0.2503810721509,,,0.0554711454092188,,,0.0,0.0,0.0363363718019521,0,0,6,0,0,0.0,0,6,0,,,,,0.9064416345129621,,,,,
trial_0004,27,eval,,,,,,,0.47368421052631576,1.6073577372651349,,,,,,,,,,,,,,,,,,,,,,
trial_0004,27,global,,,,0.2372532199095147,-0.03897073981194722,,,,,,,0,0,6,0,0,0.0,0,6,0,27,,0.10712074303405572,8.958819924936206,,,-0.8,1,0.8,1
trial_0004,28,train,,,0.2503751345137332,,,0.056625401085995605,,,0.0,0.0,0.03452843783938505,0,0,6,0,0,0.0,0,6,0,,,,,0.8133701286417372,,,,,
trial_0004,28,eval,,,,,,,0.47368421052631576,1.6010015167688068,,,,,,,,,,,,,,,,,,,,,,
trial_0004,28,global,,,,0.23541642317484524,-0.037133943077277784,,,,,,,0,0,6,0,0,0.0,0,6,0,27,,0.10897832817337462,9.146736062348074,,,-0.8,1,0.8,1
trial_0004,29,train,,,0.25039069925216917,,,0.05874433859865716,,,0.0,0.0,0.033007110928759936,0,0,6,0,0,0.0,0,6,0,,,,,0.7445207157033554,,,,,
trial_0004,29,eval,,,,,,,0.5263157894736842,1.6187520027160642,,,,,,,,,,,,,,,,,,,,,,
trial_0004,29,global,,,,0.23811625410870732,-0.03784786368693292,,,,,,,0,0,6,0,0,0.0,0,6,0,27,,0.10835913312693499,9.138665738415792,,,-0.8,1,0.8,1
trial_0004,30,train,,,0.25041833932095386,,,0.06026578964071071,,,0.0,0.0,0.03264096313096742,0,0,7,1,0,0.0,0,6,0,,,,,0.6866338110984639,,,,,
trial_0004,30,eval,0.42105263157894735,0.47368421052631576,,,,,,,,,,,,,,,,,,,,2.1052631578947367,,,,0.0,,,,
trial_0004,30,global,,,,0.2424475481396934,-0.041671801046178784,,,,,,,0,0,7,0,0,0.0,0,7,0,27,,0.10526315789473684,9.378379892638593,,,-0.8,1,0.8,1
trial_0004,31,train,,,0.2504470319824016,,,0.062313839476159275,,,0.0,0.0,0.03172821874948259,0,0,8,1,0,0.0,0,7,0,,,,,0.6293877533775695,,,,,
trial_0004,31,eval,0.42105263157894735,0.47368421052631576,,,,,,,,,,,,,,,,,,,,2.1052631578947367,,,,0.0,,,,
trial_0004,31,global,,,,0.24092605676352138,-0.03947690899660611,,,,,,,0,0,8,0,0,0.0,0,8,0,27,,0.10712074303405572,9.563837841494534,,,-0.8,1,0.8,1
trial_0004,32,train,,,0.2504741609730619,,,0.0638938419362332,,,0.0,0.0,0.031451585516333584,0,0,9,1,0,0.0,0,8,0,,,,,0.5816085404538094,,,,,
trial_0004,32,eval,0.47368421052631576,0.47368421052631576,,,,,,,,,,,,,,,,,,,,2.1052631578947367,,,,0.3684210526315789,,,,
trial_0004,32,global,,,,0.2920405159659803,-0.08916686677456356,,,,,,,1,1,9,0,0,0.25,1,8,0,27,,0.05448916408668731,6.832952665913584,,,-0.8421052631578947,22,0.8421052631578947,22
trial_0004,33,train,,,0.25049046598947966,,,0.058949663853034,,,0.0,0.0,0.03202231567448531,1,1,9,0,0,0.25,1,8,0,,,,,0.5672008229371829,,,,,
trial_0004,33,eval,,,,,,,0.5263157894736842,1.8421861058787294,,,,,,,,,,,,,,,,,,,,,,
trial_0004,33,global,,,,0.2467816436714893,-0.03942628693731313,,,,,,,1,1,9,0,0,0.25,1,8,0,27,,0.10897832817337462,10.122763784308182,,,-0.8,1,0.8,1
trial_0004,34,train,,,0.25052937357983696,,,0.06676029461495421,,,0.0,0.0,0.03095691747012291,1,1,9,0,0,0.25,1,8,0,,,,,0.5277868215708021,,,,,
trial_0004,34,eval,,,,,,,0.5263157894736842,1.7443086222598425,,,,,,,,,,,,,,,,,,,,,,
trial_0004,34,global,,,,0.24511757266932624,-0.03551205734441175,,,,,,,1,1,9,0,0,0.25,1,8,0,27,,0.1108359133126935,9.773797031083712,,,-0.8,1,0.8,1
trial_0004,35,train,,,0.2505635948891335,,,0.06619010833983725,,,0.0,0.0,0.03298700412220143,1,1,9,0,0,0.25,1,8,0,,,,,0.48457781317386217,,,,,
trial_0004,35,eval,,,,,,,0.5263157894736842,1.6888865514805442,,,,,,,,,,,,,,,,,,,,,,
trial_0004,35,global,,,,0.24768760667740586,-0.03673529000569001,,,,,,,1,1,9,0,1,0.25,0,8,0,27,,0.11145510835913312,10.640399200628416,,,-0.8,1,0.8,1
trial_0004,36,train,,,0.25058707911917505,,,0.07039577593194676,,,0.0,0.0,0.02888229537279682,1,1,10,1,1,0.25,0,8,0,,,,,0.4292739647817105,,,,,
trial_0004,36,eval,0.3684210526315789,0.3684210526315789,,,,,,,,,,,,,,,,,,,,2.1052631578947367,,,,0.0,,,,
trial_0004,36,global,,,,0.24682922221981438,-0.035105300609826945,,,,,,,1,1,10,0,1,0.0,0,9,0,27,,0.1108359133126935,10.250292935681417,,,-0.8,1,0.8,1
trial_0004,37,train,,,0.25061783289655726,,,0.06941145975539025,,,0.0,0.0,0.030963146948116894,1,1,11,1,1,0.0,0,9,0,,,,,0.4061134592649784,,,,,
trial_0004,37,eval,0.47368421052631576,0.47368421052631576,,,,,,,,,,,,,,,,,,,,2.1052631578947367,,,,0.0,,,,
trial_0004,37,global,,,,0.24587319759258724,-0.0321290739623978,,,,,,,1,1,11,0,1,0.0,0,10,0,27,,0.11578947368421053,10.888379867600952,,,-0.8,1,0.8,1
trial_0004,38,train,,,0.25065787929169675,,,0.07363851780587054,,,0.0,0.0,0.027913850466621683,1,1,12,1,1,0.0,0,10,0,,,,,0.35453298713298553,,,,,
trial_0004,38,eval,0.47368421052631576,0.42105263157894735,,,,,,,,,,,,,,,,,,,,2.1052631578947367,,,,0.5263157894736842,,,,
trial_0004,38,global,,,,0.28912392943800597,-0.060368666020023935,,,,,,,2,2,12,0,1,0.5,1,10,0,27,,0.09164086687306501,6.003274937679893,,,-0.8,1,0.8484848484848485,18
trial_0004,39,train,,,0.25065139915261947,,,0.0618270456790924,,,0.0,0.0,0.03308387453002589,2,2,12,0,1,0.5,1,10,0,,,,,0.39544844214405334,,,,,
trial_0004,39,eval,,,,,,,0.5789473684210527,1.6749681548068396,,,,,,,,,,,,,,,,,,,,,,
trial_0004,39,global,,,,0.25649863879855034,-0.026971770442296723,,,,,,,2,2,12,0,1,0.5,1,10,0,27,,0.11764705882352941,10.853835565903607,,,-0.8,1,0.8,1
trial_0004,40,train,,,0.2507552612335124,,,0.07310940483783153,,,0.0,0.0,0.029340625032188098,2,2,12,0,1,0.5,1,10,0,,,,,0.30200954355457993,,,,,
trial_0004,40,eval,,,,,,,0.5789473684210527,1.742564664075249,,,,,,,,,,,,,,,,,,,,,,
trial_0004,40,global,,,,0.26379616603911316,-0.03359589700945886,,,,,,,2,2,12,0,1,0.5,1,10,0,27,,0.11393188854489164,10.895597074053974,,,-0.8,1,0.8,1
trial_0004,41,train,,,0.2507863244477739,,,0.0756168783979213,,,0.0,0.0,0.027741248762988033,2,2,12,0,1,0.5,1,10,0,,,,,0.30042344331741333,,,,,
trial_0004,41,eval,,,,,,,0.5789473684210527,1.9032932974790273,,,,,,,,,,,,,,,,,,,,,,
trial_0004,41,global,,,,0.2610863199180829,-0.030114445950156995,,,,,,,2,2,12,0,2,0.5,0,10,0,27,,0.11517027863777089,10.533233415822126,,,-0.8,1,0.8,1
trial_0004,42,train,,,0.25081885526788994,,,0.07470801282436289,,,0.0,0.0,0.02808068808207804,2,2,13,1,2,0.5,0,10,0,,,,,0.2636774455137709,,,,,
trial_0004,42,eval,0.5789473684210527,0.47368421052631576,,,,,,,,,,,,,,,,,,,,2.1052631578947367,,,,0.42105263157894735,,,,
trial_0004,42,global,,,,0.2799727430312012,-0.03588358511265799,,,,,,,3,3,13,0,2,0.5,1,10,0,27,,0.10340557275541795,5.739878162584807,,,-0.8,1,0.8,1
trial_0004,43,train,,,0.25086285268204117,,,0.07486485529549514,,,0.0,0.0,0.02298545612706037,3,3,13,0,2,0.5,1,10,0,,,,,0.24421566709687437,,,,,
trial_0004,43,eval,,,,,,,0.5263157894736842,1.9961970072043569,,,,,,,,,,,,,,,,,,,,,,
trial_0004,43,global,,,,0.28239792810354,-0.038308770184996815,,,,,,,3,2,13,0,2,0.5,0,10,1,27,,0.1065015479876161,11.412398453467402,,,-0.8,1,0.8,1
trial_0004,44,train,,,0.250859852483932,,,0.07542999944788344,,,0.0,0.0,0.02601108992412845,3,2,14,1,2,0.5,0,10,1,,,,,0.23642018801988435,,,,,
trial_0004,44,eval,0.42105263157894735,0.5263157894736842,,,,,,,,,,,,,,,,,,,,2.1052631578947367,,,,0.0,,,,
trial_0004,44,global,,,,0.27416648195262483,-0.02940392336068096,,,,,,,3,2,14,0,2,0.0,0,11,1,27,,0.11455108359133127,10.96741259312113,,,-0.8,1,0.8,1
trial_0004,45,train,,,0.2508951267029377,,,0.07433710706994888,,,0.0,0.0,0.02683495376060935,3,2,15,1,2,0.0,0,11,1,,,,,0.22173495383021682,,,,,
trial_0004,45,eval,0.5789473684210527,0.5789473684210527,,,,,,,,,,,,,,,,,,,,2.1052631578947367,,,,0.0,,,,
trial_0004,45,global,,,,0.28123383842590766,-0.036471279833963796,,,,,,,3,2,15,0,2,0.0,0,12,1,27,,0.11021671826625387,11.61533373191999,,,-0.8,1,0.8,1
trial_0004,46,train,,,0.2509172495375288,,,0.07476864216175484,,,0.0,0.0,0.024126168509866014,3,2,16,1,2,0.0,0,12,1,,,,,0.20164352190938403,,,,,
trial_0004,46,eval,0.47368421052631576,0.47368421052631576,,,,,,,,,,,,,,,,,,,,2.1052631578947367,,,,0.0,,,,
trial_0004,46,global,,,,0.26835503412143114,-0.021572273509285228,,,,,,,3,2,16,0,2,0.0,0,13,1,27,,0.12136222910216718,11.466547977223115,,,-0.8,1,0.8,1
trial_0004,47,train,,,0.25095370411872864,,,0.07441015953713276,,,0.0,0.0,0.025226092409401976,3,2,16,0,2,0.0,0,13,1,,,,,0.19814380006270202,,,,,
trial_0004,47,eval,,,,,,,0.5789473684210527,1.9861939157310282,,,,,,,,,,,,,,,,,,,,,,
trial_0004,47,global,,,,0.27880940518277353,-0.03202664457062766,,,,,,,3,2,16,0,2,0.0,0,13,1,27,,0.11455108359133127,11.981940809787242,,,-0.8,1,0.8,1
trial_0004,48,train,,,0.25097544491291046,,,0.07349926867383591,,,0.0,0.0,0.021706234402161965,3,2,16,0,2,0.0,0,13,1,,,,,0.15971907226646198,,,,,
trial_0004,48,eval,,,,,,,0.5263157894736842,2.0187320536688755,,,,,,,,,,,,,,,,,,,,,,
trial_0004,48,global,,,,0.2639857525718994,-0.016529591286352834,,,,,,,3,2,16,0,2,0.0,0,13,1,27,,0.1256965944272446,11.95947936917237,,,-0.8,1,0.8,1
trial_0004,49,train,,,0.25101964175701136,,,0.07365088133101767,,,0.0,0.0,0.02250558735401509,3,2,16,0,2,0.0,0,13,1,,,,,0.165455783491439,,,,,
trial_0004,49,eval,,,,,,,0.5789473684210527,2.0199149941143233,,,,,,,,,,,,,,,,,,,,,,
trial_0004,49,global,,,,0.2792879732190316,-0.03183181193348507,,,,,,,3,2,16,0,2,0.0,0,13,1,27,,0.11269349845201239,12.448402130788324,,,-0.8,1,0.8,1
trial_0004,50,train,,,0.25102909828754183,,,0.07413178175053697,,,0.0,0.0,0.01891811593024536,3,2,16,0,2,0.0,0,13,1,,,,,0.12941948527351338,,,,,
trial_0004,50,eval,,,,,,,0.5263157894736842,2.1184064275340027,,,,,,,,,,,,,,,,,,,,,,
trial_0004,50,global,,,,0.2672052133756507,-0.019749052090104115,,,,,,,3,2,16,0,2,0.0,0,13,1,27,,0.12260061919504645,11.939786196493143,,,-0.8,1,0.8,1
trial_0004,51,train,,,0.2510793183712249,,,0.07374771731965085,,,0.0,0.0,0.021046137795139582,3,2,17,1,2,0.0,0,13,1,,,,,0.14855486733165194,,,,,
trial_0004,51,eval,0.5263157894736842,0.5263157894736842,,,,,,,,,,,,,,,,,,,,2.1052631578947367,,,,0.0,,,,
trial_0004,51,global,,,,0.2756442854272261,-0.028188124141679507,,,,,,,3,2,17,0,2,0.0,0,14,1,27,,0.11888544891640866,12.432858970807432,,,-0.8,1,0.8,1
trial_0004,52,train,,,0.25109805959336295,,,0.07469961554446118,,,0.0,0.0,0.017741248688284073,3,2,18,1,2,0.0,0,14,1,,,,,0.12732279244414035,,,,,
trial_0004,52,eval,0.47368421052631576,0.47368421052631576,,,,,,,,,,,,,,,,,,,,2.1052631578947367,,,,0.0,,,,
trial_0004,52,global,,,,0.271850672710831,-0.024394511425284475,,,,,,,3,2,18,0,2,0.0,0,15,1,27,,0.11764705882352941,11.7394250474109,,,-0.8,1,0.8,1
trial_0004,53,train,,,0.25113222288324477,,,0.07365752661481817,,,0.0,0.0,0.019369114989023457,3,2,19,1,2,0.0,0,15,1,,,,,0.11904766056290332,,,,,
trial_0004,53,eval,0.5789473684210527,0.5789473684210527,,,,,,,,,,,,,,,,,,,,2.1052631578947367,,,,0.0,,,,
trial_0004,53,global,,,,0.27105218499682904,-0.023596023711282475,,,,,,,3,2,19,0,2,0.0,0,16,1,27,,0.12321981424148606,12.45216861405978,,,-0.8,1,0.8,1
trial_0004,54,train,,,0.25116580185738013,,,0.07630466653945597,,,0.0,0.0,0.01640936185164932,3,2,20,1,2,0.0,0,16,1,,,,,0.12102002648914115,,,,,
trial_0004,54,eval,0.47368421052631576,0.47368421052631576,,,,,,,,,,,,,,,,,,,,2.1052631578947367,,,,0.15789473684210525,,,,
trial_0004,54,global,,,,0.2890587714736655,-0.04160261018811893,,,,,,,4,3,20,0,2,0.25,1,16,1,27,,0.09721362229102168,6.783491114566201,,,-0.8,1,0.8,1
trial_0004,55,train,,,0.25128185238156997,,,0.06621487821851457,,,0.0,0.0,0.01870357711799443,4,3,20,0,2,0.25,1,16,1,,,,,0.11731070406734942,,,,,
trial_0004,55,eval,,,,,,,0.5789473684210527,1.9748264229611348,,,,,,,,,,,,,,,,,,,,,,
trial_0004,55,global,,,,0.27138793815765616,-0.023931776872109626,,,,,,,4,3,20,0,2,0.25,1,16,1,27,,0.11578947368421053,11.2557689324252,,,-0.8,1,0.8,1
trial_0004,56,train,,,0.25120708600003666,,,0.07044605118163087,,,0.0,0.0,0.021786591988874282,4,3,20,0,2,0.25,1,16,1,,,,,0.11112355287880339,,,,,
trial_0004,56,eval,,,,,,,0.6842105263157894,1.8409861137992456,,,,,,,,,,,,,,,,,,,,,,
trial_0004,56,global,,,,0.2709879210209544,-0.022184958388606544,,,,,,,4,3,20,0,2,0.25,1,16,1,27,,0.12198142414860681,11.932478752962945,,,-0.8,1,0.8,1
trial_0004,57,train,,,0.251233752737654,,,0.07193166841851903,,,0.0,0.0,0.014536131677859306,4,3,20,0,2,0.25,1,16,1,,,,,0.11264728861761852,,,,,
trial_0004,57,eval,,,,,,,0.5789473684210527,1.853002330190257,,,,,,,,,,,,,,,,,,,,,,
trial_0004,57,global,,,,0.26564709946067344,-0.016844136828325553,,,,,,,4,2,20,0,2,0.25,0,16,2,27,,0.12321981424148606,12.122355661303635,,,-0.8,1,0.8,1
trial_0004,58,train,,,0.2512350770387244,,,0.07643522924565253,,,0.0,0.0,0.019956937540406762,4,2,20,0,2,0.25,0,16,2,,,,,0.10400269245927003,,,,,
trial_0004,58,eval,,,,,,,0.6842105263157894,1.8888037255720087,,,,,,,,,,,,,,,,,,,,,,
trial_0004,58,global,,,,0.26973396283730616,-0.020931000204958278,,,,,,,4,2,20,0,2,0.25,0,16,2,27,,0.1238390092879257,12.177704334554289,,,-0.8,1,0.8,1
trial_0004,59,train,,,0.25127889089127803,,,0.07719448842900865,,,0.0,0.0,0.01471429995274756,4,2,21,1,2,0.25,0,16,2,,,,,0.11351321348326002,,,,,
trial_0004,59,eval,0.5263157894736842,0.5263157894736842,,,,,,,,,,,,,,,,,,,,2.1052631578947367,,,,0.0,,,,
trial_0004,59,global,,,,0.26551606404798833,-0.01469289939543841,,,,,,,4,2,21,0,2,0.0,0,17,2,27,,0.12631578947368421,11.653064576612538,,,-0.8,1,0.8,1
trial_0004,60,train,,,0.2513051102770135,,,0.07494229458748027,,,0.0,0.0,0.016487633358895224,4,2,22,1,2,0.0,0,17,2,,,,,0.08526460998394388,,,,,
trial_0004,60,eval,0.5263157894736842,0.5263157894736842,,,,,,,,,,,,,,,,,,,,2.1052631578947367,,,,0.0,,,,
trial_0004,60,global,,,,0.27034760583418943,-0.0195244411816395,,,,,,,4,2,22,0,2,0.0,0,18,2,27,,0.1238390092879257,12.129751199539232,,,-0.8,1,0.8,1
trial_0004,61,train,,,0.25132828221676196,,,0.074941615474985,,,0.0,0.0,0.013768598864299614,4,2,23,1,2,0.0,0,18,2,,,,,0.08311590838464017,,,,,
trial_0004,61,eval,0.5789473684210527,0.5789473684210527,,,,,,,,,,,,,,,,,,,,2.1052631578947367,,,,0.0,,,,
trial_0004,61,global,,,,0.2630267463639382,-0.012203581711388257,,,,,,,4,2,23,0,2,0.0,0,19,2,27,,0.12879256965944272,12.122911600874673,,,-0.8,1,0.8,1
trial_0004,62,train,,,0.2513321229117982,,,0.07249045562236867,,,0.0,0.0,0.01596317849622945,4,2,23,0,2,0.0,0,19,2,,,,,0.08309174643314265,,,,,
trial_0004,62,eval,,,,,,,0.631578947368421,1.9120548414556604,,,,,,,,,,,,,,,,,,,,,,
trial_0004,62,global,,,,0.26664709381093815,-0.01353769230425017,,,,,,,4,2,23,0,2,0.0,0,19,2,27,,0.13126934984520125,12.878451599499021,,,-0.8,1,0.8,1
trial_0004,63,train,,,0.2513433476077749,,,0.07222906769590175,,,0.0,0.0,0.013489555054594407,4,2,23,0,2,0.0,0,19,2,,,,,0.06847257371991873,,,,,
trial_0004,63,eval,,,,,,,0.631578947368421,1.8558259135798403,,,,,,,,,,,,,,,,,,,,,,
trial_0004,63,global,,,,0.2710408984450697,-0.015645260084243558,,,,,,,4,2,23,0,2,0.0,0,19,2,27,,0.1281733746130031,13.00511181243802,,,-0.8,1,0.8,1
trial_0004,64,train,,,0.2513530951865176,,,0.07192929945093521,,,0.0,0.0,0.015510600966437315,4,2,23,0,2,0.0,0,19,2,,,,,0.07499185373927367,,,,,
trial_0004,64,eval,,,,,,,0.631578947368421,2.0149212918783483,,,,,,,,,,,,,,,,,,,,,,
trial_0004,64,global,,,,0.27161965577626634,-0.01622401741544025,,,,,,,4,2,23,0,2,0.0,0,19,2,27,,0.1281733746130031,13.07157765202478,,,-0.8,1,0.8,1
trial_0004,65,train,,,0.25137890146133746,,,0.07118890006491478,,,0.0,0.0,0.011801940418483859,4,2,24,1,2,0.0,0,19,2,,,,,0.05795389867407527,,,,,
trial_0004,65,eval,0.47368421052631576,0.5263157894736842,,,,,,,,,,,,,,,,,,,,2.1052631578947367,,,,0.0,,,,
trial_0004,65,global,,,,0.26958384265751084,-0.014188204296684763,,,,,,,4,2,24,0,2,0.0,0,20,2,27,,0.12941176470588237,13.14252842291959,,,-0.8,1,0.8,1
trial_0004,66,train,,,0.2514051411380159,,,0.07252391602130645,,,0.0,0.0,0.014598394690782448,4,2,24,0,2,0.0,0,20,2,,,,,0.08106504736785242,,,,,
trial_0004,66,eval,,,,,,,0.631578947368421,1.9422683209965101,,,,,,,,,,,,,,,,,,,,,,
trial_0004,66,global,,,,0.270220647853773,-0.012804807472744841,,,,,,,4,2,24,0,2,0.0,0,20,2,27,,0.13188854489164087,12.567222718041009,,,-0.8,1,0.8,1
trial_0004,67,train,,,0.2514251492759015,,,0.07027239685362957,,,0.0,0.0,0.010915913157867259,4,2,25,1,2,0.0,0,20,2,,,,,0.05942426809565501,,,,,
trial_0004,67,eval,0.47368421052631576,0.5263157894736842,,,,,,,,,,,,,,,,,,,,2.1052631578947367,,,,0.0,,,,
trial_0004,67,global,,,,0.2727466211334834,-0.015330780752455279,,,,,,,4,2,25,0,2,0.0,0,21,2,27,,0.12755417956656348,12.752474455936774,,,-0.8,1,0.8,1
trial_0004,68,train,,,0.2514525014669337,,,0.07079430590284631,,,0.0,0.0,0.014753761372350634,4,2,26,1,2,0.0,0,21,2,,,,,0.07138719208380008,,,,,
trial_0004,68,eval,0.47368421052631576,0.5263157894736842,,,,,,,,,,,,,,,,,,,,2.1052631578947367,,,,0.0,,,,
trial_0004,68,global,,,,0.26730674780418867,-0.009890907423160553,,,,,,,4,2,26,0,2,0.0,0,22,2,27,,0.13560371517027864,13.035209948654883,,,-0.8,1,0.8,1
trial_0004,69,train,,,0.251481331409292,,,0.06963867075899814,,,0.0,0.0,0.010559406583544186,4,2,27,1,2,0.0,0,22,2,,,,,0.06298131067503956,,,,,
trial_0004,69,eval,0.631578947368421,0.631578947368421,,,,,,,,,,,,,,,,,,,,2.1052631578947367,,,,0.0,,,,
trial_0004,69,global,,,,0.27344268501488994,-0.014680043287060504,,,,,,,4,2,27,0,2,0.0,0,23,2,27,,0.12879256965944272,12.316838782342964,,,-0.8,1,0.8,1
trial_0004,70,train,,,0.25150300181926566,,,0.07000533570634557,,,0.0,0.0,0.011302518395600506,4,2,27,0,2,0.0,0,23,2,,,,,0.05875944515214638,,,,,
trial_0004,70,eval,,,,,,,0.5789473684210527,2.1294785047832288,,,,,,,,,,,,,,,,,,,,,,
trial_0004,70,global,,,,0.26443782697966944,-0.0056751852518400194,,,,,,,4,2,27,0,2,0.0,0,23,2,27,,0.1386996904024768,13.0946069817794,,,-0.8,1,0.8,1
trial_0004,71,train,,,0.251526599868815,,,0.06951272551049577,,,0.0,0.0,0.010830965034596803,4,2,27,0,2,0.0,0,23,2,,,,,0.06883308210588517,,,,,
trial_0004,71,eval,,,,,,,0.6842105263157894,2.0453860398970147,,,,,,,,,,,,,,,,,,,,,,
trial_0004,71,global,,,,0.2709930439627157,-0.011557001561485522,,,,,,,4,2,27,0,2,0.0,0,23,2,27,,0.13188854489164087,12.309737341913277,,,-0.8,1,0.8,1
trial_0004,72,train,,,0.2515424429736239,,,0.06911547006444728,,,0.0,0.0,0.009673291056784133,4,2,27,0,2,0.0,0,23,2,,,,,0.08498976600772522,,,,,
trial_0004,72,eval,,,,,,,0.631578947368421,2.1089912966678015,,,,,,,,,,,,,,,,,,,,,,
trial_0004,72,global,,,,0.2676791824408458,-0.008243140039615696,,,,,,,4,2,27,0,2,0.0,0,23,2,27,,0.1368421052631579,12.936346468615458,,,-0.8,1,0.8,1
trial_0004,73,train,,,0.2515592445084389,,,0.06788538681699874,,,0.0,0.0,0.008705820483056473,4,2,28,1,2,0.0,0,23,2,,,,,0.09022409167695551,,,,,
trial_0004,73,eval,0.47368421052631576,0.47368421052631576,,,,,,,,,,,,,,,,,,,,2.1052631578947367,,,,0.0,,,,
trial_0004,73,global,,,,0.26796269325281064,-0.008526650851580475,,,,,,,4,2,28,0,2,0.0,0,24,2,27,,0.13622291021671826,12.642335496081657,,,-0.8,1,0.8,1
trial_0004,74,train,,,0.2515645236410993,,,0.06653538409699784,,,0.0,0.0,0.009396501547025959,4,2,28,0,2,0.0,0,24,2,,,,,0.040400018114992914,,,,,
trial_0004,74,eval,,,,,,,0.6842105263157894,2.113759544530981,,,,,,,,,,,,,,,,,,,,,,
trial_0004,74,global,,,,0.2716359735816178,-0.012199931180387678,,,,,,,4,2,28,0,2,0.0,0,24,2,27,,0.1325077399380805,12.831199764098177,,,-0.8,1,0.8,1
trial_0004,75,train,,,0.2515736586870031,,,0.06582254615235836,,,0.0,0.0,0.008298364501728855,4,2,29,1,2,0.0,0,24,2,,,,,0.05781764417807473,,,,,
trial_0004,75,eval,0.5789473684210527,0.5263157894736842,,,,,,,,,,,,,,,,,,,,2.1052631578947367,,,,0.15789473684210525,,,,
trial_0004,75,global,,,,0.29103922698077234,-0.03160318457954217,,,,,,,5,3,29,0,2,0.25,1,24,2,27,,0.11578947368421053,10.379960925217384,,,-0.8421052631578947,22,0.8421052631578947,22
trial_0004,76,train,,,0.25133205365531053,,,0.052414150177677976,,,0.0,0.0,0.011386875250219086,5,3,29,0,2,0.25,1,24,2,,,,,0.04783092097768301,,,,,
trial_0004,76,eval,,,,,,,0.5789473684210527,2.410310883271067,,,,,,,,,,,,,,,,,,,,,,
trial_0004,76,global,,,,0.2790851888734266,-0.01964914647219643,,,,,,,5,2,29,0,2,0.25,0,24,3,27,,0.12631578947368421,14.082157893225135,,,-0.8,1,0.8,1
trial_0004,77,train,,,0.2515827789902687,,,0.06499764703689737,,,0.0,0.0,0.006667854577662706,5,2,30,1,2,0.25,0,24,3,,,,,0.04102794440027247,,,,,
trial_0004,77,eval,0.5263157894736842,0.5263157894736842,,,,,,,,,,,,,,,,,,,,2.1052631578947367,,,,0.0,,,,
trial_0004,77,global,,,,0.2685335996335507,-0.009097557232320596,,,,,,,5,2,30,0,2,0.0,0,25,3,27,,0.13560371517027864,12.782496539136574,,,-0.8,1,0.8,1
trial_0004,78,train,,,0.2515709601501201,,,0.06343528121075731,,,0.0,0.0,0.007784206486812377,5,2,31,1,2,0.0,0,25,3,,,,,0.033581924562322646,,,,,
trial_0004,78,eval,0.631578947368421,0.5789473684210527,,,,,,,,,,,,,,,,,,,,2.1052631578947367,,,,0.15789473684210525,,,,
trial_0004,78,global,,,,0.2810777885010852,-0.0216417460998551,,,,,,,6,3,31,0,2,0.25,1,25,3,27,,0.1281733746130031,11.804145050048827,,,-0.8,1,0.8,1
trial_0004,79,train,,,0.25130586776622504,,,0.05805094297542128,,,0.0,0.0,0.005500725933809517,6,3,31,0,2,0.25,1,25,3,,,,,0.022240175510388472,,,,,
trial_0004,79,eval,,,,,,,0.631578947368421,2.3807168155908585,,,,,,,,,,,,,,,,,,,,,,
trial_0004,79,global,,,,0.2774264925645809,-0.0179904501633508,,,,,,,6,3,31,0,2,0.25,1,25,3,27,,0.1281733746130031,12.793474916629378,,,-0.8,1,0.8,1
trial_0004,80,train,,,0.2515953638135119,,,0.058984039945805325,,,0.0,0.0,0.008835632674163207,6,3,31,0,2,0.25,1,25,3,,,,,0.040492351695974454,,,,,
trial_0004,80,eval,,,,,,,0.6842105263157895,2.023730474083047,,,,,,,,,,,,,,,,,,,,,,
trial_0004,80,global,,,,0.2702248638707422,-0.010788821469512029,,,,,,,6,3,31,0,2,0.25,1,25,3,27,,0.13374613003095975,13.162401946927003,,,-0.8,1,0.8,1
trial_0004,81,train,,,0.2516001348799848,,,0.058719387079807034,,,0.0,0.0,0.005645108079516695,6,3,31,0,2,0.25,1,25,3,,,,,0.0494847485131802,,,,,
trial_0004,81,eval,,,,,,,0.631578947368421,2.2456751479522175,,,,,,,,,,,,,,,,,,,,,,
trial_0004,81,global,,,,0.27109243066542876,-0.01165638826419864,,,,,,,6,2,31,0,2,0.25,0,25,4,27,,0.13498452012383902,13.72407200580042,,,-0.8,1,0.8,1
trial_0004,82,train,,,0.2515931956945582,,,0.060361995341929986,,,0.0,0.0,0.006862769590565648,6,2,32,1,2,0.25,0,25,4,,,,,0.04133469542746056,,,,,
trial_0004,82,eval,0.47368421052631576,0.47368421052631576,,,,,,,,,,,,,,,,,,,,2.1052631578947367,,,,0.0,,,,
trial_0004,82,global,,,,0.26745241123983954,-0.008016368838609391,,,,,,,6,2,32,0,2,0.0,0,26,4,27,,0.13808049535603714,13.173879971814229,,,-0.8,1,0.8,1
trial_0004,83,train,,,0.25158324013365074,,,0.05959105808684166,,,0.0,0.0,0.007487007477655116,6,2,32,0,2,0.0,0,26,4,,,,,0.03587303488574763,,,,,
trial_0004,83,eval,,,,,,,0.631578947368421,2.1565881288169244,,,,,,,,,,,,,,,,,,,,,,
trial_0004,83,global,,,,0.26872665093545306,-0.009290608534222929,,,,,,,6,2,32,0,2,0.0,0,26,4,27,,0.13560371517027864,12.987425727962341,,,-0.8,1,0.8,1
trial_0004,84,train,,,0.2515992890013025,,,0.05888757553506404,,,0.0,0.0,0.005739855790709547,6,2,33,1,2,0.0,0,26,4,,,,,0.03459332574535399,,,,,
trial_0004,84,eval,0.5789473684210527,0.5263157894736842,,,,,,,,,,,,,,,,,,,,2.1052631578947367,,,,0.15789473684210525,,,,
trial_0004,84,global,,,,0.27141296067089554,-0.011976918269665375,,,,,,,7,3,33,0,2,0.25,1,26,4,27,,0.13622291021671826,10.228797128399828,,,-0.8,1,0.8,1
trial_0004,85,train,,,0.251307077611549,,,0.04673179418225831,,,0.0,0.0,0.011267633887031413,7,3,33,0,2,0.25,1,26,4,,,,,0.04482480243697197,,,,,
trial_0004,85,eval,,,,,,,0.5789473684210527,2.2332940383961324,,,,,,,,,,,,,,,,,,,,,,
trial_0004,85,global,,,,0.27692157956422003,-0.016061035738488463,,,,,,,7,2,33,0,2,0.25,0,26,5,27,,0.12941176470588237,14.596351741637239,,,-0.8,1,0.8,1
trial_0004,86,train,,,0.2516231140557756,,,0.05764612999368222,,,0.0,0.0,0.006417028963388728,7,2,34,1,2,0.25,0,26,5,,,,,0.02952219655816542,,,,,
trial_0004,86,eval,0.5263157894736842,0.5263157894736842,,,,,,,,,,,,,,,,,,,,2.1052631578947367,,,,0.0,,,,
trial_0004,86,global,,,,0.27140033495817273,-0.010539791132441178,,,,,,,7,2,34,0,2,0.0,0,27,5,27,,0.13560371517027864,13.343664295680751,,,-0.8,1,0.8,1
trial_0004,87,train,,,0.25164805875813706,,,0.05694271465565296,,,0.0,0.0,0.004832245434644915,7,2,34,0,2,0.0,0,27,5,,,,,0.03008893116258402,,,,,
trial_0004,87,eval,,,,,,,0.631578947368421,2.3739017681463763,,,,,,,,,,,,,,,,,,,,,,
trial_0004,87,global,,,,0.27126757571268684,-0.010407031886955291,,,,,,,7,2,34,0,2,0.0,0,27,5,27,,0.13374613003095975,13.040159791172842,,,-0.8,1,0.8,1
trial_0004,88,train,,,0.25166772860795894,,,0.057125500542052246,,,0.0,0.0,0.006120886259119057,7,2,34,0,2,0.0,0,27,5,,,,,0.027421260872816152,,,,,
trial_0004,88,eval,,,,,,,0.631578947368421,2.194709647839007,,,,,,,,,,,,,,,,,,,,,,
trial_0004,88,global,,,,0.27351835481357145,-0.012657810987839913,,,,,,,7,2,34,0,2,0.0,0,27,5,27,,0.13312693498452013,13.500779837499094,,,-0.8,1,0.8,1
trial_0004,89,train,,,0.251671331677031,,,0.05645597107866977,,,0.0,0.0,0.005396479267801625,7,2,35,1,2,0.0,0,27,5,,,,,0.08816914740117623,,,,,
trial_0004,89,eval,0.631578947368421,0.5789473684210527,,,,,,,,,,,,,,,,,,,,2.1052631578947367,,,,0.15789473684210525,,,,
trial_0004,89,global,,,,0.26915256421026595,-0.008292020384534401,,,,,,,8,3,35,0,2,0.25,1,27,5,27,,0.13622291021671826,10.212028966378131,,,-0.8,1,0.8,1
trial_0004,90,train,,,0.2513724977886954,,,0.05331897458364797,,,0.0,0.0,0.005158572526767764,8,3,35,0,2,0.25,1,27,5,,,,,0.18191930983475474,,,,,
trial_0004,90,eval,,,,,,,0.5789473684210527,2.5714980263851186,,,,,,,,,,,,,,,,,,,,,,
trial_0004,90,global,,,,0.2738738678084963,-0.013013323982764727,,,,,,,8,2,35,0,2,0.25,0,27,6,27,,0.13312693498452013,13.294673076428865,,,-0.8,1,0.8,1
trial_0005,1,train,,,0.2504132412656953,,,0.011868486452046075,,,0.0,0.0,0.002826578910698489,0,0,0,0,0,,0,0,0,,,,,2.198364128945749,,,,,
trial_0005,1,eval,,,,,,,0.3529411764705882,2.1883484335506664,,,,,,,,,,,,,,,,,,,,,,
trial_0005,1,global,,,,,,,,,,,,0,0,0,0,0,,0,0,0,9,,0.12421052631578948,2.1968995074221964,,,,,,
trial_0005,2,train,,,0.2503576995451239,,,0.014060980062695998,,,0.0,0.0,0.021403131176882625,0,0,0,0,0,,0,0,0,,,,,2.168160299409794,,,,,
trial_0005,2,eval,,,,,,,0.11764705882352941,2.1779835364397835,,,,,,,,,,,,,,,,,,,,,,
trial_0005,2,global,,,,0.015637860082304538,-0.004744613894940704,,,,,,,0,0,0,0,0,,0,0,0,9,,0.12,2.1961993528667247,,,-0.07407407407407407,3,0.07407407407407407,3
trial_0005,3,train,,,0.25035124790819385,,,0.01924640317506428,,,0.0,0.0,0.021708784677394774,0,0,0,0,0,,0,0,0,,,,,2.090285352211964,,,,,
trial_0005,3,eval,,,,,,,0.058823529411764705,2.1432710815878475,,,,,,,,,,,,,,,,,,,,,,
trial_0005,3,global,,,,0.032195594287097555,-0.021302348099733723,,,,,,,0,0,0,0,0,,0,0,0,9,,0.1031578947368421,2.227298593019184,,,-0.11764705882352944,0,0.21568627450980393,0
trial_0005,4,train,,,0.25040766257274,,,0.026924806116502498,,,0.0,0.0,0.028167462888869305,0,0,0,0,0,,0,0,0,,,,,1.9490049099620386,,,,,
trial_0005,4,eval,,,,,,,0.1764705882352941,2.116379695780137,,,,,,,,,,,,,,,,,,,,,,
trial_0005,4,global,,,,0.05495037521181313,-0.004106364006298835,,,,,,,0,0,0,0,0,,0,0,0,9,,0.12210526315789473,2.2192806043122943,,,-0.22222222222222232,1,0.23529411764705882,0
trial_0005,5,train,,,0.25044874375379533,,,0.032618762948845005,,,0.0,0.0,0.02505894584015389,0,0,0,0,0,,0,0,0,,,,,1.725707186852829,,,,,
trial_0005,5,eval,,,,,,,0.1764705882352941,2.1947165096507355,,,,,,,,,,,,,,,,,,,,,,
trial_0005,5,global,,,,0.05551571450132133,-0.004671703295807033,,,,,,,0,0,0,0,0,,0,0,0,9,,0.12,2.3673790946759676,,,-0.13725490196078433,0,0.23529411764705882,0
trial_0005,6,train,,,0.250449120621138,,,0.037857784689227236,,,0.0,0.0,0.030416818444110174,0,0,0,0,0,,0,0,0,,,,,1.6220820034606547,,,,,
trial_0005,6,eval,,,,,,,0.2941176470588235,2.1609267907984115,,,,,,,,,,,,,,,,,,,,,,
trial_0005,6,global,,,,0.04313725490196079,0.07206204666576115,,,,,,,0,0,0,0,0,,0,0,0,9,,0.19789473684210526,2.299316877565886,,,-0.1568627450980392,0,0.2549019607843137,0
trial_0005,7,train,,,0.25045029045660283,,,0.041076181998735736,,,0.0,0.0,0.028004843041395083,0,0,0,0,0,,0,0,0,,,,,1.461325231081323,,,,,
trial_0005,7,eval,,,,,,,0.411764705882353,2.331107392030604,,,,,,,,,,,,,,,,,,,,,,
trial_0005,7,global,,,,0.08019569489893469,0.04037995075480874,,,,,,,0,0,0,0,0,,0,0,0,9,,0.16842105263157894,2.5497022990176554,,,-0.13333333333333341,1,0.196078431372549,0
trial_0005,8,train,,,0.2504500018644936,,,0.04291583710833441,,,0.0,0.0,0.036897512723373466,0,0,0,0,0,,0,0,0,,,,,1.334487383576888,,,,,
trial_0005,8,eval,,,,,,,0.4705882352941177,2.2408018673167507,,,,,,,,,,,,,,,,,,,,,,
trial_0005,8,global,,,,0.06255128482902937,0.05802436082471407,,,,,,,0,0,0,0,0,,0,0,0,9,,0.18526315789473685,2.5645008809942946,,,-0.1777777777777778,1,0.1777777777777778,1
trial_0005,9,train,,,0.2504750184620483,,,0.045073945311051376,,,0.0,0.0,0.036848751092447514,0,0,1,1,0,,0,0,0,,,,,1.1073193779474573,,,,,
trial_0005,9,eval,0.3529411764705882,0.3529411764705882,,,,,,,,,,,,,,,,,,,,2.8823529411764706,,,,0.0,,,,
trial_0005,9,global,,,,0.0641247898049097,0.058629505086306516,,,,,,,0,0,1,0,0,0.0,0,1,0,9,,0.1831578947368421,2.796366740527906,,,-0.1777777777777778,1,0.1777777777777778,1
trial_0005,10,train,,,0.2504797498636608,,,0.04749093289616742,,,0.0,0.0,0.03819983779346642,0,0,1,0,0,0.0,0,1,0,,,,,0.9945130094885826,,,,,
trial_0005,10,eval,,,,,,,0.411764705882353,2.2983911388060627,,,,,,,,,,,,,,,,,,,,,,
trial_0005,10,global,,,,0.05362978834390528,0.07784293644800683,,,,,,,0,0,1,0,0,0.0,0,1,0,9,,0.20421052631578948,2.840500095267045,,,-0.24444444444444446,1,0.24444444444444446,1
trial_0005,11,train,,,0.2504019803085992,,,0.02485675797906033,,,0.0,0.0,0.04850709362518649,0,0,1,0,0,0.0,0,1,0,,,,,16.395475724686023,,,,,
trial_0005,11,eval,,,,,,,0.15789473684210525,4.618873420514559,,,,,,,,,,,,,,,,,,,,,,
trial_0005,11,global,,,,0.25104796229432047,-0.11957523750240837,,,,,,,0,0,1,0,0,0.0,0,1,0,18,,0.07272727272727272,6.293621442876934,,,-0.6888888888888889,1,0.6888888888888889,1
trial_0005,12,train,,,0.2503134771141895,,,0.03479830123657404,,,0.0,1.0,0.19608098032862645,0,0,1,0,0,0.0,0,1,0,,,,,3.20595050384832,,,,,
trial_0005,12,eval,,,,,,,0.05263157894736842,2.948331192920082,,,,,,,,,,,,,,,,,,,,,,
trial_0005,12,global,,,,0.1507519413781154,-0.05956332871862305,,,,,,,0,0,1,0,0,0.0,0,1,0,18,,0.07177033492822966,5.0140197226875705,,,-0.6222222222222222,1,0.6222222222222222,1
trial_0005,13,train,,,0.25030533380286635,,,0.033798208070355794,,,0.0,0.3488372093023256,0.09612382560275323,0,0,1,0,0,0.0,0,1,0,,,,,1.901971471032431,,,,,
trial_0005,13,eval,,,,,,,0.21052631578947367,2.1776110624012195,,,,,,,,,,,,,,,,,,,,,,
trial_0005,13,global,,,,0.16952988230150762,-0.04536990544308964,,,,,,,0,0,1,0,0,0.0,0,1,0,18,,0.09090909090909091,4.80210965649363,,,-0.8,1,0.8,1
trial_0005,14,train,,,0.25028309503266977,,,0.03298714029234509,,,0.0,0.0,0.0633147626248903,0,0,2,1,0,0.0,0,1,0,,,,,1.7121638435263966,,,,,
trial_0005,14,eval,0.15789473684210525,0.15789473684210525,,,,,,,,,,,,,,,,,,,,1.6842105263157894,,,,0.0,,,,
trial_0005,14,global,,,,0.17793583727609005,-0.04261838055909675,,,,,,,0,0,2,0,0,0.0,0,2,0,18,,0.09569377990430622,5.200093895852851,,,-0.8,1,0.8,1
trial_0005,15,train,,,0.25028202977291375,,,0.0344354884569035,,,0.0,0.09302325581395349,0.06146663157052772,0,0,2,0,0,0.0,0,2,0,,,,,1.5731980138046797,,,,,
trial_0005,15,eval,,,,,,,0.21052631578947367,1.9734872642316317,,,,,,,,,,,,,,,,,,,,,,
trial_0005,15,global,,,,0.17821022960838537,-0.035937460771760694,,,,,,,0,0,2,0,0,0.0,0,2,0,18,,0.10143540669856459,4.967643374575382,,,-0.8,1,0.8,1
trial_0005,16,train,,,0.2502831658998201,,,0.03534557930258818,,,0.0,0.0,0.04901986606419087,0,0,2,0,0,0.0,0,2,0,,,,,1.3646979796331982,,,,,
trial_0005,16,eval,,,,,,,0.3157894736842105,2.2516687041834778,,,,,,,,,,,,,,,,,,,,,,
trial_0005,16,global,,,,0.16317713918405863,-0.014441726169609818,,,,,,,0,0,2,0,0,0.0,0,2,0,18,,0.12440191387559808,5.33580254093882,,,-0.8,1,0.8,1
trial_0005,17,train,,,0.25030664787736046,,,0.03723199561584827,,,0.0,0.09302325581395349,0.05036643571112046,0,0,3,1,0,0.0,0,2,0,,,,,1.3221384454605192,,,,,
trial_0005,17,eval,0.15789473684210525,0.15789473684210525,,,,,,,,,,,,,,,,,,,,1.6842105263157894,,,,0.0,,,,
trial_0005,17,global,,,,0.1764735015000288,-0.02362286214813141,,,,,,,0,0,3,0,0,0.0,0,3,0,18,,0.11387559808612441,5.12190719061491,,,-0.8,1,0.8,1
trial_0005,18,train,,,0.25033253899147345,,,0.0391752726809923,,,0.0,0.0,0.04246745590380459,0,0,3,0,0,0.0,0,3,0,,,,,1.1823764814886935,,,,,
trial_0005,18,eval,,,,,,,0.3684210526315789,2.112446822618183,,,,,,,,,,,,,,,,,,,,,,
trial_0005,18,global,,,,0.1663724913990187,-0.012739379433662785,,,,,,,0,0,3,0,0,0.0,0,3,0,18,,0.12631578947368421,5.500778095802052,,,-0.8,1,0.8,1
trial_0005,19,train,,,0.25037933158320047,,,0.04155374543611393,,,0.0,0.0,0.04524371732719416,0,0,3,0,0,0.0,0,3,0,,,,,1.1653893127690913,,,,,
trial_0005,19,eval,,,,,,,0.3684210526315789,1.7724071678362394,,,,,,,,,,,,,,,,,,,,,,
trial_0005,19,global,,,,0.17025664887794742,-0.012754644546046558,,,,,,,0,0,3,0,0,0.0,0,3,0,18,,0.12535885167464114,5.267096983530875,,,-0.8,1,0.8,1
trial_0005,20,train,,,0.2504290035644243,,,0.0440922525039939,,,0.0,0.0,0.0390687931069108,0,0,3,0,0,0.0,0,3,0,,,,,1.0478614947130511,,,,,
trial_0005,20,eval,,,,,,,0.3684210526315789,2.1311457533585396,,,,,,,,,,,,,,,,,,,,,,
trial_0005,20,global,,,,0.16133092844987956,-0.0038289241179787076,,,,,,,0,0,3,0,0,0.0,0,3,0,18,,0.13588516746411483,5.730251766734146,,,-0.8,1,0.8,1
trial_0005,21,train,,,0.2505039426874607,,,0.0669824924874813,,,0.0,0.0,0.026549249768574184,0,0,3,0,0,0.0,0,3,0,,,,,17.44165701155967,,,,,
trial_0005,21,eval,,,,,,,0.2631578947368421,2.161517256184628,,,,,,,,,,,,,,,,,,,,,,
trial_0005,21,global,,,,0.2695409863147289,-0.11203898198282808,,,,,,,0,0,3,0,0,0.0,0,3,0,27,,0.06130030959752322,6.96772775797652,,,-0.8,1,0.8,1
trial_0005,22,train,,,0.2504700045002268,,,0.0512660836919825,,,0.0,1.0,0.18780462639604478,0,0,4,1,0,0.0,0,3,0,,,,,2.140416400736951,,,,,
trial_0005,22,eval,0.21052631578947367,0.21052631578947367,,,,,,,,,,,,,,,,,,,,2.1052631578947367,,,,0.0,,,,
trial_0005,22,global,,,,0.2195566892588495,-0.06629355383551881,,,,,,,0,0,4,0,0,0.0,0,4,0,27,,0.0761609907120743,8.295263430946752,,,-0.8,1,0.8,1
trial_0005,23,train,,,0.25045446290614753,,,0.052307840357435506,,,0.0,0.0,0.032074773866445465,0,0,5,1,0,0.0,0,4,0,,,,,1.6063365205805353,,,,,
trial_0005,23,eval,0.21052631578947367,0.2631578947368421,,,,,,,,,,,,,,,,,,,,2.1052631578947367,,,,0.0,,,,
trial_0005,23,global,,,,0.24503611094353545,-0.06786237189945622,,,,,,,0,0,5,0,0,0.0,0,5,0,27,,0.07244582043343653,8.82398273716032,,,-0.8,1,0.8,1
trial_0005,24,train,,,0.2504412658671115,,,0.05141993405971121,,,0.0,0.0,0.04313657814042366,0,0,5,0,0,0.0,0,5,0,,,,,1.389090260799895,,,,,
trial_0005,24,eval,,,,,,,0.47368421052631576,1.7096327166808278,,,,,,,,,,,,,,,,,,,,,,
trial_0005,24,global,,,,0.23842906120139687,-0.05205660008313324,,,,,,,0,0,5,0,0,0.0,0,5,0,27,,0.0934984520123839,8.729477285379227,,,-0.8,1,0.8,1
trial_0005,25,train,,,0.2504353190356112,,,0.05329915373883349,,,0.0,0.0,0.03243723135996373,0,0,6,1,0,0.0,0,5,0,,,,,1.2222317633476663,,,,,
trial_0005,25,eval,0.47368421052631576,0.5263157894736842,,,,,,,,,,,,,,,,,,,,2.1052631578947367,,,,0.0,,,,
trial_0005,25,global,,,,0.23375349341599974,-0.042952690912872966,,,,,,,0,0,6,0,0,0.0,0,6,0,27,,0.10092879256965945,8.817392206339644,,,-0.8,1,0.8,1
trial_0005,26,train,,,0.25040096361586384,,,0.053966734003513414,,,0.0,0.0,0.0359503900671893,0,0,6,0,0,0.0,0,6,0,,,,,1.0251550522256405,,,,,
trial_0005,26,eval,,,,,,,0.5263157894736842,1.6087234333941811,,,,,,,,,,,,,,,,,,,,,,
trial_0005,26,global,,,,0.23324801389601701,-0.03672359066658567,,,,,,,0,0,6,0,0,0.0,0,6,0,27,,0.10773993808049535,8.913132283119225,,,-0.8,1,0.8,1
trial_0005,27,train,,,0.2503728175416906,,,0.054368136411017565,,,0.0,0.0,0.03620882165083226,0,0,6,0,0,0.0,0,6,0,,,,,0.9018575711453214,,,,,
trial_0005,27,eval,,,,,,,0.47368421052631576,1.6305951193759314,,,,,,,,,,,,,,,,,,,,,,
trial_0005,27,global,,,,0.2391027878476636,-0.040091690560443684,,,,,,,0,0,6,0,0,0.0,0,6,0,27,,0.10526315789473684,8.994096837471883,,,-0.8,1,0.8,1
trial_0005,28,train,,,0.2503651818062397,,,0.0561152068858451,,,0.0,0.0,0.034431204770473726,0,0,6,0,0,0.0,0,6,0,,,,,0.8146691433926846,,,,,
trial_0005,28,eval,,,,,,,0.47368421052631576,1.6292076377492202,,,,,,,,,,,,,,,,,,,,,,
trial_0005,28,global,,,,0.23721118144653291,-0.0372855894176578,,,,,,,0,0,6,0,0,0.0,0,6,0,27,,0.10773993808049535,9.086352480011458,,,-0.8,1,0.8,1
trial_0005,29,train,,,0.2503754927756939,,,0.05817600260389612,,,0.0,0.0,0.03329879659366735,0,0,6,0,0,0.0,0,6,0,,,,,0.7473931472352211,,,,,
trial_0005,29,eval,,,,,,,0.5263157894736842,1.6617909183627682,,,,,,,,,,,,,,,,,,,,,,
trial_0005,29,global,,,,0.2396842005699744,-0.0390852078676986,,,,,,,0,0,6,0,0,0.0,0,6,0,27,,0.10588235294117647,9.084586894032388,,,-0.8,1,0.8,1
trial_0005,30,train,,,0.25039358849221083,,,0.059546242368982184,,,0.0,0.0,0.033036926626525034,0,0,7,1,0,0.0,0,6,0,,,,,0.6853339408306365,,,,,
trial_0005,30,eval,0.42105263157894735,0.47368421052631576,,,,,,,,,,,,,,,,,,,,2.1052631578947367,,,,0.0,,,,
trial_0005,30,global,,,,0.2401377637064433,-0.039538771004167486,,,,,,,0,0,7,0,0,0.0,0,7,0,27,,0.10588235294117647,9.39332063515489,,,-0.8,1,0.8,1
trial_0005,31,train,,,0.25041618689577627,,,0.06147014714301901,,,0.0,0.0,0.031846434084024836,0,0,8,1,0,0.0,0,7,0,,,,,0.6249297287235869,,,,,
trial_0005,31,eval,0.42105263157894735,0.42105263157894735,,,,,,,,,,,,,,,,,,,,2.1052631578947367,,,,0.2631578947368421,,,,
trial_0005,31,global,,,,0.24263222670426815,-0.04203323400199235,,,,,,,0,0,8,0,0,0.25,0,8,0,27,,0.10340557275541795,9.578576157041379,,,-0.8,1,0.8,1
trial_0005,32,train,,,0.2504481606661005,,,0.06298347863745181,,,0.0,0.0,0.03153104248278319,0,0,9,1,0,0.25,0,8,0,,,,,0.57717265898877,,,,,
trial_0005,32,eval,0.42105263157894735,0.47368421052631576,,,,,,,,,,,,,,,,,,,,2.1052631578947367,,,,0.0,,,,
trial_0005,32,global,,,,0.24191160841293244,-0.04063921503725596,,,,,,,0,0,9,0,0,0.0,0,9,0,27,,0.10526315789473684,9.830769482780905,,,-0.8,1,0.8,1
trial_0005,33,train,,,0.25049135088920593,,,0.06520539014897447,,,0.0,0.0,0.030724950099086507,0,0,10,1,0,0.0,0,9,0,,,,,0.5326480877526263,,,,,
trial_0005,33,eval,0.47368421052631576,0.5263157894736842,,,,,,,,,,,,,,,,,,,,2.1052631578947367,,,,0.0,,,,
trial_0005,33,global,,,,0.24230950155773917,-0.03837779718445508,,,,,,,0,0,10,0,0,0.0,0,10,0,27,,0.10773993808049535,9.972273833094736,,,-0.8,1,0.8,1
trial_0005,34,train,,,0.25053932248277866,,,0.06652360900919488,,,0.0,0.0,0.030673464762165828,0,0,10,0,0,0.0,0,10,0,,,,,0.4927008963011681,,,,,
trial_0005,34,eval,,,,,,,0.5789473684210527,1.6879091952976426,,,,,,,,,,,,,,,,,,,,,,
trial_0005,34,global,,,,0.23970799479627533,-0.035776290422991255,,,,,,,0,0,10,0,0,0.0,0,10,0,27,,0.11021671826625387,10.19882507560423,,,-0.8,1,0.8,1
trial_0005,35,train,,,0.25058826423705893,,,0.06850400123190373,,,0.0,0.0,0.029872919674566453,0,0,10,0,0,0.0,0,10,0,,,,,0.45346598035477576,,,,,
trial_0005,35,eval,,,,,,,0.5263157894736842,1.7260366866463108,,,,,,,,,,,,,,,,,,,,,,
trial_0005,35,global,,,,0.23918319951839365,-0.03390469379830822,,,,,,,0,0,10,0,0,0.0,0,10,0,27,,0.11145510835913312,10.266355437760014,,,-0.8,1,0.8,1
trial_0005,36,train,,,0.2506413386857256,,,0.06978146002647724,,,0.0,0.0,0.029692612075187426,0,0,10,0,0,0.0,0,10,0,,,,,0.41824388557926134,,,,,
trial_0005,36,eval,,,,,,,0.5263157894736842,1.7462123271666072,,,,,,,,,,,,,,,,,,,,,,
trial_0005,36,global,,,,0.23918609120137121,-0.03345033811045816,,,,,,,0,0,10,0,0,0.0,0,10,0,27,,0.11207430340557276,10.445063283347492,,,-0.8,1,0.8,1
trial_0005,37,train,,,0.25069793614935365,,,0.07153485049592688,,,0.0,0.0,0.028864979086087105,0,0,10,0,0,0.0,0,10,0,,,,,0.3851404965240904,,,,,
trial_0005,37,eval,,,,,,,0.47368421052631576,1.7882444113492966,,,,,,,,,,,,,,,,,,,,,,
trial_0005,37,global,,,,0.2375132206783863,-0.030498505977461385,,,,,,,0,0,10,0,0,0.0,0,10,0,27,,0.11517027863777089,10.478219618664438,,,-0.8,1,0.8,1
trial_0005,38,train,,,0.25075300513429843,,,0.07265223467603642,,,0.0,0.0,0.02848733640969434,0,0,11,1,0,0.0,0,10,0,,,,,0.3544269264378446,,,,,
trial_0005,38,eval,0.42105263157894735,0.42105263157894735,,,,,,,,,,,,,,,,,,,,2.1052631578947367,,,,0.15789473684210525,,,,
trial_0005,38,global,,,,0.23811323794507022,-0.028621073853115676,,,,,,,0,0,11,0,0,0.25,0,11,0,27,,0.11702786377708978,10.608986318960278,,,-0.8,1,0.8,1
trial_0005,39,train,,,0.2508017674405524,,,0.07370543353101039,,,0.0,0.0,0.027814364023110338,0,0,12,1,0,0.25,0,11,0,,,,,0.327844124081287,,,,,
trial_0005,39,eval,0.5789473684210527,0.47368421052631576,,,,,,,,,,,,,,,,,,,,2.1052631578947367,,,,0.42105263157894735,,,,
trial_0005,39,global,,,,0.301216640886982,-0.07961621468676539,,,,,,,1,1,12,0,0,0.5,1,11,0,27,,0.060061919504643964,8.382932598007722,,,-0.8421052631578947,22,0.8421052631578947,22
trial_0005,40,train,,,0.25086773799944523,,,0.07454970592184912,,,0.0,0.0,0.026017351006452423,1,1,12,0,0,0.5,1,11,0,,,,,0.3105757305139228,,,,,
trial_0005,40,eval,,,,,,,0.5263157894736842,1.8439613863041526,,,,,,,,,,,,,,,,,,,,,,
trial_0005,40,global,,,,0.2619890260356929,-0.03734445980503485,,,,,,,1,1,12,0,0,0.5,1,11,0,27,,0.1065015479876161,11.322552187893043,,,-0.8,1,0.8,1
trial_0005,41,train,,,0.2508657067380053,,,0.07368622054444982,,,0.0,0.0,0.030399718022647692,1,1,12,0,0,0.5,1,11,0,,,,,0.29930190665924805,,,,,
trial_0005,41,eval,,,,,,,0.631578947368421,1.9534313223863902,,,,,,,,,,,,,,,,,,,,,,
trial_0005,41,global,,,,0.25840546274199144,-0.030099280349717247,,,,,,,1,1,12,0,0,0.5,1,11,0,27,,0.11331269349845201,11.39246919236316,,,-0.8,1,0.8,1
trial_0005,42,train,,,0.2509164290225252,,,0.07378960670308864,,,0.0,0.0,0.026213670534854558,1,1,12,0,0,0.5,1,11,0,,,,,0.26278174221515654,,,,,
trial_0005,42,eval,,,,,,,0.631578947368421,1.8644696960323732,,,,,,,,,,,,,,,,,,,,,,
trial_0005,42,global,,,,0.25753302285392504,-0.029226840461650888,,,,,,,1,1,12,0,1,0.5,0,11,0,27,,0.11393188854489164,11.777947206762923,,,-0.8,1,0.8,1
trial_0005,43,train,,,0.250960887429562,,,0.07259361097153197,,,0.0,0.0,0.02474186852713056,1,1,13,1,1,0.5,0,11,0,,,,,0.2296677325000154,,,,,
trial_0005,43,eval,0.631578947368421,0.5789473684210527,,,,,,,,,,,,,,,,,,,,2.1052631578947367,,,,0.2631578947368421,,,,
trial_0005,43,global,,,,0.25764484463489806,-0.027991860895822528,,,,,,,1,1,13,0,1,0.25,0,12,0,27,,0.11517027863777089,11.99040193823469,,,-0.8,1,0.8,1
trial_0005,44,train,,,0.2510128395354494,,,0.07273481247272898,,,0.0,0.0,0.023192463221741802,1,1,14,1,1,0.25,0,12,0,,,,,0.2206971321651276,,,,,
trial_0005,44,eval,0.47368421052631576,0.47368421052631576,,,,,,,,,,,,,,,,,,,,2.1052631578947367,,,,0.0,,,,
trial_0005,44,global,,,,0.25850264829592473,-0.0288496645568492,,,,,,,1,1,14,0,1,0.0,0,13,0,27,,0.11393188854489164,12.294297251981847,,,-0.8,1,0.8,1
trial_0005,45,train,,,0.25105000556783474,,,0.07355958413570485,,,0.0,0.0,0.022878059037426055,1,1,15,1,1,0.0,0,13,0,,,,,0.19521510142912257,,,,,
trial_0005,45,eval,0.5789473684210527,0.5789473684210527,,,,,,,,,,,,,,,,,,,,2.1052631578947367,,,,0.0,,,,
trial_0005,45,global,,,,0.25615493336169115,-0.02332615879250381,,,,,,,1,1,15,0,1,0.0,0,14,0,27,,0.12012383900928793,11.996086205638969,,,-0.8,1,0.8,1
trial_0005,46,train,,,0.2510905811127196,,,0.0730521209696506,,,0.0,0.0,0.02121773291171152,1,1,16,1,1,0.0,0,14,0,,,,,0.20075298455801416,,,,,
trial_0005,46,eval,0.47368421052631576,0.5263157894736842,,,,,,,,,,,,,,,,,,,,2.1052631578947367,,,,0.0,,,,
trial_0005,46,global,,,,0.26309680829092746,-0.03026803372174011,,,,,,,1,1,16,0,1,0.0,0,15,0,27,,0.11269349845201239,12.205469295631621,,,-0.8,1,0.8,1
trial_0005,47,train,,,0.2511336283480867,,,0.07353253123608042,,,0.0,0.0,0.022427227624513688,1,1,16,0,1,0.0,0,15,0,,,,,0.18858089805283446,,,,,
trial_0005,47,eval,,,,,,,0.631578947368421,2.0255050141560402,,,,,,,,,,,,,,,,,,,,,,
trial_0005,47,global,,,,0.2535737765813791,-0.01862659572711878,,,,,,,1,1,16,0,1,0.0,0,15,0,27,,0.1238390092879257,12.314368700907327,,,-0.8,1,0.8,1
trial_0005,48,train,,,0.25118113039655887,,,0.07270019168549396,,,0.0,0.0,0.019842750893687793,1,1,16,0,1,0.0,0,15,0,,,,,0.1647991396645282,,,,,
trial_0005,48,eval,,,,,,,0.5789473684210527,2.0299527770594543,,,,,,,,,,,,,,,,,,,,,,
trial_0005,48,global,,,,0.2649672070569158,-0.030020026202655512,,,,,,,1,1,16,0,1,0.0,0,15,0,27,,0.11207430340557276,12.885737246108867,,,-0.8,1,0.8,1
trial_0005,49,train,,,0.25122351754218974,,,0.07271450757980347,,,0.0,0.0,0.021033038277218637,1,1,16,0,1,0.0,0,15,0,,,,,0.1534350453618359,,,,,
trial_0005,49,eval,,,,,,,0.631578947368421,2.005513831188804,,,,,,,,,,,,,,,,,,,,,,
trial_0005,49,global,,,,0.25204254970203627,-0.011776230966909681,,,,,,,1,1,16,0,1,0.0,0,15,0,27,,0.1306501547987616,12.517778350546633,,,-0.8,1,0.8,1
trial_0005,50,train,,,0.25124386650450686,,,0.07364274719928172,,,0.0,0.0,0.018558324161827806,1,1,16,0,1,0.0,0,15,0,,,,,0.13929831678087407,,,,,
trial_0005,50,eval,,,,,,,0.5789473684210527,1.9322507993171085,,,,,,,,,,,,,,,,,,,,,,
trial_0005,50,global,,,,0.26420583228061506,-0.02393951354548846,,,,,,,1,1,16,0,1,0.0,0,15,0,27,,0.11826625386996904,12.992979728769592,,,-0.8,1,0.8,1
trial_0005,51,train,,,0.25128897675808437,,,0.07348871104260708,,,0.0,0.0,0.018675401239120898,1,1,17,1,1,0.0,0,15,0,,,,,0.15956267387943063,,,,,
trial_0005,51,eval,0.5263157894736842,0.5263157894736842,,,,,,,,,,,,,,,,,,,,2.1052631578947367,,,,0.0,,,,
trial_0005,51,global,,,,0.25552303831872075,-0.015256719583594149,,,,,,,1,1,17,0,1,0.0,0,16,0,27,,0.12631578947368421,13.043186780616596,,,-0.8,1,0.8,1
trial_0005,52,train,,,0.25131510895617465,,,0.0741785707625937,,,0.0,0.0,0.01827956537463445,1,1,18,1,1,0.0,0,16,0,,,,,0.13896145887989947,,,,,
trial_0005,52,eval,0.5263157894736842,0.5263157894736842,,,,,,,,,,,,,,,,,,,,2.1052631578947367,,,,0.0,,,,
trial_0005,52,global,,,,0.2636931616843409,-0.023426842949214308,,,,,,,1,1,18,0,1,0.0,0,17,0,27,,0.1195046439628483,13.17949351969149,,,-0.8,1,0.8,1
trial_0005,53,train,,,0.2513461908761491,,,0.07417304845566444,,,0.0,0.0,0.01912457423230158,1,1,19,1,1,0.0,0,17,0,,,,,0.1351685659048405,,,,,
trial_0005,53,eval,0.5789473684210527,0.5789473684210527,,,,,,,,,,,,,,,,,,,,2.1052631578947367,,,,0.0,,,,
trial_0005,53,global,,,,0.25246188282466714,-0.00882856072253718,,,,,,,1,1,19,0,1,0.0,0,18,0,27,,0.1325077399380805,12.573291790374661,,,-0.8,1,0.8,1
trial_0005,54,train,,,0.2513723772891024,,,0.0747058683253349,,,0.0,0.0,0.015992954040771015,1,1,20,1,1,0.0,0,18,0,,,,,0.1312642088397703,,,,,
trial_0005,54,eval,0.42105263157894735,0.47368421052631576,,,,,,,,,,,,,,,,,,,,2.1052631578947367,,,,0.0,,,,
trial_0005,54,global,,,,0.26508267239016425,-0.021449350288034345,,,,,,,1,1,20,0,1,0.0,0,19,0,27,,0.12136222910216718,12.332902602440802,,,-0.8,1,0.8,1
trial_0005,55,train,,,0.2514066325223192,,,0.07565403935757088,,,0.0,0.0,0.02075237807857388,1,1,20,0,1,0.0,0,19,0,,,,,0.14077325785096656,,,,,
trial_0005,55,eval,,,,,,,0.631578947368421,1.9251687495332013,,,,,,,,,,,,,,,,,,,,,,
trial_0005,55,global,,,,0.25823961324504197,-0.01460629114291203,,,,,,,1,1,20,0,1,0.0,0,19,0,27,,0.12755417956656348,12.132098705185456,,,-0.8,1,0.8,1
trial_0005,56,train,,,0.25144406011764037,,,0.0738035446785866,,,0.0,0.0,0.016179608728766365,1,1,20,0,1,0.0,0,19,0,,,,,0.11493330219800167,,,,,
trial_0005,56,eval,,,,,,,0.5789473684210527,2.0653542672332965,,,,,,,,,,,,,,,,,,,,,,
trial_0005,56,global,,,,0.2623976256523604,-0.018764303550230444,,,,,,,1,1,20,0,1,0.0,0,19,0,27,,0.12198142414860681,11.800004211520262,,,-0.8,1,0.8,1
trial_0005,57,train,,,0.2514753963084931,,,0.07277292837487889,,,0.0,0.0,0.020716279177391467,1,1,20,0,1,0.0,0,19,0,,,,,0.11887689571272819,,,,,
trial_0005,57,eval,,,,,,,0.5263157894736842,2.0305156932261426,,,,,,,,,,,,,,,,,,,,,,
trial_0005,57,global,,,,0.2602985859959577,-0.015143193878607054,,,,,,,1,1,20,0,1,0.0,0,19,0,27,,0.12941176470588237,12.543409705383489,,,-0.8,1,0.8,1
trial_0005,58,train,,,0.25152557327392255,,,0.07504467571035345,,,0.0,0.0,0.01606401575889013,1,1,20,0,1,0.0,0,19,0,,,,,0.11317699414459949,,,,,
trial_0005,58,eval,,,,,,,0.5263157894736842,2.0284644653530495,,,,,,,,,,,,,,,,,,,,,,
trial_0005,58,global,,,,0.2631276099478053,-0.017972217830454666,,,,,,,1,1,20,0,1,0.0,0,19,0,27,,0.12260061919504645,11.813091363109672,,,-0.8,1,0.8,1
trial_0005,59,train,,,0.2515365551126764,,,0.07398226793776166,,,0.0,0.0,0.017121921901274078,1,1,21,1,1,0.0,0,19,0,,,,,0.08985779754262656,,,,,
trial_0005,59,eval,0.5263157894736842,0.47368421052631576,,,,,,,,,,,,,,,,,,,,2.1052631578947367,,,,0.15789473684210525,,,,
trial_0005,59,global,,,,0.26570120111981305,-0.02054580900246239,,,,,,,1,1,21,0,1,0.25,0,20,0,27,,0.12321981424148606,12.640792364823191,,,-0.8,1,0.8,1
trial_0005,60,train,,,0.2515870180535823,,,0.0737710880472305,,,0.0,0.0,0.012306210167019906,1,1,22,1,1,0.25,0,20,0,,,,,0.08238095944707698,,,,,
trial_0005,60,eval,0.47368421052631576,0.47368421052631576,,,,,,,,,,,,,,,,,,,,2.1052631578947367,,,,0.0,,,,
trial_0005,60,global,,,,0.25936959207589205,-0.014214199958541411,,,,,,,1,1,22,0,1,0.0,0,21,0,27,,0.12631578947368421,11.86256200831741,,,-0.8,1,0.8,1
trial_0005,61,train,,,0.2515979206308405,,,0.0722270335288758,,,0.0,0.0,0.0131529189624571,1,1,23,1,1,0.0,0,21,0,,,,,0.06886955484985671,,,,,
trial_0005,61,eval,0.631578947368421,0.5789473684210527,,,,,,,,,,,,,,,,,,,,2.1052631578947367,,,,0.2631578947368421,,,,
trial_0005,61,global,,,,0.264481999857529,-0.01932660774017838,,,,,,,1,1,23,0,1,0.25,0,22,0,27,,0.12321981424148606,12.221982971285888,,,-0.8,1,0.8,1
trial_0005,62,train,,,0.251635897032758,,,0.07092132213267874,,,0.0,0.0,0.012394713055456377,1,1,24,1,1,0.25,0,22,0,,,,,0.06291792238170796,,,,,
trial_0005,62,eval,0.5263157894736842,0.5263157894736842,,,,,,,,,,,,,,,,,,,,2.1052631578947367,,,,0.0,,,,
trial_0005,62,global,,,,0.2594516722633165,-0.014296280145965835,,,,,,,1,1,24,0,1,0.0,0,23,0,27,,0.12693498452012383,12.481089456753097,,,-0.8,1,0.8,1
trial_0005,63,train,,,0.25165194272994995,,,0.07011791429621109,,,0.0,0.0,0.010960302788930194,1,1,24,0,1,0.0,0,23,0,,,,,0.05615737098962702,,,,,
trial_0005,63,eval,,,,,,,0.6842105263157894,1.782726427834285,,,,,,,,,,,,,,,,,,,,,,
trial_0005,63,global,,,,0.26559221346424994,-0.020436821346899312,,,,,,,1,1,24,0,1,0.0,0,23,0,27,,0.12198142414860681,12.731994803697333,,,-0.8,1,0.8,1
trial_0005,64,train,,,0.251688835468698,,,0.06840957542683217,,,0.0,0.0,0.010984168892900926,1,1,24,0,1,0.0,0,23,0,,,,,0.049086780858008154,,,,,
trial_0005,64,eval,,,,,,,0.6842105263157894,1.9168148538783978,,,,,,,,,,,,,,,,,,,,,,
trial_0005,64,global,,,,0.26011316257965045,-0.01495777046229978,,,,,,,1,1,24,0,1,0.0,0,23,0,27,,0.1256965944272446,12.889321786036064,,,-0.8,1,0.8,1
trial_0005,65,train,,,0.25168456929795285,,,0.06900330426845144,,,0.0,0.0,0.009827891868871064,1,1,24,0,1,0.0,0,23,0,,,,,0.05610648969267594,,,,,
trial_0005,65,eval,,,,,,,0.631578947368421,1.7893921011372615,,,,,,,,,,,,,,,,,,,,,,
trial_0005,65,global,,,,0.26263608482840944,-0.01748069271105883,,,,,,,1,1,24,0,1,0.0,0,23,0,27,,0.12507739938080495,13.209857839106038,,,-0.8,1,0.8,1
trial_0005,66,train,,,0.2517064267650564,,,0.06820142015497735,,,0.0,0.0,0.009321651690109496,1,1,24,0,1,0.0,0,23,0,,,,,0.06738896778328937,,,,,
trial_0005,66,eval,,,,,,,0.6842105263157894,1.854088463673466,,,,,,,,,,,,,,,,,,,,,,
trial_0005,66,global,,,,0.2531505404469961,-0.007995148329645436,,,,,,,1,1,24,0,1,0.0,0,23,0,27,,0.13374613003095975,13.123779641733082,,,-0.8,1,0.8,1
trial_0005,67,train,,,0.25171475778234764,,,0.06746561603343233,,,0.0,0.0,0.008710099065501709,1,1,25,1,1,0.0,0,23,0,,,,,0.05308387875259715,,,,,
trial_0005,67,eval,0.5263157894736842,0.5263157894736842,,,,,,,,,,,,,,,,,,,,2.1052631578947367,,,,0.0,,,,
trial_0005,67,global,,,,0.2509411508540644,-0.005785758736713743,,,,,,,1,1,25,0,1,0.0,0,24,0,27,,0.13746130030959752,13.292436610360634,,,-0.8,1,0.8,1
trial_0005,68,train,,,0.25174003585856014,,,0.06724609973582815,,,0.0,0.0,0.008628297914742206,1,1,26,1,1,0.0,0,24,0,,,,,0.05578791890095206,,,,,
trial_0005,68,eval,0.5263157894736842,0.5263157894736842,,,,,,,,,,,,,,,,,,,,2.1052631578947367,,,,0.0,,,,
trial_0005,68,global,,,,0.24949118021151356,-0.004335788094162928,,,,,,,1,1,26,0,1,0.0,0,25,0,27,,0.13808049535603714,13.042144562806877,,,-0.8,1,0.8,1
trial_0005,69,train,,,0.25174943912536535,,,0.06625211872953049,,,0.0,0.0,0.010044281032714162,1,1,27,1,1,0.0,0,25,0,,,,,0.05310273433223049,,,,,
trial_0005,69,eval,0.631578947368421,0.631578947368421,,,,,,,,,,,,,,,,,,,,2.1052631578947367,,,,0.0,,,,
trial_0005,69,global,,,,0.25093746482678725,-0.005782072709436598,,,,,,,1,1,27,0,1,0.0,0,26,0,27,,0.1393188854489164,13.442616687691986,,,-0.8,1,0.8,1
trial_0005,70,train,,,0.25178405515691066,,,0.06618192601711193,,,0.0,0.0,0.008274640301007163,1,1,28,1,1,0.0,0,26,0,,,,,0.04344389162600992,,,,,
trial_0005,70,eval,0.5263157894736842,0.47368421052631576,,,,,,,,,,,,,,,,,,,,2.1052631578947367,,,,0.15789473684210525,,,,
trial_0005,70,global,,,,0.2544805781268463,-0.00932518600949567,,,,,,,1,1,28,0,1,0.25,0,27,0,27,,0.13312693498452013,13.046201978748428,,,-0.8,1,0.8,1
trial_0005,71,train,,,0.25179182785622617,,,0.06541815653760383,,,0.0,0.0,0.008277099643926202,1,1,28,0,1,0.25,0,27,0,,,,,0.043451221222850556,,,,,
trial_0005,71,eval,,,,,,,0.6842105263157894,2.042567337618062,,,,,,,,,,,,,,,,,,,,,,
trial_0005,71,global,,,,0.25269687690208403,-0.00754148478473335,,,,,,,1,1,28,0,1,0.25,0,27,0,27,,0.1368421052631579,13.404279136067204,,,-0.8,1,0.8,1
trial_0005,72,train,,,0.2518304098159709,,,0.0646928681972179,,,0.0,0.0,0.007353480266805918,1,1,28,0,1,0.25,0,27,0,,,,,0.03929242817189624,,,,,
trial_0005,72,eval,,,,,,,0.631578947368421,2.1832649466630656,,,,,,,,,,,,,,,,,,,,,,
trial_0005,72,global,,,,0.2538139608080603,-0.00865856869070967,,,,,,,1,1,28,0,1,0.25,0,27,0,27,,0.13374613003095975,13.327086367769507,,,-0.8,1,0.8,1
trial_0005,73,train,,,0.2518405486294564,,,0.06456327121308508,,,0.0,0.0,0.006880404386793863,1,1,28,0,1,0.25,0,27,0,,,,,0.0424858166271464,,,,,
trial_0005,73,eval,,,,,,,0.6842105263157894,2.104055601123132,,,,,,,,,,,,,,,,,,,,,,
trial_0005,73,global,,,,0.25466615819235294,-0.009510766075002293,,,,,,,1,1,28,0,1,0.25,0,27,0,27,,0.13374613003095975,13.313679178432784,,,-0.8,1,0.8,1
trial_0005,74,train,,,0.25188167171275355,,,0.06363785266876221,,,0.0,0.0,0.006791635833329528,1,1,28,0,1,0.25,0,27,0,,,,,0.04487466619231124,,,,,
trial_0005,74,eval,,,,,,,0.6842105263157894,2.2851538928715804,,,,,,,,,,,,,,,,,,,,,,
trial_0005,74,global,,,,0.25225233277799075,-0.0064235399872394384,,,,,,,1,1,28,0,1,0.25,0,27,0,27,,0.13622291021671826,13.340399954119704,,,-0.8,1,0.8,1
trial_0005,75,train,,,0.25189379206363194,,,0.06437159218686692,,,0.0,0.0,0.0062797685345124575,1,1,29,1,1,0.25,0,27,0,,,,,0.04513013709950796,,,,,
trial_0005,75,eval,0.5263157894736842,0.5263157894736842,,,,,,,,,,,,,,,,,,,,2.1052631578947367,,,,0.0,,,,
trial_0005,75,global,,,,0.25049959753089157,-0.0046708047401402605,,,,,,,1,1,29,0,1,0.0,0,28,0,27,,0.1393188854489164,13.259912458957164,,,-0.8,1,0.8,1
trial_0005,76,train,,,0.25192503504296565,,,0.06261448910895814,,,0.0,0.0,0.0061872178576719465,1,1,30,1,1,0.0,0,28,0,,,,,0.035403179240591345,,,,,
trial_0005,76,eval,0.5263157894736842,0.5263157894736842,,,,,,,,,,,,,,,,,,,,2.1052631578947367,,,,0.0,,,,
trial_0005,76,global,,,,0.25238958438543024,-0.0065607915946789075,,,,,,,1,1,30,0,1,0.0,0,29,0,27,,0.13560371517027864,13.36556429552958,,,-0.8,1,0.8,1
trial_0005,77,train,,,0.2519329713380083,,,0.06306777101881961,,,0.0,0.0,0.005951556241996786,1,1,31,1,1,0.0,0,29,0,,,,,0.0544284902740904,,,,,
trial_0005,77,eval,0.5789473684210527,0.5789473684210527,,,,,,,,,,,,,,,,,,,,2.1052631578947367,,,,0.0,,,,
trial_0005,77,global,,,,0.2556272970072386,-0.009798504216487234,,,,,,,1,1,31,0,1,0.0,0,30,0,27,,0.13374613003095975,13.658320249197283,,,-0.8,1,0.8,1
trial_0005,78,train,,,0.2519658753212462,,,0.06277369438333713,,,0.0,0.0,0.005101924646163405,1,1,32,1,1,0.0,0,30,0,,,,,0.03299600747314856,,,,,
trial_0005,78,eval,0.5263157894736842,0.5263157894736842,,,,,,,,,,,,,,,,,,,,2.1052631578947367,,,,0.0,,,,
trial_0005,78,global,,,,0.2563161389994657,-0.01048734620871439,,,,,,,1,1,32,0,1,0.0,0,31,0,27,,0.13188854489164087,13.350445400745876,,,-0.8,1,0.8,1
trial_0005,79,train,,,0.2519769034487136,,,0.06251988448995224,,,0.0,0.0,0.005747792142922645,1,1,32,0,1,0.0,0,31,0,,,,,0.027836668973867877,,,,,
trial_0005,79,eval,,,,,,,0.6842105263157894,2.2394282361002342,,,,,,,,,,,,,,,,,,,,,,
trial_0005,79,global,,,,0.25578322684160837,-0.00995443405085704,,,,,,,1,1,32,0,1,0.0,0,31,0,27,,0.13312693498452013,13.73937448790937,,,-0.8,1,0.8,1
trial_0005,80,train,,,0.25200547690087177,,,0.062193187627386536,,,0.0,0.0,0.005500069673902584,1,1,32,0,1,0.0,0,31,0,,,,,0.1140057173062195,,,,,
trial_0005,80,eval,,,,,,,0.631578947368421,2.442624835934686,,,,,,,,,,,,,,,,,,,,,,
trial_0005,80,global,,,,0.2512476154972153,-0.0054188227064640125,,,,,,,1,1,32,0,1,0.0,0,31,0,27,,0.13808049535603714,13.413536671735923,,,-0.8,1,0.8,1
trial_0005,81,train,,,0.2520168341220693,,,0.06267246730784151,,,0.0,0.0,0.006827682231604296,1,1,32,0,1,0.0,0,31,0,,,,,0.0409583741670197,,,,,
trial_0005,81,eval,,,,,,,0.631578947368421,2.6577269840789466,,,,,,,,,,,,,,,,,,,,,,
trial_0005,81,global,,,,0.2564550358820645,-0.010626243091313143,,,,,,,1,1,32,0,1,0.0,0,31,0,27,,0.13126934984520125,13.569320692883187,,,-0.8,1,0.8,1
trial_0005,82,train,,,0.2520130365452868,,,0.0625649963287597,,,0.0,0.0,0.007551224466519768,1,1,32,0,1,0.0,0,31,0,,,,,0.14167378576313877,,,,,
trial_0005,82,eval,,,,,,,0.5789473684210527,2.3730177565624837,,,,,,,,,,,,,,,,,,,,,,
trial_0005,82,global,,,,0.2493645684447717,-0.0035357756540203987,,,,,,,1,1,32,0,1,0.0,0,31,0,27,,0.1386996904024768,13.426207688275506,,,-0.8,1,0.8,1
trial_0005,83,train,,,0.25200207816793563,,,0.06119720859730497,,,0.0,0.0,0.006528771939988378,1,1,33,1,1,0.0,0,31,0,,,,,0.04154415618271587,,,,,
trial_0005,83,eval,0.5789473684210527,0.5789473684210527,,,,,,,,,,,,,,,,,,,,2.1052631578947367,,,,0.0,,,,
trial_0005,83,global,,,,0.25562623002281815,-0.008450635885265503,,,,,,,1,1,33,0,1,0.0,0,32,0,27,,0.13436532507739937,13.789691974651703,,,-0.8,1,0.8,1
trial_0005,84,train,,,0.25199757326156536,,,0.05930182337760925,,,0.0,0.0,0.004647848981991783,1,1,34,1,1,0.0,0,32,0,,,,,0.11342641779102702,,,,,
trial_0005,84,eval,0.5263157894736842,0.5263157894736842,,,,,,,,,,,,,,,,,,,,2.1052631578947367,,,,0.0,,,,
trial_0005,84,global,,,,0.257844271688765,-0.010668677551212358,,,,,,,1,1,34,0,1,0.0,0,33,0,27,,0.13312693498452013,13.990424939796283,,,-0.8,1,0.8,1
trial_0005,85,train,,,0.25199058461696544,,,0.05918328685963408,,,0.0,0.0,0.004156640772255723,1,1,35,1,1,0.0,0,33,0,,,,,0.029395604828134816,,,,,
trial_0005,85,eval,0.5789473684210527,0.5789473684210527,,,,,,,,,,,,,,,,,,,,2.1052631578947367,,,,0.0,,,,
trial_0005,85,global,,,,0.2548382256130766,-0.007662631475523937,,,,,,,1,1,35,0,1,0.0,0,34,0,27,,0.13622291021671826,13.898543475360693,,,-0.8,1,0.8,1
trial_0005,86,train,,,0.25196706456072787,,,0.058675789452613675,,,0.0,0.0,0.0038907992674757363,1,1,36,1,1,0.0,0,34,0,,,,,0.02408624899751962,,,,,
trial_0005,86,eval,0.5263157894736842,0.5263157894736842,,,,,,,,,,,,,,,,,,,,2.1052631578947367,,,,0.0,,,,
trial_0005,86,global,,,,0.2630617318191289,-0.015886137681576255,,,,,,,1,1,36,0,1,0.0,0,35,0,27,,0.12755417956656348,14.087581726641108,,,-0.8,1,0.8,1
trial_0005,87,train,,,0.25197263949729026,,,0.05883112930236978,,,0.0,0.0,0.003584576720443673,1,1,36,0,1,0.0,0,35,0,,,,,0.045098514316920586,,,,,
trial_0005,87,eval,,,,,,,0.6842105263157895,2.528178143560102,,,,,,,,,,,,,,,,,,,,,,
trial_0005,87,global,,,,0.25765114127167493,-0.01047554713412228,,,,,,,1,1,36,0,1,0.0,0,35,0,27,,0.13312693498452013,14.030971510565317,,,-0.8,1,0.8,1
trial_0005,88,train,,,0.2519386642156763,,,0.05847865279684675,,,0.0,0.0,0.0034706504568175855,1,1,36,0,1,0.0,0,35,0,,,,,0.02323590093886757,,,,,
trial_0005,88,eval,,,,,,,0.631578947368421,2.69245971513814,,,,,,,,,,,,,,,,,,,,,,
trial_0005,88,global,,,,0.26256223256538186,-0.01471323775442853,,,,,,,1,1,36,0,1,0.0,0,35,0,27,,0.1281733746130031,13.49569765923562,,,-0.8,1,0.8,1
trial_0005,89,train,,,0.2519357889256579,,,0.057833403983014696,,,0.0,0.0,0.0034950207532250376,1,1,36,0,1,0.0,0,35,0,,,,,0.03746020916373806,,,,,
trial_0005,89,eval,,,,,,,0.5789473684210527,2.690871747161605,,,,,,,,,,,,,,,,,,,,,,
trial_0005,89,global,,,,0.255472903042417,-0.007623908231463656,,,,,,,1,1,36,0,1,0.0,0,35,0,27,,0.13560371517027864,13.580935744530645,,,-0.8,1,0.8,1
trial_0005,90,train,,,0.25193253032704616,,,0.05807029059592714,,,0.0,0.0,0.003505888807418895,1,1,36,0,1,0.0,0,35,0,,,,,0.02919524797694163,,,,,
trial_0005,90,eval,,,,,,,0.5789473684210527,2.66451428369864,,,,,,,,,,,,,,,,,,,,,,
trial_0005,90,global,,,,0.25764015339807317,-0.009791158587119805,,,,,,,1,1,36,0,1,0.0,0,35,0,27,,0.13374613003095975,13.775306059184826,,,-0.8,1,0.8,1
trial_0006,1,train,,,0.2504132412656953,,,0.011868417039042033,,,0.0,0.0,0.002826578910698489,0,0,0,0,0,,0,0,0,,,,,2.198364128945749,,,,,
trial_0006,1,eval,,,,,,,0.3529411764705882,2.1883498921113858,,,,,,,,,,,,,,,,,,,,,,
trial_0006,1,global,,,,,,,,,,,,0,0,0,0,0,,0,0,0,9,,0.12421052631578948,2.1968992589649403,,,,,,
trial_0006,2,train,,,0.25035772595224504,,,0.014061084559446647,,,0.0,0.0,0.021402987805666712,0,0,0,0,0,,0,0,0,,,,,2.1681640531443342,,,,,
trial_0006,2,eval,,,,,,,0.11764705882352941,2.1779936762417065,,,,,,,,,,,,,,,,,,,,,,
trial_0006,2,global,,,,0.015637860082304538,-0.004744613894940704,,,,,,,0,0,0,0,0,,0,0,0,9,,0.12,2.196199776498895,,,-0.07407407407407407,3,0.07407407407407407,3
trial_0006,3,train,,,0.2503510513637639,,,0.01924736788378486,,,0.0,0.0,0.02170858533958657,0,0,0,0,0,,0,0,0,,,,,2.0902958675275873,,,,,
trial_0006,3,eval,,,,,,,0.058823529411764705,2.1432752819622265,,,,,,,,,,,,,,,,,,,,,,
trial_0006,3,global,,,,0.032195594287097555,-0.021302348099733723,,,,,,,0,0,0,0,0,,0,0,0,9,,0.1031578947368421,2.227273743278102,,,-0.11764705882352944,0,0.21568627450980393,0
trial_0006,4,train,,,0.25040749130369744,,,0.026924593256244175,,,0.0,0.0,0.02816481016387668,0,0,0,0,0,,0,0,0,,,,,1.9490131284617171,,,,,
trial_0006,4,eval,,,,,,,0.1764705882352941,2.116388306898229,,,,,,,,,,,,,,,,,,,,,,
trial_0006,4,global,,,,0.05495037521181313,-0.004106364006298835,,,,,,,0,0,0,0,0,,0,0,0,9,,0.12210526315789473,2.2192969583210194,,,-0.22222222222222232,1,0.23529411764705882,0
trial_0006,5,train,,,0.250448954256275,,,0.03262104697619812,,,0.0,0.0,0.02505663144343262,0,0,0,0,0,,0,0,0,,,,,1.725724252341669,,,,,
trial_0006,5,eval,,,,,,,0.1764705882352941,2.1942661369548127,,,,,,,,,,,,,,,,,,,,,,
trial_0006,5,global,,,,0.05551571450132133,-0.004671703295807033,,,,,,,0,0,0,0,0,,0,0,0,9,,0.12,2.3669984034488074,,,-0.13725490196078433,0,0.23529411764705882,0
trial_0006,6,train,,,0.25044936092594,,,0.037853047251701355,,,0.0,0.0,0.03040687432866308,0,0,0,0,0,,0,0,0,,,,,1.622148211545582,,,,,
trial_0006,6,eval,,,,,,,0.29411764705882354,2.1610602140426636,,,,,,,,,,,,,,,,,,,,,,
trial_0006,6,global,,,,0.04313725490196079,0.07206204666576115,,,,,,,0,0,0,0,0,,0,0,0,9,,0.19789473684210526,2.2995495751029567,,,-0.1568627450980392,0,0.2549019607843137,0
trial_0006,7,train,,,0.25045051868957807,,,0.0410750617709341,,,0.0,0.0,0.028007479726419423,0,0,0,0,0,,0,0,0,,,,,1.4614482316035258,,,,,
trial_0006,7,eval,,,,,,,0.4117647058823529,2.328014422865475,,,,,,,,,,,,,,,,,,,,,,
trial_0006,7,global,,,,0.08019569489893469,0.04037995075480874,,,,,,,0,0,0,0,0,,0,0,0,9,,0.16842105263157894,2.547892494703594,,,-0.13333333333333341,1,0.196078431372549,0
trial_0006,8,train,,,0.2504500120500975,,,0.04289916893349418,,,0.0,0.0,0.03686182639927049,0,0,0,0,0,,0,0,0,,,,,1.3340260000923012,,,,,
trial_0006,8,eval,,,,,,,0.4705882352941177,2.2396604523939247,,,,,,,,,,,,,,,,,,,,,,
trial_0006,8,global,,,,0.06041453269227723,0.0601611129614662,,,,,,,0,0,0,0,0,,0,0,0,9,,0.18736842105263157,2.563648292641891,,,-0.1777777777777778,1,0.1777777777777778,1
trial_0006,9,train,,,0.2504744605173038,,,0.04507511703273918,,,0.0,0.0,0.03686339833030973,0,0,1,1,0,,0,0,0,,,,,1.1073245340321636,,,,,
trial_0006,9,eval,0.3529411764705882,0.3529411764705882,,,,,,,,,,,,,,,,,,,,2.8823529411764706,,,,0.0,,,,
trial_0006,9,global,,,,0.06233267510956919,0.060421619781647014,,,,,,,0,0,1,0,0,0.0,0,1,0,9,,0.18526315789473685,2.795604026192113,,,-0.1777777777777778,1,0.1777777777777778,1
trial_0006,10,train,,,0.25047938242743284,,,0.04746845458881764,,,0.0,0.0,0.038165226474970206,0,0,1,0,0,0.0,0,1,0,,,,,0.9947725212272209,,,,,
trial_0006,10,eval,,,,,,,0.411764705882353,2.3017208506079285,,,,,,,,,,,,,,,,,,,,,,
trial_0006,10,global,,,,0.05355064937587742,0.0779220754160347,,,,,,,0,0,1,0,0,0.0,0,1,0,9,,0.20421052631578948,2.8390413901680396,,,-0.24444444444444446,1,0.24444444444444446,1
trial_0006,11,train,,,0.2504014128515887,,,0.02487215174492015,,,0.0,0.0,0.048583802160655554,0,0,1,0,0,0.0,0,1,0,,,,,16.377105440095413,,,,,
trial_0006,11,eval,,,,,,,0.15789473684210525,4.617549820950156,,,,,,,,,,,,,,,,,,,,,,
trial_0006,11,global,,,,0.25310557546304474,-0.12163285067113266,,,,,,,0,0,1,0,0,0.0,0,1,0,18,,0.07655502392344497,6.303477610811663,,,-0.6888888888888889,1,0.6888888888888889,1
trial_0006,12,train,,,0.2503155885740768,,,0.03487380542034327,,,0.0,1.0,0.1948269061744213,0,0,1,0,0,0.0,0,1,0,,,,,3.1464887624563174,,,,,
trial_0006,12,eval,,,,,,,0.05263157894736842,2.9112401259572884,,,,,,,,,,,,,,,,,,,,,,
trial_0006,12,global,,,,0.15190233419517488,-0.06434233173476128,,,,,,,0,0,1,0,0,0.0,0,1,0,18,,0.07177033492822966,4.979227417850038,,,-0.6444444444444445,1,0.6444444444444445,1
trial_0006,13,train,,,0.25030489057995553,,,0.03346259961294573,,,0.0,0.3488372093023256,0.095192782459564,0,0,1,0,0,0.0,0,1,0,,,,,1.908261428322903,,,,,
trial_0006,13,eval,,,,,,,0.15789473684210525,2.1999875118857934,,,,,,,,,,,,,,,,,,,,,,
trial_0006,13,global,,,,0.1659945287661541,-0.04452815460133881,,,,,,,0,0,1,0,0,0.0,0,1,0,18,,0.09665071770334928,4.82613568009372,,,-0.8,1,0.8,1
trial_0006,14,train,,,0.25028104144473406,,,0.033029419045115624,,,0.0,0.09302325581395349,0.06304314180688803,0,0,2,1,0,0.0,0,1,0,,,,,1.707076827038166,,,,,
trial_0006,14,eval,0.15789473684210525,0.15789473684210525,,,,,,,,,,,,,,,,,,,,1.6842105263157894,,,,0.0,,,,
trial_0006,14,global,,,,0.17505517883987606,-0.043996270043402515,,,,,,,0,0,2,0,0,0.0,0,2,0,18,,0.09856459330143541,5.1980310791417175,,,-0.8,1,0.8,1
trial_0006,15,train,,,0.2502778189819912,,,0.034421074529026825,,,0.09302325581395349,0.0,0.06107744082461956,0,0,2,0,0,0.0,0,2,0,,,,,1.5736979591292004,,,,,
trial_0006,15,eval,,,,,,,0.2631578947368421,1.9726182473333256,,,,,,,,,,,,,,,,,,,,,,
trial_0006,15,global,,,,0.1774119417185942,-0.03836891421812714,,,,,,,0,0,2,0,0,0.0,0,2,0,18,,0.10334928229665072,4.964992021715812,,,-0.8,1,0.8,1
trial_0006,16,train,,,0.25028078569922335,,,0.03530756817307583,,,0.0,0.0,0.048856335982333784,0,0,2,0,0,0.0,0,2,0,,,,,1.3647021623544915,,,,,
trial_0006,16,eval,,,,,,,0.3157894736842105,2.2370981793654594,,,,,,,,,,,,,,,,,,,,,,
trial_0006,16,global,,,,0.16319584475831977,-0.01715403443747364,,,,,,,0,0,2,0,0,0.0,0,2,0,18,,0.12631578947368421,5.3281865856864234,,,-0.8,1,0.8,1
trial_0006,17,train,,,0.2503049791205761,,,0.03723465183446574,,,0.0,0.09302325581395349,0.05042000410775113,0,0,3,1,0,0.0,0,2,0,,,,,1.3244220809881078,,,,,
trial_0006,17,eval,0.15789473684210525,0.15789473684210525,,,,,,,,,,,,,,,,,,,,1.6842105263157894,,,,0.0,,,,
trial_0006,17,global,,,,0.18025821878239864,-0.029072375539741832,,,,,,,0,0,3,0,0,0.0,0,3,0,18,,0.11291866028708133,5.117231117367174,,,-0.8,1,0.8,1
trial_0006,18,train,,,0.2503274031156717,,,0.0389870131431624,,,0.0,0.0,0.04256464419669883,0,0,3,0,0,0.0,0,3,0,,,,,1.186456816972688,,,,,
trial_0006,18,eval,,,,,,,0.3684210526315789,2.117811366131431,,,,,,,,,,,,,,,,,,,,,,
trial_0006,18,global,,,,0.16717366958673835,-0.015205353730622996,,,,,,,0,0,3,0,0,0.0,0,3,0,18,,0.12822966507177033,5.520405253725189,,,-0.8,1,0.8,1
trial_0006,19,train,,,0.2503695030545079,,,0.041350720233695445,,,0.0,0.0,0.04562994179337525,0,0,3,0,0,0.0,0,3,0,,,,,1.1717411461264589,,,,,
trial_0006,19,eval,,,,,,,0.3684210526315789,1.755996923697622,,,,,,,,,,,,,,,,,,,,,,
trial_0006,19,global,,,,0.17136343926486297,-0.015466952813910383,,,,,,,0,0,3,0,0,0.0,0,3,0,18,,0.12727272727272726,5.261014793021827,,,-0.8,1,0.8,1
trial_0006,20,train,,,0.25041463763214816,,,0.04341544141603071,,,0.0,0.0,0.03911877588997054,0,0,3,0,0,0.0,0,3,0,,,,,1.0521112170330313,,,,,
trial_0006,20,eval,,,,,,,0.3157894736842105,2.1750667283409517,,,,,,,,,,,,,,,,,,,,,,
trial_0006,20,global,,,,0.16497219241978203,-0.00907570596882942,,,,,,,0,0,3,0,0,0.0,0,3,0,18,,0.13492822966507176,5.782960922295968,,,-0.8,1,0.8,1
trial_0006,21,train,,,0.2504638890002636,,,0.0658709964853652,,,0.0,0.0,0.026259187866557194,0,0,3,0,0,0.0,0,3,0,,,,,17.41349250103565,,,,,
trial_0006,21,eval,,,,,,,0.21052631578947367,2.1691702290585164,,,,,,,,,,,,,,,,,,,,,,
trial_0006,21,global,,,,0.27143024931510307,-0.11553376286415043,,,,,,,0,0,3,0,0,0.0,0,3,0,27,,0.06253869969040247,6.9780982380681,,,-0.8,1,0.8,1
trial_0006,22,train,,,0.2504295573589649,,,0.04931037223085444,,,0.0,0.9999999999999999,0.18956064206171547,0,0,4,1,0,0.0,0,3,0,,,,,2.160900372139951,,,,,
trial_0006,22,eval,0.21052631578947367,0.15789473684210525,,,,,,,,,,,,,,,,,,,,2.1052631578947367,,,,0.3684210526315789,,,,
trial_0006,22,global,,,,0.22215184156160414,-0.07016235721148678,,,,,,,0,0,4,0,0,0.25,0,4,0,27,,0.07554179566563468,8.468245229337237,,,-0.8070175438596492,22,0.8070175438596492,22
trial_0006,23,train,,,0.2504146695137024,,,0.051085229249710734,,,0.0,0.0,0.032231933663183075,0,0,5,1,0,0.25,0,4,0,,,,,1.6154052478201844,,,,,
trial_0006,23,eval,0.21052631578947367,0.21052631578947367,,,,,,,,,,,,,,,,,,,,2.1052631578947367,,,,0.0,,,,
trial_0006,23,global,,,,0.2450582458182002,-0.06802362410410491,,,,,,,0,0,5,0,0,0.0,0,5,0,27,,0.0761609907120743,8.842567642259155,,,-0.8,1,0.8,1
trial_0006,24,train,,,0.2504043734454094,,,0.050446164100728136,,,0.0,0.0,0.042667012828144626,0,0,5,0,0,0.0,0,5,0,,,,,1.3927186080749998,,,,,
trial_0006,24,eval,,,,,,,0.47368421052631576,1.711793435247321,,,,,,,,,,,,,,,,,,,,,,
trial_0006,24,global,,,,0.24096485927813063,-0.05392839386856153,,,,,,,0,0,5,0,0,0.0,0,5,0,27,,0.09597523219814241,8.727708021701305,,,-0.8,1,0.8,1
trial_0006,25,train,,,0.2504077407907932,,,0.05220341175160509,,,0.0,0.0,0.03297940065410543,0,0,6,1,0,0.0,0,5,0,,,,,1.2219401993650072,,,,,
trial_0006,25,eval,0.47368421052631576,0.5263157894736842,,,,,,,,,,,,,,,,,,,,2.1052631578947367,,,,0.0,,,,
trial_0006,25,global,,,,0.2401591287036924,-0.04909689839879319,,,,,,,0,0,6,0,0,0.0,0,6,0,27,,0.09907120743034056,8.853364501575198,,,-0.8,1,0.8,1
trial_0006,26,train,,,0.2503848332673945,,,0.05310221999249559,,,0.0,0.0,0.03651774975055076,0,0,6,0,0,0.0,0,6,0,,,,,1.0295465111732482,,,,,
trial_0006,26,eval,,,,,,,0.5263157894736842,1.5944477915763855,,,,,,,,,,,,,,,,,,,,,,
trial_0006,26,global,,,,0.23509014316849505,-0.03927154619096506,,,,,,,0,0,6,0,0,0.0,0,6,0,27,,0.10959752321981424,8.94294387770142,,,-0.8,1,0.8,1
trial_0006,27,train,,,0.25036464631557465,,,0.05375902830286229,,,0.0,0.0,0.03639446744655675,0,0,6,0,0,0.0,0,6,0,,,,,0.8993527247550639,,,,,
trial_0006,27,eval,,,,,,,0.47368421052631576,1.6099636554718018,,,,,,,,,,,,,,,,,,,,,,
trial_0006,27,global,,,,0.23840804299416232,-0.04117215618361888,,,,,,,0,0,6,0,0,0.0,0,6,0,27,,0.10835913312693499,9.09367485636897,,,-0.8,1,0.8,1
trial_0006,28,train,,,0.25035237917240627,,,0.05497833896190562,,,0.0,0.0,0.03447770847285048,0,0,6,0,0,0.0,0,6,0,,,,,0.8076430105148478,,,,,
trial_0006,28,eval,,,,,,,0.47368421052631576,1.6180050075054169,,,,,,,,,,,,,,,,,,,,,,
trial_0006,28,global,,,,0.23881382982252736,-0.04090454233858321,,,,,,,0,0,6,0,0,0.0,0,6,0,27,,0.10773993808049535,9.229745809360185,,,-0.8,1,0.8,1
trial_0006,29,train,,,0.2503686819938903,,,0.05714279286404873,,,0.0,0.0,0.03322730738907419,0,0,6,0,0,0.0,0,6,0,,,,,0.7443680995322288,,,,,
trial_0006,29,eval,,,,,,,0.5263157894736842,1.6480756292217655,,,,,,,,,,,,,,,,,,,,,,
trial_0006,29,global,,,,0.24018422069346024,-0.04227493320951608,,,,,,,0,0,6,0,0,0.0,0,6,0,27,,0.10588235294117647,9.20722566020009,,,-0.8,1,0.8,1
trial_0006,30,train,,,0.25039244522439674,,,0.058637173885994764,,,0.0,0.0,0.03295108459572843,0,0,7,1,0,0.0,0,6,0,,,,,0.6879338153499238,,,,,
trial_0006,30,eval,0.42105263157894735,0.47368421052631576,,,,,,,,,,,,,,,,,,,,2.1052631578947367,,,,0.0,,,,
trial_0006,30,global,,,,0.24297191841822888,-0.045062630934284746,,,,,,,0,0,7,0,0,0.0,0,7,0,27,,0.10340557275541795,9.42228095228827,,,-0.8,1,0.8,1
trial_0006,31,train,,,0.25041466380687466,,,0.06049123850274593,,,0.0,0.0,0.03218897363527659,0,0,8,1,0,0.0,0,7,0,,,,,0.6301051391566053,,,,,
trial_0006,31,eval,0.42105263157894735,0.42105263157894735,,,,,,,,,,,,,,,,,,,,2.1052631578947367,,,,0.0,,,,
trial_0006,31,global,,,,0.24175231103423794,-0.0438430235502938,,,,,,,0,0,8,0,0,0.0,0,8,0,27,,0.10464396284829722,9.64742122449373,,,-0.8,1,0.8,1
trial_0006,32,train,,,0.2504434176581971,,,0.062191197846798184,,,0.0,0.0,0.03180352581783812,0,0,9,1,0,0.0,0,8,0,,,,,0.5811681898984504,,,,,
trial_0006,32,eval,0.42105263157894735,0.47368421052631576,,,,,,,,,,,,,,,,,,,,2.1052631578947367,,,,0.0,,,,
trial_0006,32,global,,,,0.24132861170420472,-0.04207252287345926,,,,,,,0,0,9,0,0,0.0,0,9,0,27,,0.1065015479876161,9.857685079663161,,,-0.8,1,0.8,1
trial_0006,33,train,,,0.2504792264167298,,,0.06414196909742152,,,0.0,0.0,0.03110575030379473,0,0,10,1,0,0.0,0,9,0,,,,,0.5365542104269595,,,,,
trial_0006,33,eval,0.47368421052631576,0.5263157894736842,,,,,,,,,,,,,,,,,,,,2.1052631578947367,,,,0.0,,,,
trial_0006,33,global,,,,0.2408825018310954,-0.0412238365108169,,,,,,,0,0,10,0,0,0.0,0,10,0,27,,0.10773993808049535,10.027598342659303,,,-0.8,1,0.8,1
trial_0006,34,train,,,0.25052315947857307,,,0.06576916131567448,,,0.0,0.0,0.03075507164318511,0,0,10,0,0,0.0,0,10,0,,,,,0.49667343313389634,,,,,
trial_0006,34,eval,,,,,,,0.5263157894736842,1.6526407034773574,,,,,,,,,,,,,,,,,,,,,,
trial_0006,34,global,,,,0.24010061972030647,-0.036878542503282735,,,,,,,0,0,10,0,0,0.0,0,10,0,27,,0.11145510835913312,10.206340076458343,,,-0.8,1,0.8,1
trial_0006,35,train,,,0.2505656093993085,,,0.06762348083739585,,,0.0,0.0,0.030117156427908454,0,0,10,0,0,0.0,0,10,0,,,,,0.4595309949301658,,,,,
trial_0006,35,eval,,,,,,,0.5789473684210527,1.6800756956401621,,,,,,,,,,,,,,,,,,,,,,
trial_0006,35,global,,,,0.24132768036765698,-0.03810560315063324,,,,,,,0,0,10,0,0,0.0,0,10,0,27,,0.11021671826625387,10.293009282634724,,,-0.8,1,0.8,1
trial_0006,36,train,,,0.25061867211727384,,,0.06932534182325323,,,0.0,0.0,0.029758072594933686,0,0,10,0,0,0.0,0,10,0,,,,,0.42528011091846096,,,,,
trial_0006,36,eval,,,,,,,0.5263157894736842,1.707394087000897,,,,,,,,,,,,,,,,,,,,,,
trial_0006,36,global,,,,0.24000364678945818,-0.03565092152820618,,,,,,,0,0,10,0,0,0.0,0,10,0,27,,0.11269349845201239,10.349139548381416,,,-0.8,1,0.8,1
trial_0006,37,train,,,0.25066869214494175,,,0.07090371149651548,,,0.0,0.0,0.02943231634240835,0,0,10,0,0,0.0,0,10,0,,,,,0.3944360727325399,,,,,
trial_0006,37,eval,,,,,,,0.5263157894736842,1.7224892942528973,,,,,,,,,,,,,,,,,,,,,,
trial_0006,37,global,,,,0.2403679918934705,-0.03483450928707759,,,,,,,0,0,10,0,0,0.0,0,10,0,27,,0.11331269349845201,10.42914190380935,,,-0.8,1,0.8,1
trial_0006,38,train,,,0.2507159747975938,,,0.07228078550480782,,,0.0,0.0,0.028629047217521263,0,0,11,1,0,0.0,0,10,0,,,,,0.3606069807993605,,,,,
trial_0006,38,eval,0.47368421052631576,0.42105263157894735,,,,,,,,,,,,,,,,,,,,2.1052631578947367,,,,0.15789473684210525,,,,
trial_0006,38,global,,,,0.24037579914482946,-0.0334955151916352,,,,,,,0,0,11,0,0,0.25,0,11,0,27,,0.11455108359133127,10.498261126349954,,,-0.8,1,0.8,1
trial_0006,39,train,,,0.2507545177606826,,,0.07309179039711647,,,0.0,0.0,0.028241102500481813,0,0,12,1,0,0.25,0,11,0,,,,,0.33274634455112695,,,,,
trial_0006,39,eval,0.42105263157894735,0.42105263157894735,,,,,,,,,,,,,,,,,,,,2.1052631578947367,,,,0.15789473684210525,,,,
trial_0006,39,global,,,,0.24219975315223122,-0.03531946919903696,,,,,,,0,0,12,0,0,0.25,0,12,0,27,,0.11269349845201239,10.661902424720788,,,-0.8,1,0.8,1
trial_0006,40,train,,,0.2507990877679054,,,0.07400986615647662,,,0.0,0.0,0.026784675597074505,0,0,13,1,0,0.25,0,12,0,,,,,0.30104653419966393,,,,,
trial_0006,40,eval,0.5789473684210527,0.47368421052631576,,,,,,,,,,,,,,,,,,,,2.1052631578947367,,,,0.42105263157894735,,,,
trial_0006,40,global,,,,0.27100088743077616,-0.049188675502175636,,,,,,,1,1,13,0,0,0.5,1,12,0,27,,0.0934984520123839,5.568070367393848,,,-0.8596491228070176,22,0.8596491228070176,22
trial_0006,41,train,,,0.2508104088940198,,,0.0762370025055318,,,0.0,0.0,0.026047449002537547,1,1,13,0,0,0.5,1,12,0,,,,,0.31062617845173124,,,,,
trial_0006,41,eval,,,,,,,0.5789473684210527,1.7453857817147906,,,,,,,,,,,,,,,,,,,,,,
trial_0006,41,global,,,,0.2580838468631888,-0.03424220824762736,,,,,,,1,1,13,0,0,0.5,1,12,0,27,,0.11269349845201239,11.299110691318571,,,-0.8,1,0.8,1
trial_0006,42,train,,,0.25087958130430665,,,0.07466712403804697,,,0.0,0.0,0.02781624689975635,1,1,13,0,0,0.5,1,12,0,,,,,0.2599756133683184,,,,,
trial_0006,42,eval,,,,,,,0.631578947368421,2.0272243164087596,,,,,,,,,,,,,,,,,,,,,,
trial_0006,42,global,,,,0.25262573292063745,-0.02646927949026122,,,,,,,1,1,13,0,0,0.5,1,12,0,27,,0.12012383900928793,11.09814636183228,,,-0.8,1,0.8,1
trial_0006,43,train,,,0.2509179834989791,,,0.07342373120023848,,,0.0,0.0,0.02514389752648137,1,1,13,0,0,0.5,1,12,0,,,,,0.24546962359801253,,,,,
trial_0006,43,eval,,,,,,,0.5789473684210527,1.9239736042524638,,,,,,,,,,,,,,,,,,,,,,
trial_0006,43,global,,,,0.2585713084889725,-0.03241485505859621,,,,,,,1,0,13,0,0,0.5,0,12,1,27,,0.11455108359133127,11.549402925473618,,,-0.8,1,0.8,1
trial_0006,44,train,,,0.25087349417995897,,,0.07440387314938483,,,0.0,0.0,0.029461464365112024,1,0,14,1,0,0.5,0,12,1,,,,,0.28156246102236687,,,,,
trial_0006,44,eval,0.5263157894736842,0.47368421052631576,,,,,,,,,,,,,,,,,,,,2.1052631578947367,,,,0.2631578947368421,,,,
trial_0006,44,global,,,,0.26056700681590833,-0.033903196713791835,,,,,,,1,0,14,0,0,0.25,0,13,1,27,,0.11393188854489164,11.431063323124274,,,-0.8,1,0.8,1
trial_0006,45,train,,,0.2509258766757681,,,0.07692544954888364,,,0.0,0.0,0.026921416824049457,1,0,14,0,0,0.25,0,13,1,,,,,0.24778199010389915,,,,,
trial_0006,45,eval,,,,,,,0.5789473684210527,2.123714414082075,,,,,,,,,,,,,,,,,,,,,,
trial_0006,45,global,,,,0.25201813824822095,-0.025354328146104436,,,,,,,1,0,14,0,0,0.25,0,13,1,27,,0.12074303405572756,11.254768333789364,,,-0.8,1,0.8,1
trial_0006,46,train,,,0.2509741187095642,,,0.07449605997572555,,,0.0,0.0,0.02746173079779491,1,0,15,1,0,0.25,0,13,1,,,,,0.22832331120016724,,,,,
trial_0006,46,eval,0.47368421052631576,0.42105263157894735,,,,,,,,,,,,,,,,,,,,2.1052631578947367,,,,0.15789473684210525,,,,
trial_0006,46,global,,,,0.25834114555114546,-0.031169978777288734,,,,,,,1,0,15,0,0,0.25,0,14,1,27,,0.11702786377708978,12.140685397405004,,,-0.8,1,0.8,1
trial_0006,47,train,,,0.25102463364601135,,,0.07687271021782083,,,0.0,0.0,0.02278020321094293,1,0,16,1,0,0.25,0,14,1,,,,,0.21494044032185633,,,,,
trial_0006,47,eval,0.3684210526315789,0.3157894736842105,,,,,,,,,,,,,,,,,,,,2.1052631578947367,,,,0.15789473684210525,,,,
trial_0006,47,global,,,,0.25792622148679245,-0.02927119906241343,,,,,,,1,0,16,0,0,0.25,0,15,1,27,,0.11393188854489164,12.135649656880382,,,-0.8,1,0.8,1
trial_0006,48,train,,,0.25106894526075807,,,0.07561942871580732,,,0.0,0.0,0.025285171705516096,1,0,16,0,0,0.25,0,15,1,,,,,0.20921316676317375,,,,,
trial_0006,48,eval,,,,,,,0.5263157894736842,1.9902752073187577,,,,,,,,,,,,,,,,,,,,,,
trial_0006,48,global,,,,0.2669869722602967,-0.036809879820697,,,,,,,1,0,16,0,0,0.25,0,15,1,27,,0.1108359133126935,12.734063049883297,,,-0.8,1,0.8,1
trial_0006,49,train,,,0.2511241293333946,,,0.07675070204633347,,,0.0,0.0,0.022129073380393556,1,0,16,0,0,0.25,0,15,1,,,,,0.2136834320552806,,,,,
trial_0006,49,eval,,,,,,,0.5263157894736842,2.095716755641134,,,,,,,,,,,,,,,,,,,,,,
trial_0006,49,global,,,,0.2613635453143591,-0.028930992285965445,,,,,,,1,0,16,0,0,0.25,0,15,1,27,,0.11393188854489164,12.520546238193571,,,-0.8,1,0.8,1
trial_0006,50,train,,,0.2511733757688644,,,0.0780441513720979,,,0.0,0.0,0.024204600006936396,1,0,16,0,0,0.25,0,15,1,,,,,0.18995547088536807,,,,,
trial_0006,50,eval,,,,,,,0.631578947368421,1.8990665438928103,,,,,,,,,,,,,,,,,,,,,,
trial_0006,50,global,,,,0.26101740508927335,-0.028584852060879705,,,,,,,1,0,16,0,0,0.25,0,15,1,27,,0.11826625386996904,13.03196393181296,,,-0.8,1,0.8,1
trial_0006,51,train,,,0.2512039878266923,,,0.07931675999722582,,,0.0,0.0,0.01923219208120111,1,0,17,1,0,0.25,0,15,1,,,,,0.13742840416887975,,,,,
trial_0006,51,eval,0.5263157894736842,0.5263157894736842,,,,,,,,,,,,,,,,,,,,2.1052631578947367,,,,0.0,,,,
trial_0006,51,global,,,,0.25447889405273194,-0.022046341024338306,,,,,,,1,0,17,0,0,0.0,0,16,1,27,,0.12198142414860681,12.29045853747672,,,-0.8,1,0.8,1
trial_0006,52,train,,,0.25124944492857504,,,0.07921671613733819,,,0.0,0.0,0.022362366023949014,1,0,18,1,0,0.0,0,16,1,,,,,0.18256817563100064,,,,,
trial_0006,52,eval,0.5789473684210527,0.5789473684210527,,,,,,,,,,,,,,,,,,,,2.1052631578947367,,,,0.0,,,,
trial_0006,52,global,,,,0.26119697535488046,-0.028257065654746553,,,,,,,1,0,18,0,0,0.0,0,17,1,27,,0.11888544891640866,12.387803940433466,,,-0.8,1,0.8,1
trial_0006,53,train,,,0.25128605993504216,,,0.08087918923256246,,,0.0,0.0,0.018654580543590513,1,0,18,0,0,0.0,0,17,1,,,,,0.15843472235063288,,,,,
trial_0006,53,eval,,,,,,,0.631578947368421,1.991109833905571,,,,,,,,,,,,,,,,,,,,,,
trial_0006,53,global,,,,0.25445716807998797,-0.021517258379854076,,,,,,,1,0,18,0,0,0.0,0,17,1,27,,0.12074303405572756,11.73110806727926,,,-0.8,1,0.8,1
trial_0006,54,train,,,0.2513388395309448,,,0.07967752725520033,,,0.0,0.0,0.023748716713979524,1,0,19,1,0,0.0,0,17,1,,,,,0.15574895534268085,,,,,
trial_0006,54,eval,0.47368421052631576,0.47368421052631576,,,,,,,,,,,,,,,,,,,,2.1052631578947367,,,,0.0,,,,
trial_0006,54,global,,,,0.25793029983243465,-0.0235685387189053,,,,,,,1,0,19,0,0,0.0,0,18,1,27,,0.1238390092879257,12.372908324722903,,,-0.8,1,0.8,1
trial_0006,55,train,,,0.2513742979536665,,,0.08218667798853935,,,0.0,0.0,0.018697375236475407,1,0,20,1,0,0.0,0,18,1,,,,,0.13649739168901392,,,,,
trial_0006,55,eval,0.47368421052631576,0.5263157894736842,,,,,,,,,,,,,,,,,,,,2.1052631578947367,,,,0.0,,,,
trial_0006,55,global,,,,0.2560890707741469,-0.021727309660617564,,,,,,,1,0,20,0,0,0.0,0,19,1,27,,0.12012383900928793,11.564965758899417,,,-0.8,1,0.8,1
trial_0006,56,train,,,0.2514287677217037,,,0.079180157565056,,,0.0,0.0,0.022518440321127473,1,0,20,0,0,0.0,0,19,1,,,,,0.1277358852643916,,,,,
trial_0006,56,eval,,,,,,,0.5789473684210527,2.037421035139184,,,,,,,,,,,,,,,,,,,,,,
trial_0006,56,global,,,,0.25803472602664246,-0.022150894897892414,,,,,,,1,0,20,0,0,0.0,0,19,1,27,,0.1256965944272446,12.501570006568365,,,-0.8,1,0.8,1
trial_0006,57,train,,,0.2514604602722411,,,0.08251062859880164,,,0.0,0.0,0.01746027366991373,1,0,20,0,0,0.0,0,19,1,,,,,0.11830636846654594,,,,,
trial_0006,57,eval,,,,,,,0.631578947368421,1.9289914934258712,,,,,,,,,,,,,,,,,,,,,,
trial_0006,57,global,,,,0.25609270485064184,-0.02020887372189177,,,,,,,1,0,20,0,0,0.0,0,19,1,27,,0.12198142414860681,11.681954863935063,,,-0.8,1,0.8,1
trial_0006,58,train,,,0.25151196122169495,,,0.07859723174825628,,,0.0,0.0,0.019932103410432552,1,0,20,0,0,0.0,0,19,1,,,,,0.10397806963387957,,,,,
trial_0006,58,eval,,,,,,,0.5789473684210527,2.021841878953733,,,,,,,,,,,,,,,,,,,,,,
trial_0006,58,global,,,,0.2587914097954014,-0.022907578666651343,,,,,,,1,0,20,0,0,0.0,0,19,1,27,,0.12445820433436533,12.586007241641774,,,-0.8,1,0.8,1
trial_0006,59,train,,,0.2515387122935437,,,0.08172969107932232,,,0.0,0.0,0.015515471275950328,1,0,21,1,0,0.0,0,19,1,,,,,0.09934242260741427,,,,,
trial_0006,59,eval,0.5789473684210527,0.5789473684210527,,,,,,,,,,,,,,,,,,,,2.1052631578947367,,,,0.0,,,,
trial_0006,59,global,,,,0.2570397828212157,-0.02115595169246566,,,,,,,1,0,21,0,0,0.0,0,20,1,27,,0.12136222910216718,11.86922970940085,,,-0.8,1,0.8,1
trial_0006,60,train,,,0.25157899869249223,,,0.07776757123622488,,,0.0,0.0,0.01742432171347591,1,0,22,1,0,0.0,0,20,1,,,,,0.08054622448980808,,,,,
trial_0006,60,eval,0.5263157894736842,0.5263157894736842,,,,,,,,,,,,,,,,,,,,2.1052631578947367,,,,0.0,,,,
trial_0006,60,global,,,,0.2577196450911642,-0.021835813962414116,,,,,,,1,0,22,0,0,0.0,0,21,1,27,,0.12445820433436533,12.728559360563201,,,-0.8,1,0.8,1
trial_0006,61,train,,,0.2516206956290184,,,0.07976203142328465,,,0.0,0.0,0.013254163084623523,1,0,22,0,0,0.0,0,21,1,,,,,0.08048934725687859,,,,,
trial_0006,61,eval,,,,,,,0.5789473684210527,1.9585528126672695,,,,,,,,,,,,,,,,,,,,,,
trial_0006,61,global,,,,0.2536458275891036,-0.017761996460353528,,,,,,,1,0,22,0,0,0.0,0,21,1,27,,0.12507739938080495,12.115887356690209,,,-0.8,1,0.8,1
trial_0006,62,train,,,0.25165266876525066,,,0.07778798519296848,,,0.0,0.0,0.01485020496295468,1,0,23,1,0,0.0,0,21,1,,,,,0.0676013228741098,,,,,
trial_0006,62,eval,0.47368421052631576,0.47368421052631576,,,,,,,,,,,,,,,,,,,,2.1052631578947367,,,,0.0,,,,
trial_0006,62,global,,,,0.25822271473458835,-0.022338883605838314,,,,,,,1,0,23,0,0,0.0,0,22,1,27,,0.1238390092879257,12.862260271668804,,,-0.8,1,0.8,1
trial_0006,63,train,,,0.25170303437303987,,,0.07796721318934825,,,0.0,0.0,0.012223900196593297,1,0,24,1,0,0.0,0,22,1,,,,,0.06412247277082915,,,,,
trial_0006,63,eval,0.47368421052631576,0.42105263157894735,,,,,,,,,,,,,,,,,,,,2.1052631578947367,,,,0.15789473684210525,,,,
trial_0006,63,global,,,,0.2525730329052297,-0.016689201776479663,,,,,,,1,0,24,0,0,0.25,0,23,1,27,,0.12631578947368421,12.430963484347789,,,-0.8,1,0.8,1
trial_0006,64,train,,,0.251735269072208,,,0.07788602151769272,,,0.0,0.0,0.013399312178111399,1,0,24,0,0,0.25,0,23,1,,,,,0.0632513619246001,,,,,
trial_0006,64,eval,,,,,,,0.631578947368421,1.9944670212111975,,,,,,,,,,,,,,,,,,,,,,
trial_0006,64,global,,,,0.2572668758780161,-0.020709644075865376,,,,,,,1,0,24,0,0,0.25,0,23,1,27,,0.12445820433436533,13.053273827520318,,,-0.8,1,0.8,1
trial_0006,65,train,,,0.2517615150898061,,,0.07704231269816134,,,0.0,0.0,0.01164457883727316,1,0,24,0,0,0.25,0,23,1,,,,,0.056512406091899316,,,,,
trial_0006,65,eval,,,,,,,0.631578947368421,1.9162388240036208,,,,,,,,,,,,,,,,,,,,,,
trial_0006,65,global,,,,0.2523589422043233,-0.01442996828968974,,,,,,,1,0,24,0,0,0.25,0,23,1,27,,0.12941176470588237,12.590485209651037,,,-0.8,1,0.8,1
trial_0006,66,train,,,0.25179028923207136,,,0.07823450197564794,,,0.0,0.0,0.01334551865562544,1,0,24,0,0,0.25,0,23,1,,,,,0.06822837171481645,,,,,
trial_0006,66,eval,,,,,,,0.6842105263157894,1.9358097750105356,,,,,,,,,,,,,,,,,,,,,,
trial_0006,66,global,,,,0.25552247982901793,-0.01759350591438439,,,,,,,1,0,24,0,0,0.25,0,23,1,27,,0.12941176470588237,12.772462524791989,,,-0.8,1,0.8,1
trial_0006,67,train,,,0.25182050688469665,,,0.07676790749773066,,,0.0,0.0,0.010067725084360414,1,0,25,1,0,0.25,0,23,1,,,,,0.05164145473390818,,,,,
trial_0006,67,eval,0.5263157894736842,0.5789473684210527,,,,,,,,,,,,,,,,,,,,2.1052631578947367,,,,0.0,,,,
trial_0006,67,global,,,,0.25068570152324454,-0.012756727608610954,,,,,,,1,0,25,0,0,0.0,0,24,1,27,,0.1306501547987616,12.728595939140202,,,-0.8,1,0.8,1
trial_0006,68,train,,,0.2518456153413082,,,0.0769611876061622,,,0.0,0.0,0.010639889922210988,1,0,26,1,0,0.0,0,24,1,,,,,0.054890544746229626,,,,,
trial_0006,68,eval,0.631578947368421,0.631578947368421,,,,,,,,,,,,,,,,,,,,2.1052631578947367,,,,0.0,,,,
trial_0006,68,global,,,,0.25156278805195254,-0.01089032991235325,,,,,,,1,0,26,0,0,0.0,0,25,1,27,,0.13498452012383902,13.239585054474349,,,-0.8,1,0.8,1
trial_0006,69,train,,,0.25184741299203095,,,0.07600361933099462,,,0.0,0.0,0.009126358844390624,1,0,26,0,0,0.0,0,25,1,,,,,0.05760456818611698,,,,,
trial_0006,69,eval,,,,,,,0.6842105263157894,1.8797041275783588,,,,,,,,,,,,,,,,,,,,,,
trial_0006,69,global,,,,0.25285254211748165,-0.010808341865399515,,,,,,,1,0,26,0,0,0.0,0,25,1,27,,0.13374613003095975,13.087436605164141,,,-0.8,1,0.8,1
trial_0006,70,train,,,0.2518446334498994,,,0.07530398571744878,,,0.0,0.0,0.009520948849209124,1,0,27,1,0,0.0,0,25,1,,,,,0.046379282442416916,,,,,
trial_0006,70,eval,0.5263157894736842,0.5263157894736842,,,,,,,,,,,,,,,,,,,,2.1052631578947367,,,,0.0,,,,
trial_0006,70,global,,,,0.2542090107538616,-0.012164810501779462,,,,,,,1,0,27,0,0,0.0,0,26,1,27,,0.13436532507739937,13.429140928286149,,,-0.8,1,0.8,1
trial_0006,71,train,,,0.2518595105155985,,,0.07450479078800121,,,0.0,0.0,0.00822737155382477,1,0,28,1,0,0.0,0,26,1,,,,,0.04290531650680969,,,,,
trial_0006,71,eval,0.5263157894736842,0.5263157894736842,,,,,,,,,,,,,,,,,,,,2.1052631578947367,,,,0.0,,,,
trial_0006,71,global,,,,0.24937126959326242,-0.00732706934118028,,,,,,,1,0,28,0,0,0.0,0,27,1,27,,0.13746130030959752,12.877669768436775,,,-0.8,1,0.8,1
trial_0006,72,train,,,0.251857542928229,,,0.07392943793154777,,,0.0,0.0,0.00882346106707391,1,0,28,0,0,0.0,0,27,1,,,,,0.048905533115240804,,,,,
trial_0006,72,eval,,,,,,,0.6842105263157894,2.114637450560143,,,,,,,,,,,,,,,,,,,,,,
trial_0006,72,global,,,,0.2501198678888144,-0.008075667636732283,,,,,,,1,0,28,0,0,0.0,0,27,1,27,,0.13808049535603714,13.297364089068244,,,-0.8,1,0.8,1
trial_0006,73,train,,,0.2518662578882055,,,0.07193095252868976,,,0.0,0.0,0.007851840789582176,1,0,28,0,0,0.0,0,27,1,,,,,0.03689628085319666,,,,,
trial_0006,73,eval,,,,,,,0.6842105263157894,2.1190013389446234,,,,,,,,,,,,,,,,,,,,,,
trial_0006,73,global,,,,0.24760254277929533,-0.005558342527213191,,,,,,,1,0,28,0,0,0.0,0,27,1,27,,0.13993808049535603,13.03547555079032,,,-0.8,1,0.8,1
trial_0006,74,train,,,0.2518554859338923,,,0.0714595489045407,,,0.0,0.0,0.007541433622409773,1,0,28,0,0,0.0,0,27,1,,,,,0.03990143960777749,,,,,
trial_0006,74,eval,,,,,,,0.6842105263157894,2.163706048930946,,,,,,,,,,,,,,,,,,,,,,
trial_0006,74,global,,,,0.248976916929848,-0.006259316004365175,,,,,,,1,0,28,0,0,0.0,0,27,1,27,,0.13993808049535603,13.321424008301538,,,-0.8,1,0.8,1
trial_0006,75,train,,,0.2518654573470988,,,0.06965846584198322,,,0.0,0.0,0.0069305194118722754,1,0,29,1,0,0.0,0,27,1,,,,,0.03333312861641195,,,,,
trial_0006,75,eval,0.5789473684210527,0.5789473684210527,,,,,,,,,,,,,,,,,,,,2.1052631578947367,,,,0.0,,,,
trial_0006,75,global,,,,0.2511453964983452,-0.008427795572862388,,,,,,,1,0,29,0,0,0.0,0,28,1,27,,0.13808049535603714,13.071846372055196,,,-0.8,1,0.8,1
trial_0006,76,train,,,0.2518443737892394,,,0.06910521806554591,,,0.0,0.0,0.00678068324833727,1,0,30,1,0,0.0,0,28,1,,,,,0.034377978088215314,,,,,
trial_0006,76,eval,0.631578947368421,0.631578947368421,,,,,,,,,,,,,,,,,,,,2.1052631578947367,,,,0.0,,,,
trial_0006,76,global,,,,0.24801290854715116,-0.004621906948267669,,,,,,,1,0,30,0,0,0.0,0,29,1,27,,0.1417956656346749,13.433130704802995,,,-0.8,1,0.8,1
trial_0006,77,train,,,0.2518523590678864,,,0.06740186569538523,,,0.0,0.0,0.006309253264461927,1,0,30,0,0,0.0,0,29,1,,,,,0.03355896626500056,,,,,
trial_0006,77,eval,,,,,,,0.6842105263157894,2.3633239171222638,,,,,,,,,,,,,,,,,,,,,,
trial_0006,77,global,,,,0.24632756138553114,-0.0029365597866476516,,,,,,,1,0,30,0,0,0.0,0,29,1,27,,0.14427244582043344,13.227711312025324,,,-0.8,1,0.8,1
trial_0006,78,train,,,0.25183618195513463,,,0.06728012320843148,,,0.0,0.0,0.0063947464064341986,1,0,31,1,0,0.0,0,29,1,,,,,0.03305277367756563,,,,,
trial_0006,78,eval,0.5263157894736842,0.5263157894736842,,,,,,,,,,,,,,,,,,,,2.1052631578947367,,,,0.0,,,,
trial_0006,78,global,,,,0.2549896449119906,-0.009578441292905093,,,,,,,1,0,31,0,0,0.0,0,30,1,27,,0.1368421052631579,13.276176906148716,,,-0.8,1,0.8,1
trial_0006,79,train,,,0.2518535979250644,,,0.06574568089018477,,,0.0,0.0,0.005993236211330403,1,0,32,1,0,0.0,0,30,1,,,,,0.04599923427177077,,,,,
trial_0006,79,eval,0.5263157894736842,0.5263157894736842,,,,,,,,,,,,,,,,,,,,2.1052631578947367,,,,0.0,,,,
trial_0006,79,global,,,,0.25117821552673253,-0.005767011907646994,,,,,,,1,0,32,0,0,0.0,0,31,1,27,,0.1411764705882353,13.518820960455265,,,-0.8,1,0.8,1
trial_0006,80,train,,,0.25187100818816655,,,0.06595434914243982,,,0.0,0.0,0.005790259583869905,1,0,32,0,0,0.0,0,31,1,,,,,0.09410176636710604,,,,,
trial_0006,80,eval,,,,,,,0.631578947368421,2.276890814304352,,,,,,,,,,,,,,,,,,,,,,
trial_0006,80,global,,,,0.24798384024646533,-0.0025726366273798257,,,,,,,1,0,32,0,0,0.0,0,31,1,27,,0.14489164086687306,13.664506814206717,,,-0.8,1,0.8,1
trial_0006,81,train,,,0.25190316394288487,,,0.06746514934174558,,,0.0,0.0,0.0076108752346896085,1,0,32,0,0,0.0,0,31,1,,,,,0.06856339957287653,,,,,
trial_0006,81,eval,,,,,,,0.5789473684210527,2.748393559093146,,,,,,,,,,,,,,,,,,,,,,
trial_0006,81,global,,,,0.2598538037043903,-0.014442600085304848,,,,,,,1,0,32,0,0,0.0,0,31,1,27,,0.1306501547987616,13.073858302444128,,,-0.8,1,0.8,1
trial_0006,82,train,,,0.2518947225935915,,,0.06569088393069328,,,0.0,0.0,0.01650942840487721,1,0,32,0,0,0.0,0,31,1,,,,,0.1026363837096761,,,,,
trial_0006,82,eval,,,,,,,0.5789473684210527,2.3233316081919164,,,,,,,,,,,,,,,,,,,,,,
trial_0006,82,global,,,,0.25407059507503077,-0.006830401972634788,,,,,,,1,0,32,0,0,0.0,0,31,1,27,,0.14055727554179567,13.718922499901739,,,-0.8,1,0.8,1
trial_0006,83,train,,,0.2518917328499733,,,0.06664248983910744,,,0.0,0.0,0.009578966893357264,1,0,33,1,0,0.0,0,31,1,,,,,0.05061728649951042,,,,,
trial_0006,83,eval,0.5789473684210527,0.5789473684210527,,,,,,,,,,,,,,,,,,,,2.1052631578947367,,,,0.0,,,,
trial_0006,83,global,,,,0.2541048436181983,-0.006191249842401647,,,,,,,1,0,33,0,0,0.0,0,32,1,27,,0.13993808049535603,13.4745240533315,,,-0.8,1,0.8,1
trial_0006,84,train,,,0.25187704521924886,,,0.06386744405360932,,,0.0,0.0,0.005517942457586191,1,0,34,1,0,0.0,0,32,1,,,,,0.024531326235886268,,,,,
trial_0006,84,eval,0.5789473684210527,0.5263157894736842,,,,,,,,,,,,,,,,,,,,2.1052631578947367,,,,0.15789473684210525,,,,
trial_0006,84,global,,,,0.2566188572236828,-0.008705263447886127,,,,,,,1,0,34,0,0,0.25,0,33,1,27,,0.13808049535603714,13.53865231257105,,,-0.8,1,0.8,1
trial_0006,85,train,,,0.2518777338431236,,,0.06562491427076624,,,0.0,0.0,0.007059467581510694,1,0,34,0,0,0.25,0,33,1,,,,,0.044001045543700455,,,,,
trial_0006,85,eval,,,,,,,0.5789473684210527,2.5419203158664074,,,,,,,,,,,,,,,,,,,,,,
trial_0006,85,global,,,,0.2584868792401308,-0.010573285464334154,,,,,,,1,0,34,0,0,0.25,0,33,1,27,,0.13498452012383902,13.099887115667478,,,-0.8,1,0.8,1
trial_0006,86,train,,,0.25188849327412055,,,0.06397389668099425,,,0.0,0.0,0.005675182717296845,1,0,35,1,0,0.25,0,33,1,,,,,0.047843591550840656,,,,,
trial_0006,86,eval,0.5263157894736842,0.5263157894736842,,,,,,,,,,,,,,,,,,,,2.1052631578947367,,,,0.0,,,,
trial_0006,86,global,,,,0.2562212731123591,-0.008307679336562441,,,,,,,1,0,35,0,0,0.0,0,34,1,27,,0.13808049535603714,13.229667904502467,,,-0.8,1,0.8,1
trial_0006,87,train,,,0.2518978608732528,,,0.06375031902434977,,,0.0,0.0,0.0045329603608518084,1,0,36,1,0,0.0,0,34,1,,,,,0.024149880651384594,,,,,
trial_0006,87,eval,0.5263157894736842,0.5263157894736842,,,,,,,,,,,,,,,,,,,,2.1052631578947367,,,,0.0,,,,
trial_0006,87,global,,,,0.2520665594606861,-0.004152965684889446,,,,,,,1,0,36,0,0,0.0,0,35,1,27,,0.1436532507739938,13.388393168257487,,,-0.8,1,0.8,1
trial_0006,88,train,,,0.25189665023316726,,,0.0623718817183312,,,0.0,0.0,0.0044648892641565375,1,0,36,0,0,0.0,0,35,1,,,,,0.021230345985237906,,,,,
trial_0006,88,eval,,,,,,,0.631578947368421,2.638193504737788,,,,,,,,,,,,,,,,,,,,,,
trial_0006,88,global,,,,0.26077108929208376,-0.01285749551628708,,,,,,,1,0,36,0,0,0.0,0,35,1,27,,0.13374613003095975,13.364208743446751,,,-0.8,1,0.8,1
trial_0006,89,train,,,0.2518882215657133,,,0.06270889398899485,,,0.0,0.0,0.005021093894646719,1,0,36,0,0,0.0,0,35,1,,,,,0.023020235441149547,,,,,
trial_0006,89,eval,,,,,,,0.5789473684210527,2.784341160894224,,,,,,,,,,,,,,,,,,,,,,
trial_0006,89,global,,,,0.25240709927141747,-0.004493505495620795,,,,,,,1,0,36,0,0,0.0,0,35,1,27,,0.1417956656346749,13.256767665048132,,,-0.8,1,0.8,1
trial_0006,90,train,,,0.25188225824782184,,,0.06086749092061469,,,0.0,0.0,0.005199479848887039,1,0,36,0,0,0.0,0,35,1,,,,,0.020214500449637466,,,,,
trial_0006,90,eval,,,,,,,0.6842105263157895,2.536104571368349,,,,,,,,,,,,,,,,,,,,,,
trial_0006,90,global,,,,0.25688294498204295,-0.007622549859444938,,,,,,,1,0,36,0,0,0.0,0,35,1,27,,0.1393188854489164,13.830083940346544,,,-0.8,1,0.8,1
trial_0007,1,train,,,0.250413255223745,,,0.011868546811180023,,,0.0,0.0,0.002826578910698489,0,0,0,0,0,,0,0,0,,,,,2.198364117779309,,,,,
trial_0007,1,eval,,,,,,,0.3529411764705882,2.188348629895379,,,,,,,,,,,,,,,,,,,,,,
trial_0007,1,global,,,,,,,,,,,,0,0,0,0,0,,0,0,0,9,,0.12421052631578948,2.1968992268411736,,,,,,
trial_0007,2,train,,,0.250357756131812,,,0.014063584182081342,,,0.0,0.0,0.021403087432130798,0,0,0,0,0,,0,0,0,,,,,2.1681646669967263,,,,,
trial_0007,2,eval,,,,,,,0.11764705882352941,2.177969133152681,,,,,,,,,,,,,,,,,,,,,,
trial_0007,2,global,,,,0.015637860082304538,-0.004744613894940704,,,,,,,0,0,0,0,0,,0,0,0,9,,0.12,2.196198797727886,,,-0.07407407407407407,3,0.07407407407407407,3
trial_0007,3,train,,,0.25035110606422906,,,0.019248908644990074,,,0.0,0.0,0.021709293974091926,0,0,0,0,0,,0,0,0,,,,,2.0902948569647872,,,,,
trial_0007,3,eval,,,,,,,0.058823529411764705,2.1432456128737503,,,,,,,,,,,,,,,,,,,,,,
trial_0007,3,global,,,,0.032195594287097555,-0.021302348099733723,,,,,,,0,0,0,0,0,,0,0,0,9,,0.1031578947368421,2.227261832387824,,,-0.11764705882352944,0,0.21568627450980393,0
trial_0007,4,train,,,0.2504075097886822,,,0.02692607007449186,,,0.0,0.0,0.028161954712358456,0,0,0,0,0,,0,0,0,,,,,1.9490071159374864,,,,,
trial_0007,4,eval,,,,,,,0.1764705882352941,2.116253698573393,,,,,,,,,,,,,,,,,,,,,,
trial_0007,4,global,,,,0.05495037521181313,-0.004106364006298835,,,,,,,0,0,0,0,0,,0,0,0,9,,0.12210526315789473,2.2192862405275045,,,-0.22222222222222232,1,0.23529411764705882,0
trial_0007,5,train,,,0.2504489550107642,,,0.03262114694601373,,,0.0,0.0,0.025058126091202605,0,0,0,0,0,,0,0,0,,,,,1.7257078833972352,,,,,
trial_0007,5,eval,,,,,,,0.1764705882352941,2.1943464980405922,,,,,,,,,,,,,,,,,,,,,,
trial_0007,5,global,,,,0.05551571450132133,-0.004671703295807033,,,,,,,0,0,0,0,0,,0,0,0,9,,0.12,2.366917482677259,,,-0.13725490196078433,0,0.23529411764705882,0
trial_0007,6,train,,,0.2504492873632455,,,0.0378604237037369,,,0.0,0.0,0.030393073672452305,0,0,0,0,0,,0,0,0,,,,,1.622009811823881,,,,,
trial_0007,6,eval,,,,,,,0.2941176470588235,2.161357024136712,,,,,,,,,,,,,,,,,,,,,,
trial_0007,6,global,,,,0.04313725490196079,0.07397775547802168,,,,,,,0,0,0,0,0,,0,0,0,9,,0.2,2.299722675022326,,,-0.1568627450980392,0,0.2549019607843137,0
trial_0007,7,train,,,0.2504503228996373,,,0.041082843195033976,,,0.0,0.0,0.028010658589722237,0,0,0,0,0,,0,0,0,,,,,1.4614279790015159,,,,,
trial_0007,7,eval,,,,,,,0.411764705882353,2.3275293883155372,,,,,,,,,,,,,,,,,,,,,,
trial_0007,7,global,,,,0.08211140371119523,0.04037995075480874,,,,,,,0,0,0,0,0,,0,0,0,9,,0.16842105263157894,2.5476000424435266,,,-0.13333333333333341,1,0.196078431372549,0
trial_0007,8,train,,,0.25045000790040706,,,0.04292283933373946,,,0.0,0.0,0.03682068428378317,0,0,0,0,0,,0,0,0,,,,,1.3343080936353418,,,,,
trial_0007,8,eval,,,,,,,0.4705882352941177,2.2384071770836327,,,,,,,,,,,,,,,,,,,,,,
trial_0007,8,global,,,,0.062330241504537774,0.0601611129614662,,,,,,,0,0,0,0,0,,0,0,0,9,,0.18736842105263157,2.5622495485606946,,,-0.1777777777777778,1,0.1777777777777778,1
trial_0007,9,train,,,0.2504746525347987,,,0.045103811010529724,,,0.0,0.0,0.0368883256670795,0,0,1,1,0,,0,0,0,,,,,1.1076857141301601,,,,,
trial_0007,9,eval,0.3529411764705882,0.3529411764705882,,,,,,,,,,,,,,,,,,,,2.8823529411764706,,,,0.0,,,,
trial_0007,9,global,,,,0.06604049861717023,0.058629505086306516,,,,,,,0,0,1,0,0,0.0,0,1,0,9,,0.1831578947368421,2.799839530242117,,,-0.1777777777777778,1,0.1777777777777778,1
trial_0007,10,train,,,0.25047992150994797,,,0.04757173604603055,,,0.0,0.0,0.0382283933507868,0,0,1,0,0,0.0,0,1,0,,,,,0.9929350310865837,,,,,
trial_0007,10,eval,,,,,,,0.411764705882353,2.2926989162669464,,,,,,,,,,,,,,,,,,,,,,
trial_0007,10,global,,,,0.05764500742561071,0.07382771736630139,,,,,,,0,0,1,0,0,0.0,0,1,0,9,,0.2,2.8313811518016614,,,-0.24444444444444446,1,0.24444444444444446,1
trial_0007,11,train,,,0.2504095533906027,,,0.02478846491769303,,,0.0,0.0,0.04863341637822098,0,0,1,0,0,0.0,0,1,0,,,,,16.24331261279971,,,,,
trial_0007,11,eval,,,,,,,0.10526315789473684,4.968389661688553,,,,,,,,,,,,,,,,,,,,,,
trial_0007,11,global,,,,0.2510980638630169,-0.11962533907110479,,,,,,,0,0,1,0,0,0.0,0,1,0,18,,0.07272727272727272,6.700985471825851,,,-0.6888888888888889,1,0.6888888888888889,1
trial_0007,12,train,,,0.25031579805668014,,,0.03378278536852016,,,0.0,1.0,0.1997914352216,0,0,1,0,0,0.0,0,1,0,,,,,3.1780544427938238,,,,,
trial_0007,12,eval,,,,,,,0.0,2.8523165552239664,,,,,,,,,,,,,,,,,,,,,,
trial_0007,12,global,,,,0.15218291780909182,-0.06004045259167807,,,,,,,0,0,1,0,0,0.0,0,1,0,18,,0.0708133971291866,4.877625224921122,,,-0.6222222222222222,1,0.6222222222222222,1
trial_0007,13,train,,,0.2502958542385766,,,0.032594387614449785,,,0.0,0.3488372093023256,0.09426617168409882,0,0,1,0,0,0.0,0,1,0,,,,,1.813314696522646,,,,,
trial_0007,13,eval,,,,,,,0.10526315789473684,2.131937052074232,,,,,,,,,,,,,,,,,,,,,,
trial_0007,13,global,,,,0.16868813145975678,-0.042663509500479035,,,,,,,0,0,1,0,0,0.0,0,1,0,18,,0.0937799043062201,4.776304144608347,,,-0.8,1,0.8,1
trial_0007,14,train,,,0.2502755777433861,,,0.03227455411539521,,,0.0,0.0,0.0594411535751681,0,0,2,1,0,0.0,0,1,0,,,,,1.7769274858541266,,,,,
trial_0007,14,eval,0.21052631578947367,0.21052631578947367,,,,,,,,,,,,,,,,,,,,1.6842105263157894,,,,0.10526315789473684,,,,
trial_0007,14,global,,,,0.1867713308165454,-0.04670567251576182,,,,,,,0,0,2,0,0,0.25,0,2,0,18,,0.09090909090909091,5.0546738560690265,,,-0.8,1,0.8,1
trial_0007,15,train,,,0.2502757458146228,,,0.03417747415775477,,,0.0,0.09302325581395349,0.05718089141124903,0,0,2,0,0,0.25,0,2,0,,,,,1.5526837354482605,,,,,
trial_0007,15,eval,,,,,,,0.3157894736842105,2.04322265951257,,,,,,,,,,,,,,,,,,,,,,
trial_0007,15,global,,,,0.1774119494673822,-0.031173451660425802,,,,,,,0,0,2,0,0,0.25,0,2,0,18,,0.10622009569377991,5.005792506916101,,,-0.8,1,0.8,1
trial_0007,16,train,,,0.2502966320445371,,,0.03572957183039465,,,0.0,0.0,0.048674225573276365,0,0,2,0,0,0.25,0,2,0,,,,,1.3597832362319149,,,,,
trial_0007,16,eval,,,,,,,0.3684210526315789,2.0500830600136206,,,,,,,,,,,,,,,,,,,,,,
trial_0007,16,global,,,,0.1758628195167978,-0.02448028878803067,,,,,,,0,0,2,0,0,0.25,0,2,0,18,,0.11291866028708133,5.128405422457098,,,-0.8,1,0.8,1
trial_0007,17,train,,,0.2503245781327403,,,0.037757057436676913,,,0.0,0.0,0.04622629979668662,0,0,3,1,0,0.25,0,2,0,,,,,1.2936591508083566,,,,,
trial_0007,17,eval,0.21052631578947367,0.2631578947368421,,,,,,,,,,,,,,,,,,,,1.6842105263157894,,,,0.0,,,,
trial_0007,17,global,,,,0.17837857977673555,-0.020287070899240655,,,,,,,0,0,3,0,0,0.0,0,3,0,18,,0.11770334928229666,5.119633579025999,,,-0.8,1,0.8,1
trial_0007,18,train,,,0.2503552319005478,,,0.03992900945419489,,,0.0,0.0,0.04220340179149494,0,0,3,0,0,0.0,0,3,0,,,,,1.1846980262634363,,,,,
trial_0007,18,eval,,,,,,,0.3157894736842105,1.99741992824956,,,,,,,,,,,,,,,,,,,,,,
trial_0007,18,global,,,,0.1702603605474052,-0.010603906442993253,,,,,,,0,0,3,0,0,0.0,0,3,0,18,,0.12822966507177033,5.368087988036671,,,-0.8,1,0.8,1
trial_0007,19,train,,,0.2503967768577642,,,0.04268738142279691,,,0.0,0.0,0.04265133953804887,0,0,3,0,0,0.0,0,3,0,,,,,1.1454135289025862,,,,,
trial_0007,19,eval,,,,,,,0.3157894736842105,1.7655258931611713,,,,,,,,,,,,,,,,,,,,,,
trial_0007,19,global,,,,0.17703439752028227,-0.0114514378806011,,,,,,,0,0,3,0,0,0.0,0,3,0,18,,0.12631578947368421,5.23060126236181,,,-0.8,1,0.8,1
trial_0007,20,train,,,0.2504428500352904,,,0.045391524946966834,,,0.0,0.0,0.03902431518532509,0,0,3,0,0,0.0,0,3,0,,,,,1.0572489329548769,,,,,
trial_0007,20,eval,,,,,,,0.3684210526315789,2.1118014360729016,,,,,,,,,,,,,,,,,,,,,,
trial_0007,20,global,,,,0.16966453299079332,-0.0032991007376536297,,,,,,,0,0,3,0,0,0.0,0,3,0,18,,0.1368421052631579,5.647623799520246,,,-0.8,1,0.8,1
trial_0007,21,train,,,0.2505191539196258,,,0.0663050520927348,,,0.0,0.0,0.025051787654136203,0,0,3,0,0,0.0,0,3,0,,,,,17.580151326605613,,,,,
trial_0007,21,eval,,,,,,,0.2631578947368421,2.1428062288384684,,,,,,,,,,,,,,,,,,,,,,
trial_0007,21,global,,,,0.27199169549930535,-0.10562626324616568,,,,,,,0,0,3,0,0,0.0,0,3,0,27,,0.06377708978328174,6.819087075153741,,,-0.8,1,0.8,1
trial_0007,22,train,,,0.2504869518761939,,,0.04883231507970932,,,0.0,1.0,0.19258905470846818,0,0,4,1,0,0.0,0,3,0,,,,,2.2021918175068307,,,,,
trial_0007,22,eval,0.21052631578947367,0.21052631578947367,,,,,,,,,,,,,,,,,,,,2.1052631578947367,,,,0.3684210526315789,,,,
trial_0007,22,global,,,,0.22610621991693472,-0.06780370529075314,,,,,,,0,0,4,0,0,0.25,0,4,0,27,,0.07058823529411765,8.511933126538162,,,-0.8,1,0.8,1
trial_0007,23,train,,,0.25047211919693235,,,0.05119516050561946,,,0.0,0.0,0.03080521693175778,0,0,5,1,0,0.25,0,4,0,,,,,1.6588249231906649,,,,,
trial_0007,23,eval,0.21052631578947367,0.21052631578947367,,,,,,,,,,,,,,,,,,,,2.1052631578947367,,,,0.0,,,,
trial_0007,23,global,,,,0.24616331918707773,-0.06535311900973234,,,,,,,0,0,5,0,0,0.0,0,5,0,27,,0.07058823529411765,8.732603622294802,,,-0.8,1,0.8,1
trial_0007,24,train,,,0.25045849034126766,,,0.05100309595148614,,,0.0,0.0,0.04503741001195096,0,0,5,0,0,0.0,0,5,0,,,,,1.4304149226939424,,,,,
trial_0007,24,eval,,,,,,,0.47368421052631576,1.7158611573671039,,,,,,,,,,,,,,,,,,,,,,
trial_0007,24,global,,,,0.24556134244223268,-0.05435870473879437,,,,,,,0,0,5,0,0,0.0,0,5,0,27,,0.08792569659442724,8.747063580681296,,,-0.8,1,0.8,1
trial_0007,25,train,,,0.250450869189932,,,0.05280597095793866,,,0.0,0.0,0.033112507820763484,0,0,6,1,0,0.0,0,5,0,,,,,1.2550411825484418,,,,,
trial_0007,25,eval,0.47368421052631576,0.5263157894736842,,,,,,,,,,,,,,,,,,,,2.1052631578947367,,,,0.0,,,,
trial_0007,25,global,,,,0.2402269062638052,-0.04569431488151358,,,,,,,0,0,6,0,0,0.0,0,6,0,27,,0.09473684210526316,8.747311637571352,,,-0.8,1,0.8,1
trial_0007,26,train,,,0.2504271551015529,,,0.053010202468709744,,,0.0,0.0,0.037528298850706285,0,0,6,0,0,0.0,0,6,0,,,,,1.0614482954461524,,,,,
trial_0007,26,eval,,,,,,,0.5263157894736842,1.577320315335926,,,,,,,,,,,,,,,,,,,,,,
trial_0007,26,global,,,,0.2312112513377556,-0.033079913450519645,,,,,,,0,0,6,0,0,0.0,0,6,0,27,,0.10773993808049535,8.90636249459565,,,-0.8,1,0.8,1
trial_0007,27,train,,,0.25040348698484133,,,0.05383119874812187,,,0.0,0.0,0.037205046054689175,0,0,6,0,0,0.0,0,6,0,,,,,0.9261547474150962,,,,,
trial_0007,27,eval,,,,,,,0.5263157894736842,1.5813875355218585,,,,,,,,,,,,,,,,,,,,,,
trial_0007,27,global,,,,0.23753337159961652,-0.03407418705040645,,,,,,,0,0,6,0,0,0.0,0,6,0,27,,0.10835913312693499,9.084869224146793,,,-0.8,1,0.8,1
trial_0007,28,train,,,0.25038916316438226,,,0.05533928186335462,,,0.0,0.0,0.03511850262417439,0,0,6,0,0,0.0,0,6,0,,,,,0.8362278461456298,,,,,
trial_0007,28,eval,,,,,,,0.47368421052631576,1.586312523013667,,,,,,,,,,,,,,,,,,,,,,
trial_0007,28,global,,,,0.23942763202743914,-0.03551120010740142,,,,,,,0,0,6,0,0,0.0,0,6,0,27,,0.10712074303405572,9.169887332502903,,,-0.8,1,0.8,1
trial_0007,29,train,,,0.25039384878696275,,,0.05684651656353727,,,0.0,0.0,0.03393761248109822,0,0,6,0,0,0.0,0,6,0,,,,,0.7737206365199799,,,,,
trial_0007,29,eval,,,,,,,0.5263157894736842,1.5856796236414659,,,,,,,,,,,,,,,,,,,,,,
trial_0007,29,global,,,,0.2417406437752387,-0.03469310656360189,,,,,,,0,0,6,0,0,0.0,0,6,0,27,,0.10712074303405572,9.240322254759608,,,-0.8,1,0.8,1
trial_0007,30,train,,,0.2504048696223725,,,0.05883942956620075,,,0.0,0.0,0.03278319409632302,0,0,7,1,0,0.0,0,6,0,,,,,0.7090135021412627,,,,,
trial_0007,30,eval,0.42105263157894735,0.47368421052631576,,,,,,,,,,,,,,,,,,,,2.1052631578947367,,,,0.0,,,,
trial_0007,30,global,,,,0.24347587066653292,-0.0364283334548961,,,,,,,0,0,7,0,0,0.0,0,7,0,27,,0.10526315789473684,9.42746322915281,,,-0.8,1,0.8,1
trial_0007,31,train,,,0.2504274245906383,,,0.06061494540660939,,,0.0,0.0,0.032235938865453645,0,0,8,1,0,0.0,0,7,0,,,,,0.6504326869832708,,,,,
trial_0007,31,eval,0.42105263157894735,0.47368421052631576,,,,,,,,,,,,,,,,,,,,2.1052631578947367,,,,0.0,,,,
trial_0007,31,global,,,,0.2442799370693789,-0.03605164251260115,,,,,,,0,0,8,0,0,0.0,0,8,0,27,,0.10588235294117647,9.656057729809646,,,-0.8,1,0.8,1
trial_0007,32,train,,,0.25046235576589054,,,0.06271006769322335,,,0.0,0.0,0.03155013393769239,0,0,9,1,0,0.0,0,8,0,,,,,0.5984720313802678,,,,,
trial_0007,32,eval,0.42105263157894735,0.47368421052631576,,,,,,,,,,,,,,,,,,,,2.1052631578947367,,,,0.0,,,,
trial_0007,32,global,,,,0.24440176942805336,-0.03509749770834193,,,,,,,0,0,9,0,0,0.0,0,9,0,27,,0.10712074303405572,9.877531260676427,,,-0.8,1,0.8,1
trial_0007,33,train,,,0.25050301723023677,,,0.0647490696704134,,,0.0,0.0,0.031029580604839836,0,0,10,1,0,0.0,0,9,0,,,,,0.5553040479091887,,,,,
trial_0007,33,eval,0.5263157894736842,0.5789473684210527,,,,,,,,,,,,,,,,,,,,2.1052631578947367,,,,0.0,,,,
trial_0007,33,global,,,,0.24481757507452825,-0.03500594668307661,,,,,,,0,0,10,0,0,0.0,0,10,0,27,,0.10712074303405572,10.159287521787473,,,-0.8,1,0.8,1
trial_0007,34,train,,,0.25054997681303226,,,0.06663455861680051,,,0.0,0.0,0.03038043201643419,0,0,10,0,0,0.0,0,10,0,,,,,0.5140531544355635,,,,,
trial_0007,34,eval,,,,,,,0.5789473684210527,1.5097877885165967,,,,,,,,,,,,,,,,,,,,,,
trial_0007,34,global,,,,0.24627374738806657,-0.0351153176498136,,,,,,,0,0,10,0,0,0.0,0,10,0,27,,0.10712074303405572,10.398971075760691,,,-0.8,1,0.8,1
trial_0007,35,train,,,0.2505971817894185,,,0.06862878989666066,,,0.0,0.0,0.030006040842767732,0,0,10,0,0,0.0,0,10,0,,,,,0.47575600705248244,,,,,
trial_0007,35,eval,,,,,,,0.5263157894736842,1.5288496754671397,,,,,,,,,,,,,,,,,,,,,,
trial_0007,35,global,,,,0.24587897814989254,-0.03297117057530519,,,,,,,0,0,10,0,0,0.0,0,10,0,27,,0.10959752321981424,10.512416074298114,,,-0.8,1,0.8,1
trial_0007,36,train,,,0.2506416592192142,,,0.0704166737008602,,,0.0,0.0,0.02977193802436616,0,0,10,0,0,0.0,0,10,0,,,,,0.43855779709968157,,,,,
trial_0007,36,eval,,,,,,,0.5263157894736842,1.558711312319103,,,,,,,,,,,,,,,,,,,,,,
trial_0007,36,global,,,,0.2452030783511857,-0.032295270776598384,,,,,,,0,0,10,0,0,0.0,0,10,0,27,,0.11021671826625387,10.619314235061315,,,-0.8,1,0.8,1
trial_0007,37,train,,,0.25069348038511075,,,0.07225837796292406,,,0.0,0.0,0.029327046120182634,0,0,10,0,0,0.0,0,10,0,,,,,0.39851132089153246,,,,,
trial_0007,37,eval,,,,,,,0.5263157894736842,1.6019389386239804,,,,,,,,,,,,,,,,,,,,,,
trial_0007,37,global,,,,0.2439195551607919,-0.029664946239403203,,,,,,,0,0,10,0,0,0.0,0,10,0,27,,0.11269349845201239,10.69274903760975,,,-0.8,1,0.8,1
trial_0007,38,train,,,0.25074269892053397,,,0.07371531014746809,,,0.0,0.0,0.029012259656682297,0,0,11,1,0,0.0,0,10,0,,,,,0.36256434277017063,,,,,
trial_0007,38,eval,0.47368421052631576,0.42105263157894735,,,,,,,,,,,,,,,,,,,,2.1052631578947367,,,,0.15789473684210525,,,,
trial_0007,38,global,,,,0.24695085220711846,-0.03269624328572977,,,,,,,0,0,11,0,0,0.25,0,11,0,27,,0.10835913312693499,10.779411566294383,,,-0.8,1,0.8,1
trial_0007,39,train,,,0.2507919916447172,,,0.07497291742487155,,,0.0,0.0,0.028382623429469612,0,0,12,1,0,0.25,0,11,0,,,,,0.33179496846934575,,,,,
trial_0007,39,eval,0.5263157894736842,0.47368421052631576,,,,,,,,,,,,,,,,,,,,2.1052631578947367,,,,0.15789473684210525,,,,
trial_0007,39,global,,,,0.24724864851444425,-0.03299403959305556,,,,,,,0,0,12,0,0,0.25,0,12,0,27,,0.10773993808049535,10.836874805367769,,,-0.8,1,0.8,1
trial_0007,40,train,,,0.25084500870806103,,,0.07581745944124586,,,0.0,0.0,0.027972975298960475,0,0,13,1,0,0.25,0,12,0,,,,,0.29997495758406656,,,,,
trial_0007,40,eval,0.42105263157894735,0.42105263157894735,,,,,,,,,,,,,,,,,,,,2.1052631578947367,,,,0.15789473684210525,,,,
trial_0007,40,global,,,,0.24483318957724617,-0.029231779309056145,,,,,,,0,0,13,0,0,0.25,0,13,0,27,,0.1108359133126935,10.990768399548605,,,-0.8,1,0.8,1
trial_0007,41,train,,,0.2508994870363398,,,0.07652127679358137,,,0.0,0.0,0.0275955480761192,0,0,14,1,0,0.25,0,13,0,,,,,0.2800901850645846,,,,,
trial_0007,41,eval,0.5263157894736842,0.47368421052631576,,,,,,,,,,,,,,,,,,,,2.1052631578947367,,,,0.15789473684210525,,,,
trial_0007,41,global,,,,0.2489979991863731,-0.03339658891818307,,,,,,,0,0,14,0,0,0.25,0,14,0,27,,0.10712074303405572,11.19110648565617,,,-0.8,1,0.8,1
trial_0007,42,train,,,0.250952588433915,,,0.0773391787042009,,,0.0,0.0,0.026418005025133175,0,0,14,0,0,0.25,0,14,0,,,,,0.24281859009506854,,,,,
trial_0007,42,eval,,,,,,,0.5263157894736842,1.8701432802175222,,,,,,,,,,,,,,,,,,,,,,
trial_0007,42,global,,,,0.24418389089317577,-0.028582480624985727,,,,,,,0,0,14,0,0,0.25,0,14,0,27,,0.1108359133126935,11.212656506517723,,,-0.8,1,0.8,1
trial_0007,43,train,,,0.25101041920641637,,,0.07824284662591649,,,0.0,0.0,0.02709915312799685,0,0,14,0,0,0.25,0,14,0,,,,,0.24158616245109982,,,,,
trial_0007,43,eval,,,,,,,0.5789473684210527,1.8999518077624473,,,,,,,,,,,,,,,,,,,,,,
trial_0007,43,global,,,,0.2495246538998233,-0.029075054883562906,,,,,,,0,0,14,0,0,0.25,0,14,0,27,,0.11331269349845201,11.541722369120217,,,-0.8,1,0.8,1
trial_0007,44,train,,,0.25105407897462234,,,0.08044712657624102,,,0.0,0.0,0.02628670996451315,0,0,14,0,0,0.25,0,14,0,,,,,0.21557156900142105,,,,,
trial_0007,44,eval,,,,,,,0.47368421052631576,1.977790379994794,,,,,,,,,,,,,,,,,,,,,,
trial_0007,44,global,,,,0.2505206135421507,-0.028050812505688288,,,,,,,0,0,14,0,0,0.25,0,14,0,27,,0.11021671826625387,11.297410680339802,,,-0.8,1,0.8,1
trial_0007,45,train,,,0.2511118615561343,,,0.0793288990538171,,,0.0,0.0,0.026709226163678827,0,0,14,0,0,0.25,0,14,0,,,,,0.20708138538484877,,,,,
trial_0007,45,eval,,,,,,,0.5263157894736842,2.0078102405134,,,,,,,,,,,,,,,,,,,,,,
trial_0007,45,global,,,,0.25623528052282063,-0.03376547948635819,,,,,,,0,0,14,0,0,0.25,0,14,0,27,,0.10773993808049535,11.814502220035706,,,-0.8,1,0.8,1
trial_0007,46,train,,,0.25114748737913495,,,0.08130627743741299,,,0.0,0.0,0.024957569847081574,0,0,15,1,0,0.25,0,14,0,,,,,0.1905329022477282,,,,,
trial_0007,46,eval,0.47368421052631576,0.47368421052631576,,,,,,,,,,,,,,,,,,,,2.1052631578947367,,,,0.0,,,,
trial_0007,46,global,,,,0.24899999951200197,-0.02653019847553955,,,,,,,0,0,15,0,0,0.0,0,15,0,27,,0.11145510835913312,11.486286893200948,,,-0.8,1,0.8,1
trial_0007,47,train,,,0.25118917226791376,,,0.08009852500672036,,,0.0,0.0,0.024133117715431814,0,0,16,1,0,0.0,0,15,0,,,,,0.17800563269473135,,,,,
trial_0007,47,eval,0.5263157894736842,0.47368421052631576,,,,,,,,,,,,,,,,,,,,2.1052631578947367,,,,0.2631578947368421,,,,
trial_0007,47,global,,,,0.25271173508929695,-0.030241934052834513,,,,,,,0,0,16,0,0,0.25,0,16,0,27,,0.11021671826625387,11.922660551277845,,,-0.8,1,0.8,1
trial_0007,48,train,,,0.2512336588920431,,,0.08170055962623433,,,0.0,0.0,0.023907261287813335,0,0,17,1,0,0.25,0,16,0,,,,,0.16595855152353325,,,,,
trial_0007,48,eval,0.42105263157894735,0.3684210526315789,,,,,,,,,,,,,,,,,,,,2.1052631578947367,,,,0.15789473684210525,,,,
trial_0007,48,global,,,,0.2471579070901994,-0.02468810605373699,,,,,,,0,0,17,0,0,0.25,0,17,0,27,,0.11331269349845201,11.74735549596072,,,-0.8,1,0.8,1
trial_0007,49,train,,,0.25127956588217554,,,0.08096839646075633,,,0.0,0.0,0.021787441522130708,0,0,18,1,0,0.25,0,17,0,,,,,0.15822054903082391,,,,,
trial_0007,49,eval,0.5263157894736842,0.47368421052631576,,,,,,,,,,,,,,,,,,,,2.1052631578947367,,,,0.2631578947368421,,,,
trial_0007,49,global,,,,0.25206711974995283,-0.029597318713490382,,,,,,,0,0,18,0,0,0.25,0,18,0,27,,0.11021671826625387,12.034663591886822,,,-0.8,1,0.8,1
trial_0007,50,train,,,0.2513221407190282,,,0.08160122024252059,,,0.0,0.0,0.021882250287292647,0,0,18,0,0,0.25,0,18,0,,,,,0.13395484326843252,,,,,
trial_0007,50,eval,,,,,,,0.5263157894736842,2.152799251440324,,,,,,,,,,,,,,,,,,,,,,
trial_0007,50,global,,,,0.24279218500118524,-0.02032238396472281,,,,,,,0,0,18,0,0,0.25,0,18,0,27,,0.11888544891640866,12.025329755186666,,,-0.8,1,0.8,1
trial_0007,51,train,,,0.2513666761682388,,,0.08104320663086911,,,0.0,0.0,0.019753571192144437,0,0,18,0,0,0.25,0,18,0,,,,,0.13522185464488698,,,,,
trial_0007,51,eval,,,,,,,0.5263157894736842,2.161538533082134,,,,,,,,,,,,,,,,,,,,,,
trial_0007,51,global,,,,0.2510767749179495,-0.028606973881487075,,,,,,,0,0,18,0,0,0.25,0,18,0,27,,0.11207430340557276,12.187105614629692,,,-0.8,1,0.8,1
trial_0007,52,train,,,0.2514156619919107,,,0.08032311911278582,,,0.0,0.0,0.019958505161265114,0,0,18,0,0,0.25,0,18,0,,,,,0.109646720193485,,,,,
trial_0007,52,eval,,,,,,,0.5789473684210527,2.2299792143075092,,,,,,,,,,,,,,,,,,,,,,
trial_0007,52,global,,,,0.24078658951022744,-0.018316788473765007,,,,,,,0,0,18,0,0,0.25,0,18,0,27,,0.12136222910216718,12.395609602322889,,,-0.8,1,0.8,1
trial_0007,53,train,,,0.25146027955603095,,,0.07889440085025543,,,0.0,0.0,0.01772732113790203,0,0,18,0,0,0.25,0,18,0,,,,,0.11015628718949379,,,,,
trial_0007,53,eval,,,,,,,0.5789473684210527,2.1904784409623397,,,,,,,,,,,,,,,,,,,,,,
trial_0007,53,global,,,,0.2557601707442901,-0.033290369707827644,,,,,,,0,0,18,0,0,0.25,0,18,0,27,,0.10835913312693499,12.77484733179996,,,-0.8,1,0.8,1
trial_0007,54,train,,,0.25150691828829175,,,0.08000117540359497,,,0.0,0.0,0.01855102565753809,0,0,19,1,0,0.25,0,18,0,,,,,0.11138308051418751,,,,,
trial_0007,54,eval,0.47368421052631576,0.47368421052631576,,,,,,,,,,,,,,,,,,,,2.1052631578947367,,,,0.0,,,,
trial_0007,54,global,,,,0.23613272837139213,-0.012291185222446857,,,,,,,0,0,19,0,0,0.0,0,19,0,27,,0.12755417956656348,12.820243533107888,,,-0.8,1,0.8,1
trial_0007,55,train,,,0.25152369858102597,,,0.07899885862431627,,,0.0,0.0,0.016906151296125053,0,0,20,1,0,0.0,0,19,0,,,,,0.09399198434771375,,,,,
trial_0007,55,eval,0.5789473684210527,0.5263157894736842,,,,,,,,,,,,,,,,,,,,2.1052631578947367,,,,0.15789473684210525,,,,
trial_0007,55,global,,,,0.24694267172427023,-0.023101128575324936,,,,,,,0,0,20,0,0,0.25,0,20,0,27,,0.11888544891640866,13.303700350829322,,,-0.8,1,0.8,1
trial_0007,56,train,,,0.2515530608435894,,,0.07925242058774258,,,0.0,0.0,0.014989877004173903,0,0,21,1,0,0.25,0,20,0,,,,,0.07568413872826607,,,,,
trial_0007,56,eval,0.5263157894736842,0.47368421052631576,,,,,,,,,,,,,,,,,,,,2.1052631578947367,,,,0.15789473684210525,,,,
trial_0007,56,global,,,,0.23851012222972182,-0.013296836968293676,,,,,,,0,0,21,0,0,0.25,0,21,0,27,,0.12693498452012383,13.092988902939362,,,-0.8,1,0.8,1
trial_0007,57,train,,,0.25157153574710195,,,0.07788130070300812,,,0.0,0.0,0.01438514577141874,0,0,22,1,0,0.25,0,21,0,,,,,0.080566363008891,,,,,
trial_0007,57,eval,0.5789473684210527,0.5789473684210527,,,,,,,,,,,,,,,,,,,,2.1052631578947367,,,,0.15789473684210525,,,,
trial_0007,57,global,,,,0.24085477158292598,-0.01564148632149785,,,,,,,0,0,22,0,0,0.25,0,22,0,27,,0.12445820433436533,13.58924942725214,,,-0.8,1,0.8,1
trial_0007,58,train,,,0.2516079804998763,,,0.07893084465189182,,,0.0,0.0,0.012956025024059854,0,0,22,0,0,0.25,0,22,0,,,,,0.07868877103591854,,,,,
trial_0007,58,eval,,,,,,,0.6842105263157894,2.055029477335905,,,,,,,,,,,,,,,,,,,,,,
trial_0007,58,global,,,,0.24229959035520865,-0.015257315610470055,,,,,,,0,0,22,0,0,0.25,0,22,0,27,,0.1256965944272446,13.400129203678285,,,-0.8,1,0.8,1
trial_0007,59,train,,,0.2516145034039274,,,0.07744356419177764,,,0.0,0.0,0.014202287396047009,0,0,22,0,0,0.25,0,22,0,,,,,0.08004361105726121,,,,,
trial_0007,59,eval,,,,,,,0.6842105263157895,2.0536398256295607,,,,,,,,,,,,,,,,,,,,,,
trial_0007,59,global,,,,0.24217679082417046,-0.01513451607943184,,,,,,,0,0,22,0,0,0.25,0,22,0,27,,0.1256965944272446,13.677816002435359,,,-0.8,1,0.8,1
trial_0007,60,train,,,0.25163476391041534,,,0.07769719844168804,,,0.0,0.0,0.011940500359273853,0,0,22,0,0,0.25,0,22,0,,,,,0.0621381277535507,,,,,
trial_0007,60,eval,,,,,,,0.6842105263157894,2.0654409702279066,,,,,,,,,,,,,,,,,,,,,,
trial_0007,60,global,,,,0.24021438952819724,-0.013172114783458628,,,,,,,0,0,22,0,0,0.25,0,22,0,27,,0.1281733746130031,13.329128126020402,,,-0.8,1,0.8,1
trial_0007,61,train,,,0.2516451037310539,,,0.07629227194380253,,,0.0,0.0,0.01141244902329995,0,0,22,0,0,0.25,0,22,0,,,,,0.07123268124587992,,,,,
trial_0007,61,eval,,,,,,,0.631578947368421,1.8916488552564068,,,,,,,,,,,,,,,,,,,,,,
trial_0007,61,global,,,,0.23468829612149925,-0.007646021376760642,,,,,,,0,0,22,0,0,0.25,0,22,0,27,,0.1325077399380805,13.755653962409902,,,-0.8,1,0.8,1
trial_0007,62,train,,,0.2516481768577657,,,0.07667121608206566,,,0.0,0.0,0.011783268339399428,0,0,23,1,0,0.25,0,22,0,,,,,0.08722089981224308,,,,,
trial_0007,62,eval,0.47368421052631576,0.47368421052631576,,,,,,,,,,,,,,,,,,,,2.1052631578947367,,,,0.0,,,,
trial_0007,62,global,,,,0.23569163353291686,-0.007277616675695407,,,,,,,0,0,23,0,0,0.0,0,23,0,27,,0.13436532507739937,13.787222011318148,,,-0.8,1,0.8,1
trial_0007,63,train,,,0.2516407522749393,,,0.07485961597016516,,,0.0,0.0,0.011616296553426978,0,0,24,1,0,0.0,0,23,0,,,,,0.06514980547486784,,,,,
trial_0007,63,eval,0.5789473684210527,0.5263157894736842,,,,,,,,,,,,,,,,,,,,2.1052631578947367,,,,0.15789473684210525,,,,
trial_0007,63,global,,,,0.23305184139540783,-0.004637824538186374,,,,,,,0,0,24,0,0,0.25,0,24,0,27,,0.1368421052631579,13.727527233395413,,,-0.8,1,0.8,1
trial_0007,64,train,,,0.25163135376382384,,,0.07347100909720075,,,0.0,0.0,0.010348061960982532,0,0,25,1,0,0.25,0,24,0,,,,,0.06063131248935106,,,,,
trial_0007,64,eval,0.5263157894736842,0.5263157894736842,,,,,,,,,,,,,,,,,,,,2.1052631578947367,,,,0.0,,,,
trial_0007,64,global,,,,0.23303248732343107,-0.004618470466209624,,,,,,,0,0,25,0,0,0.0,0,25,0,27,,0.13622291021671826,13.688531947652622,,,-0.8,1,0.8,1
trial_0007,65,train,,,0.2516187308950627,,,0.0707472765699346,,,0.0,0.0,0.010585175380525625,0,0,26,1,0,0.0,0,25,0,,,,,0.050698700471919905,,,,,
trial_0007,65,eval,0.5789473684210527,0.5263157894736842,,,,,,,,,,,,,,,,,,,,2.1052631578947367,,,,0.42105263157894735,,,,
trial_0007,65,global,,,,0.248809839061143,-0.019624217265649953,,,,,,,1,1,26,0,0,0.5,1,25,0,27,,0.12136222910216718,8.346342220247346,,,-0.8,1,0.8,1
trial_0007,66,train,,,0.2511591370715651,,,0.05910435665485471,,,0.0,0.0,0.0067354630452153,1,1,26,0,0,0.5,1,25,0,,,,,0.027371379988657872,,,,,
trial_0007,66,eval,,,,,,,0.6842105263157894,2.4215547552234247,,,,,,,,,,,,,,,,,,,,,,
trial_0007,66,global,,,,0.2433066338141993,-0.014121012018706266,,,,,,,1,1,26,0,0,0.5,1,25,0,27,,0.12693498452012383,13.239283740631198,,,-0.8,1,0.8,1
trial_0007,67,train,,,0.2516458250106649,,,0.06554849287296863,,,0.0,0.0,0.012608805841374944,1,1,26,0,0,0.5,1,25,0,,,,,0.08675591483157366,,,,,
trial_0007,67,eval,,,,,,,0.5789473684210527,2.2050933393796806,,,,,,,,,,,,,,,,,,,,,,
trial_0007,67,global,,,,0.2449826079666739,-0.01579698617118083,,,,,,,1,0,26,0,0,0.5,0,25,1,27,,0.1256965944272446,13.648224892631035,,,-0.8,1,0.8,1
trial_0007,68,train,,,0.2516368671934655,,,0.07118095552667658,,,0.0,0.0,0.009078253020994995,1,0,26,0,0,0.5,0,25,1,,,,,0.05329279012661031,,,,,
trial_0007,68,eval,,,,,,,0.5789473684210527,2.242065273862528,,,,,,,,,,,,,,,,,,,,,,
trial_0007,68,global,,,,0.237447036507311,-0.00489441134481457,,,,,,,1,0,26,0,0,0.5,0,25,1,27,,0.13560371517027864,13.351874417048121,,,-0.8,1,0.8,1
trial_0007,69,train,,,0.2516230471590732,,,0.06904088943562608,,,0.0,0.0,0.01093235354467439,1,0,26,0,0,0.5,0,25,1,,,,,0.05288220921511504,,,,,
trial_0007,69,eval,,,,,,,0.631578947368421,2.1731664964831188,,,,,,,,,,,,,,,,,,,,,,
trial_0007,69,global,,,,0.237836934024045,-0.0052843088615485475,,,,,,,1,0,26,0,0,0.5,0,25,1,27,,0.1368421052631579,13.68775102361437,,,-0.8,1,0.8,1
trial_0007,70,train,,,0.25163191176475364,,,0.06864598330031049,,,0.0,0.0,0.008027810660333925,1,0,27,1,0,0.5,0,25,1,,,,,0.04610874846359675,,,,,
trial_0007,70,eval,0.47368421052631576,0.47368421052631576,,,,,,,,,,,,,,,,,,,,2.1052631578947367,,,,0.0,,,,
trial_0007,70,global,,,,0.23635544286581567,-0.0038028177033192444,,,,,,,1,0,27,0,0,0.0,0,26,1,27,,0.13746130030959752,13.327264234229876,,,-0.8,1,0.8,1
trial_0007,71,train,,,0.2516361589127398,,,0.0669935827559613,,,0.0,0.0,0.011312321426227389,1,0,28,1,0,0.0,0,26,1,,,,,0.0540357145817673,,,,,
trial_0007,71,eval,0.5789473684210527,0.5263157894736842,,,,,,,,,,,,,,,,,,,,2.1052631578947367,,,,0.15789473684210525,,,,
trial_0007,71,global,,,,0.24152839511445753,-0.0089757699519611,,,,,,,1,0,28,0,0,0.25,0,27,1,27,,0.1325077399380805,13.86855032244703,,,-0.8,1,0.8,1
trial_0007,72,train,,,0.2516502116588836,,,0.06729023634119236,,,0.0,0.0,0.00788781912850298,1,0,29,1,0,0.25,0,27,1,,,,,0.06933964678839324,,,,,
trial_0007,72,eval,0.47368421052631576,0.47368421052631576,,,,,,,,,,,,,,,,,,,,2.1052631578947367,,,,0.0,,,,
trial_0007,72,global,,,,0.24207507902200012,-0.008849053186103024,,,,,,,1,0,29,0,0,0.0,0,28,1,27,,0.13188854489164087,12.874251657964276,,,-0.8,1,0.8,1
trial_0007,73,train,,,0.251666562988403,,,0.06567058854914726,,,0.0,0.0,0.009409344716705358,1,0,29,0,0,0.0,0,28,1,,,,,0.05233091858235445,,,,,
trial_0007,73,eval,,,,,,,0.631578947368421,2.166789845171335,,,,,,,,,,,,,,,,,,,,,,
trial_0007,73,global,,,,0.24367441321272626,-0.010448387376829137,,,,,,,1,0,29,0,0,0.0,0,28,1,27,,0.13003095975232198,13.387691065549113,,,-0.8,1,0.8,1
trial_0007,74,train,,,0.25169489326629235,,,0.06443272309100374,,,0.0,0.0,0.0061491447196068355,1,0,29,0,0,0.0,0,28,1,,,,,0.034958132398017545,,,,,
trial_0007,74,eval,,,,,,,0.5789473684210527,2.161720888566618,,,,,,,,,,,,,,,,,,,,,,
trial_0007,74,global,,,,0.2437126605954394,-0.010486634759542292,,,,,,,1,0,29,0,0,0.0,0,28,1,27,,0.1306501547987616,13.264742182209027,,,-0.8,1,0.8,1
trial_0007,75,train,,,0.2517036320047175,,,0.06386035427134087,,,0.0,0.0,0.007700546225703178,1,0,30,1,0,0.0,0,28,1,,,,,0.039918027933132136,,,,,
trial_0007,75,eval,0.5789473684210527,0.5263157894736842,,,,,,,,,,,,,,,,,,,,2.1052631578947367,,,,0.15789473684210525,,,,
trial_0007,75,global,,,,0.2373812993225702,-0.004155273486673128,,,,,,,1,0,30,0,0,0.25,0,29,1,27,,0.13746130030959752,13.619739662382994,,,-0.8,1,0.8,1
trial_0007,76,train,,,0.25174213153250674,,,0.06419696072314648,,,0.0,0.0,0.006805395690691434,1,0,30,0,0,0.25,0,29,1,,,,,0.03132853594786943,,,,,
trial_0007,76,eval,,,,,,,0.5789473684210527,2.1588163346934475,,,,,,,,,,,,,,,,,,,,,,
trial_0007,76,global,,,,0.24012343416280293,-0.0068974083269058226,,,,,,,1,0,30,0,0,0.25,0,29,1,27,,0.13374613003095975,13.599096344277585,,,-0.8,1,0.8,1
trial_0007,77,train,,,0.2517185116067846,,,0.06273555375160055,,,0.0,0.0,0.00782028135347881,1,0,30,0,0,0.25,0,29,1,,,,,0.03670717809705975,,,,,
trial_0007,77,eval,,,,,,,0.5789473684210527,2.5484606026132637,,,,,,,,,,,,,,,,,,,,,,
trial_0007,77,global,,,,0.2402287014286985,-0.007002675592801402,,,,,,,1,0,30,0,0,0.25,0,29,1,27,,0.13560371517027864,13.550020757622026,,,-0.8,1,0.8,1
trial_0007,78,train,,,0.25173895536585056,,,0.06379108986956009,,,0.0,0.0,0.008017445873763868,1,0,31,1,0,0.25,0,29,1,,,,,0.04100822441061919,,,,,
trial_0007,78,eval,0.47368421052631576,0.47368421052631576,,,,,,,,,,,,,,,,,,,,2.1052631578947367,,,,0.0,,,,
trial_0007,78,global,,,,0.2389207249321854,-0.005694699096288303,,,,,,,1,0,31,0,0,0.0,0,30,1,27,,0.13498452012383902,13.411760784893213,,,-0.8,1,0.8,1
trial_0007,79,train,,,0.2517398424605106,,,0.06185115525063048,,,0.0,0.0,0.005506408458004057,1,0,32,1,0,0.0,0,30,1,,,,,0.033480915089355814,,,,,
trial_0007,79,eval,0.5263157894736842,0.47368421052631576,,,,,,,,,,,,,,,,,,,,2.1052631578947367,,,,0.15789473684210525,,,,
trial_0007,79,global,,,,0.23676921849888954,-0.002196391316191103,,,,,,,1,0,32,0,0,0.25,0,31,1,27,,0.1393188854489164,13.535219439338235,,,-0.8,1,0.8,1
trial_0007,80,train,,,0.25175788649853237,,,0.06129818076783038,,,0.0,0.0,0.005867052215120219,1,0,33,1,0,0.25,0,31,1,,,,,0.023876945723957835,,,,,
trial_0007,80,eval,0.5263157894736842,0.5263157894736842,,,,,,,,,,,,,,,,,,,,2.1052631578947367,,,,0.0,,,,
trial_0007,80,global,,,,0.2387370826306057,-0.004164255447907254,,,,,,,1,0,33,0,0,0.0,0,32,1,27,,0.13746130030959752,14.021210359272205,,,-0.8,1,0.8,1
trial_0007,81,train,,,0.251738724556375,,,0.060320639863927314,,,0.0,0.0,0.005806974548466586,1,0,33,0,0,0.0,0,32,1,,,,,0.033582781328066705,,,,,
trial_0007,81,eval,,,,,,,0.5789473684210527,2.5998962898003426,,,,,,,,,,,,,,,,,,,,,,
trial_0007,81,global,,,,0.23787277808794596,-0.0032999509052474897,,,,,,,1,0,33,0,0,0.0,0,32,1,27,,0.1393188854489164,13.914633944012433,,,-0.8,1,0.8,1
trial_0007,82,train,,,0.2517552442373113,,,0.06057241749256215,,,0.0,0.0,0.006202392402763585,1,0,33,0,0,0.0,0,32,1,,,,,0.027465723355379983,,,,,
trial_0007,82,eval,,,,,,,0.5789473684210527,2.385328311080995,,,,,,,,,,,,,,,,,,,,,,
trial_0007,82,global,,,,0.24085533470965956,-0.006282507526961095,,,,,,,1,0,33,0,0,0.0,0,32,1,27,,0.13436532507739937,13.602603617098309,,,-0.8,1,0.8,1
trial_0007,83,train,,,0.2517451796125858,,,0.059578120708465576,,,0.0,0.0,0.004646539254161404,1,0,34,1,0,0.0,0,32,1,,,,,0.029208850379082118,,,,,
trial_0007,83,eval,0.5263157894736842,0.5789473684210527,,,,,,,,,,,,,,,,,,,,2.1052631578947367,,,,0.0,,,,
trial_0007,83,global,,,,0.23788541396304558,-0.0026391861069464647,,,,,,,1,0,34,0,0,0.0,0,33,1,27,,0.13993808049535603,13.596598693091803,,,-0.8,1,0.8,1
trial_0007,84,train,,,0.2517418683843409,,,0.058944752875794745,,,0.0,0.0,0.007016876697564434,1,0,34,0,0,0.0,0,33,1,,,,,0.03432559197015585,,,,,
trial_0007,84,eval,,,,,,,0.5789473684210527,2.37364112877434,,,,,,,,,,,,,,,,,,,,,,
trial_0007,84,global,,,,0.2413859114966794,-0.0061396836405802745,,,,,,,1,0,34,0,0,0.0,0,33,1,27,,0.13436532507739937,13.628429618339421,,,-0.8,1,0.8,1
trial_0007,85,train,,,0.25171728051723313,,,0.05754322828130519,,,0.0,0.0,0.004001156841571928,1,0,34,0,0,0.0,0,33,1,,,,,0.029907349701673584,,,,,
trial_0007,85,eval,,,,,,,0.5789473684210527,2.6100404716439933,,,,,,,,,,,,,,,,,,,,,,
trial_0007,85,global,,,,0.23857578387508838,-0.003329556018989252,,,,,,,1,0,34,0,0,0.0,0,33,1,27,,0.1393188854489164,13.983639597228438,,,-0.8,1,0.8,1
trial_0007,86,train,,,0.25174978185207286,,,0.058004140853881836,,,0.0,0.0,0.005167681267173861,1,0,35,1,0,0.0,0,33,1,,,,,0.02076817595181947,,,,,
trial_0007,86,eval,0.47368421052631576,0.47368421052631576,,,,,,,,,,,,,,,,,,,,2.1052631578947367,,,,0.0,,,,
trial_0007,86,global,,,,0.23867303670919376,-0.0029695614822670235,,,,,,,1,0,35,0,0,0.0,0,34,1,27,,0.13808049535603714,13.917390616685614,,,-0.8,1,0.8,1
trial_0007,87,train,,,0.25172616414567256,,,0.05709082966155194,,,0.0,0.0,0.0036871869150614817,1,0,36,1,0,0.0,0,34,1,,,,,0.02250972080856879,,,,,
trial_0007,87,eval,0.5263157894736842,0.47368421052631576,,,,,,,,,,,,,,,,,,,,2.1052631578947367,,,,0.15789473684210525,,,,
trial_0007,87,global,,,,0.23809655148174264,-0.0023930762548158993,,,,,,,1,0,36,0,0,0.25,0,35,1,27,,0.1393188854489164,13.792580756314399,,,-0.8,1,0.8,1
trial_0007,88,train,,,0.25171825226317057,,,0.055891513190370924,,,0.0,0.0,0.006029453732116964,1,0,37,1,0,0.25,0,35,1,,,,,0.02979974006897116,,,,,
trial_0007,88,eval,0.47368421052631576,0.47368421052631576,,,,,,,,,,,,,,,,,,,,2.1052631578947367,,,,0.0,,,,
trial_0007,88,global,,,,0.23410149369722685,0.0016019815296998943,,,,,,,1,0,37,0,0,0.0,0,36,1,27,,0.14241486068111456,13.714851927388194,,,-0.8,1,0.8,1
trial_0007,89,train,,,0.2516899744563914,,,0.054856434147408664,,,0.0,0.0,0.0038232972115826887,1,0,37,0,0,0.0,0,36,1,,,,,0.014763934188027013,,,,,
trial_0007,89,eval,,,,,,,0.631578947368421,2.7781205371414357,,,,,,,,,,,,,,,,,,,,,,
trial_0007,89,global,,,,0.24095274513264897,-0.005249269905722241,,,,,,,1,0,37,0,0,0.0,0,36,1,27,,0.13808049535603714,13.905711355297926,,,-0.8,1,0.8,1
trial_0007,90,train,,,0.2516957104523131,,,0.055125634086892965,,,0.0,0.0,0.00480866492019212,1,0,37,0,0,0.0,0,36,1,,,,,0.0205004895358604,,,,,
trial_0007,90,eval,,,,,,,0.5789473684210527,2.5294943515726023,,,,,,,,,,,,,,,,,,,,,,
trial_0007,90,global,,,,0.237150056906275,0.0003824078039622323,,,,,,,1,0,37,0,0,0.0,0,36,1,27,,0.14241486068111456,14.137907178187888,,,-0.8,1,0.8,1
trial_0008,1,train,,,0.250413255223745,,,0.011868549451892134,,,0.0,0.0,0.002826578910698489,0,0,0,0,0,,0,0,0,,,,,2.198364117779309,,,,,
trial_0008,1,eval,,,,,,,0.3529411764705882,2.188349906136008,,,,,,,,,,,,,,,,,,,,,,
trial_0008,1,global,,,,,,,,,,,,0,0,0,0,0,,0,0,0,9,,0.12421052631578948,2.1968991023615785,,,,,,
trial_0008,2,train,,,0.25035771350317365,,,0.014061445063805276,,,0.0,0.0,0.021403001753695874,0,0,0,0,0,,0,0,0,,,,,2.1681632699845714,,,,,
trial_0008,2,eval,,,,,,,0.11764705882352941,2.177987309063182,,,,,,,,,,,,,,,,,,,,,,
trial_0008,2,global,,,,0.015637860082304538,-0.004744613894940704,,,,,,,0,0,0,0,0,,0,0,0,9,,0.12,2.1962009570473118,,,-0.07407407407407407,3,0.07407407407407407,3
trial_0008,3,train,,,0.2503510475913181,,,0.01924735590626922,,,0.0,0.0,0.02170874930658861,0,0,0,0,0,,0,0,0,,,,,2.0902939008761057,,,,,
trial_0008,3,eval,,,,,,,0.058823529411764705,2.143239238682915,,,,,,,,,,,,,,,,,,,,,,
trial_0008,3,global,,,,0.032195594287097555,-0.021302348099733723,,,,,,,0,0,0,0,0,,0,0,0,9,,0.1031578947368421,2.2272808637117083,,,-0.11764705882352944,0,0.21568627450980393,0
trial_0008,4,train,,,0.2504073909566372,,,0.026918342502056797,,,0.0,0.0,0.028165095219317874,0,0,0,0,0,,0,0,0,,,,,1.9490140427516984,,,,,
trial_0008,4,eval,,,,,,,0.1764705882352941,2.1162396599264706,,,,,,,,,,,,,,,,,,,,,,
trial_0008,4,global,,,,0.05495037521181313,-0.004106364006298835,,,,,,,0,0,0,0,0,,0,0,0,9,,0.12210526315789473,2.2192191379948665,,,-0.22222222222222232,1,0.23529411764705882,0
trial_0008,5,train,,,0.25044723930238166,,,0.032621479109872745,,,0.0,0.0,0.0250491277373667,0,0,0,0,0,,0,0,0,,,,,1.725660370271417,,,,,
trial_0008,5,eval,,,,,,,0.1764705882352941,2.1939856445088104,,,,,,,,,,,,,,,,,,,,,,
trial_0008,5,global,,,,0.05551571450132133,-0.004671703295807033,,,,,,,0,0,0,0,0,,0,0,0,9,,0.12,2.36674358769467,,,-0.13725490196078433,0,0.23529411764705882,0
trial_0008,6,train,,,0.250447500355636,,,0.03785761926747576,,,0.0,0.0,0.030388985333752033,0,0,0,0,0,,0,0,0,,,,,1.6218134090870242,,,,,
trial_0008,6,eval,,,,,,,0.29411764705882354,2.160096147481133,,,,,,,,,,,,,,,,,,,,,,
trial_0008,6,global,,,,0.04313725490196079,0.07809298181547024,,,,,,,0,0,0,0,0,,0,0,0,9,,0.20421052631578948,2.2986446245093095,,,-0.1568627450980392,0,0.2549019607843137,0
trial_0008,7,train,,,0.2504484476167944,,,0.041060538986061185,,,0.0,0.0,0.028009038597722597,0,0,0,0,0,,0,0,0,,,,,1.4611171090150181,,,,,
trial_0008,7,eval,,,,,,,0.4117647058823529,2.3307169114842132,,,,,,,,,,,,,,,,,,,,,,
trial_0008,7,global,,,,0.08622663004864378,0.04037995075480874,,,,,,,0,0,0,0,0,,0,0,0,9,,0.16842105263157894,2.549299773667988,,,-0.13333333333333341,1,0.196078431372549,0
trial_0008,8,train,,,0.25044813110858577,,,0.042896662897701505,,,0.0,0.0,0.036865013073894046,0,0,0,0,0,,0,0,0,,,,,1.3346875433680379,,,,,
trial_0008,8,eval,,,,,,,0.4705882352941177,2.236568843617159,,,,,,,,,,,,,,,,,,,,,,
trial_0008,8,global,,,,0.06397633203951719,0.06263024876393535,,,,,,,0,0,0,0,0,,0,0,0,9,,0.18947368421052632,2.561500214024594,,,-0.15555555555555556,1,0.15555555555555556,1
trial_0008,9,train,,,0.2504735057112537,,,0.04508808085435553,,,0.0,0.0,0.036887731068307845,0,0,1,1,0,,0,0,0,,,,,1.107883764105507,,,,,
trial_0008,9,eval,0.3529411764705882,0.3529411764705882,,,,,,,,,,,,,,,,,,,,2.8823529411764706,,,,0.0,,,,
trial_0008,9,global,,,,0.06836361025927828,0.060421619781647014,,,,,,,0,0,1,0,0,0.0,0,1,0,9,,0.18526315789473685,2.79894952924628,,,-0.1777777777777778,1,0.1777777777777778,1
trial_0008,10,train,,,0.25047616377661497,,,0.04754158043408696,,,0.0,0.0,0.038301874329394935,0,0,1,0,0,0.0,0,1,0,,,,,0.993745986419388,,,,,
trial_0008,10,eval,,,,,,,0.411764705882353,2.2836292841855217,,,,,,,,,,,,,,,,,,,,,,
trial_0008,10,global,,,,0.059702620594335,0.07588533053502568,,,,,,,0,0,1,0,0,0.0,0,1,0,9,,0.20210526315789473,2.8336502336200913,,,-0.24444444444444446,1,0.24444444444444446,1
trial_0008,11,train,,,0.25041208728108294,,,0.024905469875003014,,,0.0,0.0,0.04904370852421215,0,0,1,0,0,0.0,0,1,0,,,,,16.300252407650618,,,,,
trial_0008,11,eval,,,,,,,0.10526315789473684,4.846331069343968,,,,,,,,,,,,,,,,,,,,,,
trial_0008,11,global,,,,0.26195751129910755,-0.1263695601697469,,,,,,,0,0,1,0,0,0.0,0,1,0,18,,0.07272727272727272,6.554226294887123,,,-0.7111111111111111,1,0.7111111111111111,1
trial_0008,12,train,,,0.25031597305868947,,,0.034317593934924104,,,0.0,1.0,0.20036531355838447,0,0,1,0,0,0.0,0,1,0,,,,,3.181174270496812,,,,,
trial_0008,12,eval,,,,,,,0.0,2.9100232500779,,,,,,,,,,,,,,,,,,,,,,
trial_0008,12,global,,,,0.1564851998891517,-0.06426461139100027,,,,,,,0,0,1,0,0,0.0,0,1,0,18,,0.06985645933014355,4.905502236973156,,,-0.6444444444444445,1,0.6444444444444445,1
trial_0008,13,train,,,0.2502985730074173,,,0.033331129440041476,,,0.0,0.3488372093023256,0.0948930552705776,0,0,1,0,0,0.0,0,1,0,,,,,1.8643174584521802,,,,,
trial_0008,13,eval,,,,,,,0.21052631578947367,2.1077175893281637,,,,,,,,,,,,,,,,,,,,,,
trial_0008,13,global,,,,0.16973564361838006,-0.047624066619740016,,,,,,,0,0,1,0,0,0.0,0,1,0,18,,0.09090909090909091,4.72238067736466,,,-0.8,1,0.8,1
trial_0008,14,train,,,0.25027922523576157,,,0.032692389779312665,,,0.0,0.0,0.0611273494657389,0,0,2,1,0,0.0,0,1,0,,,,,1.746755657223768,,,,,
trial_0008,14,eval,0.21052631578947367,0.15789473684210525,,,,,,,,,,,,,,,,,,,,1.6842105263157894,,,,0.2631578947368421,,,,
trial_0008,14,global,,,,0.18050455275330227,-0.04151185363097359,,,,,,,0,0,2,0,0,0.25,0,2,0,18,,0.09952153110047847,5.1399991455260645,,,-0.8,1,0.8,1
trial_0008,15,train,,,0.2502827254492183,,,0.034632554580998974,,,0.0,0.09302325581395349,0.06014315931256427,0,0,2,0,0,0.25,0,2,0,,,,,1.5696220138738322,,,,,
trial_0008,15,eval,,,,,,,0.2631578947368421,1.9707980971587333,,,,,,,,,,,,,,,,,,,,,,
trial_0008,15,global,,,,0.18003045090757197,-0.032807299110346154,,,,,,,0,0,2,0,0,0.25,0,2,0,18,,0.10717703349282297,4.927022442521091,,,-0.8,1,0.8,1
trial_0008,16,train,,,0.2502938259479611,,,0.03582526916681334,,,0.0,0.0,0.04838921503965245,0,0,2,0,0,0.25,0,2,0,,,,,1.363802776087162,,,,,
trial_0008,16,eval,,,,,,,0.3684210526315789,2.1752700178246744,,,,,,,,,,,,,,,,,,,,,,
trial_0008,16,global,,,,0.16772534454925747,-0.017908440940752467,,,,,,,0,0,2,0,0,0.25,0,2,0,18,,0.12344497607655502,5.237685504712556,,,-0.8,1,0.8,1
trial_0008,17,train,,,0.2503224337516829,,,0.03798014410706453,,,0.0,0.09302325581395349,0.04931364008333794,0,0,3,1,0,0.25,0,2,0,,,,,1.315545147449471,,,,,
trial_0008,17,eval,0.15789473684210525,0.15789473684210525,,,,,,,,,,,,,,,,,,,,1.6842105263157894,,,,0.0,,,,
trial_0008,17,global,,,,0.1828174497430841,-0.0278565132127684,,,,,,,0,0,3,0,0,0.0,0,3,0,18,,0.11196172248803828,5.051420961954947,,,-0.8,1,0.8,1
trial_0008,18,train,,,0.25035885080348613,,,0.03981520027615303,,,0.0,0.0,0.04178397732591906,0,0,3,0,0,0.0,0,3,0,,,,,1.1818954724212025,,,,,
trial_0008,18,eval,,,,,,,0.3684210526315789,2.1326551249152734,,,,,,,,,,,,,,,,,,,,,,
trial_0008,18,global,,,,0.16816795532050674,-0.012424546176732502,,,,,,,0,0,3,0,0,0.0,0,3,0,18,,0.1291866028708134,5.493402267985367,,,-0.8,1,0.8,1
trial_0008,19,train,,,0.250407573788665,,,0.04299743334914363,,,0.0,0.09302325581395349,0.04608560679263847,0,0,3,0,0,0.0,0,3,0,,,,,1.172591479573139,,,,,
trial_0008,19,eval,,,,,,,0.3157894736842105,1.712243776572378,,,,,,,,,,,,,,,,,,,,,,
trial_0008,19,global,,,,0.17384454694481077,-0.011273603195724168,,,,,,,0,0,3,0,0,0.0,0,3,0,18,,0.1291866028708134,5.163347359479329,,,-0.8,1,0.8,1
trial_0008,20,train,,,0.2504552176525426,,,0.045615933315698486,,,0.0,0.0,0.03865912829547427,0,0,3,0,0,0.0,0,3,0,,,,,1.0556058663268422,,,,,
trial_0008,20,eval,,,,,,,0.3157894736842105,2.1691091437088814,,,,,,,,,,,,,,,,,,,,,,
trial_0008,20,global,,,,0.16976687123406867,-0.007195927484982079,,,,,,,0,0,3,0,0,0.0,0,3,0,18,,0.13492822966507176,5.711968399577164,,,-0.8,1,0.8,1
trial_0008,21,train,,,0.25051821419533266,,,0.06641612154372195,,,0.0,0.0,0.025288127937374002,0,0,3,0,0,0.0,0,3,0,,,,,17.469564159880292,,,,,
trial_0008,21,eval,,,,,,,0.21052631578947367,2.1535097423352694,,,,,,,,,,,,,,,,,,,,,,
trial_0008,21,global,,,,0.27693904093500576,-0.11436809718591917,,,,,,,0,0,3,0,0,0.0,0,3,0,27,,0.06439628482972136,6.953402443050231,,,-0.8,1,0.8,1
trial_0008,22,train,,,0.2504874521747548,,,0.05014246385148231,,,0.0,0.9999999999999999,0.19098488273138697,0,0,4,1,0,0.0,0,3,0,,,,,2.16855003022133,,,,,
trial_0008,22,eval,0.21052631578947367,0.15789473684210525,,,,,,,,,,,,,,,,,,,,2.1052631578947367,,,,0.3684210526315789,,,,
trial_0008,22,global,,,,0.2266260089595986,-0.07829463197821315,,,,,,,0,0,4,0,0,0.25,0,4,0,27,,0.06996904024767801,8.500203201719113,,,-0.8,1,0.8,1
trial_0008,23,train,,,0.2504783589789208,,,0.051496486714545715,,,0.0,0.0,0.03094938899925415,0,0,5,1,0,0.25,0,4,0,,,,,1.629001466264116,,,,,
trial_0008,23,eval,0.21052631578947367,0.21052631578947367,,,,,,,,,,,,,,,,,,,,2.1052631578947367,,,,0.0,,,,
trial_0008,23,global,,,,0.2463361276471285,-0.07108092301727773,,,,,,,0,0,5,0,0,0.0,0,5,0,27,,0.07430340557275542,8.84372715905724,,,-0.8,1,0.8,1
trial_0008,24,train,,,0.25046978700668254,,,0.05123535876578472,,,0.0,0.0,0.04279705703734084,0,0,5,0,0,0.0,0,5,0,,,,,1.4105782404859015,,,,,
trial_0008,24,eval,,,,,,,0.47368421052631576,1.7044793430127596,,,,,,,,,,,,,,,,,,,,,,
trial_0008,24,global,,,,0.24505162521130178,-0.06384144760098522,,,,,,,0,0,5,0,0,0.0,0,5,0,27,,0.08544891640866874,8.809010225183824,,,-0.8,1,0.8,1
trial_0008,25,train,,,0.25046853879664804,,,0.052960637402027215,,,0.0,0.0,0.032034647623275195,0,0,6,1,0,0.0,0,5,0,,,,,1.24910513314795,,,,,
trial_0008,25,eval,0.47368421052631576,0.5263157894736842,,,,,,,,,,,,,,,,,,,,2.1052631578947367,,,,0.0,,,,
trial_0008,25,global,,,,0.23531881594112172,-0.05072401377065721,,,,,,,0,0,6,0,0,0.0,0,6,0,27,,0.0978328173374613,8.85423986003864,,,-0.8,1,0.8,1
trial_0008,26,train,,,0.25045154735128927,,,0.05368284849410361,,,0.0,0.0,0.03557657249905962,0,0,6,0,0,0.0,0,6,0,,,,,1.0543919540466147,,,,,
trial_0008,26,eval,,,,,,,0.5263157894736842,1.5907231318323234,,,,,,,,,,,,,,,,,,,,,,
trial_0008,26,global,,,,0.23534962318473837,-0.04426427869442399,,,,,,,0,0,6,0,0,0.0,0,6,0,27,,0.10464396284829722,9.012218484789964,,,-0.8,1,0.8,1
trial_0008,27,train,,,0.2504365710501975,,,0.054727466182505825,,,0.0,0.0,0.03666025279684271,0,0,6,0,0,0.0,0,6,0,,,,,0.9220874423676348,,,,,
trial_0008,27,eval,,,,,,,0.47368421052631576,1.6338648984306736,,,,,,,,,,,,,,,,,,,,,,
trial_0008,27,global,,,,0.24318797412949664,-0.046638469091160796,,,,,,,0,0,6,0,0,0.0,0,6,0,27,,0.10464396284829722,9.032774242011387,,,-0.8,1,0.8,1
trial_0008,28,train,,,0.25043851105456655,,,0.057166013311832506,,,0.0,0.0,0.035000167886151914,0,0,6,0,0,0.0,0,6,0,,,,,0.8444257549783016,,,,,
trial_0008,28,eval,,,,,,,0.47368421052631576,1.6374427017412685,,,,,,,,,,,,,,,,,,,,,,
trial_0008,28,global,,,,0.24114207390511716,-0.04290646918685447,,,,,,,0,0,6,0,0,0.0,0,6,0,27,,0.1065015479876161,9.049480700419045,,,-0.8,1,0.8,1
trial_0008,29,train,,,0.25045286182393417,,,0.05931198914000328,,,0.0,0.0,0.03426514293285127,0,0,6,0,0,0.0,0,6,0,,,,,0.7735666806393481,,,,,
trial_0008,29,eval,,,,,,,0.47368421052631576,1.6484296949286208,,,,,,,,,,,,,,,,,,,,,,
trial_0008,29,global,,,,0.2446495295960206,-0.045499430136102685,,,,,,,0,0,6,0,0,0.0,0,6,0,27,,0.10402476780185758,9.159253513111787,,,-0.8,1,0.8,1
trial_0008,30,train,,,0.25047762755383834,,,0.06136137754359143,,,0.0,0.0,0.03330311188672452,0,0,7,1,0,0.0,0,6,0,,,,,0.7049705795785213,,,,,
trial_0008,30,eval,0.42105263157894735,0.47368421052631576,,,,,,,,,,,,,,,,,,,,2.1052631578947367,,,,0.0,,,,
trial_0008,30,global,,,,0.24509066753219527,-0.04526716739887667,,,,,,,0,0,7,0,0,0.0,0,7,0,27,,0.10526315789473684,9.417718954647288,,,-0.8,1,0.8,1
trial_0008,31,train,,,0.2505181098872043,,,0.06371060077180253,,,0.0,0.0,0.032306418286517584,0,0,8,1,0,0.0,0,7,0,,,,,0.6443957286946317,,,,,
trial_0008,31,eval,0.42105263157894735,0.47368421052631576,,,,,,,,,,,,,,,,,,,,2.1052631578947367,,,,0.0,,,,
trial_0008,31,global,,,,0.24747305232412561,-0.04764955219080704,,,,,,,0,0,8,0,0,0.0,0,8,0,27,,0.10278637770897833,9.688880018110245,,,-0.8,1,0.8,1
trial_0008,32,train,,,0.2505689672333129,,,0.0659465028884563,,,0.0,0.0,0.03152345453012497,0,0,9,1,0,0.0,0,8,0,,,,,0.5927759123609421,,,,,
trial_0008,32,eval,0.47368421052631576,0.47368421052631576,,,,,,,,,,,,,,,,,,,,2.1052631578947367,,,,0.3684210526315789,,,,
trial_0008,32,global,,,,0.24655124124746047,-0.04672774111414189,,,,,,,0,0,9,0,0,0.25,0,9,0,27,,0.10402476780185758,9.96346972202738,,,-0.8,1,0.8,1
trial_0008,33,train,,,0.25061723146032777,,,0.06849331995274158,,,0.0,0.0,0.030768874077562326,0,0,10,1,0,0.25,0,9,0,,,,,0.5464996027185561,,,,,
trial_0008,33,eval,0.5263157894736842,0.5789473684210527,,,,,,,,,,,,,,,,,,,,2.1052631578947367,,,,0.0,,,,
trial_0008,33,global,,,,0.24464949460216212,-0.04415259379544286,,,,,,,0,0,10,0,0,0.0,0,10,0,27,,0.1065015479876161,10.166239274913682,,,-0.8,1,0.8,1
trial_0008,34,train,,,0.2506716248202831,,,0.07069859225699242,,,0.0,0.0,0.030360553179808125,0,0,10,0,0,0.0,0,10,0,,,,,0.5049143581948381,,,,,
trial_0008,34,eval,,,,,,,0.5789473684210527,1.618732929229736,,,,,,,,,,,,,,,,,,,,,,
trial_0008,34,global,,,,0.2440446740832246,-0.04304041660476509,,,,,,,0,0,10,0,0,0.0,0,10,0,27,,0.10835913312693499,10.383901535837273,,,-0.8,1,0.8,1
trial_0008,35,train,,,0.2507261272440565,,,0.07298069177789891,,,0.0,0.0,0.029857729787522175,0,0,10,0,0,0.0,0,10,0,,,,,0.46622800053434166,,,,,
trial_0008,35,eval,,,,,,,0.5789473684210527,1.6259876317099522,,,,,,,,,,,,,,,,,,,,,,
trial_0008,35,global,,,,0.24504079283296654,-0.04285577800936612,,,,,,,0,0,10,0,0,0.0,0,10,0,27,,0.10835913312693499,10.510887533370925,,,-0.8,1,0.8,1
trial_0008,36,train,,,0.2507858006878102,,,0.07510183910106091,,,0.0,0.0,0.029384412723494336,0,0,10,0,0,0.0,0,10,0,,,,,0.42831769639507256,,,,,
trial_0008,36,eval,,,,,,,0.5789473684210527,1.6406101396209314,,,,,,,,,,,,,,,,,,,,,,
trial_0008,36,global,,,,0.2435647444338032,-0.037457274607500854,,,,,,,0,0,10,0,0,0.0,0,10,0,27,,0.11331269349845201,10.667883794447954,,,-0.8,1,0.8,1
trial_0008,37,train,,,0.2508399651405659,,,0.07706914556787368,,,0.0,0.0,0.028991756493106806,0,0,10,0,0,0.0,0,10,0,,,,,0.39457488966749066,,,,,
trial_0008,37,eval,,,,,,,0.5789473684210527,1.662712879871067,,,,,,,,,,,,,,,,,,,,,,
trial_0008,37,global,,,,0.24379881023804442,-0.03718398374000186,,,,,,,0,0,10,0,0,0.0,0,10,0,27,,0.11393188854489164,10.797863464827877,,,-0.8,1,0.8,1
trial_0008,38,train,,,0.25089772933341087,,,0.07882833480834961,,,0.0,0.0,0.028378927735413645,0,0,11,1,0,0.0,0,10,0,,,,,0.3623004546507876,,,,,
trial_0008,38,eval,0.42105263157894735,0.47368421052631576,,,,,,,,,,,,,,,,,,,,2.1052631578947367,,,,0.15789473684210525,,,,
trial_0008,38,global,,,,0.2424756369850466,-0.034946315745348816,,,,,,,0,0,11,0,0,0.25,0,11,0,27,,0.11640866873065016,10.912920159968799,,,-0.8,1,0.8,1
trial_0008,39,train,,,0.2509573989726127,,,0.08004019108224422,,,0.0,0.0,0.028299923290676897,0,0,12,1,0,0.25,0,11,0,,,,,0.33469276960859906,,,,,
trial_0008,39,eval,0.5789473684210527,0.47368421052631576,,,,,,,,,,,,,,,,,,,,2.1052631578947367,,,,0.42105263157894735,,,,
trial_0008,39,global,,,,0.30503164063494276,-0.08468180657473215,,,,,,,1,1,12,0,0,0.5,1,11,0,27,,0.060061919504643964,8.498275995402144,,,-0.8421052631578947,22,0.8421052631578947,22
trial_0008,40,train,,,0.2510712380650677,,,0.08119399034524265,,,0.0,0.0,0.02631282708666559,1,1,12,0,0,0.5,1,11,0,,,,,0.3070578395188609,,,,,
trial_0008,40,eval,,,,,,,0.5789473684210527,1.785469208893023,,,,,,,,,,,,,,,,,,,,,,
trial_0008,40,global,,,,0.2676152441026462,-0.0442212700119942,,,,,,,1,1,12,0,0,0.5,1,11,0,27,,0.1065015479876161,11.908750273052014,,,-0.8,1,0.8,1
trial_0008,41,train,,,0.2510522914693711,,,0.08031588158708938,,,0.0,0.0,0.03037023422645128,1,1,12,0,0,0.5,1,11,0,,,,,0.2976148371366744,,,,,
trial_0008,41,eval,,,,,,,0.631578947368421,1.8419257245565714,,,,,,,,,,,,,,,,,,,,,,
trial_0008,41,global,,,,0.2604065177522108,-0.03556753804988651,,,,,,,1,1,12,0,0,0.5,1,11,0,27,,0.11331269349845201,11.778466036297589,,,-0.8,1,0.8,1
trial_0008,42,train,,,0.2510984235621513,,,0.07955816958812957,,,0.0,0.0,0.02686551048103324,1,1,12,0,0,0.5,1,11,0,,,,,0.26673482364796575,,,,,
trial_0008,42,eval,,,,,,,0.631578947368421,1.8429225902808337,,,,,,,,,,,,,,,,,,,,,,
trial_0008,42,global,,,,0.26184340102371284,-0.037004421321388536,,,,,,,1,1,12,0,1,0.5,0,11,0,27,,0.11331269349845201,12.200243913869002,,,-0.8,1,0.8,1
trial_0008,43,train,,,0.25115088167342736,,,0.07898395682903046,,,0.0,0.0,0.025644432019164904,1,1,13,1,1,0.5,0,11,0,,,,,0.23990330940231364,,,,,
trial_0008,43,eval,0.5263157894736842,0.5263157894736842,,,,,,,,,,,,,,,,,,,,2.1052631578947367,,,,0.15789473684210525,,,,
trial_0008,43,global,,,,0.26160803873648175,-0.035324053422485166,,,,,,,1,1,13,0,1,0.25,0,12,0,27,,0.11393188854489164,12.296806618894216,,,-0.8,1,0.8,1
trial_0008,44,train,,,0.251207746406819,,,0.08102918178477186,,,0.0,0.0,0.0245557548250369,1,1,14,1,1,0.25,0,12,0,,,,,0.23190649491041265,,,,,
trial_0008,44,eval,0.5263157894736842,0.5263157894736842,,,,,,,,,,,,,,,,,,,,2.1052631578947367,,,,0.0,,,,
trial_0008,44,global,,,,0.2630723156740013,-0.036114929686604076,,,,,,,1,1,14,0,1,0.0,0,13,0,27,,0.11331269349845201,12.250994764392958,,,-0.8,1,0.8,1
trial_0008,45,train,,,0.25126278210193553,,,0.07985343704832361,,,0.0,0.0,0.024407581209224906,1,1,15,1,1,0.0,0,13,0,,,,,0.21307771611720955,,,,,
trial_0008,45,eval,0.5263157894736842,0.5789473684210527,,,,,,,,,,,,,,,,,,,,2.1052631578947367,,,,0.15789473684210525,,,,
trial_0008,45,global,,,,0.25468468834059804,-0.022817089109654253,,,,,,,1,1,15,0,1,0.25,0,14,0,27,,0.1256965944272446,12.44268425153136,,,-0.8,1,0.8,1
trial_0008,46,train,,,0.25130094365870703,,,0.08122548651187977,,,0.0,0.0,0.023702994967870258,1,1,16,1,1,0.25,0,14,0,,,,,0.19496461444712698,,,,,
trial_0008,46,eval,0.5263157894736842,0.47368421052631576,,,,,,,,,,,,,,,,,,,,2.1052631578947367,,,,0.15789473684210525,,,,
trial_0008,46,global,,,,0.265272513371365,-0.033404914140421196,,,,,,,1,1,16,0,1,0.25,0,15,0,27,,0.11640866873065016,12.694625552150857,,,-0.8,1,0.8,1
trial_0008,47,train,,,0.2513509817579959,,,0.07978824985788223,,,0.0,0.0,0.021630487033225444,1,1,16,0,1,0.25,0,15,0,,,,,0.1828758143047069,,,,,
trial_0008,47,eval,,,,,,,0.5789473684210527,1.911275946780255,,,,,,,,,,,,,,,,,,,,,,
trial_0008,47,global,,,,0.25983869455968567,-0.02797109532874183,,,,,,,1,1,16,0,1,0.25,0,15,0,27,,0.1195046439628483,12.493200060014754,,,-0.8,1,0.8,1
trial_0008,48,train,,,0.25140794414155027,,,0.07957637690483255,,,0.0,0.0,0.020884369231730784,1,1,16,0,1,0.25,0,15,0,,,,,0.17496906766232026,,,,,
trial_0008,48,eval,,,,,,,0.5789473684210527,1.9926629395861375,,,,,,,,,,,,,,,,,,,,,,
trial_0008,48,global,,,,0.2700473617903714,-0.03817976255942761,,,,,,,1,1,16,0,1,0.25,0,15,0,27,,0.11145510835913312,13.124139205885376,,,-0.8,1,0.8,1
trial_0008,49,train,,,0.2514499118353458,,,0.08130580313662265,,,0.0,0.0,0.021259001890157767,1,1,16,0,1,0.25,0,15,0,,,,,0.15510123463228662,,,,,
trial_0008,49,eval,,,,,,,0.5789473684210527,1.9117324995367149,,,,,,,,,,,,,,,,,,,,,,
trial_0008,49,global,,,,0.25626056891191246,-0.02121717885085679,,,,,,,1,1,16,0,1,0.25,0,15,0,27,,0.12631578947368421,12.674689093905705,,,-0.8,1,0.8,1
trial_0008,50,train,,,0.25150078725307545,,,0.07967350964850567,,,0.0,0.0,0.019290834835215296,1,1,16,0,1,0.25,0,15,0,,,,,0.15321738320462247,,,,,
trial_0008,50,eval,,,,,,,0.631578947368421,1.9144470158376188,,,,,,,,,,,,,,,,,,,,,,
trial_0008,50,global,,,,0.26850581864762746,-0.03163343910326135,,,,,,,1,1,16,0,1,0.25,0,15,0,27,,0.11764705882352941,13.485665473111274,,,-0.8,1,0.8,1
trial_0008,51,train,,,0.25154986026439263,,,0.08245164663233655,,,0.0,0.0,0.019228430721968254,1,1,17,1,1,0.25,0,15,0,,,,,0.1640251769109609,,,,,
trial_0008,51,eval,0.47368421052631576,0.47368421052631576,,,,,,,,,,,,,,,,,,,,2.1052631578947367,,,,0.0,,,,
trial_0008,51,global,,,,0.25939739466196077,-0.02252501511759466,,,,,,,1,1,17,0,1,0.0,0,16,0,27,,0.12507739938080495,13.024482145988536,,,-0.8,1,0.8,1
trial_0008,52,train,,,0.25159678560622195,,,0.08023227656141241,,,0.0,0.0,0.019957420685046176,1,1,18,1,1,0.0,0,16,0,,,,,0.12292318229979657,,,,,
trial_0008,52,eval,0.5263157894736842,0.5263157894736842,,,,,,,,,,,,,,,,,,,,2.1052631578947367,,,,0.0,,,,
trial_0008,52,global,,,,0.2672387507121465,-0.030366371167780407,,,,,,,1,1,18,0,1,0.0,0,17,0,27,,0.11826625386996904,13.444200389377842,,,-0.8,1,0.8,1
trial_0008,53,train,,,0.2516411612642572,,,0.0813724842477352,,,0.0,0.0,0.01767732068831894,1,1,19,1,1,0.0,0,17,0,,,,,0.1275161723269427,,,,,
trial_0008,53,eval,0.5789473684210527,0.5263157894736842,,,,,,,,,,,,,,,,,,,,2.1052631578947367,,,,0.15789473684210525,,,,
trial_0008,53,global,,,,0.25643560435058754,-0.019563224806221472,,,,,,,1,1,19,0,1,0.25,0,18,0,27,,0.12755417956656348,13.550625284389815,,,-0.8,1,0.8,1
trial_0008,54,train,,,0.2516754088883704,,,0.08032988360587585,,,0.0,0.0,0.017902517210050647,1,1,20,1,1,0.25,0,18,0,,,,,0.1334062331138139,,,,,
trial_0008,54,eval,0.47368421052631576,0.47368421052631576,,,,,,,,,,,,,,,,,,,,2.1052631578947367,,,,0.0,,,,
trial_0008,54,global,,,,0.2667915312693588,-0.0276329148708546,,,,,,,1,1,20,0,1,0.0,0,19,0,27,,0.12198142414860681,13.521840575604985,,,-0.8,1,0.8,1
trial_0008,55,train,,,0.2517298634382005,,,0.08138158600381079,,,0.0,0.0,0.018457285660081247,1,1,20,0,1,0.0,0,19,0,,,,,0.12321271619739685,,,,,
trial_0008,55,eval,,,,,,,0.6842105263157894,1.9018829959003547,,,,,,,,,,,,,,,,,,,,,,
trial_0008,55,global,,,,0.255752795270745,-0.013802371913767182,,,,,,,1,1,20,0,1,0.0,0,19,0,27,,0.13312693498452013,13.205664303428248,,,-0.8,1,0.8,1
trial_0008,56,train,,,0.25178447302351603,,,0.08186391566662078,,,0.0,0.0,0.01500703570837938,1,1,20,0,1,0.0,0,19,0,,,,,0.11844687699637516,,,,,
trial_0008,56,eval,,,,,,,0.6842105263157894,1.9713635503461486,,,,,,,,,,,,,,,,,,,,,,
trial_0008,56,global,,,,0.2689983246024027,-0.02704790124542486,,,,,,,1,1,20,0,1,0.0,0,19,0,27,,0.12136222910216718,12.787987884427002,,,-0.8,1,0.8,1
trial_0008,57,train,,,0.2518213220099186,,,0.08113199599245761,,,0.0,0.0,0.01831838475550188,1,1,20,0,1,0.0,0,19,0,,,,,0.10986294527637197,,,,,
trial_0008,57,eval,,,,,,,0.5789473684210527,1.8898666667702948,,,,,,,,,,,,,,,,,,,,,,
trial_0008,57,global,,,,0.2656039303132611,-0.02365350695628328,,,,,,,1,1,20,0,1,0.0,0,19,0,27,,0.1238390092879257,12.87918304821286,,,-0.8,1,0.8,1
trial_0008,58,train,,,0.25187767407995587,,,0.0815444753525105,,,0.0,0.0,0.014741091767234352,1,1,20,0,1,0.0,0,19,0,,,,,0.110759785085758,,,,,
trial_0008,58,eval,,,,,,,0.6842105263157894,1.8997813933774046,,,,,,,,,,,,,,,,,,,,,,
trial_0008,58,global,,,,0.2657196486597491,-0.02309582462937064,,,,,,,1,1,20,0,1,0.0,0,19,0,27,,0.12260061919504645,12.403797756702907,,,-0.8,1,0.8,1
trial_0008,59,train,,,0.2519264192657268,,,0.07801469716619938,,,0.0,0.0,0.018660589065799055,1,1,21,1,1,0.0,0,19,0,,,,,0.09078856401462504,,,,,
trial_0008,59,eval,0.47368421052631576,0.47368421052631576,,,,,,,,,,,,,,,,,,,,2.1052631578947367,,,,0.0,,,,
trial_0008,59,global,,,,0.2645478127814468,-0.02192398875106827,,,,,,,1,1,21,0,1,0.0,0,20,0,27,,0.12755417956656348,13.309511748039316,,,-0.8,1,0.8,1
trial_0008,60,train,,,0.25198750039364426,,,0.08018323081604978,,,0.0,0.0,0.013122444948988987,1,1,22,1,1,0.0,0,20,0,,,,,0.09325638733249395,,,,,
trial_0008,60,eval,0.42105263157894735,0.5263157894736842,,,,,,,,,,,,,,,,,,,,2.1052631578947367,,,,0.0,,,,
trial_0008,60,global,,,,0.2660858227973974,-0.021441796746816892,,,,,,,1,1,22,0,1,0.0,0,21,0,27,,0.1238390092879257,12.4944958737022,,,-0.8,1,0.8,1
trial_0008,61,train,,,0.2520408624030174,,,0.07765373207153158,,,0.0,0.0,0.017775154675783077,1,1,23,1,1,0.0,0,21,0,,,,,0.08608465988506028,,,,,
trial_0008,61,eval,0.5789473684210527,0.631578947368421,,,,,,,,,,,,,,,,,,,,2.1052631578947367,,,,0.0,,,,
trial_0008,61,global,,,,0.26878824724476214,-0.02414422119418161,,,,,,,1,1,23,0,1,0.0,0,22,0,27,,0.1256965944272446,13.370637351588199,,,-0.8,1,0.8,1
trial_0008,62,train,,,0.2521243320500597,,,0.07869180846721568,,,0.0,0.0,0.011739817882753028,1,1,24,1,1,0.0,0,22,0,,,,,0.0795727337849267,,,,,
trial_0008,62,eval,0.42105263157894735,0.47368421052631576,,,,,,,,,,,,,,,,,,,,2.1052631578947367,,,,0.0,,,,
trial_0008,62,global,,,,0.2671246935653413,-0.022480667514760747,,,,,,,1,1,24,0,1,0.0,0,23,0,27,,0.12260061919504645,12.477118765532786,,,-0.8,1,0.8,1
trial_0008,63,train,,,0.25218725680036747,,,0.07680752175919553,,,0.0,0.0,0.014619123356099776,1,1,24,0,1,0.0,0,23,0,,,,,0.06407870324526696,,,,,
trial_0008,63,eval,,,,,,,0.631578947368421,1.8690320022012057,,,,,,,,,,,,,,,,,,,,,,
trial_0008,63,global,,,,0.26226815790874364,-0.01762413185816309,,,,,,,1,1,24,0,1,0.0,0,23,0,27,,0.13126934984520125,13.528320033779085,,,-0.8,1,0.8,1
trial_0008,64,train,,,0.2522455257304171,,,0.07782324958354869,,,0.0,0.0,0.009984979685829419,1,1,24,0,1,0.0,0,23,0,,,,,0.06592582440439691,,,,,
trial_0008,64,eval,,,,,,,0.631578947368421,1.9947997980604044,,,,,,,,,,,,,,,,,,,,,,
trial_0008,64,global,,,,0.2636016205175842,-0.018957594467003694,,,,,,,1,1,24,0,1,0.0,0,23,0,27,,0.12879256965944272,13.306815080672227,,,-0.8,1,0.8,1
trial_0008,65,train,,,0.25229900758317175,,,0.07685660935462789,,,0.0,0.0,0.011231761939447136,1,1,24,0,1,0.0,0,23,0,,,,,0.05545906982127023,,,,,
trial_0008,65,eval,,,,,,,0.631578947368421,1.9019377678632734,,,,,,,,,,,,,,,,,,,,,,
trial_0008,65,global,,,,0.26075122042132104,-0.016107194370740523,,,,,,,1,1,24,0,1,0.0,0,23,0,27,,0.13312693498452013,13.833399802760074,,,-0.8,1,0.8,1
trial_0008,66,train,,,0.252329391050846,,,0.0771856815256971,,,0.0,0.0,0.009314952331949324,1,1,24,0,1,0.0,0,23,0,,,,,0.06395342715401599,,,,,
trial_0008,66,eval,,,,,,,0.631578947368421,1.8226913464696781,,,,,,,,,,,,,,,,,,,,,,
trial_0008,66,global,,,,0.26076699239640216,-0.016122966345821606,,,,,,,1,1,24,0,1,0.0,0,23,0,27,,0.13126934984520125,13.811920222704625,,,-0.8,1,0.8,1
trial_0008,67,train,,,0.252353938019022,,,0.0765344278609499,,,0.0,0.0,0.009824311582432278,1,1,25,1,1,0.0,0,23,0,,,,,0.05798611385311852,,,,,
trial_0008,67,eval,0.5263157894736842,0.47368421052631576,,,,,,,,,,,,,,,,,,,,2.1052631578947367,,,,0.2631578947368421,,,,
trial_0008,67,global,,,,0.25790555215375627,-0.013261526103175776,,,,,,,1,1,25,0,1,0.25,0,24,0,27,,0.13560371517027864,13.707938529094307,,,-0.8,1,0.8,1
trial_0008,68,train,,,0.2523687180686504,,,0.07489024324620025,,,0.0,0.0,0.009045594431920613,1,1,26,1,1,0.25,0,24,0,,,,,0.04991430479716113,,,,,
trial_0008,68,eval,0.5263157894736842,0.5263157894736842,,,,,,,,,,,,,,,,,,,,2.1052631578947367,,,,0.0,,,,
trial_0008,68,global,,,,0.2561172817221309,-0.011473255671550376,,,,,,,1,1,26,0,1,0.0,0,25,0,27,,0.13560371517027864,14.004869377207092,,,-0.8,1,0.8,1
trial_0008,69,train,,,0.2523683677328394,,,0.07468839655531213,,,0.0,0.0,0.009442613722274746,1,1,27,1,1,0.0,0,25,0,,,,,0.051018512996032515,,,,,
trial_0008,69,eval,0.5789473684210527,0.5263157894736842,,,,,,,,,,,,,,,,,,,,2.1052631578947367,,,,0.15789473684210525,,,,
trial_0008,69,global,,,,0.26077711611214227,-0.01613309006156177,,,,,,,1,1,27,0,1,0.25,0,26,0,27,,0.13188854489164087,13.76817780013424,,,-0.8,1,0.8,1
trial_0008,70,train,,,0.25238961773983976,,,0.07399698901683727,,,0.0,0.0,0.008707490792832997,1,1,28,1,1,0.25,0,26,0,,,,,0.04639452025690611,,,,,
trial_0008,70,eval,0.47368421052631576,0.47368421052631576,,,,,,,,,,,,,,,,,,,,2.1052631578947367,,,,0.0,,,,
trial_0008,70,global,,,,0.25856800644126143,-0.013923980390680908,,,,,,,1,1,28,0,1,0.0,0,27,0,27,,0.13436532507739937,13.608257829884627,,,-0.8,1,0.8,1
trial_0008,71,train,,,0.2523932640856885,,,0.07260241660665959,,,0.0,0.0,0.008003804288439805,1,1,28,0,1,0.0,0,27,0,,,,,0.04027561193054661,,,,,
trial_0008,71,eval,,,,,,,0.5789473684210527,1.9751395590015146,,,,,,,,,,,,,,,,,,,,,,
trial_0008,71,global,,,,0.26352480033809106,-0.018880774287510546,,,,,,,1,1,28,0,1,0.0,0,27,0,27,,0.12941176470588237,13.727467133607657,,,-0.8,1,0.8,1
trial_0008,72,train,,,0.2524125423837215,,,0.07194135417329503,,,0.0,0.0,0.006805439827919745,1,1,28,0,1,0.0,0,27,0,,,,,0.036127167847998284,,,,,
trial_0008,72,eval,,,,,,,0.6842105263157894,2.0103172514783707,,,,,,,,,,,,,,,,,,,,,,
trial_0008,72,global,,,,0.25640592710915355,-0.011761901058573039,,,,,,,1,1,28,0,1,0.0,0,27,0,27,,0.13622291021671826,13.881010673215885,,,-0.8,1,0.8,1
trial_0008,73,train,,,0.25238762478879156,,,0.07117398368551375,,,0.0,0.0,0.00721345194051924,1,1,28,0,1,0.0,0,27,0,,,,,0.037341339822779304,,,,,
trial_0008,73,eval,,,,,,,0.631578947368421,2.031042369425689,,,,,,,,,,,,,,,,,,,,,,
trial_0008,73,global,,,,0.26004471843824717,-0.015400692387666658,,,,,,,1,1,28,0,1,0.0,0,27,0,27,,0.13312693498452013,13.804430023287841,,,-0.8,1,0.8,1
trial_0008,74,train,,,0.25240170289861397,,,0.07078947856071148,,,0.0,0.0,0.0060390853346108725,1,1,28,0,1,0.0,0,27,0,,,,,0.036991746452181264,,,,,
trial_0008,74,eval,,,,,,,0.631578947368421,2.0858804664917683,,,,,,,,,,,,,,,,,,,,,,
trial_0008,74,global,,,,0.26192324618484436,-0.017279220134263865,,,,,,,1,1,28,0,1,0.0,0,27,0,27,,0.1306501547987616,13.850946304746456,,,-0.8,1,0.8,1
trial_0008,75,train,,,0.25240098542355477,,,0.06994049473011746,,,0.0,0.0,0.006528750298209761,1,1,29,1,1,0.0,0,27,0,,,,,0.03560159822747587,,,,,
trial_0008,75,eval,0.47368421052631576,0.47368421052631576,,,,,,,,,,,,,,,,,,,,2.1052631578947367,,,,0.0,,,,
trial_0008,75,global,,,,0.261870217341182,-0.015879389943800153,,,,,,,1,1,29,0,1,0.0,0,28,0,27,,0.13188854489164087,13.776608139368772,,,-0.8,1,0.8,1
trial_0008,76,train,,,0.2524080831319728,,,0.06888406073793452,,,0.0,0.0,0.005985360243822141,1,1,30,1,1,0.0,0,28,0,,,,,0.03097136406762961,,,,,
trial_0008,76,eval,0.5263157894736842,0.5263157894736842,,,,,,,,,,,,,,,,,,,,2.1052631578947367,,,,0.0,,,,
trial_0008,76,global,,,,0.2587010409980785,-0.012710213600696643,,,,,,,1,1,30,0,1,0.0,0,29,0,27,,0.13622291021671826,14.103934599223889,,,-0.8,1,0.8,1
trial_0008,77,train,,,0.25239900325207,,,0.06863852828106981,,,0.0,0.0,0.005331301671143825,1,1,31,1,1,0.0,0,29,0,,,,,0.03221100353378248,,,,,
trial_0008,77,eval,0.5789473684210527,0.5263157894736842,,,,,,,,,,,,,,,,,,,,2.1052631578947367,,,,0.15789473684210525,,,,
trial_0008,77,global,,,,0.2586500409061338,-0.012659213508751974,,,,,,,1,1,31,0,1,0.25,0,30,0,27,,0.13498452012383902,14.065282064620924,,,-0.8,1,0.8,1
trial_0008,78,train,,,0.25239706261360895,,,0.0682311882363989,,,0.0,0.0,0.005118709967002283,1,1,32,1,1,0.25,0,30,0,,,,,0.03271194330040128,,,,,
trial_0008,78,eval,0.5263157894736842,0.5263157894736842,,,,,,,,,,,,,,,,,,,,2.1052631578947367,,,,0.0,,,,
trial_0008,78,global,,,,0.26213579785259733,-0.01614497045521549,,,,,,,1,1,32,0,1,0.0,0,31,0,27,,0.13188854489164087,13.809104447025264,,,-0.8,1,0.8,1
trial_0008,79,train,,,0.2523808989753114,,,0.06700870204479137,,,0.0,0.0,0.005306242532102996,1,1,32,0,1,0.0,0,31,0,,,,,0.027146819453844995,,,,,
trial_0008,79,eval,,,,,,,0.5789473684210527,2.3733024471194333,,,,,,,,,,,,,,,,,,,,,,
trial_0008,79,global,,,,0.2580824005286419,-0.012091573131260054,,,,,,,1,1,32,0,1,0.0,0,31,0,27,,0.13622291021671826,14.173626151542546,,,-0.8,1,0.8,1
trial_0008,80,train,,,0.2523744797452967,,,0.06691824945997685,,,0.0,0.0,0.005021553617583816,1,1,32,0,1,0.0,0,31,0,,,,,0.029335930120160288,,,,,
trial_0008,80,eval,,,,,,,0.5789473684210527,2.1311785651763016,,,,,,,,,,,,,,,,,,,,,,
trial_0008,80,global,,,,0.25846879471535816,-0.012477967317976303,,,,,,,1,1,32,0,1,0.0,0,31,0,27,,0.13436532507739937,14.027678659161547,,,-0.8,1,0.8,1
trial_0008,81,train,,,0.25236436978299565,,,0.06608047574124437,,,0.0,0.0,0.0048932364849841835,1,1,32,0,1,0.0,0,31,0,,,,,0.028958647303838042,,,,,
trial_0008,81,eval,,,,,,,0.631578947368421,2.256664308572286,,,,,,,,,,,,,,,,,,,,,,
trial_0008,81,global,,,,0.25724162608695866,-0.011250798689576784,,,,,,,1,1,32,0,1,0.0,0,31,0,27,,0.1368421052631579,14.089819009975752,,,-0.8,1,0.8,1
trial_0008,82,train,,,0.2523389014791935,,,0.06483681975527011,,,0.0,0.0,0.004562163968326554,1,1,32,0,1,0.0,0,31,0,,,,,0.02571931824167358,,,,,
trial_0008,82,eval,,,,,,,0.631578947368421,2.3313081752214773,,,,,,,,,,,,,,,,,,,,,,
trial_0008,82,global,,,,0.2602425854313228,-0.014251758033940935,,,,,,,1,1,32,0,1,0.0,0,31,0,27,,0.13374613003095975,14.16596075949654,,,-0.8,1,0.8,1
trial_0008,83,train,,,0.25234215405393157,,,0.06558887311752806,,,0.0,0.0,0.004276344741965853,1,1,33,1,1,0.0,0,31,0,,,,,0.03190364666937038,,,,,
trial_0008,83,eval,0.47368421052631576,0.47368421052631576,,,,,,,,,,,,,,,,,,,,2.1052631578947367,,,,0.0,,,,
trial_0008,83,global,,,,0.25926217282986885,-0.009099189086417611,,,,,,,1,1,33,0,1,0.0,0,32,0,27,,0.13808049535603714,13.71848530961264,,,-0.8,1,0.8,1
trial_0008,84,train,,,0.2523481861708012,,,0.0642603280696463,,,0.0,0.0,0.00504698521972193,1,1,34,1,1,0.0,0,32,0,,,,,0.06309668272634611,,,,,
trial_0008,84,eval,0.5263157894736842,0.5263157894736842,,,,,,,,,,,,,,,,,,,,2.1052631578947367,,,,0.0,,,,
trial_0008,84,global,,,,0.26111484479969244,-0.010951861056241182,,,,,,,1,1,34,0,1,0.0,0,33,0,27,,0.1368421052631579,14.205525736616861,,,-0.8,1,0.8,1
trial_0008,85,train,,,0.25237507420651456,,,0.06338680678225578,,,0.0,0.0,0.003962627329631087,1,1,35,1,1,0.0,0,33,0,,,,,0.033025050218752086,,,,,
trial_0008,85,eval,0.5789473684210527,0.631578947368421,,,,,,,,,,,,,,,,,,,,2.1052631578947367,,,,0.0,,,,
trial_0008,85,global,,,,0.2639877259479605,-0.013824742204509225,,,,,,,1,1,35,0,1,0.0,0,34,0,27,,0.13374613003095975,14.29575616228322,,,-0.8,1,0.8,1
trial_0008,86,train,,,0.2523587961146172,,,0.0624855674327688,,,0.0,0.0,0.004315138217908556,1,1,36,1,1,0.0,0,34,0,,,,,0.016490313172974485,,,,,
trial_0008,86,eval,0.47368421052631576,0.47368421052631576,,,,,,,,,,,,,,,,,,,,2.1052631578947367,,,,0.0,,,,
trial_0008,86,global,,,,0.26313337054766894,-0.012970386804217728,,,,,,,1,1,36,0,1,0.0,0,35,0,27,,0.13560371517027864,14.448396329614031,,,-0.8,1,0.8,1
trial_0008,87,train,,,0.25233908695109347,,,0.06190900472884482,,,0.0,0.0,0.0038876819042266016,1,1,36,0,1,0.0,0,35,0,,,,,0.015561091079515345,,,,,
trial_0008,87,eval,,,,,,,0.6842105263157894,2.1329786038320315,,,,,,,,,,,,,,,,,,,,,,
trial_0008,87,global,,,,0.2644605264225073,-0.014297542679056032,,,,,,,1,1,36,0,1,0.0,0,35,0,27,,0.1325077399380805,14.498009498052921,,,-0.8,1,0.8,1
trial_0008,88,train,,,0.25232217571836835,,,0.061761109118765964,,,0.0,0.0,0.0035194975999710302,1,1,36,0,1,0.0,0,35,0,,,,,0.01592902828681659,,,,,
trial_0008,88,eval,,,,,,,0.631578947368421,2.2951563151651304,,,,,,,,,,,,,,,,,,,,,,
trial_0008,88,global,,,,0.25908887574901424,-0.00892589200556297,,,,,,,1,1,36,0,1,0.0,0,35,0,27,,0.1386996904024768,14.504070336309379,,,-0.8,1,0.8,1
trial_0008,89,train,,,0.2522922805015077,,,0.060851644328299995,,,0.0,0.0,0.0034104795558960186,1,1,36,0,1,0.0,0,35,0,,,,,0.013410474744902805,,,,,
trial_0008,89,eval,,,,,,,0.5789473684210527,2.4131447446875667,,,,,,,,,,,,,,,,,,,,,,
trial_0008,89,global,,,,0.2636691015015464,-0.013506117758095135,,,,,,,1,1,36,0,1,0.0,0,35,0,27,,0.13374613003095975,14.293732109896538,,,-0.8,1,0.8,1
trial_0008,90,train,,,0.252243088914993,,,0.06024306378466018,,,0.0,0.0,0.00365828022679241,1,1,36,0,1,0.0,0,35,0,,,,,0.012598887637772779,,,,,
trial_0008,90,eval,,,,,,,0.631578947368421,2.1962115839123726,,,,,,,,,,,,,,,,,,,,,,
trial_0008,90,global,,,,0.2588107994281429,-0.008647815684691636,,,,,,,1,1,36,0,1,0.0,0,35,0,27,,0.13993808049535603,14.762795826820398,,,-0.8,1,0.8,1
trial_0009,1,train,,,0.2504132412656953,,,0.011868531910018831,,,0.0,0.0,0.0028265789106984886,0,0,0,0,0,,0,0,0,,,,,2.198364128945749,,,,,
trial_0009,1,eval,,,,,,,0.3529411764705882,2.188348012811997,,,,,,,,,,,,,,,,,,,,,,
trial_0009,1,global,,,,,,,,,,,,0,0,0,0,0,,0,0,0,9,,0.12421052631578948,2.1968992870732356,,,,,,
trial_0009,2,train,,,0.2503577289702017,,,0.014061125679106654,,,0.0,0.0,0.021402962531163534,0,0,0,0,0,,0,0,0,,,,,2.168162581890444,,,,,
trial_0009,2,eval,,,,,,,0.11764705882352941,2.1779855559853947,,,,,,,,,,,,,,,,,,,,,,
trial_0009,2,global,,,,0.015637860082304538,-0.004744613894940704,,,,,,,0,0,0,0,0,,0,0,0,9,,0.12,2.196199394025301,,,-0.07407407407407407,3,0.07407407407407407,3
trial_0009,3,train,,,0.2503512109382243,,,0.019245477322536175,,,0.0,0.0,0.021708656987764793,0,0,0,0,0,,0,0,0,,,,,2.090291260616689,,,,,
trial_0009,3,eval,,,,,,,0.058823529411764705,2.1432338462156406,,,,,,,,,,,,,,,,,,,,,,
trial_0009,3,global,,,,0.032195594287097555,-0.021302348099733723,,,,,,,0,0,0,0,0,,0,0,0,9,,0.1031578947368421,2.2272954785196406,,,-0.11764705882352944,0,0.21568627450980393,0
trial_0009,4,train,,,0.250407627866238,,,0.0269221386200265,,,0.0,0.0,0.028167881932156753,0,0,0,0,0,,0,0,0,,,,,1.9490184522882292,,,,,
trial_0009,4,eval,,,,,,,0.1764705882352941,2.1163289687212776,,,,,,,,,,,,,,,,,,,,,,
trial_0009,4,global,,,,0.05495037521181313,-0.004106364006298835,,,,,,,0,0,0,0,0,,0,0,0,9,,0.12210526315789473,2.2193335312291196,,,-0.22222222222222232,1,0.23529411764705882,0
trial_0009,5,train,,,0.25044886522655246,,,0.03261574574663669,,,0.0,0.0,0.02505863419486375,0,0,0,0,0,,0,0,0,,,,,1.7257062818430646,,,,,
trial_0009,5,eval,,,,,,,0.1764705882352941,2.19461281860576,,,,,,,,,,,,,,,,,,,,,,
trial_0009,5,global,,,,0.05551571450132133,-0.004671703295807033,,,,,,,0,0,0,0,0,,0,0,0,9,,0.12,2.3670999848215204,,,-0.13725490196078433,0,0.23529411764705882,0
trial_0009,6,train,,,0.25044929113569137,,,0.03784904657285425,,,0.0,0.0,0.030404202194436444,0,0,0,0,0,,0,0,0,,,,,1.621964154665983,,,,,
trial_0009,6,eval,,,,,,,0.29411764705882354,2.1605153925278606,,,,,,,,,,,,,,,,,,,,,,
trial_0009,6,global,,,,0.04313725490196079,0.07411965983448542,,,,,,,0,0,0,0,0,,0,0,0,9,,0.2,2.29920082594219,,,-0.1568627450980392,0,0.2549019607843137,0
trial_0009,7,train,,,0.2504503889174401,,,0.041075278497949425,,,0.0,0.0,0.028006672988869726,0,0,0,0,0,,0,0,0,,,,,1.461270770694636,,,,,
trial_0009,7,eval,,,,,,,0.411764705882353,2.3269375983406517,,,,,,,,,,,,,,,,,,,,,,
trial_0009,7,global,,,,0.08225330806765897,0.04037995075480874,,,,,,,0,0,0,0,0,,0,0,0,9,,0.16842105263157894,2.5478892406664397,,,-0.13333333333333341,1,0.196078431372549,0
trial_0009,8,train,,,0.2504502659357047,,,0.04290914045104498,,,0.0,0.0,0.03685379868632631,0,0,0,0,0,,0,0,0,,,,,1.3341859880881974,,,,,
trial_0009,8,eval,,,,,,,0.4705882352941177,2.2403692988788384,,,,,,,,,,,,,,,,,,,,,,
trial_0009,8,global,,,,0.062472145861001506,0.0601611129614662,,,,,,,0,0,0,0,0,,0,0,0,9,,0.18736842105263157,2.5656770876834267,,,-0.1777777777777778,1,0.1777777777777778,1
trial_0009,9,train,,,0.2504747091214868,,,0.04505071081692659,,,0.0,0.0,0.036884037980550455,0,0,1,1,0,,0,0,0,,,,,1.1076217362586456,,,,,
trial_0009,9,eval,0.3529411764705882,0.3529411764705882,,,,,,,,,,,,,,,,,,,,2.8823529411764706,,,,0.0,,,,
trial_0009,9,global,,,,0.06618240297363398,0.058629505086306516,,,,,,,0,0,1,0,0,0.0,0,1,0,9,,0.1831578947368421,2.7942953521326968,,,-0.1777777777777778,1,0.1777777777777778,1
trial_0009,10,train,,,0.25048072277745115,,,0.047502852882011025,,,0.0,0.0,0.038186213987160336,0,0,1,0,0,0.0,0,1,0,,,,,0.9943063694087765,,,,,
trial_0009,10,eval,,,,,,,0.411764705882353,2.299866830601412,,,,,,,,,,,,,,,,,,,,,,
trial_0009,10,global,,,,0.055687401512629554,0.07784293644800683,,,,,,,0,0,1,0,0,0.0,0,1,0,9,,0.20421052631578948,2.8399316009722257,,,-0.24444444444444446,1,0.24444444444444446,1
trial_0009,11,train,,,0.2504032676996187,,,0.024899230793465014,,,0.0,0.0,0.04852262812904854,0,0,1,0,0,0.0,0,1,0,,,,,16.409817031372423,,,,,
trial_0009,11,eval,,,,,,,0.15789473684210525,4.651791773344341,,,,,,,,,,,,,,,,,,,,,,
trial_0009,11,global,,,,0.25516318863176907,-0.12163285067113266,,,,,,,0,0,1,0,0,0.0,0,1,0,18,,0.07464114832535886,6.3063804626464846,,,-0.6888888888888889,1,0.6888888888888889,1
trial_0009,12,train,,,0.25031626571056453,,,0.0348033104525056,,,0.0,1.0,0.195870038815016,0,0,1,0,0,0.0,0,1,0,,,,,3.1824761673461555,,,,,
trial_0009,12,eval,,,,,,,0.05263157894736842,2.9349464240827055,,,,,,,,,,,,,,,,,,,,,,
trial_0009,12,global,,,,0.1530153158637121,-0.06031141221088402,,,,,,,0,0,1,0,0,0.0,0,1,0,18,,0.07464114832535886,5.006789775556355,,,-0.6444444444444445,1,0.6444444444444445,1
trial_0009,13,train,,,0.2503049455063287,,,0.033602648349695424,,,0.0,0.3488372093023256,0.09568948589785155,0,0,1,0,0,0.0,0,1,0,,,,,1.8986284493013872,,,,,
trial_0009,13,eval,,,,,,,0.15789473684210525,2.189861887379696,,,,,,,,,,,,,,,,,,,,,,
trial_0009,13,global,,,,0.16710751043469133,-0.04305646603814697,,,,,,,0,0,1,0,0,0.0,0,1,0,18,,0.09665071770334928,4.815338421552375,,,-0.8,1,0.8,1
trial_0009,14,train,,,0.25028244094100105,,,0.032841077724168465,,,0.0,0.0,0.06303430980201377,0,0,2,1,0,0.0,0,1,0,,,,,1.7064069433267728,,,,,
trial_0009,14,eval,0.15789473684210525,0.15789473684210525,,,,,,,,,,,,,,,,,,,,1.6842105263157894,,,,0.0,,,,
trial_0009,14,global,,,,0.17978163732450447,-0.04379064045592629,,,,,,,0,0,2,0,0,0.0,0,2,0,18,,0.09760765550239234,5.214063950132525,,,-0.8,1,0.8,1
trial_0009,15,train,,,0.2502787920624711,,,0.03428119351697522,,,0.0,0.09302325581395349,0.06151827766105187,0,0,2,0,0,0.0,0,2,0,,,,,1.573483423438183,,,,,
trial_0009,15,eval,,,,,,,0.21052631578947367,1.9645685773146782,,,,,,,,,,,,,,,,,,,,,,
trial_0009,15,global,,,,0.1827683379246636,-0.04060450154991258,,,,,,,0,0,2,0,0,0.0,0,2,0,18,,0.09952153110047847,4.961338543321528,,,-0.8,1,0.8,1
trial_0009,16,train,,,0.2502819110834321,,,0.035125486379445986,,,0.0,0.0,0.04881749383585398,0,0,2,0,0,0.0,0,2,0,,,,,1.3623333537301352,,,,,
trial_0009,16,eval,,,,,,,0.3157894736842105,2.250342695336592,,,,,,,,,,,,,,,,,,,,,,
trial_0009,16,global,,,,0.16520999497508437,-0.01839479362032985,,,,,,,0,0,2,0,0,0.0,0,2,0,18,,0.12344497607655502,5.344402055877247,,,-0.8,1,0.8,1
trial_0009,17,train,,,0.25030757902666584,,,0.03707834419816039,,,0.0,0.09302325581395349,0.05062475779721903,0,0,3,1,0,0.0,0,2,0,,,,,1.3259377833022628,,,,,
trial_0009,17,eval,0.15789473684210525,0.15789473684210525,,,,,,,,,,,,,,,,,,,,1.6842105263157894,,,,0.0,,,,
trial_0009,17,global,,,,0.17949156144527276,-0.026503520584345408,,,,,,,0,0,3,0,0,0.0,0,3,0,18,,0.11387559808612441,5.115585454685266,,,-0.8,1,0.8,1
trial_0009,18,train,,,0.25033487171627755,,,0.038992425730062084,,,0.0,0.0,0.04245692117269649,0,0,3,0,0,0.0,0,3,0,,,,,1.1843289240848185,,,,,
trial_0009,18,eval,,,,,,,0.3684210526315789,2.1232344978734066,,,,,,,,,,,,,,,,,,,,,,
trial_0009,18,global,,,,0.16865168116094803,-0.01488116768656215,,,,,,,0,0,3,0,0,0.0,0,3,0,18,,0.12727272727272726,5.514998465177545,,,-0.8,1,0.8,1
trial_0009,19,train,,,0.25038153972736626,,,0.04138317704200744,,,0.0,0.0,0.04549325464163409,0,0,3,0,0,0.0,0,3,0,,,,,1.1684669319973435,,,,,
trial_0009,19,eval,,,,,,,0.3684210526315789,1.7582221533122815,,,,,,,,,,,,,,,,,,,,,,
trial_0009,19,global,,,,0.1739730063524748,-0.013739848700264784,,,,,,,0,0,3,0,0,0.0,0,3,0,18,,0.12727272727272726,5.259157632526598,,,-0.8,1,0.8,1
trial_0009,20,train,,,0.25042946913907693,,,0.043725411212721534,,,0.0,0.0,0.03899020960684433,0,0,3,0,0,0.0,0,3,0,,,,,1.0468880937543026,,,,,
trial_0009,20,eval,,,,,,,0.3684210526315789,2.145406955166867,,,,,,,,,,,,,,,,,,,,,,
trial_0009,20,global,,,,0.16698634263654663,-0.006753184984336604,,,,,,,0,0,3,0,0,0.0,0,3,0,18,,0.13588516746411483,5.749090267026253,,,-0.8,1,0.8,1
trial_0009,21,train,,,0.25051765651144875,,,0.06662375622607292,,,0.0,0.0,0.026463756119792806,0,0,3,0,0,0.0,0,3,0,,,,,17.50482957312401,,,,,
trial_0009,21,eval,,,,,,,0.2631578947368421,2.131107123274552,,,,,,,,,,,,,,,,,,,,,,
trial_0009,21,global,,,,0.27422687214532615,-0.11399371449311614,,,,,,,0,0,3,0,0,0.0,0,3,0,27,,0.06563467492260062,6.945892924494788,,,-0.8,1,0.8,1
trial_0009,22,train,,,0.25048408926801474,,,0.05098692533817697,,,0.0,0.9999999999999999,0.18463937773349437,0,0,4,1,0,0.0,0,3,0,,,,,2.1299763281294637,,,,,
trial_0009,22,eval,0.21052631578947367,0.2631578947368421,,,,,,,,,,,,,,,,,,,,2.1052631578947367,,,,0.0,,,,
trial_0009,22,global,,,,0.22504998588565744,-0.0745956678860207,,,,,,,0,0,4,0,0,0.0,0,4,0,27,,0.07244582043343653,8.264136552367786,,,-0.8,1,0.8,1
trial_0009,23,train,,,0.2504698428067755,,,0.05190723373534831,,,0.0,0.0,0.03131390017397861,0,0,5,1,0,0.0,0,4,0,,,,,1.6099175242667503,,,,,
trial_0009,23,eval,0.21052631578947367,0.2631578947368421,,,,,,,,,,,,,,,,,,,,2.1052631578947367,,,,0.0,,,,
trial_0009,23,global,,,,0.246823917299235,-0.07277617715545148,,,,,,,0,0,5,0,0,0.0,0,5,0,27,,0.07306501547987616,8.879266799123664,,,-0.8,1,0.8,1
trial_0009,24,train,,,0.250457042075218,,,0.05105368824715309,,,0.0,0.0,0.04326568069927237,0,0,5,0,0,0.0,0,5,0,,,,,1.3969483340040165,,,,,
trial_0009,24,eval,,,,,,,0.47368421052631576,1.7127325597562284,,,,,,,,,,,,,,,,,,,,,,
trial_0009,24,global,,,,0.24357162831080867,-0.05729504007908984,,,,,,,0,0,5,0,0,0.0,0,5,0,27,,0.09411764705882353,8.775721747808781,,,-0.8,1,0.8,1
trial_0009,25,train,,,0.2504545960654604,,,0.05296167794694291,,,0.0,0.0,0.03189535520653775,0,0,6,1,0,0.0,0,5,0,,,,,1.232014202691139,,,,,
trial_0009,25,eval,0.47368421052631576,0.5263157894736842,,,,,,,,,,,,,,,,,,,,2.1052631578947367,,,,0.0,,,,
trial_0009,25,global,,,,0.24086918842379776,-0.05096941178628183,,,,,,,0,0,6,0,0,0.0,0,6,0,27,,0.09907120743034056,8.85517267516523,,,-0.8,1,0.8,1
trial_0009,26,train,,,0.25042793630285465,,,0.054083576861848226,,,0.0,0.0,0.03556490018963814,0,0,6,0,0,0.0,0,6,0,,,,,1.034675341971377,,,,,
trial_0009,26,eval,,,,,,,0.5263157894736842,1.6093280629107827,,,,,,,,,,,,,,,,,,,,,,
trial_0009,26,global,,,,0.2388885208298526,-0.04386803241569363,,,,,,,0,0,6,0,0,0.0,0,6,0,27,,0.1065015479876161,8.87426181001929,,,-0.8,1,0.8,1
trial_0009,27,train,,,0.2504042291894872,,,0.05476363066663133,,,0.0,0.0,0.03617851650144192,0,0,6,0,0,0.0,0,6,0,,,,,0.9146978644614524,,,,,
trial_0009,27,eval,,,,,,,0.47368421052631576,1.6303550569634688,,,,,,,,,,,,,,,,,,,,,,
trial_0009,27,global,,,,0.23937869988348182,-0.04186494447337568,,,,,,,0,0,6,0,0,0.0,0,6,0,27,,0.10897832817337462,8.926435072577037,,,-0.8,1,0.8,1
trial_0009,28,train,,,0.2503904376892333,,,0.0564247579016584,,,0.0,0.0,0.034345941463524994,0,0,6,0,0,0.0,0,6,0,,,,,0.8255468002025117,,,,,
trial_0009,28,eval,,,,,,,0.47368421052631576,1.6336473869649986,,,,,,,,,,,,,,,,,,,,,,
trial_0009,28,global,,,,0.24018336194619877,-0.042669606536092655,,,,,,,0,0,6,0,0,0.0,0,6,0,27,,0.10773993808049535,9.029304676823571,,,-0.8,1,0.8,1
trial_0009,29,train,,,0.250400480754832,,,0.058499664702314005,,,0.0,0.0,0.033287551337258615,0,0,6,0,0,0.0,0,6,0,,,,,0.7537726574755729,,,,,
trial_0009,29,eval,,,,,,,0.5263157894736842,1.667917002188532,,,,,,,,,,,,,,,,,,,,,,
trial_0009,29,global,,,,0.2427363188448436,-0.044549162761336795,,,,,,,0,0,6,0,0,0.0,0,6,0,27,,0.10588235294117647,9.053473027940875,,,-0.8,1,0.8,1
trial_0009,30,train,,,0.250415268096518,,,0.06002911100996301,,,0.0,0.0,0.03275045295582807,0,0,7,1,0,0.0,0,6,0,,,,,0.6898681088964989,,,,,
trial_0009,30,eval,0.42105263157894735,0.47368421052631576,,,,,,,,,,,,,,,,,,,,2.1052631578947367,,,,0.0,,,,
trial_0009,30,global,,,,0.24452351447261897,-0.04633635838911213,,,,,,,0,0,7,0,0,0.0,0,7,0,27,,0.10464396284829722,9.370060085143098,,,-0.8,1,0.8,1
trial_0009,31,train,,,0.2504386838446272,,,0.061905976939708625,,,0.0,0.0,0.03174248087279341,0,0,8,1,0,0.0,0,7,0,,,,,0.6273885033866192,,,,,
trial_0009,31,eval,0.42105263157894735,0.47368421052631576,,,,,,,,,,,,,,,,,,,,2.1052631578947367,,,,0.0,,,,
trial_0009,31,global,,,,0.24529302775166692,-0.046393620955909404,,,,,,,0,0,8,0,0,0.0,0,8,0,27,,0.10464396284829722,9.60607891496121,,,-0.8,1,0.8,1
trial_0009,32,train,,,0.2504637469636633,,,0.06339528649411302,,,0.0,0.0,0.031187961547774208,0,0,9,1,0,0.0,0,8,0,,,,,0.5788698606668634,,,,,
trial_0009,32,eval,0.42105263157894735,0.47368421052631576,,,,,,,,,,,,,,,,,,,,2.1052631578947367,,,,0.0,,,,
trial_0009,32,global,,,,0.24562967409784275,-0.04538346595528389,,,,,,,0,0,9,0,0,0.0,0,9,0,27,,0.10588235294117647,9.842810977427952,,,-0.8,1,0.8,1
trial_0009,33,train,,,0.2504972447740271,,,0.06528198084932692,,,0.0,0.0,0.030444306210476037,0,0,10,1,0,0.0,0,9,0,,,,,0.5328022495229193,,,,,
trial_0009,33,eval,0.47368421052631576,0.5263157894736842,,,,,,,,,,,,,,,,,,,,2.1052631578947367,,,,0.0,,,,
trial_0009,33,global,,,,0.2463309072199025,-0.044606145424876946,,,,,,,0,0,10,0,0,0.0,0,10,0,27,,0.10712074303405572,10.010176603712903,,,-0.8,1,0.8,1
trial_0009,34,train,,,0.2505323458859261,,,0.06664410296906816,,,0.0,0.0,0.030152061345808688,0,0,10,0,0,0.0,0,10,0,,,,,0.49205121176039923,,,,,
trial_0009,34,eval,,,,,,,0.5789473684210527,1.6786347580583474,,,,,,,,,,,,,,,,,,,,,,
trial_0009,34,global,,,,0.2454499605190417,-0.04305179805061545,,,,,,,0,0,10,0,0,0.0,0,10,0,27,,0.10835913312693499,10.212987912771503,,,-0.8,1,0.8,1
trial_0009,35,train,,,0.25057982383890354,,,0.06840897113718886,,,0.0,0.0,0.029569303721902855,0,0,10,0,0,0.0,0,10,0,,,,,0.45193203275508065,,,,,
trial_0009,35,eval,,,,,,,0.5789473684210527,1.7029015610092564,,,,,,,,,,,,,,,,,,,,,,
trial_0009,35,global,,,,0.24254043043559856,-0.03946886729377165,,,,,,,0,0,10,0,0,0.0,0,10,0,27,,0.11207430340557276,10.352934298205302,,,-0.8,1,0.8,1
trial_0009,36,train,,,0.25063445878789775,,,0.06957648789629023,,,0.0,0.0,0.02923272390394135,0,0,10,0,0,0.0,0,10,0,,,,,0.41428365529851713,,,,,
trial_0009,36,eval,,,,,,,0.5789473684210527,1.7272360403286782,,,,,,,,,,,,,,,,,,,,,,
trial_0009,36,global,,,,0.24129064058931748,-0.03730458270583534,,,,,,,0,0,10,0,0,0.0,0,10,0,27,,0.11455108359133127,10.550431436355638,,,-0.8,1,0.8,1
trial_0009,37,train,,,0.2506903419469265,,,0.0710269238086457,,,0.0,0.0,0.028487609301079464,0,0,10,0,0,0.0,0,10,0,,,,,0.38058089439539194,,,,,
trial_0009,37,eval,,,,,,,0.5263157894736842,1.7642075191987188,,,,,,,,,,,,,,,,,,,,,,
trial_0009,37,global,,,,0.24132949062816753,-0.036162675399544465,,,,,,,0,0,10,0,0,0.0,0,10,0,27,,0.11517027863777089,10.63219922895402,,,-0.8,1,0.8,1
trial_0009,38,train,,,0.2507449997232315,,,0.07216928740765186,,,0.0,0.0,0.027910868365793158,0,0,11,1,0,0.0,0,10,0,,,,,0.3500734891029115,,,,,
trial_0009,38,eval,0.42105263157894735,0.42105263157894735,,,,,,,,,,,,,,,,,,,,2.1052631578947367,,,,0.15789473684210525,,,,
trial_0009,38,global,,,,0.24152162940726282,-0.03517405683349886,,,,,,,0,0,11,0,0,0.25,0,11,0,27,,0.11578947368421053,10.725403644573579,,,-0.8,1,0.8,1
trial_0009,39,train,,,0.25079759226200427,,,0.07319715999542399,,,0.0,0.0,0.02727487887592709,0,0,12,1,0,0.25,0,11,0,,,,,0.32327425007490396,,,,,
trial_0009,39,eval,0.5789473684210527,0.42105263157894735,,,,,,,,,,,,,,,,,,,,2.1052631578947367,,,,0.42105263157894735,,,,
trial_0009,39,global,,,,0.3031416214539298,-0.08468578677190376,,,,,,,1,1,12,0,0,0.5,1,11,0,27,,0.06130030959752322,8.443380486928273,,,-0.8421052631578947,22,0.8421052631578947,22
trial_0009,40,train,,,0.2508830488482608,,,0.07343482669395737,,,0.0,0.0,0.025610447389698483,1,1,12,0,0,0.5,1,11,0,,,,,0.3087314908263049,,,,,
trial_0009,40,eval,,,,,,,0.5263157894736842,1.953733356375443,,,,,,,,,,,,,,,,,,,,,,
trial_0009,40,global,,,,0.2683142758428168,-0.04461883044172801,,,,,,,1,1,12,0,0,0.5,1,11,0,27,,0.10464396284829722,11.507105491331119,,,-0.8,1,0.8,1
trial_0009,41,train,,,0.2508633428431572,,,0.07373931560110537,,,0.0,0.0,0.0318024255335331,1,1,12,0,0,0.5,1,11,0,,,,,0.3146365110544448,,,,,
trial_0009,41,eval,,,,,,,0.631578947368421,1.9320425940187353,,,,,,,,,,,,,,,,,,,,,,
trial_0009,41,global,,,,0.26255946203835506,-0.035398809005391906,,,,,,,1,1,12,0,0,0.5,1,11,0,27,,0.11393188854489164,11.387123722040986,,,-0.8,1,0.8,1
trial_0009,42,train,,,0.25092006458881055,,,0.07374495901960007,,,0.0,0.0,0.025444664552490764,1,1,12,0,0,0.5,1,11,0,,,,,0.2584859497052558,,,,,
trial_0009,42,eval,,,,,,,0.631578947368421,1.9038800879528646,,,,,,,,,,,,,,,,,,,,,,
trial_0009,42,global,,,,0.2635204145538565,-0.03635976152089339,,,,,,,1,1,12,0,1,0.5,0,11,0,27,,0.11331269349845201,11.902316678640643,,,-0.8,1,0.8,1
trial_0009,43,train,,,0.2509561447387046,,,0.07331409226072595,,,0.0,0.0,0.024498502062039178,1,1,13,1,1,0.5,0,11,0,,,,,0.23402017421544866,,,,,
trial_0009,43,eval,0.42105263157894735,0.42105263157894735,,,,,,,,,,,,,,,,,,,,2.1052631578947367,,,,0.0,,,,
trial_0009,43,global,,,,0.26370848240330136,-0.036547829370338195,,,,,,,1,1,13,0,1,0.0,0,12,0,27,,0.11269349845201239,11.90234230443051,,,-0.8,1,0.8,1
trial_0009,44,train,,,0.25101657338598937,,,0.073691633153469,,,0.0,0.0,0.02336665487828407,1,1,14,1,1,0.0,0,12,0,,,,,0.23229060366432722,,,,,
trial_0009,44,eval,0.5263157894736842,0.5263157894736842,,,,,,,,,,,,,,,,,,,,2.1052631578947367,,,,0.0,,,,
trial_0009,44,global,,,,0.2620349107377048,-0.03487425770474163,,,,,,,1,1,14,0,1,0.0,0,13,0,27,,0.11393188854489164,12.139501034290799,,,-0.8,1,0.8,1
trial_0009,45,train,,,0.25105602880741684,,,0.0727304626018443,,,0.0,0.0,0.022886787546164498,1,1,15,1,1,0.0,0,13,0,,,,,0.20871928565679712,,,,,
trial_0009,45,eval,0.5789473684210527,0.5789473684210527,,,,,,,,,,,,,,,,,,,,2.1052631578947367,,,,0.0,,,,
trial_0009,45,global,,,,0.26291463594492115,-0.03296217595348439,,,,,,,1,1,15,0,1,0.0,0,14,0,27,,0.11517027863777089,12.19930173797135,,,-0.8,1,0.8,1
trial_0009,46,train,,,0.2511063446389868,,,0.07443737413020844,,,0.0,0.0,0.021965041926051393,1,1,16,1,1,0.0,0,14,0,,,,,0.18769810635675774,,,,,
trial_0009,46,eval,0.47368421052631576,0.47368421052631576,,,,,,,,,,,,,,,,,,,,2.1052631578947367,,,,0.15789473684210525,,,,
trial_0009,46,global,,,,0.2676672317680686,-0.03771477177663182,,,,,,,1,1,16,0,1,0.25,0,15,0,27,,0.11269349845201239,12.193565208033512,,,-0.8,1,0.8,1
trial_0009,47,train,,,0.2511455682998008,,,0.072916438604923,,,0.0,0.0,0.021647639694484945,1,1,16,0,1,0.25,0,15,0,,,,,0.17737507346145648,,,,,
trial_0009,47,eval,,,,,,,0.631578947368421,2.0096892996838216,,,,,,,,,,,,,,,,,,,,,,
trial_0009,47,global,,,,0.25880515503522383,-0.026252100622205003,,,,,,,1,1,16,0,1,0.25,0,15,0,27,,0.12198142414860681,12.448943099739381,,,-0.8,1,0.8,1
trial_0009,48,train,,,0.25116777420043945,,,0.07502138487836148,,,0.0,0.0,0.020340310862446406,1,1,16,0,1,0.25,0,15,0,,,,,0.15863543666423635,,,,,
trial_0009,48,eval,,,,,,,0.5789473684210527,2.0188491203283006,,,,,,,,,,,,,,,,,,,,,,
trial_0009,48,global,,,,0.2641660722841929,-0.03161301787117405,,,,,,,1,1,16,0,1,0.25,0,15,0,27,,0.11764705882352941,12.577249924981556,,,-0.8,1,0.8,1
trial_0009,49,train,,,0.25120045973899513,,,0.07210506593927424,,,0.0,0.0,0.01916585282937802,1,1,16,0,1,0.25,0,15,0,,,,,0.1518818489890149,,,,,
trial_0009,49,eval,,,,,,,0.631578947368421,2.0381486807998854,,,,,,,,,,,,,,,,,,,,,,
trial_0009,49,global,,,,0.25674351452819616,-0.024190460115177316,,,,,,,1,1,16,0,1,0.25,0,15,0,27,,0.1238390092879257,12.622692091620005,,,-0.8,1,0.8,1
trial_0009,50,train,,,0.2512367269460191,,,0.07362893160353315,,,0.0,0.0,0.018281147424676555,1,1,16,0,1,0.25,0,15,0,,,,,0.13684580605080787,,,,,
trial_0009,50,eval,,,,,,,0.5789473684210527,2.0888499225440778,,,,,,,,,,,,,,,,,,,,,,
trial_0009,50,global,,,,0.26521315990078315,-0.03266010548776431,,,,,,,1,1,16,0,1,0.25,0,15,0,27,,0.11517027863777089,12.958782614126294,,,-0.8,1,0.8,1
trial_0009,51,train,,,0.2512697488703626,,,0.07268255631974402,,,0.0,0.0,0.018724275750920494,1,1,17,1,1,0.25,0,15,0,,,,,0.133758593144569,,,,,
trial_0009,51,eval,0.5263157894736842,0.47368421052631576,,,,,,,,,,,,,,,,,,,,2.1052631578947367,,,,0.15789473684210525,,,,
trial_0009,51,global,,,,0.2548391610333898,-0.01677575620261312,,,,,,,1,1,17,0,1,0.25,0,16,0,27,,0.13188854489164087,12.487685897401981,,,-0.8,1,0.8,1
trial_0009,52,train,,,0.25131293370368635,,,0.07485527624475194,,,0.0,0.0,0.017060104708504328,1,1,18,1,1,0.25,0,16,0,,,,,0.1531166515531058,,,,,
trial_0009,52,eval,0.5263157894736842,0.5263157894736842,,,,,,,,,,,,,,,,,,,,2.1052631578947367,,,,0.0,,,,
trial_0009,52,global,,,,0.26742365452659544,-0.02936024969581879,,,,,,,1,1,18,0,1,0.0,0,17,0,27,,0.1195046439628483,12.57327724964626,,,-0.8,1,0.8,1
trial_0009,53,train,,,0.25135111586844666,,,0.07458013549764106,,,0.0,0.0,0.017504689735707214,1,1,19,1,1,0.0,0,17,0,,,,,0.14222382851579088,,,,,
trial_0009,53,eval,0.631578947368421,0.631578947368421,,,,,,,,,,,,,,,,,,,,2.1052631578947367,,,,0.0,,,,
trial_0009,53,global,,,,0.2559007550276282,-0.017837350196851554,,,,,,,1,1,19,0,1,0.0,0,18,0,27,,0.13003095975232198,12.639167705335115,,,-0.8,1,0.8,1
trial_0009,54,train,,,0.2513833759312934,,,0.0757605179827264,,,0.0,0.0,0.015054243717632415,1,1,20,1,1,0.0,0,18,0,,,,,0.12938445445070873,,,,,
trial_0009,54,eval,0.5263157894736842,0.5263157894736842,,,,,,,,,,,,,,,,,,,,2.1052631578947367,,,,0.0,,,,
trial_0009,54,global,,,,0.26367293756883964,-0.02560953273806297,,,,,,,1,1,20,0,1,0.0,0,19,0,27,,0.12321981424148606,12.442163218211832,,,-0.8,1,0.8,1
trial_0009,55,train,,,0.2514177532272136,,,0.07515719596375811,,,0.0,0.0,0.015737523546719808,1,1,20,0,1,0.0,0,19,0,,,,,0.10336857334254904,,,,,
trial_0009,55,eval,,,,,,,0.631578947368421,2.052164504010426,,,,,,,,,,,,,,,,,,,,,,
trial_0009,55,global,,,,0.26276837360310185,-0.02470496877232518,,,,,,,1,1,20,0,1,0.0,0,19,0,27,,0.12445820433436533,12.212197540566649,,,-0.8,1,0.8,1
trial_0009,56,train,,,0.251456156373024,,,0.07450398358892887,,,0.0,0.0,0.014244800676812143,1,1,20,0,1,0.0,0,19,0,,,,,0.113740825803673,,,,,
trial_0009,56,eval,,,,,,,0.6842105263157895,2.0175354625833664,,,,,,,,,,,,,,,,,,,,,,
trial_0009,56,global,,,,0.26123687672603163,-0.02317347189525494,,,,,,,1,1,20,0,1,0.0,0,19,0,27,,0.12321981424148606,11.995259387131446,,,-0.8,1,0.8,1
trial_0009,57,train,,,0.2514871019632258,,,0.074253093689046,,,0.0,0.0,0.0170654554033969,1,1,20,0,1,0.0,0,19,0,,,,,0.09111634656945442,,,,,
trial_0009,57,eval,,,,,,,0.631578947368421,2.0454980358481407,,,,,,,,,,,,,,,,,,,,,,
trial_0009,57,global,,,,0.26327940945996164,-0.025216004629184982,,,,,,,1,1,20,0,1,0.0,0,19,0,27,,0.12507739938080495,12.391070249575211,,,-0.8,1,0.8,1
trial_0009,58,train,,,0.2515400039388778,,,0.07547289386708686,,,0.0,0.0,0.013005518659446488,1,1,20,0,1,0.0,0,19,0,,,,,0.09380461283900002,,,,,
trial_0009,58,eval,,,,,,,0.6842105263157894,1.9877735576347302,,,,,,,,,,,,,,,,,,,,,,
trial_0009,58,global,,,,0.26055532367637874,-0.02181851817220138,,,,,,,1,1,20,0,1,0.0,0,19,0,27,,0.1238390092879257,11.707100016118572,,,-0.8,1,0.8,1
trial_0009,59,train,,,0.2515548914670944,,,0.07371292025484937,,,0.0,0.0,0.01612517136258093,1,1,21,1,1,0.0,0,19,0,,,,,0.07563590427583201,,,,,
trial_0009,59,eval,0.5263157894736842,0.5263157894736842,,,,,,,,,,,,,,,,,,,,2.1052631578947367,,,,0.0,,,,
trial_0009,59,global,,,,0.26420694491794644,-0.0254701394137691,,,,,,,1,1,21,0,1,0.0,0,20,0,27,,0.12321981424148606,12.346099844067458,,,-0.8,1,0.8,1
trial_0009,60,train,,,0.25160556017084323,,,0.07269586273964415,,,0.0,0.0,0.012757054322177516,1,1,22,1,1,0.0,0,20,0,,,,,0.07034690682479042,,,,,
trial_0009,60,eval,0.5263157894736842,0.5789473684210527,,,,,,,,,,,,,,,,,,,,2.1052631578947367,,,,0.0,,,,
trial_0009,60,global,,,,0.25904422313322745,-0.01953581269077849,,,,,,,1,1,22,0,1,0.0,0,21,0,27,,0.1256965944272446,12.114183715253423,,,-0.8,1,0.8,1
trial_0009,61,train,,,0.25162017503951456,,,0.07296135197294518,,,0.0,0.0,0.012439996346074624,1,1,23,1,1,0.0,0,21,0,,,,,0.06251109344686599,,,,,
trial_0009,61,eval,0.631578947368421,0.631578947368421,,,,,,,,,,,,,,,,,,,,2.1052631578947367,,,,0.0,,,,
trial_0009,61,global,,,,0.2619314015016158,-0.022422991059166855,,,,,,,1,1,23,0,1,0.0,0,22,0,27,,0.1256965944272446,12.484506218499812,,,-0.8,1,0.8,1
trial_0009,62,train,,,0.2516595603937798,,,0.07130368846528073,,,0.0,0.0,0.01258349975492394,1,1,24,1,1,0.0,0,22,0,,,,,0.055880783629068675,,,,,
trial_0009,62,eval,0.5263157894736842,0.5263157894736842,,,,,,,,,,,,,,,,,,,,2.1052631578947367,,,,0.0,,,,
trial_0009,62,global,,,,0.2565705873135066,-0.01638877619765702,,,,,,,1,1,24,0,1,0.0,0,23,0,27,,0.12941176470588237,12.365703811881712,,,-0.8,1,0.8,1
trial_0009,63,train,,,0.2516802666669196,,,0.07186877854326937,,,0.0,0.0,0.01101251423669771,1,1,24,0,1,0.0,0,23,0,,,,,0.06628340600811419,,,,,
trial_0009,63,eval,,,,,,,0.631578947368421,1.8450619523462495,,,,,,,,,,,,,,,,,,,,,,
trial_0009,63,global,,,,0.2545550988570382,-0.014373287741188538,,,,,,,1,1,24,0,1,0.0,0,23,0,27,,0.13436532507739937,12.787346594842964,,,-0.8,1,0.8,1
trial_0009,64,train,,,0.2517119265617208,,,0.07210379014623926,,,0.0,0.0,0.011623158966973822,1,1,24,0,1,0.0,0,23,0,,,,,0.07888338748127856,,,,,
trial_0009,64,eval,,,,,,,0.6842105263157894,1.818067681632544,,,,,,,,,,,,,,,,,,,,,,
trial_0009,64,global,,,,0.25226871674267937,-0.012086905626829748,,,,,,,1,1,24,0,1,0.0,0,23,0,27,,0.13498452012383902,12.476067817617126,,,-0.8,1,0.8,1
trial_0009,65,train,,,0.2517127676847133,,,0.07051543606088517,,,0.0,0.0,0.01256518609796408,1,1,24,0,1,0.0,0,23,0,,,,,0.0620982492857791,,,,,
trial_0009,65,eval,,,,,,,0.631578947368421,2.015381140144248,,,,,,,,,,,,,,,,,,,,,,
trial_0009,65,global,,,,0.2562780080717739,-0.013809960101786234,,,,,,,1,1,24,0,1,0.0,0,23,0,27,,0.1368421052631579,13.237587258542654,,,-0.8,1,0.8,1
trial_0009,66,train,,,0.2517249882221222,,,0.07014638756183868,,,0.0,0.0,0.010082168464701837,1,1,24,0,1,0.0,0,23,0,,,,,0.04940477836520431,,,,,
trial_0009,66,eval,,,,,,,0.631578947368421,1.9136422801958886,,,,,,,,,,,,,,,,,,,,,,
trial_0009,66,global,,,,0.2593896947475861,-0.01509265729428791,,,,,,,1,1,24,0,1,0.0,0,23,0,27,,0.13374613003095975,13.304738557892318,,,-0.8,1,0.8,1
trial_0009,67,train,,,0.2517333560167475,,,0.06976258691321027,,,0.0,0.0,0.012846284428242337,1,1,25,1,1,0.0,0,23,0,,,,,0.0701932244161342,,,,,
trial_0009,67,eval,0.5263157894736842,0.5263157894736842,,,,,,,,,,,,,,,,,,,,2.1052631578947367,,,,0.0,,,,
trial_0009,67,global,,,,0.25680032716267964,-0.010483087689179441,,,,,,,1,1,25,0,1,0.0,0,24,0,27,,0.1393188854489164,13.209019524541802,,,-0.8,1,0.8,1
trial_0009,68,train,,,0.2517706491845719,,,0.06875776927521887,,,0.0,0.0,0.008708405991668808,1,1,26,1,1,0.0,0,24,0,,,,,0.043852904528141654,,,,,
trial_0009,68,eval,0.5263157894736842,0.5789473684210527,,,,,,,,,,,,,,,,,,,,2.1052631578947367,,,,0.0,,,,
trial_0009,68,global,,,,0.26075167052396353,-0.014434431050463322,,,,,,,1,1,26,0,1,0.0,0,25,0,27,,0.13436532507739937,13.193856282426108,,,-0.8,1,0.8,1
trial_0009,69,train,,,0.25178443307572224,,,0.06831987297281306,,,0.0,0.0,0.009776733028705535,1,1,27,1,1,0.0,0,25,0,,,,,0.05040129066266595,,,,,
trial_0009,69,eval,0.5789473684210527,0.5789473684210527,,,,,,,,,,,,,,,,,,,,2.1052631578947367,,,,0.0,,,,
trial_0009,69,global,,,,0.25736948939714144,-0.011052249923641263,,,,,,,1,1,27,0,1,0.0,0,26,0,27,,0.1386996904024768,13.839253220691031,,,-0.8,1,0.8,1
trial_0009,70,train,,,0.25179946137235526,,,0.06816681141548968,,,0.0,0.0,0.009821607654838714,1,1,28,1,1,0.0,0,26,0,,,,,0.12310284580242763,,,,,
trial_0009,70,eval,0.47368421052631576,0.47368421052631576,,,,,,,,,,,,,,,,,,,,2.1052631578947367,,,,0.0,,,,
trial_0009,70,global,,,,0.2539583468531309,-0.007641107379630681,,,,,,,1,1,28,0,1,0.0,0,27,0,27,,0.14241486068111456,13.47647328568686,,,-0.8,1,0.8,1
trial_0009,71,train,,,0.2518048559097533,,,0.06805961816868883,,,0.0,0.0,0.010104900390371692,1,1,28,0,1,0.0,0,27,0,,,,,0.05334007824434245,,,,,
trial_0009,71,eval,,,,,,,0.6842105263157894,2.100042061782197,,,,,,,,,,,,,,,,,,,,,,
trial_0009,71,global,,,,0.2606593456056966,-0.014342106132196372,,,,,,,1,1,28,0,1,0.0,0,27,0,27,,0.13436532507739937,13.118700723087086,,,-0.8,1,0.8,1
trial_0009,72,train,,,0.2518188940717819,,,0.06663682549557787,,,0.0,0.0,0.007928752385905296,1,1,28,0,1,0.0,0,27,0,,,,,0.03689000234205989,,,,,
trial_0009,72,eval,,,,,,,0.631578947368421,2.148180602020339,,,,,,,,,,,,,,,,,,,,,,
trial_0009,72,global,,,,0.25945362136412187,-0.013136381890621633,,,,,,,1,1,28,0,1,0.0,0,27,0,27,,0.13622291021671826,13.3284008250517,,,-0.8,1,0.8,1
trial_0009,73,train,,,0.25181135757172357,,,0.06444605487458249,,,0.0,0.0,0.006667636812307273,1,1,28,0,1,0.0,0,27,0,,,,,0.03543480595058583,,,,,
trial_0009,73,eval,,,,,,,0.5789473684210527,2.185967270088823,,,,,,,,,,,,,,,,,,,,,,
trial_0009,73,global,,,,0.25971542074590315,-0.013398181272402939,,,,,,,1,1,28,0,1,0.0,0,27,0,27,,0.13560371517027864,13.35310489430147,,,-0.8,1,0.8,1
trial_0009,74,train,,,0.2518287009381233,,,0.0635972853670729,,,0.0,0.0,0.006360819940721527,1,1,28,0,1,0.0,0,27,0,,,,,0.032498449161450595,,,,,
trial_0009,74,eval,,,,,,,0.631578947368421,2.187292466038152,,,,,,,,,,,,,,,,,,,,,,
trial_0009,74,global,,,,0.26070091464605083,-0.014383675172550623,,,,,,,1,1,28,0,1,0.0,0,27,0,27,,0.13498452012383902,13.639397692606545,,,-0.8,1,0.8,1
trial_0009,75,train,,,0.2518154262228215,,,0.06212763837043275,,,0.0,0.0,0.006070388582017412,1,1,29,1,1,0.0,0,27,0,,,,,0.029334816882545325,,,,,
trial_0009,75,eval,0.47368421052631576,0.47368421052631576,,,,,,,,,,,,,,,,,,,,2.1052631578947367,,,,0.0,,,,
trial_0009,75,global,,,,0.25768511978631436,-0.011367880312814183,,,,,,,1,1,29,0,1,0.0,0,28,0,27,,0.1386996904024768,13.51482707871003,,,-0.8,1,0.8,1
trial_0009,76,train,,,0.2518153047942101,,,0.06097087517697759,,,0.0,0.0,0.005780388452478021,1,1,30,1,1,0.0,0,28,0,,,,,0.03147677396364668,,,,,
trial_0009,76,eval,0.5789473684210527,0.5263157894736842,,,,,,,,,,,,,,,,,,,,2.1052631578947367,,,,0.15789473684210525,,,,
trial_0009,76,global,,,,0.2585444697511483,-0.012227230277648092,,,,,,,1,1,30,0,1,0.25,0,29,0,27,,0.13808049535603714,14.000219858836832,,,-0.8,1,0.8,1
trial_0009,77,train,,,0.2518143210005253,,,0.061029955427697374,,,0.0,0.0,0.00629305087568355,1,1,31,1,1,0.25,0,29,0,,,,,0.0790482065759282,,,,,
trial_0009,77,eval,0.5789473684210527,0.5263157894736842,,,,,,,,,,,,,,,,,,,,2.1052631578947367,,,,0.2631578947368421,,,,
trial_0009,77,global,,,,0.2586354883084598,-0.012318248834959552,,,,,,,1,1,31,0,1,0.25,0,30,0,27,,0.13808049535603714,13.855169748595625,,,-0.8,1,0.8,1
trial_0009,78,train,,,0.2518151532462302,,,0.060347952107165724,,,0.0,0.0,0.007549082482821294,1,1,32,1,1,0.25,0,30,0,,,,,0.04072625620409529,,,,,
trial_0009,78,eval,0.47368421052631576,0.47368421052631576,,,,,,,,,,,,,,,,,,,,2.1052631578947367,,,,0.0,,,,
trial_0009,78,global,,,,0.26358554601783535,-0.017268306544335147,,,,,,,1,1,32,0,1,0.0,0,31,0,27,,0.1325077399380805,14.047413621081656,,,-0.8,1,0.8,1
trial_0009,79,train,,,0.25183373943288273,,,0.05999818507661211,,,0.0,0.0,0.0054339132334558955,1,1,32,0,1,0.0,0,31,0,,,,,0.03033219328685168,,,,,
trial_0009,79,eval,,,,,,,0.5789473684210527,2.386067807674408,,,,,,,,,,,,,,,,,,,,,,
trial_0009,79,global,,,,0.26049394214450167,-0.014176702671001462,,,,,,,1,1,32,0,1,0.0,0,31,0,27,,0.13374613003095975,13.854503610333422,,,-0.8,1,0.8,1
trial_0009,80,train,,,0.2518474034806515,,,0.05935655248926041,,,0.0,0.0,0.004801714317835967,1,1,32,0,1,0.0,0,31,0,,,,,0.03466980352878887,,,,,
trial_0009,80,eval,,,,,,,0.6842105263157894,2.3317359568257077,,,,,,,,,,,,,,,,,,,,,,
trial_0009,80,global,,,,0.2561166150921917,-0.009799375618691502,,,,,,,1,1,32,0,1,0.0,0,31,0,27,,0.13808049535603714,14.10875730721205,,,-0.8,1,0.8,1
trial_0009,81,train,,,0.2518453350726594,,,0.059263272488370856,,,0.0,0.0,0.0051972192403132176,1,1,32,0,1,0.0,0,31,0,,,,,0.026907535732545434,,,,,
trial_0009,81,eval,,,,,,,0.631578947368421,2.545459397823403,,,,,,,,,,,,,,,,,,,,,,
trial_0009,81,global,,,,0.25684928755620623,-0.010532048082706033,,,,,,,1,1,32,0,1,0.0,0,31,0,27,,0.13808049535603714,13.37989238821685,,,-0.8,1,0.8,1
trial_0009,82,train,,,0.2518629130530865,,,0.05869144581733865,,,0.0,0.0,0.004410780292636581,1,1,32,0,1,0.0,0,31,0,,,,,0.025349975239604396,,,,,
trial_0009,82,eval,,,,,,,0.631578947368421,2.411573987650244,,,,,,,,,,,,,,,,,,,,,,
trial_0009,82,global,,,,0.26117906218217307,-0.014861822708672853,,,,,,,1,1,32,0,1,0.0,0,31,0,27,,0.13436532507739937,13.897454937914208,,,-0.8,1,0.8,1
trial_0009,83,train,,,0.2518857546309207,,,0.059301690218296454,,,0.0,0.0,0.004252843205470895,1,1,33,1,1,0.0,0,31,0,,,,,0.024010129784174418,,,,,
trial_0009,83,eval,0.47368421052631576,0.47368421052631576,,,,,,,,,,,,,,,,,,,,2.1052631578947367,,,,0.0,,,,
trial_0009,83,global,,,,0.2629116233032223,-0.015920983156321452,,,,,,,1,1,33,0,1,0.0,0,32,0,27,,0.13188854489164087,13.162060154776086,,,-0.8,1,0.8,1
trial_0009,84,train,,,0.2519116433376961,,,0.05904799826601718,,,0.0,0.0,0.004792071755156863,1,1,34,1,1,0.0,0,32,0,,,,,0.05003349036969086,,,,,
trial_0009,84,eval,0.47368421052631576,0.47368421052631576,,,,,,,,,,,,,,,,,,,,2.1052631578947367,,,,0.0,,,,
trial_0009,84,global,,,,0.2599089792357349,-0.012918339088834028,,,,,,,1,1,34,0,1,0.0,0,33,0,27,,0.1368421052631579,14.34318597279835,,,-0.8,1,0.8,1
trial_0009,85,train,,,0.2519284223622464,,,0.05979137344563261,,,0.0,0.0,0.005145968272769639,1,1,35,1,1,0.0,0,33,0,,,,,0.10514508624303531,,,,,
trial_0009,85,eval,0.5263157894736842,0.5263157894736842,,,,,,,,,,,,,,,,,,,,2.1052631578947367,,,,0.0,,,,
trial_0009,85,global,,,,0.2580410300498633,-0.011050389902962412,,,,,,,1,1,35,0,1,0.0,0,34,0,27,,0.13746130030959752,13.924011471396998,,,-0.8,1,0.8,1
trial_0009,86,train,,,0.25191503636380463,,,0.0581242524562998,,,0.0,0.0,0.004377116106913123,1,1,36,1,1,0.0,0,34,0,,,,,0.03235600184292552,,,,,
trial_0009,86,eval,0.5263157894736842,0.5263157894736842,,,,,,,,,,,,,,,,,,,,2.1052631578947367,,,,0.0,,,,
trial_0009,86,global,,,,0.2600998640344061,-0.013109223887505224,,,,,,,1,1,36,0,1,0.0,0,35,0,27,,0.13498452012383902,13.94364211138557,,,-0.8,1,0.8,1
trial_0009,87,train,,,0.2519143556660794,,,0.057936431879692885,,,0.0,0.0,0.004747350452569354,1,1,36,0,1,0.0,0,35,0,,,,,0.028623601589153738,,,,,
trial_0009,87,eval,,,,,,,0.631578947368421,2.7021221526359254,,,,,,,,,,,,,,,,,,,,,,
trial_0009,87,global,,,,0.2665035900932641,-0.019512949946363226,,,,,,,1,1,36,0,1,0.0,0,35,0,27,,0.13003095975232198,13.628189701044892,,,-0.8,1,0.8,1
trial_0009,88,train,,,0.2519312602408389,,,0.05761155295879282,,,0.0,0.0,0.004144992418932429,1,1,36,0,1,0.0,0,35,0,,,,,0.017935540697517547,,,,,
trial_0009,88,eval,,,,,,,0.631578947368421,2.796472263571463,,,,,,,,,,,,,,,,,,,,,,
trial_0009,88,global,,,,0.25688038126082635,-0.009889741113925496,,,,,,,1,1,36,0,1,0.0,0,35,0,27,,0.13808049535603714,13.75093069637523,,,-0.8,1,0.8,1
trial_0009,89,train,,,0.25194632721708177,,,0.05727343483174101,,,0.0,0.0,0.004599295413162451,1,1,36,0,1,0.0,0,35,0,,,,,0.024040304631133505,,,,,
trial_0009,89,eval,,,,,,,0.631578947368421,2.7835331004309025,,,,,,,,,,,,,,,,,,,,,,
trial_0009,89,global,,,,0.26086081523842847,-0.0138701750915276,,,,,,,1,1,36,0,1,0.0,0,35,0,27,,0.1368421052631579,13.98329181021581,,,-0.8,1,0.8,1
trial_0009,90,train,,,0.251937782827844,,,0.05739918034127417,,,0.0,0.0,0.004028783410010758,1,1,36,0,1,0.0,0,35,0,,,,,0.04434837572018993,,,,,
trial_0009,90,eval,,,,,,,0.631578947368421,2.841882991359422,,,,,,,,,,,,,,,,,,,,,,
trial_0009,90,global,,,,0.25924857490048736,-0.012257934753586495,,,,,,,1,1,36,0,1,0.0,0,35,0,27,,0.1368421052631579,13.603035223520946,,,-0.8,1,0.8,1
trial_0010,1,train,,,0.250413255223745,,,0.011868516348679609,,,0.0,0.0,0.002826578910698489,0,0,0,0,0,,0,0,0,,,,,2.198364128945749,,,,,
trial_0010,1,eval,,,,,,,0.3529411764705882,2.188349681742051,,,,,,,,,,,,,,,,,,,,,,
trial_0010,1,global,,,,,,,,,,,,0,0,0,0,0,,0,0,0,9,,0.12421052631578948,2.196899518464741,,,,,,
trial_0010,2,train,,,0.25035774481447437,,,0.014063882724016527,,,0.0,0.0,0.021403128351379613,0,0,0,0,0,,0,0,0,,,,,2.168162328985673,,,,,
trial_0010,2,eval,,,,,,,0.11764705882352941,2.1779745747061336,,,,,,,,,,,,,,,,,,,,,,
trial_0010,2,global,,,,0.015637860082304538,-0.004744613894940704,,,,,,,0,0,0,0,0,,0,0,0,9,,0.12,2.1961990722857023,,,-0.07407407407407407,3,0.07407407407407407,3
trial_0010,3,train,,,0.2503513376924056,,,0.019249259293833865,,,0.0,0.0,0.021709239469911858,0,0,0,0,0,,0,0,0,,,,,2.0902900306484367,,,,,
trial_0010,3,eval,,,,,,,0.058823529411764705,2.1432509843040912,,,,,,,,,,,,,,,,,,,,,,
trial_0010,3,global,,,,0.032195594287097555,-0.021302348099733723,,,,,,,0,0,0,0,0,,0,0,0,9,,0.1031578947368421,2.227282153179771,,,-0.11764705882352944,0,0.21568627450980393,0
trial_0010,4,train,,,0.25040768445292605,,,0.02692383848413637,,,0.0,0.0,0.02816591998444328,0,0,0,0,0,,0,0,0,,,,,1.9490438426597212,,,,,
trial_0010,4,eval,,,,,,,0.1764705882352941,2.1161919481614055,,,,,,,,,,,,,,,,,,,,,,
trial_0010,4,global,,,,0.05495037521181313,-0.004106364006298835,,,,,,,0,0,0,0,0,,0,0,0,9,,0.12210526315789473,2.2191367089120964,,,-0.22222222222222232,1,0.23529411764705882,0
trial_0010,5,train,,,0.25044919795627835,,,0.03262176732473736,,,0.0,0.0,0.025047669856797294,0,0,0,0,0,,0,0,0,,,,,1.7258194383186631,,,,,
trial_0010,5,eval,,,,,,,0.1764705882352941,2.194265933597789,,,,,,,,,,,,,,,,,,,,,,
trial_0010,5,global,,,,0.05551571450132133,-0.004671703295807033,,,,,,,0,0,0,0,0,,0,0,0,9,,0.12,2.366705860840647,,,-0.13725490196078433,0,0.23529411764705882,0
trial_0010,6,train,,,0.25044929377640346,,,0.037862111496019965,,,0.0,0.0,0.030384677448133127,0,0,0,0,0,,0,0,0,,,,,1.6220936763135692,,,,,
trial_0010,6,eval,,,,,,,0.29411764705882354,2.160108222680933,,,,,,,,,,,,,,,,,,,,,,
trial_0010,6,global,,,,0.04313725490196079,0.07603536864674595,,,,,,,0,0,0,0,0,,0,0,0,9,,0.20210526315789473,2.298904315546939,,,-0.1568627450980392,0,0.2549019607843137,0
trial_0010,7,train,,,0.2504504824740977,,,0.04107510213610492,,,0.0,0.0,0.027996366610161114,0,0,0,0,0,,0,0,0,,,,,1.4612145512164392,,,,,
trial_0010,7,eval,,,,,,,0.411764705882353,2.3276647960438446,,,,,,,,,,,,,,,,,,,,,,
trial_0010,7,global,,,,0.08416901687991951,0.04037995075480874,,,,,,,0,0,0,0,0,,0,0,0,9,,0.16842105263157894,2.5475045987179405,,,-0.13333333333333341,1,0.196078431372549,0
trial_0010,8,train,,,0.25045020104963567,,,0.04290209710597992,,,0.0,0.0,0.0368377929624123,0,0,0,0,0,,0,0,0,,,,,1.3344188995753663,,,,,
trial_0010,8,eval,,,,,,,0.4705882352941177,2.236238072900211,,,,,,,,,,,,,,,,,,,,,,
trial_0010,8,global,,,,0.06438785467326205,0.0601611129614662,,,,,,,0,0,0,0,0,,0,0,0,9,,0.18736842105263157,2.5611962714948153,,,-0.1777777777777778,1,0.1777777777777778,1
trial_0010,9,train,,,0.25047509919238997,,,0.04508885401713697,,,0.0,0.0,0.03682675826115699,0,0,1,1,0,,0,0,0,,,,,1.1075074684959425,,,,,
trial_0010,9,eval,0.3529411764705882,0.3529411764705882,,,,,,,,,,,,,,,,,,,,2.8823529411764706,,,,0.0,,,,
trial_0010,9,global,,,,0.0680981117858945,0.058629505086306516,,,,,,,0,0,1,0,0,0.0,0,1,0,9,,0.1831578947368421,2.8000225902858533,,,-0.1777777777777778,1,0.1777777777777778,1
trial_0010,10,train,,,0.2504802983772906,,,0.04751603531686566,,,0.0,0.0,0.038344750558085075,0,0,1,0,0,0.0,0,1,0,,,,,0.9949349586722218,,,,,
trial_0010,10,eval,,,,,,,0.411764705882353,2.293078142053941,,,,,,,,,,,,,,,,,,,,,,
trial_0010,10,global,,,,0.057907947850822955,0.07562239010981345,,,,,,,0,0,1,0,0,0.0,0,1,0,9,,0.20210526315789473,2.8341582398665577,,,-0.24444444444444446,1,0.24444444444444446,1
trial_0010,11,train,,,0.2504061288958372,,,0.024935131156167318,,,0.0,0.0,0.04899889172249764,0,0,1,0,0,0.0,0,1,0,,,,,16.359802171795867,,,,,
trial_0010,11,eval,,,,,,,0.10526315789473684,4.757893298801622,,,,,,,,,,,,,,,,,,,,,,
trial_0010,11,global,,,,0.25516318863176907,-0.12163285067113266,,,,,,,0,0,1,0,0,0.0,0,1,0,18,,0.07464114832535886,6.479460781042656,,,-0.6888888888888889,1,0.6888888888888889,1
trial_0010,12,train,,,0.2503143852186758,,,0.034668539499127585,,,0.0,1.0,0.19840022947552594,0,0,1,0,0,0.0,0,1,0,,,,,3.1716680917628977,,,,,
trial_0010,12,eval,,,,,,,0.05263157894736842,2.953794466821771,,,,,,,,,,,,,,,,,,,,,,
trial_0010,12,global,,,,0.15584921036427327,-0.060389256535253254,,,,,,,0,0,1,0,0,0.0,0,1,0,18,,0.07464114832535886,4.98509760541779,,,-0.6666666666666667,1,0.6666666666666667,1
trial_0010,13,train,,,0.2502983649109685,,,0.033395743300748425,,,0.0,0.3488372093023256,0.09565386021899625,0,0,1,0,0,0.0,0,1,0,,,,,1.895386883685755,,,,,
trial_0010,13,eval,,,,,,,0.10526315789473684,2.199191821248908,,,,,,,,,,,,,,,,,,,,,,
trial_0010,13,global,,,,0.1678650861922671,-0.04265745769704161,,,,,,,0,0,1,0,0,0.0,0,1,0,18,,0.09665071770334928,4.791132882451326,,,-0.8,1,0.8,1
trial_0010,14,train,,,0.25027778814005297,,,0.03276758103869682,,,0.0,0.0,0.06242064937602642,0,0,2,1,0,0.0,0,1,0,,,,,1.713355201205542,,,,,
trial_0010,14,eval,0.15789473684210525,0.15789473684210525,,,,,,,,,,,,,,,,,,,,1.6842105263157894,,,,0.0,,,,
trial_0010,14,global,,,,0.1803769147171675,-0.04322933374990817,,,,,,,0,0,2,0,0,0.0,0,2,0,18,,0.09760765550239234,5.195595450606643,,,-0.8,1,0.8,1
trial_0010,15,train,,,0.2502730984327405,,,0.03416911218055459,,,0.0,0.09302325581395349,0.061405954561954315,0,0,2,0,0,0.0,0,2,0,,,,,1.575628022814906,,,,,
trial_0010,15,eval,,,,,,,0.2631578947368421,1.9694087379857113,,,,,,,,,,,,,,,,,,,,,,
trial_0010,15,global,,,,0.18315180219701677,-0.038020102525763946,,,,,,,0,0,2,0,0,0.0,0,2,0,18,,0.10143540669856459,4.93267994839609,,,-0.8,1,0.8,1
trial_0010,16,train,,,0.25027898196564163,,,0.035128477007843724,,,0.0,0.0,0.04858793170992719,0,0,2,0,0,0.0,0,2,0,,,,,1.3612746940102687,,,,,
trial_0010,16,eval,,,,,,,0.3157894736842105,2.2456629778209485,,,,,,,,,,,,,,,,,,,,,,
trial_0010,16,global,,,,0.16493876414829797,-0.015155699497041668,,,,,,,0,0,2,0,0,0.0,0,2,0,18,,0.12631578947368421,5.305808769116561,,,-0.8,1,0.8,1
trial_0010,17,train,,,0.25030648621708845,,,0.037108448009158294,,,0.0,0.09302325581395349,0.05039810074363338,0,0,3,1,0,0.0,0,2,0,,,,,1.3241800121096676,,,,,
trial_0010,17,eval,0.15789473684210525,0.15789473684210525,,,,,,,,,,,,,,,,,,,,1.6842105263157894,,,,0.0,,,,
trial_0010,17,global,,,,0.18362536162758622,-0.028698264054519234,,,,,,,0,0,3,0,0,0.0,0,3,0,18,,0.11100478468899522,5.074623736011925,,,-0.8,1,0.8,1
trial_0010,18,train,,,0.25032963499773375,,,0.038867506176926366,,,0.0,0.0,0.04204465925346973,0,0,3,0,0,0.0,0,3,0,,,,,1.182362228493358,,,,,
trial_0010,18,eval,,,,,,,0.3684210526315789,2.125547026333056,,,,,,,,,,,,,,,,,,,,,,
trial_0010,18,global,,,,0.16548108632368652,-0.00977151613716098,,,,,,,0,0,3,0,0,0.0,0,3,0,18,,0.1320574162679426,5.489063860697039,,,-0.8,1,0.8,1
trial_0010,19,train,,,0.25037164726229605,,,0.04141135063282279,,,0.0,0.0,0.04535172671772714,0,0,3,0,0,0.0,0,3,0,,,,,1.1680703515230224,,,,,
trial_0010,19,eval,,,,,,,0.3684210526315789,1.7534460268522563,,,,,,,,,,,,,,,,,,,,,,
trial_0010,19,global,,,,0.1757999613484439,-0.01459727534016404,,,,,,,0,0,3,0,0,0.0,0,3,0,18,,0.12631578947368421,5.210318732832037,,,-0.8,1,0.8,1
trial_0010,20,train,,,0.2504197854635327,,,0.04364321467488311,,,0.0,0.0,0.03860898552419142,0,0,3,0,0,0.0,0,3,0,,,,,1.0502170705518057,,,,,
trial_0010,20,eval,,,,,,,0.3157894736842105,2.170366462908293,,,,,,,,,,,,,,,,,,,,,,
trial_0010,20,global,,,,0.1652529155118832,-0.004050229503603342,,,,,,,0,0,3,0,0,0.0,0,3,0,18,,0.13779904306220095,5.734094357376463,,,-0.8,1,0.8,1
trial_0010,21,train,,,0.25048624993638785,,,0.06602325401407606,,,0.0,0.0,0.026146701378549745,0,0,3,0,0,0.0,0,3,0,,,,,17.518625594199975,,,,,
trial_0010,21,eval,,,,,,,0.2631578947368421,2.135131647712306,,,,,,,,,,,,,,,,,,,,,,
trial_0010,21,global,,,,0.27479739216029064,-0.11359470615201077,,,,,,,0,0,3,0,0,0.0,0,3,0,27,,0.06315789473684211,6.94149626504526,,,-0.8,1,0.8,1
trial_0010,22,train,,,0.25045117830976527,,,0.04953478181615789,,,0.0,0.9999999999999999,0.18755291540254937,0,0,4,1,0,0.0,0,3,0,,,,,2.157737987853111,,,,,
trial_0010,22,eval,0.21052631578947367,0.15789473684210525,,,,,,,,,,,,,,,,,,,,2.1052631578947367,,,,0.3684210526315789,,,,
trial_0010,22,global,,,,0.22486916533446652,-0.07158385815033308,,,,,,,0,0,4,0,0,0.25,0,4,0,27,,0.07368421052631578,8.498484806970177,,,-0.8,1,0.8,1
trial_0010,23,train,,,0.25043723367630166,,,0.05108998684172934,,,0.0,0.0,0.030882662756645935,0,0,5,1,0,0.25,0,4,0,,,,,1.6279793191463388,,,,,
trial_0010,23,eval,0.21052631578947367,0.2631578947368421,,,,,,,,,,,,,,,,,,,,2.1052631578947367,,,,0.0,,,,
trial_0010,23,global,,,,0.24727074737677346,-0.0685712743799235,,,,,,,0,0,5,0,0,0.0,0,5,0,27,,0.07430340557275542,8.905287269615906,,,-0.8,1,0.8,1
trial_0010,24,train,,,0.25041892712420605,,,0.05051018583013656,,,0.0,0.0,0.04307146198413474,0,0,5,0,0,0.0,0,5,0,,,,,1.40883485129539,,,,,
trial_0010,24,eval,,,,,,,0.47368421052631576,1.7011835010428178,,,,,,,,,,,,,,,,,,,,,,
trial_0010,24,global,,,,0.24333145353359684,-0.05747383966806399,,,,,,,0,0,5,0,0,0.0,0,5,0,27,,0.08978328173374613,8.829095761325707,,,-0.8,1,0.8,1
trial_0010,25,train,,,0.2504180663443626,,,0.05237493172604987,,,0.0,0.0,0.03190866663576441,0,0,6,1,0,0.0,0,5,0,,,,,1.2470025091729267,,,,,
trial_0010,25,eval,0.47368421052631576,0.5263157894736842,,,,,,,,,,,,,,,,,,,,2.1052631578947367,,,,0.0,,,,
trial_0010,25,global,,,,0.23631956694047976,-0.046326846417027605,,,,,,,0,0,6,0,0,0.0,0,6,0,27,,0.09969040247678018,8.883285295704939,,,-0.8,1,0.8,1
trial_0010,26,train,,,0.25039277780563274,,,0.053849676822094204,,,0.0,0.0,0.03519768413711102,0,0,6,0,0,0.0,0,6,0,,,,,1.0533122013223932,,,,,
trial_0010,26,eval,,,,,,,0.5263157894736842,1.596797190214458,,,,,,,,,,,,,,,,,,,,,,
trial_0010,26,global,,,,0.23452008593122997,-0.03925908048302484,,,,,,,0,0,6,0,0,0.0,0,6,0,27,,0.10773993808049535,8.889680254201032,,,-0.8,1,0.8,1
trial_0010,27,train,,,0.2503828742402665,,,0.05500754872535137,,,0.0,0.0,0.036237604297856066,0,0,6,0,0,0.0,0,6,0,,,,,0.9420077108322307,,,,,
trial_0010,27,eval,,,,,,,0.47368421052631576,1.6368802378052159,,,,,,,,,,,,,,,,,,,,,,
trial_0010,27,global,,,,0.2377207443569075,-0.03916791187184776,,,,,,,0,0,6,0,0,0.0,0,6,0,27,,0.10835913312693499,8.812166959213398,,,-0.8,1,0.8,1
trial_0010,28,train,,,0.2503831215361331,,,0.056922086375824944,,,0.0,0.0,0.03449144666182234,0,0,6,0,0,0.0,0,6,0,,,,,0.8558732942063757,,,,,
trial_0010,28,eval,,,,,,,0.47368421052631576,1.6298381090164185,,,,,,,,,,,,,,,,,,,,,,
trial_0010,28,global,,,,0.23742403462580178,-0.03506669617574224,,,,,,,0,0,6,0,0,0.0,0,6,0,27,,0.11145510835913312,8.965549509148849,,,-0.8,1,0.8,1
trial_0010,29,train,,,0.25039562519560465,,,0.058850377798080444,,,0.0,0.0,0.03387845730844964,0,0,6,0,0,0.0,0,6,0,,,,,0.7718186382283556,,,,,
trial_0010,29,eval,,,,,,,0.5263157894736842,1.6445107240425911,,,,,,,,,,,,,,,,,,,,,,
trial_0010,29,global,,,,0.2441304645492416,-0.04177312609918208,,,,,,,0,0,6,0,0,0.0,0,6,0,27,,0.10588235294117647,9.140669512674904,,,-0.8,1,0.8,1
trial_0010,30,train,,,0.2504117152792342,,,0.06052283784176441,,,0.0,0.0,0.032586068794765374,0,0,7,1,0,0.0,0,6,0,,,,,0.7024803266246268,,,,,
trial_0010,30,eval,0.42105263157894735,0.47368421052631576,,,,,,,,,,,,,,,,,,,,2.1052631578947367,,,,0.0,,,,
trial_0010,30,global,,,,0.2453099479751018,-0.04295260952504232,,,,,,,0,0,7,0,0,0.0,0,7,0,27,,0.10526315789473684,9.421481946821183,,,-0.8,1,0.8,1
trial_0010,31,train,,,0.2504404409134641,,,0.062232221060610826,,,0.0,0.0,0.03166833466830406,0,0,8,1,0,0.0,0,7,0,,,,,0.6423876533482936,,,,,
trial_0010,31,eval,0.42105263157894735,0.47368421052631576,,,,,,,,,,,,,,,,,,,,2.1052631578947367,,,,0.0,,,,
trial_0010,31,global,,,,0.2463095377322134,-0.04327879860875323,,,,,,,0,0,8,0,0,0.0,0,8,0,27,,0.10464396284829722,9.711580015483655,,,-0.8,1,0.8,1
trial_0010,32,train,,,0.25048247740623797,,,0.06415656843083971,,,0.0,0.0,0.03080444373983018,0,0,9,1,0,0.0,0,8,0,,,,,0.5913329347016963,,,,,
trial_0010,32,eval,0.42105263157894735,0.47368421052631576,,,,,,,,,,,,,,,,,,,,2.1052631578947367,,,,0.0,,,,
trial_0010,32,global,,,,0.2458950833272885,-0.0428643442038283,,,,,,,0,0,9,0,0,0.0,0,9,0,27,,0.10526315789473684,9.957068844254911,,,-0.8,1,0.8,1
trial_0010,33,train,,,0.25052781117723344,,,0.06618533806597933,,,0.0,0.0,0.03040823566707525,0,0,10,1,0,0.0,0,9,0,,,,,0.5470614645075291,,,,,
trial_0010,33,eval,0.47368421052631576,0.5789473684210527,,,,,,,,,,,,,,,,,,,,2.1052631578947367,,,,0.0,,,,
trial_0010,33,global,,,,0.24498601049121618,-0.04104533820648276,,,,,,,0,0,10,0,0,0.0,0,10,0,27,,0.10712074303405572,10.13043174389346,,,-0.8,1,0.8,1
trial_0010,34,train,,,0.25056841810967057,,,0.06811331434452786,,,0.0,0.0,0.030023659490286674,0,0,10,0,0,0.0,0,10,0,,,,,0.5054215215622111,,,,,
trial_0010,34,eval,,,,,,,0.5263157894736842,1.6568745657017356,,,,,,,,,,,,,,,,,,,,,,
trial_0010,34,global,,,,0.2456771383629667,-0.04038966473143194,,,,,,,0,0,10,0,0,0.0,0,10,0,27,,0.10773993808049535,10.303443618160284,,,-0.8,1,0.8,1
trial_0010,35,train,,,0.2506158107772786,,,0.06997801268354376,,,0.0,0.0,0.029703173380186586,0,0,10,0,0,0.0,0,10,0,,,,,0.4674282832982692,,,,,
trial_0010,35,eval,,,,,,,0.5789473684210527,1.6735613691179374,,,,,,,,,,,,,,,,,,,,,,
trial_0010,35,global,,,,0.24311551388776198,-0.03782804025622721,,,,,,,0,0,10,0,0,0.0,0,10,0,27,,0.11021671826625387,10.455911070643564,,,-0.8,1,0.8,1
trial_0010,36,train,,,0.2506696556476836,,,0.07217475264630419,,,0.0,0.0,0.029163477928476764,0,0,10,0,0,0.0,0,10,0,,,,,0.4309719905891317,,,,,
trial_0010,36,eval,,,,,,,0.5263157894736842,1.714822391930379,,,,,,,,,,,,,,,,,,,,,,
trial_0010,36,global,,,,0.2422116503066235,-0.03557737532828737,,,,,,,0,0,10,0,0,0.0,0,10,0,27,,0.11207430340557276,10.502629658607507,,,-0.8,1,0.8,1
trial_0010,37,train,,,0.25072511396509534,,,0.07403483162534998,,,0.0,0.0,0.029115142885278517,0,0,10,0,0,0.0,0,10,0,,,,,0.3992034078912532,,,,,
trial_0010,37,eval,,,,,,,0.5263157894736842,1.7494634052640512,,,,,,,,,,,,,,,,,,,,,,
trial_0010,37,global,,,,0.24257317150147803,-0.034084738504600316,,,,,,,0,0,10,0,0,0.0,0,10,0,27,,0.11393188854489164,10.58125550828113,,,-0.8,1,0.8,1
trial_0010,38,train,,,0.250782532577819,,,0.07580126029379823,,,0.0,0.0,0.028685140393753635,0,0,11,1,0,0.0,0,10,0,,,,,0.3671805568832032,,,,,
trial_0010,38,eval,0.47368421052631576,0.3684210526315789,,,,,,,,,,,,,,,,,,,,2.1052631578947367,,,,0.5263157894736842,,,,
trial_0010,38,global,,,,0.25784795178500974,-0.04935951878813204,,,,,,,1,1,11,0,0,0.5,1,10,0,27,,0.09473684210526316,4.885526391374807,,,-0.7777777777777778,1,0.7777777777777778,1
trial_0010,39,train,,,0.2508475550583431,,,0.06616075209208896,,,0.0,0.0,0.03364237412810326,1,1,11,0,0,0.5,1,10,0,,,,,0.3921345841033118,,,,,
trial_0010,39,eval,,,,,,,0.5263157894736842,1.7460342771128603,,,,,,,,,,,,,,,,,,,,,,
trial_0010,39,global,,,,0.24376529930971677,-0.031418841621481064,,,,,,,1,1,11,0,0,0.5,1,10,0,27,,0.1108359133126935,10.739733411948379,,,-0.8,1,0.8,1
trial_0010,40,train,,,0.25090321200959226,,,0.07484225009350065,,,0.0,0.0,0.030819472588321316,1,1,11,0,0,0.5,1,10,0,,,,,0.3264472391377104,,,,,
trial_0010,40,eval,,,,,,,0.5789473684210527,1.7144520412150182,,,,,,,,,,,,,,,,,,,,,,
trial_0010,40,global,,,,0.25442526091840345,-0.0350697647650156,,,,,,,1,1,11,0,0,0.5,1,10,0,27,,0.11393188854489164,11.286161199516556,,,-0.8,1,0.8,1
trial_0010,41,train,,,0.25096131322231696,,,0.07902084639731874,,,0.0,0.0,0.027788184757562395,1,1,11,0,0,0.5,1,10,0,,,,,0.31638302771334953,,,,,
trial_0010,41,eval,,,,,,,0.5789473684210527,1.8843976369029596,,,,,,,,,,,,,,,,,,,,,,
trial_0010,41,global,,,,0.2472265972054552,-0.02450409768506398,,,,,,,1,1,11,0,1,0.5,0,10,0,27,,0.12012383900928793,10.771176291545478,,,-0.8,1,0.8,1
trial_0010,42,train,,,0.25100987959415355,,,0.07707718839036656,,,0.0,0.0,0.027104897134283438,1,1,12,1,1,0.5,0,10,0,,,,,0.2740708956693081,,,,,
trial_0010,42,eval,0.5789473684210527,0.42105263157894735,,,,,,,,,,,,,,,,,,,,2.1052631578947367,,,,0.7894736842105263,,,,
trial_0010,42,global,,,,0.30057629885081477,-0.07571704719367142,,,,,,,2,2,12,0,1,0.75,1,10,0,27,,0.06811145510835913,8.32145648401219,,,-0.8,1,0.8,1
trial_0010,43,train,,,0.25109687183476703,,,0.07714709979069384,,,0.0,0.0,0.02242936156454343,2,2,12,0,1,0.75,1,10,0,,,,,0.23597327380240718,,,,,
trial_0010,43,eval,,,,,,,0.631578947368421,1.9862279782169743,,,,,,,,,,,,,,,,,,,,,,
trial_0010,43,global,,,,0.2608867370499788,-0.03501277204935493,,,,,,,2,2,12,0,1,0.75,1,10,0,27,,0.10897832817337462,12.104440307617187,,,-0.8,1,0.8,1
trial_0010,44,train,,,0.25107221178551936,,,0.07415221980277528,,,0.0,0.0,0.024519421903297624,2,2,12,0,1,0.75,1,10,0,,,,,0.25905243664028793,,,,,
trial_0010,44,eval,,,,,,,0.631578947368421,2.0152038869104887,,,,,,,,,,,,,,,,,,,,,,
trial_0010,44,global,,,,0.259151790647052,-0.03226311230294772,,,,,,,2,2,12,0,1,0.75,1,10,0,27,,0.11269349845201239,12.14088655595809,,,-0.8,1,0.8,1
trial_0010,45,train,,,0.25110483296374053,,,0.07547628942956314,,,0.0,0.0,0.023416068361319126,2,2,12,0,1,0.75,1,10,0,,,,,0.22463878619861094,,,,,
trial_0010,45,eval,,,,,,,0.5789473684210527,1.97846877261212,,,,,,,,,,,,,,,,,,,,,,
trial_0010,45,global,,,,0.25479913407076743,-0.027910455726663147,,,,,,,2,1,12,0,1,0.75,0,10,1,27,,0.11640866873065016,12.281825393346072,,,-0.8,1,0.8,1
trial_0010,46,train,,,0.25108228433639446,,,0.07904721955035596,,,0.0,0.0,0.027313801815654053,2,1,13,1,1,0.75,0,10,1,,,,,0.2513892052179955,,,,,
trial_0010,46,eval,0.42105263157894735,0.47368421052631576,,,,,,,,,,,,,,,,,,,,2.1052631578947367,,,,0.0,,,,
trial_0010,46,global,,,,0.2556478802863139,-0.028759201942209663,,,,,,,2,1,13,0,1,0.0,0,11,1,27,,0.11640866873065016,11.618726398479827,,,-0.8,1,0.8,1
trial_0010,47,train,,,0.2511302936584391,,,0.07726544395406194,,,0.0,0.0,0.025827425656879836,2,1,14,1,1,0.0,0,11,1,,,,,0.22867240293862973,,,,,
trial_0010,47,eval,0.5789473684210527,0.5263157894736842,,,,,,,,,,,,,,,,,,,,2.1052631578947367,,,,0.15789473684210525,,,,
trial_0010,47,global,,,,0.2594659060214126,-0.032577227677308314,,,,,,,2,1,14,0,1,0.25,0,12,1,27,,0.11455108359133127,12.189592057927843,,,-0.8,1,0.8,1
trial_0010,48,train,,,0.25117368869324946,,,0.07874868524835466,,,0.0,0.0,0.024482086594117453,2,1,15,1,1,0.25,0,12,1,,,,,0.21082279560096723,,,,,
trial_0010,48,eval,0.47368421052631576,0.47368421052631576,,,,,,,,,,,,,,,,,,,,2.1052631578947367,,,,0.0,,,,
trial_0010,48,global,,,,0.24967589481539834,-0.018452199636277214,,,,,,,2,1,15,0,1,0.0,0,13,1,27,,0.1256965944272446,12.1957129699896,,,-0.8,1,0.8,1
trial_0010,49,train,,,0.2512209329833376,,,0.07804386412843745,,,0.0,0.0,0.023677241905750906,2,1,15,0,1,0.0,0,13,1,,,,,0.20874651873365363,,,,,
trial_0010,49,eval,,,,,,,0.631578947368421,2.042883865143123,,,,,,,,,,,,,,,,,,,,,,
trial_0010,49,global,,,,0.2611796774501316,-0.029448625599270275,,,,,,,2,1,15,0,1,0.0,0,13,1,27,,0.11764705882352941,12.827628170521267,,,-0.8,1,0.8,1
trial_0010,50,train,,,0.2512502844663376,,,0.07755507053212916,,,0.0,0.0,0.02113800257285859,2,1,15,0,1,0.0,0,13,1,,,,,0.15492190999236513,,,,,
trial_0010,50,eval,,,,,,,0.5789473684210527,2.0976767822315816,,,,,,,,,,,,,,,,,,,,,,
trial_0010,50,global,,,,0.253176730815946,-0.021445678965084668,,,,,,,2,1,15,0,1,0.0,0,13,1,27,,0.12260061919504645,12.63761066637541,,,-0.8,1,0.8,1
trial_0010,51,train,,,0.25129593940491374,,,0.07716401967596499,,,0.0,0.0,0.02115097212025579,2,1,15,0,1,0.0,0,13,1,,,,,0.1763847850738688,,,,,
trial_0010,51,eval,,,,,,,0.631578947368421,1.982169508934021,,,,,,,,,,,,,,,,,,,,,,
trial_0010,51,global,,,,0.25709366096246145,-0.025362609111600088,,,,,,,2,1,15,0,1,0.0,0,13,1,27,,0.1195046439628483,13.201374292521285,,,-0.8,1,0.8,1
trial_0010,52,train,,,0.25131755940457606,,,0.07818188565842649,,,0.0,0.0,0.019116755199440304,2,1,15,0,1,0.0,0,13,1,,,,,0.16653082276436876,,,,,
trial_0010,52,eval,,,,,,,0.631578947368421,2.022645371524911,,,,,,,,,,,,,,,,,,,,,,
trial_0010,52,global,,,,0.25025582828604387,-0.01785137576178182,,,,,,,2,1,15,0,1,0.0,0,13,1,27,,0.12631578947368421,13.117852546998959,,,-0.8,1,0.8,1
trial_0010,53,train,,,0.2513284901989267,,,0.07758302764689667,,,0.0,0.0,0.019556108200575843,2,1,16,1,1,0.0,0,13,1,,,,,0.14172562356800475,,,,,
trial_0010,53,eval,0.5263157894736842,0.5263157894736842,,,,,,,,,,,,,,,,,,,,2.1052631578947367,,,,0.0,,,,
trial_0010,53,global,,,,0.255973084007871,-0.023111384112781356,,,,,,,2,1,16,0,1,0.0,0,14,1,27,,0.12260061919504645,13.48882472743929,,,-0.8,1,0.8,1
trial_0010,54,train,,,0.25136298004617086,,,0.07738610531421418,,,0.0,0.0,0.01881169301712826,2,1,17,1,1,0.0,0,14,1,,,,,0.1416929876550715,,,,,
trial_0010,54,eval,0.5263157894736842,0.5263157894736842,,,,,,,,,,,,,,,,,,,,2.1052631578947367,,,,0.0,,,,
trial_0010,54,global,,,,0.25217785848304974,-0.017969357241158758,,,,,,,2,1,17,0,1,0.0,0,15,1,27,,0.12631578947368421,12.935648660098805,,,-0.8,1,0.8,1
trial_0010,55,train,,,0.2513859747572148,,,0.07643755255861485,,,0.0,0.0,0.018878244043283286,2,1,18,1,1,0.0,0,15,1,,,,,0.125026035950856,,,,,
trial_0010,55,eval,0.631578947368421,0.631578947368421,,,,,,,,,,,,,,,,,,,,2.1052631578947367,,,,0.0,,,,
trial_0010,55,global,,,,0.25768745781833896,-0.022107214463965137,,,,,,,2,1,18,0,1,0.0,0,16,1,27,,0.12507739938080495,13.385634161887154,,,-0.8,1,0.8,1
trial_0010,56,train,,,0.25139899837209817,,,0.07801094334176245,,,0.0,0.0,0.01532348882756196,2,1,19,1,1,0.0,0,16,1,,,,,0.107328138444969,,,,,
trial_0010,56,eval,0.5263157894736842,0.5263157894736842,,,,,,,,,,,,,,,,,,,,2.1052631578947367,,,,0.0,,,,
trial_0010,56,global,,,,0.2524542313860838,-0.016873988031709957,,,,,,,2,1,19,0,1,0.0,0,17,1,27,,0.12631578947368421,13.154054373631906,,,-0.8,1,0.8,1
trial_0010,57,train,,,0.2514191266704113,,,0.07480540110709819,,,0.0,0.0,0.017222214221553088,2,1,19,0,1,0.0,0,17,1,,,,,0.09588188209987067,,,,,
trial_0010,57,eval,,,,,,,0.6842105263157894,1.980405894549269,,,,,,,,,,,,,,,,,,,,,,
trial_0010,57,global,,,,0.25587394202160796,-0.020293698667234097,,,,,,,2,1,19,0,1,0.0,0,17,1,27,,0.12507739938080495,13.560158574248984,,,-0.8,1,0.8,1
trial_0010,58,train,,,0.2514389246068102,,,0.07678710146153227,,,0.0,0.0,0.014313132294262959,2,1,19,0,1,0.0,0,17,1,,,,,0.08449302712812068,,,,,
trial_0010,58,eval,,,,,,,0.631578947368421,2.021980255057937,,,,,,,,,,,,,,,,,,,,,,
trial_0010,58,global,,,,0.25204188781120346,-0.016461644456829582,,,,,,,2,1,19,0,1,0.0,0,17,1,27,,0.12693498452012383,13.406709771407279,,,-0.8,1,0.8,1
trial_0010,59,train,,,0.25147201311081013,,,0.07431785476968643,,,0.0,0.0,0.016901460422532377,2,1,19,0,1,0.0,0,17,1,,,,,0.09950221142474006,,,,,
trial_0010,59,eval,,,,,,,0.6842105263157894,1.960352700007589,,,,,,,,,,,,,,,,,,,,,,
trial_0010,59,global,,,,0.2518060393524046,-0.015552395324630094,,,,,,,2,1,19,0,1,0.0,0,17,1,27,,0.13003095975232198,13.552527724700077,,,-0.8,1,0.8,1
trial_0010,60,train,,,0.25149817764759064,,,0.075769804259564,,,0.0,0.0,0.012956740106567445,2,1,19,0,1,0.0,0,17,1,,,,,0.06902564918979051,,,,,
trial_0010,60,eval,,,,,,,0.5789473684210527,2.0756278885038277,,,,,,,,,,,,,,,,,,,,,,
trial_0010,60,global,,,,0.25250505907094306,-0.01625141504316853,,,,,,,2,1,19,0,1,0.0,0,17,1,27,,0.12693498452012383,13.191171437077479,,,-0.8,1,0.8,1
trial_0010,61,train,,,0.2515250533185106,,,0.0742240681293163,,,0.0,0.0,0.015236849698951428,2,1,20,1,1,0.0,0,17,1,,,,,0.08372388007317452,,,,,
trial_0010,61,eval,0.5789473684210527,0.5789473684210527,,,,,,,,,,,,,,,,,,,,2.1052631578947367,,,,0.0,,,,
trial_0010,61,global,,,,0.2507191473669582,-0.012445301318981687,,,,,,,2,1,20,0,1,0.0,0,18,1,27,,0.13374613003095975,13.61035420798665,,,-0.8,1,0.8,1
trial_0010,62,train,,,0.251541423670789,,,0.07544945402348295,,,0.0,0.0,0.011343202485078748,2,1,21,1,1,0.0,0,18,1,,,,,0.062476426691926545,,,,,
trial_0010,62,eval,0.5263157894736842,0.5263157894736842,,,,,,,,,,,,,,,,,,,,2.1052631578947367,,,,0.0,,,,
trial_0010,62,global,,,,0.25163867069851265,-0.013364824650536102,,,,,,,2,1,21,0,1,0.0,0,19,1,27,,0.1306501547987616,13.273350754020385,,,-0.8,1,0.8,1
trial_0010,63,train,,,0.25155533881897624,,,0.07281394397958796,,,0.0,0.0,0.013525994071313378,2,1,22,1,1,0.0,0,19,1,,,,,0.07408997929318153,,,,,
trial_0010,63,eval,0.631578947368421,0.631578947368421,,,,,,,,,,,,,,,,,,,,2.1052631578947367,,,,0.0,,,,
trial_0010,63,global,,,,0.25297032100135797,-0.014696474953381436,,,,,,,2,1,22,0,1,0.0,0,20,1,27,,0.13188854489164087,13.836488753280403,,,-0.8,1,0.8,1
trial_0010,64,train,,,0.2515744474974085,,,0.07300280763747845,,,0.0,0.0,0.010369803905926714,2,1,23,1,1,0.0,0,20,1,,,,,0.05821468920664902,,,,,
trial_0010,64,eval,0.47368421052631576,0.47368421052631576,,,,,,,,,,,,,,,,,,,,2.1052631578947367,,,,0.0,,,,
trial_0010,64,global,,,,0.24972077314964877,-0.011446927101672225,,,,,,,2,1,23,0,1,0.0,0,21,1,27,,0.13188854489164087,13.504155832768962,,,-0.8,1,0.8,1
trial_0010,65,train,,,0.25158928429826777,,,0.07216301496992719,,,0.0,0.0,0.01263298214889414,2,1,23,0,1,0.0,0,21,1,,,,,0.11426698018182466,,,,,
trial_0010,65,eval,,,,,,,0.6842105263157894,2.1117783604483855,,,,,,,,,,,,,,,,,,,,,,
trial_0010,65,global,,,,0.2533535511744453,-0.013732903779667458,,,,,,,2,1,23,0,1,0.0,0,21,1,27,,0.13312693498452013,13.57794781853171,,,-0.8,1,0.8,1
trial_0010,66,train,,,0.25163406133651733,,,0.07219871561577978,,,0.0,0.0,0.012816253789555667,2,1,23,0,1,0.0,0,21,1,,,,,0.06447487078963758,,,,,
trial_0010,66,eval,,,,,,,0.631578947368421,2.2704623035694422,,,,,,,,,,,,,,,,,,,,,,
trial_0010,66,global,,,,0.25487506061636905,-0.015254413221591177,,,,,,,2,1,23,0,1,0.0,0,21,1,27,,0.1281733746130031,13.275482310008707,,,-0.8,1,0.8,1
trial_0010,67,train,,,0.25168236582837206,,,0.07260227330187534,,,0.0,0.0,0.014559525128657078,2,1,23,0,1,0.0,0,21,1,,,,,0.12276913367528865,,,,,
trial_0010,67,eval,,,,,,,0.6842105263157894,2.2125738129804007,,,,,,,,,,,,,,,,,,,,,,
trial_0010,67,global,,,,0.2578082338649055,-0.01818758647012762,,,,,,,2,1,23,0,1,0.0,0,21,1,27,,0.12879256965944272,13.368950868021962,,,-0.8,1,0.8,1
trial_0010,68,train,,,0.25174854949433756,,,0.07221964508929152,,,0.0,0.0,0.010560677151450829,2,1,23,0,1,0.0,0,21,1,,,,,0.05809716819091997,,,,,
trial_0010,68,eval,,,,,,,0.631578947368421,2.4344502640397927,,,,,,,,,,,,,,,,,,,,,,
trial_0010,68,global,,,,0.25423338576346743,-0.014612738368689539,,,,,,,2,1,23,0,1,0.0,0,21,1,27,,0.12941176470588237,13.317165537736733,,,-0.8,1,0.8,1
trial_0010,69,train,,,0.25178778551994485,,,0.07225660948043174,,,0.0,0.0,0.011931828825927757,2,1,24,1,1,0.0,0,21,1,,,,,0.11132990391726823,,,,,
trial_0010,69,eval,0.5263157894736842,0.5263157894736842,,,,,,,,,,,,,,,,,,,,2.1052631578947367,,,,0.0,,,,
trial_0010,69,global,,,,0.2560770183698504,-0.016456370975072528,,,,,,,2,1,24,0,1,0.0,0,22,1,27,,0.13003095975232198,13.389734822087243,,,-0.8,1,0.8,1
trial_0010,70,train,,,0.2518280028028691,,,0.0724584789986306,,,0.0,0.0,0.008709186724166665,2,1,25,1,1,0.0,0,22,1,,,,,0.06292338974456838,,,,,
trial_0010,70,eval,0.5263157894736842,0.47368421052631576,,,,,,,,,,,,,,,,,,,,2.1052631578947367,,,,0.2631578947368421,,,,
trial_0010,70,global,,,,0.2538122146801959,-0.014191567285417999,,,,,,,2,1,25,0,1,0.25,0,23,1,27,,0.12879256965944272,13.052135469891338,,,-0.8,1,0.8,1
trial_0010,71,train,,,0.25183843456684274,,,0.07063622233715464,,,0.0,0.0,0.008869100767193968,2,1,26,1,1,0.25,0,23,1,,,,,0.050991738375593364,,,,,
trial_0010,71,eval,0.631578947368421,0.5789473684210527,,,,,,,,,,,,,,,,,,,,2.1052631578947367,,,,0.15789473684210525,,,,
trial_0010,71,global,,,,0.25383016779127837,-0.014209520396500471,,,,,,,2,1,26,0,1,0.25,0,24,1,27,,0.13003095975232198,13.44182681151588,,,-0.8,1,0.8,1
trial_0010,72,train,,,0.2518605780094228,,,0.06898370068124,,,0.0,0.0,0.007328177385445204,2,1,27,1,1,0.25,0,24,1,,,,,0.04261219384188347,,,,,
trial_0010,72,eval,0.5263157894736842,0.47368421052631576,,,,,,,,,,,,,,,,,,,,2.1052631578947367,,,,0.15789473684210525,,,,
trial_0010,72,global,,,,0.25002089204935296,-0.009726843981174396,,,,,,,2,1,27,0,1,0.25,0,25,1,27,,0.13436532507739937,13.375637581178648,,,-0.8,1,0.8,1
trial_0010,73,train,,,0.25186235314988076,,,0.06760758288363193,,,0.0,0.0,0.007752151205792698,2,1,27,0,1,0.25,0,25,1,,,,,0.04051652710904625,,,,,
trial_0010,73,eval,,,,,,,0.6842105263157895,2.2334823192734463,,,,,,,,,,,,,,,,,,,,,,
trial_0010,73,global,,,,0.2518522556373045,-0.011558207569125976,,,,,,,2,1,27,0,1,0.25,0,25,1,27,,0.13312693498452013,13.76723061670829,,,-0.8,1,0.8,1
trial_0010,74,train,,,0.25188807730979107,,,0.0667312354483503,,,0.0,0.0,0.006625489517520034,2,1,27,0,1,0.25,0,25,1,,,,,0.03625086635707858,,,,,
trial_0010,74,eval,,,,,,,0.6842105263157894,2.2465642541646953,,,,,,,,,,,,,,,,,,,,,,
trial_0010,74,global,,,,0.2518126259257655,-0.011518577857586913,,,,,,,2,1,27,0,1,0.25,0,25,1,27,,0.1325077399380805,13.625400838468098,,,-0.8,1,0.8,1
trial_0010,75,train,,,0.25189685282555035,,,0.06588673337976983,,,0.0,0.0,0.006490232425997595,2,1,27,0,1,0.25,0,25,1,,,,,0.039486114656988605,,,,,
trial_0010,75,eval,,,,,,,0.5789473684210527,2.456504282982726,,,,,,,,,,,,,,,,,,,,,,
trial_0010,75,global,,,,0.25256251032392363,-0.010921660908943698,,,,,,,2,1,27,0,1,0.25,0,25,1,27,,0.13312693498452013,13.773771629687802,,,-0.8,1,0.8,1
trial_0010,76,train,,,0.2518941639585698,,,0.06539803172679658,,,0.0,0.0,0.00644316010030378,2,1,27,0,1,0.25,0,25,1,,,,,0.030800932854849927,,,,,
trial_0010,76,eval,,,,,,,0.631578947368421,2.3516199071156345,,,,,,,,,,,,,,,,,,,,,,
trial_0010,76,global,,,,0.24739524338451127,-0.0044075926227300265,,,,,,,2,1,27,0,1,0.25,0,25,1,27,,0.1393188854489164,13.585521261020341,,,-0.8,1,0.8,1
trial_0010,77,train,,,0.25189954708231255,,,0.06405320383132772,,,0.0,0.0,0.006544974106339183,2,1,28,1,1,0.25,0,25,1,,,,,0.03525788011921054,,,,,
trial_0010,77,eval,0.5263157894736842,0.5263157894736842,,,,,,,,,,,,,,,,,,,,2.1052631578947367,,,,0.0,,,,
trial_0010,77,global,,,,0.2532608517630058,-0.010273201001224528,,,,,,,2,1,28,0,1,0.0,0,26,1,27,,0.13436532507739937,13.977606418479708,,,-0.8,1,0.8,1
trial_0010,78,train,,,0.25192374244649357,,,0.06414620927039613,,,0.0,0.0,0.0058635878053888875,2,1,29,1,1,0.0,0,26,1,,,,,0.03206552928511767,,,,,
trial_0010,78,eval,0.47368421052631576,0.47368421052631576,,,,,,,,,,,,,,,,,,,,2.1052631578947367,,,,0.0,,,,
trial_0010,78,global,,,,0.2523009376329339,-0.009313286871152612,,,,,,,2,1,29,0,1,0.0,0,27,1,27,,0.13436532507739937,13.935735106099132,,,-0.8,1,0.8,1
trial_0010,79,train,,,0.2519279769126405,,,0.06329291678489522,,,0.0,0.0,0.0058993648227887545,2,1,30,1,1,0.0,0,27,1,,,,,0.03515890530072786,,,,,
trial_0010,79,eval,0.5789473684210527,0.5789473684210527,,,,,,,,,,,,,,,,,,,,2.1052631578947367,,,,0.0,,,,
trial_0010,79,global,,,,0.25324659666957733,-0.010258945907796059,,,,,,,2,1,30,0,1,0.0,0,28,1,27,,0.13498452012383902,14.039008054939956,,,-0.8,1,0.8,1
trial_0010,80,train,,,0.2519482561248414,,,0.06358264354949303,,,0.0,0.0,0.005533335768051714,2,1,31,1,1,0.0,0,28,1,,,,,0.02782322576051538,,,,,
trial_0010,80,eval,0.5263157894736842,0.5263157894736842,,,,,,,,,,,,,,,,,,,,2.1052631578947367,,,,0.0,,,,
trial_0010,80,global,,,,0.24787247720004169,-0.0048848264382604445,,,,,,,2,1,31,0,1,0.0,0,29,1,27,,0.1386996904024768,13.872133686077484,,,-0.8,1,0.8,1
trial_0010,81,train,,,0.2519514408517391,,,0.0625449203430338,,,0.0,0.0,0.005470534018689812,2,1,31,0,1,0.0,0,29,1,,,,,0.02871394431159059,,,,,
trial_0010,81,eval,,,,,,,0.5263157894736842,2.620862002435483,,,,,,,,,,,,,,,,,,,,,,
trial_0010,81,global,,,,0.2487510034422413,-0.005763352680460029,,,,,,,2,1,31,0,1,0.0,0,29,1,27,,0.1386996904024768,14.268883039633925,,,-0.8,1,0.8,1
trial_0010,82,train,,,0.2519694788658873,,,0.06231584067040302,,,0.0,0.0,0.005329755952388564,2,1,31,0,1,0.0,0,29,1,,,,,0.027650894727954206,,,,,
trial_0010,82,eval,,,,,,,0.6842105263157894,2.4421806633472443,,,,,,,,,,,,,,,,,,,,,,
trial_0010,82,global,,,,0.24790243374959922,-0.004914782987817955,,,,,,,2,1,31,0,1,0.0,0,29,1,27,,0.1393188854489164,14.227562682916506,,,-0.8,1,0.8,1
trial_0010,83,train,,,0.251957726922441,,,0.061225147323405484,,,0.0,0.0,0.0052524162024325215,2,1,31,0,1,0.0,0,29,1,,,,,0.023580370073583216,,,,,
trial_0010,83,eval,,,,,,,0.5789473684210527,2.7295628503749243,,,,,,,,,,,,,,,,,,,,,,
trial_0010,83,global,,,,0.2466711300586944,-0.003683479296913169,,,,,,,2,1,31,0,1,0.0,0,29,1,27,,0.1417956656346749,14.615619897990035,,,-0.8,1,0.8,1
trial_0010,84,train,,,0.2519619946784161,,,0.06104133611029767,,,0.0,0.0,0.004811116441696675,2,1,31,0,1,0.0,0,29,1,,,,,0.026758967882933766,,,,,
trial_0010,84,eval,,,,,,,0.631578947368421,2.656881330828918,,,,,,,,,,,,,,,,,,,,,,
trial_0010,84,global,,,,0.24746204490125573,-0.0044743941394744784,,,,,,,2,1,31,0,1,0.0,0,29,1,27,,0.13993808049535603,14.288889607999346,,,-0.8,1,0.8,1
trial_0010,85,train,,,0.25195009784495576,,,0.06078480786465584,,,0.0,0.0,0.004819981047036523,2,1,32,1,1,0.0,0,29,1,,,,,0.022781171619971383,,,,,
trial_0010,85,eval,0.5263157894736842,0.5263157894736842,,,,,,,,,,,,,,,,,,,,2.1052631578947367,,,,0.0,,,,
trial_0010,85,global,,,,0.24767431830330877,-0.0033398661947261826,,,,,,,2,1,32,0,1,0.0,0,30,1,27,,0.1411764705882353,13.913861466635122,,,-0.8,1,0.8,1
trial_0010,86,train,,,0.25196801284526255,,,0.061989957981921265,,,0.0,0.0,0.00484063684674998,2,1,33,1,1,0.0,0,30,1,,,,,0.10478981963675865,,,,,
trial_0010,86,eval,0.47368421052631576,0.47368421052631576,,,,,,,,,,,,,,,,,,,,2.1052631578947367,,,,0.0,,,,
trial_0010,86,global,,,,0.25306841356277554,-0.008733961454192933,,,,,,,2,1,33,0,1,0.0,0,31,1,27,,0.13498452012383902,13.604060751144361,,,-0.8,1,0.8,1
trial_0010,87,train,,,0.25199560852760966,,,0.06059744763881603,,,0.0,0.0,0.007885095711482909,2,1,34,1,1,0.0,0,31,1,,,,,0.04366286493283003,,,,,
trial_0010,87,eval,0.631578947368421,0.5789473684210527,,,,,,,,,,,,,,,,,,,,2.1052631578947367,,,,0.15789473684210525,,,,
trial_0010,87,global,,,,0.2523255570715505,-0.00799110496296794,,,,,,,2,1,34,0,1,0.25,0,32,1,27,,0.13808049535603714,14.636728283200101,,,-0.8,1,0.8,1
trial_0010,88,train,,,0.25196930861219446,,,0.06092665613965786,,,0.0,0.0,0.00409197116860014,2,1,35,1,1,0.25,0,32,1,,,,,0.024531789275599604,,,,,
trial_0010,88,eval,0.47368421052631576,0.47368421052631576,,,,,,,,,,,,,,,,,,,,2.1052631578947367,,,,0.0,,,,
trial_0010,88,global,,,,0.2517078467772114,-0.007373394668628824,,,,,,,2,1,35,0,1,0.0,0,33,1,27,,0.1386996904024768,14.488745443149249,,,-0.8,1,0.8,1
trial_0010,89,train,,,0.2519384952301674,,,0.05955049141924432,,,0.0,0.0,0.004329719684740648,2,1,35,0,1,0.0,0,33,1,,,,,0.021961211048542185,,,,,
trial_0010,89,eval,,,,,,,0.631578947368421,2.6618509710227185,,,,,,,,,,,,,,,,,,,,,,
trial_0010,89,global,,,,0.25170863238620195,-0.007374180277619375,,,,,,,2,1,35,0,1,0.0,0,33,1,27,,0.1393188854489164,14.693085198653371,,,-0.8,1,0.8,1
trial_0010,90,train,,,0.2518933903663716,,,0.05907342852430141,,,0.0,0.0,0.004239243874488896,2,1,35,0,1,0.0,0,33,1,,,,,0.020288509588708425,,,,,
trial_0010,90,eval,,,,,,,0.5789473684210527,2.817423705207674,,,,,,,,,,,,,,,,,,,,,,
trial_0010,90,global,,,,0.25575911350642067,-0.011424661397838043,,,,,,,2,1,35,0,1,0.0,0,33,1,27,,0.13498452012383902,14.583853380894144,,,-0.8,1,0.8,1
trial_0011,1,train,,,0.2504132412656953,,,0.011868462968570522,,,0.0,0.0,0.002826578910698489,0,0,0,0,0,,0,0,0,,,,,2.198364128945749,,,,,
trial_0011,1,eval,,,,,,,0.3529411764705882,2.1883491488064033,,,,,,,,,,,,,,,,,,,,,,
trial_0011,1,global,,,,,,,,,,,,0,0,0,0,0,,0,0,0,9,,0.12421052631578948,2.196899477808099,,,,,,
trial_0011,2,train,,,0.25035776556292666,,,0.014063115644304057,,,0.0,0.0,0.021403082534140333,0,0,0,0,0,,0,0,0,,,,,2.1681652063055887,,,,,
trial_0011,2,eval,,,,,,,0.11764705882352941,2.177984826705035,,,,,,,,,,,,,,,,,,,,,,
trial_0011,2,global,,,,0.015637860082304538,-0.004744613894940704,,,,,,,0,0,0,0,0,,0,0,0,9,,0.12,2.1961989934820876,,,-0.07407407407407407,3,0.07407407407407407,3
trial_0011,3,train,,,0.25035110266902777,,,0.01924882998949365,,,0.0,0.0,0.021708851637130107,0,0,0,0,0,,0,0,0,,,,,2.0903001536296895,,,,,
trial_0011,3,eval,,,,,,,0.058823529411764705,2.143232548938078,,,,,,,,,,,,,,,,,,,,,,
trial_0011,3,global,,,,0.032195594287097555,-0.021302348099733723,,,,,,,0,0,0,0,0,,0,0,0,9,,0.1031578947368421,2.2272529687379534,,,-0.11764705882352944,0,0.21568627450980393,0
trial_0011,4,train,,,0.2504075211060198,,,0.026925022089028656,,,0.0,0.0,0.02816108565164518,0,0,0,0,0,,0,0,0,,,,,1.949005267589907,,,,,
trial_0011,4,eval,,,,,,,0.1764705882352941,2.1162874067530915,,,,,,,,,,,,,,,,,,,,,,
trial_0011,4,global,,,,0.05495037521181313,-0.004106364006298835,,,,,,,0,0,0,0,0,,0,0,0,9,,0.12210526315789473,2.2191915808225935,,,-0.22222222222222232,1,0.23529411764705882,0
trial_0011,5,train,,,0.2504491247708284,,,0.0326217216781423,,,0.0,0.0,0.02505555941334254,0,0,0,0,0,,0,0,0,,,,,1.725652940741068,,,,,
trial_0011,5,eval,,,,,,,0.1764705882352941,2.1946007504182705,,,,,,,,,,,,,,,,,,,,,,
trial_0011,5,global,,,,0.05551571450132133,-0.004671703295807033,,,,,,,0,0,0,0,0,,0,0,0,9,,0.12,2.3670581953149092,,,-0.13725490196078433,0,0.23529411764705882,0
trial_0011,6,train,,,0.2504495291770259,,,0.03785985896858988,,,0.0,0.0,0.030407608576307574,0,0,0,0,0,,0,0,0,,,,,1.6219158152990705,,,,,
trial_0011,6,eval,,,,,,,0.2941176470588235,2.160567241556504,,,,,,,,,,,,,,,,,,,,,,
trial_0011,6,global,,,,0.04313725490196079,0.07397775547802168,,,,,,,0,0,0,0,0,,0,0,0,9,,0.2,2.298933787596853,,,-0.1568627450980392,0,0.2549019607843137,0
trial_0011,7,train,,,0.2504505869708484,,,0.041073007862779155,,,0.0,0.0,0.028010822297368624,0,0,0,0,0,,0,0,0,,,,,1.4612488130225412,,,,,
trial_0011,7,eval,,,,,,,0.411764705882353,2.3301881902358113,,,,,,,,,,,,,,,,,,,,,,
trial_0011,7,global,,,,0.08211140371119523,0.04037995075480874,,,,,,,0,0,0,0,0,,0,0,0,9,,0.16842105263157894,2.5489747423874705,,,-0.13333333333333341,1,0.196078431372549,0
trial_0011,8,train,,,0.2504497702363171,,,0.04288734986057764,,,0.0,0.0,0.03687785696002502,0,0,0,0,0,,0,0,0,,,,,1.334279967486104,,,,,
trial_0011,8,eval,,,,,,,0.4705882352941177,2.242236992892097,,,,,,,,,,,,,,,,,,,,,,
trial_0011,8,global,,,,0.062330241504537774,0.0601611129614662,,,,,,,0,0,0,0,0,,0,0,0,9,,0.18736842105263157,2.5654400368740684,,,-0.1777777777777778,1,0.1777777777777778,1
trial_0011,9,train,,,0.25047401574593553,,,0.04504185028468506,,,0.0,0.0,0.03690896699605864,0,0,1,1,0,,0,0,0,,,,,1.107367867061609,,,,,
trial_0011,9,eval,0.3529411764705882,0.3529411764705882,,,,,,,,,,,,,,,,,,,,2.8823529411764706,,,,0.0,,,,
trial_0011,9,global,,,,0.06604049861717023,0.058629505086306516,,,,,,,0,0,1,0,0,0.0,0,1,0,9,,0.1831578947368421,2.800292770988063,,,-0.1777777777777778,1,0.1777777777777778,1
trial_0011,10,train,,,0.2504789535003372,,,0.04743734586842452,,,0.0,0.0,0.03832758213334446,0,0,1,0,0,0.0,0,1,0,,,,,0.9948786018769952,,,,,
trial_0011,10,eval,,,,,,,0.411764705882353,2.302562292884378,,,,,,,,,,,,,,,,,,,,,,
trial_0011,10,global,,,,0.05580843758137804,0.07566428721053407,,,,,,,0,0,1,0,0,0.0,0,1,0,9,,0.20210526315789473,2.8442463036587364,,,-0.24444444444444446,1,0.24444444444444446,1
trial_0011,11,train,,,0.2503991868606833,,,0.024837969694026678,,,0.0,0.0,0.04842974362505051,0,0,1,0,0,0.0,0,1,0,,,,,16.41000138105348,,,,,
trial_0011,11,eval,,,,,,,0.15789473684210525,4.579375442705656,,,,,,,,,,,,,,,,,,,,,,
trial_0011,11,global,,,,0.25063643966057564,-0.11916371486866353,,,,,,,0,0,1,0,0,0.0,0,1,0,18,,0.07368421052631578,6.291906504653857,,,-0.6666666666666667,1,0.6666666666666667,1
trial_0011,12,train,,,0.25030951149934944,,,0.03464291573956955,,,0.0,1.0,0.19444236642746038,0,0,1,0,0,0.0,0,1,0,,,,,3.1916032963020857,,,,,
trial_0011,12,eval,,,,,,,0.05263157894736842,2.9442589032022575,,,,,,,,,,,,,,,,,,,,,,
trial_0011,12,global,,,,0.1506677662939403,-0.06131587210331224,,,,,,,0,0,1,0,0,0.0,0,1,0,18,,0.0708133971291866,5.031653363168525,,,-0.6222222222222222,1,0.6222222222222222,1
trial_0011,13,train,,,0.25029980477898617,,,0.033624013842538346,,,0.0,0.3488372093023256,0.09579648004714834,0,0,1,0,0,0.0,0,1,0,,,,,1.8988957881927488,,,,,
trial_0011,13,eval,,,,,,,0.21052631578947367,2.1535628092916386,,,,,,,,,,,,,,,,,,,,,,
trial_0011,13,global,,,,0.16851978129140663,-0.046137244673560604,,,,,,,0,0,1,0,0,0.0,0,1,0,18,,0.09090909090909091,4.803232237026452,,,-0.8,1,0.8,1
trial_0011,14,train,,,0.2502775299687718,,,0.03273623176785403,,,0.0,0.0,0.06305682169663351,0,0,2,1,0,0.0,0,1,0,,,,,1.7067603064137835,,,,,
trial_0011,14,eval,0.15789473684210525,0.15789473684210525,,,,,,,,,,,,,,,,,,,,1.6842105263157894,,,,0.0,,,,
trial_0011,14,global,,,,0.17572857951327672,-0.039594811225576204,,,,,,,0,0,2,0,0,0.0,0,2,0,18,,0.09952153110047847,5.198882488314615,,,-0.8,1,0.8,1
trial_0011,15,train,,,0.2502751802635747,,,0.034230973138365636,,,0.0,0.09302325581395349,0.060779514510271165,0,0,2,0,0,0.0,0,2,0,,,,,1.56708624196607,,,,,
trial_0011,15,eval,,,,,,,0.2631578947368421,1.9764989677228422,,,,,,,,,,,,,,,,,,,,,,
trial_0011,15,global,,,,0.17767684953436272,-0.03537024174048937,,,,,,,0,0,2,0,0,0.0,0,2,0,18,,0.10239234449760766,4.983007846266459,,,-0.8,1,0.8,1
trial_0011,16,train,,,0.25027221094730284,,,0.035160021726475206,,,0.0,0.0,0.04885557677683443,0,0,2,0,0,0.0,0,2,0,,,,,1.3630485405755597,,,,,
trial_0011,16,eval,,,,,,,0.3157894736842105,2.217340557198775,,,,,,,,,,,,,,,,,,,,,,
trial_0011,16,global,,,,0.1647170480769087,-0.015947796105211187,,,,,,,0,0,2,0,0,0.0,0,2,0,18,,0.12344497607655502,5.319896842646257,,,-0.8,1,0.8,1
trial_0011,17,train,,,0.25029329799635464,,,0.03690842487091242,,,0.0,0.09302325581395349,0.04990640962712987,0,0,3,1,0,0.0,0,2,0,,,,,1.3206047394247942,,,,,
trial_0011,17,eval,0.21052631578947367,0.21052631578947367,,,,,,,,,,,,,,,,,,,,1.6842105263157894,,,,0.0,,,,
trial_0011,17,global,,,,0.17822536299137293,-0.02534088468222685,,,,,,,0,0,3,0,0,0.0,0,3,0,18,,0.11291866028708133,5.141486627177188,,,-0.8,1,0.8,1
trial_0011,18,train,,,0.2503207097219866,,,0.03886407683061999,,,0.0,0.0,0.042537559031747114,0,0,3,0,0,0.0,0,3,0,,,,,1.1854114478410678,,,,,
trial_0011,18,eval,,,,,,,0.3684210526315789,2.0856899336764685,,,,,,,,,,,,,,,,,,,,,,
trial_0011,18,global,,,,0.16341673945817975,-0.009749788535575149,,,,,,,0,0,3,0,0,0.0,0,3,0,18,,0.13014354066985645,5.4877490666494415,,,-0.8,1,0.8,1
trial_0011,19,train,,,0.25036656215440395,,,0.04098745972611184,,,0.0,0.0,0.04466099245257157,0,0,3,0,0,0.0,0,3,0,,,,,1.1629732703053672,,,,,
trial_0011,19,eval,,,,,,,0.3684210526315789,1.7725951797083803,,,,,,,,,,,,,,,,,,,,,,
trial_0011,19,global,,,,0.1686758883746977,-0.010111238501186025,,,,,,,0,0,3,0,0,0.0,0,3,0,18,,0.1291866028708134,5.289921851135327,,,-0.8,1,0.8,1
trial_0011,20,train,,,0.25041482753531874,,,0.0434492826461792,,,0.0,0.0,0.039142799758633905,0,0,3,0,0,0.0,0,3,0,,,,,1.0507197495116742,,,,,
trial_0011,20,eval,,,,,,,0.3684210526315789,2.0758650428370427,,,,,,,,,,,,,,,,,,,,,,
trial_0011,20,global,,,,0.1624624762144937,-0.0038978263409820044,,,,,,,0,0,3,0,0,0.0,0,3,0,18,,0.1368421052631579,5.6917937947232184,,,-0.8,1,0.8,1
trial_0011,21,train,,,0.2504997535588893,,,0.06672127513175315,,,0.0,0.0,0.026877279096144346,0,0,3,0,0,0.0,0,3,0,,,,,17.4346847432725,,,,,
trial_0011,21,eval,,,,,,,0.21052631578947367,2.1809209522448088,,,,,,,,,,,,,,,,,,,,,,
trial_0011,21,global,,,,0.27200090880825173,-0.11343625893474002,,,,,,,0,0,3,0,0,0.0,0,3,0,27,,0.060061919504643964,6.98377775776866,,,-0.8,1,0.8,1
trial_0011,22,train,,,0.25046384239450414,,,0.050018711292997314,,,0.0,1.0,0.19115877171304635,0,0,4,1,0,0.0,0,3,0,,,,,2.1673872668692407,,,,,
trial_0011,22,eval,0.21052631578947367,0.15789473684210525,,,,,,,,,,,,,,,,,,,,2.1052631578947367,,,,0.3684210526315789,,,,
trial_0011,22,global,,,,0.22079318402536977,-0.06713597580840913,,,,,,,0,0,4,0,0,0.25,0,4,0,27,,0.07554179566563468,8.405645865331124,,,-0.8,1,0.8,1
trial_0011,23,train,,,0.25044414749804966,,,0.051538128802116875,,,0.0,0.0,0.032075696287954106,0,0,5,1,0,0.25,0,4,0,,,,,1.62013316940754,,,,,
trial_0011,23,eval,0.2631578947368421,0.2631578947368421,,,,,,,,,,,,,,,,,,,,2.1052631578947367,,,,0.2631578947368421,,,,
trial_0011,23,global,,,,0.2452077660448403,-0.06715198270466688,,,,,,,0,0,5,0,0,0.25,0,5,0,27,,0.07306501547987616,8.776166612371203,,,-0.8,1,0.8,1
trial_0011,24,train,,,0.25042769661609166,,,0.05077917778745611,,,0.0,0.0,0.04235298043869912,0,0,5,0,0,0.25,0,5,0,,,,,1.392638662774512,,,,,
trial_0011,24,eval,,,,,,,0.47368421052631576,1.6982730187867814,,,,,,,,,,,,,,,,,,,,,,
trial_0011,24,global,,,,0.24063940493559327,-0.0540081908937235,,,,,,,0,0,5,0,0,0.25,0,5,0,27,,0.09102167182662539,8.70743130663231,,,-0.8,1,0.8,1
trial_0011,25,train,,,0.25041700487441204,,,0.05236607916811679,,,0.0,0.0,0.03279015921214794,0,0,6,1,0,0.25,0,5,0,,,,,1.2238135840030426,,,,,
trial_0011,25,eval,0.47368421052631576,0.5263157894736842,,,,,,,,,,,,,,,,,,,,2.1052631578947367,,,,0.0,,,,
trial_0011,25,global,,,,0.2361540663358591,-0.0450945109091262,,,,,,,0,0,6,0,0,0.0,0,6,0,27,,0.0978328173374613,8.803446757313637,,,-0.8,1,0.8,1
trial_0011,26,train,,,0.2503820946241947,,,0.05275760876371506,,,0.0,0.0,0.03602460194775399,0,0,6,0,0,0.0,0,6,0,,,,,1.0260625145536788,,,,,
trial_0011,26,eval,,,,,,,0.5263157894736842,1.5981140638652598,,,,,,,,,,,,,,,,,,,,,,
trial_0011,26,global,,,,0.23375605067816776,-0.036515627154302684,,,,,,,0,0,6,0,0,0.0,0,6,0,27,,0.10773993808049535,8.919289015542612,,,-0.8,1,0.8,1
trial_0011,27,train,,,0.2503542091618193,,,0.05340260964758853,,,0.0,0.0,0.03634288903088012,0,0,6,0,0,0.0,0,6,0,,,,,0.9009161961839554,,,,,
trial_0011,27,eval,,,,,,,0.47368421052631576,1.6158153414726255,,,,,,,,,,,,,,,,,,,,,,
trial_0011,27,global,,,,0.23977811538634994,-0.03983486450212325,,,,,,,0,0,6,0,0,0.0,0,6,0,27,,0.10526315789473684,8.961600834518764,,,-0.8,1,0.8,1
trial_0011,28,train,,,0.25034808605275255,,,0.05537189131087445,,,0.0,0.0,0.0344045232743659,0,0,6,0,0,0.0,0,6,0,,,,,0.820627300916834,,,,,
trial_0011,28,eval,,,,,,,0.47368421052631576,1.6184050378046537,,,,,,,,,,,,,,,,,,,,,,
trial_0011,28,global,,,,0.23788650898521926,-0.03486682369068809,,,,,,,0,0,6,0,0,0.0,0,6,0,27,,0.10959752321981424,8.993178062320863,,,-0.8,1,0.8,1
trial_0011,29,train,,,0.25034595360147194,,,0.057089936225972276,,,0.0,0.0,0.03354333538086491,0,0,6,0,0,0.0,0,6,0,,,,,0.7479995530970553,,,,,
trial_0011,29,eval,,,,,,,0.5263157894736842,1.6381441041042928,,,,,,,,,,,,,,,,,,,,,,
trial_0011,29,global,,,,0.24147903865517076,-0.03800210598981195,,,,,,,0,0,6,0,0,0.0,0,6,0,27,,0.1065015479876161,9.08445372448617,,,-0.8,1,0.8,1
trial_0011,30,train,,,0.2503579379396235,,,0.058344005270207173,,,0.0,0.0,0.032905966681527336,0,0,7,1,0,0.0,0,6,0,,,,,0.6805094739224048,,,,,
trial_0011,30,eval,0.42105263157894735,0.47368421052631576,,,,,,,,,,,,,,,,,,,,2.1052631578947367,,,,0.0,,,,
trial_0011,30,global,,,,0.24291481833840078,-0.039437885673041975,,,,,,,0,0,7,0,0,0.0,0,7,0,27,,0.10526315789473684,9.376886954765201,,,-0.8,1,0.8,1
trial_0011,31,train,,,0.2503784508147138,,,0.059966652951341994,,,0.0,0.0,0.031961505967093275,0,0,8,1,0,0.0,0,7,0,,,,,0.620287014639124,,,,,
trial_0011,31,eval,0.42105263157894735,0.42105263157894735,,,,,,,,,,,,,,,,,,,,2.1052631578947367,,,,0.0,,,,
trial_0011,31,global,,,,0.24200488517712754,-0.038527952511768736,,,,,,,0,0,8,0,0,0.0,0,8,0,27,,0.1065015479876161,9.602205731182275,,,-0.8,1,0.8,1
trial_0011,32,train,,,0.2504087451924669,,,0.06133954322084467,,,0.0,0.0,0.03150522224605083,0,0,8,0,0,0.0,0,8,0,,,,,0.5711008878464394,,,,,
trial_0011,32,eval,,,,,,,0.5789473684210527,1.6404692452204854,,,,,,,,,,,,,,,,,,,,,,
trial_0011,32,global,,,,0.24330035967228889,-0.03794229686493037,,,,,,,0,0,8,0,0,0.0,0,8,0,27,,0.10835913312693499,9.861470419113111,,,-0.8,1,0.8,1
trial_0011,33,train,,,0.250447319860154,,,0.06324080710715435,,,0.0,0.0,0.030843061719961627,0,0,9,1,0,0.0,0,8,0,,,,,0.526710702764227,,,,,
trial_0011,33,eval,0.42105263157894735,0.42105263157894735,,,,,,,,,,,,,,,,,,,,2.1052631578947367,,,,0.0,,,,
trial_0011,33,global,,,,0.24420560948883582,-0.03884754668147732,,,,,,,0,0,9,0,0,0.0,0,9,0,27,,0.10712074303405572,10.020726776123047,,,-0.8,1,0.8,1
trial_0011,34,train,,,0.2504894473451249,,,0.06464731059175856,,,0.0,0.0,0.030576898989842297,0,0,10,1,0,0.0,0,9,0,,,,,0.4864065878568811,,,,,
trial_0011,34,eval,0.42105263157894735,0.47368421052631576,,,,,,,,,,,,,,,,,,,,2.1052631578947367,,,,0.0,,,,
trial_0011,34,global,,,,0.2437483621180082,-0.03704349796384836,,,,,,,0,0,10,0,0,0.0,0,10,0,27,,0.10897832817337462,10.210194300128949,,,-0.8,1,0.8,1
trial_0011,35,train,,,0.2505415139046121,,,0.06631796727789209,,,0.0,0.0,0.029995273273596745,0,0,10,0,0,0.0,0,10,0,,,,,0.4481175337700134,,,,,
trial_0011,35,eval,,,,,,,0.47368421052631576,1.6977628108702205,,,,,,,,,,,,,,,,,,,,,,
trial_0011,35,global,,,,0.24378191015880263,-0.03707704600464278,,,,,,,0,0,10,0,0,0.0,0,10,0,27,,0.10835913312693499,10.309909603248808,,,-0.8,1,0.8,1
trial_0011,36,train,,,0.2505980355942503,,,0.06738545539531302,,,0.0,0.0,0.029755534291108877,0,0,10,0,0,0.0,0,10,0,,,,,0.4129515861894222,,,,,
trial_0011,36,eval,,,,,,,0.42105263157894735,1.7174167601685775,,,,,,,,,,,,,,,,,,,,,,
trial_0011,36,global,,,,0.2415264495700087,-0.03347478406904751,,,,,,,0,0,10,0,0,0.0,0,10,0,27,,0.11145510835913312,10.474496818991268,,,-0.8,1,0.8,1
trial_0011,37,train,,,0.2506558337110154,,,0.06858841535892893,,,0.0,0.0,0.029260325346617627,0,0,10,0,0,0.0,0,10,0,,,,,0.3798629370458582,,,,,
trial_0011,37,eval,,,,,,,0.47368421052631576,1.7377587431355526,,,,,,,,,,,,,,,,,,,,,,
trial_0011,37,global,,,,0.2392547931143625,-0.030529726940000636,,,,,,,0,0,10,0,0,0.0,0,10,0,27,,0.11455108359133127,10.591099879025675,,,-0.8,1,0.8,1
trial_0011,38,train,,,0.2507147972888135,,,0.06952152670697963,,,0.0,0.0,0.028580974008729488,0,0,11,1,0,0.0,0,10,0,,,,,0.34685111578474653,,,,,
trial_0011,38,eval,0.42105263157894735,0.3684210526315789,,,,,,,,,,,,,,,,,,,,2.1052631578947367,,,,0.15789473684210525,,,,
trial_0011,38,global,,,,0.238647322584319,-0.029922256409957142,,,,,,,0,0,11,0,0,0.25,0,11,0,27,,0.11455108359133127,10.734867147912182,,,-0.8,1,0.8,1
trial_0011,39,train,,,0.2507690299064555,,,0.06988418989993157,,,0.0,0.0,0.02808088400064314,0,0,12,1,0,0.25,0,11,0,,,,,0.31812381722191546,,,,,
trial_0011,39,eval,0.42105263157894735,0.42105263157894735,,,,,,,,,,,,,,,,,,,,2.1052631578947367,,,,0.15789473684210525,,,,
trial_0011,39,global,,,,0.23995602623642223,-0.030723603390320143,,,,,,,0,0,12,0,0,0.25,0,12,0,27,,0.11393188854489164,10.912244299543163,,,-0.8,1,0.8,1
trial_0011,40,train,,,0.2508227875892152,,,0.07005517977349301,,,0.0,0.0,0.026849855785753503,0,0,12,0,0,0.25,0,12,0,,,,,0.2881733696194405,,,,,
trial_0011,40,eval,,,,,,,0.5789473684210527,1.819351142958591,,,,,,,,,,,,,,,,,,,,,,
trial_0011,40,global,,,,0.2410764845739857,-0.030497260381082254,,,,,,,0,0,12,0,0,0.25,0,12,0,27,,0.11331269349845201,11.17457060681039,,,-0.8,1,0.8,1
trial_0011,41,train,,,0.25087598631990715,,,0.06985841596380192,,,0.0,0.0,0.02614519778302217,0,0,13,1,0,0.25,0,12,0,,,,,0.26661795888175355,,,,,
trial_0011,41,eval,0.5789473684210527,0.5263157894736842,,,,,,,,,,,,,,,,,,,,2.1052631578947367,,,,0.15789473684210525,,,,
trial_0011,41,global,,,,0.24265200339174625,-0.030892021853701886,,,,,,,0,0,13,0,0,0.25,0,13,0,27,,0.11269349845201239,11.579194315151533,,,-0.8,1,0.8,1
trial_0011,42,train,,,0.25093582557870986,,,0.07126775510767672,,,0.0,0.0,0.02456549395846718,0,0,14,1,0,0.25,0,13,0,,,,,0.24705341594650387,,,,,
trial_0011,42,eval,0.5263157894736842,0.5789473684210527,,,,,,,,,,,,,,,,,,,,2.1052631578947367,,,,0.0,,,,
trial_0011,42,global,,,,0.23861358935046262,-0.025408602200745964,,,,,,,0,0,14,0,0,0.0,0,14,0,27,,0.11640866873065016,11.851575857345534,,,-0.8,1,0.8,1
trial_0011,43,train,,,0.2509930707672809,,,0.07147723753401573,,,0.0,0.0,0.024568195850093,0,0,14,0,0,0.0,0,14,0,,,,,0.23962107917412798,,,,,
trial_0011,43,eval,,,,,,,0.5789473684210527,1.8736730468900578,,,,,,,,,,,,,,,,,,,,,,
trial_0011,43,global,,,,0.24968859068866636,-0.03293210683676807,,,,,,,0,0,14,0,0,0.0,0,14,0,27,,0.11207430340557276,11.944956528513055,,,-0.8,1,0.8,1
trial_0011,44,train,,,0.25104930521325863,,,0.07342240911849002,,,0.0,0.0,0.024223688188345825,0,0,14,0,0,0.0,0,14,0,,,,,0.2542330442590916,,,,,
trial_0011,44,eval,,,,,,,0.47368421052631576,2.026005202218106,,,,,,,,,,,,,,,,,,,,,,
trial_0011,44,global,,,,0.24504950449062132,-0.024592554438256836,,,,,,,0,0,14,0,0,0.0,0,14,0,27,,0.11578947368421053,11.448507680981521,,,-0.8,1,0.8,1
trial_0011,45,train,,,0.25111125124261735,,,0.0717865875426759,,,0.0,0.0,0.026775392243004546,0,0,14,0,0,0.0,0,14,0,,,,,0.2049924818600746,,,,,
trial_0011,45,eval,,,,,,,0.631578947368421,1.8287973152963737,,,,,,,,,,,,,,,,,,,,,,
trial_0011,45,global,,,,0.25119425560683795,-0.028451068700335404,,,,,,,0,0,14,0,0,0.0,0,14,0,27,,0.11764705882352941,12.38901056815227,,,-0.8,1,0.8,1
trial_0011,46,train,,,0.2511584188075776,,,0.07276163392878593,,,0.0,0.0,0.02125694946574166,0,0,15,1,0,0.0,0,14,0,,,,,0.1803723986161516,,,,,
trial_0011,46,eval,0.47368421052631576,0.47368421052631576,,,,,,,,,,,,,,,,,,,,2.1052631578947367,,,,0.15789473684210525,,,,
trial_0011,46,global,,,,0.2472751039892948,-0.02453191708279224,,,,,,,0,0,15,0,0,0.25,0,15,0,27,,0.11640866873065016,12.181764674703404,,,-0.8,1,0.8,1
trial_0011,47,train,,,0.25121702665978285,,,0.07287034963039642,,,0.0,0.0,0.022332000092880683,0,0,16,1,0,0.25,0,15,0,,,,,0.1704659680102734,,,,,
trial_0011,47,eval,0.47368421052631576,0.5263157894736842,,,,,,,,,,,,,,,,,,,,2.1052631578947367,,,,0.0,,,,
trial_0011,47,global,,,,0.24765950727980499,-0.024916320373302422,,,,,,,0,0,16,0,0,0.0,0,16,0,27,,0.1195046439628483,12.439450411014144,,,-0.8,1,0.8,1
trial_0011,48,train,,,0.2512806251328042,,,0.07353424074801992,,,0.0,0.0,0.01856327342845381,0,0,16,0,0,0.0,0,16,0,,,,,0.15845840562214242,,,,,
trial_0011,48,eval,,,,,,,0.5263157894736842,2.020430980544341,,,,,,,,,,,,,,,,,,,,,,
trial_0011,48,global,,,,0.24958745902653443,-0.02613202140778115,,,,,,,0,0,16,0,0,0.0,0,16,0,27,,0.11393188854489164,12.514081436487912,,,-0.8,1,0.8,1
trial_0011,49,train,,,0.25134297222533125,,,0.07438081883369607,,,0.0,0.0,0.023501103612138554,0,0,17,1,0,0.0,0,16,0,,,,,0.17327548265457154,,,,,
trial_0011,49,eval,0.5789473684210527,0.5789473684210527,,,,,,,,,,,,,,,,,,,,2.1052631578947367,,,,0.0,,,,
trial_0011,49,global,,,,0.24672105310274825,-0.021220472698111444,,,,,,,0,0,17,0,0,0.0,0,17,0,27,,0.1238390092879257,12.582612316970117,,,-0.8,1,0.8,1
trial_0011,50,train,,,0.25139390914998155,,,0.07579941381799414,,,0.0,0.0,0.01766039675109069,0,0,18,1,0,0.0,0,17,0,,,,,0.14170600537289965,,,,,
trial_0011,50,eval,0.5263157894736842,0.5263157894736842,,,,,,,,,,,,,,,,,,,,2.1052631578947367,,,,0.15789473684210525,,,,
trial_0011,50,global,,,,0.24921343402863932,-0.021692651603800496,,,,,,,0,0,18,0,0,0.25,0,18,0,27,,0.1195046439628483,12.060149607938879,,,-0.8,1,0.8,1
trial_0011,51,train,,,0.2514453818823429,,,0.07475367251862872,,,0.0,0.0,0.02232029951831445,0,0,18,0,0,0.25,0,18,0,,,,,0.15976162208838665,,,,,
trial_0011,51,eval,,,,,,,0.5789473684210527,1.9384328440616003,,,,,,,,,,,,,,,,,,,,,,
trial_0011,51,global,,,,0.25230464558987253,-0.023261793149813005,,,,,,,0,0,18,0,0,0.25,0,18,0,27,,0.12136222910216718,12.552860276544058,,,-0.8,1,0.8,1
trial_0011,52,train,,,0.25150929645020914,,,0.0767417550086975,,,0.0,0.0,0.01778468379275279,0,0,18,0,0,0.25,0,18,0,,,,,0.14780812030459972,,,,,
trial_0011,52,eval,,,,,,,0.5789473684210527,2.0237768935529807,,,,,,,,,,,,,,,,,,,,,,
trial_0011,52,global,,,,0.2494875096180665,-0.019673052239735367,,,,,,,0,0,18,0,0,0.25,0,18,0,27,,0.1195046439628483,11.67400557810308,,,-0.8,1,0.8,1
trial_0011,53,train,,,0.2515609473624128,,,0.07530442641136494,,,0.0,0.0,0.022693110728993063,0,0,18,0,0,0.25,0,18,0,,,,,0.14049623519816298,,,,,
trial_0011,53,eval,,,,,,,0.631578947368421,1.954957357362697,,,,,,,,,,,,,,,,,,,,,,
trial_0011,53,global,,,,0.2509800905104669,-0.02116563313213576,,,,,,,0,0,18,0,0,0.25,0,18,0,27,,0.12445820433436533,12.811432739824703,,,-0.8,1,0.8,1
trial_0011,54,train,,,0.2516114064987669,,,0.0760724221138244,,,0.0,0.0,0.015943369689952348,0,0,19,1,0,0.25,0,18,0,,,,,0.11350849692491775,,,,,
trial_0011,54,eval,0.5263157894736842,0.47368421052631576,,,,,,,,,,,,,,,,,,,,2.1052631578947367,,,,0.15789473684210525,,,,
trial_0011,54,global,,,,0.2499433536136366,-0.019455495561904793,,,,,,,0,0,19,0,0,0.25,0,19,0,27,,0.12074303405572756,12.096281064626972,,,-0.8,1,0.8,1
trial_0011,55,train,,,0.25165607066864665,,,0.07545958744718673,,,0.0,0.0,0.01858002505750653,0,0,20,1,0,0.25,0,19,0,,,,,0.11387187673690471,,,,,
trial_0011,55,eval,0.5263157894736842,0.5263157894736842,,,,,,,,,,,,,,,,,,,,2.1052631578947367,,,,0.0,,,,
trial_0011,55,global,,,,0.25268779254197643,-0.022199934490244648,,,,,,,0,0,20,0,0,0.0,0,20,0,27,,0.12198142414860681,12.658563142664292,,,-0.8,1,0.8,1
trial_0011,56,train,,,0.2517078090855416,,,0.07707047842918557,,,0.0,0.0,0.014292149801993686,0,0,20,0,0,0.0,0,20,0,,,,,0.11687744708850663,,,,,
trial_0011,56,eval,,,,,,,0.631578947368421,1.9609764100689637,,,,,,,,,,,,,,,,,,,,,,
trial_0011,56,global,,,,0.2497425129594896,-0.015593038746141626,,,,,,,0,0,20,0,0,0.0,0,20,0,27,,0.12321981424148606,11.686801052979272,,,-0.8,1,0.8,1
trial_0011,57,train,,,0.251756229933272,,,0.07483325169441549,,,0.0,0.0,0.01810444222733458,0,0,21,1,0,0.0,0,20,0,,,,,0.0919322587945994,,,,,
trial_0011,57,eval,0.5789473684210527,0.5789473684210527,,,,,,,,,,,,,,,,,,,,2.1052631578947367,,,,0.0,,,,
trial_0011,57,global,,,,0.25180561432416765,-0.0176561401108197,,,,,,,0,0,21,0,0,0.0,0,21,0,27,,0.12693498452012383,12.94345491486068,,,-0.8,1,0.8,1
trial_0011,58,train,,,0.25180970385987705,,,0.07582009536154727,,,0.0,0.0,0.013128884101009118,0,0,22,1,0,0.0,0,21,0,,,,,0.08337417346762215,,,,,
trial_0011,58,eval,0.5789473684210527,0.631578947368421,,,,,,,,,,,,,,,,,,,,2.1052631578947367,,,,0.0,,,,
trial_0011,58,global,,,,0.2527113172754739,-0.01856184306212593,,,,,,,0,0,22,0,0,0.0,0,22,0,27,,0.12198142414860681,12.497980648076203,,,-0.8,1,0.8,1
trial_0011,59,train,,,0.25184899727080734,,,0.0744991086898966,,,0.0,0.0,0.014655618578879205,0,0,22,0,0,0.0,0,22,0,,,,,0.07427404168596928,,,,,
trial_0011,59,eval,,,,,,,0.6842105263157894,2.0072577532969023,,,,,,,,,,,,,,,,,,,,,,
trial_0011,59,global,,,,0.2499348970213516,-0.015785422808003637,,,,,,,0,0,22,0,0,0.0,0,22,0,27,,0.12755417956656348,13.135010771854743,,,-0.8,1,0.8,1
trial_0011,60,train,,,0.25190656521218885,,,0.07452651287647004,,,0.0,0.0,0.01159898200842671,0,0,22,0,0,0.0,0,22,0,,,,,0.06866702453649424,,,,,
trial_0011,60,eval,,,,,,,0.6842105263157894,2.0632162843095627,,,,,,,,,,,,,,,,,,,,,,
trial_0011,60,global,,,,0.24920615950082844,-0.015056685287480498,,,,,,,0,0,22,0,0,0.0,0,22,0,27,,0.12507739938080495,12.589032856377285,,,-0.8,1,0.8,1
trial_0011,61,train,,,0.251939057986787,,,0.07329223511066842,,,0.0,0.0,0.012223422785098864,0,0,22,0,0,0.0,0,22,0,,,,,0.05785025878155485,,,,,
trial_0011,61,eval,,,,,,,0.631578947368421,2.044117980881741,,,,,,,,,,,,,,,,,,,,,,
trial_0011,61,global,,,,0.24790273346258918,-0.011924269765930728,,,,,,,0,0,22,0,0,0.0,0,22,0,27,,0.13188854489164087,13.380864883281129,,,-0.8,1,0.8,1
trial_0011,62,train,,,0.2519701449794972,,,0.07408143104390895,,,0.0,0.0,0.010481498431026729,0,0,23,1,0,0.0,0,22,0,,,,,0.08731824640739472,,,,,
trial_0011,62,eval,0.47368421052631576,0.47368421052631576,,,,,,,,,,,,,,,,,,,,2.1052631578947367,,,,0.0,,,,
trial_0011,62,global,,,,0.24935972533780587,-0.013381261641147425,,,,,,,0,0,23,0,0,0.0,0,23,0,27,,0.12755417956656348,13.34914945714614,,,-0.8,1,0.8,1
trial_0011,63,train,,,0.25199840867773016,,,0.07344140651378225,,,0.0,0.0,0.014942634035833183,0,0,24,1,0,0.0,0,23,0,,,,,0.08169354262583434,,,,,
trial_0011,63,eval,0.5263157894736842,0.5263157894736842,,,,,,,,,,,,,,,,,,,,2.1052631578947367,,,,0.0,,,,
trial_0011,63,global,,,,0.2478188750772185,-0.011840411380560066,,,,,,,0,0,24,0,0,0.0,0,24,0,27,,0.13003095975232198,13.387360408062536,,,-0.8,1,0.8,1
trial_0011,64,train,,,0.2520297080912488,,,0.07487214879786713,,,0.0,0.0,0.010681449118729168,0,0,24,0,0,0.0,0,24,0,,,,,0.06517314782683202,,,,,
trial_0011,64,eval,,,,,,,0.631578947368421,1.9138417122395415,,,,,,,,,,,,,,,,,,,,,,
trial_0011,64,global,,,,0.24457715404987426,-0.008598690353215806,,,,,,,0,0,24,0,0,0.0,0,24,0,27,,0.1325077399380805,13.031113119686351,,,-0.8,1,0.8,1
trial_0011,65,train,,,0.2520500066432547,,,0.07453811295489046,,,0.0,0.0,0.010651098634890391,0,0,25,1,0,0.0,0,24,0,,,,,0.06039545254068488,,,,,
trial_0011,65,eval,0.5263157894736842,0.5263157894736842,,,,,,,,,,,,,,,,,,,,2.1052631578947367,,,,0.0,,,,
trial_0011,65,global,,,,0.24627524197545375,-0.009839530907967726,,,,,,,0,0,25,0,0,0.0,0,25,0,27,,0.13374613003095975,13.452883391483649,,,-0.8,1,0.8,1
trial_0011,66,train,,,0.2520781023071167,,,0.07435901114281188,,,0.0,0.0,0.010135289027907966,0,0,26,1,0,0.0,0,25,0,,,,,0.058242665772187584,,,,,
trial_0011,66,eval,0.5789473684210527,0.5789473684210527,,,,,,,,,,,,,,,,,,,,2.1052631578947367,,,,0.0,,,,
trial_0011,66,global,,,,0.24972921957823027,-0.011464519027433744,,,,,,,0,0,26,0,0,0.0,0,26,0,27,,0.1306501547987616,13.456449403556139,,,-0.8,1,0.8,1
trial_0011,67,train,,,0.25208874776008283,,,0.07452720530489658,,,0.0,0.0,0.01147883781702555,0,0,26,0,0,0.0,0,26,0,,,,,0.05407596274893334,,,,,
trial_0011,67,eval,,,,,,,0.5789473684210527,2.0491474621782175,,,,,,,,,,,,,,,,,,,,,,
trial_0011,67,global,,,,0.2538857130541305,-0.015621012503333982,,,,,,,0,0,26,0,0,0.0,0,26,0,27,,0.1281733746130031,13.398664444961785,,,-0.8,1,0.8,1
trial_0011,68,train,,,0.2521152540724328,,,0.07203141932791851,,,0.0,0.0,0.009613198940790794,0,0,26,0,0,0.0,0,26,0,,,,,0.04166470009120221,,,,,
trial_0011,68,eval,,,,,,,0.6842105263157894,1.9243009919790843,,,,,,,,,,,,,,,,,,,,,,
trial_0011,68,global,,,,0.24920142360266878,-0.00956498093938943,,,,,,,0,0,26,0,0,0.0,0,26,0,27,,0.13312693498452013,13.55618605953252,,,-0.8,1,0.8,1
trial_0011,69,train,,,0.252148929111501,,,0.07399221049978377,,,0.0,0.0,0.011608426668356108,0,0,26,0,0,0.0,0,26,0,,,,,0.06226177748015269,,,,,
trial_0011,69,eval,,,,,,,0.631578947368421,2.072739156453233,,,,,,,,,,,,,,,,,,,,,,
trial_0011,69,global,,,,0.25242644145620463,-0.01278999879292526,,,,,,,0,0,26,0,0,0.0,0,26,0,27,,0.1306501547987616,13.682320160762444,,,-0.8,1,0.8,1
trial_0011,70,train,,,0.2521717865416344,,,0.0716572365862258,,,0.0,0.0,0.008564239358027873,0,0,27,1,0,0.0,0,26,0,,,,,0.04023790701906732,,,,,
trial_0011,70,eval,0.5263157894736842,0.5263157894736842,,,,,,,,,,,,,,,,,,,,2.1052631578947367,,,,0.0,,,,
trial_0011,70,global,,,,0.24837644265609932,-0.008739999992819937,,,,,,,0,0,27,0,0,0.0,0,27,0,27,,0.13436532507739937,13.502069139037708,,,-0.8,1,0.8,1
trial_0011,71,train,,,0.2521841760645521,,,0.07259401488811411,,,0.0,0.0,0.0085246235241976,0,0,28,1,0,0.0,0,27,0,,,,,0.043898859124709956,,,,,
trial_0011,71,eval,0.5263157894736842,0.5263157894736842,,,,,,,,,,,,,,,,,,,,2.1052631578947367,,,,0.0,,,,
trial_0011,71,global,,,,0.2523857319817861,-0.012749289318506715,,,,,,,0,0,28,0,0,0.0,0,28,0,27,,0.1306501547987616,13.578907832567905,,,-0.8,1,0.8,1
trial_0011,72,train,,,0.25219902332792893,,,0.07030042371851333,,,0.0,0.0,0.00763177018834927,0,0,28,0,0,0.0,0,28,0,,,,,0.0407693795721106,,,,,
trial_0011,72,eval,,,,,,,0.6842105263157894,2.122271994618993,,,,,,,,,,,,,,,,,,,,,,
trial_0011,72,global,,,,0.2539222756773859,-0.012939031667305182,,,,,,,0,0,28,0,0,0.0,0,28,0,27,,0.12879256965944272,13.281036707638956,,,-0.8,1,0.8,1
trial_0011,73,train,,,0.25219858960902436,,,0.06988732802106978,,,0.0,0.0,0.007057314872787522,0,0,29,1,0,0.0,0,28,0,,,,,0.038388728251324056,,,,,
trial_0011,73,eval,0.5263157894736842,0.5263157894736842,,,,,,,,,,,,,,,,,,,,2.1052631578947367,,,,0.0,,,,
trial_0011,73,global,,,,0.245407014975833,-0.004423770965752283,,,,,,,0,0,29,0,0,0.0,0,29,0,27,,0.1393188854489164,14.131074670372364,,,-0.8,1,0.8,1
trial_0011,74,train,,,0.2522223236713004,,,0.0694674145668111,,,0.0,0.0,0.0077650463556408885,0,0,30,1,0,0.0,0,29,0,,,,,0.07551923947448425,,,,,
trial_0011,74,eval,0.631578947368421,0.5789473684210527,,,,,,,,,,,,,,,,,,,,2.1052631578947367,,,,0.15789473684210525,,,,
trial_0011,74,global,,,,0.24607869449641373,-0.0050954504863329805,,,,,,,0,0,30,0,0,0.25,0,30,0,27,,0.1386996904024768,13.963586444677583,,,-0.8,1,0.8,1
trial_0011,75,train,,,0.2522248105799898,,,0.06990660885547069,,,0.0,0.0,0.008736669593456606,0,0,30,0,0,0.25,0,30,0,,,,,0.039739690556567404,,,,,
trial_0011,75,eval,,,,,,,0.631578947368421,2.2363980689919307,,,,,,,,,,,,,,,,,,,,,,
trial_0011,75,global,,,,0.252310389646937,-0.011327145636856285,,,,,,,0,0,30,0,0,0.25,0,30,0,27,,0.13126934984520125,13.901685548197744,,,-0.8,1,0.8,1
trial_0011,76,train,,,0.2522239031943869,,,0.068523829921763,,,0.0,0.0,0.006533987439399155,0,0,30,0,0,0.25,0,30,0,,,,,0.032940340962538374,,,,,
trial_0011,76,eval,,,,,,,0.5789473684210527,2.3003473140691453,,,,,,,,,,,,,,,,,,,,,,
trial_0011,76,global,,,,0.2485163689870996,-0.007533124977018886,,,,,,,0,0,30,0,0,0.25,0,30,0,27,,0.13560371517027864,13.781873786855408,,,-0.8,1,0.8,1
trial_0011,77,train,,,0.25222033484184997,,,0.068173330514989,,,0.0,0.0,0.00602230059089476,0,0,30,0,0,0.25,0,30,0,,,,,0.030769397466978494,,,,,
trial_0011,77,eval,,,,,,,0.5789473684210527,2.31390242974617,,,,,,,,,,,,,,,,,,,,,,
trial_0011,77,global,,,,0.2473067684208184,-0.0063235244107376805,,,,,,,0,0,30,0,0,0.25,0,30,0,27,,0.1368421052631579,13.530752695750895,,,-0.8,1,0.8,1
trial_0011,78,train,,,0.2522113339063969,,,0.0665827101849495,,,0.0,0.0,0.005487356915081693,0,0,31,1,0,0.25,0,30,0,,,,,0.02614624811376029,,,,,
trial_0011,78,eval,0.5263157894736842,0.5263157894736842,,,,,,,,,,,,,,,,,,,,2.1052631578947367,,,,0.0,,,,
trial_0011,78,global,,,,0.24863069223507303,-0.005627246204790286,,,,,,,0,0,31,0,0,0.0,0,31,0,27,,0.13622291021671826,13.401036530013425,,,-0.8,1,0.8,1
trial_0011,79,train,,,0.25220707249134144,,,0.06564596929448717,,,0.0,0.0,0.005310414017313111,0,0,32,1,0,0.0,0,31,0,,,,,0.02585980245902976,,,,,
trial_0011,79,eval,0.5263157894736842,0.5263157894736842,,,,,,,,,,,,,,,,,,,,2.1052631578947367,,,,0.0,,,,
trial_0011,79,global,,,,0.25129288605255207,-0.008289440022269298,,,,,,,0,0,32,0,0,0.0,0,32,0,27,,0.13436532507739937,14.126050971536076,,,-0.8,1,0.8,1
trial_0011,80,train,,,0.2522224517578774,,,0.06647969116555882,,,0.0,0.0,0.005544179597045319,0,0,32,0,0,0.0,0,32,0,,,,,0.10735336790614307,,,,,
trial_0011,80,eval,,,,,,,0.5789473684210527,2.4383247808896398,,,,,,,,,,,,,,,,,,,,,,
trial_0011,80,global,,,,0.2521226138001296,-0.009119167769846868,,,,,,,0,0,32,0,0,0.0,0,32,0,27,,0.1325077399380805,13.425402165935505,,,-0.8,1,0.8,1
trial_0011,81,train,,,0.25221163034439087,,,0.06557582540714994,,,0.0,0.0,0.00456819565840712,0,0,33,1,0,0.0,0,32,0,,,,,0.023553334829456946,,,,,
trial_0011,81,eval,0.5789473684210527,0.5263157894736842,,,,,,,,,,,,,,,,,,,,2.1052631578947367,,,,0.15789473684210525,,,,
trial_0011,81,global,,,,0.25104817581694017,-0.008044729786657425,,,,,,,0,0,33,0,0,0.25,0,33,0,27,,0.13374613003095975,13.734252632070252,,,-0.8,1,0.8,1
trial_0011,82,train,,,0.25220391724972013,,,0.06406581148188165,,,0.0,0.0,0.004316832717124774,0,0,34,1,0,0.25,0,33,0,,,,,0.022126490626721937,,,,,
trial_0011,82,eval,0.5789473684210527,0.5263157894736842,,,,,,,,,,,,,,,,,,,,2.1052631578947367,,,,0.15789473684210525,,,,
trial_0011,82,global,,,,0.2503286222146883,-0.007325176184405581,,,,,,,0,0,34,0,0,0.25,0,34,0,27,,0.13436532507739937,13.749860880470866,,,-0.8,1,0.8,1
trial_0011,83,train,,,0.2522009081662969,,,0.06379688166557475,,,0.0,0.0,0.003951007556037091,0,0,34,0,0,0.25,0,34,0,,,,,0.020860484920125058,,,,,
trial_0011,83,eval,,,,,,,0.5789473684210527,2.4192227388879184,,,,,,,,,,,,,,,,,,,,,,
trial_0011,83,global,,,,0.2527064100940917,-0.009702964063808987,,,,,,,0,0,34,0,0,0.25,0,34,0,27,,0.13126934984520125,13.660265645597002,,,-0.8,1,0.8,1
trial_0011,84,train,,,0.25218478289056334,,,0.0630194329200907,,,0.0,0.0,0.003782373891946454,0,0,34,0,0,0.25,0,34,0,,,,,0.020324400083181704,,,,,
trial_0011,84,eval,,,,,,,0.631578947368421,2.443513716718084,,,,,,,,,,,,,,,,,,,,,,
trial_0011,84,global,,,,0.2478014175107455,-0.004797971480462732,,,,,,,0,0,34,0,0,0.25,0,34,0,27,,0.13746130030959752,13.886345023045967,,,-0.8,1,0.8,1
trial_0011,85,train,,,0.25217385970531625,,,0.06250655017000564,,,0.0,0.0,0.003657257197095959,0,0,34,0,0,0.25,0,34,0,,,,,0.018282585090244226,,,,,
trial_0011,85,eval,,,,,,,0.631578947368421,2.4825644797253372,,,,,,,,,,,,,,,,,,,,,,
trial_0011,85,global,,,,0.2512551452450939,-0.007578298541410471,,,,,,,0,0,34,0,0,0.25,0,34,0,27,,0.13374613003095975,13.46919815488644,,,-0.8,1,0.8,1
trial_0011,86,train,,,0.2521418038200825,,,0.06184738303752655,,,0.0,0.0,0.004175598361526933,0,0,35,1,0,0.25,0,34,0,,,,,0.01636859638012074,,,,,
trial_0011,86,eval,0.47368421052631576,0.47368421052631576,,,,,,,,,,,,,,,,,,,,2.1052631578947367,,,,0.0,,,,
trial_0011,86,global,,,,0.24792852068748406,-0.004251673983800664,,,,,,,0,0,35,0,0,0.0,0,35,0,27,,0.1386996904024768,13.683386802082829,,,-0.8,1,0.8,1
trial_0011,87,train,,,0.25211037378361884,,,0.06063360419679195,,,0.0,0.0,0.0038115984423131256,0,0,36,1,0,0.0,0,35,0,,,,,0.014748923281366202,,,,,
trial_0011,87,eval,0.47368421052631576,0.47368421052631576,,,,,,,,,,,,,,,,,,,,2.1052631578947367,,,,0.0,,,,
trial_0011,87,global,,,,0.24659570995170657,-0.0029188632480231544,,,,,,,0,0,36,0,0,0.0,0,36,0,27,,0.1393188854489164,13.839630915875036,,,-0.8,1,0.8,1
trial_0011,88,train,,,0.2520988704042232,,,0.06013899344079037,,,0.0,0.0,0.0034779867120263634,0,0,36,0,0,0.0,0,36,0,,,,,0.049709925106528434,,,,,
trial_0011,88,eval,,,,,,,0.5789473684210527,2.662619184212465,,,,,,,,,,,,,,,,,,,,,,
trial_0011,88,global,,,,0.2445087067530466,-0.000831860049363168,,,,,,,0,0,36,0,0,0.0,0,36,0,27,,0.1411764705882353,13.768623295361781,,,-0.8,1,0.8,1
trial_0011,89,train,,,0.2520712144831393,,,0.0593360535641934,,,0.0,0.0,0.0036836524621708614,0,0,37,1,0,0.0,0,36,0,,,,,0.014658598361556675,,,,,
trial_0011,89,eval,0.5789473684210527,0.5789473684210527,,,,,,,,,,,,,,,,,,,,2.1052631578947367,,,,0.0,,,,
trial_0011,89,global,,,,0.25373058029916923,-0.01005373359548581,,,,,,,0,0,37,0,0,0.0,0,37,0,27,,0.13126934984520125,13.90566997232821,,,-0.8,1,0.8,1
trial_0011,90,train,,,0.2520528220115824,,,0.058277581600432705,,,0.0,0.0,0.0035241907676886227,0,0,38,1,0,0.0,0,37,0,,,,,0.04151677199976241,,,,,
trial_0011,90,eval,0.5789473684210527,0.5789473684210527,,,,,,,,,,,,,,,,,,,,2.1052631578947367,,,,0.0,,,,
trial_0011,90,global,,,,0.2487419443503598,-0.005065097646676392,,,,,,,0,0,38,0,0,0.0,0,38,0,27,,0.1368421052631579,14.333005776420098,,,-0.8,1,0.8,1
trial_0012,1,train,,,0.2504132412656953,,,0.011868465514971487,,,0.0,0.0,0.002826578910698489,0,0,0,0,0,,0,0,0,,,,,2.198364117779309,,,,,
trial_0012,1,eval,,,,,,,0.3529411764705882,2.188349401249605,,,,,,,,,,,,,,,,,,,,,,
trial_0012,1,global,,,,,,,,,,,,0,0,0,0,0,,0,0,0,9,,0.12421052631578948,2.196899309660259,,,,,,
trial_0012,2,train,,,0.25035776631741585,,,0.014061320148691346,,,0.0,0.0,0.02140306418443311,0,0,0,0,0,,0,0,0,,,,,2.168165180351161,,,,,
trial_0012,2,eval,,,,,,,0.11764705882352941,2.1779868041767796,,,,,,,,,,,,,,,,,,,,,,
trial_0012,2,global,,,,0.015637860082304538,-0.004744613894940704,,,,,,,0,0,0,0,0,,0,0,0,9,,0.12,2.196199489894666,,,-0.07407407407407407,3,0.07407407407407407,3
trial_0012,3,train,,,0.25035106494456905,,,0.019246355076379416,,,0.0,0.0,0.02170872434065972,0,0,0,0,0,,0,0,0,,,,,2.090299851984917,,,,,
trial_0012,3,eval,,,,,,,0.058823529411764705,2.143256467931411,,,,,,,,,,,,,,,,,,,,,,
trial_0012,3,global,,,,0.032195594287097555,-0.021302348099733723,,,,,,,0,0,0,0,0,,0,0,0,9,,0.1031578947368421,2.2272650211735776,,,-0.11764705882352944,0,0.21568627450980393,0
trial_0012,4,train,,,0.2504075007348121,,,0.02692285189522973,,,0.0,0.0,0.028163590430741826,0,0,0,0,0,,0,0,0,,,,,1.9490179422535472,,,,,
trial_0012,4,eval,,,,,,,0.1764705882352941,2.1163286321303425,,,,,,,,,,,,,,,,,,,,,,
trial_0012,4,global,,,,0.05495037521181313,-0.004106364006298835,,,,,,,0,0,0,0,0,,0,0,0,9,,0.12210526315789473,2.219266969279239,,,-0.22222222222222232,1,0.23529411764705882,0
trial_0012,5,train,,,0.25044890257376656,,,0.03261728075486195,,,0.0,0.0,0.025058678781637284,0,0,0,0,0,,0,0,0,,,,,1.7257701511624495,,,,,
trial_0012,5,eval,,,,,,,0.1764705882352941,2.194601122070761,,,,,,,,,,,,,,,,,,,,,,
trial_0012,5,global,,,,0.05551571450132133,-0.004671703295807033,,,,,,,0,0,0,0,0,,0,0,0,9,,0.12,2.367215656481291,,,-0.13725490196078433,0,0.23529411764705882,0
trial_0012,6,train,,,0.2504492869860009,,,0.03784981709492358,,,0.0,0.0,0.030415619593820997,0,0,0,0,0,,0,0,0,,,,,1.622038795072821,,,,,
trial_0012,6,eval,,,,,,,0.29411764705882354,2.1601569091572483,,,,,,,,,,,,,,,,,,,,,,
trial_0012,6,global,,,,0.04313725490196079,0.07206204666576115,,,,,,,0,0,0,0,0,,0,0,0,9,,0.19789473684210526,2.299108143856651,,,-0.1568627450980392,0,0.2549019607843137,0
trial_0012,7,train,,,0.25045031007332136,,,0.04107560556900652,,,0.0,0.0,0.027998008593162406,0,0,0,0,0,,0,0,0,,,,,1.4614368200302124,,,,,
trial_0012,7,eval,,,,,,,0.411764705882353,2.3297639313866108,,,,,,,,,,,,,,,,,,,,,,
trial_0012,7,global,,,,0.08019569489893469,0.04037995075480874,,,,,,,0,0,0,0,0,,0,0,0,9,,0.16842105263157894,2.5497040352068447,,,-0.13333333333333341,1,0.196078431372549,0
trial_0012,8,train,,,0.2504497736315184,,,0.04289197223850444,,,0.0,0.0,0.03685911716068093,0,0,0,0,0,,0,0,0,,,,,1.334520565256288,,,,,
trial_0012,8,eval,,,,,,,0.4705882352941177,2.2379070099662335,,,,,,,,,,,,,,,,,,,,,,
trial_0012,8,global,,,,0.058318096633577024,0.06225754902016642,,,,,,,0,0,0,0,0,,0,0,0,9,,0.18947368421052632,2.563446213069715,,,-0.1777777777777778,1,0.1777777777777778,1
trial_0012,9,train,,,0.2504737437525882,,,0.04504232693322097,,,0.0,0.0,0.036875219152698036,0,0,1,1,0,,0,0,0,,,,,1.1078014958885651,,,,,
trial_0012,9,eval,0.3529411764705882,0.3529411764705882,,,,,,,,,,,,,,,,,,,,2.8823529411764706,,,,0.0,,,,
trial_0012,9,global,,,,0.06023623905086898,0.06251805584034723,,,,,,,0,0,1,0,0,0.0,0,1,0,9,,0.18736842105263157,2.7961330293354236,,,-0.1777777777777778,1,0.1777777777777778,1
trial_0012,10,train,,,0.25047944391830057,,,0.04753300641910939,,,0.0,0.0,0.03814728571738624,0,0,1,0,0,0.0,0,1,0,,,,,0.9936638968654825,,,,,
trial_0012,10,eval,,,,,,,0.411764705882353,2.282968458007364,,,,,,,,,,,,,,,,,,,,,,
trial_0012,10,global,,,,0.05149303620715314,0.07997968858475897,,,,,,,0,0,1,0,0,0.0,0,1,0,9,,0.2063157894736842,2.8337670215807464,,,-0.24444444444444446,1,0.24444444444444446,1
trial_0012,11,train,,,0.25040010865344553,,,0.024772352257440254,,,0.0,0.0,0.04867579382952586,0,0,1,0,0,0.0,0,1,0,,,,,16.329909820334855,,,,,
trial_0012,11,eval,,,,,,,0.15789473684210525,4.61712468297858,,,,,,,,,,,,,,,,,,,,,,
trial_0012,11,global,,,,0.2555747112655139,-0.12410198647360178,,,,,,,0,0,1,0,0,0.0,0,1,0,18,,0.07272727272727272,6.278290940243662,,,-0.7111111111111111,1,0.7111111111111111,1
trial_0012,12,train,,,0.2503089242896368,,,0.03485698651435763,,,0.0,1.0,0.19654941903643833,0,0,1,0,0,0.0,0,1,0,,,,,3.2479781940925947,,,,,
trial_0012,12,eval,,,,,,,0.05263157894736842,2.9727188411511873,,,,,,,,,,,,,,,,,,,,,,
trial_0012,12,global,,,,0.14943319839270572,-0.062219380785519265,,,,,,,0,0,1,0,0,0.0,0,1,0,18,,0.0708133971291866,5.014283955040161,,,-0.6000000000000001,1,0.6000000000000001,1
trial_0012,13,train,,,0.25029851322950314,,,0.03391902633877687,,,0.0,0.3488372093023256,0.09786901435879775,0,0,1,0,0,0.0,0,1,0,,,,,1.939458735599074,,,,,
trial_0012,13,eval,,,,,,,0.15789473684210525,2.1900225438569723,,,,,,,,,,,,,,,,,,,,,,
trial_0012,13,global,,,,0.16582617859780394,-0.04571003849287933,,,,,,,0,0,1,0,0,0.0,0,1,0,18,,0.09282296650717703,4.813153927862359,,,-0.8,1,0.8,1
trial_0012,14,train,,,0.25027762145497073,,,0.03308966201405192,,,0.0,0.09302325581395349,0.06499190693504589,0,0,2,1,0,0.0,0,1,0,,,,,1.718320438057877,,,,,
trial_0012,14,eval,0.15789473684210525,0.15789473684210525,,,,,,,,,,,,,,,,,,,,1.6842105263157894,,,,0.0,,,,
trial_0012,14,global,,,,0.1738767276614249,-0.04235677372702135,,,,,,,0,0,2,0,0,0.0,0,2,0,18,,0.09760765550239234,5.19859486447567,,,-0.8,1,0.8,1
trial_0012,15,train,,,0.25027494409749673,,,0.03449152721915134,,,0.09302325581395349,0.0,0.062374857431927395,0,0,2,0,0,0.0,0,2,0,,,,,1.5783242573571759,,,,,
trial_0012,15,eval,,,,,,,0.2631578947368421,1.9529088861063904,,,,,,,,,,,,,,,,,,,,,,
trial_0012,15,global,,,,0.17602181689801738,-0.0352426037043546,,,,,,,0,0,2,0,0,0.0,0,2,0,18,,0.10334928229665072,4.951405799217771,,,-0.8,1,0.8,1
trial_0012,16,train,,,0.2502745100578596,,,0.03524311787860338,,,0.0,0.0,0.049599222847542104,0,0,2,0,0,0.0,0,2,0,,,,,1.36930810060612,,,,,
trial_0012,16,eval,,,,,,,0.3157894736842105,2.241165098391081,,,,,,,,,,,,,,,,,,,,,,
trial_0012,16,global,,,,0.15857226693212756,-0.013634356700268514,,,,,,,0,0,2,0,0,0.0,0,2,0,18,,0.12727272727272726,5.3347810284372725,,,-0.8,1,0.8,1
trial_0012,17,train,,,0.2502976706208185,,,0.03714709295782932,,,0.0,0.09302325581395349,0.050904423973068255,0,0,3,1,0,0.0,0,2,0,,,,,1.326401089928871,,,,,
trial_0012,17,eval,0.21052631578947367,0.15789473684210525,,,,,,,,,,,,,,,,,,,,1.6842105263157894,,,,0.2631578947368421,,,,
trial_0012,17,global,,,,0.17639235619196642,-0.026310413038296676,,,,,,,0,0,3,0,0,0.25,0,3,0,18,,0.11291866028708133,5.111871785980663,,,-0.8,1,0.8,1
trial_0012,18,train,,,0.2503243658778279,,,0.03890320520068324,,,0.0,0.0,0.042798567623939625,0,0,3,0,0,0.25,0,3,0,,,,,1.1852858271709708,,,,,
trial_0012,18,eval,,,,,,,0.3684210526315789,2.1104014108055513,,,,,,,,,,,,,,,,,,,,,,
trial_0012,18,global,,,,0.16042714856009213,-0.009562732792963846,,,,,,,0,0,3,0,0,0.25,0,3,0,18,,0.13110047846889952,5.510282108544162,,,-0.8,1,0.8,1
trial_0012,19,train,,,0.250366231729818,,,0.04118012065111205,,,0.0,0.09302325581395349,0.045850211070027465,0,0,3,0,0,0.25,0,3,0,,,,,1.1722603081270704,,,,,
trial_0012,19,eval,,,,,,,0.3684210526315789,1.7504643390053196,,,,,,,,,,,,,,,,,,,,,,
trial_0012,19,global,,,,0.16764102998689814,-0.010977886198819642,,,,,,,0,0,3,0,0,0.25,0,3,0,18,,0.1291866028708134,5.255240066199782,,,-0.8,1,0.8,1
trial_0012,20,train,,,0.2504106543438379,,,0.04358884900115257,,,0.0,0.0,0.03937440406271192,0,0,3,0,0,0.25,0,3,0,,,,,1.0545332984868871,,,,,
trial_0012,20,eval,,,,,,,0.3684210526315789,2.118152819181743,,,,,,,,,,,,,,,,,,,,,,
trial_0012,20,global,,,,0.1628491097411438,-0.006185965953065277,,,,,,,0,0,3,0,0,0.25,0,3,0,18,,0.13492822966507176,5.737505581048117,,,-0.8,1,0.8,1
trial_0012,21,train,,,0.250476210992387,,,0.06584306536836827,,,0.0,0.0,0.026989757162617957,0,0,3,0,0,0.25,0,3,0,,,,,17.28559608662382,,,,,
trial_0012,21,eval,,,,,,,0.21052631578947367,2.1983535038797477,,,,,,,,,,,,,,,,,,,,,,
trial_0012,21,global,,,,0.27102532864874446,-0.11436218486066593,,,,,,,0,0,3,0,0,0.25,0,3,0,27,,0.05820433436532508,7.098273538878828,,,-0.8,1,0.8,1
trial_0012,22,train,,,0.2504448564128673,,,0.0498779130742905,,,0.0,1.0,0.19460258532236235,0,0,4,1,0,0.25,0,3,0,,,,,2.1840470387580546,,,,,
trial_0012,22,eval,0.21052631578947367,0.21052631578947367,,,,,,,,,,,,,,,,,,,,2.1052631578947367,,,,0.3684210526315789,,,,
trial_0012,22,global,,,,0.22086115693758618,-0.07101091307667437,,,,,,,0,0,4,0,0,0.25,0,4,0,27,,0.0693498452012384,8.462709484749903,,,-0.8070175438596491,22,0.8070175438596491,22
trial_0012,23,train,,,0.25043088292821925,,,0.05147382553587568,,,0.0,0.0,0.032346891492922254,0,0,5,1,0,0.25,0,4,0,,,,,1.6171125094941323,,,,,
trial_0012,23,eval,0.21052631578947367,0.21052631578947367,,,,,,,,,,,,,,,,,,,,2.1052631578947367,,,,0.0,,,,
trial_0012,23,global,,,,0.24247025049496418,-0.06534544946819086,,,,,,,0,0,5,0,0,0.0,0,5,0,27,,0.07244582043343653,8.782735131325737,,,-0.8,1,0.8,1
trial_0012,24,train,,,0.25041713169280516,,,0.0512969138774466,,,0.0,0.0,0.04242555884287713,0,0,5,0,0,0.0,0,5,0,,,,,1.3959309590623734,,,,,
trial_0012,24,eval,,,,,,,0.47368421052631576,1.7062687309164748,,,,,,,,,,,,,,,,,,,,,,
trial_0012,24,global,,,,0.2383391305559107,-0.05093579534601563,,,,,,,0,0,5,0,0,0.0,0,5,0,27,,0.09226006191950464,8.702596275872859,,,-0.8,1,0.8,1
trial_0012,25,train,,,0.25040676080166024,,,0.05296464422915844,,,0.0,0.0,0.03278742986632154,0,0,6,1,0,0.0,0,5,0,,,,,1.226383853212316,,,,,
trial_0012,25,eval,0.47368421052631576,0.5263157894736842,,,,,,,,,,,,,,,,,,,,2.1052631578947367,,,,0.0,,,,
trial_0012,25,global,,,,0.23387749941199162,-0.0440040343836039,,,,,,,0,0,6,0,0,0.0,0,6,0,27,,0.0978328173374613,8.798827718728836,,,-0.8,1,0.8,1
trial_0012,26,train,,,0.25037151289747117,,,0.05294223541909076,,,0.0,0.0,0.036439381032548054,0,0,6,0,0,0.0,0,6,0,,,,,1.032084779409652,,,,,
trial_0012,26,eval,,,,,,,0.5263157894736842,1.5820361689517373,,,,,,,,,,,,,,,,,,,,,,
trial_0012,26,global,,,,0.23431809473662923,-0.03500357302161686,,,,,,,0,0,6,0,0,0.0,0,6,0,27,,0.10773993808049535,8.94951850253362,,,-0.8,1,0.8,1
trial_0012,27,train,,,0.2503443154248785,,,0.05416270773461524,,,0.0,0.0,0.036411607380401584,0,0,6,0,0,0.0,0,6,0,,,,,0.9048743065367353,,,,,
trial_0012,27,eval,,,,,,,0.47368421052631576,1.602689736767819,,,,,,,,,,,,,,,,,,,,,,
trial_0012,27,global,,,,0.23837286380856082,-0.03718380488970731,,,,,,,0,0,6,0,0,0.0,0,6,0,27,,0.1065015479876161,8.951723936098649,,,-0.8,1,0.8,1
trial_0012,28,train,,,0.25033470195658664,,,0.05585488042932875,,,0.0,0.0,0.034827797844054854,0,0,6,0,0,0.0,0,6,0,,,,,0.8301182651773412,,,,,
trial_0012,28,eval,,,,,,,0.47368421052631576,1.6075260858786733,,,,,,,,,,,,,,,,,,,,,,
trial_0012,28,global,,,,0.23741233043002588,-0.034222814263801575,,,,,,,0,0,6,0,0,0.0,0,6,0,27,,0.10835913312693499,8.963245746151951,,,-0.8,1,0.8,1
trial_0012,29,train,,,0.25033758453866267,,,0.05788091649400427,,,0.0,0.0,0.033982745950367856,0,0,6,0,0,0.0,0,6,0,,,,,0.7615734792770223,,,,,
trial_0012,29,eval,,,,,,,0.5263157894736842,1.6226808852271029,,,,,,,,,,,,,,,,,,,,,,
trial_0012,29,global,,,,0.23990184541779452,-0.035365527904768886,,,,,,,0,0,6,0,0,0.0,0,6,0,27,,0.10712074303405572,9.052428648863046,,,-0.8,1,0.8,1
trial_0012,30,train,,,0.2503515837040353,,,0.058986544609069824,,,0.0,0.0,0.033691720256304486,0,0,7,1,0,0.0,0,6,0,,,,,0.6961120968803447,,,,,
trial_0012,30,eval,0.42105263157894735,0.47368421052631576,,,,,,,,,,,,,,,,,,,,2.1052631578947367,,,,0.0,,,,
trial_0012,30,global,,,,0.24315469560221561,-0.03861837808918996,,,,,,,0,0,7,0,0,0.0,0,7,0,27,,0.10526315789473684,9.309254767355904,,,-0.8,1,0.8,1
trial_0012,31,train,,,0.2503675704306745,,,0.06070848348292898,,,0.0,0.0,0.03247708232003324,0,0,8,1,0,0.0,0,7,0,,,,,0.6371199453764773,,,,,
trial_0012,31,eval,0.42105263157894735,0.42105263157894735,,,,,,,,,,,,,,,,,,,,2.1052631578947367,,,,0.0,,,,
trial_0012,31,global,,,,0.24443783236293523,-0.039901514849909565,,,,,,,0,0,8,0,0,0.0,0,8,0,27,,0.10340557275541795,9.545035907284763,,,-0.8,1,0.8,1
trial_0012,32,train,,,0.25038999192258143,,,0.06198016823606288,,,0.0,0.0,0.031937719215738014,0,0,8,0,0,0.0,0,8,0,,,,,0.5881851036497887,,,,,
trial_0012,32,eval,,,,,,,0.5789473684210527,1.6039288640022276,,,,,,,,,,,,,,,,,,,,,,
trial_0012,32,global,,,,0.24268783587327153,-0.03724158519897263,,,,,,,0,0,8,0,0,0.0,0,8,0,27,,0.1065015479876161,9.830929652825228,,,-0.8,1,0.8,1
trial_0012,33,train,,,0.2504140026074775,,,0.06396757288182035,,,0.0,0.0,0.030890545772111165,0,0,9,1,0,0.0,0,8,0,,,,,0.5438992438164163,,,,,
trial_0012,33,eval,0.42105263157894735,0.47368421052631576,,,,,,,,,,,,,,,,,,,,2.1052631578947367,,,,0.0,,,,
trial_0012,33,global,,,,0.24350942834811148,-0.03806317767381256,,,,,,,0,0,9,0,0,0.0,0,9,0,27,,0.10526315789473684,9.998135085445439,,,-0.8,1,0.8,1
trial_0012,34,train,,,0.2504466508931302,,,0.06548746342354632,,,0.0,0.0,0.030801749316618804,0,0,10,1,0,0.0,0,9,0,,,,,0.5051528638981757,,,,,
trial_0012,34,eval,0.42105263157894735,0.42105263157894735,,,,,,,,,,,,,,,,,,,,2.1052631578947367,,,,0.0,,,,
trial_0012,34,global,,,,0.24027729488248362,-0.033081666371850366,,,,,,,0,0,10,0,0,0.0,0,10,0,27,,0.1108359133126935,10.20607987395012,,,-0.8,1,0.8,1
trial_0012,35,train,,,0.25048762876936725,,,0.06773686345587385,,,0.0,0.0,0.03009583233915111,0,0,10,0,0,0.0,0,10,0,,,,,0.46787737772819843,,,,,
trial_0012,35,eval,,,,,,,0.47368421052631576,1.6100200524455621,,,,,,,,,,,,,,,,,,,,,,
trial_0012,35,global,,,,0.24156432840918438,-0.0343686998985511,,,,,,,0,0,10,0,0,0.0,0,10,0,27,,0.10959752321981424,10.265944638562276,,,-0.8,1,0.8,1
trial_0012,36,train,,,0.25052885647783885,,,0.06920462022436426,,,0.0,0.0,0.029892645090659888,0,0,10,0,0,0.0,0,10,0,,,,,0.43228553650861085,,,,,
trial_0012,36,eval,,,,,,,0.5263157894736842,1.6396240395934956,,,,,,,,,,,,,,,,,,,,,,
trial_0012,36,global,,,,0.2393581167961021,-0.030358439567839884,,,,,,,0,0,10,0,0,0.0,0,10,0,27,,0.11331269349845201,10.38603438386238,,,-0.8,1,0.8,1
trial_0012,37,train,,,0.2505693868436712,,,0.0705602245127901,,,0.0,0.0,0.029578805233332076,0,0,10,0,0,0.0,0,10,0,,,,,0.4003985403383032,,,,,
trial_0012,37,eval,,,,,,,0.47368421052631576,1.670225017164883,,,,,,,,,,,,,,,,,,,,,,
trial_0012,37,global,,,,0.23943031374939067,-0.02992327984938822,,,,,,,0,0,10,0,0,0.0,0,10,0,27,,0.11331269349845201,10.481762284317252,,,-0.8,1,0.8,1
trial_0012,38,train,,,0.2506094662115929,,,0.07167770634306238,,,0.0,0.0,0.029067680820267894,0,0,11,1,0,0.0,0,10,0,,,,,0.36682674076328886,,,,,
trial_0012,38,eval,0.42105263157894735,0.42105263157894735,,,,,,,,,,,,,,,,,,,,2.1052631578947367,,,,0.15789473684210525,,,,
trial_0012,38,global,,,,0.23779927138043266,-0.027618836807029538,,,,,,,0,0,11,0,0,0.25,0,11,0,27,,0.11578947368421053,10.630923166658857,,,-0.8,1,0.8,1
trial_0012,39,train,,,0.25064045127401957,,,0.07217680520199715,,,0.0,0.0,0.028888853266835216,0,0,12,1,0,0.25,0,11,0,,,,,0.3396870250714586,,,,,
trial_0012,39,eval,0.47368421052631576,0.42105263157894735,,,,,,,,,,,,,,,,,,,,2.1052631578947367,,,,0.15789473684210525,,,,
trial_0012,39,global,,,,0.24009608726137996,-0.026473599254379348,,,,,,,0,0,12,0,0,0.25,0,12,0,27,,0.11702786377708978,10.803208998925177,,,-0.8,1,0.8,1
trial_0012,40,train,,,0.25068504188923124,,,0.07360696982830128,,,0.0,0.0,0.027277260881036207,0,0,12,0,0,0.25,0,12,0,,,,,0.3024768462840547,,,,,
trial_0012,40,eval,,,,,,,0.5789473684210527,1.796033475744097,,,,,,,,,,,,,,,,,,,,,,
trial_0012,40,global,,,,0.23586310547631384,-0.021469012531041602,,,,,,,0,0,12,0,0,0.25,0,12,0,27,,0.12074303405572756,10.814087778569744,,,-0.8,1,0.8,1
trial_0012,41,train,,,0.2507154759257398,,,0.0727295659958048,,,0.0,0.0,0.028261784816834522,0,0,13,1,0,0.25,0,12,0,,,,,0.2918213274250639,,,,,
trial_0012,41,eval,0.5263157894736842,0.47368421052631576,,,,,,,,,,,,,,,,,,,,2.1052631578947367,,,,0.15789473684210525,,,,
trial_0012,41,global,,,,0.2423764440735474,-0.026967637784794697,,,,,,,0,0,13,0,0,0.25,0,13,0,27,,0.11640866873065016,11.28381333247796,,,-0.8,1,0.8,1
trial_0012,42,train,,,0.2507651820778847,,,0.07576563764125742,,,0.0,0.0,0.025629100472012417,0,0,14,1,0,0.25,0,13,0,,,,,0.25010514918794025,,,,,
trial_0012,42,eval,0.5789473684210527,0.47368421052631576,,,,,,,,,,,,,,,,,,,,2.1052631578947367,,,,0.42105263157894735,,,,
trial_0012,42,global,,,,0.29747834808709683,-0.06757678817515574,,,,,,,1,1,14,0,0,0.5,1,13,0,27,,0.06687306501547988,6.6422770969638885,,,-0.8421052631578947,22,0.8421052631578947,22
trial_0012,43,train,,,0.25075614905055565,,,0.07410717387742634,,,0.0,0.0,0.026423208836371767,1,1,14,0,0,0.5,1,13,0,,,,,0.2467118287011038,,,,,
trial_0012,43,eval,,,,,,,0.631578947368421,1.8115012708463165,,,,,,,,,,,,,,,,,,,,,,
trial_0012,43,global,,,,0.2738127864532607,-0.03863276578340677,,,,,,,1,1,14,0,0,0.5,1,13,0,27,,0.10340557275541795,12.133543641648425,,,-0.8,1,0.8,1
trial_0012,44,train,,,0.25081162122969936,,,0.07311282322761861,,,0.0,0.0,0.029990408967863376,1,1,14,0,0,0.5,1,13,0,,,,,0.2579875563211898,,,,,
trial_0012,44,eval,,,,,,,0.5789473684210527,1.9093380491984515,,,,,,,,,,,,,,,,,,,,,,
trial_0012,44,global,,,,0.26252244350837484,-0.025799212961977677,,,,,,,1,0,14,0,0,0.5,0,13,1,27,,0.11331269349845201,11.750231113965297,,,-0.8,1,0.8,1
trial_0012,45,train,,,0.25082650970905385,,,0.07318225820013818,,,0.0,0.0,0.02944687457279639,1,0,14,0,0,0.5,0,13,1,,,,,0.23703624710757681,,,,,
trial_0012,45,eval,,,,,,,0.5789473684210527,1.8004321440270072,,,,,,,,,,,,,,,,,,,,,,
trial_0012,45,global,,,,0.2657280640093092,-0.028090338721256842,,,,,,,1,0,14,0,0,0.5,0,13,1,27,,0.11702786377708978,12.12795953898238,,,-0.8,1,0.8,1
trial_0012,46,train,,,0.25087313972255015,,,0.0762363703961068,,,0.0,0.0,0.024853983044406364,1,0,15,1,0,0.5,0,13,1,,,,,0.21776966221155006,,,,,
trial_0012,46,eval,0.47368421052631576,0.42105263157894735,,,,,,,,,,,,,,,,,,,,2.1052631578947367,,,,0.21052631578947367,,,,
trial_0012,46,global,,,,0.28593291345413757,-0.04829518816608522,,,,,,,2,1,15,0,0,0.5,1,13,1,27,,0.0934984520123839,9.14415017237235,,,-0.8,1,0.8,1
trial_0012,47,train,,,0.25089718103408815,,,0.06250690732683453,,,0.0,0.0,0.026869105482473975,2,1,15,0,0,0.5,1,13,1,,,,,0.23155659119997707,,,,,
trial_0012,47,eval,,,,,,,0.5789473684210527,1.8797522547997927,,,,,,,,,,,,,,,,,,,,,,
trial_0012,47,global,,,,0.2651911330479914,-0.027553407759939055,,,,,,,2,1,15,0,0,0.5,1,13,1,27,,0.11207430340557276,12.241825269102682,,,-0.8,1,0.8,1
trial_0012,48,train,,,0.2509555385467854,,,0.07305700157551055,,,0.0,0.0,0.02405010583795647,2,1,15,0,0,0.5,1,13,1,,,,,0.16740767931208964,,,,,
trial_0012,48,eval,,,,,,,0.5789473684210527,1.9214937137930015,,,,,,,,,,,,,,,,,,,,,,
trial_0012,48,global,,,,0.26707575476768547,-0.02943802947963309,,,,,,,2,1,15,0,0,0.5,1,13,1,27,,0.11145510835913312,12.40676458494582,,,-0.8,1,0.8,1
trial_0012,49,train,,,0.2510007984460668,,,0.07222008831957553,,,0.0,0.0,0.02170547583942956,2,1,15,0,0,0.5,1,13,1,,,,,0.16370612920281735,,,,,
trial_0012,49,eval,,,,,,,0.6842105263157895,1.8681277428802692,,,,,,,,,,,,,,,,,,,,,,
trial_0012,49,global,,,,0.2638621436127427,-0.024204216304488303,,,,,,,2,1,15,0,1,0.5,0,13,1,27,,0.11517027863777089,12.307812705497623,,,-0.8,1,0.8,1
trial_0012,50,train,,,0.25104297570725703,,,0.07268626258728351,,,0.0,0.0,0.01948877754101054,2,1,16,1,1,0.5,0,13,1,,,,,0.14643592741736705,,,,,
trial_0012,50,eval,0.42105263157894735,0.47368421052631576,,,,,,,,,,,,,,,,,,,,2.1052631578947367,,,,0.0,,,,
trial_0012,50,global,,,,0.2694449724970393,-0.02978704518878496,,,,,,,2,1,16,0,1,0.0,0,14,1,27,,0.10959752321981424,12.915929835647253,,,-0.8,1,0.8,1
trial_0012,51,train,,,0.251073659734523,,,0.07250766297604175,,,0.0,0.0,0.02279985394834125,2,1,17,1,1,0.0,0,14,1,,,,,0.14428822945882666,,,,,
trial_0012,51,eval,0.5789473684210527,0.5263157894736842,,,,,,,,,,,,,,,,,,,,2.1052631578947367,,,,0.15789473684210525,,,,
trial_0012,51,global,,,,0.2650406392971674,-0.021267485651464458,,,,,,,2,1,17,0,1,0.25,0,15,1,27,,0.12074303405572756,12.22421444399807,,,-0.8,1,0.8,1
trial_0012,52,train,,,0.25111081720666684,,,0.07425989242310219,,,0.0,0.0851063829787234,0.022812243379860566,2,1,18,1,1,0.25,0,15,1,,,,,0.1761514638174087,,,,,
trial_0012,52,eval,0.5263157894736842,0.47368421052631576,,,,,,,,,,,,,,,,,,,,2.1052631578947367,,,,0.15789473684210525,,,,
trial_0012,52,global,,,,0.263758980609122,-0.019985826963419075,,,,,,,2,1,18,0,1,0.25,0,16,1,27,,0.12012383900928793,12.116942218508882,,,-0.8,1,0.8,1
trial_0012,53,train,,,0.2511603642017284,,,0.07424611106831977,,,0.0,0.0,0.01957575603650804,2,1,19,1,1,0.25,0,16,1,,,,,0.14994290813486627,,,,,
trial_0012,53,eval,0.47368421052631576,0.5263157894736842,,,,,,,,,,,,,,,,,,,,2.1052631578947367,,,,0.0,,,,
trial_0012,53,global,,,,0.26483975547265204,-0.018372999133346415,,,,,,,2,1,19,0,1,0.0,0,17,1,27,,0.12136222910216718,11.723372650146484,,,-0.8,1,0.8,1
trial_0012,54,train,,,0.2511807153833673,,,0.07533901803036953,,,0.0,0.0,0.020044730094192116,2,1,19,0,1,0.0,0,17,1,,,,,0.13143591913295552,,,,,
trial_0012,54,eval,,,,,,,0.5263157894736842,1.8426290521104085,,,,,,,,,,,,,,,,,,,,,,
trial_0012,54,global,,,,0.27174905684921635,-0.02460889983651004,,,,,,,2,1,19,0,1,0.0,0,17,1,27,,0.11578947368421053,11.668883235683381,,,-0.8,1,0.8,1
trial_0012,55,train,,,0.25121693852099963,,,0.07394534729896708,,,0.0,0.0,0.021056390026252363,2,1,19,0,1,0.0,0,17,1,,,,,0.10252796946529379,,,,,
trial_0012,55,eval,,,,,,,0.631578947368421,1.9759686597083743,,,,,,,,,,,,,,,,,,,,,,
trial_0012,55,global,,,,0.2682721040881696,-0.02113194707546328,,,,,,,2,1,19,0,1,0.0,0,17,1,27,,0.11702786377708978,11.717666718096186,,,-0.8,1,0.8,1
trial_0012,56,train,,,0.25125678327489404,,,0.07322233027600226,,,0.0,0.0,0.018974537968368052,2,1,19,0,1,0.0,0,17,1,,,,,0.1041865281404016,,,,,
trial_0012,56,eval,,,,,,,0.631578947368421,1.7426258529487408,,,,,,,,,,,,,,,,,,,,,,
trial_0012,56,global,,,,0.2676609551034548,-0.020520798090748464,,,,,,,2,1,19,0,1,0.0,0,17,1,27,,0.1195046439628483,12.01472564319339,,,-0.8,1,0.8,1
trial_0012,57,train,,,0.25129631732372526,,,0.07104847532637576,,,0.0,0.0,0.01823758307505062,2,1,19,0,1,0.0,0,17,1,,,,,0.0944633837472251,,,,,
trial_0012,57,eval,,,,,,,0.631578947368421,1.9770129177915425,,,,,,,,,,,,,,,,,,,,,,
trial_0012,57,global,,,,0.2677760522080953,-0.020635895195389026,,,,,,,2,1,19,0,1,0.0,0,17,1,27,,0.12012383900928793,12.187224156051967,,,-0.8,1,0.8,1
trial_0012,58,train,,,0.251327135778488,,,0.07010857348746441,,,0.0,0.0,0.016306005021869303,2,1,20,1,1,0.0,0,17,1,,,,,0.09291784582619972,,,,,
trial_0012,58,eval,0.5263157894736842,0.5263157894736842,,,,,,,,,,,,,,,,,,,,2.1052631578947367,,,,0.0,,,,
trial_0012,58,global,,,,0.2675229038844697,-0.020382746871763408,,,,,,,2,1,20,0,1,0.0,0,18,1,27,,0.12136222910216718,12.510984795159969,,,-0.8,1,0.8,1
trial_0012,59,train,,,0.2513596599406384,,,0.06928207265569808,,,0.0,0.0,0.013459036875877808,2,1,21,1,1,0.0,0,18,1,,,,,0.06501330175298325,,,,,
trial_0012,59,eval,0.5263157894736842,0.5789473684210527,,,,,,,,,,,,,,,,,,,,2.1052631578947367,,,,0.0,,,,
trial_0012,59,global,,,,0.2659294681297292,-0.018789311117022867,,,,,,,2,1,21,0,1,0.0,0,19,1,27,,0.12136222910216718,12.540489997509463,,,-0.8,1,0.8,1
trial_0012,60,train,,,0.25138395073566033,,,0.06860053158820945,,,0.0,0.0,0.014798717934420294,2,1,22,1,1,0.0,0,19,1,,,,,0.06931719160143365,,,,,
trial_0012,60,eval,0.5789473684210527,0.5263157894736842,,,,,,,,,,,,,,,,,,,,2.1052631578947367,,,,0.15789473684210525,,,,
trial_0012,60,global,,,,0.26944470051344493,-0.02230454350073861,,,,,,,2,1,22,0,1,0.25,0,20,1,27,,0.1195046439628483,12.873558880596338,,,-0.8,1,0.8,1
trial_0012,61,train,,,0.25140792194833145,,,0.06747738034167187,,,0.0,0.0,0.012516373218819897,2,1,23,1,1,0.25,0,20,1,,,,,0.05567202780871315,,,,,
trial_0012,61,eval,0.47368421052631576,0.47368421052631576,,,,,,,,,,,,,,,,,,,,2.1052631578947367,,,,0.0,,,,
trial_0012,61,global,,,,0.26691350746310233,-0.019773350450396035,,,,,,,2,1,23,0,1,0.0,0,21,1,27,,0.12198142414860681,12.871708348513387,,,-0.8,1,0.8,1
trial_0012,62,train,,,0.2514545609976383,,,0.06814796366590135,,,0.0,0.0,0.016529311839970418,2,1,23,0,1,0.0,0,21,1,,,,,0.085018447172293,,,,,
trial_0012,62,eval,,,,,,,0.631578947368421,1.9258410130676469,,,,,,,,,,,,,,,,,,,,,,
trial_0012,62,global,,,,0.26403616264458707,-0.01689600563188079,,,,,,,2,1,23,0,1,0.0,0,21,1,27,,0.12198142414860681,13.035405487910882,,,-0.8,1,0.8,1
trial_0012,63,train,,,0.2514794998346491,,,0.06911273459170728,,,0.0,0.0,0.011869287283681185,2,1,23,0,1,0.0,0,21,1,,,,,0.0865103071595126,,,,,
trial_0012,63,eval,,,,,,,0.631578947368421,1.7434570577583814,,,,,,,,,,,,,,,,,,,,,,
trial_0012,63,global,,,,0.26232499054038094,-0.01427033878601941,,,,,,,2,1,23,0,1,0.0,0,21,1,27,,0.12507739938080495,13.017407179321667,,,-0.8,1,0.8,1
trial_0012,64,train,,,0.2515177216301573,,,0.06799161814628764,,,0.0,0.0,0.015568687445905179,2,1,23,0,1,0.0,0,21,1,,,,,0.07715577718980135,,,,,
trial_0012,64,eval,,,,,,,0.631578947368421,1.9790708305020082,,,,,,,,,,,,,,,,,,,,,,
trial_0012,64,global,,,,0.2605431606851829,-0.012488508930821367,,,,,,,2,1,23,0,1,0.0,0,21,1,27,,0.12879256965944272,13.465547175451698,,,-0.8,1,0.8,1
trial_0012,65,train,,,0.2515539913735491,,,0.06729720247552749,,,0.0,0.0,0.011681456038755606,2,1,23,0,1,0.0,0,21,1,,,,,0.05348202355919365,,,,,
trial_0012,65,eval,,,,,,,0.5789473684210527,1.9296907519823625,,,,,,,,,,,,,,,,,,,,,,
trial_0012,65,global,,,,0.2655410044277727,-0.017486352673411105,,,,,,,2,1,23,0,1,0.0,0,21,1,27,,0.12321981424148606,13.089093064818957,,,-0.8,1,0.8,1
trial_0012,66,train,,,0.25159895705415847,,,0.06791008850361438,,,0.0,0.0,0.012788809662247623,2,1,24,1,1,0.0,0,21,1,,,,,0.059292649461867956,,,,,
trial_0012,66,eval,0.47368421052631576,0.5263157894736842,,,,,,,,,,,,,,,,,,,,2.1052631578947367,,,,0.0,,,,
trial_0012,66,global,,,,0.25842666666475267,-0.009025213563589787,,,,,,,2,1,24,0,1,0.0,0,22,1,27,,0.13126934984520125,13.303206981741607,,,-0.8,1,0.8,1
trial_0012,67,train,,,0.25164518140731973,,,0.06840796229687142,,,0.0,0.0,0.011617799019787777,2,1,25,1,1,0.0,0,22,1,,,,,0.06380422696510844,,,,,
trial_0012,67,eval,0.5263157894736842,0.5263157894736842,,,,,,,,,,,,,,,,,,,,2.1052631578947367,,,,0.15789473684210525,,,,
trial_0012,67,global,,,,0.2637116440358735,-0.012963389587909248,,,,,,,2,1,25,0,1,0.25,0,23,1,27,,0.12693498452012383,12.487904343737906,,,-0.8,1,0.8,1
trial_0012,68,train,,,0.25168181258313194,,,0.06745075608821625,,,0.0,0.0,0.012518314599645315,2,1,26,1,1,0.25,0,23,1,,,,,0.057410214791827376,,,,,
trial_0012,68,eval,0.5263157894736842,0.5263157894736842,,,,,,,,,,,,,,,,,,,,2.1052631578947367,,,,0.0,,,,
trial_0012,68,global,,,,0.2566180381293409,-0.0058697836813766955,,,,,,,2,1,26,0,1,0.0,0,24,1,27,,0.13498452012383902,13.130886977818728,,,-0.8,1,0.8,1
trial_0012,69,train,,,0.25172474282853147,,,0.06832215253342974,,,0.0,0.0,0.009609981671321217,2,1,27,1,1,0.0,0,24,1,,,,,0.05718986194263748,,,,,
trial_0012,69,eval,0.47368421052631576,0.47368421052631576,,,,,,,,,,,,,,,,,,,,2.1052631578947367,,,,0.0,,,,
trial_0012,69,global,,,,0.2607219037463427,-0.009973649298378441,,,,,,,2,1,27,0,1,0.0,0,25,1,27,,0.13126934984520125,12.702241539733699,,,-0.8,1,0.8,1
trial_0012,70,train,,,0.25174965915527747,,,0.06617714686596647,,,0.0,0.0,0.011329507949871032,2,1,27,0,1,0.0,0,25,1,,,,,0.04745545308997339,,,,,
trial_0012,70,eval,,,,,,,0.631578947368421,2.106174750155524,,,,,,,,,,,,,,,,,,,,,,
trial_0012,70,global,,,,0.2582864013819612,-0.007538146933996955,,,,,,,2,1,27,0,1,0.0,0,25,1,27,,0.13498452012383902,13.312547878584256,,,-0.8,1,0.8,1
trial_0012,71,train,,,0.2517821744401404,,,0.06595044250183917,,,0.0,0.0,0.008740957788664828,2,1,27,0,1,0.0,0,25,1,,,,,0.04112091233676418,,,,,
trial_0012,71,eval,,,,,,,0.631578947368421,1.8857479789539386,,,,,,,,,,,,,,,,,,,,,,
trial_0012,71,global,,,,0.2638547295054184,-0.013106475057454159,,,,,,,2,1,27,0,1,0.0,0,25,1,27,,0.12879256965944272,13.202894705663155,,,-0.8,1,0.8,1
trial_0012,72,train,,,0.2518047958295396,,,0.06499978456091374,,,0.0,0.0,0.010090768647484205,2,1,27,0,1,0.0,0,25,1,,,,,0.04364851125654705,,,,,
trial_0012,72,eval,,,,,,,0.631578947368421,2.044529284301557,,,,,,,,,,,,,,,,,,,,,,
trial_0012,72,global,,,,0.2578789127444991,-0.00713065829653488,,,,,,,2,1,27,0,1,0.0,0,25,1,27,,0.13498452012383902,13.310002093713718,,,-0.8,1,0.8,1
trial_0012,73,train,,,0.2518428759054935,,,0.06439376955336712,,,0.0,0.0,0.007384974218578639,2,1,27,0,1,0.0,0,25,1,,,,,0.03370327126195139,,,,,
trial_0012,73,eval,,,,,,,0.5789473684210527,2.0520552694797516,,,,,,,,,,,,,,,,,,,,,,
trial_0012,73,global,,,,0.26048365384559524,-0.009735399397631024,,,,,,,2,1,27,0,1,0.0,0,25,1,27,,0.13188854489164087,13.198321764683207,,,-0.8,1,0.8,1
trial_0012,74,train,,,0.2518712844937405,,,0.06479624674675312,,,0.0,0.0,0.008445934654214109,2,1,28,1,1,0.0,0,25,1,,,,,0.0395404313512622,,,,,
trial_0012,74,eval,0.5263157894736842,0.5263157894736842,,,,,,,,,,,,,,,,,,,,2.1052631578947367,,,,0.0,,,,
trial_0012,74,global,,,,0.2555592526234078,-0.004810998175443553,,,,,,,2,1,28,0,1,0.0,0,26,1,27,,0.13622291021671826,13.643189378862411,,,-0.8,1,0.8,1
trial_0012,75,train,,,0.2519095295921285,,,0.0645530363346668,,,0.0,0.0,0.007127187476679808,2,1,29,1,1,0.0,0,26,1,,,,,0.043736956635133384,,,,,
trial_0012,75,eval,0.5263157894736842,0.5263157894736842,,,,,,,,,,,,,,,,,,,,2.1052631578947367,,,,0.15789473684210525,,,,
trial_0012,75,global,,,,0.2585277585894977,-0.007779504141533478,,,,,,,2,1,29,0,1,0.25,0,27,1,27,,0.13312693498452013,12.794680814477312,,,-0.8,1,0.8,1
trial_0012,76,train,,,0.2519314629917449,,,0.06414706339227393,,,0.0,0.0,0.007347037965844218,2,1,30,1,1,0.25,0,27,1,,,,,0.04100192566303179,,,,,
trial_0012,76,eval,0.47368421052631576,0.47368421052631576,,,,,,,,,,,,,,,,,,,,2.1052631578947367,,,,0.0,,,,
trial_0012,76,global,,,,0.25572465335951705,-0.004976398911552818,,,,,,,2,1,30,0,1,0.0,0,28,1,27,,0.1368421052631579,13.2970897473787,,,-0.8,1,0.8,1
trial_0012,77,train,,,0.2519623082368932,,,0.06386298004617083,,,0.0,0.0,0.0064628872925358676,2,1,31,1,1,0.0,0,28,1,,,,,0.03277115315258344,,,,,
trial_0012,77,eval,0.47368421052631576,0.47368421052631576,,,,,,,,,,,,,,,,,,,,2.1052631578947367,,,,0.0,,,,
trial_0012,77,global,,,,0.2558730612972092,-0.005124806849245005,,,,,,,2,1,31,0,1,0.0,0,29,1,27,,0.13560371517027864,12.984033233831541,,,-0.8,1,0.8,1
trial_0012,78,train,,,0.2519821600711092,,,0.06265161772991748,,,0.0,0.0,0.007921313766317016,2,1,31,0,1,0.0,0,29,1,,,,,0.02946659954700698,,,,,
trial_0012,78,eval,,,,,,,0.631578947368421,2.1479504818194792,,,,,,,,,,,,,,,,,,,,,,
trial_0012,78,global,,,,0.25241584515754206,-0.001667590709577835,,,,,,,2,1,31,0,1,0.0,0,29,1,27,,0.1411764705882353,13.611626318586131,,,-0.8,1,0.8,1
trial_0012,79,train,,,0.2520107076840198,,,0.062261221256661926,,,0.0,0.0,0.005431738855150662,2,1,31,0,1,0.0,0,29,1,,,,,0.024755475134093395,,,,,
trial_0012,79,eval,,,,,,,0.631578947368421,2.1507381632139806,,,,,,,,,,,,,,,,,,,,,,
trial_0012,79,global,,,,0.2602934867542977,-0.009545232306333466,,,,,,,2,1,31,0,1,0.0,0,29,1,27,,0.1325077399380805,13.250709160488826,,,-0.8,1,0.8,1
trial_0012,80,train,,,0.25202903975831703,,,0.06311793657059364,,,0.0,0.0,0.006046389284304671,2,1,31,0,1,0.0,0,29,1,,,,,0.02676999832483682,,,,,
trial_0012,80,eval,,,,,,,0.5789473684210527,2.0785953937784623,,,,,,,,,,,,,,,,,,,,,,
trial_0012,80,global,,,,0.25709131835302373,-0.0063430639050595,,,,,,,2,1,31,0,1,0.0,0,29,1,27,,0.13560371517027864,13.133676700178684,,,-0.8,1,0.8,1
trial_0012,81,train,,,0.25207110890682705,,,0.06245977510797217,,,0.0,0.0,0.00522231305887467,2,1,31,0,1,0.0,0,29,1,,,,,0.026292848340334723,,,,,
trial_0012,81,eval,,,,,,,0.5789473684210527,2.398022739167668,,,,,,,,,,,,,,,,,,,,,,
trial_0012,81,global,,,,0.2587300392127305,-0.00798178476476631,,,,,,,2,1,31,0,1,0.0,0,29,1,27,,0.13374613003095975,12.923050932987556,,,-0.8,1,0.8,1
trial_0012,82,train,,,0.2520958069474139,,,0.06327470693182438,,,0.0,0.0,0.007839272495921444,2,1,32,1,1,0.0,0,29,1,,,,,0.03125051177265321,,,,,
trial_0012,82,eval,0.5263157894736842,0.5263157894736842,,,,,,,,,,,,,,,,,,,,2.1052631578947367,,,,0.0,,,,
trial_0012,82,global,,,,0.2605194648087892,-0.009771210360824966,,,,,,,2,1,32,0,1,0.0,0,30,1,27,,0.13374613003095975,13.83944300601357,,,-0.8,1,0.8,1
trial_0012,83,train,,,0.252131591451929,,,0.06174112000363938,,,0.0,0.0,0.005381817549455941,2,1,33,1,1,0.0,0,30,1,,,,,0.022102289656771624,,,,,
trial_0012,83,eval,0.5263157894736842,0.47368421052631576,,,,,,,,,,,,,,,,,,,,2.1052631578947367,,,,0.15789473684210525,,,,
trial_0012,83,global,,,,0.25784126892503184,-0.007093014477067582,,,,,,,2,1,33,0,1,0.25,0,31,1,27,,0.13374613003095975,13.053587534996009,,,-0.8,1,0.8,1
trial_0012,84,train,,,0.25215601112614283,,,0.06334225801711386,,,0.0,0.0,0.005553955534111432,2,1,34,1,1,0.25,0,31,1,,,,,0.02265548593800594,,,,,
trial_0012,84,eval,0.5263157894736842,0.5263157894736842,,,,,,,,,,,,,,,,,,,,2.1052631578947367,,,,0.0,,,,
trial_0012,84,global,,,,0.2537449533764552,-0.002996698928490969,,,,,,,2,1,34,0,1,0.0,0,32,1,27,,0.13993808049535603,13.939180181639113,,,-0.8,1,0.8,1
trial_0012,85,train,,,0.2521644672180744,,,0.060908464675254015,,,0.0,0.0,0.004843398953457934,2,1,35,1,1,0.0,0,32,1,,,,,0.057184505361588076,,,,,
trial_0012,85,eval,0.47368421052631576,0.47368421052631576,,,,,,,,,,,,,,,,,,,,2.1052631578947367,,,,0.0,,,,
trial_0012,85,global,,,,0.2583434362531307,-0.0075951818051664885,,,,,,,2,1,35,0,1,0.0,0,33,1,27,,0.13436532507739937,13.636455911453295,,,-0.8,1,0.8,1
trial_0012,86,train,,,0.2521644163321941,,,0.0620228591117453,,,0.0,0.0,0.004711259758403957,2,1,35,0,1,0.0,0,33,1,,,,,0.021947900962797886,,,,,
trial_0012,86,eval,,,,,,,0.631578947368421,2.2730311782736528,,,,,,,,,,,,,,,,,,,,,,
trial_0012,86,global,,,,0.25904666371816004,-0.008298409270195803,,,,,,,2,1,35,0,1,0.0,0,33,1,27,,0.13374613003095975,13.378427124023437,,,-0.8,1,0.8,1
trial_0012,87,train,,,0.25216011179888503,,,0.061051386467953946,,,0.0,0.0,0.0038494093060007996,2,1,35,0,1,0.0,0,33,1,,,,,0.017944897088083497,,,,,
trial_0012,87,eval,,,,,,,0.631578947368421,2.3672691770878274,,,,,,,,,,,,,,,,,,,,,,
trial_0012,87,global,,,,0.25670520817661324,-0.0059569537286490015,,,,,,,2,1,35,0,1,0.0,0,33,1,27,,0.1368421052631579,13.786180818634506,,,-0.8,1,0.8,1
trial_0012,88,train,,,0.25216147176762843,,,0.06084474857817305,,,0.0,0.0,0.004910023656486103,2,1,35,0,1,0.0,0,33,1,,,,,0.02028019599259851,,,,,
trial_0012,88,eval,,,,,,,0.631578947368421,2.141295495492063,,,,,,,,,,,,,,,,,,,,,,
trial_0012,88,global,,,,0.25418697846394983,-0.0034387240159855885,,,,,,,2,1,35,0,1,0.0,0,33,1,27,,0.1386996904024768,13.596503587846785,,,-0.8,1,0.8,1
trial_0012,89,train,,,0.2521606122559689,,,0.06019538260520774,,,0.0,0.0,0.0035289723812735596,2,1,35,0,1,0.0,0,33,1,,,,,0.021397171379562388,,,,,
trial_0012,89,eval,,,,,,,0.5789473684210527,2.5377989451057816,,,,,,,,,,,,,,,,,,,,,,
trial_0012,89,global,,,,0.25409506493588874,-0.0033468104879245,,,,,,,2,1,35,0,1,0.0,0,33,1,27,,0.1386996904024768,13.391674365347752,,,-0.8,1,0.8,1
trial_0012,90,train,,,0.2521673245949948,,,0.06026061354799473,,,0.0,0.0,0.005546751559457799,2,1,36,1,1,0.0,0,33,1,,,,,0.0258484034239255,,,,,
trial_0012,90,eval,0.47368421052631576,0.47368421052631576,,,,,,,,,,,,,,,,,,,,2.1052631578947367,,,,0.0,,,,
trial_0012,90,global,,,,0.25112806559761186,-0.00037981114964766505,,,,,,,2,1,36,0,1,0.0,0,34,1,27,,0.14241486068111456,13.81889209097753,,,-0.8,1,0.8,1
trial_0013,1,train,,,0.250413255223745,,,0.011868577745236173,,,0.0,0.0,0.002826578910698489,0,0,0,0,0,,0,0,0,,,,,2.198364128945749,,,,,
trial_0013,1,eval,,,,,,,0.3529411764705882,2.188349345151116,,,,,,,,,,,,,,,,,,,,,,
trial_0013,1,global,,,,,,,,,,,,0,0,0,0,0,,0,0,0,9,,0.12421052631578948,2.196899404525757,,,,,,
trial_0013,2,train,,,0.2503577512276324,,,0.014063154830585551,,,0.0,0.0,0.021403069696919644,0,0,0,0,0,,0,0,0,,,,,2.1681640839274925,,,,,
trial_0013,2,eval,,,,,,,0.11764705882352941,2.177977814393885,,,,,,,,,,,,,,,,,,,,,,
trial_0013,2,global,,,,0.015637860082304538,-0.004744613894940704,,,,,,,0,0,0,0,0,,0,0,0,9,,0.12,2.1961999255732487,,,-0.07407407407407407,3,0.07407407407407407,3
trial_0013,3,train,,,0.2503510736211946,,,0.019247899892963938,,,0.0,0.0,0.021709144139025784,0,0,0,0,0,,0,0,0,,,,,2.0902945399284363,,,,,
trial_0013,3,eval,,,,,,,0.058823529411764705,2.143243761623607,,,,,,,,,,,,,,,,,,,,,,
trial_0013,3,global,,,,0.032195594287097555,-0.021302348099733723,,,,,,,0,0,0,0,0,,0,0,0,9,,0.1031578947368421,2.227270286459672,,,-0.11764705882352944,0,0.21568627450980393,0
trial_0013,4,train,,,0.2504074437708794,,,0.026923617607430568,,,0.0,0.0,0.02816424310631767,0,0,0,0,0,,0,0,0,,,,,1.949038426332836,,,,,
trial_0013,4,eval,,,,,,,0.1764705882352941,2.116269455236547,,,,,,,,,,,,,,,,,,,,,,
trial_0013,4,global,,,,0.05495037521181313,-0.004106364006298835,,,,,,,0,0,0,0,0,,0,0,0,9,,0.12210526315789473,2.2191702360855907,,,-0.22222222222222232,1,0.23529411764705882,0
trial_0013,5,train,,,0.25044899348971206,,,0.032619762269756464,,,0.0,0.0,0.02504877599097694,0,0,0,0,0,,0,0,0,,,,,1.7258141418046589,,,,,
trial_0013,5,eval,,,,,,,0.1764705882352941,2.1944649009143604,,,,,,,,,,,,,,,,,,,,,,
trial_0013,5,global,,,,0.05551571450132133,-0.004671703295807033,,,,,,,0,0,0,0,0,,0,0,0,9,,0.12,2.36703371750681,,,-0.13725490196078433,0,0.23529411764705882,0
trial_0013,6,train,,,0.25044915080070496,,,0.03785514586333987,,,0.0,0.0,0.030398559808448147,0,0,0,0,0,,0,0,0,,,,,1.6220813152156297,,,,,
trial_0013,6,eval,,,,,,,0.29411764705882354,2.1604373735540054,,,,,,,,,,,,,,,,,,,,,,
trial_0013,6,global,,,,0.04313725490196079,0.07603536864674595,,,,,,,0,0,0,0,0,,0,0,0,9,,0.20210526315789473,2.2991550023932206,,,-0.1568627450980392,0,0.2549019607843137,0
trial_0013,7,train,,,0.2504503542109381,,,0.0410759479184694,,,0.0,0.0,0.027994165126281445,0,0,0,0,0,,0,0,0,,,,,1.4612195447275909,,,,,
trial_0013,7,eval,,,,,,,0.411764705882353,2.32803683421191,,,,,,,,,,,,,,,,,,,,,,
trial_0013,7,global,,,,0.08416901687991951,0.04037995075480874,,,,,,,0,0,0,0,0,,0,0,0,9,,0.16842105263157894,2.5479162557501542,,,-0.13333333333333341,1,0.196078431372549,0
trial_0013,8,train,,,0.2504500267626364,,,0.042913624757452855,,,0.0,0.0,0.03682799185567265,0,0,0,0,0,,0,0,0,,,,,1.3344260351567327,,,,,
trial_0013,8,eval,,,,,,,0.4705882352941177,2.2377559858209946,,,,,,,,,,,,,,,,,,,,,,
trial_0013,8,global,,,,0.06191871887079291,0.06263024876393535,,,,,,,0,0,0,0,0,,0,0,0,9,,0.18947368421052632,2.561880417372051,,,-0.15555555555555556,1,0.15555555555555556,1
trial_0013,9,train,,,0.25047477853449085,,,0.04509426804282997,,,0.0,0.0,0.036824606236400485,0,0,1,1,0,,0,0,0,,,,,1.107299762907662,,,,,
trial_0013,9,eval,0.3529411764705882,0.3529411764705882,,,,,,,,,,,,,,,,,,,,2.8823529411764706,,,,0.0,,,,
trial_0013,9,global,,,,0.0680981117858945,0.058629505086306516,,,,,,,0,0,1,0,0,0.0,0,1,0,9,,0.1831578947368421,2.8017207850907977,,,-0.1777777777777778,1,0.1777777777777778,1
trial_0013,10,train,,,0.25047989698904977,,,0.04752167568931097,,,0.0,0.0,0.03836713645465767,0,0,1,0,0,0.0,0,1,0,,,,,0.9945875838964799,,,,,
trial_0013,10,eval,,,,,,,0.411764705882353,2.298368552151848,,,,,,,,,,,,,,,,,,,,,,
trial_0013,10,global,,,,0.057786911782074464,0.07574342617856193,,,,,,,0,0,1,0,0,0.0,0,1,0,9,,0.20210526315789473,2.839663381074604,,,-0.24444444444444446,1,0.24444444444444446,1
trial_0013,11,train,,,0.25040522824193157,,,0.024930917939474415,,,0.0,0.0,0.04876685352606158,0,0,1,0,0,0.0,0,1,0,,,,,16.36283700188925,,,,,
trial_0013,11,eval,,,,,,,0.10526315789473684,4.692364228399176,,,,,,,,,,,,,,,,,,,,,,
trial_0013,11,global,,,,0.25516318863176907,-0.12163285067113266,,,,,,,0,0,1,0,0,0.0,0,1,0,18,,0.07368421052631578,6.393027435193222,,,-0.6888888888888889,1,0.6888888888888889,1
trial_0013,12,train,,,0.25031830872907196,,,0.03515051305294037,,,0.0,1.0,0.1975628826160764,0,0,1,0,0,0.0,0,1,0,,,,,3.167650196164153,,,,,
trial_0013,12,eval,,,,,,,0.05263157894736842,2.941480799725181,,,,,,,,,,,,,,,,,,,,,,
trial_0013,12,global,,,,0.15208938993778617,-0.061187683903228623,,,,,,,0,0,1,0,0,0.0,0,1,0,18,,0.07272727272727272,4.9976888401086255,,,-0.6444444444444445,1,0.6444444444444445,1
trial_0013,13,train,,,0.25030616653520005,,,0.033713735466779665,,,0.0,0.3488372093023256,0.09586570131224256,0,0,1,0,0,0.0,0,1,0,,,,,1.9056280855522598,,,,,
trial_0013,13,eval,,,,,,,0.10526315789473684,2.2043572225068746,,,,,,,,,,,,,,,,,,,,,,
trial_0013,13,global,,,,0.16702333535051625,-0.04315026511703305,,,,,,,0,0,1,0,0,0.0,0,1,0,18,,0.09569377990430622,4.818180519998359,,,-0.8,1,0.8,1
trial_0013,14,train,,,0.25028507688710855,,,0.033119785231213235,,,0.0,0.09302325581395349,0.06313876093820085,0,0,2,1,0,0.0,0,1,0,,,,,1.7015513194161793,,,,,
trial_0013,14,eval,0.15789473684210525,0.15789473684210525,,,,,,,,,,,,,,,,,,,,1.6842105263157894,,,,0.0,,,,
trial_0013,14,global,,,,0.17774272973004132,-0.04349465225144135,,,,,,,0,0,2,0,0,0.0,0,2,0,18,,0.09665071770334928,5.224314395320473,,,-0.8,1,0.8,1
trial_0013,15,train,,,0.2502787863445836,,,0.03451998115972031,,,0.09302325581395349,0.0,0.06191919015417266,0,0,2,0,0,0.0,0,2,0,,,,,1.576671664659367,,,,,
trial_0013,15,eval,,,,,,,0.2631578947368421,1.9710671148802104,,,,,,,,,,,,,,,,,,,,,,
trial_0013,15,global,,,,0.1770911961364107,-0.03201891417163441,,,,,,,0,0,2,0,0,0.0,0,2,0,18,,0.10717703349282297,4.9578047802573755,,,-0.8,1,0.8,1
trial_0013,16,train,,,0.25027978992046307,,,0.035477306953696316,,,0.0,0.0,0.04912488718712053,0,0,2,0,0,0.0,0,2,0,,,,,1.3635698845220166,,,,,
trial_0013,16,eval,,,,,,,0.3157894736842105,2.250700699655633,,,,,,,,,,,,,,,,,,,,,,
trial_0013,16,global,,,,0.16419989396498333,-0.01653386018892785,,,,,,,0,0,2,0,0,0.0,0,2,0,18,,0.12440191387559808,5.3325873838087015,,,-0.8,1,0.8,1
trial_0013,17,train,,,0.25030392980159716,,,0.03738108311974725,,,0.0,0.09302325581395349,0.05043855866114068,0,0,3,1,0,0.0,0,2,0,,,,,1.3237442912057387,,,,,
trial_0013,17,eval,0.15789473684210525,0.15789473684210525,,,,,,,,,,,,,,,,,,,,1.6842105263157894,,,,0.0,,,,
trial_0013,17,global,,,,0.17920465482033796,-0.026394588122471765,,,,,,,0,0,3,0,0,0.0,0,3,0,18,,0.11291866028708133,5.1151971429158625,,,-0.8,1,0.8,1
trial_0013,18,train,,,0.25032824728378034,,,0.039333910443062,,,0.0,0.0,0.04259291811044826,0,0,3,0,0,0.0,0,3,0,,,,,1.1859608689019845,,,,,
trial_0013,18,eval,,,,,,,0.3684210526315789,2.11222189351132,,,,,,,,,,,,,,,,,,,,,,
trial_0013,18,global,,,,0.1627282054017915,-0.009135666090466786,,,,,,,0,0,3,0,0,0.0,0,3,0,18,,0.1320574162679426,5.4926957281012285,,,-0.8,1,0.8,1
trial_0013,19,train,,,0.2503693729292515,,,0.041600328545237694,,,0.0,0.0,0.04505860381434824,0,0,3,0,0,0.0,0,3,0,,,,,1.1665158527535062,,,,,
trial_0013,19,eval,,,,,,,0.3684210526315789,1.7756076862937524,,,,,,,,,,,,,,,,,,,,,,
trial_0013,19,global,,,,0.17127940365887212,-0.012006692783181777,,,,,,,0,0,3,0,0,0.0,0,3,0,18,,0.12822966507177033,5.2625897295737385,,,-0.8,1,0.8,1
trial_0013,20,train,,,0.25041791623414944,,,0.04411566985207935,,,0.0,0.0,0.03917496044968451,0,0,3,0,0,0.0,0,3,0,,,,,1.0511346961176673,,,,,
trial_0013,20,eval,,,,,,,0.3684210526315789,2.114677397828353,,,,,,,,,,,,,,,,,,,,,,
trial_0013,20,global,,,,0.16416496242862494,-0.004892251552934609,,,,,,,0,0,3,0,0,0.0,0,3,0,18,,0.1368421052631579,5.7021977785101345,,,-0.8,1,0.8,1
trial_0013,21,train,,,0.2504790669426005,,,0.0666680228202901,,,0.0,0.0,0.026769645373396538,0,0,3,0,0,0.0,0,3,0,,,,,17.463867625784367,,,,,
trial_0013,21,eval,,,,,,,0.21052631578947367,2.1714402750918738,,,,,,,,,,,,,,,,,,,,,,
trial_0013,21,global,,,,0.2740090072215789,-0.11473629634588854,,,,,,,0,0,3,0,0,0.0,0,3,0,27,,0.06130030959752322,6.972545271835091,,,-0.8,1,0.8,1
trial_0013,22,train,,,0.2504439607579657,,,0.05031058762935882,,,0.0,1.0,0.18689331109536456,0,0,4,1,0,0.0,0,3,0,,,,,2.1492607286635863,,,,,
trial_0013,22,eval,0.21052631578947367,0.15789473684210525,,,,,,,,,,,,,,,,,,,,2.1052631578947367,,,,0.3684210526315789,,,,
trial_0013,22,global,,,,0.2221319163009212,-0.07032608441142518,,,,,,,0,0,4,0,0,0.25,0,4,0,27,,0.07368421052631578,8.353414768183564,,,-0.8,1,0.8,1
trial_0013,23,train,,,0.2504253701326695,,,0.05170292930400118,,,0.0,0.0,0.03227029682949503,0,0,5,1,0,0.25,0,4,0,,,,,1.6007448574329943,,,,,
trial_0013,23,eval,0.21052631578947367,0.2631578947368421,,,,,,,,,,,,,,,,,,,,2.1052631578947367,,,,0.0,,,,
trial_0013,23,global,,,,0.24348541085700506,-0.06650939890602467,,,,,,,0,0,5,0,0,0.0,0,5,0,27,,0.07554179566563468,8.730851894414092,,,-0.8,1,0.8,1
trial_0013,24,train,,,0.25041045026576264,,,0.051277811222888055,,,0.0,0.0,0.04255446905785419,0,0,5,0,0,0.0,0,5,0,,,,,1.3785180454558514,,,,,
trial_0013,24,eval,,,,,,,0.47368421052631576,1.6821617829172235,,,,,,,,,,,,,,,,,,,,,,
trial_0013,24,global,,,,0.24156545547130245,-0.055386159865755666,,,,,,,0,0,5,0,0,0.0,0,5,0,27,,0.09226006191950464,8.64249486539386,,,-0.8,1,0.8,1
trial_0013,25,train,,,0.2504056238747657,,,0.05300109817626629,,,0.0,0.0,0.0325714444701976,0,0,6,1,0,0.0,0,5,0,,,,,1.2109103017664968,,,,,
trial_0013,25,eval,0.47368421052631576,0.5263157894736842,,,,,,,,,,,,,,,,,,,,2.1052631578947367,,,,0.0,,,,
trial_0013,25,global,,,,0.23706155471950457,-0.04645391772909465,,,,,,,0,0,6,0,0,0.0,0,6,0,27,,0.09969040247678018,8.712667260893358,,,-0.8,1,0.8,1
trial_0013,26,train,,,0.2503775009449492,,,0.052948798905027676,,,0.0,0.0,0.03591424786347024,0,0,6,0,0,0.0,0,6,0,,,,,1.0231799814295262,,,,,
trial_0013,26,eval,,,,,,,0.5263157894736842,1.5739733106211613,,,,,,,,,,,,,,,,,,,,,,
trial_0013,26,global,,,,0.23507664453931837,-0.03529145871114153,,,,,,,0,0,6,0,0,0.0,0,6,0,27,,0.11207430340557276,8.927750956532387,,,-0.8,1,0.8,1
trial_0013,27,train,,,0.2503443027430392,,,0.05359217968392879,,,0.0,0.0,0.035338841782922445,0,0,6,0,0,0.0,0,6,0,,,,,0.8883125095925432,,,,,
trial_0013,27,eval,,,,,,,0.47368421052631576,1.5840148549330861,,,,,,,,,,,,,,,,,,,,,,
trial_0013,27,global,,,,0.24204383299964186,-0.041294043128897145,,,,,,,0,0,6,0,0,0.0,0,6,0,27,,0.1065015479876161,9.081884940416082,,,-0.8,1,0.8,1
trial_0013,28,train,,,0.2503393565086608,,,0.05533911890171944,,,0.0,0.0,0.03386056905493458,0,0,6,0,0,0.0,0,6,0,,,,,0.8069733905031325,,,,,
trial_0013,28,eval,,,,,,,0.5263157894736842,1.584126055240631,,,,,,,,,,,,,,,,,,,,,,
trial_0013,28,global,,,,0.23747214998592983,-0.035405288883996903,,,,,,,0,0,6,0,0,0.0,0,6,0,27,,0.11207430340557276,9.111008458093224,,,-0.8,1,0.8,1
trial_0013,29,train,,,0.2503501386084455,,,0.05748556712840466,,,0.0,0.0,0.03290804332478883,0,0,6,0,0,0.0,0,6,0,,,,,0.7462331136490435,,,,,
trial_0013,29,eval,,,,,,,0.5263157894736842,1.6058315305333388,,,,,,,,,,,,,,,,,,,,,,
trial_0013,29,global,,,,0.24162234489807308,-0.038882083122739476,,,,,,,0,0,6,0,0,0.0,0,6,0,27,,0.10773993808049535,9.088731051229471,,,-0.8,1,0.8,1
trial_0013,30,train,,,0.25036563898654696,,,0.05927854078881284,,,0.0,0.0,0.03279056867307171,0,0,7,1,0,0.0,0,6,0,,,,,0.6839671283960342,,,,,
trial_0013,30,eval,0.42105263157894735,0.47368421052631576,,,,,,,,,,,,,,,,,,,,2.1052631578947367,,,,0.0,,,,
trial_0013,30,global,,,,0.24194594739062533,-0.03920568561529173,,,,,,,0,0,7,0,0,0.0,0,7,0,27,,0.10773993808049535,9.336537331028989,,,-0.8,1,0.8,1
trial_0013,31,train,,,0.2503887576625702,,,0.061262500412920695,,,0.0,0.0,0.03196763834182886,0,0,8,1,0,0.0,0,7,0,,,,,0.6240199811915134,,,,,
trial_0013,31,eval,0.47368421052631576,0.42105263157894735,,,,,,,,,,,,,,,,,,,,2.1052631578947367,,,,0.3684210526315789,,,,
trial_0013,31,global,,,,0.2445648971121031,-0.04115123466336882,,,,,,,0,0,8,0,0,0.25,0,8,0,27,,0.10588235294117647,9.57882852938153,,,-0.8,1,0.8,1
trial_0013,32,train,,,0.2504181021705587,,,0.06291476970023296,,,0.0,0.0,0.03142096510038097,0,0,9,1,0,0.25,0,8,0,,,,,0.5726432122448657,,,,,
trial_0013,32,eval,0.47368421052631576,0.5263157894736842,,,,,,,,,,,,,,,,,,,,2.1052631578947367,,,,0.0,,,,
trial_0013,32,global,,,,0.2440575404403629,-0.04064387799162859,,,,,,,0,0,9,0,0,0.0,0,9,0,27,,0.10712074303405572,9.844021762340061,,,-0.8,1,0.8,1
trial_0013,33,train,,,0.25045099283786526,,,0.06498513576832222,,,0.0,0.0,0.030808930630062493,0,0,10,1,0,0.0,0,9,0,,,,,0.5282572653065336,,,,,
trial_0013,33,eval,0.47368421052631576,0.5263157894736842,,,,,,,,,,,,,,,,,,,,2.1052631578947367,,,,0.0,,,,
trial_0013,33,global,,,,0.24276933390524277,-0.03827969429357479,,,,,,,0,0,10,0,0,0.0,0,10,0,27,,0.10959752321981424,10.006955272568268,,,-0.8,1,0.8,1
trial_0013,34,train,,,0.25048677908613326,,,0.06653081292801714,,,0.0,0.0,0.030691394608150777,0,0,10,0,0,0.0,0,10,0,,,,,0.48718827633147543,,,,,
trial_0013,34,eval,,,,,,,0.5263157894736842,1.623318358471519,,,,,,,,,,,,,,,,,,,,,,
trial_0013,34,global,,,,0.24302082691035895,-0.03853118729869099,,,,,,,0,0,10,0,0,0.0,0,10,0,27,,0.10897832817337462,10.254864612969083,,,-0.8,1,0.8,1
trial_0013,35,train,,,0.2505208666020251,,,0.06847849298030771,,,0.0,0.0,0.030117478606073146,0,0,10,0,0,0.0,0,10,0,,,,,0.4500443055274639,,,,,
trial_0013,35,eval,,,,,,,0.5263157894736842,1.6408339236911975,,,,,,,,,,,,,,,,,,,,,,
trial_0013,35,global,,,,0.24234993149026163,-0.035840089858391634,,,,,,,0,0,10,0,0,0.0,0,10,0,27,,0.11145510835913312,10.366232781661184,,,-0.8,1,0.8,1
trial_0013,36,train,,,0.25056109498155876,,,0.07021951168141466,,,0.0,0.0,0.029682391554989085,0,0,10,0,0,0.0,0,10,0,,,,,0.41319322307059103,,,,,
trial_0013,36,eval,,,,,,,0.5263157894736842,1.6468767759047056,,,,,,,,,,,,,,,,,,,,,,
trial_0013,36,global,,,,0.241087531140368,-0.03457768950849799,,,,,,,0,0,10,0,0,0.0,0,10,0,27,,0.11269349845201239,10.534715514286384,,,-0.8,1,0.8,1
trial_0013,37,train,,,0.2506030423844114,,,0.07206901210419675,,,0.0,0.0,0.029079077890182433,0,0,10,0,0,0.0,0,10,0,,,,,0.38051618423233635,,,,,
trial_0013,37,eval,,,,,,,0.5263157894736842,1.6891628692024634,,,,,,,,,,,,,,,,,,,,,,
trial_0013,37,global,,,,0.24125935103561075,-0.03228979044858803,,,,,,,0,0,10,0,0,0.0,0,10,0,27,,0.11455108359133127,10.567586907070856,,,-0.8,1,0.8,1
trial_0013,38,train,,,0.2506466140138342,,,0.07375166961487302,,,0.0,0.0,0.028790808827715356,0,0,11,1,0,0.0,0,10,0,,,,,0.3501288984367188,,,,,
trial_0013,38,eval,0.47368421052631576,0.47368421052631576,,,,,,,,,,,,,,,,,,,,2.1052631578947367,,,,0.15789473684210525,,,,
trial_0013,38,global,,,,0.23915933624207675,-0.02833561763651243,,,,,,,0,0,11,0,0,0.25,0,11,0,27,,0.11826625386996904,10.611994782911365,,,-0.8,1,0.8,1
trial_0013,39,train,,,0.2506918957892884,,,0.07530140749951626,,,0.0,0.0,0.028351639274587025,0,0,12,1,0,0.25,0,11,0,,,,,0.32479922397339595,,,,,
trial_0013,39,eval,0.42105263157894735,0.42105263157894735,,,,,,,,,,,,,,,,,,,,2.1052631578947367,,,,0.0,,,,
trial_0013,39,global,,,,0.24045393339121482,-0.027511808500577547,,,,,,,0,0,12,0,0,0.0,0,12,0,27,,0.11826625386996904,10.597930612947918,,,-0.8,1,0.8,1
trial_0013,40,train,,,0.2507257616900383,,,0.07628456201959163,,,0.0,0.0,0.028184549873100317,0,0,13,1,0,0.0,0,12,0,,,,,0.30100463891917084,,,,,
trial_0013,40,eval,0.47368421052631576,0.42105263157894735,,,,,,,,,,,,,,,,,,,,2.1052631578947367,,,,0.2631578947368421,,,,
trial_0013,40,global,,,,0.24342806570820996,-0.029139139470771333,,,,,,,0,0,13,0,0,0.25,0,13,0,27,,0.11702786377708978,10.764736073969319,,,-0.8,1,0.8,1
trial_0013,41,train,,,0.25075309739467944,,,0.07732003356548066,,,0.0,0.0,0.026931993180806652,0,0,14,1,0,0.25,0,13,0,,,,,0.2725445026729969,,,,,
trial_0013,41,eval,0.5263157894736842,0.47368421052631576,,,,,,,,,,,,,,,,,,,,2.1052631578947367,,,,0.2631578947368421,,,,
trial_0013,41,global,,,,0.2400303329323006,-0.024969801756590408,,,,,,,0,0,14,0,0,0.25,0,14,0,27,,0.12012383900928793,10.849227199022984,,,-0.8,1,0.8,1
trial_0013,42,train,,,0.2507754919376779,,,0.07641766680047865,,,0.0,0.0,0.027012777061974434,0,0,14,0,0,0.25,0,14,0,,,,,0.26707214592619144,,,,,
trial_0013,42,eval,,,,,,,0.5263157894736842,1.8578904333867523,,,,,,,,,,,,,,,,,,,,,,
trial_0013,42,global,,,,0.2521394166219368,-0.03352738874404492,,,,,,,0,0,14,0,0,0.25,0,14,0,27,,0.11331269349845201,11.469826254829902,,,-0.8,1,0.8,1
trial_0013,43,train,,,0.2508123130240339,,,0.07914694890062858,,,0.0,0.0,0.025797897420744315,0,0,14,0,0,0.25,0,14,0,,,,,0.2629027781492852,,,,,
trial_0013,43,eval,,,,,,,0.42105263157894735,2.005662359689411,,,,,,,,,,,,,,,,,,,,,,
trial_0013,43,global,,,,0.24678984818698282,-0.025863005494276173,,,,,,,0,0,14,0,0,0.25,0,14,0,27,,0.11764705882352941,11.328235682909703,,,-0.8,1,0.8,1
trial_0013,44,train,,,0.2508325272418083,,,0.07791400272795494,,,0.0,0.0,0.028180756781527656,0,0,14,0,0,0.25,0,14,0,,,,,0.22670956945165674,,,,,
trial_0013,44,eval,,,,,,,0.631578947368421,1.7903130556407727,,,,,,,,,,,,,,,,,,,,,,
trial_0013,44,global,,,,0.25436654080289883,-0.03115346125605409,,,,,,,0,0,14,0,0,0.25,0,14,0,27,,0.11702786377708978,12.129452684715437,,,-0.8,1,0.8,1
trial_0013,45,train,,,0.2508579898387827,,,0.07884630624284135,,,0.0,0.0,0.02248453241178489,0,0,14,0,0,0.25,0,14,0,,,,,0.20258821742014682,,,,,
trial_0013,45,eval,,,,,,,0.5263157894736842,1.9910436382419185,,,,,,,,,,,,,,,,,,,,,,
trial_0013,45,global,,,,0.2506319141841498,-0.02664722969903346,,,,,,,0,0,14,0,0,0.25,0,14,0,27,,0.11578947368421053,12.016953846839929,,,-0.8,1,0.8,1
trial_0013,46,train,,,0.2508759283004923,,,0.07970686542226912,,,0.0,0.0,0.024716739956923625,0,0,15,1,0,0.25,0,14,0,,,,,0.19387786846528662,,,,,
trial_0013,46,eval,0.47368421052631576,0.47368421052631576,,,,,,,,,,,,,,,,,,,,2.1052631578947367,,,,0.0,,,,
trial_0013,46,global,,,,0.26103358636271784,-0.03603418853412098,,,,,,,0,0,15,0,0,0.0,0,15,0,27,,0.11145510835913312,12.107119656494897,,,-0.8,1,0.8,1
trial_0013,47,train,,,0.25092399786127373,,,0.08175351645084138,,,0.0,0.0,0.02109244449381182,0,0,16,1,0,0.0,0,15,0,,,,,0.2089166091160571,,,,,
trial_0013,47,eval,0.3157894736842105,0.3684210526315789,,,,,,,,,,,,,,,,,,,,2.1052631578947367,,,,0.0,,,,
trial_0013,47,global,,,,0.253542804719306,-0.02854340689070915,,,,,,,0,0,16,0,0,0.0,0,16,0,27,,0.11331269349845201,11.457709793704952,,,-0.8,1,0.8,1
trial_0013,48,train,,,0.2509534926490581,,,0.08046674474756768,,,0.0,0.0,0.027565769139835813,0,0,17,1,0,0.0,0,16,0,,,,,0.1936213569596727,,,,,
trial_0013,48,eval,0.5789473684210527,0.5263157894736842,,,,,,,,,,,,,,,,,,,,2.1052631578947367,,,,0.15789473684210525,,,,
trial_0013,48,global,,,,0.2526059993380939,-0.027606601509497054,,,,,,,0,0,17,0,0,0.25,0,17,0,27,,0.12012383900928793,12.47431039721604,,,-0.8,1,0.8,1
trial_0013,49,train,,,0.2509826700738136,,,0.08320662569492421,,,0.0,0.0,0.01955594679048444,0,0,18,1,0,0.25,0,17,0,,,,,0.15479465781691226,,,,,
trial_0013,49,eval,0.47368421052631576,0.47368421052631576,,,,,,,,,,,,,,,,,,,,2.1052631578947367,,,,0.0,,,,
trial_0013,49,global,,,,0.25022888928083353,-0.02388269010543533,,,,,,,0,0,18,0,0,0.0,0,18,0,27,,0.11826625386996904,11.700257542849325,,,-0.8,1,0.8,1
trial_0013,50,train,,,0.2510038690364107,,,0.08165550168524396,,,0.0,0.0,0.025282441492767094,0,0,18,0,0,0.0,0,18,0,,,,,0.16571235249334193,,,,,
trial_0013,50,eval,,,,,,,0.6842105263157894,1.882618922936289,,,,,,,,,,,,,,,,,,,,,,
trial_0013,50,global,,,,0.2535202949931355,-0.027174095817737325,,,,,,,0,0,18,0,0,0.0,0,18,0,27,,0.12012383900928793,12.481654405150989,,,-0.8,1,0.8,1
trial_0013,51,train,,,0.2510417576165909,,,0.0842179389710122,,,0.0,0.0,0.018692438715964835,0,0,18,0,0,0.0,0,18,0,,,,,0.14380937874158645,,,,,
trial_0013,51,eval,,,,,,,0.631578947368421,2.024144269918141,,,,,,,,,,,,,,,,,,,,,,
trial_0013,51,global,,,,0.24966303870827333,-0.022643438859474476,,,,,,,0,0,18,0,0,0.0,0,18,0,27,,0.1195046439628483,11.584527654027791,,,-0.8,1,0.8,1
trial_0013,52,train,,,0.2510656162779382,,,0.08245149001162103,,,0.0,0.0,0.023397691307113846,0,0,18,0,0,0.0,0,18,0,,,,,0.142903335757078,,,,,
trial_0013,52,eval,,,,,,,0.6842105263157894,1.89088756551868,,,,,,,,,,,,,,,,,,,,,,
trial_0013,52,global,,,,0.25284558164785687,-0.025825981799058,,,,,,,0,0,18,0,0,0.0,0,18,0,27,,0.12198142414860681,12.496400380798907,,,-0.8,1,0.8,1
trial_0013,53,train,,,0.25110185114627187,,,0.08408198965356706,,,0.0,0.0,0.017156392342827106,0,0,18,0,0,0.0,0,18,0,,,,,0.12358507805682242,,,,,
trial_0013,53,eval,,,,,,,0.631578947368421,1.9716355353593826,,,,,,,,,,,,,,,,,,,,,,
trial_0013,53,global,,,,0.24868197814910928,-0.020988977626909728,,,,,,,0,0,18,0,0,0.0,0,18,0,27,,0.12074303405572756,11.64393206144634,,,-0.8,1,0.8,1
trial_0013,54,train,,,0.2511259843694403,,,0.08267287244188024,,,0.0,0.0,0.0213032561928985,0,0,19,1,0,0.0,0,18,0,,,,,0.11803424584263182,,,,,
trial_0013,54,eval,0.47368421052631576,0.5263157894736842,,,,,,,,,,,,,,,,,,,,2.1052631578947367,,,,0.0,,,,
trial_0013,54,global,,,,0.25277568882151574,-0.024625440928488597,,,,,,,0,0,19,0,0,0.0,0,19,0,27,,0.12321981424148606,12.561146276137409,,,-0.8,1,0.8,1
trial_0013,55,train,,,0.2511608892298759,,,0.0837509257996336,,,0.0,0.0,0.015608396279400197,0,0,20,1,0,0.0,0,19,0,,,,,0.10710099598670259,,,,,
trial_0013,55,eval,0.47368421052631576,0.5263157894736842,,,,,,,,,,,,,,,,,,,,2.1052631578947367,,,,0.0,,,,
trial_0013,55,global,,,,0.24847473409496773,-0.020324486201940578,,,,,,,0,0,20,0,0,0.0,0,20,0,27,,0.12136222910216718,11.80983591935952,,,-0.8,1,0.8,1
trial_0013,56,train,,,0.25118145695392124,,,0.08184504508972168,,,0.0,0.0,0.018702821593801,0,0,21,1,0,0.0,0,20,0,,,,,0.092625814422648,,,,,
trial_0013,56,eval,0.5789473684210527,0.5789473684210527,,,,,,,,,,,,,,,,,,,,2.1052631578947367,,,,0.0,,,,
trial_0013,56,global,,,,0.25153514390034293,-0.0233848960073158,,,,,,,0,0,21,0,0,0.0,0,21,0,27,,0.12445820433436533,12.771415091594307,,,-0.8,1,0.8,1
trial_0013,57,train,,,0.25122051067808837,,,0.08256453782954115,,,0.0,0.0,0.014287442157349669,0,0,22,1,0,0.0,0,21,0,,,,,0.08935468591987453,,,,,
trial_0013,57,eval,0.5789473684210527,0.631578947368421,,,,,,,,,,,,,,,,,,,,2.1052631578947367,,,,0.0,,,,
trial_0013,57,global,,,,0.2478745639666403,-0.019012065361362403,,,,,,,0,0,22,0,0,0.0,0,22,0,27,,0.12260061919504645,12.11531812354876,,,-0.8,1,0.8,1
trial_0013,58,train,,,0.25123335579608347,,,0.08066091131656727,,,0.0,0.0,0.016094179976325326,0,0,22,0,0,0.0,0,22,0,,,,,0.07269646667261073,,,,,
trial_0013,58,eval,,,,,,,0.631578947368421,1.9971743414276524,,,,,,,,,,,,,,,,,,,,,,
trial_0013,58,global,,,,0.24915476631128058,-0.020292267706002724,,,,,,,0,0,22,0,0,0.0,0,22,0,27,,0.12755417956656348,12.959778899674076,,,-0.8,1,0.8,1
trial_0013,59,train,,,0.251269649000878,,,0.08041857151274985,,,0.0,0.0,0.012647074427606758,0,0,22,0,0,0.0,0,22,0,,,,,0.07071536339106077,,,,,
trial_0013,59,eval,,,,,,,0.6842105263157895,1.994773130667837,,,,,,,,,,,,,,,,,,,,,,
trial_0013,59,global,,,,0.24872795792915056,-0.01986545932387269,,,,,,,0,0,22,0,0,0.0,0,22,0,27,,0.12321981424148606,12.376978734255575,,,-0.8,1,0.8,1
trial_0013,60,train,,,0.2513033005785435,,,0.07905227453150648,,,0.0,0.0,0.013490453146601175,0,0,22,0,0,0.0,0,22,0,,,,,0.06723891910007025,,,,,
trial_0013,60,eval,,,,,,,0.5789473684210527,1.9680824201357991,,,,,,,,,,,,,,,,,,,,,,
trial_0013,60,global,,,,0.2505977913181737,-0.021735292712895846,,,,,,,0,0,22,0,0,0.0,0,22,0,27,,0.12507739938080495,13.084299622526848,,,-0.8,1,0.8,1
trial_0013,61,train,,,0.25132710248865975,,,0.07899513777266158,,,0.0,0.0,0.011439458902199516,0,0,22,0,0,0.0,0,22,0,,,,,0.0598261994765477,,,,,
trial_0013,61,eval,,,,,,,0.631578947368421,1.9498261228988045,,,,,,,,,,,,,,,,,,,,,,
trial_0013,61,global,,,,0.24657509243487505,-0.016340851717114326,,,,,,,0,0,22,0,0,0.0,0,22,0,27,,0.12755417956656348,12.697638482722704,,,-0.8,1,0.8,1
trial_0013,62,train,,,0.25135791491954884,,,0.08042478751628956,,,0.0,0.0,0.01165351797718223,0,0,23,1,0,0.0,0,22,0,,,,,0.07117565125623282,,,,,
trial_0013,62,eval,0.47368421052631576,0.42105263157894735,,,,,,,,,,,,,,,,,,,,2.1052631578947367,,,,0.05263157894736842,,,,
trial_0013,62,global,,,,0.24431248539353703,-0.014078244675776322,,,,,,,0,0,23,0,0,0.25,0,23,0,27,,0.1306501547987616,13.104775363225317,,,-0.8,1,0.8,1
trial_0013,63,train,,,0.25136749382982865,,,0.07842870215152173,,,0.0,0.0,0.012581619324485843,0,0,24,1,0,0.25,0,23,0,,,,,0.0752052238646974,,,,,
trial_0013,63,eval,0.47368421052631576,0.47368421052631576,,,,,,,,,,,,,,,,,,,,2.1052631578947367,,,,0.0,,,,
trial_0013,63,global,,,,0.24923544207350645,-0.014212574344896499,,,,,,,0,0,24,0,0,0.0,0,24,0,27,,0.1306501547987616,13.165665532634723,,,-0.8,1,0.8,1
trial_0013,64,train,,,0.25141871831518536,,,0.07932978107574137,,,0.0,0.0,0.014998935525611472,0,0,25,1,0,0.0,0,24,0,,,,,0.08138192510034176,,,,,
trial_0013,64,eval,0.5263157894736842,0.5263157894736842,,,,,,,,,,,,,,,,,,,,2.1052631578947367,,,,0.0,,,,
trial_0013,64,global,,,,0.24300155034482973,-0.007978682616219786,,,,,,,0,0,25,0,0,0.0,0,25,0,27,,0.13746130030959752,13.625891316416832,,,-0.8,1,0.8,1
trial_0013,65,train,,,0.2514257697348899,,,0.0811197079242544,,,0.0,0.0,0.012753341313571661,0,0,26,1,0,0.0,0,25,0,,,,,0.09564674435619344,,,,,
trial_0013,65,eval,0.5789473684210527,0.5789473684210527,,,,,,,,,,,,,,,,,,,,2.1052631578947367,,,,0.0,,,,
trial_0013,65,global,,,,0.2437898619149495,-0.008766994186339541,,,,,,,0,0,26,0,0,0.0,0,26,0,27,,0.13622291021671826,13.42667296323983,,,-0.8,1,0.8,1
trial_0013,66,train,,,0.251432513937037,,,0.07807600878654641,,,0.0,0.0,0.013112897720829426,0,0,26,0,0,0.0,0,26,0,,,,,0.06351714878481753,,,,,
trial_0013,66,eval,,,,,,,0.631578947368421,1.9894281037543948,,,,,,,,,,,,,,,,,,,,,,
trial_0013,66,global,,,,0.24119487827808223,-0.006172010549472279,,,,,,,0,0,26,0,0,0.0,0,26,0,27,,0.1386996904024768,13.47663718775699,,,-0.8,1,0.8,1
trial_0013,67,train,,,0.25143350216936555,,,0.07757165330521604,,,0.0,0.0,0.010427505956644422,0,0,26,0,0,0.0,0,26,0,,,,,0.08333900273638836,,,,,
trial_0013,67,eval,,,,,,,0.631578947368421,2.029660307263073,,,,,,,,,,,,,,,,,,,,,,
trial_0013,67,global,,,,0.24215067260236978,-0.006670557502932211,,,,,,,0,0,26,0,0,0.0,0,26,0,27,,0.13993808049535603,13.582319745043113,,,-0.8,1,0.8,1
trial_0013,68,train,,,0.25144372500003653,,,0.0760010468198898,,,0.0,0.0,0.01141803581196384,0,0,26,0,0,0.0,0,26,0,,,,,0.058628664284627485,,,,,
trial_0013,68,eval,,,,,,,0.631578947368421,1.9693926713968575,,,,,,,,,,,,,,,,,,,,,,
trial_0013,68,global,,,,0.24350323912283034,-0.00802312402339277,,,,,,,0,0,26,0,0,0.0,0,26,0,27,,0.1368421052631579,13.588074235945664,,,-0.8,1,0.8,1
trial_0013,69,train,,,0.25145397192620217,,,0.07725994257216759,,,0.0,0.0,0.010045285604923886,0,0,26,0,0,0.0,0,26,0,,,,,0.09357408874846519,,,,,
trial_0013,69,eval,,,,,,,0.631578947368421,2.1367082395835926,,,,,,,,,,,,,,,,,,,,,,
trial_0013,69,global,,,,0.24592360603701027,-0.010443490937572712,,,,,,,0,0,26,0,0,0.0,0,26,0,27,,0.13622291021671826,13.193234923749516,,,-0.8,1,0.8,1
trial_0013,70,train,,,0.2514783689316283,,,0.07416229806047805,,,0.0,0.0,0.00961117315312917,0,0,27,1,0,0.0,0,26,0,,,,,0.04348771385055907,,,,,
trial_0013,70,eval,0.47368421052631576,0.47368421052631576,,,,,,,,,,,,,,,,,,,,2.1052631578947367,,,,0.0,,,,
trial_0013,70,global,,,,0.24304904788481563,-0.005548730765176021,,,,,,,0,0,27,0,0,0.0,0,27,0,27,,0.1393188854489164,13.379897891773897,,,-0.8,1,0.8,1
trial_0013,71,train,,,0.2515029913567482,,,0.07317038292580463,,,0.0,0.0,0.008367138403604684,0,0,28,1,0,0.0,0,27,0,,,,,0.03962813955434459,,,,,
trial_0013,71,eval,0.5263157894736842,0.5263157894736842,,,,,,,,,,,,,,,,,,,,2.1052631578947367,,,,0.0,,,,
trial_0013,71,global,,,,0.24803189259311206,-0.010531575473472464,,,,,,,0,0,28,0,0,0.0,0,28,0,27,,0.13746130030959752,13.498747234521636,,,-0.8,1,0.8,1
trial_0013,72,train,,,0.2515474523001529,,,0.0725782627755023,,,0.0,0.0,0.008419630335017846,0,0,29,1,0,0.0,0,28,0,,,,,0.041921111495491666,,,,,
trial_0013,72,eval,0.47368421052631576,0.5263157894736842,,,,,,,,,,,,,,,,,,,,2.1052631578947367,,,,0.0,,,,
trial_0013,72,global,,,,0.2457930213071338,-0.008292704187494213,,,,,,,0,0,29,0,0,0.0,0,29,0,27,,0.1368421052631579,13.327845235062826,,,-0.8,1,0.8,1
trial_0013,73,train,,,0.25158130361678754,,,0.07243047496105762,,,0.0,0.0,0.008232766568556704,0,0,30,1,0,0.0,0,29,0,,,,,0.04124895777909996,,,,,
trial_0013,73,eval,0.5789473684210527,0.5789473684210527,,,,,,,,,,,,,,,,,,,,2.1052631578947367,,,,0.0,,,,
trial_0013,73,global,,,,0.25011163847773205,-0.012611321358092495,,,,,,,0,0,30,0,0,0.0,0,30,0,27,,0.13622291021671826,13.580460388372558,,,-0.8,1,0.8,1
trial_0013,74,train,,,0.2516220322948821,,,0.07182306368300255,,,0.0,0.0,0.00806434575748194,0,0,30,0,0,0.0,0,30,0,,,,,0.04006102575643107,,,,,
trial_0013,74,eval,,,,,,,0.631578947368421,2.07789339438865,,,,,,,,,,,,,,,,,,,,,,
trial_0013,74,global,,,,0.24489867155127928,-0.007398354431639671,,,,,,,0,0,30,0,0,0.0,0,30,0,27,,0.1393188854489164,13.55302340858861,,,-0.8,1,0.8,1
trial_0013,75,train,,,0.2516558474682747,,,0.07244869622778385,,,0.0,0.0,0.008359519959405124,0,0,30,0,0,0.0,0,30,0,,,,,0.040934368960083796,,,,,
trial_0013,75,eval,,,,,,,0.631578947368421,2.1977273366953196,,,,,,,,,,,,,,,,,,,,,,
trial_0013,75,global,,,,0.2515318986967025,-0.01403158157706292,,,,,,,0,0,30,0,0,0.0,0,30,0,27,,0.13312693498452013,13.67010995965255,,,-0.8,1,0.8,1
trial_0013,76,train,,,0.25170163588320954,,,0.0714309443818762,,,0.0,0.0,0.007330070967083807,0,0,30,0,0,0.0,0,30,0,,,,,0.034693161187138645,,,,,
trial_0013,76,eval,,,,,,,0.631578947368421,2.1030294503036298,,,,,,,,,,,,,,,,,,,,,,
trial_0013,76,global,,,,0.24802220928754734,-0.010521892167907729,,,,,,,0,0,30,0,0,0.0,0,30,0,27,,0.1368421052631579,13.785791856511828,,,-0.8,1,0.8,1
trial_0013,77,train,,,0.2517229892472003,,,0.07181934726999162,,,0.0,0.0,0.006456639835325521,0,0,30,0,0,0.0,0,30,0,,,,,0.03312482351754257,,,,,
trial_0013,77,eval,,,,,,,0.631578947368421,2.1992539622281724,,,,,,,,,,,,,,,,,,,,,,
trial_0013,77,global,,,,0.25049900071385117,-0.012998683594211548,,,,,,,0,0,30,0,0,0.0,0,30,0,27,,0.13374613003095975,13.356085422385958,,,-0.8,1,0.8,1
trial_0013,78,train,,,0.25174394852303444,,,0.07134226154773793,,,0.0,0.0,0.006280409300156766,0,0,31,1,0,0.0,0,30,0,,,,,0.04917829490286556,,,,,
trial_0013,78,eval,0.47368421052631576,0.47368421052631576,,,,,,,,,,,,,,,,,,,,2.1052631578947367,,,,0.0,,,,
trial_0013,78,global,,,,0.2459019474997996,-0.008401630380159996,,,,,,,0,0,31,0,0,0.0,0,31,0,27,,0.13746130030959752,13.045429350200452,,,-0.8,1,0.8,1
trial_0013,79,train,,,0.2517597821164638,,,0.07087604606405218,,,0.0,0.0,0.006996056599854591,0,0,32,1,0,0.0,0,31,0,,,,,0.032783058573036115,,,,,
trial_0013,79,eval,0.5263157894736842,0.5263157894736842,,,,,,,,,,,,,,,,,,,,2.1052631578947367,,,,0.0,,,,
trial_0013,79,global,,,,0.2529489602389546,-0.01544864311931501,,,,,,,0,0,32,0,0,0.0,0,32,0,27,,0.1306501547987616,13.56573793865948,,,-0.8,1,0.8,1
trial_0013,80,train,,,0.2517779380717176,,,0.07177093181204289,,,0.0,0.0,0.006703789575066309,0,0,33,1,0,0.0,0,32,0,,,,,0.1332901790123829,,,,,
trial_0013,80,eval,0.47368421052631576,0.47368421052631576,,,,,,,,,,,,,,,,,,,,2.1052631578947367,,,,0.0,,,,
trial_0013,80,global,,,,0.24857453567223758,-0.011074218552598011,,,,,,,0,0,33,0,0,0.0,0,33,0,27,,0.13560371517027864,13.540281488282762,,,-0.8,1,0.8,1
trial_0013,81,train,,,0.25178406783874996,,,0.06977152760992658,,,0.0,0.0,0.005039164713541161,0,0,34,1,0,0.0,0,33,0,,,,,0.034332197732193044,,,,,
trial_0013,81,eval,0.631578947368421,0.5789473684210527,,,,,,,,,,,,,,,,,,,,2.1052631578947367,,,,0.15789473684210525,,,,
trial_0013,81,global,,,,0.24613224461332647,-0.008631927493686896,,,,,,,0,0,34,0,0,0.25,0,34,0,27,,0.13746130030959752,13.463838573727445,,,-0.8,1,0.8,1
trial_0013,82,train,,,0.25177104327272865,,,0.06815007265577924,,,0.0,0.0,0.00533087725661004,0,0,34,0,0,0.25,0,34,0,,,,,0.03002790642525763,,,,,
trial_0013,82,eval,,,,,,,0.631578947368421,2.2588607221841808,,,,,,,,,,,,,,,,,,,,,,
trial_0013,82,global,,,,0.2479616142153887,-0.010461297095749103,,,,,,,0,0,34,0,0,0.25,0,34,0,27,,0.13560371517027864,13.789141755945542,,,-0.8,1,0.8,1
trial_0013,83,train,,,0.25178068368992906,,,0.06835586339869397,,,0.0,0.0,0.004517730657522755,0,0,34,0,0,0.25,0,34,0,,,,,0.0553061266756676,,,,,
trial_0013,83,eval,,,,,,,0.631578947368421,2.34144943619245,,,,,,,,,,,,,,,,,,,,,,
trial_0013,83,global,,,,0.2478852051968183,-0.009038086730377395,,,,,,,0,0,34,0,0,0.25,0,34,0,27,,0.13436532507739937,13.18481780250006,,,-0.8,1,0.8,1
trial_0013,84,train,,,0.2517965591334282,,,0.06879631635990548,,,0.0,0.0,0.0046702638612143655,0,0,34,0,0,0.25,0,34,0,,,,,0.04154230227218346,,,,,
trial_0013,84,eval,,,,,,,0.5789473684210527,2.5429659403223344,,,,,,,,,,,,,,,,,,,,,,
trial_0013,84,global,,,,0.24983721730609842,-0.008296496146054808,,,,,,,0,0,34,0,0,0.25,0,34,0,27,,0.13436532507739937,12.639183838079589,,,-0.8,1,0.8,1
trial_0013,85,train,,,0.2518085149374414,,,0.06806486084106121,,,0.0,0.0,0.006606506228266145,0,0,34,0,0,0.25,0,34,0,,,,,0.04203100067444463,,,,,
trial_0013,85,eval,,,,,,,0.631578947368421,2.308584029737272,,,,,,,,,,,,,,,,,,,,,,
trial_0013,85,global,,,,0.2558827339146958,-0.014342012754652177,,,,,,,0,0,34,0,0,0.25,0,34,0,27,,0.13188854489164087,13.823371651002866,,,-0.8,1,0.8,1
trial_0013,86,train,,,0.25181221676633714,,,0.06771801887674535,,,0.0,0.0,0.0053148129703991,0,0,35,1,0,0.25,0,34,0,,,,,0.05373992336260036,,,,,
trial_0013,86,eval,0.47368421052631576,0.47368421052631576,,,,,,,,,,,,,,,,,,,,2.1052631578947367,,,,0.0,,,,
trial_0013,86,global,,,,0.25223734777183293,-0.010696626611789273,,,,,,,0,0,35,0,0,0.0,0,35,0,27,,0.13374613003095975,13.298618035567435,,,-0.8,1,0.8,1
trial_0013,87,train,,,0.25181331850112754,,,0.06772809396398828,,,0.0,0.0,0.0036401613481699476,0,0,36,1,0,0.0,0,35,0,,,,,0.023069349347435417,,,,,
trial_0013,87,eval,0.5263157894736842,0.47368421052631576,,,,,,,,,,,,,,,,,,,,2.1052631578947367,,,,0.2631578947368421,,,,
trial_0013,87,global,,,,0.24928952907481752,-0.007748807914773892,,,,,,,0,0,36,0,0,0.25,0,36,0,27,,0.1368421052631579,13.1585424322831,,,-0.8,1,0.8,1
trial_0013,88,train,,,0.2518167971296513,,,0.06702596773492529,,,0.0,0.0,0.004328428803521403,0,0,37,1,0,0.25,0,36,0,,,,,0.020918430023370904,,,,,
trial_0013,88,eval,0.5789473684210527,0.5263157894736842,,,,,,,,,,,,,,,,,,,,2.1052631578947367,,,,0.15789473684210525,,,,
trial_0013,88,global,,,,0.2523338409347515,-0.010793119774707847,,,,,,,0,0,37,0,0,0.25,0,37,0,27,,0.13436532507739937,13.37977978969137,,,-0.8,1,0.8,1
trial_0013,89,train,,,0.25183195161058547,,,0.06653501568956577,,,0.0,0.0,0.003925059045054405,0,0,38,1,0,0.25,0,37,0,,,,,0.018840046150689113,,,,,
trial_0013,89,eval,0.5789473684210527,0.5263157894736842,,,,,,,,,,,,,,,,,,,,2.1052631578947367,,,,0.15789473684210525,,,,
trial_0013,89,global,,,,0.25314849599554845,-0.011607774835504812,,,,,,,0,0,38,0,0,0.25,0,38,0,27,,0.13312693498452013,13.480707292586288,,,-0.8,1,0.8,1
trial_0013,90,train,,,0.2518523706400648,,,0.06671381757614461,,,0.0,0.0,0.004153012741401054,0,0,38,0,0,0.25,0,38,0,,,,,0.019096142959166715,,,,,
trial_0013,90,eval,,,,,,,0.631578947368421,2.459097008956106,,,,,,,,,,,,,,,,,,,,,,
trial_0013,90,global,,,,0.2554375831451909,-0.013896861985147245,,,,,,,0,0,38,0,0,0.25,0,38,0,27,,0.13126934984520125,13.552125752451989,,,-0.8,1,0.8,1
trial_0014,1,train,,,0.2504132412656953,,,0.01186845570661222,,,0.0,0.0,0.002826578910698489,0,0,0,0,0,,0,0,0,,,,,2.198364117779309,,,,,
trial_0014,1,eval,,,,,,,0.3529411764705882,2.1883498500375187,,,,,,,,,,,,,,,,,,,,,,
trial_0014,1,global,,,,,,,,,,,,0,0,0,0,0,,0,0,0,9,,0.12421052631578948,2.1968995440633674,,,,,,
trial_0014,2,train,,,0.2503577206708208,,,0.014061394230097155,,,0.0,0.0,0.021403103643332762,0,0,0,0,0,,0,0,0,,,,,2.168163774586931,,,,,
trial_0014,2,eval,,,,,,,0.11764705882352941,2.177989356658038,,,,,,,,,,,,,,,,,,,,,,
trial_0014,2,global,,,,0.015637860082304538,-0.004744613894940704,,,,,,,0,0,0,0,0,,0,0,0,9,,0.12,2.1961995159952266,,,-0.07407407407407407,3,0.07407407407407407,3
trial_0014,3,train,,,0.2503512482854384,,,0.019247580083865155,,,0.0,0.0,0.021708634953733676,0,0,0,0,0,,0,0,0,,,,,2.0902984397320807,,,,,
trial_0014,3,eval,,,,,,,0.058823529411764705,2.143261474721572,,,,,,,,,,,,,,,,,,,,,,
trial_0014,3,global,,,,0.032195594287097555,-0.021302348099733723,,,,,,,0,0,0,0,0,,0,0,0,9,,0.1031578947368421,2.227279234936363,,,-0.11764705882352944,0,0.21568627450980393,0
trial_0014,4,train,,,0.2504076557823374,,,0.026924438868896873,,,0.0,0.0,0.028164609276418444,0,0,0,0,0,,0,0,0,,,,,1.949014292638513,,,,,
trial_0014,4,eval,,,,,,,0.1764705882352941,2.1163496269899253,,,,,,,,,,,,,,,,,,,,,,
trial_0014,4,global,,,,0.05495037521181313,-0.004106364006298835,,,,,,,0,0,0,0,0,,0,0,0,9,,0.12210526315789473,2.219262943769756,,,-0.22222222222222232,1,0.23529411764705882,0
trial_0014,5,train,,,0.2504493401774877,,,0.03262399985820432,,,0.0,0.0,0.025057614402538994,0,0,0,0,0,,0,0,0,,,,,1.725741316170632,,,,,
trial_0014,5,eval,,,,,,,0.1764705882352941,2.1948348564260147,,,,,,,,,,,,,,,,,,,,,,
trial_0014,5,global,,,,0.05551571450132133,-0.004671703295807033,,,,,,,0,0,0,0,0,,0,0,0,9,,0.12,2.367428274656597,,,-0.13725490196078433,0,0.23529411764705882,0
trial_0014,6,train,,,0.2504497004460685,,,0.03785963903499555,,,0.0,0.0,0.030415968064077294,0,0,0,0,0,,0,0,0,,,,,1.622184315512452,,,,,
trial_0014,6,eval,,,,,,,0.2941176470588235,2.1607748059665455,,,,,,,,,,,,,,,,,,,,,,
trial_0014,6,global,,,,0.04313725490196079,0.07206204666576115,,,,,,,0,0,0,0,0,,0,0,0,9,,0.19789473684210526,2.2993017527931614,,,-0.1568627450980392,0,0.2549019607843137,0
trial_0014,7,train,,,0.2504509389400482,,,0.04108166958712324,,,0.0,0.0,0.028014049252282975,0,0,0,0,0,,0,0,0,,,,,1.4615182272241085,,,,,
trial_0014,7,eval,,,,,,,0.411764705882353,2.3286510285209205,,,,,,,,,,,,,,,,,,,,,,
trial_0014,7,global,,,,0.08019569489893469,0.04037995075480874,,,,,,,0,0,0,0,0,,0,0,0,9,,0.16842105263157894,2.547952678580033,,,-0.13333333333333341,1,0.196078431372549,0
trial_0014,8,train,,,0.2504503647737865,,,0.04291078353984447,,,0.0,0.0,0.036859417121998875,0,0,0,0,0,,0,0,0,,,,,1.334337769203548,,,,,
trial_0014,8,eval,,,,,,,0.4705882352941177,2.2401843141107,,,,,,,,,,,,,,,,,,,,,,
trial_0014,8,global,,,,0.06041453269227723,0.0601611129614662,,,,,,,0,0,0,0,0,,0,0,0,9,,0.18736842105263157,2.5647066603208843,,,-0.1777777777777778,1,0.1777777777777778,1
trial_0014,9,train,,,0.25047519350353675,,,0.04507048352609706,,,0.0,0.0,0.03688093313970898,0,0,1,1,0,,0,0,0,,,,,1.107819137901445,,,,,
trial_0014,9,eval,0.3529411764705882,0.3529411764705882,,,,,,,,,,,,,,,,,,,,2.8823529411764706,,,,0.0,,,,
trial_0014,9,global,,,,0.06233267510956919,0.060421619781647014,,,,,,,0,0,1,0,0,0.0,0,1,0,9,,0.18526315789473685,2.79537902932418,,,-0.1777777777777778,1,0.1777777777777778,1
trial_0014,10,train,,,0.2504803228981887,,,0.04752123582212231,,,0.0,0.0,0.03812923355004456,0,0,1,0,0,0.0,0,1,0,,,,,0.9945296436925477,,,,,
trial_0014,10,eval,,,,,,,0.411764705882353,2.2946311656166527,,,,,,,,,,,,,,,,,,,,,,
trial_0014,10,global,,,,0.057866050750102316,0.0736066740418098,,,,,,,0,0,1,0,0,0.0,0,1,0,9,,0.2,2.837061781130339,,,-0.24444444444444446,1,0.24444444444444446,1
trial_0014,11,train,,,0.2504013738659925,,,0.02482152574284132,,,0.0,0.0,0.04844437348981241,0,0,1,0,0,0.0,0,1,0,,,,,16.381748893649075,,,,,
trial_0014,11,eval,,,,,,,0.15789473684210525,4.6128009369498795,,,,,,,,,,,,,,,,,,,,,,
trial_0014,11,global,,,,0.2555747112655139,-0.12410198647360178,,,,,,,0,0,1,0,0,0.0,0,1,0,18,,0.0708133971291866,6.244641466916463,,,-0.7111111111111111,1,0.7111111111111111,1
trial_0014,12,train,,,0.25031258547028834,,,0.034748051055642055,,,0.0,1.0,0.1948185294173485,0,0,1,0,0,0.0,0,1,0,,,,,3.2023609804552655,,,,,
trial_0014,12,eval,,,,,,,0.05263157894736842,2.9558762374677157,,,,,,,,,,,,,,,,,,,,,,
trial_0014,12,global,,,,0.14951737347688082,-0.057901554636707195,,,,,,,0,0,1,0,0,0.0,0,1,0,18,,0.07368421052631578,5.024078032616793,,,-0.6000000000000001,1,0.6000000000000001,1
trial_0014,13,train,,,0.25030329147743624,,,0.03374807328678841,,,0.0,0.3488372093023256,0.0966891113235507,0,0,1,0,0,0.0,0,1,0,,,,,1.917053345746772,,,,,
trial_0014,13,eval,,,,,,,0.21052631578947367,2.180262753837987,,,,,,,,,,,,,,,,,,,,,,
trial_0014,13,global,,,,0.1686039563755817,-0.044833766800534726,,,,,,,0,0,1,0,0,0.0,0,1,0,18,,0.09186602870813397,4.812852300525282,,,-0.8,1,0.8,1
trial_0014,14,train,,,0.2502794047427732,,,0.03290687120238016,,,0.0,0.09302325581395349,0.06400072981798373,0,0,2,1,0,0.0,0,1,0,,,,,1.7133139894452203,,,,,
trial_0014,14,eval,0.15789473684210525,0.15789473684210525,,,,,,,,,,,,,,,,,,,,1.6842105263157894,,,,0.0,,,,
trial_0014,14,global,,,,0.17755567398743005,-0.04106305932689068,,,,,,,0,0,2,0,0,0.0,0,2,0,18,,0.09760765550239234,5.20187292874715,,,-0.8,1,0.8,1
trial_0014,15,train,,,0.25027738095715985,,,0.03434963351072267,,,0.09302325581395349,0.0,0.06176083442256896,0,0,2,0,0,0.0,0,2,0,,,,,1.5720159698364347,,,,,
trial_0014,15,eval,,,,,,,0.2631578947368421,1.974330418988278,,,,,,,,,,,,,,,,,,,,,,
trial_0014,15,global,,,,0.1787214713950575,-0.03399840405962103,,,,,,,0,0,2,0,0,0.0,0,2,0,18,,0.10334928229665072,4.968975758438475,,,-0.8,1,0.8,1
trial_0014,16,train,,,0.25027946105530097,,,0.03522201436896657,,,0.0,0.0,0.049244700406872954,0,0,2,0,0,0.0,0,2,0,,,,,1.3657523436601773,,,,,
trial_0014,16,eval,,,,,,,0.3157894736842105,2.2499985820368718,,,,,,,,,,,,,,,,,,,,,,
trial_0014,16,global,,,,0.16477646578338523,-0.015648367438848895,,,,,,,0,0,2,0,0,0.0,0,2,0,18,,0.12344497607655502,5.338078135166442,,,-0.8,1,0.8,1
trial_0014,17,train,,,0.25030140596073724,,,0.03706117320892423,,,0.0,0.09302325581395349,0.050705774600595936,0,0,3,1,0,0.0,0,2,0,,,,,1.32474616398645,,,,,
trial_0014,17,eval,0.15789473684210525,0.15789473684210525,,,,,,,,,,,,,,,,,,,,1.6842105263157894,,,,0.0,,,,
trial_0014,17,global,,,,0.17809772495523815,-0.024854400273253256,,,,,,,0,0,3,0,0,0.0,0,3,0,18,,0.11291866028708133,5.13058560248197,,,-0.8,1,0.8,1
trial_0014,18,train,,,0.2503288781573606,,,0.03897636019906332,,,0.0,0.0,0.042714126512061724,0,0,3,0,0,0.0,0,3,0,,,,,1.1873599491840185,,,,,
trial_0014,18,eval,,,,,,,0.3684210526315789,2.131453087455348,,,,,,,,,,,,,,,,,,,,,,
trial_0014,18,global,,,,0.16604198234394,-0.012016185048496567,,,,,,,0,0,3,0,0,0.0,0,3,0,18,,0.12727272727272726,5.5126018337085485,,,-0.8,1,0.8,1
trial_0014,19,train,,,0.25037265031836753,,,0.04115539026814838,,,0.0,0.0,0.045703167004813985,0,0,3,0,0,0.0,0,3,0,,,,,1.1693371785241504,,,,,
trial_0014,19,eval,,,,,,,0.3684210526315789,1.7694876444967167,,,,,,,,,,,,,,,,,,,,,,
trial_0014,19,global,,,,0.1693900011803138,-0.009378420121308826,,,,,,,0,0,3,0,0,0.0,0,3,0,18,,0.1291866028708134,5.269045626946043,,,-0.8,1,0.8,1
trial_0014,20,train,,,0.2504192554326945,,,0.04349612392658411,,,0.0,0.0,0.03926302230115547,0,0,3,0,0,0.0,0,3,0,,,,,1.0513773238936135,,,,,
trial_0014,20,eval,,,,,,,0.3684210526315789,2.1667671329096745,,,,,,,,,,,,,,,,,,,,,,
trial_0014,20,global,,,,0.16752234180091732,-0.007510760741912356,,,,,,,0,0,3,0,0,0.0,0,3,0,18,,0.1320574162679426,5.758723951184579,,,-0.8,1,0.8,1
trial_0014,21,train,,,0.2504947467687282,,,0.06630658659529179,,,0.0,0.0,0.02652825874851123,0,0,3,0,0,0.0,0,3,0,,,,,17.373649177145452,,,,,
trial_0014,21,eval,,,,,,,0.21052631578947367,2.167319021726909,,,,,,,,,,,,,,,,,,,,,,
trial_0014,21,global,,,,0.2713273686566668,-0.11131578759766186,,,,,,,0,0,3,0,0,0.0,0,3,0,27,,0.06191950464396285,7.0419213475088585,,,-0.8,1,0.8,1
trial_0014,22,train,,,0.2504555218397303,,,0.049850876026965196,,,0.0,1.0,0.19114389443334112,0,0,4,1,0,0.0,0,3,0,,,,,2.162053594690688,,,,,
trial_0014,22,eval,0.21052631578947367,0.21052631578947367,,,,,,,,,,,,,,,,,,,,2.1052631578947367,,,,0.0,,,,
trial_0014,22,global,,,,0.22143348187638287,-0.06933819124010489,,,,,,,0,0,4,0,0,0.0,0,4,0,27,,0.07244582043343653,8.44309896463211,,,-0.8,1,0.8,1
trial_0014,23,train,,,0.25044194497960676,,,0.05118286229194479,,,0.0,0.0,0.031886496101605134,0,0,5,1,0,0.0,0,4,0,,,,,1.6158494190966828,,,,,
trial_0014,23,eval,0.2631578947368421,0.3157894736842105,,,,,,,,,,,,,,,,,,,,2.1052631578947367,,,,0.0,,,,
trial_0014,23,global,,,,0.24480717521514173,-0.06802967601984361,,,,,,,0,0,5,0,0,0.0,0,5,0,27,,0.0718266253869969,8.890687598827823,,,-0.8,1,0.8,1
trial_0014,24,train,,,0.2504327373301729,,,0.05074639840328947,,,0.0,0.0,0.04276157587449602,0,0,5,0,0,0.0,0,5,0,,,,,1.4003039372728225,,,,,
trial_0014,24,eval,,,,,,,0.47368421052631576,1.7010884096747951,,,,,,,,,,,,,,,,,,,,,,
trial_0014,24,global,,,,0.24142818827459803,-0.05502241839212438,,,,,,,0,0,5,0,0,0.0,0,5,0,27,,0.09040247678018576,8.801810897024055,,,-0.8,1,0.8,1
trial_0014,25,train,,,0.250423937084827,,,0.05259245507260586,,,0.0,0.0,0.03226592425019184,0,0,6,1,0,0.0,0,5,0,,,,,1.2345953493676287,,,,,
trial_0014,25,eval,0.47368421052631576,0.5263157894736842,,,,,,,,,,,,,,,,,,,,2.1052631578947367,,,,0.0,,,,
trial_0014,25,global,,,,0.23676378719106694,-0.04490583941948571,,,,,,,0,0,6,0,0,0.0,0,6,0,27,,0.09969040247678018,8.896665151495682,,,-0.8,1,0.8,1
trial_0014,26,train,,,0.2503939381939299,,,0.05378643756217145,,,0.0,0.0,0.03574910012489939,0,0,6,0,0,0.0,0,6,0,,,,,1.0361392362320676,,,,,
trial_0014,26,eval,,,,,,,0.5263157894736842,1.5939696054709582,,,,,,,,,,,,,,,,,,,,,,
trial_0014,26,global,,,,0.23424096812971199,-0.037628565254776036,,,,,,,0,0,6,0,0,0.0,0,6,0,27,,0.10712074303405572,8.921333615329612,,,-0.8,1,0.8,1
trial_0014,27,train,,,0.2503789029222854,,,0.0546765961545579,,,0.0,0.0,0.0365962731394362,0,0,6,0,0,0.0,0,6,0,,,,,0.9237503456308486,,,,,
trial_0014,27,eval,,,,,,,0.47368421052631576,1.6242783446060982,,,,,,,,,,,,,,,,,,,,,,
trial_0014,27,global,,,,0.23845292032984114,-0.03582016161598452,,,,,,,0,0,6,0,0,0.0,0,6,0,27,,0.10959752321981424,8.89678121986035,,,-0.8,1,0.8,1
trial_0014,28,train,,,0.25036817091576596,,,0.05652348285025738,,,0.0,0.0,0.034484012718213365,0,0,6,0,0,0.0,0,6,0,,,,,0.8411157965660094,,,,,
trial_0014,28,eval,,,,,,,0.47368421052631576,1.6217290037556698,,,,,,,,,,,,,,,,,,,,,,
trial_0014,28,global,,,,0.23785841429140964,-0.033107249292480045,,,,,,,0,0,6,0,0,0.0,0,6,0,27,,0.11145510835913312,9.002159005274345,,,-0.8,1,0.8,1
trial_0014,29,train,,,0.2503730772023506,,,0.058104659014559815,,,0.0,0.0,0.03404054233923238,0,0,6,0,0,0.0,0,6,0,,,,,0.7642969366083754,,,,,
trial_0014,29,eval,,,,,,,0.5263157894736842,1.6470409851325185,,,,,,,,,,,,,,,,,,,,,,
trial_0014,29,global,,,,0.24456484421484945,-0.03935643184509227,,,,,,,0,0,6,0,0,0.0,0,6,0,27,,0.10526315789473684,9.109412724167202,,,-0.8,1,0.8,1
trial_0014,30,train,,,0.25038942123981234,,,0.05974526735062295,,,0.0,0.0,0.033069243238485875,0,0,7,1,0,0.0,0,6,0,,,,,0.6971855791325263,,,,,
trial_0014,30,eval,0.42105263157894735,0.47368421052631576,,,,,,,,,,,,,,,,,,,,2.1052631578947367,,,,0.0,,,,
trial_0014,30,global,,,,0.24483955171968946,-0.03963113934993227,,,,,,,0,0,7,0,0,0.0,0,7,0,27,,0.10526315789473684,9.331820203940566,,,-0.8,1,0.8,1
trial_0014,31,train,,,0.2504096785758404,,,0.06121005530052997,,,0.0,0.0,0.03230955954244796,0,0,8,1,0,0.0,0,7,0,,,,,0.6381502218703006,,,,,
trial_0014,31,eval,0.42105263157894735,0.47368421052631576,,,,,,,,,,,,,,,,,,,,2.1052631578947367,,,,0.0,,,,
trial_0014,31,global,,,,0.24717456365401252,-0.041292750610854634,,,,,,,0,0,8,0,0,0.0,0,8,0,27,,0.10402476780185758,9.640243331861939,,,-0.8,1,0.8,1
trial_0014,32,train,,,0.25043630726793975,,,0.06285759109131833,,,0.0,0.0,0.031232496053773044,0,0,8,0,0,0.0,0,8,0,,,,,0.5870584109996227,,,,,
trial_0014,32,eval,,,,,,,0.5789473684210527,1.6435445907868838,,,,,,,,,,,,,,,,,,,,,,
trial_0014,32,global,,,,0.24693803116613994,-0.04105621812298206,,,,,,,0,0,8,0,0,0.0,0,8,0,27,,0.10464396284829722,9.84431126361292,,,-0.8,1,0.8,1
trial_0014,33,train,,,0.25047213409809355,,,0.06449381721780656,,,0.0,0.0,0.030741744504330006,0,0,9,1,0,0.0,0,8,0,,,,,0.542835895558621,,,,,
trial_0014,33,eval,0.42105263157894735,0.47368421052631576,,,,,,,,,,,,,,,,,,,,2.1052631578947367,,,,0.0,,,,
trial_0014,33,global,,,,0.244947559261551,-0.03775323656758688,,,,,,,0,0,9,0,0,0.0,0,9,0,27,,0.10897832817337462,10.065827367918411,,,-0.8,1,0.8,1
trial_0014,34,train,,,0.25050837499030093,,,0.06642622453101137,,,0.0,0.0,0.030240875962091258,0,0,10,1,0,0.0,0,9,0,,,,,0.502712149632738,,,,,
trial_0014,34,eval,0.42105263157894735,0.5263157894736842,,,,,,,,,,,,,,,,,,,,2.1052631578947367,,,,0.0,,,,
trial_0014,34,global,,,,0.2446129391788078,-0.03634263932190997,,,,,,,0,0,10,0,0,0.0,0,10,0,27,,0.11021671826625387,10.215133095378109,,,-0.8,1,0.8,1
trial_0014,35,train,,,0.2505554772437887,,,0.06828141846555344,,,0.0,0.0,0.02994747544896413,0,0,10,0,0,0.0,0,10,0,,,,,0.46595665520810065,,,,,
trial_0014,35,eval,,,,,,,0.5789473684210527,1.6630423398394332,,,,,,,,,,,,,,,,,,,,,,
trial_0014,35,global,,,,0.24389232088747206,-0.034948620357173575,,,,,,,0,0,10,0,0,0.0,0,10,0,27,,0.11145510835913312,10.342023498724119,,,-0.8,1,0.8,1
trial_0014,36,train,,,0.2506078234378328,,,0.07022640996790946,,,0.0,0.0,0.02955155605252119,0,0,10,0,0,0.0,0,10,0,,,,,0.4303739356233718,,,,,
trial_0014,36,eval,,,,,,,0.5263157894736842,1.6830411255359647,,,,,,,,,,,,,,,,,,,,,,
trial_0014,36,global,,,,0.24113817120349784,-0.031279975931544086,,,,,,,0,0,10,0,0,0.0,0,10,0,27,,0.11455108359133127,10.400686865177686,,,-0.8,1,0.8,1
trial_0014,37,train,,,0.25065577917910636,,,0.07161360091351449,,,0.0,0.0,0.029396691098016632,0,0,10,0,0,0.0,0,10,0,,,,,0.3969891292934722,,,,,
trial_0014,37,eval,,,,,,,0.47368421052631576,1.6901990041921013,,,,,,,,,,,,,,,,,,,,,,
trial_0014,37,global,,,,0.24113817120349784,-0.03082272856071647,,,,,,,0,0,10,0,0,0.0,0,10,0,27,,0.11517027863777089,10.531752094469573,,,-0.8,1,0.8,1
trial_0014,38,train,,,0.2507034590903749,,,0.07297789035959446,,,0.0,0.0,0.028886774776780862,0,0,11,1,0,0.0,0,10,0,,,,,0.3657486890858792,,,,,
trial_0014,38,eval,0.47368421052631576,0.47368421052631576,,,,,,,,,,,,,,,,,,,,2.1052631578947367,,,,0.15789473684210525,,,,
trial_0014,38,global,,,,0.24119635242109932,-0.02818730708471529,,,,,,,0,0,11,0,0,0.25,0,11,0,27,,0.11764705882352941,10.618967388141266,,,-0.8,1,0.8,1
trial_0014,39,train,,,0.2507464413313155,,,0.0737430123572654,,,0.0,0.0,0.02835203582183161,0,0,12,1,0,0.25,0,11,0,,,,,0.334751041043312,,,,,
trial_0014,39,eval,0.47368421052631576,0.47368421052631576,,,,,,,,,,,,,,,,,,,,2.1052631578947367,,,,0.0,,,,
trial_0014,39,global,,,,0.24291143856143857,-0.029445145854226935,,,,,,,0,0,12,0,0,0.0,0,12,0,27,,0.11578947368421053,10.761701936987532,,,-0.8,1,0.8,1
trial_0014,40,train,,,0.25078841695126064,,,0.0745439313827677,,,0.0,0.0,0.027371760198172737,0,0,12,0,0,0.0,0,12,0,,,,,0.3072434002097617,,,,,
trial_0014,40,eval,,,,,,,0.5789473684210527,1.7344368649156467,,,,,,,,,,,,,,,,,,,,,,
trial_0014,40,global,,,,0.23956132685396087,-0.024748232799947863,,,,,,,0,0,12,0,0,0.0,0,12,0,27,,0.12012383900928793,10.849710567226351,,,-0.8,1,0.8,1
trial_0014,41,train,,,0.2508257059974873,,,0.07441714342604291,,,0.0,0.0,0.02673923621310833,0,0,13,1,0,0.0,0,12,0,,,,,0.2838191560608275,,,,,
trial_0014,41,eval,0.5789473684210527,0.5263157894736842,,,,,,,,,,,,,,,,,,,,2.1052631578947367,,,,0.2631578947368421,,,,
trial_0014,41,global,,,,0.24182087948148254,-0.02700778542746953,,,,,,,0,0,13,0,0,0.25,0,13,0,27,,0.11702786377708978,11.102436219206535,,,-0.8,1,0.8,1
trial_0014,42,train,,,0.25085974563943575,,,0.0741983544319234,,,0.0,0.0,0.025107221819579285,0,0,14,1,0,0.25,0,13,0,,,,,0.24906032595862732,,,,,
trial_0014,42,eval,0.5789473684210527,0.5789473684210527,,,,,,,,,,,,,,,,,,,,2.1052631578947367,,,,0.15789473684210525,,,,
trial_0014,42,global,,,,0.24000169628465956,-0.02441699729237496,,,,,,,0,0,14,0,0,0.25,0,14,0,27,,0.11888544891640866,11.344317163992962,,,-0.8,1,0.8,1
trial_0014,43,train,,,0.25089863925538164,,,0.07372321029926869,,,0.0,0.0,0.025144361448969615,0,0,14,0,0,0.25,0,14,0,,,,,0.24861573014170565,,,,,
trial_0014,43,eval,,,,,,,0.631578947368421,1.8861074651542462,,,,,,,,,,,,,,,,,,,,,,
trial_0014,43,global,,,,0.2548924410730458,-0.03474153203509912,,,,,,,0,0,14,0,0,0.25,0,14,0,27,,0.1108359133126935,11.886371022038416,,,-0.8,1,0.8,1
trial_0014,44,train,,,0.2509503570642877,,,0.07534196909437788,,,0.0,0.0,0.02491434667100932,0,0,14,0,0,0.25,0,14,0,,,,,0.24947945513623826,,,,,
trial_0014,44,eval,,,,,,,0.47368421052631576,1.9952572270443563,,,,,,,,,,,,,,,,,,,,,,
trial_0014,44,global,,,,0.25056396281229504,-0.030413053774348324,,,,,,,0,0,14,0,0,0.25,0,14,0,27,,0.11145510835913312,11.794568577344204,,,-0.8,1,0.8,1
trial_0014,45,train,,,0.25098474735909315,,,0.07413816071571189,,,0.0,0.0,0.02696628626138765,0,0,14,0,0,0.25,0,14,0,,,,,0.2112739025753863,,,,,
trial_0014,45,eval,,,,,,,0.6842105263157894,1.8011634020428908,,,,,,,,,,,,,,,,,,,,,,
trial_0014,45,global,,,,0.24890778385488013,-0.02553097468590897,,,,,,,0,0,14,0,0,0.25,0,14,0,27,,0.12074303405572756,12.543773903861503,,,-0.8,1,0.8,1
trial_0014,46,train,,,0.25102530990509275,,,0.07554823160171509,,,0.0,0.0,0.021277848913017264,0,0,15,1,0,0.25,0,14,0,,,,,0.16952254014446377,,,,,
trial_0014,46,eval,0.5263157894736842,0.47368421052631576,,,,,,,,,,,,,,,,,,,,2.1052631578947367,,,,0.15789473684210525,,,,
trial_0014,46,global,,,,0.24562733979521786,-0.021478925687975117,,,,,,,0,0,15,0,0,0.25,0,15,0,27,,0.12012383900928793,12.283918332315451,,,-0.8,1,0.8,1
trial_0014,47,train,,,0.25105235012287785,,,0.07532565707856036,,,0.0,0.0,0.02378397479930774,0,0,16,1,0,0.25,0,15,0,,,,,0.192069895787442,,,,,
trial_0014,47,eval,0.5263157894736842,0.5263157894736842,,,,,,,,,,,,,,,,,,,,2.1052631578947367,,,,0.0,,,,
trial_0014,47,global,,,,0.25003028897107266,-0.025881874863829934,,,,,,,0,0,16,0,0,0.0,0,16,0,27,,0.1195046439628483,12.738581177324702,,,-0.8,1,0.8,1
trial_0014,48,train,,,0.25109774223033415,,,0.07530511059659592,,,0.0,0.0,0.01962642705989407,0,0,16,0,0,0.0,0,16,0,,,,,0.15324083301932254,,,,,
trial_0014,48,eval,,,,,,,0.5789473684210527,2.022845473728682,,,,,,,,,,,,,,,,,,,,,,
trial_0014,48,global,,,,0.25184445430919583,-0.026983789489702363,,,,,,,0,0,16,0,0,0.0,0,16,0,27,,0.11393188854489164,12.593968403819176,,,-0.8,1,0.8,1
trial_0014,49,train,,,0.25112852581003875,,,0.07658466189465625,,,0.0,0.0,0.02356567229243352,0,0,17,1,0,0.0,0,16,0,,,,,0.17483538538217547,,,,,
trial_0014,49,eval,0.5789473684210527,0.5789473684210527,,,,,,,,,,,,,,,,,,,,2.1052631578947367,,,,0.0,,,,
trial_0014,49,global,,,,0.24708880451952198,-0.022228139700028522,,,,,,,0,0,17,0,0,0.0,0,17,0,27,,0.12321981424148606,12.498584877226744,,,-0.8,1,0.8,1
trial_0014,50,train,,,0.2511855902823996,,,0.07777778265324045,,,0.0,0.0,0.017654822545963282,0,0,18,1,0,0.0,0,17,0,,,,,0.1590851442293918,,,,,
trial_0014,50,eval,0.5263157894736842,0.5263157894736842,,,,,,,,,,,,,,,,,,,,2.1052631578947367,,,,0.0,,,,
trial_0014,50,global,,,,0.24660147011075975,-0.02029579967959401,,,,,,,0,0,18,0,0,0.0,0,18,0,27,,0.12074303405572756,11.676490807311822,,,-0.8,1,0.8,1
trial_0014,51,train,,,0.25121489991532997,,,0.07687967888852383,,,0.0,0.0,0.025123686247326915,0,0,18,0,0,0.0,0,18,0,,,,,0.16051816861046123,,,,,
trial_0014,51,eval,,,,,,,0.631578947368421,1.8791069262906124,,,,,,,,,,,,,,,,,,,,,,
trial_0014,51,global,,,,0.24904371914070622,-0.022280801338712845,,,,,,,0,0,18,0,0,0.0,0,18,0,27,,0.1238390092879257,12.597056163870514,,,-0.8,1,0.8,1
trial_0014,52,train,,,0.25126729239808754,,,0.07888908081866325,,,0.0,0.0,0.017354343903369887,0,0,18,0,0,0.0,0,18,0,,,,,0.1360619070365074,,,,,
trial_0014,52,eval,,,,,,,0.6842105263157894,1.9808292185005387,,,,,,,,,,,,,,,,,,,,,,
trial_0014,52,global,,,,0.2491768710278087,-0.021067151879013982,,,,,,,0,0,18,0,0,0.0,0,18,0,27,,0.1195046439628483,11.669620766654472,,,-0.8,1,0.8,1
trial_0014,53,train,,,0.2512940241301313,,,0.07639185989156683,,,0.0,0.0,0.022283254169482503,0,0,18,0,0,0.0,0,18,0,,,,,0.12599734337405957,,,,,
trial_0014,53,eval,,,,,,,0.5789473684210527,1.9227808482552828,,,,,,,,,,,,,,,,,,,,,,
trial_0014,53,global,,,,0.24599244305815107,-0.01737536723761613,,,,,,,0,0,18,0,0,0.0,0,18,0,27,,0.12879256965944272,12.649249508506374,,,-0.8,1,0.8,1
trial_0014,54,train,,,0.2513282901429115,,,0.07879551674457307,,,0.0,0.0,0.01537930866681099,0,0,19,1,0,0.0,0,18,0,,,,,0.11286668549985328,,,,,
trial_0014,54,eval,0.5263157894736842,0.5263157894736842,,,,,,,,,,,,,,,,,,,,2.1052631578947367,,,,0.0,,,,
trial_0014,54,global,,,,0.24923755947455725,-0.02062048365402231,,,,,,,0,0,19,0,0,0.0,0,19,0,27,,0.1195046439628483,11.781441377338611,,,-0.8,1,0.8,1
trial_0014,55,train,,,0.2513626734627054,,,0.07548669297644432,,,0.0,0.0,0.019151930876839113,0,0,20,1,0,0.0,0,19,0,,,,,0.10565510250310949,,,,,
trial_0014,55,eval,0.5263157894736842,0.47368421052631576,,,,,,,,,,,,,,,,,,,,2.1052631578947367,,,,0.15789473684210525,,,,
trial_0014,55,global,,,,0.25118928278865704,-0.022572206968122125,,,,,,,0,0,20,0,0,0.25,0,20,0,27,,0.12198142414860681,12.355844092590521,,,-0.8,1,0.8,1
trial_0014,56,train,,,0.25138656192637504,,,0.07649388021611152,,,0.0,0.0,0.015330831581067812,0,0,20,0,0,0.25,0,20,0,,,,,0.09339516235396583,,,,,
trial_0014,56,eval,,,,,,,0.631578947368421,1.8510166151743184,,,,,,,,,,,,,,,,,,,,,,
trial_0014,56,global,,,,0.24464025777404058,-0.016023181953505643,,,,,,,0,0,20,0,0,0.25,0,20,0,27,,0.12445820433436533,12.196715269295424,,,-0.8,1,0.8,1
trial_0014,57,train,,,0.2514111450377931,,,0.07384866729695747,,,0.0,0.0,0.01633166828894978,0,0,21,1,0,0.25,0,20,0,,,,,0.0871700749474954,,,,,
trial_0014,57,eval,0.5789473684210527,0.5789473684210527,,,,,,,,,,,,,,,,,,,,2.1052631578947367,,,,0.0,,,,
trial_0014,57,global,,,,0.25072763888241645,-0.02211056306188149,,,,,,,0,0,21,0,0,0.0,0,21,0,27,,0.12198142414860681,12.6350904198992,,,-0.8,1,0.8,1
trial_0014,58,train,,,0.25143765610583285,,,0.074294128950606,,,0.0,0.0,0.012177257391034646,0,0,22,1,0,0.0,0,21,0,,,,,0.064137986365785,,,,,
trial_0014,58,eval,0.5789473684210527,0.631578947368421,,,,,,,,,,,,,,,,,,,,2.1052631578947367,,,,0.0,,,,
trial_0014,58,global,,,,0.24566914963792214,-0.017052073817387204,,,,,,,0,0,22,0,0,0.0,0,22,0,27,,0.1238390092879257,12.492878224753744,,,-0.8,1,0.8,1
trial_0014,59,train,,,0.251455693802935,,,0.07356637652884138,,,0.0,0.0,0.014978147588516686,0,0,22,0,0,0.0,0,22,0,,,,,0.07570217349269288,,,,,
trial_0014,59,eval,,,,,,,0.6842105263157894,1.9253083189067088,,,,,,,,,,,,,,,,,,,,,,
trial_0014,59,global,,,,0.24938654292026868,-0.020769467099733752,,,,,,,0,0,22,0,0,0.0,0,22,0,27,,0.12260061919504645,12.572229136180582,,,-0.8,1,0.8,1
trial_0014,60,train,,,0.25149143407953545,,,0.07173431807375968,,,0.0,0.0,0.012002633907460668,0,0,22,0,0,0.0,0,22,0,,,,,0.05316248078771094,,,,,
trial_0014,60,eval,,,,,,,0.631578947368421,1.9504521555806462,,,,,,,,,,,,,,,,,,,,,,
trial_0014,60,global,,,,0.24214573276454254,-0.009870677977386676,,,,,,,0,0,22,0,0,0.0,0,22,0,27,,0.13312693498452013,13.201511111421851,,,-0.8,1,0.8,1
trial_0014,61,train,,,0.25151782213373386,,,0.07432669908442395,,,0.0,0.0,0.0166208312747953,0,0,22,0,0,0.0,0,22,0,,,,,0.11976286822612932,,,,,
trial_0014,61,eval,,,,,,,0.6842105263157894,1.9378722192425477,,,,,,,,,,,,,,,,,,,,,,
trial_0014,61,global,,,,0.23986283283353685,-0.00597747208824893,,,,,,,0,0,22,0,0,0.0,0,22,0,27,,0.13560371517027864,13.059418714304826,,,-0.8,1,0.8,1
trial_0014,62,train,,,0.2514984057621753,,,0.07369412703717008,,,0.0,0.0,0.014843430190267876,0,0,23,1,0,0.0,0,22,0,,,,,0.09192291993172244,,,,,
trial_0014,62,eval,0.47368421052631576,0.47368421052631576,,,,,,,,,,,,,,,,,,,,2.1052631578947367,,,,0.0,,,,
trial_0014,62,global,,,,0.24971814035680323,-0.014244884196459397,,,,,,,0,0,23,0,0,0.0,0,23,0,27,,0.12879256965944272,13.481802689401727,,,-0.8,1,0.8,1
trial_0014,63,train,,,0.2515047956654366,,,0.07309254433246368,,,0.0,0.0,0.015905841705798014,0,0,24,1,0,0.0,0,23,0,,,,,0.07848908325776141,,,,,
trial_0014,63,eval,0.5263157894736842,0.5263157894736842,,,,,,,,,,,,,,,,,,,,2.1052631578947367,,,,0.0,,,,
trial_0014,63,global,,,,0.24570952930681397,-0.01023627314647014,,,,,,,0,0,24,0,0,0.0,0,24,0,27,,0.13374613003095975,13.704481015042992,,,-0.8,1,0.8,1
trial_0014,64,train,,,0.25153041424903466,,,0.07339402399164564,,,0.0,0.0,0.011653656857162516,0,0,24,0,0,0.0,0,24,0,,,,,0.07256983567346284,,,,,
trial_0014,64,eval,,,,,,,0.6842105263157894,1.8843771650602943,,,,,,,,,,,,,,,,,,,,,,
trial_0014,64,global,,,,0.24609223252852316,-0.00859877434797732,,,,,,,0,0,24,0,0,0.0,0,24,0,27,,0.13374613003095975,13.389705554029153,,,-0.8,1,0.8,1
trial_0014,65,train,,,0.25154808956257835,,,0.07185804146401426,,,0.0,0.0,0.01357700979489427,0,0,25,1,0,0.0,0,24,0,,,,,0.06753233714782177,,,,,
trial_0014,65,eval,0.5263157894736842,0.5263157894736842,,,,,,,,,,,,,,,,,,,,2.1052631578947367,,,,0.0,,,,
trial_0014,65,global,,,,0.24572293414470284,-0.008229475964156964,,,,,,,0,0,25,0,0,0.0,0,25,0,27,,0.13622291021671826,13.610227909619594,,,-0.8,1,0.8,1
trial_0014,66,train,,,0.25156940044240744,,,0.07138298356786688,,,0.0,0.0,0.010980003637365721,0,0,26,1,0,0.0,0,25,0,,,,,0.053806302849044835,,,,,
trial_0014,66,eval,0.631578947368421,0.631578947368421,,,,,,,,,,,,,,,,,,,,2.1052631578947367,,,,0.0,,,,
trial_0014,66,global,,,,0.24728184026525724,-0.008873887343056136,,,,,,,0,0,26,0,0,0.0,0,26,0,27,,0.13560371517027864,13.45344036562893,,,-0.8,1,0.8,1
trial_0014,67,train,,,0.25158318766254056,,,0.0717815674365835,,,0.0,0.0,0.012450601566091252,0,0,26,0,0,0.0,0,26,0,,,,,0.06363554727880562,,,,,
trial_0014,67,eval,,,,,,,0.631578947368421,2.149714213452841,,,,,,,,,,,,,,,,,,,,,,
trial_0014,67,global,,,,0.24405907446635405,-0.005651121544152967,,,,,,,0,0,26,0,0,0.0,0,26,0,27,,0.13808049535603714,13.628737793913567,,,-0.8,1,0.8,1
trial_0014,68,train,,,0.25160443307237423,,,0.07061755023104078,,,0.0,0.0,0.009683728936881304,0,0,26,0,0,0.0,0,26,0,,,,,0.05098139112418954,,,,,
trial_0014,68,eval,,,,,,,0.6842105263157894,2.0414160058686606,,,,,,,,,,,,,,,,,,,,,,
trial_0014,68,global,,,,0.24677377612995957,-0.007692422534357805,,,,,,,0,0,26,0,0,0.0,0,26,0,27,,0.1368421052631579,13.32113042778275,,,-0.8,1,0.8,1
trial_0014,69,train,,,0.2516108633989983,,,0.06988759624197127,,,0.0,0.0,0.010272082539078374,0,0,26,0,0,0.0,0,26,0,,,,,0.05180779732565613,,,,,
trial_0014,69,eval,,,,,,,0.631578947368421,2.200681603268573,,,,,,,,,,,,,,,,,,,,,,
trial_0014,69,global,,,,0.24535630460577576,-0.006274951010174003,,,,,,,0,0,26,0,0,0.0,0,26,0,27,,0.13808049535603714,13.538639264652973,,,-0.8,1,0.8,1
trial_0014,70,train,,,0.2516352978158504,,,0.06910211798992563,,,0.0,0.0,0.008573550818317096,0,0,27,1,0,0.0,0,26,0,,,,,0.052032403848034904,,,,,
trial_0014,70,eval,0.5263157894736842,0.5263157894736842,,,,,,,,,,,,,,,,,,,,2.1052631578947367,,,,0.0,,,,
trial_0014,70,global,,,,0.24444574987439185,-0.005364396278790096,,,,,,,0,0,27,0,0,0.0,0,27,0,27,,0.13993808049535603,13.42378819940998,,,-0.8,1,0.8,1
trial_0014,71,train,,,0.2516370448977389,,,0.06807342044850613,,,0.0,0.0,0.009631642419813905,0,0,28,1,0,0.0,0,27,0,,,,,0.046884372613412585,,,,,
trial_0014,71,eval,0.5263157894736842,0.5263157894736842,,,,,,,,,,,,,,,,,,,,2.1052631578947367,,,,0.0,,,,
trial_0014,71,global,,,,0.240551813590884,-0.000797059321881583,,,,,,,0,0,28,0,0,0.0,0,28,0,27,,0.14303405572755418,13.823067972756023,,,-0.8,1,0.8,1
trial_0014,72,train,,,0.25165959051314823,,,0.06860553140335894,,,0.0,0.0,0.007904982933154742,0,0,28,0,0,0.0,0,28,0,,,,,0.07160768065641217,,,,,
trial_0014,72,eval,,,,,,,0.5789473684210527,2.2454076803436402,,,,,,,,,,,,,,,,,,,,,,
trial_0014,72,global,,,,0.24989274491370586,-0.0087911892979021,,,,,,,0,0,28,0,0,0.0,0,28,0,27,,0.13436532507739937,12.852113883192695,,,-0.8,1,0.8,1
trial_0014,73,train,,,0.2516390055100969,,,0.06726179034151929,,,0.0,0.0,0.008866042757832242,0,0,29,1,0,0.0,0,28,0,,,,,0.04839742452778081,,,,,
trial_0014,73,eval,0.47368421052631576,0.47368421052631576,,,,,,,,,,,,,,,,,,,,2.1052631578947367,,,,0.0,,,,
trial_0014,73,global,,,,0.24898962397165564,-0.00788806835585188,,,,,,,0,0,29,0,0,0.0,0,29,0,27,,0.13560371517027864,13.242412760826086,,,-0.8,1,0.8,1
trial_0014,74,train,,,0.25165533448787447,,,0.06599089947152645,,,0.0,0.0,0.006669043990652736,0,0,30,1,0,0.0,0,29,0,,,,,0.05052488098673998,,,,,
trial_0014,74,eval,0.5263157894736842,0.5263157894736842,,,,,,,,,,,,,,,,,,,,2.1052631578947367,,,,0.0,,,,
trial_0014,74,global,,,,0.24527992550551356,-0.004178369889709774,,,,,,,0,0,30,0,0,0.0,0,30,0,27,,0.14055727554179567,13.61749841554246,,,-0.8,1,0.8,1
trial_0014,75,train,,,0.2516402191621192,,,0.06538399102840017,,,0.0,0.0,0.007974041171713752,0,0,30,0,0,0.0,0,30,0,,,,,0.04509583003620835,,,,,
trial_0014,75,eval,,,,,,,0.5789473684210527,2.3382027457027057,,,,,,,,,,,,,,,,,,,,,,
trial_0014,75,global,,,,0.24067382050664252,0.0004277351091612703,,,,,,,0,0,30,0,0,0.0,0,30,0,27,,0.14427244582043344,14.00012584957914,,,-0.8,1,0.8,1
trial_0014,76,train,,,0.2516441199373691,,,0.06410689937307479,,,0.0,0.0,0.007139067933538637,0,0,30,0,0,0.0,0,30,0,,,,,0.040138660479297344,,,,,
trial_0014,76,eval,,,,,,,0.5789473684210527,2.2520509692595194,,,,,,,,,,,,,,,,,,,,,,
trial_0014,76,global,,,,0.24387240524613252,-0.00277084963032876,,,,,,,0,0,30,0,0,0.0,0,30,0,27,,0.1417956656346749,13.931210175977771,,,-0.8,1,0.8,1
trial_0014,77,train,,,0.25164362740643476,,,0.06404273877752588,,,0.0,0.0,0.00735449067396211,0,0,30,0,0,0.0,0,30,0,,,,,0.04224488898477656,,,,,
trial_0014,77,eval,,,,,,,0.5789473684210527,2.4349764453149154,,,,,,,,,,,,,,,,,,,,,,
trial_0014,77,global,,,,0.24336960376992994,-0.0022680481541261623,,,,,,,0,0,30,0,0,0.0,0,30,0,27,,0.14241486068111456,13.794260536406432,,,-0.8,1,0.8,1
trial_0014,78,train,,,0.25164303659124576,,,0.06342483327743854,,,0.0,0.0,0.006030883362264115,0,0,31,1,0,0.0,0,30,0,,,,,0.032701773112243475,,,,,
trial_0014,78,eval,0.47368421052631576,0.47368421052631576,,,,,,,,,,,,,,,,,,,,2.1052631578947367,,,,0.0,,,,
trial_0014,78,global,,,,0.2437665752005603,-0.002665019584756512,,,,,,,0,0,31,0,0,0.0,0,31,0,27,,0.1417956656346749,13.521010894302982,,,-0.8,1,0.8,1
trial_0014,79,train,,,0.25163468052732185,,,0.06310411780438524,,,0.0,0.0,0.006132740768860343,0,0,32,1,0,0.0,0,31,0,,,,,0.03008762951147683,,,,,
trial_0014,79,eval,0.47368421052631576,0.47368421052631576,,,,,,,,,,,,,,,,,,,,2.1052631578947367,,,,0.0,,,,
trial_0014,79,global,,,,0.24414249217593176,-0.0003473338665252848,,,,,,,0,0,32,0,0,0.0,0,32,0,27,,0.14427244582043344,13.587346339742465,,,-0.8,1,0.8,1
trial_0014,80,train,,,0.2516466808762956,,,0.06293817466877875,,,0.0,0.0,0.005605139197738956,0,0,32,0,0,0.0,0,32,0,,,,,0.047464759953993754,,,,,
trial_0014,80,eval,,,,,,,0.5789473684210527,2.5019831565257746,,,,,,,,,,,,,,,,,,,,,,
trial_0014,80,global,,,,0.24730047965689803,-0.0035053213474915304,,,,,,,0,0,32,0,0,0.0,0,32,0,27,,0.13993808049535603,13.611470820660193,,,-0.8,1,0.8,1
trial_0014,81,train,,,0.2516421006715044,,,0.0630757358480007,,,0.0,0.0,0.005105620908022715,0,0,33,1,0,0.0,0,32,0,,,,,0.03174798258461375,,,,,
trial_0014,81,eval,0.47368421052631576,0.47368421052631576,,,,,,,,,,,,,,,,,,,,2.1052631578947367,,,,0.0,,,,
trial_0014,81,global,,,,0.24423256473510818,-0.000437406425701715,,,,,,,0,0,33,0,0,0.0,0,33,0,27,,0.14303405572755418,13.717091223182324,,,-0.8,1,0.8,1
trial_0014,82,train,,,0.25163655395203444,,,0.06165396089249468,,,0.0,0.0,0.004897672425292338,0,0,34,1,0,0.0,0,33,0,,,,,0.027392166811338763,,,,,
trial_0014,82,eval,0.5789473684210527,0.5789473684210527,,,,,,,,,,,,,,,,,,,,2.1052631578947367,,,,0.0,,,,
trial_0014,82,global,,,,0.24452069263650994,-0.0007255343271034764,,,,,,,0,0,34,0,0,0.0,0,34,0,27,,0.14427244582043344,13.854377708789364,,,-0.8,1,0.8,1
trial_0014,83,train,,,0.25164001197256936,,,0.062290791501390164,,,0.0,0.0,0.005146328010673739,0,0,34,0,0,0.0,0,34,0,,,,,0.028957437957696452,,,,,
trial_0014,83,eval,,,,,,,0.5789473684210527,2.594661995964615,,,,,,,,,,,,,,,,,,,,,,
trial_0014,83,global,,,,0.2438268822380568,-3.1723928650318706e-05,,,,,,,0,0,34,0,0,0.0,0,34,0,27,,0.1436532507739938,13.7135034378099,,,-0.8,1,0.8,1
trial_0014,84,train,,,0.25163004040083986,,,0.06192206575515422,,,0.0,0.0,0.004338942748646777,0,0,34,0,0,0.0,0,34,0,,,,,0.02210457328251226,,,,,
trial_0014,84,eval,,,,,,,0.5789473684210527,2.6194812556924787,,,,,,,,,,,,,,,,,,,,,,
trial_0014,84,global,,,,0.24609559111827906,-0.0023004328088725963,,,,,,,0,0,34,0,0,0.0,0,34,0,27,,0.1411764705882353,13.587094418552269,,,-0.8,1,0.8,1
trial_0014,85,train,,,0.25162568022596077,,,0.061839974941091336,,,0.0,0.0,0.004967737513420327,0,0,34,0,0,0.0,0,34,0,,,,,0.04096236038715281,,,,,
trial_0014,85,eval,,,,,,,0.5789473684210527,2.639015185107526,,,,,,,,,,,,,,,,,,,,,,
trial_0014,85,global,,,,0.24551393301046268,-0.001718774701056208,,,,,,,0,0,34,0,0,0.0,0,34,0,27,,0.1417956656346749,13.925228801526522,,,-0.8,1,0.8,1
trial_0014,86,train,,,0.2516361988605337,,,0.061933070421218865,,,0.0,0.0,0.004351584433498694,0,0,35,1,0,0.0,0,34,0,,,,,0.0664326667072291,,,,,
trial_0014,86,eval,0.5263157894736842,0.47368421052631576,,,,,,,,,,,,,,,,,,,,2.1052631578947367,,,,0.15789473684210525,,,,
trial_0014,86,global,,,,0.2458938336701448,-0.002098675360738338,,,,,,,0,0,35,0,0,0.25,0,35,0,27,,0.1411764705882353,13.855646720390201,,,-0.8,1,0.8,1
trial_0014,87,train,,,0.2516213252823404,,,0.06179277059879708,,,0.0,0.0,0.004133984967809236,0,0,36,1,0,0.25,0,35,0,,,,,0.03560887999743461,,,,,
trial_0014,87,eval,0.47368421052631576,0.47368421052631576,,,,,,,,,,,,,,,,,,,,2.1052631578947367,,,,0.0,,,,
trial_0014,87,global,,,,0.24734874606695753,-0.0028801870841503696,,,,,,,0,0,36,0,0,0.0,0,36,0,27,,0.1393188854489164,13.674788824028274,,,-0.8,1,0.8,1
trial_0014,88,train,,,0.25160954718260053,,,0.06210547812441562,,,0.0,0.0,0.003984683285678794,0,0,36,0,0,0.0,0,36,0,,,,,0.019744700066091372,,,,,
trial_0014,88,eval,,,,,,,0.5789473684210527,2.6912769884557313,,,,,,,,,,,,,,,,,,,,,,
trial_0014,88,global,,,,0.2450347022095693,-0.0005661432267621538,,,,,,,0,0,36,0,0,0.0,0,36,0,27,,0.14241486068111456,13.701937464663857,,,-0.8,1,0.8,1
trial_0014,89,train,,,0.2515882710193066,,,0.06179224366837359,,,0.0,0.0,0.004126659144899446,0,0,37,1,0,0.0,0,36,0,,,,,0.01875267913961347,,,,,
trial_0014,89,eval,0.5263157894736842,0.47368421052631576,,,,,,,,,,,,,,,,,,,,2.1052631578947367,,,,0.15789473684210525,,,,
trial_0014,89,global,,,,0.24490742283818945,-0.0004388638553823021,,,,,,,0,0,37,0,0,0.25,0,37,0,27,,0.14303405572755418,13.938515933010232,,,-0.8,1,0.8,1
trial_0014,90,train,,,0.2515629231929779,,,0.06146222416390763,,,0.0,0.0,0.0037980130590399993,0,0,38,1,0,0.25,0,37,0,,,,,0.027655023983877862,,,,,
trial_0014,90,eval,0.5789473684210527,0.5789473684210527,,,,,,,,,,,,,,,,,,,,2.1052631578947367,,,,0.0,,,,
trial_0014,90,global,,,,0.24796888498769734,-0.0035003260048901805,,,,,,,0,0,38,0,0,0.0,0,38,0,27,,0.1393188854489164,13.550369808326934,,,-0.8,1,0.8,1
trial_0015,1,train,,,0.2504132412656953,,,0.011868441465629053,,,0.0,0.0,0.002826578910698489,0,0,0,0,0,,0,0,0,,,,,2.1983640954464296,,,,,
trial_0015,1,eval,,,,,,,0.3529411764705882,2.1883491908802704,,,,,,,,,,,,,,,,,,,,,,
trial_0015,1,global,,,,,,,,,,,,0,0,0,0,0,,0,0,0,9,,0.12421052631578948,2.1968993081544577,,,,,,
trial_0015,2,train,,,0.2503577052037927,,,0.014061505705872668,,,0.0,0.0,0.021403163708039102,0,0,0,0,0,,0,0,0,,,,,2.1681615660462197,,,,,
trial_0015,2,eval,,,,,,,0.11764705882352941,2.177983704735251,,,,,,,,,,,,,,,,,,,,,,
trial_0015,2,global,,,,0.015637860082304538,-0.004744613894940704,,,,,,,0,0,0,0,0,,0,0,0,9,,0.12,2.196200233258699,,,-0.07407407407407407,3,0.07407407407407407,3
trial_0015,3,train,,,0.2503512328184104,,,0.019248334195794938,,,0.0,0.0,0.021708531833336323,0,0,0,0,0,,0,0,0,,,,,2.090289246432389,,,,,
trial_0015,3,eval,,,,,,,0.058823529411764705,2.143222395111533,,,,,,,,,,,,,,,,,,,,,,
trial_0015,3,global,,,,0.032195594287097555,-0.021302348099733723,,,,,,,0,0,0,0,0,,0,0,0,9,,0.1031578947368421,2.2272657273945056,,,-0.11764705882352944,0,0.21568627450980393,0
trial_0015,4,train,,,0.2504076588002941,,,0.026925988966905616,,,0.0,0.0,0.028163626271335382,0,0,0,0,0,,0,0,0,,,,,1.9489942319785492,,,,,
trial_0015,4,eval,,,,,,,0.1764705882352941,2.116245248738457,,,,,,,,,,,,,,,,,,,,,,
trial_0015,4,global,,,,0.05495037521181313,-0.004106364006298835,,,,,,,0,0,0,0,0,,0,0,0,9,,0.12210526315789473,2.219328679536518,,,-0.22222222222222232,1,0.23529411764705882,0
trial_0015,5,train,,,0.2504492492615422,,,0.03262096266203288,,,0.0,0.0,0.02505970246665463,0,0,0,0,0,,0,0,0,,,,,1.7257263714754127,,,,,
trial_0015,5,eval,,,,,,,0.1764705882352941,2.1943284413393807,,,,,,,,,,,,,,,,,,,,,,
trial_0015,5,global,,,,0.05551571450132133,-0.004671703295807033,,,,,,,0,0,0,0,0,,0,0,0,9,,0.12,2.3670771714260703,,,-0.13725490196078433,0,0.23529411764705882,0
trial_0015,6,train,,,0.25044959406309486,,,0.03785853559457803,,,0.0,0.0,0.030404420583685747,0,0,0,0,0,,0,0,0,,,,,1.6221449302721627,,,,,
trial_0015,6,eval,,,,,,,0.2941176470588235,2.160643465378705,,,,,,,,,,,,,,,,,,,,,,
trial_0015,6,global,,,,0.04313725490196079,0.07603536864674595,,,,,,,0,0,0,0,0,,0,0,0,9,,0.20210526315789473,2.299369219729775,,,-0.1568627450980392,0,0.2549019607843137,0
trial_0015,7,train,,,0.2504507657847827,,,0.04107724658296078,,,0.0,0.0,0.028012374474938158,0,0,0,0,0,,0,0,0,,,,,1.46148225838625,,,,,
trial_0015,7,eval,,,,,,,0.411764705882353,2.3286476485869465,,,,,,,,,,,,,,,,,,,,,,
trial_0015,7,global,,,,0.08416901687991951,0.04037995075480874,,,,,,,0,0,0,0,0,,0,0,0,9,,0.16842105263157894,2.5481066412674753,,,-0.13333333333333341,1,0.196078431372549,0
trial_0015,8,train,,,0.25045020142688024,,,0.04290661234644395,,,0.0,0.0,0.03686819029854069,0,0,0,0,0,,0,0,0,,,,,1.3347833559482911,,,,,
trial_0015,8,eval,,,,,,,0.4705882352941177,2.2367440812727986,,,,,,,,,,,,,,,,,,,,,,
trial_0015,8,global,,,,0.06438785467326205,0.0601611129614662,,,,,,,0,0,0,0,0,,0,0,0,9,,0.18736842105263157,2.560712373633134,,,-0.1777777777777778,1,0.1777777777777778,1
trial_0015,9,train,,,0.25047474873216846,,,0.04508499405052088,,,0.0,0.0,0.036891410730873486,0,0,1,1,0,,0,0,0,,,,,1.1080256550938268,,,,,
trial_0015,9,eval,0.3529411764705882,0.3529411764705882,,,,,,,,,,,,,,,,,,,,2.8823529411764706,,,,0.0,,,,
trial_0015,9,global,,,,0.0680981117858945,0.058629505086306516,,,,,,,0,0,1,0,0,0.0,0,1,0,9,,0.1831578947368421,2.8002439852764733,,,-0.1777777777777778,1,0.1777777777777778,1
trial_0015,10,train,,,0.2504796004748043,,,0.047549890377853496,,,0.0,0.0,0.0383493405778574,0,0,1,0,0,0.0,0,1,0,,,,,0.9942081895244272,,,,,
trial_0015,10,eval,,,,,,,0.411764705882353,2.2846548066419716,,,,,,,,,,,,,,,,,,,,,,
trial_0015,10,global,,,,0.057786911782074464,0.07574342617856193,,,,,,,0,0,1,0,0,0.0,0,1,0,9,,0.20210526315789473,2.8326229060323613,,,-0.24444444444444446,1,0.24444444444444446,1
trial_0015,11,train,,,0.2504052557917529,,,0.024836409923642177,,,0.0,0.0,0.04889310257466042,0,0,1,0,0,0.0,0,1,0,,,,,16.32466603988825,,,,,
trial_0015,11,eval,,,,,,,0.15789473684210525,4.671129854101883,,,,,,,,,,,,,,,,,,,,,,
trial_0015,11,global,,,,0.25516318863176907,-0.12163285067113266,,,,,,,0,0,1,0,0,0.0,0,1,0,18,,0.07368421052631578,6.390795506929097,,,-0.6888888888888889,1,0.6888888888888889,1
trial_0015,12,train,,,0.25031734968340674,,,0.03517629379449889,,,0.0,1.0,0.19823358467845031,0,0,1,0,0,0.0,0,1,0,,,,,3.190883708000183,,,,,
trial_0015,12,eval,,,,,,,0.05263157894736842,2.950340697639867,,,,,,,,,,,,,,,,,,,,,,
trial_0015,12,global,,,,0.15130375581881872,-0.06237549561759839,,,,,,,0,0,1,0,0,0.0,0,1,0,18,,0.06985645933014355,4.995107086309406,,,-0.6000000000000001,1,0.6000000000000001,1
trial_0015,13,train,,,0.25030380175557243,,,0.03377549350261688,,,0.0,0.3488372093023256,0.09660560665435569,0,0,1,0,0,0.0,0,1,0,,,,,1.9301873976408048,,,,,
trial_0015,13,eval,,,,,,,0.10526315789473684,2.2340387043200036,,,,,,,,,,,,,,,,,,,,,,
trial_0015,13,global,,,,0.16981981870255514,-0.04419488697772782,,,,,,,0,0,1,0,0,0.0,0,1,0,18,,0.09473684210526316,4.846907063306234,,,-0.8,1,0.8,1
trial_0015,14,train,,,0.2502831913704096,,,0.03333212365937788,,,0.0,0.09302325581395349,0.06450051130770251,0,0,2,1,0,0.0,0,1,0,,,,,1.7151300049105356,,,,,
trial_0015,14,eval,0.15789473684210525,0.15789473684210525,,,,,,,,,,,,,,,,,,,,1.6842105263157894,,,,0.0,,,,
trial_0015,14,global,,,,0.17586226935284893,-0.041180941638918264,,,,,,,0,0,2,0,0,0.0,0,2,0,18,,0.09856459330143541,5.199373907563789,,,-0.8,1,0.8,1
trial_0015,15,train,,,0.2502826318837876,,,0.034631336497706035,,,0.09302325581395349,0.0,0.062272450605104154,0,0,2,0,0,0.0,0,2,0,,,,,1.5818894472233083,,,,,
trial_0015,15,eval,,,,,,,0.2631578947368421,1.9664037980531393,,,,,,,,,,,,,,,,,,,,,,
trial_0015,15,global,,,,0.1790112683179208,-0.03223059556254807,,,,,,,0,0,2,0,0,0.0,0,2,0,18,,0.10622009569377991,4.949599123913706,,,-0.8,1,0.8,1
trial_0015,16,train,,,0.25028614180032593,,,0.03560292790102404,,,0.0,0.0,0.049670198256539747,0,0,2,0,0,0.0,0,2,0,,,,,1.3724263239738552,,,,,
trial_0015,16,eval,,,,,,,0.3157894736842105,2.241968769776194,,,,,,,,,,,,,,,,,,,,,,
trial_0015,16,global,,,,0.1631611844295418,-0.014815566447251995,,,,,,,0,0,2,0,0,0.0,0,2,0,18,,0.12535885167464114,5.326246763986834,,,-0.8,1,0.8,1
trial_0015,17,train,,,0.25030795848646825,,,0.037595084586808845,,,0.0,0.09302325581395349,0.050369891004506936,0,0,3,1,0,0.0,0,2,0,,,,,1.3214488637308741,,,,,
trial_0015,17,eval,0.21052631578947367,0.21052631578947367,,,,,,,,,,,,,,,,,,,,1.6842105263157894,,,,0.0,,,,
trial_0015,17,global,,,,0.17838752187810145,-0.0259266775583631,,,,,,,0,0,3,0,0,0.0,0,3,0,18,,0.11291866028708133,5.1085248598071376,,,-0.8,1,0.8,1
trial_0015,18,train,,,0.25033489233532613,,,0.03949363495028296,,,0.0,0.0,0.04247991051958052,0,0,3,0,0,0.0,0,3,0,,,,,1.189765805560489,,,,,
trial_0015,18,eval,,,,,,,0.3157894736842105,2.1094420018949007,,,,,,,,,,,,,,,,,,,,,,
trial_0015,18,global,,,,0.16530297268244115,-0.012059655749244265,,,,,,,0,0,3,0,0,0.0,0,3,0,18,,0.12822966507177033,5.4994953967737805,,,-0.8,1,0.8,1
trial_0015,19,train,,,0.2503788330873778,,,0.04187219815198765,,,0.0,0.0,0.04553414123609316,0,0,3,0,0,0.0,0,3,0,,,,,1.1694894718569377,,,,,
trial_0015,19,eval,,,,,,,0.3684210526315789,1.7456448203638977,,,,,,,,,,,,,,,,,,,,,,
trial_0015,19,global,,,,0.17222994748431242,-0.01330645898674989,,,,,,,0,0,3,0,0,0.0,0,3,0,18,,0.12631578947368421,5.242766179536519,,,-0.8,1,0.8,1
trial_0015,20,train,,,0.2504238867482474,,,0.04412721132123193,,,0.0,0.0,0.039206498601408894,0,0,3,0,0,0.0,0,3,0,,,,,1.047784094893655,,,,,
trial_0015,20,eval,,,,,,,0.3684210526315789,2.1178794346357646,,,,,,,,,,,,,,,,,,,,,,
trial_0015,20,global,,,,0.1618263549602191,-0.0029028664626565845,,,,,,,0,0,3,0,0,0.0,0,3,0,18,,0.13779904306220095,5.757827742362137,,,-0.8,1,0.8,1
trial_0015,21,train,,,0.25046991414212166,,,0.06585934377731162,,,0.0,0.0,0.0271679144550829,0,0,3,0,0,0.0,0,3,0,,,,,17.303978349807412,,,,,
trial_0015,21,eval,,,,,,,0.21052631578947367,2.208566251553987,,,,,,,,,,,,,,,,,,,,,,
trial_0015,21,global,,,,0.273930744462657,-0.11500725596509451,,,,,,,0,0,3,0,0,0.0,0,3,0,27,,0.05820433436532508,7.118719366681834,,,-0.8,1,0.8,1
trial_0015,22,train,,,0.2504333289379769,,,0.04976117167067019,,,0.0,0.9999999999999999,0.19536513950913512,0,0,4,1,0,0.0,0,3,0,,,,,2.196770938660236,,,,,
trial_0015,22,eval,0.21052631578947367,0.21052631578947367,,,,,,,,,,,,,,,,,,,,2.1052631578947367,,,,0.3684210526315789,,,,
trial_0015,22,global,,,,0.22211222975728648,-0.0707763340282298,,,,,,,0,0,4,0,0,0.25,0,4,0,27,,0.07058823529411765,8.56192807176903,,,-0.8070175438596491,22,0.8070175438596491,22
trial_0015,23,train,,,0.25040908696803643,,,0.05127774147277183,,,0.0,0.0,0.032679214193782904,0,0,5,1,0,0.25,0,4,0,,,,,1.6168451032740003,,,,,
trial_0015,23,eval,0.2631578947368421,0.2631578947368421,,,,,,,,,,,,,,,,,,,,2.1052631578947367,,,,0.0,,,,
trial_0015,23,global,,,,0.24508334660651232,-0.06587512862107543,,,,,,,0,0,5,0,0,0.0,0,5,0,27,,0.07244582043343653,8.794014784869026,,,-0.8,1,0.8,1
trial_0015,24,train,,,0.25038929251914327,,,0.05113594012057528,,,0.0,0.0,0.04210192225873471,0,0,5,0,0,0.0,0,5,0,,,,,1.3907803662279818,,,,,
trial_0015,24,eval,,,,,,,0.47368421052631576,1.676866286679318,,,,,,,,,,,,,,,,,,,,,,
trial_0015,24,global,,,,0.24214783093323852,-0.05392347911457355,,,,,,,0,0,5,0,0,0.0,0,5,0,27,,0.09040247678018576,8.761894280401176,,,-0.8,1,0.8,1
trial_0015,25,train,,,0.2503749186054189,,,0.0525766002370956,,,0.0,0.0,0.03282885049727369,0,0,6,1,0,0.0,0,5,0,,,,,1.2214767046431279,,,,,
trial_0015,25,eval,0.47368421052631576,0.5263157894736842,,,,,,,,,,,,,,,,,,,,2.1052631578947367,,,,0.0,,,,
trial_0015,25,global,,,,0.2357042323921652,-0.043856692167703125,,,,,,,0,0,6,0,0,0.0,0,6,0,27,,0.09845201238390093,8.817327576156002,,,-0.8,1,0.8,1
trial_0015,26,train,,,0.2503499578922353,,,0.05228207149404161,,,0.0,0.0,0.03610684729002892,0,0,6,0,0,0.0,0,6,0,,,,,1.0268498342087926,,,,,
trial_0015,26,eval,,,,,,,0.5263157894736842,1.5457842695085624,,,,,,,,,,,,,,,,,,,,,,
trial_0015,26,global,,,,0.23602359101799936,-0.034018077070757956,,,,,,,0,0,6,0,0,0.0,0,6,0,27,,0.10959752321981424,9.047365303157653,,,-0.8,1,0.8,1
trial_0015,27,train,,,0.25031678473695795,,,0.053465874905281874,,,0.0,0.0,0.03607422633373991,0,0,6,0,0,0.0,0,6,0,,,,,0.8932162641210758,,,,,
trial_0015,27,eval,,,,,,,0.47368421052631576,1.5580717733031826,,,,,,,,,,,,,,,,,,,,,,
trial_0015,27,global,,,,0.24018597558656243,-0.038180461639321005,,,,,,,0,0,6,0,0,0.0,0,6,0,27,,0.10588235294117647,9.079315270580375,,,-0.8,1,0.8,1
trial_0015,28,train,,,0.2503090313774474,,,0.05516450836303387,,,0.0,0.0,0.034660267774411974,0,0,6,0,0,0.0,0,6,0,,,,,0.8160478012358888,,,,,
trial_0015,28,eval,,,,,,,0.47368421052631576,1.5592449558408639,,,,,,,,,,,,,,,,,,,,,,
trial_0015,28,global,,,,0.23771153744775117,-0.032791071511483694,,,,,,,0,0,6,0,0,0.0,0,6,0,27,,0.11021671826625387,9.058650533481279,,,-0.8,1,0.8,1
trial_0015,29,train,,,0.25032164188141515,,,0.0571218285154789,,,0.0,0.0,0.03385813971783253,0,0,6,0,0,0.0,0,6,0,,,,,0.7556959773631806,,,,,
trial_0015,29,eval,,,,,,,0.5263157894736842,1.5704641404904816,,,,,,,,,,,,,,,,,,,,,,
trial_0015,29,global,,,,0.2395865655679413,-0.033221094020001556,,,,,,,0,0,6,0,0,0.0,0,6,0,27,,0.10897832817337462,9.10718166953639,,,-0.8,1,0.8,1
trial_0015,30,train,,,0.25033674341567014,,,0.05861068913277159,,,0.0,0.0,0.033766461488731365,0,0,7,1,0,0.0,0,6,0,,,,,0.6901432940300475,,,,,
trial_0015,30,eval,0.42105263157894735,0.47368421052631576,,,,,,,,,,,,,,,,,,,,2.1052631578947367,,,,0.0,,,,
trial_0015,30,global,,,,0.24306516796804314,-0.03624244904927577,,,,,,,0,0,7,0,0,0.0,0,7,0,27,,0.10773993808049535,9.362921603176247,,,-0.8,1,0.8,1
trial_0015,31,train,,,0.2503517802725447,,,0.06052293485783515,,,0.0,0.0,0.03256446324447368,0,0,8,1,0,0.0,0,7,0,,,,,0.631738903484446,,,,,
trial_0015,31,eval,0.47368421052631576,0.42105263157894735,,,,,,,,,,,,,,,,,,,,2.1052631578947367,,,,0.2631578947368421,,,,
trial_0015,31,global,,,,0.24354211950228766,-0.036045999910119614,,,,,,,0,0,8,0,0,0.25,0,8,0,27,,0.10773993808049535,9.563011445792467,,,-0.8,1,0.8,1
trial_0015,32,train,,,0.25037735573788905,,,0.061723297580759576,,,0.0,0.0,0.03207508022797868,0,0,9,1,0,0.25,0,8,0,,,,,0.580031605920893,,,,,
trial_0015,32,eval,0.42105263157894735,0.47368421052631576,,,,,,,,,,,,,,,,,,,,2.1052631578947367,,,,0.0,,,,
trial_0015,32,global,,,,0.24252697161101142,-0.03422569903977735,,,,,,,0,0,9,0,0,0.0,0,9,0,27,,0.11021671826625387,9.911520102297189,,,-0.8,1,0.8,1
trial_0015,33,train,,,0.2504080256566088,,,0.06388931832414992,,,0.0,0.0,0.030955567139577367,0,0,10,1,0,0.0,0,9,0,,,,,0.5352494518173502,,,,,
trial_0015,33,eval,0.47368421052631576,0.47368421052631576,,,,,,,,,,,,,,,,,,,,2.1052631578947367,,,,0.0,,,,
trial_0015,33,global,,,,0.24177033350090593,-0.032454347586191395,,,,,,,0,0,10,0,0,0.0,0,10,0,27,,0.11207430340557276,10.05692877282299,,,-0.8,1,0.8,1
trial_0015,34,train,,,0.25043351853147466,,,0.0653902660024927,,,0.0,0.0,0.03094600807835764,0,0,10,0,0,0.0,0,10,0,,,,,0.4942824701045421,,,,,
trial_0015,34,eval,,,,,,,0.47368421052631576,1.5576133477060417,,,,,,,,,,,,,,,,,,,,,,
trial_0015,34,global,,,,0.24306961399477028,-0.033080227406655074,,,,,,,0,0,10,0,0,0.0,0,10,0,27,,0.11145510835913312,10.323570849061381,,,-0.8,1,0.8,1
trial_0015,35,train,,,0.25046865515252376,,,0.0674716367366466,,,0.0,0.0,0.03028455502056378,0,0,10,0,0,0.0,0,10,0,,,,,0.458616096986101,,,,,
trial_0015,35,eval,,,,,,,0.5263157894736842,1.5859310187791524,,,,,,,,,,,,,,,,,,,,,,
trial_0015,35,global,,,,0.24293175966729538,-0.03294237307918016,,,,,,,0,0,10,0,0,0.0,0,10,0,27,,0.11145510835913312,10.412135853486902,,,-0.8,1,0.8,1
trial_0015,36,train,,,0.2505059938164468,,,0.06912012683584334,,,0.0,0.0,0.030083544952596762,0,0,10,0,0,0.0,0,10,0,,,,,0.42346615299899526,,,,,
trial_0015,36,eval,,,,,,,0.47368421052631576,1.6100465012224097,,,,,,,,,,,,,,,,,,,,,,
trial_0015,36,global,,,,0.24192898060776008,-0.029919391999442855,,,,,,,0,0,10,0,0,0.0,0,10,0,27,,0.11393188854489164,10.559857515506332,,,-0.8,1,0.8,1
trial_0015,37,train,,,0.25053746728821,,,0.07087022763617495,,,0.0,0.0,0.029794702952371,0,0,10,0,0,0.0,0,10,0,,,,,0.3923093982199405,,,,,
trial_0015,37,eval,,,,,,,0.5263157894736842,1.641684419230411,,,,,,,,,,,,,,,,,,,,,,
trial_0015,37,global,,,,0.24237753936561948,-0.029694550083901584,,,,,,,0,0,10,0,0,0.0,0,10,0,27,,0.11455108359133127,10.642256318083488,,,-0.8,1,0.8,1
trial_0015,38,train,,,0.25057857626296104,,,0.07238654063103048,,,0.0,0.0,0.029277380500385104,0,0,11,1,0,0.0,0,10,0,,,,,0.3590929762480106,,,,,
trial_0015,38,eval,0.42105263157894735,0.3684210526315789,,,,,,,,,,,,,,,,,,,,2.1052631578947367,,,,0.15789473684210525,,,,
trial_0015,38,global,,,,0.24124792356880023,-0.027891533613681685,,,,,,,0,0,11,0,0,0.25,0,11,0,27,,0.11578947368421053,10.697734003687053,,,-0.8,1,0.8,1
trial_0015,39,train,,,0.2506144769648288,,,0.07314135165924722,,,0.0,0.0,0.029486699081323252,0,0,12,1,0,0.25,0,11,0,,,,,0.3352425826673813,,,,,
trial_0015,39,eval,0.5263157894736842,0.47368421052631576,,,,,,,,,,,,,,,,,,,,2.1052631578947367,,,,0.2631578947368421,,,,
trial_0015,39,global,,,,0.24386920226750078,-0.0289907422971615,,,,,,,0,0,12,0,0,0.25,0,12,0,27,,0.11578947368421053,10.902374988000828,,,-0.8,1,0.8,1
trial_0015,40,train,,,0.25065714437910847,,,0.07481801065992802,,,0.0,0.0,0.027973547074547474,0,0,13,1,0,0.25,0,12,0,,,,,0.2983520112456159,,,,,
trial_0015,40,eval,0.42105263157894735,0.3684210526315789,,,,,,,,,,,,,,,,,,,,2.1052631578947367,,,,0.15789473684210525,,,,
trial_0015,40,global,,,,0.23835972555605411,-0.023481265585714842,,,,,,,0,0,13,0,0,0.25,0,13,0,27,,0.1195046439628483,10.883662830270111,,,-0.8,1,0.8,1
trial_0015,41,train,,,0.2506956908297031,,,0.07430408736492726,,,0.0,0.0,0.029209259277249273,0,0,14,1,0,0.25,0,13,0,,,,,0.28750688852147854,,,,,
trial_0015,41,eval,0.5789473684210527,0.5263157894736842,,,,,,,,,,,,,,,,,,,,2.1052631578947367,,,,0.15789473684210525,,,,
trial_0015,41,global,,,,0.24494674517945056,-0.02803885852215035,,,,,,,0,0,14,0,0,0.25,0,14,0,27,,0.11702786377708978,11.339093010492,,,-0.8,1,0.8,1
trial_0015,42,train,,,0.2507467035283434,,,0.07744355277812227,,,0.0,0.0,0.02671681559704086,0,0,14,0,0,0.25,0,14,0,,,,,0.2601922388247987,,,,,
trial_0015,42,eval,,,,,,,0.5263157894736842,1.8341897459406602,,,,,,,,,,,,,,,,,,,,,,
trial_0015,42,global,,,,0.2444110207294442,-0.02750313407214402,,,,,,,0,0,14,0,0,0.25,0,14,0,27,,0.11393188854489164,11.145730841196727,,,-0.8,1,0.8,1
trial_0015,43,train,,,0.25078184680735804,,,0.07569386096710855,,,0.0,0.0,0.028397175627067055,0,0,14,0,0,0.25,0,14,0,,,,,0.23913272478161976,,,,,
trial_0015,43,eval,,,,,,,0.631578947368421,1.730422434053923,,,,,,,,,,,,,,,,,,,,,,
trial_0015,43,global,,,,0.24803637764939773,-0.028691926235221602,,,,,,,0,0,14,0,0,0.25,0,14,0,27,,0.11702786377708978,11.790526094229968,,,-0.8,1,0.8,1
trial_0015,44,train,,,0.25082233960324146,,,0.07824404949837543,,,0.0,0.0,0.025007332790088148,0,0,14,0,0,0.25,0,14,0,,,,,0.22858910368795088,,,,,
trial_0015,44,eval,,,,,,,0.5789473684210527,1.8852322917235522,,,,,,,,,,,,,,,,,,,,,,
trial_0015,44,global,,,,0.24962179384292252,-0.02960394175534569,,,,,,,0,0,14,0,0,0.25,0,14,0,27,,0.1108359133126935,11.461069488525391,,,-0.8,1,0.8,1
trial_0015,45,train,,,0.2508582910324665,,,0.07601736707890287,,,0.0,0.0,0.02621491273389535,0,0,14,0,0,0.25,0,14,0,,,,,0.19668795583730048,,,,,
trial_0015,45,eval,,,,,,,0.631578947368421,1.7731822744796149,,,,,,,,,,,,,,,,,,,,,,
trial_0015,45,global,,,,0.2493714812897815,-0.028846272530464435,,,,,,,0,0,14,0,0,0.25,0,14,0,27,,0.11640866873065016,12.19005241512145,,,-0.8,1,0.8,1
trial_0015,46,train,,,0.2508964833426983,,,0.07862342862372702,,,0.0,0.0,0.02290469008408725,0,0,15,1,0,0.25,0,14,0,,,,,0.19042447020715855,,,,,
trial_0015,46,eval,0.42105263157894735,0.47368421052631576,,,,,,,,,,,,,,,,,,,,2.1052631578947367,,,,0.0,,,,
trial_0015,46,global,,,,0.24609479306093515,-0.025569584301618088,,,,,,,0,0,15,0,0,0.0,0,15,0,27,,0.11455108359133127,11.856220191034371,,,-0.8,1,0.8,1
trial_0015,47,train,,,0.2509286476576582,,,0.07675377231963137,,,0.0,0.0,0.023526257810063983,0,0,16,1,0,0.0,0,15,0,,,,,0.16531569811892,,,,,
trial_0015,47,eval,0.5789473684210527,0.5263157894736842,,,,,,,,,,,,,,,,,,,,2.1052631578947367,,,,0.15789473684210525,,,,
trial_0015,47,global,,,,0.2483534206791194,-0.027828211919802337,,,,,,,0,0,16,0,0,0.25,0,16,0,27,,0.11702786377708978,12.363086620130037,,,-0.8,1,0.8,1
trial_0015,48,train,,,0.25096278843727515,,,0.07775137779560494,,,0.0,0.0,0.020721578274041103,0,0,17,1,0,0.25,0,16,0,,,,,0.1510754828757428,,,,,
trial_0015,48,eval,0.42105263157894735,0.47368421052631576,,,,,,,,,,,,,,,,,,,,2.1052631578947367,,,,0.0,,,,
trial_0015,48,global,,,,0.2411193044187709,-0.01924729431265253,,,,,,,0,0,17,0,0,0.0,0,17,0,27,,0.12074303405572756,12.380243465553496,,,-0.8,1,0.8,1
trial_0015,49,train,,,0.25098893109788284,,,0.07697270271625925,,,0.0,0.0,0.021113903661248615,0,0,18,1,0,0.0,0,17,0,,,,,0.12571575701870816,,,,,
trial_0015,49,eval,0.5789473684210527,0.5789473684210527,,,,,,,,,,,,,,,,,,,,2.1052631578947367,,,,0.0,,,,
trial_0015,49,global,,,,0.2449286250763724,-0.019639730071887622,,,,,,,0,0,18,0,0,0.0,0,18,0,27,,0.1256965944272446,12.599934779305945,,,-0.8,1,0.8,1
trial_0015,50,train,,,0.25102625026347786,,,0.07551730947291596,,,0.0,0.0,0.01759432218349638,0,0,18,0,0,0.0,0,18,0,,,,,0.12027976109467922,,,,,
trial_0015,50,eval,,,,,,,0.5789473684210527,1.8426627861826042,,,,,,,,,,,,,,,,,,,,,,
trial_0015,50,global,,,,0.2433706494629374,-0.018081754458452618,,,,,,,0,0,18,0,0,0.0,0,18,0,27,,0.12321981424148606,12.864767753671936,,,-0.8,1,0.8,1
trial_0015,51,train,,,0.2510547999371873,,,0.07716628655474236,,,0.0,0.0,0.01933817117118297,0,0,18,0,0,0.0,0,18,0,,,,,0.12717605677849433,,,,,
trial_0015,51,eval,,,,,,,0.5789473684210527,1.7221743495840776,,,,,,,,,,,,,,,,,,,,,,
trial_0015,51,global,,,,0.24341370961753667,-0.014924083017258583,,,,,,,0,0,18,0,0,0.0,0,18,0,27,,0.12941176470588237,12.644089215163476,,,-0.8,1,0.8,1
trial_0015,52,train,,,0.2510933558991615,,,0.07807684198338935,,,0.0,0.0,0.01696352342804993,0,0,18,0,0,0.0,0,18,0,,,,,0.1292420863233348,,,,,
trial_0015,52,eval,,,,,,,0.631578947368421,1.7667044244314494,,,,,,,,,,,,,,,,,,,,,,
trial_0015,52,global,,,,0.24233927923577006,-0.01202066315218149,,,,,,,0,0,18,0,0,0.0,0,18,0,27,,0.13003095975232198,12.70637500396823,,,-0.8,1,0.8,1
trial_0015,53,train,,,0.2511060789544532,,,0.07766227202212557,,,0.0,0.0,0.01889518092601917,0,0,18,0,0,0.0,0,18,0,,,,,0.09939841114856461,,,,,
trial_0015,53,eval,,,,,,,0.631578947368421,1.6973184660861365,,,,,,,,,,,,,,,,,,,,,,
trial_0015,53,global,,,,0.249731434129561,-0.01941281804597243,,,,,,,0,0,18,0,0,0.0,0,18,0,27,,0.12445820433436533,12.896946279330889,,,-0.8,1,0.8,1
trial_0015,54,train,,,0.25114282077931344,,,0.07873736734085894,,,0.0,0.0,0.016346265018442056,0,0,19,1,0,0.0,0,18,0,,,,,0.11280329360606822,,,,,
trial_0015,54,eval,0.47368421052631576,0.47368421052631576,,,,,,,,,,,,,,,,,,,,2.1052631578947367,,,,0.0,,,,
trial_0015,54,global,,,,0.24484438780887507,-0.014525771725286499,,,,,,,0,0,19,0,0,0.0,0,19,0,27,,0.12693498452012383,12.683213532155513,,,-0.8,1,0.8,1
trial_0015,55,train,,,0.25115730692731575,,,0.07620902771645403,,,0.0,0.0,0.016818447036487844,0,0,20,1,0,0.0,0,19,0,,,,,0.0821373352780938,,,,,
trial_0015,55,eval,0.5263157894736842,0.5263157894736842,,,,,,,,,,,,,,,,,,,,2.1052631578947367,,,,0.0,,,,
trial_0015,55,global,,,,0.24774441535202113,-0.017425799268432553,,,,,,,0,0,20,0,0,0.0,0,20,0,27,,0.1256965944272446,13.257105300005744,,,-0.8,1,0.8,1
trial_0015,56,train,,,0.2511865144714396,,,0.07720334035284976,,,0.0,0.0,0.015018137411258996,0,0,21,1,0,0.0,0,20,0,,,,,0.0817904333762349,,,,,
trial_0015,56,eval,0.47368421052631576,0.47368421052631576,,,,,,,,,,,,,,,,,,,,2.1052631578947367,,,,0.0,,,,
trial_0015,56,global,,,,0.24392778930736303,-0.01360917322377445,,,,,,,0,0,21,0,0,0.0,0,21,0,27,,0.1281733746130031,13.078840023076202,,,-0.8,1,0.8,1
trial_0015,57,train,,,0.2512038736901384,,,0.07537844967334828,,,0.0,0.0,0.015368505912471287,0,0,22,1,0,0.0,0,21,0,,,,,0.07128862345075987,,,,,
trial_0015,57,eval,0.5789473684210527,0.5789473684210527,,,,,,,,,,,,,,,,,,,,2.1052631578947367,,,,0.0,,,,
trial_0015,57,global,,,,0.24657935570427045,-0.016260739620681856,,,,,,,0,0,22,0,0,0.0,0,22,0,27,,0.12755417956656348,13.508132783399647,,,-0.8,1,0.8,1
trial_0015,58,train,,,0.2512227667773024,,,0.07659574772449249,,,0.0,0.0,0.014741904476528712,0,0,22,0,0,0.0,0,22,0,,,,,0.07747925779920943,,,,,
trial_0015,58,eval,,,,,,,0.5263157894736842,1.76180528692509,,,,,,,,,,,,,,,,,,,,,,
trial_0015,58,global,,,,0.2453901713669128,-0.014359304571073503,,,,,,,0,0,22,0,0,0.0,0,22,0,27,,0.12693498452012383,12.951916192116752,,,-0.8,1,0.8,1
trial_0015,59,train,,,0.2512556213013669,,,0.07555725092583515,,,0.0,0.0,0.014190870820187985,0,0,22,0,0,0.0,0,22,0,,,,,0.06481179723793522,,,,,
trial_0015,59,eval,,,,,,,0.631578947368421,1.7908226290815754,,,,,,,,,,,,,,,,,,,,,,
trial_0015,59,global,,,,0.2509015107777662,-0.017850441961724858,,,,,,,0,0,22,0,0,0.0,0,22,0,27,,0.12507739938080495,12.93219439149272,,,-0.8,1,0.8,1
trial_0015,60,train,,,0.2513093390363328,,,0.07524285164285213,,,0.0,0.0,0.01165638370758314,0,0,22,0,0,0.0,0,22,0,,,,,0.07187945140486067,,,,,
trial_0015,60,eval,,,,,,,0.631578947368421,1.9964405057069503,,,,,,,,,,,,,,,,,,,,,,
trial_0015,60,global,,,,0.24621035411798534,-0.013159285301944011,,,,,,,0,0,22,0,0,0.0,0,22,0,27,,0.12755417956656348,12.462330556580156,,,-0.8,1,0.8,1
trial_0015,61,train,,,0.251344214411492,,,0.07743217082733803,,,0.0,0.0,0.014980197852685494,0,0,22,0,0,0.0,0,22,0,,,,,0.10298641459184124,,,,,
trial_0015,61,eval,,,,,,,0.5789473684210527,1.796780390566901,,,,,,,,,,,,,,,,,,,,,,
trial_0015,61,global,,,,0.24724702958073533,-0.01271740711222731,,,,,,,0,0,22,0,0,0.0,0,22,0,27,,0.13003095975232198,12.587844825012397,,,-0.8,1,0.8,1
trial_0015,62,train,,,0.25140083692175275,,,0.07707054564293395,,,0.0,0.0,0.012234480674298075,0,0,23,1,0,0.0,0,22,0,,,,,0.0762106013741899,,,,,
trial_0015,62,eval,0.47368421052631576,0.42105263157894735,,,,,,,,,,,,,,,,,,,,2.1052631578947367,,,,0.15789473684210525,,,,
trial_0015,62,global,,,,0.24737200058155157,-0.012842378113043566,,,,,,,0,0,23,0,0,0.25,0,23,0,27,,0.12755417956656348,11.993816663901503,,,-0.8,1,0.8,1
trial_0015,63,train,,,0.25144702132712016,,,0.07909182031103905,,,0.0,0.0,0.019303876139035333,0,0,24,1,0,0.25,0,23,0,,,,,0.11501524224084742,,,,,
trial_0015,63,eval,0.5263157894736842,0.47368421052631576,,,,,,,,,,,,,,,,,,,,2.1052631578947367,,,,0.15789473684210525,,,,
trial_0015,63,global,,,,0.24710685894298748,-0.01096693051634744,,,,,,,0,0,24,0,0,0.25,0,24,0,27,,0.13188854489164087,12.521356683028372,,,-0.8,1,0.8,1
trial_0015,64,train,,,0.2514764682409611,,,0.07593423381764837,,,0.0,0.0,0.012017790809183315,0,0,25,1,0,0.25,0,24,0,,,,,0.06869966079817807,,,,,
trial_0015,64,eval,0.3684210526315789,0.42105263157894735,,,,,,,,,,,,,,,,,,,,2.1052631578947367,,,,0.0,,,,
trial_0015,64,global,,,,0.2515162596043827,-0.014702930504341929,,,,,,,0,0,25,0,0,0.0,0,25,0,27,,0.1256965944272446,12.200429967165732,,,-0.8,1,0.8,1
trial_0015,65,train,,,0.25151057668188787,,,0.07610828698949612,,,0.0,0.0,0.013424887658007683,0,0,26,1,0,0.0,0,25,0,,,,,0.054779837070468886,,,,,
trial_0015,65,eval,0.5263157894736842,0.5263157894736842,,,,,,,,,,,,,,,,,,,,2.1052631578947367,,,,0.15789473684210525,,,,
trial_0015,65,global,,,,0.2496543723233011,-0.012841043223260388,,,,,,,0,0,26,0,0,0.25,0,26,0,27,,0.12941176470588237,12.420438751126222,,,-0.8,1,0.8,1
trial_0015,66,train,,,0.251534510166087,,,0.07397005279013451,,,0.0,0.0,0.010208739562732902,0,0,26,0,0,0.25,0,26,0,,,,,0.0550440830297451,,,,,
trial_0015,66,eval,,,,,,,0.5789473684210527,1.8497474660214623,,,,,,,,,,,,,,,,,,,,,,
trial_0015,66,global,,,,0.24711686123517568,-0.01030353213513496,,,,,,,0,0,26,0,0,0.25,0,26,0,27,,0.13126934984520125,12.707815381690814,,,-0.8,1,0.8,1
trial_0015,67,train,,,0.2515809577196202,,,0.07414116884799714,,,0.0,0.0,0.010131883736485566,0,0,26,0,0,0.25,0,26,0,,,,,0.04501817602902017,,,,,
trial_0015,67,eval,,,,,,,0.5789473684210527,1.9862679003884918,,,,,,,,,,,,,,,,,,,,,,
trial_0015,67,global,,,,0.24390905813107883,-0.0070957290310381125,,,,,,,0,0,26,0,0,0.25,0,26,0,27,,0.13622291021671826,12.90701484798278,,,-0.8,1,0.8,1
trial_0015,68,train,,,0.25161826864201975,,,0.07390495944530406,,,0.0,0.0,0.009001754457161991,0,0,26,0,0,0.25,0,26,0,,,,,0.04305137736485042,,,,,
trial_0015,68,eval,,,,,,,0.631578947368421,1.8888422586023805,,,,,,,,,,,,,,,,,,,,,,
trial_0015,68,global,,,,0.24392006185653517,-0.007106732756494456,,,,,,,0,0,26,0,0,0.25,0,26,0,27,,0.13436532507739937,12.98045236215503,,,-0.8,1,0.8,1
trial_0015,69,train,,,0.25165924049438315,,,0.07308588065999619,,,0.0,0.0,0.009522563614495511,0,0,26,0,0,0.25,0,26,0,,,,,0.0381039240456959,,,,,
trial_0015,69,eval,,,,,,,0.631578947368421,2.1163445252336954,,,,,,,,,,,,,,,,,,,,,,
trial_0015,69,global,,,,0.24324651828966634,-0.006433189189625631,,,,,,,0,0,26,0,0,0.25,0,26,0,27,,0.1368421052631579,13.087145868543502,,,-0.8,1,0.8,1
trial_0015,70,train,,,0.2516913610569974,,,0.07192382343271944,,,0.0,0.0,0.008320584731684885,0,0,27,1,0,0.25,0,26,0,,,,,0.03516248516104323,,,,,
trial_0015,70,eval,0.5263157894736842,0.47368421052631576,,,,,,,,,,,,,,,,,,,,2.1052631578947367,,,,0.15789473684210525,,,,
trial_0015,70,global,,,,0.2414015813257357,-0.004588252225694949,,,,,,,0,0,27,0,0,0.25,0,27,0,27,,0.1386996904024768,13.261716728092347,,,-0.8,1,0.8,1
trial_0015,71,train,,,0.25174163630668156,,,0.07250808971993467,,,0.0,0.0,0.008956228739314495,0,0,28,1,0,0.25,0,27,0,,,,,0.037543467107288384,,,,,
trial_0015,71,eval,0.5263157894736842,0.5263157894736842,,,,,,,,,,,,,,,,,,,,2.1052631578947367,,,,0.0,,,,
trial_0015,71,global,,,,0.24003166796247755,-0.00321833886243682,,,,,,,0,0,28,0,0,0.0,0,28,0,27,,0.1393188854489164,13.370731195502975,,,-0.8,1,0.8,1
trial_0015,72,train,,,0.2517615363318869,,,0.07067469523308124,,,0.0,0.0,0.008119572674285279,0,0,29,1,0,0.0,0,28,0,,,,,0.05195161996686712,,,,,
trial_0015,72,eval,0.5263157894736842,0.47368421052631576,,,,,,,,,,,,,,,,,,,,2.1052631578947367,,,,0.2631578947368421,,,,
trial_0015,72,global,,,,0.23734559862720006,-0.000532269527159344,,,,,,,0,0,29,0,0,0.25,0,29,0,27,,0.14303405572755418,13.613869837710732,,,-0.8,1,0.8,1
trial_0015,73,train,,,0.25179303009459314,,,0.0709039511832785,,,0.0,0.0,0.009445526723395737,0,0,30,1,0,0.25,0,29,0,,,,,0.04178829180631549,,,,,
trial_0015,73,eval,0.5789473684210527,0.5789473684210527,,,,,,,,,,,,,,,,,,,,2.1052631578947367,,,,0.0,,,,
trial_0015,73,global,,,,0.24285911834337354,-0.006045789243332837,,,,,,,0,0,30,0,0,0.0,0,30,0,27,,0.1368421052631579,13.854855974982767,,,-0.8,1,0.8,1
trial_0015,74,train,,,0.25181742234432947,,,0.07157129937029899,,,0.0,0.0,0.009268506623010717,0,0,30,0,0,0.0,0,30,0,,,,,0.09117048028361131,,,,,
trial_0015,74,eval,,,,,,,0.5789473684210527,2.111526355098345,,,,,,,,,,,,,,,,,,,,,,
trial_0015,74,global,,,,0.23888352805453736,-0.002070198954496629,,,,,,,0,0,30,0,0,0.0,0,30,0,27,,0.14055727554179567,13.658549305824303,,,-0.8,1,0.8,1
trial_0015,75,train,,,0.25182588398456573,,,0.06914881125409553,,,0.0,0.0,0.008216093442241163,0,0,30,0,0,0.0,0,30,0,,,,,0.030880297660986163,,,,,
trial_0015,75,eval,,,,,,,0.631578947368421,2.1760148101143146,,,,,,,,,,,,,,,,,,,,,,
trial_0015,75,global,,,,0.2402136685371474,-0.0034003394371066946,,,,,,,0,0,30,0,0,0.0,0,30,0,27,,0.1386996904024768,13.567300117421814,,,-0.8,1,0.8,1
trial_0015,76,train,,,0.2518438142030797,,,0.06947940905043419,,,0.0,0.0,0.007138370039722352,0,0,30,0,0,0.0,0,30,0,,,,,0.09516843679915878,,,,,
trial_0015,76,eval,,,,,,,0.5789473684210527,2.240714786672278,,,,,,,,,,,,,,,,,,,,,,
trial_0015,76,global,,,,0.2403799505158392,-0.00356662141579848,,,,,,,0,0,30,0,0,0.0,0,30,0,27,,0.14055727554179567,13.283917002486001,,,-0.8,1,0.8,1
trial_0015,77,train,,,0.25186990772156004,,,0.06743204086384874,,,0.0,0.0,0.006527211166858831,0,0,30,0,0,0.0,0,30,0,,,,,0.027900357371037625,,,,,
trial_0015,77,eval,,,,,,,0.631578947368421,2.1918411494575833,,,,,,,,,,,,,,,,,,,,,,
trial_0015,77,global,,,,0.23700529275912038,-0.00019196365907966686,,,,,,,0,0,30,0,0,0.0,0,30,0,27,,0.1436532507739938,13.490200371048399,,,-0.8,1,0.8,1
trial_0015,78,train,,,0.2518755213377324,,,0.06542452535730728,,,0.0,0.0,0.005832332997035453,0,0,31,1,0,0.0,0,30,0,,,,,0.043773335511697105,,,,,
trial_0015,78,eval,0.5263157894736842,0.47368421052631576,,,,,,,,,,,,,,,,,,,,2.1052631578947367,,,,0.15789473684210525,,,,
trial_0015,78,global,,,,0.24080997488117403,-0.0039966457811333195,,,,,,,0,0,31,0,0,0.25,0,31,0,27,,0.1411764705882353,13.717154365279725,,,-0.8,1,0.8,1
trial_0015,79,train,,,0.2518895620361287,,,0.06626577009545996,,,0.0,0.0,0.006513523951171591,0,0,32,1,0,0.25,0,31,0,,,,,0.07508491764657517,,,,,
trial_0015,79,eval,0.47368421052631576,0.47368421052631576,,,,,,,,,,,,,,,,,,,,2.1052631578947367,,,,0.0,,,,
trial_0015,79,global,,,,0.24216018219663418,-0.005346853096593474,,,,,,,0,0,32,0,0,0.0,0,32,0,27,,0.13746130030959752,13.374763720249613,,,-0.8,1,0.8,1
trial_0015,80,train,,,0.25189432026223935,,,0.06667451275155899,,,0.0,0.0,0.005154522933716703,0,0,33,1,0,0.0,0,32,0,,,,,0.02690177273223216,,,,,
trial_0015,80,eval,0.47368421052631576,0.47368421052631576,,,,,,,,,,,,,,,,,,,,2.1052631578947367,,,,0.0,,,,
trial_0015,80,global,,,,0.24032683738997612,-0.0035135082899353993,,,,,,,0,0,33,0,0,0.0,0,33,0,27,,0.1386996904024768,12.859968715703156,,,-0.8,1,0.8,1
trial_0015,81,train,,,0.2519069193525517,,,0.06510526068667148,,,0.0,0.0,0.007367425926210498,0,0,34,1,0,0.0,0,33,0,,,,,0.028753040709156304,,,,,
trial_0015,81,eval,0.631578947368421,0.5789473684210527,,,,,,,,,,,,,,,,,,,,2.1052631578947367,,,,0.15789473684210525,,,,
trial_0015,81,global,,,,0.24647845501037485,-0.009665125910334135,,,,,,,0,0,34,0,0,0.25,0,34,0,27,,0.13560371517027864,14.046057105285833,,,-0.8,1,0.8,1
trial_0015,82,train,,,0.2519400481213915,,,0.06521437459803642,,,0.0,0.0,0.007573079740572251,0,0,34,0,0,0.25,0,34,0,,,,,0.08145565265551842,,,,,
trial_0015,82,eval,,,,,,,0.5789473684210527,2.5422640275822856,,,,,,,,,,,,,,,,,,,,,,
trial_0015,82,global,,,,0.24166700882891665,-0.004853679728875943,,,,,,,0,0,34,0,0,0.25,0,34,0,27,,0.13808049535603714,12.914270810815204,,,-0.8,1,0.8,1
trial_0015,83,train,,,0.2519519474912197,,,0.06544699884475545,,,0.0,0.0,0.0056238934946026,0,0,34,0,0,0.25,0,34,0,,,,,0.02234793951774531,,,,,
trial_0015,83,eval,,,,,,,0.631578947368421,2.4080849038682093,,,,,,,,,,,,,,,,,,,,,,
trial_0015,83,global,,,,0.24270305169091044,-0.005889722590869734,,,,,,,0,0,34,0,0,0.25,0,34,0,27,,0.13746130030959752,13.25859662696673,,,-0.8,1,0.8,1
trial_0015,84,train,,,0.2519586377955497,,,0.06492454257417232,,,0.0,0.0,0.004560384246708945,0,0,34,0,0,0.25,0,34,0,,,,,0.021217019286284104,,,,,
trial_0015,84,eval,,,,,,,0.5789473684210527,2.4996090958777226,,,,,,,,,,,,,,,,,,,,,,
trial_0015,84,global,,,,0.24073078622136598,-0.0039174571213252615,,,,,,,0,0,34,0,0,0.25,0,34,0,27,,0.13993808049535603,13.170462470748475,,,-0.8,1,0.8,1
trial_0015,85,train,,,0.2519824742636782,,,0.06469296014055292,,,0.0,0.0,0.005705854682232616,0,0,34,0,0,0.25,0,34,0,,,,,0.021902487609297673,,,,,
trial_0015,85,eval,,,,,,,0.631578947368421,2.4766647963980706,,,,,,,,,,,,,,,,,,,,,,
trial_0015,85,global,,,,0.246610320308741,-0.009796991208700272,,,,,,,0,0,34,0,0,0.25,0,34,0,27,,0.13498452012383902,13.391354733871601,,,-0.8,1,0.8,1
trial_0015,86,train,,,0.25200274491563757,,,0.06387876196110501,,,0.0,0.0,0.004194732601280657,0,0,35,1,0,0.25,0,34,0,,,,,0.01838190712609348,,,,,
trial_0015,86,eval,0.47368421052631576,0.47368421052631576,,,,,,,,,,,,,,,,,,,,2.1052631578947367,,,,0.0,,,,
trial_0015,86,global,,,,0.2449474675251079,-0.008134138425067187,,,,,,,0,0,35,0,0,0.0,0,35,0,27,,0.13374613003095975,12.986703628209353,,,-0.8,1,0.8,1
trial_0015,87,train,,,0.2520194787611353,,,0.0637954295949733,,,0.0,0.0,0.004662113801122301,0,0,36,1,0,0.0,0,35,0,,,,,0.01777790518071344,,,,,
trial_0015,87,eval,0.5789473684210527,0.5263157894736842,,,,,,,,,,,,,,,,,,,,2.1052631578947367,,,,0.15789473684210525,,,,
trial_0015,87,global,,,,0.2465021566677089,-0.009688827567668158,,,,,,,0,0,36,0,0,0.25,0,36,0,27,,0.13560371517027864,13.805499910053454,,,-0.8,1,0.8,1
trial_0015,88,train,,,0.2520312159619433,,,0.06365689254821616,,,0.0,0.0,0.004254873478690726,0,0,37,1,0,0.25,0,36,0,,,,,0.069467765603591,,,,,
trial_0015,88,eval,0.47368421052631576,0.47368421052631576,,,,,,,,,,,,,,,,,,,,2.1052631578947367,,,,0.0,,,,
trial_0015,88,global,,,,0.24254210265221232,-0.005728773552171592,,,,,,,0,0,37,0,0,0.0,0,37,0,27,,0.1386996904024768,13.60059891928091,,,-0.8,1,0.8,1
trial_0015,89,train,,,0.2520355130446718,,,0.06341862171254257,,,0.0,0.0,0.003853251580910589,0,0,38,1,0,0.0,0,37,0,,,,,0.016872653897673368,,,,,
trial_0015,89,eval,0.5789473684210527,0.5263157894736842,,,,,,,,,,,,,,,,,,,,2.1052631578947367,,,,0.15789473684210525,,,,
trial_0015,89,global,,,,0.24183259469418936,-0.005019265594148653,,,,,,,0,0,38,0,0,0.25,0,38,0,27,,0.1393188854489164,13.41955416180401,,,-0.8,1,0.8,1
trial_0015,90,train,,,0.2520328246532602,,,0.06250529847246536,,,0.0,0.0,0.0033404001583124798,0,0,38,0,0,0.25,0,38,0,,,,,0.015931483051006463,,,,,
trial_0015,90,eval,,,,,,,0.5789473684210527,2.6113839213564796,,,,,,,,,,,,,,,,,,,,,,
trial_0015,90,global,,,,0.24550104003320522,-0.008687710933164514,,,,,,,0,0,38,0,0,0.25,0,38,0,27,,0.13436532507739937,13.345909487130841,,,-0.8,1,0.8,1
trial_0016,1,train,,,0.250413255223745,,,0.011868534645042086,,,0.0,0.0,0.002826578910698489,0,0,0,0,0,,0,0,0,,,,,2.198364117779309,,,,,
trial_0016,1,eval,,,,,,,0.3529411764705882,2.1883506494409897,,,,,,,,,,,,,,,,,,,,,,
trial_0016,1,global,,,,,,,,,,,,0,0,0,0,0,,0,0,0,9,,0.12421052631578948,2.1968993282318117,,,,,,
trial_0016,2,train,,,0.25035775575456737,,,0.014062697610145884,,,0.0,0.0,0.021403037231486243,0,0,0,0,0,,0,0,0,,,,,2.1681628565245035,,,,,
trial_0016,2,eval,,,,,,,0.11764705882352941,2.17798010040732,,,,,,,,,,,,,,,,,,,,,,
trial_0016,2,global,,,,0.015637860082304538,-0.004744613894940704,,,,,,,0,0,0,0,0,,0,0,0,9,,0.12,2.196199351862857,,,-0.07407407407407407,3,0.07407407407407407,3
trial_0016,3,train,,,0.25035114227970945,,,0.01924902842014651,,,0.0,0.0,0.02170905128498621,0,0,0,0,0,,0,0,0,,,,,2.090291745149637,,,,,
trial_0016,3,eval,,,,,,,0.058823529411764705,2.143236819435568,,,,,,,,,,,,,,,,,,,,,,
trial_0016,3,global,,,,0.032195594287097555,-0.021302348099733723,,,,,,,0,0,0,0,0,,0,0,0,9,,0.1031578947368421,2.2272722685964483,,,-0.11764705882352944,0,0.21568627450980393,0
trial_0016,4,train,,,0.25040751393837263,,,0.026922003000597407,,,0.0,0.0,0.028163639795553835,0,0,0,0,0,,0,0,0,,,,,1.949012249330931,,,,,
trial_0016,4,eval,,,,,,,0.1764705882352941,2.1162438532885384,,,,,,,,,,,,,,,,,,,,,,
trial_0016,4,global,,,,0.05495037521181313,-0.004106364006298835,,,,,,,0,0,0,0,0,,0,0,0,9,,0.12210526315789473,2.2193119345213237,,,-0.22222222222222232,1,0.23529411764705882,0
trial_0016,5,train,,,0.25044740679897837,,,0.03262486827524402,,,0.0,0.0,0.025057384520297564,0,0,0,0,0,,0,0,0,,,,,1.7257095646254625,,,,,
trial_0016,5,eval,,,,,,,0.1764705882352941,2.1944405611823585,,,,,,,,,,,,,,,,,,,,,,
trial_0016,5,global,,,,0.05551571450132133,-0.004671703295807033,,,,,,,0,0,0,0,0,,0,0,0,9,,0.12,2.3670927906036376,,,-0.13725490196078433,0,0.23529411764705882,0
trial_0016,6,train,,,0.2504477278341221,,,0.03785385512098481,,,0.0,0.0,0.03039907172227962,0,0,0,0,0,,0,0,0,,,,,1.621958948388884,,,,,
trial_0016,6,eval,,,,,,,0.29411764705882354,2.160883714171017,,,,,,,,,,,,,,,,,,,,,,
trial_0016,6,global,,,,0.04313725490196079,0.07206204666576115,,,,,,,0,0,0,0,0,,0,0,0,9,,0.19789473684210526,2.299509882675974,,,-0.1568627450980392,0,0.2549019607843137,0
trial_0016,7,train,,,0.25044901801061026,,,0.04108616370189039,,,0.0,0.0,0.02800411204984294,0,0,0,0,0,,0,0,0,,,,,1.4614786454393893,,,,,
trial_0016,7,eval,,,,,,,0.4117647058823529,2.3275568415136902,,,,,,,,,,,,,,,,,,,,,,
trial_0016,7,global,,,,0.08019569489893469,0.04037995075480874,,,,,,,0,0,0,0,0,,0,0,0,9,,0.16842105263157894,2.54723112859224,,,-0.13333333333333341,1,0.196078431372549,0
trial_0016,8,train,,,0.2504484129102924,,,0.04290426890306835,,,0.0,0.0,0.036799182087371624,0,0,0,0,0,,0,0,0,,,,,1.3341862565354456,,,,,
trial_0016,8,eval,,,,,,,0.4705882352941177,2.2355149633744182,,,,,,,,,,,,,,,,,,,,,,
trial_0016,8,global,,,,0.06041453269227723,0.0601611129614662,,,,,,,0,0,0,0,0,,0,0,0,9,,0.18736842105263157,2.5605266460619474,,,-0.1777777777777778,1,0.1777777777777778,1
trial_0016,9,train,,,0.2504730843290498,,,0.045074676411061346,,,0.0,0.0,0.03683450441288798,0,0,1,1,0,,0,0,0,,,,,1.1071954030590723,,,,,
trial_0016,9,eval,0.3529411764705882,0.3529411764705882,,,,,,,,,,,,,,,,,,,,2.8823529411764706,,,,0.0,,,,
trial_0016,9,global,,,,0.06233267510956919,0.060421619781647014,,,,,,,0,0,1,0,0,0.0,0,1,0,9,,0.18526315789473685,2.7974047741137054,,,-0.1777777777777778,1,0.1777777777777778,1
trial_0016,10,train,,,0.2504780982868581,,,0.04751038532468337,,,0.0,0.0,0.03824731862243218,0,0,1,0,0,0.0,0,1,0,,,,,0.9947122374667396,,,,,
trial_0016,10,eval,,,,,,,0.411764705882353,2.2988090655382942,,,,,,,,,,,,,,,,,,,,,,
trial_0016,10,global,,,,0.05572929861335019,0.07574342617856193,,,,,,,0,0,1,0,0,0.0,0,1,0,9,,0.20210526315789473,2.838859412544652,,,-0.24444444444444446,1,0.24444444444444446,1
trial_0016,11,train,,,0.2504057527281517,,,0.024944828519987503,,,0.0,0.0,0.04881117540563276,0,0,1,0,0,0.0,0,1,0,,,,,16.371707380649656,,,,,
trial_0016,11,eval,,,,,,,0.10526315789473684,4.7379868657965405,,,,,,,,,,,,,,,,,,,,,,
trial_0016,11,global,,,,0.25310557546304474,-0.12163285067113266,,,,,,,0,0,1,0,0,0.0,0,1,0,18,,0.07559808612440191,6.4244854607650534,,,-0.6888888888888889,1,0.6888888888888889,1
trial_0016,12,train,,,0.2503150013643642,,,0.034859612930652706,,,0.0,1.0,0.19738774452098581,0,0,1,0,0,0.0,0,1,0,,,,,3.147528507820396,,,,,
trial_0016,12,eval,,,,,,,0.05263157894736842,2.9382576565993457,,,,,,,,,,,,,,,,,,,,,,
trial_0016,12,global,,,,0.15397865293816027,-0.06367236377444997,,,,,,,0,0,1,0,0,0.0,0,1,0,18,,0.07177033492822966,4.998927891653691,,,-0.6666666666666667,1,0.6666666666666667,1
trial_0016,13,train,,,0.25029994582020954,,,0.03349741115126499,,,0.0,0.3488372093023256,0.09565040247384893,0,0,1,0,0,0.0,0,1,0,,,,,1.89756871378699,,,,,
trial_0016,13,eval,,,,,,,0.10526315789473684,2.2038599315442537,,,,,,,,,,,,,,,,,,,,,,
trial_0016,13,global,,,,0.165910353681979,-0.042598179468749296,,,,,,,0,0,1,0,0,0.0,0,1,0,18,,0.09760765550239234,4.813178554334138,,,-0.8,1,0.8,1
trial_0016,14,train,,,0.25028074030266256,,,0.03282199072283368,,,0.0,0.09302325581395349,0.06284499457755754,0,0,2,1,0,0.0,0,1,0,,,,,1.7024766413278356,,,,,
trial_0016,14,eval,0.15789473684210525,0.15789473684210525,,,,,,,,,,,,,,,,,,,,1.6842105263157894,,,,0.0,,,,
trial_0016,14,global,,,,0.179426231413543,-0.044956577341737976,,,,,,,0,0,2,0,0,0.0,0,2,0,18,,0.09665071770334928,5.2219474810732605,,,-0.8,1,0.8,1
trial_0016,15,train,,,0.25027639072301777,,,0.03427158919877784,,,0.09302325581395349,0.0,0.06165156811475755,0,0,2,0,0,0.0,0,2,0,,,,,1.5742985306784165,,,,,
trial_0016,15,eval,,,,,,,0.2631578947368421,1.9658976918772646,,,,,,,,,,,,,,,,,,,,,,
trial_0016,15,global,,,,0.18054237458758918,-0.03730612919833209,,,,,,,0,0,2,0,0,0.0,0,2,0,18,,0.10334928229665072,4.951820776907451,,,-0.8,1,0.8,1
trial_0016,16,train,,,0.25028235361326573,,,0.035176673947378646,,,0.0,0.0,0.04882049979858621,0,0,2,0,0,0.0,0,2,0,,,,,1.361645336761031,,,,,
trial_0016,16,eval,,,,,,,0.3157894736842105,2.253456554914776,,,,,,,,,,,,,,,,,,,,,,
trial_0016,16,global,,,,0.16382578247976076,-0.015938172110500196,,,,,,,0,0,2,0,0,0.0,0,2,0,18,,0.12631578947368421,5.337722208853544,,,-0.8,1,0.8,1
trial_0016,17,train,,,0.25030765024035473,,,0.037191101284914235,,,0.0,0.09302325581395349,0.05057175713482985,0,0,3,1,0,0.0,0,2,0,,,,,1.3262581812780958,,,,,
trial_0016,17,eval,0.15789473684210525,0.15789473684210525,,,,,,,,,,,,,,,,,,,,1.6842105263157894,,,,0.0,,,,
trial_0016,17,global,,,,0.18257165818734133,-0.029540014896270075,,,,,,,0,0,3,0,0,0.0,0,3,0,18,,0.11100478468899522,5.098822073959278,,,-0.8,1,0.8,1
trial_0016,18,train,,,0.25033214064531545,,,0.039057317514752235,,,0.0,0.0,0.04230533461411332,0,0,3,0,0,0.0,0,3,0,,,,,1.1838301123574724,,,,,
trial_0016,18,eval,,,,,,,0.3684210526315789,2.1196436693793848,,,,,,,,,,,,,,,,,,,,,,
trial_0016,18,global,,,,0.16804994127908293,-0.014235825374553165,,,,,,,0,0,3,0,0,0.0,0,3,0,18,,0.12822966507177033,5.497829269792475,,,-0.8,1,0.8,1
trial_0016,19,train,,,0.2503708199013111,,,0.04145803493122721,,,0.0,0.0,0.04524632224943056,0,0,3,0,0,0.0,0,3,0,,,,,1.167070083008256,,,,,
trial_0016,19,eval,,,,,,,0.3684210526315789,1.7663836855637398,,,,,,,,,,,,,,,,,,,,,,
trial_0016,19,global,,,,0.171993376986304,-0.013527896101770721,,,,,,,0,0,3,0,0,0.0,0,3,0,18,,0.12822966507177033,5.244253361624394,,,-0.8,1,0.8,1
trial_0016,20,train,,,0.2504194191721983,,,0.043849626252817554,,,0.0,0.0,0.03883276521986307,0,0,3,0,0,0.0,0,3,0,,,,,1.0487663077753644,,,,,
trial_0016,20,eval,,,,,,,0.3684210526315789,2.1490245681059985,,,,,,,,,,,,,,,,,,,,,,
trial_0016,20,global,,,,0.16403718491430597,-0.0055717040297727045,,,,,,,0,0,3,0,0,0.0,0,3,0,18,,0.13779904306220095,5.721132591010281,,,-0.8,1,0.8,1
trial_0016,21,train,,,0.25047962779694416,,,0.06645173658715918,,,0.0,0.0,0.0262140832009151,0,0,3,0,0,0.0,0,3,0,,,,,17.46031956774123,,,,,
trial_0016,21,eval,,,,,,,0.2631578947368421,2.1374087145454004,,,,,,,,,,,,,,,,,,,,,,
trial_0016,21,global,,,,0.2728426596500026,-0.1143771787654693,,,,,,,0,0,3,0,0,0.0,0,3,0,27,,0.06439628482972136,6.942280824265613,,,-0.8,1,0.8,1
trial_0016,22,train,,,0.2504522629240726,,,0.050316038283895935,,,0.0,0.9999999999999999,0.1879479500603803,0,0,4,1,0,0.0,0,3,0,,,,,2.150412149378594,,,,,
trial_0016,22,eval,0.21052631578947367,0.15789473684210525,,,,,,,,,,,,,,,,,,,,2.1052631578947367,,,,0.3684210526315789,,,,
trial_0016,22,global,,,,0.2241271775554417,-0.0701873160643607,,,,,,,0,0,4,0,0,0.25,0,4,0,27,,0.07739938080495357,8.348780820391864,,,-0.8,1,0.8,1
trial_0016,23,train,,,0.25043083315199993,,,0.051899333583547716,,,0.0,0.0,0.031149971485137942,0,0,5,1,0,0.25,0,4,0,,,,,1.615839112819509,,,,,
trial_0016,23,eval,0.21052631578947367,0.2631578947368421,,,,,,,,,,,,,,,,,,,,2.1052631578947367,,,,0.0,,,,
trial_0016,23,global,,,,0.24785184839439087,-0.07066929427655926,,,,,,,0,0,5,0,0,0.0,0,5,0,27,,0.07368421052631578,8.802979871436907,,,-0.8,1,0.8,1
trial_0016,24,train,,,0.2504233163087926,,,0.05126732968269511,,,0.0,0.0,0.04347135988163187,0,0,5,0,0,0.0,0,5,0,,,,,1.3988101482391357,,,,,
trial_0016,24,eval,,,,,,,0.47368421052631576,1.696513746914111,,,,,,,,,,,,,,,,,,,,,,
trial_0016,24,global,,,,0.2420282985267381,-0.057687603540223654,,,,,,,0,0,5,0,0,0.0,0,5,0,27,,0.09226006191950464,8.722740643386132,,,-0.8,1,0.8,1
trial_0016,25,train,,,0.25042046543131485,,,0.052935502630599,,,0.0,0.0,0.0322259784061858,0,0,6,1,0,0.0,0,5,0,,,,,1.233168109427107,,,,,
trial_0016,25,eval,0.47368421052631576,0.5263157894736842,,,,,,,,,,,,,,,,,,,,2.1052631578947367,,,,0.0,,,,
trial_0016,25,global,,,,0.2379250646710409,-0.04990651039743474,,,,,,,0,0,6,0,0,0.0,0,6,0,27,,0.09845201238390093,8.791196281031558,,,-0.8,1,0.8,1
trial_0016,26,train,,,0.2503903457458983,,,0.05404692000531136,,,0.0,0.0,0.035482329621594005,0,0,6,0,0,0.0,0,6,0,,,,,1.0356321197875002,,,,,
trial_0016,26,eval,,,,,,,0.5263157894736842,1.601677916551891,,,,,,,,,,,,,,,,,,,,,,
trial_0016,26,global,,,,0.23377809815220518,-0.04206524509573339,,,,,,,0,0,6,0,0,0.0,0,6,0,27,,0.1065015479876161,8.853820819677583,,,-0.8,1,0.8,1
trial_0016,27,train,,,0.25037117239008555,,,0.05492851043001133,,,0.0,0.0,0.03613800587172204,0,0,6,0,0,0.0,0,6,0,,,,,0.9194386231138352,,,,,
trial_0016,27,eval,,,,,,,0.47368421052631576,1.6196615727324235,,,,,,,,,,,,,,,,,,,,,,
trial_0016,27,global,,,,0.23734457468778927,-0.03989217531904637,,,,,,,0,0,6,0,0,0.0,0,6,0,27,,0.11021671826625387,8.865866362864018,,,-0.8,1,0.8,1
trial_0016,28,train,,,0.2503693569847878,,,0.056857027906052605,,,0.0,0.0,0.03426095348723392,0,0,6,0,0,0.0,0,6,0,,,,,0.8356328576169114,,,,,
trial_0016,28,eval,,,,,,,0.47368421052631576,1.606983084427683,,,,,,,,,,,,,,,,,,,,,,
trial_0016,28,global,,,,0.23859051852108668,-0.039137661904972955,,,,,,,0,0,6,0,0,0.0,0,6,0,27,,0.10959752321981424,8.961122112451323,,,-0.8,1,0.8,1
trial_0016,29,train,,,0.2503787868834556,,,0.05859319199907019,,,0.0,0.0,0.03338761383945004,0,0,6,0,0,0.0,0,6,0,,,,,0.7607462650917945,,,,,
trial_0016,29,eval,,,,,,,0.5263157894736842,1.6209449422986884,,,,,,,,,,,,,,,,,,,,,,
trial_0016,29,global,,,,0.23906481806838153,-0.039611961452267815,,,,,,,0,0,6,0,0,0.0,0,6,0,27,,0.10897832817337462,9.065612573298877,,,-0.8,1,0.8,1
trial_0016,30,train,,,0.25039976201158887,,,0.06037483950878712,,,0.0,0.0,0.03248584241943157,0,0,7,1,0,0.0,0,6,0,,,,,0.6914233326911926,,,,,
trial_0016,30,eval,0.42105263157894735,0.47368421052631576,,,,,,,,,,,,,,,,,,,,2.1052631578947367,,,,0.0,,,,
trial_0016,30,global,,,,0.2431566879285175,-0.04235702996560242,,,,,,,0,0,7,0,0,0.0,0,7,0,27,,0.10712074303405572,9.362538992583568,,,-0.8,1,0.8,1
trial_0016,31,train,,,0.25042166386513,,,0.06203292785806858,,,0.0,0.0,0.03156505947575925,0,0,8,1,0,0.0,0,7,0,,,,,0.6287852983525458,,,,,
trial_0016,31,eval,0.42105263157894735,0.47368421052631576,,,,,,,,,,,,,,,,,,,,2.1052631578947367,,,,0.0,,,,
trial_0016,31,global,,,,0.24446139032796477,-0.043661732365049714,,,,,,,0,0,8,0,0,0.0,0,8,0,27,,0.10588235294117647,9.62785505643201,,,-0.8,1,0.8,1
trial_0016,32,train,,,0.25044615852071883,,,0.06358603467332555,,,0.0,0.0,0.030865284059434502,0,0,9,1,0,0.0,0,8,0,,,,,0.5772531033830439,,,,,
trial_0016,32,eval,0.47368421052631576,0.47368421052631576,,,,,,,,,,,,,,,,,,,,2.1052631578947367,,,,0.0,,,,
trial_0016,32,global,,,,0.24425563596225336,-0.04130402367347092,,,,,,,0,0,9,0,0,0.0,0,9,0,27,,0.10897832817337462,9.870542754182136,,,-0.8,1,0.8,1
trial_0016,33,train,,,0.2504782971549541,,,0.06551985854798174,,,0.0,0.0,0.03032899678070495,0,0,10,1,0,0.0,0,9,0,,,,,0.5317287490722982,,,,,
trial_0016,33,eval,0.47368421052631576,0.5789473684210527,,,,,,,,,,,,,,,,,,,,2.1052631578947367,,,,0.0,,,,
trial_0016,33,global,,,,0.2449067597834005,-0.04155257100508504,,,,,,,0,0,10,0,0,0.0,0,10,0,27,,0.10897832817337462,10.028217188123579,,,-0.8,1,0.8,1
trial_0016,34,train,,,0.2505172636914761,,,0.0672440357664798,,,0.0,0.0,0.030111052387176047,0,0,10,0,0,0.0,0,10,0,,,,,0.48971067603598245,,,,,
trial_0016,34,eval,,,,,,,0.5789473684210527,1.6590645972051117,,,,,,,,,,,,,,,,,,,,,,
trial_0016,34,global,,,,0.24233541648756077,-0.03763442636244397,,,,,,,0,0,10,0,0,0.0,0,10,0,27,,0.11331269349845201,10.212630002048362,,,-0.8,1,0.8,1
trial_0016,35,train,,,0.25055293643728216,,,0.06904251144287435,,,0.0,0.0,0.029644994588291396,0,0,10,0,0,0.0,0,10,0,,,,,0.4500143043538357,,,,,
trial_0016,35,eval,,,,,,,0.5789473684210527,1.6917326764056557,,,,,,,,,,,,,,,,,,,,,,
trial_0016,35,global,,,,0.24131661545922503,-0.03548497728987995,,,,,,,0,0,10,0,0,0.0,0,10,0,27,,0.11517027863777089,10.317879738822441,,,-0.8,1,0.8,1
trial_0016,36,train,,,0.250590813920853,,,0.07069893213028602,,,0.0,0.0,0.029370685092153702,0,0,10,0,0,0.0,0,10,0,,,,,0.41488280686292245,,,,,
trial_0016,36,eval,,,,,,,0.5263157894736842,1.7164389373440492,,,,,,,,,,,,,,,,,,,,,,
trial_0016,36,global,,,,0.24076572540390848,-0.034934087234563385,,,,,,,0,0,10,0,0,0.0,0,10,0,27,,0.11517027863777089,10.376048099293428,,,-0.8,1,0.8,1
trial_0016,37,train,,,0.25063122491887274,,,0.07249846674026326,,,0.0,0.0,0.02905749839710746,0,0,10,0,0,0.0,0,10,0,,,,,0.38336681539707995,,,,,
trial_0016,37,eval,,,,,,,0.5263157894736842,1.7668207303473822,,,,,,,,,,,,,,,,,,,,,,
trial_0016,37,global,,,,0.24160972842182454,-0.03325053156053719,,,,,,,0,0,10,0,0,0.0,0,10,0,27,,0.11640866873065016,10.386765919971761,,,-0.8,1,0.8,1
trial_0016,38,train,,,0.25067604380719205,,,0.07421624660491943,,,0.0,0.0,0.028728092200261485,0,0,11,1,0,0.0,0,10,0,,,,,0.35275333251090757,,,,,
trial_0016,38,eval,0.47368421052631576,0.42105263157894735,,,,,,,,,,,,,,,,,,,,2.1052631578947367,,,,0.15789473684210525,,,,
trial_0016,38,global,,,,0.2430578579401295,-0.034698661078842154,,,,,,,0,0,11,0,0,0.25,0,11,0,27,,0.11455108359133127,10.405369983590424,,,-0.8,1,0.8,1
trial_0016,39,train,,,0.2507090739747311,,,0.0752375233680644,,,0.0,0.0,0.028493526209383568,0,0,12,1,0,0.25,0,11,0,,,,,0.32544029095071425,,,,,
trial_0016,39,eval,0.47368421052631576,0.42105263157894735,,,,,,,,,,,,,,,,,,,,2.1052631578947367,,,,0.15789473684210525,,,,
trial_0016,39,global,,,,0.24313814970333225,-0.03427159617030466,,,,,,,0,0,12,0,0,0.25,0,12,0,27,,0.11455108359133127,10.523728468100723,,,-0.8,1,0.8,1
trial_0016,40,train,,,0.25074372551542645,,,0.07618762711261182,,,0.0,0.0,0.027489376001733734,0,0,13,1,0,0.25,0,12,0,,,,,0.29525885423447223,,,,,
trial_0016,40,eval,0.5789473684210527,0.47368421052631576,,,,,,,,,,,,,,,,,,,,2.1052631578947367,,,,0.42105263157894735,,,,
trial_0016,40,global,,,,0.2726076384694693,-0.05337657022410091,,,,,,,1,1,13,0,0,0.5,1,12,0,27,,0.09164086687306501,5.467813566225601,,,-0.8421052631578947,22,0.8421052631578947,22
trial_0016,41,train,,,0.2507997238183323,,,0.07788325789608533,,,0.0,0.0,0.026129976548018716,1,1,13,0,0,0.5,1,12,0,,,,,0.29590346707573423,,,,,
trial_0016,41,eval,,,,,,,0.5789473684210527,1.8454920273078117,,,,,,,,,,,,,,,,,,,,,,
trial_0016,41,global,,,,0.2630325901772003,-0.040045131189139854,,,,,,,1,1,13,0,0,0.5,1,12,0,27,,0.10835913312693499,11.247939647757232,,,-0.8,1,0.8,1
trial_0016,42,train,,,0.2507999377681854,,,0.07683985601080225,,,0.0,0.0,0.029688632957875098,1,1,13,0,0,0.5,1,12,0,,,,,0.2900037094950676,,,,,
trial_0016,42,eval,,,,,,,0.5789473684210527,2.035989744098563,,,,,,,,,,,,,,,,,,,,,,
trial_0016,42,global,,,,0.2586369636911299,-0.03333468988825458,,,,,,,1,1,13,0,0,0.5,1,12,0,27,,0.11331269349845201,11.245101220098443,,,-0.8,1,0.8,1
trial_0016,43,train,,,0.25082791517389585,,,0.07646131895958108,,,0.0,0.0,0.027267531099471644,1,1,13,0,0,0.5,1,12,0,,,,,0.24056952670216558,,,,,
trial_0016,43,eval,,,,,,,0.631578947368421,1.8886877000331874,,,,,,,,,,,,,,,,,,,,,,
trial_0016,43,global,,,,0.2624746254687688,-0.037172351665893485,,,,,,,1,1,13,0,1,0.5,0,12,0,27,,0.10959752321981424,11.643992217923097,,,-0.8,1,0.8,1
trial_0016,44,train,,,0.25085765377004093,,,0.076207401904654,,,0.0,0.0,0.023377258059112956,1,1,14,1,1,0.5,0,12,0,,,,,0.20500184678016825,,,,,
trial_0016,44,eval,0.5789473684210527,0.5789473684210527,,,,,,,,,,,,,,,,,,,,2.1052631578947367,,,,0.0,,,,
trial_0016,44,global,,,,0.25520543964768955,-0.02990316584481428,,,,,,,1,1,14,0,1,0.0,0,13,0,27,,0.11702786377708978,11.65362010755037,,,-0.8,1,0.8,1
trial_0016,45,train,,,0.250886450739617,,,0.07600323760763128,,,0.0,0.0,0.023034698447272024,1,1,15,1,1,0.0,0,13,0,,,,,0.2176608710054387,,,,,
trial_0016,45,eval,0.5789473684210527,0.5263157894736842,,,,,,,,,,,,,,,,,,,,2.1052631578947367,,,,0.15789473684210525,,,,
trial_0016,45,global,,,,0.26336942490008997,-0.03806715109721465,,,,,,,1,1,15,0,1,0.25,0,14,0,27,,0.10959752321981424,12.112657881225964,,,-0.8,1,0.8,1
trial_0016,46,train,,,0.25091285432906857,,,0.07643272775284787,,,0.0,0.0,0.023154811866264398,1,1,16,1,1,0.25,0,14,0,,,,,0.18152225632616814,,,,,
trial_0016,46,eval,0.47368421052631576,0.5263157894736842,,,,,,,,,,,,,,,,,,,,2.1052631578947367,,,,0.0,,,,
trial_0016,46,global,,,,0.24859827927333822,-0.022381510728807653,,,,,,,1,1,16,0,1,0.0,0,15,0,27,,0.1238390092879257,12.035188038356534,,,-0.8,1,0.8,1
trial_0016,47,train,,,0.2509375750384432,,,0.07630644199695992,,,0.0,0.0,0.02121560634014772,1,1,17,1,1,0.0,0,15,0,,,,,0.1852599449138692,,,,,
trial_0016,47,eval,0.47368421052631576,0.47368421052631576,,,,,,,,,,,,,,,,,,,,2.1052631578947367,,,,0.0,,,,
trial_0016,47,global,,,,0.2601524949140777,-0.033935726369547156,,,,,,,1,1,17,0,1,0.0,0,16,0,27,,0.11331269349845201,12.693636551139525,,,-0.8,1,0.8,1
trial_0016,48,train,,,0.25094316551025875,,,0.0770465668211592,,,0.0,0.0,0.02005608347343638,1,1,17,0,1,0.0,0,16,0,,,,,0.14384262699713096,,,,,
trial_0016,48,eval,,,,,,,0.6842105263157894,1.9533831602648686,,,,,,,,,,,,,,,,,,,,,,
trial_0016,48,global,,,,0.2469242103704468,-0.018706984578545426,,,,,,,1,1,17,0,1,0.0,0,16,0,27,,0.12693498452012383,12.024784643214554,,,-0.8,1,0.8,1
trial_0016,49,train,,,0.2509718264671082,,,0.0773145873495873,,,0.0,0.0,0.019808547892805905,1,1,17,0,1,0.0,0,16,0,,,,,0.17059855307353305,,,,,
trial_0016,49,eval,,,,,,,0.6842105263157894,1.9933593351590004,,,,,,,,,,,,,,,,,,,,,,
trial_0016,49,global,,,,0.25971813231011615,-0.031500906518214765,,,,,,,1,1,17,0,1,0.0,0,16,0,27,,0.11578947368421053,12.019472170614236,,,-0.8,1,0.8,1
trial_0016,50,train,,,0.25100691806762776,,,0.07747441530227661,,,0.0,0.0,0.019677253421445558,1,1,17,0,1,0.0,0,16,0,,,,,0.14333277297146776,,,,,
trial_0016,50,eval,,,,,,,0.631578947368421,1.9850422873308784,,,,,,,,,,,,,,,,,,,,,,
trial_0016,50,global,,,,0.2504255672770677,-0.022208341485166344,,,,,,,1,1,17,0,1,0.0,0,16,0,27,,0.12321981424148606,11.662263536010364,,,-0.8,1,0.8,1
trial_0016,51,train,,,0.25104116188718917,,,0.07790623700365107,,,0.0,0.0,0.019663215510576884,1,1,17,0,1,0.0,0,16,0,,,,,0.13941391058900254,,,,,
trial_0016,51,eval,,,,,,,0.6842105263157895,1.9495499886964498,,,,,,,,,,,,,,,,,,,,,,
trial_0016,51,global,,,,0.2596615518353892,-0.03144432604348783,,,,,,,1,1,17,0,1,0.0,0,16,0,27,,0.11517027863777089,12.130997691434972,,,-0.8,1,0.8,1
trial_0016,52,train,,,0.25107435089476565,,,0.07755118037791962,,,0.0,0.0,0.01724857045597635,1,1,18,1,1,0.0,0,16,0,,,,,0.11116359021435393,,,,,
trial_0016,52,eval,0.5789473684210527,0.5789473684210527,,,,,,,,,,,,,,,,,,,,2.1052631578947367,,,,0.0,,,,
trial_0016,52,global,,,,0.24960024578750759,-0.021383019995606226,,,,,,,1,1,18,0,1,0.0,0,17,0,27,,0.1238390092879257,11.732625539679276,,,-0.8,1,0.8,1
trial_0016,53,train,,,0.2511150247239052,,,0.0749313159191862,,,0.0,0.0,0.01818985894899518,1,1,19,1,1,0.0,0,17,0,,,,,0.10155286680352181,,,,,
trial_0016,53,eval,0.631578947368421,0.631578947368421,,,,,,,,,,,,,,,,,,,,2.1052631578947367,,,,0.0,,,,
trial_0016,53,global,,,,0.25644219262784257,-0.028224966835941206,,,,,,,1,1,19,0,1,0.0,0,18,0,27,,0.1195046439628483,12.493627948583834,,,-0.8,1,0.8,1
trial_0016,54,train,,,0.2511491103375212,,,0.07461787728553124,,,0.0,0.0,0.015141865037483203,1,1,20,1,1,0.0,0,18,0,,,,,0.08765576853951876,,,,,
trial_0016,54,eval,0.42105263157894735,0.5263157894736842,,,,,,,,,,,,,,,,,,,,2.1052631578947367,,,,0.0,,,,
trial_0016,54,global,,,,0.25092643879874976,-0.022709213006848385,,,,,,,1,1,20,0,1,0.0,0,19,0,27,,0.1238390092879257,12.307569611257074,,,-0.8,1,0.8,1
trial_0016,55,train,,,0.25116473309537196,,,0.07286203858700203,,,0.0,0.0,0.015655018257019312,1,1,21,1,1,0.0,0,19,0,,,,,0.0812040287050161,,,,,
trial_0016,55,eval,0.47368421052631576,0.47368421052631576,,,,,,,,,,,,,,,,,,,,2.1052631578947367,,,,0.0,,,,
trial_0016,55,global,,,,0.2600855072520574,-0.031868281460156044,,,,,,,1,1,21,0,1,0.0,0,20,0,27,,0.11455108359133127,12.716065364873078,,,-0.8,1,0.8,1
trial_0016,56,train,,,0.25118449266920695,,,0.07123042167501246,,,0.0,0.0,0.0141039311467234,1,1,21,0,1,0.0,0,20,0,,,,,0.07250862645500518,,,,,
trial_0016,56,eval,,,,,,,0.631578947368421,2.0541087185081683,,,,,,,,,,,,,,,,,,,,,,
trial_0016,56,global,,,,0.2489822301820898,-0.0175642727943951,,,,,,,1,1,21,0,1,0.0,0,20,0,27,,0.12941176470588237,12.81201948986703,,,-0.8,1,0.8,1
trial_0016,57,train,,,0.25123082830550825,,,0.07371307116873721,,,0.0,0.0,0.015759322207025996,1,1,21,0,1,0.0,0,20,0,,,,,0.10317874538930172,,,,,
trial_0016,57,eval,,,,,,,0.5789473684210527,1.9078793321785175,,,,,,,,,,,,,,,,,,,,,,
trial_0016,57,global,,,,0.2502802302540553,-0.018862272866360618,,,,,,,1,1,21,0,1,0.0,0,20,0,27,,0.1256965944272446,13.203410391320386,,,-0.8,1,0.8,1
trial_0016,58,train,,,0.25123761499181707,,,0.07242745161056519,,,0.0,0.0,0.015474997705871615,1,1,21,0,1,0.0,0,20,0,,,,,0.10064930503672742,,,,,
trial_0016,58,eval,,,,,,,0.631578947368421,1.820254325866699,,,,,,,,,,,,,,,,,,,,,,
trial_0016,58,global,,,,0.24196538204244508,-0.0073466930589570715,,,,,,,1,1,21,0,1,0.0,0,20,0,27,,0.13993808049535603,13.044318328479495,,,-0.8,1,0.8,1
trial_0016,59,train,,,0.2512573298621685,,,0.07223111074021521,,,0.0,0.0,0.015199293426183511,1,1,21,0,1,0.0,0,20,0,,,,,0.08444577772566612,,,,,
trial_0016,59,eval,,,,,,,0.631578947368421,2.071149495087172,,,,,,,,,,,,,,,,,,,,,,
trial_0016,59,global,,,,0.24403418673574662,-0.009415497752258618,,,,,,,1,1,21,0,1,0.0,0,20,0,27,,0.13808049535603714,13.46866012903928,,,-0.8,1,0.8,1
trial_0016,60,train,,,0.2512654427518236,,,0.07247043290036789,,,0.0,0.0,0.01384025446474899,1,1,22,1,1,0.0,0,20,0,,,,,0.10223689706441254,,,,,
trial_0016,60,eval,0.5789473684210527,0.5789473684210527,,,,,,,,,,,,,,,,,,,,2.1052631578947367,,,,0.0,,,,
trial_0016,60,global,,,,0.24137866616062834,-0.006759977177140337,,,,,,,1,1,22,0,1,0.0,0,21,0,27,,0.14055727554179567,12.920288730774871,,,-0.8,1,0.8,1
trial_0016,61,train,,,0.2512775117412526,,,0.07118327820554693,,,0.0,0.0,0.011975351963941495,1,1,23,1,1,0.0,0,21,0,,,,,0.06485897740547328,,,,,
trial_0016,61,eval,0.5263157894736842,0.5263157894736842,,,,,,,,,,,,,,,,,,,,2.1052631578947367,,,,0.0,,,,
trial_0016,61,global,,,,0.25264415080530966,-0.018025461821821655,,,,,,,1,1,23,0,1,0.0,0,22,0,27,,0.12941176470588237,12.967494381175321,,,-0.8,1,0.8,1
trial_0016,62,train,,,0.2513172892813987,,,0.0716511017464577,,,0.0,0.0,0.015550924028378934,1,1,24,1,1,0.0,0,22,0,,,,,0.08522890867229473,,,,,
trial_0016,62,eval,0.5263157894736842,0.5263157894736842,,,,,,,,,,,,,,,,,,,,2.1052631578947367,,,,0.0,,,,
trial_0016,62,global,,,,0.2469620244482538,-0.0123433354647658,,,,,,,1,1,24,0,1,0.0,0,23,0,27,,0.13498452012383902,12.832907354868603,,,-0.8,1,0.8,1
trial_0016,63,train,,,0.2513638579464973,,,0.07278747698093982,,,0.0,0.0,0.009605189996147331,1,1,25,1,1,0.0,0,23,0,,,,,0.07820639009686543,,,,,
trial_0016,63,eval,0.5263157894736842,0.5263157894736842,,,,,,,,,,,,,,,,,,,,2.1052631578947367,,,,0.0,,,,
trial_0016,63,global,,,,0.24903501509487852,-0.014416326111390501,,,,,,,1,1,25,0,1,0.0,0,24,0,27,,0.1306501547987616,12.395800724561001,,,-0.8,1,0.8,1
trial_0016,64,train,,,0.2513832082139685,,,0.07140523575721903,,,0.0,0.0,0.013073039117753458,1,1,25,0,1,0.0,0,24,0,,,,,0.07507687982647343,,,,,
trial_0016,64,eval,,,,,,,0.5789473684210527,1.9958352572039553,,,,,,,,,,,,,,,,,,,,,,
trial_0016,64,global,,,,0.24338816189314777,-0.008769472909659763,,,,,,,1,1,25,0,1,0.0,0,24,0,27,,0.1393188854489164,13.858359378779266,,,-0.8,1,0.8,1
trial_0016,65,train,,,0.2514117436206087,,,0.07154194218047122,,,0.0,0.0,0.01168222551839674,1,1,25,0,1,0.0,0,24,0,,,,,0.09808707305606693,,,,,
trial_0016,65,eval,,,,,,,0.631578947368421,2.001704938709736,,,,,,,,,,,,,,,,,,,,,,
trial_0016,65,global,,,,0.24754416495762288,-0.012010981232479637,,,,,,,1,1,25,0,1,0.0,0,24,0,27,,0.13622291021671826,13.45917420756337,,,-0.8,1,0.8,1
trial_0016,66,train,,,0.2514149933419329,,,0.06983869126502504,,,0.0,0.0,0.01143548653874066,1,1,25,0,1,0.0,0,24,0,,,,,0.058667269927707114,,,,,
trial_0016,66,eval,,,,,,,0.631578947368421,1.942945641906638,,,,,,,,,,,,,,,,,,,,,,
trial_0016,66,global,,,,0.24131469236690867,-0.005781508641765417,,,,,,,1,1,25,0,1,0.0,0,24,0,27,,0.1411764705882353,13.535828950013908,,,-0.8,1,0.8,1
trial_0016,67,train,,,0.2514188400608428,,,0.06778716280105265,,,0.0,0.0,0.01029121207836223,1,1,25,0,1,0.0,0,24,0,,,,,0.08046964828440167,,,,,
trial_0016,67,eval,,,,,,,0.631578947368421,2.016035548166225,,,,,,,,,,,,,,,,,,,,,,
trial_0016,67,global,,,,0.2428173957522062,-0.007284212027062948,,,,,,,1,1,25,0,1,0.0,0,24,0,27,,0.1417956656346749,13.78970891521442,,,-0.8,1,0.8,1
trial_0016,68,train,,,0.2514273781091609,,,0.0690099153112858,,,0.0,0.0,0.012108851932769425,1,1,26,1,1,0.0,0,24,0,,,,,0.07036722808917785,,,,,
trial_0016,68,eval,0.5263157894736842,0.5263157894736842,,,,,,,,,,,,,,,,,,,,2.1052631578947367,,,,0.0,,,,
trial_0016,68,global,,,,0.24509661203396352,-0.009563428308820275,,,,,,,1,1,26,0,1,0.0,0,25,0,27,,0.13808049535603714,13.459446673791843,,,-0.8,1,0.8,1
trial_0016,69,train,,,0.2514374807794043,,,0.0679048515380697,,,0.0,0.0,0.00857187291423659,1,1,27,1,1,0.0,0,25,0,,,,,0.06000167996563176,,,,,
trial_0016,69,eval,0.631578947368421,0.5789473684210527,,,,,,,,,,,,,,,,,,,,2.1052631578947367,,,,0.2631578947368421,,,,
trial_0016,69,global,,,,0.2461555732759718,-0.009275588204027178,,,,,,,1,1,27,0,1,0.25,0,26,0,27,,0.13808049535603714,12.634111618183715,,,-0.8,1,0.8,1
trial_0016,70,train,,,0.2514701247849363,,,0.06632245855128512,,,0.0,0.0,0.009338095955249728,1,1,28,1,1,0.25,0,26,0,,,,,0.07852624814679965,,,,,
trial_0016,70,eval,0.47368421052631576,0.47368421052631576,,,,,,,,,,,,,,,,,,,,2.1052631578947367,,,,0.0,,,,
trial_0016,70,global,,,,0.24576411638504275,-0.008884131313098155,,,,,,,1,1,28,0,1,0.0,0,27,0,27,,0.14055727554179567,13.690563917602917,,,-0.8,1,0.8,1
trial_0016,71,train,,,0.2515241113748956,,,0.06667891144752502,,,0.0,0.0,0.007736074656373179,1,1,29,1,1,0.0,0,27,0,,,,,0.053907128607735354,,,,,
trial_0016,71,eval,0.5263157894736842,0.5263157894736842,,,,,,,,,,,,,,,,,,,,2.1052631578947367,,,,0.0,,,,
trial_0016,71,global,,,,0.2422078438067553,-0.005327858734810713,,,,,,,1,1,29,0,1,0.0,0,28,0,27,,0.1417956656346749,13.047128839168018,,,-0.8,1,0.8,1
trial_0016,72,train,,,0.2515619650800177,,,0.06595803575312838,,,0.0,0.0,0.008627055993859725,1,1,29,0,1,0.0,0,28,0,,,,,0.046516037510430555,,,,,
trial_0016,72,eval,,,,,,,0.631578947368421,2.1853745046414823,,,,,,,,,,,,,,,,,,,,,,
trial_0016,72,global,,,,0.24861644350776893,-0.011736458435824323,,,,,,,1,1,29,0,1,0.0,0,28,0,27,,0.13746130030959752,13.557174725133937,,,-0.8,1,0.8,1
trial_0016,73,train,,,0.2516059231884936,,,0.06562084720489827,,,0.0,0.0,0.007493336577240274,1,1,29,0,1,0.0,0,28,0,,,,,0.04545762589240962,,,,,
trial_0016,73,eval,,,,,,,0.631578947368421,2.2247933879690738,,,,,,,,,,,,,,,,,,,,,,
trial_0016,73,global,,,,0.24081477917202498,-0.0019145920798783844,,,,,,,1,1,29,0,1,0.0,0,28,0,27,,0.14551083591331268,12.890620856978945,,,-0.8,1,0.8,1
trial_0016,74,train,,,0.25163762493336456,,,0.06541489350034835,,,0.0,0.0,0.007569650106226154,1,1,29,0,1,0.0,0,28,0,,,,,0.03647569429446408,,,,,
trial_0016,74,eval,,,,,,,0.5789473684210527,2.339317776066692,,,,,,,,,,,,,,,,,,,,,,
trial_0016,74,global,,,,0.247089966813552,-0.008189779721405407,,,,,,,1,1,29,0,1,0.0,0,28,0,27,,0.14055727554179567,13.37291418494824,,,-0.8,1,0.8,1
trial_0016,75,train,,,0.25169158330623137,,,0.06500688448865362,,,0.0,0.0,0.0063356153035048456,1,1,29,0,1,0.0,0,28,0,,,,,0.042486260986906735,,,,,
trial_0016,75,eval,,,,,,,0.631578947368421,2.2372960332585006,,,,,,,,,,,,,,,,,,,,,,
trial_0016,75,global,,,,0.24256384356587565,-0.002990255800328387,,,,,,,1,1,29,0,1,0.0,0,28,0,27,,0.14303405572755418,12.972452169601393,,,-0.8,1,0.8,1
trial_0016,76,train,,,0.2517268695729844,,,0.06394223837142295,,,0.0,0.0,0.006777630366606049,1,1,30,1,1,0.0,0,28,0,,,,,0.0299377430834748,,,,,
trial_0016,76,eval,0.5789473684210527,0.47368421052631576,,,,,,,,,,,,,,,,,,,,2.1052631578947367,,,,0.21052631578947367,,,,
trial_0016,76,global,,,,0.29613195990765406,-0.05655837214210676,,,,,,,2,2,30,0,1,0.5,1,28,0,27,,0.09102167182662539,10.608721432523462,,,-0.8421052631578947,22,0.8421052631578947,22
trial_0016,77,train,,,0.25143047488188447,,,0.05482047720800472,,,0.0,0.0,0.009142058502434743,2,2,30,0,1,0.5,1,28,0,,,,,0.0371227149875198,,,,,
trial_0016,77,eval,,,,,,,0.5789473684210527,2.28682825596709,,,,,,,,,,,,,,,,,,,,,,
trial_0016,77,global,,,,0.2552177467697094,-0.015644159004162102,,,,,,,2,1,30,0,1,0.5,0,28,1,27,,0.13312693498452013,14.233723322156782,,,-0.8,1,0.8,1
trial_0016,78,train,,,0.2517763851804936,,,0.06409074334388083,,,0.0,0.0,0.005937969264932884,2,1,31,1,1,0.5,0,28,1,,,,,0.03485280255925782,,,,,
trial_0016,78,eval,0.47368421052631576,0.47368421052631576,,,,,,,,,,,,,,,,,,,,2.1052631578947367,,,,0.0,,,,
trial_0016,78,global,,,,0.2439675315955683,-0.004393943830021017,,,,,,,2,1,31,0,1,0.0,0,29,1,27,,0.14241486068111456,13.575538701391073,,,-0.8,1,0.8,1
trial_0016,79,train,,,0.2517860550829705,,,0.06323286447119206,,,0.0,0.0,0.005551005427263047,2,1,32,1,1,0.0,0,29,1,,,,,0.03678099910946603,,,,,
trial_0016,79,eval,0.5263157894736842,0.5263157894736842,,,,,,,,,,,,,,,,,,,,2.1052631578947367,,,,0.0,,,,
trial_0016,79,global,,,,0.24797560878561742,-0.008402021020070136,,,,,,,2,1,32,0,1,0.0,0,30,1,27,,0.14055727554179567,13.885006539076105,,,-0.8,1,0.8,1
trial_0016,80,train,,,0.25181017974589737,,,0.06334065503262458,,,0.0,0.0,0.005379055959929248,2,1,33,1,1,0.0,0,30,1,,,,,0.0288885647619262,,,,,
trial_0016,80,eval,0.5789473684210527,0.5789473684210527,,,,,,,,,,,,,,,,,,,,2.1052631578947367,,,,0.0,,,,
trial_0016,80,global,,,,0.24848535481871967,-0.008911767053172377,,,,,,,2,1,33,0,1,0.0,0,31,1,27,,0.1393188854489164,13.817228018462474,,,-0.8,1,0.8,1
trial_0016,81,train,,,0.2518125737601138,,,0.06302810285953765,,,0.0,0.0,0.005444263237695077,2,1,33,0,1,0.0,0,31,1,,,,,0.025212405264337965,,,,,
trial_0016,81,eval,,,,,,,0.5789473684210527,2.5132345927781183,,,,,,,,,,,,,,,,,,,,,,
trial_0016,81,global,,,,0.2479034816822254,-0.008329893916678098,,,,,,,2,1,33,0,1,0.0,0,31,1,27,,0.14055727554179567,13.385741058444092,,,-0.8,1,0.8,1
trial_0016,82,train,,,0.25183162093162537,,,0.06291338484337988,,,0.0,0.0,0.004554618821349962,2,1,33,0,1,0.0,0,31,1,,,,,0.023118672581349916,,,,,
trial_0016,82,eval,,,,,,,0.5789473684210527,2.4857283862013566,,,,,,,,,,,,,,,,,,,,,,
trial_0016,82,global,,,,0.24128846330351758,-0.0017148755379702782,,,,,,,2,1,33,0,1,0.0,0,31,1,27,,0.14551083591331268,13.523546697185505,,,-0.8,1,0.8,1
trial_0016,83,train,,,0.25182607563886233,,,0.062085004563027235,,,0.0,0.0,0.0043916922112638285,2,1,33,0,1,0.0,0,31,1,,,,,0.020767032448202372,,,,,
trial_0016,83,eval,,,,,,,0.631578947368421,2.4133006236270855,,,,,,,,,,,,,,,,,,,,,,
trial_0016,83,global,,,,0.2479202243127682,-0.008346636547220907,,,,,,,2,1,33,0,1,0.0,0,31,1,27,,0.1417956656346749,13.926737343047057,,,-0.8,1,0.8,1
trial_0016,84,train,,,0.2518340285788191,,,0.06237716497258937,,,0.0,0.0,0.003970411183415328,2,1,33,0,1,0.0,0,31,1,,,,,0.02557504956927547,,,,,
trial_0016,84,eval,,,,,,,0.5789473684210527,2.4741796075709557,,,,,,,,,,,,,,,,,,,,,,
trial_0016,84,global,,,,0.2465511171664127,-0.0069775294008654,,,,,,,2,1,33,0,1,0.0,0,31,1,27,,0.14055727554179567,13.468860449067579,,,-0.8,1,0.8,1
trial_0016,85,train,,,0.25183953614311017,,,0.06205939105216493,,,0.0,0.0,0.00394904930197183,2,1,34,1,1,0.0,0,31,1,,,,,0.06444678552191149,,,,,
trial_0016,85,eval,0.5263157894736842,0.5263157894736842,,,,,,,,,,,,,,,,,,,,2.1052631578947367,,,,0.0,,,,
trial_0016,85,global,,,,0.24790159114935764,-0.006981202037009014,,,,,,,2,1,34,0,1,0.0,0,32,1,27,,0.14241486068111456,13.577052037856157,,,-0.8,1,0.8,1
trial_0016,86,train,,,0.2518708124122721,,,0.06265442865960141,,,0.0,0.0,0.003951792146340558,2,1,35,1,1,0.0,0,32,1,,,,,0.03961019027542244,,,,,
trial_0016,86,eval,0.47368421052631576,0.47368421052631576,,,,,,,,,,,,,,,,,,,,2.1052631578947367,,,,0.0,,,,
trial_0016,86,global,,,,0.24723297195133073,-0.005507429859916074,,,,,,,2,1,35,0,1,0.0,0,33,1,27,,0.14055727554179567,12.909564208984374,,,-0.8,1,0.8,1
trial_0016,87,train,,,0.2518497028566421,,,0.06150156576582726,,,0.0,0.0,0.003989842006047455,2,1,36,1,1,0.0,0,33,1,,,,,0.023919517578596762,,,,,
trial_0016,87,eval,0.47368421052631576,0.47368421052631576,,,,,,,,,,,,,,,,,,,,2.1052631578947367,,,,0.0,,,,
trial_0016,87,global,,,,0.24271762004884148,-0.0009920779574268384,,,,,,,2,1,36,0,1,0.0,0,34,1,27,,0.1479876160990712,13.752832300522748,,,-0.8,1,0.8,1
trial_0016,88,train,,,0.25184912900341316,,,0.060668540127733914,,,0.0,0.0,0.004071348410805978,2,1,37,1,1,0.0,0,34,1,,,,,0.0432847500233812,,,,,
trial_0016,88,eval,0.5263157894736842,0.5263157894736842,,,,,,,,,,,,,,,,,,,,2.1052631578947367,,,,0.0,,,,
trial_0016,88,global,,,,0.24608977444540844,-0.004364232353993763,,,,,,,2,1,37,0,1,0.0,0,35,1,27,,0.1436532507739938,13.394455282016436,,,-0.8,1,0.8,1
trial_0016,89,train,,,0.25183285741095846,,,0.060143273561558824,,,0.0,0.0,0.002900503405962422,2,1,37,0,1,0.0,0,35,1,,,,,0.022291467084172872,,,,,
trial_0016,89,eval,,,,,,,0.5789473684210527,2.550893353494374,,,,,,,,,,,,,,,,,,,,,,
trial_0016,89,global,,,,0.24723712331298045,-0.0055115812215658045,,,,,,,2,1,37,0,1,0.0,0,35,1,27,,0.14303405572755418,13.831014669790356,,,-0.8,1,0.8,1
trial_0016,90,train,,,0.2518167638398231,,,0.05903222205791067,,,0.0,0.0,0.0033475153826541234,2,1,37,0,1,0.0,0,35,1,,,,,0.03303529688137326,,,,,
trial_0016,90,eval,,,,,,,0.5789473684210527,2.596854349402221,,,,,,,,,,,,,,,,,,,,,,
trial_0016,90,global,,,,0.2519711249633681,-0.01024558287195345,,,,,,,2,1,37,0,1,0.0,0,35,1,27,,0.1393188854489164,14.185709062227893,,,-0.8,1,0.8,1
trial_0017,1,train,,,0.250413255223745,,,0.011868521724414978,,,0.0,0.0,0.002826578910698489,0,0,0,0,0,,0,0,0,,,,,2.198364117779309,,,,,
trial_0017,1,eval,,,,,,,0.3529411764705882,2.1883499902837413,,,,,,,,,,,,,,,,,,,,,,
trial_0017,1,global,,,,,,,,,,,,0,0,0,0,0,,0,0,0,9,,0.12421052631578948,2.1968993889658073,,,,,,
trial_0017,2,train,,,0.25035769879063474,,,0.014060752914298938,,,0.0,0.0,0.02140298985133443,0,0,0,0,0,,0,0,0,,,,,2.168162580683261,,,,,
trial_0017,2,eval,,,,,,,0.11764705882352941,2.1779856120838836,,,,,,,,,,,,,,,,,,,,,,
trial_0017,2,global,,,,0.015637860082304538,-0.004744613894940704,,,,,,,0,0,0,0,0,,0,0,0,9,,0.12,2.196199463794106,,,-0.07407407407407407,3,0.07407407407407407,3
trial_0017,3,train,,,0.2503512230100511,,,0.01924558295102059,,,0.0,0.0,0.021708596241365695,0,0,0,0,0,,0,0,0,,,,,2.0902900712399544,,,,,
trial_0017,3,eval,,,,,,,0.058823529411764705,2.143239638384651,,,,,,,,,,,,,,,,,,,,,,
trial_0017,3,global,,,,0.032195594287097555,-0.021302348099733723,,,,,,,0,0,0,0,0,,0,0,0,9,,0.1031578947368421,2.227284198058279,,,-0.11764705882352944,0,0.21568627450980393,0
trial_0017,4,train,,,0.2504076618182508,,,0.02692276390292976,,,0.0,0.0,0.028165634690866442,0,0,0,0,0,,0,0,0,,,,,1.949008567272862,,,,,
trial_0017,4,eval,,,,,,,0.1764705882352941,2.116323611315559,,,,,,,,,,,,,,,,,,,,,,
trial_0017,4,global,,,,0.05495037521181313,-0.004106364006298835,,,,,,,0,0,0,0,0,,0,0,0,9,,0.12210526315789473,2.219319866080033,,,-0.22222222222222232,1,0.23529411764705882,0
trial_0017,5,train,,,0.2504490240465237,,,0.03262002841581272,,,0.0,0.0,0.025059000492284572,0,0,0,0,0,,0,0,0,,,,,1.7256833701194088,,,,,
trial_0017,5,eval,,,,,,,0.1764705882352941,2.194682373720057,,,,,,,,,,,,,,,,,,,,,,
trial_0017,5,global,,,,0.05551571450132133,-0.004671703295807033,,,,,,,0,0,0,0,0,,0,0,0,9,,0.12,2.3671601978101227,,,-0.13725490196078433,0,0.23529411764705882,0
trial_0017,6,train,,,0.25044942430303063,,,0.037861328147634675,,,0.0,0.0,0.030405406958034523,0,0,0,0,0,,0,0,0,,,,,1.6219311439538302,,,,,
trial_0017,6,eval,,,,,,,0.2941176470588235,2.160863799207351,,,,,,,,,,,,,,,,,,,,,,
trial_0017,6,global,,,,0.04313725490196079,0.07603536864674595,,,,,,,0,0,0,0,0,,0,0,0,9,,0.20210526315789473,2.2990987566897743,,,-0.1568627450980392,0,0.2549019607843137,0
trial_0017,7,train,,,0.2504507921919038,,,0.04107845697221876,,,0.0,0.0,0.028020125606297696,0,0,0,0,0,,0,0,0,,,,,1.461348069619529,,,,,
trial_0017,7,eval,,,,,,,0.411764705882353,2.327066744075102,,,,,,,,,,,,,,,,,,,,,,
trial_0017,7,global,,,,0.08416901687991951,0.04037995075480874,,,,,,,0,0,0,0,0,,0,0,0,9,,0.16842105263157894,2.5474598904659875,,,-0.13333333333333341,1,0.196078431372549,0
trial_0017,8,train,,,0.25045061186899115,,,0.04291552154323723,,,0.0,0.0,0.036832983692801455,0,0,0,0,0,,0,0,0,,,,,1.334298831752584,,,,,
trial_0017,8,eval,,,,,,,0.4705882352941177,2.2415313089595124,,,,,,,,,,,,,,,,,,,,,,
trial_0017,8,global,,,,0.06438785467326205,0.0601611129614662,,,,,,,0,0,0,0,0,,0,0,0,9,,0.18736842105263157,2.565509071350098,,,-0.1777777777777778,1,0.1777777777777778,1
trial_0017,9,train,,,0.25047523462319676,,,0.045077483110790004,,,0.0,0.0,0.036896008300253115,0,0,1,1,0,,0,0,0,,,,,1.1080406999852084,,,,,
trial_0017,9,eval,0.3529411764705882,0.3529411764705882,,,,,,,,,,,,,,,,,,,,2.8823529411764706,,,,0.0,,,,
trial_0017,9,global,,,,0.0680981117858945,0.058629505086306516,,,,,,,0,0,1,0,0,0.0,0,1,0,9,,0.1831578947368421,2.794175352297331,,,-0.1777777777777778,1,0.1777777777777778,1
trial_0017,10,train,,,0.25048084085500694,,,0.04749457783336881,,,0.0,0.0,0.03816531140687346,0,0,1,0,0,0.0,0,1,0,,,,,0.9951532176589664,,,,,
trial_0017,10,eval,,,,,,,0.411764705882353,2.30350265082191,,,,,,,,,,,,,,,,,,,,,,
trial_0017,10,global,,,,0.055687401512629554,0.07784293644800683,,,,,,,0,0,1,0,0,0.0,0,1,0,9,,0.20421052631578948,2.840566635131836,,,-0.24444444444444446,1,0.24444444444444446,1
trial_0017,11,train,,,0.25040645862734595,,,0.02492516383875248,,,0.0,0.0,0.04854740386525563,0,0,1,0,0,0.0,0,1,0,,,,,16.407623380838437,,,,,
trial_0017,11,eval,,,,,,,0.15789473684210525,4.664302687895925,,,,,,,,,,,,,,,,,,,,,,
trial_0017,11,global,,,,0.25516318863176907,-0.12163285067113266,,,,,,,0,0,1,0,0,0.0,0,1,0,18,,0.07464114832535886,6.338774990008779,,,-0.6888888888888889,1,0.6888888888888889,1
trial_0017,12,train,,,0.2503190470296283,,,0.03482406066600667,,,0.0,1.0,0.1959215228987295,0,0,1,0,0,0.0,0,1,0,,,,,3.1580379192219223,,,,,
trial_0017,12,eval,,,,,,,0.05263157894736842,2.9197277395348795,,,,,,,,,,,,,,,,,,,,,,
trial_0017,12,global,,,,0.1530153158637121,-0.058434663503149395,,,,,,,0,0,1,0,0,0.0,0,1,0,18,,0.07655502392344497,4.992838333668321,,,-0.6444444444444445,1,0.6444444444444445,1
trial_0017,13,train,,,0.2503061027720917,,,0.03345897655154383,,,0.0,0.3488372093023256,0.0948434490970401,0,0,1,0,0,0.0,0,1,0,,,,,1.8881231820860576,,,,,
trial_0017,13,eval,,,,,,,0.15789473684210525,2.189331456234581,,,,,,,,,,,,,,,,,,,,,,
trial_0017,13,global,,,,0.1698852882124691,-0.04414455085080143,,,,,,,0,0,1,0,0,0.0,0,1,0,18,,0.09569377990430622,4.806709271983096,,,-0.8,1,0.8,1
trial_0017,14,train,,,0.2502833074608514,,,0.03280976414680481,,,0.0,0.0,0.06220174812126992,0,0,2,1,0,0.0,0,1,0,,,,,1.7023240578729053,,,,,
trial_0017,14,eval,0.15789473684210525,0.15789473684210525,,,,,,,,,,,,,,,,,,,,1.6842105263157894,,,,0.0,,,,
trial_0017,14,global,,,,0.18153060851792013,-0.04384991868421859,,,,,,,0,0,2,0,0,0.0,0,2,0,18,,0.09760765550239234,5.209203418704311,,,-0.8,1,0.8,1
trial_0017,15,train,,,0.2502805401766023,,,0.03427555845227353,,,0.0,0.09302325581395349,0.06092752772708272,0,0,2,0,0,0.0,0,2,0,,,,,1.5708302278851354,,,,,
trial_0017,15,eval,,,,,,,0.21052631578947367,1.9654237408387032,,,,,,,,,,,,,,,,,,,,,,
trial_0017,15,global,,,,0.1855461157024414,-0.03963497319384275,,,,,,,0,0,2,0,0,0.0,0,2,0,18,,0.10047846889952153,4.958588528062738,,,-0.8,1,0.8,1
trial_0017,16,train,,,0.25028446559296097,,,0.035194116969441254,,,0.0,0.0,0.048452624011524885,0,0,2,0,0,0.0,0,2,0,,,,,1.3596139426841292,,,,,
trial_0017,16,eval,,,,,,,0.3157894736842105,2.238692434210526,,,,,,,,,,,,,,,,,,,,,,
trial_0017,16,global,,,,0.16864246785200165,-0.015486208552120363,,,,,,,0,0,2,0,0,0.0,0,2,0,18,,0.12631578947368421,5.33209285211335,,,-0.8,1,0.8,1
trial_0017,17,train,,,0.25030889570019965,,,0.03713675155196079,,,0.0,0.09302325581395349,0.050463609258795894,0,0,3,1,0,0.0,0,2,0,,,,,1.3253241744152333,,,,,
trial_0017,17,eval,0.15789473684210525,0.15789473684210525,,,,,,,,,,,,,,,,,,,,1.6842105263157894,,,,0.0,,,,
trial_0017,17,global,,,,0.1867336484604427,-0.02946216282311283,,,,,,,0,0,3,0,0,0.0,0,3,0,18,,0.11100478468899522,5.1127855716139505,,,-0.8,1,0.8,1
trial_0017,18,train,,,0.25033428987791373,,,0.03902170616526936,,,0.0,0.0,0.04237223964097889,0,0,3,0,0,0.0,0,3,0,,,,,1.1854755788348441,,,,,
trial_0017,18,eval,,,,,,,0.3684210526315789,2.115819918481927,,,,,,,,,,,,,,,,,,,,,,
trial_0017,18,global,,,,0.17299440416564285,-0.014940445914854458,,,,,,,0,0,3,0,0,0.0,0,3,0,18,,0.12727272727272726,5.511157375773744,,,-0.8,1,0.8,1
trial_0017,19,train,,,0.2503768339060073,,,0.041480420633803965,,,0.0,0.0,0.0452306928113103,0,0,3,0,0,0.0,0,3,0,,,,,1.16748364131118,,,,,
trial_0017,19,eval,,,,,,,0.3684210526315789,1.7645183676167537,,,,,,,,,,,,,,,,,,,,,,
trial_0017,19,global,,,,0.1769378398728639,-0.01579746186898907,,,,,,,0,0,3,0,0,0.0,0,3,0,18,,0.12535885167464114,5.258402697549482,,,-0.8,1,0.8,1
trial_0017,20,train,,,0.2504275103294572,,,0.04385015368461609,,,0.0,0.0,0.03888392969965935,0,0,3,0,0,0.0,0,3,0,,,,,1.0477409509725348,,,,,
trial_0017,20,eval,,,,,,,0.3684210526315789,2.1532794299878573,,,,,,,,,,,,,,,,,,,,,,
trial_0017,20,global,,,,0.1690409260291582,-0.007900548025283368,,,,,,,0,0,3,0,0,0.0,0,3,0,18,,0.13492822966507176,5.745654320602782,,,-0.8,1,0.8,1
trial_0017,21,train,,,0.25050811723191685,,,0.06674647458056186,,,0.0,0.0,0.026512977786045198,0,0,3,0,0,0.0,0,3,0,,,,,17.49136731979695,,,,,
trial_0017,21,eval,,,,,,,0.2631578947368421,2.1359285429904333,,,,,,,,,,,,,,,,,,,,,,
trial_0017,21,global,,,,0.27622217730964543,-0.1150817993057706,,,,,,,0,0,3,0,0,0.0,0,3,0,27,,0.06377708978328174,6.954457557607362,,,-0.8,1,0.8,1
trial_0017,22,train,,,0.25047332682508106,,,0.05112738178131428,,,0.0,1.0,0.18503871811355682,0,0,4,1,0,0.0,0,3,0,,,,,2.1296532767884275,,,,,
trial_0017,22,eval,0.21052631578947367,0.2631578947368421,,,,,,,,,,,,,,,,,,,,2.1052631578947367,,,,0.0,,,,
trial_0017,22,global,,,,0.22513315104446163,-0.07060573757519341,,,,,,,0,0,4,0,0,0.0,0,4,0,27,,0.0761609907120743,8.25582992270266,,,-0.8,1,0.8,1
trial_0017,23,train,,,0.250465600414479,,,0.052120045144507215,,,0.0,0.0,0.03162423612431009,0,0,5,1,0,0.0,0,4,0,,,,,1.6051967719767957,,,,,
trial_0017,23,eval,0.21052631578947367,0.2631578947368421,,,,,,,,,,,,,,,,,,,,2.1052631578947367,,,,0.0,,,,
trial_0017,23,global,,,,0.24771591967146392,-0.07120539001618098,,,,,,,0,0,5,0,0,0.0,0,5,0,27,,0.07430340557275542,8.848302525853963,,,-0.8,1,0.8,1
trial_0017,24,train,,,0.2504563065285378,,,0.05129028761640508,,,0.0,0.0,0.043245677420116486,0,0,5,0,0,0.0,0,5,0,,,,,1.393596536301552,,,,,
trial_0017,24,eval,,,,,,,0.47368421052631576,1.7148431414052059,,,,,,,,,,,,,,,,,,,,,,
trial_0017,24,global,,,,0.24569981634796903,-0.05934689406071412,,,,,,,0,0,5,0,0,0.0,0,5,0,27,,0.09102167182662539,8.738068498546495,,,-0.8,1,0.8,1
trial_0017,25,train,,,0.25045600787122196,,,0.05327294291333949,,,0.0,0.0,0.03209527207815901,0,0,6,1,0,0.0,0,5,0,,,,,1.228637469195305,,,,,
trial_0017,25,eval,0.47368421052631576,0.5263157894736842,,,,,,,,,,,,,,,,,,,,2.1052631578947367,,,,0.0,,,,
trial_0017,25,global,,,,0.24130396044602134,-0.05046802589260872,,,,,,,0,0,6,0,0,0.0,0,6,0,27,,0.0978328173374613,8.813901425293725,,,-0.8,1,0.8,1
trial_0017,26,train,,,0.25043385460021644,,,0.05446119067516733,,,0.0,0.0,0.03571966887313001,0,0,6,0,0,0.0,0,6,0,,,,,1.033143200138782,,,,,
trial_0017,26,eval,,,,,,,0.5263157894736842,1.6192600821193894,,,,,,,,,,,,,,,,,,,,,,
trial_0017,26,global,,,,0.23663286805563072,-0.04138847243782573,,,,,,,0,0,6,0,0,0.0,0,6,0,27,,0.10773993808049535,8.88012107164129,,,-0.8,1,0.8,1
trial_0017,27,train,,,0.2504115789494616,,,0.05515674137054605,,,0.0,0.0,0.036287462338805206,0,0,6,0,0,0.0,0,6,0,,,,,0.9136778033794242,,,,,
trial_0017,27,eval,,,,,,,0.47368421052631576,1.651197474253805,,,,,,,,,,,,,,,,,,,,,,
trial_0017,27,global,,,,0.24179231539622703,-0.04462327327366832,,,,,,,0,0,6,0,0,0.0,0,6,0,27,,0.10526315789473684,8.922862801094173,,,-0.8,1,0.8,1
trial_0017,28,train,,,0.2504069516633419,,,0.056868877816707526,,,0.0,0.0,0.034457579710857666,0,0,6,0,0,0.0,0,6,0,,,,,0.8267182298163149,,,,,
trial_0017,28,eval,,,,,,,0.47368421052631576,1.655520505026767,,,,,,,,,,,,,,,,,,,,,,
trial_0017,28,global,,,,0.23894126219278156,-0.040912396209862194,,,,,,,0,0,6,0,0,0.0,0,6,0,27,,0.10835913312693499,9.027515871975075,,,-0.8,1,0.8,1
trial_0017,29,train,,,0.2504207044839859,,,0.05884905254587214,,,0.0,0.0,0.03348262805412425,0,0,6,0,0,0.0,0,6,0,,,,,0.756029558308581,,,,,
trial_0017,29,eval,,,,,,,0.5263157894736842,1.6787348922930263,,,,,,,,,,,,,,,,,,,,,,
trial_0017,29,global,,,,0.24378408804621562,-0.045081821389895624,,,,,,,0,0,6,0,0,0.0,0,6,0,27,,0.10402476780185758,9.077096843424227,,,-0.8,1,0.8,1
trial_0017,30,train,,,0.25044002114458286,,,0.060343865384446804,,,0.0,0.0,0.03277385411189592,0,0,7,1,0,0.0,0,6,0,,,,,0.6907954943306902,,,,,
trial_0017,30,eval,0.42105263157894735,0.47368421052631576,,,,,,,,,,,,,,,,,,,,2.1052631578947367,,,,0.0,,,,
trial_0017,30,global,,,,0.24510849263323614,-0.04573282530351544,,,,,,,0,0,7,0,0,0.0,0,7,0,27,,0.10402476780185758,9.388711826572477,,,-0.8,1,0.8,1
trial_0017,31,train,,,0.25046902260881787,,,0.062226589689863485,,,0.0,0.0,0.03173182447777784,0,0,8,1,0,0.0,0,7,0,,,,,0.6280957995577061,,,,,
trial_0017,31,eval,0.42105263157894735,0.47368421052631576,,,,,,,,,,,,,,,,,,,,2.1052631578947367,,,,0.0,,,,
trial_0017,31,global,,,,0.24510068538187715,-0.04572501805215648,,,,,,,0,0,8,0,0,0.0,0,8,0,27,,0.10402476780185758,9.621848056190892,,,-0.8,1,0.8,1
trial_0017,32,train,,,0.25050479522410857,,,0.06376531846979831,,,0.0,0.0,0.031196197467122946,0,0,9,1,0,0.0,0,8,0,,,,,0.5783475047730385,,,,,
trial_0017,32,eval,0.42105263157894735,0.47368421052631576,,,,,,,,,,,,,,,,,,,,2.1052631578947367,,,,0.0,,,,
trial_0017,32,global,,,,0.24366781637829074,-0.04254277121223568,,,,,,,0,0,9,0,0,0.0,0,9,0,27,,0.10773993808049535,9.87587362472487,,,-0.8,1,0.8,1
trial_0017,33,train,,,0.25054457973926625,,,0.06562235888014448,,,0.0,0.0,0.030490842382324506,0,0,10,1,0,0.0,0,9,0,,,,,0.5322408229746718,,,,,
trial_0017,33,eval,0.47368421052631576,0.5263157894736842,,,,,,,,,,,,,,,,,,,,2.1052631578947367,,,,0.0,,,,
trial_0017,33,global,,,,0.2449023842795253,-0.043777339113470246,,,,,,,0,0,10,0,0,0.0,0,10,0,27,,0.1065015479876161,10.063552974547395,,,-0.8,1,0.8,1
trial_0017,34,train,,,0.2505910859463063,,,0.06698753098224071,,,0.0,0.0,0.030209127341971755,0,0,10,0,0,0.0,0,10,0,,,,,0.49077910267292185,,,,,
trial_0017,34,eval,,,,,,,0.5789473684210527,1.6769209645296397,,,,,,,,,,,,,,,,,,,,,,
trial_0017,34,global,,,,0.24401572198652913,-0.041760028776245794,,,,,,,0,0,10,0,0,0.0,0,10,0,27,,0.10897832817337462,10.290890285621856,,,-0.8,1,0.8,1
trial_0017,35,train,,,0.25064396224123364,,,0.06850573991207366,,,0.0,0.0,0.029642196762514245,0,0,10,0,0,0.0,0,10,0,,,,,0.4508327027584644,,,,,
trial_0017,35,eval,,,,,,,0.5789473684210527,1.6985506807502946,,,,,,,,,,,,,,,,,,,,,,
trial_0017,35,global,,,,0.24191134488215202,-0.0363888701442176,,,,,,,0,0,10,0,0,0.0,0,10,0,27,,0.11455108359133127,10.458672361108171,,,-0.8,1,0.8,1
trial_0017,36,train,,,0.2506957513854859,,,0.06969156290622469,,,0.0,0.0,0.02928200591593347,0,0,10,0,0,0.0,0,10,0,,,,,0.4144007218327928,,,,,
trial_0017,36,eval,,,,,,,0.5789473684210527,1.7261522161333183,,,,,,,,,,,,,,,,,,,,,,
trial_0017,36,global,,,,0.24200737105560002,-0.036027648946837965,,,,,,,0,0,10,0,0,0.0,0,10,0,27,,0.11455108359133127,10.621844796573415,,,-0.8,1,0.8,1
trial_0017,37,train,,,0.250751441146465,,,0.07136681549092556,,,0.0,0.0,0.02861503408231,0,0,10,0,0,0.0,0,10,0,,,,,0.380778113673342,,,,,
trial_0017,37,eval,,,,,,,0.5263157894736842,1.7722278896131014,,,,,,,,,,,,,,,,,,,,,,
trial_0017,37,global,,,,0.24154544034004613,-0.03421891688448272,,,,,,,0,0,10,0,0,0.0,0,10,0,27,,0.11578947368421053,10.624131781988469,,,-0.8,1,0.8,1
trial_0017,38,train,,,0.25081033053550317,,,0.07269244688622495,,,0.0,0.0,0.028263238042672268,0,0,11,1,0,0.0,0,10,0,,,,,0.3574969623000064,,,,,
trial_0017,38,eval,0.42105263157894735,0.42105263157894735,,,,,,,,,,,,,,,,,,,,2.1052631578947367,,,,0.15789473684210525,,,,
trial_0017,38,global,,,,0.24266026754182982,-0.032514982025157006,,,,,,,0,0,11,0,0,0.25,0,11,0,27,,0.11764705882352941,10.64948434268727,,,-0.8,1,0.8,1
trial_0017,39,train,,,0.25086834899922633,,,0.07439718030868692,,,0.0,0.0,0.027814505964596854,0,0,12,1,0,0.25,0,11,0,,,,,0.33174929263743946,,,,,
trial_0017,39,eval,0.5789473684210527,0.47368421052631576,,,,,,,,,,,,,,,,,,,,2.1052631578947367,,,,0.42105263157894735,,,,
trial_0017,39,global,,,,0.30481297571434235,-0.08113492666490597,,,,,,,1,1,12,0,0,0.5,1,11,0,27,,0.06377708978328174,8.290573235857229,,,-0.8421052631578947,22,0.8421052631578947,22
trial_0017,40,train,,,0.25097352907627446,,,0.07648463792438748,,,0.0,0.0,0.0265352126317028,1,1,12,0,0,0.5,1,11,0,,,,,0.32314085232306133,,,,,
trial_0017,40,eval,,,,,,,0.5789473684210527,1.8327318492688627,,,,,,,,,,,,,,,,,,,,,,
trial_0017,40,global,,,,0.263860286142405,-0.03815281040600769,,,,,,,1,1,12,0,0,0.5,1,11,0,27,,0.11021671826625387,11.263106624260775,,,-0.8,1,0.8,1
trial_0017,41,train,,,0.250960167101089,,,0.07551890865285346,,,0.0,0.0,0.030241049513062265,1,1,12,0,0,0.5,1,11,0,,,,,0.29698030942298,,,,,
trial_0017,41,eval,,,,,,,0.631578947368421,2.017450729483052,,,,,,,,,,,,,,,,,,,,,,
trial_0017,41,global,,,,0.2650250456924477,-0.036427558732705895,,,,,,,1,1,12,0,0,0.5,1,11,0,27,,0.11145510835913312,11.263334580176386,,,-0.8,1,0.8,1
trial_0017,42,train,,,0.25100821066409984,,,0.07507440257579721,,,0.0,0.0,0.026634106243108503,1,1,12,0,0,0.5,1,11,0,,,,,0.26312202034478493,,,,,
trial_0017,42,eval,,,,,,,0.5789473684210527,1.9309807153124556,,,,,,,,,,,,,,,,,,,,,,
trial_0017,42,global,,,,0.26537007726122863,-0.03677259030148678,,,,,,,1,0,12,0,0,0.5,0,11,1,27,,0.11145510835913312,11.353461321662454,,,-0.8,1,0.8,1
trial_0017,43,train,,,0.25100465499340224,,,0.07558081695374022,,,0.0,0.0,0.03040150606687716,1,0,13,1,0,0.5,0,11,1,,,,,0.2977770192191956,,,,,
trial_0017,43,eval,0.42105263157894735,0.3684210526315789,,,,,,,,,,,,,,,,,,,,2.1052631578947367,,,,0.15789473684210525,,,,
trial_0017,43,global,,,,0.2660476367774222,-0.03745014981768037,,,,,,,1,0,13,0,0,0.25,0,12,1,27,,0.11207430340557276,11.367261776761742,,,-0.8,1,0.8,1
trial_0017,44,train,,,0.25107132120335357,,,0.07698037142449238,,,0.0,0.0,0.027189990185557844,1,0,14,1,0,0.25,0,12,1,,,,,0.24979304753719492,,,,,
trial_0017,44,eval,0.47368421052631576,0.47368421052631576,,,,,,,,,,,,,,,,,,,,2.1052631578947367,,,,0.2631578947368421,,,,
trial_0017,44,global,,,,0.25991190759913296,-0.029967619292589745,,,,,,,1,0,14,0,0,0.25,0,13,1,27,,0.11826625386996904,11.161157108460417,,,-0.8,1,0.8,1
trial_0017,45,train,,,0.2511212508729163,,,0.07526154467400084,,,0.0,0.0,0.02785762342069536,1,0,14,0,0,0.25,0,13,1,,,,,0.2650496565281077,,,,,
trial_0017,45,eval,,,,,,,0.5263157894736842,2.014535659237912,,,,,,,,,,,,,,,,,,,,,,
trial_0017,45,global,,,,0.2681898354319791,-0.03672347711021524,,,,,,,1,0,14,0,0,0.25,0,13,1,27,,0.11269349845201239,11.864249072945894,,,-0.8,1,0.8,1
trial_0017,46,train,,,0.25119073181710344,,,0.07832171878916151,,,0.0,0.0,0.02620425282066015,1,0,15,1,0,0.25,0,13,1,,,,,0.24862443034319165,,,,,
trial_0017,46,eval,0.42105263157894735,0.3684210526315789,,,,,,,,,,,,,,,,,,,,2.1052631578947367,,,,0.21052631578947367,,,,
trial_0017,46,global,,,,0.272525926697478,-0.03675565972397933,,,,,,,2,1,15,0,0,0.5,1,13,1,27,,0.10835913312693499,7.0388765860637275,,,-0.8,1,0.8,1
trial_0017,47,train,,,0.25133188452039446,,,0.068519412619727,,,0.0,0.0,0.030004187415220908,2,1,15,0,0,0.5,1,13,1,,,,,0.2808381550865514,,,,,
trial_0017,47,eval,,,,,,,0.631578947368421,2.035041848295613,,,,,,,,,,,,,,,,,,,,,,
trial_0017,47,global,,,,0.2669994050714475,-0.031229138097948847,,,,,,,2,1,15,0,0,0.5,1,13,1,27,,0.11393188854489164,12.210387319086506,,,-0.8,1,0.8,1
trial_0017,48,train,,,0.2513182908296585,,,0.07508871847010673,,,0.0,0.0,0.024886522238994853,2,1,15,0,0,0.5,1,13,1,,,,,0.18091101544968624,,,,,
trial_0017,48,eval,,,,,,,0.5789473684210527,2.0302775910026147,,,,,,,,,,,,,,,,,,,,,,
trial_0017,48,global,,,,0.26693971904651537,-0.031169452073016756,,,,,,,2,0,15,0,0,0.5,0,13,2,27,,0.11517027863777089,12.480299070375992,,,-0.8,1,0.8,1
trial_0017,49,train,,,0.2513340629161672,,,0.07757495565617337,,,0.0,0.0,0.029225824643520918,2,0,15,0,0,0.5,0,13,2,,,,,0.22768988666382242,,,,,
trial_0017,49,eval,,,,,,,0.6842105263157894,1.9652531837162217,,,,,,,,,,,,,,,,,,,,,,
trial_0017,49,global,,,,0.26586034527167673,-0.028261088814867642,,,,,,,2,0,15,0,0,0.5,0,13,2,27,,0.12074303405572756,12.624490162757898,,,-0.8,1,0.8,1
trial_0017,50,train,,,0.2513821689372367,,,0.08061096516061336,,,0.0,0.0,0.022141028084653493,2,0,16,1,0,0.5,0,13,2,,,,,0.17706347518461812,,,,,
trial_0017,50,eval,0.47368421052631576,0.5263157894736842,,,,,,,,,,,,,,,,,,,,2.1052631578947367,,,,0.0,,,,
trial_0017,50,global,,,,0.26661381116533234,-0.028242949770251626,,,,,,,2,0,16,0,0,0.0,0,14,2,27,,0.11764705882352941,12.323516491396877,,,-0.8,1,0.8,1
trial_0017,51,train,,,0.25144240672283985,,,0.07963971952174571,,,0.0,0.0,0.0243408438729796,2,0,17,1,0,0.0,0,14,2,,,,,0.20095210956766252,,,,,
trial_0017,51,eval,0.47368421052631576,0.47368421052631576,,,,,,,,,,,,,,,,,,,,2.1052631578947367,,,,0.15789473684210525,,,,
trial_0017,51,global,,,,0.262404345256922,-0.0235261271901011,,,,,,,2,0,17,0,0,0.25,0,15,2,27,,0.1256965944272446,12.443303359182257,,,-0.8,1,0.8,1
trial_0017,52,train,,,0.25151201068086826,,,0.08216735530406871,,,0.0,0.0,0.02073612157998488,2,0,18,1,0,0.25,0,15,2,,,,,0.17663483308192263,,,,,
trial_0017,52,eval,0.47368421052631576,0.5789473684210527,,,,,,,,,,,,,,,,,,,,2.1052631578947367,,,,0.0,,,,
trial_0017,52,global,,,,0.26811887712220733,-0.027697449178843186,,,,,,,2,0,18,0,0,0.0,0,16,2,27,,0.11702786377708978,11.975983837588284,,,-0.8,1,0.8,1
trial_0017,53,train,,,0.25157591954190683,,,0.07840376585087878,,,0.0,0.0,0.02536315337378294,2,0,18,0,0,0.0,0,16,2,,,,,0.1708500043350331,,,,,
trial_0017,53,eval,,,,,,,0.631578947368421,1.9454595344631296,,,,,,,,,,,,,,,,,,,,,,
trial_0017,53,global,,,,0.2657755801431864,-0.024846795528082062,,,,,,,2,0,18,0,0,0.0,0,16,2,27,,0.12445820433436533,12.825420330035797,,,-0.8,1,0.8,1
trial_0017,54,train,,,0.25164152618418345,,,0.08213842422404187,,,0.0,0.0,0.01941195652904386,2,0,18,0,0,0.0,0,16,2,,,,,0.14907106971962655,,,,,
trial_0017,54,eval,,,,,,,0.631578947368421,2.086343974659317,,,,,,,,,,,,,,,,,,,,,,
trial_0017,54,global,,,,0.26342836360895094,-0.02249957899384655,,,,,,,2,0,18,0,0,0.0,0,16,2,27,,0.12198142414860681,12.12807564277767,,,-0.8,1,0.8,1
trial_0017,55,train,,,0.25167908598767946,,,0.08017690004186429,,,0.0,0.0,0.02321338071586921,2,0,18,0,0,0.0,0,16,2,,,,,0.15823300859712539,,,,,
trial_0017,55,eval,,,,,,,0.631578947368421,1.958511336069358,,,,,,,,,,,,,,,,,,,,,,
trial_0017,55,global,,,,0.26355060654218493,-0.02262182192708054,,,,,,,2,0,18,0,0,0.0,0,16,2,27,,0.1256965944272446,12.785125189152295,,,-0.8,1,0.8,1
trial_0017,56,train,,,0.2517358996766679,,,0.08251292781626923,,,0.0,0.0,0.017658818833420964,2,0,19,1,0,0.0,0,16,2,,,,,0.13005555932350615,,,,,
trial_0017,56,eval,0.47368421052631576,0.47368421052631576,,,,,,,,,,,,,,,,,,,,2.1052631578947367,,,,0.0,,,,
trial_0017,56,global,,,,0.2652172101374647,-0.023615024848959606,,,,,,,2,0,19,0,0,0.0,0,17,2,27,,0.12136222910216718,11.96794339112084,,,-0.8,1,0.8,1
trial_0017,57,train,,,0.25178842563578424,,,0.0809880349230259,,,0.0,0.0,0.022494333954726133,2,0,19,0,0,0.0,0,17,2,,,,,0.1407228120146914,,,,,
trial_0017,57,eval,,,,,,,0.631578947368421,1.9967186223519473,,,,,,,,,,,,,,,,,,,,,,
trial_0017,57,global,,,,0.26630569896797346,-0.024703513679468405,,,,,,,2,0,19,0,0,0.0,0,17,2,27,,0.12507739938080495,12.474572342911003,,,-0.8,1,0.8,1
trial_0017,58,train,,,0.2518465712349466,,,0.08358816390341901,,,0.0,0.0,0.017604662601940057,2,0,20,1,0,0.0,0,17,2,,,,,0.12857172848220835,,,,,
trial_0017,58,eval,0.47368421052631576,0.5263157894736842,,,,,,,,,,,,,,,,,,,,2.1052631578947367,,,,0.0,,,,
trial_0017,58,global,,,,0.26444969288404835,-0.02140250198387099,,,,,,,2,0,20,0,0,0.0,0,18,2,27,,0.12321981424148606,11.633337721219373,,,-0.8,1,0.8,1
trial_0017,59,train,,,0.25189934385583757,,,0.08099480702521952,,,0.0,0.0,0.02191365237218982,2,0,21,1,0,0.0,0,18,2,,,,,0.12468344636578507,,,,,
trial_0017,59,eval,0.5263157894736842,0.5263157894736842,,,,,,,,,,,,,,,,,,,,2.1052631578947367,,,,0.0,,,,
trial_0017,59,global,,,,0.2650564540285659,-0.022009263128388603,,,,,,,2,0,21,0,0,0.0,0,19,2,27,,0.12693498452012383,12.552046477610112,,,-0.8,1,0.8,1
trial_0017,60,train,,,0.25193706598687676,,,0.0835429772417596,,,0.0,0.0,0.014749022673919521,2,0,22,1,0,0.0,0,19,2,,,,,0.09880617254592003,,,,,
trial_0017,60,eval,0.631578947368421,0.631578947368421,,,,,,,,,,,,,,,,,,,,2.1052631578947367,,,,0.0,,,,
trial_0017,60,global,,,,0.26843611878122936,-0.024715527207651362,,,,,,,2,0,22,0,0,0.0,0,20,2,27,,0.12012383900928793,11.78755562608087,,,-0.8,1,0.8,1
trial_0017,61,train,,,0.25196997789626424,,,0.08050682189616751,,,0.0,0.0,0.01714207103272821,2,0,22,0,0,0.0,0,20,2,,,,,0.08663103656169581,,,,,
trial_0017,61,eval,,,,,,,0.6842105263157894,1.9373761388032058,,,,,,,,,,,,,,,,,,,,,,
trial_0017,61,global,,,,0.271150063854561,-0.02742947228098298,,,,,,,2,0,22,0,0,0.0,0,20,2,27,,0.1195046439628483,12.307484114797491,,,-0.8,1,0.8,1
trial_0017,62,train,,,0.2520091578047326,,,0.08038595699249429,,,0.0,0.0,0.013603651609786965,2,0,22,0,0,0.0,0,20,2,,,,,0.07684330931527818,,,,,
trial_0017,62,eval,,,,,,,0.6842105263157894,1.9534835750727275,,,,,,,,,,,,,,,,,,,,,,
trial_0017,62,global,,,,0.2675821413133565,-0.023861549739778515,,,,,,,2,0,22,0,0,0.0,0,20,2,27,,0.12136222910216718,11.972252652667255,,,-0.8,1,0.8,1
trial_0017,63,train,,,0.25202886760234827,,,0.0776693415134511,,,0.0,0.0,0.016726128003210765,2,0,22,0,0,0.0,0,20,2,,,,,0.07444182633561022,,,,,
trial_0017,63,eval,,,,,,,0.631578947368421,1.960352176898404,,,,,,,,,,,,,,,,,,,,,,
trial_0017,63,global,,,,0.2662028815565826,-0.022482289983004566,,,,,,,2,0,22,0,0,0.0,0,20,2,27,,0.1238390092879257,12.869638321348019,,,-0.8,1,0.8,1
trial_0017,64,train,,,0.2520646186585122,,,0.07933824556939145,,,0.0,0.0,0.01218876894656321,2,0,23,1,0,0.0,0,20,2,,,,,0.07982318014936879,,,,,
trial_0017,64,eval,0.5263157894736842,0.5263157894736842,,,,,,,,,,,,,,,,,,,,2.1052631578947367,,,,0.0,,,,
trial_0017,64,global,,,,0.2649083652428817,-0.018494170975701014,,,,,,,2,0,23,0,0,0.0,0,21,2,27,,0.12507739938080495,12.325881806837147,,,-0.8,1,0.8,1
trial_0017,65,train,,,0.2520761423288507,,,0.07794982448537298,,,0.0,0.0,0.012235049353732897,2,0,23,0,0,0.0,0,21,2,,,,,0.06680236113990876,,,,,
trial_0017,65,eval,,,,,,,0.6842105263157895,1.8785995888082603,,,,,,,,,,,,,,,,,,,,,,
trial_0017,65,global,,,,0.2694118418272676,-0.02299764756008686,,,,,,,2,0,23,0,0,0.0,0,21,2,27,,0.12321981424148606,12.66176667582509,,,-0.8,1,0.8,1
trial_0017,66,train,,,0.2520985270434237,,,0.07721286124371468,,,0.0,0.0,0.011710125278586156,2,0,24,1,0,0.0,0,21,2,,,,,0.06471282602386905,,,,,
trial_0017,66,eval,0.5263157894736842,0.5789473684210527,,,,,,,,,,,,,,,,,,,,2.1052631578947367,,,,0.0,,,,
trial_0017,66,global,,,,0.2640872485203855,-0.017673054253204788,,,,,,,2,0,24,0,0,0.0,0,22,2,27,,0.12693498452012383,12.60133859498582,,,-0.8,1,0.8,1
trial_0017,67,train,,,0.2520804925167814,,,0.0775135616038708,,,0.0,0.0,0.01164602868180311,2,0,25,1,0,0.0,0,22,2,,,,,0.059766355578965966,,,,,
trial_0017,67,eval,0.5263157894736842,0.5263157894736842,,,,,,,,,,,,,,,,,,,,2.1052631578947367,,,,0.0,,,,
trial_0017,67,global,,,,0.26386187420078894,-0.014246948337814895,,,,,,,2,0,25,0,0,0.0,0,23,2,27,,0.13312693498452013,13.216837563529472,,,-0.8,1,0.8,1
trial_0017,68,train,,,0.25206842035689253,,,0.07646635174751282,,,0.0,0.0,0.011698612706064485,2,0,26,1,0,0.0,0,23,2,,,,,0.0717704449443424,,,,,
trial_0017,68,eval,0.631578947368421,0.631578947368421,,,,,,,,,,,,,,,,,,,,2.1052631578947367,,,,0.0,,,,
trial_0017,68,global,,,,0.2644527477188434,-0.013923327114214148,,,,,,,2,0,26,0,0,0.0,0,24,2,27,,0.1325077399380805,13.079228101795303,,,-0.8,1,0.8,1
trial_0017,69,train,,,0.25206653044578875,,,0.07511478155217272,,,0.0,0.0,0.013321369375842825,2,0,26,0,0,0.0,0,24,2,,,,,0.06401492108571086,,,,,
trial_0017,69,eval,,,,,,,0.631578947368421,2.0709631835159503,,,,,,,,,,,,,,,,,,,,,,
trial_0017,69,global,,,,0.2633131316971423,-0.012783711092513077,,,,,,,2,0,26,0,0,0.0,0,24,2,27,,0.13436532507739937,13.702202537701965,,,-0.8,1,0.8,1
trial_0017,70,train,,,0.2520494185229565,,,0.0755955196441488,,,0.0,0.0,0.011653962263687603,2,0,26,0,0,0.0,0,24,2,,,,,0.072455586901212,,,,,
trial_0017,70,eval,,,,,,,0.631578947368421,1.9744245033515126,,,,,,,,,,,,,,,,,,,,,,
trial_0017,70,global,,,,0.26351003665980893,-0.011608873942696817,,,,,,,2,0,26,0,0,0.0,0,24,2,27,,0.13560371517027864,13.193184295748779,,,-0.8,1,0.8,1
trial_0017,71,train,,,0.2520629560693781,,,0.0749356156968056,,,0.0,0.0,0.013797182636583187,2,0,26,0,0,0.0,0,24,2,,,,,0.07118933541858766,,,,,
trial_0017,71,eval,,,,,,,0.631578947368421,2.1031813080373563,,,,,,,,,,,,,,,,,,,,,,
trial_0017,71,global,,,,0.2569366581674177,-0.005035495450305571,,,,,,,2,0,26,0,0,0.0,0,24,2,27,,0.14241486068111456,13.673498591845249,,,-0.8,1,0.8,1
trial_0017,72,train,,,0.2520420275470044,,,0.07646913604533417,,,0.0,0.0,0.01202891615587547,2,0,27,1,0,0.0,0,24,2,,,,,0.09647427524856113,,,,,
trial_0017,72,eval,0.5263157894736842,0.5263157894736842,,,,,,,,,,,,,,,,,,,,2.1052631578947367,,,,0.0,,,,
trial_0017,72,global,,,,0.2606186599718467,-0.0073706959079332035,,,,,,,2,0,27,0,0,0.0,0,25,2,27,,0.13993808049535603,13.32765585128737,,,-0.8,1,0.8,1
trial_0017,73,train,,,0.25201675010488384,,,0.07259154319763184,,,0.0,0.0,0.009831465944893005,2,0,27,0,0,0.0,0,25,2,,,,,0.04560322453010272,,,,,
trial_0017,73,eval,,,,,,,0.631578947368421,2.170378005818317,,,,,,,,,,,,,,,,,,,,,,
trial_0017,73,global,,,,0.26170931588317947,-0.008461351819266006,,,,,,,2,0,27,0,0,0.0,0,25,2,27,,0.13993808049535603,13.578380813834837,,,-0.8,1,0.8,1
trial_0017,74,train,,,0.2519956839845536,,,0.07172657961541033,,,0.0,0.0,0.00907124865983125,2,0,28,1,0,0.0,0,25,2,,,,,0.04545664390192387,,,,,
trial_0017,74,eval,0.5789473684210527,0.5789473684210527,,,,,,,,,,,,,,,,,,,,2.1052631578947367,,,,0.0,,,,
trial_0017,74,global,,,,0.2618900433166276,-0.008642079252714149,,,,,,,2,0,28,0,0,0.0,0,26,2,27,,0.1386996904024768,13.277466628130744,,,-0.8,1,0.8,1
trial_0017,75,train,,,0.2519714394782452,,,0.07026028886754462,,,0.0,0.0,0.00947574038698494,2,0,29,1,0,0.0,0,26,2,,,,,0.04099930941741517,,,,,
trial_0017,75,eval,0.5263157894736842,0.5263157894736842,,,,,,,,,,,,,,,,,,,,2.1052631578947367,,,,0.0,,,,
trial_0017,75,global,,,,0.2638312991069055,-0.01058333504299205,,,,,,,2,0,29,0,0,0.0,0,27,2,27,,0.13808049535603714,13.488620273838102,,,-0.8,1,0.8,1
trial_0017,76,train,,,0.25197084691930327,,,0.07030831816348623,,,0.0,0.0,0.007942209700172016,2,0,30,1,0,0.0,0,27,2,,,,,0.03910597023514515,,,,,
trial_0017,76,eval,0.631578947368421,0.631578947368421,,,,,,,,,,,,,,,,,,,,2.1052631578947367,,,,0.0,,,,
trial_0017,76,global,,,,0.26069706940625564,-0.00744910534234216,,,,,,,2,0,30,0,0,0.0,0,28,2,27,,0.1393188854489164,13.05902473284364,,,-0.8,1,0.8,1
trial_0017,77,train,,,0.2519522708781222,,,0.06910534234757118,,,0.0,0.0,0.0076277838362117075,2,0,30,0,0,0.0,0,28,2,,,,,0.03830984978183628,,,,,
trial_0017,77,eval,,,,,,,0.6842105263157895,2.274146646849419,,,,,,,,,,,,,,,,,,,,,,
trial_0017,77,global,,,,0.264245479398284,-0.010997515334370546,,,,,,,2,0,30,0,0,0.0,0,28,2,27,,0.13808049535603714,13.327561790064761,,,-0.8,1,0.8,1
trial_0017,78,train,,,0.2519533348844406,,,0.06840777523974155,,,0.0,0.0,0.007325298728330304,2,0,30,0,0,0.0,0,28,2,,,,,0.03524798528846115,,,,,
trial_0017,78,eval,,,,,,,0.6842105263157895,2.296669085853194,,,,,,,,,,,,,,,,,,,,,,
trial_0017,78,global,,,,0.2603412719712759,-0.00709330790736245,,,,,,,2,0,30,0,0,0.0,0,28,2,27,,0.14055727554179567,13.411867733415066,,,-0.8,1,0.8,1
trial_0017,79,train,,,0.25193604383062806,,,0.0684085564410433,,,0.0,0.0,0.007013572330299908,2,0,30,0,0,0.0,0,28,2,,,,,0.03757937745032634,,,,,
trial_0017,79,eval,,,,,,,0.631578947368421,2.370901372479765,,,,,,,,,,,,,,,,,,,,,,
trial_0017,79,global,,,,0.2633565961091141,-0.010108632045200646,,,,,,,2,0,30,0,0,0.0,0,28,2,27,,0.1368421052631579,13.469944569496178,,,-0.8,1,0.8,1
trial_0017,80,train,,,0.2519319469624377,,,0.06654327981015469,,,0.0,0.0,0.006840273181420498,2,0,31,1,0,0.0,0,28,2,,,,,0.032665683328114606,,,,,
trial_0017,80,eval,0.5263157894736842,0.5263157894736842,,,,,,,,,,,,,,,,,,,,2.1052631578947367,,,,0.0,,,,
trial_0017,80,global,,,,0.2627012279088075,-0.008106462498092683,,,,,,,2,0,31,0,0,0.0,0,29,2,27,,0.1393188854489164,13.35594655795732,,,-0.8,1,0.8,1
trial_0017,81,train,,,0.25193066356029914,,,0.06628460516320898,,,0.0,0.0,0.006842184831723299,2,0,31,0,0,0.0,0,29,2,,,,,0.07615783970525608,,,,,
trial_0017,81,eval,,,,,,,0.631578947368421,2.404453798932464,,,,,,,,,,,,,,,,,,,,,,
trial_0017,81,global,,,,0.2691556274289648,-0.014560862018250041,,,,,,,2,0,31,0,0,0.0,0,29,2,27,,0.13374613003095975,13.342623854126355,,,-0.8,1,0.8,1
trial_0017,82,train,,,0.2519397453424778,,,0.06616880158160594,,,0.0,0.0,0.005932730824211019,2,0,32,1,0,0.0,0,29,2,,,,,0.043477041186130744,,,,,
trial_0017,82,eval,0.5263157894736842,0.5263157894736842,,,,,,,,,,,,,,,,,,,,2.1052631578947367,,,,0.0,,,,
trial_0017,82,global,,,,0.2645799453577004,-0.009985179946985577,,,,,,,2,0,32,0,0,0.0,0,30,2,27,,0.1368421052631579,13.171220752255467,,,-0.8,1,0.8,1
trial_0017,83,train,,,0.2519237823942874,,,0.06584778491486894,,,0.0,0.0,0.005883979552318317,2,0,33,1,0,0.0,0,30,2,,,,,0.049813675356315486,,,,,
trial_0017,83,eval,0.5263157894736842,0.5263157894736842,,,,,,,,,,,,,,,,,,,,2.1052631578947367,,,,0.0,,,,
trial_0017,83,global,,,,0.2643728257102965,-0.009104659626181054,,,,,,,2,0,33,0,0,0.0,0,31,2,27,,0.1393188854489164,13.533767232511066,,,-0.8,1,0.8,1
trial_0017,84,train,,,0.2519096170968198,,,0.06449882464205965,,,0.0,0.0,0.004743322289094919,2,0,34,1,0,0.0,0,31,2,,,,,0.032136469342290086,,,,,
trial_0017,84,eval,0.631578947368421,0.631578947368421,,,,,,,,,,,,,,,,,,,,2.1052631578947367,,,,0.0,,,,
trial_0017,84,global,,,,0.2620665129985764,-0.006798346914460951,,,,,,,2,0,34,0,0,0.0,0,32,2,27,,0.1417956656346749,13.783206082276147,,,-0.8,1,0.8,1
trial_0017,85,train,,,0.25189489126205444,,,0.06399039638803361,,,0.0,0.0,0.004760033512045877,2,0,34,0,0,0.0,0,32,2,,,,,0.07241574180352084,,,,,
trial_0017,85,eval,,,,,,,0.631578947368421,2.569057306568873,,,,,,,,,,,,,,,,,,,,,,
trial_0017,85,global,,,,0.2623381213092386,-0.007069955225123153,,,,,,,2,0,34,0,0,0.0,0,32,2,27,,0.1411764705882353,14.189234192083495,,,-0.8,1,0.8,1
trial_0017,86,train,,,0.25189378984431,,,0.06314143538475037,,,0.0,0.0,0.005101639834731729,2,0,34,0,0,0.0,0,32,2,,,,,0.05313800340617432,,,,,
trial_0017,86,eval,,,,,,,0.631578947368421,2.612967371156341,,,,,,,,,,,,,,,,,,,,,,
trial_0017,86,global,,,,0.26926708177818254,-0.013998915694067079,,,,,,,2,0,34,0,0,0.0,0,32,2,27,,0.13436532507739937,14.658658909280971,,,-0.8,1,0.8,1
trial_0017,87,train,,,0.2518837604116886,,,0.06552415705741721,,,0.0,0.0,0.007086171571969085,2,0,34,0,0,0.0,0,32,2,,,,,0.1006345487536585,,,,,
trial_0017,87,eval,,,,,,,0.5789473684210527,2.7491958882463603,,,,,,,,,,,,,,,,,,,,,,
trial_0017,87,global,,,,0.26864044112508173,-0.013372275040966287,,,,,,,2,0,34,0,0,0.0,0,32,2,27,,0.13312693498452013,13.269383532639258,,,-0.8,1,0.8,1
trial_0017,88,train,,,0.2518692339988465,,,0.06381740975887218,,,0.0,0.0,0.00624007035159516,2,0,35,1,0,0.0,0,32,2,,,,,0.031397453530077286,,,,,
trial_0017,88,eval,0.5263157894736842,0.47368421052631576,,,,,,,,,,,,,,,,,,,,2.1052631578947367,,,,0.05263157894736842,,,,
trial_0017,88,global,,,,0.26685571546482256,-0.011587549380707099,,,,,,,2,0,35,0,0,0.25,0,33,2,27,,0.13622291021671826,13.949542019020294,,,-0.8,1,0.8,1
trial_0017,89,train,,,0.2518216862957528,,,0.06259726590298592,,,0.0,0.0,0.006592890887855283,2,0,35,0,0,0.25,0,33,2,,,,,0.03177227292982663,,,,,
trial_0017,89,eval,,,,,,,0.5789473684210527,2.509091911543357,,,,,,,,,,,,,,,,,,,,,,
trial_0017,89,global,,,,0.2673899629585001,-0.012121796874384635,,,,,,,2,0,35,0,0,0.25,0,33,2,27,,0.13498452012383902,13.629508263555474,,,-0.8,1,0.8,1
trial_0017,90,train,,,0.2518369729848618,,,0.06201577123175276,,,0.0,0.0,0.0036985608152153493,2,0,36,1,0,0.25,0,33,2,,,,,0.030199625701742602,,,,,
trial_0017,90,eval,0.5263157894736842,0.5263157894736842,,,,,,,,,,,,,,,,,,,,2.1052631578947367,,,,0.0,,,,
trial_0017,90,global,,,,0.2614748846856723,-0.006206718601556825,,,,,,,2,0,36,0,0,0.0,0,34,2,27,,0.14055727554179567,13.95994137507105,,,-0.8,1,0.8,1
trial_0018,1,train,,,0.2504132412656953,,,0.01186847183381832,,,0.0,0.0,0.002826578910698489,0,0,0,0,0,,0,0,0,,,,,2.198364128945749,,,,,
trial_0018,1,eval,,,,,,,0.3529411764705882,2.1883495695450725,,,,,,,,,,,,,,,,,,,,,,
trial_0018,1,global,,,,,,,,,,,,0,0,0,0,0,,0,0,0,9,,0.12421052631578948,2.1968994888506437,,,,,,
trial_0018,2,train,,,0.25035773689233803,,,0.0140617226215103,,,0.0,0.0,0.021403125525876598,0,0,0,0,0,,0,0,0,,,,,2.1681621795968162,,,,,
trial_0018,2,eval,,,,,,,0.11764705882352941,2.177986032822553,,,,,,,,,,,,,,,,,,,,,,
trial_0018,2,global,,,,0.015637860082304538,-0.004744613894940704,,,,,,,0,0,0,0,0,,0,0,0,9,,0.12,2.1962000711340655,,,-0.07407407407407407,3,0.07407407407407407,3
trial_0018,3,train,,,0.2503510743756837,,,0.019246799753436558,,,0.0,0.0,0.021708685243384374,0,0,0,0,0,,0,0,0,,,,,2.0902896432936946,,,,,
trial_0018,3,eval,,,,,,,0.058823529411764705,2.143226693658268,,,,,,,,,,,,,,,,,,,,,,
trial_0018,3,global,,,,0.032195594287097555,-0.021302348099733723,,,,,,,0,0,0,0,0,,0,0,0,9,,0.1031578947368421,2.227291427411531,,,-0.11764705882352944,0,0.21568627450980393,0
trial_0018,4,train,,,0.25040750224379044,,,0.026921753076058395,,,0.0,0.0,0.028167751544638527,0,0,0,0,0,,0,0,0,,,,,1.9490039511571955,,,,,
trial_0018,4,eval,,,,,,,0.1764705882352941,2.1163047131370094,,,,,,,,,,,,,,,,,,,,,,
trial_0018,4,global,,,,0.05495037521181313,-0.004106364006298835,,,,,,,0,0,0,0,0,,0,0,0,9,,0.12210526315789473,2.2193037580188952,,,-0.22222222222222232,1,0.23529411764705882,0
trial_0018,5,train,,,0.25044886749001993,,,0.03261919206456293,,,0.0,0.0,0.025060011777743887,0,0,0,0,0,,0,0,0,,,,,1.7256957958770704,,,,,
trial_0018,5,eval,,,,,,,0.1764705882352941,2.1946592611425064,,,,,,,,,,,,,,,,,,,,,,
trial_0018,5,global,,,,0.05551571450132133,-0.004671703295807033,,,,,,,0,0,0,0,0,,0,0,0,9,,0.12,2.3671473086507695,,,-0.13725490196078433,0,0.23529411764705882,0
trial_0018,6,train,,,0.25044927793213084,,,0.03785250741469709,,,0.0,0.0,0.03040839975016027,0,0,0,0,0,,0,0,0,,,,,1.6221430438983289,,,,,
trial_0018,6,eval,,,,,,,0.2941176470588235,2.1603417677037857,,,,,,,,,,,,,,,,,,,,,,
trial_0018,6,global,,,,0.04313725490196079,0.07603536864674595,,,,,,,0,0,0,0,0,,0,0,0,9,,0.20210526315789473,2.298963915172376,,,-0.1568627450980392,0,0.2549019607843137,0
trial_0018,7,train,,,0.25045042437843135,,,0.04107174541376814,,,0.0,0.0,0.028011783891463582,0,0,0,0,0,,0,0,0,,,,,1.4615835575363305,,,,,
trial_0018,7,eval,,,,,,,0.4117647058823529,2.3280852822696465,,,,,,,,,,,,,,,,,,,,,,
trial_0018,7,global,,,,0.08416901687991951,0.04037995075480874,,,,,,,0,0,0,0,0,,0,0,0,9,,0.16842105263157894,2.547825338464034,,,-0.13333333333333341,1,0.196078431372549,0
trial_0018,8,train,,,0.2504503783545916,,,0.04290368794640408,,,0.0,0.0,0.03683320793169964,0,0,0,0,0,,0,0,0,,,,,1.334306435645381,,,,,
trial_0018,8,eval,,,,,,,0.4705882352941177,2.2392532895593082,,,,,,,,,,,,,,,,,,,,,,
trial_0018,8,global,,,,0.06229141861456184,0.06225754902016642,,,,,,,0,0,0,0,0,,0,0,0,9,,0.18947368421052632,2.5632126968785336,,,-0.1777777777777778,1,0.1777777777777778,1
trial_0018,9,train,,,0.2504752466950235,,,0.045072721340988255,,,0.0,0.0,0.036866048256619065,0,0,1,1,0,,0,0,0,,,,,1.1077004035628295,,,,,
trial_0018,9,eval,0.3529411764705882,0.3529411764705882,,,,,,,,,,,,,,,,,,,,2.8823529411764706,,,,0.0,,,,
trial_0018,9,global,,,,0.06630599709055401,0.060421619781647014,,,,,,,0,0,1,0,0,0.0,0,1,0,9,,0.18526315789473685,2.7967429577676874,,,-0.1777777777777778,1,0.1777777777777778,1
trial_0018,10,train,,,0.25048057112512706,,,0.04753626562372039,,,0.0,0.0,0.03826057650620425,0,0,1,0,0,0.0,0,1,0,,,,,0.9951222912797445,,,,,
trial_0018,10,eval,,,,,,,0.411764705882353,2.2977230268366196,,,,,,,,,,,,,,,,,,,,,,
trial_0018,10,global,,,,0.057786911782074464,0.07574342617856193,,,,,,,0,0,1,0,0,0.0,0,1,0,9,,0.20210526315789473,2.8344721503006785,,,-0.24444444444444446,1,0.24444444444444446,1
trial_0018,11,train,,,0.2504048648961754,,,0.02490275578443394,,,0.0,0.0,0.048598773019431725,0,0,1,0,0,0.0,0,1,0,,,,,16.364326882916828,,,,,
trial_0018,11,eval,,,,,,,0.10526315789473684,4.754180632139507,,,,,,,,,,,,,,,,,,,,,,
trial_0018,11,global,,,,0.25516318863176907,-0.12163285067113266,,,,,,,0,0,1,0,0,0.0,0,1,0,18,,0.07559808612440191,6.419436562916879,,,-0.6888888888888889,1,0.6888888888888889,1
trial_0018,12,train,,,0.2503139454611512,,,0.03451823807039926,,,0.0,1.0,0.19735121326737626,0,0,1,0,0,0.0,0,1,0,,,,,3.1574613560077758,,,,,
trial_0018,12,eval,,,,,,,0.05263157894736842,2.9235017174168636,,,,,,,,,,,,,,,,,,,,,,
trial_0018,12,global,,,,0.1546146424630387,-0.06231909993844656,,,,,,,0,0,1,0,0,0.0,0,1,0,18,,0.07272727272727272,4.945642240423905,,,-0.6444444444444445,1,0.6444444444444445,1
trial_0018,13,train,,,0.25029514331457225,,,0.0332498314768769,,,0.0,0.3488372093023256,0.09521011921555497,0,0,1,0,0,0.0,0,1,0,,,,,1.8884007918280223,,,,,
trial_0018,13,eval,,,,,,,0.15789473684210525,2.1607027179316467,,,,,,,,,,,,,,,,,,,,,,
trial_0018,13,global,,,,0.16870683703401793,-0.0425981794687493,,,,,,,0,0,1,0,0,0.0,0,1,0,18,,0.09760765550239234,4.7668110222337345,,,-0.8,1,0.8,1
trial_0018,14,train,,,0.25027204079683435,,,0.03269757711610129,,,0.0,0.0,0.06239222884178161,0,0,2,1,0,0.0,0,1,0,,,,,1.7242923175179683,,,,,
trial_0018,14,eval,0.15789473684210525,0.15789473684210525,,,,,,,,,,,,,,,,,,,,1.6842105263157894,,,,0.0,,,,
trial_0018,14,global,,,,0.18306446560733278,-0.045015855570030294,,,,,,,0,0,2,0,0,0.0,0,2,0,18,,0.09665071770334928,5.171928824876484,,,-0.8,1,0.8,1
trial_0018,15,train,,,0.25026857679666475,,,0.03425387483696605,,,0.0,0.09302325581395349,0.061054250173443986,0,0,2,0,0,0.0,0,2,0,,,,,1.5693817805412205,,,,,
trial_0018,15,eval,,,,,,,0.2631578947368421,1.954745568727192,,,,,,,,,,,,,,,,,,,,,,
trial_0018,15,global,,,,0.18249710709787725,-0.03827565755440192,,,,,,,0,0,2,0,0,0.0,0,2,0,18,,0.10239234449760766,4.924852227936521,,,-0.8,1,0.8,1
trial_0018,16,train,,,0.2502724524847297,,,0.03511401352494262,,,0.0,0.0,0.04853444051777208,0,0,2,0,0,0.0,0,2,0,,,,,1.362491236315217,,,,,
trial_0018,16,eval,,,,,,,0.3157894736842105,2.2330636225248637,,,,,,,,,,,,,,,,,,,,,,
trial_0018,16,global,,,,0.1693345740996635,-0.0178680077649055,,,,,,,0,0,2,0,0,0.0,0,2,0,18,,0.12440191387559808,5.310301508971949,,,-0.8,1,0.8,1
trial_0018,17,train,,,0.2502993677937707,,,0.03717591388281001,,,0.0,0.09302325581395349,0.050679509450010096,0,0,3,1,0,0.0,0,2,0,,,,,1.3265591415554978,,,,,
trial_0018,17,eval,0.15789473684210525,0.15789473684210525,,,,,,,,,,,,,,,,,,,,1.6842105263157894,,,,0.0,,,,
trial_0018,17,global,,,,0.18524958508279563,-0.028638985826226926,,,,,,,0,0,3,0,0,0.0,0,3,0,18,,0.11196172248803828,5.064813236072303,,,-0.8,1,0.8,1
trial_0018,18,train,,,0.2503245914744776,,,0.03874947373257127,,,0.0,0.0,0.04218720830976963,0,0,3,0,0,0.0,0,3,0,,,,,1.1777686234130416,,,,,
trial_0018,18,eval,,,,,,,0.3684210526315789,2.156955229608636,,,,,,,,,,,,,,,,,,,,,,
trial_0018,18,global,,,,0.17156961901628806,-0.014176547146260857,,,,,,,0,0,3,0,0,0.0,0,3,0,18,,0.12822966507177033,5.541518501345621,,,-0.8,1,0.8,1
trial_0018,19,train,,,0.25037043247112006,,,0.04153691544089207,,,0.0,0.09302325581395349,0.04652202829372051,0,0,3,0,0,0.0,0,3,0,,,,,1.1796624305636383,,,,,
trial_0018,19,eval,,,,,,,0.3684210526315789,1.726592923465528,,,,,,,,,,,,,,,,,,,,,,
trial_0018,19,global,,,,0.17983088087232116,-0.017293776080483256,,,,,,,0,0,3,0,0,0.0,0,3,0,18,,0.12344497607655502,5.198710131302975,,,-0.8,1,0.8,1
trial_0018,20,train,,,0.2504188827303953,,,0.04414797245069991,,,0.0,0.0,0.03878763298135857,0,0,3,0,0,0.0,0,3,0,,,,,1.0523072413233825,,,,,
trial_0018,20,eval,,,,,,,0.3157894736842105,2.166021980737385,,,,,,,,,,,,,,,,,,,,,,
trial_0018,20,global,,,,0.1696737540485277,-0.007136649256689765,,,,,,,0,0,3,0,0,0.0,0,3,0,18,,0.13588516746411483,5.723982252458637,,,-0.8,1,0.8,1
trial_0018,21,train,,,0.25050604660460285,,,0.06651288905042282,,,0.0,0.0,0.025882941532008305,0,0,3,0,0,0.0,0,3,0,,,,,17.50266007768347,,,,,
trial_0018,21,eval,,,,,,,0.2631578947368421,2.122942435114007,,,,,,,,,,,,,,,,,,,,,,
trial_0018,21,global,,,,0.27691428355730724,-0.1143771787654693,,,,,,,0,0,3,0,0,0.0,0,3,0,27,,0.06501547987616099,6.9087439262461,,,-0.8,1,0.8,1
trial_0018,22,train,,,0.2504732868772872,,,0.05106121111423412,,,0.0,1.0,0.1861666022780094,0,0,4,1,0,0.0,0,3,0,,,,,2.1351768146169947,,,,,
trial_0018,22,eval,0.21052631578947367,0.15789473684210525,,,,,,,,,,,,,,,,,,,,2.1052631578947367,,,,0.3684210526315789,,,,
trial_0018,22,global,,,,0.22845189945177685,-0.07371790793539994,,,,,,,0,0,4,0,0,0.25,0,4,0,27,,0.07368421052631578,8.283321583750816,,,-0.8,1,0.8,1
trial_0018,23,train,,,0.2504593260744785,,,0.052184771984181505,,,0.0,0.0,0.031114967722207943,0,0,5,1,0,0.25,0,4,0,,,,,1.6103694535316304,,,,,
trial_0018,23,eval,0.21052631578947367,0.2631578947368421,,,,,,,,,,,,,,,,,,,,2.1052631578947367,,,,0.0,,,,
trial_0018,23,global,,,,0.2502562843778188,-0.07273402369636114,,,,,,,0,0,5,0,0,0.0,0,5,0,27,,0.07368421052631578,8.84833105695506,,,-0.8,1,0.8,1
trial_0018,24,train,,,0.2504474444592253,,,0.05140921283275522,,,0.0,0.0,0.04365433879355168,0,0,5,0,0,0.0,0,5,0,,,,,1.3992365137059637,,,,,
trial_0018,24,eval,,,,,,,0.47368421052631576,1.7140542770686902,,,,,,,,,,,,,,,,,,,,,,
trial_0018,24,global,,,,0.24767157572713583,-0.05944253697296355,,,,,,,0,0,5,0,0,0.0,0,5,0,27,,0.09164086687306501,8.721597599466518,,,-0.8,1,0.8,1
trial_0018,25,train,,,0.2504440248012543,,,0.05338893925890009,,,0.0,0.0,0.03201451508447211,0,0,6,1,0,0.0,0,5,0,,,,,1.2361618717934222,,,,,
trial_0018,25,eval,0.47368421052631576,0.5263157894736842,,,,,,,,,,,,,,,,,,,,2.1052631578947367,,,,0.0,,,,
trial_0018,25,global,,,,0.24485684840403363,-0.05249270299194203,,,,,,,0,0,6,0,0,0.0,0,6,0,27,,0.09721362229102168,8.79714958025575,,,-0.8,1,0.8,1
trial_0018,26,train,,,0.25042070670330774,,,0.05474105223696282,,,0.0,0.0,0.035525711443513,0,0,6,0,0,0.0,0,6,0,,,,,1.0403211636746184,,,,,
trial_0018,26,eval,,,,,,,0.5263157894736842,1.6319727678047982,,,,,,,,,,,,,,,,,,,,,,
trial_0018,26,global,,,,0.23937623237306913,-0.042603625896585166,,,,,,,0,0,6,0,0,0.0,0,6,0,27,,0.10773993808049535,8.830144394440548,,,-0.8,1,0.8,1
trial_0018,27,train,,,0.25040316391498485,,,0.055490211603489326,,,0.0,0.0,0.036300205146061616,0,0,6,0,0,0.0,0,6,0,,,,,0.9210027886197921,,,,,
trial_0018,27,eval,,,,,,,0.47368421052631576,1.6680147491003339,,,,,,,,,,,,,,,,,,,,,,
trial_0018,27,global,,,,0.24595705723153416,-0.0465047605721431,,,,,,,0,0,6,0,0,0.0,0,6,0,27,,0.10526315789473684,8.879409919951353,,,-0.8,1,0.8,1
trial_0018,28,train,,,0.25039753951924915,,,0.05739347287949095,,,0.0,0.0,0.03414979506125476,0,0,6,0,0,0.0,0,6,0,,,,,0.8346087714459033,,,,,
trial_0018,28,eval,,,,,,,0.47368421052631576,1.6673840676483356,,,,,,,,,,,,,,,,,,,,,,
trial_0018,28,global,,,,0.24278757579661173,-0.04333527913722067,,,,,,,0,0,6,0,0,0.0,0,6,0,27,,0.10712074303405572,9.023486677707163,,,-0.8,1,0.8,1
trial_0018,29,train,,,0.2504127761150928,,,0.05939672475165509,,,0.0,0.0,0.033108706657398256,0,0,6,0,0,0.0,0,6,0,,,,,0.7612139575024868,,,,,
trial_0018,29,eval,,,,,,,0.5263157894736842,1.6916076039013108,,,,,,,,,,,,,,,,,,,,,,
trial_0018,29,global,,,,0.24626443543114535,-0.04613873809835359,,,,,,,0,0,6,0,0,0.0,0,6,0,27,,0.10402476780185758,9.063385106609333,,,-0.8,1,0.8,1
trial_0018,30,train,,,0.25043144061210304,,,0.06100123423211118,,,0.0,0.0,0.032329128793579465,0,0,7,1,0,0.0,0,6,0,,,,,0.6964518242693962,,,,,
trial_0018,30,eval,0.42105263157894735,0.47368421052631576,,,,,,,,,,,,,,,,,,,,2.1052631578947367,,,,0.0,,,,
trial_0018,30,global,,,,0.2485870785337274,-0.04846138120093567,,,,,,,0,0,7,0,0,0.0,0,7,0,27,,0.1021671826625387,9.369759080727404,,,-0.8,1,0.8,1
trial_0018,31,train,,,0.25046140970067776,,,0.06295301178668407,,,0.0,0.0,0.03143099269413568,0,0,8,1,0,0.0,0,7,0,,,,,0.6352094083390337,,,,,
trial_0018,31,eval,0.42105263157894735,0.47368421052631576,,,,,,,,,,,,,,,,,,,,2.1052631578947367,,,,0.0,,,,
trial_0018,31,global,,,,0.24696489466020347,-0.046165796654011035,,,,,,,0,0,8,0,0,0.0,0,8,0,27,,0.10464396284829722,9.612473672683763,,,-0.8,1,0.8,1
trial_0018,32,train,,,0.2504994441220101,,,0.0647364747016988,,,0.0,0.0,0.030746191581513024,0,0,9,1,0,0.0,0,8,0,,,,,0.5847858749805612,,,,,
trial_0018,32,eval,0.42105263157894735,0.47368421052631576,,,,,,,,,,,,,,,,,,,,2.1052631578947367,,,,0.0,,,,
trial_0018,32,global,,,,0.2464028671071686,-0.045603769100976195,,,,,,,0,0,9,0,0,0.0,0,9,0,27,,0.10588235294117647,9.858245393735336,,,-0.8,1,0.8,1
trial_0018,33,train,,,0.25053828574241477,,,0.06670396759154949,,,0.0,0.0,0.030127319027768808,0,0,10,1,0,0.0,0,9,0,,,,,0.5382501510863608,,,,,
trial_0018,33,eval,0.5263157894736842,0.5789473684210527,,,,,,,,,,,,,,,,,,,,2.1052631578947367,,,,0.0,,,,
trial_0018,33,global,,,,0.2461608282573575,-0.043209775925297705,,,,,,,0,0,10,0,0,0.0,0,10,0,27,,0.10835913312693499,10.061323292262783,,,-0.8,1,0.8,1
trial_0018,34,train,,,0.25058042051944324,,,0.06839418157618096,,,0.0,0.0,0.029815276860794496,0,0,10,0,0,0.0,0,10,0,,,,,0.49706542022684785,,,,,
trial_0018,34,eval,,,,,,,0.5263157894736842,1.712839347751517,,,,,,,,,,,,,,,,,,,,,,
trial_0018,34,global,,,,0.2459295323717495,-0.041902502876756044,,,,,,,0,0,10,0,0,0.0,0,10,0,27,,0.10959752321981424,10.262522385068722,,,-0.8,1,0.8,1
trial_0018,35,train,,,0.2506238409179322,,,0.07037760602666976,,,0.0,0.0,0.029406766831240758,0,0,10,0,0,0.0,0,10,0,,,,,0.4588307379408086,,,,,
trial_0018,35,eval,,,,,,,0.5263157894736842,1.7484691629284306,,,,,,,,,,,,,,,,,,,,,,
trial_0018,35,global,,,,0.2444874184430548,-0.039329740903833045,,,,,,,0,0,10,0,0,0.0,0,10,0,27,,0.11207430340557276,10.376556552379125,,,-0.8,1,0.8,1
trial_0018,36,train,,,0.25066887729979576,,,0.0722932238528069,,,0.0,0.0,0.029029470866427147,0,0,10,0,0,0.0,0,10,0,,,,,0.42127375523460675,,,,,
trial_0018,36,eval,,,,,,,0.5263157894736842,1.801789363748149,,,,,,,,,,,,,,,,,,,,,,
trial_0018,36,global,,,,0.2458730698287062,-0.03975078824691658,,,,,,,0,0,10,0,0,0.0,0,10,0,27,,0.11145510835913312,10.464347319706306,,,-0.8,1,0.8,1
trial_0018,37,train,,,0.2507195846831545,,,0.07423983292376742,,,0.0,0.0,0.02861946944266241,0,0,10,0,0,0.0,0,10,0,,,,,0.3886946950821166,,,,,
trial_0018,37,eval,,,,,,,0.47368421052631576,1.862813953506319,,,,,,,,,,,,,,,,,,,,,,
trial_0018,37,global,,,,0.2464137328693692,-0.03937695654592438,,,,,,,0,0,10,0,0,0.0,0,10,0,27,,0.11207430340557276,10.446125103740869,,,-0.8,1,0.8,1
trial_0018,38,train,,,0.25076613971527584,,,0.07568315178789992,,,0.0,0.0,0.028695163390341588,0,0,11,1,0,0.0,0,10,0,,,,,0.3599231277691557,,,,,
trial_0018,38,eval,0.42105263157894735,0.3684210526315789,,,,,,,,,,,,,,,,,,,,2.1052631578947367,,,,0.15789473684210525,,,,
trial_0018,38,global,,,,0.24601115637983623,-0.034974860650141035,,,,,,,0,0,11,0,0,0.25,0,11,0,27,,0.11640866873065016,10.498721542594602,,,-0.8,1,0.8,1
trial_0018,39,train,,,0.2508118507709909,,,0.0770605168444045,,,0.0,0.0,0.028355760917939406,0,0,12,1,0,0.25,0,11,0,,,,,0.3305612801237309,,,,,
trial_0018,39,eval,0.5789473684210527,0.5263157894736842,,,,,,,,,,,,,,,,,,,,2.1052631578947367,,,,0.15789473684210525,,,,
trial_0018,39,global,,,,0.24650663513618454,-0.03433969136226107,,,,,,,0,0,12,0,0,0.25,0,12,0,27,,0.11640866873065016,10.544057962990397,,,-0.8,1,0.8,1
trial_0018,40,train,,,0.25085562340756684,,,0.0778083141813887,,,0.0,0.0,0.028101103307005576,0,0,13,1,0,0.25,0,12,0,,,,,0.30798840852493936,,,,,
trial_0018,40,eval,0.47368421052631576,0.47368421052631576,,,,,,,,,,,,,,,,,,,,2.1052631578947367,,,,0.15789473684210525,,,,
trial_0018,40,global,,,,0.24792554087607796,-0.03508519642875379,,,,,,,0,0,13,0,0,0.25,0,13,0,27,,0.11455108359133127,10.70357585942413,,,-0.8,1,0.8,1
trial_0018,41,train,,,0.25089427543447373,,,0.0781839185572685,,,0.0,0.0,0.026817528548789153,0,0,14,1,0,0.25,0,13,0,,,,,0.2756348187302021,,,,,
trial_0018,41,eval,0.5263157894736842,0.5789473684210527,,,,,,,,,,,,,,,,,,,,2.1052631578947367,,,,0.0,,,,
trial_0018,41,global,,,,0.24556834464969787,-0.032728000202373736,,,,,,,0,0,14,0,0,0.0,0,14,0,27,,0.11702786377708978,10.87486530693692,,,-0.8,1,0.8,1
trial_0018,42,train,,,0.25093799417323254,,,0.07791502995693937,,,0.0,0.0,0.02643213074139141,0,0,14,0,0,0.0,0,14,0,,,,,0.2657462311868972,,,,,
trial_0018,42,eval,,,,,,,0.631578947368421,2.0734218609960453,,,,,,,,,,,,,,,,,,,,,,
trial_0018,42,global,,,,0.25294955569223615,-0.03807978455795107,,,,,,,0,0,14,0,0,0.0,0,14,0,27,,0.11269349845201239,11.268159917116904,,,-0.8,1,0.8,1
trial_0018,43,train,,,0.25098646606536623,,,0.07966944004626983,,,0.0,0.0,0.024888254866558823,0,0,14,0,0,0.0,0,14,0,,,,,0.2343899847028103,,,,,
trial_0018,43,eval,,,,,,,0.5789473684210527,2.127010665441814,,,,,,,,,,,,,,,,,,,,,,
trial_0018,43,global,,,,0.24859698097501864,-0.03305380916733291,,,,,,,0,0,14,0,0,0.0,0,14,0,27,,0.11517027863777089,11.351987530498683,,,-0.8,1,0.8,1
trial_0018,44,train,,,0.25103298844175137,,,0.07825872745919735,,,0.0,0.0,0.025063654021459058,0,0,14,0,0,0.0,0,14,0,,,,,0.23034174458143558,,,,,
trial_0018,44,eval,,,,,,,0.5789473684210527,2.084209793492367,,,,,,,,,,,,,,,,,,,,,,
trial_0018,44,global,,,,0.2533640377827784,-0.034444637941330326,,,,,,,0,0,14,0,0,0.0,0,14,0,27,,0.11640866873065016,11.890214713365301,,,-0.8,1,0.8,1
trial_0018,45,train,,,0.2510772382325315,,,0.07972320597222511,,,0.0,0.0,0.0231455139573069,0,0,14,0,0,0.0,0,14,0,,,,,0.20527698364346586,,,,,
trial_0018,45,eval,,,,,,,0.5263157894736842,2.1560954200594047,,,,,,,,,,,,,,,,,,,,,,
trial_0018,45,global,,,,0.2519673961743134,-0.031602990721193096,,,,,,,0,0,14,0,0,0.0,0,14,0,27,,0.11517027863777089,11.850412584901225,,,-0.8,1,0.8,1
trial_0018,46,train,,,0.25110897358427653,,,0.0798926683182412,,,0.0,0.0,0.023486000141921516,0,0,15,1,0,0.0,0,14,0,,,,,0.2114868646606486,,,,,
trial_0018,46,eval,0.47368421052631576,0.5263157894736842,,,,,,,,,,,,,,,,,,,,2.1052631578947367,,,,0.0,,,,
trial_0018,46,global,,,,0.24994735649905298,-0.029582951045932657,,,,,,,0,0,15,0,0,0.0,0,15,0,27,,0.12074303405572756,12.367554284913622,,,-0.8,1,0.8,1
trial_0018,47,train,,,0.25114561522260626,,,0.08087173167695391,,,0.0,0.0,0.02090810215734738,0,0,16,1,0,0.0,0,15,0,,,,,0.16174229085445405,,,,,
trial_0018,47,eval,0.47368421052631576,0.5263157894736842,,,,,,,,,,,,,,,,,,,,2.1052631578947367,,,,0.0,,,,
trial_0018,47,global,,,,0.25311925125855034,-0.03275484580543003,,,,,,,0,0,16,0,0,0.0,0,16,0,27,,0.11578947368421053,11.876441650863033,,,-0.8,1,0.8,1
trial_0018,48,train,,,0.2511906040475724,,,0.07863198759707998,,,0.0,0.0,0.02301484413762042,0,0,17,1,0,0.0,0,16,0,,,,,0.17278982041046975,,,,,
trial_0018,48,eval,0.47368421052631576,0.47368421052631576,,,,,,,,,,,,,,,,,,,,2.1052631578947367,,,,0.2631578947368421,,,,
trial_0018,48,global,,,,0.25658357205985044,-0.03256118764010915,,,,,,,0,0,17,0,0,0.25,0,17,0,27,,0.11888544891640866,12.53207674528423,,,-0.8,1,0.8,1
trial_0018,49,train,,,0.2512291856902711,,,0.08223720877728563,,,0.0,0.0,0.019001473622158805,0,0,18,1,0,0.25,0,17,0,,,,,0.1562594871492462,,,,,
trial_0018,49,eval,0.5263157894736842,0.5789473684210527,,,,,,,,,,,,,,,,,,,,2.1052631578947367,,,,0.0,,,,
trial_0018,49,global,,,,0.2483140623573677,-0.022075067387682567,,,,,,,0,0,18,0,0,0.0,0,18,0,27,,0.12445820433436533,12.097384298696607,,,-0.8,1,0.8,1
trial_0018,50,train,,,0.2512713417093804,,,0.08071710708293509,,,0.0,0.0,0.01929099052832363,0,0,18,0,0,0.0,0,18,0,,,,,0.1421934241468602,,,,,
trial_0018,50,eval,,,,,,,0.6842105263157894,2.084717421155226,,,,,,,,,,,,,,,,,,,,,,
trial_0018,50,global,,,,0.2524187991635785,-0.024159602173691355,,,,,,,0,0,18,0,0,0.0,0,18,0,27,,0.12507739938080495,12.311270113257063,,,-0.8,1,0.8,1
trial_0018,51,train,,,0.2513049580949418,,,0.08231752984067227,,,0.0,0.0,0.01607788112423224,0,0,18,0,0,0.0,0,18,0,,,,,0.1262833017935144,,,,,
trial_0018,51,eval,,,,,,,0.6842105263157894,2.2247912554364455,,,,,,,,,,,,,,,,,,,,,,
trial_0018,51,global,,,,0.25313560629796866,-0.024104804369809878,,,,,,,0,0,18,0,0,0.0,0,18,0,27,,0.12260061919504645,11.923811668655821,,,-0.8,1,0.8,1
trial_0018,52,train,,,0.25134952239533687,,,0.08043254943604164,,,0.0,0.0,0.018313762205008896,0,0,18,0,0,0.0,0,18,0,,,,,0.11765542438531176,,,,,
trial_0018,52,eval,,,,,,,0.631578947368421,2.1023289851452174,,,,,,,,,,,,,,,,,,,,,,
trial_0018,52,global,,,,0.255553197210623,-0.02652239528246422,,,,,,,0,0,18,0,0,0.0,0,18,0,27,,0.1238390092879257,12.25818769850598,,,-0.8,1,0.8,1
trial_0018,53,train,,,0.2514182148461646,,,0.08441417521618781,,,0.0,0.0,0.014827692089478506,0,0,18,0,0,0.0,0,18,0,,,,,0.11022088895452783,,,,,
trial_0018,53,eval,,,,,,,0.631578947368421,2.2085922387869736,,,,,,,,,,,,,,,,,,,,,,
trial_0018,53,global,,,,0.2549361200670689,-0.024460312527237817,,,,,,,0,0,18,0,0,0.0,0,18,0,27,,0.12074303405572756,11.40064106282804,,,-0.8,1,0.8,1
trial_0018,54,train,,,0.2514505234170467,,,0.08161667813646033,,,0.0,0.0,0.018727469065429724,0,0,19,1,0,0.0,0,18,0,,,,,0.09908481092053525,,,,,
trial_0018,54,eval,0.5263157894736842,0.5263157894736842,,,,,,,,,,,,,,,,,,,,2.1052631578947367,,,,0.0,,,,
trial_0018,54,global,,,,0.258381690878344,-0.027905883338512943,,,,,,,0,0,19,0,0,0.0,0,19,0,27,,0.12074303405572756,12.039510758816274,,,-0.8,1,0.8,1
trial_0018,55,train,,,0.2515102206392491,,,0.08196644072837017,,,0.0,0.0,0.014801059520625054,0,0,20,1,0,0.0,0,19,0,,,,,0.0892330546011316,,,,,
trial_0018,55,eval,0.47368421052631576,0.5263157894736842,,,,,,,,,,,,,,,,,,,,2.1052631578947367,,,,0.0,,,,
trial_0018,55,global,,,,0.2546470466712031,-0.02282443778457069,,,,,,,0,0,20,0,0,0.0,0,20,0,27,,0.12260061919504645,11.68711548560175,,,-0.8,1,0.8,1
trial_0018,56,train,,,0.2515440231308024,,,0.08046454698481458,,,0.0,0.0,0.016868932234950642,0,0,21,1,0,0.0,0,20,0,,,,,0.08911987968344003,,,,,
trial_0018,56,eval,0.5263157894736842,0.47368421052631576,,,,,,,,,,,,,,,,,,,,2.1052631578947367,,,,0.2631578947368421,,,,
trial_0018,56,global,,,,0.25634275657678857,-0.02452014769015617,,,,,,,0,0,21,0,0,0.25,0,21,0,27,,0.1238390092879257,12.140360770210762,,,-0.8,1,0.8,1
trial_0018,57,train,,,0.25159071734611027,,,0.07975399557580339,,,0.0,0.0,0.014502179859443867,0,0,22,1,0,0.25,0,21,0,,,,,0.07607410289743478,,,,,
trial_0018,57,eval,0.5789473684210527,0.5789473684210527,,,,,,,,,,,,,,,,,,,,2.1052631578947367,,,,0.15789473684210525,,,,
trial_0018,57,global,,,,0.25110857739695636,-0.01928596851032395,,,,,,,0,0,22,0,0,0.25,0,22,0,27,,0.12755417956656348,12.277403835615507,,,-0.8,1,0.8,1
trial_0018,58,train,,,0.25162878505727077,,,0.0812045196269421,,,0.0,0.0,0.015529970783570612,0,0,22,0,0,0.25,0,22,0,,,,,0.09835800300253199,,,,,
trial_0018,58,eval,,,,,,,0.6842105263157894,2.087204555931844,,,,,,,,,,,,,,,,,,,,,,
trial_0018,58,global,,,,0.24829075035846454,-0.016468141471832166,,,,,,,0,0,22,0,0,0.25,0,22,0,27,,0.13003095975232198,12.53952341699748,,,-0.8,1,0.8,1
trial_0018,59,train,,,0.25163405309332176,,,0.07848976647600214,,,0.0,0.0,0.015480431284572178,0,0,22,0,0,0.25,0,22,0,,,,,0.07418412683888319,,,,,
trial_0018,59,eval,,,,,,,0.6842105263157894,2.087243203269808,,,,,,,,,,,,,,,,,,,,,,
trial_0018,59,global,,,,0.2508086386774095,-0.018986029790777074,,,,,,,0,0,22,0,0,0.25,0,22,0,27,,0.12755417956656348,12.572979020629505,,,-0.8,1,0.8,1
trial_0018,60,train,,,0.2516626709319176,,,0.07988328439124087,,,0.0,0.0,0.013205551954996874,0,0,22,0,0,0.25,0,22,0,,,,,0.07717656746427429,,,,,
trial_0018,60,eval,,,,,,,0.6842105263157894,2.159065507744488,,,,,,,,,,,,,,,,,,,,,,
trial_0018,60,global,,,,0.24840748184543926,-0.015872622246556178,,,,,,,0,0,22,0,0,0.25,0,22,0,27,,0.1306501547987616,12.658810696439478,,,-0.8,1,0.8,1
trial_0018,61,train,,,0.2516725072835354,,,0.07807649576917608,,,0.0,0.0,0.011597879162210566,0,0,22,0,0,0.25,0,22,0,,,,,0.06129762188511642,,,,,
trial_0018,61,eval,,,,,,,0.6842105263157894,2.0759851540389813,,,,,,,,,,,,,,,,,,,,,,
trial_0018,61,global,,,,0.2430471459518342,-0.010512286352951079,,,,,,,0,0,22,0,0,0.25,0,22,0,27,,0.13622291021671826,12.80574629225598,,,-0.8,1,0.8,1
trial_0018,62,train,,,0.25167296319565874,,,0.0782405214106783,,,0.0,0.0,0.01149187225460179,0,0,23,1,0,0.25,0,22,0,,,,,0.06238234647093935,,,,,
trial_0018,62,eval,0.5263157894736842,0.47368421052631576,,,,,,,,,,,,,,,,,,,,2.1052631578947367,,,,0.15789473684210525,,,,
trial_0018,62,global,,,,0.24230085226685405,-0.00841919132116958,,,,,,,0,0,23,0,0,0.25,0,23,0,27,,0.1393188854489164,12.890282083517258,,,-0.8,1,0.8,1
trial_0018,63,train,,,0.2516874651959602,,,0.07717407764272487,,,0.0,0.0,0.011537212044207448,0,0,24,1,0,0.25,0,23,0,,,,,0.06922121171225258,,,,,
trial_0018,63,eval,0.47368421052631576,0.5789473684210527,,,,,,,,,,,,,,,,,,,,2.1052631578947367,,,,0.0,,,,
trial_0018,63,global,,,,0.2440926604109341,-0.010210999465249664,,,,,,,0,0,24,0,0,0.0,0,24,0,27,,0.1368421052631579,12.92878178930135,,,-0.8,1,0.8,1
trial_0018,64,train,,,0.25167894173175726,,,0.07496846609927238,,,0.0,0.0,0.01131574998766387,0,0,25,1,0,0.0,0,24,0,,,,,0.05372699893852498,,,,,
trial_0018,64,eval,0.47368421052631576,0.5263157894736842,,,,,,,,,,,,,,,,,,,,2.1052631578947367,,,,0.0,,,,
trial_0018,64,global,,,,0.24452688342285314,-0.01064522247716868,,,,,,,0,0,25,0,0,0.0,0,25,0,27,,0.13808049535603714,13.420027160644532,,,-0.8,1,0.8,1
trial_0018,65,train,,,0.2516837005919599,,,0.07512605443913886,,,0.0,0.0,0.00949650131505939,0,0,26,1,0,0.0,0,25,0,,,,,0.06694700354313914,,,,,
trial_0018,65,eval,0.631578947368421,0.631578947368421,,,,,,,,,,,,,,,,,,,,2.1052631578947367,,,,0.0,,,,
trial_0018,65,global,,,,0.24387987778120937,-0.009998216835524919,,,,,,,0,0,26,0,0,0.0,0,26,0,27,,0.13808049535603714,13.24348140279575,,,-0.8,1,0.8,1
trial_0018,66,train,,,0.2516739698166543,,,0.07292876725501202,,,0.0,0.0,0.01109396753426483,0,0,26,0,0,0.0,0,26,0,,,,,0.05306859397468097,,,,,
trial_0018,66,eval,,,,,,,0.6842105263157894,2.1785618709890464,,,,,,,,,,,,,,,,,,,,,,
trial_0018,66,global,,,,0.24447484790987092,-0.010593186964186475,,,,,,,0,0,26,0,0,0.0,0,26,0,27,,0.1386996904024768,13.45606924240065,,,-0.8,1,0.8,1
trial_0018,67,train,,,0.25167601508028964,,,0.0741006040826757,,,0.0,0.0,0.008840674295308729,0,0,26,0,0,0.0,0,26,0,,,,,0.046616210190064095,,,,,
trial_0018,67,eval,,,,,,,0.631578947368421,2.1001014650652285,,,,,,,,,,,,,,,,,,,,,,
trial_0018,67,global,,,,0.24688008402215636,-0.012998423076471907,,,,,,,0,0,26,0,0,0.0,0,26,0,27,,0.13498452012383902,12.770102124760394,,,-0.8,1,0.8,1
trial_0018,68,train,,,0.2516710032173928,,,0.07127996962121193,,,0.0,0.0,0.010494887928879064,0,0,26,0,0,0.0,0,26,0,,,,,0.0504045529568449,,,,,
trial_0018,68,eval,,,,,,,0.6842105263157894,2.19122685374398,,,,,,,,,,,,,,,,,,,,,,
trial_0018,68,global,,,,0.24111283078430928,-0.0072311698386248405,,,,,,,0,0,26,0,0,0.0,0,26,0,27,,0.14241486068111456,13.478244991715847,,,-0.8,1,0.8,1
trial_0018,69,train,,,0.25166387380437644,,,0.07035134954655423,,,0.0,0.0,0.00844122656189745,0,0,26,0,0,0.0,0,26,0,,,,,0.05158217229702054,,,,,
trial_0018,69,eval,,,,,,,0.6842105263157894,2.177223459278282,,,,,,,,,,,,,,,,,,,,,,
trial_0018,69,global,,,,0.24524405864928364,-0.011362397703599203,,,,,,,0,0,26,0,0,0.0,0,26,0,27,,0.1368421052631579,13.282011418298302,,,-0.8,1,0.8,1
trial_0018,70,train,,,0.2516389159446067,,,0.06988070873503989,,,0.0,0.0,0.008093967915161518,0,0,27,1,0,0.0,0,26,0,,,,,0.04205850739963353,,,,,
trial_0018,70,eval,0.5263157894736842,0.5263157894736842,,,,,,,,,,,,,,,,,,,,2.1052631578947367,,,,0.0,,,,
trial_0018,70,global,,,,0.24785405977459896,-0.013972398828914488,,,,,,,0,0,27,0,0,0.0,0,27,0,27,,0.13498452012383902,13.213537937790248,,,-0.8,1,0.8,1
trial_0018,71,train,,,0.2516599300693958,,,0.06948957734919609,,,0.0,0.0,0.007038654667415726,0,0,28,1,0,0.0,0,27,0,,,,,0.0385389545050628,,,,,
trial_0018,71,eval,0.5263157894736842,0.5263157894736842,,,,,,,,,,,,,,,,,,,,2.1052631578947367,,,,0.0,,,,
trial_0018,71,global,,,,0.24415409053703965,-0.010272429591355188,,,,,,,0,0,28,0,0,0.0,0,28,0,27,,0.13746130030959752,12.81797003967474,,,-0.8,1,0.8,1
trial_0018,72,train,,,0.251661092042923,,,0.06919747400791088,,,0.0,0.0,0.007200569575658673,0,0,29,1,0,0.0,0,28,0,,,,,0.06500465147930415,,,,,
trial_0018,72,eval,0.47368421052631576,0.47368421052631576,,,,,,,,,,,,,,,,,,,,2.1052631578947367,,,,0.0,,,,
trial_0018,72,global,,,,0.2512770631943854,-0.015375200228498954,,,,,,,0,0,29,0,0,0.0,0,29,0,27,,0.13436532507739937,12.899619201093266,,,-0.8,1,0.8,1
trial_0018,73,train,,,0.2516891303214621,,,0.06849203211195926,,,0.0,0.0,0.006759058609741067,0,0,30,1,0,0.0,0,29,0,,,,,0.03580843570265681,,,,,
trial_0018,73,eval,0.5789473684210527,0.5789473684210527,,,,,,,,,,,,,,,,,,,,2.1052631578947367,,,,0.0,,,,
trial_0018,73,global,,,,0.24603355599500568,-0.010131693029119202,,,,,,,0,0,30,0,0,0.0,0,30,0,27,,0.1368421052631579,12.88582968224682,,,-0.8,1,0.8,1
trial_0018,74,train,,,0.25166444353600764,,,0.06753081590571301,,,0.0,0.0,0.006264374912450178,0,0,30,0,0,0.0,0,30,0,,,,,0.03486764087203018,,,,,
trial_0018,74,eval,,,,,,,0.631578947368421,2.421858099142187,,,,,,,,,,,,,,,,,,,,,,
trial_0018,74,global,,,,0.24552752773548872,-0.009625664769602237,,,,,,,0,0,30,0,0,0.0,0,30,0,27,,0.1386996904024768,13.034482024107186,,,-0.8,1,0.8,1
trial_0018,75,train,,,0.25167024928204557,,,0.06693415882739615,,,0.0,0.0,0.006232342060220037,0,0,30,0,0,0.0,0,30,0,,,,,0.03614251210671314,,,,,
trial_0018,75,eval,,,,,,,0.631578947368421,2.398933954144779,,,,,,,,,,,,,,,,,,,,,,
trial_0018,75,global,,,,0.24550793716867664,-0.009606074202790154,,,,,,,0,0,30,0,0,0.0,0,30,0,27,,0.13808049535603714,13.083789067224084,,,-0.8,1,0.8,1
trial_0018,76,train,,,0.25166680838199373,,,0.06627798460899516,,,0.0,0.0,0.006966571945900178,0,0,30,0,0,0.0,0,30,0,,,,,0.03461677830052027,,,,,
trial_0018,76,eval,,,,,,,0.631578947368421,2.519928718083783,,,,,,,,,,,,,,,,,,,,,,
trial_0018,76,global,,,,0.2517095208043581,-0.015807657838471604,,,,,,,0,0,30,0,0,0.0,0,30,0,27,,0.1325077399380805,12.991861240634977,,,-0.8,1,0.8,1
trial_0018,77,train,,,0.2516933153284357,,,0.0662276085386885,,,0.0,0.0,0.0061971700984515266,0,0,30,0,0,0.0,0,30,0,,,,,0.03289157287911215,,,,,
trial_0018,77,eval,,,,,,,0.6842105263157894,2.4032942591921276,,,,,,,,,,,,,,,,,,,,,,
trial_0018,77,global,,,,0.24480131893658122,-0.008899455970694766,,,,,,,0,0,30,0,0,0.0,0,30,0,27,,0.1386996904024768,13.449974277366426,,,-0.8,1,0.8,1
trial_0018,78,train,,,0.25169906337210474,,,0.06787639095428141,,,0.0,0.0,0.009560640420185087,0,0,31,1,0,0.0,0,30,0,,,,,0.13836889009268835,,,,,
trial_0018,78,eval,0.5263157894736842,0.5263157894736842,,,,,,,,,,,,,,,,,,,,2.1052631578947367,,,,0.0,,,,
trial_0018,78,global,,,,0.2478711773468572,-0.01129591370757006,,,,,,,0,0,31,0,0,0.0,0,31,0,27,,0.1368421052631579,13.140606491041627,,,-0.8,1,0.8,1
trial_0018,79,train,,,0.2517200968366988,,,0.06559122559872078,,,0.0,0.0,0.00553817735966964,0,0,32,1,0,0.0,0,31,0,,,,,0.028420041477743616,,,,,
trial_0018,79,eval,0.5263157894736842,0.5263157894736842,,,,,,,,,,,,,,,,,,,,2.1052631578947367,,,,0.0,,,,
trial_0018,79,global,,,,0.23959132800287078,-0.002342663690182953,,,,,,,0,0,32,0,0,0.0,0,32,0,27,,0.14551083591331268,13.204171346658523,,,-0.8,1,0.8,1
trial_0018,80,train,,,0.2516940629228632,,,0.06396040447214817,,,0.0,0.0,0.005424281496689606,0,0,33,1,0,0.0,0,32,0,,,,,0.031961300197315023,,,,,
trial_0018,80,eval,0.47368421052631576,0.47368421052631576,,,,,,,,,,,,,,,,,,,,2.1052631578947367,,,,0.0,,,,
trial_0018,80,global,,,,0.2439785147370591,-0.006729850424371274,,,,,,,0,0,33,0,0,0.0,0,33,0,27,,0.14055727554179567,13.465937696521864,,,-0.8,1,0.8,1
trial_0018,81,train,,,0.25170204645775734,,,0.064411720062824,,,0.0,0.0,0.004562246506015691,0,0,34,1,0,0.0,0,33,0,,,,,0.08114045626444226,,,,,
trial_0018,81,eval,0.5789473684210527,0.5789473684210527,,,,,,,,,,,,,,,,,,,,2.1052631578947367,,,,0.0,,,,
trial_0018,81,global,,,,0.24143060358570329,-0.0041819392730154765,,,,,,,0,0,34,0,0,0.0,0,34,0,27,,0.14489164086687306,13.291100757705168,,,-0.8,1,0.8,1
trial_0018,82,train,,,0.25168477125624394,,,0.06419780026090906,,,0.0,0.0,0.005480552290549547,0,0,34,0,0,0.0,0,34,0,,,,,0.024310914548906555,,,,,
trial_0018,82,eval,,,,,,,0.5789473684210527,2.757427164402447,,,,,,,,,,,,,,,,,,,,,,
trial_0018,82,global,,,,0.24750314436877408,-0.009581079382685584,,,,,,,0,0,34,0,0,0.0,0,34,0,27,,0.13808049535603714,13.182164034533427,,,-0.8,1,0.8,1
trial_0018,83,train,,,0.2516890542304262,,,0.0647045316848349,,,0.0,0.0,0.01287794484942037,0,0,34,0,0,0.0,0,34,0,,,,,0.11722082965908215,,,,,
trial_0018,83,eval,,,,,,,0.631578947368421,2.534225411566072,,,,,,,,,,,,,,,,,,,,,,
trial_0018,83,global,,,,0.24173542235856132,-0.002203051414340775,,,,,,,0,0,34,0,0,0.0,0,34,0,27,,0.14551083591331268,13.109871590912526,,,-0.8,1,0.8,1
trial_0018,84,train,,,0.25166335131259676,,,0.06355134794052611,,,0.0,0.0,0.005001432007563207,0,0,34,0,0,0.0,0,34,0,,,,,0.051752341887418264,,,,,
trial_0018,84,eval,,,,,,,0.631578947368421,2.4572551332806283,,,,,,,,,,,,,,,,,,,,,,
trial_0018,84,global,,,,0.24534200658069574,-0.005809635636475186,,,,,,,0,0,34,0,0,0.0,0,34,0,27,,0.14241486068111456,13.448645732867828,,,-0.8,1,0.8,1
trial_0018,85,train,,,0.2516449486955683,,,0.062336396663746935,,,0.0,0.0,0.003936391989554977,0,0,34,0,0,0.0,0,34,0,,,,,0.026721060341422225,,,,,
trial_0018,85,eval,,,,,,,0.631578947368421,2.417481946709909,,,,,,,,,,,,,,,,,,,,,,
trial_0018,85,global,,,,0.2449588702106945,-0.00542649926647397,,,,,,,0,0,34,0,0,0.0,0,34,0,27,,0.1417956656346749,13.687277764949267,,,-0.8,1,0.8,1
trial_0018,86,train,,,0.25161151302621715,,,0.06259353553995173,,,0.0,0.0,0.004258238273301841,0,0,35,1,0,0.0,0,34,0,,,,,0.08559232013835076,,,,,
trial_0018,86,eval,0.5263157894736842,0.5263157894736842,,,,,,,,,,,,,,,,,,,,2.1052631578947367,,,,0.0,,,,
trial_0018,86,global,,,,0.24909766755171547,-0.009565296607494937,,,,,,,0,0,35,0,0,0.0,0,35,0,27,,0.1386996904024768,13.565508300970214,,,-0.8,1,0.8,1
trial_0018,87,train,,,0.2515840660384361,,,0.06166579114629867,,,0.0,0.0,0.004154903705885444,0,0,36,1,0,0.0,0,35,0,,,,,0.021866229751167143,,,,,
trial_0018,87,eval,0.5263157894736842,0.5263157894736842,,,,,,,,,,,,,,,,,,,,2.1052631578947367,,,,0.0,,,,
trial_0018,87,global,,,,0.2442931495553435,-0.0034139772643216274,,,,,,,0,0,36,0,0,0.0,0,36,0,27,,0.14427244582043344,13.307587312397205,,,-0.8,1,0.8,1
trial_0018,88,train,,,0.2515728616334022,,,0.06127494700411532,,,0.0,0.0,0.004148853102967049,0,0,37,1,0,0.0,0,36,0,,,,,0.01995468489043018,,,,,
trial_0018,88,eval,0.47368421052631576,0.47368421052631576,,,,,,,,,,,,,,,,,,,,2.1052631578947367,,,,0.0,,,,
trial_0018,88,global,,,,0.2470703397770912,-0.006191167486069304,,,,,,,0,0,37,0,0,0.0,0,37,0,27,,0.14055727554179567,13.276552144809404,,,-0.8,1,0.8,1
trial_0018,89,train,,,0.25156092865669977,,,0.06055698369411712,,,0.0,0.0,0.0035646776188823816,0,0,38,1,0,0.0,0,37,0,,,,,0.01864780092096709,,,,,
trial_0018,89,eval,0.5789473684210527,0.5789473684210527,,,,,,,,,,,,,,,,,,,,2.1052631578947367,,,,0.0,,,,
trial_0018,89,global,,,,0.24328558803313907,-0.002406415742117196,,,,,,,0,0,38,0,0,0.0,0,38,0,27,,0.14489164086687306,13.580924402006639,,,-0.8,1,0.8,1
trial_0018,90,train,,,0.2515428367447346,,,0.05985083732199162,,,0.0,0.0,0.004348560900162991,0,0,38,0,0,0.0,0,38,0,,,,,0.019084722146471132,,,,,
trial_0018,90,eval,,,,,,,0.631578947368421,2.4051293197431063,,,,,,,,,,,,,,,,,,,,,,
trial_0018,90,global,,,,0.24759171668372884,-0.006712544392706973,,,,,,,0,0,38,0,0,0.0,0,38,0,27,,0.1411764705882353,13.760572989732488,,,-0.8,1,0.8,1
trial_0019,1,train,,,0.250413255223745,,,0.011868525308238554,,,0.0,0.0,0.002826578910698489,0,0,0,0,0,,0,0,0,,,,,2.198364117779309,,,,,
trial_0019,1,eval,,,,,,,0.3529411764705882,2.188348223181332,,,,,,,,,,,,,,,,,,,,,,
trial_0019,1,global,,,,,,,,,,,,0,0,0,0,0,,0,0,0,9,,0.12421052631578948,2.1968991023615785,,,,,,
trial_0019,2,train,,,0.25035767238351364,,,0.01406093903734714,,,0.0,0.0,0.021403028473812098,0,0,0,0,0,,0,0,0,,,,,2.168161128140703,,,,,
trial_0019,2,eval,,,,,,,0.11764705882352941,2.177986706004423,,,,,,,,,,,,,,,,,,,,,,
trial_0019,2,global,,,,0.015637860082304538,-0.004744613894940704,,,,,,,0,0,0,0,0,,0,0,0,9,,0.12,2.196198593440809,,,-0.07407407407407407,3,0.07407407407407407,3
trial_0019,3,train,,,0.2503510106213485,,,0.01924672515331944,,,0.0,0.0,0.021708456156893242,0,0,0,0,0,,0,0,0,,,,,2.090286965008023,,,,,
trial_0019,3,eval,,,,,,,0.058823529411764705,2.1432419103734635,,,,,,,,,,,,,,,,,,,,,,
trial_0019,3,global,,,,0.032195594287097555,-0.021302348099733723,,,,,,,0,0,0,0,0,,0,0,0,9,,0.1031578947368421,2.227276268005371,,,-0.11764705882352944,0,0.21568627450980393,0
trial_0019,4,train,,,0.2504074324535418,,,0.026924447073966642,,,0.0,0.0,0.028164782818359668,0,0,0,0,0,,0,0,0,,,,,1.949005514458765,,,,,
trial_0019,4,eval,,,,,,,0.1764705882352941,2.116357592975392,,,,,,,,,,,,,,,,,,,,,,
trial_0019,4,global,,,,0.05495037521181313,-0.004106364006298835,,,,,,,0,0,0,0,0,,0,0,0,9,,0.12210526315789473,2.21929620893378,,,-0.22222222222222232,1,0.23529411764705882,0
trial_0019,5,train,,,0.2504489052144787,,,0.032618372123452685,,,0.0,0.0,0.025057345805571805,0,0,0,0,0,,0,0,0,,,,,1.7256580807740176,,,,,
trial_0019,5,eval,,,,,,,0.1764705882352941,2.194470805280349,,,,,,,,,,,,,,,,,,,,,,
trial_0019,5,global,,,,0.05551571450132133,-0.004671703295807033,,,,,,,0,0,0,0,0,,0,0,0,9,,0.12,2.367144536972046,,,-0.13725490196078433,0,0.23529411764705882,0
trial_0019,6,train,,,0.250449224740644,,,0.037852033595495584,,,0.0,0.0,0.030406447728694996,0,0,0,0,0,,0,0,0,,,,,1.6220888750462592,,,,,
trial_0019,6,eval,,,,,,,0.2941176470588235,2.160558300859788,,,,,,,,,,,,,,,,,,,,,,
trial_0019,6,global,,,,0.04313725490196079,0.07603536864674595,,,,,,,0,0,0,0,0,,0,0,0,9,,0.20210526315789473,2.2992321983136628,,,-0.1568627450980392,0,0.2549019607843137,0
trial_0019,7,train,,,0.2504503953305981,,,0.04106861239747156,,,0.0,0.0,0.028008767403662208,0,0,0,0,0,,0,0,0,,,,,1.461183828492708,,,,,
trial_0019,7,eval,,,,,,,0.4117647058823529,2.328214357880985,,,,,,,,,,,,,,,,,,,,,,
trial_0019,7,global,,,,0.08416901687991951,0.04037995075480874,,,,,,,0,0,0,0,0,,0,0,0,9,,0.16842105263157894,2.5493343428561563,,,-0.13333333333333341,1,0.196078431372549,0
trial_0019,8,train,,,0.2504499611220782,,,0.04289673985559729,,,0.0,0.0,0.03686598333282561,0,0,0,0,0,,0,0,0,,,,,1.3344773469091968,,,,,
trial_0019,8,eval,,,,,,,0.4705882352941177,2.237904317238751,,,,,,,,,,,,,,,,,,,,,,
trial_0019,8,global,,,,0.06442817075131396,0.06012079688341428,,,,,,,0,0,0,0,0,,0,0,0,9,,0.18736842105263157,2.5633808718229596,,,-0.1777777777777778,1,0.1777777777777778,1
trial_0019,9,train,,,0.2504727395274971,,,0.04503873066057133,,,0.0,0.0,0.03703052772657026,0,0,1,1,0,,0,0,0,,,,,1.1080504470422299,,,,,
trial_0019,9,eval,0.3529411764705882,0.3529411764705882,,,,,,,,,,,,,,,,,,,,2.8823529411764706,,,,0.0,,,,
trial_0019,9,global,,,,0.0680981117858945,0.058629505086306516,,,,,,,0,0,1,0,0,0.0,0,1,0,9,,0.1831578947368421,2.7947400143272,,,-0.1777777777777778,1,0.1777777777777778,1
trial_0019,10,train,,,0.25047778404211696,,,0.04745376732530473,,,0.0,0.0,0.0381455257629292,0,0,1,0,0,0.0,0,1,0,,,,,0.9945194490159615,,,,,
trial_0019,10,eval,,,,,,,0.411764705882353,2.291026914820952,,,,,,,,,,,,,,,,,,,,,,
trial_0019,10,global,,,,0.055687401512629554,0.07784293644800683,,,,,,,0,0,1,0,0,0.0,0,1,0,9,,0.20421052631578948,2.8339464704613935,,,-0.24444444444444446,1,0.24444444444444446,1
trial_0019,11,train,,,0.2503997465205747,,,0.024893306369005247,,,0.0,0.0,0.04858662930945333,0,0,1,0,0,0.0,0,1,0,,,,,16.362019633137905,,,,,
trial_0019,11,eval,,,,,,,0.15789473684210525,4.653566096958361,,,,,,,,,,,,,,,,,,,,,,
trial_0019,11,global,,,,0.25516318863176907,-0.12163285067113266,,,,,,,0,0,1,0,0,0.0,0,1,0,18,,0.07464114832535886,6.336465179863159,,,-0.6888888888888889,1,0.6888888888888889,1
trial_0019,12,train,,,0.25031253816776494,,,0.03500999614249828,,,0.0,1.0,0.19756002226887748,0,0,1,0,0,0.0,0,1,0,,,,,3.2131648202275116,,,,,
trial_0019,12,eval,,,,,,,0.05263157894736842,2.9473162952222323,,,,,,,,,,,,,,,,,,,,,,
trial_0019,12,global,,,,0.15046200497706785,-0.05861498554897821,,,,,,,0,0,1,0,0,0.0,0,1,0,18,,0.07559808612440191,4.993009190810354,,,-0.6000000000000001,1,0.6000000000000001,1
trial_0019,13,train,,,0.25030377281959665,,,0.03389807253382927,,,0.0,0.3488372093023256,0.09641539282923522,0,0,1,0,0,0.0,0,1,0,,,,,1.9169581432675207,,,,,
trial_0019,13,eval,,,,,,,0.10526315789473684,2.1972518845608358,,,,,,,,,,,,,,,,,,,,,,
trial_0019,13,global,,,,0.1714846148117957,-0.04557868878728678,,,,,,,0,0,1,0,0,0.0,0,1,0,18,,0.0937799043062201,4.809234761507317,,,-0.8,1,0.8,1
trial_0019,14,train,,,0.25028262027474335,,,0.03323912239351938,,,0.0,0.09302325581395349,0.06372165077820768,0,0,2,1,0,0.0,0,1,0,,,,,1.7075370979863544,,,,,
trial_0019,14,eval,0.15789473684210525,0.15789473684210525,,,,,,,,,,,,,,,,,,,,1.6842105263157894,,,,0.0,,,,
trial_0019,14,global,,,,0.17692573626598904,-0.04245608219418401,,,,,,,0,0,2,0,0,0.0,0,2,0,18,,0.09856459330143541,5.196533116199183,,,-0.8,1,0.8,1
trial_0019,15,train,,,0.25027851968310594,,,0.0346201921618262,,,0.09302325581395349,0.0,0.06192717266290688,0,0,2,0,0,0.0,0,2,0,,,,,1.5732376922008604,,,,,
trial_0019,15,eval,,,,,,,0.2631578947368421,1.946354866027832,,,,,,,,,,,,,,,,,,,,,,
trial_0019,15,global,,,,0.17922322091641488,-0.03652311416971272,,,,,,,0,0,2,0,0,0.0,0,2,0,18,,0.10334928229665072,4.937226001383586,,,-0.8,1,0.8,1
trial_0019,16,train,,,0.2502784228255583,,,0.03530828689419946,,,0.0,0.0,0.049008740051541225,0,0,2,0,0,0.0,0,2,0,,,,,1.3634918620420056,,,,,
trial_0019,16,eval,,,,,,,0.3157894736842105,2.243400448247006,,,,,,,,,,,,,,,,,,,,,,
trial_0019,16,global,,,,0.16319584475831977,-0.015308234389059214,,,,,,,0,0,2,0,0,0.0,0,2,0,18,,0.12631578947368421,5.3320439222326685,,,-0.8,1,0.8,1
trial_0019,17,train,,,0.25030214010283003,,,0.0372226896674134,,,0.0,0.09302325581395349,0.05059818702121807,0,0,3,1,0,0.0,0,2,0,,,,,1.325585706081501,,,,,
trial_0019,17,eval,0.15789473684210525,0.15789473684210525,,,,,,,,,,,,,,,,,,,,1.6842105263157894,,,,0.0,,,,
trial_0019,17,global,,,,0.18019894055410635,-0.027167297263035087,,,,,,,0,0,3,0,0,0.0,0,3,0,18,,0.11291866028708133,5.101382375105716,,,-0.8,1,0.8,1
trial_0019,18,train,,,0.2503294144258943,,,0.03895497599313425,,,0.0,0.0,0.04258288588634757,0,0,3,0,0,0.0,0,3,0,,,,,1.183677936293358,,,,,
trial_0019,18,eval,,,,,,,0.3684210526315789,2.105502768566734,,,,,,,,,,,,,,,,,,,,,,
trial_0019,18,global,,,,0.1681431979428082,-0.014329082038278394,,,,,,,0,0,3,0,0,0.0,0,3,0,18,,0.12727272727272726,5.499274034363231,,,-0.8,1,0.8,1
trial_0019,19,train,,,0.2503732531223186,,,0.04125823635001515,,,0.0,0.0,0.0453594270833703,0,0,3,0,0,0.0,0,3,0,,,,,1.1679803911336633,,,,,
trial_0019,19,eval,,,,,,,0.3684210526315789,1.762235911268937,,,,,,,,,,,,,,,,,,,,,,
trial_0019,19,global,,,,0.17130416103657067,-0.015619487705927923,,,,,,,0,0,3,0,0,0.0,0,3,0,18,,0.12535885167464114,5.255523077722942,,,-0.8,1,0.8,1
trial_0019,20,train,,,0.25041613606519475,,,0.04341015358303868,,,0.0,0.0,0.03919246117909288,0,0,3,0,0,0.0,0,3,0,,,,,1.0499202523120614,,,,,
trial_0019,20,eval,,,,,,,0.3684210526315789,2.1288813729035225,,,,,,,,,,,,,,,,,,,,,,
trial_0019,20,global,,,,0.16550833106233695,-0.00982365773169419,,,,,,,0,0,3,0,0,0.0,0,3,0,18,,0.1320574162679426,5.741101797916102,,,-0.8,1,0.8,1
trial_0019,21,train,,,0.25048497541153686,,,0.0661716194863015,,,0.0,0.0,0.026513388420039072,0,0,3,0,0,0.0,0,3,0,,,,,17.445976431826328,,,,,
trial_0019,21,eval,,,,,,,0.21052631578947367,2.165757574533161,,,,,,,,,,,,,,,,,,,,,,
trial_0019,21,global,,,,0.26937263614637874,-0.113687962815736,,,,,,,0,0,3,0,0,0.0,0,3,0,27,,0.06191950464396285,6.967285380643957,,,-0.8,1,0.8,1
trial_0019,22,train,,,0.25044481424575155,,,0.04983048426344039,,,0.0,0.9999999999999999,0.1878242791570882,0,0,4,1,0,0.0,0,3,0,,,,,2.146385448536974,,,,,
trial_0019,22,eval,0.21052631578947367,0.15789473684210525,,,,,,,,,,,,,,,,,,,,2.1052631578947367,,,,0.3684210526315789,,,,
trial_0019,22,global,,,,0.22013032686952416,-0.07072576493516815,,,,,,,0,0,4,0,0,0.25,0,4,0,27,,0.07306501547987616,8.385788759875224,,,-0.8,1,0.8,1
trial_0019,23,train,,,0.2504321786951511,,,0.05117003841603055,,,0.0,0.0,0.03205552796258571,0,0,5,1,0,0.25,0,4,0,,,,,1.605679426294692,,,,,
trial_0019,23,eval,0.21052631578947367,0.2631578947368421,,,,,,,,,,,,,,,,,,,,2.1052631578947367,,,,0.0,,,,
trial_0019,23,global,,,,0.24119383236964123,-0.06766822910409896,,,,,,,0,0,5,0,0,0.0,0,5,0,27,,0.07492260061919505,8.812523747966754,,,-0.8,1,0.8,1
trial_0019,24,train,,,0.25042145588296527,,,0.050678069287158074,,,0.0,0.0,0.042790277754055694,0,0,5,0,0,0.0,0,5,0,,,,,1.3847346298238064,,,,,
trial_0019,24,eval,,,,,,,0.47368421052631576,1.7036497781151219,,,,,,,,,,,,,,,,,,,,,,
trial_0019,24,global,,,,0.23823109387379993,-0.054806395737214464,,,,,,,0,0,5,0,0,0.0,0,5,0,27,,0.09226006191950464,8.683288151413295,,,-0.8,1,0.8,1
trial_0019,25,train,,,0.2504170036062281,,,0.05281194283607158,,,0.0,0.0,0.03267569145623675,0,0,6,1,0,0.0,0,5,0,,,,,1.2159175546879464,,,,,
trial_0019,25,eval,0.47368421052631576,0.5263157894736842,,,,,,,,,,,,,,,,,,,,2.1052631578947367,,,,0.0,,,,
trial_0019,25,global,,,,0.23417604754225754,-0.04586576064998136,,,,,,,0,0,6,0,0,0.0,0,6,0,27,,0.09969040247678018,8.763140708521792,,,-0.8,1,0.8,1
trial_0019,26,train,,,0.25038967043795485,,,0.05306563669062675,,,0.0,0.0,0.036214007270780016,0,0,6,0,0,0.0,0,6,0,,,,,1.0263601748233147,,,,,
trial_0019,26,eval,,,,,,,0.5263157894736842,1.5987904260033052,,,,,,,,,,,,,,,,,,,,,,
trial_0019,26,global,,,,0.2319277121127523,-0.03687452957030904,,,,,,,0,0,6,0,0,0.0,0,6,0,27,,0.10959752321981424,8.939466269761786,,,-0.8,1,0.8,1
trial_0019,27,train,,,0.2503583215652628,,,0.053618512889172174,,,0.0,0.0,0.03606130024220081,0,0,6,0,0,0.0,0,6,0,,,,,0.8930518594193966,,,,,
trial_0019,27,eval,,,,,,,0.47368421052631576,1.6179389671275488,,,,,,,,,,,,,,,,,,,,,,
trial_0019,27,global,,,,0.23993793728156432,-0.04296010823436737,,,,,,,0,0,6,0,0,0.0,0,6,0,27,,0.10464396284829722,9.11286881626944,,,-0.8,1,0.8,1
trial_0019,28,train,,,0.25034987070459,,,0.05483282563534188,,,0.0,0.0,0.03408428374281589,0,0,6,0,0,0.0,0,6,0,,,,,0.8013676068884261,,,,,
trial_0019,28,eval,,,,,,,0.47368421052631576,1.632063859387448,,,,,,,,,,,,,,,,,,,,,,
trial_0019,28,global,,,,0.24017190421468654,-0.04131497638326652,,,,,,,0,0,6,0,0,0.0,0,6,0,27,,0.1065015479876161,9.245976906885673,,,-0.8,1,0.8,1
trial_0019,29,train,,,0.25036244950395947,,,0.05738453535323447,,,0.0,0.0,0.032841554292021916,0,0,6,0,0,0.0,0,6,0,,,,,0.7395964448756359,,,,,
trial_0019,29,eval,,,,,,,0.5263157894736842,1.661896062524695,,,,,,,,,,,,,,,,,,,,,,
trial_0019,29,global,,,,0.24080048056440792,-0.04194355273298788,,,,,,,0,0,6,0,0,0.0,0,6,0,27,,0.10526315789473684,9.14516545818317,,,-0.8,1,0.8,1
trial_0019,30,train,,,0.2503888321683762,,,0.05910959395956486,,,0.0,0.0,0.032718385748089635,0,0,7,1,0,0.0,0,6,0,,,,,0.6847472988544625,,,,,
trial_0019,30,eval,0.42105263157894735,0.47368421052631576,,,,,,,,,,,,,,,,,,,,2.1052631578947367,,,,0.0,,,,
trial_0019,30,global,,,,0.2423299530899907,-0.04279962458517,,,,,,,0,0,7,0,0,0.0,0,7,0,27,,0.10402476780185758,9.337590478005424,,,-0.8,1,0.8,1
trial_0019,31,train,,,0.25042157287293293,,,0.061160099633196574,,,0.0,0.0,0.03206233417496403,0,0,8,1,0,0.0,0,7,0,,,,,0.6293948472180265,,,,,
trial_0019,31,eval,0.42105263157894735,0.42105263157894735,,,,,,,,,,,,,,,,,,,,2.1052631578947367,,,,0.0,,,,
trial_0019,31,global,,,,0.24303907989560875,-0.04350875139078803,,,,,,,0,0,8,0,0,0.0,0,8,0,27,,0.10340557275541795,9.557757771494957,,,-0.8,1,0.8,1
trial_0019,32,train,,,0.2504604585627292,,,0.06291606197965906,,,0.0,0.0,0.031596964225172997,0,0,8,0,0,0.0,0,8,0,,,,,0.5808516426923427,,,,,
trial_0019,32,eval,,,,,,,0.5789473684210527,1.673149872767298,,,,,,,,,,,,,,,,,,,,,,
trial_0019,32,global,,,,0.24394064547779698,-0.043063515626174914,,,,,,,0,0,8,0,0,0.0,0,8,0,27,,0.10464396284829722,9.794260087618518,,,-0.8,1,0.8,1
trial_0019,33,train,,,0.25050694225950443,,,0.06519542602782555,,,0.0,0.0,0.030823095099247518,0,0,9,1,0,0.0,0,8,0,,,,,0.5372897726424197,,,,,
trial_0019,33,eval,0.47368421052631576,0.5263157894736842,,,,,,,,,,,,,,,,,,,,2.1052631578947367,,,,0.0,,,,
trial_0019,33,global,,,,0.24312447490853997,-0.04184476856738492,,,,,,,0,0,9,0,0,0.0,0,9,0,27,,0.10588235294117647,9.968182028188794,,,-0.8,1,0.8,1
trial_0019,34,train,,,0.2505506993608272,,,0.06693429705944468,,,0.0,0.0,0.030524829010221556,0,0,10,1,0,0.0,0,9,0,,,,,0.4982926361104275,,,,,
trial_0019,34,eval,0.47368421052631576,0.5263157894736842,,,,,,,,,,,,,,,,,,,,2.1052631578947367,,,,0.0,,,,
trial_0019,34,global,,,,0.23989516535206992,-0.03636530042017657,,,,,,,0,0,10,0,0,0.0,0,10,0,27,,0.11145510835913312,10.12954193209716,,,-0.8,1,0.8,1
trial_0019,35,train,,,0.2505928217730624,,,0.06882296217248796,,,0.0,0.0,0.029976385609900704,0,0,10,0,0,0.0,0,10,0,,,,,0.4614802371314231,,,,,
trial_0019,35,eval,,,,,,,0.5263157894736842,1.6972108593112545,,,,,,,,,,,,,,,,,,,,,,
trial_0019,35,global,,,,0.24173617153593893,-0.03685950525724422,,,,,,,0,0,10,0,0,0.0,0,10,0,27,,0.1108359133126935,10.250819970948777,,,-0.8,1,0.8,1
trial_0019,36,train,,,0.25064126386287366,,,0.07073736381023488,,,0.0,0.0,0.02950422006877179,0,0,10,0,0,0.0,0,10,0,,,,,0.4260684419502603,,,,,
trial_0019,36,eval,,,,,,,0.5263157894736842,1.7322624812000675,,,,,,,,,,,,,,,,,,,,,,
trial_0019,36,global,,,,0.23812219799160403,-0.03180052610123706,,,,,,,0,0,10,0,0,0.0,0,10,0,27,,0.11517027863777089,10.288364759982555,,,-0.8,1,0.8,1
trial_0019,37,train,,,0.2506926370427963,,,0.07227556248928638,,,0.0,0.0,0.029264365792512265,0,0,10,0,0,0.0,0,10,0,,,,,0.39567506823768006,,,,,
trial_0019,37,eval,,,,,,,0.5263157894736842,1.750667988469726,,,,,,,,,,,,,,,,,,,,,,
trial_0019,37,global,,,,0.23969895590894166,-0.03286992734683446,,,,,,,0,0,10,0,0,0.0,0,10,0,27,,0.11393188854489164,10.415614618826947,,,-0.8,1,0.8,1
trial_0019,38,train,,,0.25074764071626865,,,0.07397822560148036,,,0.0,0.0,0.028450880096630847,0,0,11,1,0,0.0,0,10,0,,,,,0.36413063730331174,,,,,
trial_0019,38,eval,0.42105263157894735,0.47368421052631576,,,,,,,,,,,,,,,,,,,,2.1052631578947367,,,,0.15789473684210525,,,,
trial_0019,38,global,,,,0.2395205721969958,-0.03134474228808723,,,,,,,0,0,11,0,0,0.25,0,11,0,27,,0.11517027863777089,10.41918667772606,,,-0.8,1,0.8,1
trial_0019,39,train,,,0.2507932642672924,,,0.0746022824277269,,,0.0,0.0,0.028568002696525548,0,0,12,1,0,0.25,0,11,0,,,,,0.3400565817318064,,,,,
trial_0019,39,eval,0.42105263157894735,0.42105263157894735,,,,,,,,,,,,,,,,,,,,2.1052631578947367,,,,0.0,,,,
trial_0019,39,global,,,,0.24188514232472383,-0.033709312415815255,,,,,,,0,0,12,0,0,0.0,0,12,0,27,,0.11331269349845201,10.693013853185317,,,-0.8,1,0.8,1
trial_0019,40,train,,,0.25085086835191606,,,0.07631975158731988,,,0.0,0.0,0.026862659236971054,0,0,12,0,0,0.0,0,12,0,,,,,0.30462927881707536,,,,,
trial_0019,40,eval,,,,,,,0.5789473684210527,1.8489309604230681,,,,,,,,,,,,,,,,,,,,,,
trial_0019,40,global,,,,0.23867973039370108,-0.027038692852918236,,,,,,,0,0,12,0,0,0.0,0,12,0,27,,0.11764705882352941,10.60392671472886,,,-0.8,1,0.8,1
trial_0019,41,train,,,0.2508911728224856,,,0.07604465712892249,,,0.0,0.0,0.027950171204878298,0,0,13,1,0,0.0,0,12,0,,,,,0.29858303656603424,,,,,
trial_0019,41,eval,0.5789473684210527,0.47368421052631576,,,,,,,,,,,,,,,,,,,,2.1052631578947367,,,,0.42105263157894735,,,,
trial_0019,41,global,,,,0.25573916991582996,-0.024200837169109923,,,,,,,1,1,13,0,0,0.5,1,12,0,27,,0.11888544891640866,6.609136214123422,,,-0.8,1,0.8,1
trial_0019,42,train,,,0.25089227700535255,,,0.07792364192914358,,,0.0,0.0,0.023402731112334173,1,1,13,0,0,0.5,1,12,0,,,,,0.2556196954808657,,,,,
trial_0019,42,eval,,,,,,,0.5263157894736842,1.9386337085774072,,,,,,,,,,,,,,,,,,,,,,
trial_0019,42,global,,,,0.26865233735865046,-0.03609929126844998,,,,,,,1,0,13,0,0,0.5,0,12,1,27,,0.10897832817337462,11.484881908310456,,,-0.8,1,0.8,1
trial_0019,43,train,,,0.2509546485987115,,,0.07789295975198136,,,0.0,0.0,0.025737878320580155,1,0,14,1,0,0.5,0,12,1,,,,,0.24668338355865885,,,,,
trial_0019,43,eval,0.47368421052631576,0.47368421052631576,,,,,,,,,,,,,,,,,,,,2.1052631578947367,,,,0.0,,,,
trial_0019,43,global,,,,0.2591205822991226,-0.02579593127065048,,,,,,,1,0,14,0,0,0.0,0,13,1,27,,0.11888544891640866,11.079142716351678,,,-0.8,1,0.8,1
trial_0019,44,train,,,0.250989113399323,,,0.07620657631691466,,,0.0,0.0,0.026443896433734834,1,0,14,0,0,0.0,0,13,1,,,,,0.2527287536320534,,,,,
trial_0019,44,eval,,,,,,,0.5789473684210527,2.0633651237738757,,,,,,,,,,,,,,,,,,,,,,
trial_0019,44,global,,,,0.2730583839006831,-0.03618223617002939,,,,,,,1,0,14,0,0,0.0,0,13,1,27,,0.1108359133126935,11.772652362079443,,,-0.8,1,0.8,1
trial_0019,45,train,,,0.25104029888802387,,,0.07845846642839147,,,0.0,0.0,0.026407836853189672,1,0,14,0,0,0.0,0,13,1,,,,,0.2540033756418431,,,,,
trial_0019,45,eval,,,,,,,0.42105263157894735,2.072215913157714,,,,,,,,,,,,,,,,,,,,,,
trial_0019,45,global,,,,0.26467960105138855,-0.02703184838246316,,,,,,,1,0,14,0,0,0.0,0,13,1,27,,0.11640866873065016,11.629313012468556,,,-0.8,1,0.8,1
trial_0019,46,train,,,0.25108476458711826,,,0.07791411242586502,,,0.0,0.0,0.02544563022006224,1,0,15,1,0,0.0,0,13,1,,,,,0.2016568991890613,,,,,
trial_0019,46,eval,0.5263157894736842,0.47368421052631576,,,,,,,,,,,,,,,,,,,,2.1052631578947367,,,,0.5263157894736842,,,,
trial_0019,46,global,,,,0.2575672230421705,-0.019004975631589916,,,,,,,2,1,15,0,0,0.5,1,13,1,27,,0.12693498452012383,6.5884749019847195,,,-0.8,1,0.8,1
trial_0019,47,train,,,0.2511176309415272,,,0.06845983948026385,,,0.0,0.0,0.02644522529428027,2,1,15,0,0,0.5,1,13,1,,,,,0.2333192785509995,,,,,
trial_0019,47,eval,,,,,,,0.5263157894736842,2.0964989583743248,,,,,,,,,,,,,,,,,,,,,,
trial_0019,47,global,,,,0.2661995125131107,-0.020692820658085656,,,,,,,2,1,15,0,0,0.5,1,13,1,27,,0.11764705882352941,11.90753496010606,,,-0.8,1,0.8,1
trial_0019,48,train,,,0.25116667468497095,,,0.07813737176834269,,,0.0,0.0,0.026782027469264308,2,1,15,0,0,0.5,1,13,1,,,,,0.19337484816762995,,,,,
trial_0019,48,eval,,,,,,,0.6842105263157894,1.8727342831461053,,,,,,,,,,,,,,,,,,,,,,
trial_0019,48,global,,,,0.26884078992002586,-0.023334098065000843,,,,,,,2,1,15,0,0,0.5,1,13,1,27,,0.12136222910216718,12.214194557024598,,,-0.8,1,0.8,1
trial_0019,49,train,,,0.2512107472470466,,,0.07939253018257464,,,0.0,0.0,0.019243862398929813,2,1,15,0,0,0.5,1,13,1,,,,,0.1631188911484911,,,,,
trial_0019,49,eval,,,,,,,0.5789473684210527,1.9598739256984308,,,,,,,,,,,,,,,,,,,,,,
trial_0019,49,global,,,,0.2669878562492644,-0.021481164394239378,,,,,,,2,0,15,0,0,0.5,0,13,2,27,,0.11888544891640866,12.307828358747642,,,-0.8,1,0.8,1
trial_0019,50,train,,,0.2512118213988365,,,0.08237812366891414,,,0.0,0.0,0.022990217023192257,2,0,16,1,0,0.5,0,13,2,,,,,0.17744527543161778,,,,,
trial_0019,50,eval,0.47368421052631576,0.47368421052631576,,,,,,,,,,,,,,,,,,,,2.1052631578947367,,,,0.0,,,,
trial_0019,50,global,,,,0.27105911596212906,-0.02555242410710404,,,,,,,2,0,16,0,0,0.0,0,14,2,27,,0.11640866873065016,12.13146586226236,,,-0.8,1,0.8,1
trial_0019,51,train,,,0.25125906632301653,,,0.08227360375384067,,,0.0,0.0,0.023849875359558206,2,0,17,1,0,0.0,0,14,2,,,,,0.16916995157903814,,,,,
trial_0019,51,eval,0.47368421052631576,0.47368421052631576,,,,,,,,,,,,,,,,,,,,2.1052631578947367,,,,0.0,,,,
trial_0019,51,global,,,,0.2672470837177622,-0.021740391862737154,,,,,,,2,0,17,0,0,0.0,0,15,2,27,,0.1238390092879257,12.545188481003139,,,-0.8,1,0.8,1
trial_0019,52,train,,,0.25130765425397994,,,0.0824912723074568,,,0.0,0.0,0.019340465602742392,2,0,18,1,0,0.0,0,15,2,,,,,0.1382638713543085,,,,,
trial_0019,52,eval,0.5789473684210527,0.5263157894736842,,,,,,,,,,,,,,,,,,,,2.1052631578947367,,,,0.15789473684210525,,,,
trial_0019,52,global,,,,0.2721600015229913,-0.02594105895571557,,,,,,,2,0,18,0,0,0.25,0,16,2,27,,0.11578947368421053,12.650891906927244,,,-0.8,1,0.8,1
trial_0019,53,train,,,0.25136460680910877,,,0.08275962129552314,,,0.0,0.0,0.024226504071377854,2,0,18,0,0,0.25,0,16,2,,,,,0.1766814891486726,,,,,
trial_0019,53,eval,,,,,,,0.6842105263157895,1.9457871811954597,,,,,,,,,,,,,,,,,,,,,,
trial_0019,53,global,,,,0.26728972006328255,-0.021070777496006787,,,,,,,2,0,18,0,0,0.25,0,16,2,27,,0.1256965944272446,12.761027408753387,,,-0.8,1,0.8,1
trial_0019,54,train,,,0.25141026111359294,,,0.08490736814255409,,,0.0,0.0,0.018130966310111924,2,0,18,0,0,0.25,0,16,2,,,,,0.11852529452360691,,,,,
trial_0019,54,eval,,,,,,,0.5789473684210527,2.0619545375045973,,,,,,,,,,,,,,,,,,,,,,
trial_0019,54,global,,,,0.26822486422727104,-0.022005921659995323,,,,,,,2,0,18,0,0,0.25,0,16,2,27,,0.12012383900928793,12.332138883513933,,,-0.8,1,0.8,1
trial_0019,55,train,,,0.2514638805643041,,,0.08448788587083207,,,0.0,0.0,0.023522008365971295,2,0,18,0,0,0.25,0,16,2,,,,,0.17042911453767023,,,,,
trial_0019,55,eval,,,,,,,0.631578947368421,1.9606523223613437,,,,,,,,,,,,,,,,,,,,,,
trial_0019,55,global,,,,0.26554165106616545,-0.019322708498889708,,,,,,,2,0,18,0,0,0.25,0,16,2,27,,0.12631578947368421,12.401644512448149,,,-0.8,1,0.8,1
trial_0019,56,train,,,0.25150938585717625,,,0.08720963305615365,,,0.0,0.0,0.017622144150354485,2,0,18,0,0,0.25,0,16,2,,,,,0.12297679790632521,,,,,
trial_0019,56,eval,,,,,,,0.631578947368421,2.064182563831932,,,,,,,,,,,,,,,,,,,,,,
trial_0019,56,global,,,,0.2678526098634868,-0.02163366729621103,,,,,,,2,0,18,0,0,0.25,0,16,2,27,,0.12012383900928793,11.624199789891671,,,-0.8,1,0.8,1
trial_0019,57,train,,,0.25156487556214024,,,0.08615522181734125,,,0.0,0.0,0.02297404945946913,2,0,19,1,0,0.25,0,16,2,,,,,0.13768712106220266,,,,,
trial_0019,57,eval,0.47368421052631576,0.47368421052631576,,,,,,,,,,,,,,,,,,,,2.1052631578947367,,,,0.0,,,,
trial_0019,57,global,,,,0.26683026684149286,-0.02061132427421708,,,,,,,2,0,19,0,0,0.0,0,17,2,27,,0.12631578947368421,12.131840453723635,,,-0.8,1,0.8,1
trial_0019,58,train,,,0.2516078723871962,,,0.08858900501372967,,,0.0,0.0,0.01724078049685093,2,0,20,1,0,0.0,0,17,2,,,,,0.11572707680628652,,,,,
trial_0019,58,eval,0.5263157894736842,0.5789473684210527,,,,,,,,,,,,,,,,,,,,2.1052631578947367,,,,0.0,,,,
trial_0019,58,global,,,,0.265894703910147,-0.019675761342871283,,,,,,,2,0,20,0,0,0.0,0,18,2,27,,0.12198142414860681,11.299311693976907,,,-0.8,1,0.8,1
trial_0019,59,train,,,0.25165767872587164,,,0.08573538064956665,,,0.0,0.0,0.021182440842273942,2,0,21,1,0,0.0,0,18,2,,,,,0.11079563496119164,,,,,
trial_0019,59,eval,0.47368421052631576,0.42105263157894735,,,,,,,,,,,,,,,,,,,,2.1052631578947367,,,,0.15789473684210525,,,,
trial_0019,59,global,,,,0.26533156223058946,-0.01860526299157346,,,,,,,2,0,21,0,0,0.25,0,19,2,27,,0.12755417956656348,12.1388208773114,,,-0.8,1,0.8,1
trial_0019,60,train,,,0.2516877048827232,,,0.08821105069302498,,,0.0,0.0,0.015152152902830613,2,0,22,1,0,0.25,0,19,2,,,,,0.0955684384965199,,,,,
trial_0019,60,eval,0.5263157894736842,0.631578947368421,,,,,,,,,,,,,,,,,,,,2.1052631578947367,,,,0.0,,,,
trial_0019,60,global,,,,0.2639207468665513,-0.017194447627535334,,,,,,,2,0,22,0,0,0.0,0,20,2,27,,0.1238390092879257,11.424150399600759,,,-0.8,1,0.8,1
trial_0019,61,train,,,0.25171761183028524,,,0.08581290473329259,,,0.0,0.0,0.017469331474870724,2,0,22,0,0,0.0,0,20,2,,,,,0.08780523183101668,,,,,
trial_0019,61,eval,,,,,,,0.5789473684210527,2.182933354064038,,,,,,,,,,,,,,,,,,,,,,
trial_0019,61,global,,,,0.2722779461040821,-0.025551646865066127,,,,,,,2,0,22,0,0,0.0,0,20,2,27,,0.1195046439628483,12.005215652513062,,,-0.8,1,0.8,1
trial_0019,62,train,,,0.2517423081271192,,,0.08434743957316622,,,0.0,0.0,0.014460791808619918,2,0,22,0,0,0.0,0,20,2,,,,,0.07500532217561565,,,,,
trial_0019,62,eval,,,,,,,0.631578947368421,1.9300885280888331,,,,,,,,,,,,,,,,,,,,,,
trial_0019,62,global,,,,0.2649743780227016,-0.018248078783685628,,,,,,,2,0,22,0,0,0.0,0,20,2,27,,0.12321981424148606,11.92627402385322,,,-0.8,1,0.8,1
trial_0019,63,train,,,0.25174578738973497,,,0.08271583724529186,,,0.0,0.0,0.014013284044228793,2,0,22,0,0,0.0,0,20,2,,,,,0.06380154891137747,,,,,
trial_0019,63,eval,,,,,,,0.6842105263157894,2.0096194548042194,,,,,,,,,,,,,,,,,,,,,,
trial_0019,63,global,,,,0.27033203856879523,-0.023605739329779253,,,,,,,2,0,22,0,0,0.0,0,20,2,27,,0.12012383900928793,12.232589887022604,,,-0.8,1,0.8,1
trial_0019,64,train,,,0.2517656427114568,,,0.08082144437952245,,,0.0,0.0,0.011934659654767492,2,0,22,0,0,0.0,0,20,2,,,,,0.05501664743382246,,,,,
trial_0019,64,eval,,,,,,,0.631578947368421,1.9449596210922064,,,,,,,,,,,,,,,,,,,,,,
trial_0019,64,global,,,,0.2602114702524381,-0.013485171013422155,,,,,,,2,0,22,0,0,0.0,0,20,2,27,,0.12941176470588237,12.44120405451063,,,-0.8,1,0.8,1
trial_0019,65,train,,,0.2517773236366029,,,0.08345411495959504,,,0.0,0.0,0.013378734832928032,2,0,23,1,0,0.0,0,20,2,,,,,0.08499540879609102,,,,,
trial_0019,65,eval,0.5263157894736842,0.5263157894736842,,,,,,,,,,,,,,,,,,,,2.1052631578947367,,,,0.0,,,,
trial_0019,65,global,,,,0.2654547840910164,-0.018728484852000432,,,,,,,2,0,23,0,0,0.0,0,21,2,27,,0.12445820433436533,12.164432891751222,,,-0.8,1,0.8,1
trial_0019,66,train,,,0.2517908079192993,,,0.08012002009026548,,,0.0,0.0,0.010873247701625163,2,0,24,1,0,0.0,0,21,2,,,,,0.05545111361177677,,,,,
trial_0019,66,eval,0.5263157894736842,0.5789473684210527,,,,,,,,,,,,,,,,,,,,2.1052631578947367,,,,0.0,,,,
trial_0019,66,global,,,,0.2573460014386226,-0.010619702199606583,,,,,,,2,0,24,0,0,0.0,0,22,2,27,,0.1306501547987616,12.723535718415913,,,-0.8,1,0.8,1
trial_0019,67,train,,,0.25180548175852346,,,0.08206879585347276,,,0.0,0.0,0.010442100019018324,2,0,25,1,0,0.0,0,22,2,,,,,0.05638610297179919,,,,,
trial_0019,67,eval,0.5263157894736842,0.5263157894736842,,,,,,,,,,,,,,,,,,,,2.1052631578947367,,,,0.0,,,,
trial_0019,67,global,,,,0.2600124940455114,-0.013286194806495424,,,,,,,2,0,25,0,0,0.0,0,23,2,27,,0.13126934984520125,12.785430034247714,,,-0.8,1,0.8,1
trial_0019,68,train,,,0.2518035389007406,,,0.07981427743079814,,,0.0,0.0,0.009804338973543133,2,0,26,1,0,0.0,0,23,2,,,,,0.056098381045492404,,,,,
trial_0019,68,eval,0.5789473684210527,0.631578947368421,,,,,,,,,,,,,,,,,,,,2.1052631578947367,,,,0.0,,,,
trial_0019,68,global,,,,0.25785110072082684,-0.01021030674015561,,,,,,,2,0,26,0,0,0.0,0,24,2,27,,0.13312693498452013,12.734333749304614,,,-0.8,1,0.8,1
trial_0019,69,train,,,0.25180739877705877,,,0.08060011584708031,,,0.0,0.0,0.011417420964627379,2,0,26,0,0,0.0,0,24,2,,,,,0.06019809142825134,,,,,
trial_0019,69,eval,,,,,,,0.631578947368421,2.0526382899598072,,,,,,,,,,,,,,,,,,,,,,
trial_0019,69,global,,,,0.2537509772979365,-0.006110183317265298,,,,,,,2,0,26,0,0,0.0,0,24,2,27,,0.1386996904024768,13.20948788197048,,,-0.8,1,0.8,1
trial_0019,70,train,,,0.2518034225448649,,,0.07792438217934142,,,0.0,0.0,0.010581560898045862,2,0,26,0,0,0.0,0,24,2,,,,,0.048538475370708295,,,,,
trial_0019,70,eval,,,,,,,0.631578947368421,1.9068026346595663,,,,,,,,,,,,,,,,,,,,,,
trial_0019,70,global,,,,0.2555624618383769,-0.006092678374395192,,,,,,,2,0,26,0,0,0.0,0,24,2,27,,0.13808049535603714,12.949628701224785,,,-0.8,1,0.8,1
trial_0019,71,train,,,0.2518031452881529,,,0.07927373305280157,,,0.0,0.0,0.011237150028334347,2,0,26,0,0,0.0,0,24,2,,,,,0.057590348414204864,,,,,
trial_0019,71,eval,,,,,,,0.6842105263157894,2.0266876567743326,,,,,,,,,,,,,,,,,,,,,,
trial_0019,71,global,,,,0.260893794743142,-0.011424011279160333,,,,,,,2,0,26,0,0,0.0,0,24,2,27,,0.13312693498452013,12.716227202518805,,,-0.8,1,0.8,1
trial_0019,72,train,,,0.25182106647085634,,,0.07681021855232563,,,0.0,0.0,0.009099780525464164,2,0,26,0,0,0.0,0,24,2,,,,,0.044771691251229095,,,,,
trial_0019,72,eval,,,,,,,0.631578947368421,2.0860800041179908,,,,,,,,,,,,,,,,,,,,,,
trial_0019,72,global,,,,0.25382424550807864,-0.004354462044096916,,,,,,,2,0,26,0,0,0.0,0,24,2,27,,0.1393188854489164,12.831310997363584,,,-0.8,1,0.8,1
trial_0019,73,train,,,0.2518180803732669,,,0.07731430708093846,,,0.0,0.0,0.009145301431906658,2,0,27,1,0,0.0,0,24,2,,,,,0.049895714584024656,,,,,
trial_0019,73,eval,0.5263157894736842,0.5263157894736842,,,,,,,,,,,,,,,,,,,,2.1052631578947367,,,,0.0,,,,
trial_0019,73,global,,,,0.2539340769153102,-0.004464293451328542,,,,,,,2,0,27,0,0,0.0,0,25,2,27,,0.13993808049535603,12.792186238669759,,,-0.8,1,0.8,1
trial_0019,74,train,,,0.25182614919353036,,,0.07617600040232882,,,0.0,0.0,0.0087575868989819,2,0,28,1,0,0.0,0,25,2,,,,,0.04122259330717807,,,,,
trial_0019,74,eval,0.5263157894736842,0.5263157894736842,,,,,,,,,,,,,,,,,,,,2.1052631578947367,,,,0.0,,,,
trial_0019,74,global,,,,0.25898346022283475,-0.008801426046602346,,,,,,,2,0,28,0,0,0.0,0,26,2,27,,0.13374613003095975,12.732484558861323,,,-0.8,1,0.8,1
trial_0019,75,train,,,0.2518113146119929,,,0.07493761245240556,,,0.0,0.0,0.009064885965137288,2,0,29,1,0,0.0,0,26,2,,,,,0.04027166814404599,,,,,
trial_0019,75,eval,0.5263157894736842,0.5263157894736842,,,,,,,,,,,,,,,,,,,,2.1052631578947367,,,,0.0,,,,
trial_0019,75,global,,,,0.2588639748131663,-0.008681940636933887,,,,,,,2,0,29,0,0,0.0,0,27,2,27,,0.13622291021671826,13.03678415020922,,,-0.8,1,0.8,1
trial_0019,76,train,,,0.2518266572597179,,,0.07402041364223398,,,0.0,0.0,0.007426999050206159,2,0,30,1,0,0.0,0,27,2,,,,,0.04037150142694565,,,,,
trial_0019,76,eval,0.631578947368421,0.5789473684210527,,,,,,,,,,,,,,,,,,,,2.1052631578947367,,,,0.15789473684210525,,,,
trial_0019,76,global,,,,0.2608244610379718,-0.010642426861739388,,,,,,,2,0,30,0,0,0.25,0,28,2,27,,0.13312693498452013,12.954575695120512,,,-0.8,1,0.8,1
trial_0019,77,train,,,0.2518127682678243,,,0.07395424107287793,,,0.0,0.0,0.007109470971076047,2,0,30,0,0,0.25,0,28,2,,,,,0.042722968998900115,,,,,
trial_0019,77,eval,,,,,,,0.6842105263157894,2.178250844149213,,,,,,,,,,,,,,,,,,,,,,
trial_0019,77,global,,,,0.2572034788114,-0.007021444635167573,,,,,,,2,0,30,0,0,0.25,0,28,2,27,,0.13808049535603714,13.104540420390505,,,-0.8,1,0.8,1
trial_0019,78,train,,,0.251796951477832,,,0.07268551435876401,,,0.0,0.0,0.006886506725339209,2,0,30,0,0,0.25,0,28,2,,,,,0.04013719110591139,,,,,
trial_0019,78,eval,,,,,,,0.5789473684210527,2.436322390739071,,,,,,,,,,,,,,,,,,,,,,
trial_0019,78,global,,,,0.25957611932851604,-0.009394085152283606,,,,,,,2,0,30,0,0,0.25,0,28,2,27,,0.13498452012383902,12.94692480128616,,,-0.8,1,0.8,1
trial_0019,79,train,,,0.25178505733926243,,,0.07185893363141,,,0.0,0.0,0.006157733737463207,2,0,30,0,0,0.25,0,28,2,,,,,0.037693771893317074,,,,,
trial_0019,79,eval,,,,,,,0.6842105263157894,2.2410514096876506,,,,,,,,,,,,,,,,,,,,,,
trial_0019,79,global,,,,0.2578349898678764,-0.007652955691644024,,,,,,,2,0,30,0,0,0.25,0,28,2,27,,0.13622291021671826,12.923049718898147,,,-0.8,1,0.8,1
trial_0019,80,train,,,0.25179102271795273,,,0.07067587464413744,,,0.0,0.0,0.006447926487886977,2,0,30,0,0,0.25,0,28,2,,,,,0.030028634090372854,,,,,
trial_0019,80,eval,,,,,,,0.631578947368421,2.4537867834105302,,,,,,,,,,,,,,,,,,,,,,
trial_0019,80,global,,,,0.2567171645205966,-0.006535130344364205,,,,,,,2,0,30,0,0,0.25,0,28,2,27,,0.13808049535603714,12.877152764760304,,,-0.8,1,0.8,1
trial_0019,81,train,,,0.25179019982510426,,,0.07039063281201301,,,0.0,0.0,0.005577184688398971,2,0,31,1,0,0.25,0,28,2,,,,,0.030775098099393095,,,,,
trial_0019,81,eval,0.5263157894736842,0.5263157894736842,,,,,,,,,,,,,,,,,,,,2.1052631578947367,,,,0.0,,,,
trial_0019,81,global,,,,0.25815791937828836,-0.00797588520205595,,,,,,,2,0,31,0,0,0.0,0,29,2,27,,0.13622291021671826,13.048972511882015,,,-0.8,1,0.8,1
trial_0019,82,train,,,0.25178517670707495,,,0.06973832338414293,,,0.0,0.0,0.005084130510194302,2,0,32,1,0,0.0,0,29,2,,,,,0.029250653911421585,,,,,
trial_0019,82,eval,0.5263157894736842,0.5263157894736842,,,,,,,,,,,,,,,,,,,,2.1052631578947367,,,,0.0,,,,
trial_0019,82,global,,,,0.2600002669169713,-0.00981823274073891,,,,,,,2,0,32,0,0,0.0,0,30,2,27,,0.13374613003095975,12.923874335982852,,,-0.8,1,0.8,1
trial_0019,83,train,,,0.2517809046709791,,,0.07042924584226405,,,0.0,0.0,0.005103360157939258,2,0,33,1,0,0.0,0,30,2,,,,,0.02831052725916689,,,,,
trial_0019,83,eval,0.47368421052631576,0.47368421052631576,,,,,,,,,,,,,,,,,,,,2.1052631578947367,,,,0.0,,,,
trial_0019,83,global,,,,0.25800937410129104,-0.007827339925058682,,,,,,,2,0,33,0,0,0.0,0,31,2,27,,0.13560371517027864,12.823602233508792,,,-0.8,1,0.8,1
trial_0019,84,train,,,0.2517720766841097,,,0.06881929078000656,,,0.0,0.0,0.004860868911581495,2,0,34,1,0,0.0,0,31,2,,,,,0.025554549157064645,,,,,
trial_0019,84,eval,0.631578947368421,0.631578947368421,,,,,,,,,,,,,,,,,,,,2.1052631578947367,,,,0.0,,,,
trial_0019,84,global,,,,0.25740776017121714,-0.007225725994984712,,,,,,,2,0,34,0,0,0.0,0,32,2,27,,0.13746130030959752,13.088847256592553,,,-0.8,1,0.8,1
trial_0019,85,train,,,0.2517698735315749,,,0.0685877983874463,,,0.0,0.0,0.004711741718765165,2,0,34,0,0,0.0,0,32,2,,,,,0.06751470862729277,,,,,
trial_0019,85,eval,,,,,,,0.6842105263157894,2.455190981689252,,,,,,,,,,,,,,,,,,,,,,
trial_0019,85,global,,,,0.26124109022287073,-0.011059056046638352,,,,,,,2,0,34,0,0,0.0,0,32,2,27,,0.13312693498452013,13.10457083876288,,,-0.8,1,0.8,1
trial_0019,86,train,,,0.25176270226848885,,,0.0667241577138292,,,0.0,0.0,0.0042492585434879306,2,0,34,0,0,0.0,0,32,2,,,,,0.018202336158286384,,,,,
trial_0019,86,eval,,,,,,,0.6842105263157894,2.4750697966174857,,,,,,,,,,,,,,,,,,,,,,
trial_0019,86,global,,,,0.262850433225944,-0.01266839904971161,,,,,,,2,0,34,0,0,0.0,0,32,2,27,,0.13188854489164087,13.030948754656057,,,-0.8,1,0.8,1
trial_0019,87,train,,,0.2517626466269189,,,0.06739042223768031,,,0.0,0.0,0.004435380985833423,2,0,34,0,0,0.0,0,32,2,,,,,0.02556134918060629,,,,,
trial_0019,87,eval,,,,,,,0.631578947368421,2.468534848015559,,,,,,,,,,,,,,,,,,,,,,
trial_0019,87,global,,,,0.25997718800122155,-0.009795153824989149,,,,,,,2,0,34,0,0,0.0,0,32,2,27,,0.13374613003095975,13.138300004610706,,,-0.8,1,0.8,1
trial_0019,88,train,,,0.2517620296554362,,,0.06594837916658279,,,0.0,0.0,0.004213298911580499,2,0,34,0,0,0.0,0,32,2,,,,,0.021311974187599537,,,,,
trial_0019,88,eval,,,,,,,0.631578947368421,2.682262402518015,,,,,,,,,,,,,,,,,,,,,,
trial_0019,88,global,,,,0.25975632229636525,-0.00957428812013285,,,,,,,2,0,34,0,0,0.0,0,32,2,27,,0.13374613003095975,12.723041314753955,,,-0.8,1,0.8,1
trial_0019,89,train,,,0.2517508198606207,,,0.06590960444288052,,,0.0,0.0,0.004795209376932187,2,0,35,1,0,0.0,0,32,2,,,,,0.02021703202019822,,,,,
trial_0019,89,eval,0.42105263157894735,0.42105263157894735,,,,,,,,,,,,,,,,,,,,2.1052631578947367,,,,0.0,,,,
trial_0019,89,global,,,,0.25979654170516264,-0.009614507528930243,,,,,,,2,0,35,0,0,0.0,0,33,2,27,,0.13560371517027864,13.63151605092335,,,-0.8,1,0.8,1
trial_0019,90,train,,,0.251719539152815,,,0.06462452576515522,,,0.0,0.0,0.007645682950479046,2,0,36,1,0,0.0,0,33,2,,,,,0.1034932593428629,,,,,
trial_0019,90,eval,0.47368421052631576,0.47368421052631576,,,,,,,,,,,,,,,,,,,,2.1052631578947367,,,,0.0,,,,
trial_0019,90,global,,,,0.25635030053534685,-0.006168266359114477,,,,,,,2,0,36,0,0,0.0,0,34,2,27,,0.1368421052631579,12.818771281995271,,,-0.8,1,0.8,1
