round,class_id,n,acc,bwt,forgetting
1,0,51,0.0392156862745098,,
1,1,45,0.9777777777777777,,
1,2,51,0.0,,
1,3,54,0.0,,
1,4,49,0.0,,
1,5,53,0.0,,
1,6,52,0.0,,
1,7,58,0.0,,
1,8,62,0.0,,
2,0,51,0.43137254901960786,0.3921568627450981,0.0
2,1,45,0.7111111111111111,-0.2666666666666666,0.2666666666666666
2,2,51,0.0,0.0,0.0
2,3,54,0.0,0.0,0.0
2,4,49,0.0,0.0,0.0
2,5,53,0.0,0.0,0.0
2,6,52,0.0,0.0,0.0
2,7,58,0.0,0.0,0.0
2,8,62,0.0,0.0,0.0
3,0,51,0.3137254901960784,0.27450980392156865,0.11764705882352944
3,1,45,0.7111111111111111,-0.2666666666666666,0.2666666666666666
3,2,51,0.0,0.0,0.0
3,3,54,0.0,0.0,0.0
3,4,49,0.0,0.0,0.0
3,5,53,0.0,0.0,0.0
3,6,52,0.0,0.0,0.0
3,7,58,0.0,0.0,0.0
3,8,62,0.0,0.0,0.0
4,0,51,0.1568627450980392,0.11764705882352941,0.27450980392156865
4,1,45,0.4888888888888889,-0.4888888888888889,0.4888888888888889
4,2,51,0.0,0.0,0.0
4,3,54,0.25925925925925924,0.25925925925925924,0.0
4,4,49,0.30612244897959184,0.30612244897959184,0.0
4,5,53,0.1509433962264151,0.1509433962264151,0.0
4,6,52,0.15384615384615385,0.15384615384615385,0.0
4,7,58,0.0,0.0,0.0
4,8,62,0.08064516129032258,0.08064516129032258,0.0
5,0,51,0.2549019607843137,0.2156862745098039,0.17647058823529416
5,1,45,0.6666666666666666,-0.3111111111111111,0.3111111111111111
5,2,51,0.0,0.0,0.0
5,3,54,0.14814814814814814,0.14814814814814814,0.1111111111111111
5,4,49,0.24489795918367346,0.24489795918367346,0.06122448979591838
5,5,53,0.09433962264150944,0.09433962264150944,0.05660377358490565
5,6,52,0.09615384615384616,0.09615384615384616,0.057692307692307696
5,7,58,0.0,0.0,0.0
5,8,62,0.06451612903225806,0.06451612903225806,0.016129032258064516
6,0,51,0.3137254901960784,0.27450980392156865,0.11764705882352944
6,1,45,0.5555555555555556,-0.42222222222222217,0.42222222222222217
6,2,51,0.0,0.0,0.0
6,3,54,0.2222222222222222,0.2222222222222222,0.037037037037037035
6,4,49,0.24489795918367346,0.24489795918367346,0.06122448979591838
6,5,53,0.09433962264150944,0.09433962264150944,0.05660377358490565
6,6,52,0.09615384615384616,0.09615384615384616,0.057692307692307696
6,7,58,0.0,0.0,0.0
6,8,62,0.20967741935483872,0.20967741935483872,0.0
7,0,51,0.37254901960784315,0.33333333333333337,0.05882352941176472
7,1,45,0.6444444444444445,-0.33333333333333326,0.33333333333333326
7,2,51,0.0,0.0,0.0
7,3,54,0.16666666666666666,0.16666666666666666,0.09259259259259259
7,4,49,0.30612244897959184,0.30612244897959184,0.0
7,5,53,0.07547169811320754,0.07547169811320754,0.07547169811320754
7,6,52,0.038461538461538464,0.038461538461538464,0.11538461538461539
7,7,58,0.0,0.0,0.0
7,8,62,0.0967741935483871,0.0967741935483871,0.11290322580645162
8,0,51,0.35294117647058826,0.3137254901960784,0.0784313725490196
8,1,45,0.6222222222222222,-0.3555555555555555,0.3555555555555555
8,2,51,0.0,0.0,0.0
8,3,54,0.18518518518518517,0.18518518518518517,0.07407407407407407
8,4,49,0.3877551020408163,0.3877551020408163,0.0
8,5,53,0.05660377358490566,0.05660377358490566,0.09433962264150943
8,6,52,0.11538461538461539,0.11538461538461539,0.038461538461538464
8,7,58,0.0,0.0,0.0
8,8,62,0.06451612903225806,0.06451612903225806,0.14516129032258066
9,0,51,0.3333333333333333,0.2941176470588235,0.09803921568627455
9,1,45,0.4888888888888889,-0.4888888888888889,0.4888888888888889
9,2,51,0.0,0.0,0.0
9,3,54,0.2222222222222222,0.2222222222222222,0.037037037037037035
9,4,49,0.40816326530612246,0.40816326530612246,0.0
9,5,53,0.11320754716981132,0.11320754716981132,0.037735849056603765
9,6,52,0.09615384615384616,0.09615384615384616,0.057692307692307696
9,7,58,0.0,0.0,0.0
9,8,62,0.20967741935483872,0.20967741935483872,0.0
10,0,51,0.35294117647058826,0.3137254901960784,0.0784313725490196
10,1,45,0.5333333333333333,-0.4444444444444444,0.4444444444444444
10,2,51,0.0,0.0,0.0
10,3,54,0.24074074074074073,0.24074074074074073,0.018518518518518517
10,4,49,0.46938775510204084,0.46938775510204084,0.0
10,5,53,0.09433962264150944,0.09433962264150944,0.05660377358490565
10,6,52,0.057692307692307696,0.057692307692307696,0.09615384615384616
10,7,58,0.017241379310344827,0.017241379310344827,0.0
10,8,62,0.0967741935483871,0.0967741935483871,0.11290322580645162
11,0,51,0.0,-0.0392156862745098,0.43137254901960786
11,1,45,0.044444444444444446,-0.9333333333333333,0.9333333333333333
11,2,51,0.0,0.0,0.0
11,3,54,0.0,0.0,0.25925925925925924
11,4,49,0.0,0.0,0.46938775510204084
11,5,53,0.03773584905660377,0.03773584905660377,0.11320754716981132
11,6,52,0.0,0.0,0.15384615384615385
11,7,58,0.0,0.0,0.017241379310344827
11,8,62,0.016129032258064516,0.016129032258064516,0.1935483870967742
11,9,66,0.22727272727272727,,
11,10,71,0.028169014084507043,,
11,11,68,0.04411764705882353,,
11,12,54,0.0,,
11,13,66,0.06060606060606061,,
11,14,60,0.2,,
11,15,54,0.2962962962962963,,
11,16,71,0.07042253521126761,,
11,17,60,0.03333333333333333,,
12,0,51,0.0,-0.0392156862745098,0.43137254901960786
12,1,45,0.044444444444444446,-0.9333333333333333,0.9333333333333333
12,2,51,0.0,0.0,0.0
12,3,54,0.0,0.0,0.25925925925925924
12,4,49,0.0,0.0,0.46938775510204084
12,5,53,0.0,0.0,0.1509433962264151
12,6,52,0.0,0.0,0.15384615384615385
12,7,58,0.0,0.0,0.017241379310344827
12,8,62,0.0,0.0,0.20967741935483872
12,9,66,0.015151515151515152,-0.2121212121212121,0.2121212121212121
12,10,71,0.11267605633802817,0.08450704225352113,0.0
12,11,68,0.07352941176470588,0.029411764705882353,0.0
12,12,54,0.1111111111111111,0.1111111111111111,0.0
12,13,66,0.030303030303030304,-0.030303030303030304,0.030303030303030304
12,14,60,0.016666666666666666,-0.18333333333333335,0.18333333333333335
12,15,54,0.2222222222222222,-0.07407407407407407,0.07407407407407407
12,16,71,0.5352112676056338,0.46478873239436613,0.0
12,17,60,0.11666666666666667,0.08333333333333334,0.0
13,0,51,0.0,-0.0392156862745098,0.43137254901960786
13,1,45,0.0,-0.9777777777777777,0.9777777777777777
13,2,51,0.0,0.0,0.0
13,3,54,0.0,0.0,0.25925925925925924
13,4,49,0.0,0.0,0.46938775510204084
13,5,53,0.0,0.0,0.1509433962264151
13,6,52,0.0,0.0,0.15384615384615385
13,7,58,0.0,0.0,0.017241379310344827
13,8,62,0.0,0.0,0.20967741935483872
13,9,66,0.25757575757575757,0.030303030303030304,0.0
13,10,71,0.056338028169014086,0.028169014084507043,0.056338028169014086
13,11,68,0.04411764705882353,0.0,0.029411764705882353
13,12,54,0.1111111111111111,0.1111111111111111,0.0
13,13,66,0.09090909090909091,0.030303030303030304,0.0
13,14,60,0.18333333333333332,-0.01666666666666669,0.01666666666666669
13,15,54,0.24074074074074073,-0.05555555555555555,0.05555555555555555
13,16,71,0.7183098591549296,0.647887323943662,0.0
13,17,60,0.03333333333333333,0.0,0.08333333333333334
14,0,51,0.0,-0.0392156862745098,0.43137254901960786
14,1,45,0.0,-0.9777777777777777,0.9777777777777777
14,2,51,0.0,0.0,0.0
14,3,54,0.0,0.0,0.25925925925925924
14,4,49,0.0,0.0,0.46938775510204084
14,5,53,0.0,0.0,0.1509433962264151
14,6,52,0.0,0.0,0.15384615384615385
14,7,58,0.0,0.0,0.017241379310344827
14,8,62,0.0,0.0,0.20967741935483872
14,9,66,0.3181818181818182,0.09090909090909091,0.0
14,10,71,0.028169014084507043,0.0,0.08450704225352113
14,11,68,0.07352941176470588,0.029411764705882353,0.0
14,12,54,0.16666666666666666,0.16666666666666666,0.0
14,13,66,0.13636363636363635,0.07575757575757575,0.0
14,14,60,0.15,-0.05000000000000002,0.05000000000000002
14,15,54,0.3148148148148148,0.018518518518518545,0.0
14,16,71,0.7746478873239436,0.704225352112676,0.0
14,17,60,0.06666666666666667,0.03333333333333333,0.05
15,0,51,0.0,-0.0392156862745098,0.43137254901960786
15,1,45,0.0,-0.9777777777777777,0.9777777777777777
15,2,51,0.0,0.0,0.0
15,3,54,0.0,0.0,0.25925925925925924
15,4,49,0.0,0.0,0.46938775510204084
15,5,53,0.0,0.0,0.1509433962264151
15,6,52,0.0,0.0,0.15384615384615385
15,7,58,0.0,0.0,0.017241379310344827
15,8,62,0.0,0.0,0.20967741935483872
15,9,66,0.42424242424242425,0.196969696969697,0.0
15,10,71,0.04225352112676056,0.01408450704225352,0.07042253521126761
15,11,68,0.11764705882352941,0.07352941176470587,0.0
15,12,54,0.2037037037037037,0.2037037037037037,0.0
15,13,66,0.12121212121212122,0.06060606060606061,0.015151515151515138
15,14,60,0.15,-0.05000000000000002,0.05000000000000002
15,15,54,0.3333333333333333,0.037037037037037035,0.0
15,16,71,0.6619718309859155,0.5915492957746479,0.11267605633802813
15,17,60,0.06666666666666667,0.03333333333333333,0.05
16,0,51,0.0,-0.0392156862745098,0.43137254901960786
16,1,45,0.0,-0.9777777777777777,0.9777777777777777
16,2,51,0.0,0.0,0.0
16,3,54,0.0,0.0,0.25925925925925924
16,4,49,0.0,0.0,0.46938775510204084
16,5,53,0.0,0.0,0.1509433962264151
16,6,52,0.0,0.0,0.15384615384615385
16,7,58,0.0,0.0,0.017241379310344827
16,8,62,0.0,0.0,0.20967741935483872
16,9,66,0.3787878787878788,0.15151515151515152,0.04545454545454547
16,10,71,0.04225352112676056,0.01408450704225352,0.07042253521126761
16,11,68,0.10294117647058823,0.0588235294117647,0.01470588235294118
16,12,54,0.18518518518518517,0.18518518518518517,0.018518518518518517
16,13,66,0.10606060606060606,0.045454545454545456,0.03030303030303029
16,14,60,0.11666666666666667,-0.08333333333333334,0.08333333333333334
16,15,54,0.3888888888888889,0.09259259259259262,0.0
16,16,71,0.5774647887323944,0.5070422535211268,0.19718309859154926
16,17,60,0.11666666666666667,0.08333333333333334,0.0
17,0,51,0.0,-0.0392156862745098,0.43137254901960786
17,1,45,0.0,-0.9777777777777777,0.9777777777777777
17,2,51,0.0,0.0,0.0
17,3,54,0.0,0.0,0.25925925925925924
17,4,49,0.0,0.0,0.46938775510204084
17,5,53,0.0,0.0,0.1509433962264151
17,6,52,0.0,0.0,0.15384615384615385
17,7,58,0.0,0.0,0.017241379310344827
17,8,62,0.0,0.0,0.20967741935483872
17,9,66,0.4393939393939394,0.21212121212121213,0.0
17,10,71,0.04225352112676056,0.01408450704225352,0.07042253521126761
17,11,68,0.10294117647058823,0.0588235294117647,0.01470588235294118
17,12,54,0.14814814814814814,0.14814814814814814,0.05555555555555555
17,13,66,0.10606060606060606,0.045454545454545456,0.03030303030303029
17,14,60,0.13333333333333333,-0.06666666666666668,0.06666666666666668
17,15,54,0.3888888888888889,0.09259259259259262,0.0
17,16,71,0.49295774647887325,0.4225352112676056,0.2816901408450704
17,17,60,0.15,0.11666666666666667,0.0
18,0,51,0.0,-0.0392156862745098,0.43137254901960786
18,1,45,0.0,-0.9777777777777777,0.9777777777777777
18,2,51,0.0,0.0,0.0
18,3,54,0.0,0.0,0.25925925925925924
18,4,49,0.0,0.0,0.46938775510204084
18,5,53,0.0,0.0,0.1509433962264151
18,6,52,0.0,0.0,0.15384615384615385
18,7,58,0.0,0.0,0.017241379310344827
18,8,62,0.0,0.0,0.20967741935483872
18,9,66,0.3939393939393939,0.16666666666666666,0.04545454545454547
18,10,71,0.04225352112676056,0.01408450704225352,0.07042253521126761
18,11,68,0.08823529411764706,0.04411764705882353,0.029411764705882346
18,12,54,0.16666666666666666,0.16666666666666666,0.037037037037037035
18,13,66,0.10606060606060606,0.045454545454545456,0.03030303030303029
18,14,60,0.15,-0.05000000000000002,0.05000000000000002
18,15,54,0.35185185185185186,0.05555555555555558,0.037037037037037035
18,16,71,0.4507042253521127,0.38028169014084506,0.32394366197183094
18,17,60,0.13333333333333333,0.1,0.016666666666666663
19,0,51,0.0,-0.0392156862745098,0.43137254901960786
19,1,45,0.0,-0.9777777777777777,0.9777777777777777
19,2,51,0.0,0.0,0.0
19,3,54,0.0,0.0,0.25925925925925924
19,4,49,0.0,0.0,0.46938775510204084
19,5,53,0.0,0.0,0.1509433962264151
19,6,52,0.0,0.0,0.15384615384615385
19,7,58,0.0,0.0,0.017241379310344827
19,8,62,0.0,0.0,0.20967741935483872
19,9,66,0.4696969696969697,0.24242424242424246,0.0
19,10,71,0.04225352112676056,0.01408450704225352,0.07042253521126761
19,11,68,0.08823529411764706,0.04411764705882353,0.029411764705882346
19,12,54,0.14814814814814814,0.14814814814814814,0.05555555555555555
19,13,66,0.07575757575757576,0.015151515151515152,0.060606060606060594
19,14,60,0.15,-0.05000000000000002,0.05000000000000002
19,15,54,0.35185185185185186,0.05555555555555558,0.037037037037037035
19,16,71,0.43661971830985913,0.3661971830985915,0.3380281690140845
19,17,60,0.15,0.11666666666666667,0.0
20,0,51,0.0,-0.0392156862745098,0.43137254901960786
20,1,45,0.0,-0.9777777777777777,0.9777777777777777
20,2,51,0.0,0.0,0.0
20,3,54,0.0,0.0,0.25925925925925924
20,4,49,0.0,0.0,0.46938775510204084
20,5,53,0.0,0.0,0.1509433962264151
20,6,52,0.0,0.0,0.15384615384615385
20,7,58,0.0,0.0,0.017241379310344827
20,8,62,0.0,0.0,0.20967741935483872
20,9,66,0.4393939393939394,0.21212121212121213,0.03030303030303033
20,10,71,0.04225352112676056,0.01408450704225352,0.07042253521126761
20,11,68,0.029411764705882353,-0.01470588235294118,0.08823529411764705
20,12,54,0.2962962962962963,0.2962962962962963,0.0
20,13,66,0.09090909090909091,0.030303030303030304,0.04545454545454544
20,14,60,0.11666666666666667,-0.08333333333333334,0.08333333333333334
20,15,54,0.35185185185185186,0.05555555555555558,0.037037037037037035
20,16,71,0.4084507042253521,0.3380281690140845,0.3661971830985915
20,17,60,0.15,0.11666666666666667,0.0
21,0,51,0.0,-0.0392156862745098,0.43137254901960786
21,1,45,0.0,-0.9777777777777777,0.9777777777777777
21,2,51,0.0,0.0,0.0
21,3,54,0.0,0.0,0.25925925925925924
21,4,49,0.0,0.0,0.46938775510204084
21,5,53,0.0,0.0,0.1509433962264151
21,6,52,0.0,0.0,0.15384615384615385
21,7,58,0.0,0.0,0.017241379310344827
21,8,62,0.0,0.0,0.20967741935483872
21,9,66,0.0,-0.22727272727272727,0.4696969696969697
21,10,71,0.0,-0.028169014084507043,0.11267605633802817
21,11,68,0.0,-0.04411764705882353,0.11764705882352941
21,12,54,0.0,0.0,0.2962962962962963
21,13,66,0.0,-0.06060606060606061,0.13636363636363635
21,14,60,0.0,-0.2,0.2
21,15,54,0.0,-0.2962962962962963,0.3888888888888889
21,16,71,0.0,-0.07042253521126761,0.7746478873239436
21,17,60,0.0,-0.03333333333333333,0.15
21,18,66,0.015151515151515152,,
21,19,52,0.0,,
21,20,92,0.0,,
21,21,55,0.0,,
21,22,57,1.0,,
21,23,46,0.0,,
21,24,48,0.0,,
21,25,81,0.0,,
21,26,73,0.0,,
22,0,51,0.0,-0.0392156862745098,0.43137254901960786
22,1,45,0.0,-0.9777777777777777,0.9777777777777777
22,2,51,0.0,0.0,0.0
22,3,54,0.0,0.0,0.25925925925925924
22,4,49,0.0,0.0,0.46938775510204084
22,5,53,0.0,0.0,0.1509433962264151
22,6,52,0.0,0.0,0.15384615384615385
22,7,58,0.0,0.0,0.017241379310344827
22,8,62,0.0,0.0,0.20967741935483872
22,9,66,0.0,-0.22727272727272727,0.4696969696969697
22,10,71,0.0,-0.028169014084507043,0.11267605633802817
22,11,68,0.0,-0.04411764705882353,0.11764705882352941
22,12,54,0.0,0.0,0.2962962962962963
22,13,66,0.0,-0.06060606060606061,0.13636363636363635
22,14,60,0.0,-0.2,0.2
22,15,54,0.0,-0.2962962962962963,0.3888888888888889
22,16,71,0.0,-0.07042253521126761,0.7746478873239436
22,17,60,0.0,-0.03333333333333333,0.15
22,18,66,0.5454545454545454,0.5303030303030303,0.0
22,19,52,0.4807692307692308,0.4807692307692308,0.0
22,20,92,0.07608695652173914,0.07608695652173914,0.0
22,21,55,0.01818181818181818,0.01818181818181818,0.0
22,22,57,0.0,-1.0,1.0
22,23,46,0.0,0.0,0.0
22,24,48,0.020833333333333332,0.020833333333333332,0.0
22,25,81,0.7530864197530864,0.7530864197530864,0.0
22,26,73,0.0273972602739726,0.0273972602739726,0.0
23,0,51,0.0,-0.0392156862745098,0.43137254901960786
23,1,45,0.0,-0.9777777777777777,0.9777777777777777
23,2,51,0.0,0.0,0.0
23,3,54,0.0,0.0,0.25925925925925924
23,4,49,0.0,0.0,0.46938775510204084
23,5,53,0.0,0.0,0.1509433962264151
23,6,52,0.0,0.0,0.15384615384615385
23,7,58,0.0,0.0,0.017241379310344827
23,8,62,0.0,0.0,0.20967741935483872
23,9,66,0.0,-0.22727272727272727,0.4696969696969697
23,10,71,0.0,-0.028169014084507043,0.11267605633802817
23,11,68,0.0,-0.04411764705882353,0.11764705882352941
23,12,54,0.0,0.0,0.2962962962962963
23,13,66,0.0,-0.06060606060606061,0.13636363636363635
23,14,60,0.0,-0.2,0.2
23,15,54,0.0,-0.2962962962962963,0.3888888888888889
23,16,71,0.0,-0.07042253521126761,0.7746478873239436
23,17,60,0.0,-0.03333333333333333,0.15
23,18,66,0.8636363636363636,0.8484848484848485,0.0
23,19,52,0.1346153846153846,0.1346153846153846,0.34615384615384615
23,20,92,0.010869565217391304,0.010869565217391304,0.06521739130434784
23,21,55,0.05454545454545454,0.05454545454545454,0.0
23,22,57,0.017543859649122806,-0.9824561403508771,0.9824561403508771
23,23,46,0.21739130434782608,0.21739130434782608,0.0
23,24,48,0.14583333333333334,0.14583333333333334,0.0
23,25,81,0.5802469135802469,0.5802469135802469,0.1728395061728395
23,26,73,0.0136986301369863,0.0136986301369863,0.0136986301369863
24,0,51,0.0,-0.0392156862745098,0.43137254901960786
24,1,45,0.0,-0.9777777777777777,0.9777777777777777
24,2,51,0.0,0.0,0.0
24,3,54,0.0,0.0,0.25925925925925924
24,4,49,0.0,0.0,0.46938775510204084
24,5,53,0.0,0.0,0.1509433962264151
24,6,52,0.0,0.0,0.15384615384615385
24,7,58,0.0,0.0,0.017241379310344827
24,8,62,0.0,0.0,0.20967741935483872
24,9,66,0.0,-0.22727272727272727,0.4696969696969697
24,10,71,0.0,-0.028169014084507043,0.11267605633802817
24,11,68,0.0,-0.04411764705882353,0.11764705882352941
24,12,54,0.0,0.0,0.2962962962962963
24,13,66,0.0,-0.06060606060606061,0.13636363636363635
24,14,60,0.0,-0.2,0.2
24,15,54,0.0,-0.2962962962962963,0.3888888888888889
24,16,71,0.0,-0.07042253521126761,0.7746478873239436
24,17,60,0.0,-0.03333333333333333,0.15
24,18,66,0.696969696969697,0.6818181818181819,0.16666666666666663
24,19,52,0.40384615384615385,0.40384615384615385,0.07692307692307693
24,20,92,0.13043478260869565,0.13043478260869565,0.0
24,21,55,0.10909090909090909,0.10909090909090909,0.0
24,22,57,0.017543859649122806,-0.9824561403508771,0.9824561403508771
24,23,46,0.3695652173913043,0.3695652173913043,0.0
24,24,48,0.2916666666666667,0.2916666666666667,0.0
24,25,81,0.7407407407407407,0.7407407407407407,0.012345679012345734
24,26,73,0.1506849315068493,0.1506849315068493,0.0
25,0,51,0.0,-0.0392156862745098,0.43137254901960786
25,1,45,0.0,-0.9777777777777777,0.9777777777777777
25,2,51,0.0,0.0,0.0
25,3,54,0.0,0.0,0.25925925925925924
25,4,49,0.0,0.0,0.46938775510204084
25,5,53,0.0,0.0,0.1509433962264151
25,6,52,0.0,0.0,0.15384615384615385
25,7,58,0.0,0.0,0.017241379310344827
25,8,62,0.0,0.0,0.20967741935483872
25,9,66,0.0,-0.22727272727272727,0.4696969696969697
25,10,71,0.0,-0.028169014084507043,0.11267605633802817
25,11,68,0.0,-0.04411764705882353,0.11764705882352941
25,12,54,0.0,0.0,0.2962962962962963
25,13,66,0.0,-0.06060606060606061,0.13636363636363635
25,14,60,0.0,-0.2,0.2
25,15,54,0.0,-0.2962962962962963,0.3888888888888889
25,16,71,0.0,-0.07042253521126761,0.7746478873239436
25,17,60,0.0,-0.03333333333333333,0.15
25,18,66,0.6818181818181818,0.6666666666666666,0.18181818181818188
25,19,52,0.25,0.25,0.23076923076923078
25,20,92,0.13043478260869565,0.13043478260869565,0.0
25,21,55,0.16363636363636364,0.16363636363636364,0.0
25,22,57,0.12280701754385964,-0.8771929824561404,0.8771929824561404
25,23,46,0.45652173913043476,0.45652173913043476,0.0
25,24,48,0.3125,0.3125,0.0
25,25,81,0.6419753086419753,0.6419753086419753,0.11111111111111116
25,26,73,0.1095890410958904,0.1095890410958904,0.0410958904109589
26,0,51,0.0,-0.0392156862745098,0.43137254901960786
26,1,45,0.0,-0.9777777777777777,0.9777777777777777
26,2,51,0.0,0.0,0.0
26,3,54,0.0,0.0,0.25925925925925924
26,4,49,0.0,0.0,0.46938775510204084
26,5,53,0.0,0.0,0.1509433962264151
26,6,52,0.0,0.0,0.15384615384615385
26,7,58,0.0,0.0,0.017241379310344827
26,8,62,0.0,0.0,0.20967741935483872
26,9,66,0.0,-0.22727272727272727,0.4696969696969697
26,10,71,0.0,-0.028169014084507043,0.11267605633802817
26,11,68,0.0,-0.04411764705882353,0.11764705882352941
26,12,54,0.0,0.0,0.2962962962962963
26,13,66,0.0,-0.06060606060606061,0.13636363636363635
26,14,60,0.0,-0.2,0.2
26,15,54,0.0,-0.2962962962962963,0.3888888888888889
26,16,71,0.0,-0.07042253521126761,0.7746478873239436
26,17,60,0.0,-0.03333333333333333,0.15
26,18,66,0.5757575757575758,0.5606060606060607,0.28787878787878785
26,19,52,0.3269230769230769,0.3269230769230769,0.15384615384615385
26,20,92,0.16304347826086957,0.16304347826086957,0.0
26,21,55,0.23636363636363636,0.23636363636363636,0.0
26,22,57,0.08771929824561403,-0.9122807017543859,0.9122807017543859
26,23,46,0.43478260869565216,0.43478260869565216,0.021739130434782594
26,24,48,0.2916666666666667,0.2916666666666667,0.020833333333333315
26,25,81,0.691358024691358,0.691358024691358,0.06172839506172845
26,26,73,0.1095890410958904,0.1095890410958904,0.0410958904109589
27,0,51,0.0,-0.0392156862745098,0.43137254901960786
27,1,45,0.0,-0.9777777777777777,0.9777777777777777
27,2,51,0.0,0.0,0.0
27,3,54,0.0,0.0,0.25925925925925924
27,4,49,0.0,0.0,0.46938775510204084
27,5,53,0.0,0.0,0.1509433962264151
27,6,52,0.0,0.0,0.15384615384615385
27,7,58,0.0,0.0,0.017241379310344827
27,8,62,0.0,0.0,0.20967741935483872
27,9,66,0.0,-0.22727272727272727,0.4696969696969697
27,10,71,0.0,-0.028169014084507043,0.11267605633802817
27,11,68,0.0,-0.04411764705882353,0.11764705882352941
27,12,54,0.0,0.0,0.2962962962962963
27,13,66,0.0,-0.06060606060606061,0.13636363636363635
27,14,60,0.0,-0.2,0.2
27,15,54,0.0,-0.2962962962962963,0.3888888888888889
27,16,71,0.0,-0.07042253521126761,0.7746478873239436
27,17,60,0.0,-0.03333333333333333,0.15
27,18,66,0.6212121212121212,0.6060606060606061,0.24242424242424243
27,19,52,0.3269230769230769,0.3269230769230769,0.15384615384615385
27,20,92,0.16304347826086957,0.16304347826086957,0.0
27,21,55,0.2545454545454545,0.2545454545454545,0.0
27,22,57,0.14035087719298245,-0.8596491228070176,0.8596491228070176
27,23,46,0.3695652173913043,0.3695652173913043,0.08695652173913043
27,24,48,0.3958333333333333,0.3958333333333333,0.0
27,25,81,0.6666666666666666,0.6666666666666666,0.0864197530864198
27,26,73,0.1506849315068493,0.1506849315068493,0.0
28,0,51,0.0,-0.0392156862745098,0.43137254901960786
28,1,45,0.0,-0.9777777777777777,0.9777777777777777
28,2,51,0.0,0.0,0.0
28,3,54,0.0,0.0,0.25925925925925924
28,4,49,0.0,0.0,0.46938775510204084
28,5,53,0.0,0.0,0.1509433962264151
28,6,52,0.0,0.0,0.15384615384615385
28,7,58,0.0,0.0,0.017241379310344827
28,8,62,0.0,0.0,0.20967741935483872
28,9,66,0.0,-0.22727272727272727,0.4696969696969697
28,10,71,0.0,-0.028169014084507043,0.11267605633802817
28,11,68,0.0,-0.04411764705882353,0.11764705882352941
28,12,54,0.0,0.0,0.2962962962962963
28,13,66,0.0,-0.06060606060606061,0.13636363636363635
28,14,60,0.0,-0.2,0.2
28,15,54,0.0,-0.2962962962962963,0.3888888888888889
28,16,71,0.0,-0.07042253521126761,0.7746478873239436
28,17,60,0.0,-0.03333333333333333,0.15
28,18,66,0.5606060606060606,0.5454545454545454,0.3030303030303031
28,19,52,0.28846153846153844,0.28846153846153844,0.19230769230769235
28,20,92,0.15217391304347827,0.15217391304347827,0.010869565217391297
28,21,55,0.2545454545454545,0.2545454545454545,0.0
28,22,57,0.19298245614035087,-0.8070175438596492,0.8070175438596492
28,23,46,0.30434782608695654,0.30434782608695654,0.15217391304347822
28,24,48,0.3125,0.3125,0.08333333333333331
28,25,81,0.6666666666666666,0.6666666666666666,0.0864197530864198
28,26,73,0.1780821917808219,0.1780821917808219,0.0
29,0,51,0.0,-0.0392156862745098,0.43137254901960786
29,1,45,0.0,-0.9777777777777777,0.9777777777777777
29,2,51,0.0,0.0,0.0
29,3,54,0.0,0.0,0.25925925925925924
29,4,49,0.0,0.0,0.46938775510204084
29,5,53,0.0,0.0,0.1509433962264151
29,6,52,0.0,0.0,0.15384615384615385
29,7,58,0.0,0.0,0.017241379310344827
29,8,62,0.0,0.0,0.20967741935483872
29,9,66,0.0,-0.22727272727272727,0.4696969696969697
29,10,71,0.0,-0.028169014084507043,0.11267605633802817
29,11,68,0.0,-0.04411764705882353,0.11764705882352941
29,12,54,0.0,0.0,0.2962962962962963
29,13,66,0.0,-0.06060606060606061,0.13636363636363635
29,14,60,0.0,-0.2,0.2
29,15,54,0.0,-0.2962962962962963,0.3888888888888889
29,16,71,0.0,-0.07042253521126761,0.7746478873239436
29,17,60,0.0,-0.03333333333333333,0.15
29,18,66,0.5757575757575758,0.5606060606060607,0.28787878787878785
29,19,52,0.2692307692307692,0.2692307692307692,0.21153846153846156
29,20,92,0.13043478260869565,0.13043478260869565,0.03260869565217392
29,21,55,0.23636363636363636,0.23636363636363636,0.01818181818181816
29,22,57,0.21052631578947367,-0.7894736842105263,0.7894736842105263
29,23,46,0.34782608695652173,0.34782608695652173,0.10869565217391303
29,24,48,0.4375,0.4375,0.0
29,25,81,0.5802469135802469,0.5802469135802469,0.1728395061728395
29,26,73,0.2054794520547945,0.2054794520547945,0.0
30,0,51,0.0,-0.0392156862745098,0.43137254901960786
30,1,45,0.0,-0.9777777777777777,0.9777777777777777
30,2,51,0.0,0.0,0.0
30,3,54,0.0,0.0,0.25925925925925924
30,4,49,0.0,0.0,0.46938775510204084
30,5,53,0.0,0.0,0.1509433962264151
30,6,52,0.0,0.0,0.15384615384615385
30,7,58,0.0,0.0,0.017241379310344827
30,8,62,0.0,0.0,0.20967741935483872
30,9,66,0.0,-0.22727272727272727,0.4696969696969697
30,10,71,0.0,-0.028169014084507043,0.11267605633802817
30,11,68,0.0,-0.04411764705882353,0.11764705882352941
30,12,54,0.0,0.0,0.2962962962962963
30,13,66,0.0,-0.06060606060606061,0.13636363636363635
30,14,60,0.0,-0.2,0.2
30,15,54,0.0,-0.2962962962962963,0.3888888888888889
30,16,71,0.0,-0.07042253521126761,0.7746478873239436
30,17,60,0.0,-0.03333333333333333,0.15
30,18,66,0.5,0.48484848484848486,0.36363636363636365
30,19,52,0.2692307692307692,0.2692307692307692,0.21153846153846156
30,20,92,0.1956521739130435,0.1956521739130435,0.0
30,21,55,0.21818181818181817,0.21818181818181817,0.03636363636363635
30,22,57,0.21052631578947367,-0.7894736842105263,0.7894736842105263
30,23,46,0.34782608695652173,0.34782608695652173,0.10869565217391303
30,24,48,0.375,0.375,0.0625
30,25,81,0.5061728395061729,0.5061728395061729,0.24691358024691357
30,26,73,0.2602739726027397,0.2602739726027397,0.0
31,0,51,0.0,-0.0392156862745098,0.43137254901960786
31,1,45,0.0,-0.9777777777777777,0.9777777777777777
31,2,51,0.0,0.0,0.0
31,3,54,0.0,0.0,0.25925925925925924
31,4,49,0.0,0.0,0.46938775510204084
31,5,53,0.0,0.0,0.1509433962264151
31,6,52,0.0,0.0,0.15384615384615385
31,7,58,0.0,0.0,0.017241379310344827
31,8,62,0.0,0.0,0.20967741935483872
31,9,66,0.0,-0.22727272727272727,0.4696969696969697
31,10,71,0.0,-0.028169014084507043,0.11267605633802817
31,11,68,0.0,-0.04411764705882353,0.11764705882352941
31,12,54,0.0,0.0,0.2962962962962963
31,13,66,0.0,-0.06060606060606061,0.13636363636363635
31,14,60,0.0,-0.2,0.2
31,15,54,0.0,-0.2962962962962963,0.3888888888888889
31,16,71,0.0,-0.07042253521126761,0.7746478873239436
31,17,60,0.0,-0.03333333333333333,0.15
31,18,66,0.5303030303030303,0.5151515151515151,0.33333333333333337
31,19,52,0.25,0.25,0.23076923076923078
31,20,92,0.15217391304347827,0.15217391304347827,0.043478260869565216
31,21,55,0.2727272727272727,0.2727272727272727,0.0
31,22,57,0.21052631578947367,-0.7894736842105263,0.7894736842105263
31,23,46,0.32608695652173914,0.32608695652173914,0.13043478260869562
31,24,48,0.4166666666666667,0.4166666666666667,0.020833333333333315
31,25,81,0.4567901234567901,0.4567901234567901,0.29629629629629634
31,26,73,0.2602739726027397,0.2602739726027397,0.0
32,0,51,0.0,-0.0392156862745098,0.43137254901960786
32,1,45,0.0,-0.9777777777777777,0.9777777777777777
32,2,51,0.0,0.0,0.0
32,3,54,0.0,0.0,0.25925925925925924
32,4,49,0.0,0.0,0.46938775510204084
32,5,53,0.0,0.0,0.1509433962264151
32,6,52,0.0,0.0,0.15384615384615385
32,7,58,0.0,0.0,0.017241379310344827
32,8,62,0.0,0.0,0.20967741935483872
32,9,66,0.0,-0.22727272727272727,0.4696969696969697
32,10,71,0.0,-0.028169014084507043,0.11267605633802817
32,11,68,0.0,-0.04411764705882353,0.11764705882352941
32,12,54,0.0,0.0,0.2962962962962963
32,13,66,0.0,-0.06060606060606061,0.13636363636363635
32,14,60,0.0,-0.2,0.2
32,15,54,0.0,-0.2962962962962963,0.3888888888888889
32,16,71,0.0,-0.07042253521126761,0.7746478873239436
32,17,60,0.0,-0.03333333333333333,0.15
32,18,66,0.45454545454545453,0.4393939393939394,0.4090909090909091
32,19,52,0.2692307692307692,0.2692307692307692,0.21153846153846156
32,20,92,0.21739130434782608,0.21739130434782608,0.0
32,21,55,0.34545454545454546,0.34545454545454546,0.0
32,22,57,0.22807017543859648,-0.7719298245614035,0.7719298245614035
32,23,46,0.41304347826086957,0.41304347826086957,0.04347826086956519
32,24,48,0.375,0.375,0.0625
32,25,81,0.41975308641975306,0.41975308641975306,0.33333333333333337
32,26,73,0.2876712328767123,0.2876712328767123,0.0
33,0,51,0.0,-0.0392156862745098,0.43137254901960786
33,1,45,0.0,-0.9777777777777777,0.9777777777777777
33,2,51,0.0,0.0,0.0
33,3,54,0.0,0.0,0.25925925925925924
33,4,49,0.0,0.0,0.46938775510204084
33,5,53,0.0,0.0,0.1509433962264151
33,6,52,0.0,0.0,0.15384615384615385
33,7,58,0.0,0.0,0.017241379310344827
33,8,62,0.0,0.0,0.20967741935483872
33,9,66,0.0,-0.22727272727272727,0.4696969696969697
33,10,71,0.0,-0.028169014084507043,0.11267605633802817
33,11,68,0.0,-0.04411764705882353,0.11764705882352941
33,12,54,0.0,0.0,0.2962962962962963
33,13,66,0.0,-0.06060606060606061,0.13636363636363635
33,14,60,0.0,-0.2,0.2
33,15,54,0.0,-0.2962962962962963,0.3888888888888889
33,16,71,0.0,-0.07042253521126761,0.7746478873239436
33,17,60,0.0,-0.03333333333333333,0.15
33,18,66,0.5606060606060606,0.5454545454545454,0.3030303030303031
33,19,52,0.25,0.25,0.23076923076923078
33,20,92,0.18478260869565216,0.18478260869565216,0.03260869565217392
33,21,55,0.34545454545454546,0.34545454545454546,0.0
33,22,57,0.21052631578947367,-0.7894736842105263,0.7894736842105263
33,23,46,0.34782608695652173,0.34782608695652173,0.10869565217391303
33,24,48,0.3541666666666667,0.3541666666666667,0.08333333333333331
33,25,81,0.41975308641975306,0.41975308641975306,0.33333333333333337
33,26,73,0.2191780821917808,0.2191780821917808,0.0684931506849315
34,0,51,0.0,-0.0392156862745098,0.43137254901960786
34,1,45,0.0,-0.9777777777777777,0.9777777777777777
34,2,51,0.0,0.0,0.0
34,3,54,0.0,0.0,0.25925925925925924
34,4,49,0.0,0.0,0.46938775510204084
34,5,53,0.0,0.0,0.1509433962264151
34,6,52,0.0,0.0,0.15384615384615385
34,7,58,0.0,0.0,0.017241379310344827
34,8,62,0.0,0.0,0.20967741935483872
34,9,66,0.0,-0.22727272727272727,0.4696969696969697
34,10,71,0.0,-0.028169014084507043,0.11267605633802817
34,11,68,0.0,-0.04411764705882353,0.11764705882352941
34,12,54,0.0,0.0,0.2962962962962963
34,13,66,0.0,-0.06060606060606061,0.13636363636363635
34,14,60,0.0,-0.2,0.2
34,15,54,0.0,-0.2962962962962963,0.3888888888888889
34,16,71,0.0,-0.07042253521126761,0.7746478873239436
34,17,60,0.0,-0.03333333333333333,0.15
34,18,66,0.48484848484848486,0.4696969696969697,0.3787878787878788
34,19,52,0.28846153846153844,0.28846153846153844,0.19230769230769235
34,20,92,0.20652173913043478,0.20652173913043478,0.010869565217391297
34,21,55,0.43636363636363634,0.43636363636363634,0.0
34,22,57,0.21052631578947367,-0.7894736842105263,0.7894736842105263
34,23,46,0.3695652173913043,0.3695652173913043,0.08695652173913043
34,24,48,0.3333333333333333,0.3333333333333333,0.10416666666666669
34,25,81,0.3333333333333333,0.3333333333333333,0.4197530864197531
34,26,73,0.2602739726027397,0.2602739726027397,0.0273972602739726
35,0,51,0.0,-0.0392156862745098,0.43137254901960786
35,1,45,0.0,-0.9777777777777777,0.9777777777777777
35,2,51,0.0,0.0,0.0
35,3,54,0.0,0.0,0.25925925925925924
35,4,49,0.0,0.0,0.46938775510204084
35,5,53,0.0,0.0,0.1509433962264151
35,6,52,0.0,0.0,0.15384615384615385
35,7,58,0.0,0.0,0.017241379310344827
35,8,62,0.0,0.0,0.20967741935483872
35,9,66,0.0,-0.22727272727272727,0.4696969696969697
35,10,71,0.0,-0.028169014084507043,0.11267605633802817
35,11,68,0.0,-0.04411764705882353,0.11764705882352941
35,12,54,0.0,0.0,0.2962962962962963
35,13,66,0.0,-0.06060606060606061,0.13636363636363635
35,14,60,0.0,-0.2,0.2
35,15,54,0.0,-0.2962962962962963,0.3888888888888889
35,16,71,0.0,-0.07042253521126761,0.7746478873239436
35,17,60,0.0,-0.03333333333333333,0.15
35,18,66,0.5606060606060606,0.5454545454545454,0.3030303030303031
35,19,52,0.28846153846153844,0.28846153846153844,0.19230769230769235
35,20,92,0.18478260869565216,0.18478260869565216,0.03260869565217392
35,21,55,0.36363636363636365,0.36363636363636365,0.0727272727272727
35,22,57,0.2631578947368421,-0.736842105263158,0.736842105263158
35,23,46,0.3695652173913043,0.3695652173913043,0.08695652173913043
35,24,48,0.375,0.375,0.0625
35,25,81,0.37037037037037035,0.37037037037037035,0.3827160493827161
35,26,73,0.273972602739726,0.273972602739726,0.0136986301369863
36,0,51,0.0,-0.0392156862745098,0.43137254901960786
36,1,45,0.0,-0.9777777777777777,0.9777777777777777
36,2,51,0.0,0.0,0.0
36,3,54,0.0,0.0,0.25925925925925924
36,4,49,0.0,0.0,0.46938775510204084
36,5,53,0.0,0.0,0.1509433962264151
36,6,52,0.0,0.0,0.15384615384615385
36,7,58,0.0,0.0,0.017241379310344827
36,8,62,0.0,0.0,0.20967741935483872
36,9,66,0.0,-0.22727272727272727,0.4696969696969697
36,10,71,0.0,-0.028169014084507043,0.11267605633802817
36,11,68,0.0,-0.04411764705882353,0.11764705882352941
36,12,54,0.0,0.0,0.2962962962962963
36,13,66,0.0,-0.06060606060606061,0.13636363636363635
36,14,60,0.0,-0.2,0.2
36,15,54,0.0,-0.2962962962962963,0.3888888888888889
36,16,71,0.0,-0.07042253521126761,0.7746478873239436
36,17,60,0.0,-0.03333333333333333,0.15
36,18,66,0.5,0.48484848484848486,0.36363636363636365
36,19,52,0.28846153846153844,0.28846153846153844,0.19230769230769235
36,20,92,0.18478260869565216,0.18478260869565216,0.03260869565217392
36,21,55,0.43636363636363634,0.43636363636363634,0.0
36,22,57,0.22807017543859648,-0.7719298245614035,0.7719298245614035
36,23,46,0.32608695652173914,0.32608695652173914,0.13043478260869562
36,24,48,0.2916666666666667,0.2916666666666667,0.14583333333333331
36,25,81,0.35802469135802467,0.35802469135802467,0.39506172839506176
36,26,73,0.2328767123287671,0.2328767123287671,0.0547945205479452
37,0,51,0.0,-0.0392156862745098,0.43137254901960786
37,1,45,0.0,-0.9777777777777777,0.9777777777777777
37,2,51,0.0,0.0,0.0
37,3,54,0.0,0.0,0.25925925925925924
37,4,49,0.0,0.0,0.46938775510204084
37,5,53,0.0,0.0,0.1509433962264151
37,6,52,0.0,0.0,0.15384615384615385
37,7,58,0.0,0.0,0.017241379310344827
37,8,62,0.0,0.0,0.20967741935483872
37,9,66,0.0,-0.22727272727272727,0.4696969696969697
37,10,71,0.0,-0.028169014084507043,0.11267605633802817
37,11,68,0.0,-0.04411764705882353,0.11764705882352941
37,12,54,0.0,0.0,0.2962962962962963
37,13,66,0.0,-0.06060606060606061,0.13636363636363635
37,14,60,0.0,-0.2,0.2
37,15,54,0.0,-0.2962962962962963,0.3888888888888889
37,16,71,0.0,-0.07042253521126761,0.7746478873239436
37,17,60,0.0,-0.03333333333333333,0.15
37,18,66,0.5303030303030303,0.5151515151515151,0.33333333333333337
37,19,52,0.2692307692307692,0.2692307692307692,0.21153846153846156
37,20,92,0.17391304347826086,0.17391304347826086,0.043478260869565216
37,21,55,0.38181818181818183,0.38181818181818183,0.05454545454545451
37,22,57,0.3508771929824561,-0.6491228070175439,0.6491228070175439
37,23,46,0.34782608695652173,0.34782608695652173,0.10869565217391303
37,24,48,0.375,0.375,0.0625
37,25,81,0.38271604938271603,0.38271604938271603,0.3703703703703704
37,26,73,0.2602739726027397,0.2602739726027397,0.0273972602739726
38,0,51,0.0,-0.0392156862745098,0.43137254901960786
38,1,45,0.0,-0.9777777777777777,0.9777777777777777
38,2,51,0.0,0.0,0.0
38,3,54,0.0,0.0,0.25925925925925924
38,4,49,0.0,0.0,0.46938775510204084
38,5,53,0.0,0.0,0.1509433962264151
38,6,52,0.0,0.0,0.15384615384615385
38,7,58,0.0,0.0,0.017241379310344827
38,8,62,0.0,0.0,0.20967741935483872
38,9,66,0.0,-0.22727272727272727,0.4696969696969697
38,10,71,0.0,-0.028169014084507043,0.11267605633802817
38,11,68,0.0,-0.04411764705882353,0.11764705882352941
38,12,54,0.0,0.0,0.2962962962962963
38,13,66,0.0,-0.06060606060606061,0.13636363636363635
38,14,60,0.0,-0.2,0.2
38,15,54,0.0,-0.2962962962962963,0.3888888888888889
38,16,71,0.0,-0.07042253521126761,0.7746478873239436
38,17,60,0.0,-0.03333333333333333,0.15
38,18,66,0.5151515151515151,0.5,0.3484848484848485
38,19,52,0.3076923076923077,0.3076923076923077,0.17307692307692307
38,20,92,0.1956521739130435,0.1956521739130435,0.021739130434782594
38,21,55,0.4,0.4,0.03636363636363632
38,22,57,0.3157894736842105,-0.6842105263157895,0.6842105263157895
38,23,46,0.41304347826086957,0.41304347826086957,0.04347826086956519
38,24,48,0.2916666666666667,0.2916666666666667,0.14583333333333331
38,25,81,0.4074074074074074,0.4074074074074074,0.34567901234567905
38,26,73,0.2602739726027397,0.2602739726027397,0.0273972602739726
39,0,51,0.0,-0.0392156862745098,0.43137254901960786
39,1,45,0.0,-0.9777777777777777,0.9777777777777777
39,2,51,0.0,0.0,0.0
39,3,54,0.0,0.0,0.25925925925925924
39,4,49,0.0,0.0,0.46938775510204084
39,5,53,0.0,0.0,0.1509433962264151
39,6,52,0.0,0.0,0.15384615384615385
39,7,58,0.0,0.0,0.017241379310344827
39,8,62,0.0,0.0,0.20967741935483872
39,9,66,0.0,-0.22727272727272727,0.4696969696969697
39,10,71,0.0,-0.028169014084507043,0.11267605633802817
39,11,68,0.0,-0.04411764705882353,0.11764705882352941
39,12,54,0.0,0.0,0.2962962962962963
39,13,66,0.0,-0.06060606060606061,0.13636363636363635
39,14,60,0.0,-0.2,0.2
39,15,54,0.0,-0.2962962962962963,0.3888888888888889
39,16,71,0.0,-0.07042253521126761,0.7746478873239436
39,17,60,0.0,-0.03333333333333333,0.15
39,18,66,0.6060606060606061,0.5909090909090909,0.25757575757575757
39,19,52,0.2692307692307692,0.2692307692307692,0.21153846153846156
39,20,92,0.18478260869565216,0.18478260869565216,0.03260869565217392
39,21,55,0.41818181818181815,0.41818181818181815,0.018181818181818188
39,22,57,0.2807017543859649,-0.7192982456140351,0.7192982456140351
39,23,46,0.30434782608695654,0.30434782608695654,0.15217391304347822
39,24,48,0.3125,0.3125,0.125
39,25,81,0.3950617283950617,0.3950617283950617,0.3580246913580247
39,26,73,0.2465753424657534,0.2465753424657534,0.0410958904109589
40,0,51,0.0,-0.0392156862745098,0.43137254901960786
40,1,45,0.0,-0.9777777777777777,0.9777777777777777
40,2,51,0.0,0.0,0.0
40,3,54,0.0,0.0,0.25925925925925924
40,4,49,0.0,0.0,0.46938775510204084
40,5,53,0.0,0.0,0.1509433962264151
40,6,52,0.0,0.0,0.15384615384615385
40,7,58,0.0,0.0,0.017241379310344827
40,8,62,0.0,0.0,0.20967741935483872
40,9,66,0.0,-0.22727272727272727,0.4696969696969697
40,10,71,0.0,-0.028169014084507043,0.11267605633802817
40,11,68,0.0,-0.04411764705882353,0.11764705882352941
40,12,54,0.0,0.0,0.2962962962962963
40,13,66,0.0,-0.06060606060606061,0.13636363636363635
40,14,60,0.0,-0.2,0.2
40,15,54,0.0,-0.2962962962962963,0.3888888888888889
40,16,71,0.0,-0.07042253521126761,0.7746478873239436
40,17,60,0.0,-0.03333333333333333,0.15
40,18,66,0.5606060606060606,0.5454545454545454,0.3030303030303031
40,19,52,0.3076923076923077,0.3076923076923077,0.17307692307692307
40,20,92,0.17391304347826086,0.17391304347826086,0.043478260869565216
40,21,55,0.43636363636363634,0.43636363636363634,0.0
40,22,57,0.2631578947368421,-0.736842105263158,0.736842105263158
40,23,46,0.2391304347826087,0.2391304347826087,0.21739130434782605
40,24,48,0.2708333333333333,0.2708333333333333,0.16666666666666669
40,25,81,0.3950617283950617,0.3950617283950617,0.3580246913580247
40,26,73,0.273972602739726,0.273972602739726,0.0136986301369863
41,0,51,0.0,-0.0392156862745098,0.43137254901960786
41,1,45,0.0,-0.9777777777777777,0.9777777777777777
41,2,51,0.0,0.0,0.0
41,3,54,0.0,0.0,0.25925925925925924
41,4,49,0.0,0.0,0.46938775510204084
41,5,53,0.0,0.0,0.1509433962264151
41,6,52,0.0,0.0,0.15384615384615385
41,7,58,0.0,0.0,0.017241379310344827
41,8,62,0.0,0.0,0.20967741935483872
41,9,66,0.0,-0.22727272727272727,0.4696969696969697
41,10,71,0.0,-0.028169014084507043,0.11267605633802817
41,11,68,0.0,-0.04411764705882353,0.11764705882352941
41,12,54,0.0,0.0,0.2962962962962963
41,13,66,0.0,-0.06060606060606061,0.13636363636363635
41,14,60,0.0,-0.2,0.2
41,15,54,0.0,-0.2962962962962963,0.3888888888888889
41,16,71,0.0,-0.07042253521126761,0.7746478873239436
41,17,60,0.0,-0.03333333333333333,0.15
41,18,66,0.5606060606060606,0.5454545454545454,0.3030303030303031
41,19,52,0.3076923076923077,0.3076923076923077,0.17307692307692307
41,20,92,0.18478260869565216,0.18478260869565216,0.03260869565217392
41,21,55,0.4727272727272727,0.4727272727272727,0.0
41,22,57,0.2807017543859649,-0.7192982456140351,0.7192982456140351
41,23,46,0.391304347826087,0.391304347826087,0.06521739130434778
41,24,48,0.3333333333333333,0.3333333333333333,0.10416666666666669
41,25,81,0.4074074074074074,0.4074074074074074,0.34567901234567905
41,26,73,0.2465753424657534,0.2465753424657534,0.0410958904109589
42,0,51,0.0,-0.0392156862745098,0.43137254901960786
42,1,45,0.0,-0.9777777777777777,0.9777777777777777
42,2,51,0.0,0.0,0.0
42,3,54,0.0,0.0,0.25925925925925924
42,4,49,0.0,0.0,0.46938775510204084
42,5,53,0.0,0.0,0.1509433962264151
42,6,52,0.0,0.0,0.15384615384615385
42,7,58,0.0,0.0,0.017241379310344827
42,8,62,0.0,0.0,0.20967741935483872
42,9,66,0.0,-0.22727272727272727,0.4696969696969697
42,10,71,0.0,-0.028169014084507043,0.11267605633802817
42,11,68,0.0,-0.04411764705882353,0.11764705882352941
42,12,54,0.0,0.0,0.2962962962962963
42,13,66,0.0,-0.06060606060606061,0.13636363636363635
42,14,60,0.0,-0.2,0.2
42,15,54,0.0,-0.2962962962962963,0.3888888888888889
42,16,71,0.0,-0.07042253521126761,0.7746478873239436
42,17,60,0.0,-0.03333333333333333,0.15
42,18,66,0.6363636363636364,0.6212121212121212,0.2272727272727273
42,19,52,0.3269230769230769,0.3269230769230769,0.15384615384615385
42,20,92,0.15217391304347827,0.15217391304347827,0.06521739130434781
42,21,55,0.38181818181818183,0.38181818181818183,0.09090909090909088
42,22,57,0.2807017543859649,-0.7192982456140351,0.7192982456140351
42,23,46,0.32608695652173914,0.32608695652173914,0.13043478260869562
42,24,48,0.25,0.25,0.1875
42,25,81,0.43209876543209874,0.43209876543209874,0.3209876543209877
42,26,73,0.273972602739726,0.273972602739726,0.0136986301369863
43,0,51,0.0,-0.0392156862745098,0.43137254901960786
43,1,45,0.0,-0.9777777777777777,0.9777777777777777
43,2,51,0.0,0.0,0.0
43,3,54,0.0,0.0,0.25925925925925924
43,4,49,0.0,0.0,0.46938775510204084
43,5,53,0.0,0.0,0.1509433962264151
43,6,52,0.0,0.0,0.15384615384615385
43,7,58,0.0,0.0,0.017241379310344827
43,8,62,0.0,0.0,0.20967741935483872
43,9,66,0.0,-0.22727272727272727,0.4696969696969697
43,10,71,0.0,-0.028169014084507043,0.11267605633802817
43,11,68,0.0,-0.04411764705882353,0.11764705882352941
43,12,54,0.0,0.0,0.2962962962962963
43,13,66,0.0,-0.06060606060606061,0.13636363636363635
43,14,60,0.0,-0.2,0.2
43,15,54,0.0,-0.2962962962962963,0.3888888888888889
43,16,71,0.0,-0.07042253521126761,0.7746478873239436
43,17,60,0.0,-0.03333333333333333,0.15
43,18,66,0.5303030303030303,0.5151515151515151,0.33333333333333337
43,19,52,0.3076923076923077,0.3076923076923077,0.17307692307692307
43,20,92,0.22826086956521738,0.22826086956521738,0.0
43,21,55,0.4,0.4,0.0727272727272727
43,22,57,0.3157894736842105,-0.6842105263157895,0.6842105263157895
43,23,46,0.3695652173913043,0.3695652173913043,0.08695652173913043
43,24,48,0.3333333333333333,0.3333333333333333,0.10416666666666669
43,25,81,0.35802469135802467,0.35802469135802467,0.39506172839506176
43,26,73,0.2328767123287671,0.2328767123287671,0.0547945205479452
44,0,51,0.0,-0.0392156862745098,0.43137254901960786
44,1,45,0.0,-0.9777777777777777,0.9777777777777777
44,2,51,0.0,0.0,0.0
44,3,54,0.0,0.0,0.25925925925925924
44,4,49,0.0,0.0,0.46938775510204084
44,5,53,0.0,0.0,0.1509433962264151
44,6,52,0.0,0.0,0.15384615384615385
44,7,58,0.0,0.0,0.017241379310344827
44,8,62,0.0,0.0,0.20967741935483872
44,9,66,0.0,-0.22727272727272727,0.4696969696969697
44,10,71,0.0,-0.028169014084507043,0.11267605633802817
44,11,68,0.0,-0.04411764705882353,0.11764705882352941
44,12,54,0.0,0.0,0.2962962962962963
44,13,66,0.0,-0.06060606060606061,0.13636363636363635
44,14,60,0.0,-0.2,0.2
44,15,54,0.0,-0.2962962962962963,0.3888888888888889
44,16,71,0.0,-0.07042253521126761,0.7746478873239436
44,17,60,0.0,-0.03333333333333333,0.15
44,18,66,0.6060606060606061,0.5909090909090909,0.25757575757575757
44,19,52,0.34615384615384615,0.34615384615384615,0.13461538461538464
44,20,92,0.18478260869565216,0.18478260869565216,0.043478260869565216
44,21,55,0.3090909090909091,0.3090909090909091,0.16363636363636364
44,22,57,0.24561403508771928,-0.7543859649122807,0.7543859649122807
44,23,46,0.32608695652173914,0.32608695652173914,0.13043478260869562
44,24,48,0.22916666666666666,0.22916666666666666,0.20833333333333334
44,25,81,0.4567901234567901,0.4567901234567901,0.29629629629629634
44,26,73,0.3424657534246575,0.3424657534246575,0.0
45,0,51,0.0,-0.0392156862745098,0.43137254901960786
45,1,45,0.0,-0.9777777777777777,0.9777777777777777
45,2,51,0.0,0.0,0.0
45,3,54,0.0,0.0,0.25925925925925924
45,4,49,0.0,0.0,0.46938775510204084
45,5,53,0.0,0.0,0.1509433962264151
45,6,52,0.0,0.0,0.15384615384615385
45,7,58,0.0,0.0,0.017241379310344827
45,8,62,0.0,0.0,0.20967741935483872
45,9,66,0.0,-0.22727272727272727,0.4696969696969697
45,10,71,0.0,-0.028169014084507043,0.11267605633802817
45,11,68,0.0,-0.04411764705882353,0.11764705882352941
45,12,54,0.0,0.0,0.2962962962962963
45,13,66,0.0,-0.06060606060606061,0.13636363636363635
45,14,60,0.0,-0.2,0.2
45,15,54,0.0,-0.2962962962962963,0.3888888888888889
45,16,71,0.0,-0.07042253521126761,0.7746478873239436
45,17,60,0.0,-0.03333333333333333,0.15
45,18,66,0.5757575757575758,0.5606060606060607,0.28787878787878785
45,19,52,0.3076923076923077,0.3076923076923077,0.17307692307692307
45,20,92,0.21739130434782608,0.21739130434782608,0.010869565217391297
45,21,55,0.3090909090909091,0.3090909090909091,0.16363636363636364
45,22,57,0.38596491228070173,-0.6140350877192983,0.6140350877192983
45,23,46,0.34782608695652173,0.34782608695652173,0.10869565217391303
45,24,48,0.3333333333333333,0.3333333333333333,0.10416666666666669
45,25,81,0.38271604938271603,0.38271604938271603,0.3703703703703704
45,26,73,0.2465753424657534,0.2465753424657534,0.0958904109589041
46,0,51,0.0,-0.0392156862745098,0.43137254901960786
46,1,45,0.0,-0.9777777777777777,0.9777777777777777
46,2,51,0.0,0.0,0.0
46,3,54,0.0,0.0,0.25925925925925924
46,4,49,0.0,0.0,0.46938775510204084
46,5,53,0.0,0.0,0.1509433962264151
46,6,52,0.0,0.0,0.15384615384615385
46,7,58,0.0,0.0,0.017241379310344827
46,8,62,0.0,0.0,0.20967741935483872
46,9,66,0.0,-0.22727272727272727,0.4696969696969697
46,10,71,0.0,-0.028169014084507043,0.11267605633802817
46,11,68,0.0,-0.04411764705882353,0.11764705882352941
46,12,54,0.0,0.0,0.2962962962962963
46,13,66,0.0,-0.06060606060606061,0.13636363636363635
46,14,60,0.0,-0.2,0.2
46,15,54,0.0,-0.2962962962962963,0.3888888888888889
46,16,71,0.0,-0.07042253521126761,0.7746478873239436
46,17,60,0.0,-0.03333333333333333,0.15
46,18,66,0.5909090909090909,0.5757575757575758,0.2727272727272727
46,19,52,0.36538461538461536,0.36538461538461536,0.11538461538461542
46,20,92,0.18478260869565216,0.18478260869565216,0.043478260869565216
46,21,55,0.3090909090909091,0.3090909090909091,0.16363636363636364
46,22,57,0.2631578947368421,-0.736842105263158,0.736842105263158
46,23,46,0.32608695652173914,0.32608695652173914,0.13043478260869562
46,24,48,0.22916666666666666,0.22916666666666666,0.20833333333333334
46,25,81,0.4691358024691358,0.4691358024691358,0.28395061728395066
46,26,73,0.3150684931506849,0.3150684931506849,0.0273972602739726
47,0,51,0.0,-0.0392156862745098,0.43137254901960786
47,1,45,0.0,-0.9777777777777777,0.9777777777777777
47,2,51,0.0,0.0,0.0
47,3,54,0.0,0.0,0.25925925925925924
47,4,49,0.0,0.0,0.46938775510204084
47,5,53,0.0,0.0,0.1509433962264151
47,6,52,0.0,0.0,0.15384615384615385
47,7,58,0.0,0.0,0.017241379310344827
47,8,62,0.0,0.0,0.20967741935483872
47,9,66,0.0,-0.22727272727272727,0.4696969696969697
47,10,71,0.0,-0.028169014084507043,0.11267605633802817
47,11,68,0.0,-0.04411764705882353,0.11764705882352941
47,12,54,0.0,0.0,0.2962962962962963
47,13,66,0.0,-0.06060606060606061,0.13636363636363635
47,14,60,0.0,-0.2,0.2
47,15,54,0.0,-0.2962962962962963,0.3888888888888889
47,16,71,0.0,-0.07042253521126761,0.7746478873239436
47,17,60,0.0,-0.03333333333333333,0.15
47,18,66,0.6363636363636364,0.6212121212121212,0.2272727272727273
47,19,52,0.3269230769230769,0.3269230769230769,0.15384615384615385
47,20,92,0.1956521739130435,0.1956521739130435,0.03260869565217389
47,21,55,0.32727272727272727,0.32727272727272727,0.14545454545454545
47,22,57,0.3508771929824561,-0.6491228070175439,0.6491228070175439
47,23,46,0.41304347826086957,0.41304347826086957,0.04347826086956519
47,24,48,0.3541666666666667,0.3541666666666667,0.08333333333333331
47,25,81,0.38271604938271603,0.38271604938271603,0.3703703703703704
47,26,73,0.2602739726027397,0.2602739726027397,0.0821917808219178
48,0,51,0.0,-0.0392156862745098,0.43137254901960786
48,1,45,0.0,-0.9777777777777777,0.9777777777777777
48,2,51,0.0,0.0,0.0
48,3,54,0.0,0.0,0.25925925925925924
48,4,49,0.0,0.0,0.46938775510204084
48,5,53,0.0,0.0,0.1509433962264151
48,6,52,0.0,0.0,0.15384615384615385
48,7,58,0.0,0.0,0.017241379310344827
48,8,62,0.0,0.0,0.20967741935483872
48,9,66,0.0,-0.22727272727272727,0.4696969696969697
48,10,71,0.0,-0.028169014084507043,0.11267605633802817
48,11,68,0.0,-0.04411764705882353,0.11764705882352941
48,12,54,0.0,0.0,0.2962962962962963
48,13,66,0.0,-0.06060606060606061,0.13636363636363635
48,14,60,0.0,-0.2,0.2
48,15,54,0.0,-0.2962962962962963,0.3888888888888889
48,16,71,0.0,-0.07042253521126761,0.7746478873239436
48,17,60,0.0,-0.03333333333333333,0.15
48,18,66,0.6060606060606061,0.5909090909090909,0.25757575757575757
48,19,52,0.40384615384615385,0.40384615384615385,0.07692307692307693
48,20,92,0.16304347826086957,0.16304347826086957,0.06521739130434781
48,21,55,0.34545454545454546,0.34545454545454546,0.12727272727272726
48,22,57,0.2807017543859649,-0.7192982456140351,0.7192982456140351
48,23,46,0.3695652173913043,0.3695652173913043,0.08695652173913043
48,24,48,0.22916666666666666,0.22916666666666666,0.20833333333333334
48,25,81,0.49382716049382713,0.49382716049382713,0.2592592592592593
48,26,73,0.3287671232876712,0.3287671232876712,0.0136986301369863
49,0,51,0.0,-0.0392156862745098,0.43137254901960786
49,1,45,0.0,-0.9777777777777777,0.9777777777777777
49,2,51,0.0,0.0,0.0
49,3,54,0.0,0.0,0.25925925925925924
49,4,49,0.0,0.0,0.46938775510204084
49,5,53,0.0,0.0,0.1509433962264151
49,6,52,0.0,0.0,0.15384615384615385
49,7,58,0.0,0.0,0.017241379310344827
49,8,62,0.0,0.0,0.20967741935483872
49,9,66,0.0,-0.22727272727272727,0.4696969696969697
49,10,71,0.0,-0.028169014084507043,0.11267605633802817
49,11,68,0.0,-0.04411764705882353,0.11764705882352941
49,12,54,0.0,0.0,0.2962962962962963
49,13,66,0.0,-0.06060606060606061,0.13636363636363635
49,14,60,0.0,-0.2,0.2
49,15,54,0.0,-0.2962962962962963,0.3888888888888889
49,16,71,0.0,-0.07042253521126761,0.7746478873239436
49,17,60,0.0,-0.03333333333333333,0.15
49,18,66,0.6666666666666666,0.6515151515151515,0.19696969696969702
49,19,52,0.36538461538461536,0.36538461538461536,0.11538461538461542
49,20,92,0.15217391304347827,0.15217391304347827,0.07608695652173911
49,21,55,0.2727272727272727,0.2727272727272727,0.2
49,22,57,0.3508771929824561,-0.6491228070175439,0.6491228070175439
49,23,46,0.32608695652173914,0.32608695652173914,0.13043478260869562
49,24,48,0.3958333333333333,0.3958333333333333,0.041666666666666685
49,25,81,0.37037037037037035,0.37037037037037035,0.3827160493827161
49,26,73,0.2465753424657534,0.2465753424657534,0.0958904109589041
50,0,51,0.0,-0.0392156862745098,0.43137254901960786
50,1,45,0.0,-0.9777777777777777,0.9777777777777777
50,2,51,0.0,0.0,0.0
50,3,54,0.0,0.0,0.25925925925925924
50,4,49,0.0,0.0,0.46938775510204084
50,5,53,0.0,0.0,0.1509433962264151
50,6,52,0.0,0.0,0.15384615384615385
50,7,58,0.0,0.0,0.017241379310344827
50,8,62,0.0,0.0,0.20967741935483872
50,9,66,0.0,-0.22727272727272727,0.4696969696969697
50,10,71,0.0,-0.028169014084507043,0.11267605633802817
50,11,68,0.0,-0.04411764705882353,0.11764705882352941
50,12,54,0.0,0.0,0.2962962962962963
50,13,66,0.0,-0.06060606060606061,0.13636363636363635
50,14,60,0.0,-0.2,0.2
50,15,54,0.0,-0.2962962962962963,0.3888888888888889
50,16,71,0.0,-0.07042253521126761,0.7746478873239436
50,17,60,0.0,-0.03333333333333333,0.15
50,18,66,0.5606060606060606,0.5454545454545454,0.3030303030303031
50,19,52,0.38461538461538464,0.38461538461538464,0.09615384615384615
50,20,92,0.20652173913043478,0.20652173913043478,0.021739130434782594
50,21,55,0.4,0.4,0.0727272727272727
50,22,57,0.2807017543859649,-0.7192982456140351,0.7192982456140351
50,23,46,0.32608695652173914,0.32608695652173914,0.13043478260869562
50,24,48,0.22916666666666666,0.22916666666666666,0.20833333333333334
50,25,81,0.4567901234567901,0.4567901234567901,0.29629629629629634
50,26,73,0.3561643835616438,0.3561643835616438,0.0
51,0,51,0.0,-0.0392156862745098,0.43137254901960786
51,1,45,0.0,-0.9777777777777777,0.9777777777777777
51,2,51,0.0,0.0,0.0
51,3,54,0.0,0.0,0.25925925925925924
51,4,49,0.0,0.0,0.46938775510204084
51,5,53,0.0,0.0,0.1509433962264151
51,6,52,0.0,0.0,0.15384615384615385
51,7,58,0.0,0.0,0.017241379310344827
51,8,62,0.0,0.0,0.20967741935483872
51,9,66,0.0,-0.22727272727272727,0.4696969696969697
51,10,71,0.0,-0.028169014084507043,0.11267605633802817
51,11,68,0.0,-0.04411764705882353,0.11764705882352941
51,12,54,0.0,0.0,0.2962962962962963
51,13,66,0.0,-0.06060606060606061,0.13636363636363635
51,14,60,0.0,-0.2,0.2
51,15,54,0.0,-0.2962962962962963,0.3888888888888889
51,16,71,0.0,-0.07042253521126761,0.7746478873239436
51,17,60,0.0,-0.03333333333333333,0.15
51,18,66,0.7272727272727273,0.7121212121212122,0.13636363636363635
51,19,52,0.36538461538461536,0.36538461538461536,0.11538461538461542
51,20,92,0.15217391304347827,0.15217391304347827,0.07608695652173911
51,21,55,0.34545454545454546,0.34545454545454546,0.12727272727272726
51,22,57,0.40350877192982454,-0.5964912280701755,0.5964912280701755
51,23,46,0.3695652173913043,0.3695652173913043,0.08695652173913043
51,24,48,0.4791666666666667,0.4791666666666667,0.0
51,25,81,0.35802469135802467,0.35802469135802467,0.39506172839506176
51,26,73,0.2191780821917808,0.2191780821917808,0.136986301369863
52,0,51,0.0,-0.0392156862745098,0.43137254901960786
52,1,45,0.0,-0.9777777777777777,0.9777777777777777
52,2,51,0.0,0.0,0.0
52,3,54,0.0,0.0,0.25925925925925924
52,4,49,0.0,0.0,0.46938775510204084
52,5,53,0.0,0.0,0.1509433962264151
52,6,52,0.0,0.0,0.15384615384615385
52,7,58,0.0,0.0,0.017241379310344827
52,8,62,0.0,0.0,0.20967741935483872
52,9,66,0.0,-0.22727272727272727,0.4696969696969697
52,10,71,0.0,-0.028169014084507043,0.11267605633802817
52,11,68,0.0,-0.04411764705882353,0.11764705882352941
52,12,54,0.0,0.0,0.2962962962962963
52,13,66,0.0,-0.06060606060606061,0.13636363636363635
52,14,60,0.0,-0.2,0.2
52,15,54,0.0,-0.2962962962962963,0.3888888888888889
52,16,71,0.0,-0.07042253521126761,0.7746478873239436
52,17,60,0.0,-0.03333333333333333,0.15
52,18,66,0.5606060606060606,0.5454545454545454,0.3030303030303031
52,19,52,0.40384615384615385,0.40384615384615385,0.07692307692307693
52,20,92,0.16304347826086957,0.16304347826086957,0.06521739130434781
52,21,55,0.38181818181818183,0.38181818181818183,0.09090909090909088
52,22,57,0.2807017543859649,-0.7192982456140351,0.7192982456140351
52,23,46,0.32608695652173914,0.32608695652173914,0.13043478260869562
52,24,48,0.20833333333333334,0.20833333333333334,0.27083333333333337
52,25,81,0.4691358024691358,0.4691358024691358,0.28395061728395066
52,26,73,0.3287671232876712,0.3287671232876712,0.0273972602739726
53,0,51,0.0,-0.0392156862745098,0.43137254901960786
53,1,45,0.0,-0.9777777777777777,0.9777777777777777
53,2,51,0.0,0.0,0.0
53,3,54,0.0,0.0,0.25925925925925924
53,4,49,0.0,0.0,0.46938775510204084
53,5,53,0.0,0.0,0.1509433962264151
53,6,52,0.0,0.0,0.15384615384615385
53,7,58,0.0,0.0,0.017241379310344827
53,8,62,0.0,0.0,0.20967741935483872
53,9,66,0.0,-0.22727272727272727,0.4696969696969697
53,10,71,0.0,-0.028169014084507043,0.11267605633802817
53,11,68,0.0,-0.04411764705882353,0.11764705882352941
53,12,54,0.0,0.0,0.2962962962962963
53,13,66,0.0,-0.06060606060606061,0.13636363636363635
53,14,60,0.0,-0.2,0.2
53,15,54,0.0,-0.2962962962962963,0.3888888888888889
53,16,71,0.0,-0.07042253521126761,0.7746478873239436
53,17,60,0.0,-0.03333333333333333,0.15
53,18,66,0.7424242424242424,0.7272727272727273,0.12121212121212122
53,19,52,0.36538461538461536,0.36538461538461536,0.11538461538461542
53,20,92,0.14130434782608695,0.14130434782608695,0.08695652173913043
53,21,55,0.3090909090909091,0.3090909090909091,0.16363636363636364
53,22,57,0.40350877192982454,-0.5964912280701755,0.5964912280701755
53,23,46,0.3695652173913043,0.3695652173913043,0.08695652173913043
53,24,48,0.4583333333333333,0.4583333333333333,0.02083333333333337
53,25,81,0.38271604938271603,0.38271604938271603,0.3703703703703704
53,26,73,0.2328767123287671,0.2328767123287671,0.1232876712328767
54,0,51,0.0,-0.0392156862745098,0.43137254901960786
54,1,45,0.0,-0.9777777777777777,0.9777777777777777
54,2,51,0.0,0.0,0.0
54,3,54,0.0,0.0,0.25925925925925924
54,4,49,0.0,0.0,0.46938775510204084
54,5,53,0.0,0.0,0.1509433962264151
54,6,52,0.0,0.0,0.15384615384615385
54,7,58,0.0,0.0,0.017241379310344827
54,8,62,0.0,0.0,0.20967741935483872
54,9,66,0.0,-0.22727272727272727,0.4696969696969697
54,10,71,0.0,-0.028169014084507043,0.11267605633802817
54,11,68,0.0,-0.04411764705882353,0.11764705882352941
54,12,54,0.0,0.0,0.2962962962962963
54,13,66,0.0,-0.06060606060606061,0.13636363636363635
54,14,60,0.0,-0.2,0.2
54,15,54,0.0,-0.2962962962962963,0.3888888888888889
54,16,71,0.0,-0.07042253521126761,0.7746478873239436
54,17,60,0.0,-0.03333333333333333,0.15
54,18,66,0.5606060606060606,0.5454545454545454,0.3030303030303031
54,19,52,0.36538461538461536,0.36538461538461536,0.11538461538461542
54,20,92,0.18478260869565216,0.18478260869565216,0.043478260869565216
54,21,55,0.34545454545454546,0.34545454545454546,0.12727272727272726
54,22,57,0.3157894736842105,-0.6842105263157895,0.6842105263157895
54,23,46,0.3695652173913043,0.3695652173913043,0.08695652173913043
54,24,48,0.16666666666666666,0.16666666666666666,0.3125
54,25,81,0.5555555555555556,0.5555555555555556,0.19753086419753085
54,26,73,0.3424657534246575,0.3424657534246575,0.0136986301369863
55,0,51,0.0,-0.0392156862745098,0.43137254901960786
55,1,45,0.0,-0.9777777777777777,0.9777777777777777
55,2,51,0.0,0.0,0.0
55,3,54,0.0,0.0,0.25925925925925924
55,4,49,0.0,0.0,0.46938775510204084
55,5,53,0.0,0.0,0.1509433962264151
55,6,52,0.0,0.0,0.15384615384615385
55,7,58,0.0,0.0,0.017241379310344827
55,8,62,0.0,0.0,0.20967741935483872
55,9,66,0.0,-0.22727272727272727,0.4696969696969697
55,10,71,0.0,-0.028169014084507043,0.11267605633802817
55,11,68,0.0,-0.04411764705882353,0.11764705882352941
55,12,54,0.0,0.0,0.2962962962962963
55,13,66,0.0,-0.06060606060606061,0.13636363636363635
55,14,60,0.0,-0.2,0.2
55,15,54,0.0,-0.2962962962962963,0.3888888888888889
55,16,71,0.0,-0.07042253521126761,0.7746478873239436
55,17,60,0.0,-0.03333333333333333,0.15
55,18,66,0.7272727272727273,0.7121212121212122,0.13636363636363635
55,19,52,0.36538461538461536,0.36538461538461536,0.11538461538461542
55,20,92,0.17391304347826086,0.17391304347826086,0.05434782608695651
55,21,55,0.43636363636363634,0.43636363636363634,0.036363636363636376
55,22,57,0.42105263157894735,-0.5789473684210527,0.5789473684210527
55,23,46,0.32608695652173914,0.32608695652173914,0.13043478260869562
55,24,48,0.3333333333333333,0.3333333333333333,0.14583333333333337
55,25,81,0.3950617283950617,0.3950617283950617,0.3580246913580247
55,26,73,0.2054794520547945,0.2054794520547945,0.1506849315068493
56,0,51,0.0,-0.0392156862745098,0.43137254901960786
56,1,45,0.0,-0.9777777777777777,0.9777777777777777
56,2,51,0.0,0.0,0.0
56,3,54,0.0,0.0,0.25925925925925924
56,4,49,0.0,0.0,0.46938775510204084
56,5,53,0.0,0.0,0.1509433962264151
56,6,52,0.0,0.0,0.15384615384615385
56,7,58,0.0,0.0,0.017241379310344827
56,8,62,0.0,0.0,0.20967741935483872
56,9,66,0.0,-0.22727272727272727,0.4696969696969697
56,10,71,0.0,-0.028169014084507043,0.11267605633802817
56,11,68,0.0,-0.04411764705882353,0.11764705882352941
56,12,54,0.0,0.0,0.2962962962962963
56,13,66,0.0,-0.06060606060606061,0.13636363636363635
56,14,60,0.0,-0.2,0.2
56,15,54,0.0,-0.2962962962962963,0.3888888888888889
56,16,71,0.0,-0.07042253521126761,0.7746478873239436
56,17,60,0.0,-0.03333333333333333,0.15
56,18,66,0.6666666666666666,0.6515151515151515,0.19696969696969702
56,19,52,0.34615384615384615,0.34615384615384615,0.13461538461538464
56,20,92,0.17391304347826086,0.17391304347826086,0.05434782608695651
56,21,55,0.38181818181818183,0.38181818181818183,0.09090909090909088
56,22,57,0.3157894736842105,-0.6842105263157895,0.6842105263157895
56,23,46,0.391304347826087,0.391304347826087,0.06521739130434778
56,24,48,0.25,0.25,0.22916666666666669
56,25,81,0.48148148148148145,0.48148148148148145,0.271604938271605
56,26,73,0.273972602739726,0.273972602739726,0.0821917808219178
57,0,51,0.0,-0.0392156862745098,0.43137254901960786
57,1,45,0.0,-0.9777777777777777,0.9777777777777777
57,2,51,0.0,0.0,0.0
57,3,54,0.0,0.0,0.25925925925925924
57,4,49,0.0,0.0,0.46938775510204084
57,5,53,0.0,0.0,0.1509433962264151
57,6,52,0.0,0.0,0.15384615384615385
57,7,58,0.0,0.0,0.017241379310344827
57,8,62,0.0,0.0,0.20967741935483872
57,9,66,0.0,-0.22727272727272727,0.4696969696969697
57,10,71,0.0,-0.028169014084507043,0.11267605633802817
57,11,68,0.0,-0.04411764705882353,0.11764705882352941
57,12,54,0.0,0.0,0.2962962962962963
57,13,66,0.0,-0.06060606060606061,0.13636363636363635
57,14,60,0.0,-0.2,0.2
57,15,54,0.0,-0.2962962962962963,0.3888888888888889
57,16,71,0.0,-0.07042253521126761,0.7746478873239436
57,17,60,0.0,-0.03333333333333333,0.15
57,18,66,0.7575757575757576,0.7424242424242424,0.10606060606060608
57,19,52,0.36538461538461536,0.36538461538461536,0.11538461538461542
57,20,92,0.16304347826086957,0.16304347826086957,0.06521739130434781
57,21,55,0.45454545454545453,0.45454545454545453,0.018181818181818188
57,22,57,0.45614035087719296,-0.543859649122807,0.543859649122807
57,23,46,0.3695652173913043,0.3695652173913043,0.08695652173913043
57,24,48,0.3125,0.3125,0.16666666666666669
57,25,81,0.4074074074074074,0.4074074074074074,0.34567901234567905
57,26,73,0.2054794520547945,0.2054794520547945,0.1506849315068493
58,0,51,0.0,-0.0392156862745098,0.43137254901960786
58,1,45,0.0,-0.9777777777777777,0.9777777777777777
58,2,51,0.0,0.0,0.0
58,3,54,0.0,0.0,0.25925925925925924
58,4,49,0.0,0.0,0.46938775510204084
58,5,53,0.0,0.0,0.1509433962264151
58,6,52,0.0,0.0,0.15384615384615385
58,7,58,0.0,0.0,0.017241379310344827
58,8,62,0.0,0.0,0.20967741935483872
58,9,66,0.0,-0.22727272727272727,0.4696969696969697
58,10,71,0.0,-0.028169014084507043,0.11267605633802817
58,11,68,0.0,-0.04411764705882353,0.11764705882352941
58,12,54,0.0,0.0,0.2962962962962963
58,13,66,0.0,-0.06060606060606061,0.13636363636363635
58,14,60,0.0,-0.2,0.2
58,15,54,0.0,-0.2962962962962963,0.3888888888888889
58,16,71,0.0,-0.07042253521126761,0.7746478873239436
58,17,60,0.0,-0.03333333333333333,0.15
58,18,66,0.6363636363636364,0.6212121212121212,0.2272727272727273
58,19,52,0.34615384615384615,0.34615384615384615,0.13461538461538464
58,20,92,0.13043478260869565,0.13043478260869565,0.09782608695652173
58,21,55,0.32727272727272727,0.32727272727272727,0.14545454545454545
58,22,57,0.3157894736842105,-0.6842105263157895,0.6842105263157895
58,23,46,0.41304347826086957,0.41304347826086957,0.04347826086956519
58,24,48,0.2708333333333333,0.2708333333333333,0.20833333333333337
58,25,81,0.5308641975308642,0.5308641975308642,0.2222222222222222
58,26,73,0.2876712328767123,0.2876712328767123,0.0684931506849315
59,0,51,0.0,-0.0392156862745098,0.43137254901960786
59,1,45,0.0,-0.9777777777777777,0.9777777777777777
59,2,51,0.0,0.0,0.0
59,3,54,0.0,0.0,0.25925925925925924
59,4,49,0.0,0.0,0.46938775510204084
59,5,53,0.0,0.0,0.1509433962264151
59,6,52,0.0,0.0,0.15384615384615385
59,7,58,0.0,0.0,0.017241379310344827
59,8,62,0.0,0.0,0.20967741935483872
59,9,66,0.0,-0.22727272727272727,0.4696969696969697
59,10,71,0.0,-0.028169014084507043,0.11267605633802817
59,11,68,0.0,-0.04411764705882353,0.11764705882352941
59,12,54,0.0,0.0,0.2962962962962963
59,13,66,0.0,-0.06060606060606061,0.13636363636363635
59,14,60,0.0,-0.2,0.2
59,15,54,0.0,-0.2962962962962963,0.3888888888888889
59,16,71,0.0,-0.07042253521126761,0.7746478873239436
59,17,60,0.0,-0.03333333333333333,0.15
59,18,66,0.6363636363636364,0.6212121212121212,0.2272727272727273
59,19,52,0.34615384615384615,0.34615384615384615,0.13461538461538464
59,20,92,0.18478260869565216,0.18478260869565216,0.043478260869565216
59,21,55,0.4,0.4,0.0727272727272727
59,22,57,0.45614035087719296,-0.543859649122807,0.543859649122807
59,23,46,0.34782608695652173,0.34782608695652173,0.10869565217391303
59,24,48,0.25,0.25,0.22916666666666669
59,25,81,0.43209876543209874,0.43209876543209874,0.3209876543209877
59,26,73,0.273972602739726,0.273972602739726,0.0821917808219178
60,0,51,0.0,-0.0392156862745098,0.43137254901960786
60,1,45,0.0,-0.9777777777777777,0.9777777777777777
60,2,51,0.0,0.0,0.0
60,3,54,0.0,0.0,0.25925925925925924
60,4,49,0.0,0.0,0.46938775510204084
60,5,53,0.0,0.0,0.1509433962264151
60,6,52,0.0,0.0,0.15384615384615385
60,7,58,0.0,0.0,0.017241379310344827
60,8,62,0.0,0.0,0.20967741935483872
60,9,66,0.0,-0.22727272727272727,0.4696969696969697
60,10,71,0.0,-0.028169014084507043,0.11267605633802817
60,11,68,0.0,-0.04411764705882353,0.11764705882352941
60,12,54,0.0,0.0,0.2962962962962963
60,13,66,0.0,-0.06060606060606061,0.13636363636363635
60,14,60,0.0,-0.2,0.2
60,15,54,0.0,-0.2962962962962963,0.3888888888888889
60,16,71,0.0,-0.07042253521126761,0.7746478873239436
60,17,60,0.0,-0.03333333333333333,0.15
60,18,66,0.696969696969697,0.6818181818181819,0.16666666666666663
60,19,52,0.34615384615384615,0.34615384615384615,0.13461538461538464
60,20,92,0.17391304347826086,0.17391304347826086,0.05434782608695651
60,21,55,0.38181818181818183,0.38181818181818183,0.09090909090909088
60,22,57,0.3157894736842105,-0.6842105263157895,0.6842105263157895
60,23,46,0.391304347826087,0.391304347826087,0.06521739130434778
60,24,48,0.3125,0.3125,0.16666666666666669
60,25,81,0.4691358024691358,0.4691358024691358,0.28395061728395066
60,26,73,0.2602739726027397,0.2602739726027397,0.0958904109589041
61,0,51,0.0,-0.0392156862745098,0.43137254901960786
61,1,45,0.0,-0.9777777777777777,0.9777777777777777
61,2,51,0.0,0.0,0.0
61,3,54,0.0,0.0,0.25925925925925924
61,4,49,0.0,0.0,0.46938775510204084
61,5,53,0.0,0.0,0.1509433962264151
61,6,52,0.0,0.0,0.15384615384615385
61,7,58,0.0,0.0,0.017241379310344827
61,8,62,0.0,0.0,0.20967741935483872
61,9,66,0.0,-0.22727272727272727,0.4696969696969697
61,10,71,0.0,-0.028169014084507043,0.11267605633802817
61,11,68,0.0,-0.04411764705882353,0.11764705882352941
61,12,54,0.0,0.0,0.2962962962962963
61,13,66,0.0,-0.06060606060606061,0.13636363636363635
61,14,60,0.0,-0.2,0.2
61,15,54,0.0,-0.2962962962962963,0.3888888888888889
61,16,71,0.0,-0.07042253521126761,0.7746478873239436
61,17,60,0.0,-0.03333333333333333,0.15
61,18,66,0.6363636363636364,0.6212121212121212,0.2272727272727273
61,19,52,0.34615384615384615,0.34615384615384615,0.13461538461538464
61,20,92,0.13043478260869565,0.13043478260869565,0.09782608695652173
61,21,55,0.36363636363636365,0.36363636363636365,0.10909090909090907
61,22,57,0.42105263157894735,-0.5789473684210527,0.5789473684210527
61,23,46,0.3695652173913043,0.3695652173913043,0.08695652173913043
61,24,48,0.1875,0.1875,0.2916666666666667
61,25,81,0.4567901234567901,0.4567901234567901,0.29629629629629634
61,26,73,0.3013698630136986,0.3013698630136986,0.0547945205479452
62,0,51,0.0,-0.0392156862745098,0.43137254901960786
62,1,45,0.0,-0.9777777777777777,0.9777777777777777
62,2,51,0.0,0.0,0.0
62,3,54,0.0,0.0,0.25925925925925924
62,4,49,0.0,0.0,0.46938775510204084
62,5,53,0.0,0.0,0.1509433962264151
62,6,52,0.0,0.0,0.15384615384615385
62,7,58,0.0,0.0,0.017241379310344827
62,8,62,0.0,0.0,0.20967741935483872
62,9,66,0.0,-0.22727272727272727,0.4696969696969697
62,10,71,0.0,-0.028169014084507043,0.11267605633802817
62,11,68,0.0,-0.04411764705882353,0.11764705882352941
62,12,54,0.0,0.0,0.2962962962962963
62,13,66,0.0,-0.06060606060606061,0.13636363636363635
62,14,60,0.0,-0.2,0.2
62,15,54,0.0,-0.2962962962962963,0.3888888888888889
62,16,71,0.0,-0.07042253521126761,0.7746478873239436
62,17,60,0.0,-0.03333333333333333,0.15
62,18,66,0.7272727272727273,0.7121212121212122,0.13636363636363635
62,19,52,0.34615384615384615,0.34615384615384615,0.13461538461538464
62,20,92,0.14130434782608695,0.14130434782608695,0.08695652173913043
62,21,55,0.34545454545454546,0.34545454545454546,0.12727272727272726
62,22,57,0.38596491228070173,-0.6140350877192983,0.6140350877192983
62,23,46,0.34782608695652173,0.34782608695652173,0.10869565217391303
62,24,48,0.2916666666666667,0.2916666666666667,0.1875
62,25,81,0.49382716049382713,0.49382716049382713,0.2592592592592593
62,26,73,0.2191780821917808,0.2191780821917808,0.136986301369863
63,0,51,0.0,-0.0392156862745098,0.43137254901960786
63,1,45,0.0,-0.9777777777777777,0.9777777777777777
63,2,51,0.0,0.0,0.0
63,3,54,0.0,0.0,0.25925925925925924
63,4,49,0.0,0.0,0.46938775510204084
63,5,53,0.0,0.0,0.1509433962264151
63,6,52,0.0,0.0,0.15384615384615385
63,7,58,0.0,0.0,0.017241379310344827
63,8,62,0.0,0.0,0.20967741935483872
63,9,66,0.0,-0.22727272727272727,0.4696969696969697
63,10,71,0.0,-0.028169014084507043,0.11267605633802817
63,11,68,0.0,-0.04411764705882353,0.11764705882352941
63,12,54,0.0,0.0,0.2962962962962963
63,13,66,0.0,-0.06060606060606061,0.13636363636363635
63,14,60,0.0,-0.2,0.2
63,15,54,0.0,-0.2962962962962963,0.3888888888888889
63,16,71,0.0,-0.07042253521126761,0.7746478873239436
63,17,60,0.0,-0.03333333333333333,0.15
63,18,66,0.5606060606060606,0.5454545454545454,0.3030303030303031
63,19,52,0.40384615384615385,0.40384615384615385,0.07692307692307693
63,20,92,0.13043478260869565,0.13043478260869565,0.09782608695652173
63,21,55,0.2909090909090909,0.2909090909090909,0.18181818181818182
63,22,57,0.38596491228070173,-0.6140350877192983,0.6140350877192983
63,23,46,0.3695652173913043,0.3695652173913043,0.08695652173913043
63,24,48,0.1875,0.1875,0.2916666666666667
63,25,81,0.5308641975308642,0.5308641975308642,0.2222222222222222
63,26,73,0.3150684931506849,0.3150684931506849,0.0410958904109589
64,0,51,0.0,-0.0392156862745098,0.43137254901960786
64,1,45,0.0,-0.9777777777777777,0.9777777777777777
64,2,51,0.0,0.0,0.0
64,3,54,0.0,0.0,0.25925925925925924
64,4,49,0.0,0.0,0.46938775510204084
64,5,53,0.0,0.0,0.1509433962264151
64,6,52,0.0,0.0,0.15384615384615385
64,7,58,0.0,0.0,0.017241379310344827
64,8,62,0.0,0.0,0.20967741935483872
64,9,66,0.0,-0.22727272727272727,0.4696969696969697
64,10,71,0.0,-0.028169014084507043,0.11267605633802817
64,11,68,0.0,-0.04411764705882353,0.11764705882352941
64,12,54,0.0,0.0,0.2962962962962963
64,13,66,0.0,-0.06060606060606061,0.13636363636363635
64,14,60,0.0,-0.2,0.2
64,15,54,0.0,-0.2962962962962963,0.3888888888888889
64,16,71,0.0,-0.07042253521126761,0.7746478873239436
64,17,60,0.0,-0.03333333333333333,0.15
64,18,66,0.7575757575757576,0.7424242424242424,0.10606060606060608
64,19,52,0.3269230769230769,0.3269230769230769,0.15384615384615385
64,20,92,0.13043478260869565,0.13043478260869565,0.09782608695652173
64,21,55,0.41818181818181815,0.41818181818181815,0.054545454545454564
64,22,57,0.40350877192982454,-0.5964912280701755,0.5964912280701755
64,23,46,0.32608695652173914,0.32608695652173914,0.13043478260869562
64,24,48,0.3333333333333333,0.3333333333333333,0.14583333333333337
64,25,81,0.4567901234567901,0.4567901234567901,0.29629629629629634
64,26,73,0.2054794520547945,0.2054794520547945,0.1506849315068493
65,0,51,0.0,-0.0392156862745098,0.43137254901960786
65,1,45,0.0,-0.9777777777777777,0.9777777777777777
65,2,51,0.0,0.0,0.0
65,3,54,0.0,0.0,0.25925925925925924
65,4,49,0.0,0.0,0.46938775510204084
65,5,53,0.0,0.0,0.1509433962264151
65,6,52,0.0,0.0,0.15384615384615385
65,7,58,0.0,0.0,0.017241379310344827
65,8,62,0.0,0.0,0.20967741935483872
65,9,66,0.0,-0.22727272727272727,0.4696969696969697
65,10,71,0.0,-0.028169014084507043,0.11267605633802817
65,11,68,0.0,-0.04411764705882353,0.11764705882352941
65,12,54,0.0,0.0,0.2962962962962963
65,13,66,0.0,-0.06060606060606061,0.13636363636363635
65,14,60,0.0,-0.2,0.2
65,15,54,0.0,-0.2962962962962963,0.3888888888888889
65,16,71,0.0,-0.07042253521126761,0.7746478873239436
65,17,60,0.0,-0.03333333333333333,0.15
65,18,66,0.5909090909090909,0.5757575757575758,0.2727272727272727
65,19,52,0.38461538461538464,0.38461538461538464,0.09615384615384615
65,20,92,0.11956521739130435,0.11956521739130435,0.10869565217391303
65,21,55,0.2727272727272727,0.2727272727272727,0.2
65,22,57,0.42105263157894735,-0.5789473684210527,0.5789473684210527
65,23,46,0.41304347826086957,0.41304347826086957,0.04347826086956519
65,24,48,0.14583333333333334,0.14583333333333334,0.33333333333333337
65,25,81,0.5185185185185185,0.5185185185185185,0.23456790123456794
65,26,73,0.3424657534246575,0.3424657534246575,0.0136986301369863
66,0,51,0.0,-0.0392156862745098,0.43137254901960786
66,1,45,0.0,-0.9777777777777777,0.9777777777777777
66,2,51,0.0,0.0,0.0
66,3,54,0.0,0.0,0.25925925925925924
66,4,49,0.0,0.0,0.46938775510204084
66,5,53,0.0,0.0,0.1509433962264151
66,6,52,0.0,0.0,0.15384615384615385
66,7,58,0.0,0.0,0.017241379310344827
66,8,62,0.0,0.0,0.20967741935483872
66,9,66,0.0,-0.22727272727272727,0.4696969696969697
66,10,71,0.0,-0.028169014084507043,0.11267605633802817
66,11,68,0.0,-0.04411764705882353,0.11764705882352941
66,12,54,0.0,0.0,0.2962962962962963
66,13,66,0.0,-0.06060606060606061,0.13636363636363635
66,14,60,0.0,-0.2,0.2
66,15,54,0.0,-0.2962962962962963,0.3888888888888889
66,16,71,0.0,-0.07042253521126761,0.7746478873239436
66,17,60,0.0,-0.03333333333333333,0.15
66,18,66,0.6818181818181818,0.6666666666666666,0.18181818181818188
66,19,52,0.36538461538461536,0.36538461538461536,0.11538461538461542
66,20,92,0.15217391304347827,0.15217391304347827,0.07608695652173911
66,21,55,0.36363636363636365,0.36363636363636365,0.10909090909090907
66,22,57,0.3684210526315789,-0.631578947368421,0.631578947368421
66,23,46,0.34782608695652173,0.34782608695652173,0.10869565217391303
66,24,48,0.3333333333333333,0.3333333333333333,0.14583333333333337
66,25,81,0.5061728395061729,0.5061728395061729,0.24691358024691357
66,26,73,0.2054794520547945,0.2054794520547945,0.1506849315068493
67,0,51,0.0,-0.0392156862745098,0.43137254901960786
67,1,45,0.0,-0.9777777777777777,0.9777777777777777
67,2,51,0.0,0.0,0.0
67,3,54,0.0,0.0,0.25925925925925924
67,4,49,0.0,0.0,0.46938775510204084
67,5,53,0.0,0.0,0.1509433962264151
67,6,52,0.0,0.0,0.15384615384615385
67,7,58,0.0,0.0,0.017241379310344827
67,8,62,0.0,0.0,0.20967741935483872
67,9,66,0.0,-0.22727272727272727,0.4696969696969697
67,10,71,0.0,-0.028169014084507043,0.11267605633802817
67,11,68,0.0,-0.04411764705882353,0.11764705882352941
67,12,54,0.0,0.0,0.2962962962962963
67,13,66,0.0,-0.06060606060606061,0.13636363636363635
67,14,60,0.0,-0.2,0.2
67,15,54,0.0,-0.2962962962962963,0.3888888888888889
67,16,71,0.0,-0.07042253521126761,0.7746478873239436
67,17,60,0.0,-0.03333333333333333,0.15
67,18,66,0.6212121212121212,0.6060606060606061,0.24242424242424243
67,19,52,0.40384615384615385,0.40384615384615385,0.07692307692307693
67,20,92,0.15217391304347827,0.15217391304347827,0.07608695652173911
67,21,55,0.36363636363636365,0.36363636363636365,0.10909090909090907
67,22,57,0.42105263157894735,-0.5789473684210527,0.5789473684210527
67,23,46,0.41304347826086957,0.41304347826086957,0.04347826086956519
67,24,48,0.14583333333333334,0.14583333333333334,0.33333333333333337
67,25,81,0.49382716049382713,0.49382716049382713,0.2592592592592593
67,26,73,0.3424657534246575,0.3424657534246575,0.0136986301369863
68,0,51,0.0,-0.0392156862745098,0.43137254901960786
68,1,45,0.0,-0.9777777777777777,0.9777777777777777
68,2,51,0.0,0.0,0.0
68,3,54,0.0,0.0,0.25925925925925924
68,4,49,0.0,0.0,0.46938775510204084
68,5,53,0.0,0.0,0.1509433962264151
68,6,52,0.0,0.0,0.15384615384615385
68,7,58,0.0,0.0,0.017241379310344827
68,8,62,0.0,0.0,0.20967741935483872
68,9,66,0.0,-0.22727272727272727,0.4696969696969697
68,10,71,0.0,-0.028169014084507043,0.11267605633802817
68,11,68,0.0,-0.04411764705882353,0.11764705882352941
68,12,54,0.0,0.0,0.2962962962962963
68,13,66,0.0,-0.06060606060606061,0.13636363636363635
68,14,60,0.0,-0.2,0.2
68,15,54,0.0,-0.2962962962962963,0.3888888888888889
68,16,71,0.0,-0.07042253521126761,0.7746478873239436
68,17,60,0.0,-0.03333333333333333,0.15
68,18,66,0.7575757575757576,0.7424242424242424,0.10606060606060608
68,19,52,0.34615384615384615,0.34615384615384615,0.13461538461538464
68,20,92,0.11956521739130435,0.11956521739130435,0.10869565217391303
68,21,55,0.2727272727272727,0.2727272727272727,0.2
68,22,57,0.3684210526315789,-0.631578947368421,0.631578947368421
68,23,46,0.41304347826086957,0.41304347826086957,0.04347826086956519
68,24,48,0.3333333333333333,0.3333333333333333,0.14583333333333337
68,25,81,0.4691358024691358,0.4691358024691358,0.28395061728395066
68,26,73,0.2191780821917808,0.2191780821917808,0.136986301369863
69,0,51,0.0,-0.0392156862745098,0.43137254901960786
69,1,45,0.0,-0.9777777777777777,0.9777777777777777
69,2,51,0.0,0.0,0.0
69,3,54,0.0,0.0,0.25925925925925924
69,4,49,0.0,0.0,0.46938775510204084
69,5,53,0.0,0.0,0.1509433962264151
69,6,52,0.0,0.0,0.15384615384615385
69,7,58,0.0,0.0,0.017241379310344827
69,8,62,0.0,0.0,0.20967741935483872
69,9,66,0.0,-0.22727272727272727,0.4696969696969697
69,10,71,0.0,-0.028169014084507043,0.11267605633802817
69,11,68,0.0,-0.04411764705882353,0.11764705882352941
69,12,54,0.0,0.0,0.2962962962962963
69,13,66,0.0,-0.06060606060606061,0.13636363636363635
69,14,60,0.0,-0.2,0.2
69,15,54,0.0,-0.2962962962962963,0.3888888888888889
69,16,71,0.0,-0.07042253521126761,0.7746478873239436
69,17,60,0.0,-0.03333333333333333,0.15
69,18,66,0.696969696969697,0.6818181818181819,0.16666666666666663
69,19,52,0.38461538461538464,0.38461538461538464,0.09615384615384615
69,20,92,0.13043478260869565,0.13043478260869565,0.09782608695652173
69,21,55,0.34545454545454546,0.34545454545454546,0.12727272727272726
69,22,57,0.42105263157894735,-0.5789473684210527,0.5789473684210527
69,23,46,0.3695652173913043,0.3695652173913043,0.08695652173913043
69,24,48,0.14583333333333334,0.14583333333333334,0.33333333333333337
69,25,81,0.5061728395061729,0.5061728395061729,0.24691358024691357
69,26,73,0.3424657534246575,0.3424657534246575,0.0136986301369863
70,0,51,0.0,-0.0392156862745098,0.43137254901960786
70,1,45,0.0,-0.9777777777777777,0.9777777777777777
70,2,51,0.0,0.0,0.0
70,3,54,0.0,0.0,0.25925925925925924
70,4,49,0.0,0.0,0.46938775510204084
70,5,53,0.0,0.0,0.1509433962264151
70,6,52,0.0,0.0,0.15384615384615385
70,7,58,0.0,0.0,0.017241379310344827
70,8,62,0.0,0.0,0.20967741935483872
70,9,66,0.0,-0.22727272727272727,0.4696969696969697
70,10,71,0.0,-0.028169014084507043,0.11267605633802817
70,11,68,0.0,-0.04411764705882353,0.11764705882352941
70,12,54,0.0,0.0,0.2962962962962963
70,13,66,0.0,-0.06060606060606061,0.13636363636363635
70,14,60,0.0,-0.2,0.2
70,15,54,0.0,-0.2962962962962963,0.3888888888888889
70,16,71,0.0,-0.07042253521126761,0.7746478873239436
70,17,60,0.0,-0.03333333333333333,0.15
70,18,66,0.6060606060606061,0.5909090909090909,0.25757575757575757
70,19,52,0.38461538461538464,0.38461538461538464,0.09615384615384615
70,20,92,0.10869565217391304,0.10869565217391304,0.11956521739130434
70,21,55,0.34545454545454546,0.34545454545454546,0.12727272727272726
70,22,57,0.43859649122807015,-0.5614035087719298,0.5614035087719298
70,23,46,0.43478260869565216,0.43478260869565216,0.021739130434782594
70,24,48,0.3333333333333333,0.3333333333333333,0.14583333333333337
70,25,81,0.5802469135802469,0.5802469135802469,0.1728395061728395
70,26,73,0.1917808219178082,0.1917808219178082,0.1643835616438356
71,0,51,0.0,-0.0392156862745098,0.43137254901960786
71,1,45,0.0,-0.9777777777777777,0.9777777777777777
71,2,51,0.0,0.0,0.0
71,3,54,0.0,0.0,0.25925925925925924
71,4,49,0.0,0.0,0.46938775510204084
71,5,53,0.0,0.0,0.1509433962264151
71,6,52,0.0,0.0,0.15384615384615385
71,7,58,0.0,0.0,0.017241379310344827
71,8,62,0.0,0.0,0.20967741935483872
71,9,66,0.0,-0.22727272727272727,0.4696969696969697
71,10,71,0.0,-0.028169014084507043,0.11267605633802817
71,11,68,0.0,-0.04411764705882353,0.11764705882352941
71,12,54,0.0,0.0,0.2962962962962963
71,13,66,0.0,-0.06060606060606061,0.13636363636363635
71,14,60,0.0,-0.2,0.2
71,15,54,0.0,-0.2962962962962963,0.3888888888888889
71,16,71,0.0,-0.07042253521126761,0.7746478873239436
71,17,60,0.0,-0.03333333333333333,0.15
71,18,66,0.696969696969697,0.6818181818181819,0.16666666666666663
71,19,52,0.36538461538461536,0.36538461538461536,0.11538461538461542
71,20,92,0.14130434782608695,0.14130434782608695,0.08695652173913043
71,21,55,0.45454545454545453,0.45454545454545453,0.018181818181818188
71,22,57,0.2982456140350877,-0.7017543859649122,0.7017543859649122
71,23,46,0.3695652173913043,0.3695652173913043,0.08695652173913043
71,24,48,0.1875,0.1875,0.2916666666666667
71,25,81,0.49382716049382713,0.49382716049382713,0.2592592592592593
71,26,73,0.3561643835616438,0.3561643835616438,0.0
72,0,51,0.0,-0.0392156862745098,0.43137254901960786
72,1,45,0.0,-0.9777777777777777,0.9777777777777777
72,2,51,0.0,0.0,0.0
72,3,54,0.0,0.0,0.25925925925925924
72,4,49,0.0,0.0,0.46938775510204084
72,5,53,0.0,0.0,0.1509433962264151
72,6,52,0.0,0.0,0.15384615384615385
72,7,58,0.0,0.0,0.017241379310344827
72,8,62,0.0,0.0,0.20967741935483872
72,9,66,0.0,-0.22727272727272727,0.4696969696969697
72,10,71,0.0,-0.028169014084507043,0.11267605633802817
72,11,68,0.0,-0.04411764705882353,0.11764705882352941
72,12,54,0.0,0.0,0.2962962962962963
72,13,66,0.0,-0.06060606060606061,0.13636363636363635
72,14,60,0.0,-0.2,0.2
72,15,54,0.0,-0.2962962962962963,0.3888888888888889
72,16,71,0.0,-0.07042253521126761,0.7746478873239436
72,17,60,0.0,-0.03333333333333333,0.15
72,18,66,0.696969696969697,0.6818181818181819,0.16666666666666663
72,19,52,0.40384615384615385,0.40384615384615385,0.07692307692307693
72,20,92,0.13043478260869565,0.13043478260869565,0.09782608695652173
72,21,55,0.4,0.4,0.0727272727272727
72,22,57,0.38596491228070173,-0.6140350877192983,0.6140350877192983
72,23,46,0.41304347826086957,0.41304347826086957,0.04347826086956519
72,24,48,0.3541666666666667,0.3541666666666667,0.125
72,25,81,0.48148148148148145,0.48148148148148145,0.271604938271605
72,26,73,0.1917808219178082,0.1917808219178082,0.1643835616438356
73,0,51,0.0,-0.0392156862745098,0.43137254901960786
73,1,45,0.0,-0.9777777777777777,0.9777777777777777
73,2,51,0.0,0.0,0.0
73,3,54,0.0,0.0,0.25925925925925924
73,4,49,0.0,0.0,0.46938775510204084
73,5,53,0.0,0.0,0.1509433962264151
73,6,52,0.0,0.0,0.15384615384615385
73,7,58,0.0,0.0,0.017241379310344827
73,8,62,0.0,0.0,0.20967741935483872
73,9,66,0.0,-0.22727272727272727,0.4696969696969697
73,10,71,0.0,-0.028169014084507043,0.11267605633802817
73,11,68,0.0,-0.04411764705882353,0.11764705882352941
73,12,54,0.0,0.0,0.2962962962962963
73,13,66,0.0,-0.06060606060606061,0.13636363636363635
73,14,60,0.0,-0.2,0.2
73,15,54,0.0,-0.2962962962962963,0.3888888888888889
73,16,71,0.0,-0.07042253521126761,0.7746478873239436
73,17,60,0.0,-0.03333333333333333,0.15
73,18,66,0.7121212121212122,0.696969696969697,0.1515151515151515
73,19,52,0.36538461538461536,0.36538461538461536,0.11538461538461542
73,20,92,0.14130434782608695,0.14130434782608695,0.08695652173913043
73,21,55,0.32727272727272727,0.32727272727272727,0.14545454545454545
73,22,57,0.2982456140350877,-0.7017543859649122,0.7017543859649122
73,23,46,0.41304347826086957,0.41304347826086957,0.04347826086956519
73,24,48,0.16666666666666666,0.16666666666666666,0.3125
73,25,81,0.5679012345679012,0.5679012345679012,0.18518518518518523
73,26,73,0.3287671232876712,0.3287671232876712,0.0273972602739726
74,0,51,0.0,-0.0392156862745098,0.43137254901960786
74,1,45,0.0,-0.9777777777777777,0.9777777777777777
74,2,51,0.0,0.0,0.0
74,3,54,0.0,0.0,0.25925925925925924
74,4,49,0.0,0.0,0.46938775510204084
74,5,53,0.0,0.0,0.1509433962264151
74,6,52,0.0,0.0,0.15384615384615385
74,7,58,0.0,0.0,0.017241379310344827
74,8,62,0.0,0.0,0.20967741935483872
74,9,66,0.0,-0.22727272727272727,0.4696969696969697
74,10,71,0.0,-0.028169014084507043,0.11267605633802817
74,11,68,0.0,-0.04411764705882353,0.11764705882352941
74,12,54,0.0,0.0,0.2962962962962963
74,13,66,0.0,-0.06060606060606061,0.13636363636363635
74,14,60,0.0,-0.2,0.2
74,15,54,0.0,-0.2962962962962963,0.3888888888888889
74,16,71,0.0,-0.07042253521126761,0.7746478873239436
74,17,60,0.0,-0.03333333333333333,0.15
74,18,66,0.696969696969697,0.6818181818181819,0.16666666666666663
74,19,52,0.4230769230769231,0.4230769230769231,0.05769230769230771
74,20,92,0.15217391304347827,0.15217391304347827,0.07608695652173911
74,21,55,0.509090909090909,0.509090909090909,0.0
74,22,57,0.3684210526315789,-0.631578947368421,0.631578947368421
74,23,46,0.41304347826086957,0.41304347826086957,0.04347826086956519
74,24,48,0.3125,0.3125,0.16666666666666669
74,25,81,0.4444444444444444,0.4444444444444444,0.308641975308642
74,26,73,0.2054794520547945,0.2054794520547945,0.1506849315068493
75,0,51,0.0,-0.0392156862745098,0.43137254901960786
75,1,45,0.0,-0.9777777777777777,0.9777777777777777
75,2,51,0.0,0.0,0.0
75,3,54,0.0,0.0,0.25925925925925924
75,4,49,0.0,0.0,0.46938775510204084
75,5,53,0.0,0.0,0.1509433962264151
75,6,52,0.0,0.0,0.15384615384615385
75,7,58,0.0,0.0,0.017241379310344827
75,8,62,0.0,0.0,0.20967741935483872
75,9,66,0.0,-0.22727272727272727,0.4696969696969697
75,10,71,0.0,-0.028169014084507043,0.11267605633802817
75,11,68,0.0,-0.04411764705882353,0.11764705882352941
75,12,54,0.0,0.0,0.2962962962962963
75,13,66,0.0,-0.06060606060606061,0.13636363636363635
75,14,60,0.0,-0.2,0.2
75,15,54,0.0,-0.2962962962962963,0.3888888888888889
75,16,71,0.0,-0.07042253521126761,0.7746478873239436
75,17,60,0.0,-0.03333333333333333,0.15
75,18,66,0.6363636363636364,0.6212121212121212,0.2272727272727273
75,19,52,0.40384615384615385,0.40384615384615385,0.07692307692307693
75,20,92,0.14130434782608695,0.14130434782608695,0.08695652173913043
75,21,55,0.34545454545454546,0.34545454545454546,0.16363636363636358
75,22,57,0.3508771929824561,-0.6491228070175439,0.6491228070175439
75,23,46,0.3695652173913043,0.3695652173913043,0.08695652173913043
75,24,48,0.16666666666666666,0.16666666666666666,0.3125
75,25,81,0.5061728395061729,0.5061728395061729,0.24691358024691357
75,26,73,0.3424657534246575,0.3424657534246575,0.0136986301369863
76,0,51,0.0,-0.0392156862745098,0.43137254901960786
76,1,45,0.0,-0.9777777777777777,0.9777777777777777
76,2,51,0.0,0.0,0.0
76,3,54,0.0,0.0,0.25925925925925924
76,4,49,0.0,0.0,0.46938775510204084
76,5,53,0.0,0.0,0.1509433962264151
76,6,52,0.0,0.0,0.15384615384615385
76,7,58,0.0,0.0,0.017241379310344827
76,8,62,0.0,0.0,0.20967741935483872
76,9,66,0.0,-0.22727272727272727,0.4696969696969697
76,10,71,0.0,-0.028169014084507043,0.11267605633802817
76,11,68,0.0,-0.04411764705882353,0.11764705882352941
76,12,54,0.0,0.0,0.2962962962962963
76,13,66,0.0,-0.06060606060606061,0.13636363636363635
76,14,60,0.0,-0.2,0.2
76,15,54,0.0,-0.2962962962962963,0.3888888888888889
76,16,71,0.0,-0.07042253521126761,0.7746478873239436
76,17,60,0.0,-0.03333333333333333,0.15
76,18,66,0.696969696969697,0.6818181818181819,0.16666666666666663
76,19,52,0.36538461538461536,0.36538461538461536,0.11538461538461542
76,20,92,0.10869565217391304,0.10869565217391304,0.11956521739130434
76,21,55,0.36363636363636365,0.36363636363636365,0.1454545454545454
76,22,57,0.2982456140350877,-0.7017543859649122,0.7017543859649122
76,23,46,0.43478260869565216,0.43478260869565216,0.021739130434782594
76,24,48,0.375,0.375,0.10416666666666669
76,25,81,0.4691358024691358,0.4691358024691358,0.28395061728395066
76,26,73,0.2054794520547945,0.2054794520547945,0.1506849315068493
77,0,51,0.0,-0.0392156862745098,0.43137254901960786
77,1,45,0.0,-0.9777777777777777,0.9777777777777777
77,2,51,0.0,0.0,0.0
77,3,54,0.0,0.0,0.25925925925925924
77,4,49,0.0,0.0,0.46938775510204084
77,5,53,0.0,0.0,0.1509433962264151
77,6,52,0.0,0.0,0.15384615384615385
77,7,58,0.0,0.0,0.017241379310344827
77,8,62,0.0,0.0,0.20967741935483872
77,9,66,0.0,-0.22727272727272727,0.4696969696969697
77,10,71,0.0,-0.028169014084507043,0.11267605633802817
77,11,68,0.0,-0.04411764705882353,0.11764705882352941
77,12,54,0.0,0.0,0.2962962962962963
77,13,66,0.0,-0.06060606060606061,0.13636363636363635
77,14,60,0.0,-0.2,0.2
77,15,54,0.0,-0.2962962962962963,0.3888888888888889
77,16,71,0.0,-0.07042253521126761,0.7746478873239436
77,17,60,0.0,-0.03333333333333333,0.15
77,18,66,0.7424242424242424,0.7272727272727273,0.12121212121212122
77,19,52,0.34615384615384615,0.34615384615384615,0.13461538461538464
77,20,92,0.14130434782608695,0.14130434782608695,0.08695652173913043
77,21,55,0.2909090909090909,0.2909090909090909,0.21818181818181814
77,22,57,0.2982456140350877,-0.7017543859649122,0.7017543859649122
77,23,46,0.34782608695652173,0.34782608695652173,0.10869565217391303
77,24,48,0.1875,0.1875,0.2916666666666667
77,25,81,0.5679012345679012,0.5679012345679012,0.18518518518518523
77,26,73,0.3424657534246575,0.3424657534246575,0.0136986301369863
78,0,51,0.0,-0.0392156862745098,0.43137254901960786
78,1,45,0.0,-0.9777777777777777,0.9777777777777777
78,2,51,0.0,0.0,0.0
78,3,54,0.0,0.0,0.25925925925925924
78,4,49,0.0,0.0,0.46938775510204084
78,5,53,0.0,0.0,0.1509433962264151
78,6,52,0.0,0.0,0.15384615384615385
78,7,58,0.0,0.0,0.017241379310344827
78,8,62,0.0,0.0,0.20967741935483872
78,9,66,0.0,-0.22727272727272727,0.4696969696969697
78,10,71,0.0,-0.028169014084507043,0.11267605633802817
78,11,68,0.0,-0.04411764705882353,0.11764705882352941
78,12,54,0.0,0.0,0.2962962962962963
78,13,66,0.0,-0.06060606060606061,0.13636363636363635
78,14,60,0.0,-0.2,0.2
78,15,54,0.0,-0.2962962962962963,0.3888888888888889
78,16,71,0.0,-0.07042253521126761,0.7746478873239436
78,17,60,0.0,-0.03333333333333333,0.15
78,18,66,0.696969696969697,0.6818181818181819,0.16666666666666663
78,19,52,0.38461538461538464,0.38461538461538464,0.09615384615384615
78,20,92,0.13043478260869565,0.13043478260869565,0.09782608695652173
78,21,55,0.4,0.4,0.10909090909090902
78,22,57,0.3333333333333333,-0.6666666666666667,0.6666666666666667
78,23,46,0.34782608695652173,0.34782608695652173,0.10869565217391303
78,24,48,0.3125,0.3125,0.16666666666666669
78,25,81,0.4567901234567901,0.4567901234567901,0.29629629629629634
78,26,73,0.2328767123287671,0.2328767123287671,0.1232876712328767
79,0,51,0.0,-0.0392156862745098,0.43137254901960786
79,1,45,0.0,-0.9777777777777777,0.9777777777777777
79,2,51,0.0,0.0,0.0
79,3,54,0.0,0.0,0.25925925925925924
79,4,49,0.0,0.0,0.46938775510204084
79,5,53,0.0,0.0,0.1509433962264151
79,6,52,0.0,0.0,0.15384615384615385
79,7,58,0.0,0.0,0.017241379310344827
79,8,62,0.0,0.0,0.20967741935483872
79,9,66,0.0,-0.22727272727272727,0.4696969696969697
79,10,71,0.0,-0.028169014084507043,0.11267605633802817
79,11,68,0.0,-0.04411764705882353,0.11764705882352941
79,12,54,0.0,0.0,0.2962962962962963
79,13,66,0.0,-0.06060606060606061,0.13636363636363635
79,14,60,0.0,-0.2,0.2
79,15,54,0.0,-0.2962962962962963,0.3888888888888889
79,16,71,0.0,-0.07042253521126761,0.7746478873239436
79,17,60,0.0,-0.03333333333333333,0.15
79,18,66,0.6363636363636364,0.6212121212121212,0.2272727272727273
79,19,52,0.36538461538461536,0.36538461538461536,0.11538461538461542
79,20,92,0.14130434782608695,0.14130434782608695,0.08695652173913043
79,21,55,0.32727272727272727,0.32727272727272727,0.18181818181818177
79,22,57,0.3333333333333333,-0.6666666666666667,0.6666666666666667
79,23,46,0.41304347826086957,0.41304347826086957,0.04347826086956519
79,24,48,0.16666666666666666,0.16666666666666666,0.3125
79,25,81,0.5432098765432098,0.5432098765432098,0.2098765432098766
79,26,73,0.3561643835616438,0.3561643835616438,0.0
80,0,51,0.0,-0.0392156862745098,0.43137254901960786
80,1,45,0.0,-0.9777777777777777,0.9777777777777777
80,2,51,0.0,0.0,0.0
80,3,54,0.0,0.0,0.25925925925925924
80,4,49,0.0,0.0,0.46938775510204084
80,5,53,0.0,0.0,0.1509433962264151
80,6,52,0.0,0.0,0.15384615384615385
80,7,58,0.0,0.0,0.017241379310344827
80,8,62,0.0,0.0,0.20967741935483872
80,9,66,0.0,-0.22727272727272727,0.4696969696969697
80,10,71,0.0,-0.028169014084507043,0.11267605633802817
80,11,68,0.0,-0.04411764705882353,0.11764705882352941
80,12,54,0.0,0.0,0.2962962962962963
80,13,66,0.0,-0.06060606060606061,0.13636363636363635
80,14,60,0.0,-0.2,0.2
80,15,54,0.0,-0.2962962962962963,0.3888888888888889
80,16,71,0.0,-0.07042253521126761,0.7746478873239436
80,17,60,0.0,-0.03333333333333333,0.15
80,18,66,0.7272727272727273,0.7121212121212122,0.13636363636363635
80,19,52,0.34615384615384615,0.34615384615384615,0.13461538461538464
80,20,92,0.13043478260869565,0.13043478260869565,0.09782608695652173
80,21,55,0.43636363636363634,0.43636363636363634,0.0727272727272727
80,22,57,0.2982456140350877,-0.7017543859649122,0.7017543859649122
80,23,46,0.41304347826086957,0.41304347826086957,0.04347826086956519
80,24,48,0.3333333333333333,0.3333333333333333,0.14583333333333337
80,25,81,0.49382716049382713,0.49382716049382713,0.2592592592592593
80,26,73,0.2191780821917808,0.2191780821917808,0.136986301369863
81,0,51,0.0,-0.0392156862745098,0.43137254901960786
81,1,45,0.0,-0.9777777777777777,0.9777777777777777
81,2,51,0.0,0.0,0.0
81,3,54,0.0,0.0,0.25925925925925924
81,4,49,0.0,0.0,0.46938775510204084
81,5,53,0.0,0.0,0.1509433962264151
81,6,52,0.0,0.0,0.15384615384615385
81,7,58,0.0,0.0,0.017241379310344827
81,8,62,0.0,0.0,0.20967741935483872
81,9,66,0.0,-0.22727272727272727,0.4696969696969697
81,10,71,0.0,-0.028169014084507043,0.11267605633802817
81,11,68,0.0,-0.04411764705882353,0.11764705882352941
81,12,54,0.0,0.0,0.2962962962962963
81,13,66,0.0,-0.06060606060606061,0.13636363636363635
81,14,60,0.0,-0.2,0.2
81,15,54,0.0,-0.2962962962962963,0.3888888888888889
81,16,71,0.0,-0.07042253521126761,0.7746478873239436
81,17,60,0.0,-0.03333333333333333,0.15
81,18,66,0.7575757575757576,0.7424242424242424,0.10606060606060608
81,19,52,0.3076923076923077,0.3076923076923077,0.17307692307692307
81,20,92,0.15217391304347827,0.15217391304347827,0.07608695652173911
81,21,55,0.2909090909090909,0.2909090909090909,0.21818181818181814
81,22,57,0.3157894736842105,-0.6842105263157895,0.6842105263157895
81,23,46,0.41304347826086957,0.41304347826086957,0.04347826086956519
81,24,48,0.1875,0.1875,0.2916666666666667
81,25,81,0.5308641975308642,0.5308641975308642,0.2222222222222222
81,26,73,0.3150684931506849,0.3150684931506849,0.0410958904109589
82,0,51,0.0,-0.0392156862745098,0.43137254901960786
82,1,45,0.0,-0.9777777777777777,0.9777777777777777
82,2,51,0.0,0.0,0.0
82,3,54,0.0,0.0,0.25925925925925924
82,4,49,0.0,0.0,0.46938775510204084
82,5,53,0.0,0.0,0.1509433962264151
82,6,52,0.0,0.0,0.15384615384615385
82,7,58,0.0,0.0,0.017241379310344827
82,8,62,0.0,0.0,0.20967741935483872
82,9,66,0.0,-0.22727272727272727,0.4696969696969697
82,10,71,0.0,-0.028169014084507043,0.11267605633802817
82,11,68,0.0,-0.04411764705882353,0.11764705882352941
82,12,54,0.0,0.0,0.2962962962962963
82,13,66,0.0,-0.06060606060606061,0.13636363636363635
82,14,60,0.0,-0.2,0.2
82,15,54,0.0,-0.2962962962962963,0.3888888888888889
82,16,71,0.0,-0.07042253521126761,0.7746478873239436
82,17,60,0.0,-0.03333333333333333,0.15
82,18,66,0.5909090909090909,0.5757575757575758,0.2727272727272727
82,19,52,0.40384615384615385,0.40384615384615385,0.07692307692307693
82,20,92,0.13043478260869565,0.13043478260869565,0.09782608695652173
82,21,55,0.34545454545454546,0.34545454545454546,0.16363636363636358
82,22,57,0.38596491228070173,-0.6140350877192983,0.6140350877192983
82,23,46,0.45652173913043476,0.45652173913043476,0.0
82,24,48,0.2708333333333333,0.2708333333333333,0.20833333333333337
82,25,81,0.49382716049382713,0.49382716049382713,0.2592592592592593
82,26,73,0.2328767123287671,0.2328767123287671,0.1232876712328767
83,0,51,0.0,-0.0392156862745098,0.43137254901960786
83,1,45,0.0,-0.9777777777777777,0.9777777777777777
83,2,51,0.0,0.0,0.0
83,3,54,0.0,0.0,0.25925925925925924
83,4,49,0.0,0.0,0.46938775510204084
83,5,53,0.0,0.0,0.1509433962264151
83,6,52,0.0,0.0,0.15384615384615385
83,7,58,0.0,0.0,0.017241379310344827
83,8,62,0.0,0.0,0.20967741935483872
83,9,66,0.0,-0.22727272727272727,0.4696969696969697
83,10,71,0.0,-0.028169014084507043,0.11267605633802817
83,11,68,0.0,-0.04411764705882353,0.11764705882352941
83,12,54,0.0,0.0,0.2962962962962963
83,13,66,0.0,-0.06060606060606061,0.13636363636363635
83,14,60,0.0,-0.2,0.2
83,15,54,0.0,-0.2962962962962963,0.3888888888888889
83,16,71,0.0,-0.07042253521126761,0.7746478873239436
83,17,60,0.0,-0.03333333333333333,0.15
83,18,66,0.696969696969697,0.6818181818181819,0.16666666666666663
83,19,52,0.3076923076923077,0.3076923076923077,0.17307692307692307
83,20,92,0.09782608695652174,0.09782608695652174,0.13043478260869562
83,21,55,0.3090909090909091,0.3090909090909091,0.19999999999999996
83,22,57,0.40350877192982454,-0.5964912280701755,0.5964912280701755
83,23,46,0.391304347826087,0.391304347826087,0.06521739130434778
83,24,48,0.20833333333333334,0.20833333333333334,0.27083333333333337
83,25,81,0.6049382716049383,0.6049382716049383,0.14814814814814814
83,26,73,0.3287671232876712,0.3287671232876712,0.0273972602739726
84,0,51,0.0,-0.0392156862745098,0.43137254901960786
84,1,45,0.0,-0.9777777777777777,0.9777777777777777
84,2,51,0.0,0.0,0.0
84,3,54,0.0,0.0,0.25925925925925924
84,4,49,0.0,0.0,0.46938775510204084
84,5,53,0.0,0.0,0.1509433962264151
84,6,52,0.0,0.0,0.15384615384615385
84,7,58,0.0,0.0,0.017241379310344827
84,8,62,0.0,0.0,0.20967741935483872
84,9,66,0.0,-0.22727272727272727,0.4696969696969697
84,10,71,0.0,-0.028169014084507043,0.11267605633802817
84,11,68,0.0,-0.04411764705882353,0.11764705882352941
84,12,54,0.0,0.0,0.2962962962962963
84,13,66,0.0,-0.06060606060606061,0.13636363636363635
84,14,60,0.0,-0.2,0.2
84,15,54,0.0,-0.2962962962962963,0.3888888888888889
84,16,71,0.0,-0.07042253521126761,0.7746478873239436
84,17,60,0.0,-0.03333333333333333,0.15
84,18,66,0.696969696969697,0.6818181818181819,0.16666666666666663
84,19,52,0.40384615384615385,0.40384615384615385,0.07692307692307693
84,20,92,0.15217391304347827,0.15217391304347827,0.07608695652173911
84,21,55,0.4727272727272727,0.4727272727272727,0.03636363636363632
84,22,57,0.2807017543859649,-0.7192982456140351,0.7192982456140351
84,23,46,0.43478260869565216,0.43478260869565216,0.021739130434782594
84,24,48,0.3333333333333333,0.3333333333333333,0.14583333333333337
84,25,81,0.4074074074074074,0.4074074074074074,0.34567901234567905
84,26,73,0.2328767123287671,0.2328767123287671,0.1232876712328767
85,0,51,0.0,-0.0392156862745098,0.43137254901960786
85,1,45,0.0,-0.9777777777777777,0.9777777777777777
85,2,51,0.0,0.0,0.0
85,3,54,0.0,0.0,0.25925925925925924
85,4,49,0.0,0.0,0.46938775510204084
85,5,53,0.0,0.0,0.1509433962264151
85,6,52,0.0,0.0,0.15384615384615385
85,7,58,0.0,0.0,0.017241379310344827
85,8,62,0.0,0.0,0.20967741935483872
85,9,66,0.0,-0.22727272727272727,0.4696969696969697
85,10,71,0.0,-0.028169014084507043,0.11267605633802817
85,11,68,0.0,-0.04411764705882353,0.11764705882352941
85,12,54,0.0,0.0,0.2962962962962963
85,13,66,0.0,-0.06060606060606061,0.13636363636363635
85,14,60,0.0,-0.2,0.2
85,15,54,0.0,-0.2962962962962963,0.3888888888888889
85,16,71,0.0,-0.07042253521126761,0.7746478873239436
85,17,60,0.0,-0.03333333333333333,0.15
85,18,66,0.6515151515151515,0.6363636363636364,0.21212121212121215
85,19,52,0.34615384615384615,0.34615384615384615,0.13461538461538464
85,20,92,0.11956521739130435,0.11956521739130435,0.10869565217391303
85,21,55,0.36363636363636365,0.36363636363636365,0.1454545454545454
85,22,57,0.45614035087719296,-0.543859649122807,0.543859649122807
85,23,46,0.34782608695652173,0.34782608695652173,0.10869565217391303
85,24,48,0.1875,0.1875,0.2916666666666667
85,25,81,0.4691358024691358,0.4691358024691358,0.28395061728395066
85,26,73,0.3287671232876712,0.3287671232876712,0.0273972602739726
86,0,51,0.0,-0.0392156862745098,0.43137254901960786
86,1,45,0.0,-0.9777777777777777,0.9777777777777777
86,2,51,0.0,0.0,0.0
86,3,54,0.0,0.0,0.25925925925925924
86,4,49,0.0,0.0,0.46938775510204084
86,5,53,0.0,0.0,0.1509433962264151
86,6,52,0.0,0.0,0.15384615384615385
86,7,58,0.0,0.0,0.017241379310344827
86,8,62,0.0,0.0,0.20967741935483872
86,9,66,0.0,-0.22727272727272727,0.4696969696969697
86,10,71,0.0,-0.028169014084507043,0.11267605633802817
86,11,68,0.0,-0.04411764705882353,0.11764705882352941
86,12,54,0.0,0.0,0.2962962962962963
86,13,66,0.0,-0.06060606060606061,0.13636363636363635
86,14,60,0.0,-0.2,0.2
86,15,54,0.0,-0.2962962962962963,0.3888888888888889
86,16,71,0.0,-0.07042253521126761,0.7746478873239436
86,17,60,0.0,-0.03333333333333333,0.15
86,18,66,0.5757575757575758,0.5606060606060607,0.28787878787878785
86,19,52,0.4230769230769231,0.4230769230769231,0.05769230769230771
86,20,92,0.13043478260869565,0.13043478260869565,0.09782608695652173
86,21,55,0.32727272727272727,0.32727272727272727,0.18181818181818177
86,22,57,0.2982456140350877,-0.7017543859649122,0.7017543859649122
86,23,46,0.391304347826087,0.391304347826087,0.06521739130434778
86,24,48,0.3125,0.3125,0.16666666666666669
86,25,81,0.5802469135802469,0.5802469135802469,0.1728395061728395
86,26,73,0.2465753424657534,0.2465753424657534,0.1095890410958904
87,0,51,0.0,-0.0392156862745098,0.43137254901960786
87,1,45,0.0,-0.9777777777777777,0.9777777777777777
87,2,51,0.0,0.0,0.0
87,3,54,0.0,0.0,0.25925925925925924
87,4,49,0.0,0.0,0.46938775510204084
87,5,53,0.0,0.0,0.1509433962264151
87,6,52,0.0,0.0,0.15384615384615385
87,7,58,0.0,0.0,0.017241379310344827
87,8,62,0.0,0.0,0.20967741935483872
87,9,66,0.0,-0.22727272727272727,0.4696969696969697
87,10,71,0.0,-0.028169014084507043,0.11267605633802817
87,11,68,0.0,-0.04411764705882353,0.11764705882352941
87,12,54,0.0,0.0,0.2962962962962963
87,13,66,0.0,-0.06060606060606061,0.13636363636363635
87,14,60,0.0,-0.2,0.2
87,15,54,0.0,-0.2962962962962963,0.3888888888888889
87,16,71,0.0,-0.07042253521126761,0.7746478873239436
87,17,60,0.0,-0.03333333333333333,0.15
87,18,66,0.7121212121212122,0.696969696969697,0.1515151515151515
87,19,52,0.38461538461538464,0.38461538461538464,0.09615384615384615
87,20,92,0.14130434782608695,0.14130434782608695,0.08695652173913043
87,21,55,0.4,0.4,0.10909090909090902
87,22,57,0.3333333333333333,-0.6666666666666667,0.6666666666666667
87,23,46,0.32608695652173914,0.32608695652173914,0.13043478260869562
87,24,48,0.1875,0.1875,0.2916666666666667
87,25,81,0.5185185185185185,0.5185185185185185,0.23456790123456794
87,26,73,0.3287671232876712,0.3287671232876712,0.0273972602739726
88,0,51,0.0,-0.0392156862745098,0.43137254901960786
88,1,45,0.0,-0.9777777777777777,0.9777777777777777
88,2,51,0.0,0.0,0.0
88,3,54,0.0,0.0,0.25925925925925924
88,4,49,0.0,0.0,0.46938775510204084
88,5,53,0.0,0.0,0.1509433962264151
88,6,52,0.0,0.0,0.15384615384615385
88,7,58,0.0,0.0,0.017241379310344827
88,8,62,0.0,0.0,0.20967741935483872
88,9,66,0.0,-0.22727272727272727,0.4696969696969697
88,10,71,0.0,-0.028169014084507043,0.11267605633802817
88,11,68,0.0,-0.04411764705882353,0.11764705882352941
88,12,54,0.0,0.0,0.2962962962962963
88,13,66,0.0,-0.06060606060606061,0.13636363636363635
88,14,60,0.0,-0.2,0.2
88,15,54,0.0,-0.2962962962962963,0.3888888888888889
88,16,71,0.0,-0.07042253521126761,0.7746478873239436
88,17,60,0.0,-0.03333333333333333,0.15
88,18,66,0.5909090909090909,0.5757575757575758,0.2727272727272727
88,19,52,0.40384615384615385,0.40384615384615385,0.07692307692307693
88,20,92,0.13043478260869565,0.13043478260869565,0.09782608695652173
88,21,55,0.36363636363636365,0.36363636363636365,0.1454545454545454
88,22,57,0.3333333333333333,-0.6666666666666667,0.6666666666666667
88,23,46,0.41304347826086957,0.41304347826086957,0.04347826086956519
88,24,48,0.25,0.25,0.22916666666666669
88,25,81,0.5679012345679012,0.5679012345679012,0.18518518518518523
88,26,73,0.3013698630136986,0.3013698630136986,0.0547945205479452
89,0,51,0.0,-0.0392156862745098,0.43137254901960786
89,1,45,0.0,-0.9777777777777777,0.9777777777777777
89,2,51,0.0,0.0,0.0
89,3,54,0.0,0.0,0.25925925925925924
89,4,49,0.0,0.0,0.46938775510204084
89,5,53,0.0,0.0,0.1509433962264151
89,6,52,0.0,0.0,0.15384615384615385
89,7,58,0.0,0.0,0.017241379310344827
89,8,62,0.0,0.0,0.20967741935483872
89,9,66,0.0,-0.22727272727272727,0.4696969696969697
89,10,71,0.0,-0.028169014084507043,0.11267605633802817
89,11,68,0.0,-0.04411764705882353,0.11764705882352941
89,12,54,0.0,0.0,0.2962962962962963
89,13,66,0.0,-0.06060606060606061,0.13636363636363635
89,14,60,0.0,-0.2,0.2
89,15,54,0.0,-0.2962962962962963,0.3888888888888889
89,16,71,0.0,-0.07042253521126761,0.7746478873239436
89,17,60,0.0,-0.03333333333333333,0.15
89,18,66,0.7424242424242424,0.7272727272727273,0.12121212121212122
89,19,52,0.3076923076923077,0.3076923076923077,0.17307692307692307
89,20,92,0.09782608695652174,0.09782608695652174,0.13043478260869562
89,21,55,0.34545454545454546,0.34545454545454546,0.16363636363636358
89,22,57,0.3684210526315789,-0.631578947368421,0.631578947368421
89,23,46,0.34782608695652173,0.34782608695652173,0.10869565217391303
89,24,48,0.25,0.25,0.22916666666666669
89,25,81,0.6419753086419753,0.6419753086419753,0.11111111111111116
89,26,73,0.273972602739726,0.273972602739726,0.0821917808219178
90,0,51,0.0,-0.0392156862745098,0.43137254901960786
90,1,45,0.0,-0.9777777777777777,0.9777777777777777
90,2,51,0.0,0.0,0.0
90,3,54,0.0,0.0,0.25925925925925924
90,4,49,0.0,0.0,0.46938775510204084
90,5,53,0.0,0.0,0.1509433962264151
90,6,52,0.0,0.0,0.15384615384615385
90,7,58,0.0,0.0,0.017241379310344827
90,8,62,0.0,0.0,0.20967741935483872
90,9,66,0.0,-0.22727272727272727,0.4696969696969697
90,10,71,0.0,-0.028169014084507043,0.11267605633802817
90,11,68,0.0,-0.04411764705882353,0.11764705882352941
90,12,54,0.0,0.0,0.2962962962962963
90,13,66,0.0,-0.06060606060606061,0.13636363636363635
90,14,60,0.0,-0.2,0.2
90,15,54,0.0,-0.2962962962962963,0.3888888888888889
90,16,71,0.0,-0.07042253521126761,0.7746478873239436
90,17,60,0.0,-0.03333333333333333,0.15
90,18,66,0.7424242424242424,0.7272727272727273,0.12121212121212122
90,19,52,0.34615384615384615,0.34615384615384615,0.13461538461538464
90,20,92,0.09782608695652174,0.09782608695652174,0.13043478260869562
90,21,55,0.43636363636363634,0.43636363636363634,0.0727272727272727
90,22,57,0.38596491228070173,-0.6140350877192983,0.6140350877192983
90,23,46,0.34782608695652173,0.34782608695652173,0.10869565217391303
90,24,48,0.25,0.25,0.22916666666666669
90,25,81,0.6419753086419753,0.6419753086419753,0.11111111111111116
90,26,73,0.2876712328767123,0.2876712328767123,0.0684931506849315
