round,class_id,n,acc,bwt,forgetting
1,0,51,0.6470588235294118,,
1,1,45,0.6666666666666666,,
1,2,51,0.0,,
1,3,54,0.0,,
1,4,49,0.0,,
1,5,53,0.0,,
1,6,52,0.0,,
1,7,58,0.0,,
1,8,62,0.0,,
2,0,51,0.0,-0.6470588235294118,0.6470588235294118
2,1,45,1.0,0.33333333333333337,0.0
2,2,51,0.0,0.0,0.0
2,3,54,0.0,0.0,0.0
2,4,49,0.0,0.0,0.0
2,5,53,0.0,0.0,0.0
2,6,52,0.0,0.0,0.0
2,7,58,0.0,0.0,0.0
2,8,62,0.0,0.0,0.0
3,0,51,1.0,0.3529411764705882,0.0
3,1,45,0.0,-0.6666666666666666,1.0
3,2,51,0.0,0.0,0.0
3,3,54,0.0,0.0,0.0
3,4,49,0.02040816326530612,0.02040816326530612,0.0
3,5,53,0.0,0.0,0.0
3,6,52,0.0,0.0,0.0
3,7,58,0.0,0.0,0.0
3,8,62,0.0,0.0,0.0
4,0,51,0.5686274509803921,-0.07843137254901966,0.43137254901960786
4,1,45,0.4888888888888889,-0.17777777777777776,0.5111111111111111
4,2,51,0.0,0.0,0.0
4,3,54,0.0,0.0,0.0
4,4,49,0.4897959183673469,0.4897959183673469,0.0
4,5,53,0.0,0.0,0.0
4,6,52,0.0,0.0,0.0
4,7,58,0.0,0.0,0.0
4,8,62,0.016129032258064516,0.016129032258064516,0.0
5,0,51,0.35294117647058826,-0.29411764705882354,0.6470588235294117
5,1,45,0.5333333333333333,-0.1333333333333333,0.4666666666666667
5,2,51,0.0,0.0,0.0
5,3,54,0.0,0.0,0.0
5,4,49,0.4897959183673469,0.4897959183673469,0.0
5,5,53,0.0,0.0,0.0
5,6,52,0.0,0.0,0.0
5,7,58,0.0,0.0,0.0
5,8,62,0.3387096774193548,0.3387096774193548,0.0
6,0,51,0.23529411764705882,-0.411764705882353,0.7647058823529411
6,1,45,0.4888888888888889,-0.17777777777777776,0.5111111111111111
6,2,51,0.09803921568627451,0.09803921568627451,0.0
6,3,54,0.037037037037037035,0.037037037037037035,0.0
6,4,49,0.42857142857142855,0.42857142857142855,0.06122448979591838
6,5,53,0.0,0.0,0.0
6,6,52,0.019230769230769232,0.019230769230769232,0.0
6,7,58,0.0,0.0,0.0
6,8,62,0.7096774193548387,0.7096774193548387,0.0
7,0,51,0.35294117647058826,-0.29411764705882354,0.6470588235294117
7,1,45,0.5333333333333333,-0.1333333333333333,0.4666666666666667
7,2,51,0.29411764705882354,0.29411764705882354,0.0
7,3,54,0.05555555555555555,0.05555555555555555,0.0
7,4,49,0.4897959183673469,0.4897959183673469,0.0
7,5,53,0.0,0.0,0.0
7,6,52,0.038461538461538464,0.038461538461538464,0.0
7,7,58,0.0,0.0,0.0
7,8,62,0.4838709677419355,0.4838709677419355,0.22580645161290325
8,0,51,0.29411764705882354,-0.35294117647058826,0.7058823529411764
8,1,45,0.5333333333333333,-0.1333333333333333,0.4666666666666667
8,2,51,0.0392156862745098,0.0392156862745098,0.2549019607843137
8,3,54,0.037037037037037035,0.037037037037037035,0.018518518518518517
8,4,49,0.7755102040816326,0.7755102040816326,0.0
8,5,53,0.0,0.0,0.0
8,6,52,0.019230769230769232,0.019230769230769232,0.019230769230769232
8,7,58,0.0,0.0,0.0
8,8,62,0.4838709677419355,0.4838709677419355,0.22580645161290325
9,0,51,0.39215686274509803,-0.25490196078431376,0.607843137254902
9,1,45,0.5111111111111111,-0.15555555555555556,0.48888888888888893
9,2,51,0.0196078431372549,0.0196078431372549,0.27450980392156865
9,3,54,0.037037037037037035,0.037037037037037035,0.018518518518518517
9,4,49,0.7755102040816326,0.7755102040816326,0.0
9,5,53,0.0,0.0,0.0
9,6,52,0.019230769230769232,0.019230769230769232,0.019230769230769232
9,7,58,0.0,0.0,0.0
9,8,62,0.5,0.5,0.20967741935483875
10,0,51,0.5098039215686274,-0.13725490196078438,0.4901960784313726
10,1,45,0.4888888888888889,-0.17777777777777776,0.5111111111111111
10,2,51,0.0784313725490196,0.0784313725490196,0.21568627450980393
10,3,54,0.16666666666666666,0.16666666666666666,0.0
10,4,49,0.5918367346938775,0.5918367346938775,0.18367346938775508
10,5,53,0.07547169811320754,0.07547169811320754,0.0
10,6,52,0.019230769230769232,0.019230769230769232,0.019230769230769232
10,7,58,0.06896551724137931,0.06896551724137931,0.0
10,8,62,0.5645161290322581,0.5645161290322581,0.14516129032258063
11,0,51,0.0,-0.6470588235294118,1.0
11,1,45,0.0,-0.6666666666666666,1.0
11,2,51,0.0,0.0,0.29411764705882354
11,3,54,0.0,0.0,0.16666666666666666
11,4,49,0.0,0.0,0.7755102040816326
11,5,53,0.0,0.0,0.07547169811320754
11,6,52,0.0,0.0,0.038461538461538464
11,7,58,0.0,0.0,0.06896551724137931
11,8,62,0.0,0.0,0.7096774193548387
11,9,66,0.10606060606060606,,
11,10,71,0.2535211267605634,,
11,11,68,0.0,,
11,12,54,0.0,,
11,13,66,0.0,,
11,14,60,0.0,,
11,15,54,0.37037037037037035,,
11,16,71,0.647887323943662,,
11,17,60,0.0,,
12,0,51,0.0,-0.6470588235294118,1.0
12,1,45,0.0,-0.6666666666666666,1.0
12,2,51,0.0,0.0,0.29411764705882354
12,3,54,0.0,0.0,0.16666666666666666
12,4,49,0.0,0.0,0.7755102040816326
12,5,53,0.0,0.0,0.07547169811320754
12,6,52,0.0,0.0,0.038461538461538464
12,7,58,0.0,0.0,0.06896551724137931
12,8,62,0.0,0.0,0.7096774193548387
12,9,66,0.7727272727272727,0.6666666666666666,0.0
12,10,71,0.0,-0.2535211267605634,0.2535211267605634
12,11,68,0.17647058823529413,0.17647058823529413,0.0
12,12,54,0.0,0.0,0.0
12,13,66,0.015151515151515152,0.015151515151515152,0.0
12,14,60,0.0,0.0,0.0
12,15,54,0.0,-0.37037037037037035,0.37037037037037035
12,16,71,0.39436619718309857,-0.25352112676056343,0.25352112676056343
12,17,60,0.1,0.1,0.0
13,0,51,0.0,-0.6470588235294118,1.0
13,1,45,0.0,-0.6666666666666666,1.0
13,2,51,0.0,0.0,0.29411764705882354
13,3,54,0.0,0.0,0.16666666666666666
13,4,49,0.0,0.0,0.7755102040816326
13,5,53,0.0,0.0,0.07547169811320754
13,6,52,0.0,0.0,0.038461538461538464
13,7,58,0.0,0.0,0.06896551724137931
13,8,62,0.0,0.0,0.7096774193548387
13,9,66,0.06060606060606061,-0.045454545454545456,0.7121212121212122
13,10,71,0.056338028169014086,-0.19718309859154928,0.19718309859154928
13,11,68,0.35294117647058826,0.35294117647058826,0.0
13,12,54,0.037037037037037035,0.037037037037037035,0.0
13,13,66,0.21212121212121213,0.21212121212121213,0.0
13,14,60,0.08333333333333333,0.08333333333333333,0.0
13,15,54,0.09259259259259259,-0.2777777777777778,0.2777777777777778
13,16,71,0.5492957746478874,-0.09859154929577463,0.09859154929577463
13,17,60,0.4166666666666667,0.4166666666666667,0.0
14,0,51,0.0,-0.6470588235294118,1.0
14,1,45,0.0,-0.6666666666666666,1.0
14,2,51,0.0,0.0,0.29411764705882354
14,3,54,0.0,0.0,0.16666666666666666
14,4,49,0.0,0.0,0.7755102040816326
14,5,53,0.0,0.0,0.07547169811320754
14,6,52,0.0,0.0,0.038461538461538464
14,7,58,0.0,0.0,0.06896551724137931
14,8,62,0.0,0.0,0.7096774193548387
14,9,66,0.5303030303030303,0.4242424242424242,0.24242424242424243
14,10,71,0.014084507042253521,-0.23943661971830985,0.23943661971830985
14,11,68,0.47058823529411764,0.47058823529411764,0.0
14,12,54,0.018518518518518517,0.018518518518518517,0.018518518518518517
14,13,66,0.030303030303030304,0.030303030303030304,0.18181818181818182
14,14,60,0.016666666666666666,0.016666666666666666,0.06666666666666667
14,15,54,0.3148148148148148,-0.055555555555555525,0.055555555555555525
14,16,71,0.4507042253521127,-0.1971830985915493,0.1971830985915493
14,17,60,0.25,0.25,0.16666666666666669
15,0,51,0.0,-0.6470588235294118,1.0
15,1,45,0.0,-0.6666666666666666,1.0
15,2,51,0.0,0.0,0.29411764705882354
15,3,54,0.0,0.0,0.16666666666666666
15,4,49,0.0,0.0,0.7755102040816326
15,5,53,0.0,0.0,0.07547169811320754
15,6,52,0.0,0.0,0.038461538461538464
15,7,58,0.0,0.0,0.06896551724137931
15,8,62,0.0,0.0,0.7096774193548387
15,9,66,0.3333333333333333,0.22727272727272724,0.4393939393939394
15,10,71,0.028169014084507043,-0.22535211267605634,0.22535211267605634
15,11,68,0.45588235294117646,0.45588235294117646,0.01470588235294118
15,12,54,0.2222222222222222,0.2222222222222222,0.0
15,13,66,0.13636363636363635,0.13636363636363635,0.07575757575757577
15,14,60,0.06666666666666667,0.06666666666666667,0.016666666666666663
15,15,54,0.2777777777777778,-0.09259259259259256,0.09259259259259256
15,16,71,0.49295774647887325,-0.15492957746478875,0.15492957746478875
15,17,60,0.31666666666666665,0.31666666666666665,0.10000000000000003
16,0,51,0.0,-0.6470588235294118,1.0
16,1,45,0.0,-0.6666666666666666,1.0
16,2,51,0.0,0.0,0.29411764705882354
16,3,54,0.0,0.0,0.16666666666666666
16,4,49,0.0,0.0,0.7755102040816326
16,5,53,0.0,0.0,0.07547169811320754
16,6,52,0.0,0.0,0.038461538461538464
16,7,58,0.0,0.0,0.06896551724137931
16,8,62,0.0,0.0,0.7096774193548387
16,9,66,0.5151515151515151,0.40909090909090906,0.25757575757575757
16,10,71,0.014084507042253521,-0.23943661971830985,0.23943661971830985
16,11,68,0.4117647058823529,0.4117647058823529,0.05882352941176472
16,12,54,0.16666666666666666,0.16666666666666666,0.05555555555555555
16,13,66,0.09090909090909091,0.09090909090909091,0.12121212121212122
16,14,60,0.05,0.05,0.033333333333333326
16,15,54,0.3888888888888889,0.018518518518518545,0.0
16,16,71,0.4507042253521127,-0.1971830985915493,0.1971830985915493
16,17,60,0.35,0.35,0.06666666666666671
17,0,51,0.0,-0.6470588235294118,1.0
17,1,45,0.0,-0.6666666666666666,1.0
17,2,51,0.0,0.0,0.29411764705882354
17,3,54,0.0,0.0,0.16666666666666666
17,4,49,0.0,0.0,0.7755102040816326
17,5,53,0.0,0.0,0.07547169811320754
17,6,52,0.0,0.0,0.038461538461538464
17,7,58,0.0,0.0,0.06896551724137931
17,8,62,0.0,0.0,0.7096774193548387
17,9,66,0.3939393939393939,0.28787878787878785,0.3787878787878788
17,10,71,0.04225352112676056,-0.2112676056338028,0.2112676056338028
17,11,68,0.4264705882352941,0.4264705882352941,0.04411764705882354
17,12,54,0.42592592592592593,0.42592592592592593,0.0
17,13,66,0.15151515151515152,0.15151515151515152,0.06060606060606061
17,14,60,0.08333333333333333,0.08333333333333333,0.0
17,15,54,0.3148148148148148,-0.055555555555555525,0.07407407407407407
17,16,71,0.4788732394366197,-0.1690140845070423,0.1690140845070423
17,17,60,0.23333333333333334,0.23333333333333334,0.18333333333333335
18,0,51,0.0,-0.6470588235294118,1.0
18,1,45,0.0,-0.6666666666666666,1.0
18,2,51,0.0,0.0,0.29411764705882354
18,3,54,0.0,0.0,0.16666666666666666
18,4,49,0.0,0.0,0.7755102040816326
18,5,53,0.0,0.0,0.07547169811320754
18,6,52,0.0,0.0,0.038461538461538464
18,7,58,0.0,0.0,0.06896551724137931
18,8,62,0.0,0.0,0.7096774193548387
18,9,66,0.5151515151515151,0.40909090909090906,0.25757575757575757
18,10,71,0.04225352112676056,-0.2112676056338028,0.2112676056338028
18,11,68,0.39705882352941174,0.39705882352941174,0.0735294117647059
18,12,54,0.4074074074074074,0.4074074074074074,0.018518518518518545
18,13,66,0.12121212121212122,0.12121212121212122,0.09090909090909091
18,14,60,0.06666666666666667,0.06666666666666667,0.016666666666666663
18,15,54,0.35185185185185186,-0.01851851851851849,0.037037037037037035
18,16,71,0.4225352112676056,-0.22535211267605637,0.22535211267605637
18,17,60,0.2833333333333333,0.2833333333333333,0.13333333333333336
19,0,51,0.0,-0.6470588235294118,1.0
19,1,45,0.0,-0.6666666666666666,1.0
19,2,51,0.0,0.0,0.29411764705882354
19,3,54,0.0,0.0,0.16666666666666666
19,4,49,0.0,0.0,0.7755102040816326
19,5,53,0.0,0.0,0.07547169811320754
19,6,52,0.0,0.0,0.038461538461538464
19,7,58,0.0,0.0,0.06896551724137931
19,8,62,0.0,0.0,0.7096774193548387
19,9,66,0.4393939393939394,0.3333333333333333,0.3333333333333333
19,10,71,0.04225352112676056,-0.2112676056338028,0.2112676056338028
19,11,68,0.39705882352941174,0.39705882352941174,0.0735294117647059
19,12,54,0.42592592592592593,0.42592592592592593,0.0
19,13,66,0.15151515151515152,0.15151515151515152,0.06060606060606061
19,14,60,0.13333333333333333,0.13333333333333333,0.0
19,15,54,0.35185185185185186,-0.01851851851851849,0.037037037037037035
19,16,71,0.4507042253521127,-0.1971830985915493,0.1971830985915493
19,17,60,0.26666666666666666,0.26666666666666666,0.15000000000000002
20,0,51,0.0,-0.6470588235294118,1.0
20,1,45,0.0,-0.6666666666666666,1.0
20,2,51,0.0,0.0,0.29411764705882354
20,3,54,0.0,0.0,0.16666666666666666
20,4,49,0.0,0.0,0.7755102040816326
20,5,53,0.0,0.0,0.07547169811320754
20,6,52,0.0,0.0,0.038461538461538464
20,7,58,0.0,0.0,0.06896551724137931
20,8,62,0.0,0.0,0.7096774193548387
20,9,66,0.5151515151515151,0.40909090909090906,0.25757575757575757
20,10,71,0.04225352112676056,-0.2112676056338028,0.2112676056338028
20,11,68,0.4264705882352941,0.4264705882352941,0.04411764705882354
20,12,54,0.4074074074074074,0.4074074074074074,0.018518518518518545
20,13,66,0.15151515151515152,0.15151515151515152,0.06060606060606061
20,14,60,0.11666666666666667,0.11666666666666667,0.016666666666666663
20,15,54,0.3888888888888889,0.018518518518518545,0.0
20,16,71,0.39436619718309857,-0.25352112676056343,0.25352112676056343
20,17,60,0.36666666666666664,0.36666666666666664,0.050000000000000044
21,0,51,0.0,-0.6470588235294118,1.0
21,1,45,0.0,-0.6666666666666666,1.0
21,2,51,0.0,0.0,0.29411764705882354
21,3,54,0.0,0.0,0.16666666666666666
21,4,49,0.0,0.0,0.7755102040816326
21,5,53,0.0,0.0,0.07547169811320754
21,6,52,0.0,0.0,0.038461538461538464
21,7,58,0.0,0.0,0.06896551724137931
21,8,62,0.0,0.0,0.7096774193548387
21,9,66,0.0,-0.10606060606060606,0.7727272727272727
21,10,71,0.0,-0.2535211267605634,0.2535211267605634
21,11,68,0.0,0.0,0.47058823529411764
21,12,54,0.0,0.0,0.42592592592592593
21,13,66,0.0,0.0,0.21212121212121213
21,14,60,0.0,0.0,0.13333333333333333
21,15,54,0.0,-0.37037037037037035,0.3888888888888889
21,16,71,0.0,-0.647887323943662,0.647887323943662
21,17,60,0.0,0.0,0.4166666666666667
21,18,66,0.12121212121212122,,
21,19,52,0.8269230769230769,,
21,20,92,0.08695652173913043,,
21,21,55,0.0,,
21,22,57,0.0,,
21,23,46,0.0,,
21,24,48,0.041666666666666664,,
21,25,81,0.0,,
21,26,73,0.0,,
22,0,51,0.0,-0.6470588235294118,1.0
22,1,45,0.0,-0.6666666666666666,1.0
22,2,51,0.0,0.0,0.29411764705882354
22,3,54,0.0,0.0,0.16666666666666666
22,4,49,0.0,0.0,0.7755102040816326
22,5,53,0.0,0.0,0.07547169811320754
22,6,52,0.0,0.0,0.038461538461538464
22,7,58,0.0,0.0,0.06896551724137931
22,8,62,0.0,0.0,0.7096774193548387
22,9,66,0.0,-0.10606060606060606,0.7727272727272727
22,10,71,0.0,-0.2535211267605634,0.2535211267605634
22,11,68,0.0,0.0,0.47058823529411764
22,12,54,0.0,0.0,0.42592592592592593
22,13,66,0.0,0.0,0.21212121212121213
22,14,60,0.0,0.0,0.13333333333333333
22,15,54,0.0,-0.37037037037037035,0.3888888888888889
22,16,71,0.0,-0.647887323943662,0.647887323943662
22,17,60,0.0,0.0,0.4166666666666667
22,18,66,0.15151515151515152,0.030303030303030304,0.0
22,19,52,0.38461538461538464,-0.44230769230769224,0.44230769230769224
22,20,92,0.11956521739130435,0.03260869565217392,0.0
22,21,55,0.0,0.0,0.0
22,22,57,0.0,0.0,0.0
22,23,46,0.391304347826087,0.391304347826087,0.0
22,24,48,0.020833333333333332,-0.020833333333333332,0.020833333333333332
22,25,81,0.345679012345679,0.345679012345679,0.0
22,26,73,0.5205479452054794,0.5205479452054794,0.0
23,0,51,0.0,-0.6470588235294118,1.0
23,1,45,0.0,-0.6666666666666666,1.0
23,2,51,0.0,0.0,0.29411764705882354
23,3,54,0.0,0.0,0.16666666666666666
23,4,49,0.0,0.0,0.7755102040816326
23,5,53,0.0,0.0,0.07547169811320754
23,6,52,0.0,0.0,0.038461538461538464
23,7,58,0.0,0.0,0.06896551724137931
23,8,62,0.0,0.0,0.7096774193548387
23,9,66,0.0,-0.10606060606060606,0.7727272727272727
23,10,71,0.0,-0.2535211267605634,0.2535211267605634
23,11,68,0.0,0.0,0.47058823529411764
23,12,54,0.0,0.0,0.42592592592592593
23,13,66,0.0,0.0,0.21212121212121213
23,14,60,0.0,0.0,0.13333333333333333
23,15,54,0.0,-0.37037037037037035,0.3888888888888889
23,16,71,0.0,-0.647887323943662,0.647887323943662
23,17,60,0.0,0.0,0.4166666666666667
23,18,66,0.696969696969697,0.5757575757575758,0.0
23,19,52,0.5769230769230769,-0.25,0.25
23,20,92,0.021739130434782608,-0.06521739130434782,0.09782608695652174
23,21,55,0.0,0.0,0.0
23,22,57,0.0,0.0,0.0
23,23,46,0.2391304347826087,0.2391304347826087,0.15217391304347827
23,24,48,0.4166666666666667,0.375,0.0
23,25,81,0.35802469135802467,0.35802469135802467,0.0
23,26,73,0.3424657534246575,0.3424657534246575,0.1780821917808219
24,0,51,0.0,-0.6470588235294118,1.0
24,1,45,0.0,-0.6666666666666666,1.0
24,2,51,0.0,0.0,0.29411764705882354
24,3,54,0.0,0.0,0.16666666666666666
24,4,49,0.0,0.0,0.7755102040816326
24,5,53,0.0,0.0,0.07547169811320754
24,6,52,0.0,0.0,0.038461538461538464
24,7,58,0.0,0.0,0.06896551724137931
24,8,62,0.0,0.0,0.7096774193548387
24,9,66,0.0,-0.10606060606060606,0.7727272727272727
24,10,71,0.0,-0.2535211267605634,0.2535211267605634
24,11,68,0.0,0.0,0.47058823529411764
24,12,54,0.0,0.0,0.42592592592592593
24,13,66,0.0,0.0,0.21212121212121213
24,14,60,0.0,0.0,0.13333333333333333
24,15,54,0.0,-0.37037037037037035,0.3888888888888889
24,16,71,0.0,-0.647887323943662,0.647887323943662
24,17,60,0.0,0.0,0.4166666666666667
24,18,66,0.7727272727272727,0.6515151515151515,0.0
24,19,52,0.36538461538461536,-0.4615384615384615,0.4615384615384615
24,20,92,0.07608695652173914,-0.010869565217391297,0.043478260869565216
24,21,55,0.14545454545454545,0.14545454545454545,0.0
24,22,57,0.05263157894736842,0.05263157894736842,0.0
24,23,46,0.34782608695652173,0.34782608695652173,0.043478260869565244
24,24,48,0.4583333333333333,0.41666666666666663,0.0
24,25,81,0.2962962962962963,0.2962962962962963,0.06172839506172839
24,26,73,0.273972602739726,0.273972602739726,0.2465753424657534
25,0,51,0.0,-0.6470588235294118,1.0
25,1,45,0.0,-0.6666666666666666,1.0
25,2,51,0.0,0.0,0.29411764705882354
25,3,54,0.0,0.0,0.16666666666666666
25,4,49,0.0,0.0,0.7755102040816326
25,5,53,0.0,0.0,0.07547169811320754
25,6,52,0.0,0.0,0.038461538461538464
25,7,58,0.0,0.0,0.06896551724137931
25,8,62,0.0,0.0,0.7096774193548387
25,9,66,0.0,-0.10606060606060606,0.7727272727272727
25,10,71,0.0,-0.2535211267605634,0.2535211267605634
25,11,68,0.0,0.0,0.47058823529411764
25,12,54,0.0,0.0,0.42592592592592593
25,13,66,0.0,0.0,0.21212121212121213
25,14,60,0.0,0.0,0.13333333333333333
25,15,54,0.0,-0.37037037037037035,0.3888888888888889
25,16,71,0.0,-0.647887323943662,0.647887323943662
25,17,60,0.0,0.0,0.4166666666666667
25,18,66,0.7727272727272727,0.6515151515151515,0.0
25,19,52,0.38461538461538464,-0.44230769230769224,0.44230769230769224
25,20,92,0.07608695652173914,-0.010869565217391297,0.043478260869565216
25,21,55,0.03636363636363636,0.03636363636363636,0.10909090909090909
25,22,57,0.05263157894736842,0.05263157894736842,0.0
25,23,46,0.32608695652173914,0.32608695652173914,0.06521739130434784
25,24,48,0.5,0.4583333333333333,0.0
25,25,81,0.4074074074074074,0.4074074074074074,0.0
25,26,73,0.2191780821917808,0.2191780821917808,0.3013698630136986
26,0,51,0.0,-0.6470588235294118,1.0
26,1,45,0.0,-0.6666666666666666,1.0
26,2,51,0.0,0.0,0.29411764705882354
26,3,54,0.0,0.0,0.16666666666666666
26,4,49,0.0,0.0,0.7755102040816326
26,5,53,0.0,0.0,0.07547169811320754
26,6,52,0.0,0.0,0.038461538461538464
26,7,58,0.0,0.0,0.06896551724137931
26,8,62,0.0,0.0,0.7096774193548387
26,9,66,0.0,-0.10606060606060606,0.7727272727272727
26,10,71,0.0,-0.2535211267605634,0.2535211267605634
26,11,68,0.0,0.0,0.47058823529411764
26,12,54,0.0,0.0,0.42592592592592593
26,13,66,0.0,0.0,0.21212121212121213
26,14,60,0.0,0.0,0.13333333333333333
26,15,54,0.0,-0.37037037037037035,0.3888888888888889
26,16,71,0.0,-0.647887323943662,0.647887323943662
26,17,60,0.0,0.0,0.4166666666666667
26,18,66,0.7878787878787878,0.6666666666666666,0.0
26,19,52,0.36538461538461536,-0.4615384615384615,0.4615384615384615
26,20,92,0.06521739130434782,-0.021739130434782608,0.05434782608695653
26,21,55,0.07272727272727272,0.07272727272727272,0.07272727272727272
26,22,57,0.10526315789473684,0.10526315789473684,0.0
26,23,46,0.2826086956521739,0.2826086956521739,0.10869565217391308
26,24,48,0.5625,0.5208333333333334,0.0
26,25,81,0.43209876543209874,0.43209876543209874,0.0
26,26,73,0.1780821917808219,0.1780821917808219,0.3424657534246575
27,0,51,0.0,-0.6470588235294118,1.0
27,1,45,0.0,-0.6666666666666666,1.0
27,2,51,0.0,0.0,0.29411764705882354
27,3,54,0.0,0.0,0.16666666666666666
27,4,49,0.0,0.0,0.7755102040816326
27,5,53,0.0,0.0,0.07547169811320754
27,6,52,0.0,0.0,0.038461538461538464
27,7,58,0.0,0.0,0.06896551724137931
27,8,62,0.0,0.0,0.7096774193548387
27,9,66,0.0,-0.10606060606060606,0.7727272727272727
27,10,71,0.0,-0.2535211267605634,0.2535211267605634
27,11,68,0.0,0.0,0.47058823529411764
27,12,54,0.0,0.0,0.42592592592592593
27,13,66,0.0,0.0,0.21212121212121213
27,14,60,0.0,0.0,0.13333333333333333
27,15,54,0.0,-0.37037037037037035,0.3888888888888889
27,16,71,0.0,-0.647887323943662,0.647887323943662
27,17,60,0.0,0.0,0.4166666666666667
27,18,66,0.7727272727272727,0.6515151515151515,0.015151515151515138
27,19,52,0.3076923076923077,-0.5192307692307692,0.5192307692307692
27,20,92,0.06521739130434782,-0.021739130434782608,0.05434782608695653
27,21,55,0.07272727272727272,0.07272727272727272,0.07272727272727272
27,22,57,0.15789473684210525,0.15789473684210525,0.0
27,23,46,0.32608695652173914,0.32608695652173914,0.06521739130434784
27,24,48,0.4791666666666667,0.4375,0.08333333333333331
27,25,81,0.4567901234567901,0.4567901234567901,0.0
27,26,73,0.1232876712328767,0.1232876712328767,0.3972602739726027
28,0,51,0.0,-0.6470588235294118,1.0
28,1,45,0.0,-0.6666666666666666,1.0
28,2,51,0.0,0.0,0.29411764705882354
28,3,54,0.0,0.0,0.16666666666666666
28,4,49,0.0,0.0,0.7755102040816326
28,5,53,0.0,0.0,0.07547169811320754
28,6,52,0.0,0.0,0.038461538461538464
28,7,58,0.0,0.0,0.06896551724137931
28,8,62,0.0,0.0,0.7096774193548387
28,9,66,0.0,-0.10606060606060606,0.7727272727272727
28,10,71,0.0,-0.2535211267605634,0.2535211267605634
28,11,68,0.0,0.0,0.47058823529411764
28,12,54,0.0,0.0,0.42592592592592593
28,13,66,0.0,0.0,0.21212121212121213
28,14,60,0.0,0.0,0.13333333333333333
28,15,54,0.0,-0.37037037037037035,0.3888888888888889
28,16,71,0.0,-0.647887323943662,0.647887323943662
28,17,60,0.0,0.0,0.4166666666666667
28,18,66,0.7727272727272727,0.6515151515151515,0.015151515151515138
28,19,52,0.34615384615384615,-0.4807692307692307,0.4807692307692307
28,20,92,0.05434782608695652,-0.03260869565217391,0.06521739130434784
28,21,55,0.12727272727272726,0.12727272727272726,0.018181818181818188
28,22,57,0.14035087719298245,0.14035087719298245,0.017543859649122806
28,23,46,0.32608695652173914,0.32608695652173914,0.06521739130434784
28,24,48,0.5208333333333334,0.4791666666666667,0.04166666666666663
28,25,81,0.4444444444444444,0.4444444444444444,0.012345679012345678
28,26,73,0.136986301369863,0.136986301369863,0.3835616438356164
29,0,51,0.0,-0.6470588235294118,1.0
29,1,45,0.0,-0.6666666666666666,1.0
29,2,51,0.0,0.0,0.29411764705882354
29,3,54,0.0,0.0,0.16666666666666666
29,4,49,0.0,0.0,0.7755102040816326
29,5,53,0.0,0.0,0.07547169811320754
29,6,52,0.0,0.0,0.038461538461538464
29,7,58,0.0,0.0,0.06896551724137931
29,8,62,0.0,0.0,0.7096774193548387
29,9,66,0.0,-0.10606060606060606,0.7727272727272727
29,10,71,0.0,-0.2535211267605634,0.2535211267605634
29,11,68,0.0,0.0,0.47058823529411764
29,12,54,0.0,0.0,0.42592592592592593
29,13,66,0.0,0.0,0.21212121212121213
29,14,60,0.0,0.0,0.13333333333333333
29,15,54,0.0,-0.37037037037037035,0.3888888888888889
29,16,71,0.0,-0.647887323943662,0.647887323943662
29,17,60,0.0,0.0,0.4166666666666667
29,18,66,0.7727272727272727,0.6515151515151515,0.015151515151515138
29,19,52,0.3269230769230769,-0.49999999999999994,0.49999999999999994
29,20,92,0.08695652173913043,0.0,0.03260869565217392
29,21,55,0.16363636363636364,0.16363636363636364,0.0
29,22,57,0.17543859649122806,0.17543859649122806,0.0
29,23,46,0.3695652173913043,0.3695652173913043,0.02173913043478265
29,24,48,0.5,0.4583333333333333,0.0625
29,25,81,0.4567901234567901,0.4567901234567901,0.0
29,26,73,0.1095890410958904,0.1095890410958904,0.410958904109589
30,0,51,0.0,-0.6470588235294118,1.0
30,1,45,0.0,-0.6666666666666666,1.0
30,2,51,0.0,0.0,0.29411764705882354
30,3,54,0.0,0.0,0.16666666666666666
30,4,49,0.0,0.0,0.7755102040816326
30,5,53,0.0,0.0,0.07547169811320754
30,6,52,0.0,0.0,0.038461538461538464
30,7,58,0.0,0.0,0.06896551724137931
30,8,62,0.0,0.0,0.7096774193548387
30,9,66,0.0,-0.10606060606060606,0.7727272727272727
30,10,71,0.0,-0.2535211267605634,0.2535211267605634
30,11,68,0.0,0.0,0.47058823529411764
30,12,54,0.0,0.0,0.42592592592592593
30,13,66,0.0,0.0,0.21212121212121213
30,14,60,0.0,0.0,0.13333333333333333
30,15,54,0.0,-0.37037037037037035,0.3888888888888889
30,16,71,0.0,-0.647887323943662,0.647887323943662
30,17,60,0.0,0.0,0.4166666666666667
30,18,66,0.7272727272727273,0.6060606060606061,0.06060606060606055
30,19,52,0.40384615384615385,-0.423076923076923,0.423076923076923
30,20,92,0.11956521739130435,0.03260869565217392,0.0
30,21,55,0.18181818181818182,0.18181818181818182,0.0
30,22,57,0.19298245614035087,0.19298245614035087,0.0
30,23,46,0.34782608695652173,0.34782608695652173,0.043478260869565244
30,24,48,0.5,0.4583333333333333,0.0625
30,25,81,0.4567901234567901,0.4567901234567901,0.0
30,26,73,0.136986301369863,0.136986301369863,0.3835616438356164
31,0,51,0.0,-0.6470588235294118,1.0
31,1,45,0.0,-0.6666666666666666,1.0
31,2,51,0.0,0.0,0.29411764705882354
31,3,54,0.0,0.0,0.16666666666666666
31,4,49,0.0,0.0,0.7755102040816326
31,5,53,0.0,0.0,0.07547169811320754
31,6,52,0.0,0.0,0.038461538461538464
31,7,58,0.0,0.0,0.06896551724137931
31,8,62,0.0,0.0,0.7096774193548387
31,9,66,0.0,-0.10606060606060606,0.7727272727272727
31,10,71,0.0,-0.2535211267605634,0.2535211267605634
31,11,68,0.0,0.0,0.47058823529411764
31,12,54,0.0,0.0,0.42592592592592593
31,13,66,0.0,0.0,0.21212121212121213
31,14,60,0.0,0.0,0.13333333333333333
31,15,54,0.0,-0.37037037037037035,0.3888888888888889
31,16,71,0.0,-0.647887323943662,0.647887323943662
31,17,60,0.0,0.0,0.4166666666666667
31,18,66,0.7272727272727273,0.6060606060606061,0.06060606060606055
31,19,52,0.36538461538461536,-0.4615384615384615,0.4615384615384615
31,20,92,0.11956521739130435,0.03260869565217392,0.0
31,21,55,0.2909090909090909,0.2909090909090909,0.0
31,22,57,0.21052631578947367,0.21052631578947367,0.0
31,23,46,0.32608695652173914,0.32608695652173914,0.06521739130434784
31,24,48,0.5208333333333334,0.4791666666666667,0.04166666666666663
31,25,81,0.4691358024691358,0.4691358024691358,0.0
31,26,73,0.1643835616438356,0.1643835616438356,0.3561643835616438
32,0,51,0.0,-0.6470588235294118,1.0
32,1,45,0.0,-0.6666666666666666,1.0
32,2,51,0.0,0.0,0.29411764705882354
32,3,54,0.0,0.0,0.16666666666666666
32,4,49,0.0,0.0,0.7755102040816326
32,5,53,0.0,0.0,0.07547169811320754
32,6,52,0.0,0.0,0.038461538461538464
32,7,58,0.0,0.0,0.06896551724137931
32,8,62,0.0,0.0,0.7096774193548387
32,9,66,0.0,-0.10606060606060606,0.7727272727272727
32,10,71,0.0,-0.2535211267605634,0.2535211267605634
32,11,68,0.0,0.0,0.47058823529411764
32,12,54,0.0,0.0,0.42592592592592593
32,13,66,0.0,0.0,0.21212121212121213
32,14,60,0.0,0.0,0.13333333333333333
32,15,54,0.0,-0.37037037037037035,0.3888888888888889
32,16,71,0.0,-0.647887323943662,0.647887323943662
32,17,60,0.0,0.0,0.4166666666666667
32,18,66,0.7272727272727273,0.6060606060606061,0.06060606060606055
32,19,52,0.40384615384615385,-0.423076923076923,0.423076923076923
32,20,92,0.14130434782608695,0.05434782608695651,0.0
32,21,55,0.38181818181818183,0.38181818181818183,0.0
32,22,57,0.19298245614035087,0.19298245614035087,0.017543859649122806
32,23,46,0.32608695652173914,0.32608695652173914,0.06521739130434784
32,24,48,0.5833333333333334,0.5416666666666667,0.0
32,25,81,0.4444444444444444,0.4444444444444444,0.024691358024691357
32,26,73,0.1643835616438356,0.1643835616438356,0.3561643835616438
33,0,51,0.0,-0.6470588235294118,1.0
33,1,45,0.0,-0.6666666666666666,1.0
33,2,51,0.0,0.0,0.29411764705882354
33,3,54,0.0,0.0,0.16666666666666666
33,4,49,0.0,0.0,0.7755102040816326
33,5,53,0.0,0.0,0.07547169811320754
33,6,52,0.0,0.0,0.038461538461538464
33,7,58,0.0,0.0,0.06896551724137931
33,8,62,0.0,0.0,0.7096774193548387
33,9,66,0.0,-0.10606060606060606,0.7727272727272727
33,10,71,0.0,-0.2535211267605634,0.2535211267605634
33,11,68,0.0,0.0,0.47058823529411764
33,12,54,0.0,0.0,0.42592592592592593
33,13,66,0.0,0.0,0.21212121212121213
33,14,60,0.0,0.0,0.13333333333333333
33,15,54,0.0,-0.37037037037037035,0.3888888888888889
33,16,71,0.0,-0.647887323943662,0.647887323943662
33,17,60,0.0,0.0,0.4166666666666667
33,18,66,0.7272727272727273,0.6060606060606061,0.06060606060606055
33,19,52,0.36538461538461536,-0.4615384615384615,0.4615384615384615
33,20,92,0.18478260869565216,0.09782608695652173,0.0
33,21,55,0.34545454545454546,0.34545454545454546,0.036363636363636376
33,22,57,0.22807017543859648,0.22807017543859648,0.0
33,23,46,0.32608695652173914,0.32608695652173914,0.06521739130434784
33,24,48,0.5208333333333334,0.4791666666666667,0.0625
33,25,81,0.4444444444444444,0.4444444444444444,0.024691358024691357
33,26,73,0.136986301369863,0.136986301369863,0.3835616438356164
34,0,51,0.0,-0.6470588235294118,1.0
34,1,45,0.0,-0.6666666666666666,1.0
34,2,51,0.0,0.0,0.29411764705882354
34,3,54,0.0,0.0,0.16666666666666666
34,4,49,0.0,0.0,0.7755102040816326
34,5,53,0.0,0.0,0.07547169811320754
34,6,52,0.0,0.0,0.038461538461538464
34,7,58,0.0,0.0,0.06896551724137931
34,8,62,0.0,0.0,0.7096774193548387
34,9,66,0.0,-0.10606060606060606,0.7727272727272727
34,10,71,0.0,-0.2535211267605634,0.2535211267605634
34,11,68,0.0,0.0,0.47058823529411764
34,12,54,0.0,0.0,0.42592592592592593
34,13,66,0.0,0.0,0.21212121212121213
34,14,60,0.0,0.0,0.13333333333333333
34,15,54,0.0,-0.37037037037037035,0.3888888888888889
34,16,71,0.0,-0.647887323943662,0.647887323943662
34,17,60,0.0,0.0,0.4166666666666667
34,18,66,0.7272727272727273,0.6060606060606061,0.06060606060606055
34,19,52,0.3076923076923077,-0.5192307692307692,0.5192307692307692
34,20,92,0.25,0.16304347826086957,0.0
34,21,55,0.38181818181818183,0.38181818181818183,0.0
34,22,57,0.24561403508771928,0.24561403508771928,0.0
34,23,46,0.391304347826087,0.391304347826087,0.0
34,24,48,0.5416666666666666,0.49999999999999994,0.04166666666666674
34,25,81,0.3950617283950617,0.3950617283950617,0.07407407407407407
34,26,73,0.1232876712328767,0.1232876712328767,0.3972602739726027
35,0,51,0.0,-0.6470588235294118,1.0
35,1,45,0.0,-0.6666666666666666,1.0
35,2,51,0.0,0.0,0.29411764705882354
35,3,54,0.0,0.0,0.16666666666666666
35,4,49,0.0,0.0,0.7755102040816326
35,5,53,0.0,0.0,0.07547169811320754
35,6,52,0.0,0.0,0.038461538461538464
35,7,58,0.0,0.0,0.06896551724137931
35,8,62,0.0,0.0,0.7096774193548387
35,9,66,0.0,-0.10606060606060606,0.7727272727272727
35,10,71,0.0,-0.2535211267605634,0.2535211267605634
35,11,68,0.0,0.0,0.47058823529411764
35,12,54,0.0,0.0,0.42592592592592593
35,13,66,0.0,0.0,0.21212121212121213
35,14,60,0.0,0.0,0.13333333333333333
35,15,54,0.0,-0.37037037037037035,0.3888888888888889
35,16,71,0.0,-0.647887323943662,0.647887323943662
35,17,60,0.0,0.0,0.4166666666666667
35,18,66,0.7121212121212122,0.5909090909090909,0.07575757575757569
35,19,52,0.3076923076923077,-0.5192307692307692,0.5192307692307692
35,20,92,0.25,0.16304347826086957,0.0
35,21,55,0.38181818181818183,0.38181818181818183,0.0
35,22,57,0.2631578947368421,0.2631578947368421,0.0
35,23,46,0.5,0.5,0.0
35,24,48,0.4791666666666667,0.4375,0.10416666666666669
35,25,81,0.4691358024691358,0.4691358024691358,0.0
35,26,73,0.1506849315068493,0.1506849315068493,0.3698630136986301
36,0,51,0.0,-0.6470588235294118,1.0
36,1,45,0.0,-0.6666666666666666,1.0
36,2,51,0.0,0.0,0.29411764705882354
36,3,54,0.0,0.0,0.16666666666666666
36,4,49,0.0,0.0,0.7755102040816326
36,5,53,0.0,0.0,0.07547169811320754
36,6,52,0.0,0.0,0.038461538461538464
36,7,58,0.0,0.0,0.06896551724137931
36,8,62,0.0,0.0,0.7096774193548387
36,9,66,0.0,-0.10606060606060606,0.7727272727272727
36,10,71,0.0,-0.2535211267605634,0.2535211267605634
36,11,68,0.0,0.0,0.47058823529411764
36,12,54,0.0,0.0,0.42592592592592593
36,13,66,0.0,0.0,0.21212121212121213
36,14,60,0.0,0.0,0.13333333333333333
36,15,54,0.0,-0.37037037037037035,0.3888888888888889
36,16,71,0.0,-0.647887323943662,0.647887323943662
36,17,60,0.0,0.0,0.4166666666666667
36,18,66,0.7121212121212122,0.5909090909090909,0.07575757575757569
36,19,52,0.2692307692307692,-0.5576923076923077,0.5576923076923077
36,20,92,0.2826086956521739,0.19565217391304346,0.0
36,21,55,0.36363636363636365,0.36363636363636365,0.018181818181818188
36,22,57,0.2631578947368421,0.2631578947368421,0.0
36,23,46,0.45652173913043476,0.45652173913043476,0.043478260869565244
36,24,48,0.5,0.4583333333333333,0.08333333333333337
36,25,81,0.4074074074074074,0.4074074074074074,0.06172839506172839
36,26,73,0.1232876712328767,0.1232876712328767,0.3972602739726027
37,0,51,0.0,-0.6470588235294118,1.0
37,1,45,0.0,-0.6666666666666666,1.0
37,2,51,0.0,0.0,0.29411764705882354
37,3,54,0.0,0.0,0.16666666666666666
37,4,49,0.0,0.0,0.7755102040816326
37,5,53,0.0,0.0,0.07547169811320754
37,6,52,0.0,0.0,0.038461538461538464
37,7,58,0.0,0.0,0.06896551724137931
37,8,62,0.0,0.0,0.7096774193548387
37,9,66,0.0,-0.10606060606060606,0.7727272727272727
37,10,71,0.0,-0.2535211267605634,0.2535211267605634
37,11,68,0.0,0.0,0.47058823529411764
37,12,54,0.0,0.0,0.42592592592592593
37,13,66,0.0,0.0,0.21212121212121213
37,14,60,0.0,0.0,0.13333333333333333
37,15,54,0.0,-0.37037037037037035,0.3888888888888889
37,16,71,0.0,-0.647887323943662,0.647887323943662
37,17,60,0.0,0.0,0.4166666666666667
37,18,66,0.6818181818181818,0.5606060606060606,0.10606060606060608
37,19,52,0.28846153846153844,-0.5384615384615384,0.5384615384615384
37,20,92,0.31521739130434784,0.2282608695652174,0.0
37,21,55,0.4,0.4,0.0
37,22,57,0.2631578947368421,0.2631578947368421,0.0
37,23,46,0.5,0.5,0.0
37,24,48,0.5,0.4583333333333333,0.08333333333333337
37,25,81,0.4567901234567901,0.4567901234567901,0.012345679012345678
37,26,73,0.1232876712328767,0.1232876712328767,0.3972602739726027
38,0,51,0.0,-0.6470588235294118,1.0
38,1,45,0.0,-0.6666666666666666,1.0
38,2,51,0.0,0.0,0.29411764705882354
38,3,54,0.0,0.0,0.16666666666666666
38,4,49,0.0,0.0,0.7755102040816326
38,5,53,0.0,0.0,0.07547169811320754
38,6,52,0.0,0.0,0.038461538461538464
38,7,58,0.0,0.0,0.06896551724137931
38,8,62,0.0,0.0,0.7096774193548387
38,9,66,0.0,-0.10606060606060606,0.7727272727272727
38,10,71,0.0,-0.2535211267605634,0.2535211267605634
38,11,68,0.0,0.0,0.47058823529411764
38,12,54,0.0,0.0,0.42592592592592593
38,13,66,0.0,0.0,0.21212121212121213
38,14,60,0.0,0.0,0.13333333333333333
38,15,54,0.0,-0.37037037037037035,0.3888888888888889
38,16,71,0.0,-0.647887323943662,0.647887323943662
38,17,60,0.0,0.0,0.4166666666666667
38,18,66,0.6818181818181818,0.5606060606060606,0.10606060606060608
38,19,52,0.2692307692307692,-0.5576923076923077,0.5576923076923077
38,20,92,0.34782608695652173,0.2608695652173913,0.0
38,21,55,0.38181818181818183,0.38181818181818183,0.018181818181818188
38,22,57,0.2807017543859649,0.2807017543859649,0.0
38,23,46,0.5217391304347826,0.5217391304347826,0.0
38,24,48,0.4791666666666667,0.4375,0.10416666666666669
38,25,81,0.41975308641975306,0.41975308641975306,0.04938271604938271
38,26,73,0.0958904109589041,0.0958904109589041,0.4246575342465753
39,0,51,0.0,-0.6470588235294118,1.0
39,1,45,0.0,-0.6666666666666666,1.0
39,2,51,0.0,0.0,0.29411764705882354
39,3,54,0.0,0.0,0.16666666666666666
39,4,49,0.0,0.0,0.7755102040816326
39,5,53,0.0,0.0,0.07547169811320754
39,6,52,0.0,0.0,0.038461538461538464
39,7,58,0.0,0.0,0.06896551724137931
39,8,62,0.0,0.0,0.7096774193548387
39,9,66,0.0,-0.10606060606060606,0.7727272727272727
39,10,71,0.0,-0.2535211267605634,0.2535211267605634
39,11,68,0.0,0.0,0.47058823529411764
39,12,54,0.0,0.0,0.42592592592592593
39,13,66,0.0,0.0,0.21212121212121213
39,14,60,0.0,0.0,0.13333333333333333
39,15,54,0.0,-0.37037037037037035,0.3888888888888889
39,16,71,0.0,-0.647887323943662,0.647887323943662
39,17,60,0.0,0.0,0.4166666666666667
39,18,66,0.6818181818181818,0.5606060606060606,0.10606060606060608
39,19,52,0.25,-0.5769230769230769,0.5769230769230769
39,20,92,0.33695652173913043,0.25,0.010869565217391297
39,21,55,0.38181818181818183,0.38181818181818183,0.018181818181818188
39,22,57,0.2982456140350877,0.2982456140350877,0.0
39,23,46,0.5652173913043478,0.5652173913043478,0.0
39,24,48,0.4791666666666667,0.4375,0.10416666666666669
39,25,81,0.4567901234567901,0.4567901234567901,0.012345679012345678
39,26,73,0.136986301369863,0.136986301369863,0.3835616438356164
40,0,51,0.0,-0.6470588235294118,1.0
40,1,45,0.0,-0.6666666666666666,1.0
40,2,51,0.0,0.0,0.29411764705882354
40,3,54,0.0,0.0,0.16666666666666666
40,4,49,0.0,0.0,0.7755102040816326
40,5,53,0.0,0.0,0.07547169811320754
40,6,52,0.0,0.0,0.038461538461538464
40,7,58,0.0,0.0,0.06896551724137931
40,8,62,0.0,0.0,0.7096774193548387
40,9,66,0.0,-0.10606060606060606,0.7727272727272727
40,10,71,0.0,-0.2535211267605634,0.2535211267605634
40,11,68,0.0,0.0,0.47058823529411764
40,12,54,0.0,0.0,0.42592592592592593
40,13,66,0.0,0.0,0.21212121212121213
40,14,60,0.0,0.0,0.13333333333333333
40,15,54,0.0,-0.37037037037037035,0.3888888888888889
40,16,71,0.0,-0.647887323943662,0.647887323943662
40,17,60,0.0,0.0,0.4166666666666667
40,18,66,0.6666666666666666,0.5454545454545454,0.12121212121212122
40,19,52,0.2692307692307692,-0.5576923076923077,0.5576923076923077
40,20,92,0.40217391304347827,0.31521739130434784,0.0
40,21,55,0.4727272727272727,0.4727272727272727,0.0
40,22,57,0.2631578947368421,0.2631578947368421,0.03508771929824561
40,23,46,0.5434782608695652,0.5434782608695652,0.021739130434782594
40,24,48,0.4791666666666667,0.4375,0.10416666666666669
40,25,81,0.43209876543209874,0.43209876543209874,0.037037037037037035
40,26,73,0.136986301369863,0.136986301369863,0.3835616438356164
41,0,51,0.0,-0.6470588235294118,1.0
41,1,45,0.0,-0.6666666666666666,1.0
41,2,51,0.0,0.0,0.29411764705882354
41,3,54,0.0,0.0,0.16666666666666666
41,4,49,0.0,0.0,0.7755102040816326
41,5,53,0.0,0.0,0.07547169811320754
41,6,52,0.0,0.0,0.038461538461538464
41,7,58,0.0,0.0,0.06896551724137931
41,8,62,0.0,0.0,0.7096774193548387
41,9,66,0.0,-0.10606060606060606,0.7727272727272727
41,10,71,0.0,-0.2535211267605634,0.2535211267605634
41,11,68,0.0,0.0,0.47058823529411764
41,12,54,0.0,0.0,0.42592592592592593
41,13,66,0.0,0.0,0.21212121212121213
41,14,60,0.0,0.0,0.13333333333333333
41,15,54,0.0,-0.37037037037037035,0.3888888888888889
41,16,71,0.0,-0.647887323943662,0.647887323943662
41,17,60,0.0,0.0,0.4166666666666667
41,18,66,0.6818181818181818,0.5606060606060606,0.10606060606060608
41,19,52,0.28846153846153844,-0.5384615384615384,0.5384615384615384
41,20,92,0.33695652173913043,0.25,0.06521739130434784
41,21,55,0.4727272727272727,0.4727272727272727,0.0
41,22,57,0.24561403508771928,0.24561403508771928,0.05263157894736842
41,23,46,0.5,0.5,0.06521739130434778
41,24,48,0.5,0.4583333333333333,0.08333333333333337
41,25,81,0.4691358024691358,0.4691358024691358,0.0
41,26,73,0.136986301369863,0.136986301369863,0.3835616438356164
42,0,51,0.0,-0.6470588235294118,1.0
42,1,45,0.0,-0.6666666666666666,1.0
42,2,51,0.0,0.0,0.29411764705882354
42,3,54,0.0,0.0,0.16666666666666666
42,4,49,0.0,0.0,0.7755102040816326
42,5,53,0.0,0.0,0.07547169811320754
42,6,52,0.0,0.0,0.038461538461538464
42,7,58,0.0,0.0,0.06896551724137931
42,8,62,0.0,0.0,0.7096774193548387
42,9,66,0.0,-0.10606060606060606,0.7727272727272727
42,10,71,0.0,-0.2535211267605634,0.2535211267605634
42,11,68,0.0,0.0,0.47058823529411764
42,12,54,0.0,0.0,0.42592592592592593
42,13,66,0.0,0.0,0.21212121212121213
42,14,60,0.0,0.0,0.13333333333333333
42,15,54,0.0,-0.37037037037037035,0.3888888888888889
42,16,71,0.0,-0.647887323943662,0.647887323943662
42,17,60,0.0,0.0,0.4166666666666667
42,18,66,0.6666666666666666,0.5454545454545454,0.12121212121212122
42,19,52,0.25,-0.5769230769230769,0.5769230769230769
42,20,92,0.358695652173913,0.2717391304347826,0.043478260869565244
42,21,55,0.41818181818181815,0.41818181818181815,0.054545454545454564
42,22,57,0.3333333333333333,0.3333333333333333,0.0
42,23,46,0.5434782608695652,0.5434782608695652,0.021739130434782594
42,24,48,0.5,0.4583333333333333,0.08333333333333337
42,25,81,0.4691358024691358,0.4691358024691358,0.0
42,26,73,0.1232876712328767,0.1232876712328767,0.3972602739726027
43,0,51,0.0,-0.6470588235294118,1.0
43,1,45,0.0,-0.6666666666666666,1.0
43,2,51,0.0,0.0,0.29411764705882354
43,3,54,0.0,0.0,0.16666666666666666
43,4,49,0.0,0.0,0.7755102040816326
43,5,53,0.0,0.0,0.07547169811320754
43,6,52,0.0,0.0,0.038461538461538464
43,7,58,0.0,0.0,0.06896551724137931
43,8,62,0.0,0.0,0.7096774193548387
43,9,66,0.0,-0.10606060606060606,0.7727272727272727
43,10,71,0.0,-0.2535211267605634,0.2535211267605634
43,11,68,0.0,0.0,0.47058823529411764
43,12,54,0.0,0.0,0.42592592592592593
43,13,66,0.0,0.0,0.21212121212121213
43,14,60,0.0,0.0,0.13333333333333333
43,15,54,0.0,-0.37037037037037035,0.3888888888888889
43,16,71,0.0,-0.647887323943662,0.647887323943662
43,17,60,0.0,0.0,0.4166666666666667
43,18,66,0.6818181818181818,0.5606060606060606,0.10606060606060608
43,19,52,0.28846153846153844,-0.5384615384615384,0.5384615384615384
43,20,92,0.32608695652173914,0.2391304347826087,0.07608695652173914
43,21,55,0.38181818181818183,0.38181818181818183,0.09090909090909088
43,22,57,0.3333333333333333,0.3333333333333333,0.0
43,23,46,0.5,0.5,0.06521739130434778
43,24,48,0.5,0.4583333333333333,0.08333333333333337
43,25,81,0.48148148148148145,0.48148148148148145,0.0
43,26,73,0.1232876712328767,0.1232876712328767,0.3972602739726027
44,0,51,0.0,-0.6470588235294118,1.0
44,1,45,0.0,-0.6666666666666666,1.0
44,2,51,0.0,0.0,0.29411764705882354
44,3,54,0.0,0.0,0.16666666666666666
44,4,49,0.0,0.0,0.7755102040816326
44,5,53,0.0,0.0,0.07547169811320754
44,6,52,0.0,0.0,0.038461538461538464
44,7,58,0.0,0.0,0.06896551724137931
44,8,62,0.0,0.0,0.7096774193548387
44,9,66,0.0,-0.10606060606060606,0.7727272727272727
44,10,71,0.0,-0.2535211267605634,0.2535211267605634
44,11,68,0.0,0.0,0.47058823529411764
44,12,54,0.0,0.0,0.42592592592592593
44,13,66,0.0,0.0,0.21212121212121213
44,14,60,0.0,0.0,0.13333333333333333
44,15,54,0.0,-0.37037037037037035,0.3888888888888889
44,16,71,0.0,-0.647887323943662,0.647887323943662
44,17,60,0.0,0.0,0.4166666666666667
44,18,66,0.6818181818181818,0.5606060606060606,0.10606060606060608
44,19,52,0.21153846153846154,-0.6153846153846153,0.6153846153846153
44,20,92,0.40217391304347827,0.31521739130434784,0.0
44,21,55,0.41818181818181815,0.41818181818181815,0.054545454545454564
44,22,57,0.3333333333333333,0.3333333333333333,0.0
44,23,46,0.5652173913043478,0.5652173913043478,0.0
44,24,48,0.5,0.4583333333333333,0.08333333333333337
44,25,81,0.4444444444444444,0.4444444444444444,0.037037037037037035
44,26,73,0.1232876712328767,0.1232876712328767,0.3972602739726027
45,0,51,0.0,-0.6470588235294118,1.0
45,1,45,0.0,-0.6666666666666666,1.0
45,2,51,0.0,0.0,0.29411764705882354
45,3,54,0.0,0.0,0.16666666666666666
45,4,49,0.0,0.0,0.7755102040816326
45,5,53,0.0,0.0,0.07547169811320754
45,6,52,0.0,0.0,0.038461538461538464
45,7,58,0.0,0.0,0.06896551724137931
45,8,62,0.0,0.0,0.7096774193548387
45,9,66,0.0,-0.10606060606060606,0.7727272727272727
45,10,71,0.0,-0.2535211267605634,0.2535211267605634
45,11,68,0.0,0.0,0.47058823529411764
45,12,54,0.0,0.0,0.42592592592592593
45,13,66,0.0,0.0,0.21212121212121213
45,14,60,0.0,0.0,0.13333333333333333
45,15,54,0.0,-0.37037037037037035,0.3888888888888889
45,16,71,0.0,-0.647887323943662,0.647887323943662
45,17,60,0.0,0.0,0.4166666666666667
45,18,66,0.7121212121212122,0.5909090909090909,0.07575757575757569
45,19,52,0.19230769230769232,-0.6346153846153846,0.6346153846153846
45,20,92,0.32608695652173914,0.2391304347826087,0.07608695652173914
45,21,55,0.41818181818181815,0.41818181818181815,0.054545454545454564
45,22,57,0.2631578947368421,0.2631578947368421,0.07017543859649122
45,23,46,0.4782608695652174,0.4782608695652174,0.08695652173913038
45,24,48,0.4791666666666667,0.4375,0.10416666666666669
45,25,81,0.4691358024691358,0.4691358024691358,0.012345679012345678
45,26,73,0.1095890410958904,0.1095890410958904,0.410958904109589
46,0,51,0.0,-0.6470588235294118,1.0
46,1,45,0.0,-0.6666666666666666,1.0
46,2,51,0.0,0.0,0.29411764705882354
46,3,54,0.0,0.0,0.16666666666666666
46,4,49,0.0,0.0,0.7755102040816326
46,5,53,0.0,0.0,0.07547169811320754
46,6,52,0.0,0.0,0.038461538461538464
46,7,58,0.0,0.0,0.06896551724137931
46,8,62,0.0,0.0,0.7096774193548387
46,9,66,0.0,-0.10606060606060606,0.7727272727272727
46,10,71,0.0,-0.2535211267605634,0.2535211267605634
46,11,68,0.0,0.0,0.47058823529411764
46,12,54,0.0,0.0,0.42592592592592593
46,13,66,0.0,0.0,0.21212121212121213
46,14,60,0.0,0.0,0.13333333333333333
46,15,54,0.0,-0.37037037037037035,0.3888888888888889
46,16,71,0.0,-0.647887323943662,0.647887323943662
46,17,60,0.0,0.0,0.4166666666666667
46,18,66,0.6666666666666666,0.5454545454545454,0.12121212121212122
46,19,52,0.3076923076923077,-0.5192307692307692,0.5192307692307692
46,20,92,0.30434782608695654,0.2173913043478261,0.09782608695652173
46,21,55,0.45454545454545453,0.45454545454545453,0.018181818181818188
46,22,57,0.2631578947368421,0.2631578947368421,0.07017543859649122
46,23,46,0.4782608695652174,0.4782608695652174,0.08695652173913038
46,24,48,0.5,0.4583333333333333,0.08333333333333337
46,25,81,0.5061728395061729,0.5061728395061729,0.0
46,26,73,0.1917808219178082,0.1917808219178082,0.3287671232876712
47,0,51,0.0,-0.6470588235294118,1.0
47,1,45,0.0,-0.6666666666666666,1.0
47,2,51,0.0,0.0,0.29411764705882354
47,3,54,0.0,0.0,0.16666666666666666
47,4,49,0.0,0.0,0.7755102040816326
47,5,53,0.0,0.0,0.07547169811320754
47,6,52,0.0,0.0,0.038461538461538464
47,7,58,0.0,0.0,0.06896551724137931
47,8,62,0.0,0.0,0.7096774193548387
47,9,66,0.0,-0.10606060606060606,0.7727272727272727
47,10,71,0.0,-0.2535211267605634,0.2535211267605634
47,11,68,0.0,0.0,0.47058823529411764
47,12,54,0.0,0.0,0.42592592592592593
47,13,66,0.0,0.0,0.21212121212121213
47,14,60,0.0,0.0,0.13333333333333333
47,15,54,0.0,-0.37037037037037035,0.3888888888888889
47,16,71,0.0,-0.647887323943662,0.647887323943662
47,17,60,0.0,0.0,0.4166666666666667
47,18,66,0.696969696969697,0.5757575757575758,0.09090909090909083
47,19,52,0.2692307692307692,-0.5576923076923077,0.5576923076923077
47,20,92,0.30434782608695654,0.2173913043478261,0.09782608695652173
47,21,55,0.45454545454545453,0.45454545454545453,0.018181818181818188
47,22,57,0.2807017543859649,0.2807017543859649,0.05263157894736842
47,23,46,0.5,0.5,0.06521739130434778
47,24,48,0.4583333333333333,0.41666666666666663,0.12500000000000006
47,25,81,0.48148148148148145,0.48148148148148145,0.024691358024691412
47,26,73,0.1917808219178082,0.1917808219178082,0.3287671232876712
48,0,51,0.0,-0.6470588235294118,1.0
48,1,45,0.0,-0.6666666666666666,1.0
48,2,51,0.0,0.0,0.29411764705882354
48,3,54,0.0,0.0,0.16666666666666666
48,4,49,0.0,0.0,0.7755102040816326
48,5,53,0.0,0.0,0.07547169811320754
48,6,52,0.0,0.0,0.038461538461538464
48,7,58,0.0,0.0,0.06896551724137931
48,8,62,0.0,0.0,0.7096774193548387
48,9,66,0.0,-0.10606060606060606,0.7727272727272727
48,10,71,0.0,-0.2535211267605634,0.2535211267605634
48,11,68,0.0,0.0,0.47058823529411764
48,12,54,0.0,0.0,0.42592592592592593
48,13,66,0.0,0.0,0.21212121212121213
48,14,60,0.0,0.0,0.13333333333333333
48,15,54,0.0,-0.37037037037037035,0.3888888888888889
48,16,71,0.0,-0.647887323943662,0.647887323943662
48,17,60,0.0,0.0,0.4166666666666667
48,18,66,0.7121212121212122,0.5909090909090909,0.07575757575757569
48,19,52,0.3076923076923077,-0.5192307692307692,0.5192307692307692
48,20,92,0.29347826086956524,0.2065217391304348,0.10869565217391303
48,21,55,0.43636363636363634,0.43636363636363634,0.036363636363636376
48,22,57,0.2807017543859649,0.2807017543859649,0.05263157894736842
48,23,46,0.5,0.5,0.06521739130434778
48,24,48,0.5208333333333334,0.4791666666666667,0.0625
48,25,81,0.48148148148148145,0.48148148148148145,0.024691358024691412
48,26,73,0.1232876712328767,0.1232876712328767,0.3972602739726027
49,0,51,0.0,-0.6470588235294118,1.0
49,1,45,0.0,-0.6666666666666666,1.0
49,2,51,0.0,0.0,0.29411764705882354
49,3,54,0.0,0.0,0.16666666666666666
49,4,49,0.0,0.0,0.7755102040816326
49,5,53,0.0,0.0,0.07547169811320754
49,6,52,0.0,0.0,0.038461538461538464
49,7,58,0.0,0.0,0.06896551724137931
49,8,62,0.0,0.0,0.7096774193548387
49,9,66,0.0,-0.10606060606060606,0.7727272727272727
49,10,71,0.0,-0.2535211267605634,0.2535211267605634
49,11,68,0.0,0.0,0.47058823529411764
49,12,54,0.0,0.0,0.42592592592592593
49,13,66,0.0,0.0,0.21212121212121213
49,14,60,0.0,0.0,0.13333333333333333
49,15,54,0.0,-0.37037037037037035,0.3888888888888889
49,16,71,0.0,-0.647887323943662,0.647887323943662
49,17,60,0.0,0.0,0.4166666666666667
49,18,66,0.7272727272727273,0.6060606060606061,0.06060606060606055
49,19,52,0.2692307692307692,-0.5576923076923077,0.5576923076923077
49,20,92,0.29347826086956524,0.2065217391304348,0.10869565217391303
49,21,55,0.38181818181818183,0.38181818181818183,0.09090909090909088
49,22,57,0.3333333333333333,0.3333333333333333,0.0
49,23,46,0.5434782608695652,0.5434782608695652,0.021739130434782594
49,24,48,0.375,0.3333333333333333,0.20833333333333337
49,25,81,0.5185185185185185,0.5185185185185185,0.0
49,26,73,0.1643835616438356,0.1643835616438356,0.3561643835616438
50,0,51,0.0,-0.6470588235294118,1.0
50,1,45,0.0,-0.6666666666666666,1.0
50,2,51,0.0,0.0,0.29411764705882354
50,3,54,0.0,0.0,0.16666666666666666
50,4,49,0.0,0.0,0.7755102040816326
50,5,53,0.0,0.0,0.07547169811320754
50,6,52,0.0,0.0,0.038461538461538464
50,7,58,0.0,0.0,0.06896551724137931
50,8,62,0.0,0.0,0.7096774193548387
50,9,66,0.0,-0.10606060606060606,0.7727272727272727
50,10,71,0.0,-0.2535211267605634,0.2535211267605634
50,11,68,0.0,0.0,0.47058823529411764
50,12,54,0.0,0.0,0.42592592592592593
50,13,66,0.0,0.0,0.21212121212121213
50,14,60,0.0,0.0,0.13333333333333333
50,15,54,0.0,-0.37037037037037035,0.3888888888888889
50,16,71,0.0,-0.647887323943662,0.647887323943662
50,17,60,0.0,0.0,0.4166666666666667
50,18,66,0.7272727272727273,0.6060606060606061,0.06060606060606055
50,19,52,0.28846153846153844,-0.5384615384615384,0.5384615384615384
50,20,92,0.25,0.16304347826086957,0.15217391304347827
50,21,55,0.38181818181818183,0.38181818181818183,0.09090909090909088
50,22,57,0.3333333333333333,0.3333333333333333,0.0
50,23,46,0.5434782608695652,0.5434782608695652,0.021739130434782594
50,24,48,0.5,0.4583333333333333,0.08333333333333337
50,25,81,0.5061728395061729,0.5061728395061729,0.012345679012345623
50,26,73,0.136986301369863,0.136986301369863,0.3835616438356164
51,0,51,0.0,-0.6470588235294118,1.0
51,1,45,0.0,-0.6666666666666666,1.0
51,2,51,0.0,0.0,0.29411764705882354
51,3,54,0.0,0.0,0.16666666666666666
51,4,49,0.0,0.0,0.7755102040816326
51,5,53,0.0,0.0,0.07547169811320754
51,6,52,0.0,0.0,0.038461538461538464
51,7,58,0.0,0.0,0.06896551724137931
51,8,62,0.0,0.0,0.7096774193548387
51,9,66,0.0,-0.10606060606060606,0.7727272727272727
51,10,71,0.0,-0.2535211267605634,0.2535211267605634
51,11,68,0.0,0.0,0.47058823529411764
51,12,54,0.0,0.0,0.42592592592592593
51,13,66,0.0,0.0,0.21212121212121213
51,14,60,0.0,0.0,0.13333333333333333
51,15,54,0.0,-0.37037037037037035,0.3888888888888889
51,16,71,0.0,-0.647887323943662,0.647887323943662
51,17,60,0.0,0.0,0.4166666666666667
51,18,66,0.696969696969697,0.5757575757575758,0.09090909090909083
51,19,52,0.3269230769230769,-0.49999999999999994,0.49999999999999994
51,20,92,0.32608695652173914,0.2391304347826087,0.07608695652173914
51,21,55,0.45454545454545453,0.45454545454545453,0.018181818181818188
51,22,57,0.3684210526315789,0.3684210526315789,0.0
51,23,46,0.5217391304347826,0.5217391304347826,0.04347826086956519
51,24,48,0.4791666666666667,0.4375,0.10416666666666669
51,25,81,0.4567901234567901,0.4567901234567901,0.06172839506172839
51,26,73,0.136986301369863,0.136986301369863,0.3835616438356164
52,0,51,0.0,-0.6470588235294118,1.0
52,1,45,0.0,-0.6666666666666666,1.0
52,2,51,0.0,0.0,0.29411764705882354
52,3,54,0.0,0.0,0.16666666666666666
52,4,49,0.0,0.0,0.7755102040816326
52,5,53,0.0,0.0,0.07547169811320754
52,6,52,0.0,0.0,0.038461538461538464
52,7,58,0.0,0.0,0.06896551724137931
52,8,62,0.0,0.0,0.7096774193548387
52,9,66,0.0,-0.10606060606060606,0.7727272727272727
52,10,71,0.0,-0.2535211267605634,0.2535211267605634
52,11,68,0.0,0.0,0.47058823529411764
52,12,54,0.0,0.0,0.42592592592592593
52,13,66,0.0,0.0,0.21212121212121213
52,14,60,0.0,0.0,0.13333333333333333
52,15,54,0.0,-0.37037037037037035,0.3888888888888889
52,16,71,0.0,-0.647887323943662,0.647887323943662
52,17,60,0.0,0.0,0.4166666666666667
52,18,66,0.7272727272727273,0.6060606060606061,0.06060606060606055
52,19,52,0.34615384615384615,-0.4807692307692307,0.4807692307692307
52,20,92,0.22826086956521738,0.14130434782608695,0.1739130434782609
52,21,55,0.38181818181818183,0.38181818181818183,0.09090909090909088
52,22,57,0.3684210526315789,0.3684210526315789,0.0
52,23,46,0.5434782608695652,0.5434782608695652,0.021739130434782594
52,24,48,0.375,0.3333333333333333,0.20833333333333337
52,25,81,0.5185185185185185,0.5185185185185185,0.0
52,26,73,0.1643835616438356,0.1643835616438356,0.3561643835616438
53,0,51,0.0,-0.6470588235294118,1.0
53,1,45,0.0,-0.6666666666666666,1.0
53,2,51,0.0,0.0,0.29411764705882354
53,3,54,0.0,0.0,0.16666666666666666
53,4,49,0.0,0.0,0.7755102040816326
53,5,53,0.0,0.0,0.07547169811320754
53,6,52,0.0,0.0,0.038461538461538464
53,7,58,0.0,0.0,0.06896551724137931
53,8,62,0.0,0.0,0.7096774193548387
53,9,66,0.0,-0.10606060606060606,0.7727272727272727
53,10,71,0.0,-0.2535211267605634,0.2535211267605634
53,11,68,0.0,0.0,0.47058823529411764
53,12,54,0.0,0.0,0.42592592592592593
53,13,66,0.0,0.0,0.21212121212121213
53,14,60,0.0,0.0,0.13333333333333333
53,15,54,0.0,-0.37037037037037035,0.3888888888888889
53,16,71,0.0,-0.647887323943662,0.647887323943662
53,17,60,0.0,0.0,0.4166666666666667
53,18,66,0.7121212121212122,0.5909090909090909,0.07575757575757569
53,19,52,0.23076923076923078,-0.596153846153846,0.596153846153846
53,20,92,0.29347826086956524,0.2065217391304348,0.10869565217391303
53,21,55,0.43636363636363634,0.43636363636363634,0.036363636363636376
53,22,57,0.3684210526315789,0.3684210526315789,0.0
53,23,46,0.5217391304347826,0.5217391304347826,0.04347826086956519
53,24,48,0.4166666666666667,0.375,0.16666666666666669
53,25,81,0.49382716049382713,0.49382716049382713,0.024691358024691357
53,26,73,0.2054794520547945,0.2054794520547945,0.3150684931506849
54,0,51,0.0,-0.6470588235294118,1.0
54,1,45,0.0,-0.6666666666666666,1.0
54,2,51,0.0,0.0,0.29411764705882354
54,3,54,0.0,0.0,0.16666666666666666
54,4,49,0.0,0.0,0.7755102040816326
54,5,53,0.0,0.0,0.07547169811320754
54,6,52,0.0,0.0,0.038461538461538464
54,7,58,0.0,0.0,0.06896551724137931
54,8,62,0.0,0.0,0.7096774193548387
54,9,66,0.0,-0.10606060606060606,0.7727272727272727
54,10,71,0.0,-0.2535211267605634,0.2535211267605634
54,11,68,0.0,0.0,0.47058823529411764
54,12,54,0.0,0.0,0.42592592592592593
54,13,66,0.0,0.0,0.21212121212121213
54,14,60,0.0,0.0,0.13333333333333333
54,15,54,0.0,-0.37037037037037035,0.3888888888888889
54,16,71,0.0,-0.647887323943662,0.647887323943662
54,17,60,0.0,0.0,0.4166666666666667
54,18,66,0.7121212121212122,0.5909090909090909,0.07575757575757569
54,19,52,0.3269230769230769,-0.49999999999999994,0.49999999999999994
54,20,92,0.2826086956521739,0.19565217391304346,0.11956521739130438
54,21,55,0.43636363636363634,0.43636363636363634,0.036363636363636376
54,22,57,0.2982456140350877,0.2982456140350877,0.07017543859649122
54,23,46,0.5217391304347826,0.5217391304347826,0.04347826086956519
54,24,48,0.4375,0.3958333333333333,0.14583333333333337
54,25,81,0.49382716049382713,0.49382716049382713,0.024691358024691357
54,26,73,0.1506849315068493,0.1506849315068493,0.3698630136986301
55,0,51,0.0,-0.6470588235294118,1.0
55,1,45,0.0,-0.6666666666666666,1.0
55,2,51,0.0,0.0,0.29411764705882354
55,3,54,0.0,0.0,0.16666666666666666
55,4,49,0.0,0.0,0.7755102040816326
55,5,53,0.0,0.0,0.07547169811320754
55,6,52,0.0,0.0,0.038461538461538464
55,7,58,0.0,0.0,0.06896551724137931
55,8,62,0.0,0.0,0.7096774193548387
55,9,66,0.0,-0.10606060606060606,0.7727272727272727
55,10,71,0.0,-0.2535211267605634,0.2535211267605634
55,11,68,0.0,0.0,0.47058823529411764
55,12,54,0.0,0.0,0.42592592592592593
55,13,66,0.0,0.0,0.21212121212121213
55,14,60,0.0,0.0,0.13333333333333333
55,15,54,0.0,-0.37037037037037035,0.3888888888888889
55,16,71,0.0,-0.647887323943662,0.647887323943662
55,17,60,0.0,0.0,0.4166666666666667
55,18,66,0.7272727272727273,0.6060606060606061,0.06060606060606055
55,19,52,0.19230769230769232,-0.6346153846153846,0.6346153846153846
55,20,92,0.2826086956521739,0.19565217391304346,0.11956521739130438
55,21,55,0.4,0.4,0.0727272727272727
55,22,57,0.47368421052631576,0.47368421052631576,0.0
55,23,46,0.5,0.5,0.06521739130434778
55,24,48,0.22916666666666666,0.1875,0.35416666666666674
55,25,81,0.5802469135802469,0.5802469135802469,0.0
55,26,73,0.2054794520547945,0.2054794520547945,0.3150684931506849
56,0,51,0.0,-0.6470588235294118,1.0
56,1,45,0.0,-0.6666666666666666,1.0
56,2,51,0.0,0.0,0.29411764705882354
56,3,54,0.0,0.0,0.16666666666666666
56,4,49,0.0,0.0,0.7755102040816326
56,5,53,0.0,0.0,0.07547169811320754
56,6,52,0.0,0.0,0.038461538461538464
56,7,58,0.0,0.0,0.06896551724137931
56,8,62,0.0,0.0,0.7096774193548387
56,9,66,0.0,-0.10606060606060606,0.7727272727272727
56,10,71,0.0,-0.2535211267605634,0.2535211267605634
56,11,68,0.0,0.0,0.47058823529411764
56,12,54,0.0,0.0,0.42592592592592593
56,13,66,0.0,0.0,0.21212121212121213
56,14,60,0.0,0.0,0.13333333333333333
56,15,54,0.0,-0.37037037037037035,0.3888888888888889
56,16,71,0.0,-0.647887323943662,0.647887323943662
56,17,60,0.0,0.0,0.4166666666666667
56,18,66,0.7727272727272727,0.6515151515151515,0.015151515151515138
56,19,52,0.21153846153846154,-0.6153846153846153,0.6153846153846153
56,20,92,0.20652173913043478,0.11956521739130435,0.1956521739130435
56,21,55,0.36363636363636365,0.36363636363636365,0.10909090909090907
56,22,57,0.42105263157894735,0.42105263157894735,0.05263157894736842
56,23,46,0.5217391304347826,0.5217391304347826,0.04347826086956519
56,24,48,0.25,0.20833333333333334,0.33333333333333337
56,25,81,0.5432098765432098,0.5432098765432098,0.03703703703703709
56,26,73,0.1917808219178082,0.1917808219178082,0.3287671232876712
57,0,51,0.0,-0.6470588235294118,1.0
57,1,45,0.0,-0.6666666666666666,1.0
57,2,51,0.0,0.0,0.29411764705882354
57,3,54,0.0,0.0,0.16666666666666666
57,4,49,0.0,0.0,0.7755102040816326
57,5,53,0.0,0.0,0.07547169811320754
57,6,52,0.0,0.0,0.038461538461538464
57,7,58,0.0,0.0,0.06896551724137931
57,8,62,0.0,0.0,0.7096774193548387
57,9,66,0.0,-0.10606060606060606,0.7727272727272727
57,10,71,0.0,-0.2535211267605634,0.2535211267605634
57,11,68,0.0,0.0,0.47058823529411764
57,12,54,0.0,0.0,0.42592592592592593
57,13,66,0.0,0.0,0.21212121212121213
57,14,60,0.0,0.0,0.13333333333333333
57,15,54,0.0,-0.37037037037037035,0.3888888888888889
57,16,71,0.0,-0.647887323943662,0.647887323943662
57,17,60,0.0,0.0,0.4166666666666667
57,18,66,0.696969696969697,0.5757575757575758,0.09090909090909083
57,19,52,0.28846153846153844,-0.5384615384615384,0.5384615384615384
57,20,92,0.2608695652173913,0.17391304347826086,0.14130434782608697
57,21,55,0.45454545454545453,0.45454545454545453,0.018181818181818188
57,22,57,0.43859649122807015,0.43859649122807015,0.03508771929824561
57,23,46,0.5434782608695652,0.5434782608695652,0.021739130434782594
57,24,48,0.3541666666666667,0.3125,0.22916666666666669
57,25,81,0.5185185185185185,0.5185185185185185,0.06172839506172845
57,26,73,0.1780821917808219,0.1780821917808219,0.3424657534246575
58,0,51,0.0,-0.6470588235294118,1.0
58,1,45,0.0,-0.6666666666666666,1.0
58,2,51,0.0,0.0,0.29411764705882354
58,3,54,0.0,0.0,0.16666666666666666
58,4,49,0.0,0.0,0.7755102040816326
58,5,53,0.0,0.0,0.07547169811320754
58,6,52,0.0,0.0,0.038461538461538464
58,7,58,0.0,0.0,0.06896551724137931
58,8,62,0.0,0.0,0.7096774193548387
58,9,66,0.0,-0.10606060606060606,0.7727272727272727
58,10,71,0.0,-0.2535211267605634,0.2535211267605634
58,11,68,0.0,0.0,0.47058823529411764
58,12,54,0.0,0.0,0.42592592592592593
58,13,66,0.0,0.0,0.21212121212121213
58,14,60,0.0,0.0,0.13333333333333333
58,15,54,0.0,-0.37037037037037035,0.3888888888888889
58,16,71,0.0,-0.647887323943662,0.647887323943662
58,17,60,0.0,0.0,0.4166666666666667
58,18,66,0.7121212121212122,0.5909090909090909,0.07575757575757569
58,19,52,0.2692307692307692,-0.5576923076923077,0.5576923076923077
58,20,92,0.22826086956521738,0.14130434782608695,0.1739130434782609
58,21,55,0.41818181818181815,0.41818181818181815,0.054545454545454564
58,22,57,0.42105263157894735,0.42105263157894735,0.05263157894736842
58,23,46,0.5217391304347826,0.5217391304347826,0.04347826086956519
58,24,48,0.2708333333333333,0.22916666666666666,0.31250000000000006
58,25,81,0.5679012345679012,0.5679012345679012,0.012345679012345734
58,26,73,0.2328767123287671,0.2328767123287671,0.2876712328767123
59,0,51,0.0,-0.6470588235294118,1.0
59,1,45,0.0,-0.6666666666666666,1.0
59,2,51,0.0,0.0,0.29411764705882354
59,3,54,0.0,0.0,0.16666666666666666
59,4,49,0.0,0.0,0.7755102040816326
59,5,53,0.0,0.0,0.07547169811320754
59,6,52,0.0,0.0,0.038461538461538464
59,7,58,0.0,0.0,0.06896551724137931
59,8,62,0.0,0.0,0.7096774193548387
59,9,66,0.0,-0.10606060606060606,0.7727272727272727
59,10,71,0.0,-0.2535211267605634,0.2535211267605634
59,11,68,0.0,0.0,0.47058823529411764
59,12,54,0.0,0.0,0.42592592592592593
59,13,66,0.0,0.0,0.21212121212121213
59,14,60,0.0,0.0,0.13333333333333333
59,15,54,0.0,-0.37037037037037035,0.3888888888888889
59,16,71,0.0,-0.647887323943662,0.647887323943662
59,17,60,0.0,0.0,0.4166666666666667
59,18,66,0.7121212121212122,0.5909090909090909,0.07575757575757569
59,19,52,0.3269230769230769,-0.49999999999999994,0.49999999999999994
59,20,92,0.17391304347826086,0.08695652173913043,0.2282608695652174
59,21,55,0.38181818181818183,0.38181818181818183,0.09090909090909088
59,22,57,0.43859649122807015,0.43859649122807015,0.03508771929824561
59,23,46,0.43478260869565216,0.43478260869565216,0.13043478260869562
59,24,48,0.3333333333333333,0.29166666666666663,0.25000000000000006
59,25,81,0.6049382716049383,0.6049382716049383,0.0
59,26,73,0.1506849315068493,0.1506849315068493,0.3698630136986301
60,0,51,0.0,-0.6470588235294118,1.0
60,1,45,0.0,-0.6666666666666666,1.0
60,2,51,0.0,0.0,0.29411764705882354
60,3,54,0.0,0.0,0.16666666666666666
60,4,49,0.0,0.0,0.7755102040816326
60,5,53,0.0,0.0,0.07547169811320754
60,6,52,0.0,0.0,0.038461538461538464
60,7,58,0.0,0.0,0.06896551724137931
60,8,62,0.0,0.0,0.7096774193548387
60,9,66,0.015151515151515152,-0.09090909090909091,0.7575757575757576
60,10,71,0.0,-0.2535211267605634,0.2535211267605634
60,11,68,0.0,0.0,0.47058823529411764
60,12,54,0.0,0.0,0.42592592592592593
60,13,66,0.0,0.0,0.21212121212121213
60,14,60,0.0,0.0,0.13333333333333333
60,15,54,0.0,-0.37037037037037035,0.3888888888888889
60,16,71,0.0,-0.647887323943662,0.647887323943662
60,17,60,0.0,0.0,0.4166666666666667
60,18,66,0.6818181818181818,0.5606060606060606,0.10606060606060608
60,19,52,0.28846153846153844,-0.5384615384615384,0.5384615384615384
60,20,92,0.22826086956521738,0.14130434782608695,0.1739130434782609
60,21,55,0.45454545454545453,0.45454545454545453,0.018181818181818188
60,22,57,0.43859649122807015,0.43859649122807015,0.03508771929824561
60,23,46,0.5434782608695652,0.5434782608695652,0.021739130434782594
60,24,48,0.2708333333333333,0.22916666666666666,0.31250000000000006
60,25,81,0.5925925925925926,0.5925925925925926,0.012345679012345734
60,26,73,0.2602739726027397,0.2602739726027397,0.2602739726027397
61,0,51,0.0,-0.6470588235294118,1.0
61,1,45,0.0,-0.6666666666666666,1.0
61,2,51,0.0,0.0,0.29411764705882354
61,3,54,0.0,0.0,0.16666666666666666
61,4,49,0.0,0.0,0.7755102040816326
61,5,53,0.0,0.0,0.07547169811320754
61,6,52,0.0,0.0,0.038461538461538464
61,7,58,0.0,0.0,0.06896551724137931
61,8,62,0.0,0.0,0.7096774193548387
61,9,66,0.0,-0.10606060606060606,0.7727272727272727
61,10,71,0.0,-0.2535211267605634,0.2535211267605634
61,11,68,0.0,0.0,0.47058823529411764
61,12,54,0.0,0.0,0.42592592592592593
61,13,66,0.0,0.0,0.21212121212121213
61,14,60,0.0,0.0,0.13333333333333333
61,15,54,0.0,-0.37037037037037035,0.3888888888888889
61,16,71,0.0,-0.647887323943662,0.647887323943662
61,17,60,0.0,0.0,0.4166666666666667
61,18,66,0.7727272727272727,0.6515151515151515,0.015151515151515138
61,19,52,0.23076923076923078,-0.596153846153846,0.596153846153846
61,20,92,0.16304347826086957,0.07608695652173914,0.2391304347826087
61,21,55,0.38181818181818183,0.38181818181818183,0.09090909090909088
61,22,57,0.49122807017543857,0.49122807017543857,0.0
61,23,46,0.5217391304347826,0.5217391304347826,0.04347826086956519
61,24,48,0.25,0.20833333333333334,0.33333333333333337
61,25,81,0.6049382716049383,0.6049382716049383,0.0
61,26,73,0.2054794520547945,0.2054794520547945,0.3150684931506849
62,0,51,0.0,-0.6470588235294118,1.0
62,1,45,0.0,-0.6666666666666666,1.0
62,2,51,0.0,0.0,0.29411764705882354
62,3,54,0.0,0.0,0.16666666666666666
62,4,49,0.0,0.0,0.7755102040816326
62,5,53,0.0,0.0,0.07547169811320754
62,6,52,0.0,0.0,0.038461538461538464
62,7,58,0.0,0.0,0.06896551724137931
62,8,62,0.0,0.0,0.7096774193548387
62,9,66,0.0,-0.10606060606060606,0.7727272727272727
62,10,71,0.0,-0.2535211267605634,0.2535211267605634
62,11,68,0.0,0.0,0.47058823529411764
62,12,54,0.0,0.0,0.42592592592592593
62,13,66,0.0,0.0,0.21212121212121213
62,14,60,0.0,0.0,0.13333333333333333
62,15,54,0.0,-0.37037037037037035,0.3888888888888889
62,16,71,0.0,-0.647887323943662,0.647887323943662
62,17,60,0.0,0.0,0.4166666666666667
62,18,66,0.7121212121212122,0.5909090909090909,0.07575757575757569
62,19,52,0.21153846153846154,-0.6153846153846153,0.6153846153846153
62,20,92,0.22826086956521738,0.14130434782608695,0.1739130434782609
62,21,55,0.43636363636363634,0.43636363636363634,0.036363636363636376
62,22,57,0.5263157894736842,0.5263157894736842,0.0
62,23,46,0.5434782608695652,0.5434782608695652,0.021739130434782594
62,24,48,0.25,0.20833333333333334,0.33333333333333337
62,25,81,0.5925925925925926,0.5925925925925926,0.012345679012345734
62,26,73,0.2465753424657534,0.2465753424657534,0.273972602739726
63,0,51,0.0,-0.6470588235294118,1.0
63,1,45,0.0,-0.6666666666666666,1.0
63,2,51,0.0,0.0,0.29411764705882354
63,3,54,0.0,0.0,0.16666666666666666
63,4,49,0.0,0.0,0.7755102040816326
63,5,53,0.0,0.0,0.07547169811320754
63,6,52,0.0,0.0,0.038461538461538464
63,7,58,0.0,0.0,0.06896551724137931
63,8,62,0.0,0.0,0.7096774193548387
63,9,66,0.015151515151515152,-0.09090909090909091,0.7575757575757576
63,10,71,0.0,-0.2535211267605634,0.2535211267605634
63,11,68,0.0,0.0,0.47058823529411764
63,12,54,0.0,0.0,0.42592592592592593
63,13,66,0.0,0.0,0.21212121212121213
63,14,60,0.0,0.0,0.13333333333333333
63,15,54,0.0,-0.37037037037037035,0.3888888888888889
63,16,71,0.0,-0.647887323943662,0.647887323943662
63,17,60,0.0,0.0,0.4166666666666667
63,18,66,0.7575757575757576,0.6363636363636364,0.030303030303030276
63,19,52,0.23076923076923078,-0.596153846153846,0.596153846153846
63,20,92,0.22826086956521738,0.14130434782608695,0.1739130434782609
63,21,55,0.38181818181818183,0.38181818181818183,0.09090909090909088
63,22,57,0.49122807017543857,0.49122807017543857,0.03508771929824561
63,23,46,0.5434782608695652,0.5434782608695652,0.021739130434782594
63,24,48,0.25,0.20833333333333334,0.33333333333333337
63,25,81,0.5555555555555556,0.5555555555555556,0.04938271604938271
63,26,73,0.2191780821917808,0.2191780821917808,0.3013698630136986
64,0,51,0.0,-0.6470588235294118,1.0
64,1,45,0.0,-0.6666666666666666,1.0
64,2,51,0.0,0.0,0.29411764705882354
64,3,54,0.0,0.0,0.16666666666666666
64,4,49,0.0,0.0,0.7755102040816326
64,5,53,0.0,0.0,0.07547169811320754
64,6,52,0.0,0.0,0.038461538461538464
64,7,58,0.0,0.0,0.06896551724137931
64,8,62,0.0,0.0,0.7096774193548387
64,9,66,0.0,-0.10606060606060606,0.7727272727272727
64,10,71,0.0,-0.2535211267605634,0.2535211267605634
64,11,68,0.0,0.0,0.47058823529411764
64,12,54,0.0,0.0,0.42592592592592593
64,13,66,0.0,0.0,0.21212121212121213
64,14,60,0.0,0.0,0.13333333333333333
64,15,54,0.0,-0.37037037037037035,0.3888888888888889
64,16,71,0.0,-0.647887323943662,0.647887323943662
64,17,60,0.0,0.0,0.4166666666666667
64,18,66,0.7272727272727273,0.6060606060606061,0.06060606060606055
64,19,52,0.25,-0.5769230769230769,0.5769230769230769
64,20,92,0.21739130434782608,0.13043478260869565,0.1847826086956522
64,21,55,0.41818181818181815,0.41818181818181815,0.054545454545454564
64,22,57,0.49122807017543857,0.49122807017543857,0.03508771929824561
64,23,46,0.5434782608695652,0.5434782608695652,0.021739130434782594
64,24,48,0.25,0.20833333333333334,0.33333333333333337
64,25,81,0.6296296296296297,0.6296296296296297,0.0
64,26,73,0.2465753424657534,0.2465753424657534,0.273972602739726
65,0,51,0.0,-0.6470588235294118,1.0
65,1,45,0.0,-0.6666666666666666,1.0
65,2,51,0.0,0.0,0.29411764705882354
65,3,54,0.0,0.0,0.16666666666666666
65,4,49,0.0,0.0,0.7755102040816326
65,5,53,0.0,0.0,0.07547169811320754
65,6,52,0.0,0.0,0.038461538461538464
65,7,58,0.0,0.0,0.06896551724137931
65,8,62,0.0,0.0,0.7096774193548387
65,9,66,0.0,-0.10606060606060606,0.7727272727272727
65,10,71,0.0,-0.2535211267605634,0.2535211267605634
65,11,68,0.0,0.0,0.47058823529411764
65,12,54,0.0,0.0,0.42592592592592593
65,13,66,0.0,0.0,0.21212121212121213
65,14,60,0.0,0.0,0.13333333333333333
65,15,54,0.0,-0.37037037037037035,0.3888888888888889
65,16,71,0.0,-0.647887323943662,0.647887323943662
65,17,60,0.0,0.0,0.4166666666666667
65,18,66,0.7121212121212122,0.5909090909090909,0.07575757575757569
65,19,52,0.21153846153846154,-0.6153846153846153,0.6153846153846153
65,20,92,0.20652173913043478,0.11956521739130435,0.1956521739130435
65,21,55,0.45454545454545453,0.45454545454545453,0.018181818181818188
65,22,57,0.49122807017543857,0.49122807017543857,0.03508771929824561
65,23,46,0.5217391304347826,0.5217391304347826,0.04347826086956519
65,24,48,0.20833333333333334,0.16666666666666669,0.375
65,25,81,0.5925925925925926,0.5925925925925926,0.03703703703703709
65,26,73,0.2465753424657534,0.2465753424657534,0.273972602739726
66,0,51,0.0,-0.6470588235294118,1.0
66,1,45,0.0,-0.6666666666666666,1.0
66,2,51,0.0,0.0,0.29411764705882354
66,3,54,0.0,0.0,0.16666666666666666
66,4,49,0.0,0.0,0.7755102040816326
66,5,53,0.0,0.0,0.07547169811320754
66,6,52,0.0,0.0,0.038461538461538464
66,7,58,0.0,0.0,0.06896551724137931
66,8,62,0.0,0.0,0.7096774193548387
66,9,66,0.0,-0.10606060606060606,0.7727272727272727
66,10,71,0.0,-0.2535211267605634,0.2535211267605634
66,11,68,0.0,0.0,0.47058823529411764
66,12,54,0.0,0.0,0.42592592592592593
66,13,66,0.0,0.0,0.21212121212121213
66,14,60,0.0,0.0,0.13333333333333333
66,15,54,0.0,-0.37037037037037035,0.3888888888888889
66,16,71,0.0,-0.647887323943662,0.647887323943662
66,17,60,0.0,0.0,0.4166666666666667
66,18,66,0.7121212121212122,0.5909090909090909,0.07575757575757569
66,19,52,0.28846153846153844,-0.5384615384615384,0.5384615384615384
66,20,92,0.18478260869565216,0.09782608695652173,0.2173913043478261
66,21,55,0.43636363636363634,0.43636363636363634,0.036363636363636376
66,22,57,0.47368421052631576,0.47368421052631576,0.05263157894736842
66,23,46,0.5217391304347826,0.5217391304347826,0.04347826086956519
66,24,48,0.2916666666666667,0.25,0.2916666666666667
66,25,81,0.6172839506172839,0.6172839506172839,0.012345679012345734
66,26,73,0.2328767123287671,0.2328767123287671,0.2876712328767123
67,0,51,0.0,-0.6470588235294118,1.0
67,1,45,0.0,-0.6666666666666666,1.0
67,2,51,0.0,0.0,0.29411764705882354
67,3,54,0.0,0.0,0.16666666666666666
67,4,49,0.0,0.0,0.7755102040816326
67,5,53,0.0,0.0,0.07547169811320754
67,6,52,0.0,0.0,0.038461538461538464
67,7,58,0.0,0.0,0.06896551724137931
67,8,62,0.0,0.0,0.7096774193548387
67,9,66,0.0,-0.10606060606060606,0.7727272727272727
67,10,71,0.0,-0.2535211267605634,0.2535211267605634
67,11,68,0.0,0.0,0.47058823529411764
67,12,54,0.0,0.0,0.42592592592592593
67,13,66,0.0,0.0,0.21212121212121213
67,14,60,0.0,0.0,0.13333333333333333
67,15,54,0.0,-0.37037037037037035,0.3888888888888889
67,16,71,0.0,-0.647887323943662,0.647887323943662
67,17,60,0.0,0.0,0.4166666666666667
67,18,66,0.7121212121212122,0.5909090909090909,0.07575757575757569
67,19,52,0.23076923076923078,-0.596153846153846,0.596153846153846
67,20,92,0.21739130434782608,0.13043478260869565,0.1847826086956522
67,21,55,0.43636363636363634,0.43636363636363634,0.036363636363636376
67,22,57,0.543859649122807,0.543859649122807,0.0
67,23,46,0.5434782608695652,0.5434782608695652,0.021739130434782594
67,24,48,0.2708333333333333,0.22916666666666666,0.31250000000000006
67,25,81,0.5802469135802469,0.5802469135802469,0.04938271604938271
67,26,73,0.2328767123287671,0.2328767123287671,0.2876712328767123
68,0,51,0.0,-0.6470588235294118,1.0
68,1,45,0.0,-0.6666666666666666,1.0
68,2,51,0.0,0.0,0.29411764705882354
68,3,54,0.0,0.0,0.16666666666666666
68,4,49,0.0,0.0,0.7755102040816326
68,5,53,0.0,0.0,0.07547169811320754
68,6,52,0.0,0.0,0.038461538461538464
68,7,58,0.0,0.0,0.06896551724137931
68,8,62,0.0,0.0,0.7096774193548387
68,9,66,0.0,-0.10606060606060606,0.7727272727272727
68,10,71,0.0,-0.2535211267605634,0.2535211267605634
68,11,68,0.0,0.0,0.47058823529411764
68,12,54,0.0,0.0,0.42592592592592593
68,13,66,0.0,0.0,0.21212121212121213
68,14,60,0.0,0.0,0.13333333333333333
68,15,54,0.018518518518518517,-0.35185185185185186,0.37037037037037035
68,16,71,0.0,-0.647887323943662,0.647887323943662
68,17,60,0.0,0.0,0.4166666666666667
68,18,66,0.7121212121212122,0.5909090909090909,0.07575757575757569
68,19,52,0.28846153846153844,-0.5384615384615384,0.5384615384615384
68,20,92,0.20652173913043478,0.11956521739130435,0.1956521739130435
68,21,55,0.4727272727272727,0.4727272727272727,0.0
68,22,57,0.47368421052631576,0.47368421052631576,0.07017543859649128
68,23,46,0.5217391304347826,0.5217391304347826,0.04347826086956519
68,24,48,0.25,0.20833333333333334,0.33333333333333337
68,25,81,0.7160493827160493,0.7160493827160493,0.0
68,26,73,0.2465753424657534,0.2465753424657534,0.273972602739726
69,0,51,0.0,-0.6470588235294118,1.0
69,1,45,0.0,-0.6666666666666666,1.0
69,2,51,0.0,0.0,0.29411764705882354
69,3,54,0.0,0.0,0.16666666666666666
69,4,49,0.0,0.0,0.7755102040816326
69,5,53,0.0,0.0,0.07547169811320754
69,6,52,0.0,0.0,0.038461538461538464
69,7,58,0.0,0.0,0.06896551724137931
69,8,62,0.0,0.0,0.7096774193548387
69,9,66,0.0,-0.10606060606060606,0.7727272727272727
69,10,71,0.0,-0.2535211267605634,0.2535211267605634
69,11,68,0.0,0.0,0.47058823529411764
69,12,54,0.0,0.0,0.42592592592592593
69,13,66,0.0,0.0,0.21212121212121213
69,14,60,0.0,0.0,0.13333333333333333
69,15,54,0.0,-0.37037037037037035,0.3888888888888889
69,16,71,0.0,-0.647887323943662,0.647887323943662
69,17,60,0.0,0.0,0.4166666666666667
69,18,66,0.7121212121212122,0.5909090909090909,0.07575757575757569
69,19,52,0.19230769230769232,-0.6346153846153846,0.6346153846153846
69,20,92,0.21739130434782608,0.13043478260869565,0.1847826086956522
69,21,55,0.4,0.4,0.0727272727272727
69,22,57,0.543859649122807,0.543859649122807,0.0
69,23,46,0.5434782608695652,0.5434782608695652,0.021739130434782594
69,24,48,0.1875,0.14583333333333334,0.39583333333333337
69,25,81,0.5802469135802469,0.5802469135802469,0.1358024691358024
69,26,73,0.2602739726027397,0.2602739726027397,0.2602739726027397
70,0,51,0.0,-0.6470588235294118,1.0
70,1,45,0.0,-0.6666666666666666,1.0
70,2,51,0.0,0.0,0.29411764705882354
70,3,54,0.0,0.0,0.16666666666666666
70,4,49,0.0,0.0,0.7755102040816326
70,5,53,0.0,0.0,0.07547169811320754
70,6,52,0.0,0.0,0.038461538461538464
70,7,58,0.0,0.0,0.06896551724137931
70,8,62,0.0,0.0,0.7096774193548387
70,9,66,0.0,-0.10606060606060606,0.7727272727272727
70,10,71,0.0,-0.2535211267605634,0.2535211267605634
70,11,68,0.0,0.0,0.47058823529411764
70,12,54,0.0,0.0,0.42592592592592593
70,13,66,0.0,0.0,0.21212121212121213
70,14,60,0.0,0.0,0.13333333333333333
70,15,54,0.018518518518518517,-0.35185185185185186,0.37037037037037035
70,16,71,0.0,-0.647887323943662,0.647887323943662
70,17,60,0.0,0.0,0.4166666666666667
70,18,66,0.7878787878787878,0.6666666666666666,0.0
70,19,52,0.19230769230769232,-0.6346153846153846,0.6346153846153846
70,20,92,0.16304347826086957,0.07608695652173914,0.2391304347826087
70,21,55,0.4,0.4,0.0727272727272727
70,22,57,0.543859649122807,0.543859649122807,0.0
70,23,46,0.5217391304347826,0.5217391304347826,0.04347826086956519
70,24,48,0.22916666666666666,0.1875,0.35416666666666674
70,25,81,0.691358024691358,0.691358024691358,0.024691358024691357
70,26,73,0.2328767123287671,0.2328767123287671,0.2876712328767123
71,0,51,0.0,-0.6470588235294118,1.0
71,1,45,0.0,-0.6666666666666666,1.0
71,2,51,0.0,0.0,0.29411764705882354
71,3,54,0.0,0.0,0.16666666666666666
71,4,49,0.0,0.0,0.7755102040816326
71,5,53,0.0,0.0,0.07547169811320754
71,6,52,0.0,0.0,0.038461538461538464
71,7,58,0.0,0.0,0.06896551724137931
71,8,62,0.0,0.0,0.7096774193548387
71,9,66,0.0,-0.10606060606060606,0.7727272727272727
71,10,71,0.0,-0.2535211267605634,0.2535211267605634
71,11,68,0.0,0.0,0.47058823529411764
71,12,54,0.0,0.0,0.42592592592592593
71,13,66,0.0,0.0,0.21212121212121213
71,14,60,0.0,0.0,0.13333333333333333
71,15,54,0.018518518518518517,-0.35185185185185186,0.37037037037037035
71,16,71,0.0,-0.647887323943662,0.647887323943662
71,17,60,0.0,0.0,0.4166666666666667
71,18,66,0.7424242424242424,0.6212121212121212,0.045454545454545414
71,19,52,0.21153846153846154,-0.6153846153846153,0.6153846153846153
71,20,92,0.20652173913043478,0.11956521739130435,0.1956521739130435
71,21,55,0.4,0.4,0.0727272727272727
71,22,57,0.5087719298245614,0.5087719298245614,0.03508771929824561
71,23,46,0.5652173913043478,0.5652173913043478,0.0
71,24,48,0.20833333333333334,0.16666666666666669,0.375
71,25,81,0.6419753086419753,0.6419753086419753,0.07407407407407407
71,26,73,0.2328767123287671,0.2328767123287671,0.2876712328767123
72,0,51,0.0,-0.6470588235294118,1.0
72,1,45,0.0,-0.6666666666666666,1.0
72,2,51,0.0,0.0,0.29411764705882354
72,3,54,0.0,0.0,0.16666666666666666
72,4,49,0.0,0.0,0.7755102040816326
72,5,53,0.0,0.0,0.07547169811320754
72,6,52,0.0,0.0,0.038461538461538464
72,7,58,0.0,0.0,0.06896551724137931
72,8,62,0.0,0.0,0.7096774193548387
72,9,66,0.0,-0.10606060606060606,0.7727272727272727
72,10,71,0.0,-0.2535211267605634,0.2535211267605634
72,11,68,0.0,0.0,0.47058823529411764
72,12,54,0.0,0.0,0.42592592592592593
72,13,66,0.0,0.0,0.21212121212121213
72,14,60,0.0,0.0,0.13333333333333333
72,15,54,0.0,-0.37037037037037035,0.3888888888888889
72,16,71,0.0,-0.647887323943662,0.647887323943662
72,17,60,0.0,0.0,0.4166666666666667
72,18,66,0.7424242424242424,0.6212121212121212,0.045454545454545414
72,19,52,0.23076923076923078,-0.596153846153846,0.596153846153846
72,20,92,0.16304347826086957,0.07608695652173914,0.2391304347826087
72,21,55,0.36363636363636365,0.36363636363636365,0.10909090909090907
72,22,57,0.47368421052631576,0.47368421052631576,0.07017543859649128
72,23,46,0.5217391304347826,0.5217391304347826,0.04347826086956519
72,24,48,0.1875,0.14583333333333334,0.39583333333333337
72,25,81,0.691358024691358,0.691358024691358,0.024691358024691357
72,26,73,0.2602739726027397,0.2602739726027397,0.2602739726027397
73,0,51,0.0,-0.6470588235294118,1.0
73,1,45,0.0,-0.6666666666666666,1.0
73,2,51,0.0,0.0,0.29411764705882354
73,3,54,0.0,0.0,0.16666666666666666
73,4,49,0.0,0.0,0.7755102040816326
73,5,53,0.0,0.0,0.07547169811320754
73,6,52,0.0,0.0,0.038461538461538464
73,7,58,0.0,0.0,0.06896551724137931
73,8,62,0.0,0.0,0.7096774193548387
73,9,66,0.0,-0.10606060606060606,0.7727272727272727
73,10,71,0.0,-0.2535211267605634,0.2535211267605634
73,11,68,0.0,0.0,0.47058823529411764
73,12,54,0.0,0.0,0.42592592592592593
73,13,66,0.0,0.0,0.21212121212121213
73,14,60,0.0,0.0,0.13333333333333333
73,15,54,0.018518518518518517,-0.35185185185185186,0.37037037037037035
73,16,71,0.0,-0.647887323943662,0.647887323943662
73,17,60,0.0,0.0,0.4166666666666667
73,18,66,0.7575757575757576,0.6363636363636364,0.030303030303030276
73,19,52,0.23076923076923078,-0.596153846153846,0.596153846153846
73,20,92,0.16304347826086957,0.07608695652173914,0.2391304347826087
73,21,55,0.5272727272727272,0.5272727272727272,0.0
73,22,57,0.5087719298245614,0.5087719298245614,0.03508771929824561
73,23,46,0.5434782608695652,0.5434782608695652,0.021739130434782594
73,24,48,0.20833333333333334,0.16666666666666669,0.375
73,25,81,0.6419753086419753,0.6419753086419753,0.07407407407407407
73,26,73,0.2465753424657534,0.2465753424657534,0.273972602739726
74,0,51,0.0,-0.6470588235294118,1.0
74,1,45,0.0,-0.6666666666666666,1.0
74,2,51,0.0,0.0,0.29411764705882354
74,3,54,0.0,0.0,0.16666666666666666
74,4,49,0.0,0.0,0.7755102040816326
74,5,53,0.0,0.0,0.07547169811320754
74,6,52,0.0,0.0,0.038461538461538464
74,7,58,0.0,0.0,0.06896551724137931
74,8,62,0.0,0.0,0.7096774193548387
74,9,66,0.0,-0.10606060606060606,0.7727272727272727
74,10,71,0.0,-0.2535211267605634,0.2535211267605634
74,11,68,0.0,0.0,0.47058823529411764
74,12,54,0.0,0.0,0.42592592592592593
74,13,66,0.0,0.0,0.21212121212121213
74,14,60,0.0,0.0,0.13333333333333333
74,15,54,0.018518518518518517,-0.35185185185185186,0.37037037037037035
74,16,71,0.0,-0.647887323943662,0.647887323943662
74,17,60,0.0,0.0,0.4166666666666667
74,18,66,0.7878787878787878,0.6666666666666666,0.0
74,19,52,0.21153846153846154,-0.6153846153846153,0.6153846153846153
74,20,92,0.16304347826086957,0.07608695652173914,0.2391304347826087
74,21,55,0.45454545454545453,0.45454545454545453,0.0727272727272727
74,22,57,0.47368421052631576,0.47368421052631576,0.07017543859649128
74,23,46,0.5652173913043478,0.5652173913043478,0.0
74,24,48,0.20833333333333334,0.16666666666666669,0.375
74,25,81,0.6666666666666666,0.6666666666666666,0.04938271604938271
74,26,73,0.2465753424657534,0.2465753424657534,0.273972602739726
75,0,51,0.0,-0.6470588235294118,1.0
75,1,45,0.0,-0.6666666666666666,1.0
75,2,51,0.0,0.0,0.29411764705882354
75,3,54,0.0,0.0,0.16666666666666666
75,4,49,0.0,0.0,0.7755102040816326
75,5,53,0.0,0.0,0.07547169811320754
75,6,52,0.0,0.0,0.038461538461538464
75,7,58,0.0,0.0,0.06896551724137931
75,8,62,0.0,0.0,0.7096774193548387
75,9,66,0.0,-0.10606060606060606,0.7727272727272727
75,10,71,0.0,-0.2535211267605634,0.2535211267605634
75,11,68,0.0,0.0,0.47058823529411764
75,12,54,0.0,0.0,0.42592592592592593
75,13,66,0.0,0.0,0.21212121212121213
75,14,60,0.0,0.0,0.13333333333333333
75,15,54,0.0,-0.37037037037037035,0.3888888888888889
75,16,71,0.0,-0.647887323943662,0.647887323943662
75,17,60,0.0,0.0,0.4166666666666667
75,18,66,0.7878787878787878,0.6666666666666666,0.0
75,19,52,0.19230769230769232,-0.6346153846153846,0.6346153846153846
75,20,92,0.14130434782608695,0.05434782608695651,0.26086956521739135
75,21,55,0.43636363636363634,0.43636363636363634,0.09090909090909088
75,22,57,0.5087719298245614,0.5087719298245614,0.03508771929824561
75,23,46,0.5652173913043478,0.5652173913043478,0.0
75,24,48,0.1875,0.14583333333333334,0.39583333333333337
75,25,81,0.654320987654321,0.654320987654321,0.061728395061728336
75,26,73,0.2602739726027397,0.2602739726027397,0.2602739726027397
76,0,51,0.0,-0.6470588235294118,1.0
76,1,45,0.0,-0.6666666666666666,1.0
76,2,51,0.0,0.0,0.29411764705882354
76,3,54,0.0,0.0,0.16666666666666666
76,4,49,0.0,0.0,0.7755102040816326
76,5,53,0.0,0.0,0.07547169811320754
76,6,52,0.0,0.0,0.038461538461538464
76,7,58,0.0,0.0,0.06896551724137931
76,8,62,0.0,0.0,0.7096774193548387
76,9,66,0.0,-0.10606060606060606,0.7727272727272727
76,10,71,0.0,-0.2535211267605634,0.2535211267605634
76,11,68,0.0,0.0,0.47058823529411764
76,12,54,0.0,0.0,0.42592592592592593
76,13,66,0.0,0.0,0.21212121212121213
76,14,60,0.0,0.0,0.13333333333333333
76,15,54,0.018518518518518517,-0.35185185185185186,0.37037037037037035
76,16,71,0.0,-0.647887323943662,0.647887323943662
76,17,60,0.0,0.0,0.4166666666666667
76,18,66,0.696969696969697,0.5757575757575758,0.09090909090909083
76,19,52,0.2692307692307692,-0.5576923076923077,0.5576923076923077
76,20,92,0.17391304347826086,0.08695652173913043,0.2282608695652174
76,21,55,0.509090909090909,0.509090909090909,0.018181818181818188
76,22,57,0.45614035087719296,0.45614035087719296,0.08771929824561409
76,23,46,0.5434782608695652,0.5434782608695652,0.021739130434782594
76,24,48,0.2708333333333333,0.22916666666666666,0.31250000000000006
76,25,81,0.654320987654321,0.654320987654321,0.061728395061728336
76,26,73,0.2602739726027397,0.2602739726027397,0.2602739726027397
77,0,51,0.0,-0.6470588235294118,1.0
77,1,45,0.0,-0.6666666666666666,1.0
77,2,51,0.0,0.0,0.29411764705882354
77,3,54,0.0,0.0,0.16666666666666666
77,4,49,0.0,0.0,0.7755102040816326
77,5,53,0.0,0.0,0.07547169811320754
77,6,52,0.0,0.0,0.038461538461538464
77,7,58,0.0,0.0,0.06896551724137931
77,8,62,0.0,0.0,0.7096774193548387
77,9,66,0.0,-0.10606060606060606,0.7727272727272727
77,10,71,0.0,-0.2535211267605634,0.2535211267605634
77,11,68,0.0,0.0,0.47058823529411764
77,12,54,0.0,0.0,0.42592592592592593
77,13,66,0.0,0.0,0.21212121212121213
77,14,60,0.0,0.0,0.13333333333333333
77,15,54,0.0,-0.37037037037037035,0.3888888888888889
77,16,71,0.0,-0.647887323943662,0.647887323943662
77,17,60,0.0,0.0,0.4166666666666667
77,18,66,0.7272727272727273,0.6060606060606061,0.06060606060606055
77,19,52,0.21153846153846154,-0.6153846153846153,0.6153846153846153
77,20,92,0.17391304347826086,0.08695652173913043,0.2282608695652174
77,21,55,0.4909090909090909,0.4909090909090909,0.03636363636363632
77,22,57,0.543859649122807,0.543859649122807,0.0
77,23,46,0.5652173913043478,0.5652173913043478,0.0
77,24,48,0.1875,0.14583333333333334,0.39583333333333337
77,25,81,0.654320987654321,0.654320987654321,0.061728395061728336
77,26,73,0.273972602739726,0.273972602739726,0.2465753424657534
78,0,51,0.0,-0.6470588235294118,1.0
78,1,45,0.0,-0.6666666666666666,1.0
78,2,51,0.0,0.0,0.29411764705882354
78,3,54,0.0,0.0,0.16666666666666666
78,4,49,0.0,0.0,0.7755102040816326
78,5,53,0.0,0.0,0.07547169811320754
78,6,52,0.0,0.0,0.038461538461538464
78,7,58,0.0,0.0,0.06896551724137931
78,8,62,0.0,0.0,0.7096774193548387
78,9,66,0.0,-0.10606060606060606,0.7727272727272727
78,10,71,0.0,-0.2535211267605634,0.2535211267605634
78,11,68,0.0,0.0,0.47058823529411764
78,12,54,0.0,0.0,0.42592592592592593
78,13,66,0.0,0.0,0.21212121212121213
78,14,60,0.0,0.0,0.13333333333333333
78,15,54,0.018518518518518517,-0.35185185185185186,0.37037037037037035
78,16,71,0.0,-0.647887323943662,0.647887323943662
78,17,60,0.0,0.0,0.4166666666666667
78,18,66,0.7878787878787878,0.6666666666666666,0.0
78,19,52,0.28846153846153844,-0.5384615384615384,0.5384615384615384
78,20,92,0.11956521739130435,0.03260869565217392,0.28260869565217395
78,21,55,0.45454545454545453,0.45454545454545453,0.0727272727272727
78,22,57,0.40350877192982454,0.40350877192982454,0.1403508771929825
78,23,46,0.5,0.5,0.06521739130434778
78,24,48,0.1875,0.14583333333333334,0.39583333333333337
78,25,81,0.691358024691358,0.691358024691358,0.024691358024691357
78,26,73,0.2876712328767123,0.2876712328767123,0.2328767123287671
79,0,51,0.0,-0.6470588235294118,1.0
79,1,45,0.0,-0.6666666666666666,1.0
79,2,51,0.0,0.0,0.29411764705882354
79,3,54,0.0,0.0,0.16666666666666666
79,4,49,0.0,0.0,0.7755102040816326
79,5,53,0.0,0.0,0.07547169811320754
79,6,52,0.0,0.0,0.038461538461538464
79,7,58,0.0,0.0,0.06896551724137931
79,8,62,0.0,0.0,0.7096774193548387
79,9,66,0.0,-0.10606060606060606,0.7727272727272727
79,10,71,0.0,-0.2535211267605634,0.2535211267605634
79,11,68,0.0,0.0,0.47058823529411764
79,12,54,0.0,0.0,0.42592592592592593
79,13,66,0.0,0.0,0.21212121212121213
79,14,60,0.0,0.0,0.13333333333333333
79,15,54,0.0,-0.37037037037037035,0.3888888888888889
79,16,71,0.0,-0.647887323943662,0.647887323943662
79,17,60,0.0,0.0,0.4166666666666667
79,18,66,0.7575757575757576,0.6363636363636364,0.030303030303030276
79,19,52,0.23076923076923078,-0.596153846153846,0.596153846153846
79,20,92,0.16304347826086957,0.07608695652173914,0.2391304347826087
79,21,55,0.5272727272727272,0.5272727272727272,0.0
79,22,57,0.47368421052631576,0.47368421052631576,0.07017543859649128
79,23,46,0.5652173913043478,0.5652173913043478,0.0
79,24,48,0.22916666666666666,0.1875,0.35416666666666674
79,25,81,0.6666666666666666,0.6666666666666666,0.04938271604938271
79,26,73,0.2876712328767123,0.2876712328767123,0.2328767123287671
80,0,51,0.0,-0.6470588235294118,1.0
80,1,45,0.0,-0.6666666666666666,1.0
80,2,51,0.0,0.0,0.29411764705882354
80,3,54,0.0,0.0,0.16666666666666666
80,4,49,0.0,0.0,0.7755102040816326
80,5,53,0.0,0.0,0.07547169811320754
80,6,52,0.0,0.0,0.038461538461538464
80,7,58,0.0,0.0,0.06896551724137931
80,8,62,0.0,0.0,0.7096774193548387
80,9,66,0.0,-0.10606060606060606,0.7727272727272727
80,10,71,0.0,-0.2535211267605634,0.2535211267605634
80,11,68,0.0,0.0,0.47058823529411764
80,12,54,0.0,0.0,0.42592592592592593
80,13,66,0.0,0.0,0.21212121212121213
80,14,60,0.0,0.0,0.13333333333333333
80,15,54,0.018518518518518517,-0.35185185185185186,0.37037037037037035
80,16,71,0.0,-0.647887323943662,0.647887323943662
80,17,60,0.0,0.0,0.4166666666666667
80,18,66,0.7878787878787878,0.6666666666666666,0.0
80,19,52,0.21153846153846154,-0.6153846153846153,0.6153846153846153
80,20,92,0.14130434782608695,0.05434782608695651,0.26086956521739135
80,21,55,0.4909090909090909,0.4909090909090909,0.03636363636363632
80,22,57,0.47368421052631576,0.47368421052631576,0.07017543859649128
80,23,46,0.5434782608695652,0.5434782608695652,0.021739130434782594
80,24,48,0.20833333333333334,0.16666666666666669,0.375
80,25,81,0.654320987654321,0.654320987654321,0.061728395061728336
80,26,73,0.273972602739726,0.273972602739726,0.2465753424657534
81,0,51,0.0,-0.6470588235294118,1.0
81,1,45,0.0,-0.6666666666666666,1.0
81,2,51,0.0,0.0,0.29411764705882354
81,3,54,0.0,0.0,0.16666666666666666
81,4,49,0.0,0.0,0.7755102040816326
81,5,53,0.0,0.0,0.07547169811320754
81,6,52,0.0,0.0,0.038461538461538464
81,7,58,0.0,0.0,0.06896551724137931
81,8,62,0.0,0.0,0.7096774193548387
81,9,66,0.0,-0.10606060606060606,0.7727272727272727
81,10,71,0.0,-0.2535211267605634,0.2535211267605634
81,11,68,0.0,0.0,0.47058823529411764
81,12,54,0.0,0.0,0.42592592592592593
81,13,66,0.0,0.0,0.21212121212121213
81,14,60,0.0,0.0,0.13333333333333333
81,15,54,0.0,-0.37037037037037035,0.3888888888888889
81,16,71,0.0,-0.647887323943662,0.647887323943662
81,17,60,0.0,0.0,0.4166666666666667
81,18,66,0.7575757575757576,0.6363636363636364,0.030303030303030276
81,19,52,0.21153846153846154,-0.6153846153846153,0.6153846153846153
81,20,92,0.16304347826086957,0.07608695652173914,0.2391304347826087
81,21,55,0.509090909090909,0.509090909090909,0.018181818181818188
81,22,57,0.49122807017543857,0.49122807017543857,0.052631578947368474
81,23,46,0.5434782608695652,0.5434782608695652,0.021739130434782594
81,24,48,0.16666666666666666,0.125,0.41666666666666674
81,25,81,0.6790123456790124,0.6790123456790124,0.03703703703703698
81,26,73,0.3013698630136986,0.3013698630136986,0.2191780821917808
82,0,51,0.0,-0.6470588235294118,1.0
82,1,45,0.0,-0.6666666666666666,1.0
82,2,51,0.0,0.0,0.29411764705882354
82,3,54,0.0,0.0,0.16666666666666666
82,4,49,0.0,0.0,0.7755102040816326
82,5,53,0.0,0.0,0.07547169811320754
82,6,52,0.0,0.0,0.038461538461538464
82,7,58,0.0,0.0,0.06896551724137931
82,8,62,0.0,0.0,0.7096774193548387
82,9,66,0.0,-0.10606060606060606,0.7727272727272727
82,10,71,0.0,-0.2535211267605634,0.2535211267605634
82,11,68,0.0,0.0,0.47058823529411764
82,12,54,0.0,0.0,0.42592592592592593
82,13,66,0.0,0.0,0.21212121212121213
82,14,60,0.0,0.0,0.13333333333333333
82,15,54,0.018518518518518517,-0.35185185185185186,0.37037037037037035
82,16,71,0.0,-0.647887323943662,0.647887323943662
82,17,60,0.0,0.0,0.4166666666666667
82,18,66,0.7575757575757576,0.6363636363636364,0.030303030303030276
82,19,52,0.2692307692307692,-0.5576923076923077,0.5576923076923077
82,20,92,0.15217391304347827,0.06521739130434784,0.25
82,21,55,0.4727272727272727,0.4727272727272727,0.05454545454545451
82,22,57,0.47368421052631576,0.47368421052631576,0.07017543859649128
82,23,46,0.5217391304347826,0.5217391304347826,0.04347826086956519
82,24,48,0.2916666666666667,0.25,0.2916666666666667
82,25,81,0.654320987654321,0.654320987654321,0.061728395061728336
82,26,73,0.2602739726027397,0.2602739726027397,0.2602739726027397
83,0,51,0.0,-0.6470588235294118,1.0
83,1,45,0.0,-0.6666666666666666,1.0
83,2,51,0.0,0.0,0.29411764705882354
83,3,54,0.0,0.0,0.16666666666666666
83,4,49,0.0,0.0,0.7755102040816326
83,5,53,0.0,0.0,0.07547169811320754
83,6,52,0.0,0.0,0.038461538461538464
83,7,58,0.0,0.0,0.06896551724137931
83,8,62,0.0,0.0,0.7096774193548387
83,9,66,0.0,-0.10606060606060606,0.7727272727272727
83,10,71,0.0,-0.2535211267605634,0.2535211267605634
83,11,68,0.0,0.0,0.47058823529411764
83,12,54,0.0,0.0,0.42592592592592593
83,13,66,0.0,0.0,0.21212121212121213
83,14,60,0.0,0.0,0.13333333333333333
83,15,54,0.0,-0.37037037037037035,0.3888888888888889
83,16,71,0.0,-0.647887323943662,0.647887323943662
83,17,60,0.0,0.0,0.4166666666666667
83,18,66,0.7424242424242424,0.6212121212121212,0.045454545454545414
83,19,52,0.23076923076923078,-0.596153846153846,0.596153846153846
83,20,92,0.17391304347826086,0.08695652173913043,0.2282608695652174
83,21,55,0.509090909090909,0.509090909090909,0.018181818181818188
83,22,57,0.49122807017543857,0.49122807017543857,0.052631578947368474
83,23,46,0.5434782608695652,0.5434782608695652,0.021739130434782594
83,24,48,0.1875,0.14583333333333334,0.39583333333333337
83,25,81,0.654320987654321,0.654320987654321,0.061728395061728336
83,26,73,0.2876712328767123,0.2876712328767123,0.2328767123287671
84,0,51,0.0,-0.6470588235294118,1.0
84,1,45,0.0,-0.6666666666666666,1.0
84,2,51,0.0,0.0,0.29411764705882354
84,3,54,0.0,0.0,0.16666666666666666
84,4,49,0.0,0.0,0.7755102040816326
84,5,53,0.0,0.0,0.07547169811320754
84,6,52,0.0,0.0,0.038461538461538464
84,7,58,0.0,0.0,0.06896551724137931
84,8,62,0.0,0.0,0.7096774193548387
84,9,66,0.0,-0.10606060606060606,0.7727272727272727
84,10,71,0.0,-0.2535211267605634,0.2535211267605634
84,11,68,0.0,0.0,0.47058823529411764
84,12,54,0.0,0.0,0.42592592592592593
84,13,66,0.0,0.0,0.21212121212121213
84,14,60,0.0,0.0,0.13333333333333333
84,15,54,0.0,-0.37037037037037035,0.3888888888888889
84,16,71,0.0,-0.647887323943662,0.647887323943662
84,17,60,0.0,0.0,0.4166666666666667
84,18,66,0.7272727272727273,0.6060606060606061,0.06060606060606055
84,19,52,0.23076923076923078,-0.596153846153846,0.596153846153846
84,20,92,0.18478260869565216,0.09782608695652173,0.2173913043478261
84,21,55,0.4727272727272727,0.4727272727272727,0.05454545454545451
84,22,57,0.49122807017543857,0.49122807017543857,0.052631578947368474
84,23,46,0.5434782608695652,0.5434782608695652,0.021739130434782594
84,24,48,0.3125,0.2708333333333333,0.27083333333333337
84,25,81,0.654320987654321,0.654320987654321,0.061728395061728336
84,26,73,0.2191780821917808,0.2191780821917808,0.3013698630136986
85,0,51,0.0,-0.6470588235294118,1.0
85,1,45,0.0,-0.6666666666666666,1.0
85,2,51,0.0,0.0,0.29411764705882354
85,3,54,0.0,0.0,0.16666666666666666
85,4,49,0.0,0.0,0.7755102040816326
85,5,53,0.0,0.0,0.07547169811320754
85,6,52,0.0,0.0,0.038461538461538464
85,7,58,0.0,0.0,0.06896551724137931
85,8,62,0.0,0.0,0.7096774193548387
85,9,66,0.0,-0.10606060606060606,0.7727272727272727
85,10,71,0.0,-0.2535211267605634,0.2535211267605634
85,11,68,0.0,0.0,0.47058823529411764
85,12,54,0.0,0.0,0.42592592592592593
85,13,66,0.0,0.0,0.21212121212121213
85,14,60,0.0,0.0,0.13333333333333333
85,15,54,0.0,-0.37037037037037035,0.3888888888888889
85,16,71,0.0,-0.647887323943662,0.647887323943662
85,17,60,0.0,0.0,0.4166666666666667
85,18,66,0.7424242424242424,0.6212121212121212,0.045454545454545414
85,19,52,0.17307692307692307,-0.6538461538461537,0.6538461538461537
85,20,92,0.18478260869565216,0.09782608695652173,0.2173913043478261
85,21,55,0.4909090909090909,0.4909090909090909,0.03636363636363632
85,22,57,0.5087719298245614,0.5087719298245614,0.03508771929824561
85,23,46,0.5217391304347826,0.5217391304347826,0.04347826086956519
85,24,48,0.125,0.08333333333333334,0.45833333333333337
85,25,81,0.6666666666666666,0.6666666666666666,0.04938271604938271
85,26,73,0.3150684931506849,0.3150684931506849,0.2054794520547945
86,0,51,0.0,-0.6470588235294118,1.0
86,1,45,0.0,-0.6666666666666666,1.0
86,2,51,0.0,0.0,0.29411764705882354
86,3,54,0.0,0.0,0.16666666666666666
86,4,49,0.0,0.0,0.7755102040816326
86,5,53,0.0,0.0,0.07547169811320754
86,6,52,0.0,0.0,0.038461538461538464
86,7,58,0.0,0.0,0.06896551724137931
86,8,62,0.0,0.0,0.7096774193548387
86,9,66,0.0,-0.10606060606060606,0.7727272727272727
86,10,71,0.0,-0.2535211267605634,0.2535211267605634
86,11,68,0.0,0.0,0.47058823529411764
86,12,54,0.0,0.0,0.42592592592592593
86,13,66,0.0,0.0,0.21212121212121213
86,14,60,0.0,0.0,0.13333333333333333
86,15,54,0.018518518518518517,-0.35185185185185186,0.37037037037037035
86,16,71,0.0,-0.647887323943662,0.647887323943662
86,17,60,0.0,0.0,0.4166666666666667
86,18,66,0.7575757575757576,0.6363636363636364,0.030303030303030276
86,19,52,0.3076923076923077,-0.5192307692307692,0.5192307692307692
86,20,92,0.15217391304347827,0.06521739130434784,0.25
86,21,55,0.4727272727272727,0.4727272727272727,0.05454545454545451
86,22,57,0.43859649122807015,0.43859649122807015,0.10526315789473689
86,23,46,0.5,0.5,0.06521739130434778
86,24,48,0.2916666666666667,0.25,0.2916666666666667
86,25,81,0.6666666666666666,0.6666666666666666,0.04938271604938271
86,26,73,0.2465753424657534,0.2465753424657534,0.273972602739726
87,0,51,0.0,-0.6470588235294118,1.0
87,1,45,0.0,-0.6666666666666666,1.0
87,2,51,0.0,0.0,0.29411764705882354
87,3,54,0.0,0.0,0.16666666666666666
87,4,49,0.0,0.0,0.7755102040816326
87,5,53,0.0,0.0,0.07547169811320754
87,6,52,0.0,0.0,0.038461538461538464
87,7,58,0.0,0.0,0.06896551724137931
87,8,62,0.0,0.0,0.7096774193548387
87,9,66,0.0,-0.10606060606060606,0.7727272727272727
87,10,71,0.0,-0.2535211267605634,0.2535211267605634
87,11,68,0.0,0.0,0.47058823529411764
87,12,54,0.0,0.0,0.42592592592592593
87,13,66,0.0,0.0,0.21212121212121213
87,14,60,0.0,0.0,0.13333333333333333
87,15,54,0.0,-0.37037037037037035,0.3888888888888889
87,16,71,0.0,-0.647887323943662,0.647887323943662
87,17,60,0.0,0.0,0.4166666666666667
87,18,66,0.7121212121212122,0.5909090909090909,0.07575757575757569
87,19,52,0.23076923076923078,-0.596153846153846,0.596153846153846
87,20,92,0.17391304347826086,0.08695652173913043,0.2282608695652174
87,21,55,0.5454545454545454,0.5454545454545454,0.0
87,22,57,0.43859649122807015,0.43859649122807015,0.10526315789473689
87,23,46,0.5434782608695652,0.5434782608695652,0.021739130434782594
87,24,48,0.1875,0.14583333333333334,0.39583333333333337
87,25,81,0.6666666666666666,0.6666666666666666,0.04938271604938271
87,26,73,0.2876712328767123,0.2876712328767123,0.2328767123287671
88,0,51,0.0,-0.6470588235294118,1.0
88,1,45,0.0,-0.6666666666666666,1.0
88,2,51,0.0,0.0,0.29411764705882354
88,3,54,0.0,0.0,0.16666666666666666
88,4,49,0.0,0.0,0.7755102040816326
88,5,53,0.0,0.0,0.07547169811320754
88,6,52,0.0,0.0,0.038461538461538464
88,7,58,0.0,0.0,0.06896551724137931
88,8,62,0.0,0.0,0.7096774193548387
88,9,66,0.0,-0.10606060606060606,0.7727272727272727
88,10,71,0.0,-0.2535211267605634,0.2535211267605634
88,11,68,0.0,0.0,0.47058823529411764
88,12,54,0.0,0.0,0.42592592592592593
88,13,66,0.0,0.0,0.21212121212121213
88,14,60,0.0,0.0,0.13333333333333333
88,15,54,0.018518518518518517,-0.35185185185185186,0.37037037037037035
88,16,71,0.0,-0.647887323943662,0.647887323943662
88,17,60,0.0,0.0,0.4166666666666667
88,18,66,0.7575757575757576,0.6363636363636364,0.030303030303030276
88,19,52,0.3076923076923077,-0.5192307692307692,0.5192307692307692
88,20,92,0.13043478260869565,0.043478260869565216,0.2717391304347826
88,21,55,0.4909090909090909,0.4909090909090909,0.05454545454545451
88,22,57,0.40350877192982454,0.40350877192982454,0.1403508771929825
88,23,46,0.41304347826086957,0.41304347826086957,0.15217391304347822
88,24,48,0.2916666666666667,0.25,0.2916666666666667
88,25,81,0.7160493827160493,0.7160493827160493,0.0
88,26,73,0.2602739726027397,0.2602739726027397,0.2602739726027397
89,0,51,0.0,-0.6470588235294118,1.0
89,1,45,0.0,-0.6666666666666666,1.0
89,2,51,0.0,0.0,0.29411764705882354
89,3,54,0.0,0.0,0.16666666666666666
89,4,49,0.0,0.0,0.7755102040816326
89,5,53,0.0,0.0,0.07547169811320754
89,6,52,0.0,0.0,0.038461538461538464
89,7,58,0.0,0.0,0.06896551724137931
89,8,62,0.0,0.0,0.7096774193548387
89,9,66,0.0,-0.10606060606060606,0.7727272727272727
89,10,71,0.0,-0.2535211267605634,0.2535211267605634
89,11,68,0.0,0.0,0.47058823529411764
89,12,54,0.0,0.0,0.42592592592592593
89,13,66,0.0,0.0,0.21212121212121213
89,14,60,0.0,0.0,0.13333333333333333
89,15,54,0.0,-0.37037037037037035,0.3888888888888889
89,16,71,0.0,-0.647887323943662,0.647887323943662
89,17,60,0.0,0.0,0.4166666666666667
89,18,66,0.7424242424242424,0.6212121212121212,0.045454545454545414
89,19,52,0.25,-0.5769230769230769,0.5769230769230769
89,20,92,0.16304347826086957,0.07608695652173914,0.2391304347826087
89,21,55,0.5454545454545454,0.5454545454545454,0.0
89,22,57,0.543859649122807,0.543859649122807,0.0
89,23,46,0.5,0.5,0.06521739130434778
89,24,48,0.20833333333333334,0.16666666666666669,0.375
89,25,81,0.6666666666666666,0.6666666666666666,0.04938271604938271
89,26,73,0.2465753424657534,0.2465753424657534,0.273972602739726
90,0,51,0.0,-0.6470588235294118,1.0
90,1,45,0.0,-0.6666666666666666,1.0
90,2,51,0.0,0.0,0.29411764705882354
90,3,54,0.0,0.0,0.16666666666666666
90,4,49,0.0,0.0,0.7755102040816326
90,5,53,0.0,0.0,0.07547169811320754
90,6,52,0.0,0.0,0.038461538461538464
90,7,58,0.0,0.0,0.06896551724137931
90,8,62,0.0,0.0,0.7096774193548387
90,9,66,0.0,-0.10606060606060606,0.7727272727272727
90,10,71,0.0,-0.2535211267605634,0.2535211267605634
90,11,68,0.0,0.0,0.47058823529411764
90,12,54,0.0,0.0,0.42592592592592593
90,13,66,0.0,0.0,0.21212121212121213
90,14,60,0.0,0.0,0.13333333333333333
90,15,54,0.0,-0.37037037037037035,0.3888888888888889
90,16,71,0.0,-0.647887323943662,0.647887323943662
90,17,60,0.0,0.0,0.4166666666666667
90,18,66,0.7878787878787878,0.6666666666666666,0.0
90,19,52,0.28846153846153844,-0.5384615384615384,0.5384615384615384
90,20,92,0.13043478260869565,0.043478260869565216,0.2717391304347826
90,21,55,0.509090909090909,0.509090909090909,0.036363636363636376
90,22,57,0.3684210526315789,0.3684210526315789,0.17543859649122812
90,23,46,0.5217391304347826,0.5217391304347826,0.04347826086956519
90,24,48,0.20833333333333334,0.16666666666666669,0.375
90,25,81,0.691358024691358,0.691358024691358,0.024691358024691357
90,26,73,0.2465753424657534,0.2465753424657534,0.273972602739726
