trial,round,phase,acc_after,acc_before,alpha_mean,avg_forgetting,bwt,contribution_ratio,eval_acc,eval_loss,expanded_depth,expanded_width,expansion_g,incorp_accepted,incorp_active_adapters,incorp_candidacies_proposed,incorp_candidacy_pending,incorp_confirmed,incorp_last_vote_favorable_fraction,incorp_monitoring,incorp_rejected,incorp_reverted,num_classes_seen,partition_id,server_eval_acc,server_eval_loss,train_loss,vote,worst_class_bwt,worst_class_bwt_id,worst_class_forgetting,worst_class_forgetting_id
trial_0000,1,train,,,0.250413255223745,,,0.011868522950459884,,,0.0,0.0,0.002826578910698489,0,0,0,0,0,,0,0,0,,,,,2.198364128945749,,,,,
trial_0000,1,eval,,,,,,,0.3529411764705882,2.188346960965325,,,,,,,,,,,,,,,,,,,,,,
trial_0000,1,global,,,,,,,,,,,,0,0,0,0,0,,0,0,0,9,,0.12421052631578948,2.196899276532625,,,,,,
trial_0000,2,train,,,0.2503577138804182,,,0.01406155748269226,,,0.0,0.0,0.021403083811761647,0,0,0,0,0,,0,0,0,,,,,2.168160771720017,,,,,
trial_0000,2,eval,,,,,,,0.11764705882352941,2.177978711969712,,,,,,,,,,,,,,,,,,,,,,
trial_0000,2,global,,,,0.015637860082304538,-0.004744613894940704,,,,,,,0,0,0,0,0,,0,0,0,9,,0.12,2.196199457268966,,,-0.07407407407407407,3,0.07407407407407407,3
trial_0000,3,train,,,0.25035131505773034,,,0.019248136991186986,,,0.0,0.0,0.02170905625223642,0,0,0,0,0,,0,0,0,,,,,2.0902687830261035,,,,,
trial_0000,3,eval,,,,,,,0.058823529411764705,2.1432447573717903,,,,,,,,,,,,,,,,,,,,,,
trial_0000,3,global,,,,0.032195594287097555,-0.021302348099733723,,,,,,,0,0,0,0,0,,0,0,0,9,,0.1031578947368421,2.2272772573169908,,,-0.11764705882352944,0,0.21568627450980393,0
trial_0000,4,train,,,0.25040780253048184,,,0.02692761366503148,,,0.0,0.0,0.028164780950998957,0,0,0,0,0,,0,0,0,,,,,1.948933479453944,,,,,
trial_0000,4,eval,,,,,,,0.1764705882352941,2.1163199368645165,,,,,,,,,,,,,,,,,,,,,,
trial_0000,4,global,,,,0.05495037521181313,-0.004106364006298835,,,,,,,0,0,0,0,0,,0,0,0,9,,0.12210526315789473,2.219351111964176,,,-0.22222222222222232,1,0.23529411764705882,0
trial_0000,5,train,,,0.2504494959795022,,,0.03262213796754426,,,0.0,0.0,0.02505699863563044,0,0,0,0,0,,0,0,0,,,,,1.7254855220076402,,,,,
trial_0000,5,eval,,,,,,,0.1764705882352941,2.194820901926826,,,,,,,,,,,,,,,,,,,,,,
trial_0000,5,global,,,,0.05551571450132133,-0.004671703295807033,,,,,,,0,0,0,0,0,,0,0,0,9,,0.12,2.367513582831935,,,-0.13725490196078433,0,0.23529411764705882,0
trial_0000,6,train,,,0.25045004675659954,,,0.037874751641780516,,,0.0,0.0,0.03042030200079272,0,0,0,0,0,,0,0,0,,,,,1.621874588652502,,,,,
trial_0000,6,eval,,,,,,,0.29411764705882354,2.1607506766038784,,,,,,,,,,,,,,,,,,,,,,
trial_0000,6,global,,,,0.04313725490196079,0.07603536864674595,,,,,,,0,0,0,0,0,,0,0,0,9,,0.20210526315789473,2.2992571047732704,,,-0.1568627450980392,0,0.2549019607843137,0
trial_0000,7,train,,,0.25045102382008033,,,0.04111071742033656,,,0.0,0.0,0.027996114125074467,0,0,0,0,0,,0,0,0,,,,,1.4610532086861283,,,,,
trial_0000,7,eval,,,,,,,0.411764705882353,2.3278694363201367,,,,,,,,,,,,,,,,,,,,,,
trial_0000,7,global,,,,0.08416901687991951,0.04037995075480874,,,,,,,0,0,0,0,0,,0,0,0,9,,0.16842105263157894,2.5480144054011293,,,-0.13333333333333341,1,0.196078431372549,0
trial_0000,8,train,,,0.2504511833945407,,,0.04294357665731937,,,0.0,0.0,0.03685298325328888,0,0,0,0,0,,0,0,0,,,,,1.333699000334438,,,,,
trial_0000,8,eval,,,,,,,0.4705882352941177,2.2376112867804134,,,,,,,,,,,,,,,,,,,,,,
trial_0000,8,global,,,,0.06438785467326205,0.0601611129614662,,,,,,,0,0,0,0,0,,0,0,0,9,,0.18736842105263157,2.5622061112052514,,,-0.1777777777777778,1,0.1777777777777778,1
trial_0000,9,train,,,0.250475062599665,,,0.04510712434973898,,,0.0,0.0,0.0369509462644405,0,0,1,1,0,,0,0,0,,,,,1.1069371162336084,,,,,
trial_0000,9,eval,0.3529411764705882,0.3529411764705882,,,,,,,,,,,,,,,,,,,,2.8823529411764706,,,,0.0,,,,
trial_0000,9,global,,,,0.0680981117858945,0.058629505086306516,,,,,,,0,0,1,0,0,0.0,0,1,0,9,,0.1831578947368421,2.8034292798293263,,,-0.1777777777777778,1,0.1777777777777778,1
trial_0000,10,train,,,0.2504803666585608,,,0.04762325652792484,,,0.0,0.0,0.038362776733274706,0,0,1,0,0,0.0,0,1,0,,,,,0.9928503860401201,,,,,
trial_0000,10,eval,,,,,,,0.411764705882353,2.280023736112258,,,,,,,,,,,,,,,,,,,,,,
trial_0000,10,global,,,,0.062060416055578736,0.07146992190505766,,,,,,,0,0,1,0,0,0.0,0,1,0,9,,0.19789473684210526,2.833071252421329,,,-0.24444444444444446,1,0.24444444444444446,1
trial_0000,11,train,,,0.2504036670853925,,,0.024833996975144674,,,0.0,0.0,0.048972131186273346,0,0,1,0,0,0.0,0,1,0,,,,,16.325712465685466,,,,,
trial_0000,11,eval,,,,,,,0.15789473684210525,4.629526376724243,,,,,,,,,,,,,,,,,,,,,,
trial_0000,11,global,,,,0.25516318863176907,-0.12163285067113266,,,,,,,0,0,1,0,0,0.0,0,1,0,18,,0.07272727272727272,6.332049456509677,,,-0.6888888888888889,1,0.6888888888888889,1
trial_0000,12,train,,,0.2503133012458335,,,0.035050047344939654,,,0.0,1.0,0.1976055355092814,0,0,1,0,0,0.0,0,1,0,,,,,3.2212832245715832,,,,,
trial_0000,12,eval,,,,,,,0.05263157894736842,2.9815757776561536,,,,,,,,,,,,,,,,,,,,,,
trial_0000,12,global,,,,0.14962025413531702,-0.061268697481894785,,,,,,,0,0,1,0,0,0.0,0,1,0,18,,0.0708133971291866,5.033467586188795,,,-0.6000000000000001,1,0.6000000000000001,1
trial_0000,13,train,,,0.2503020039131475,,,0.03399127271286277,,,0.0,0.3488372093023256,0.09775018979643667,0,0,1,0,0,0.0,0,1,0,,,,,1.9408018421295077,,,,,
trial_0000,13,eval,,,,,,,0.10526315789473684,2.249602669163754,,,,,,,,,,,,,,,,,,,,,,
trial_0000,13,global,,,,0.164685138567875,-0.04147294696636499,,,,,,,0,0,1,0,0,0.0,0,1,0,18,,0.09760765550239234,4.882550772069173,,,-0.8,1,0.8,1
trial_0000,14,train,,,0.25028234858845555,,,0.033398636551790456,,,0.0,0.09302325581395349,0.06580542186491711,0,0,2,1,0,0.0,0,1,0,,,,,1.7091923806556435,,,,,
trial_0000,14,eval,0.15789473684210525,0.15789473684210525,,,,,,,,,,,,,,,,,,,,1.6842105263157894,,,,0.0,,,,
trial_0000,14,global,,,,0.17202198551164455,-0.04078220450539331,,,,,,,0,0,2,0,0,0.0,0,2,0,18,,0.09856459330143541,5.200928666146749,,,-0.8,1,0.8,1
trial_0000,15,train,,,0.2502812828088915,,,0.03451374277125957,,,0.09302325581395349,0.0,0.06277457693981571,0,0,2,0,0,0.0,0,2,0,,,,,1.5790876294291296,,,,,
trial_0000,15,eval,,,,,,,0.2631578947368421,1.9761984536522315,,,,,,,,,,,,,,,,,,,,,,
trial_0000,15,global,,,,0.175155308678568,-0.031569848659971096,,,,,,,0,0,2,0,0,0.0,0,2,0,18,,0.10622009569377991,4.963682989184366,,,-0.8,1,0.8,1
trial_0000,16,train,,,0.2502821576456691,,,0.03544578579969185,,,0.0,0.0,0.05040962444834931,0,0,2,0,0,0.0,0,2,0,,,,,1.3715752812319022,,,,,
trial_0000,16,eval,,,,,,,0.3157894736842105,2.2321038434379976,,,,,,,,,,,,,,,,,,,,,,
trial_0000,16,global,,,,0.1604774846870185,-0.011704521045863222,,,,,,,0,0,2,0,0,0.0,0,2,0,18,,0.12822966507177033,5.318749314632142,,,-0.8,1,0.8,1
trial_0000,17,train,,,0.25030451233303824,,,0.037259585635606635,,,0.0,0.09302325581395349,0.05047324162063211,0,0,3,1,0,0.0,0,2,0,,,,,1.318233248106269,,,,,
trial_0000,17,eval,0.21052631578947367,0.21052631578947367,,,,,,,,,,,,,,,,,,,,1.6842105263157894,,,,0.0,,,,
trial_0000,17,global,,,,0.17821339886268228,-0.02532520888407844,,,,,,,0,0,3,0,0,0.0,0,3,0,18,,0.11291866028708133,5.1270037653343525,,,-0.8,1,0.8,1
trial_0000,18,train,,,0.25033148187537524,,,0.039172251210656275,,,0.0,0.0,0.04281986264815165,0,0,3,0,0,0.0,0,3,0,,,,,1.1905192501323167,,,,,
trial_0000,18,eval,,,,,,,0.3684210526315789,2.109497779294064,,,,,,,,,,,,,,,,,,,,,,
trial_0000,18,global,,,,0.16266287537006177,-0.009774685391457929,,,,,,,0,0,3,0,0,0.0,0,3,0,18,,0.13014354066985645,5.489600933111455,,,-0.8,1,0.8,1
trial_0000,19,train,,,0.2503795038129008,,,0.0412845209587452,,,0.0,0.0,0.04575854593151531,0,0,3,0,0,0.0,0,3,0,,,,,1.1688985905675002,,,,,
trial_0000,19,eval,,,,,,,0.3684210526315789,1.752157110916941,,,,,,,,,,,,,,,,,,,,,,
trial_0000,19,global,,,,0.17049087924197617,-0.009933403816309097,,,,,,,0,0,3,0,0,0.0,0,3,0,18,,0.1291866028708134,5.259563428477237,,,-0.8,1,0.8,1
trial_0000,20,train,,,0.2504308057385822,,,0.043372098789658656,,,0.0,0.0,0.03935768158110075,0,0,3,0,0,0.0,0,3,0,,,,,1.0550280723460883,,,,,
trial_0000,20,eval,,,,,,,0.3684210526315789,2.145858300359625,,,,,,,,,,,,,,,,,,,,,,
trial_0000,20,global,,,,0.16547752188120096,-0.004137573842075362,,,,,,,0,0,3,0,0,0.0,0,3,0,18,,0.13588516746411483,5.773431313437138,,,-0.8,1,0.8,1
trial_0000,21,train,,,0.2505010261814645,,,0.06597830069826004,,,0.0,0.0,0.02665680678600972,0,0,3,0,0,0.0,0,3,0,,,,,17.33047813456109,,,,,
trial_0000,21,eval,,,,,,,0.21052631578947367,2.2114211007168416,,,,,,,,,,,,,,,,,,,,,,
trial_0000,21,global,,,,0.27582991041411054,-0.11448996237498493,,,,,,,0,0,3,0,0,0.0,0,3,0,27,,0.058823529411764705,7.097245840539135,,,-0.8,1,0.8,1
trial_0000,22,train,,,0.25047075304579225,,,0.04873145958210559,,,0.0,0.9999999999999999,0.1934930610846966,0,0,4,1,0,0.0,0,3,0,,,,,2.1900369063336798,,,,,
trial_0000,22,eval,0.21052631578947367,0.21052631578947367,,,,,,,,,,,,,,,,,,,,2.1052631578947367,,,,0.3684210526315789,,,,
trial_0000,22,global,,,,0.22467788555078308,-0.07449782264025796,,,,,,,0,0,4,0,0,0.25,0,4,0,27,,0.06625386996904024,8.661838791318722,,,-0.8421052631578947,22,0.8421052631578947,22
trial_0000,23,train,,,0.2504538503733087,,,0.050783538437904195,,,0.0,0.0,0.03255457844822965,0,0,5,1,0,0.25,0,4,0,,,,,1.6298171198114435,,,,,
trial_0000,23,eval,0.2631578947368421,0.2631578947368421,,,,,,,,,,,,,,,,,,,,2.1052631578947367,,,,0.0,,,,
trial_0000,23,global,,,,0.2428475789231966,-0.06374605502599309,,,,,,,0,0,5,0,0,0.0,0,5,0,27,,0.07492260061919505,8.79775535181949,,,-0.8,1,0.8,1
trial_0000,24,train,,,0.2504367124527058,,,0.05063414890715417,,,0.0,0.0,0.041806356593015355,0,0,5,0,0,0.0,0,5,0,,,,,1.4025065599603856,,,,,
trial_0000,24,eval,,,,,,,0.47368421052631576,1.6995337197655123,,,,,,,,,,,,,,,,,,,,,,
trial_0000,24,global,,,,0.2443550894385133,-0.05415333413982616,,,,,,,0,0,5,0,0,0.0,0,5,0,27,,0.08978328173374613,8.766051367414256,,,-0.8,1,0.8,1
trial_0000,25,train,,,0.2504281718680199,,,0.052181161464528836,,,0.0,0.0,0.032559484473251285,0,0,6,1,0,0.0,0,5,0,,,,,1.2389710837222159,,,,,
trial_0000,25,eval,0.47368421052631576,0.5263157894736842,,,,,,,,,,,,,,,,,,,,2.1052631578947367,,,,0.0,,,,
trial_0000,25,global,,,,0.24057038830096786,-0.04674544459648362,,,,,,,0,0,6,0,0,0.0,0,6,0,27,,0.09535603715170278,8.85766992480393,,,-0.8,1,0.8,1
trial_0000,26,train,,,0.25040187068442077,,,0.05249173273431494,,,0.0,0.0,0.03593864625597254,0,0,6,0,0,0.0,0,6,0,,,,,1.048382157087326,,,,,
trial_0000,26,eval,,,,,,,0.5263157894736842,1.569994364914141,,,,,,,,,,,,,,,,,,,,,,
trial_0000,26,global,,,,0.2376954884806667,-0.03428850787960652,,,,,,,0,0,6,0,0,0.0,0,6,0,27,,0.10959752321981424,9.021654907321045,,,-0.8,1,0.8,1
trial_0000,27,train,,,0.2503774603630634,,,0.05401170317162858,,,0.0,0.0,0.036173287509603705,0,0,6,0,0,0.0,0,6,0,,,,,0.9205101337838679,,,,,
trial_0000,27,eval,,,,,,,0.47368421052631576,1.6132142763388784,,,,,,,,,,,,,,,,,,,,,,
trial_0000,27,global,,,,0.2434841985981335,-0.03699495132463318,,,,,,,0,0,6,0,0,0.0,0,6,0,27,,0.10835913312693499,8.941183707883853,,,-0.8,1,0.8,1
trial_0000,28,train,,,0.2503696981262653,,,0.05577688521527229,,,0.0,0.0,0.03503027968504962,0,0,6,0,0,0.0,0,6,0,,,,,0.8464960126166647,,,,,
trial_0000,28,eval,,,,,,,0.47368421052631576,1.5956954548233433,,,,,,,,,,,,,,,,,,,,,,
trial_0000,28,global,,,,0.23965218932219876,-0.029815683454526253,,,,,,,0,0,6,0,0,0.0,0,6,0,27,,0.11331269349845201,9.031723400387602,,,-0.8,1,0.8,1
trial_0000,29,train,,,0.25038115268057964,,,0.057846892387308974,,,0.0,0.0,0.03427696824073792,0,0,6,0,0,0.0,0,6,0,,,,,0.7717520727756175,,,,,
trial_0000,29,eval,,,,,,,0.5263157894736842,1.6069475522166803,,,,,,,,,,,,,,,,,,,,,,
trial_0000,29,global,,,,0.2447839529875246,-0.03427404644645141,,,,,,,0,0,6,0,0,0.0,0,6,0,27,,0.10897832817337462,9.131072695705544,,,-0.8,1,0.8,1
trial_0000,30,train,,,0.25040118396282196,,,0.059106016412694404,,,0.0,0.0,0.03390070727847993,0,0,7,1,0,0.0,0,6,0,,,,,0.7060903597385326,,,,,
trial_0000,30,eval,0.47368421052631576,0.47368421052631576,,,,,,,,,,,,,,,,,,,,2.1052631578947367,,,,0.0,,,,
trial_0000,30,global,,,,0.24740314002700148,-0.03689323348592831,,,,,,,0,0,7,0,0,0.0,0,7,0,27,,0.10712074303405572,9.376430400458652,,,-0.8,1,0.8,1
trial_0000,31,train,,,0.2504174937593176,,,0.060827390944704095,,,0.0,0.0,0.03266909184291008,0,0,8,1,0,0.0,0,7,0,,,,,0.6467260925693714,,,,,
trial_0000,31,eval,0.42105263157894735,0.42105263157894735,,,,,,,,,,,,,,,,,,,,2.1052631578947367,,,,0.0,,,,
trial_0000,31,global,,,,0.24618532430475926,-0.03567541776368608,,,,,,,0,0,8,0,0,0.0,0,8,0,27,,0.10835913312693499,9.604757588861897,,,-0.8,1,0.8,1
trial_0000,32,train,,,0.25044574858026303,,,0.061975774612832574,,,0.0,0.0,0.031937764993214865,0,0,8,0,0,0.0,0,8,0,,,,,0.595562007706216,,,,,
trial_0000,32,eval,,,,,,,0.5263157894736842,1.6123114604698983,,,,,,,,,,,,,,,,,,,,,,
trial_0000,32,global,,,,0.24593851464436936,-0.03429796005906788,,,,,,,0,0,8,0,0,0.0,0,8,0,27,,0.1108359133126935,9.962003085487767,,,-0.8,1,0.8,1
trial_0000,33,train,,,0.2504785377928551,,,0.06390427718771265,,,0.0,0.0,0.030897444839331704,0,0,9,1,0,0.0,0,8,0,,,,,0.5499100016786697,,,,,
trial_0000,33,eval,0.42105263157894735,0.42105263157894735,,,,,,,,,,,,,,,,,,,,2.1052631578947367,,,,0.2631578947368421,,,,
trial_0000,33,global,,,,0.24710887305264861,-0.03546831846734716,,,,,,,0,0,9,0,0,0.25,0,9,0,27,,0.10959752321981424,10.1583020118737,,,-0.8,1,0.8,1
trial_0000,34,train,,,0.25051339224297947,,,0.06562966805823306,,,0.0,0.0,0.030727489908879746,0,0,10,1,0,0.25,0,9,0,,,,,0.5106643899324093,,,,,
trial_0000,34,eval,0.47368421052631576,0.47368421052631576,,,,,,,,,,,,,,,,,,,,2.1052631578947367,,,,0.0,,,,
trial_0000,34,global,,,,0.24537734741653547,-0.033736792831233986,,,,,,,0,0,10,0,0,0.0,0,10,0,27,,0.11145510835913312,10.38588406353174,,,-0.8,1,0.8,1
trial_0000,35,train,,,0.2505508350565078,,,0.06779124508512781,,,0.0,0.0,0.030323096241881238,0,0,10,0,0,0.0,0,10,0,,,,,0.4744656283170619,,,,,
trial_0000,35,eval,,,,,,,0.5789473684210527,1.6175641793953746,,,,,,,,,,,,,,,,,,,,,,
trial_0000,35,global,,,,0.24514167525386382,-0.03350112066856236,,,,,,,0,0,10,0,0,0.0,0,10,0,27,,0.11145510835913312,10.503021908692162,,,-0.8,1,0.8,1
trial_0000,36,train,,,0.25058638003278283,,,0.06957573459503498,,,0.0,0.0,0.030006840323751914,0,0,10,0,0,0.0,0,10,0,,,,,0.43918677584287963,,,,,
trial_0000,36,eval,,,,,,,0.5263157894736842,1.6251269673046311,,,,,,,,,,,,,,,,,,,,,,
trial_0000,36,global,,,,0.2415914322126135,-0.02747342823628239,,,,,,,0,0,10,0,0,0.0,0,10,0,27,,0.11702786377708978,10.644671319069877,,,-0.8,1,0.8,1
trial_0000,37,train,,,0.250620924728982,,,0.07151700651392023,,,0.0,0.0,0.029460496176034218,0,0,10,0,0,0.0,0,10,0,,,,,0.4071015275539236,,,,,
trial_0000,37,eval,,,,,,,0.5263157894736842,1.6428979352900854,,,,,,,,,,,,,,,,,,,,,,
trial_0000,37,global,,,,0.240996330514311,-0.025697569192838946,,,,,,,0,0,10,0,0,0.0,0,10,0,27,,0.11826625386996904,10.732079922230252,,,-0.8,1,0.8,1
trial_0000,38,train,,,0.2506602438206368,,,0.07327326941997447,,,0.0,0.0,0.02881389097211526,0,0,11,1,0,0.0,0,10,0,,,,,0.3729659265026133,,,,,
trial_0000,38,eval,0.47368421052631576,0.47368421052631576,,,,,,,,,,,,,,,,,,,,2.1052631578947367,,,,0.15789473684210525,,,,
trial_0000,38,global,,,,0.24087762206226918,-0.023724702722255582,,,,,,,0,0,11,0,0,0.25,0,11,0,27,,0.12012383900928793,10.795848919658837,,,-0.8,1,0.8,1
trial_0000,39,train,,,0.25070314997054155,,,0.07431358986712516,,,0.0,0.0,0.028616880837510877,0,0,12,1,0,0.25,0,11,0,,,,,0.343714613736944,,,,,
trial_0000,39,eval,0.47368421052631576,0.42105263157894735,,,,,,,,,,,,,,,,,,,,2.1052631578947367,,,,0.2631578947368421,,,,
trial_0000,39,global,,,,0.24173000406453676,-0.024577084724523173,,,,,,,0,0,12,0,0,0.25,0,12,0,27,,0.12012383900928793,11.030374162042104,,,-0.8,1,0.8,1
trial_0000,40,train,,,0.25075132098603753,,,0.07592202881549266,,,0.0,0.0,0.027290743856908793,0,0,12,0,0,0.25,0,12,0,,,,,0.3066848478418715,,,,,
trial_0000,40,eval,,,,,,,0.5789473684210527,1.7699168387212252,,,,,,,,,,,,,,,,,,,,,,
trial_0000,40,global,,,,0.23906233563142734,-0.021236015618013068,,,,,,,0,0,12,0,0,0.25,0,12,0,27,,0.12260061919504645,10.99638126715787,,,-0.8,1,0.8,1
trial_0000,41,train,,,0.2507987206286572,,,0.07578456528643344,,,0.0,0.0,0.027804933402172115,0,0,13,1,0,0.25,0,12,0,,,,,0.29272314259346494,,,,,
trial_0000,41,eval,0.5263157894736842,0.47368421052631576,,,,,,,,,,,,,,,,,,,,2.1052631578947367,,,,0.15789473684210525,,,,
trial_0000,41,global,,,,0.24467875717149537,-0.024823010471120174,,,,,,,0,0,13,0,0,0.25,0,13,0,27,,0.12012383900928793,11.490769070368433,,,-0.8,1,0.8,1
trial_0000,42,train,,,0.25086229912778163,,,0.07817840005489106,,,0.0,0.0,0.026586352834636545,0,0,14,1,0,0.25,0,13,0,,,,,0.25234093837281485,,,,,
trial_0000,42,eval,0.47368421052631576,0.47368421052631576,,,,,,,,,,,,,,,,,,,,2.1052631578947367,,,,0.0,,,,
trial_0000,42,global,,,,0.24302425152567264,-0.02172349921362517,,,,,,,0,0,14,0,0,0.0,0,14,0,27,,0.1195046439628483,11.224599603233692,,,-0.8,1,0.8,1
trial_0000,43,train,,,0.25090658981749353,,,0.07727474481501478,,,0.0,0.0,0.02755043964852837,0,0,14,0,0,0.0,0,14,0,,,,,0.2523271646905452,,,,,
trial_0000,43,eval,,,,,,,0.5263157894736842,1.850880371896844,,,,,,,,,,,,,,,,,,,,,,
trial_0000,43,global,,,,0.25315198499805824,-0.02982180599904982,,,,,,,0,0,14,0,0,0.0,0,14,0,27,,0.11517027863777089,11.867109488850408,,,-0.8,1,0.8,1
trial_0000,44,train,,,0.2509629193772661,,,0.07905864208302599,,,0.0,0.0,0.026380164954969858,0,0,14,0,0,0.0,0,14,0,,,,,0.2357787828496162,,,,,
trial_0000,44,eval,,,,,,,0.47368421052631576,1.981863748086126,,,,,,,,,,,,,,,,,,,,,,
trial_0000,44,global,,,,0.25011911747547505,-0.026788938476466618,,,,,,,0,0,14,0,0,0.0,0,14,0,27,,0.11393188854489164,11.617819955548265,,,-0.8,1,0.8,1
trial_0000,45,train,,,0.2509959793471276,,,0.07832451893928204,,,0.0,0.0,0.026599953144273544,0,0,14,0,0,0.0,0,14,0,,,,,0.20648842136910622,,,,,
trial_0000,45,eval,,,,,,,0.5789473684210527,1.8473898893908451,,,,,,,,,,,,,,,,,,,,,,
trial_0000,45,global,,,,0.2552533863652872,-0.03090849402279833,,,,,,,0,0,14,0,0,0.0,0,14,0,27,,0.11331269349845201,12.34152894861558,,,-0.8,1,0.8,1
trial_0000,46,train,,,0.25104762613773346,,,0.0802577201356279,,,0.0,0.0,0.023335250012299164,0,0,15,1,0,0.0,0,14,0,,,,,0.1835826906435033,,,,,
trial_0000,46,eval,0.47368421052631576,0.42105263157894735,,,,,,,,,,,,,,,,,,,,2.1052631578947367,,,,0.05263157894736842,,,,
trial_0000,46,global,,,,0.24912715038056443,-0.024782258038075572,,,,,,,0,0,15,0,0,0.25,0,15,0,27,,0.11455108359133127,12.157250768702834,,,-0.8,1,0.8,1
trial_0000,47,train,,,0.2510943907372495,,,0.07882230966649156,,,0.0,0.0,0.02378734987070586,0,0,16,1,0,0.25,0,15,0,,,,,0.1659669759584234,,,,,
trial_0000,47,eval,0.47368421052631576,0.47368421052631576,,,,,,,,,,,,,,,,,,,,2.1052631578947367,,,,0.0,,,,
trial_0000,47,global,,,,0.2509762391622052,-0.025957946146315622,,,,,,,0,0,16,0,0,0.0,0,16,0,27,,0.11826625386996904,12.667240272734556,,,-0.8,1,0.8,1
trial_0000,48,train,,,0.2511464053011955,,,0.07937600891640845,,,0.0,0.0,0.020983749146801123,0,0,16,0,0,0.0,0,16,0,,,,,0.14457566519366932,,,,,
trial_0000,48,eval,,,,,,,0.5263157894736842,1.9870333797053286,,,,,,,,,,,,,,,,,,,,,,
trial_0000,48,global,,,,0.24809229628612905,-0.022361752557988772,,,,,,,0,0,16,0,0,0.0,0,16,0,27,,0.11640866873065016,12.68345804125901,,,-0.8,1,0.8,1
trial_0000,49,train,,,0.2511756369408141,,,0.07872679449142293,,,0.0,0.0,0.022082279722870114,0,0,17,1,0,0.0,0,16,0,,,,,0.13954857684513355,,,,,
trial_0000,49,eval,0.47368421052631576,0.47368421052631576,,,,,,,,,,,,,,,,,,,,2.1052631578947367,,,,0.0,,,,
trial_0000,49,global,,,,0.24807005625573397,-0.019138780931800364,,,,,,,0,0,17,0,0,0.0,0,17,0,27,,0.12507739938080495,13.168340365288797,,,-0.8,1,0.8,1
trial_0000,50,train,,,0.2512278620232927,,,0.081267090553933,,,0.0,0.0,0.018604789624495948,0,0,18,1,0,0.0,0,17,0,,,,,0.13845373883526374,,,,,
trial_0000,50,eval,0.5263157894736842,0.5263157894736842,,,,,,,,,,,,,,,,,,,,2.1052631578947367,,,,0.0,,,,
trial_0000,50,global,,,,0.25190989693167176,-0.0207825152449651,,,,,,,0,0,18,0,0,0.0,0,18,0,27,,0.11888544891640866,13.072068781897011,,,-0.8,1,0.8,1
trial_0000,51,train,,,0.2512607301803345,,,0.07960214893868629,,,0.0,0.0,0.024735504244404672,0,0,18,0,0,0.0,0,18,0,,,,,0.13905152923407707,,,,,
trial_0000,51,eval,,,,,,,0.6842105263157894,1.7772753944522455,,,,,,,,,,,,,,,,,,,,,,
trial_0000,51,global,,,,0.24725117280294667,-0.01431974239861107,,,,,,,0,0,18,0,0,0.0,0,18,0,27,,0.1306501547987616,13.045063914012614,,,-0.8,1,0.8,1
trial_0000,52,train,,,0.25130900899146463,,,0.08058161304352131,,,0.0,0.0,0.018051720081774043,0,0,18,0,0,0.0,0,18,0,,,,,0.11353861061023904,,,,,
trial_0000,52,eval,,,,,,,0.5263157894736842,1.9082665035599153,,,,,,,,,,,,,,,,,,,,,,
trial_0000,52,global,,,,0.255640510005436,-0.02270907960110034,,,,,,,0,0,18,0,0,0.0,0,18,0,27,,0.11702786377708978,12.949950902602252,,,-0.8,1,0.8,1
trial_0000,53,train,,,0.2513547847245602,,,0.08214572135438311,,,0.0,0.0,0.020556075313683364,0,0,18,0,0,0.0,0,18,0,,,,,0.12318296224829998,,,,,
trial_0000,53,eval,,,,,,,0.631578947368421,1.818553136367547,,,,,,,,,,,,,,,,,,,,,,
trial_0000,53,global,,,,0.2506627459167544,-0.013690911472014799,,,,,,,0,0,18,0,0,0.0,0,18,0,27,,0.12941176470588237,12.340054500804229,,,-0.8,1,0.8,1
trial_0000,54,train,,,0.251405472134022,,,0.08314793033802763,,,0.0,0.0,0.01718954437850737,0,0,19,1,0,0.0,0,18,0,,,,,0.14300432172702984,,,,,
trial_0000,54,eval,0.5263157894736842,0.47368421052631576,,,,,,,,,,,,,,,,,,,,2.1052631578947367,,,,0.15789473684210525,,,,
trial_0000,54,global,,,,0.25460579022326796,-0.0176339557785283,,,,,,,0,0,19,0,0,0.25,0,19,0,27,,0.12198142414860681,11.865712671899944,,,-0.8,1,0.8,1
trial_0000,55,train,,,0.25145126054895683,,,0.08385563657638875,,,0.0,0.0,0.021963292193856645,0,0,20,1,0,0.25,0,19,0,,,,,0.1201163483426926,,,,,
trial_0000,55,eval,0.47368421052631576,0.47368421052631576,,,,,,,,,,,,,,,,,,,,2.1052631578947367,,,,0.0,,,,
trial_0000,55,global,,,,0.24796890155128015,-0.009982353763060028,,,,,,,0,0,20,0,0,0.0,0,20,0,27,,0.13436532507739937,12.386236404560668,,,-0.8,1,0.8,1
trial_0000,56,train,,,0.25149072294539593,,,0.08389593755945246,,,0.0,0.0,0.016215815128971568,0,0,20,0,0,0.0,0,20,0,,,,,0.11823201173559782,,,,,
trial_0000,56,eval,,,,,,,0.5263157894736842,1.9508483786331978,,,,,,,,,,,,,,,,,,,,,,
trial_0000,56,global,,,,0.2523524042728753,-0.014365856484655212,,,,,,,0,0,20,0,0,0.0,0,20,0,27,,0.12507739938080495,11.77161137016934,,,-0.8,1,0.8,1
trial_0000,57,train,,,0.2515365931581943,,,0.08275416239779046,,,0.0,0.0,0.018709728262322818,0,0,21,1,0,0.0,0,20,0,,,,,0.09419482219171652,,,,,
trial_0000,57,eval,0.5263157894736842,0.5263157894736842,,,,,,,,,,,,,,,,,,,,2.1052631578947367,,,,0.0,,,,
trial_0000,57,global,,,,0.2530972671325283,-0.015110719344308195,,,,,,,0,0,21,0,0,0.0,0,21,0,27,,0.12755417956656348,12.452140959276134,,,-0.8,1,0.8,1
trial_0000,58,train,,,0.25157289936187416,,,0.08213044417665359,,,0.0,0.0,0.014048916215084474,0,0,22,1,0,0.0,0,21,0,,,,,0.09280318705801001,,,,,
trial_0000,58,eval,0.5263157894736842,0.5263157894736842,,,,,,,,,,,,,,,,,,,,2.1052631578947367,,,,0.0,,,,
trial_0000,58,global,,,,0.25176869552745795,-0.013782147739237848,,,,,,,0,0,22,0,0,0.0,0,22,0,27,,0.12445820433436533,12.175750255289461,,,-0.8,1,0.8,1
trial_0000,59,train,,,0.2516104775540372,,,0.08050209600874718,,,0.0,0.0,0.014164312833058152,0,0,22,0,0,0.0,0,22,0,,,,,0.06516325483693086,,,,,
trial_0000,59,eval,,,,,,,0.631578947368421,1.9074199701610361,,,,,,,,,,,,,,,,,,,,,,
trial_0000,59,global,,,,0.2518272553164637,-0.013840707528243602,,,,,,,0,0,22,0,0,0.0,0,22,0,27,,0.1281733746130031,12.796478758064955,,,-0.8,1,0.8,1
trial_0000,60,train,,,0.2516382159070766,,,0.07897250068948623,,,0.0,0.0,0.01181567165318832,0,0,22,0,0,0.0,0,22,0,,,,,0.0662093070117717,,,,,
trial_0000,60,eval,,,,,,,0.631578947368421,1.9212408112852195,,,,,,,,,,,,,,,,,,,,,,
trial_0000,60,global,,,,0.2513291969577051,-0.01334264916948503,,,,,,,0,0,22,0,0,0.0,0,22,0,27,,0.12755417956656348,12.837043209489286,,,-0.8,1,0.8,1
trial_0000,61,train,,,0.25167188936091484,,,0.07849171440652075,,,0.0,0.0,0.01312387231077895,0,0,22,0,0,0.0,0,22,0,,,,,0.06524166467976061,,,,,
trial_0000,61,eval,,,,,,,0.631578947368421,1.9661429696961452,,,,,,,,,,,,,,,,,,,,,,
trial_0000,61,global,,,,0.2476242151362095,-0.009637667347989385,,,,,,,0,0,22,0,0,0.0,0,22,0,27,,0.13498452012383902,13.25633254390752,,,-0.8,1,0.8,1
trial_0000,62,train,,,0.25169423761519977,,,0.07881353763823815,,,0.0,0.0,0.01105955226673185,0,0,23,1,0,0.0,0,22,0,,,,,0.062394583950492924,,,,,
trial_0000,62,eval,0.42105263157894735,0.47368421052631576,,,,,,,,,,,,,,,,,,,,2.1052631578947367,,,,0.0,,,,
trial_0000,62,global,,,,0.2514788580990154,-0.011034605692596853,,,,,,,0,0,23,0,0,0.0,0,23,0,27,,0.12941176470588237,12.868431762128422,,,-0.8,1,0.8,1
trial_0000,63,train,,,0.2517449830440765,,,0.07923744270142087,,,0.0,0.0,0.01346891721654213,0,0,24,1,0,0.0,0,23,0,,,,,0.06701754409859471,,,,,
trial_0000,63,eval,0.5263157894736842,0.5263157894736842,,,,,,,,,,,,,,,,,,,,2.1052631578947367,,,,0.0,,,,
trial_0000,63,global,,,,0.24953592263109467,-0.009091670224676095,,,,,,,0,0,24,0,0,0.0,0,24,0,27,,0.13374613003095975,13.168220897946195,,,-0.8,1,0.8,1
trial_0000,64,train,,,0.25176572767978017,,,0.0780095026848164,,,0.0,0.0,0.011064634142824985,0,0,24,0,0,0.0,0,24,0,,,,,0.050046631969273725,,,,,
trial_0000,64,eval,,,,,,,0.5263157894736842,1.8284607882562431,,,,,,,,,,,,,,,,,,,,,,
trial_0000,64,global,,,,0.25356640314994716,-0.011750408631045775,,,,,,,0,0,24,0,0,0.0,0,24,0,27,,0.12941176470588237,13.257262446636755,,,-0.8,1,0.8,1
trial_0000,65,train,,,0.25181707454488633,,,0.08012421270634265,,,0.0,0.0,0.014470631934385352,0,0,25,1,0,0.0,0,24,0,,,,,0.07652335933984276,,,,,
trial_0000,65,eval,0.5263157894736842,0.5263157894736842,,,,,,,,,,,,,,,,,,,,2.1052631578947367,,,,0.0,,,,
trial_0000,65,global,,,,0.24367414307060659,-0.0018581485517051798,,,,,,,0,0,25,0,0,0.0,0,25,0,27,,0.1417956656346749,13.327979668301326,,,-0.8,1,0.8,1
trial_0000,66,train,,,0.25184864471567436,,,0.07955893747350003,,,0.0,0.0,0.010882378877307777,0,0,26,1,0,0.0,0,25,0,,,,,0.053860181340194754,,,,,
trial_0000,66,eval,0.5263157894736842,0.5789473684210527,,,,,,,,,,,,,,,,,,,,2.1052631578947367,,,,0.0,,,,
trial_0000,66,global,,,,0.25127103660360994,-0.00945504208470854,,,,,,,0,0,26,0,0,0.0,0,26,0,27,,0.13188854489164087,13.058816920419227,,,-0.8,1,0.8,1
trial_0000,67,train,,,0.25186816238342447,,,0.07865387454945989,,,0.0,0.0,0.009710945151319005,0,0,26,0,0,0.0,0,26,0,,,,,0.04577706305785699,,,,,
trial_0000,67,eval,,,,,,,0.631578947368421,1.8963008475931067,,,,,,,,,,,,,,,,,,,,,,
trial_0000,67,global,,,,0.24521893247946117,-0.003402937960559765,,,,,,,0,0,26,0,0,0.0,0,26,0,27,,0.13993808049535603,13.526323050389719,,,-0.8,1,0.8,1
trial_0000,68,train,,,0.2519049340106071,,,0.07868775915592276,,,0.0,0.0,0.009137039874312518,0,0,26,0,0,0.0,0,26,0,,,,,0.04921238576161101,,,,,
trial_0000,68,eval,,,,,,,0.631578947368421,1.8850401612488843,,,,,,,,,,,,,,,,,,,,,,
trial_0000,68,global,,,,0.2476872658726301,-0.005871271353728712,,,,,,,0,0,26,0,0,0.0,0,26,0,27,,0.1368421052631579,13.370308016844946,,,-0.8,1,0.8,1
trial_0000,69,train,,,0.2519211385478365,,,0.07855624340950175,,,0.0,0.0,0.010420898585660789,0,0,26,0,0,0.0,0,26,0,,,,,0.04842934658196062,,,,,
trial_0000,69,eval,,,,,,,0.631578947368421,1.8567669724947526,,,,,,,,,,,,,,,,,,,,,,
trial_0000,69,global,,,,0.2481354951807901,-0.006319500661888684,,,,,,,0,0,26,0,0,0.0,0,26,0,27,,0.13622291021671826,13.563531489416542,,,-0.8,1,0.8,1
trial_0000,70,train,,,0.25195106990793914,,,0.07693361855567771,,,0.0,0.0,0.008773983466845166,0,0,27,1,0,0.0,0,26,0,,,,,0.04185297374831552,,,,,
trial_0000,70,eval,0.47368421052631576,0.47368421052631576,,,,,,,,,,,,,,,,,,,,2.1052631578947367,,,,0.0,,,,
trial_0000,70,global,,,,0.25174875578383216,-0.009932761264930756,,,,,,,0,0,27,0,0,0.0,0,27,0,27,,0.13374613003095975,13.407011531676302,,,-0.8,1,0.8,1
trial_0000,71,train,,,0.2519736391432742,,,0.07769509325636194,,,0.0,0.0,0.009174470434787665,0,0,28,1,0,0.0,0,27,0,,,,,0.038017692718100043,,,,,
trial_0000,71,eval,0.5263157894736842,0.5263157894736842,,,,,,,,,,,,,,,,,,,,2.1052631578947367,,,,0.0,,,,
trial_0000,71,global,,,,0.24848867358293633,-0.0066726790640349405,,,,,,,0,0,28,0,0,0.0,0,28,0,27,,0.13622291021671826,13.547778910822913,,,-0.8,1,0.8,1
trial_0000,72,train,,,0.25200103889120384,,,0.07616859167180162,,,0.0,0.0,0.007756138875513299,0,0,28,0,0,0.0,0,28,0,,,,,0.03767897253459755,,,,,
trial_0000,72,eval,,,,,,,0.631578947368421,1.931334934148349,,,,,,,,,,,,,,,,,,,,,,
trial_0000,72,global,,,,0.25188584814478376,-0.010069853625882348,,,,,,,0,0,28,0,0,0.0,0,28,0,27,,0.13436532507739937,13.447673200010884,,,-0.8,1,0.8,1
trial_0000,73,train,,,0.25203020997503967,,,0.07645509598102976,,,0.0,0.0,0.008412511099781347,0,0,29,1,0,0.0,0,28,0,,,,,0.03586836447939276,,,,,
trial_0000,73,eval,0.5263157894736842,0.5263157894736842,,,,,,,,,,,,,,,,,,,,2.1052631578947367,,,,0.0,,,,
trial_0000,73,global,,,,0.25248998591261873,-0.010673991393717334,,,,,,,0,0,29,0,0,0.0,0,29,0,27,,0.1325077399380805,13.56064749325023,,,-0.8,1,0.8,1
trial_0000,74,train,,,0.2520506410522664,,,0.07555843921417886,,,0.0,0.0,0.006625640672969662,0,0,30,1,0,0.0,0,29,0,,,,,0.03260943279700711,,,,,
trial_0000,74,eval,0.5789473684210527,0.5789473684210527,,,,,,,,,,,,,,,,,,,,2.1052631578947367,,,,0.0,,,,
trial_0000,74,global,,,,0.25815862773023474,-0.016342633211333352,,,,,,,0,0,30,0,0,0.0,0,30,0,27,,0.12693498452012383,13.433903456177136,,,-0.8,1,0.8,1
trial_0000,75,train,,,0.2520809208459043,,,0.07524251240365049,,,0.0,0.0,0.008122490421838519,0,0,30,0,0,0.0,0,30,0,,,,,0.03862187085039121,,,,,
trial_0000,75,eval,,,,,,,0.631578947368421,1.9931125621262349,,,,,,,,,,,,,,,,,,,,,,
trial_0000,75,global,,,,0.24811408518391975,-0.006298090665018343,,,,,,,0,0,30,0,0,0.0,0,30,0,27,,0.13808049535603714,13.578072109163362,,,-0.8,1,0.8,1
trial_0000,76,train,,,0.2520902740194442,,,0.07431008143627897,,,0.0,0.0,0.0061201409231023025,0,0,30,0,0,0.0,0,30,0,,,,,0.02763021307244421,,,,,
trial_0000,76,eval,,,,,,,0.631578947368421,1.9847276575471227,,,,,,,,,,,,,,,,,,,,,,
trial_0000,76,global,,,,0.2536586696311016,-0.011842675112200177,,,,,,,0,0,30,0,0,0.0,0,30,0,27,,0.13188854489164087,13.52318558825797,,,-0.8,1,0.8,1
trial_0000,77,train,,,0.25211903769919214,,,0.07408680433922625,,,0.0,0.0,0.007229750030277735,0,0,30,0,0,0.0,0,30,0,,,,,0.03557377206260695,,,,,
trial_0000,77,eval,,,,,,,0.631578947368421,1.9492776687992244,,,,,,,,,,,,,,,,,,,,,,
trial_0000,77,global,,,,0.2508503882832286,-0.009034393764327204,,,,,,,0,0,30,0,0,0.0,0,30,0,27,,0.13498452012383902,13.558658616387808,,,-0.8,1,0.8,1
trial_0000,78,train,,,0.2521388952402358,,,0.07340700512236738,,,0.0,0.0,0.005272436340647859,0,0,31,1,0,0.0,0,30,0,,,,,0.02336483994261064,,,,,
trial_0000,78,eval,0.47368421052631576,0.47368421052631576,,,,,,,,,,,,,,,,,,,,2.1052631578947367,,,,0.0,,,,
trial_0000,78,global,,,,0.25184216939950077,-0.010026174880599373,,,,,,,0,0,31,0,0,0.0,0,31,0,27,,0.13436532507739937,13.676944649994558,,,-0.8,1,0.8,1
trial_0000,79,train,,,0.2521515317419742,,,0.07362148419339606,,,0.0,0.0,0.0064446824727402855,0,0,32,1,0,0.0,0,31,0,,,,,0.023720580325561,,,,,
trial_0000,79,eval,0.5263157894736842,0.5263157894736842,,,,,,,,,,,,,,,,,,,,2.1052631578947367,,,,0.0,,,,
trial_0000,79,global,,,,0.25394572256201586,-0.012129728043114461,,,,,,,0,0,32,0,0,0.0,0,32,0,27,,0.13126934984520125,13.559097809688225,,,-0.8,1,0.8,1
trial_0000,80,train,,,0.25217343613188314,,,0.07295950549714109,,,0.0,0.0,0.004864969258267865,0,0,32,0,0,0.0,0,32,0,,,,,0.03817818042465505,,,,,
trial_0000,80,eval,,,,,,,0.631578947368421,2.08816503968678,,,,,,,,,,,,,,,,,,,,,,
trial_0000,80,global,,,,0.2537652214723024,-0.011949226953400996,,,,,,,0,0,32,0,0,0.0,0,32,0,27,,0.1325077399380805,13.866455257640165,,,-0.8,1,0.8,1
trial_0000,81,train,,,0.25218335903705436,,,0.07338469206018651,,,0.0,0.0,0.005609167810109014,0,0,33,1,0,0.0,0,32,0,,,,,0.08415438924579227,,,,,
trial_0000,81,eval,0.5263157894736842,0.5263157894736842,,,,,,,,,,,,,,,,,,,,2.1052631578947367,,,,0.0,,,,
trial_0000,81,global,,,,0.24780037547395287,-0.005984380955051464,,,,,,,0,0,33,0,0,0.0,0,33,0,27,,0.13808049535603714,13.510837250228267,,,-0.8,1,0.8,1
trial_0000,82,train,,,0.2522085841665877,,,0.07272320732157281,,,0.0,0.0,0.005462341631767019,0,0,34,1,0,0.0,0,33,0,,,,,0.07162021330775734,,,,,
trial_0000,82,eval,0.5789473684210527,0.5789473684210527,,,,,,,,,,,,,,,,,,,,2.1052631578947367,,,,0.0,,,,
trial_0000,82,global,,,,0.25117973667963905,-0.009363742160737631,,,,,,,0,0,34,0,0,0.0,0,34,0,27,,0.13498452012383902,13.915613931472826,,,-0.8,1,0.8,1
trial_0000,83,train,,,0.2522204553193234,,,0.07372442585356692,,,0.0,0.0,0.005697769146911711,0,0,34,0,0,0.0,0,34,0,,,,,0.03381423540116149,,,,,
trial_0000,83,eval,,,,,,,0.5789473684210527,2.0249261571780632,,,,,,,,,,,,,,,,,,,,,,
trial_0000,83,global,,,,0.2490791644663899,-0.005916368600687157,,,,,,,0,0,34,0,0,0.0,0,34,0,27,,0.13746130030959752,13.506171329840788,,,-0.8,1,0.8,1
trial_0000,84,train,,,0.2522290377540791,,,0.07210488649124794,,,0.0,0.0,0.005066857089185122,0,0,34,0,0,0.0,0,34,0,,,,,0.025088515622105373,,,,,
trial_0000,84,eval,,,,,,,0.631578947368421,2.107416499896269,,,,,,,,,,,,,,,,,,,,,,
trial_0000,84,global,,,,0.2527389360833079,-0.005918161250984189,,,,,,,0,0,34,0,0,0.0,0,34,0,27,,0.1393188854489164,14.007900145917485,,,-0.8,1,0.8,1
trial_0000,85,train,,,0.2522389609762963,,,0.07240191799529055,,,0.0,0.0,0.006064479361149542,0,0,34,0,0,0.0,0,34,0,,,,,0.025556124751753312,,,,,
trial_0000,85,eval,,,,,,,0.631578947368421,2.0931758630628647,,,,,,,,,,,,,,,,,,,,,,
trial_0000,85,global,,,,0.2562299805303714,-0.007389003677845644,,,,,,,0,0,34,0,0,0.0,0,34,0,27,,0.13436532507739937,13.384889688875653,,,-0.8,1,0.8,1
trial_0000,86,train,,,0.2522310991870596,,,0.07097056381245877,,,0.0,0.0,0.004303547118631306,0,0,35,1,0,0.0,0,34,0,,,,,0.017412154521159035,,,,,
trial_0000,86,eval,0.47368421052631576,0.47368421052631576,,,,,,,,,,,,,,,,,,,,2.1052631578947367,,,,0.0,,,,
trial_0000,86,global,,,,0.25785804797657463,-0.009017071124048943,,,,,,,0,0,35,0,0,0.0,0,35,0,27,,0.13436532507739937,13.534717850345576,,,-0.8,1,0.8,1
trial_0000,87,train,,,0.2522434059609758,,,0.071075310098364,,,0.0,0.0,0.004654421572411865,0,0,36,1,0,0.0,0,35,0,,,,,0.020883470349647895,,,,,
trial_0000,87,eval,0.5263157894736842,0.5263157894736842,,,,,,,,,,,,,,,,,,,,2.1052631578947367,,,,0.0,,,,
trial_0000,87,global,,,,0.2572097542013529,-0.008368777348827183,,,,,,,0,0,36,0,0,0.0,0,36,0,27,,0.13498452012383902,14.128122945023764,,,-0.8,1,0.8,1
trial_0000,88,train,,,0.25225152091142977,,,0.06959210177685353,,,0.0,0.0,0.003984356349030079,0,0,36,0,0,0.0,0,36,0,,,,,0.017793052904109687,,,,,
trial_0000,88,eval,,,,,,,0.631578947368421,2.1930849295795745,,,,,,,,,,,,,,,,,,,,,,
trial_0000,88,global,,,,0.25454750084169214,-0.0057065239891664135,,,,,,,0,0,36,0,0,0.0,0,36,0,27,,0.13808049535603714,13.931352356712885,,,-0.8,1,0.8,1
trial_0000,89,train,,,0.25225103218504724,,,0.0693387249682812,,,0.0,0.0,0.003944735132670835,0,0,37,1,0,0.0,0,36,0,,,,,0.015298374020989903,,,,,
trial_0000,89,eval,0.5263157894736842,0.5263157894736842,,,,,,,,,,,,,,,,,,,,2.1052631578947367,,,,0.0,,,,
trial_0000,89,global,,,,0.25640537222481835,-0.007564395372292628,,,,,,,0,0,37,0,0,0.0,0,37,0,27,,0.13436532507739937,13.68132282646817,,,-0.8,1,0.8,1
trial_0000,90,train,,,0.25226851267383454,,,0.0692042480123804,,,0.0,0.0,0.003652555141896765,0,0,38,1,0,0.0,0,37,0,,,,,0.018827452605709116,,,,,
trial_0000,90,eval,0.5789473684210527,0.5263157894736842,,,,,,,,,,,,,,,,,,,,2.1052631578947367,,,,0.2631578947368421,,,,
trial_0000,90,global,,,,0.2580538760843727,-0.009212899231846991,,,,,,,0,0,38,0,0,0.25,0,38,0,27,,0.13436532507739937,13.642552855878423,,,-0.8,1,0.8,1
trial_0001,1,train,,,0.2504132412656953,,,0.01186847947302121,,,0.0,0.0,0.002826578910698489,0,0,0,0,0,,0,0,0,,,,,2.198364117779309,,,,,
trial_0001,1,eval,,,,,,,0.3529411764705882,2.1883504390716553,,,,,,,,,,,,,,,,,,,,,,
trial_0001,1,global,,,,,,,,,,,,0,0,0,0,0,,0,0,0,9,,0.12421052631578948,2.1968995194686087,,,,,,
trial_0001,2,train,,,0.25035773576060427,,,0.014061127046618282,,,0.0,0.0,0.021403062544303325,0,0,0,0,0,,0,0,0,,,,,2.1681628861004794,,,,,
trial_0001,2,eval,,,,,,,0.11764705882352941,2.1779856822069954,,,,,,,,,,,,,,,,,,,,,,
trial_0001,2,global,,,,0.015637860082304538,-0.004744613894940704,,,,,,,0,0,0,0,0,,0,0,0,9,,0.12,2.1961996198955336,,,-0.07407407407407407,3,0.07407407407407407,3
trial_0001,3,train,,,0.25035104985478557,,,0.01924735496315775,,,0.0,0.0,0.021708788675597952,0,0,0,0,0,,0,0,0,,,,,2.0902742873264266,,,,,
trial_0001,3,eval,,,,,,,0.058823529411764705,2.1432406972436344,,,,,,,,,,,,,,,,,,,,,,
trial_0001,3,global,,,,0.032195594287097555,-0.021302348099733723,,,,,,,0,0,0,0,0,,0,0,0,9,,0.1031578947368421,2.2272960170946625,,,-0.11764705882352944,0,0.21568627450980393,0
trial_0001,4,train,,,0.2504075735430174,,,0.026927948280980312,,,0.0,0.0,0.028167618054283573,0,0,0,0,0,,0,0,0,,,,,1.948923333988914,,,,,
trial_0001,4,eval,,,,,,,0.1764705882352941,2.1163971564349007,,,,,,,,,,,,,,,,,,,,,,
trial_0001,4,global,,,,0.05495037521181313,-0.004106364006298835,,,,,,,0,0,0,0,0,,0,0,0,9,,0.12210526315789473,2.2192516773625424,,,-0.22222222222222232,1,0.23529411764705882,0
trial_0001,5,train,,,0.25044941223120387,,,0.03262771062458618,,,0.0,0.0,0.025055645369700615,0,0,0,0,0,,0,0,0,,,,,1.7255052755150615,,,,,
trial_0001,5,eval,,,,,,,0.1764705882352941,2.194952235502355,,,,,,,,,,,,,,,,,,,,,,
trial_0001,5,global,,,,0.05551571450132133,-0.004671703295807033,,,,,,,0,0,0,0,0,,0,0,0,9,,0.12,2.36789982494555,,,-0.13725490196078433,0,0.23529411764705882,0
trial_0001,6,train,,,0.2504501052295105,,,0.03788222334807432,,,0.0,0.0,0.03044364918730682,0,0,0,0,0,,0,0,0,,,,,1.621919178660912,,,,,
trial_0001,6,eval,,,,,,,0.29411764705882354,2.160746707635768,,,,,,,,,,,,,,,,,,,,,,
trial_0001,6,global,,,,0.04560639070442992,0.07150861967555255,,,,,,,0,0,0,0,0,,0,0,0,9,,0.19789473684210526,2.298962631225586,,,-0.1568627450980392,0,0.2549019607843137,0
trial_0001,7,train,,,0.2504514550106435,,,0.04110794844506662,,,0.0,0.0,0.02801970111654152,0,0,0,0,0,,0,0,0,,,,,1.4610986192015154,,,,,
trial_0001,7,eval,,,,,,,0.411764705882353,2.3295239350375008,,,,,,,,,,,,,,,,,,,,,,
trial_0001,7,global,,,,0.08211140371119523,0.04037995075480874,,,,,,,0,0,0,0,0,,0,0,0,9,,0.16842105263157894,2.5499502111736096,,,-0.13333333333333341,1,0.196078431372549,0
trial_0001,8,train,,,0.25045128110088877,,,0.04295007488395595,,,0.0,0.0,0.03686861985280544,0,0,0,0,0,,0,0,0,,,,,1.334395355589782,,,,,
trial_0001,8,eval,,,,,,,0.4705882352941177,2.2391825423521157,,,,,,,,,,,,,,,,,,,,,,
trial_0001,8,global,,,,0.062330241504537774,0.0601611129614662,,,,,,,0,0,0,0,0,,0,0,0,9,,0.18736842105263157,2.562595790561877,,,-0.1777777777777778,1,0.1777777777777778,1
trial_0001,9,train,,,0.25047573749023144,,,0.045122948251193076,,,0.0,0.0,0.036867568759789957,0,0,1,1,0,,0,0,0,,,,,1.1076947287290912,,,,,
trial_0001,9,eval,0.3529411764705882,0.3529411764705882,,,,,,,,,,,,,,,,,,,,2.8823529411764706,,,,0.0,,,,
trial_0001,9,global,,,,0.06604049861717023,0.058629505086306516,,,,,,,0,0,1,0,0,0.0,0,1,0,9,,0.1831578947368421,2.798016709528471,,,-0.1777777777777778,1,0.1777777777777778,1
trial_0001,10,train,,,0.2504811354830295,,,0.047600287613989434,,,0.0,0.0,0.03822525574153738,0,0,1,0,0,0.0,0,1,0,,,,,0.9940089972336081,,,,,
trial_0001,10,eval,,,,,,,0.411764705882353,2.289715430315803,,,,,,,,,,,,,,,,,,,,,,
trial_0001,10,global,,,,0.0536716854446259,0.07780103934728622,,,,,,,0,0,1,0,0,0.0,0,1,0,9,,0.20421052631578948,2.832980889772114,,,-0.24444444444444446,1,0.24444444444444446,1
trial_0001,11,train,,,0.2504052123011545,,,0.024914627158364584,,,0.0,0.0,0.04865225213904717,0,0,1,0,0,0.0,0,1,0,,,,,16.333271136394764,,,,,
trial_0001,11,eval,,,,,,,0.15789473684210525,4.737229221745541,,,,,,,,,,,,,,,,,,,,,,
trial_0001,11,global,,,,0.25310557546304474,-0.12163285067113266,,,,,,,0,0,1,0,0,0.0,0,1,0,18,,0.07559808612440191,6.410933621420244,,,-0.6888888888888889,1,0.6888888888888889,1
trial_0001,12,train,,,0.25031731693550596,,,0.03494299341772878,,,0.0,1.0,0.19836757004607558,0,0,1,0,0,0.0,0,1,0,,,,,3.186759371258492,,,,,
trial_0001,12,eval,,,,,,,0.05263157894736842,2.9382927919688973,,,,,,,,,,,,,,,,,,,,,,
trial_0001,12,global,,,,0.15111670007620742,-0.06042680716195973,,,,,,,0,0,1,0,0,0.0,0,1,0,18,,0.07464114832535886,4.962621140822269,,,-0.6000000000000001,1,0.6000000000000001,1
trial_0001,13,train,,,0.25030521563319275,,,0.0335502787384876,,,0.0,0.3488372093023256,0.09616289700186531,0,0,1,0,0,0.0,0,1,0,,,,,1.9207286009954851,,,,,
trial_0001,13,eval,,,,,,,0.10526315789473684,2.2250202455018693,,,,,,,,,,,,,,,,,,,,,,
trial_0001,13,global,,,,0.16776220553383087,-0.043412274886085074,,,,,,,0,0,1,0,0,0.0,0,1,0,18,,0.09760765550239234,4.8230242494190705,,,-0.8,1,0.8,1
trial_0001,14,train,,,0.2502830534480339,,,0.033200066796568936,,,0.0,0.09302325581395349,0.06394625678658486,0,0,2,1,0,0.0,0,1,0,,,,,1.7095541229081708,,,,,
trial_0001,14,eval,0.15789473684210525,0.15789473684210525,,,,,,,,,,,,,,,,,,,,1.6842105263157894,,,,0.0,,,,
trial_0001,14,global,,,,0.17655162478076647,-0.04211649155955517,,,,,,,0,0,2,0,0,0.0,0,2,0,18,,0.09952153110047847,5.174141636077297,,,-0.8,1,0.8,1
trial_0001,15,train,,,0.2502789590940919,,,0.03448151259921318,,,0.09302325581395349,0.0,0.061715152227254814,0,0,2,0,0,0.0,0,2,0,,,,,1.5759213274301485,,,,,
trial_0001,15,eval,,,,,,,0.2631578947368421,1.9523421588696934,,,,,,,,,,,,,,,,,,,,,,
trial_0001,15,global,,,,0.180754187707899,-0.03833493578269423,,,,,,,0,0,2,0,0,0.0,0,2,0,18,,0.10239234449760766,4.929195561933746,,,-0.8,1,0.8,1
trial_0001,16,train,,,0.25028308983459024,,,0.03537309654923372,,,0.0,0.0,0.04922034323735293,0,0,2,0,0,0.0,0,2,0,,,,,1.3660774741061896,,,,,
trial_0001,16,eval,,,,,,,0.3157894736842105,2.234214192942569,,,,,,,,,,,,,,,,,,,,,,
trial_0001,16,global,,,,0.16490410381952,-0.017833486914311737,,,,,,,0,0,2,0,0,0.0,0,2,0,18,,0.12440191387559808,5.311476553227913,,,-0.8,1,0.8,1
trial_0001,17,train,,,0.2503063517600991,,,0.03739409980385802,,,0.0,0.09302325581395349,0.050747461092853274,0,0,3,1,0,0.0,0,2,0,,,,,1.3258881358906278,,,,,
trial_0001,17,eval,0.15789473684210525,0.15789473684210525,,,,,,,,,,,,,,,,,,,,1.6842105263157894,,,,0.0,,,,
trial_0001,17,global,,,,0.18109996962414948,-0.028885319797130535,,,,,,,0,0,3,0,0,0.0,0,3,0,18,,0.11196172248803828,5.076057725659968,,,-0.8,1,0.8,1
trial_0001,18,train,,,0.25032926264197325,,,0.03920740824799204,,,0.0,0.0,0.042628163289885196,0,0,3,0,0,0.0,0,3,0,,,,,1.182352433232374,,,,,
trial_0001,18,eval,,,,,,,0.3684210526315789,2.121174329205563,,,,,,,,,,,,,,,,,,,,,,
trial_0001,18,global,,,,0.16536239038891767,-0.012365267948440182,,,,,,,0,0,3,0,0,0.0,0,3,0,18,,0.13014354066985645,5.5036389857387995,,,-0.8,1,0.8,1
trial_0001,19,train,,,0.2503673300840134,,,0.041817400691121116,,,0.0,0.0,0.04614387035889681,0,0,3,0,0,0.0,0,3,0,,,,,1.1709708445293958,,,,,
trial_0001,19,eval,,,,,,,0.3684210526315789,1.7388210171147396,,,,,,,,,,,,,,,,,,,,,,
trial_0001,19,global,,,,0.17489879280021653,-0.016162220567081106,,,,,,,0,0,3,0,0,0.0,0,3,0,18,,0.12535885167464114,5.207758660293652,,,-0.8,1,0.8,1
trial_0001,20,train,,,0.2504121558957322,,,0.044484160667242006,,,0.0,0.0,0.03913192198027012,0,0,3,0,0,0.0,0,3,0,,,,,1.0516388328962547,,,,,
trial_0001,20,eval,,,,,,,0.3684210526315789,2.1469723237188236,,,,,,,,,,,,,,,,,,,,,,
trial_0001,20,global,,,,0.16490369313375536,-0.006167120900619934,,,,,,,0,0,3,0,0,0.0,0,3,0,18,,0.1368421052631579,5.713576869417035,,,-0.8,1,0.8,1
trial_0001,21,train,,,0.25047194450459587,,,0.06584845451598471,,,0.0,0.0,0.026076307738239532,0,0,3,0,0,0.0,0,3,0,,,,,17.338182733414023,,,,,
trial_0001,21,eval,,,,,,,0.21052631578947367,2.1670154960531938,,,,,,,,,,,,,,,,,,,,,,
trial_0001,21,global,,,,0.2759199978235388,-0.1171834255904034,,,,,,,0,0,3,0,0,0.0,0,3,0,27,,0.060061919504643964,7.018203175547692,,,-0.8,1,0.8,1
trial_0001,22,train,,,0.25044103442354404,,,0.050943667584277215,,,0.0,1.0,0.1898206076089372,0,0,4,1,0,0.0,0,3,0,,,,,2.1483047140405533,,,,,
trial_0001,22,eval,0.21052631578947367,0.15789473684210525,,,,,,,,,,,,,,,,,,,,2.1052631578947367,,,,0.3684210526315789,,,,
trial_0001,22,global,,,,0.22278862608494385,-0.07033757544793674,,,,,,,0,0,4,0,0,0.25,0,4,0,27,,0.07492260061919505,8.30664036753746,,,-0.8,1,0.8,1
trial_0001,23,train,,,0.25042287498078447,,,0.05231936497891203,,,0.0,0.0,0.03205970436176087,0,0,5,1,0,0.25,0,4,0,,,,,1.6039091485611936,,,,,
trial_0001,23,eval,0.21052631578947367,0.21052631578947367,,,,,,,,,,,,,,,,,,,,2.1052631578947367,,,,0.0,,,,
trial_0001,23,global,,,,0.24621242872461535,-0.0674353155296616,,,,,,,0,0,5,0,0,0.0,0,5,0,27,,0.07554179566563468,8.7250832005551,,,-0.8,1,0.8,1
trial_0001,24,train,,,0.25040846619200197,,,0.05188829214014905,,,0.0,0.0,0.04293159164012747,0,0,5,0,0,0.0,0,5,0,,,,,1.3840001121480414,,,,,
trial_0001,24,eval,,,,,,,0.47368421052631576,1.7129803268533004,,,,,,,,,,,,,,,,,,,,,,
trial_0001,24,global,,,,0.24094874731524052,-0.05506360255251654,,,,,,,0,0,5,0,0,0.0,0,5,0,27,,0.09226006191950464,8.608840755781522,,,-0.8,1,0.8,1
trial_0001,25,train,,,0.2504074560835006,,,0.05355201439654572,,,0.0,0.0,0.0329145461637923,0,0,6,1,0,0.0,0,5,0,,,,,1.216476704211945,,,,,
trial_0001,25,eval,0.47368421052631576,0.5263157894736842,,,,,,,,,,,,,,,,,,,,2.1052631578947367,,,,0.0,,,,
trial_0001,25,global,,,,0.23919896380574207,-0.049983865364164784,,,,,,,0,0,6,0,0,0.0,0,6,0,27,,0.09597523219814241,8.711420750101285,,,-0.8,1,0.8,1
trial_0001,26,train,,,0.25037615254838413,,,0.05414183406119651,,,0.0,0.0,0.03618744243174158,0,0,6,0,0,0.0,0,6,0,,,,,1.0220306245570487,,,,,
trial_0001,26,eval,,,,,,,0.5263157894736842,1.6274120086117794,,,,,,,,,,,,,,,,,,,,,,
trial_0001,26,global,,,,0.23687507394828483,-0.042648605492653674,,,,,,,0,0,6,0,0,0.0,0,6,0,27,,0.10402476780185758,8.868077774756465,,,-0.8,1,0.8,1
trial_0001,27,train,,,0.2503483213008718,,,0.05471882794765716,,,0.0,0.0,0.03662379235425529,0,0,6,0,0,0.0,0,6,0,,,,,0.8933773915818397,,,,,
trial_0001,27,eval,,,,,,,0.47368421052631576,1.65112398800097,,,,,,,,,,,,,,,,,,,,,,
trial_0001,27,global,,,,0.24038893830768174,-0.043273219304729,,,,,,,0,0,6,0,0,0.0,0,6,0,27,,0.10464396284829722,8.9511998959001,,,-0.8,1,0.8,1
trial_0001,28,train,,,0.2503373064893357,,,0.0561738020562111,,,0.0,0.0,0.03463323949340811,0,0,6,0,0,0.0,0,6,0,,,,,0.8117642250466853,,,,,
trial_0001,28,eval,,,,,,,0.47368421052631576,1.6448418341184916,,,,,,,,,,,,,,,,,,,,,,
trial_0001,28,global,,,,0.23908109498077945,-0.040279276297899874,,,,,,,0,0,6,0,0,0.0,0,6,0,27,,0.10712074303405572,9.059334571295109,,,-0.8,1,0.8,1
trial_0001,29,train,,,0.25034787775354184,,,0.058401587161612006,,,0.0,0.0,0.03343463291592421,0,0,6,0,0,0.0,0,6,0,,,,,0.7467234686334083,,,,,
trial_0001,29,eval,,,,,,,0.5263157894736842,1.6672325777380088,,,,,,,,,,,,,,,,,,,,,,
trial_0001,29,global,,,,0.24136512026816656,-0.04188990091188636,,,,,,,0,0,6,0,0,0.0,0,6,0,27,,0.10464396284829722,9.056448156398147,,,-0.8,1,0.8,1
trial_0001,30,train,,,0.2503611014244404,,,0.06003351287638886,,,0.0,0.0,0.033364469546111344,0,0,7,1,0,0.0,0,6,0,,,,,0.6864992340828509,,,,,
trial_0001,30,eval,0.42105263157894735,0.47368421052631576,,,,,,,,,,,,,,,,,,,,2.1052631578947367,,,,0.0,,,,
trial_0001,30,global,,,,0.24235098593640123,-0.04287576658012101,,,,,,,0,0,7,0,0,0.0,0,7,0,27,,0.10464396284829722,9.329540481803587,,,-0.8,1,0.8,1
trial_0001,31,train,,,0.250387892444083,,,0.06210976395201175,,,0.0,0.0,0.032245449262096534,0,0,8,1,0,0.0,0,7,0,,,,,0.6278774749725422,,,,,
trial_0001,31,eval,0.5263157894736842,0.42105263157894735,,,,,,,,,,,,,,,,,,,,2.1052631578947367,,,,0.631578947368421,,,,
trial_0001,31,global,,,,0.3010672780932015,-0.07248526241998,,,,,,,1,1,8,0,0,0.5,1,7,0,27,,0.06811145510835913,6.465524823451559,,,-0.8421052631578947,22,0.9242424242424243,18
trial_0001,32,train,,,0.25044599364075476,,,0.06488223619098904,,,0.0,0.0,0.03022385311749163,1,1,8,0,0,0.5,1,7,0,,,,,0.5805033623417721,,,,,
trial_0001,32,eval,,,,,,,0.5789473684210527,1.7410433574726705,,,,,,,,,,,,,,,,,,,,,,
trial_0001,32,global,,,,0.27621361466510097,-0.043240657614636746,,,,,,,1,1,8,0,0,0.5,1,7,0,27,,0.10402476780185758,10.05910741847366,,,-0.8,1,0.8,1
trial_0001,33,train,,,0.2504431383406862,,,0.06418187123663882,,,0.0,0.0,0.03460827837599085,1,1,8,0,0,0.5,1,7,0,,,,,0.5623779007729064,,,,,
trial_0001,33,eval,,,,,,,0.5789473684210527,1.6905526958013835,,,,,,,,,,,,,,,,,,,,,,
trial_0001,33,global,,,,0.2725569308471176,-0.03891057312325269,,,,,,,1,1,8,0,0,0.5,1,7,0,27,,0.10835913312693499,10.04742945384684,,,-0.8,1,0.8,1
trial_0001,34,train,,,0.2504917211989139,,,0.06712748776090906,,,0.0,0.0,0.030672193556389914,1,1,8,0,0,0.5,1,7,0,,,,,0.5114916323347294,,,,,
trial_0001,34,eval,,,,,,,0.5263157894736842,1.7212963198360645,,,,,,,,,,,,,,,,,,,,,,
trial_0001,34,global,,,,0.2750152582069003,-0.0413689004830354,,,,,,,1,0,8,0,0,0.5,0,7,1,27,,0.10464396284829722,9.814481594688013,,,-0.8,1,0.8,1
trial_0001,35,train,,,0.25049020032933417,,,0.06623712372272572,,,0.0,0.0,0.034253207154254964,1,0,9,1,0,0.5,0,7,1,,,,,0.5607039197962335,,,,,
trial_0001,35,eval,0.47368421052631576,0.5263157894736842,,,,,,,,,,,,,,,,,,,,2.1052631578947367,,,,0.0,,,,
trial_0001,35,global,,,,0.27524663479889544,-0.041600277075030556,,,,,,,1,0,9,0,0,0.0,0,8,1,27,,0.1065015479876161,10.267428454230814,,,-0.8,1,0.8,1
trial_0001,36,train,,,0.25053056218522657,,,0.06902528253007442,,,0.0,0.0,0.032180656484783965,1,0,10,1,0,0.0,0,8,1,,,,,0.5025250663148596,,,,,
trial_0001,36,eval,0.47368421052631576,0.47368421052631576,,,,,,,,,,,,,,,,,,,,2.1052631578947367,,,,0.0,,,,
trial_0001,36,global,,,,0.27649812170698645,-0.04150496263632021,,,,,,,1,0,10,0,0,0.0,0,9,1,27,,0.10526315789473684,10.221861673361008,,,-0.8,1,0.8,1
trial_0001,37,train,,,0.2505745412187373,,,0.06965890716999135,,,0.0,0.0,0.032233681612984934,1,0,10,0,0,0.0,0,9,1,,,,,0.47139819188320886,,,,,
trial_0001,37,eval,,,,,,,0.5789473684210527,1.693104780034015,,,,,,,,,,,,,,,,,,,,,,
trial_0001,37,global,,,,0.274904686454664,-0.03991152738399776,,,,,,,1,0,10,0,0,0.0,0,9,1,27,,0.10773993808049535,10.753044990563172,,,-0.8,1,0.8,1
trial_0001,38,train,,,0.2506128016938554,,,0.07229128923821956,,,0.0,0.0,0.030545559370929894,1,0,11,1,0,0.0,0,9,1,,,,,0.43185035380277226,,,,,
trial_0001,38,eval,0.3684210526315789,0.42105263157894735,,,,,,,,,,,,,,,,,,,,2.1052631578947367,,,,0.0,,,,
trial_0001,38,global,,,,0.27216389928016776,-0.03649733953610084,,,,,,,1,0,11,0,0,0.0,0,10,1,27,,0.1108359133126935,10.658969361863269,,,-0.8,1,0.8,1
trial_0001,39,train,,,0.25064955524941707,,,0.07279266512140314,,,0.0,0.0,0.030923453377599414,1,0,11,0,0,0.0,0,10,1,,,,,0.4002670292841627,,,,,
trial_0001,39,eval,,,,,,,0.5263157894736842,1.742022340234957,,,,,,,,,,,,,,,,,,,,,,
trial_0001,39,global,,,,0.27198112719052503,-0.03518391940222982,,,,,,,1,0,11,0,0,0.0,0,10,1,27,,0.11269349845201239,11.12730388109898,,,-0.8,1,0.8,1
trial_0001,40,train,,,0.250695656588737,,,0.07519834980051568,,,0.0,0.0,0.029104576146903826,1,0,11,0,0,0.0,0,10,1,,,,,0.36059715567117034,,,,,
trial_0001,40,eval,,,,,,,0.5263157894736842,1.8223597877903988,,,,,,,,,,,,,,,,,,,,,,
trial_0001,40,global,,,,0.2708455292794235,-0.032701520144326986,,,,,,,1,0,11,0,0,0.0,0,10,1,27,,0.11455108359133127,11.012871570410004,,,-0.8,1,0.8,1
trial_0001,41,train,,,0.25073930430919567,,,0.07486361011545709,,,0.0,0.0,0.029909785936011915,1,0,11,0,0,0.0,0,10,1,,,,,0.3372782055684861,,,,,
trial_0001,41,eval,,,,,,,0.5789473684210527,1.7967417647964077,,,,,,,,,,,,,,,,,,,,,,
trial_0001,41,global,,,,0.27310389857201733,-0.0349598894369208,,,,,,,1,0,11,0,0,0.0,0,10,1,27,,0.11269349845201239,11.51611229391659,,,-0.8,1,0.8,1
trial_0001,42,train,,,0.25078314098906007,,,0.07760744399212777,,,0.0,0.0,0.027698059773389648,1,0,12,1,0,0.0,0,10,1,,,,,0.294768650671269,,,,,
trial_0001,42,eval,0.47368421052631576,0.47368421052631576,,,,,,,,,,,,,,,,,,,,2.1052631578947367,,,,0.0,,,,
trial_0001,42,global,,,,0.269730703111293,-0.030239892629395096,,,,,,,1,0,12,0,0,0.0,0,11,1,27,,0.11455108359133127,11.420061540160756,,,-0.8,1,0.8,1
trial_0001,43,train,,,0.25081519845952377,,,0.07608928578965206,,,0.0,0.0,0.02937519157186468,1,0,13,1,0,0.0,0,11,1,,,,,0.2860965277286286,,,,,
trial_0001,43,eval,0.42105263157894735,0.47368421052631576,,,,,,,,,,,,,,,,,,,,2.1052631578947367,,,,0.15789473684210525,,,,
trial_0001,43,global,,,,0.2746392642274994,-0.03362638373038081,,,,,,,1,0,13,0,0,0.25,0,12,1,27,,0.11455108359133127,11.871798502919106,,,-0.8,1,0.8,1
trial_0001,44,train,,,0.25086397693512286,,,0.07978743061106255,,,0.0,0.0,0.026908236154493816,1,0,14,1,0,0.25,0,12,1,,,,,0.2771027127796031,,,,,
trial_0001,44,eval,0.42105263157894735,0.5263157894736842,,,,,,,,,,,,,,,,,,,,2.1052631578947367,,,,0.0,,,,
trial_0001,44,global,,,,0.27208075741315635,-0.031067876916037743,,,,,,,1,0,14,0,0,0.0,0,13,1,27,,0.11393188854489164,11.445847547312638,,,-0.8,1,0.8,1
trial_0001,45,train,,,0.25089701597994946,,,0.0770175152636589,,,0.0,0.0,0.028794855229120626,1,0,14,0,0,0.0,0,13,1,,,,,0.24718446300384847,,,,,
trial_0001,45,eval,,,,,,,0.5263157894736842,1.89346497152981,,,,,,,,,,,,,,,,,,,,,,
trial_0001,45,global,,,,0.27485271029091496,-0.03201084031048588,,,,,,,1,0,14,0,0,0.0,0,13,1,27,,0.11578947368421053,12.12677458535776,,,-0.8,1,0.8,1
trial_0001,46,train,,,0.25093270045645694,,,0.08033832083357141,,,0.0,0.0,0.02435850133732992,1,0,15,1,0,0.0,0,13,1,,,,,0.2239556567783051,,,,,
trial_0001,46,eval,0.3684210526315789,0.42105263157894735,,,,,,,,,,,,,,,,,,,,2.1052631578947367,,,,0.0,,,,
trial_0001,46,global,,,,0.27649896308187916,-0.03365709310145007,,,,,,,1,0,15,0,0,0.0,0,14,1,27,,0.10959752321981424,11.944004850121843,,,-0.8,1,0.8,1
trial_0001,47,train,,,0.2509564129596061,,,0.07782672123706087,,,0.0,0.0,0.026107030886998204,1,0,15,0,0,0.0,0,14,1,,,,,0.21237776831109473,,,,,
trial_0001,47,eval,,,,,,,0.5789473684210527,1.9757811505543554,,,,,,,,,,,,,,,,,,,,,,
trial_0001,47,global,,,,0.27467922818990026,-0.029309799517528972,,,,,,,1,0,15,0,0,0.0,0,14,1,27,,0.11764705882352941,12.279112347582176,,,-0.8,1,0.8,1
trial_0001,48,train,,,0.25099585886965403,,,0.08172230771247377,,,0.0,0.0,0.022658296782483763,1,0,15,0,0,0.0,0,14,1,,,,,0.20622772693316987,,,,,
trial_0001,48,eval,,,,,,,0.5263157894736842,2.1775072828719493,,,,,,,,,,,,,,,,,,,,,,
trial_0001,48,global,,,,0.27558265089477973,-0.030213222222408423,,,,,,,1,0,15,0,0,0.0,0,14,1,27,,0.11269349845201239,11.715350041817585,,,-0.8,1,0.8,1
trial_0001,49,train,,,0.2510274819871212,,,0.07719568749691577,,,0.0,0.0,0.026457368163391955,1,0,15,0,0,0.0,0,14,1,,,,,0.18692118075299768,,,,,
trial_0001,49,eval,,,,,,,0.5789473684210527,1.97319201419228,,,,,,,,,,,,,,,,,,,,,,
trial_0001,49,global,,,,0.27322836987481774,-0.02602995171913595,,,,,,,1,0,15,0,0,0.0,0,14,1,27,,0.12074303405572756,12.661253756118633,,,-0.8,1,0.8,1
trial_0001,50,train,,,0.2510721001853334,,,0.08131787878401736,,,0.0,0.0,0.020679528440566773,1,0,16,1,0,0.0,0,14,1,,,,,0.18490249012061888,,,,,
trial_0001,50,eval,0.42105263157894735,0.47368421052631576,,,,,,,,,,,,,,,,,,,,2.1052631578947367,,,,0.0,,,,
trial_0001,50,global,,,,0.27757879061166896,-0.030380372455987164,,,,,,,1,0,16,0,0,0.0,0,15,1,27,,0.11269349845201239,12.47850649570902,,,-0.8,1,0.8,1
trial_0001,51,train,,,0.2510935163244288,,,0.0797295202600195,,,0.0,0.0,0.02127551160396097,1,0,17,1,0,0.0,0,15,1,,,,,0.15564060792961018,,,,,
trial_0001,51,eval,0.47368421052631576,0.47368421052631576,,,,,,,,,,,,,,,,,,,,2.1052631578947367,,,,0.0,,,,
trial_0001,51,global,,,,0.2741876847341236,-0.026989266578441758,,,,,,,1,0,17,0,0,0.0,0,16,1,27,,0.11764705882352941,12.605885536973322,,,-0.8,1,0.8,1
trial_0001,52,train,,,0.2511161895508462,,,0.07829321318484367,,,0.0,0.0,0.01879103452492347,1,0,18,1,0,0.0,0,16,1,,,,,0.13178898295823563,,,,,
trial_0001,52,eval,0.5263157894736842,0.5789473684210527,,,,,,,,,,,,,,,,,,,,2.1052631578947367,,,,0.0,,,,
trial_0001,52,global,,,,0.2758971952840725,-0.028698777128390758,,,,,,,1,0,18,0,0,0.0,0,17,1,27,,0.11455108359133127,12.787065431577133,,,-0.8,1,0.8,1
trial_0001,53,train,,,0.2511506492787219,,,0.07815398434375195,,,0.0,0.0,0.019756233069471066,1,0,18,0,0,0.0,0,17,1,,,,,0.13228102216219648,,,,,
trial_0001,53,eval,,,,,,,0.5789473684210527,2.0155416648638873,,,,,,,,,,,,,,,,,,,,,,
trial_0001,53,global,,,,0.273456286170596,-0.026257868014914202,,,,,,,1,0,18,0,0,0.0,0,17,1,27,,0.11888544891640866,12.767630212742478,,,-0.8,1,0.8,1
trial_0001,54,train,,,0.251171035018373,,,0.07674970652194732,,,0.0,0.0,0.01765656501148887,1,0,19,1,0,0.0,0,17,1,,,,,0.1120656957255399,,,,,
trial_0001,54,eval,0.5263157894736842,0.42105263157894735,,,,,,,,,,,,,,,,,,,,2.1052631578947367,,,,0.21052631578947367,,,,
trial_0001,54,global,,,,0.30719652916656204,-0.05999811101088025,,,,,,,2,1,19,0,0,0.5,1,17,1,27,,0.0804953560371517,7.912952569542285,,,-0.8,1,0.8,1
trial_0001,55,train,,,0.25135389055524554,,,0.06860516582216535,,,0.0,0.0,0.019184466350956688,2,1,19,0,0,0.5,1,17,1,,,,,0.13295066864362784,,,,,
trial_0001,55,eval,,,,,,,0.5263157894736842,1.9783196904157336,,,,,,,,,,,,,,,,,,,,,,
trial_0001,55,global,,,,0.27681869354972216,-0.029620275394040354,,,,,,,2,0,19,0,0,0.5,0,17,2,27,,0.11021671826625387,12.967769977108983,,,-0.8,1,0.8,1
trial_0001,56,train,,,0.2512037995013785,,,0.07845164613520844,,,0.0,0.0,0.018279917718609796,2,0,19,0,0,0.5,0,17,2,,,,,0.1093567709339426,,,,,
trial_0001,56,eval,,,,,,,0.631578947368421,2.0180917115587933,,,,,,,,,,,,,,,,,,,,,,
trial_0001,56,global,,,,0.26793753896960537,-0.02006572014052292,,,,,,,2,0,19,0,0,0.5,0,17,2,27,,0.12507739938080495,12.585552832069043,,,-0.8,1,0.8,1
trial_0001,57,train,,,0.25123356821689197,,,0.07709399690019324,,,0.0,0.0,0.01796686722218317,2,0,19,0,0,0.5,0,17,2,,,,,0.11322841051411121,,,,,
trial_0001,57,eval,,,,,,,0.6842105263157894,1.9380261207881724,,,,,,,,,,,,,,,,,,,,,,
trial_0001,57,global,,,,0.2683716557946467,-0.018022387574534615,,,,,,,2,0,19,0,0,0.5,0,17,2,27,,0.12755417956656348,12.508533447076662,,,-0.8,1,0.8,1
trial_0001,58,train,,,0.2512654424347776,,,0.080319437574833,,,0.0,0.0,0.016435798085690973,2,0,20,1,0,0.5,0,17,2,,,,,0.11734931389702127,,,,,
trial_0001,58,eval,0.5263157894736842,0.5263157894736842,,,,,,,,,,,,,,,,,,,,2.1052631578947367,,,,0.0,,,,
trial_0001,58,global,,,,0.2713237720381823,-0.01962770247126884,,,,,,,2,0,20,0,0,0.0,0,18,2,27,,0.1238390092879257,12.234397883459511,,,-0.8,1,0.8,1
trial_0001,59,train,,,0.2512979995697102,,,0.07960394849168492,,,0.0,0.0,0.02046247780858044,2,0,21,1,0,0.0,0,18,2,,,,,0.14137151187404673,,,,,
trial_0001,59,eval,0.5263157894736842,0.47368421052631576,,,,,,,,,,,,,,,,,,,,2.1052631578947367,,,,0.2631578947368421,,,,
trial_0001,59,global,,,,0.2698232753808859,-0.01766995844314484,,,,,,,2,0,21,0,0,0.25,0,19,2,27,,0.12755417956656348,12.315144454436405,,,-0.8,1,0.8,1
trial_0001,60,train,,,0.2513390928506851,,,0.08346735543393075,,,0.0,0.0,0.016813498117435884,2,0,22,1,0,0.25,0,19,2,,,,,0.1193728390090326,,,,,
trial_0001,60,eval,0.5263157894736842,0.5263157894736842,,,,,,,,,,,,,,,,,,,,2.1052631578947367,,,,0.15789473684210525,,,,
trial_0001,60,global,,,,0.2753290959470291,-0.02115557698908601,,,,,,,2,0,22,0,0,0.25,0,20,2,27,,0.12074303405572756,11.534303283691406,,,-0.8,1,0.8,1
trial_0001,61,train,,,0.251362865909617,,,0.07928375868087119,,,0.0,0.0,0.02071186050554698,2,0,22,0,0,0.25,0,20,2,,,,,0.1018259484162356,,,,,
trial_0001,61,eval,,,,,,,0.6842105263157894,1.9612229446831502,,,,,,,,,,,,,,,,,,,,,,
trial_0001,61,global,,,,0.28082617901154105,-0.02665266005359798,,,,,,,2,0,22,0,0,0.25,0,20,2,27,,0.1195046439628483,12.353776318812887,,,-0.8,1,0.8,1
trial_0001,62,train,,,0.25141020467940794,,,0.08446412644487747,,,0.0,0.0,0.014656649346889416,2,0,22,0,0,0.25,0,20,2,,,,,0.09557713911412877,,,,,
trial_0001,62,eval,,,,,,,0.5789473684210527,1.898145700755872,,,,,,,,,,,,,,,,,,,,,,
trial_0001,62,global,,,,0.2805622638444445,-0.026388744886501433,,,,,,,2,0,22,0,0,0.25,0,20,2,27,,0.11455108359133127,11.400160477109738,,,-0.8,1,0.8,1
trial_0001,63,train,,,0.2514413144994289,,,0.07946019223395814,,,0.0,0.0,0.018965441710872954,2,0,23,1,0,0.25,0,20,2,,,,,0.08551077096861728,,,,,
trial_0001,63,eval,0.5263157894736842,0.47368421052631576,,,,,,,,,,,,,,,,,,,,2.1052631578947367,,,,0.15789473684210525,,,,
trial_0001,63,global,,,,0.2750563487598019,-0.020882829801858797,,,,,,,2,0,23,0,0,0.25,0,21,2,27,,0.1238390092879257,12.32869963276866,,,-0.8,1,0.8,1
trial_0001,64,train,,,0.2514680544746683,,,0.08166797871285296,,,0.0,0.0,0.012764383842728964,2,0,23,0,0,0.25,0,21,2,,,,,0.07518644731967372,,,,,
trial_0001,64,eval,,,,,,,0.631578947368421,1.8366581852498807,,,,,,,,,,,,,,,,,,,,,,
trial_0001,64,global,,,,0.2815877993312145,-0.026067479026470004,,,,,,,2,0,23,0,0,0.25,0,21,2,27,,0.11578947368421053,11.580559646086796,,,-0.8,1,0.8,1
trial_0001,65,train,,,0.2514818754601986,,,0.07820000800680607,,,0.0,0.0,0.014756852005326011,2,0,23,0,0,0.25,0,21,2,,,,,0.06467295235934409,,,,,
trial_0001,65,eval,,,,,,,0.6842105263157895,1.8930826481235654,,,,,,,,,,,,,,,,,,,,,,
trial_0001,65,global,,,,0.2767421667535765,-0.021221846448832047,,,,,,,2,0,23,0,0,0.25,0,21,2,27,,0.12260061919504645,12.307527037818366,,,-0.8,1,0.8,1
trial_0001,66,train,,,0.25150664372647064,,,0.07909111963941695,,,0.0,0.0,0.011554649077848771,2,0,24,1,0,0.25,0,21,2,,,,,0.06340433853341544,,,,,
trial_0001,66,eval,0.47368421052631576,0.5789473684210527,,,,,,,,,,,,,,,,,,,,2.1052631578947367,,,,0.0,,,,
trial_0001,66,global,,,,0.278234891821175,-0.022714571516430533,,,,,,,2,0,24,0,0,0.0,0,22,2,27,,0.11888544891640866,11.84942403503985,,,-0.8,1,0.8,1
trial_0001,67,train,,,0.2515106936718555,,,0.0761332448492659,,,0.0,0.0,0.012645386878377511,2,0,25,1,0,0.0,0,22,2,,,,,0.05739438426383633,,,,,
trial_0001,67,eval,0.5263157894736842,0.5263157894736842,,,,,,,,,,,,,,,,,,,,2.1052631578947367,,,,0.0,,,,
trial_0001,67,global,,,,0.2743615841052645,-0.018841263800520067,,,,,,,2,0,25,0,0,0.0,0,23,2,27,,0.12507739938080495,12.456053662373924,,,-0.8,1,0.8,1
trial_0001,68,train,,,0.25153894405415717,,,0.07633474596003267,,,0.0,0.0,0.010206644449530398,2,0,26,1,0,0.0,0,23,2,,,,,0.05861802768913355,,,,,
trial_0001,68,eval,0.631578947368421,0.631578947368421,,,,,,,,,,,,,,,,,,,,2.1052631578947367,,,,0.0,,,,
trial_0001,68,global,,,,0.27385629468224504,-0.0183359743775006,,,,,,,2,0,26,0,0,0.0,0,24,2,27,,0.12260061919504645,12.044358084002516,,,-0.8,1,0.8,1
trial_0001,69,train,,,0.25154421811408184,,,0.07409995794296263,,,0.0,0.0,0.011702068437614102,2,0,26,0,0,0.0,0,24,2,,,,,0.05154235120466415,,,,,
trial_0001,69,eval,,,,,,,0.631578947368421,1.923080414141479,,,,,,,,,,,,,,,,,,,,,,
trial_0001,69,global,,,,0.2766617302325711,-0.021141409927826687,,,,,,,2,0,26,0,0,0.0,0,24,2,27,,0.12260061919504645,12.577558922546197,,,-0.8,1,0.8,1
trial_0001,70,train,,,0.2515703725053909,,,0.07426573367829019,,,0.0,0.0,0.009347751610132153,2,0,26,0,0,0.0,0,24,2,,,,,0.04800327885301506,,,,,
trial_0001,70,eval,,,,,,,0.6842105263157895,1.765742754857791,,,,,,,,,,,,,,,,,,,,,,
trial_0001,70,global,,,,0.2733452367553238,-0.017824916450579324,,,,,,,2,0,26,0,0,0.0,0,24,2,27,,0.1238390092879257,12.462967098460478,,,-0.8,1,0.8,1
trial_0001,71,train,,,0.25157860840888735,,,0.07263951732757243,,,0.0,0.0,0.009999089130832682,2,0,27,1,0,0.0,0,24,2,,,,,0.04825933701259658,,,,,
trial_0001,71,eval,0.47368421052631576,0.47368421052631576,,,,,,,,,,,,,,,,,,,,2.1052631578947367,,,,0.0,,,,
trial_0001,71,global,,,,0.27162232392718705,-0.016102003622442615,,,,,,,2,0,27,0,0,0.0,0,25,2,27,,0.12693498452012383,12.773750352416615,,,-0.8,1,0.8,1
trial_0001,72,train,,,0.25159127661522396,,,0.07328364570090111,,,0.0,0.0,0.008611908989359051,2,0,27,0,0,0.0,0,25,2,,,,,0.049138529119180874,,,,,
trial_0001,72,eval,,,,,,,0.631578947368421,1.8117127077359902,,,,,,,,,,,,,,,,,,,,,,
trial_0001,72,global,,,,0.2723778164501258,-0.016857496145381373,,,,,,,2,0,27,0,0,0.0,0,25,2,27,,0.1256965944272446,12.582051610799027,,,-0.8,1,0.8,1
trial_0001,73,train,,,0.2515843022376933,,,0.07120921193285192,,,0.0,0.0,0.009879555367490654,2,0,27,0,0,0.0,0,25,2,,,,,0.04581344452627162,,,,,
trial_0001,73,eval,,,,,,,0.631578947368421,2.0829809041399705,,,,,,,,,,,,,,,,,,,,,,
trial_0001,73,global,,,,0.27039464093166693,-0.01487432062692251,,,,,,,2,0,27,0,0,0.0,0,25,2,27,,0.13003095975232198,13.26203212678986,,,-0.8,1,0.8,1
trial_0001,74,train,,,0.25158048754042767,,,0.0709786573623089,,,0.0,0.0,0.008259099985453043,2,0,28,1,0,0.0,0,25,2,,,,,0.04538594433601866,,,,,
trial_0001,74,eval,0.47368421052631576,0.5263157894736842,,,,,,,,,,,,,,,,,,,,2.1052631578947367,,,,0.0,,,,
trial_0001,74,global,,,,0.2711261244827852,-0.014234062065557914,,,,,,,2,0,28,0,0,0.0,0,26,2,27,,0.12941176470588237,13.525359332672213,,,-0.8,1,0.8,1
trial_0001,75,train,,,0.25157606062736915,,,0.07088983629612212,,,0.0,0.0,0.012093864599050227,2,0,29,1,0,0.0,0,26,2,,,,,0.06879388989405111,,,,,
trial_0001,75,eval,0.5263157894736842,0.47368421052631576,,,,,,,,,,,,,,,,,,,,2.1052631578947367,,,,0.2631578947368421,,,,
trial_0001,75,global,,,,0.269956935359268,-0.013064872942040754,,,,,,,2,0,29,0,0,0.25,0,27,2,27,,0.1306501547987616,12.910452336644978,,,-0.8,1,0.8,1
trial_0001,76,train,,,0.25158364817183065,,,0.06929221305441349,,,0.0,0.0,0.00798048371597109,2,0,30,1,0,0.25,0,27,2,,,,,0.039906591852690944,,,,,
trial_0001,76,eval,0.5263157894736842,0.5263157894736842,,,,,,,,,,,,,,,,,,,,2.1052631578947367,,,,0.0,,,,
trial_0001,76,global,,,,0.27050013310545895,-0.01360807068823167,,,,,,,2,0,30,0,0,0.0,0,28,2,27,,0.13003095975232198,12.76755236457376,,,-0.8,1,0.8,1
trial_0001,77,train,,,0.2515916770443003,,,0.0688032533260102,,,0.0,0.0,0.009810589476097798,2,0,30,0,0,0.0,0,28,2,,,,,0.04649687285158545,,,,,
trial_0001,77,eval,,,,,,,0.631578947368421,2.108466011913199,,,,,,,,,,,,,,,,,,,,,,
trial_0001,77,global,,,,0.2730672774051518,-0.016175214987924513,,,,,,,2,0,30,0,0,0.0,0,28,2,27,,0.12879256965944272,13.496351231436241,,,-0.8,1,0.8,1
trial_0001,78,train,,,0.2516113151895239,,,0.06710523303518903,,,0.0,0.0,0.0076777245411110626,2,0,30,0,0,0.0,0,28,2,,,,,0.04074345935591833,,,,,
trial_0001,78,eval,,,,,,,0.5789473684210527,2.1084732121150744,,,,,,,,,,,,,,,,,,,,,,
trial_0001,78,global,,,,0.2731033869863635,-0.015296829827480965,,,,,,,2,0,30,0,0,0.0,0,28,2,27,,0.12941176470588237,13.21680729160368,,,-0.8,1,0.8,1
trial_0001,79,train,,,0.2516149139784752,,,0.06683596841832426,,,0.0,0.0,0.00807368806385289,2,0,31,1,0,0.0,0,28,2,,,,,0.03740544366511576,,,,,
trial_0001,79,eval,0.47368421052631576,0.47368421052631576,,,,,,,,,,,,,,,,,,,,2.1052631578947367,,,,0.0,,,,
trial_0001,79,global,,,,0.261793332448287,-0.003986775289404437,,,,,,,2,0,31,0,0,0.0,0,29,2,27,,0.1411764705882353,13.679388040359544,,,-0.8,1,0.8,1
trial_0001,80,train,,,0.2516255020461184,,,0.06490452746127515,,,0.0,0.0,0.007648247930805195,2,0,31,0,0,0.0,0,29,2,,,,,0.034446905641519324,,,,,
trial_0001,80,eval,,,,,,,0.5789473684210527,2.197745431018503,,,,,,,,,,,,,,,,,,,,,,
trial_0001,80,global,,,,0.26984606394909627,-0.012039506790213728,,,,,,,2,0,31,0,0,0.0,0,29,2,27,,0.13312693498452013,13.48619118799735,,,-0.8,1,0.8,1
trial_0001,81,train,,,0.2516158400697911,,,0.06397824338141908,,,0.0,0.0,0.007439650005603363,2,0,31,0,0,0.0,0,29,2,,,,,0.03199435233911301,,,,,
trial_0001,81,eval,,,,,,,0.5789473684210527,2.246757552615906,,,,,,,,,,,,,,,,,,,,,,
trial_0001,81,global,,,,0.2664267591496149,-0.008620201990732372,,,,,,,2,0,31,0,0,0.0,0,29,2,27,,0.13622291021671826,13.66102094620743,,,-0.8,1,0.8,1
trial_0001,82,train,,,0.25162597602986275,,,0.06255871311147161,,,0.0,0.0,0.006737401796659045,2,0,32,1,0,0.0,0,29,2,,,,,0.03021279737710001,,,,,
trial_0001,82,eval,0.47368421052631576,0.47368421052631576,,,,,,,,,,,,,,,,,,,,2.1052631578947367,,,,0.0,,,,
trial_0001,82,global,,,,0.26725438832439524,-0.00944783116551271,,,,,,,2,0,32,0,0,0.0,0,30,2,27,,0.13560371517027864,13.380552867027259,,,-0.8,1,0.8,1
trial_0001,83,train,,,0.2516144073389946,,,0.062189311423200236,,,0.0,0.0,0.00633010077332035,2,0,33,1,0,0.0,0,30,2,,,,,0.028137775461011108,,,,,
trial_0001,83,eval,0.47368421052631576,0.47368421052631576,,,,,,,,,,,,,,,,,,,,2.1052631578947367,,,,0.0,,,,
trial_0001,83,global,,,,0.26825346605482764,-0.010446908895945075,,,,,,,2,0,33,0,0,0.0,0,31,2,27,,0.13436532507739937,13.615919735557155,,,-0.8,1,0.8,1
trial_0001,84,train,,,0.2516336355437624,,,0.06105287912044119,,,0.0,0.0,0.005775060776068132,2,0,34,1,0,0.0,0,31,2,,,,,0.0280491356381235,,,,,
trial_0001,84,eval,0.5263157894736842,0.5263157894736842,,,,,,,,,,,,,,,,,,,,2.1052631578947367,,,,0.0,,,,
trial_0001,84,global,,,,0.2689537108503415,-0.011147153691458956,,,,,,,2,0,34,0,0,0.0,0,32,2,27,,0.13312693498452013,13.414580968142294,,,-0.8,1,0.8,1
trial_0001,85,train,,,0.2516264465261013,,,0.061003875225148295,,,0.0,0.0,0.005744221654520593,2,0,34,0,0,0.0,0,32,2,,,,,0.027970796088351214,,,,,
trial_0001,85,eval,,,,,,,0.5789473684210527,2.3172018796597658,,,,,,,,,,,,,,,,,,,,,,
trial_0001,85,global,,,,0.27071411448971117,-0.01290755733082862,,,,,,,2,0,34,0,0,0.0,0,32,2,27,,0.1306501547987616,13.435841534971821,,,-0.8,1,0.8,1
trial_0001,86,train,,,0.25164032870150627,,,0.060114315215577474,,,0.0,0.0,0.005466836702126263,2,0,34,0,0,0.0,0,32,2,,,,,0.02342958654316657,,,,,
trial_0001,86,eval,,,,,,,0.5789473684210527,2.3984126468238074,,,,,,,,,,,,,,,,,,,,,,
trial_0001,86,global,,,,0.26653620138454587,-0.008729644225663342,,,,,,,2,0,34,0,0,0.0,0,32,2,27,,0.13560371517027864,13.498724280200875,,,-0.8,1,0.8,1
trial_0001,87,train,,,0.25162913919763363,,,0.06000649041317879,,,0.0,0.0,0.004968901774911037,2,0,35,1,0,0.0,0,32,2,,,,,0.02294822504169288,,,,,
trial_0001,87,eval,0.47368421052631576,0.47368421052631576,,,,,,,,,,,,,,,,,,,,2.1052631578947367,,,,0.0,,,,
trial_0001,87,global,,,,0.266934066358858,-0.009127509199975473,,,,,,,2,0,35,0,0,0.0,0,33,2,27,,0.13498452012383902,13.701699356693233,,,-0.8,1,0.8,1
trial_0001,88,train,,,0.25161647860040054,,,0.05958324290336447,,,0.0,0.0,0.006060990204005454,2,0,35,0,0,0.0,0,33,2,,,,,0.09304742071718136,,,,,
trial_0001,88,eval,,,,,,,0.5789473684210527,2.447963286877463,,,,,,,,,,,,,,,,,,,,,,
trial_0001,88,global,,,,0.26917080574204894,-0.009344046562964378,,,,,,,2,0,35,0,0,0.0,0,33,2,27,,0.13374613003095975,13.22493067880164,,,-0.8,1,0.8,1
trial_0001,89,train,,,0.2516212564833621,,,0.059375559395932136,,,0.0,0.0,0.0045962107963668074,2,0,35,0,0,0.0,0,33,2,,,,,0.024960455162688456,,,,,
trial_0001,89,eval,,,,,,,0.5789473684210527,2.4218609885949838,,,,,,,,,,,,,,,,,,,,,,
trial_0001,89,global,,,,0.271357483148102,-0.011530723969017427,,,,,,,2,0,35,0,0,0.0,0,33,2,27,,0.1325077399380805,13.593553175793344,,,-0.8,1,0.8,1
trial_0001,90,train,,,0.2516055180037275,,,0.0578736257045827,,,0.0,0.0,0.004669976956381319,2,0,36,1,0,0.0,0,33,2,,,,,0.023675459995865823,,,,,
trial_0001,90,eval,0.47368421052631576,0.47368421052631576,,,,,,,,,,,,,,,,,,,,2.1052631578947367,,,,0.0,,,,
trial_0001,90,global,,,,0.2667478989741218,-0.006921139795037267,,,,,,,2,0,36,0,0,0.0,0,34,2,27,,0.13746130030959752,13.734170102334982,,,-0.8,1,0.8,1
trial_0002,1,train,,,0.2504132412656953,,,0.011868517951969105,,,0.0,0.0,0.002826578910698489,0,0,0,0,0,,0,0,0,,,,,2.198364128945749,,,,,
trial_0002,1,eval,,,,,,,0.3529411764705882,2.188350060406853,,,,,,,,,,,,,,,,,,,,,,
trial_0002,1,global,,,,,,,,,,,,0,0,0,0,0,,0,0,0,9,,0.12421052631578948,2.196899219312166,,,,,,
trial_0002,2,train,,,0.2503577595270132,,,0.014062304568441607,,,0.0,0.0,0.021402961216996648,0,0,0,0,0,,0,0,0,,,,,2.1681624243531044,,,,,
trial_0002,2,eval,,,,,,,0.11764705882352941,2.177988178589765,,,,,,,,,,,,,,,,,,,,,,
trial_0002,2,global,,,,0.015637860082304538,-0.004744613894940704,,,,,,,0,0,0,0,0,,0,0,0,9,,0.12,2.1961998929475484,,,-0.07407407407407407,3,0.07407407407407407,3
trial_0002,3,train,,,0.25035107663915124,,,0.019248763783068598,,,0.0,0.0,0.021708800027123363,0,0,0,0,0,,0,0,0,,,,,2.090275202521795,,,,,
trial_0002,3,eval,,,,,,,0.058823529411764705,2.143258711870979,,,,,,,,,,,,,,,,,,,,,,
trial_0002,3,global,,,,0.032195594287097555,-0.021302348099733723,,,,,,,0,0,0,0,0,,0,0,0,9,,0.1031578947368421,2.2272901419589393,,,-0.11764705882352944,0,0.21568627450980393,0
trial_0002,4,train,,,0.25040759919564937,,,0.026929589483556865,,,0.0,0.0,0.028166227207719528,0,0,0,0,0,,0,0,0,,,,,1.9489285019379627,,,,,
trial_0002,4,eval,,,,,,,0.1764705882352941,2.1162966630038094,,,,,,,,,,,,,,,,,,,,,,
trial_0002,4,global,,,,0.05495037521181313,-0.004106364006298835,,,,,,,0,0,0,0,0,,0,0,0,9,,0.12210526315789473,2.2192782793546977,,,-0.22222222222222232,1,0.23529411764705882,0
trial_0002,5,train,,,0.25044939563244206,,,0.032630592018743104,,,0.0,0.0,0.025054829445066335,0,0,0,0,0,,0,0,0,,,,,1.7255303977411005,,,,,
trial_0002,5,eval,,,,,,,0.1764705882352941,2.19486439929289,,,,,,,,,,,,,,,,,,,,,,
trial_0002,5,global,,,,0.05551571450132133,-0.004671703295807033,,,,,,,0,0,0,0,0,,0,0,0,9,,0.12,2.3678135410108063,,,-0.13725490196078433,0,0.23529411764705882,0
trial_0002,6,train,,,0.25044990491263475,,,0.037883546344841576,,,0.0,0.0,0.030433327407587935,0,0,0,0,0,,0,0,0,,,,,1.6218321777597258,,,,,
trial_0002,6,eval,,,,,,,0.29411764705882354,2.160724822212668,,,,,,,,,,,,,,,,,,,,,,
trial_0002,6,global,,,,0.04313725490196079,0.07397775547802168,,,,,,,0,0,0,0,0,,0,0,0,9,,0.2,2.2993289244802373,,,-0.1568627450980392,0,0.2549019607843137,0
trial_0002,7,train,,,0.2504510140117211,,,0.04112256516384173,,,0.0,0.0,0.027998682873064205,0,0,0,0,0,,0,0,0,,,,,1.4608548240571082,,,,,
trial_0002,7,eval,,,,,,,0.4117647058823529,2.3290820402257584,,,,,,,,,,,,,,,,,,,,,,
trial_0002,7,global,,,,0.08211140371119523,0.04037995075480874,,,,,,,0,0,0,0,0,,0,0,0,9,,0.16842105263157894,2.5497880800146806,,,-0.13333333333333341,1,0.196078431372549,0
trial_0002,8,train,,,0.25045052547998065,,,0.0429246985836874,,,0.0,0.0,0.03690951673573331,0,0,0,0,0,,0,0,0,,,,,1.3338465517834772,,,,,
trial_0002,8,eval,,,,,,,0.4705882352941177,2.2325245983460373,,,,,,,,,,,,,,,,,,,,,,
trial_0002,8,global,,,,0.062330241504537774,0.0601611129614662,,,,,,,0,0,0,0,0,,0,0,0,9,,0.18736842105263157,2.560304103148611,,,-0.1777777777777778,1,0.1777777777777778,1
trial_0002,9,train,,,0.2504742239849477,,,0.045108974357194534,,,0.0,0.0,0.03684765846008742,0,0,1,1,0,,0,0,0,,,,,1.1064727417275875,,,,,
trial_0002,9,eval,0.3529411764705882,0.3529411764705882,,,,,,,,,,,,,,,,,,,,2.8823529411764706,,,,0.0,,,,
trial_0002,9,global,,,,0.06813693467587044,0.056533069027606304,,,,,,,0,0,1,0,0,0.0,0,1,0,9,,0.18105263157894738,2.803272889287848,,,-0.1777777777777778,1,0.1777777777777778,1
trial_0002,10,train,,,0.2504789395422875,,,0.04759134521967248,,,0.0,0.0,0.038342517123946665,0,0,1,0,0,0.0,0,1,0,,,,,0.9924864706359331,,,,,
trial_0002,10,eval,,,,,,,0.411764705882353,2.272977674708647,,,,,,,,,,,,,,,,,,,,,,
trial_0002,10,global,,,,0.05572929861335019,0.07574342617856193,,,,,,,0,0,1,0,0,0.0,0,1,0,9,,0.20210526315789473,2.829235665672704,,,-0.24444444444444446,1,0.24444444444444446,1
trial_0002,11,train,,,0.2504033766860186,,,0.024799142466035,,,0.0,0.0,0.049073828535891116,0,0,1,0,0,0.0,0,1,0,,,,,16.285766266667565,,,,,
trial_0002,11,eval,,,,,,,0.10526315789473684,4.758677206541362,,,,,,,,,,,,,,,,,,,,,,
trial_0002,11,global,,,,0.25310557546304474,-0.12163285067113266,,,,,,,0,0,1,0,0,0.0,0,1,0,18,,0.07272727272727272,6.461222367081345,,,-0.6888888888888889,1,0.6888888888888889,1
trial_0002,12,train,,,0.25031191578438117,,,0.03465182386165441,,,0.0,1.0,0.19964772592796837,0,0,1,0,0,0.0,0,1,0,,,,,3.2250167821728906,,,,,
trial_0002,12,eval,,,,,,,0.05263157894736842,2.9694058895111084,,,,,,,,,,,,,,,,,,,,,,
trial_0002,12,global,,,,0.15150951713569116,-0.06085057288076364,,,,,,,0,0,1,0,0,0.0,0,1,0,18,,0.07177033492822966,4.967903489929637,,,-0.6222222222222222,1,0.6222222222222222,1
trial_0002,13,train,,,0.2502987315488416,,,0.033436596393585205,,,0.0,0.3488372093023256,0.0969511780454669,0,0,1,0,0,0.0,0,1,0,,,,,1.946301158777503,,,,,
trial_0002,13,eval,,,,,,,0.10526315789473684,2.285430268237465,,,,,,,,,,,,,,,,,,,,,,
trial_0002,13,global,,,,0.16422685199847734,-0.04299428976313815,,,,,,,0,0,1,0,0,0.0,0,1,0,18,,0.09569377990430622,4.872913674988815,,,-0.8,1,0.8,1
trial_0002,14,train,,,0.2502751291491264,,,0.033265655470448866,,,0.0,0.09302325581395349,0.06530958511108577,0,0,2,1,0,0.0,0,1,0,,,,,1.7245661705039268,,,,,
trial_0002,14,eval,0.15789473684210525,0.15789473684210525,,,,,,,,,,,,,,,,,,,,1.6842105263157894,,,,0.0,,,,
trial_0002,14,global,,,,0.16988019725874517,-0.04164885220302692,,,,,,,0,0,2,0,0,0.0,0,2,0,18,,0.09760765550239234,5.159587829535087,,,-0.8,1,0.8,1
trial_0002,15,train,,,0.25027495310750114,,,0.03445361104122428,,,0.09302325581395349,0.0,0.061821306219627704,0,0,2,0,0,0.0,0,2,0,,,,,1.5854365949020828,,,,,
trial_0002,15,eval,,,,,,,0.2631578947368421,1.9879806920101766,,,,,,,,,,,,,,,,,,,,,,
trial_0002,15,global,,,,0.175058340345385,-0.03267003707950039,,,,,,,0,0,2,0,0,0.0,0,2,0,18,,0.10526315789473684,4.9476299981751515,,,-0.8,1,0.8,1
trial_0002,16,train,,,0.2502828862431437,,,0.035558651006499,,,0.0,0.0,0.049951201330783755,0,0,2,0,0,0.0,0,2,0,,,,,1.3765789734762768,,,,,
trial_0002,16,eval,,,,,,,0.3157894736842105,2.221357929079156,,,,,,,,,,,,,,,,,,,,,,
trial_0002,16,global,,,,0.16118169454155515,-0.013113219711304953,,,,,,,0,0,2,0,0,0.0,0,2,0,18,,0.12631578947368421,5.290067789086885,,,-0.8,1,0.8,1
trial_0002,17,train,,,0.2503056685591853,,,0.037675389716791546,,,0.0,0.09302325581395349,0.05024271374351757,0,0,3,1,0,0.0,0,2,0,,,,,1.3254356898540673,,,,,
trial_0002,17,eval,0.21052631578947367,0.21052631578947367,,,,,,,,,,,,,,,,,,,,1.6842105263157894,,,,0.0,,,,
trial_0002,17,global,,,,0.17848449021128446,-0.026300789043585685,,,,,,,0,0,3,0,0,0.0,0,3,0,18,,0.11196172248803828,5.090549560711144,,,-0.8,1,0.8,1
trial_0002,18,train,,,0.2503314260826554,,,0.039651353691899496,,,0.0,0.0,0.04271491352728633,0,0,3,0,0,0.0,0,3,0,,,,,1.1927310627560281,,,,,
trial_0002,18,eval,,,,,,,0.3684210526315789,2.119367185391878,,,,,,,,,,,,,,,,,,,,,,
trial_0002,18,global,,,,0.1636479400460958,-0.0106817662649385,,,,,,,0,0,3,0,0,0.0,0,3,0,18,,0.1291866028708134,5.486408775274834,,,-0.8,1,0.8,1
trial_0002,19,train,,,0.25037631773671437,,,0.04237998848737672,,,0.0,0.09302325581395349,0.045905584183543235,0,0,3,0,0,0.0,0,3,0,,,,,1.1773295345001442,,,,,
trial_0002,19,eval,,,,,,,0.3684210526315789,1.7415554272501093,,,,,,,,,,,,,,,,,,,,,,
trial_0002,19,global,,,,0.17228331338735148,-0.011111715516576054,,,,,,,0,0,3,0,0,0.0,0,3,0,18,,0.12822966507177033,5.209970047143088,,,-0.8,1,0.8,1
trial_0002,20,train,,,0.250426938713983,,,0.04504377204318379,,,0.0,0.0,0.03928108856428501,0,0,3,0,0,0.0,0,3,0,,,,,1.0639059463212657,,,,,
trial_0002,20,eval,,,,,,,0.3684210526315789,2.1347009382749857,,,,,,,,,,,,,,,,,,,,,,
trial_0002,20,global,,,,0.16553666063130906,-0.004365062760533618,,,,,,,0,0,3,0,0,0.0,0,3,0,18,,0.13588516746411483,5.711821723554693,,,-0.8,1,0.8,1
trial_0002,21,train,,,0.25047026320974874,,,0.06638950616755385,,,0.0,0.0,0.025978185751653848,0,0,3,0,0,0.0,0,3,0,,,,,17.510198351677428,,,,,
trial_0002,21,eval,,,,,,,0.21052631578947367,2.1585726487009147,,,,,,,,,,,,,,,,,,,,,,
trial_0002,21,global,,,,0.27199471752663007,-0.11082311965585462,,,,,,,0,0,3,0,0,0.0,0,3,0,27,,0.06377708978328174,6.914579947740301,,,-0.8,1,0.8,1
trial_0002,22,train,,,0.2504392018977632,,,0.05004002312396435,,,0.0,1.0,0.18604609355171947,0,0,4,1,0,0.0,0,3,0,,,,,2.1646696072943667,,,,,
trial_0002,22,eval,0.21052631578947367,0.15789473684210525,,,,,,,,,,,,,,,,,,,,2.1052631578947367,,,,0.3684210526315789,,,,
trial_0002,22,global,,,,0.22256425217926645,-0.0741569591425634,,,,,,,0,0,4,0,0,0.25,0,4,0,27,,0.06996904024767801,8.430094836444677,,,-0.8,1,0.8,1
trial_0002,23,train,,,0.25042959730675873,,,0.05110651381472323,,,0.0,0.0,0.03126539304218394,0,0,5,1,0,0.25,0,4,0,,,,,1.626687446807293,,,,,
trial_0002,23,eval,0.21052631578947367,0.21052631578947367,,,,,,,,,,,,,,,,,,,,2.1052631578947367,,,,0.0,,,,
trial_0002,23,global,,,,0.24541822001454414,-0.07166385724671337,,,,,,,0,0,5,0,0,0.0,0,5,0,27,,0.06996904024767801,8.829510436633791,,,-0.8,1,0.8,1
trial_0002,24,train,,,0.25041677469902845,,,0.05071607675958187,,,0.0,0.0,0.04261961206793785,0,0,5,0,0,0.0,0,5,0,,,,,1.413094352914932,,,,,
trial_0002,24,eval,,,,,,,0.47368421052631576,1.713050045465168,,,,,,,,,,,,,,,,,,,,,,
trial_0002,24,global,,,,0.24251439294649624,-0.05747134423244529,,,,,,,0,0,5,0,0,0.0,0,5,0,27,,0.08978328173374613,8.770597747235845,,,-0.8,1,0.8,1
trial_0002,25,train,,,0.25041838402443745,,,0.05245323320652576,,,0.0,0.0,0.032217937652417955,0,0,6,1,0,0.0,0,5,0,,,,,1.2531233280263048,,,,,
trial_0002,25,eval,0.47368421052631576,0.5263157894736842,,,,,,,,,,,,,,,,,,,,2.1052631578947367,,,,0.0,,,,
trial_0002,25,global,,,,0.23749743824214542,-0.04866718847841355,,,,,,,0,0,6,0,0,0.0,0,6,0,27,,0.09721362229102168,8.83273150086772,,,-0.8,1,0.8,1
trial_0002,26,train,,,0.25040084535771223,,,0.0540547916229735,,,0.0,0.0,0.03555948709712384,0,0,6,0,0,0.0,0,6,0,,,,,1.0545443733955953,,,,,
trial_0002,26,eval,,,,,,,0.5263157894736842,1.588094391320881,,,,,,,,,,,,,,,,,,,,,,
trial_0002,26,global,,,,0.23354706759611213,-0.03782369902299738,,,,,,,0,0,6,0,0,0.0,0,6,0,27,,0.10835913312693499,8.852186523059574,,,-0.8,1,0.8,1
trial_0002,27,train,,,0.25038732524881974,,,0.054888608607840034,,,0.0,0.0,0.03721076699488975,0,0,6,0,0,0.0,0,6,0,,,,,0.9386364046563493,,,,,
trial_0002,27,eval,,,,,,,0.47368421052631576,1.6169724433045638,,,,,,,,,,,,,,,,,,,,,,
trial_0002,27,global,,,,0.23923296111532857,-0.03981062743544421,,,,,,,0,0,6,0,0,0.0,0,6,0,27,,0.10773993808049535,8.825679391677903,,,-0.8,1,0.8,1
trial_0002,28,train,,,0.2503759277627823,,,0.05703116985077554,,,0.0,0.0,0.034957047555833426,0,0,6,0,0,0.0,0,6,0,,,,,0.8533192347972951,,,,,
trial_0002,28,eval,,,,,,,0.47368421052631576,1.5942029545181677,,,,,,,,,,,,,,,,,,,,,,
trial_0002,28,global,,,,0.2381808212763952,-0.035986425410868425,,,,,,,0,0,6,0,0,0.0,0,6,0,27,,0.10959752321981424,8.957852184661771,,,-0.8,1,0.8,1
trial_0002,29,train,,,0.25038983593595787,,,0.05904977752807293,,,0.0,0.0,0.03441534055436546,0,0,6,0,0,0.0,0,6,0,,,,,0.7735131925724923,,,,,
trial_0002,29,eval,,,,,,,0.5263157894736842,1.610164581160796,,,,,,,,,,,,,,,,,,,,,,
trial_0002,29,global,,,,0.24426852140772898,-0.04207412554220219,,,,,,,0,0,6,0,0,0.0,0,6,0,27,,0.10402476780185758,9.084981548675442,,,-0.8,1,0.8,1
trial_0002,30,train,,,0.25040833905656285,,,0.060879462576927015,,,0.0,0.0,0.03324977715123208,0,0,7,1,0,0.0,0,6,0,,,,,0.7061628325188414,,,,,
trial_0002,30,eval,0.47368421052631576,0.47368421052631576,,,,,,,,,,,,,,,,,,,,2.1052631578947367,,,,0.0,,,,
trial_0002,30,global,,,,0.24527082657173752,-0.042403030032810075,,,,,,,0,0,7,0,0,0.0,0,7,0,27,,0.10464396284829722,9.363967895507812,,,-0.8,1,0.8,1
trial_0002,31,train,,,0.2504251073015497,,,0.06261392540120063,,,0.0,0.0,0.03225711999421424,0,0,8,1,0,0.0,0,7,0,,,,,0.6458184999988433,,,,,
trial_0002,31,eval,0.47368421052631576,0.47368421052631576,,,,,,,,,,,,,,,,,,,,2.1052631578947367,,,,0.0,,,,
trial_0002,31,global,,,,0.2457584980767269,-0.04221730086439876,,,,,,,0,0,8,0,0,0.0,0,8,0,27,,0.10464396284829722,9.662538612294862,,,-0.8,1,0.8,1
trial_0002,32,train,,,0.25044700471644704,,,0.06440424348445649,,,0.0,0.0,0.0313525449762002,0,0,9,1,0,0.0,0,8,0,,,,,0.5945688959131851,,,,,
trial_0002,32,eval,0.47368421052631576,0.47368421052631576,,,,,,,,,,,,,,,,,,,,2.1052631578947367,,,,0.3684210526315789,,,,
trial_0002,32,global,,,,0.24458431664892227,-0.041043119436594146,,,,,,,0,0,9,0,0,0.25,0,9,0,27,,0.10588235294117647,9.919610406739793,,,-0.8,1,0.8,1
trial_0002,33,train,,,0.25047247587366306,,,0.06639208248321046,,,0.0,0.0,0.030706804749020877,0,0,10,1,0,0.25,0,9,0,,,,,0.5487031565701708,,,,,
trial_0002,33,eval,0.47368421052631576,0.5789473684210527,,,,,,,,,,,,,,,,,,,,2.1052631578947367,,,,0.0,,,,
trial_0002,33,global,,,,0.24361650226752243,-0.04007530505519429,,,,,,,0,0,10,0,0,0.0,0,10,0,27,,0.10773993808049535,10.146255356165646,,,-0.8,1,0.8,1
trial_0002,34,train,,,0.2505021136491857,,,0.06847588432596084,,,0.0,0.0,0.030300526612220293,0,0,10,0,0,0.0,0,10,0,,,,,0.5078963103446554,,,,,
trial_0002,34,eval,,,,,,,0.5789473684210527,1.585534774943402,,,,,,,,,,,,,,,,,,,,,,
trial_0002,34,global,,,,0.24241690108416555,-0.03678045178504129,,,,,,,0,0,10,0,0,0.0,0,10,0,27,,0.11145510835913312,10.311067830372153,,,-0.8,1,0.8,1
trial_0002,35,train,,,0.25053797281802964,,,0.07066332469595239,,,0.0,0.0,0.029882634720428198,0,0,10,0,0,0.0,0,10,0,,,,,0.4697776464071679,,,,,
trial_0002,35,eval,,,,,,,0.5789473684210527,1.6022342757174841,,,,,,,,,,,,,,,,,,,,,,
trial_0002,35,global,,,,0.24296705072180846,-0.035642487405803065,,,,,,,0,0,10,0,0,0.0,0,10,0,27,,0.11207430340557276,10.449154415071565,,,-0.8,1,0.8,1
trial_0002,36,train,,,0.2505769146249649,,,0.07263361012682001,,,0.0,0.0,0.02945810609120638,0,0,10,0,0,0.0,0,10,0,,,,,0.433177816106918,,,,,
trial_0002,36,eval,,,,,,,0.5789473684210527,1.624617379746939,,,,,,,,,,,,,,,,,,,,,,
trial_0002,36,global,,,,0.24241281339931028,-0.033284201365675906,,,,,,,0,0,10,0,0,0.0,0,10,0,27,,0.11455108359133127,10.630815738642548,,,-0.8,1,0.8,1
trial_0002,37,train,,,0.2506108559826587,,,0.07442065502734893,,,0.0,0.0,0.029035572303419424,0,0,10,0,0,0.0,0,10,0,,,,,0.3994673599905156,,,,,
trial_0002,37,eval,,,,,,,0.5789473684210527,1.6530187561323766,,,,,,,,,,,,,,,,,,,,,,
trial_0002,37,global,,,,0.24157281163405017,-0.032444199600415786,,,,,,,0,0,10,0,0,0.0,0,10,0,27,,0.11578947368421053,10.794963028851678,,,-0.8,1,0.8,1
trial_0002,38,train,,,0.25064511755679514,,,0.07614400919447553,,,0.0,0.0,0.028280028797923885,0,0,11,1,0,0.0,0,10,0,,,,,0.3657792532697637,,,,,
trial_0002,38,eval,0.42105263157894735,0.42105263157894735,,,,,,,,,,,,,,,,,,,,2.1052631578947367,,,,0.15789473684210525,,,,
trial_0002,38,global,,,,0.2406351626941181,-0.031506550660483745,,,,,,,0,0,11,0,0,0.25,0,11,0,27,,0.11640866873065016,10.869070852651685,,,-0.8,1,0.8,1
trial_0002,39,train,,,0.2506774904880118,,,0.07727350199476202,,,0.0,0.0,0.028090561643005055,0,0,12,1,0,0.25,0,11,0,,,,,0.33868902756812724,,,,,
trial_0002,39,eval,0.5263157894736842,0.42105263157894735,,,,,,,,,,,,,,,,,,,,2.1052631578947367,,,,0.2631578947368421,,,,
trial_0002,39,global,,,,0.24242235832189346,-0.0321630982440308,,,,,,,0,0,12,0,0,0.25,0,12,0,27,,0.11578947368421053,11.072540552475873,,,-0.8,1,0.8,1
trial_0002,40,train,,,0.250713993577247,,,0.07865300901392672,,,0.0,0.0,0.026895140291766283,0,0,13,1,0,0.25,0,12,0,,,,,0.30558427822716694,,,,,
trial_0002,40,eval,0.47368421052631576,0.3684210526315789,,,,,,,,,,,,,,,,,,,,2.1052631578947367,,,,0.42105263157894735,,,,
trial_0002,40,global,,,,0.2717389168537887,-0.04909494004338323,,,,,,,1,1,13,0,0,0.5,1,12,0,27,,0.0934984520123839,5.7674229837423505,,,-0.8421052631578947,22,0.8421052631578947,22
trial_0002,41,train,,,0.25067427372321105,,,0.07000289131433535,,,0.0,0.0,0.030824779277333087,1,1,13,0,0,0.5,1,12,0,,,,,0.3193704529068409,,,,,
trial_0002,41,eval,,,,,,,0.5263157894736842,1.8458556807354878,,,,,,,,,,,,,,,,,,,,,,
trial_0002,41,global,,,,0.26028616067730004,-0.03195477821331269,,,,,,,1,0,13,0,0,0.5,0,12,1,27,,0.11640866873065016,11.9262742269888,,,-0.8,1,0.8,1
trial_0002,42,train,,,0.2507448342252285,,,0.07829727264160805,,,0.0,0.0,0.028190398305416746,1,0,14,1,0,0.5,0,12,1,,,,,0.2852087995156329,,,,,
trial_0002,42,eval,0.47368421052631576,0.47368421052631576,,,,,,,,,,,,,,,,,,,,2.1052631578947367,,,,0.0,,,,
trial_0002,42,global,,,,0.2567830856448968,-0.028451703180909466,,,,,,,1,0,14,0,0,0.0,0,13,1,27,,0.1195046439628483,11.695036171833427,,,-0.8,1,0.8,1
trial_0002,43,train,,,0.25079514181360285,,,0.08111607965002668,,,0.0,0.0,0.025638862010686006,1,0,14,0,0,0.0,0,13,1,,,,,0.2500732293154331,,,,,
trial_0002,43,eval,,,,,,,0.42105263157894735,1.940939194277713,,,,,,,,,,,,,,,,,,,,,,
trial_0002,43,global,,,,0.26253332725179235,-0.0334303398495334,,,,,,,1,0,14,0,0,0.0,0,13,1,27,,0.11145510835913312,11.459671910997514,,,-0.8,1,0.8,1
trial_0002,44,train,,,0.25083046517473584,,,0.07965398342051404,,,0.0,0.0,0.02853511987907931,1,0,14,0,0,0.0,0,13,1,,,,,0.2506238166956191,,,,,
trial_0002,44,eval,,,,,,,0.5263157894736842,1.8311666595308402,,,,,,,,,,,,,,,,,,,,,,
trial_0002,44,global,,,,0.2665310397295498,-0.034383912296849416,,,,,,,1,0,14,0,0,0.0,0,13,1,27,,0.11393188854489164,12.278551983907127,,,-0.8,1,0.8,1
trial_0002,45,train,,,0.25087831882720296,,,0.08341762677152106,,,0.0,0.0,0.024778397033545882,1,0,14,0,0,0.0,0,13,1,,,,,0.23435234982282555,,,,,
trial_0002,45,eval,,,,,,,0.42105263157894735,2.0916992520031172,,,,,,,,,,,,,,,,,,,,,,
trial_0002,45,global,,,,0.26620513742007057,-0.034058009987370214,,,,,,,1,0,14,0,0,0.0,0,13,1,27,,0.11021671826625387,11.646889434436526,,,-0.8,1,0.8,1
trial_0002,46,train,,,0.25091671721732356,,,0.08061943155653932,,,0.0,0.0,0.02908959666346299,1,0,15,1,0,0.0,0,13,1,,,,,0.22390955875211577,,,,,
trial_0002,46,eval,0.47368421052631576,0.42105263157894735,,,,,,,,,,,,,,,,,,,,2.1052631578947367,,,,0.15789473684210525,,,,
trial_0002,46,global,,,,0.2625659177601352,-0.030418790327434844,,,,,,,1,0,15,0,0,0.25,0,14,1,27,,0.11826625386996904,12.64483737059791,,,-0.8,1,0.8,1
trial_0002,47,train,,,0.25096827555210033,,,0.08427846304913784,,,0.0,0.0,0.02249218191842529,1,0,16,1,0,0.25,0,14,1,,,,,0.20238770806091896,,,,,
trial_0002,47,eval,0.3684210526315789,0.3684210526315789,,,,,,,,,,,,,,,,,,,,2.1052631578947367,,,,0.0,,,,
trial_0002,47,global,,,,0.26108666615747905,-0.02816793378650709,,,,,,,1,0,16,0,0,0.0,0,15,1,27,,0.11640866873065016,12.091917575328342,,,-0.8,1,0.8,1
trial_0002,48,train,,,0.25098417287177227,,,0.0811058295534012,,,0.0,0.0,0.02561507539902913,1,0,16,0,0,0.0,0,15,1,,,,,0.19158413110578312,,,,,
trial_0002,48,eval,,,,,,,0.631578947368421,1.830708136684016,,,,,,,,,,,,,,,,,,,,,,
trial_0002,48,global,,,,0.26162329688326846,-0.02870456451229652,,,,,,,1,0,16,0,0,0.0,0,15,1,27,,0.1195046439628483,12.728874936413838,,,-0.8,1,0.8,1
trial_0002,49,train,,,0.2510369781483995,,,0.0845683140957609,,,0.0,0.0,0.020579657910708735,1,0,17,1,0,0.0,0,15,1,,,,,0.1726331515198058,,,,,
trial_0002,49,eval,0.42105263157894735,0.47368421052631576,,,,,,,,,,,,,,,,,,,,2.1052631578947367,,,,0.0,,,,
trial_0002,49,global,,,,0.25578437932672415,-0.022865646955752172,,,,,,,1,0,17,0,0,0.0,0,16,1,27,,0.12198142414860681,12.243126562726756,,,-0.8,1,0.8,1
trial_0002,50,train,,,0.25106754899024963,,,0.08133504492171267,,,0.0,0.0,0.024398296805930902,1,0,18,1,0,0.0,0,16,1,,,,,0.17165794191842382,,,,,
trial_0002,50,eval,0.5789473684210527,0.5789473684210527,,,,,,,,,,,,,,,,,,,,2.1052631578947367,,,,0.0,,,,
trial_0002,50,global,,,,0.25585072208438314,-0.022931989713411163,,,,,,,1,0,18,0,0,0.0,0,17,1,27,,0.12507739938080495,12.881660777939363,,,-0.8,1,0.8,1
trial_0002,51,train,,,0.25112262241383815,,,0.08406787476641067,,,0.0,0.0,0.01847920597486317,1,0,18,0,0,0.0,0,17,1,,,,,0.1430872932710546,,,,,
trial_0002,51,eval,,,,,,,0.5789473684210527,2.0558213685688216,,,,,,,,,,,,,,,,,,,,,,
trial_0002,51,global,,,,0.2578937437888884,-0.024262760705665732,,,,,,,1,0,18,0,0,0.0,0,17,1,27,,0.12012383900928793,12.544325771272735,,,-0.8,1,0.8,1
trial_0002,52,train,,,0.2511618974361014,,,0.08207170760377924,,,0.0,0.0,0.023215010191531896,1,0,18,0,0,0.0,0,17,1,,,,,0.15672382171800797,,,,,
trial_0002,52,eval,,,,,,,0.6842105263157894,1.7931582033634186,,,,,,,,,,,,,,,,,,,,,,
trial_0002,52,global,,,,0.2543437216650068,-0.02071273858178413,,,,,,,1,0,18,0,0,0.0,0,17,1,27,,0.12755417956656348,12.849126498101297,,,-0.8,1,0.8,1
trial_0002,53,train,,,0.2512148476027428,,,0.0847685844340223,,,0.0,0.0,0.016865012131537252,1,0,18,0,0,0.0,0,17,1,,,,,0.13749487594245596,,,,,
trial_0002,53,eval,,,,,,,0.5789473684210527,1.9677427505192004,,,,,,,,,,,,,,,,,,,,,,
trial_0002,53,global,,,,0.2536952090033882,-0.020064225920165525,,,,,,,1,0,18,0,0,0.0,0,17,1,27,,0.1238390092879257,12.396878526528184,,,-0.8,1,0.8,1
trial_0002,54,train,,,0.25125151143429125,,,0.08386971722257898,,,0.0,0.0,0.020734191914782568,1,0,19,1,0,0.0,0,17,1,,,,,0.1325485330788379,,,,,
trial_0002,54,eval,0.47368421052631576,0.47368421052631576,,,,,,,,,,,,,,,,,,,,2.1052631578947367,,,,0.0,,,,
trial_0002,54,global,,,,0.25050957628777343,-0.016878593204550776,,,,,,,1,0,19,0,0,0.0,0,18,1,27,,0.1306501547987616,12.689731354610101,,,-0.8,1,0.8,1
trial_0002,55,train,,,0.2512989767054294,,,0.08561465714840179,,,0.0,0.0,0.015821655770451665,1,0,20,1,0,0.0,0,18,1,,,,,0.1306852115040764,,,,,
trial_0002,55,eval,0.47368421052631576,0.47368421052631576,,,,,,,,,,,,,,,,,,,,2.1052631578947367,,,,0.0,,,,
trial_0002,55,global,,,,0.25416589620596314,-0.019763308184468857,,,,,,,1,0,20,0,0,0.0,0,19,1,27,,0.1238390092879257,11.90821212437869,,,-0.8,1,0.8,1
trial_0002,56,train,,,0.2513354563332618,,,0.08370903324573598,,,0.0,0.0,0.02089061056204299,1,0,20,0,0,0.0,0,19,1,,,,,0.12026934219484633,,,,,
trial_0002,56,eval,,,,,,,0.6842105263157895,1.8496293033424176,,,,,,,,,,,,,,,,,,,,,,
trial_0002,56,global,,,,0.2536030243048732,-0.01920043628337891,,,,,,,1,0,20,0,0,0.0,0,19,1,27,,0.12755417956656348,12.75873093265498,,,-0.8,1,0.8,1
trial_0002,57,train,,,0.2513761231873898,,,0.08522721173915457,,,0.0,0.0,0.015209847379926634,1,0,21,1,0,0.0,0,19,1,,,,,0.11842566946561031,,,,,
trial_0002,57,eval,0.47368421052631576,0.3684210526315789,,,,,,,,,,,,,,,,,,,,2.1052631578947367,,,,0.42105263157894735,,,,
trial_0002,57,global,,,,0.27260379266335744,-0.02662713056778906,,,,,,,2,1,21,0,0,0.5,1,19,1,27,,0.11393188854489164,6.266102401686157,,,-0.8,1,0.8,1
trial_0002,58,train,,,0.2514091279262151,,,0.07834433439450386,,,0.0,0.0,0.023986112348472654,2,1,21,0,0,0.5,1,19,1,,,,,0.11126298282582027,,,,,
trial_0002,58,eval,,,,,,,0.5263157894736842,1.9736679125773278,,,,,,,,,,,,,,,,,,,,,,
trial_0002,58,global,,,,0.2652196414689044,-0.017871237260853195,,,,,,,2,0,21,0,0,0.5,0,19,2,27,,0.13003095975232198,13.39543278224697,,,-0.8,1,0.8,1
trial_0002,59,train,,,0.2514252757772486,,,0.0826168047620895,,,0.0,0.0,0.019992388222624172,2,0,22,1,0,0.5,0,19,2,,,,,0.09746232001863894,,,,,
trial_0002,59,eval,0.631578947368421,0.631578947368421,,,,,,,,,,,,,,,,,,,,2.1052631578947367,,,,0.0,,,,
trial_0002,59,global,,,,0.26438262457828654,-0.01703422037023529,,,,,,,2,0,22,0,0,0.0,0,20,2,27,,0.1306501547987616,13.085609308484907,,,-0.8,1,0.8,1
trial_0002,60,train,,,0.25146320715863657,,,0.08352927705074878,,,0.0,0.0,0.013318297723456822,2,0,22,0,0,0.0,0,20,2,,,,,0.09372378677684576,,,,,
trial_0002,60,eval,,,,,,,0.631578947368421,1.8614246617806585,,,,,,,,,,,,,,,,,,,,,,
trial_0002,60,global,,,,0.26555957555135634,-0.01821117134330512,,,,,,,2,0,22,0,0,0.0,0,20,2,27,,0.1256965944272446,12.529274874944067,,,-0.8,1,0.8,1
trial_0002,61,train,,,0.2515082574905233,,,0.08172754023937469,,,0.0,0.0,0.015040183131474053,2,0,22,0,0,0.0,0,20,2,,,,,0.0689594617747563,,,,,
trial_0002,61,eval,,,,,,,0.631578947368421,1.8624558629173982,,,,,,,,,,,,,,,,,,,,,,
trial_0002,61,global,,,,0.26021110443760387,-0.012862700229552644,,,,,,,2,0,22,0,0,0.0,0,20,2,27,,0.13374613003095975,13.341691579907302,,,-0.8,1,0.8,1
trial_0002,62,train,,,0.25152409583964247,,,0.08173969451417314,,,0.0,0.0,0.011876538962539426,2,0,23,1,0,0.0,0,20,2,,,,,0.0686963202709213,,,,,
trial_0002,62,eval,0.47368421052631576,0.5263157894736842,,,,,,,,,,,,,,,,,,,,2.1052631578947367,,,,0.0,,,,
trial_0002,62,global,,,,0.2645947068434586,-0.017246302635407343,,,,,,,2,0,23,0,0,0.0,0,21,2,27,,0.12631578947368421,12.685825383331016,,,-0.8,1,0.8,1
trial_0002,63,train,,,0.2515560588304032,,,0.0813693771971033,,,0.0,0.0,0.012769857757140271,2,0,24,1,0,0.0,0,21,2,,,,,0.06603949207891809,,,,,
trial_0002,63,eval,0.5263157894736842,0.5263157894736842,,,,,,,,,,,,,,,,,,,,2.1052631578947367,,,,0.0,,,,
trial_0002,63,global,,,,0.2613282790469597,-0.013979874838908501,,,,,,,2,0,24,0,0,0.0,0,22,2,27,,0.13126934984520125,13.074483652971109,,,-0.8,1,0.8,1
trial_0002,64,train,,,0.25158890796468614,,,0.08127674397001874,,,0.0,0.0,0.011576752896059027,2,0,24,0,0,0.0,0,22,2,,,,,0.07457189061778023,,,,,
trial_0002,64,eval,,,,,,,0.631578947368421,1.7197677140173158,,,,,,,,,,,,,,,,,,,,,,
trial_0002,64,global,,,,0.26345173562614277,-0.016103331418091536,,,,,,,2,0,24,0,0,0.0,0,22,2,27,,0.12631578947368421,12.637553944307214,,,-0.8,1,0.8,1
trial_0002,65,train,,,0.2516096969868274,,,0.08029328762216771,,,0.0,0.0,0.012665628950220553,2,0,24,0,0,0.0,0,22,2,,,,,0.06202979944051897,,,,,
trial_0002,65,eval,,,,,,,0.5789473684210527,1.7903491721341482,,,,,,,,,,,,,,,,,,,,,,
trial_0002,65,global,,,,0.2582872110462906,-0.010938806838239406,,,,,,,2,0,24,0,0,0.0,0,22,2,27,,0.13560371517027864,13.244744832892167,,,-0.8,1,0.8,1
trial_0002,66,train,,,0.25162872703785594,,,0.08096040690198857,,,0.0,0.0,0.012180725815260111,2,0,25,1,0,0.0,0,22,2,,,,,0.06272166978488576,,,,,
trial_0002,66,eval,0.47368421052631576,0.47368421052631576,,,,,,,,,,,,,,,,,,,,2.1052631578947367,,,,0.0,,,,
trial_0002,66,global,,,,0.25298790561585033,-0.005639501407799106,,,,,,,2,0,25,0,0,0.0,0,23,2,27,,0.13746130030959752,13.157792039995224,,,-0.8,1,0.8,1
trial_0002,67,train,,,0.25163542907288733,,,0.0811721866435193,,,0.0,0.0,0.01384257635471976,2,0,26,1,0,0.0,0,23,2,,,,,0.06630259538663828,,,,,
trial_0002,67,eval,0.631578947368421,0.631578947368421,,,,,,,,,,,,,,,,,,,,2.1052631578947367,,,,0.0,,,,
trial_0002,67,global,,,,0.25350812200686357,-0.0061597177988123464,,,,,,,2,0,26,0,0,0.0,0,24,2,27,,0.14055727554179567,13.3101051023501,,,-0.8,1,0.8,1
trial_0002,68,train,,,0.25165025826464305,,,0.07884104454771,,,0.0,0.0,0.011452100379392507,2,0,26,0,0,0.0,0,24,2,,,,,0.04842903807244085,,,,,
trial_0002,68,eval,,,,,,,0.631578947368421,1.865334846863621,,,,,,,,,,,,,,,,,,,,,,
trial_0002,68,global,,,,0.2616334513880913,-0.014285047180040089,,,,,,,2,0,26,0,0,0.0,0,24,2,27,,0.13003095975232198,13.387229947778094,,,-0.8,1,0.8,1
trial_0002,69,train,,,0.25164291421149637,,,0.07866459641050785,,,0.0,0.0,0.011104958905947416,2,0,26,0,0,0.0,0,24,2,,,,,0.050196830448793604,,,,,
trial_0002,69,eval,,,,,,,0.631578947368421,1.7879844668664429,,,,,,,,,,,,,,,,,,,,,,
trial_0002,69,global,,,,0.2536972801925202,-0.00634887598446896,,,,,,,2,0,26,0,0,0.0,0,24,2,27,,0.14055727554179567,13.541464932562766,,,-0.8,1,0.8,1
trial_0002,70,train,,,0.25165491852354493,,,0.07718948100475555,,,0.0,0.0,0.010391376900983273,2,0,27,1,0,0.0,0,24,2,,,,,0.047312930026190705,,,,,
trial_0002,70,eval,0.47368421052631576,0.47368421052631576,,,,,,,,,,,,,,,,,,,,2.1052631578947367,,,,0.0,,,,
trial_0002,70,global,,,,0.2590112989830796,-0.011662894775028406,,,,,,,2,0,27,0,0,0.0,0,25,2,27,,0.13374613003095975,13.468560904393625,,,-0.8,1,0.8,1
trial_0002,71,train,,,0.251658133369811,,,0.07630986228902288,,,0.0,0.0,0.010275737461454406,2,0,28,1,0,0.0,0,25,2,,,,,0.04496156418141216,,,,,
trial_0002,71,eval,0.47368421052631576,0.47368421052631576,,,,,,,,,,,,,,,,,,,,2.1052631578947367,,,,0.0,,,,
trial_0002,71,global,,,,0.25335468850881565,-0.006006284300764473,,,,,,,2,0,28,0,0,0.0,0,26,2,27,,0.14055727554179567,13.409690209734181,,,-0.8,1,0.8,1
trial_0002,72,train,,,0.25167184766936807,,,0.07463532813051914,,,0.0,0.0,0.008671113689822652,2,0,28,0,0,0.0,0,26,2,,,,,0.03986185071395433,,,,,
trial_0002,72,eval,,,,,,,0.631578947368421,1.8835062653218444,,,,,,,,,,,,,,,,,,,,,,
trial_0002,72,global,,,,0.25995010517229206,-0.012601700964240847,,,,,,,2,0,28,0,0,0.0,0,26,2,27,,0.1325077399380805,13.464549831709256,,,-0.8,1,0.8,1
trial_0002,73,train,,,0.2516803557568408,,,0.0747662123213423,,,0.0,0.0,0.009379183714004962,2,0,28,0,0,0.0,0,26,2,,,,,0.03909163779598918,,,,,
trial_0002,73,eval,,,,,,,0.631578947368421,1.9270470001195608,,,,,,,,,,,,,,,,,,,,,,
trial_0002,73,global,,,,0.2541879925923952,-0.006839588384344004,,,,,,,2,0,28,0,0,0.0,0,26,2,27,,0.1393188854489164,13.491386824569465,,,-0.8,1,0.8,1
trial_0002,74,train,,,0.25169461680219524,,,0.07436921495072385,,,0.0,0.0,0.007978841754254276,2,0,29,1,0,0.0,0,26,2,,,,,0.05330422901488999,,,,,
trial_0002,74,eval,0.47368421052631576,0.47368421052631576,,,,,,,,,,,,,,,,,,,,2.1052631578947367,,,,0.0,,,,
trial_0002,74,global,,,,0.25893318471616616,-0.011584780508114954,,,,,,,2,0,29,0,0,0.0,0,27,2,27,,0.13312693498452013,12.81598571682862,,,-0.8,1,0.8,1
trial_0002,75,train,,,0.25171858135690084,,,0.07310278681998557,,,0.0,0.0,0.008417182694671631,2,0,30,1,0,0.0,0,27,2,,,,,0.06720171967283525,,,,,
trial_0002,75,eval,0.5789473684210527,0.5789473684210527,,,,,,,,,,,,,,,,,,,,2.1052631578947367,,,,0.0,,,,
trial_0002,75,global,,,,0.25507539460769835,-0.0077269903996471144,,,,,,,2,0,30,0,0,0.0,0,28,2,27,,0.1393188854489164,13.8536769335484,,,-0.8,1,0.8,1
trial_0002,76,train,,,0.2517426532316715,,,0.0744219701340858,,,0.0,0.0,0.007859827263653528,2,0,30,0,0,0.0,0,28,2,,,,,0.18027547633949115,,,,,
trial_0002,76,eval,,,,,,,0.5789473684210527,2.049241877700153,,,,,,,,,,,,,,,,,,,,,,
trial_0002,76,global,,,,0.25619466871450114,-0.008846264506449961,,,,,,,2,0,30,0,0,0.0,0,28,2,27,,0.13622291021671826,13.22076492073366,,,-0.8,1,0.8,1
trial_0002,77,train,,,0.2517367886736038,,,0.07223389503803658,,,0.0,0.0,0.007161128123342234,2,0,30,0,0,0.0,0,28,2,,,,,0.045425884759529155,,,,,
trial_0002,77,eval,,,,,,,0.6842105263157894,2.0399709318911556,,,,,,,,,,,,,,,,,,,,,,
trial_0002,77,global,,,,0.26154620705435777,-0.01419780284630652,,,,,,,2,0,30,0,0,0.0,0,28,2,27,,0.13126934984520125,13.213087638169988,,,-0.8,1,0.8,1
trial_0002,78,train,,,0.2517447931335327,,,0.07118257246118911,,,0.0,0.0,0.0065997395632408345,2,0,31,1,0,0.0,0,28,2,,,,,0.0431550183095672,,,,,
trial_0002,78,eval,0.47368421052631576,0.47368421052631576,,,,,,,,,,,,,,,,,,,,2.1052631578947367,,,,0.0,,,,
trial_0002,78,global,,,,0.2590447601606727,-0.011696355952621444,,,,,,,2,0,31,0,0,0.0,0,29,2,27,,0.13498452012383902,13.812821530557638,,,-0.8,1,0.8,1
trial_0002,79,train,,,0.25174679670562133,,,0.07007772808379316,,,0.0,0.0,0.005714847458194585,2,0,32,1,0,0.0,0,29,2,,,,,0.03353478727921685,,,,,
trial_0002,79,eval,0.5263157894736842,0.47368421052631576,,,,,,,,,,,,,,,,,,,,2.1052631578947367,,,,0.15789473684210525,,,,
trial_0002,79,global,,,,0.26146553071829776,-0.014117126510246535,,,,,,,2,0,32,0,0,0.25,0,30,2,27,,0.1325077399380805,13.492265598545133,,,-0.8,1,0.8,1
trial_0002,80,train,,,0.25174023860946615,,,0.06948689831064103,,,0.0,0.0,0.005758997556357769,2,0,32,0,0,0.25,0,30,2,,,,,0.02855453945775615,,,,,
trial_0002,80,eval,,,,,,,0.5789473684210527,2.005750030475227,,,,,,,,,,,,,,,,,,,,,,
trial_0002,80,global,,,,0.255816421983848,-0.008468017775796807,,,,,,,2,0,32,0,0,0.25,0,30,2,27,,0.1368421052631579,13.462301503467856,,,-0.8,1,0.8,1
trial_0002,81,train,,,0.2517286607242645,,,0.06794510433014403,,,0.0,0.0,0.0059642063367101265,2,0,32,0,0,0.25,0,30,2,,,,,0.028002398955497016,,,,,
trial_0002,81,eval,,,,,,,0.631578947368421,2.241140704111833,,,,,,,,,,,,,,,,,,,,,,
trial_0002,81,global,,,,0.26269507849055423,-0.013326472262300994,,,,,,,2,0,32,0,0,0.25,0,30,2,27,,0.13312693498452013,13.191082744775542,,,-0.8,1,0.8,1
trial_0002,82,train,,,0.25173837073305816,,,0.06732455720292761,,,0.0,0.0,0.005790259175580318,2,0,33,1,0,0.25,0,30,2,,,,,0.02281427467539114,,,,,
trial_0002,82,eval,0.47368421052631576,0.47368421052631576,,,,,,,,,,,,,,,,,,,,2.1052631578947367,,,,0.0,,,,
trial_0002,82,global,,,,0.25969138028852157,-0.009408279318613088,,,,,,,2,0,33,0,0,0.0,0,31,2,27,,0.13746130030959752,13.855498974684961,,,-0.8,1,0.8,1
trial_0002,83,train,,,0.25174231446803885,,,0.0661679950166256,,,0.0,0.0,0.006138633764017637,2,0,34,1,0,0.0,0,31,2,,,,,0.027733869368131173,,,,,
trial_0002,83,eval,0.5263157894736842,0.5263157894736842,,,,,,,,,,,,,,,,,,,,2.1052631578947367,,,,0.0,,,,
trial_0002,83,global,,,,0.25883435336460886,-0.00855125239470042,,,,,,,2,0,34,0,0,0.0,0,32,2,27,,0.13808049535603714,13.915929060897591,,,-0.8,1,0.8,1
trial_0002,84,train,,,0.25174125236399625,,,0.06539337178494067,,,0.0,0.0,0.005080388042072028,2,0,34,0,0,0.0,0,32,2,,,,,0.023665903973333693,,,,,
trial_0002,84,eval,,,,,,,0.631578947368421,2.224568384478947,,,,,,,,,,,,,,,,,,,,,,
trial_0002,84,global,,,,0.2590396701279228,-0.008756569158014323,,,,,,,2,0,34,0,0,0.0,0,32,2,27,,0.13622291021671826,13.581692566295896,,,-0.8,1,0.8,1
trial_0002,85,train,,,0.25174538125383095,,,0.06541602662269105,,,0.0,0.0,0.005599355502419441,2,0,34,0,0,0.0,0,32,2,,,,,0.021904128330185058,,,,,
trial_0002,85,eval,,,,,,,0.5789473684210527,2.2539746083907386,,,,,,,,,,,,,,,,,,,,,,
trial_0002,85,global,,,,0.25990313052424646,-0.00962002955433796,,,,,,,2,0,34,0,0,0.0,0,32,2,27,,0.13622291021671826,13.645747951826444,,,-0.8,1,0.8,1
trial_0002,86,train,,,0.2517552535901678,,,0.06450390435279685,,,0.0,0.0,0.004822547143889329,2,0,35,1,0,0.0,0,32,2,,,,,0.0219063328489899,,,,,
trial_0002,86,eval,0.5263157894736842,0.5263157894736842,,,,,,,,,,,,,,,,,,,,2.1052631578947367,,,,0.0,,,,
trial_0002,86,global,,,,0.25900094509094407,-0.008717844121035616,,,,,,,2,0,35,0,0,0.0,0,33,2,27,,0.1368421052631579,13.722078830022191,,,-0.8,1,0.8,1
trial_0002,87,train,,,0.25176469696328996,,,0.06440028865286644,,,0.0,0.0,0.005023596706760532,2,0,36,1,0,0.0,0,33,2,,,,,0.019920836491113963,,,,,
trial_0002,87,eval,0.47368421052631576,0.47368421052631576,,,,,,,,,,,,,,,,,,,,2.1052631578947367,,,,0.0,,,,
trial_0002,87,global,,,,0.25728548750201063,-0.007002386532102177,,,,,,,2,0,36,0,0,0.0,0,34,2,27,,0.1386996904024768,14.003260628431574,,,-0.8,1,0.8,1
trial_0002,88,train,,,0.2517652340391849,,,0.06312665913967376,,,0.0,0.0,0.004439961881639358,2,0,36,0,0,0.0,0,34,2,,,,,0.019650549242431495,,,,,
trial_0002,88,eval,,,,,,,0.631578947368421,2.3651145985350013,,,,,,,,,,,,,,,,,,,,,,
trial_0002,88,global,,,,0.2553055276284701,-0.005022426658561626,,,,,,,2,0,36,0,0,0.0,0,34,2,27,,0.1411764705882353,13.690927322434936,,,-0.8,1,0.8,1
trial_0002,89,train,,,0.25176870220519126,,,0.06334851333435546,,,0.0,0.0,0.004390129049700571,2,0,36,0,0,0.0,0,34,2,,,,,0.020115187995512276,,,,,
trial_0002,89,eval,,,,,,,0.631578947368421,2.480570002434481,,,,,,,,,,,,,,,,,,,,,,
trial_0002,89,global,,,,0.2599292037528316,-0.009646102782923126,,,,,,,2,0,36,0,0,0.0,0,34,2,27,,0.13560371517027864,13.91877100799844,,,-0.8,1,0.8,1
trial_0002,90,train,,,0.25176385092608466,,,0.06232701717539037,,,0.0,0.0,0.003728511352234451,2,0,37,1,0,0.0,0,34,2,,,,,0.018192352831581646,,,,,
trial_0002,90,eval,0.47368421052631576,0.47368421052631576,,,,,,,,,,,,,,,,,,,,2.1052631578947367,,,,0.0,,,,
trial_0002,90,global,,,,0.2571156865356481,-0.006832585565739629,,,,,,,2,0,37,0,0,0.0,0,35,2,27,,0.14055727554179567,14.239857686045738,,,-0.8,1,0.8,1
trial_0003,1,train,,,0.250413255223745,,,0.011868511916055709,,,0.0,0.0,0.002826578910698489,0,0,0,0,0,,0,0,0,,,,,2.198364128945749,,,,,
trial_0003,1,eval,,,,,,,0.3529411764705882,2.1883499482098747,,,,,,,,,,,,,,,,,,,,,,
trial_0003,1,global,,,,,,,,,,,,0,0,0,0,0,,0,0,0,9,,0.12421052631578948,2.196899327227944,,,,,,
trial_0003,2,train,,,0.250357708598994,,,0.014061252433287943,,,0.0,0.0,0.021403039953541723,0,0,0,0,0,,0,0,0,,,,,2.168163594716712,,,,,
trial_0003,2,eval,,,,,,,0.11764705882352941,2.177988318835988,,,,,,,,,,,,,,,,,,,,,,
trial_0003,2,global,,,,0.015637860082304538,-0.004744613894940704,,,,,,,0,0,0,0,0,,0,0,0,9,,0.12,2.1961992695457058,,,-0.07407407407407407,3,0.07407407407407407,3
trial_0003,3,train,,,0.25035132712955716,,,0.019249074726919585,,,0.0,0.0,0.021708557091040324,0,0,0,0,0,,0,0,0,,,,,2.090280249299882,,,,,
trial_0003,3,eval,,,,,,,0.058823529411764705,2.143240248455721,,,,,,,,,,,,,,,,,,,,,,
trial_0003,3,global,,,,0.032195594287097555,-0.021302348099733723,,,,,,,0,0,0,0,0,,0,0,0,9,,0.1031578947368421,2.227292797690944,,,-0.11764705882352944,0,0.21568627450980393,0
trial_0003,4,train,,,0.250407926643951,,,0.0269306586890281,,,0.0,0.0,0.028168601429537886,0,0,0,0,0,,0,0,0,,,,,1.9489433077317249,,,,,
trial_0003,4,eval,,,,,,,0.1764705882352941,2.1163126931470986,,,,,,,,,,,,,,,,,,,,,,
trial_0003,4,global,,,,0.05495037521181313,-0.004106364006298835,,,,,,,0,0,0,0,0,,0,0,0,9,,0.12210526315789473,2.2192372266869795,,,-0.22222222222222232,1,0.23529411764705882,0
trial_0003,5,train,,,0.2504496812065945,,,0.03262988185580773,,,0.0,0.0,0.025055889270115126,0,0,0,0,0,,0,0,0,,,,,1.7254699488983878,,,,,
trial_0003,5,eval,,,,,,,0.1764705882352941,2.194704055786133,,,,,,,,,,,,,,,,,,,,,,
trial_0003,5,global,,,,0.05551571450132133,-0.004671703295807033,,,,,,,0,0,0,0,0,,0,0,0,9,,0.12,2.3675775076213634,,,-0.13725490196078433,0,0.23529411764705882,0
trial_0003,6,train,,,0.25045030743260926,,,0.03787324869934516,,,0.0,0.0,0.030428753102410444,0,0,0,0,0,,0,0,0,,,,,1.6217024883137474,,,,,
trial_0003,6,eval,,,,,,,0.29411764705882354,2.160301629234763,,,,,,,,,,,,,,,,,,,,,,
trial_0003,6,global,,,,0.04313725490196079,0.07424325395140546,,,,,,,0,0,0,0,0,,0,0,0,9,,0.2,2.2993978214263917,,,-0.1568627450980392,0,0.2549019607843137,0
trial_0003,7,train,,,0.25045127431048625,,,0.04111506440971471,,,0.0,0.0,0.028002227715487722,0,0,0,0,0,,0,0,0,,,,,1.4606020845944367,,,,,
trial_0003,7,eval,,,,,,,0.4117647058823529,2.329477674820844,,,,,,,,,,,,,,,,,,,,,,
trial_0003,7,global,,,,0.08416901687991951,0.04037995075480874,,,,,,,0,0,0,0,0,,0,0,0,9,,0.16842105263157894,2.5494308386350935,,,-0.13333333333333341,1,0.196078431372549,0
trial_0003,8,train,,,0.2504512384722505,,,0.042942500001267536,,,0.0,0.0,0.03689920136445686,0,0,0,0,0,,0,0,0,,,,,1.3334974466999876,,,,,
trial_0003,8,eval,,,,,,,0.4705882352941177,2.2328649619046383,,,,,,,,,,,,,,,,,,,,,,
trial_0003,8,global,,,,0.06438785467326205,0.0601611129614662,,,,,,,0,0,0,0,0,,0,0,0,9,,0.18736842105263157,2.55977504780418,,,-0.1777777777777778,1,0.1777777777777778,1
trial_0003,9,train,,,0.25047585594503186,,,0.04513678086709373,,,0.0,0.0,0.0369288836051769,0,0,1,1,0,,0,0,0,,,,,1.106476983805246,,,,,
trial_0003,9,eval,0.3529411764705882,0.3529411764705882,,,,,,,,,,,,,,,,,,,,2.8823529411764706,,,,0.0,,,,
trial_0003,9,global,,,,0.0680981117858945,0.058629505086306516,,,,,,,0,0,1,0,0,0.0,0,1,0,9,,0.1831578947368421,2.799259967552988,,,-0.1777777777777778,1,0.1777777777777778,1
trial_0003,10,train,,,0.2504811207704906,,,0.04757146556166154,,,0.0,0.0,0.03822276744095585,0,0,1,0,0,0.0,0,1,0,,,,,0.993033723174771,,,,,
trial_0003,10,eval,,,,,,,0.411764705882353,2.2920064154793236,,,,,,,,,,,,,,,,,,,,,,
trial_0003,10,global,,,,0.057907947850822955,0.07562239010981345,,,,,,,0,0,1,0,0,0.0,0,1,0,9,,0.20210526315789473,2.838138205377679,,,-0.24444444444444446,1,0.24444444444444446,1
trial_0003,11,train,,,0.25040511682976124,,,0.024925464807554733,,,0.0,0.0,0.04901158850813333,0,0,1,0,0,0.0,0,1,0,,,,,16.37153595658236,,,,,
trial_0003,11,eval,,,,,,,0.10526315789473684,4.67436429073936,,,,,,,,,,,,,,,,,,,,,,
trial_0003,11,global,,,,0.25310557546304474,-0.11957523750240837,,,,,,,0,0,1,0,0,0.0,0,1,0,18,,0.07368421052631578,6.368041880849446,,,-0.6888888888888889,1,0.6888888888888889,1
trial_0003,12,train,,,0.25031686002431913,,,0.035141610822012254,,,0.0,1.0,0.19798127525421078,0,0,1,0,0,0.0,0,1,0,,,,,3.2061097998951755,,,,,
trial_0003,12,eval,,,,,,,0.05263157894736842,2.949053827084993,,,,,,,,,,,,,,,,,,,,,,
trial_0003,12,global,,,,0.1508548220365516,-0.0606611770041727,,,,,,,0,0,1,0,0,0.0,0,1,0,18,,0.07177033492822966,4.99991455465983,,,-0.6222222222222222,1,0.6222222222222222,1
trial_0003,13,train,,,0.25030208586953406,,,0.033842085405837656,,,0.0,0.3488372093023256,0.09638652959188751,0,0,1,0,0,0.0,0,1,0,,,,,1.9205767088158185,,,,,
trial_0003,13,eval,,,,,,,0.10526315789473684,2.2059407485158817,,,,,,,,,,,,,,,,,,,,,,
trial_0003,13,global,,,,0.16525565858283947,-0.04211540672923349,,,,,,,0,0,1,0,0,0.0,0,1,0,18,,0.09569377990430622,4.814564031847356,,,-0.8,1,0.8,1
trial_0003,14,train,,,0.2502844331915989,,,0.03318857730821121,,,0.0,0.09302325581395349,0.06365923889327882,0,0,2,1,0,0.0,0,1,0,,,,,1.713917814992195,,,,,
trial_0003,14,eval,0.15789473684210525,0.15789473684210525,,,,,,,,,,,,,,,,,,,,1.6842105263157894,,,,0.0,,,,
trial_0003,14,global,,,,0.1760839854242382,-0.04256872632551542,,,,,,,0,0,2,0,0,0.0,0,2,0,18,,0.09665071770334928,5.208535624691174,,,-0.8,1,0.8,1
trial_0003,15,train,,,0.2502831125328707,,,0.034602636861246684,,,0.09302325581395349,0.0,0.062090280123574794,0,0,2,0,0,0.0,0,2,0,,,,,1.5825853511344554,,,,,
trial_0003,15,eval,,,,,,,0.2631578947368421,1.9685597921672615,,,,,,,,,,,,,,,,,,,,,,
trial_0003,15,global,,,,0.1765454334991448,-0.03323477649860786,,,,,,,0,0,2,0,0,0.0,0,2,0,18,,0.10526315789473684,4.944066461535732,,,-0.8,1,0.8,1
trial_0003,16,train,,,0.2502881638532461,,,0.03552325381789097,,,0.0,0.0,0.04922154321400233,0,0,2,0,0,0.0,0,2,0,,,,,1.3685090934121331,,,,,
trial_0003,16,eval,,,,,,,0.3157894736842105,2.2398609738600883,,,,,,,,,,,,,,,,,,,,,,
trial_0003,16,global,,,,0.1615123430748181,-0.014579127678639784,,,,,,,0,0,2,0,0,0.0,0,2,0,18,,0.12535885167464114,5.310121693679591,,,-0.8,1,0.8,1
trial_0003,17,train,,,0.2503156206289003,,,0.03743836768837862,,,0.0,0.09302325581395349,0.05018062721071549,0,0,3,1,0,0.0,0,2,0,,,,,1.3252379807621935,,,,,
trial_0003,17,eval,0.21052631578947367,0.21052631578947367,,,,,,,,,,,,,,,,,,,,1.6842105263157894,,,,0.0,,,,
trial_0003,17,global,,,,0.17760518874282713,-0.026556747009200285,,,,,,,0,0,3,0,0,0.0,0,3,0,18,,0.11196172248803828,5.102145281933141,,,-0.8,1,0.8,1
trial_0003,18,train,,,0.2503400670234547,,,0.03946114418118499,,,0.0,0.0,0.0424452132003945,0,0,3,0,0,0.0,0,3,0,,,,,1.19178793776867,,,,,
trial_0003,18,eval,,,,,,,0.3684210526315789,2.1117147458227055,,,,,,,,,,,,,,,,,,,,,,
trial_0003,18,global,,,,0.16186760950759532,-0.010036695160509942,,,,,,,0,0,3,0,0,0.0,0,3,0,18,,0.13014354066985645,5.46996641204688,,,-0.8,1,0.8,1
trial_0003,19,train,,,0.2503788150673689,,,0.04168817539547765,,,0.0,0.0,0.0451963555760855,0,0,3,0,0,0.0,0,3,0,,,,,1.170482098709705,,,,,
trial_0003,19,eval,,,,,,,0.3684210526315789,1.7671101908934743,,,,,,,,,,,,,,,,,,,,,,
trial_0003,19,global,,,,0.16883818673961046,-0.011080766857255857,,,,,,,0,0,3,0,0,0.0,0,3,0,18,,0.12822966507177033,5.237874886179655,,,-0.8,1,0.8,1
trial_0003,20,train,,,0.25042420902917556,,,0.04408470835796622,,,0.0,0.0,0.03904730657678704,0,0,3,0,0,0.0,0,3,0,,,,,1.052989472899326,,,,,
trial_0003,20,eval,,,,,,,0.3684210526315789,2.136494423213758,,,,,,,,,,,,,,,,,,,,,,
trial_0003,20,global,,,,0.159666132340639,-0.0019087124582844034,,,,,,,0,0,3,0,0,0.0,0,3,0,18,,0.13875598086124402,5.707728063318718,,,-0.8,1,0.8,1
trial_0003,21,train,,,0.2504917250034657,,,0.06669883017844343,,,0.0,0.0,0.026140557701124868,0,0,3,0,0,0.0,0,3,0,,,,,17.429289945643,,,,,
trial_0003,21,eval,,,,,,,0.21052631578947367,2.1668572112133626,,,,,,,,,,,,,,,,,,,,,,
trial_0003,21,global,,,,0.27053898371795504,-0.11278156383560048,,,,,,,0,0,3,0,0,0.0,0,3,0,27,,0.06191950464396285,6.995679568358619,,,-0.8,1,0.8,1
trial_0003,22,train,,,0.250460592039088,,,0.05083681230849408,,,0.0,1.0,0.18843038765356898,0,0,4,1,0,0.0,0,3,0,,,,,2.163254225000422,,,,,
trial_0003,22,eval,0.21052631578947367,0.21052631578947367,,,,,,,,,,,,,,,,,,,,2.1052631578947367,,,,0.0,,,,
trial_0003,22,global,,,,0.22050443835474673,-0.07039501038614826,,,,,,,0,0,4,0,0,0.0,0,4,0,27,,0.07306501547987616,8.308820798891617,,,-0.8,1,0.8,1
trial_0003,23,train,,,0.25044294779605053,,,0.05183247112213297,,,0.0,0.0,0.03163151936011112,0,0,5,1,0,0.0,0,4,0,,,,,1.6103415496805882,,,,,
trial_0003,23,eval,0.21052631578947367,0.2631578947368421,,,,,,,,,,,,,,,,,,,,2.1052631578947367,,,,0.0,,,,
trial_0003,23,global,,,,0.2454851919806607,-0.07076065153463089,,,,,,,0,0,5,0,0,0.0,0,5,0,27,,0.06996904024767801,8.789528266268986,,,-0.8,1,0.8,1
trial_0003,24,train,,,0.25042821181581376,,,0.051413066209630764,,,0.0,0.0,0.04278684732444743,0,0,5,0,0,0.0,0,5,0,,,,,1.3951259318818436,,,,,
trial_0003,24,eval,,,,,,,0.47368421052631576,1.6871702482825832,,,,,,,,,,,,,,,,,,,,,,
trial_0003,24,global,,,,0.24169162511210893,-0.058039186775762405,,,,,,,0,0,5,0,0,0.0,0,5,0,27,,0.0891640866873065,8.746114864290314,,,-0.8,1,0.8,1
trial_0003,25,train,,,0.2504238086812039,,,0.052922310347252706,,,0.0,0.0,0.032316667729235714,0,0,6,1,0,0.0,0,5,0,,,,,1.2316320918975991,,,,,
trial_0003,25,eval,0.47368421052631576,0.5263157894736842,,,,,,,,,,,,,,,,,,,,2.1052631578947367,,,,0.0,,,,
trial_0003,25,global,,,,0.23578093311333714,-0.04603517655270085,,,,,,,0,0,6,0,0,0.0,0,6,0,27,,0.09907120743034056,8.803723496475456,,,-0.8,1,0.8,1
trial_0003,26,train,,,0.25039309611979954,,,0.054233071651864556,,,0.0,0.0,0.03523975928571631,0,0,6,0,0,0.0,0,6,0,,,,,1.0345721693749124,,,,,
trial_0003,26,eval,,,,,,,0.5263157894736842,1.595121637771004,,,,,,,,,,,,,,,,,,,,,,
trial_0003,26,global,,,,0.23252186022152024,-0.03745505942411239,,,,,,,0,0,6,0,0,0.0,0,6,0,27,,0.10835913312693499,8.830665397053533,,,-0.8,1,0.8,1
trial_0003,27,train,,,0.2503764112579061,,,0.055091957462594855,,,0.0,0.0,0.03625416329249423,0,0,6,0,0,0.0,0,6,0,,,,,0.9280102481233313,,,,,
trial_0003,27,eval,,,,,,,0.47368421052631576,1.628934173207534,,,,,,,,,,,,,,,,,,,,,,
trial_0003,27,global,,,,0.2358446720397554,-0.03585461540686073,,,,,,,0,0,6,0,0,0.0,0,6,0,27,,0.1108359133126935,8.768368142898607,,,-0.8,1,0.8,1
trial_0003,28,train,,,0.25036921399704953,,,0.056898907144018934,,,0.0,0.0,0.03450711273608056,0,0,6,0,0,0.0,0,6,0,,,,,0.8455041553111787,,,,,
trial_0003,28,eval,,,,,,,0.47368421052631576,1.6098834919302087,,,,,,,,,,,,,,,,,,,,,,
trial_0003,28,global,,,,0.235916113411365,-0.03257879818429816,,,,,,,0,0,6,0,0,0.0,0,6,0,27,,0.11269349845201239,8.915817747322768,,,-0.8,1,0.8,1
trial_0003,29,train,,,0.25038006362762855,,,0.058774068000468804,,,0.0,0.0,0.03381241254032927,0,0,6,0,0,0.0,0,6,0,,,,,0.7631758464143631,,,,,
trial_0003,29,eval,,,,,,,0.5263157894736842,1.6304244634352232,,,,,,,,,,,,,,,,,,,,,,
trial_0003,29,global,,,,0.24043043822468776,-0.037093122997620916,,,,,,,0,0,6,0,0,0.0,0,6,0,27,,0.10835913312693499,9.04316105798302,,,-0.8,1,0.8,1
trial_0003,30,train,,,0.2503973645098666,,,0.0604445439703921,,,0.0,0.0,0.03281135508750982,0,0,7,1,0,0.0,0,6,0,,,,,0.6960102192264923,,,,,
trial_0003,30,eval,0.47368421052631576,0.47368421052631576,,,,,,,,,,,,,,,,,,,,2.1052631578947367,,,,0.0,,,,
trial_0003,30,global,,,,0.24231904845616603,-0.03830833255569851,,,,,,,0,0,7,0,0,0.0,0,7,0,27,,0.10773993808049535,9.300937454176392,,,-0.8,1,0.8,1
trial_0003,31,train,,,0.2504205782996847,,,0.06200182120850745,,,0.0,0.0,0.03192484941967624,0,0,8,1,0,0.0,0,7,0,,,,,0.6369153597887526,,,,,
trial_0003,31,eval,0.42105263157894735,0.47368421052631576,,,,,,,,,,,,,,,,,,,,2.1052631578947367,,,,0.0,,,,
trial_0003,31,global,,,,0.24303273684216609,-0.03834862026829787,,,,,,,0,0,8,0,0,0.0,0,8,0,27,,0.10835913312693499,9.600896541252963,,,-0.8,1,0.8,1
trial_0003,32,train,,,0.25044350104129065,,,0.06375195371343734,,,0.0,0.0,0.031018775848156595,0,0,9,1,0,0.0,0,8,0,,,,,0.5865107659329759,,,,,
trial_0003,32,eval,0.5263157894736842,0.47368421052631576,,,,,,,,,,,,,,,,,,,,2.1052631578947367,,,,0.3684210526315789,,,,
trial_0003,32,global,,,,0.24171578551850514,-0.03622651596557091,,,,,,,0,0,9,0,0,0.25,0,9,0,27,,0.1108359133126935,9.82994489167866,,,-0.8,1,0.8,1
trial_0003,33,train,,,0.25047296349038467,,,0.06554653289470266,,,0.0,0.0,0.030607740307583457,0,0,10,1,0,0.25,0,9,0,,,,,0.5428102064639964,,,,,
trial_0003,33,eval,0.5263157894736842,0.5789473684210527,,,,,,,,,,,,,,,,,,,,2.1052631578947367,,,,0.0,,,,
trial_0003,33,global,,,,0.23975603774555285,-0.034266768192618625,,,,,,,0,0,10,0,0,0.0,0,10,0,27,,0.11331269349845201,10.03367026833927,,,-0.8,1,0.8,1
trial_0003,34,train,,,0.25050165805410834,,,0.06737780824620673,,,0.0,0.0,0.030194695937903006,0,0,10,0,0,0.0,0,10,0,,,,,0.5018239219137963,,,,,
trial_0003,34,eval,,,,,,,0.631578947368421,1.6786774349840063,,,,,,,,,,,,,,,,,,,,,,
trial_0003,34,global,,,,0.24025785074736583,-0.03476858119443163,,,,,,,0,0,10,0,0,0.0,0,10,0,27,,0.11269349845201239,10.178727377309889,,,-0.8,1,0.8,1
trial_0003,35,train,,,0.25053139316274764,,,0.06903479200728396,,,0.0,0.0,0.029936499703437727,0,0,10,0,0,0.0,0,10,0,,,,,0.4653337077891573,,,,,
trial_0003,35,eval,,,,,,,0.5263157894736842,1.6998094132072046,,,,,,,,,,,,,,,,,,,,,,
trial_0003,35,global,,,,0.23954560003511513,-0.032202172463639336,,,,,,,0,0,10,0,0,0.0,0,10,0,27,,0.11517027863777089,10.318345564142469,,,-0.8,1,0.8,1
trial_0003,36,train,,,0.25057052012453684,,,0.07099630858035798,,,0.0,0.0,0.02937753136923656,0,0,10,0,0,0.0,0,10,0,,,,,0.427755983110438,,,,,
trial_0003,36,eval,,,,,,,0.5263157894736842,1.7412231658634385,,,,,,,,,,,,,,,,,,,,,,
trial_0003,36,global,,,,0.23911721736035568,-0.030135785072911325,,,,,,,0,0,10,0,0,0.0,0,10,0,27,,0.11702786377708978,10.361590342329752,,,-0.8,1,0.8,1
trial_0003,37,train,,,0.2506102367918542,,,0.07284718878725742,,,0.0,0.0,0.02914220244683167,0,0,10,0,0,0.0,0,10,0,,,,,0.3948529140429294,,,,,
trial_0003,37,eval,,,,,,,0.47368421052631576,1.786483892484715,,,,,,,,,,,,,,,,,,,,,,
trial_0003,37,global,,,,0.23936088207770456,-0.0290326484434589,,,,,,,0,0,10,0,0,0.0,0,10,0,27,,0.11764705882352941,10.411259016385388,,,-0.8,1,0.8,1
trial_0003,38,train,,,0.25065086750274007,,,0.07478799274627199,,,0.0,0.0,0.02848262239168299,0,0,11,1,0,0.0,0,10,0,,,,,0.3634647549466884,,,,,
trial_0003,38,eval,0.5263157894736842,0.47368421052631576,,,,,,,,,,,,,,,,,,,,2.1052631578947367,,,,0.5263157894736842,,,,
trial_0003,38,global,,,,0.25692085388386293,-0.042832799823130166,,,,,,,1,1,11,0,0,0.5,1,10,0,27,,0.09907120743034056,4.885996999829177,,,-0.7777777777777778,1,0.7777777777777778,1
trial_0003,39,train,,,0.2506222196987697,,,0.06444239616394043,,,0.0,0.0,0.03325006394514016,1,1,11,0,0,0.5,1,10,0,,,,,0.3860245972446033,,,,,
trial_0003,39,eval,,,,,,,0.5263157894736842,1.8074157928165637,,,,,,,,,,,,,,,,,,,,,,
trial_0003,39,global,,,,0.24308439671054866,-0.02832294197641521,,,,,,,1,1,11,0,0,0.5,1,10,0,27,,0.11269349845201239,10.560033369507213,,,-0.8,1,0.8,1
trial_0003,40,train,,,0.25073995552164446,,,0.07411468409477395,,,0.0,0.0,0.030185081567020815,1,1,11,0,0,0.5,1,10,0,,,,,0.3251137851400578,,,,,
trial_0003,40,eval,,,,,,,0.5789473684210527,1.720172908745314,,,,,,,,,,,,,,,,,,,,,,
trial_0003,40,global,,,,0.2517233980824784,-0.03274649840907117,,,,,,,1,1,11,0,0,0.5,1,10,0,27,,0.11393188854489164,11.028411447153003,,,-0.8,1,0.8,1
trial_0003,41,train,,,0.25078410734521583,,,0.07759699669290096,,,0.0,0.0,0.027430336971945586,1,1,11,0,0,0.5,1,10,0,,,,,0.3084372636485607,,,,,
trial_0003,41,eval,,,,,,,0.5789473684210527,1.8949037774613027,,,,,,,,,,,,,,,,,,,,,,
trial_0003,41,global,,,,0.2446767010723732,-0.02233279803196259,,,,,,,1,1,11,0,1,0.5,0,10,0,27,,0.12074303405572756,10.531280633318167,,,-0.8,1,0.8,1
trial_0003,42,train,,,0.2508194031233483,,,0.07605914993489041,,,0.0,0.0,0.02626516789673491,1,1,12,1,1,0.5,0,10,0,,,,,0.2720009535868117,,,,,
trial_0003,42,eval,0.5789473684210527,0.47368421052631576,,,,,,,,,,,,,,,,,,,,2.1052631578947367,,,,0.42105263157894735,,,,
trial_0003,42,global,,,,0.2997198629178974,-0.07666370916523604,,,,,,,2,2,12,0,1,0.5,1,10,0,27,,0.06625386996904024,8.153397832344929,,,-0.8,1,0.8,1
trial_0003,43,train,,,0.2508372166488744,,,0.07807481288909912,,,0.0,0.0,0.022114855438895246,2,2,12,0,1,0.5,1,10,0,,,,,0.2658918433174302,,,,,
trial_0003,43,eval,,,,,,,0.5263157894736842,2.015946107475381,,,,,,,,,,,,,,,,,,,,,,
trial_0003,43,global,,,,0.2566104815482743,-0.033554327795613015,,,,,,,2,1,12,0,1,0.5,0,10,1,27,,0.10835913312693499,11.482347024262136,,,-0.8,1,0.8,1
trial_0003,44,train,,,0.2508709557512973,,,0.07964642377609901,,,0.0,0.0,0.02514169207239088,2,1,13,1,1,0.5,0,10,1,,,,,0.25960466584309616,,,,,
trial_0003,44,eval,0.47368421052631576,0.42105263157894735,,,,,,,,,,,,,,,,,,,,2.1052631578947367,,,,0.15789473684210525,,,,
trial_0003,44,global,,,,0.24446966895472041,-0.01862170824358547,,,,,,,2,1,13,0,1,0.25,0,11,1,27,,0.12321981424148606,11.052788309859048,,,-0.8,1,0.8,1
trial_0003,45,train,,,0.25090405820532047,,,0.07820240043579263,,,0.0,0.0,0.025395890408037036,2,1,14,1,1,0.25,0,11,1,,,,,0.23217808039898566,,,,,
trial_0003,45,eval,0.47368421052631576,0.47368421052631576,,,,,,,,,,,,,,,,,,,,2.1052631578947367,,,,0.0,,,,
trial_0003,45,global,,,,0.25986428468199146,-0.03147954061215534,,,,,,,2,1,14,0,1,0.0,0,12,1,27,,0.11393188854489164,11.511069379871474,,,-0.8,1,0.8,1
trial_0003,46,train,,,0.25093724911517284,,,0.07989111415883327,,,0.0,0.0,0.024062623311468266,2,1,15,1,1,0.0,0,12,1,,,,,0.21333018043573868,,,,,
trial_0003,46,eval,0.47368421052631576,0.47368421052631576,,,,,,,,,,,,,,,,,,,,2.1052631578947367,,,,0.0,,,,
trial_0003,46,global,,,,0.2478305562522543,-0.01877241150901752,,,,,,,2,1,15,0,1,0.0,0,13,1,27,,0.12321981424148606,11.485928058919523,,,-0.8,1,0.8,1
trial_0003,47,train,,,0.2509613252700643,,,0.07959892521513269,,,0.0,0.0,0.02401692742739428,2,1,15,0,1,0.0,0,13,1,,,,,0.2022752561626282,,,,,
trial_0003,47,eval,,,,,,,0.631578947368421,2.00753737123389,,,,,,,,,,,,,,,,,,,,,,
trial_0003,47,global,,,,0.257117111128323,-0.027044253041605744,,,,,,,2,1,15,0,1,0.0,0,13,1,27,,0.11888544891640866,11.913580558469791,,,-0.8,1,0.8,1
trial_0003,48,train,,,0.25098586399504474,,,0.07910347428727657,,,0.0,0.0,0.02113453652412492,2,1,15,0,1,0.0,0,13,1,,,,,0.1678140637088329,,,,,
trial_0003,48,eval,,,,,,,0.5789473684210527,2.01713680123028,,,,,,,,,,,,,,,,,,,,,,
trial_0003,48,global,,,,0.24821385870087764,-0.01814100061416041,,,,,,,2,1,15,0,1,0.0,0,13,1,27,,0.12445820433436533,12.09519486796376,,,-0.8,1,0.8,1
trial_0003,49,train,,,0.25099517658669895,,,0.07918227162766964,,,0.0,0.0,0.02190665078121535,2,1,15,0,1,0.0,0,13,1,,,,,0.1706841498058527,,,,,
trial_0003,49,eval,,,,,,,0.5789473684210527,1.95088244425623,,,,,,,,,,,,,,,,,,,,,,
trial_0003,49,global,,,,0.2518571104426448,-0.021784252355927583,,,,,,,2,1,15,0,1,0.0,0,13,1,27,,0.12198142414860681,12.677261376159478,,,-0.8,1,0.8,1
trial_0003,50,train,,,0.25101498181515547,,,0.08039401756956222,,,0.0,0.0,0.018528788790671515,2,1,15,0,1,0.0,0,13,1,,,,,0.1558213217540624,,,,,
trial_0003,50,eval,,,,,,,0.5789473684210527,1.933870538284904,,,,,,,,,,,,,,,,,,,,,,
trial_0003,50,global,,,,0.24733345564520703,-0.017260597558489812,,,,,,,2,1,15,0,1,0.0,0,13,1,27,,0.1238390092879257,12.551991186939157,,,-0.8,1,0.8,1
trial_0003,51,train,,,0.25104635668561814,,,0.07926243416806485,,,0.0,0.0,0.01899709765727513,2,1,16,1,1,0.0,0,13,1,,,,,0.1506116517284449,,,,,
trial_0003,51,eval,0.47368421052631576,0.47368421052631576,,,,,,,,,,,,,,,,,,,,2.1052631578947367,,,,0.0,,,,
trial_0003,51,global,,,,0.2510293417710433,-0.01907473488899704,,,,,,,2,1,16,0,1,0.0,0,14,1,27,,0.1238390092879257,12.985975519422407,,,-0.8,1,0.8,1
trial_0003,52,train,,,0.25106102513506057,,,0.08022561605940473,,,0.0,0.0,0.018158684193250785,2,1,17,1,1,0.0,0,14,1,,,,,0.1498834929884748,,,,,
trial_0003,52,eval,0.5263157894736842,0.5263157894736842,,,,,,,,,,,,,,,,,,,,2.1052631578947367,,,,0.0,,,,
trial_0003,52,global,,,,0.24538828849877684,-0.010282831552300224,,,,,,,2,1,17,0,1,0.0,0,15,1,27,,0.13188854489164087,12.371588909515287,,,-0.8,1,0.8,1
trial_0003,53,train,,,0.2510743020696843,,,0.07871498579674578,,,0.0,0.0,0.017410411149947014,2,1,18,1,1,0.0,0,15,1,,,,,0.12904829151452854,,,,,
trial_0003,53,eval,0.5263157894736842,0.47368421052631576,,,,,,,,,,,,,,,,,,,,2.1052631578947367,,,,0.15789473684210525,,,,
trial_0003,53,global,,,,0.25040799439071243,-0.014388042702580595,,,,,,,2,1,18,0,1,0.25,0,16,1,27,,0.1306501547987616,12.78047447558896,,,-0.8,1,0.8,1
trial_0003,54,train,,,0.2510900963494118,,,0.07850387882679066,,,0.0,0.0,0.015108969846574415,2,1,19,1,1,0.25,0,16,1,,,,,0.10101243775496456,,,,,
trial_0003,54,eval,0.5263157894736842,0.5263157894736842,,,,,,,,,,,,,,,,,,,,2.1052631578947367,,,,0.0,,,,
trial_0003,54,global,,,,0.24978028163253607,-0.013760329944404221,,,,,,,2,1,19,0,1,0.0,0,17,1,27,,0.12755417956656348,12.885259910559876,,,-0.8,1,0.8,1
trial_0003,55,train,,,0.251102662466942,,,0.07670112873645539,,,0.0,0.0,0.018491504756186376,2,1,19,0,1,0.0,0,17,1,,,,,0.1095937375375565,,,,,
trial_0003,55,eval,,,,,,,0.631578947368421,1.8937304317951202,,,,,,,,,,,,,,,,,,,,,,
trial_0003,55,global,,,,0.24754179255767414,-0.011521840869542312,,,,,,,2,1,19,0,1,0.0,0,17,1,27,,0.1325077399380805,13.186149819199883,,,-0.8,1,0.8,1
trial_0003,56,train,,,0.25111966199697333,,,0.0783638117161203,,,0.0,0.0,0.014240279085401625,2,1,19,0,1,0.0,0,17,1,,,,,0.08464991069458266,,,,,
trial_0003,56,eval,,,,,,,0.631578947368421,1.9230044342969592,,,,,,,,,,,,,,,,,,,,,,
trial_0003,56,global,,,,0.2531333315223494,-0.01711337983421754,,,,,,,2,1,19,0,1,0.0,0,17,1,27,,0.1256965944272446,12.654300238547311,,,-0.8,1,0.8,1
trial_0003,57,train,,,0.2511412550477271,,,0.07592954407347009,,,0.0,0.0,0.01575104897765027,2,1,19,0,1,0.0,0,17,1,,,,,0.09906705226352874,,,,,
trial_0003,57,eval,,,,,,,0.631578947368421,1.8277482657056106,,,,,,,,,,,,,,,,,,,,,,
trial_0003,57,global,,,,0.25080284547918313,-0.014782893791051334,,,,,,,2,1,19,0,1,0.0,0,17,1,27,,0.12941176470588237,13.149479065886222,,,-0.8,1,0.8,1
trial_0003,58,train,,,0.2511595609657308,,,0.07580076697024893,,,0.0,0.0,0.013071975865998266,2,1,19,0,1,0.0,0,17,1,,,,,0.08464716198913594,,,,,
trial_0003,58,eval,,,,,,,0.6842105263157894,1.7720497768176229,,,,,,,,,,,,,,,,,,,,,,
trial_0003,58,global,,,,0.2485660269995982,-0.012546075311466363,,,,,,,2,1,19,0,1,0.0,0,17,1,27,,0.12879256965944272,13.25632046442652,,,-0.8,1,0.8,1
trial_0003,59,train,,,0.2511775598247,,,0.0744794765685467,,,0.0,0.0,0.016015094745361762,2,1,20,1,1,0.0,0,17,1,,,,,0.09533622160633193,,,,,
trial_0003,59,eval,0.5789473684210527,0.5263157894736842,,,,,,,,,,,,,,,,,,,,2.1052631578947367,,,,0.15789473684210525,,,,
trial_0003,59,global,,,,0.24659167712269023,-0.010571725434558376,,,,,,,2,1,20,0,1,0.25,0,18,1,27,,0.13374613003095975,13.279883653386827,,,-0.8,1,0.8,1
trial_0003,60,train,,,0.25120332615172614,,,0.07486074592204803,,,0.0,0.0,0.012881216364373959,2,1,21,1,1,0.25,0,18,1,,,,,0.07227870521948059,,,,,
trial_0003,60,eval,0.5263157894736842,0.5263157894736842,,,,,,,,,,,,,,,,,,,,2.1052631578947367,,,,0.0,,,,
trial_0003,60,global,,,,0.2476508115962006,-0.0098018704247583,,,,,,,2,1,21,0,1,0.0,0,19,1,27,,0.1325077399380805,13.216766858174704,,,-0.8,1,0.8,1
trial_0003,61,train,,,0.25121749525374554,,,0.07457489536163654,,,0.0,0.0,0.014800048681989095,2,1,22,1,1,0.0,0,19,1,,,,,0.11254559653870602,,,,,
trial_0003,61,eval,0.5263157894736842,0.47368421052631576,,,,,,,,,,,,,,,,,,,,2.1052631578947367,,,,0.15789473684210525,,,,
trial_0003,61,global,,,,0.2444667044687305,-0.005944362623887522,,,,,,,2,1,22,0,1,0.25,0,20,1,27,,0.1393188854489164,12.999729602920013,,,-0.8,1,0.8,1
trial_0003,62,train,,,0.2512675847144837,,,0.07364760370964699,,,0.0,0.0,0.012941023900249152,2,1,23,1,1,0.25,0,20,1,,,,,0.07036826534077842,,,,,
trial_0003,62,eval,0.5789473684210527,0.5789473684210527,,,,,,,,,,,,,,,,,,,,2.1052631578947367,,,,0.0,,,,
trial_0003,62,global,,,,0.2511956627215922,-0.011999920203348531,,,,,,,2,1,23,0,1,0.0,0,21,1,27,,0.13003095975232198,12.483695161896224,,,-0.8,1,0.8,1
trial_0003,63,train,,,0.2512867924697856,,,0.07379785053273465,,,0.0,0.0,0.0161209394747857,2,1,23,0,1,0.0,0,21,1,,,,,0.13607471070074018,,,,,
trial_0003,63,eval,,,,,,,0.6842105263157894,1.9395593145960253,,,,,,,,,,,,,,,,,,,,,,
trial_0003,63,global,,,,0.2510181835100518,-0.011822440991808115,,,,,,,2,1,23,0,1,0.0,0,21,1,27,,0.13436532507739937,12.968621589967709,,,-0.8,1,0.8,1
trial_0003,64,train,,,0.25135438572219077,,,0.0733220285557686,,,0.0,0.0,0.012081222912572832,2,1,23,0,1,0.0,0,21,1,,,,,0.07003367125908745,,,,,
trial_0003,64,eval,,,,,,,0.631578947368421,2.2132953142649248,,,,,,,,,,,,,,,,,,,,,,
trial_0003,64,global,,,,0.2520299251231997,-0.012834182604956047,,,,,,,2,1,23,0,1,0.0,0,21,1,27,,0.1306501547987616,12.838280522491171,,,-0.8,1,0.8,1
trial_0003,65,train,,,0.2513684752456685,,,0.0731718584578088,,,0.0,0.0,0.01311569743742671,2,1,23,0,1,0.0,0,21,1,,,,,0.09713075556495088,,,,,
trial_0003,65,eval,,,,,,,0.6842105263157895,2.0123865227950244,,,,,,,,,,,,,,,,,,,,,,
trial_0003,65,global,,,,0.24974748730658033,-0.009878344114935997,,,,,,,2,1,23,0,1,0.0,0,21,1,27,,0.13436532507739937,12.786382397631005,,,-0.8,1,0.8,1
trial_0003,66,train,,,0.2514008805155754,,,0.07217803977905435,,,0.0,0.0,0.008928925766265318,2,1,23,0,1,0.0,0,21,1,,,,,0.06278286600049506,,,,,
trial_0003,66,eval,,,,,,,0.631578947368421,2.057511017706833,,,,,,,,,,,,,,,,,,,,,,
trial_0003,66,global,,,,0.2520008962604546,-0.012131753068810244,,,,,,,2,1,23,0,1,0.0,0,21,1,27,,0.13003095975232198,12.500653109240458,,,-0.8,1,0.8,1
trial_0003,67,train,,,0.25141553660022453,,,0.07109115225203494,,,0.0,0.0,0.00955996519769542,2,1,24,1,1,0.0,0,21,1,,,,,0.05937732486252455,,,,,
trial_0003,67,eval,0.5263157894736842,0.5263157894736842,,,,,,,,,,,,,,,,,,,,2.1052631578947367,,,,0.0,,,,
trial_0003,67,global,,,,0.2472600346648841,-0.0073908914732397695,,,,,,,2,1,24,0,1,0.0,0,22,1,27,,0.13746130030959752,13.579043451551314,,,-0.8,1,0.8,1
trial_0003,68,train,,,0.2514266322584862,,,0.07079577699620673,,,0.0,0.0,0.010311589638877197,2,1,25,1,1,0.0,0,22,1,,,,,0.06388041170789523,,,,,
trial_0003,68,eval,0.5263157894736842,0.5263157894736842,,,,,,,,,,,,,,,,,,,,2.1052631578947367,,,,0.0,,,,
trial_0003,68,global,,,,0.24471244576398996,-0.004843302572345638,,,,,,,2,1,25,0,1,0.0,0,23,1,27,,0.1386996904024768,13.419277727345564,,,-0.8,1,0.8,1
trial_0003,69,train,,,0.2514362335205078,,,0.06973169268445766,,,0.0,0.0,0.010290499197002104,2,1,26,1,1,0.0,0,23,1,,,,,0.054155786517769734,,,,,
trial_0003,69,eval,0.47368421052631576,0.47368421052631576,,,,,,,,,,,,,,,,,,,,2.1052631578947367,,,,0.0,,,,
trial_0003,69,global,,,,0.24867732194571393,-0.008808178754069583,,,,,,,2,1,26,0,1,0.0,0,24,1,27,,0.13560371517027864,13.579325191155307,,,-0.8,1,0.8,1
trial_0003,70,train,,,0.25147963933488154,,,0.06833139632610565,,,0.0,0.0,0.009126863038344457,2,1,27,1,1,0.0,0,24,1,,,,,0.05409144820605821,,,,,
trial_0003,70,eval,0.631578947368421,0.631578947368421,,,,,,,,,,,,,,,,,,,,2.1052631578947367,,,,0.0,,,,
trial_0003,70,global,,,,0.24440015473110638,-0.004073764168634421,,,,,,,2,1,27,0,1,0.0,0,25,1,27,,0.13993808049535603,13.400191703300358,,,-0.8,1,0.8,1
trial_0003,71,train,,,0.25148847001664176,,,0.06846251893550791,,,0.0,0.0,0.009937190371590292,2,1,27,0,1,0.0,0,25,1,,,,,0.05167161299391313,,,,,
trial_0003,71,eval,,,,,,,0.631578947368421,2.2969777301738135,,,,,,,,,,,,,,,,,,,,,,
trial_0003,71,global,,,,0.2503352566639101,-0.010008866101438156,,,,,,,2,1,27,0,1,0.0,0,25,1,27,,0.13498452012383902,13.505530200875581,,,-0.8,1,0.8,1
trial_0003,72,train,,,0.2515408311118471,,,0.0677889566472236,,,0.0,0.0,0.008837541566104034,2,1,27,0,1,0.0,0,25,1,,,,,0.05727104796096682,,,,,
trial_0003,72,eval,,,,,,,0.6842105263157894,2.170271918961876,,,,,,,,,,,,,,,,,,,,,,
trial_0003,72,global,,,,0.24863688990506108,-0.008310499342589142,,,,,,,2,1,27,0,1,0.0,0,25,1,27,,0.13560371517027864,13.140844632080833,,,-0.8,1,0.8,1
trial_0003,73,train,,,0.25156151424063017,,,0.0677196649794883,,,0.0,0.0,0.008199100294292836,2,1,27,0,1,0.0,0,25,1,,,,,0.04561301788235915,,,,,
trial_0003,73,eval,,,,,,,0.631578947368421,2.3759888300770204,,,,,,,,,,,,,,,,,,,,,,
trial_0003,73,global,,,,0.24772225535335646,-0.006722464117483829,,,,,,,2,1,27,0,1,0.0,0,25,1,27,,0.1386996904024768,13.559847961047854,,,-0.8,1,0.8,1
trial_0003,74,train,,,0.25160087074371096,,,0.06682719321961099,,,0.0,0.0,0.007812907680140889,2,1,27,0,1,0.0,0,25,1,,,,,0.051658106856840726,,,,,
trial_0003,74,eval,,,,,,,0.6842105263157894,2.163194486185124,,,,,,,,,,,,,,,,,,,,,,
trial_0003,74,global,,,,0.24613689950888937,-0.005137108273016756,,,,,,,2,1,27,0,1,0.0,0,25,1,27,,0.1393188854489164,13.492468757747497,,,-0.8,1,0.8,1
trial_0003,75,train,,,0.2516033736632225,,,0.06550405380573679,,,0.0,0.0,0.007608413069287286,2,1,28,1,1,0.0,0,25,1,,,,,0.036661405302584174,,,,,
trial_0003,75,eval,0.47368421052631576,0.5263157894736842,,,,,,,,,,,,,,,,,,,,2.1052631578947367,,,,0.0,,,,
trial_0003,75,global,,,,0.24722795138832263,-0.006228160152450008,,,,,,,2,1,28,0,1,0.0,0,26,1,27,,0.13808049535603714,13.526404743962244,,,-0.8,1,0.8,1
trial_0003,76,train,,,0.25163595743001776,,,0.06507736888337642,,,0.0,0.0,0.006243010600124724,2,1,29,1,1,0.0,0,26,1,,,,,0.04570008123273704,,,,,
trial_0003,76,eval,0.5263157894736842,0.5263157894736842,,,,,,,,,,,,,,,,,,,,2.1052631578947367,,,,0.0,,,,
trial_0003,76,global,,,,0.2524752190492845,-0.011475427813411886,,,,,,,2,1,29,0,1,0.0,0,27,1,27,,0.13312693498452013,13.47476517526727,,,-0.8,1,0.8,1
trial_0003,77,train,,,0.2516561356630731,,,0.06479236166527931,,,0.0,0.0,0.007453849991260869,2,1,30,1,1,0.0,0,27,1,,,,,0.07419539363658492,,,,,
trial_0003,77,eval,0.47368421052631576,0.47368421052631576,,,,,,,,,,,,,,,,,,,,2.1052631578947367,,,,0.0,,,,
trial_0003,77,global,,,,0.25229329844804776,-0.007926503845171757,,,,,,,2,1,30,0,1,0.0,0,28,1,27,,0.13560371517027864,13.239512667345927,,,-0.8,1,0.8,1
trial_0003,78,train,,,0.2517032299904113,,,0.06461659581103223,,,0.0,0.0,0.006534574499543871,2,1,31,1,1,0.0,0,28,1,,,,,0.07998098256660902,,,,,
trial_0003,78,eval,0.5789473684210527,0.5789473684210527,,,,,,,,,,,,,,,,,,,,2.1052631578947367,,,,0.0,,,,
trial_0003,78,global,,,,0.255814359079566,-0.011447564476690052,,,,,,,2,1,31,0,1,0.0,0,29,1,27,,0.1306501547987616,12.921596075949655,,,-0.8,1,0.8,1
trial_0003,79,train,,,0.25172986819389015,,,0.06554070558953792,,,0.0,0.0,0.0075812500559705055,2,1,31,0,1,0.0,0,29,1,,,,,0.08295124491993733,,,,,
trial_0003,79,eval,,,,,,,0.5789473684210527,2.449219853666268,,,,,,,,,,,,,,,,,,,,,,
trial_0003,79,global,,,,0.2554012343773647,-0.011034439774488727,,,,,,,2,1,31,0,1,0.0,0,29,1,27,,0.13126934984520125,13.003498320682867,,,-0.8,1,0.8,1
trial_0003,80,train,,,0.25172758165826187,,,0.06406135001081101,,,0.0,0.0,0.005336230015707268,2,1,31,0,1,0.0,0,29,1,,,,,0.03296791285652905,,,,,
trial_0003,80,eval,,,,,,,0.6842105263157894,2.3989633294312576,,,,,,,,,,,,,,,,,,,,,,
trial_0003,80,global,,,,0.25329705004867875,-0.008930255445802745,,,,,,,2,1,31,0,1,0.0,0,29,1,27,,0.13436532507739937,13.350961691085768,,,-0.8,1,0.8,1
trial_0003,81,train,,,0.2517297122072666,,,0.06338983520548394,,,0.0,0.0,0.004980368751189127,2,1,31,0,1,0.0,0,29,1,,,,,0.04261857312014128,,,,,
trial_0003,81,eval,,,,,,,0.631578947368421,2.458168256047525,,,,,,,,,,,,,,,,,,,,,,
trial_0003,81,global,,,,0.2523582542310796,-0.007991459628203641,,,,,,,2,1,31,0,1,0.0,0,29,1,27,,0.13560371517027864,13.479371609997823,,,-0.8,1,0.8,1
trial_0003,82,train,,,0.2517620854555292,,,0.06327438734947367,,,0.0,0.0,0.0046063752695075936,2,1,31,0,1,0.0,0,29,1,,,,,0.032606640887109836,,,,,
trial_0003,82,eval,,,,,,,0.5789473684210527,2.524743546290617,,,,,,,,,,,,,,,,,,,,,,
trial_0003,82,global,,,,0.2538500406902236,-0.009483246087347639,,,,,,,2,1,31,0,1,0.0,0,29,1,27,,0.1325077399380805,13.34526324198342,,,-0.8,1,0.8,1
trial_0003,83,train,,,0.2517596698821859,,,0.06229913932211856,,,0.0,0.0,0.005581885140495712,2,1,32,1,1,0.0,0,29,1,,,,,0.027209204600806884,,,,,
trial_0003,83,eval,0.5263157894736842,0.5263157894736842,,,,,,,,,,,,,,,,,,,,2.1052631578947367,,,,0.0,,,,
trial_0003,83,global,,,,0.2528224883782143,-0.00845569377533832,,,,,,,2,1,32,0,1,0.0,0,30,1,27,,0.13560371517027864,14.041941389432264,,,-0.8,1,0.8,1
trial_0003,84,train,,,0.2517589983787943,,,0.0623155654744899,,,0.0,0.0,0.004937565699033935,2,1,33,1,1,0.0,0,30,1,,,,,0.11048340160954506,,,,,
trial_0003,84,eval,0.47368421052631576,0.47368421052631576,,,,,,,,,,,,,,,,,,,,2.1052631578947367,,,,0.0,,,,
trial_0003,84,global,,,,0.25439934140793213,-0.010032546805056138,,,,,,,2,1,33,0,1,0.0,0,31,1,27,,0.13436532507739937,13.520301214164993,,,-0.8,1,0.8,1
trial_0003,85,train,,,0.25175550659286217,,,0.061348863104556464,,,0.0,0.0,0.004343432498376871,2,1,34,1,1,0.0,0,31,1,,,,,0.024007936757295692,,,,,
trial_0003,85,eval,0.5263157894736842,0.5263157894736842,,,,,,,,,,,,,,,,,,,,2.1052631578947367,,,,0.0,,,,
trial_0003,85,global,,,,0.25109800300651464,-0.006731208403638635,,,,,,,2,1,34,0,1,0.0,0,32,1,27,,0.1368421052631579,13.881303944307215,,,-0.8,1,0.8,1
trial_0003,86,train,,,0.2517442202314417,,,0.06067184564915108,,,0.0,0.0,0.004470991981841198,2,1,35,1,1,0.0,0,32,1,,,,,0.020833557348777638,,,,,
trial_0003,86,eval,0.5263157894736842,0.5263157894736842,,,,,,,,,,,,,,,,,,,,2.1052631578947367,,,,0.0,,,,
trial_0003,86,global,,,,0.24856941198447105,-0.004202617381595066,,,,,,,2,1,35,0,1,0.0,0,33,1,27,,0.13993808049535603,13.622031882082346,,,-0.8,1,0.8,1
trial_0003,87,train,,,0.2517538810981081,,,0.0597945603918522,,,0.0,0.0,0.00364088607382926,2,1,35,0,1,0.0,0,33,1,,,,,0.027128651714388358,,,,,
trial_0003,87,eval,,,,,,,0.631578947368421,2.463911363168766,,,,,,,,,,,,,,,,,,,,,,
trial_0003,87,global,,,,0.2529344794665661,-0.008567684863690108,,,,,,,2,1,35,0,1,0.0,0,33,1,27,,0.13622291021671826,14.058491388563032,,,-0.8,1,0.8,1
trial_0003,88,train,,,0.25174358360310817,,,0.059651172541557475,,,0.0,0.0,0.004008353593761716,2,1,35,0,1,0.0,0,33,1,,,,,0.05626644061164969,,,,,
trial_0003,88,eval,,,,,,,0.5789473684210527,2.6962078415641653,,,,,,,,,,,,,,,,,,,,,,
trial_0003,88,global,,,,0.2566025129304988,-0.012235718327622809,,,,,,,2,1,35,0,1,0.0,0,33,1,27,,0.13003095975232198,12.99874080032018,,,-0.8,1,0.8,1
trial_0003,89,train,,,0.25175009477645793,,,0.0591698815213873,,,0.0,0.0,0.004039969830278387,2,1,35,0,1,0.0,0,33,1,,,,,0.04183820666487705,,,,,
trial_0003,89,eval,,,,,,,0.631578947368421,2.5782766718613472,,,,,,,,,,,,,,,,,,,,,,
trial_0003,89,global,,,,0.24817681351193796,-0.0038100189090619885,,,,,,,2,1,35,0,1,0.0,0,33,1,27,,0.14055727554179567,13.773724426647458,,,-0.8,1,0.8,1
trial_0003,90,train,,,0.25175809241989827,,,0.05920125195320616,,,0.0,0.0,0.0032899803900595837,2,1,35,0,1,0.0,0,33,1,,,,,0.02285334448468812,,,,,
trial_0003,90,eval,,,,,,,0.5789473684210527,2.8851686905285243,,,,,,,,,,,,,,,,,,,,,,
trial_0003,90,global,,,,0.24854922321562758,-0.004182428612751603,,,,,,,2,1,35,0,1,0.0,0,33,1,27,,0.1393188854489164,13.479428842267016,,,-0.8,1,0.8,1
trial_0004,1,train,,,0.250413255223745,,,0.011868477303864835,,,0.0,0.0,0.0028265789106984886,0,0,0,0,0,,0,0,0,,,,,2.1983640954464296,,,,,
trial_0004,1,eval,,,,,,,0.3529411764705882,2.1883483353783104,,,,,,,,,,,,,,,,,,,,,,
trial_0004,1,global,,,,,,,,,,,,0,0,0,0,0,,0,0,0,9,,0.12421052631578948,2.19689948834871,,,,,,
trial_0004,2,train,,,0.2503579960593695,,,0.01407266045107117,,,0.0,0.0,0.021403075079138897,0,0,0,0,0,,0,0,0,,,,,2.1681658424908603,,,,,
trial_0004,2,eval,,,,,,,0.11764705882352941,2.177952023113475,,,,,,,,,,,,,,,,,,,,,,
trial_0004,2,global,,,,0.015637860082304538,-0.004744613894940704,,,,,,,0,0,0,0,0,,0,0,0,9,,0.12,2.1961990180768463,,,-0.07407407407407407,3,0.07407407407407407,3
trial_0004,3,train,,,0.2503507080711896,,,0.01923259932406341,,,0.0,0.0,0.02171074090454775,0,0,0,0,0,,0,0,0,,,,,2.090304658231856,,,,,
trial_0004,3,eval,,,,,,,0.058823529411764705,2.143268017207875,,,,,,,,,,,,,,,,,,,,,,
trial_0004,3,global,,,,0.032195594287097555,-0.021302348099733723,,,,,,,0,0,0,0,0,,0,0,0,9,,0.1031578947368421,2.2272400143272,,,-0.11764705882352944,0,0.21568627450980393,0
trial_0004,4,train,,,0.25040714914285683,,,0.026923594218266164,,,0.0,0.0,0.02816394036517868,0,0,0,0,0,,0,0,0,,,,,1.9489335126514675,,,,,
trial_0004,4,eval,,,,,,,0.1764705882352941,2.1162619029774388,,,,,,,,,,,,,,,,,,,,,,
trial_0004,4,global,,,,0.05495037521181313,-0.004106364006298835,,,,,,,0,0,0,0,0,,0,0,0,9,,0.12210526315789473,2.219227739133333,,,-0.22222222222222232,1,0.23529411764705882,0
trial_0004,5,train,,,0.25044889125642894,,,0.03263298129733605,,,0.0,0.0,0.02505580835704562,0,0,0,0,0,,0,0,0,,,,,1.7254356079463717,,,,,
trial_0004,5,eval,,,,,,,0.1764705882352941,2.1949066274306355,,,,,,,,,,,,,,,,,,,,,,
trial_0004,5,global,,,,0.05551571450132133,-0.004671703295807033,,,,,,,0,0,0,0,0,,0,0,0,9,,0.12,2.3673112899378728,,,-0.13725490196078433,0,0.23529411764705882,0
trial_0004,6,train,,,0.2504484725149372,,,0.0378753292032435,,,0.0,0.0,0.030435012000365348,0,0,0,0,0,,0,0,0,,,,,1.6217162630226039,,,,,
trial_0004,6,eval,,,,,,,0.29411764705882354,2.1603626503663906,,,,,,,,,,,,,,,,,,,,,,
trial_0004,6,global,,,,0.04313725490196079,0.07424325395140546,,,,,,,0,0,0,0,0,,0,0,0,9,,0.2,2.298637759058099,,,-0.1568627450980392,0,0.2549019607843137,0
trial_0004,7,train,,,0.2504486026643198,,,0.04110081607027899,,,0.0,0.0,0.028014675982862336,0,0,0,0,0,,0,0,0,,,,,1.4607645991482312,,,,,
trial_0004,7,eval,,,,,,,0.4117647058823529,2.3284186194924748,,,,,,,,,,,,,,,,,,,,,,
trial_0004,7,global,,,,0.08630576901667164,0.03824319861805661,,,,,,,0,0,0,0,0,,0,0,0,9,,0.16631578947368422,2.548706767935502,,,-0.13333333333333341,1,0.196078431372549,0
trial_0004,8,train,,,0.25044825899450085,,,0.042933374454703514,,,0.0,0.0,0.036856898292899135,0,0,0,0,0,,0,0,0,,,,,1.3342050704774977,,,,,
trial_0004,8,eval,,,,,,,0.4705882352941177,2.2394734200309303,,,,,,,,,,,,,,,,,,,,,,
trial_0004,8,global,,,,0.06438785467326205,0.0601611129614662,,,,,,,0,0,0,0,0,,0,0,0,9,,0.18736842105263157,2.5627134624280425,,,-0.1777777777777778,1,0.1777777777777778,1
trial_0004,9,train,,,0.2504741093025932,,,0.045096909132184865,,,0.0,0.0,0.03688372292473347,0,0,1,1,0,,0,0,0,,,,,1.1071621820141997,,,,,
trial_0004,9,eval,0.3529411764705882,0.3529411764705882,,,,,,,,,,,,,,,,,,,,2.8823529411764706,,,,0.0,,,,
trial_0004,9,global,,,,0.07019454784459472,0.056533069027606304,,,,,,,0,0,1,0,0,0.0,0,1,0,9,,0.18105263157894738,2.796487411699797,,,-0.1777777777777778,1,0.1777777777777778,1
trial_0004,10,train,,,0.2504793665831602,,,0.047562998495524436,,,0.0,0.0,0.038290479071909876,0,0,1,0,0,0.0,0,1,0,,,,,0.9937811595541013,,,,,
trial_0004,10,eval,,,,,,,0.411764705882353,2.2849877932492424,,,,,,,,,,,,,,,,,,,,,,
trial_0004,10,global,,,,0.057866050750102316,0.07566428721053407,,,,,,,0,0,1,0,0,0.0,0,1,0,9,,0.20210526315789473,2.8294990097848993,,,-0.24444444444444446,1,0.24444444444444446,1
trial_0004,11,train,,,0.2503941726199416,,,0.02487611839937609,,,0.0,0.0,0.048445555663039645,0,0,1,0,0,0.0,0,1,0,,,,,16.37501932742984,,,,,
trial_0004,11,eval,,,,,,,0.15789473684210525,4.631334831840113,,,,,,,,,,,,,,,,,,,,,,
trial_0004,11,global,,,,0.25516318863176907,-0.12163285067113266,,,,,,,0,0,1,0,0,0.0,0,1,0,18,,0.07272727272727272,6.26769196907299,,,-0.6888888888888889,1,0.6888888888888889,1
trial_0004,12,train,,,0.2503068124832109,,,0.03485492426295613,,,0.0,1.0,0.19545376196850178,0,0,1,0,0,0.0,0,1,0,,,,,3.2574982443521185,,,,,
trial_0004,12,eval,,,,,,,0.05263157894736842,2.996421751223112,,,,,,,,,,,,,,,,,,,,,,
trial_0004,12,global,,,,0.15169657287830243,-0.06197317854401185,,,,,,,0,0,1,0,0,0.0,0,1,0,18,,0.0708133971291866,5.03670711380443,,,-0.6222222222222222,1,0.6222222222222222,1
trial_0004,13,train,,,0.25029053036556687,,,0.03370124413523563,,,0.0,0.3488372093023256,0.09803829482474993,0,0,1,0,0,0.0,0,1,0,,,,,1.9666790708552957,,,,,
trial_0004,13,eval,,,,,,,0.10526315789473684,2.27300100577505,,,,,,,,,,,,,,,,,,,,,,
trial_0004,13,global,,,,0.16455736105355603,-0.03910682355172827,,,,,,,0,0,1,0,0,0.0,0,1,0,18,,0.10047846889952153,4.878654161024322,,,-0.8,1,0.8,1
trial_0004,14,train,,,0.2502639506791913,,,0.03299106969389805,,,0.0,0.09302325581395349,0.06580923398913341,0,0,2,1,0,0.0,0,1,0,,,,,1.7251615170822587,,,,,
trial_0004,14,eval,0.15789473684210525,0.15789473684210525,,,,,,,,,,,,,,,,,,,,1.6842105263157894,,,,0.0,,,,
trial_0004,14,global,,,,0.1735123796490975,-0.04287433852471135,,,,,,,0,0,2,0,0,0.0,0,2,0,18,,0.09665071770334928,5.175565343154104,,,-0.8,1,0.8,1
trial_0004,15,train,,,0.2502567426756371,,,0.03394826033780741,,,0.09302325581395349,0.0,0.062049493921357536,0,0,2,0,0,0.0,0,2,0,,,,,1.594393643806147,,,,,
trial_0004,15,eval,,,,,,,0.2631578947368421,1.9934833049774168,,,,,,,,,,,,,,,,,,,,,,
trial_0004,15,global,,,,0.17507704591964612,-0.03131085316945576,,,,,,,0,0,2,0,0,0.0,0,2,0,18,,0.10717703349282297,4.969267643011357,,,-0.8,1,0.8,1
trial_0004,16,train,,,0.25025604422702347,,,0.034914274201836695,,,0.0,0.0,0.05012487614050854,0,0,2,0,0,0.0,0,2,0,,,,,1.3854553153348521,,,,,
trial_0004,16,eval,,,,,,,0.3157894736842105,2.2148974318253365,,,,,,,,,,,,,,,,,,,,,,
trial_0004,16,global,,,,0.16460206381159762,-0.012561947685762473,,,,,,,0,0,2,0,0,0.0,0,2,0,18,,0.12727272727272726,5.295324392638138,,,-0.8,1,0.8,1
trial_0004,17,train,,,0.250279713681964,,,0.036607012152671814,,,0.0,0.09302325581395349,0.049923103822525156,0,0,3,1,0,0.0,0,2,0,,,,,1.3326731667269107,,,,,
trial_0004,17,eval,0.21052631578947367,0.21052631578947367,,,,,,,,,,,,,,,,,,,,1.6842105263157894,,,,0.0,,,,
trial_0004,17,global,,,,0.18182673620058928,-0.026700200321667686,,,,,,,0,0,3,0,0,0.0,0,3,0,18,,0.11196172248803828,5.134828133560253,,,-0.8,1,0.8,1
trial_0004,18,train,,,0.25030358031738636,,,0.03864130724308103,,,0.0,0.0,0.04284530056770458,0,0,3,0,0,0.0,0,3,0,,,,,1.2040871979192245,,,,,
trial_0004,18,eval,,,,,,,0.3684210526315789,2.094693347027427,,,,,,,,,,,,,,,,,,,,,,
trial_0004,18,global,,,,0.1641344244550694,-0.007979081991785661,,,,,,,0,0,3,0,0,0.0,0,3,0,18,,0.1320574162679426,5.457698253467322,,,-0.8,1,0.8,1
trial_0004,19,train,,,0.2503476319618003,,,0.040677029033039894,,,0.0,0.0,0.0451226597348618,0,0,3,0,0,0.0,0,3,0,,,,,1.1775879292987115,,,,,
trial_0004,19,eval,,,,,,,0.3684210526315789,1.7781414671948081,,,,,,,,,,,,,,,,,,,,,,
trial_0004,19,global,,,,0.17227726158391407,-0.012253026754085392,,,,,,,0,0,3,0,0,0.0,0,3,0,18,,0.12727272727272726,5.27018239897404,,,-0.8,1,0.8,1
trial_0004,20,train,,,0.25039272755384445,,,0.043049639394116955,,,0.0,0.0,0.03922825524106969,0,0,3,0,0,0.0,0,3,0,,,,,1.066810246401055,,,,,
trial_0004,20,eval,,,,,,,0.3684210526315789,2.096635103225708,,,,,,,,,,,,,,,,,,,,,,
trial_0004,20,global,,,,0.16413401376930475,-0.004109778939476077,,,,,,,0,0,3,0,0,0.0,0,3,0,18,,0.1368421052631579,5.68849890927949,,,-0.8,1,0.8,1
trial_0004,21,train,,,0.25050133910584954,,,0.0663451723595883,,,0.0,0.0,0.025971655238499113,0,0,3,0,0,0.0,0,3,0,,,,,17.516232829398298,,,,,
trial_0004,21,eval,,,,,,,0.21052631578947367,2.1565527288537276,,,,,,,,,,,,,,,,,,,,,,
trial_0004,21,global,,,,0.27215701589154284,-0.11213278106171415,,,,,,,0,0,3,0,0,0.0,0,3,0,27,,0.06315789473684211,6.898227899510056,,,-0.8,1,0.8,1
trial_0004,22,train,,,0.25045923666751135,,,0.05014141379518712,,,0.0,0.9999999999999999,0.18663049963243464,0,0,4,1,0,0.0,0,3,0,,,,,2.1776483025956663,,,,,
trial_0004,22,eval,0.21052631578947367,0.3157894736842105,,,,,,,,,,,,,,,,,,,,2.1052631578947367,,,,0.0,,,,
trial_0004,22,global,,,,0.2224591419090375,-0.06884260830846747,,,,,,,0,0,4,0,0,0.0,0,4,0,27,,0.07430340557275542,8.170446208091713,,,-0.8,1,0.8,1
trial_0004,23,train,,,0.25045253336429596,,,0.050734285344468784,,,0.0,0.0,0.03136186173304598,0,0,5,1,0,0.0,0,4,0,,,,,1.6194496854822686,,,,,
trial_0004,23,eval,0.3157894736842105,0.3684210526315789,,,,,,,,,,,,,,,,,,,,2.1052631578947367,,,,0.0,,,,
trial_0004,23,global,,,,0.24617467127590004,-0.07001385426148136,,,,,,,0,0,5,0,0,0.0,0,5,0,27,,0.07120743034055728,8.771389135118609,,,-0.8,1,0.8,1
trial_0004,24,train,,,0.2504448909708794,,,0.05013517876888843,,,0.0,0.0,0.04264551271942068,0,0,5,0,0,0.0,0,5,0,,,,,1.4120452870713902,,,,,
trial_0004,24,eval,,,,,,,0.47368421052631576,1.7005974430786934,,,,,,,,,,,,,,,,,,,,,,
trial_0004,24,global,,,,0.24358385053374612,-0.05712795509690987,,,,,,,0,0,5,0,0,0.0,0,5,0,27,,0.09040247678018576,8.729302345488463,,,-0.8,1,0.8,1
trial_0004,25,train,,,0.2504414808242879,,,0.051791186662430454,,,0.0,0.0,0.03249849081832044,0,0,6,1,0,0.0,0,5,0,,,,,1.2465939794449095,,,,,
trial_0004,25,eval,0.47368421052631576,0.5263157894736842,,,,,,,,,,,,,,,,,,,,2.1052631578947367,,,,0.0,,,,
trial_0004,25,global,,,,0.2358330296971286,-0.04529669848366763,,,,,,,0,0,6,0,0,0.0,0,6,0,27,,0.10030959752321982,8.797293683692766,,,-0.8,1,0.8,1
trial_0004,26,train,,,0.2504166986079926,,,0.05299800634384155,,,0.0,0.0,0.03547115516155325,0,0,6,0,0,0.0,0,6,0,,,,,1.048640507079185,,,,,
trial_0004,26,eval,,,,,,,0.5263157894736842,1.5665485513837711,,,,,,,,,,,,,,,,,,,,,,
trial_0004,26,global,,,,0.23405693510981077,-0.03613200633061856,,,,,,,0,0,6,0,0,0.0,0,6,0,27,,0.11021671826625387,8.822440940455387,,,-0.8,1,0.8,1
trial_0004,27,train,,,0.25039070749536474,,,0.05363517175329492,,,0.0,0.0,0.03634833383591886,0,0,6,0,0,0.0,0,6,0,,,,,0.9301742893584231,,,,,
trial_0004,27,eval,,,,,,,0.47368421052631576,1.5822737907108506,,,,,,,,,,,,,,,,,,,,,,
trial_0004,27,global,,,,0.23735691681825408,-0.0372866266513531,,,,,,,0,0,6,0,0,0.0,0,6,0,27,,0.10959752321981424,8.883039589046325,,,-0.8,1,0.8,1
trial_0004,28,train,,,0.2503786575286946,,,0.055222283018396254,,,0.0,0.0,0.034264670744379784,0,0,6,0,0,0.0,0,6,0,,,,,0.8400904158328442,,,,,
trial_0004,28,eval,,,,,,,0.47368421052631576,1.570653410334336,,,,,,,,,,,,,,,,,,,,,,
trial_0004,28,global,,,,0.2371294269313491,-0.03628753182617655,,,,,,,0,0,6,0,0,0.0,0,6,0,27,,0.10959752321981424,9.000041165661886,,,-0.8,1,0.8,1
trial_0004,29,train,,,0.25038234699279704,,,0.05721572739012697,,,0.0,0.0,0.033323793263828505,0,0,6,0,0,0.0,0,6,0,,,,,0.7649714923919515,,,,,
trial_0004,29,eval,,,,,,,0.5263157894736842,1.5876834533716504,,,,,,,,,,,,,,,,,,,,,,
trial_0004,29,global,,,,0.24096164543748064,-0.03944634965890742,,,,,,,0,0,6,0,0,0.0,0,6,0,27,,0.10712074303405572,9.068068187229404,,,-0.8,1,0.8,1
trial_0004,30,train,,,0.25039482687381986,,,0.0587395061837866,,,0.0,0.0,0.03279924009867171,0,0,7,1,0,0.0,0,6,0,,,,,0.7012660387982713,,,,,
trial_0004,30,eval,0.42105263157894735,0.47368421052631576,,,,,,,,,,,,,,,,,,,,2.1052631578947367,,,,0.0,,,,
trial_0004,30,global,,,,0.24116341557135848,-0.03851747174855693,,,,,,,0,0,7,0,0,0.0,0,7,0,27,,0.10835913312693499,9.303918119259293,,,-0.8,1,0.8,1
trial_0004,31,train,,,0.2504083105224244,,,0.0603857122837229,,,0.0,0.0,0.03190805427730083,0,0,8,1,0,0.0,0,7,0,,,,,0.6428425849118131,,,,,
trial_0004,31,eval,0.42105263157894735,0.42105263157894735,,,,,,,,,,,,,,,,,,,,2.1052631578947367,,,,0.0,,,,
trial_0004,31,global,,,,0.24456250973240096,-0.04191656590959942,,,,,,,0,0,8,0,0,0.0,0,8,0,27,,0.10464396284829722,9.522149424361002,,,-0.8,1,0.8,1
trial_0004,32,train,,,0.2504300310256633,,,0.061958417613455594,,,0.0,0.0,0.031423653004334334,0,0,8,0,0,0.0,0,8,0,,,,,0.5931933522224426,,,,,
trial_0004,32,eval,,,,,,,0.5263157894736842,1.5847498005942293,,,,,,,,,,,,,,,,,,,,,,
trial_0004,32,global,,,,0.24330096970770826,-0.0398498729058407,,,,,,,0,0,8,0,0,0.0,0,8,0,27,,0.10712074303405572,9.763590564078221,,,-0.8,1,0.8,1
trial_0004,33,train,,,0.2504596986035083,,,0.06398174864180545,,,0.0,0.0,0.030827551957299103,0,0,9,1,0,0.0,0,8,0,,,,,0.5480786875841466,,,,,
trial_0004,33,eval,0.47368421052631576,0.47368421052631576,,,,,,,,,,,,,,,,,,,,2.1052631578947367,,,,0.0,,,,
trial_0004,33,global,,,,0.24312206570111067,-0.03916361222750288,,,,,,,0,0,9,0,0,0.0,0,9,0,27,,0.10773993808049535,9.912629194230117,,,-0.8,1,0.8,1
trial_0004,34,train,,,0.25049649020458786,,,0.06558370082936388,,,0.0,0.0,0.03061768098912658,0,0,10,1,0,0.0,0,9,0,,,,,0.5089354894262679,,,,,
trial_0004,34,eval,0.47368421052631576,0.42105263157894735,,,,,,,,,,,,,,,,,,,,2.1052631578947367,,,,0.3684210526315789,,,,
trial_0004,34,global,,,,0.24260264019510436,-0.037297385374695236,,,,,,,0,0,10,0,0,0.25,0,10,0,27,,0.11021671826625387,10.104881116554095,,,-0.8,1,0.8,1
trial_0004,35,train,,,0.25053784441440663,,,0.06729927532216336,,,0.0,0.0,0.030133067225997755,0,0,10,0,0,0.25,0,10,0,,,,,0.469669951847259,,,,,
trial_0004,35,eval,,,,,,,0.5263157894736842,1.6106482085428737,,,,,,,,,,,,,,,,,,,,,,
trial_0004,35,global,,,,0.2434077931741704,-0.036755737006959915,,,,,,,0,0,10,0,0,0.25,0,10,0,27,,0.11021671826625387,10.230709697144688,,,-0.8,1,0.8,1
trial_0004,36,train,,,0.2505824280546067,,,0.0686631126606718,,,0.0,0.0,0.02980596705320034,0,0,10,0,0,0.25,0,10,0,,,,,0.4341205205054993,,,,,
trial_0004,36,eval,,,,,,,0.42105263157894735,1.6401303747766895,,,,,,,,,,,,,,,,,,,,,,
trial_0004,36,global,,,,0.2423218306684548,-0.03499637382784365,,,,,,,0,0,10,0,0,0.25,0,10,0,27,,0.11145510835913312,10.369418528648353,,,-0.8,1,0.8,1
trial_0004,37,train,,,0.2506285119563975,,,0.06997672294048553,,,0.0,0.0,0.029457285066947662,0,0,10,0,0,0.25,0,10,0,,,,,0.4037738085427182,,,,,
trial_0004,37,eval,,,,,,,0.47368421052631576,1.6540586289606596,,,,,,,,,,,,,,,,,,,,,,
trial_0004,37,global,,,,0.2402039033732526,-0.03237108986090121,,,,,,,0,0,10,0,0,0.25,0,10,0,27,,0.11455108359133127,10.501417827310945,,,-0.8,1,0.8,1
trial_0004,38,train,,,0.25066825842603724,,,0.07125295413301345,,,0.0,0.0,0.028687914381635954,0,0,11,1,0,0.25,0,10,0,,,,,0.37092964731632394,,,,,
trial_0004,38,eval,0.42105263157894735,0.42105263157894735,,,,,,,,,,,,,,,,,,,,2.1052631578947367,,,,0.15789473684210525,,,,
trial_0004,38,global,,,,0.2385186640185267,-0.030228603135347695,,,,,,,0,0,11,0,0,0.25,0,11,0,27,,0.11702786377708978,10.655236282584838,,,-0.8,1,0.8,1
trial_0004,39,train,,,0.25070359573719353,,,0.07227609893108937,,,0.0,0.0,0.028379526924579707,0,0,12,1,0,0.25,0,11,0,,,,,0.34082105717760447,,,,,
trial_0004,39,eval,0.47368421052631576,0.42105263157894735,,,,,,,,,,,,,,,,,,,,2.1052631578947367,,,,0.15789473684210525,,,,
trial_0004,39,global,,,,0.24073503289659898,-0.03059081399487839,,,,,,,0,0,12,0,0,0.25,0,12,0,27,,0.11640866873065016,10.72222618599056,,,-0.8,1,0.8,1
trial_0004,40,train,,,0.25074457995435023,,,0.07340886301182686,,,0.0,0.0,0.027414010841637217,0,0,12,0,0,0.25,0,12,0,,,,,0.3139497896775286,,,,,
trial_0004,40,eval,,,,,,,0.5263157894736842,1.7574650794267654,,,,,,,,,,,,,,,,,,,,,,
trial_0004,40,global,,,,0.23806469341597528,-0.02724707384085403,,,,,,,0,0,12,0,0,0.25,0,12,0,27,,0.11888544891640866,10.727056098205756,,,-0.8,1,0.8,1
trial_0004,41,train,,,0.2507767220760913,,,0.07333606037687747,,,0.0,0.0,0.027757136234419146,0,0,13,1,0,0.25,0,12,0,,,,,0.2974475364101694,,,,,
trial_0004,41,eval,0.47368421052631576,0.47368421052631576,,,,,,,,,,,,,,,,,,,,2.1052631578947367,,,,0.0,,,,
trial_0004,41,global,,,,0.24170167460786593,-0.029703297687603773,,,,,,,0,0,13,0,0,0.0,0,13,0,27,,0.11702786377708978,10.948959003365815,,,-0.8,1,0.8,1
trial_0004,42,train,,,0.25081497589324386,,,0.07479747178706717,,,0.0,0.0,0.025929927106629665,0,0,14,1,0,0.0,0,13,0,,,,,0.2608247116208076,,,,,
trial_0004,42,eval,0.5789473684210527,0.47368421052631576,,,,,,,,,,,,,,,,,,,,2.1052631578947367,,,,0.42105263157894735,,,,
trial_0004,42,global,,,,0.29406085942634513,-0.06998518782009265,,,,,,,1,1,14,0,0,0.5,1,13,0,27,,0.06873065015479876,6.744341337127213,,,-0.8421052631578947,22,0.8421052631578947,22
trial_0004,43,train,,,0.2508155699772171,,,0.07437855231611035,,,0.0,0.0,0.0260432495818108,1,1,14,0,0,0.5,1,13,0,,,,,0.26911335221574273,,,,,
trial_0004,43,eval,,,,,,,0.5789473684210527,1.8580296463087984,,,,,,,,,,,,,,,,,,,,,,
trial_0004,43,global,,,,0.2677605102077643,-0.0354598064038769,,,,,,,1,1,14,0,0,0.5,1,13,0,27,,0.11021671826625387,11.85416442823853,,,-0.8,1,0.8,1
trial_0004,44,train,,,0.2508779770516335,,,0.07357441047404674,,,0.0,0.0,0.031029376181516244,1,1,14,0,0,0.5,1,13,0,,,,,0.28479909909532425,,,,,
trial_0004,44,eval,,,,,,,0.5263157894736842,1.8396078065822,,,,,,,,,,,,,,,,,,,,,,
trial_0004,44,global,,,,0.26251046840585257,-0.02789494978715032,,,,,,,1,0,14,0,0,0.5,0,13,1,27,,0.11578947368421053,11.590936591086374,,,-0.8,1,0.8,1
trial_0004,45,train,,,0.2508872687182528,,,0.07377041654383883,,,0.0,0.0,0.02849400835607122,1,0,14,0,0,0.5,0,13,1,,,,,0.25561074094569425,,,,,
trial_0004,45,eval,,,,,,,0.5789473684210527,1.811248735377663,,,,,,,,,,,,,,,,,,,,,,
trial_0004,45,global,,,,0.2690497313480264,-0.03443421272932412,,,,,,,1,0,14,0,0,0.5,0,13,1,27,,0.11269349845201239,11.76762058506071,,,-0.8,1,0.8,1
trial_0004,46,train,,,0.2509326494120537,,,0.07666228362854491,,,0.0,0.0,0.024464939961190084,1,0,15,1,0,0.5,0,13,1,,,,,0.22830280211377652,,,,,
trial_0004,46,eval,0.47368421052631576,0.42105263157894735,,,,,,,,,,,,,,,,,,,,2.1052631578947367,,,,0.15789473684210525,,,,
trial_0004,46,global,,,,0.2612107755983855,-0.026595256979683263,,,,,,,1,0,15,0,0,0.25,0,14,1,27,,0.11640866873065016,11.485162204707,,,-0.8,1,0.8,1
trial_0004,47,train,,,0.25096576042631835,,,0.07427447844058908,,,0.0,0.0,0.027175526870810922,1,0,16,1,0,0.25,0,14,1,,,,,0.21991720091789327,,,,,
trial_0004,47,eval,0.5263157894736842,0.47368421052631576,,,,,,,,,,,,,,,,,,,,2.1052631578947367,,,,0.15789473684210525,,,,
trial_0004,47,global,,,,0.2707262458981408,-0.03428173779612808,,,,,,,1,0,16,0,0,0.25,0,15,1,27,,0.11331269349845201,12.170873210895172,,,-0.8,1,0.8,1
trial_0004,48,train,,,0.2510200339428922,,,0.0774098685447206,,,0.0,0.0,0.02247830461611615,1,0,16,0,0,0.25,0,15,1,,,,,0.2117998585580511,,,,,
trial_0004,48,eval,,,,,,,0.631578947368421,1.9654352194384521,,,,,,,,,,,,,,,,,,,,,,
trial_0004,48,global,,,,0.26310336223224445,-0.026658854130231717,,,,,,,1,0,16,0,0,0.25,0,15,1,27,,0.11640866873065016,11.78736698162445,,,-0.8,1,0.8,1
trial_0004,49,train,,,0.2510501942101945,,,0.07486798978866416,,,0.0,0.0,0.025283238778207852,1,0,17,1,0,0.25,0,15,1,,,,,0.1918191467827939,,,,,
trial_0004,49,eval,0.5789473684210527,0.5263157894736842,,,,,,,,,,,,,,,,,,,,2.1052631578947367,,,,0.15789473684210525,,,,
trial_0004,49,global,,,,0.2654047561468265,-0.028045753303158533,,,,,,,1,0,17,0,0,0.25,0,16,1,27,,0.1195046439628483,12.36019241521971,,,-0.8,1,0.8,1
trial_0004,50,train,,,0.25111116025042024,,,0.07723823506781395,,,0.0,0.0,0.020143519334514883,1,0,17,0,0,0.25,0,16,1,,,,,0.17555806985560882,,,,,
trial_0004,50,eval,,,,,,,0.631578947368421,1.9358050431075848,,,,,,,,,,,,,,,,,,,,,,
trial_0004,50,global,,,,0.25981481817435553,-0.02245581533068756,,,,,,,1,0,17,0,0,0.25,0,16,1,27,,0.12074303405572756,12.066169386825326,,,-0.8,1,0.8,1
trial_0004,51,train,,,0.2511392574995122,,,0.07501298696436781,,,0.0,0.0,0.023322146429501953,1,0,17,0,0,0.25,0,16,1,,,,,0.1712289105863013,,,,,
trial_0004,51,eval,,,,,,,0.631578947368421,1.8503807351777428,,,,,,,,,,,,,,,,,,,,,,
trial_0004,51,global,,,,0.2629247690608187,-0.025565766217150735,,,,,,,1,0,17,0,0,0.25,0,16,1,27,,0.12136222910216718,12.572724834241365,,,-0.8,1,0.8,1
trial_0004,52,train,,,0.2511913040851025,,,0.07572056765251971,,,0.0,0.0,0.01825058904446741,1,0,18,1,0,0.25,0,16,1,,,,,0.14356184068353886,,,,,
trial_0004,52,eval,0.5263157894736842,0.5263157894736842,,,,,,,,,,,,,,,,,,,,2.1052631578947367,,,,0.15789473684210525,,,,
trial_0004,52,global,,,,0.26019405070818785,-0.022835047864519915,,,,,,,1,0,18,0,0,0.25,0,17,1,27,,0.12074303405572756,12.535584625149658,,,-0.8,1,0.8,1
trial_0004,53,train,,,0.25122245258473336,,,0.0758597882504159,,,0.0,0.0,0.021728247629993775,1,0,18,0,0,0.25,0,17,1,,,,,0.1575768822368155,,,,,
trial_0004,53,eval,,,,,,,0.631578947368421,1.8328079757721798,,,,,,,,,,,,,,,,,,,,,,
trial_0004,53,global,,,,0.25947891415654556,-0.01985861522442102,,,,,,,1,0,18,0,0,0.25,0,17,1,27,,0.12693498452012383,12.55852949301894,,,-0.8,1,0.8,1
trial_0004,54,train,,,0.2512745917477506,,,0.07573266929768502,,,0.0,0.0,0.01609805152550875,1,0,19,1,0,0.25,0,17,1,,,,,0.12977957861854672,,,,,
trial_0004,54,eval,0.5263157894736842,0.47368421052631576,,,,,,,,,,,,,,,,,,,,2.1052631578947367,,,,0.15789473684210525,,,,
trial_0004,54,global,,,,0.26216550249848025,-0.0225452035663557,,,,,,,1,0,19,0,0,0.25,0,18,1,27,,0.12198142414860681,12.326616763182837,,,-0.8,1,0.8,1
trial_0004,55,train,,,0.2513138623313701,,,0.0754993957407931,,,0.0,0.0,0.019816787904524742,1,0,20,1,0,0.25,0,18,1,,,,,0.13602424487471582,,,,,
trial_0004,55,eval,0.5263157894736842,0.5263157894736842,,,,,,,,,,,,,,,,,,,,2.1052631578947367,,,,0.0,,,,
trial_0004,55,global,,,,0.2605997830147933,-0.020979484082668746,,,,,,,1,0,20,0,0,0.0,0,19,1,27,,0.12631578947368421,12.628404911383756,,,-0.8,1,0.8,1
trial_0004,56,train,,,0.25137750582492097,,,0.07505028552197396,,,0.0,0.0,0.01486062543191749,1,0,20,0,0,0.0,0,19,1,,,,,0.11268539882086694,,,,,
trial_0004,56,eval,,,,,,,0.6842105263157895,1.9611265177005213,,,,,,,,,,,,,,,,,,,,,,
trial_0004,56,global,,,,0.25833762713237085,-0.017174118323703105,,,,,,,1,0,20,0,0,0.0,0,19,1,27,,0.12693498452012383,12.450245075993493,,,-0.8,1,0.8,1
trial_0004,57,train,,,0.25141120083788604,,,0.07450615471981942,,,0.0,0.0,0.017803455397308352,1,0,21,1,0,0.0,0,19,1,,,,,0.10872516441059873,,,,,
trial_0004,57,eval,0.5789473684210527,0.5789473684210527,,,,,,,,,,,,,,,,,,,,2.1052631578947367,,,,0.2631578947368421,,,,
trial_0004,57,global,,,,0.26332905223453307,-0.022165543425865276,,,,,,,1,0,21,0,0,0.25,0,20,1,27,,0.12507739938080495,12.650246519200943,,,-0.8,1,0.8,1
trial_0004,58,train,,,0.25148056954779524,,,0.07534490367199512,,,0.0,0.0,0.013620390195307877,1,0,21,0,0,0.25,0,20,1,,,,,0.11972766287941883,,,,,
trial_0004,58,eval,,,,,,,0.6842105263157894,1.9450058642970887,,,,,,,,,,,,,,,,,,,,,,
trial_0004,58,global,,,,0.2588271316038899,-0.014871815836748518,,,,,,,1,0,21,0,0,0.25,0,20,1,27,,0.1281733746130031,12.195884038494098,,,-0.8,1,0.8,1
trial_0004,59,train,,,0.2515140213864915,,,0.07439191290672789,,,0.0,0.0,0.015366968847662608,1,0,21,0,0,0.25,0,20,1,,,,,0.08978835884877975,,,,,
trial_0004,59,eval,,,,,,,0.6842105263157895,1.9511203197272198,,,,,,,,,,,,,,,,,,,,,,
trial_0004,59,global,,,,0.26466409557346976,-0.0207087798063284,,,,,,,1,0,21,0,0,0.25,0,20,1,27,,0.1256965944272446,12.78590853664528,,,-0.8,1,0.8,1
trial_0004,60,train,,,0.2515616321817357,,,0.07445957178765154,,,0.0,0.0,0.013008743122546997,1,0,22,1,0,0.25,0,20,1,,,,,0.08610431997779201,,,,,
trial_0004,60,eval,0.47368421052631576,0.5789473684210527,,,,,,,,,,,,,,,,,,,,2.1052631578947367,,,,0.0,,,,
trial_0004,60,global,,,,0.2582575556663449,-0.013844992528375928,,,,,,,1,0,22,0,0,0.0,0,21,1,27,,0.13003095975232198,12.437957792016375,,,-0.8,1,0.8,1
trial_0004,61,train,,,0.25158244149481995,,,0.07324936985969542,,,0.0,0.0,0.013423294948409015,1,0,22,0,0,0.0,0,21,1,,,,,0.07446064537272175,,,,,
trial_0004,61,eval,,,,,,,0.631578947368421,1.9093605585788427,,,,,,,,,,,,,,,,,,,,,,
trial_0004,61,global,,,,0.25669992055706026,-0.012287357419091252,,,,,,,1,0,22,0,0,0.0,0,21,1,27,,0.1325077399380805,13.06463061825779,,,-0.8,1,0.8,1
trial_0004,62,train,,,0.2516079028236105,,,0.07236774741335118,,,0.0,0.0,0.011337503246304165,1,0,23,1,0,0.0,0,21,1,,,,,0.07714598460638142,,,,,
trial_0004,62,eval,0.47368421052631576,0.47368421052631576,,,,,,,,,,,,,,,,,,,,2.1052631578947367,,,,0.0,,,,
trial_0004,62,global,,,,0.26668369999679736,-0.021356642117173145,,,,,,,1,0,23,0,0,0.0,0,22,1,27,,0.12260061919504645,12.754016425070748,,,-0.8,1,0.8,1
trial_0004,63,train,,,0.2516364851530562,,,0.07319029975444713,,,0.0,0.0,0.012569910559637295,1,0,24,1,0,0.0,0,22,1,,,,,0.07601023803445253,,,,,
trial_0004,63,eval,0.5263157894736842,0.5263157894736842,,,,,,,,,,,,,,,,,,,,2.1052631578947367,,,,0.0,,,,
trial_0004,63,global,,,,0.2522346865805363,-0.006907628700912096,,,,,,,1,0,24,0,0,0.0,0,23,1,27,,0.1386996904024768,13.090732635875973,,,-0.8,1,0.8,1
trial_0004,64,train,,,0.25165925729782024,,,0.07456015399161806,,,0.0,0.0,0.012157965482378557,1,0,24,0,0,0.0,0,23,1,,,,,0.0948265223070345,,,,,
trial_0004,64,eval,,,,,,,0.631578947368421,1.7903603634944085,,,,,,,,,,,,,,,,,,,,,,
trial_0004,64,global,,,,0.2681424995109086,-0.019157462664663463,,,,,,,1,0,24,0,0,0.0,0,23,1,27,,0.12693498452012383,13.204751846738644,,,-0.8,1,0.8,1
trial_0004,65,train,,,0.25166505353247864,,,0.07353752978304598,,,0.0,0.0,0.014951933055751997,1,0,25,1,0,0.0,0,23,1,,,,,0.08170272480458655,,,,,
trial_0004,65,eval,0.631578947368421,0.5789473684210527,,,,,,,,,,,,,,,,,,,,2.1052631578947367,,,,0.15789473684210525,,,,
trial_0004,65,global,,,,0.2616531693166731,-0.011994731797027255,,,,,,,1,0,25,0,0,0.25,0,24,1,27,,0.13188854489164087,12.926542384853304,,,-0.8,1,0.8,1
trial_0004,66,train,,,0.25168203451532,,,0.07269679231846585,,,0.0,0.0,0.01118251078051857,1,0,25,0,0,0.25,0,24,1,,,,,0.06903000534413026,,,,,
trial_0004,66,eval,,,,,,,0.631578947368421,1.99838173418845,,,,,,,,,,,,,,,,,,,,,,
trial_0004,66,global,,,,0.26631719711483964,-0.01665875959519381,,,,,,,1,0,25,0,0,0.25,0,24,1,27,,0.12693498452012383,12.637551152373984,,,-0.8,1,0.8,1
trial_0004,67,train,,,0.2516957077574223,,,0.07112794353606852,,,0.0,0.0,0.011277123278457713,1,0,25,0,0,0.25,0,24,1,,,,,0.060592740304530296,,,,,
trial_0004,67,eval,,,,,,,0.631578947368421,1.9437881019946774,,,,,,,,,,,,,,,,,,,,,,
trial_0004,67,global,,,,0.2637985764081402,-0.014140138888494322,,,,,,,1,0,25,0,0,0.25,0,24,1,27,,0.1325077399380805,13.191019314509058,,,-0.8,1,0.8,1
trial_0004,68,train,,,0.2517254644251884,,,0.0698948857632089,,,0.0,0.0,0.009465430273818092,1,0,26,1,0,0.25,0,24,1,,,,,0.05779610295641295,,,,,
trial_0004,68,eval,0.42105263157894735,0.5263157894736842,,,,,,,,,,,,,,,,,,,,2.1052631578947367,,,,0.0,,,,
trial_0004,68,global,,,,0.26277784552802275,-0.013119408008376897,,,,,,,1,0,26,0,0,0.0,0,25,1,27,,0.13126934984520125,13.21300113075658,,,-0.8,1,0.8,1
trial_0004,69,train,,,0.25173530870295585,,,0.07035062287716155,,,0.0,0.0,0.01115268209396163,1,0,26,0,0,0.0,0,25,1,,,,,0.05802201814355051,,,,,
trial_0004,69,eval,,,,,,,0.631578947368421,2.0086152905500247,,,,,,,,,,,,,,,,,,,,,,
trial_0004,69,global,,,,0.2610649237772505,-0.01140648625760464,,,,,,,1,0,26,0,0,0.0,0,25,1,27,,0.13374613003095975,13.376078130290974,,,-0.8,1,0.8,1
trial_0004,70,train,,,0.2517615797671866,,,0.06839246952787359,,,0.0,0.0,0.009191474533129603,1,0,27,1,0,0.0,0,25,1,,,,,0.05274572828982738,,,,,
trial_0004,70,eval,0.47368421052631576,0.5263157894736842,,,,,,,,,,,,,,,,,,,,2.1052631578947367,,,,0.0,,,,
trial_0004,70,global,,,,0.26646375484466717,-0.016131916651620636,,,,,,,1,0,27,0,0,0.0,0,26,1,27,,0.1281733746130031,12.916889074933787,,,-0.8,1,0.8,1
trial_0004,71,train,,,0.2517904493402927,,,0.0689373143175815,,,0.0,0.0,0.010840203041864678,1,0,28,1,0,0.0,0,26,1,,,,,0.05920971664500998,,,,,
trial_0004,71,eval,0.5263157894736842,0.5263157894736842,,,,,,,,,,,,,,,,,,,,2.1052631578947367,,,,0.0,,,,
trial_0004,71,global,,,,0.26075541586118506,-0.010423577668138565,,,,,,,1,0,28,0,0,0.0,0,27,1,27,,0.13498452012383902,13.510362186963345,,,-0.8,1,0.8,1
trial_0004,72,train,,,0.2518237768969637,,,0.06727697557591378,,,0.0,0.0,0.008628228694749156,1,0,28,0,0,0.0,0,27,1,,,,,0.04943328211678469,,,,,
trial_0004,72,eval,,,,,,,0.6842105263157894,2.012286311652707,,,,,,,,,,,,,,,,,,,,,,
trial_0004,72,global,,,,0.26562356089884953,-0.015291722705803038,,,,,,,1,0,28,0,0,0.0,0,27,1,27,,0.12941176470588237,13.262529483003883,,,-0.8,1,0.8,1
trial_0004,73,train,,,0.2518368896017683,,,0.06697218342030302,,,0.0,0.0,0.009125532022726281,1,0,29,1,0,0.0,0,27,1,,,,,0.048398102623747385,,,,,
trial_0004,73,eval,0.5789473684210527,0.5789473684210527,,,,,,,,,,,,,,,,,,,,2.1052631578947367,,,,0.0,,,,
trial_0004,73,global,,,,0.26026116639911717,-0.009929328206070651,,,,,,,1,0,29,0,0,0.0,0,28,1,27,,0.13498452012383902,13.503716407988463,,,-0.8,1,0.8,1
trial_0004,74,train,,,0.25184509253248255,,,0.06534151637807804,,,0.0,0.0,0.0077741714986257916,1,0,29,0,0,0.0,0,28,1,,,,,0.04153162153398103,,,,,
trial_0004,74,eval,,,,,,,0.6842105263157894,2.0803112591077624,,,,,,,,,,,,,,,,,,,,,,
trial_0004,74,global,,,,0.26364869328949686,-0.013316855096450309,,,,,,,1,0,29,0,0,0.0,0,28,1,27,,0.13126934984520125,13.37860115925225,,,-0.8,1,0.8,1
trial_0004,75,train,,,0.2518626616356221,,,0.06490141280153963,,,0.0,0.0,0.007481409128082848,1,0,29,0,0,0.0,0,28,1,,,,,0.04004419165703052,,,,,
trial_0004,75,eval,,,,,,,0.631578947368421,2.235322603171593,,,,,,,,,,,,,,,,,,,,,,
trial_0004,75,global,,,,0.26376898391624337,-0.013437145723196865,,,,,,,1,0,29,0,0,0.0,0,28,1,27,,0.13126934984520125,13.389000723162672,,,-0.8,1,0.8,1
trial_0004,76,train,,,0.25187904657201565,,,0.06398863044190914,,,0.0,0.0,0.006764987887126676,1,0,30,1,0,0.0,0,28,1,,,,,0.03664600044449276,,,,,
trial_0004,76,eval,0.5263157894736842,0.5263157894736842,,,,,,,,,,,,,,,,,,,,2.1052631578947367,,,,0.0,,,,
trial_0004,76,global,,,,0.2652757356674822,-0.014943897474435709,,,,,,,1,0,30,0,0,0.0,0,29,1,27,,0.12941176470588237,13.32105944843115,,,-0.8,1,0.8,1
trial_0004,77,train,,,0.2518900965756558,,,0.06313141102486468,,,0.0,0.0,0.006684289084025412,1,0,30,0,0,0.0,0,29,1,,,,,0.03546944341443954,,,,,
trial_0004,77,eval,,,,,,,0.5789473684210527,2.263950898753185,,,,,,,,,,,,,,,,,,,,,,
trial_0004,77,global,,,,0.26048324674668993,-0.009478007880242733,,,,,,,1,0,30,0,0,0.0,0,29,1,27,,0.13436532507739937,13.448594736388593,,,-0.8,1,0.8,1
trial_0004,78,train,,,0.25190015390832377,,,0.06299534883904964,,,0.0,0.0,0.006420751103631003,1,0,31,1,0,0.0,0,29,1,,,,,0.03502331831433038,,,,,
trial_0004,78,eval,0.5263157894736842,0.5263157894736842,,,,,,,,,,,,,,,,,,,,2.1052631578947367,,,,0.0,,,,
trial_0004,78,global,,,,0.26134966762469375,-0.010344428758246513,,,,,,,1,0,31,0,0,0.0,0,30,1,27,,0.13560371517027864,13.763716786859943,,,-0.8,1,0.8,1
trial_0004,79,train,,,0.2518877919684065,,,0.06181764666070329,,,0.0,0.0,0.006343539276728754,1,0,32,1,0,0.0,0,30,1,,,,,0.03233013995526794,,,,,
trial_0004,79,eval,0.5263157894736842,0.5263157894736842,,,,,,,,,,,,,,,,,,,,2.1052631578947367,,,,0.0,,,,
trial_0004,79,global,,,,0.26092513830749353,-0.009919899441046353,,,,,,,1,0,32,0,0,0.0,0,31,1,27,,0.13374613003095975,13.810878704059235,,,-0.8,1,0.8,1
trial_0004,80,train,,,0.25189083909734766,,,0.061465828976732625,,,0.0,0.0,0.0052007415937817105,1,0,32,0,0,0.0,0,31,1,,,,,0.03136847468013776,,,,,
trial_0004,80,eval,,,,,,,0.5789473684210527,2.2617978063706112,,,,,,,,,,,,,,,,,,,,,,
trial_0004,80,global,,,,0.26395775840733476,-0.01227911886748686,,,,,,,1,0,32,0,0,0.0,0,31,1,27,,0.13188854489164087,13.421261795091187,,,-0.8,1,0.8,1
trial_0004,81,train,,,0.2518990321996364,,,0.06058154334413244,,,0.0,0.0,0.0054801759582682906,1,0,33,1,0,0.0,0,31,1,,,,,0.029107577005956085,,,,,
trial_0004,81,eval,0.5789473684210527,0.5789473684210527,,,,,,,,,,,,,,,,,,,,2.1052631578947367,,,,0.15789473684210525,,,,
trial_0004,81,global,,,,0.2667654452191996,-0.01508680567935172,,,,,,,1,0,33,0,0,0.25,0,32,1,27,,0.12941176470588237,13.71776025730759,,,-0.8,1,0.8,1
trial_0004,82,train,,,0.2519009544494304,,,0.06005637950085579,,,0.0,0.0,0.0047605164693990485,1,0,33,0,0,0.25,0,32,1,,,,,0.026154175067835662,,,,,
trial_0004,82,eval,,,,,,,0.5789473684210527,2.3676732435185266,,,,,,,,,,,,,,,,,,,,,,
trial_0004,82,global,,,,0.2642061085091522,-0.012527468969304345,,,,,,,1,0,33,0,0,0.25,0,32,1,27,,0.13188854489164087,13.655126948400916,,,-0.8,1,0.8,1
trial_0004,83,train,,,0.251915878437935,,,0.06021435210045347,,,0.0,0.0,0.0051095570967516594,1,0,33,0,0,0.25,0,32,1,,,,,0.02593279786289055,,,,,
trial_0004,83,eval,,,,,,,0.631578947368421,2.4364989660680294,,,,,,,,,,,,,,,,,,,,,,
trial_0004,83,global,,,,0.2663015196757988,-0.014622880135950943,,,,,,,1,0,33,0,0,0.25,0,32,1,27,,0.13003095975232198,13.777648699025251,,,-0.8,1,0.8,1
trial_0004,84,train,,,0.2519202644520617,,,0.05930696079071532,,,0.0,0.0,0.004653136284979794,1,0,34,1,0,0.25,0,32,1,,,,,0.02071776021212498,,,,,
trial_0004,84,eval,0.5263157894736842,0.5263157894736842,,,,,,,,,,,,,,,,,,,,2.1052631578947367,,,,0.0,,,,
trial_0004,84,global,,,,0.26281751144999876,-0.011138871910150882,,,,,,,1,0,34,0,0,0.0,0,33,1,27,,0.13312693498452013,13.691936263801882,,,-0.8,1,0.8,1
trial_0004,85,train,,,0.251916913593069,,,0.059278171113196845,,,0.0,0.0,0.004274817174665898,1,0,34,0,0,0.0,0,33,1,,,,,0.03592941283466334,,,,,
trial_0004,85,eval,,,,,,,0.5789473684210527,2.571733886327006,,,,,,,,,,,,,,,,,,,,,,
trial_0004,85,global,,,,0.2639358401613177,-0.00754339590766512,,,,,,,1,0,34,0,0,0.0,0,33,1,27,,0.13374613003095975,13.089848190638303,,,-0.8,1,0.8,1
trial_0004,86,train,,,0.2519181237575855,,,0.05894211315094156,,,0.0,0.0,0.004886861230841803,1,0,35,1,0,0.0,0,33,1,,,,,0.05288346719313809,,,,,
trial_0004,86,eval,0.47368421052631576,0.47368421052631576,,,,,,,,,,,,,,,,,,,,2.1052631578947367,,,,0.0,,,,
trial_0004,86,global,,,,0.2617685680475754,-0.00537612379392281,,,,,,,1,0,35,0,0,0.0,0,34,1,27,,0.1393188854489164,13.770113689316316,,,-0.8,1,0.8,1
trial_0004,87,train,,,0.2519139577733709,,,0.05903273630649485,,,0.0,0.0,0.006420684970021769,1,0,36,1,0,0.0,0,34,1,,,,,0.03468582717047885,,,,,
trial_0004,87,eval,0.5263157894736842,0.47368421052631576,,,,,,,,,,,,,,,,,,,,2.1052631578947367,,,,0.2631578947368421,,,,
trial_0004,87,global,,,,0.2679478456356259,-0.011555401381973333,,,,,,,1,0,36,0,0,0.25,0,35,1,27,,0.13188854489164087,13.726013717415164,,,-0.8,1,0.8,1
trial_0004,88,train,,,0.25190048807478965,,,0.0582796943948624,,,0.0,0.0,0.004911149915503128,1,0,36,0,0,0.25,0,35,1,,,,,0.026660570648914955,,,,,
trial_0004,88,eval,,,,,,,0.5789473684210527,2.294986687355528,,,,,,,,,,,,,,,,,,,,,,
trial_0004,88,global,,,,0.2692741505983982,-0.012881706344745633,,,,,,,1,0,36,0,0,0.25,0,35,1,27,,0.13126934984520125,14.243119651392886,,,-0.8,1,0.8,1
trial_0004,89,train,,,0.25188939558698775,,,0.057313210152565165,,,0.0,0.0,0.0053055371377497,1,0,37,1,0,0.25,0,35,1,,,,,0.02256011948920786,,,,,
trial_0004,89,eval,0.5789473684210527,0.5263157894736842,,,,,,,,,,,,,,,,,,,,2.1052631578947367,,,,0.15789473684210525,,,,
trial_0004,89,global,,,,0.2662272335415484,-0.009834789287895843,,,,,,,1,0,37,0,0,0.25,0,36,1,27,,0.13436532507739937,13.409853899220565,,,-0.8,1,0.8,1
trial_0004,90,train,,,0.25189427714398566,,,0.057454300687668165,,,0.0,0.0,0.005036046105058322,1,0,37,0,0,0.25,0,36,1,,,,,0.02257171610687324,,,,,
trial_0004,90,eval,,,,,,,0.6842105263157895,2.4733545899048055,,,,,,,,,,,,,,,,,,,,,,
trial_0004,90,global,,,,0.27293044970695685,-0.01653800545330426,,,,,,,1,0,37,0,0,0.25,0,36,1,27,,0.12693498452012383,14.140733587778758,,,-0.8,1,0.8,1
