round,class_id,n,acc,bwt,forgetting
1,0,51,0.19607843137254902,,
1,1,45,0.6,,
1,2,51,0.0,,
1,3,54,0.0,,
1,4,49,0.04081632653061224,,
1,5,53,0.0,,
1,6,52,0.07692307692307693,,
1,7,58,0.0,,
1,8,62,0.3387096774193548,,
2,0,51,0.9411764705882353,0.7450980392156863,0.0
2,1,45,0.4222222222222222,-0.17777777777777776,0.17777777777777776
2,2,51,0.0,0.0,0.0
2,3,54,0.0,0.0,0.0
2,4,49,0.0,-0.04081632653061224,0.04081632653061224
2,5,53,0.0,0.0,0.0
2,6,52,0.019230769230769232,-0.057692307692307696,0.057692307692307696
2,7,58,0.0,0.0,0.0
2,8,62,0.11290322580645161,-0.2258064516129032,0.2258064516129032
3,0,51,1.0,0.803921568627451,0.0
3,1,45,0.044444444444444446,-0.5555555555555556,0.5555555555555556
3,2,51,0.0,0.0,0.0
3,3,54,0.0,0.0,0.0
3,4,49,0.0,-0.04081632653061224,0.04081632653061224
3,5,53,0.0,0.0,0.0
3,6,52,0.057692307692307696,-0.019230769230769232,0.019230769230769232
3,7,58,0.0,0.0,0.0
3,8,62,0.03225806451612903,-0.30645161290322576,0.30645161290322576
4,0,51,0.5686274509803921,0.37254901960784315,0.43137254901960786
4,1,45,0.28888888888888886,-0.3111111111111111,0.3111111111111111
4,2,51,0.0196078431372549,0.0196078431372549,0.0
4,3,54,0.018518518518518517,0.018518518518518517,0.0
4,4,49,0.14285714285714285,0.10204081632653061,0.0
4,5,53,0.05660377358490566,0.05660377358490566,0.0
4,6,52,0.019230769230769232,-0.057692307692307696,0.057692307692307696
4,7,58,0.05172413793103448,0.05172413793103448,0.0
4,8,62,0.16129032258064516,-0.17741935483870966,0.17741935483870966
5,0,51,0.47058823529411764,0.27450980392156865,0.5294117647058824
5,1,45,0.3333333333333333,-0.26666666666666666,0.26666666666666666
5,2,51,0.09803921568627451,0.09803921568627451,0.0
5,3,54,0.018518518518518517,0.018518518518518517,0.0
5,4,49,0.20408163265306123,0.163265306122449,0.0
5,5,53,0.37735849056603776,0.37735849056603776,0.0
5,6,52,0.019230769230769232,-0.057692307692307696,0.057692307692307696
5,7,58,0.06896551724137931,0.06896551724137931,0.0
5,8,62,0.20967741935483872,-0.1290322580645161,0.1290322580645161
6,0,51,0.43137254901960786,0.23529411764705885,0.5686274509803921
6,1,45,0.2222222222222222,-0.37777777777777777,0.37777777777777777
6,2,51,0.09803921568627451,0.09803921568627451,0.0
6,3,54,0.1111111111111111,0.1111111111111111,0.0
6,4,49,0.22448979591836735,0.1836734693877551,0.0
6,5,53,0.39622641509433965,0.39622641509433965,0.0
6,6,52,0.019230769230769232,-0.057692307692307696,0.057692307692307696
6,7,58,0.13793103448275862,0.13793103448275862,0.0
6,8,62,0.2903225806451613,-0.048387096774193505,0.048387096774193505
7,0,51,0.19607843137254902,0.0,0.803921568627451
7,1,45,0.13333333333333333,-0.4666666666666667,0.4666666666666667
7,2,51,0.11764705882352941,0.11764705882352941,0.0
7,3,54,0.12962962962962962,0.12962962962962962,0.0
7,4,49,0.16326530612244897,0.12244897959183673,0.06122448979591838
7,5,53,0.37735849056603776,0.37735849056603776,0.018867924528301883
7,6,52,0.019230769230769232,-0.057692307692307696,0.057692307692307696
7,7,58,0.1724137931034483,0.1724137931034483,0.0
7,8,62,0.3225806451612903,-0.016129032258064502,0.016129032258064502
8,0,51,0.0784313725490196,-0.11764705882352941,0.9215686274509804
8,1,45,0.15555555555555556,-0.4444444444444444,0.4444444444444444
8,2,51,0.13725490196078433,0.13725490196078433,0.0
8,3,54,0.07407407407407407,0.07407407407407407,0.05555555555555555
8,4,49,0.20408163265306123,0.163265306122449,0.020408163265306117
8,5,53,0.37735849056603776,0.37735849056603776,0.018867924528301883
8,6,52,0.0,-0.07692307692307693,0.07692307692307693
8,7,58,0.29310344827586204,0.29310344827586204,0.0
8,8,62,0.3548387096774194,0.016129032258064557,0.0
9,0,51,0.09803921568627451,-0.09803921568627451,0.9019607843137255
9,1,45,0.1111111111111111,-0.4888888888888889,0.4888888888888889
9,2,51,0.17647058823529413,0.17647058823529413,0.0
9,3,54,0.12962962962962962,0.12962962962962962,0.0
9,4,49,0.2653061224489796,0.22448979591836737,0.0
9,5,53,0.37735849056603776,0.37735849056603776,0.018867924528301883
9,6,52,0.0,-0.07692307692307693,0.07692307692307693
9,7,58,0.1896551724137931,0.1896551724137931,0.10344827586206895
9,8,62,0.3548387096774194,0.016129032258064557,0.0
10,0,51,0.0784313725490196,-0.11764705882352941,0.9215686274509804
10,1,45,0.13333333333333333,-0.4666666666666667,0.4666666666666667
10,2,51,0.23529411764705882,0.23529411764705882,0.0
10,3,54,0.1111111111111111,0.1111111111111111,0.018518518518518517
10,4,49,0.24489795918367346,0.20408163265306123,0.020408163265306145
10,5,53,0.33962264150943394,0.33962264150943394,0.0566037735849057
10,6,52,0.0,-0.07692307692307693,0.07692307692307693
10,7,58,0.22413793103448276,0.22413793103448276,0.06896551724137928
10,8,62,0.3870967741935484,0.04838709677419356,0.0
11,0,51,0.058823529411764705,-0.13725490196078433,0.9411764705882353
11,1,45,0.0,-0.6,0.6
11,2,51,0.0,0.0,0.23529411764705882
11,3,54,0.0,0.0,0.12962962962962962
11,4,49,0.0,-0.04081632653061224,0.2653061224489796
11,5,53,0.0,0.0,0.39622641509433965
11,6,52,0.0,-0.07692307692307693,0.07692307692307693
11,7,58,0.0,0.0,0.29310344827586204
11,8,62,0.0,-0.3387096774193548,0.3870967741935484
11,9,66,0.0,,
11,10,71,0.09859154929577464,,
11,11,68,0.3235294117647059,,
11,12,54,0.0,,
11,13,66,0.45454545454545453,,
11,14,60,0.03333333333333333,,
11,15,54,0.018518518518518517,,
11,16,71,0.07042253521126761,,
11,17,60,0.16666666666666666,,
12,0,51,0.0784313725490196,-0.11764705882352941,0.9215686274509804
12,1,45,0.0,-0.6,0.6
12,2,51,0.0,0.0,0.23529411764705882
12,3,54,0.0,0.0,0.12962962962962962
12,4,49,0.0,-0.04081632653061224,0.2653061224489796
12,5,53,0.0,0.0,0.39622641509433965
12,6,52,0.0,-0.07692307692307693,0.07692307692307693
12,7,58,0.0,0.0,0.29310344827586204
12,8,62,0.0,-0.3387096774193548,0.3870967741935484
12,9,66,0.10606060606060606,0.10606060606060606,0.0
12,10,71,0.16901408450704225,0.07042253521126761,0.0
12,11,68,0.11764705882352941,-0.2058823529411765,0.2058823529411765
12,12,54,0.12962962962962962,0.12962962962962962,0.0
12,13,66,0.0,-0.45454545454545453,0.45454545454545453
12,14,60,0.11666666666666667,0.08333333333333334,0.0
12,15,54,0.037037037037037035,0.018518518518518517,0.0
12,16,71,0.056338028169014086,-0.014084507042253523,0.014084507042253523
12,17,60,0.7,0.5333333333333333,0.0
13,0,51,0.0,-0.19607843137254902,1.0
13,1,45,0.0,-0.6,0.6
13,2,51,0.0,0.0,0.23529411764705882
13,3,54,0.0,0.0,0.12962962962962962
13,4,49,0.0,-0.04081632653061224,0.2653061224489796
13,5,53,0.0,0.0,0.39622641509433965
13,6,52,0.0,-0.07692307692307693,0.07692307692307693
13,7,58,0.0,0.0,0.29310344827586204
13,8,62,0.0,-0.3387096774193548,0.3870967741935484
13,9,66,0.2878787878787879,0.2878787878787879,0.0
13,10,71,0.15492957746478872,0.05633802816901408,0.01408450704225353
13,11,68,0.19117647058823528,-0.13235294117647062,0.13235294117647062
13,12,54,0.16666666666666666,0.16666666666666666,0.0
13,13,66,0.06060606060606061,-0.3939393939393939,0.3939393939393939
13,14,60,0.23333333333333334,0.2,0.0
13,15,54,0.2222222222222222,0.2037037037037037,0.0
13,16,71,0.09859154929577464,0.028169014084507032,0.0
13,17,60,0.45,0.2833333333333333,0.24999999999999994
14,0,51,0.0,-0.19607843137254902,1.0
14,1,45,0.0,-0.6,0.6
14,2,51,0.0,0.0,0.23529411764705882
14,3,54,0.0,0.0,0.12962962962962962
14,4,49,0.0,-0.04081632653061224,0.2653061224489796
14,5,53,0.0,0.0,0.39622641509433965
14,6,52,0.0,-0.07692307692307693,0.07692307692307693
14,7,58,0.0,0.0,0.29310344827586204
14,8,62,0.0,-0.3387096774193548,0.3870967741935484
14,9,66,0.2727272727272727,0.2727272727272727,0.015151515151515194
14,10,71,0.19718309859154928,0.09859154929577464,0.0
14,11,68,0.11764705882352941,-0.2058823529411765,0.2058823529411765
14,12,54,0.18518518518518517,0.18518518518518517,0.0
14,13,66,0.015151515151515152,-0.4393939393939394,0.4393939393939394
14,14,60,0.2,0.16666666666666669,0.033333333333333326
14,15,54,0.18518518518518517,0.16666666666666666,0.037037037037037035
14,16,71,0.11267605633802817,0.04225352112676056,0.0
14,17,60,0.55,0.3833333333333334,0.1499999999999999
15,0,51,0.0,-0.19607843137254902,1.0
15,1,45,0.0,-0.6,0.6
15,2,51,0.0,0.0,0.23529411764705882
15,3,54,0.0,0.0,0.12962962962962962
15,4,49,0.0,-0.04081632653061224,0.2653061224489796
15,5,53,0.0,0.0,0.39622641509433965
15,6,52,0.0,-0.07692307692307693,0.07692307692307693
15,7,58,0.0,0.0,0.29310344827586204
15,8,62,0.0,-0.3387096774193548,0.3870967741935484
15,9,66,0.2727272727272727,0.2727272727272727,0.015151515151515194
15,10,71,0.19718309859154928,0.09859154929577464,0.0
15,11,68,0.11764705882352941,-0.2058823529411765,0.2058823529411765
15,12,54,0.2037037037037037,0.2037037037037037,0.0
15,13,66,0.015151515151515152,-0.4393939393939394,0.4393939393939394
15,14,60,0.26666666666666666,0.23333333333333334,0.0
15,15,54,0.24074074074074073,0.2222222222222222,0.0
15,16,71,0.09859154929577464,0.028169014084507032,0.01408450704225353
15,17,60,0.43333333333333335,0.2666666666666667,0.2666666666666666
16,0,51,0.0,-0.19607843137254902,1.0
16,1,45,0.0,-0.6,0.6
16,2,51,0.0,0.0,0.23529411764705882
16,3,54,0.0,0.0,0.12962962962962962
16,4,49,0.0,-0.04081632653061224,0.2653061224489796
16,5,53,0.0,0.0,0.39622641509433965
16,6,52,0.0,-0.07692307692307693,0.07692307692307693
16,7,58,0.0,0.0,0.29310344827586204
16,8,62,0.0,-0.3387096774193548,0.3870967741935484
16,9,66,0.21212121212121213,0.21212121212121213,0.07575757575757577
16,10,71,0.22535211267605634,0.1267605633802817,0.0
16,11,68,0.10294117647058823,-0.22058823529411767,0.22058823529411767
16,12,54,0.18518518518518517,0.18518518518518517,0.018518518518518517
16,13,66,0.015151515151515152,-0.4393939393939394,0.4393939393939394
16,14,60,0.23333333333333334,0.2,0.033333333333333326
16,15,54,0.24074074074074073,0.2222222222222222,0.0
16,16,71,0.1267605633802817,0.05633802816901408,0.0
16,17,60,0.4666666666666667,0.30000000000000004,0.23333333333333328
17,0,51,0.0,-0.19607843137254902,1.0
17,1,45,0.0,-0.6,0.6
17,2,51,0.0,0.0,0.23529411764705882
17,3,54,0.0,0.0,0.12962962962962962
17,4,49,0.0,-0.04081632653061224,0.2653061224489796
17,5,53,0.0,0.0,0.39622641509433965
17,6,52,0.0,-0.07692307692307693,0.07692307692307693
17,7,58,0.0,0.0,0.29310344827586204
17,8,62,0.0,-0.3387096774193548,0.3870967741935484
17,9,66,0.22727272727272727,0.22727272727272727,0.060606060606060635
17,10,71,0.22535211267605634,0.1267605633802817,0.0
17,11,68,0.1323529411764706,-0.1911764705882353,0.1911764705882353
17,12,54,0.2037037037037037,0.2037037037037037,0.0
17,13,66,0.015151515151515152,-0.4393939393939394,0.4393939393939394
17,14,60,0.2833333333333333,0.25,0.0
17,15,54,0.25925925925925924,0.24074074074074073,0.0
17,16,71,0.09859154929577464,0.028169014084507032,0.028169014084507046
17,17,60,0.36666666666666664,0.19999999999999998,0.3333333333333333
18,0,51,0.0,-0.19607843137254902,1.0
18,1,45,0.0,-0.6,0.6
18,2,51,0.0,0.0,0.23529411764705882
18,3,54,0.0,0.0,0.12962962962962962
18,4,49,0.0,-0.04081632653061224,0.2653061224489796
18,5,53,0.0,0.0,0.39622641509433965
18,6,52,0.0,-0.07692307692307693,0.07692307692307693
18,7,58,0.0,0.0,0.29310344827586204
18,8,62,0.0,-0.3387096774193548,0.3870967741935484
18,9,66,0.21212121212121213,0.21212121212121213,0.07575757575757577
18,10,71,0.23943661971830985,0.1408450704225352,0.0
18,11,68,0.14705882352941177,-0.17647058823529413,0.17647058823529413
18,12,54,0.2037037037037037,0.2037037037037037,0.0
18,13,66,0.06060606060606061,-0.3939393939393939,0.3939393939393939
18,14,60,0.26666666666666666,0.23333333333333334,0.016666666666666663
18,15,54,0.24074074074074073,0.2222222222222222,0.018518518518518517
18,16,71,0.09859154929577464,0.028169014084507032,0.028169014084507046
18,17,60,0.48333333333333334,0.31666666666666665,0.21666666666666662
19,0,51,0.0,-0.19607843137254902,1.0
19,1,45,0.0,-0.6,0.6
19,2,51,0.0,0.0,0.23529411764705882
19,3,54,0.0,0.0,0.12962962962962962
19,4,49,0.0,-0.04081632653061224,0.2653061224489796
19,5,53,0.0,0.0,0.39622641509433965
19,6,52,0.0,-0.07692307692307693,0.07692307692307693
19,7,58,0.0,0.0,0.29310344827586204
19,8,62,0.0,-0.3387096774193548,0.3870967741935484
19,9,66,0.21212121212121213,0.21212121212121213,0.07575757575757577
19,10,71,0.23943661971830985,0.1408450704225352,0.0
19,11,68,0.16176470588235295,-0.16176470588235295,0.16176470588235295
19,12,54,0.2037037037037037,0.2037037037037037,0.0
19,13,66,0.06060606060606061,-0.3939393939393939,0.3939393939393939
19,14,60,0.25,0.21666666666666667,0.033333333333333326
19,15,54,0.24074074074074073,0.2222222222222222,0.018518518518518517
19,16,71,0.09859154929577464,0.028169014084507032,0.028169014084507046
19,17,60,0.45,0.2833333333333333,0.24999999999999994
20,0,51,0.0,-0.19607843137254902,1.0
20,1,45,0.0,-0.6,0.6
20,2,51,0.0,0.0,0.23529411764705882
20,3,54,0.0,0.0,0.12962962962962962
20,4,49,0.0,-0.04081632653061224,0.2653061224489796
20,5,53,0.0,0.0,0.39622641509433965
20,6,52,0.0,-0.07692307692307693,0.07692307692307693
20,7,58,0.0,0.0,0.29310344827586204
20,8,62,0.0,-0.3387096774193548,0.3870967741935484
20,9,66,0.19696969696969696,0.19696969696969696,0.09090909090909094
20,10,71,0.23943661971830985,0.1408450704225352,0.0
20,11,68,0.14705882352941177,-0.17647058823529413,0.17647058823529413
20,12,54,0.2222222222222222,0.2222222222222222,0.0
20,13,66,0.06060606060606061,-0.3939393939393939,0.3939393939393939
20,14,60,0.23333333333333334,0.2,0.04999999999999999
20,15,54,0.24074074074074073,0.2222222222222222,0.018518518518518517
20,16,71,0.11267605633802817,0.04225352112676056,0.014084507042253516
20,17,60,0.4666666666666667,0.30000000000000004,0.23333333333333328
21,0,51,0.0,-0.19607843137254902,1.0
21,1,45,0.0,-0.6,0.6
21,2,51,0.0,0.0,0.23529411764705882
21,3,54,0.0,0.0,0.12962962962962962
21,4,49,0.0,-0.04081632653061224,0.2653061224489796
21,5,53,0.0,0.0,0.39622641509433965
21,6,52,0.0,-0.07692307692307693,0.07692307692307693
21,7,58,0.0,0.0,0.29310344827586204
21,8,62,0.0,-0.3387096774193548,0.3870967741935484
21,9,66,0.0,0.0,0.2878787878787879
21,10,71,0.0,-0.09859154929577464,0.23943661971830985
21,11,68,0.0,-0.3235294117647059,0.3235294117647059
21,12,54,0.0,0.0,0.2222222222222222
21,13,66,0.0,-0.45454545454545453,0.45454545454545453
21,14,60,0.0,-0.03333333333333333,0.2833333333333333
21,15,54,0.0,-0.018518518518518517,0.25925925925925924
21,16,71,0.0,-0.07042253521126761,0.1267605633802817
21,17,60,0.0,-0.16666666666666666,0.7
21,18,66,0.0,,
21,19,52,0.038461538461538464,,
21,20,92,0.0,,
21,21,55,0.0,,
21,22,57,0.0,,
21,23,46,0.0,,
21,24,48,0.0,,
21,25,81,0.0,,
21,26,73,1.0,,
22,0,51,0.0,-0.19607843137254902,1.0
22,1,45,0.0,-0.6,0.6
22,2,51,0.0,0.0,0.23529411764705882
22,3,54,0.0,0.0,0.12962962962962962
22,4,49,0.0,-0.04081632653061224,0.2653061224489796
22,5,53,0.0,0.0,0.39622641509433965
22,6,52,0.0,-0.07692307692307693,0.07692307692307693
22,7,58,0.0,0.0,0.29310344827586204
22,8,62,0.0,-0.3387096774193548,0.3870967741935484
22,9,66,0.0,0.0,0.2878787878787879
22,10,71,0.0,-0.09859154929577464,0.23943661971830985
22,11,68,0.0,-0.3235294117647059,0.3235294117647059
22,12,54,0.0,0.0,0.2222222222222222
22,13,66,0.0,-0.45454545454545453,0.45454545454545453
22,14,60,0.0,-0.03333333333333333,0.2833333333333333
22,15,54,0.0,-0.018518518518518517,0.25925925925925924
22,16,71,0.0,-0.07042253521126761,0.1267605633802817
22,17,60,0.0,-0.16666666666666666,0.7
22,18,66,0.0,0.0,0.0
22,19,52,0.4230769230769231,0.3846153846153846,0.0
22,20,92,0.0,0.0,0.0
22,21,55,0.0,0.0,0.0
22,22,57,0.0,0.0,0.0
22,23,46,0.08695652173913043,0.08695652173913043,0.0
22,24,48,0.0,0.0,0.0
22,25,81,0.32098765432098764,0.32098765432098764,0.0
22,26,73,0.589041095890411,-0.410958904109589,0.410958904109589
23,0,51,0.0,-0.19607843137254902,1.0
23,1,45,0.0,-0.6,0.6
23,2,51,0.0,0.0,0.23529411764705882
23,3,54,0.0,0.0,0.12962962962962962
23,4,49,0.0,-0.04081632653061224,0.2653061224489796
23,5,53,0.0,0.0,0.39622641509433965
23,6,52,0.0,-0.07692307692307693,0.07692307692307693
23,7,58,0.0,0.0,0.29310344827586204
23,8,62,0.0,-0.3387096774193548,0.3870967741935484
23,9,66,0.0,0.0,0.2878787878787879
23,10,71,0.0,-0.09859154929577464,0.23943661971830985
23,11,68,0.0,-0.3235294117647059,0.3235294117647059
23,12,54,0.0,0.0,0.2222222222222222
23,13,66,0.0,-0.45454545454545453,0.45454545454545453
23,14,60,0.0,-0.03333333333333333,0.2833333333333333
23,15,54,0.0,-0.018518518518518517,0.25925925925925924
23,16,71,0.0,-0.07042253521126761,0.1267605633802817
23,17,60,0.0,-0.16666666666666666,0.7
23,18,66,0.0,0.0,0.0
23,19,52,0.6153846153846154,0.576923076923077,0.0
23,20,92,0.0,0.0,0.0
23,21,55,0.05454545454545454,0.05454545454545454,0.0
23,22,57,0.0,0.0,0.0
23,23,46,0.0,0.0,0.08695652173913043
23,24,48,0.25,0.25,0.0
23,25,81,0.04938271604938271,0.04938271604938271,0.2716049382716049
23,26,73,0.8356164383561644,-0.1643835616438356,0.1643835616438356
24,0,51,0.0,-0.19607843137254902,1.0
24,1,45,0.0,-0.6,0.6
24,2,51,0.0,0.0,0.23529411764705882
24,3,54,0.0,0.0,0.12962962962962962
24,4,49,0.0,-0.04081632653061224,0.2653061224489796
24,5,53,0.0,0.0,0.39622641509433965
24,6,52,0.0,-0.07692307692307693,0.07692307692307693
24,7,58,0.0,0.0,0.29310344827586204
24,8,62,0.0,-0.3387096774193548,0.3870967741935484
24,9,66,0.0,0.0,0.2878787878787879
24,10,71,0.0,-0.09859154929577464,0.23943661971830985
24,11,68,0.0,-0.3235294117647059,0.3235294117647059
24,12,54,0.0,0.0,0.2222222222222222
24,13,66,0.0,-0.45454545454545453,0.45454545454545453
24,14,60,0.0,-0.03333333333333333,0.2833333333333333
24,15,54,0.0,-0.018518518518518517,0.25925925925925924
24,16,71,0.0,-0.07042253521126761,0.1267605633802817
24,17,60,0.0,-0.16666666666666666,0.7
24,18,66,0.0,0.0,0.0
24,19,52,0.2692307692307692,0.23076923076923075,0.3461538461538462
24,20,92,0.05434782608695652,0.05434782608695652,0.0
24,21,55,0.16363636363636364,0.16363636363636364,0.0
24,22,57,0.07017543859649122,0.07017543859649122,0.0
24,23,46,0.10869565217391304,0.10869565217391304,0.0
24,24,48,0.1875,0.1875,0.0625
24,25,81,0.25925925925925924,0.25925925925925924,0.06172839506172839
24,26,73,0.821917808219178,-0.17808219178082196,0.17808219178082196
25,0,51,0.0,-0.19607843137254902,1.0
25,1,45,0.0,-0.6,0.6
25,2,51,0.0,0.0,0.23529411764705882
25,3,54,0.0,0.0,0.12962962962962962
25,4,49,0.0,-0.04081632653061224,0.2653061224489796
25,5,53,0.0,0.0,0.39622641509433965
25,6,52,0.0,-0.07692307692307693,0.07692307692307693
25,7,58,0.0,0.0,0.29310344827586204
25,8,62,0.0,-0.3387096774193548,0.3870967741935484
25,9,66,0.0,0.0,0.2878787878787879
25,10,71,0.0,-0.09859154929577464,0.23943661971830985
25,11,68,0.0,-0.3235294117647059,0.3235294117647059
25,12,54,0.0,0.0,0.2222222222222222
25,13,66,0.0,-0.45454545454545453,0.45454545454545453
25,14,60,0.0,-0.03333333333333333,0.2833333333333333
25,15,54,0.0,-0.018518518518518517,0.25925925925925924
25,16,71,0.0,-0.07042253521126761,0.1267605633802817
25,17,60,0.0,-0.16666666666666666,0.7
25,18,66,0.0,0.0,0.0
25,19,52,0.5769230769230769,0.5384615384615384,0.03846153846153855
25,20,92,0.0,0.0,0.05434782608695652
25,21,55,0.23636363636363636,0.23636363636363636,0.0
25,22,57,0.0,0.0,0.07017543859649122
25,23,46,0.021739130434782608,0.021739130434782608,0.08695652173913043
25,24,48,0.10416666666666667,0.10416666666666667,0.14583333333333331
25,25,81,0.32098765432098764,0.32098765432098764,0.0
25,26,73,0.9178082191780822,-0.0821917808219178,0.0821917808219178
26,0,51,0.0,-0.19607843137254902,1.0
26,1,45,0.0,-0.6,0.6
26,2,51,0.0,0.0,0.23529411764705882
26,3,54,0.0,0.0,0.12962962962962962
26,4,49,0.0,-0.04081632653061224,0.2653061224489796
26,5,53,0.0,0.0,0.39622641509433965
26,6,52,0.0,-0.07692307692307693,0.07692307692307693
26,7,58,0.0,0.0,0.29310344827586204
26,8,62,0.0,-0.3387096774193548,0.3870967741935484
26,9,66,0.0,0.0,0.2878787878787879
26,10,71,0.0,-0.09859154929577464,0.23943661971830985
26,11,68,0.0,-0.3235294117647059,0.3235294117647059
26,12,54,0.0,0.0,0.2222222222222222
26,13,66,0.0,-0.45454545454545453,0.45454545454545453
26,14,60,0.0,-0.03333333333333333,0.2833333333333333
26,15,54,0.0,-0.018518518518518517,0.25925925925925924
26,16,71,0.0,-0.07042253521126761,0.1267605633802817
26,17,60,0.0,-0.16666666666666666,0.7
26,18,66,0.015151515151515152,0.015151515151515152,0.0
26,19,52,0.7307692307692307,0.6923076923076923,0.0
26,20,92,0.0,0.0,0.05434782608695652
26,21,55,0.12727272727272726,0.12727272727272726,0.1090909090909091
26,22,57,0.07017543859649122,0.07017543859649122,0.0
26,23,46,0.08695652173913043,0.08695652173913043,0.021739130434782608
26,24,48,0.16666666666666666,0.16666666666666666,0.08333333333333334
26,25,81,0.35802469135802467,0.35802469135802467,0.0
26,26,73,0.821917808219178,-0.17808219178082196,0.17808219178082196
27,0,51,0.0,-0.19607843137254902,1.0
27,1,45,0.0,-0.6,0.6
27,2,51,0.0,0.0,0.23529411764705882
27,3,54,0.0,0.0,0.12962962962962962
27,4,49,0.0,-0.04081632653061224,0.2653061224489796
27,5,53,0.0,0.0,0.39622641509433965
27,6,52,0.0,-0.07692307692307693,0.07692307692307693
27,7,58,0.0,0.0,0.29310344827586204
27,8,62,0.0,-0.3387096774193548,0.3870967741935484
27,9,66,0.0,0.0,0.2878787878787879
27,10,71,0.0,-0.09859154929577464,0.23943661971830985
27,11,68,0.0,-0.3235294117647059,0.3235294117647059
27,12,54,0.0,0.0,0.2222222222222222
27,13,66,0.0,-0.45454545454545453,0.45454545454545453
27,14,60,0.0,-0.03333333333333333,0.2833333333333333
27,15,54,0.0,-0.018518518518518517,0.25925925925925924
27,16,71,0.0,-0.07042253521126761,0.1267605633802817
27,17,60,0.0,-0.16666666666666666,0.7
27,18,66,0.16666666666666666,0.16666666666666666,0.0
27,19,52,0.6730769230769231,0.6346153846153847,0.0576923076923076
27,20,92,0.0,0.0,0.05434782608695652
27,21,55,0.5454545454545454,0.5454545454545454,0.0
27,22,57,0.03508771929824561,0.03508771929824561,0.03508771929824561
27,23,46,0.06521739130434782,0.06521739130434782,0.043478260869565216
27,24,48,0.14583333333333334,0.14583333333333334,0.10416666666666666
27,25,81,0.2962962962962963,0.2962962962962963,0.06172839506172839
27,26,73,0.8493150684931506,-0.15068493150684936,0.15068493150684936
28,0,51,0.0,-0.19607843137254902,1.0
28,1,45,0.0,-0.6,0.6
28,2,51,0.0,0.0,0.23529411764705882
28,3,54,0.0,0.0,0.12962962962962962
28,4,49,0.0,-0.04081632653061224,0.2653061224489796
28,5,53,0.0,0.0,0.39622641509433965
28,6,52,0.0,-0.07692307692307693,0.07692307692307693
28,7,58,0.0,0.0,0.29310344827586204
28,8,62,0.0,-0.3387096774193548,0.3870967741935484
28,9,66,0.0,0.0,0.2878787878787879
28,10,71,0.0,-0.09859154929577464,0.23943661971830985
28,11,68,0.0,-0.3235294117647059,0.3235294117647059
28,12,54,0.0,0.0,0.2222222222222222
28,13,66,0.0,-0.45454545454545453,0.45454545454545453
28,14,60,0.0,-0.03333333333333333,0.2833333333333333
28,15,54,0.0,-0.018518518518518517,0.25925925925925924
28,16,71,0.0,-0.07042253521126761,0.1267605633802817
28,17,60,0.0,-0.16666666666666666,0.7
28,18,66,0.09090909090909091,0.09090909090909091,0.07575757575757575
28,19,52,0.6346153846153846,0.5961538461538461,0.09615384615384615
28,20,92,0.0,0.0,0.05434782608695652
28,21,55,0.4727272727272727,0.4727272727272727,0.0727272727272727
28,22,57,0.08771929824561403,0.08771929824561403,0.0
28,23,46,0.1956521739130435,0.1956521739130435,0.0
28,24,48,0.14583333333333334,0.14583333333333334,0.10416666666666666
28,25,81,0.30864197530864196,0.30864197530864196,0.04938271604938271
28,26,73,0.863013698630137,-0.136986301369863,0.136986301369863
29,0,51,0.0,-0.19607843137254902,1.0
29,1,45,0.0,-0.6,0.6
29,2,51,0.0,0.0,0.23529411764705882
29,3,54,0.0,0.0,0.12962962962962962
29,4,49,0.0,-0.04081632653061224,0.2653061224489796
29,5,53,0.0,0.0,0.39622641509433965
29,6,52,0.0,-0.07692307692307693,0.07692307692307693
29,7,58,0.0,0.0,0.29310344827586204
29,8,62,0.0,-0.3387096774193548,0.3870967741935484
29,9,66,0.0,0.0,0.2878787878787879
29,10,71,0.0,-0.09859154929577464,0.23943661971830985
29,11,68,0.0,-0.3235294117647059,0.3235294117647059
29,12,54,0.0,0.0,0.2222222222222222
29,13,66,0.0,-0.45454545454545453,0.45454545454545453
29,14,60,0.0,-0.03333333333333333,0.2833333333333333
29,15,54,0.0,-0.018518518518518517,0.25925925925925924
29,16,71,0.0,-0.07042253521126761,0.1267605633802817
29,17,60,0.0,-0.16666666666666666,0.7
29,18,66,0.16666666666666666,0.16666666666666666,0.0
29,19,52,0.7115384615384616,0.6730769230769231,0.019230769230769162
29,20,92,0.0,0.0,0.05434782608695652
29,21,55,0.5636363636363636,0.5636363636363636,0.0
29,22,57,0.15789473684210525,0.15789473684210525,0.0
29,23,46,0.10869565217391304,0.10869565217391304,0.08695652173913045
29,24,48,0.14583333333333334,0.14583333333333334,0.10416666666666666
29,25,81,0.2222222222222222,0.2222222222222222,0.13580246913580246
29,26,73,0.7945205479452054,-0.20547945205479456,0.20547945205479456
30,0,51,0.0,-0.19607843137254902,1.0
30,1,45,0.0,-0.6,0.6
30,2,51,0.0,0.0,0.23529411764705882
30,3,54,0.0,0.0,0.12962962962962962
30,4,49,0.0,-0.04081632653061224,0.2653061224489796
30,5,53,0.0,0.0,0.39622641509433965
30,6,52,0.0,-0.07692307692307693,0.07692307692307693
30,7,58,0.0,0.0,0.29310344827586204
30,8,62,0.0,-0.3387096774193548,0.3870967741935484
30,9,66,0.0,0.0,0.2878787878787879
30,10,71,0.0,-0.09859154929577464,0.23943661971830985
30,11,68,0.0,-0.3235294117647059,0.3235294117647059
30,12,54,0.0,0.0,0.2222222222222222
30,13,66,0.0,-0.45454545454545453,0.45454545454545453
30,14,60,0.0,-0.03333333333333333,0.2833333333333333
30,15,54,0.0,-0.018518518518518517,0.25925925925925924
30,16,71,0.0,-0.07042253521126761,0.1267605633802817
30,17,60,0.0,-0.16666666666666666,0.7
30,18,66,0.2878787878787879,0.2878787878787879,0.0
30,19,52,0.6538461538461539,0.6153846153846154,0.07692307692307687
30,20,92,0.0,0.0,0.05434782608695652
30,21,55,0.5636363636363636,0.5636363636363636,0.0
30,22,57,0.17543859649122806,0.17543859649122806,0.0
30,23,46,0.1956521739130435,0.1956521739130435,0.0
30,24,48,0.1875,0.1875,0.0625
30,25,81,0.2345679012345679,0.2345679012345679,0.12345679012345678
30,26,73,0.7808219178082192,-0.2191780821917808,0.2191780821917808
31,0,51,0.0,-0.19607843137254902,1.0
31,1,45,0.0,-0.6,0.6
31,2,51,0.0,0.0,0.23529411764705882
31,3,54,0.0,0.0,0.12962962962962962
31,4,49,0.0,-0.04081632653061224,0.2653061224489796
31,5,53,0.0,0.0,0.39622641509433965
31,6,52,0.0,-0.07692307692307693,0.07692307692307693
31,7,58,0.0,0.0,0.29310344827586204
31,8,62,0.0,-0.3387096774193548,0.3870967741935484
31,9,66,0.0,0.0,0.2878787878787879
31,10,71,0.0,-0.09859154929577464,0.23943661971830985
31,11,68,0.0,-0.3235294117647059,0.3235294117647059
31,12,54,0.0,0.0,0.2222222222222222
31,13,66,0.0,-0.45454545454545453,0.45454545454545453
31,14,60,0.0,-0.03333333333333333,0.2833333333333333
31,15,54,0.0,-0.018518518518518517,0.25925925925925924
31,16,71,0.0,-0.07042253521126761,0.1267605633802817
31,17,60,0.0,-0.16666666666666666,0.7
31,18,66,0.3787878787878788,0.3787878787878788,0.0
31,19,52,0.5576923076923077,0.5192307692307693,0.17307692307692302
31,20,92,0.0,0.0,0.05434782608695652
31,21,55,0.6181818181818182,0.6181818181818182,0.0
31,22,57,0.12280701754385964,0.12280701754385964,0.05263157894736842
31,23,46,0.1956521739130435,0.1956521739130435,0.0
31,24,48,0.1875,0.1875,0.0625
31,25,81,0.2962962962962963,0.2962962962962963,0.06172839506172839
31,26,73,0.7397260273972602,-0.26027397260273977,0.26027397260273977
32,0,51,0.0,-0.19607843137254902,1.0
32,1,45,0.0,-0.6,0.6
32,2,51,0.0,0.0,0.23529411764705882
32,3,54,0.0,0.0,0.12962962962962962
32,4,49,0.0,-0.04081632653061224,0.2653061224489796
32,5,53,0.0,0.0,0.39622641509433965
32,6,52,0.0,-0.07692307692307693,0.07692307692307693
32,7,58,0.0,0.0,0.29310344827586204
32,8,62,0.0,-0.3387096774193548,0.3870967741935484
32,9,66,0.0,0.0,0.2878787878787879
32,10,71,0.0,-0.09859154929577464,0.23943661971830985
32,11,68,0.0,-0.3235294117647059,0.3235294117647059
32,12,54,0.0,0.0,0.2222222222222222
32,13,66,0.0,-0.45454545454545453,0.45454545454545453
32,14,60,0.0,-0.03333333333333333,0.2833333333333333
32,15,54,0.0,-0.018518518518518517,0.25925925925925924
32,16,71,0.0,-0.07042253521126761,0.1267605633802817
32,17,60,0.0,-0.16666666666666666,0.7
32,18,66,0.4090909090909091,0.4090909090909091,0.0
32,19,52,0.6153846153846154,0.576923076923077,0.11538461538461531
32,20,92,0.021739130434782608,0.021739130434782608,0.03260869565217391
32,21,55,0.509090909090909,0.509090909090909,0.10909090909090913
32,22,57,0.21052631578947367,0.21052631578947367,0.0
32,23,46,0.10869565217391304,0.10869565217391304,0.08695652173913045
32,24,48,0.16666666666666666,0.16666666666666666,0.08333333333333334
32,25,81,0.20987654320987653,0.20987654320987653,0.14814814814814814
32,26,73,0.7945205479452054,-0.20547945205479456,0.20547945205479456
33,0,51,0.0,-0.19607843137254902,1.0
33,1,45,0.0,-0.6,0.6
33,2,51,0.0,0.0,0.23529411764705882
33,3,54,0.0,0.0,0.12962962962962962
33,4,49,0.0,-0.04081632653061224,0.2653061224489796
33,5,53,0.0,0.0,0.39622641509433965
33,6,52,0.0,-0.07692307692307693,0.07692307692307693
33,7,58,0.0,0.0,0.29310344827586204
33,8,62,0.0,-0.3387096774193548,0.3870967741935484
33,9,66,0.0,0.0,0.2878787878787879
33,10,71,0.0,-0.09859154929577464,0.23943661971830985
33,11,68,0.0,-0.3235294117647059,0.3235294117647059
33,12,54,0.0,0.0,0.2222222222222222
33,13,66,0.0,-0.45454545454545453,0.45454545454545453
33,14,60,0.0,-0.03333333333333333,0.2833333333333333
33,15,54,0.0,-0.018518518518518517,0.25925925925925924
33,16,71,0.0,-0.07042253521126761,0.1267605633802817
33,17,60,0.0,-0.16666666666666666,0.7
33,18,66,0.16666666666666666,0.16666666666666666,0.24242424242424246
33,19,52,0.75,0.7115384615384616,0.0
33,20,92,0.0,0.0,0.05434782608695652
33,21,55,0.43636363636363634,0.43636363636363634,0.18181818181818182
33,22,57,0.21052631578947367,0.21052631578947367,0.0
33,23,46,0.10869565217391304,0.10869565217391304,0.08695652173913045
33,24,48,0.14583333333333334,0.14583333333333334,0.10416666666666666
33,25,81,0.2345679012345679,0.2345679012345679,0.12345679012345678
33,26,73,0.7671232876712328,-0.23287671232876717,0.23287671232876717
34,0,51,0.0,-0.19607843137254902,1.0
34,1,45,0.0,-0.6,0.6
34,2,51,0.0,0.0,0.23529411764705882
34,3,54,0.0,0.0,0.12962962962962962
34,4,49,0.0,-0.04081632653061224,0.2653061224489796
34,5,53,0.0,0.0,0.39622641509433965
34,6,52,0.0,-0.07692307692307693,0.07692307692307693
34,7,58,0.0,0.0,0.29310344827586204
34,8,62,0.0,-0.3387096774193548,0.3870967741935484
34,9,66,0.0,0.0,0.2878787878787879
34,10,71,0.0,-0.09859154929577464,0.23943661971830985
34,11,68,0.0,-0.3235294117647059,0.3235294117647059
34,12,54,0.0,0.0,0.2222222222222222
34,13,66,0.0,-0.45454545454545453,0.45454545454545453
34,14,60,0.0,-0.03333333333333333,0.2833333333333333
34,15,54,0.0,-0.018518518518518517,0.25925925925925924
34,16,71,0.0,-0.07042253521126761,0.1267605633802817
34,17,60,0.0,-0.16666666666666666,0.7
34,18,66,0.45454545454545453,0.45454545454545453,0.0
34,19,52,0.5961538461538461,0.5576923076923077,0.15384615384615385
34,20,92,0.021739130434782608,0.021739130434782608,0.03260869565217391
34,21,55,0.6181818181818182,0.6181818181818182,0.0
34,22,57,0.21052631578947367,0.21052631578947367,0.0
34,23,46,0.10869565217391304,0.10869565217391304,0.08695652173913045
34,24,48,0.10416666666666667,0.10416666666666667,0.14583333333333331
34,25,81,0.20987654320987653,0.20987654320987653,0.14814814814814814
34,26,73,0.7671232876712328,-0.23287671232876717,0.23287671232876717
35,0,51,0.0,-0.19607843137254902,1.0
35,1,45,0.0,-0.6,0.6
35,2,51,0.0,0.0,0.23529411764705882
35,3,54,0.0,0.0,0.12962962962962962
35,4,49,0.0,-0.04081632653061224,0.2653061224489796
35,5,53,0.0,0.0,0.39622641509433965
35,6,52,0.0,-0.07692307692307693,0.07692307692307693
35,7,58,0.0,0.0,0.29310344827586204
35,8,62,0.0,-0.3387096774193548,0.3870967741935484
35,9,66,0.0,0.0,0.2878787878787879
35,10,71,0.0,-0.09859154929577464,0.23943661971830985
35,11,68,0.0,-0.3235294117647059,0.3235294117647059
35,12,54,0.0,0.0,0.2222222222222222
35,13,66,0.0,-0.45454545454545453,0.45454545454545453
35,14,60,0.0,-0.03333333333333333,0.2833333333333333
35,15,54,0.0,-0.018518518518518517,0.25925925925925924
35,16,71,0.0,-0.07042253521126761,0.1267605633802817
35,17,60,0.0,-0.16666666666666666,0.7
35,18,66,0.4090909090909091,0.4090909090909091,0.045454545454545414
35,19,52,0.6153846153846154,0.576923076923077,0.13461538461538458
35,20,92,0.03260869565217391,0.03260869565217391,0.021739130434782608
35,21,55,0.45454545454545453,0.45454545454545453,0.16363636363636364
35,22,57,0.21052631578947367,0.21052631578947367,0.0
35,23,46,0.043478260869565216,0.043478260869565216,0.15217391304347827
35,24,48,0.10416666666666667,0.10416666666666667,0.14583333333333331
35,25,81,0.19753086419753085,0.19753086419753085,0.16049382716049382
35,26,73,0.7123287671232876,-0.28767123287671237,0.28767123287671237
36,0,51,0.0,-0.19607843137254902,1.0
36,1,45,0.0,-0.6,0.6
36,2,51,0.0,0.0,0.23529411764705882
36,3,54,0.0,0.0,0.12962962962962962
36,4,49,0.0,-0.04081632653061224,0.2653061224489796
36,5,53,0.0,0.0,0.39622641509433965
36,6,52,0.0,-0.07692307692307693,0.07692307692307693
36,7,58,0.0,0.0,0.29310344827586204
36,8,62,0.0,-0.3387096774193548,0.3870967741935484
36,9,66,0.0,0.0,0.2878787878787879
36,10,71,0.0,-0.09859154929577464,0.23943661971830985
36,11,68,0.0,-0.3235294117647059,0.3235294117647059
36,12,54,0.0,0.0,0.2222222222222222
36,13,66,0.0,-0.45454545454545453,0.45454545454545453
36,14,60,0.0,-0.03333333333333333,0.2833333333333333
36,15,54,0.0,-0.018518518518518517,0.25925925925925924
36,16,71,0.0,-0.07042253521126761,0.1267605633802817
36,17,60,0.0,-0.16666666666666666,0.7
36,18,66,0.3787878787878788,0.3787878787878788,0.07575757575757575
36,19,52,0.5769230769230769,0.5384615384615384,0.17307692307692313
36,20,92,0.021739130434782608,0.021739130434782608,0.03260869565217391
36,21,55,0.6181818181818182,0.6181818181818182,0.0
36,22,57,0.2982456140350877,0.2982456140350877,0.0
36,23,46,0.10869565217391304,0.10869565217391304,0.08695652173913045
36,24,48,0.16666666666666666,0.16666666666666666,0.08333333333333334
36,25,81,0.24691358024691357,0.24691358024691357,0.1111111111111111
36,26,73,0.7808219178082192,-0.2191780821917808,0.2191780821917808
37,0,51,0.0,-0.19607843137254902,1.0
37,1,45,0.0,-0.6,0.6
37,2,51,0.0,0.0,0.23529411764705882
37,3,54,0.0,0.0,0.12962962962962962
37,4,49,0.0,-0.04081632653061224,0.2653061224489796
37,5,53,0.0,0.0,0.39622641509433965
37,6,52,0.0,-0.07692307692307693,0.07692307692307693
37,7,58,0.0,0.0,0.29310344827586204
37,8,62,0.0,-0.3387096774193548,0.3870967741935484
37,9,66,0.0,0.0,0.2878787878787879
37,10,71,0.0,-0.09859154929577464,0.23943661971830985
37,11,68,0.0,-0.3235294117647059,0.3235294117647059
37,12,54,0.0,0.0,0.2222222222222222
37,13,66,0.0,-0.45454545454545453,0.45454545454545453
37,14,60,0.0,-0.03333333333333333,0.2833333333333333
37,15,54,0.0,-0.018518518518518517,0.25925925925925924
37,16,71,0.0,-0.07042253521126761,0.1267605633802817
37,17,60,0.0,-0.16666666666666666,0.7
37,18,66,0.3181818181818182,0.3181818181818182,0.13636363636363635
37,19,52,0.7307692307692307,0.6923076923076923,0.019230769230769273
37,20,92,0.043478260869565216,0.043478260869565216,0.010869565217391304
37,21,55,0.5636363636363636,0.5636363636363636,0.054545454545454564
37,22,57,0.2807017543859649,0.2807017543859649,0.017543859649122806
37,23,46,0.08695652173913043,0.08695652173913043,0.10869565217391305
37,24,48,0.08333333333333333,0.08333333333333333,0.16666666666666669
37,25,81,0.20987654320987653,0.20987654320987653,0.14814814814814814
37,26,73,0.7671232876712328,-0.23287671232876717,0.23287671232876717
38,0,51,0.0,-0.19607843137254902,1.0
38,1,45,0.0,-0.6,0.6
38,2,51,0.0,0.0,0.23529411764705882
38,3,54,0.0,0.0,0.12962962962962962
38,4,49,0.0,-0.04081632653061224,0.2653061224489796
38,5,53,0.0,0.0,0.39622641509433965
38,6,52,0.0,-0.07692307692307693,0.07692307692307693
38,7,58,0.0,0.0,0.29310344827586204
38,8,62,0.0,-0.3387096774193548,0.3870967741935484
38,9,66,0.0,0.0,0.2878787878787879
38,10,71,0.0,-0.09859154929577464,0.23943661971830985
38,11,68,0.0,-0.3235294117647059,0.3235294117647059
38,12,54,0.0,0.0,0.2222222222222222
38,13,66,0.0,-0.45454545454545453,0.45454545454545453
38,14,60,0.0,-0.03333333333333333,0.2833333333333333
38,15,54,0.0,-0.018518518518518517,0.25925925925925924
38,16,71,0.0,-0.07042253521126761,0.1267605633802817
38,17,60,0.0,-0.16666666666666666,0.7
38,18,66,0.4090909090909091,0.4090909090909091,0.045454545454545414
38,19,52,0.6538461538461539,0.6153846153846154,0.09615384615384615
38,20,92,0.021739130434782608,0.021739130434782608,0.03260869565217391
38,21,55,0.2909090909090909,0.2909090909090909,0.32727272727272727
38,22,57,0.2982456140350877,0.2982456140350877,0.0
38,23,46,0.17391304347826086,0.17391304347826086,0.021739130434782622
38,24,48,0.14583333333333334,0.14583333333333334,0.10416666666666666
38,25,81,0.43209876543209874,0.43209876543209874,0.0
38,26,73,0.7397260273972602,-0.26027397260273977,0.26027397260273977
39,0,51,0.0,-0.19607843137254902,1.0
39,1,45,0.0,-0.6,0.6
39,2,51,0.0,0.0,0.23529411764705882
39,3,54,0.0,0.0,0.12962962962962962
39,4,49,0.0,-0.04081632653061224,0.2653061224489796
39,5,53,0.0,0.0,0.39622641509433965
39,6,52,0.0,-0.07692307692307693,0.07692307692307693
39,7,58,0.0,0.0,0.29310344827586204
39,8,62,0.0,-0.3387096774193548,0.3870967741935484
39,9,66,0.0,0.0,0.2878787878787879
39,10,71,0.0,-0.09859154929577464,0.23943661971830985
39,11,68,0.0,-0.3235294117647059,0.3235294117647059
39,12,54,0.0,0.0,0.2222222222222222
39,13,66,0.0,-0.45454545454545453,0.45454545454545453
39,14,60,0.0,-0.03333333333333333,0.2833333333333333
39,15,54,0.0,-0.018518518518518517,0.25925925925925924
39,16,71,0.0,-0.07042253521126761,0.1267605633802817
39,17,60,0.0,-0.16666666666666666,0.7
39,18,66,0.3787878787878788,0.3787878787878788,0.07575757575757575
39,19,52,0.7115384615384616,0.6730769230769231,0.038461538461538436
39,20,92,0.03260869565217391,0.03260869565217391,0.021739130434782608
39,21,55,0.5272727272727272,0.5272727272727272,0.09090909090909094
39,22,57,0.2807017543859649,0.2807017543859649,0.017543859649122806
39,23,46,0.043478260869565216,0.043478260869565216,0.15217391304347827
39,24,48,0.16666666666666666,0.16666666666666666,0.08333333333333334
39,25,81,0.14814814814814814,0.14814814814814814,0.2839506172839506
39,26,73,0.7397260273972602,-0.26027397260273977,0.26027397260273977
40,0,51,0.0,-0.19607843137254902,1.0
40,1,45,0.0,-0.6,0.6
40,2,51,0.0,0.0,0.23529411764705882
40,3,54,0.0,0.0,0.12962962962962962
40,4,49,0.0,-0.04081632653061224,0.2653061224489796
40,5,53,0.0,0.0,0.39622641509433965
40,6,52,0.0,-0.07692307692307693,0.07692307692307693
40,7,58,0.0,0.0,0.29310344827586204
40,8,62,0.0,-0.3387096774193548,0.3870967741935484
40,9,66,0.0,0.0,0.2878787878787879
40,10,71,0.0,-0.09859154929577464,0.23943661971830985
40,11,68,0.0,-0.3235294117647059,0.3235294117647059
40,12,54,0.0,0.0,0.2222222222222222
40,13,66,0.0,-0.45454545454545453,0.45454545454545453
40,14,60,0.0,-0.03333333333333333,0.2833333333333333
40,15,54,0.0,-0.018518518518518517,0.25925925925925924
40,16,71,0.0,-0.07042253521126761,0.1267605633802817
40,17,60,0.0,-0.16666666666666666,0.7
40,18,66,0.42424242424242425,0.42424242424242425,0.030303030303030276
40,19,52,0.6538461538461539,0.6153846153846154,0.09615384615384615
40,20,92,0.03260869565217391,0.03260869565217391,0.021739130434782608
40,21,55,0.4,0.4,0.21818181818181814
40,22,57,0.24561403508771928,0.24561403508771928,0.05263157894736842
40,23,46,0.17391304347826086,0.17391304347826086,0.021739130434782622
40,24,48,0.08333333333333333,0.08333333333333333,0.16666666666666669
40,25,81,0.3950617283950617,0.3950617283950617,0.037037037037037035
40,26,73,0.6575342465753424,-0.34246575342465757,0.34246575342465757
41,0,51,0.0,-0.19607843137254902,1.0
41,1,45,0.0,-0.6,0.6
41,2,51,0.0,0.0,0.23529411764705882
41,3,54,0.0,0.0,0.12962962962962962
41,4,49,0.0,-0.04081632653061224,0.2653061224489796
41,5,53,0.0,0.0,0.39622641509433965
41,6,52,0.0,-0.07692307692307693,0.07692307692307693
41,7,58,0.0,0.0,0.29310344827586204
41,8,62,0.0,-0.3387096774193548,0.3870967741935484
41,9,66,0.0,0.0,0.2878787878787879
41,10,71,0.0,-0.09859154929577464,0.23943661971830985
41,11,68,0.0,-0.3235294117647059,0.3235294117647059
41,12,54,0.0,0.0,0.2222222222222222
41,13,66,0.0,-0.45454545454545453,0.45454545454545453
41,14,60,0.0,-0.03333333333333333,0.2833333333333333
41,15,54,0.0,-0.018518518518518517,0.25925925925925924
41,16,71,0.0,-0.07042253521126761,0.1267605633802817
41,17,60,0.0,-0.16666666666666666,0.7
41,18,66,0.30303030303030304,0.30303030303030304,0.1515151515151515
41,19,52,0.7692307692307693,0.7307692307692308,0.0
41,20,92,0.03260869565217391,0.03260869565217391,0.021739130434782608
41,21,55,0.41818181818181815,0.41818181818181815,0.2
41,22,57,0.3508771929824561,0.3508771929824561,0.0
41,23,46,0.06521739130434782,0.06521739130434782,0.13043478260869568
41,24,48,0.10416666666666667,0.10416666666666667,0.14583333333333331
41,25,81,0.18518518518518517,0.18518518518518517,0.24691358024691357
41,26,73,0.7534246575342466,-0.2465753424657534,0.2465753424657534
42,0,51,0.0,-0.19607843137254902,1.0
42,1,45,0.0,-0.6,0.6
42,2,51,0.0,0.0,0.23529411764705882
42,3,54,0.0,0.0,0.12962962962962962
42,4,49,0.0,-0.04081632653061224,0.2653061224489796
42,5,53,0.0,0.0,0.39622641509433965
42,6,52,0.0,-0.07692307692307693,0.07692307692307693
42,7,58,0.0,0.0,0.29310344827586204
42,8,62,0.0,-0.3387096774193548,0.3870967741935484
42,9,66,0.0,0.0,0.2878787878787879
42,10,71,0.0,-0.09859154929577464,0.23943661971830985
42,11,68,0.0,-0.3235294117647059,0.3235294117647059
42,12,54,0.0,0.0,0.2222222222222222
42,13,66,0.0,-0.45454545454545453,0.45454545454545453
42,14,60,0.0,-0.03333333333333333,0.2833333333333333
42,15,54,0.018518518518518517,0.0,0.24074074074074073
42,16,71,0.0,-0.07042253521126761,0.1267605633802817
42,17,60,0.0,-0.16666666666666666,0.7
42,18,66,0.4393939393939394,0.4393939393939394,0.015151515151515138
42,19,52,0.6153846153846154,0.576923076923077,0.15384615384615385
42,20,92,0.043478260869565216,0.043478260869565216,0.010869565217391304
42,21,55,0.41818181818181815,0.41818181818181815,0.2
42,22,57,0.40350877192982454,0.40350877192982454,0.0
42,23,46,0.10869565217391304,0.10869565217391304,0.08695652173913045
42,24,48,0.1875,0.1875,0.0625
42,25,81,0.35802469135802467,0.35802469135802467,0.07407407407407407
42,26,73,0.7671232876712328,-0.23287671232876717,0.23287671232876717
43,0,51,0.0,-0.19607843137254902,1.0
43,1,45,0.0,-0.6,0.6
43,2,51,0.0,0.0,0.23529411764705882
43,3,54,0.0,0.0,0.12962962962962962
43,4,49,0.0,-0.04081632653061224,0.2653061224489796
43,5,53,0.0,0.0,0.39622641509433965
43,6,52,0.0,-0.07692307692307693,0.07692307692307693
43,7,58,0.0,0.0,0.29310344827586204
43,8,62,0.0,-0.3387096774193548,0.3870967741935484
43,9,66,0.0,0.0,0.2878787878787879
43,10,71,0.0,-0.09859154929577464,0.23943661971830985
43,11,68,0.0,-0.3235294117647059,0.3235294117647059
43,12,54,0.0,0.0,0.2222222222222222
43,13,66,0.0,-0.45454545454545453,0.45454545454545453
43,14,60,0.0,-0.03333333333333333,0.2833333333333333
43,15,54,0.0,-0.018518518518518517,0.25925925925925924
43,16,71,0.0,-0.07042253521126761,0.1267605633802817
43,17,60,0.0,-0.16666666666666666,0.7
43,18,66,0.3787878787878788,0.3787878787878788,0.07575757575757575
43,19,52,0.7115384615384616,0.6730769230769231,0.05769230769230771
43,20,92,0.03260869565217391,0.03260869565217391,0.021739130434782608
43,21,55,0.509090909090909,0.509090909090909,0.10909090909090913
43,22,57,0.3157894736842105,0.3157894736842105,0.08771929824561403
43,23,46,0.08695652173913043,0.08695652173913043,0.10869565217391305
43,24,48,0.25,0.25,0.0
43,25,81,0.2222222222222222,0.2222222222222222,0.20987654320987653
43,26,73,0.821917808219178,-0.17808219178082196,0.17808219178082196
44,0,51,0.0,-0.19607843137254902,1.0
44,1,45,0.0,-0.6,0.6
44,2,51,0.0,0.0,0.23529411764705882
44,3,54,0.0,0.0,0.12962962962962962
44,4,49,0.0,-0.04081632653061224,0.2653061224489796
44,5,53,0.0,0.0,0.39622641509433965
44,6,52,0.0,-0.07692307692307693,0.07692307692307693
44,7,58,0.0,0.0,0.29310344827586204
44,8,62,0.0,-0.3387096774193548,0.3870967741935484
44,9,66,0.0,0.0,0.2878787878787879
44,10,71,0.0,-0.09859154929577464,0.23943661971830985
44,11,68,0.0,-0.3235294117647059,0.3235294117647059
44,12,54,0.0,0.0,0.2222222222222222
44,13,66,0.0,-0.45454545454545453,0.45454545454545453
44,14,60,0.0,-0.03333333333333333,0.2833333333333333
44,15,54,0.0,-0.018518518518518517,0.25925925925925924
44,16,71,0.0,-0.07042253521126761,0.1267605633802817
44,17,60,0.0,-0.16666666666666666,0.7
44,18,66,0.36363636363636365,0.36363636363636365,0.09090909090909088
44,19,52,0.7307692307692307,0.6923076923076923,0.03846153846153855
44,20,92,0.06521739130434782,0.06521739130434782,0.0
44,21,55,0.2545454545454545,0.2545454545454545,0.36363636363636365
44,22,57,0.40350877192982454,0.40350877192982454,0.0
44,23,46,0.08695652173913043,0.08695652173913043,0.10869565217391305
44,24,48,0.14583333333333334,0.14583333333333334,0.10416666666666666
44,25,81,0.32098765432098764,0.32098765432098764,0.1111111111111111
44,26,73,0.7123287671232876,-0.28767123287671237,0.28767123287671237
45,0,51,0.0,-0.19607843137254902,1.0
45,1,45,0.0,-0.6,0.6
45,2,51,0.0,0.0,0.23529411764705882
45,3,54,0.0,0.0,0.12962962962962962
45,4,49,0.0,-0.04081632653061224,0.2653061224489796
45,5,53,0.0,0.0,0.39622641509433965
45,6,52,0.0,-0.07692307692307693,0.07692307692307693
45,7,58,0.0,0.0,0.29310344827586204
45,8,62,0.0,-0.3387096774193548,0.3870967741935484
45,9,66,0.0,0.0,0.2878787878787879
45,10,71,0.0,-0.09859154929577464,0.23943661971830985
45,11,68,0.0,-0.3235294117647059,0.3235294117647059
45,12,54,0.0,0.0,0.2222222222222222
45,13,66,0.0,-0.45454545454545453,0.45454545454545453
45,14,60,0.0,-0.03333333333333333,0.2833333333333333
45,15,54,0.0,-0.018518518518518517,0.25925925925925924
45,16,71,0.0,-0.07042253521126761,0.1267605633802817
45,17,60,0.0,-0.16666666666666666,0.7
45,18,66,0.3484848484848485,0.3484848484848485,0.10606060606060602
45,19,52,0.75,0.7115384615384616,0.019230769230769273
45,20,92,0.05434782608695652,0.05434782608695652,0.010869565217391304
45,21,55,0.2,0.2,0.41818181818181815
45,22,57,0.2631578947368421,0.2631578947368421,0.14035087719298245
45,23,46,0.08695652173913043,0.08695652173913043,0.10869565217391305
45,24,48,0.16666666666666666,0.16666666666666666,0.08333333333333334
45,25,81,0.30864197530864196,0.30864197530864196,0.12345679012345678
45,26,73,0.7671232876712328,-0.23287671232876717,0.23287671232876717
46,0,51,0.0,-0.19607843137254902,1.0
46,1,45,0.0,-0.6,0.6
46,2,51,0.0,0.0,0.23529411764705882
46,3,54,0.0,0.0,0.12962962962962962
46,4,49,0.0,-0.04081632653061224,0.2653061224489796
46,5,53,0.0,0.0,0.39622641509433965
46,6,52,0.0,-0.07692307692307693,0.07692307692307693
46,7,58,0.0,0.0,0.29310344827586204
46,8,62,0.0,-0.3387096774193548,0.3870967741935484
46,9,66,0.0,0.0,0.2878787878787879
46,10,71,0.0,-0.09859154929577464,0.23943661971830985
46,11,68,0.0,-0.3235294117647059,0.3235294117647059
46,12,54,0.0,0.0,0.2222222222222222
46,13,66,0.0,-0.45454545454545453,0.45454545454545453
46,14,60,0.0,-0.03333333333333333,0.2833333333333333
46,15,54,0.018518518518518517,0.0,0.24074074074074073
46,16,71,0.0,-0.07042253521126761,0.1267605633802817
46,17,60,0.0,-0.16666666666666666,0.7
46,18,66,0.3787878787878788,0.3787878787878788,0.07575757575757575
46,19,52,0.7307692307692307,0.6923076923076923,0.03846153846153855
46,20,92,0.09782608695652174,0.09782608695652174,0.0
46,21,55,0.2909090909090909,0.2909090909090909,0.32727272727272727
46,22,57,0.43859649122807015,0.43859649122807015,0.0
46,23,46,0.08695652173913043,0.08695652173913043,0.10869565217391305
46,24,48,0.1875,0.1875,0.0625
46,25,81,0.2839506172839506,0.2839506172839506,0.14814814814814814
46,26,73,0.7397260273972602,-0.26027397260273977,0.26027397260273977
47,0,51,0.0,-0.19607843137254902,1.0
47,1,45,0.0,-0.6,0.6
47,2,51,0.0,0.0,0.23529411764705882
47,3,54,0.0,0.0,0.12962962962962962
47,4,49,0.0,-0.04081632653061224,0.2653061224489796
47,5,53,0.0,0.0,0.39622641509433965
47,6,52,0.0,-0.07692307692307693,0.07692307692307693
47,7,58,0.0,0.0,0.29310344827586204
47,8,62,0.0,-0.3387096774193548,0.3870967741935484
47,9,66,0.0,0.0,0.2878787878787879
47,10,71,0.0,-0.09859154929577464,0.23943661971830985
47,11,68,0.0,-0.3235294117647059,0.3235294117647059
47,12,54,0.0,0.0,0.2222222222222222
47,13,66,0.0,-0.45454545454545453,0.45454545454545453
47,14,60,0.0,-0.03333333333333333,0.2833333333333333
47,15,54,0.0,-0.018518518518518517,0.25925925925925924
47,16,71,0.0,-0.07042253521126761,0.1267605633802817
47,17,60,0.0,-0.16666666666666666,0.7
47,18,66,0.45454545454545453,0.45454545454545453,0.0
47,19,52,0.6730769230769231,0.6346153846153847,0.09615384615384615
47,20,92,0.08695652173913043,0.08695652173913043,0.010869565217391311
47,21,55,0.3090909090909091,0.3090909090909091,0.3090909090909091
47,22,57,0.2982456140350877,0.2982456140350877,0.14035087719298245
47,23,46,0.13043478260869565,0.13043478260869565,0.06521739130434784
47,24,48,0.20833333333333334,0.20833333333333334,0.04166666666666666
47,25,81,0.2962962962962963,0.2962962962962963,0.13580246913580246
47,26,73,0.7534246575342466,-0.2465753424657534,0.2465753424657534
48,0,51,0.0,-0.19607843137254902,1.0
48,1,45,0.0,-0.6,0.6
48,2,51,0.0,0.0,0.23529411764705882
48,3,54,0.0,0.0,0.12962962962962962
48,4,49,0.0,-0.04081632653061224,0.2653061224489796
48,5,53,0.0,0.0,0.39622641509433965
48,6,52,0.0,-0.07692307692307693,0.07692307692307693
48,7,58,0.0,0.0,0.29310344827586204
48,8,62,0.0,-0.3387096774193548,0.3870967741935484
48,9,66,0.0,0.0,0.2878787878787879
48,10,71,0.0,-0.09859154929577464,0.23943661971830985
48,11,68,0.0,-0.3235294117647059,0.3235294117647059
48,12,54,0.0,0.0,0.2222222222222222
48,13,66,0.0,-0.45454545454545453,0.45454545454545453
48,14,60,0.0,-0.03333333333333333,0.2833333333333333
48,15,54,0.0,-0.018518518518518517,0.25925925925925924
48,16,71,0.0,-0.07042253521126761,0.1267605633802817
48,17,60,0.0,-0.16666666666666666,0.7
48,18,66,0.42424242424242425,0.42424242424242425,0.030303030303030276
48,19,52,0.6538461538461539,0.6153846153846154,0.11538461538461542
48,20,92,0.06521739130434782,0.06521739130434782,0.03260869565217392
48,21,55,0.41818181818181815,0.41818181818181815,0.2
48,22,57,0.43859649122807015,0.43859649122807015,0.0
48,23,46,0.043478260869565216,0.043478260869565216,0.15217391304347827
48,24,48,0.16666666666666666,0.16666666666666666,0.08333333333333334
48,25,81,0.30864197530864196,0.30864197530864196,0.12345679012345678
48,26,73,0.821917808219178,-0.17808219178082196,0.17808219178082196
49,0,51,0.0,-0.19607843137254902,1.0
49,1,45,0.0,-0.6,0.6
49,2,51,0.0,0.0,0.23529411764705882
49,3,54,0.0,0.0,0.12962962962962962
49,4,49,0.0,-0.04081632653061224,0.2653061224489796
49,5,53,0.0,0.0,0.39622641509433965
49,6,52,0.0,-0.07692307692307693,0.07692307692307693
49,7,58,0.0,0.0,0.29310344827586204
49,8,62,0.0,-0.3387096774193548,0.3870967741935484
49,9,66,0.0,0.0,0.2878787878787879
49,10,71,0.0,-0.09859154929577464,0.23943661971830985
49,11,68,0.0,-0.3235294117647059,0.3235294117647059
49,12,54,0.0,0.0,0.2222222222222222
49,13,66,0.0,-0.45454545454545453,0.45454545454545453
49,14,60,0.0,-0.03333333333333333,0.2833333333333333
49,15,54,0.0,-0.018518518518518517,0.25925925925925924
49,16,71,0.0,-0.07042253521126761,0.1267605633802817
49,17,60,0.0,-0.16666666666666666,0.7
49,18,66,0.3939393939393939,0.3939393939393939,0.06060606060606061
49,19,52,0.6346153846153846,0.5961538461538461,0.1346153846153847
49,20,92,0.08695652173913043,0.08695652173913043,0.010869565217391311
49,21,55,0.45454545454545453,0.45454545454545453,0.16363636363636364
49,22,57,0.3157894736842105,0.3157894736842105,0.12280701754385964
49,23,46,0.06521739130434782,0.06521739130434782,0.13043478260869568
49,24,48,0.16666666666666666,0.16666666666666666,0.08333333333333334
49,25,81,0.25925925925925924,0.25925925925925924,0.1728395061728395
49,26,73,0.8082191780821918,-0.1917808219178082,0.1917808219178082
50,0,51,0.0,-0.19607843137254902,1.0
50,1,45,0.0,-0.6,0.6
50,2,51,0.0,0.0,0.23529411764705882
50,3,54,0.0,0.0,0.12962962962962962
50,4,49,0.0,-0.04081632653061224,0.2653061224489796
50,5,53,0.0,0.0,0.39622641509433965
50,6,52,0.0,-0.07692307692307693,0.07692307692307693
50,7,58,0.0,0.0,0.29310344827586204
50,8,62,0.0,-0.3387096774193548,0.3870967741935484
50,9,66,0.0,0.0,0.2878787878787879
50,10,71,0.0,-0.09859154929577464,0.23943661971830985
50,11,68,0.0,-0.3235294117647059,0.3235294117647059
50,12,54,0.0,0.0,0.2222222222222222
50,13,66,0.0,-0.45454545454545453,0.45454545454545453
50,14,60,0.0,-0.03333333333333333,0.2833333333333333
50,15,54,0.0,-0.018518518518518517,0.25925925925925924
50,16,71,0.0,-0.07042253521126761,0.1267605633802817
50,17,60,0.0,-0.16666666666666666,0.7
50,18,66,0.36363636363636365,0.36363636363636365,0.09090909090909088
50,19,52,0.75,0.7115384615384616,0.019230769230769273
50,20,92,0.05434782608695652,0.05434782608695652,0.04347826086956522
50,21,55,0.34545454545454546,0.34545454545454546,0.2727272727272727
50,22,57,0.45614035087719296,0.45614035087719296,0.0
50,23,46,0.043478260869565216,0.043478260869565216,0.15217391304347827
50,24,48,0.14583333333333334,0.14583333333333334,0.10416666666666666
50,25,81,0.345679012345679,0.345679012345679,0.08641975308641975
50,26,73,0.7808219178082192,-0.2191780821917808,0.2191780821917808
51,0,51,0.0,-0.19607843137254902,1.0
51,1,45,0.0,-0.6,0.6
51,2,51,0.0,0.0,0.23529411764705882
51,3,54,0.0,0.0,0.12962962962962962
51,4,49,0.0,-0.04081632653061224,0.2653061224489796
51,5,53,0.0,0.0,0.39622641509433965
51,6,52,0.0,-0.07692307692307693,0.07692307692307693
51,7,58,0.0,0.0,0.29310344827586204
51,8,62,0.0,-0.3387096774193548,0.3870967741935484
51,9,66,0.0,0.0,0.2878787878787879
51,10,71,0.0,-0.09859154929577464,0.23943661971830985
51,11,68,0.0,-0.3235294117647059,0.3235294117647059
51,12,54,0.0,0.0,0.2222222222222222
51,13,66,0.0,-0.45454545454545453,0.45454545454545453
51,14,60,0.0,-0.03333333333333333,0.2833333333333333
51,15,54,0.0,-0.018518518518518517,0.25925925925925924
51,16,71,0.0,-0.07042253521126761,0.1267605633802817
51,17,60,0.0,-0.16666666666666666,0.7
51,18,66,0.48484848484848486,0.48484848484848486,0.0
51,19,52,0.6346153846153846,0.5961538461538461,0.1346153846153847
51,20,92,0.07608695652173914,0.07608695652173914,0.021739130434782608
51,21,55,0.5818181818181818,0.5818181818181818,0.036363636363636376
51,22,57,0.3508771929824561,0.3508771929824561,0.10526315789473684
51,23,46,0.06521739130434782,0.06521739130434782,0.13043478260869568
51,24,48,0.20833333333333334,0.20833333333333334,0.04166666666666666
51,25,81,0.25925925925925924,0.25925925925925924,0.1728395061728395
51,26,73,0.7945205479452054,-0.20547945205479456,0.20547945205479456
52,0,51,0.0,-0.19607843137254902,1.0
52,1,45,0.0,-0.6,0.6
52,2,51,0.0,0.0,0.23529411764705882
52,3,54,0.0,0.0,0.12962962962962962
52,4,49,0.0,-0.04081632653061224,0.2653061224489796
52,5,53,0.0,0.0,0.39622641509433965
52,6,52,0.0,-0.07692307692307693,0.07692307692307693
52,7,58,0.0,0.0,0.29310344827586204
52,8,62,0.0,-0.3387096774193548,0.3870967741935484
52,9,66,0.0,0.0,0.2878787878787879
52,10,71,0.0,-0.09859154929577464,0.23943661971830985
52,11,68,0.0,-0.3235294117647059,0.3235294117647059
52,12,54,0.0,0.0,0.2222222222222222
52,13,66,0.0,-0.45454545454545453,0.45454545454545453
52,14,60,0.0,-0.03333333333333333,0.2833333333333333
52,15,54,0.018518518518518517,0.0,0.24074074074074073
52,16,71,0.0,-0.07042253521126761,0.1267605633802817
52,17,60,0.0,-0.16666666666666666,0.7
52,18,66,0.4090909090909091,0.4090909090909091,0.07575757575757575
52,19,52,0.7307692307692307,0.6923076923076923,0.03846153846153855
52,20,92,0.09782608695652174,0.09782608695652174,0.0
52,21,55,0.41818181818181815,0.41818181818181815,0.2
52,22,57,0.43859649122807015,0.43859649122807015,0.017543859649122806
52,23,46,0.08695652173913043,0.08695652173913043,0.10869565217391305
52,24,48,0.16666666666666666,0.16666666666666666,0.08333333333333334
52,25,81,0.30864197530864196,0.30864197530864196,0.12345679012345678
52,26,73,0.7671232876712328,-0.23287671232876717,0.23287671232876717
53,0,51,0.0,-0.19607843137254902,1.0
53,1,45,0.0,-0.6,0.6
53,2,51,0.0,0.0,0.23529411764705882
53,3,54,0.0,0.0,0.12962962962962962
53,4,49,0.0,-0.04081632653061224,0.2653061224489796
53,5,53,0.0,0.0,0.39622641509433965
53,6,52,0.0,-0.07692307692307693,0.07692307692307693
53,7,58,0.0,0.0,0.29310344827586204
53,8,62,0.0,-0.3387096774193548,0.3870967741935484
53,9,66,0.0,0.0,0.2878787878787879
53,10,71,0.0,-0.09859154929577464,0.23943661971830985
53,11,68,0.0,-0.3235294117647059,0.3235294117647059
53,12,54,0.0,0.0,0.2222222222222222
53,13,66,0.0,-0.45454545454545453,0.45454545454545453
53,14,60,0.0,-0.03333333333333333,0.2833333333333333
53,15,54,0.0,-0.018518518518518517,0.25925925925925924
53,16,71,0.0,-0.07042253521126761,0.1267605633802817
53,17,60,0.0,-0.16666666666666666,0.7
53,18,66,0.3787878787878788,0.3787878787878788,0.10606060606060608
53,19,52,0.7115384615384616,0.6730769230769231,0.05769230769230771
53,20,92,0.07608695652173914,0.07608695652173914,0.021739130434782608
53,21,55,0.45454545454545453,0.45454545454545453,0.16363636363636364
53,22,57,0.3684210526315789,0.3684210526315789,0.08771929824561403
53,23,46,0.08695652173913043,0.08695652173913043,0.10869565217391305
53,24,48,0.20833333333333334,0.20833333333333334,0.04166666666666666
53,25,81,0.2962962962962963,0.2962962962962963,0.13580246913580246
53,26,73,0.7534246575342466,-0.2465753424657534,0.2465753424657534
54,0,51,0.0,-0.19607843137254902,1.0
54,1,45,0.0,-0.6,0.6
54,2,51,0.0,0.0,0.23529411764705882
54,3,54,0.0,0.0,0.12962962962962962
54,4,49,0.0,-0.04081632653061224,0.2653061224489796
54,5,53,0.0,0.0,0.39622641509433965
54,6,52,0.0,-0.07692307692307693,0.07692307692307693
54,7,58,0.0,0.0,0.29310344827586204
54,8,62,0.0,-0.3387096774193548,0.3870967741935484
54,9,66,0.0,0.0,0.2878787878787879
54,10,71,0.0,-0.09859154929577464,0.23943661971830985
54,11,68,0.0,-0.3235294117647059,0.3235294117647059
54,12,54,0.0,0.0,0.2222222222222222
54,13,66,0.0,-0.45454545454545453,0.45454545454545453
54,14,60,0.0,-0.03333333333333333,0.2833333333333333
54,15,54,0.0,-0.018518518518518517,0.25925925925925924
54,16,71,0.0,-0.07042253521126761,0.1267605633802817
54,17,60,0.0,-0.16666666666666666,0.7
54,18,66,0.30303030303030304,0.30303030303030304,0.18181818181818182
54,19,52,0.7884615384615384,0.75,0.0
54,20,92,0.09782608695652174,0.09782608695652174,0.0
54,21,55,0.38181818181818183,0.38181818181818183,0.23636363636363633
54,22,57,0.2807017543859649,0.2807017543859649,0.17543859649122806
54,23,46,0.06521739130434782,0.06521739130434782,0.13043478260869568
54,24,48,0.2708333333333333,0.2708333333333333,0.0
54,25,81,0.2962962962962963,0.2962962962962963,0.13580246913580246
54,26,73,0.7534246575342466,-0.2465753424657534,0.2465753424657534
55,0,51,0.0,-0.19607843137254902,1.0
55,1,45,0.0,-0.6,0.6
55,2,51,0.0,0.0,0.23529411764705882
55,3,54,0.0,0.0,0.12962962962962962
55,4,49,0.0,-0.04081632653061224,0.2653061224489796
55,5,53,0.0,0.0,0.39622641509433965
55,6,52,0.0,-0.07692307692307693,0.07692307692307693
55,7,58,0.0,0.0,0.29310344827586204
55,8,62,0.0,-0.3387096774193548,0.3870967741935484
55,9,66,0.0,0.0,0.2878787878787879
55,10,71,0.0,-0.09859154929577464,0.23943661971830985
55,11,68,0.0,-0.3235294117647059,0.3235294117647059
55,12,54,0.0,0.0,0.2222222222222222
55,13,66,0.0,-0.45454545454545453,0.45454545454545453
55,14,60,0.0,-0.03333333333333333,0.2833333333333333
55,15,54,0.0,-0.018518518518518517,0.25925925925925924
55,16,71,0.0,-0.07042253521126761,0.1267605633802817
55,17,60,0.0,-0.16666666666666666,0.7
55,18,66,0.3181818181818182,0.3181818181818182,0.16666666666666669
55,19,52,0.75,0.7115384615384616,0.038461538461538436
55,20,92,0.09782608695652174,0.09782608695652174,0.0
55,21,55,0.3090909090909091,0.3090909090909091,0.3090909090909091
55,22,57,0.47368421052631576,0.47368421052631576,0.0
55,23,46,0.08695652173913043,0.08695652173913043,0.10869565217391305
55,24,48,0.125,0.125,0.14583333333333331
55,25,81,0.3333333333333333,0.3333333333333333,0.09876543209876543
55,26,73,0.7397260273972602,-0.26027397260273977,0.26027397260273977
56,0,51,0.0,-0.19607843137254902,1.0
56,1,45,0.0,-0.6,0.6
56,2,51,0.0,0.0,0.23529411764705882
56,3,54,0.0,0.0,0.12962962962962962
56,4,49,0.0,-0.04081632653061224,0.2653061224489796
56,5,53,0.0,0.0,0.39622641509433965
56,6,52,0.0,-0.07692307692307693,0.07692307692307693
56,7,58,0.0,0.0,0.29310344827586204
56,8,62,0.0,-0.3387096774193548,0.3870967741935484
56,9,66,0.0,0.0,0.2878787878787879
56,10,71,0.0,-0.09859154929577464,0.23943661971830985
56,11,68,0.0,-0.3235294117647059,0.3235294117647059
56,12,54,0.0,0.0,0.2222222222222222
56,13,66,0.0,-0.45454545454545453,0.45454545454545453
56,14,60,0.0,-0.03333333333333333,0.2833333333333333
56,15,54,0.0,-0.018518518518518517,0.25925925925925924
56,16,71,0.0,-0.07042253521126761,0.1267605633802817
56,17,60,0.0,-0.16666666666666666,0.7
56,18,66,0.48484848484848486,0.48484848484848486,0.0
56,19,52,0.6346153846153846,0.5961538461538461,0.15384615384615385
56,20,92,0.06521739130434782,0.06521739130434782,0.03260869565217392
56,21,55,0.4909090909090909,0.4909090909090909,0.12727272727272726
56,22,57,0.3157894736842105,0.3157894736842105,0.15789473684210525
56,23,46,0.043478260869565216,0.043478260869565216,0.15217391304347827
56,24,48,0.20833333333333334,0.20833333333333334,0.06249999999999997
56,25,81,0.24691358024691357,0.24691358024691357,0.18518518518518517
56,26,73,0.821917808219178,-0.17808219178082196,0.17808219178082196
57,0,51,0.0,-0.19607843137254902,1.0
57,1,45,0.0,-0.6,0.6
57,2,51,0.0,0.0,0.23529411764705882
57,3,54,0.0,0.0,0.12962962962962962
57,4,49,0.0,-0.04081632653061224,0.2653061224489796
57,5,53,0.0,0.0,0.39622641509433965
57,6,52,0.0,-0.07692307692307693,0.07692307692307693
57,7,58,0.0,0.0,0.29310344827586204
57,8,62,0.0,-0.3387096774193548,0.3870967741935484
57,9,66,0.0,0.0,0.2878787878787879
57,10,71,0.0,-0.09859154929577464,0.23943661971830985
57,11,68,0.0,-0.3235294117647059,0.3235294117647059
57,12,54,0.0,0.0,0.2222222222222222
57,13,66,0.0,-0.45454545454545453,0.45454545454545453
57,14,60,0.0,-0.03333333333333333,0.2833333333333333
57,15,54,0.0,-0.018518518518518517,0.25925925925925924
57,16,71,0.0,-0.07042253521126761,0.1267605633802817
57,17,60,0.0,-0.16666666666666666,0.7
57,18,66,0.21212121212121213,0.21212121212121213,0.2727272727272727
57,19,52,0.8269230769230769,0.7884615384615384,0.0
57,20,92,0.10869565217391304,0.10869565217391304,0.0
57,21,55,0.23636363636363636,0.23636363636363636,0.38181818181818183
57,22,57,0.3508771929824561,0.3508771929824561,0.12280701754385964
57,23,46,0.06521739130434782,0.06521739130434782,0.13043478260869568
57,24,48,0.22916666666666666,0.22916666666666666,0.04166666666666666
57,25,81,0.3333333333333333,0.3333333333333333,0.09876543209876543
57,26,73,0.7534246575342466,-0.2465753424657534,0.2465753424657534
58,0,51,0.0,-0.19607843137254902,1.0
58,1,45,0.0,-0.6,0.6
58,2,51,0.0,0.0,0.23529411764705882
58,3,54,0.0,0.0,0.12962962962962962
58,4,49,0.0,-0.04081632653061224,0.2653061224489796
58,5,53,0.0,0.0,0.39622641509433965
58,6,52,0.0,-0.07692307692307693,0.07692307692307693
58,7,58,0.0,0.0,0.29310344827586204
58,8,62,0.0,-0.3387096774193548,0.3870967741935484
58,9,66,0.0,0.0,0.2878787878787879
58,10,71,0.0,-0.09859154929577464,0.23943661971830985
58,11,68,0.0,-0.3235294117647059,0.3235294117647059
58,12,54,0.0,0.0,0.2222222222222222
58,13,66,0.0,-0.45454545454545453,0.45454545454545453
58,14,60,0.0,-0.03333333333333333,0.2833333333333333
58,15,54,0.0,-0.018518518518518517,0.25925925925925924
58,16,71,0.0,-0.07042253521126761,0.1267605633802817
58,17,60,0.0,-0.16666666666666666,0.7
58,18,66,0.2878787878787879,0.2878787878787879,0.19696969696969696
58,19,52,0.7884615384615384,0.75,0.038461538461538436
58,20,92,0.10869565217391304,0.10869565217391304,0.0
58,21,55,0.43636363636363634,0.43636363636363634,0.18181818181818182
58,22,57,0.22807017543859648,0.22807017543859648,0.24561403508771928
58,23,46,0.043478260869565216,0.043478260869565216,0.15217391304347827
58,24,48,0.2708333333333333,0.2708333333333333,0.0
58,25,81,0.30864197530864196,0.30864197530864196,0.12345679012345678
58,26,73,0.8082191780821918,-0.1917808219178082,0.1917808219178082
59,0,51,0.0,-0.19607843137254902,1.0
59,1,45,0.0,-0.6,0.6
59,2,51,0.0,0.0,0.23529411764705882
59,3,54,0.0,0.0,0.12962962962962962
59,4,49,0.0,-0.04081632653061224,0.2653061224489796
59,5,53,0.0,0.0,0.39622641509433965
59,6,52,0.0,-0.07692307692307693,0.07692307692307693
59,7,58,0.0,0.0,0.29310344827586204
59,8,62,0.0,-0.3387096774193548,0.3870967741935484
59,9,66,0.0,0.0,0.2878787878787879
59,10,71,0.0,-0.09859154929577464,0.23943661971830985
59,11,68,0.0,-0.3235294117647059,0.3235294117647059
59,12,54,0.0,0.0,0.2222222222222222
59,13,66,0.0,-0.45454545454545453,0.45454545454545453
59,14,60,0.0,-0.03333333333333333,0.2833333333333333
59,15,54,0.0,-0.018518518518518517,0.25925925925925924
59,16,71,0.0,-0.07042253521126761,0.1267605633802817
59,17,60,0.0,-0.16666666666666666,0.7
59,18,66,0.4696969696969697,0.4696969696969697,0.015151515151515138
59,19,52,0.6730769230769231,0.6346153846153847,0.15384615384615374
59,20,92,0.08695652173913043,0.08695652173913043,0.021739130434782608
59,21,55,0.4727272727272727,0.4727272727272727,0.14545454545454545
59,22,57,0.2982456140350877,0.2982456140350877,0.17543859649122806
59,23,46,0.06521739130434782,0.06521739130434782,0.13043478260869568
59,24,48,0.2708333333333333,0.2708333333333333,0.0
59,25,81,0.2839506172839506,0.2839506172839506,0.14814814814814814
59,26,73,0.863013698630137,-0.136986301369863,0.136986301369863
60,0,51,0.0,-0.19607843137254902,1.0
60,1,45,0.0,-0.6,0.6
60,2,51,0.0,0.0,0.23529411764705882
60,3,54,0.0,0.0,0.12962962962962962
60,4,49,0.0,-0.04081632653061224,0.2653061224489796
60,5,53,0.0,0.0,0.39622641509433965
60,6,52,0.0,-0.07692307692307693,0.07692307692307693
60,7,58,0.0,0.0,0.29310344827586204
60,8,62,0.0,-0.3387096774193548,0.3870967741935484
60,9,66,0.0,0.0,0.2878787878787879
60,10,71,0.0,-0.09859154929577464,0.23943661971830985
60,11,68,0.0,-0.3235294117647059,0.3235294117647059
60,12,54,0.0,0.0,0.2222222222222222
60,13,66,0.0,-0.45454545454545453,0.45454545454545453
60,14,60,0.0,-0.03333333333333333,0.2833333333333333
60,15,54,0.0,-0.018518518518518517,0.25925925925925924
60,16,71,0.0,-0.07042253521126761,0.1267605633802817
60,17,60,0.0,-0.16666666666666666,0.7
60,18,66,0.48484848484848486,0.48484848484848486,0.0
60,19,52,0.5576923076923077,0.5192307692307693,0.26923076923076916
60,20,92,0.07608695652173914,0.07608695652173914,0.032608695652173905
60,21,55,0.6727272727272727,0.6727272727272727,0.0
60,22,57,0.42105263157894735,0.42105263157894735,0.05263157894736842
60,23,46,0.06521739130434782,0.06521739130434782,0.13043478260869568
60,24,48,0.2708333333333333,0.2708333333333333,0.0
60,25,81,0.2345679012345679,0.2345679012345679,0.19753086419753085
60,26,73,0.7945205479452054,-0.20547945205479456,0.20547945205479456
61,0,51,0.0,-0.19607843137254902,1.0
61,1,45,0.0,-0.6,0.6
61,2,51,0.0,0.0,0.23529411764705882
61,3,54,0.0,0.0,0.12962962962962962
61,4,49,0.0,-0.04081632653061224,0.2653061224489796
61,5,53,0.0,0.0,0.39622641509433965
61,6,52,0.0,-0.07692307692307693,0.07692307692307693
61,7,58,0.0,0.0,0.29310344827586204
61,8,62,0.0,-0.3387096774193548,0.3870967741935484
61,9,66,0.0,0.0,0.2878787878787879
61,10,71,0.0,-0.09859154929577464,0.23943661971830985
61,11,68,0.0,-0.3235294117647059,0.3235294117647059
61,12,54,0.0,0.0,0.2222222222222222
61,13,66,0.0,-0.45454545454545453,0.45454545454545453
61,14,60,0.0,-0.03333333333333333,0.2833333333333333
61,15,54,0.0,-0.018518518518518517,0.25925925925925924
61,16,71,0.0,-0.07042253521126761,0.1267605633802817
61,17,60,0.0,-0.16666666666666666,0.7
61,18,66,0.5151515151515151,0.5151515151515151,0.0
61,19,52,0.5576923076923077,0.5192307692307693,0.26923076923076916
61,20,92,0.08695652173913043,0.08695652173913043,0.021739130434782608
61,21,55,0.5636363636363636,0.5636363636363636,0.10909090909090913
61,22,57,0.38596491228070173,0.38596491228070173,0.08771929824561403
61,23,46,0.043478260869565216,0.043478260869565216,0.15217391304347827
61,24,48,0.2708333333333333,0.2708333333333333,0.0
61,25,81,0.2345679012345679,0.2345679012345679,0.19753086419753085
61,26,73,0.821917808219178,-0.17808219178082196,0.17808219178082196
62,0,51,0.0,-0.19607843137254902,1.0
62,1,45,0.0,-0.6,0.6
62,2,51,0.0,0.0,0.23529411764705882
62,3,54,0.0,0.0,0.12962962962962962
62,4,49,0.0,-0.04081632653061224,0.2653061224489796
62,5,53,0.0,0.0,0.39622641509433965
62,6,52,0.0,-0.07692307692307693,0.07692307692307693
62,7,58,0.0,0.0,0.29310344827586204
62,8,62,0.0,-0.3387096774193548,0.3870967741935484
62,9,66,0.0,0.0,0.2878787878787879
62,10,71,0.0,-0.09859154929577464,0.23943661971830985
62,11,68,0.0,-0.3235294117647059,0.3235294117647059
62,12,54,0.0,0.0,0.2222222222222222
62,13,66,0.0,-0.45454545454545453,0.45454545454545453
62,14,60,0.0,-0.03333333333333333,0.2833333333333333
62,15,54,0.0,-0.018518518518518517,0.25925925925925924
62,16,71,0.0,-0.07042253521126761,0.1267605633802817
62,17,60,0.0,-0.16666666666666666,0.7
62,18,66,0.5151515151515151,0.5151515151515151,0.0
62,19,52,0.5576923076923077,0.5192307692307693,0.26923076923076916
62,20,92,0.06521739130434782,0.06521739130434782,0.043478260869565216
62,21,55,0.6181818181818182,0.6181818181818182,0.054545454545454564
62,22,57,0.40350877192982454,0.40350877192982454,0.07017543859649122
62,23,46,0.06521739130434782,0.06521739130434782,0.13043478260869568
62,24,48,0.20833333333333334,0.20833333333333334,0.06249999999999997
62,25,81,0.2345679012345679,0.2345679012345679,0.19753086419753085
62,26,73,0.7945205479452054,-0.20547945205479456,0.20547945205479456
63,0,51,0.0,-0.19607843137254902,1.0
63,1,45,0.0,-0.6,0.6
63,2,51,0.0,0.0,0.23529411764705882
63,3,54,0.0,0.0,0.12962962962962962
63,4,49,0.0,-0.04081632653061224,0.2653061224489796
63,5,53,0.0,0.0,0.39622641509433965
63,6,52,0.0,-0.07692307692307693,0.07692307692307693
63,7,58,0.0,0.0,0.29310344827586204
63,8,62,0.0,-0.3387096774193548,0.3870967741935484
63,9,66,0.0,0.0,0.2878787878787879
63,10,71,0.0,-0.09859154929577464,0.23943661971830985
63,11,68,0.0,-0.3235294117647059,0.3235294117647059
63,12,54,0.0,0.0,0.2222222222222222
63,13,66,0.0,-0.45454545454545453,0.45454545454545453
63,14,60,0.0,-0.03333333333333333,0.2833333333333333
63,15,54,0.0,-0.018518518518518517,0.25925925925925924
63,16,71,0.0,-0.07042253521126761,0.1267605633802817
63,17,60,0.0,-0.16666666666666666,0.7
63,18,66,0.48484848484848486,0.48484848484848486,0.030303030303030276
63,19,52,0.6538461538461539,0.6153846153846154,0.17307692307692302
63,20,92,0.13043478260869565,0.13043478260869565,0.0
63,21,55,0.4909090909090909,0.4909090909090909,0.18181818181818182
63,22,57,0.3684210526315789,0.3684210526315789,0.10526315789473684
63,23,46,0.06521739130434782,0.06521739130434782,0.13043478260869568
63,24,48,0.14583333333333334,0.14583333333333334,0.12499999999999997
63,25,81,0.345679012345679,0.345679012345679,0.08641975308641975
63,26,73,0.7808219178082192,-0.2191780821917808,0.2191780821917808
64,0,51,0.0,-0.19607843137254902,1.0
64,1,45,0.0,-0.6,0.6
64,2,51,0.0,0.0,0.23529411764705882
64,3,54,0.0,0.0,0.12962962962962962
64,4,49,0.0,-0.04081632653061224,0.2653061224489796
64,5,53,0.0,0.0,0.39622641509433965
64,6,52,0.0,-0.07692307692307693,0.07692307692307693
64,7,58,0.0,0.0,0.29310344827586204
64,8,62,0.0,-0.3387096774193548,0.3870967741935484
64,9,66,0.0,0.0,0.2878787878787879
64,10,71,0.0,-0.09859154929577464,0.23943661971830985
64,11,68,0.0,-0.3235294117647059,0.3235294117647059
64,12,54,0.0,0.0,0.2222222222222222
64,13,66,0.0,-0.45454545454545453,0.45454545454545453
64,14,60,0.0,-0.03333333333333333,0.2833333333333333
64,15,54,0.0,-0.018518518518518517,0.25925925925925924
64,16,71,0.0,-0.07042253521126761,0.1267605633802817
64,17,60,0.0,-0.16666666666666666,0.7
64,18,66,0.4393939393939394,0.4393939393939394,0.07575757575757575
64,19,52,0.8269230769230769,0.7884615384615384,0.0
64,20,92,0.14130434782608695,0.14130434782608695,0.0
64,21,55,0.45454545454545453,0.45454545454545453,0.2181818181818182
64,22,57,0.3157894736842105,0.3157894736842105,0.15789473684210525
64,23,46,0.021739130434782608,0.021739130434782608,0.17391304347826086
64,24,48,0.1875,0.1875,0.08333333333333331
64,25,81,0.24691358024691357,0.24691358024691357,0.18518518518518517
64,26,73,0.7808219178082192,-0.2191780821917808,0.2191780821917808
65,0,51,0.0,-0.19607843137254902,1.0
65,1,45,0.0,-0.6,0.6
65,2,51,0.0,0.0,0.23529411764705882
65,3,54,0.0,0.0,0.12962962962962962
65,4,49,0.0,-0.04081632653061224,0.2653061224489796
65,5,53,0.0,0.0,0.39622641509433965
65,6,52,0.0,-0.07692307692307693,0.07692307692307693
65,7,58,0.0,0.0,0.29310344827586204
65,8,62,0.0,-0.3387096774193548,0.3870967741935484
65,9,66,0.0,0.0,0.2878787878787879
65,10,71,0.014084507042253521,-0.08450704225352113,0.22535211267605632
65,11,68,0.0,-0.3235294117647059,0.3235294117647059
65,12,54,0.0,0.0,0.2222222222222222
65,13,66,0.0,-0.45454545454545453,0.45454545454545453
65,14,60,0.0,-0.03333333333333333,0.2833333333333333
65,15,54,0.0,-0.018518518518518517,0.25925925925925924
65,16,71,0.0,-0.07042253521126761,0.1267605633802817
65,17,60,0.0,-0.16666666666666666,0.7
65,18,66,0.42424242424242425,0.42424242424242425,0.09090909090909088
65,19,52,0.7884615384615384,0.75,0.038461538461538436
65,20,92,0.14130434782608695,0.14130434782608695,0.0
65,21,55,0.43636363636363634,0.43636363636363634,0.2363636363636364
65,22,57,0.3333333333333333,0.3333333333333333,0.14035087719298245
65,23,46,0.043478260869565216,0.043478260869565216,0.15217391304347827
65,24,48,0.08333333333333333,0.08333333333333333,0.1875
65,25,81,0.2962962962962963,0.2962962962962963,0.13580246913580246
65,26,73,0.7534246575342466,-0.2465753424657534,0.2465753424657534
66,0,51,0.0,-0.19607843137254902,1.0
66,1,45,0.0,-0.6,0.6
66,2,51,0.0,0.0,0.23529411764705882
66,3,54,0.0,0.0,0.12962962962962962
66,4,49,0.0,-0.04081632653061224,0.2653061224489796
66,5,53,0.0,0.0,0.39622641509433965
66,6,52,0.0,-0.07692307692307693,0.07692307692307693
66,7,58,0.0,0.0,0.29310344827586204
66,8,62,0.0,-0.3387096774193548,0.3870967741935484
66,9,66,0.0,0.0,0.2878787878787879
66,10,71,0.0,-0.09859154929577464,0.23943661971830985
66,11,68,0.0,-0.3235294117647059,0.3235294117647059
66,12,54,0.0,0.0,0.2222222222222222
66,13,66,0.0,-0.45454545454545453,0.45454545454545453
66,14,60,0.0,-0.03333333333333333,0.2833333333333333
66,15,54,0.0,-0.018518518518518517,0.25925925925925924
66,16,71,0.0,-0.07042253521126761,0.1267605633802817
66,17,60,0.0,-0.16666666666666666,0.7
66,18,66,0.4393939393939394,0.4393939393939394,0.07575757575757575
66,19,52,0.8269230769230769,0.7884615384615384,0.0
66,20,92,0.13043478260869565,0.13043478260869565,0.010869565217391297
66,21,55,0.4727272727272727,0.4727272727272727,0.2
66,22,57,0.24561403508771928,0.24561403508771928,0.22807017543859648
66,23,46,0.06521739130434782,0.06521739130434782,0.13043478260869568
66,24,48,0.16666666666666666,0.16666666666666666,0.10416666666666666
66,25,81,0.24691358024691357,0.24691358024691357,0.18518518518518517
66,26,73,0.8356164383561644,-0.1643835616438356,0.1643835616438356
67,0,51,0.0,-0.19607843137254902,1.0
67,1,45,0.0,-0.6,0.6
67,2,51,0.0,0.0,0.23529411764705882
67,3,54,0.0,0.0,0.12962962962962962
67,4,49,0.0,-0.04081632653061224,0.2653061224489796
67,5,53,0.0,0.0,0.39622641509433965
67,6,52,0.0,-0.07692307692307693,0.07692307692307693
67,7,58,0.0,0.0,0.29310344827586204
67,8,62,0.0,-0.3387096774193548,0.3870967741935484
67,9,66,0.0,0.0,0.2878787878787879
67,10,71,0.0,-0.09859154929577464,0.23943661971830985
67,11,68,0.0,-0.3235294117647059,0.3235294117647059
67,12,54,0.0,0.0,0.2222222222222222
67,13,66,0.0,-0.45454545454545453,0.45454545454545453
67,14,60,0.0,-0.03333333333333333,0.2833333333333333
67,15,54,0.0,-0.018518518518518517,0.25925925925925924
67,16,71,0.0,-0.07042253521126761,0.1267605633802817
67,17,60,0.0,-0.16666666666666666,0.7
67,18,66,0.2727272727272727,0.2727272727272727,0.24242424242424243
67,19,52,0.7884615384615384,0.75,0.038461538461538436
67,20,92,0.14130434782608695,0.14130434782608695,0.0
67,21,55,0.43636363636363634,0.43636363636363634,0.2363636363636364
67,22,57,0.3684210526315789,0.3684210526315789,0.10526315789473684
67,23,46,0.043478260869565216,0.043478260869565216,0.15217391304347827
67,24,48,0.22916666666666666,0.22916666666666666,0.04166666666666666
67,25,81,0.25925925925925924,0.25925925925925924,0.1728395061728395
67,26,73,0.8082191780821918,-0.1917808219178082,0.1917808219178082
68,0,51,0.0,-0.19607843137254902,1.0
68,1,45,0.0,-0.6,0.6
68,2,51,0.0,0.0,0.23529411764705882
68,3,54,0.0,0.0,0.12962962962962962
68,4,49,0.0,-0.04081632653061224,0.2653061224489796
68,5,53,0.0,0.0,0.39622641509433965
68,6,52,0.0,-0.07692307692307693,0.07692307692307693
68,7,58,0.0,0.0,0.29310344827586204
68,8,62,0.0,-0.3387096774193548,0.3870967741935484
68,9,66,0.0,0.0,0.2878787878787879
68,10,71,0.0,-0.09859154929577464,0.23943661971830985
68,11,68,0.0,-0.3235294117647059,0.3235294117647059
68,12,54,0.0,0.0,0.2222222222222222
68,13,66,0.0,-0.45454545454545453,0.45454545454545453
68,14,60,0.0,-0.03333333333333333,0.2833333333333333
68,15,54,0.0,-0.018518518518518517,0.25925925925925924
68,16,71,0.0,-0.07042253521126761,0.1267605633802817
68,17,60,0.0,-0.16666666666666666,0.7
68,18,66,0.2878787878787879,0.2878787878787879,0.22727272727272724
68,19,52,0.7884615384615384,0.75,0.038461538461538436
68,20,92,0.11956521739130435,0.11956521739130435,0.021739130434782594
68,21,55,0.4727272727272727,0.4727272727272727,0.2
68,22,57,0.22807017543859648,0.22807017543859648,0.24561403508771928
68,23,46,0.06521739130434782,0.06521739130434782,0.13043478260869568
68,24,48,0.125,0.125,0.14583333333333331
68,25,81,0.24691358024691357,0.24691358024691357,0.18518518518518517
68,26,73,0.8493150684931506,-0.15068493150684936,0.15068493150684936
69,0,51,0.0,-0.19607843137254902,1.0
69,1,45,0.0,-0.6,0.6
69,2,51,0.0,0.0,0.23529411764705882
69,3,54,0.0,0.0,0.12962962962962962
69,4,49,0.0,-0.04081632653061224,0.2653061224489796
69,5,53,0.0,0.0,0.39622641509433965
69,6,52,0.0,-0.07692307692307693,0.07692307692307693
69,7,58,0.0,0.0,0.29310344827586204
69,8,62,0.0,-0.3387096774193548,0.3870967741935484
69,9,66,0.0,0.0,0.2878787878787879
69,10,71,0.0,-0.09859154929577464,0.23943661971830985
69,11,68,0.0,-0.3235294117647059,0.3235294117647059
69,12,54,0.0,0.0,0.2222222222222222
69,13,66,0.0,-0.45454545454545453,0.45454545454545453
69,14,60,0.0,-0.03333333333333333,0.2833333333333333
69,15,54,0.0,-0.018518518518518517,0.25925925925925924
69,16,71,0.0,-0.07042253521126761,0.1267605633802817
69,17,60,0.0,-0.16666666666666666,0.7
69,18,66,0.42424242424242425,0.42424242424242425,0.09090909090909088
69,19,52,0.75,0.7115384615384616,0.07692307692307687
69,20,92,0.14130434782608695,0.14130434782608695,0.0
69,21,55,0.4909090909090909,0.4909090909090909,0.18181818181818182
69,22,57,0.38596491228070173,0.38596491228070173,0.08771929824561403
69,23,46,0.021739130434782608,0.021739130434782608,0.17391304347826086
69,24,48,0.16666666666666666,0.16666666666666666,0.10416666666666666
69,25,81,0.24691358024691357,0.24691358024691357,0.18518518518518517
69,26,73,0.7945205479452054,-0.20547945205479456,0.20547945205479456
70,0,51,0.0,-0.19607843137254902,1.0
70,1,45,0.0,-0.6,0.6
70,2,51,0.0,0.0,0.23529411764705882
70,3,54,0.0,0.0,0.12962962962962962
70,4,49,0.0,-0.04081632653061224,0.2653061224489796
70,5,53,0.0,0.0,0.39622641509433965
70,6,52,0.0,-0.07692307692307693,0.07692307692307693
70,7,58,0.0,0.0,0.29310344827586204
70,8,62,0.0,-0.3387096774193548,0.3870967741935484
70,9,66,0.0,0.0,0.2878787878787879
70,10,71,0.0,-0.09859154929577464,0.23943661971830985
70,11,68,0.0,-0.3235294117647059,0.3235294117647059
70,12,54,0.0,0.0,0.2222222222222222
70,13,66,0.0,-0.45454545454545453,0.45454545454545453
70,14,60,0.0,-0.03333333333333333,0.2833333333333333
70,15,54,0.0,-0.018518518518518517,0.25925925925925924
70,16,71,0.0,-0.07042253521126761,0.1267605633802817
70,17,60,0.0,-0.16666666666666666,0.7
70,18,66,0.2727272727272727,0.2727272727272727,0.24242424242424243
70,19,52,0.8076923076923077,0.7692307692307693,0.019230769230769162
70,20,92,0.14130434782608695,0.14130434782608695,0.0
70,21,55,0.4727272727272727,0.4727272727272727,0.2
70,22,57,0.2982456140350877,0.2982456140350877,0.17543859649122806
70,23,46,0.043478260869565216,0.043478260869565216,0.15217391304347827
70,24,48,0.14583333333333334,0.14583333333333334,0.12499999999999997
70,25,81,0.2962962962962963,0.2962962962962963,0.13580246913580246
70,26,73,0.8493150684931506,-0.15068493150684936,0.15068493150684936
71,0,51,0.0,-0.19607843137254902,1.0
71,1,45,0.0,-0.6,0.6
71,2,51,0.0,0.0,0.23529411764705882
71,3,54,0.0,0.0,0.12962962962962962
71,4,49,0.0,-0.04081632653061224,0.2653061224489796
71,5,53,0.0,0.0,0.39622641509433965
71,6,52,0.0,-0.07692307692307693,0.07692307692307693
71,7,58,0.0,0.0,0.29310344827586204
71,8,62,0.0,-0.3387096774193548,0.3870967741935484
71,9,66,0.0,0.0,0.2878787878787879
71,10,71,0.0,-0.09859154929577464,0.23943661971830985
71,11,68,0.0,-0.3235294117647059,0.3235294117647059
71,12,54,0.0,0.0,0.2222222222222222
71,13,66,0.0,-0.45454545454545453,0.45454545454545453
71,14,60,0.0,-0.03333333333333333,0.2833333333333333
71,15,54,0.0,-0.018518518518518517,0.25925925925925924
71,16,71,0.0,-0.07042253521126761,0.1267605633802817
71,17,60,0.0,-0.16666666666666666,0.7
71,18,66,0.30303030303030304,0.30303030303030304,0.2121212121212121
71,19,52,0.7692307692307693,0.7307692307692308,0.0576923076923076
71,20,92,0.10869565217391304,0.10869565217391304,0.032608695652173905
71,21,55,0.5272727272727272,0.5272727272727272,0.1454545454545455
71,22,57,0.2982456140350877,0.2982456140350877,0.17543859649122806
71,23,46,0.06521739130434782,0.06521739130434782,0.13043478260869568
71,24,48,0.20833333333333334,0.20833333333333334,0.06249999999999997
71,25,81,0.25925925925925924,0.25925925925925924,0.1728395061728395
71,26,73,0.821917808219178,-0.17808219178082196,0.17808219178082196
72,0,51,0.0,-0.19607843137254902,1.0
72,1,45,0.0,-0.6,0.6
72,2,51,0.0,0.0,0.23529411764705882
72,3,54,0.0,0.0,0.12962962962962962
72,4,49,0.0,-0.04081632653061224,0.2653061224489796
72,5,53,0.0,0.0,0.39622641509433965
72,6,52,0.0,-0.07692307692307693,0.07692307692307693
72,7,58,0.0,0.0,0.29310344827586204
72,8,62,0.0,-0.3387096774193548,0.3870967741935484
72,9,66,0.0,0.0,0.2878787878787879
72,10,71,0.0,-0.09859154929577464,0.23943661971830985
72,11,68,0.0,-0.3235294117647059,0.3235294117647059
72,12,54,0.0,0.0,0.2222222222222222
72,13,66,0.0,-0.45454545454545453,0.45454545454545453
72,14,60,0.0,-0.03333333333333333,0.2833333333333333
72,15,54,0.0,-0.018518518518518517,0.25925925925925924
72,16,71,0.0,-0.07042253521126761,0.1267605633802817
72,17,60,0.0,-0.16666666666666666,0.7
72,18,66,0.30303030303030304,0.30303030303030304,0.2121212121212121
72,19,52,0.7884615384615384,0.75,0.038461538461538436
72,20,92,0.10869565217391304,0.10869565217391304,0.032608695652173905
72,21,55,0.4727272727272727,0.4727272727272727,0.2
72,22,57,0.3508771929824561,0.3508771929824561,0.12280701754385964
72,23,46,0.043478260869565216,0.043478260869565216,0.15217391304347827
72,24,48,0.10416666666666667,0.10416666666666667,0.16666666666666663
72,25,81,0.345679012345679,0.345679012345679,0.08641975308641975
72,26,73,0.8356164383561644,-0.1643835616438356,0.1643835616438356
73,0,51,0.0,-0.19607843137254902,1.0
73,1,45,0.0,-0.6,0.6
73,2,51,0.0,0.0,0.23529411764705882
73,3,54,0.0,0.0,0.12962962962962962
73,4,49,0.0,-0.04081632653061224,0.2653061224489796
73,5,53,0.0,0.0,0.39622641509433965
73,6,52,0.0,-0.07692307692307693,0.07692307692307693
73,7,58,0.0,0.0,0.29310344827586204
73,8,62,0.0,-0.3387096774193548,0.3870967741935484
73,9,66,0.0,0.0,0.2878787878787879
73,10,71,0.0,-0.09859154929577464,0.23943661971830985
73,11,68,0.0,-0.3235294117647059,0.3235294117647059
73,12,54,0.0,0.0,0.2222222222222222
73,13,66,0.0,-0.45454545454545453,0.45454545454545453
73,14,60,0.0,-0.03333333333333333,0.2833333333333333
73,15,54,0.0,-0.018518518518518517,0.25925925925925924
73,16,71,0.0,-0.07042253521126761,0.1267605633802817
73,17,60,0.0,-0.16666666666666666,0.7
73,18,66,0.25757575757575757,0.25757575757575757,0.25757575757575757
73,19,52,0.8076923076923077,0.7692307692307693,0.019230769230769162
73,20,92,0.11956521739130435,0.11956521739130435,0.021739130434782594
73,21,55,0.4,0.4,0.2727272727272727
73,22,57,0.2982456140350877,0.2982456140350877,0.17543859649122806
73,23,46,0.043478260869565216,0.043478260869565216,0.15217391304347827
73,24,48,0.08333333333333333,0.08333333333333333,0.1875
73,25,81,0.3333333333333333,0.3333333333333333,0.09876543209876543
73,26,73,0.8356164383561644,-0.1643835616438356,0.1643835616438356
74,0,51,0.0,-0.19607843137254902,1.0
74,1,45,0.0,-0.6,0.6
74,2,51,0.0,0.0,0.23529411764705882
74,3,54,0.0,0.0,0.12962962962962962
74,4,49,0.0,-0.04081632653061224,0.2653061224489796
74,5,53,0.0,0.0,0.39622641509433965
74,6,52,0.0,-0.07692307692307693,0.07692307692307693
74,7,58,0.0,0.0,0.29310344827586204
74,8,62,0.0,-0.3387096774193548,0.3870967741935484
74,9,66,0.0,0.0,0.2878787878787879
74,10,71,0.0,-0.09859154929577464,0.23943661971830985
74,11,68,0.0,-0.3235294117647059,0.3235294117647059
74,12,54,0.0,0.0,0.2222222222222222
74,13,66,0.0,-0.45454545454545453,0.45454545454545453
74,14,60,0.0,-0.03333333333333333,0.2833333333333333
74,15,54,0.0,-0.018518518518518517,0.25925925925925924
74,16,71,0.0,-0.07042253521126761,0.1267605633802817
74,17,60,0.0,-0.16666666666666666,0.7
74,18,66,0.30303030303030304,0.30303030303030304,0.2121212121212121
74,19,52,0.7884615384615384,0.75,0.038461538461538436
74,20,92,0.16304347826086957,0.16304347826086957,0.0
74,21,55,0.6181818181818182,0.6181818181818182,0.054545454545454564
74,22,57,0.3333333333333333,0.3333333333333333,0.14035087719298245
74,23,46,0.021739130434782608,0.021739130434782608,0.17391304347826086
74,24,48,0.08333333333333333,0.08333333333333333,0.1875
74,25,81,0.2962962962962963,0.2962962962962963,0.13580246913580246
74,26,73,0.821917808219178,-0.17808219178082196,0.17808219178082196
75,0,51,0.0,-0.19607843137254902,1.0
75,1,45,0.0,-0.6,0.6
75,2,51,0.0,0.0,0.23529411764705882
75,3,54,0.0,0.0,0.12962962962962962
75,4,49,0.0,-0.04081632653061224,0.2653061224489796
75,5,53,0.0,0.0,0.39622641509433965
75,6,52,0.0,-0.07692307692307693,0.07692307692307693
75,7,58,0.0,0.0,0.29310344827586204
75,8,62,0.0,-0.3387096774193548,0.3870967741935484
75,9,66,0.0,0.0,0.2878787878787879
75,10,71,0.0,-0.09859154929577464,0.23943661971830985
75,11,68,0.0,-0.3235294117647059,0.3235294117647059
75,12,54,0.0,0.0,0.2222222222222222
75,13,66,0.0,-0.45454545454545453,0.45454545454545453
75,14,60,0.0,-0.03333333333333333,0.2833333333333333
75,15,54,0.0,-0.018518518518518517,0.25925925925925924
75,16,71,0.0,-0.07042253521126761,0.1267605633802817
75,17,60,0.0,-0.16666666666666666,0.7
75,18,66,0.2878787878787879,0.2878787878787879,0.22727272727272724
75,19,52,0.6730769230769231,0.6346153846153847,0.15384615384615374
75,20,92,0.15217391304347827,0.15217391304347827,0.010869565217391297
75,21,55,0.4727272727272727,0.4727272727272727,0.2
75,22,57,0.3157894736842105,0.3157894736842105,0.15789473684210525
75,23,46,0.06521739130434782,0.06521739130434782,0.13043478260869568
75,24,48,0.10416666666666667,0.10416666666666667,0.16666666666666663
75,25,81,0.32098765432098764,0.32098765432098764,0.1111111111111111
75,26,73,0.8356164383561644,-0.1643835616438356,0.1643835616438356
76,0,51,0.0,-0.19607843137254902,1.0
76,1,45,0.0,-0.6,0.6
76,2,51,0.0,0.0,0.23529411764705882
76,3,54,0.0,0.0,0.12962962962962962
76,4,49,0.0,-0.04081632653061224,0.2653061224489796
76,5,53,0.0,0.0,0.39622641509433965
76,6,52,0.0,-0.07692307692307693,0.07692307692307693
76,7,58,0.0,0.0,0.29310344827586204
76,8,62,0.0,-0.3387096774193548,0.3870967741935484
76,9,66,0.0,0.0,0.2878787878787879
76,10,71,0.0,-0.09859154929577464,0.23943661971830985
76,11,68,0.0,-0.3235294117647059,0.3235294117647059
76,12,54,0.0,0.0,0.2222222222222222
76,13,66,0.0,-0.45454545454545453,0.45454545454545453
76,14,60,0.0,-0.03333333333333333,0.2833333333333333
76,15,54,0.0,-0.018518518518518517,0.25925925925925924
76,16,71,0.0,-0.07042253521126761,0.1267605633802817
76,17,60,0.0,-0.16666666666666666,0.7
76,18,66,0.2878787878787879,0.2878787878787879,0.22727272727272724
76,19,52,0.7307692307692307,0.6923076923076923,0.09615384615384615
76,20,92,0.13043478260869565,0.13043478260869565,0.03260869565217392
76,21,55,0.6545454545454545,0.6545454545454545,0.018181818181818188
76,22,57,0.38596491228070173,0.38596491228070173,0.08771929824561403
76,23,46,0.043478260869565216,0.043478260869565216,0.15217391304347827
76,24,48,0.10416666666666667,0.10416666666666667,0.16666666666666663
76,25,81,0.345679012345679,0.345679012345679,0.08641975308641975
76,26,73,0.821917808219178,-0.17808219178082196,0.17808219178082196
77,0,51,0.0,-0.19607843137254902,1.0
77,1,45,0.0,-0.6,0.6
77,2,51,0.0,0.0,0.23529411764705882
77,3,54,0.0,0.0,0.12962962962962962
77,4,49,0.0,-0.04081632653061224,0.2653061224489796
77,5,53,0.0,0.0,0.39622641509433965
77,6,52,0.0,-0.07692307692307693,0.07692307692307693
77,7,58,0.0,0.0,0.29310344827586204
77,8,62,0.0,-0.3387096774193548,0.3870967741935484
77,9,66,0.0,0.0,0.2878787878787879
77,10,71,0.0,-0.09859154929577464,0.23943661971830985
77,11,68,0.0,-0.3235294117647059,0.3235294117647059
77,12,54,0.018518518518518517,0.018518518518518517,0.2037037037037037
77,13,66,0.0,-0.45454545454545453,0.45454545454545453
77,14,60,0.0,-0.03333333333333333,0.2833333333333333
77,15,54,0.0,-0.018518518518518517,0.25925925925925924
77,16,71,0.0,-0.07042253521126761,0.1267605633802817
77,17,60,0.0,-0.16666666666666666,0.7
77,18,66,0.25757575757575757,0.25757575757575757,0.25757575757575757
77,19,52,0.8269230769230769,0.7884615384615384,0.0
77,20,92,0.13043478260869565,0.13043478260869565,0.03260869565217392
77,21,55,0.41818181818181815,0.41818181818181815,0.2545454545454546
77,22,57,0.2982456140350877,0.2982456140350877,0.17543859649122806
77,23,46,0.06521739130434782,0.06521739130434782,0.13043478260869568
77,24,48,0.125,0.125,0.14583333333333331
77,25,81,0.2716049382716049,0.2716049382716049,0.16049382716049382
77,26,73,0.8493150684931506,-0.15068493150684936,0.15068493150684936
78,0,51,0.0,-0.19607843137254902,1.0
78,1,45,0.0,-0.6,0.6
78,2,51,0.0,0.0,0.23529411764705882
78,3,54,0.0,0.0,0.12962962962962962
78,4,49,0.0,-0.04081632653061224,0.2653061224489796
78,5,53,0.0,0.0,0.39622641509433965
78,6,52,0.0,-0.07692307692307693,0.07692307692307693
78,7,58,0.0,0.0,0.29310344827586204
78,8,62,0.0,-0.3387096774193548,0.3870967741935484
78,9,66,0.0,0.0,0.2878787878787879
78,10,71,0.0,-0.09859154929577464,0.23943661971830985
78,11,68,0.0,-0.3235294117647059,0.3235294117647059
78,12,54,0.0,0.0,0.2222222222222222
78,13,66,0.0,-0.45454545454545453,0.45454545454545453
78,14,60,0.0,-0.03333333333333333,0.2833333333333333
78,15,54,0.0,-0.018518518518518517,0.25925925925925924
78,16,71,0.0,-0.07042253521126761,0.1267605633802817
78,17,60,0.0,-0.16666666666666666,0.7
78,18,66,0.25757575757575757,0.25757575757575757,0.25757575757575757
78,19,52,0.75,0.7115384615384616,0.07692307692307687
78,20,92,0.13043478260869565,0.13043478260869565,0.03260869565217392
78,21,55,0.5636363636363636,0.5636363636363636,0.10909090909090913
78,22,57,0.38596491228070173,0.38596491228070173,0.08771929824561403
78,23,46,0.021739130434782608,0.021739130434782608,0.17391304347826086
78,24,48,0.08333333333333333,0.08333333333333333,0.1875
78,25,81,0.345679012345679,0.345679012345679,0.08641975308641975
78,26,73,0.8356164383561644,-0.1643835616438356,0.1643835616438356
79,0,51,0.0,-0.19607843137254902,1.0
79,1,45,0.0,-0.6,0.6
79,2,51,0.0,0.0,0.23529411764705882
79,3,54,0.0,0.0,0.12962962962962962
79,4,49,0.0,-0.04081632653061224,0.2653061224489796
79,5,53,0.0,0.0,0.39622641509433965
79,6,52,0.0,-0.07692307692307693,0.07692307692307693
79,7,58,0.0,0.0,0.29310344827586204
79,8,62,0.0,-0.3387096774193548,0.3870967741935484
79,9,66,0.0,0.0,0.2878787878787879
79,10,71,0.0,-0.09859154929577464,0.23943661971830985
79,11,68,0.0,-0.3235294117647059,0.3235294117647059
79,12,54,0.0,0.0,0.2222222222222222
79,13,66,0.0,-0.45454545454545453,0.45454545454545453
79,14,60,0.0,-0.03333333333333333,0.2833333333333333
79,15,54,0.0,-0.018518518518518517,0.25925925925925924
79,16,71,0.0,-0.07042253521126761,0.1267605633802817
79,17,60,0.0,-0.16666666666666666,0.7
79,18,66,0.3787878787878788,0.3787878787878788,0.13636363636363635
79,19,52,0.6730769230769231,0.6346153846153847,0.15384615384615374
79,20,92,0.17391304347826086,0.17391304347826086,0.0
79,21,55,0.4,0.4,0.2727272727272727
79,22,57,0.2982456140350877,0.2982456140350877,0.17543859649122806
79,23,46,0.043478260869565216,0.043478260869565216,0.15217391304347827
79,24,48,0.041666666666666664,0.041666666666666664,0.22916666666666666
79,25,81,0.35802469135802467,0.35802469135802467,0.07407407407407407
79,26,73,0.8356164383561644,-0.1643835616438356,0.1643835616438356
80,0,51,0.0,-0.19607843137254902,1.0
80,1,45,0.0,-0.6,0.6
80,2,51,0.0,0.0,0.23529411764705882
80,3,54,0.0,0.0,0.12962962962962962
80,4,49,0.0,-0.04081632653061224,0.2653061224489796
80,5,53,0.0,0.0,0.39622641509433965
80,6,52,0.0,-0.07692307692307693,0.07692307692307693
80,7,58,0.0,0.0,0.29310344827586204
80,8,62,0.0,-0.3387096774193548,0.3870967741935484
80,9,66,0.0,0.0,0.2878787878787879
80,10,71,0.014084507042253521,-0.08450704225352113,0.22535211267605632
80,11,68,0.0,-0.3235294117647059,0.3235294117647059
80,12,54,0.0,0.0,0.2222222222222222
80,13,66,0.0,-0.45454545454545453,0.45454545454545453
80,14,60,0.0,-0.03333333333333333,0.2833333333333333
80,15,54,0.0,-0.018518518518518517,0.25925925925925924
80,16,71,0.0,-0.07042253521126761,0.1267605633802817
80,17,60,0.0,-0.16666666666666666,0.7
80,18,66,0.19696969696969696,0.19696969696969696,0.3181818181818182
80,19,52,0.7692307692307693,0.7307692307692308,0.0576923076923076
80,20,92,0.1956521739130435,0.1956521739130435,0.0
80,21,55,0.4727272727272727,0.4727272727272727,0.2
80,22,57,0.40350877192982454,0.40350877192982454,0.07017543859649122
80,23,46,0.021739130434782608,0.021739130434782608,0.17391304347826086
80,24,48,0.10416666666666667,0.10416666666666667,0.16666666666666663
80,25,81,0.3333333333333333,0.3333333333333333,0.09876543209876543
80,26,73,0.7945205479452054,-0.20547945205479456,0.20547945205479456
81,0,51,0.0,-0.19607843137254902,1.0
81,1,45,0.022222222222222223,-0.5777777777777777,0.5777777777777777
81,2,51,0.0,0.0,0.23529411764705882
81,3,54,0.0,0.0,0.12962962962962962
81,4,49,0.0,-0.04081632653061224,0.2653061224489796
81,5,53,0.0,0.0,0.39622641509433965
81,6,52,0.0,-0.07692307692307693,0.07692307692307693
81,7,58,0.0,0.0,0.29310344827586204
81,8,62,0.0,-0.3387096774193548,0.3870967741935484
81,9,66,0.0,0.0,0.2878787878787879
81,10,71,0.014084507042253521,-0.08450704225352113,0.22535211267605632
81,11,68,0.0,-0.3235294117647059,0.3235294117647059
81,12,54,0.0,0.0,0.2222222222222222
81,13,66,0.0,-0.45454545454545453,0.45454545454545453
81,14,60,0.0,-0.03333333333333333,0.2833333333333333
81,15,54,0.018518518518518517,0.0,0.24074074074074073
81,16,71,0.0,-0.07042253521126761,0.1267605633802817
81,17,60,0.016666666666666666,-0.15,0.6833333333333332
81,18,66,0.3181818181818182,0.3181818181818182,0.19696969696969696
81,19,52,0.7307692307692307,0.6923076923076923,0.09615384615384615
81,20,92,0.15217391304347827,0.15217391304347827,0.043478260869565216
81,21,55,0.41818181818181815,0.41818181818181815,0.2545454545454546
81,22,57,0.2631578947368421,0.2631578947368421,0.21052631578947367
81,23,46,0.10869565217391304,0.10869565217391304,0.08695652173913045
81,24,48,0.041666666666666664,0.041666666666666664,0.22916666666666666
81,25,81,0.32098765432098764,0.32098765432098764,0.1111111111111111
81,26,73,0.8356164383561644,-0.1643835616438356,0.1643835616438356
82,0,51,0.0,-0.19607843137254902,1.0
82,1,45,0.0,-0.6,0.6
82,2,51,0.0,0.0,0.23529411764705882
82,3,54,0.0,0.0,0.12962962962962962
82,4,49,0.0,-0.04081632653061224,0.2653061224489796
82,5,53,0.0,0.0,0.39622641509433965
82,6,52,0.0,-0.07692307692307693,0.07692307692307693
82,7,58,0.0,0.0,0.29310344827586204
82,8,62,0.0,-0.3387096774193548,0.3870967741935484
82,9,66,0.0,0.0,0.2878787878787879
82,10,71,0.0,-0.09859154929577464,0.23943661971830985
82,11,68,0.0,-0.3235294117647059,0.3235294117647059
82,12,54,0.0,0.0,0.2222222222222222
82,13,66,0.0,-0.45454545454545453,0.45454545454545453
82,14,60,0.0,-0.03333333333333333,0.2833333333333333
82,15,54,0.0,-0.018518518518518517,0.25925925925925924
82,16,71,0.0,-0.07042253521126761,0.1267605633802817
82,17,60,0.0,-0.16666666666666666,0.7
82,18,66,0.2878787878787879,0.2878787878787879,0.22727272727272724
82,19,52,0.6923076923076923,0.6538461538461539,0.13461538461538458
82,20,92,0.17391304347826086,0.17391304347826086,0.021739130434782622
82,21,55,0.5454545454545454,0.5454545454545454,0.12727272727272732
82,22,57,0.2807017543859649,0.2807017543859649,0.19298245614035087
82,23,46,0.021739130434782608,0.021739130434782608,0.17391304347826086
82,24,48,0.0625,0.0625,0.20833333333333331
82,25,81,0.25925925925925924,0.25925925925925924,0.1728395061728395
82,26,73,0.8082191780821918,-0.1917808219178082,0.1917808219178082
83,0,51,0.0,-0.19607843137254902,1.0
83,1,45,0.0,-0.6,0.6
83,2,51,0.0,0.0,0.23529411764705882
83,3,54,0.0,0.0,0.12962962962962962
83,4,49,0.0,-0.04081632653061224,0.2653061224489796
83,5,53,0.0,0.0,0.39622641509433965
83,6,52,0.0,-0.07692307692307693,0.07692307692307693
83,7,58,0.0,0.0,0.29310344827586204
83,8,62,0.0,-0.3387096774193548,0.3870967741935484
83,9,66,0.0,0.0,0.2878787878787879
83,10,71,0.0,-0.09859154929577464,0.23943661971830985
83,11,68,0.0,-0.3235294117647059,0.3235294117647059
83,12,54,0.0,0.0,0.2222222222222222
83,13,66,0.0,-0.45454545454545453,0.45454545454545453
83,14,60,0.0,-0.03333333333333333,0.2833333333333333
83,15,54,0.0,-0.018518518518518517,0.25925925925925924
83,16,71,0.0,-0.07042253521126761,0.1267605633802817
83,17,60,0.0,-0.16666666666666666,0.7
83,18,66,0.3333333333333333,0.3333333333333333,0.18181818181818182
83,19,52,0.6538461538461539,0.6153846153846154,0.17307692307692302
83,20,92,0.16304347826086957,0.16304347826086957,0.03260869565217392
83,21,55,0.5454545454545454,0.5454545454545454,0.12727272727272732
83,22,57,0.3684210526315789,0.3684210526315789,0.10526315789473684
83,23,46,0.043478260869565216,0.043478260869565216,0.15217391304347827
83,24,48,0.14583333333333334,0.14583333333333334,0.12499999999999997
83,25,81,0.3333333333333333,0.3333333333333333,0.09876543209876543
83,26,73,0.7945205479452054,-0.20547945205479456,0.20547945205479456
84,0,51,0.0,-0.19607843137254902,1.0
84,1,45,0.0,-0.6,0.6
84,2,51,0.0,0.0,0.23529411764705882
84,3,54,0.0,0.0,0.12962962962962962
84,4,49,0.0,-0.04081632653061224,0.2653061224489796
84,5,53,0.0,0.0,0.39622641509433965
84,6,52,0.0,-0.07692307692307693,0.07692307692307693
84,7,58,0.0,0.0,0.29310344827586204
84,8,62,0.0,-0.3387096774193548,0.3870967741935484
84,9,66,0.0,0.0,0.2878787878787879
84,10,71,0.0,-0.09859154929577464,0.23943661971830985
84,11,68,0.0,-0.3235294117647059,0.3235294117647059
84,12,54,0.0,0.0,0.2222222222222222
84,13,66,0.0,-0.45454545454545453,0.45454545454545453
84,14,60,0.0,-0.03333333333333333,0.2833333333333333
84,15,54,0.0,-0.018518518518518517,0.25925925925925924
84,16,71,0.0,-0.07042253521126761,0.1267605633802817
84,17,60,0.0,-0.16666666666666666,0.7
84,18,66,0.30303030303030304,0.30303030303030304,0.2121212121212121
84,19,52,0.6346153846153846,0.5961538461538461,0.1923076923076923
84,20,92,0.18478260869565216,0.18478260869565216,0.010869565217391325
84,21,55,0.5454545454545454,0.5454545454545454,0.12727272727272732
84,22,57,0.2982456140350877,0.2982456140350877,0.17543859649122806
84,23,46,0.021739130434782608,0.021739130434782608,0.17391304347826086
84,24,48,0.125,0.125,0.14583333333333331
84,25,81,0.32098765432098764,0.32098765432098764,0.1111111111111111
84,26,73,0.8356164383561644,-0.1643835616438356,0.1643835616438356
85,0,51,0.0,-0.19607843137254902,1.0
85,1,45,0.0,-0.6,0.6
85,2,51,0.0,0.0,0.23529411764705882
85,3,54,0.0,0.0,0.12962962962962962
85,4,49,0.0,-0.04081632653061224,0.2653061224489796
85,5,53,0.0,0.0,0.39622641509433965
85,6,52,0.0,-0.07692307692307693,0.07692307692307693
85,7,58,0.0,0.0,0.29310344827586204
85,8,62,0.0,-0.3387096774193548,0.3870967741935484
85,9,66,0.0,0.0,0.2878787878787879
85,10,71,0.0,-0.09859154929577464,0.23943661971830985
85,11,68,0.0,-0.3235294117647059,0.3235294117647059
85,12,54,0.0,0.0,0.2222222222222222
85,13,66,0.0,-0.45454545454545453,0.45454545454545453
85,14,60,0.0,-0.03333333333333333,0.2833333333333333
85,15,54,0.0,-0.018518518518518517,0.25925925925925924
85,16,71,0.0,-0.07042253521126761,0.1267605633802817
85,17,60,0.0,-0.16666666666666666,0.7
85,18,66,0.4696969696969697,0.4696969696969697,0.045454545454545414
85,19,52,0.6153846153846154,0.576923076923077,0.21153846153846145
85,20,92,0.1956521739130435,0.1956521739130435,0.0
85,21,55,0.6363636363636364,0.6363636363636364,0.036363636363636376
85,22,57,0.22807017543859648,0.22807017543859648,0.24561403508771928
85,23,46,0.08695652173913043,0.08695652173913043,0.10869565217391305
85,24,48,0.08333333333333333,0.08333333333333333,0.1875
85,25,81,0.3333333333333333,0.3333333333333333,0.09876543209876543
85,26,73,0.8082191780821918,-0.1917808219178082,0.1917808219178082
86,0,51,0.0,-0.19607843137254902,1.0
86,1,45,0.0,-0.6,0.6
86,2,51,0.0,0.0,0.23529411764705882
86,3,54,0.0,0.0,0.12962962962962962
86,4,49,0.0,-0.04081632653061224,0.2653061224489796
86,5,53,0.0,0.0,0.39622641509433965
86,6,52,0.0,-0.07692307692307693,0.07692307692307693
86,7,58,0.0,0.0,0.29310344827586204
86,8,62,0.0,-0.3387096774193548,0.3870967741935484
86,9,66,0.0,0.0,0.2878787878787879
86,10,71,0.014084507042253521,-0.08450704225352113,0.22535211267605632
86,11,68,0.0,-0.3235294117647059,0.3235294117647059
86,12,54,0.0,0.0,0.2222222222222222
86,13,66,0.0,-0.45454545454545453,0.45454545454545453
86,14,60,0.0,-0.03333333333333333,0.2833333333333333
86,15,54,0.0,-0.018518518518518517,0.25925925925925924
86,16,71,0.0,-0.07042253521126761,0.1267605633802817
86,17,60,0.0,-0.16666666666666666,0.7
86,18,66,0.2727272727272727,0.2727272727272727,0.24242424242424243
86,19,52,0.7115384615384616,0.6730769230769231,0.11538461538461531
86,20,92,0.17391304347826086,0.17391304347826086,0.021739130434782622
86,21,55,0.45454545454545453,0.45454545454545453,0.2181818181818182
86,22,57,0.3508771929824561,0.3508771929824561,0.12280701754385964
86,23,46,0.021739130434782608,0.021739130434782608,0.17391304347826086
86,24,48,0.08333333333333333,0.08333333333333333,0.1875
86,25,81,0.35802469135802467,0.35802469135802467,0.07407407407407407
86,26,73,0.7945205479452054,-0.20547945205479456,0.20547945205479456
87,0,51,0.0,-0.19607843137254902,1.0
87,1,45,0.0,-0.6,0.6
87,2,51,0.0,0.0,0.23529411764705882
87,3,54,0.0,0.0,0.12962962962962962
87,4,49,0.0,-0.04081632653061224,0.2653061224489796
87,5,53,0.0,0.0,0.39622641509433965
87,6,52,0.0,-0.07692307692307693,0.07692307692307693
87,7,58,0.0,0.0,0.29310344827586204
87,8,62,0.0,-0.3387096774193548,0.3870967741935484
87,9,66,0.0,0.0,0.2878787878787879
87,10,71,0.0,-0.09859154929577464,0.23943661971830985
87,11,68,0.0,-0.3235294117647059,0.3235294117647059
87,12,54,0.0,0.0,0.2222222222222222
87,13,66,0.0,-0.45454545454545453,0.45454545454545453
87,14,60,0.0,-0.03333333333333333,0.2833333333333333
87,15,54,0.0,-0.018518518518518517,0.25925925925925924
87,16,71,0.0,-0.07042253521126761,0.1267605633802817
87,17,60,0.0,-0.16666666666666666,0.7
87,18,66,0.30303030303030304,0.30303030303030304,0.2121212121212121
87,19,52,0.7307692307692307,0.6923076923076923,0.09615384615384615
87,20,92,0.1956521739130435,0.1956521739130435,0.0
87,21,55,0.36363636363636365,0.36363636363636365,0.3090909090909091
87,22,57,0.24561403508771928,0.24561403508771928,0.22807017543859648
87,23,46,0.08695652173913043,0.08695652173913043,0.10869565217391305
87,24,48,0.10416666666666667,0.10416666666666667,0.16666666666666663
87,25,81,0.4444444444444444,0.4444444444444444,0.0
87,26,73,0.7808219178082192,-0.2191780821917808,0.2191780821917808
88,0,51,0.0,-0.19607843137254902,1.0
88,1,45,0.0,-0.6,0.6
88,2,51,0.0,0.0,0.23529411764705882
88,3,54,0.0,0.0,0.12962962962962962
88,4,49,0.0,-0.04081632653061224,0.2653061224489796
88,5,53,0.0,0.0,0.39622641509433965
88,6,52,0.0,-0.07692307692307693,0.07692307692307693
88,7,58,0.0,0.0,0.29310344827586204
88,8,62,0.0,-0.3387096774193548,0.3870967741935484
88,9,66,0.0,0.0,0.2878787878787879
88,10,71,0.014084507042253521,-0.08450704225352113,0.22535211267605632
88,11,68,0.0,-0.3235294117647059,0.3235294117647059
88,12,54,0.0,0.0,0.2222222222222222
88,13,66,0.0,-0.45454545454545453,0.45454545454545453
88,14,60,0.0,-0.03333333333333333,0.2833333333333333
88,15,54,0.0,-0.018518518518518517,0.25925925925925924
88,16,71,0.0,-0.07042253521126761,0.1267605633802817
88,17,60,0.0,-0.16666666666666666,0.7
88,18,66,0.30303030303030304,0.30303030303030304,0.2121212121212121
88,19,52,0.6730769230769231,0.6346153846153847,0.15384615384615374
88,20,92,0.14130434782608695,0.14130434782608695,0.05434782608695654
88,21,55,0.4909090909090909,0.4909090909090909,0.18181818181818182
88,22,57,0.3157894736842105,0.3157894736842105,0.15789473684210525
88,23,46,0.021739130434782608,0.021739130434782608,0.17391304347826086
88,24,48,0.020833333333333332,0.020833333333333332,0.24999999999999997
88,25,81,0.37037037037037035,0.37037037037037035,0.07407407407407407
88,26,73,0.8356164383561644,-0.1643835616438356,0.1643835616438356
89,0,51,0.0,-0.19607843137254902,1.0
89,1,45,0.0,-0.6,0.6
89,2,51,0.0,0.0,0.23529411764705882
89,3,54,0.0,0.0,0.12962962962962962
89,4,49,0.0,-0.04081632653061224,0.2653061224489796
89,5,53,0.0,0.0,0.39622641509433965
89,6,52,0.0,-0.07692307692307693,0.07692307692307693
89,7,58,0.0,0.0,0.29310344827586204
89,8,62,0.0,-0.3387096774193548,0.3870967741935484
89,9,66,0.0,0.0,0.2878787878787879
89,10,71,0.0,-0.09859154929577464,0.23943661971830985
89,11,68,0.0,-0.3235294117647059,0.3235294117647059
89,12,54,0.0,0.0,0.2222222222222222
89,13,66,0.0,-0.45454545454545453,0.45454545454545453
89,14,60,0.0,-0.03333333333333333,0.2833333333333333
89,15,54,0.0,-0.018518518518518517,0.25925925925925924
89,16,71,0.0,-0.07042253521126761,0.1267605633802817
89,17,60,0.0,-0.16666666666666666,0.7
89,18,66,0.42424242424242425,0.42424242424242425,0.09090909090909088
89,19,52,0.7307692307692307,0.6923076923076923,0.09615384615384615
89,20,92,0.11956521739130435,0.11956521739130435,0.07608695652173914
89,21,55,0.7636363636363637,0.7636363636363637,0.0
89,22,57,0.15789473684210525,0.15789473684210525,0.3157894736842105
89,23,46,0.043478260869565216,0.043478260869565216,0.15217391304347827
89,24,48,0.16666666666666666,0.16666666666666666,0.10416666666666666
89,25,81,0.3950617283950617,0.3950617283950617,0.04938271604938271
89,26,73,0.8493150684931506,-0.15068493150684936,0.15068493150684936
90,0,51,0.0,-0.19607843137254902,1.0
90,1,45,0.0,-0.6,0.6
90,2,51,0.0,0.0,0.23529411764705882
90,3,54,0.0,0.0,0.12962962962962962
90,4,49,0.0,-0.04081632653061224,0.2653061224489796
90,5,53,0.0,0.0,0.39622641509433965
90,6,52,0.0,-0.07692307692307693,0.07692307692307693
90,7,58,0.0,0.0,0.29310344827586204
90,8,62,0.0,-0.3387096774193548,0.3870967741935484
90,9,66,0.0,0.0,0.2878787878787879
90,10,71,0.0,-0.09859154929577464,0.23943661971830985
90,11,68,0.0,-0.3235294117647059,0.3235294117647059
90,12,54,0.0,0.0,0.2222222222222222
90,13,66,0.0,-0.45454545454545453,0.45454545454545453
90,14,60,0.0,-0.03333333333333333,0.2833333333333333
90,15,54,0.0,-0.018518518518518517,0.25925925925925924
90,16,71,0.0,-0.07042253521126761,0.1267605633802817
90,17,60,0.0,-0.16666666666666666,0.7
90,18,66,0.19696969696969696,0.19696969696969696,0.3181818181818182
90,19,52,0.7884615384615384,0.75,0.038461538461538436
90,20,92,0.14130434782608695,0.14130434782608695,0.05434782608695654
90,21,55,0.4909090909090909,0.4909090909090909,0.27272727272727276
90,22,57,0.24561403508771928,0.24561403508771928,0.22807017543859648
90,23,46,0.06521739130434782,0.06521739130434782,0.13043478260869568
90,24,48,0.0625,0.0625,0.20833333333333331
90,25,81,0.3333333333333333,0.3333333333333333,0.1111111111111111
90,26,73,0.8082191780821918,-0.1917808219178082,0.1917808219178082
